route;date;hour;prediction
1;2025-11-01;0;8
1;2025-11-01;1;0
1;2025-11-01;2;0
1;2025-11-01;3;0
1;2025-11-01;4;0
1;2025-11-01;5;29
1;2025-11-01;6;159
1;2025-11-01;7;312
1;2025-11-01;8;418
1;2025-11-01;9;657
1;2025-11-01;10;752
1;2025-11-01;11;696
1;2025-11-01;12;857
1;2025-11-01;13;870
1;2025-11-01;14;803
1;2025-11-01;15;711
1;2025-11-01;16;662
1;2025-11-01;17;625
1;2025-11-01;18;572
1;2025-11-01;19;523
1;2025-11-01;20;392
1;2025-11-01;21;288
1;2025-11-01;22;138
1;2025-11-01;23;37
1;2025-11-02;0;2
1;2025-11-02;1;0
1;2025-11-02;2;0
1;2025-11-02;3;0
1;2025-11-02;4;0
1;2025-11-02;5;23
1;2025-11-02;6;126
1;2025-11-02;7;252
1;2025-11-02;8;349
1;2025-11-02;9;570
1;2025-11-02;10;666
1;2025-11-02;11;663
1;2025-11-02;12;789
1;2025-11-02;13;827
1;2025-11-02;14;729
1;2025-11-02;15;663
1;2025-11-02;16;614
1;2025-11-02;17;574
1;2025-11-02;18;531
1;2025-11-02;19;456
1;2025-11-02;20;355
1;2025-11-02;21;270
1;2025-11-02;22;115
1;2025-11-02;23;33
1;2025-11-03;0;0
1;2025-11-03;1;0
1;2025-11-03;2;0
1;2025-11-03;3;0
1;2025-11-03;4;0
1;2025-11-03;5;88
1;2025-11-03;6;546
1;2025-11-03;7;1425
1;2025-11-03;8;1826
1;2025-11-03;9;1394
1;2025-11-03;10;1235
1;2025-11-03;11;1266
1;2025-11-03;12;1303
1;2025-11-03;13;1306
1;2025-11-03;14;1254
1;2025-11-03;15;1400
1;2025-11-03;16;1446
1;2025-11-03;17;1714
1;2025-11-03;18;1812
1;2025-11-03;19;1407
1;2025-11-03;20;905
1;2025-11-03;21;489
1;2025-11-03;22;244
1;2025-11-03;23;43
1;2025-11-04;0;5
1;2025-11-04;1;0
1;2025-11-04;2;0
1;2025-11-04;3;0
1;2025-11-04;4;0
1;2025-11-04;5;91
1;2025-11-04;6;550
1;2025-11-04;7;1475
1;2025-11-04;8;1856
1;2025-11-04;9;1495
1;2025-11-04;10;1359
1;2025-11-04;11;1348
1;2025-11-04;12;1341
1;2025-11-04;13;1360
1;2025-11-04;14;1250
1;2025-11-04;15;1381
1;2025-11-04;16;1409
1;2025-11-04;17;1659
1;2025-11-04;18;1760
1;2025-11-04;19;1395
1;2025-11-04;20;922
1;2025-11-04;21;500
1;2025-11-04;22;252
1;2025-11-04;23;47
1;2025-11-05;0;5
1;2025-11-05;1;0
1;2025-11-05;2;0
1;2025-11-05;3;0
1;2025-11-05;4;0
1;2025-11-05;5;89
1;2025-11-05;6;534
1;2025-11-05;7;1396
1;2025-11-05;8;1853
1;2025-11-05;9;1448
1;2025-11-05;10;1302
1;2025-11-05;11;1315
1;2025-11-05;12;1330
1;2025-11-05;13;1375
1;2025-11-05;14;1280
1;2025-11-05;15;1403
1;2025-11-05;16;1413
1;2025-11-05;17;1679
1;2025-11-05;18;1763
1;2025-11-05;19;1370
1;2025-11-05;20;902
1;2025-11-05;21;495
1;2025-11-05;22;264
1;2025-11-05;23;47
1;2025-11-06;0;6
1;2025-11-06;1;0
1;2025-11-06;2;0
1;2025-11-06;3;0
1;2025-11-06;4;0
1;2025-11-06;5;84
1;2025-11-06;6;521
1;2025-11-06;7;1373
1;2025-11-06;8;1788
1;2025-11-06;9;1414
1;2025-11-06;10;1329
1;2025-11-06;11;1308
1;2025-11-06;12;1355
1;2025-11-06;13;1344
1;2025-11-06;14;1292
1;2025-11-06;15;1383
1;2025-11-06;16;1418
1;2025-11-06;17;1653
1;2025-11-06;18;1735
1;2025-11-06;19;1347
1;2025-11-06;20;893
1;2025-11-06;21;511
1;2025-11-06;22;259
1;2025-11-06;23;55
1;2025-11-07;0;6
1;2025-11-07;1;0
1;2025-11-07;2;0
1;2025-11-07;3;0
1;2025-11-07;4;0
1;2025-11-07;5;89
1;2025-11-07;6;508
1;2025-11-07;7;1383
1;2025-11-07;8;1761
1;2025-11-07;9;1388
1;2025-11-07;10;1281
1;2025-11-07;11;1337
1;2025-11-07;12;1327
1;2025-11-07;13;1360
1;2025-11-07;14;1283
1;2025-11-07;15;1430
1;2025-11-07;16;1493
1;2025-11-07;17;1647
1;2025-11-07;18;1504
1;2025-11-07;19;1171
1;2025-11-07;20;820
1;2025-11-07;21;514
1;2025-11-07;22;266
1;2025-11-07;23;62
1;2025-11-08;0;8
1;2025-11-08;1;0
1;2025-11-08;2;0
1;2025-11-08;3;0
1;2025-11-08;4;0
1;2025-11-08;5;29
1;2025-11-08;6;160
1;2025-11-08;7;312
1;2025-11-08;8;418
1;2025-11-08;9;658
1;2025-11-08;10;753
1;2025-11-08;11;697
1;2025-11-08;12;858
1;2025-11-08;13;872
1;2025-11-08;14;805
1;2025-11-08;15;713
1;2025-11-08;16;664
1;2025-11-08;17;626
1;2025-11-08;18;573
1;2025-11-08;19;524
1;2025-11-08;20;392
1;2025-11-08;21;289
1;2025-11-08;22;139
1;2025-11-08;23;37
1;2025-11-09;0;2
1;2025-11-09;1;0
1;2025-11-09;2;0
1;2025-11-09;3;0
1;2025-11-09;4;0
1;2025-11-09;5;23
1;2025-11-09;6;126
1;2025-11-09;7;252
1;2025-11-09;8;350
1;2025-11-09;9;570
1;2025-11-09;10;666
1;2025-11-09;11;664
1;2025-11-09;12;790
1;2025-11-09;13;828
1;2025-11-09;14;730
1;2025-11-09;15;664
1;2025-11-09;16;614
1;2025-11-09;17;574
1;2025-11-09;18;531
1;2025-11-09;19;457
1;2025-11-09;20;355
1;2025-11-09;21;271
1;2025-11-09;22;115
1;2025-11-09;23;33
1;2025-11-10;0;0
1;2025-11-10;1;0
1;2025-11-10;2;0
1;2025-11-10;3;0
1;2025-11-10;4;0
1;2025-11-10;5;88
1;2025-11-10;6;546
1;2025-11-10;7;1426
1;2025-11-10;8;1827
1;2025-11-10;9;1395
1;2025-11-10;10;1236
1;2025-11-10;11;1266
1;2025-11-10;12;1304
1;2025-11-10;13;1307
1;2025-11-10;14;1254
1;2025-11-10;15;1400
1;2025-11-10;16;1446
1;2025-11-10;17;1714
1;2025-11-10;18;1812
1;2025-11-10;19;1407
1;2025-11-10;20;906
1;2025-11-10;21;489
1;2025-11-10;22;244
1;2025-11-10;23;43
1;2025-11-11;0;5
1;2025-11-11;1;0
1;2025-11-11;2;0
1;2025-11-11;3;0
1;2025-11-11;4;0
1;2025-11-11;5;91
1;2025-11-11;6;551
1;2025-11-11;7;1477
1;2025-11-11;8;1859
1;2025-11-11;9;1496
1;2025-11-11;10;1361
1;2025-11-11;11;1350
1;2025-11-11;12;1342
1;2025-11-11;13;1362
1;2025-11-11;14;1251
1;2025-11-11;15;1382
1;2025-11-11;16;1411
1;2025-11-11;17;1661
1;2025-11-11;18;1762
1;2025-11-11;19;1396
1;2025-11-11;20;924
1;2025-11-11;21;500
1;2025-11-11;22;253
1;2025-11-11;23;48
1;2025-11-12;0;5
1;2025-11-12;1;0
1;2025-11-12;2;0
1;2025-11-12;3;0
1;2025-11-12;4;0
1;2025-11-12;5;90
1;2025-11-12;6;540
1;2025-11-12;7;1412
1;2025-11-12;8;1874
1;2025-11-12;9;1465
1;2025-11-12;10;1317
1;2025-11-12;11;1330
1;2025-11-12;12;1346
1;2025-11-12;13;1391
1;2025-11-12;14;1295
1;2025-11-12;15;1419
1;2025-11-12;16;1429
1;2025-11-12;17;1698
1;2025-11-12;18;1783
1;2025-11-12;19;1386
1;2025-11-12;20;912
1;2025-11-12;21;501
1;2025-11-12;22;267
1;2025-11-12;23;48
1;2025-11-13;0;6
1;2025-11-13;1;0
1;2025-11-13;2;0
1;2025-11-13;3;0
1;2025-11-13;4;0
1;2025-11-13;5;86
1;2025-11-13;6;530
1;2025-11-13;7;1396
1;2025-11-13;8;1818
1;2025-11-13;9;1437
1;2025-11-13;10;1351
1;2025-11-13;11;1329
1;2025-11-13;12;1377
1;2025-11-13;13;1366
1;2025-11-13;14;1313
1;2025-11-13;15;1406
1;2025-11-13;16;1442
1;2025-11-13;17;1680
1;2025-11-13;18;1764
1;2025-11-13;19;1369
1;2025-11-13;20;907
1;2025-11-13;21;519
1;2025-11-13;22;263
1;2025-11-13;23;56
1;2025-11-14;0;6
1;2025-11-14;1;0
1;2025-11-14;2;0
1;2025-11-14;3;0
1;2025-11-14;4;0
1;2025-11-14;5;91
1;2025-11-14;6;518
1;2025-11-14;7;1410
1;2025-11-14;8;1795
1;2025-11-14;9;1415
1;2025-11-14;10;1306
1;2025-11-14;11;1363
1;2025-11-14;12;1353
1;2025-11-14;13;1386
1;2025-11-14;14;1308
1;2025-11-14;15;1458
1;2025-11-14;16;1522
1;2025-11-14;17;1679
1;2025-11-14;18;1533
1;2025-11-14;19;1193
1;2025-11-14;20;836
1;2025-11-14;21;524
1;2025-11-14;22;271
1;2025-11-14;23;63
1;2025-11-15;0;8
1;2025-11-15;1;0
1;2025-11-15;2;0
1;2025-11-15;3;0
1;2025-11-15;4;0
1;2025-11-15;5;30
1;2025-11-15;6;163
1;2025-11-15;7;319
1;2025-11-15;8;428
1;2025-11-15;9;673
1;2025-11-15;10;770
1;2025-11-15;11;713
1;2025-11-15;12;877
1;2025-11-15;13;891
1;2025-11-15;14;823
1;2025-11-15;15;728
1;2025-11-15;16;678
1;2025-11-15;17;640
1;2025-11-15;18;586
1;2025-11-15;19;535
1;2025-11-15;20;401
1;2025-11-15;21;295
1;2025-11-15;22;142
1;2025-11-15;23;37
1;2025-11-16;0;2
1;2025-11-16;1;0
1;2025-11-16;2;0
1;2025-11-16;3;0
1;2025-11-16;4;0
1;2025-11-16;5;24
1;2025-11-16;6;127
1;2025-11-16;7;255
1;2025-11-16;8;353
1;2025-11-16;9;576
1;2025-11-16;10;673
1;2025-11-16;11;670
1;2025-11-16;12;798
1;2025-11-16;13;836
1;2025-11-16;14;737
1;2025-11-16;15;670
1;2025-11-16;16;620
1;2025-11-16;17;580
1;2025-11-16;18;537
1;2025-11-16;19;461
1;2025-11-16;20;359
1;2025-11-16;21;273
1;2025-11-16;22;116
1;2025-11-16;23;33
1;2025-11-17;0;0
1;2025-11-17;1;0
1;2025-11-17;2;0
1;2025-11-17;3;0
1;2025-11-17;4;0
1;2025-11-17;5;90
1;2025-11-17;6;560
1;2025-11-17;7;1462
1;2025-11-17;8;1872
1;2025-11-17;9;1430
1;2025-11-17;10;1266
1;2025-11-17;11;1298
1;2025-11-17;12;1336
1;2025-11-17;13;1339
1;2025-11-17;14;1286
1;2025-11-17;15;1435
1;2025-11-17;16;1482
1;2025-11-17;17;1757
1;2025-11-17;18;1858
1;2025-11-17;19;1442
1;2025-11-17;20;928
1;2025-11-17;21;502
1;2025-11-17;22;250
1;2025-11-17;23;44
1;2025-11-18;0;5
1;2025-11-18;1;0
1;2025-11-18;2;0
1;2025-11-18;3;0
1;2025-11-18;4;0
1;2025-11-18;5;93
1;2025-11-18;6;563
1;2025-11-18;7;1509
1;2025-11-18;8;1899
1;2025-11-18;9;1529
1;2025-11-18;10;1390
1;2025-11-18;11;1379
1;2025-11-18;12;1372
1;2025-11-18;13;1391
1;2025-11-18;14;1278
1;2025-11-18;15;1412
1;2025-11-18;16;1441
1;2025-11-18;17;1697
1;2025-11-18;18;1800
1;2025-11-18;19;1427
1;2025-11-18;20;944
1;2025-11-18;21;511
1;2025-11-18;22;258
1;2025-11-18;23;49
1;2025-11-19;0;5
1;2025-11-19;1;0
1;2025-11-19;2;0
1;2025-11-19;3;0
1;2025-11-19;4;0
1;2025-11-19;5;92
1;2025-11-19;6;549
1;2025-11-19;7;1434
1;2025-11-19;8;1904
1;2025-11-19;9;1488
1;2025-11-19;10;1338
1;2025-11-19;11;1351
1;2025-11-19;12;1367
1;2025-11-19;13;1413
1;2025-11-19;14;1315
1;2025-11-19;15;1441
1;2025-11-19;16;1451
1;2025-11-19;17;1725
1;2025-11-19;18;1811
1;2025-11-19;19;1408
1;2025-11-19;20;927
1;2025-11-19;21;509
1;2025-11-19;22;271
1;2025-11-19;23;48
1;2025-11-20;0;7
1;2025-11-20;1;0
1;2025-11-20;2;0
1;2025-11-20;3;0
1;2025-11-20;4;0
1;2025-11-20;5;88
1;2025-11-20;6;542
1;2025-11-20;7;1429
1;2025-11-20;8;1861
1;2025-11-20;9;1471
1;2025-11-20;10;1383
1;2025-11-20;11;1361
1;2025-11-20;12;1409
1;2025-11-20;13;1398
1;2025-11-20;14;1344
1;2025-11-20;15;1439
1;2025-11-20;16;1475
1;2025-11-20;17;1719
1;2025-11-20;18;1805
1;2025-11-20;19;1401
1;2025-11-20;20;929
1;2025-11-20;21;531
1;2025-11-20;22;269
1;2025-11-20;23;57
1;2025-11-21;0;6
1;2025-11-21;1;0
1;2025-11-21;2;0
1;2025-11-21;3;0
1;2025-11-21;4;0
1;2025-11-21;5;93
1;2025-11-21;6;528
1;2025-11-21;7;1439
1;2025-11-21;8;1832
1;2025-11-21;9;1444
1;2025-11-21;10;1333
1;2025-11-21;11;1391
1;2025-11-21;12;1381
1;2025-11-21;13;1415
1;2025-11-21;14;1335
1;2025-11-21;15;1488
1;2025-11-21;16;1554
1;2025-11-21;17;1714
1;2025-11-21;18;1565
1;2025-11-21;19;1218
1;2025-11-21;20;853
1;2025-11-21;21;535
1;2025-11-21;22;276
1;2025-11-21;23;64
1;2025-11-22;0;9
1;2025-11-22;1;0
1;2025-11-22;2;0
1;2025-11-22;3;0
1;2025-11-22;4;0
1;2025-11-22;5;33
1;2025-11-22;6;178
1;2025-11-22;7;348
1;2025-11-22;8;466
1;2025-11-22;9;733
1;2025-11-22;10;839
1;2025-11-22;11;777
1;2025-11-22;12;956
1;2025-11-22;13;971
1;2025-11-22;14;896
1;2025-11-22;15;794
1;2025-11-22;16;739
1;2025-11-22;17;697
1;2025-11-22;18;638
1;2025-11-22;19;583
1;2025-11-22;20;437
1;2025-11-22;21;322
1;2025-11-22;22;154
1;2025-11-22;23;41
1;2025-11-23;0;3
1;2025-11-23;1;0
1;2025-11-23;2;0
1;2025-11-23;3;0
1;2025-11-23;4;0
1;2025-11-23;5;25
1;2025-11-23;6;133
1;2025-11-23;7;266
1;2025-11-23;8;369
1;2025-11-23;9;602
1;2025-11-23;10;703
1;2025-11-23;11;700
1;2025-11-23;12;834
1;2025-11-23;13;874
1;2025-11-23;14;770
1;2025-11-23;15;701
1;2025-11-23;16;648
1;2025-11-23;17;606
1;2025-11-23;18;561
1;2025-11-23;19;482
1;2025-11-23;20;375
1;2025-11-23;21;286
1;2025-11-23;22;121
1;2025-11-23;23;35
1;2025-11-24;0;0
1;2025-11-24;1;0
1;2025-11-24;2;0
1;2025-11-24;3;0
1;2025-11-24;4;0
1;2025-11-24;5;90
1;2025-11-24;6;558
1;2025-11-24;7;1457
1;2025-11-24;8;1867
1;2025-11-24;9;1425
1;2025-11-24;10;1263
1;2025-11-24;11;1294
1;2025-11-24;12;1332
1;2025-11-24;13;1335
1;2025-11-24;14;1282
1;2025-11-24;15;1431
1;2025-11-24;16;1478
1;2025-11-24;17;1752
1;2025-11-24;18;1852
1;2025-11-24;19;1438
1;2025-11-24;20;926
1;2025-11-24;21;500
1;2025-11-24;22;249
1;2025-11-24;23;44
1;2025-11-25;0;5
1;2025-11-25;1;0
1;2025-11-25;2;0
1;2025-11-25;3;0
1;2025-11-25;4;0
1;2025-11-25;5;93
1;2025-11-25;6;563
1;2025-11-25;7;1510
1;2025-11-25;8;1900
1;2025-11-25;9;1530
1;2025-11-25;10;1391
1;2025-11-25;11;1380
1;2025-11-25;12;1372
1;2025-11-25;13;1392
1;2025-11-25;14;1279
1;2025-11-25;15;1413
1;2025-11-25;16;1442
1;2025-11-25;17;1698
1;2025-11-25;18;1801
1;2025-11-25;19;1427
1;2025-11-25;20;944
1;2025-11-25;21;512
1;2025-11-25;22;258
1;2025-11-25;23;49
1;2025-11-26;0;6
1;2025-11-26;1;0
1;2025-11-26;2;0
1;2025-11-26;3;0
1;2025-11-26;4;0
1;2025-11-26;5;92
1;2025-11-26;6;553
1;2025-11-26;7;1445
1;2025-11-26;8;1918
1;2025-11-26;9;1499
1;2025-11-26;10;1348
1;2025-11-26;11;1361
1;2025-11-26;12;1377
1;2025-11-26;13;1424
1;2025-11-26;14;1325
1;2025-11-26;15;1452
1;2025-11-26;16;1462
1;2025-11-26;17;1738
1;2025-11-26;18;1825
1;2025-11-26;19;1419
1;2025-11-26;20;934
1;2025-11-26;21;513
1;2025-11-26;22;273
1;2025-11-26;23;49
1;2025-11-27;0;7
1;2025-11-27;1;0
1;2025-11-27;2;0
1;2025-11-27;3;0
1;2025-11-27;4;0
1;2025-11-27;5;87
1;2025-11-27;6;539
1;2025-11-27;7;1420
1;2025-11-27;8;1849
1;2025-11-27;9;1461
1;2025-11-27;10;1374
1;2025-11-27;11;1352
1;2025-11-27;12;1401
1;2025-11-27;13;1390
1;2025-11-27;14;1336
1;2025-11-27;15;1430
1;2025-11-27;16;1466
1;2025-11-27;17;1709
1;2025-11-27;18;1794
1;2025-11-27;19;1392
1;2025-11-27;20;923
1;2025-11-27;21;528
1;2025-11-27;22;267
1;2025-11-27;23;57
1;2025-11-28;0;6
1;2025-11-28;1;0
1;2025-11-28;2;0
1;2025-11-28;3;0
1;2025-11-28;4;0
1;2025-11-28;5;92
1;2025-11-28;6;523
1;2025-11-28;7;1424
1;2025-11-28;8;1812
1;2025-11-28;9;1429
1;2025-11-28;10;1319
1;2025-11-28;11;1376
1;2025-11-28;12;1366
1;2025-11-28;13;1400
1;2025-11-28;14;1321
1;2025-11-28;15;1472
1;2025-11-28;16;1537
1;2025-11-28;17;1696
1;2025-11-28;18;1548
1;2025-11-28;19;1205
1;2025-11-28;20;844
1;2025-11-28;21;530
1;2025-11-28;22;273
1;2025-11-28;23;64
1;2025-11-29;0;9
1;2025-11-29;1;0
1;2025-11-29;2;0
1;2025-11-29;3;0
1;2025-11-29;4;0
1;2025-11-29;5;33
1;2025-11-29;6;179
1;2025-11-29;7;351
1;2025-11-29;8;470
1;2025-11-29;9;739
1;2025-11-29;10;845
1;2025-11-29;11;783
1;2025-11-29;12;963
1;2025-11-29;13;978
1;2025-11-29;14;903
1;2025-11-29;15;800
1;2025-11-29;16;745
1;2025-11-29;17;703
1;2025-11-29;18;643
1;2025-11-29;19;588
1;2025-11-29;20;440
1;2025-11-29;21;324
1;2025-11-29;22;156
1;2025-11-29;23;41
1;2025-11-30;0;3
1;2025-11-30;1;0
1;2025-11-30;2;0
1;2025-11-30;3;0
1;2025-11-30;4;0
1;2025-11-30;5;25
1;2025-11-30;6;132
1;2025-11-30;7;265
1;2025-11-30;8;368
1;2025-11-30;9;600
1;2025-11-30;10;701
1;2025-11-30;11;698
1;2025-11-30;12;831
1;2025-11-30;13;871
1;2025-11-30;14;768
1;2025-11-30;15;699
1;2025-11-30;16;646
1;2025-11-30;17;604
1;2025-11-30;18;559
1;2025-11-30;19;480
1;2025-11-30;20;374
1;2025-11-30;21;285
1;2025-11-30;22;121
1;2025-11-30;23;35
1;2025-12-01;0;0
1;2025-12-01;1;0
1;2025-12-01;2;0
1;2025-12-01;3;0
1;2025-12-01;4;0
1;2025-12-01;5;89
1;2025-12-01;6;552
1;2025-12-01;7;1440
1;2025-12-01;8;1845
1;2025-12-01;9;1409
1;2025-12-01;10;1248
1;2025-12-01;11;1279
1;2025-12-01;12;1317
1;2025-12-01;13;1320
1;2025-12-01;14;1267
1;2025-12-01;15;1414
1;2025-12-01;16;1460
1;2025-12-01;17;1731
1;2025-12-01;18;1830
1;2025-12-01;19;1421
1;2025-12-01;20;915
1;2025-12-01;21;494
1;2025-12-01;22;247
1;2025-12-01;23;43
1;2025-12-02;0;5
1;2025-12-02;1;0
1;2025-12-02;2;0
1;2025-12-02;3;0
1;2025-12-02;4;0
1;2025-12-02;5;92
1;2025-12-02;6;559
1;2025-12-02;7;1498
1;2025-12-02;8;1885
1;2025-12-02;9;1518
1;2025-12-02;10;1380
1;2025-12-02;11;1369
1;2025-12-02;12;1361
1;2025-12-02;13;1381
1;2025-12-02;14;1269
1;2025-12-02;15;1402
1;2025-12-02;16;1431
1;2025-12-02;17;1684
1;2025-12-02;18;1787
1;2025-12-02;19;1416
1;2025-12-02;20;937
1;2025-12-02;21;508
1;2025-12-02;22;256
1;2025-12-02;23;48
1;2025-12-03;0;5
1;2025-12-03;1;0
1;2025-12-03;2;0
1;2025-12-03;3;0
1;2025-12-03;4;0
1;2025-12-03;5;90
1;2025-12-03;6;542
1;2025-12-03;7;1416
1;2025-12-03;8;1879
1;2025-12-03;9;1469
1;2025-12-03;10;1320
1;2025-12-03;11;1333
1;2025-12-03;12;1349
1;2025-12-03;13;1394
1;2025-12-03;14;1298
1;2025-12-03;15;1423
1;2025-12-03;16;1433
1;2025-12-03;17;1703
1;2025-12-03;18;1788
1;2025-12-03;19;1390
1;2025-12-03;20;915
1;2025-12-03;21;502
1;2025-12-03;22;267
1;2025-12-03;23;48
1;2025-12-04;0;6
1;2025-12-04;1;0
1;2025-12-04;2;0
1;2025-12-04;3;0
1;2025-12-04;4;0
1;2025-12-04;5;86
1;2025-12-04;6;531
1;2025-12-04;7;1398
1;2025-12-04;8;1821
1;2025-12-04;9;1440
1;2025-12-04;10;1354
1;2025-12-04;11;1332
1;2025-12-04;12;1380
1;2025-12-04;13;1369
1;2025-12-04;14;1316
1;2025-12-04;15;1408
1;2025-12-04;16;1444
1;2025-12-04;17;1683
1;2025-12-04;18;1767
1;2025-12-04;19;1372
1;2025-12-04;20;909
1;2025-12-04;21;520
1;2025-12-04;22;263
1;2025-12-04;23;56
1;2025-12-05;0;6
1;2025-12-05;1;0
1;2025-12-05;2;0
1;2025-12-05;3;0
1;2025-12-05;4;0
1;2025-12-05;5;92
1;2025-12-05;6;523
1;2025-12-05;7;1425
1;2025-12-05;8;1814
1;2025-12-05;9;1430
1;2025-12-05;10;1320
1;2025-12-05;11;1377
1;2025-12-05;12;1367
1;2025-12-05;13;1401
1;2025-12-05;14;1322
1;2025-12-05;15;1473
1;2025-12-05;16;1538
1;2025-12-05;17;1697
1;2025-12-05;18;1549
1;2025-12-05;19;1206
1;2025-12-05;20;845
1;2025-12-05;21;530
1;2025-12-05;22;274
1;2025-12-05;23;64
1;2025-12-06;0;9
1;2025-12-06;1;0
1;2025-12-06;2;0
1;2025-12-06;3;0
1;2025-12-06;4;0
1;2025-12-06;5;33
1;2025-12-06;6;177
1;2025-12-06;7;346
1;2025-12-06;8;464
1;2025-12-06;9;730
1;2025-12-06;10;835
1;2025-12-06;11;773
1;2025-12-06;12;951
1;2025-12-06;13;966
1;2025-12-06;14;892
1;2025-12-06;15;790
1;2025-12-06;16;735
1;2025-12-06;17;694
1;2025-12-06;18;635
1;2025-12-06;19;580
1;2025-12-06;20;435
1;2025-12-06;21;320
1;2025-12-06;22;154
1;2025-12-06;23;41
1;2025-12-07;0;3
1;2025-12-07;1;0
1;2025-12-07;2;0
1;2025-12-07;3;0
1;2025-12-07;4;0
1;2025-12-07;5;24
1;2025-12-07;6;131
1;2025-12-07;7;263
1;2025-12-07;8;364
1;2025-12-07;9;594
1;2025-12-07;10;694
1;2025-12-07;11;692
1;2025-12-07;12;823
1;2025-12-07;13;863
1;2025-12-07;14;761
1;2025-12-07;15;692
1;2025-12-07;16;640
1;2025-12-07;17;599
1;2025-12-07;18;554
1;2025-12-07;19;476
1;2025-12-07;20;370
1;2025-12-07;21;282
1;2025-12-07;22;120
1;2025-12-07;23;34
1;2025-12-08;0;0
1;2025-12-08;1;0
1;2025-12-08;2;0
1;2025-12-08;3;0
1;2025-12-08;4;0
1;2025-12-08;5;87
1;2025-12-08;6;539
1;2025-12-08;7;1406
1;2025-12-08;8;1802
1;2025-12-08;9;1376
1;2025-12-08;10;1219
1;2025-12-08;11;1249
1;2025-12-08;12;1286
1;2025-12-08;13;1289
1;2025-12-08;14;1237
1;2025-12-08;15;1381
1;2025-12-08;16;1426
1;2025-12-08;17;1691
1;2025-12-08;18;1788
1;2025-12-08;19;1388
1;2025-12-08;20;893
1;2025-12-08;21;483
1;2025-12-08;22;241
1;2025-12-08;23;42
1;2025-12-09;0;5
1;2025-12-09;1;0
1;2025-12-09;2;0
1;2025-12-09;3;0
1;2025-12-09;4;0
1;2025-12-09;5;90
1;2025-12-09;6;547
1;2025-12-09;7;1466
1;2025-12-09;8;1845
1;2025-12-09;9;1486
1;2025-12-09;10;1351
1;2025-12-09;11;1340
1;2025-12-09;12;1333
1;2025-12-09;13;1352
1;2025-12-09;14;1242
1;2025-12-09;15;1372
1;2025-12-09;16;1400
1;2025-12-09;17;1649
1;2025-12-09;18;1749
1;2025-12-09;19;1386
1;2025-12-09;20;917
1;2025-12-09;21;497
1;2025-12-09;22;251
1;2025-12-09;23;47
1;2025-12-10;0;5
1;2025-12-10;1;0
1;2025-12-10;2;0
1;2025-12-10;3;0
1;2025-12-10;4;0
1;2025-12-10;5;90
1;2025-12-10;6;539
1;2025-12-10;7;1409
1;2025-12-10;8;1870
1;2025-12-10;9;1462
1;2025-12-10;10;1314
1;2025-12-10;11;1327
1;2025-12-10;12;1343
1;2025-12-10;13;1388
1;2025-12-10;14;1292
1;2025-12-10;15;1416
1;2025-12-10;16;1426
1;2025-12-10;17;1695
1;2025-12-10;18;1779
1;2025-12-10;19;1383
1;2025-12-10;20;910
1;2025-12-10;21;500
1;2025-12-10;22;266
1;2025-12-10;23;48
1;2025-12-11;0;6
1;2025-12-11;1;0
1;2025-12-11;2;0
1;2025-12-11;3;0
1;2025-12-11;4;0
1;2025-12-11;5;85
1;2025-12-11;6;523
1;2025-12-11;7;1379
1;2025-12-11;8;1795
1;2025-12-11;9;1419
1;2025-12-11;10;1335
1;2025-12-11;11;1313
1;2025-12-11;12;1360
1;2025-12-11;13;1349
1;2025-12-11;14;1297
1;2025-12-11;15;1388
1;2025-12-11;16;1424
1;2025-12-11;17;1659
1;2025-12-11;18;1742
1;2025-12-11;19;1352
1;2025-12-11;20;896
1;2025-12-11;21;513
1;2025-12-11;22;260
1;2025-12-11;23;55
1;2025-12-12;0;6
1;2025-12-12;1;0
1;2025-12-12;2;0
1;2025-12-12;3;0
1;2025-12-12;4;0
1;2025-12-12;5;89
1;2025-12-12;6;507
1;2025-12-12;7;1381
1;2025-12-12;8;1758
1;2025-12-12;9;1386
1;2025-12-12;10;1279
1;2025-12-12;11;1334
1;2025-12-12;12;1325
1;2025-12-12;13;1357
1;2025-12-12;14;1281
1;2025-12-12;15;1428
1;2025-12-12;16;1491
1;2025-12-12;17;1644
1;2025-12-12;18;1501
1;2025-12-12;19;1169
1;2025-12-12;20;819
1;2025-12-12;21;514
1;2025-12-12;22;265
1;2025-12-12;23;62
1;2025-12-13;0;8
1;2025-12-13;1;0
1;2025-12-13;2;0
1;2025-12-13;3;0
1;2025-12-13;4;0
1;2025-12-13;5;32
1;2025-12-13;6;172
1;2025-12-13;7;336
1;2025-12-13;8;450
1;2025-12-13;9;709
1;2025-12-13;10;810
1;2025-12-13;11;751
1;2025-12-13;12;923
1;2025-12-13;13;938
1;2025-12-13;14;866
1;2025-12-13;15;767
1;2025-12-13;16;714
1;2025-12-13;17;674
1;2025-12-13;18;617
1;2025-12-13;19;564
1;2025-12-13;20;422
1;2025-12-13;21;311
1;2025-12-13;22;149
1;2025-12-13;23;39
1;2025-12-14;0;3
1;2025-12-14;1;0
1;2025-12-14;2;0
1;2025-12-14;3;0
1;2025-12-14;4;0
1;2025-12-14;5;24
1;2025-12-14;6;130
1;2025-12-14;7;261
1;2025-12-14;8;362
1;2025-12-14;9;590
1;2025-12-14;10;689
1;2025-12-14;11;687
1;2025-12-14;12;817
1;2025-12-14;13;857
1;2025-12-14;14;756
1;2025-12-14;15;687
1;2025-12-14;16;636
1;2025-12-14;17;594
1;2025-12-14;18;550
1;2025-12-14;19;473
1;2025-12-14;20;368
1;2025-12-14;21;280
1;2025-12-14;22;119
1;2025-12-14;23;34
1;2025-12-15;0;0
1;2025-12-15;1;0
1;2025-12-15;2;0
1;2025-12-15;3;0
1;2025-12-15;4;0
1;2025-12-15;5;85
1;2025-12-15;6;527
1;2025-12-15;7;1375
1;2025-12-15;8;1761
1;2025-12-15;9;1345
1;2025-12-15;10;1191
1;2025-12-15;11;1220
1;2025-12-15;12;1257
1;2025-12-15;13;1260
1;2025-12-15;14;1209
1;2025-12-15;15;1350
1;2025-12-15;16;1394
1;2025-12-15;17;1652
1;2025-12-15;18;1747
1;2025-12-15;19;1356
1;2025-12-15;20;873
1;2025-12-15;21;472
1;2025-12-15;22;235
1;2025-12-15;23;41
1;2025-12-16;0;4
1;2025-12-16;1;0
1;2025-12-16;2;0
1;2025-12-16;3;0
1;2025-12-16;4;0
1;2025-12-16;5;88
1;2025-12-16;6;532
1;2025-12-16;7;1425
1;2025-12-16;8;1794
1;2025-12-16;9;1444
1;2025-12-16;10;1313
1;2025-12-16;11;1302
1;2025-12-16;12;1296
1;2025-12-16;13;1314
1;2025-12-16;14;1208
1;2025-12-16;15;1334
1;2025-12-16;16;1361
1;2025-12-16;17;1603
1;2025-12-16;18;1700
1;2025-12-16;19;1348
1;2025-12-16;20;891
1;2025-12-16;21;483
1;2025-12-16;22;244
1;2025-12-16;23;46
1;2025-12-17;0;5
1;2025-12-17;1;0
1;2025-12-17;2;0
1;2025-12-17;3;0
1;2025-12-17;4;0
1;2025-12-17;5;87
1;2025-12-17;6;520
1;2025-12-17;7;1360
1;2025-12-17;8;1805
1;2025-12-17;9;1411
1;2025-12-17;10;1268
1;2025-12-17;11;1281
1;2025-12-17;12;1296
1;2025-12-17;13;1340
1;2025-12-17;14;1247
1;2025-12-17;15;1367
1;2025-12-17;16;1376
1;2025-12-17;17;1636
1;2025-12-17;18;1717
1;2025-12-17;19;1335
1;2025-12-17;20;879
1;2025-12-17;21;483
1;2025-12-17;22;257
1;2025-12-17;23;46
1;2025-12-18;0;6
1;2025-12-18;1;0
1;2025-12-18;2;0
1;2025-12-18;3;0
1;2025-12-18;4;0
1;2025-12-18;5;82
1;2025-12-18;6;508
1;2025-12-18;7;1338
1;2025-12-18;8;1742
1;2025-12-18;9;1377
1;2025-12-18;10;1295
1;2025-12-18;11;1274
1;2025-12-18;12;1320
1;2025-12-18;13;1310
1;2025-12-18;14;1259
1;2025-12-18;15;1347
1;2025-12-18;16;1382
1;2025-12-18;17;1610
1;2025-12-18;18;1691
1;2025-12-18;19;1312
1;2025-12-18;20;870
1;2025-12-18;21;498
1;2025-12-18;22;252
1;2025-12-18;23;53
1;2025-12-19;0;6
1;2025-12-19;1;0
1;2025-12-19;2;0
1;2025-12-19;3;0
1;2025-12-19;4;0
1;2025-12-19;5;84
1;2025-12-19;6;481
1;2025-12-19;7;1311
1;2025-12-19;8;1669
1;2025-12-19;9;1316
1;2025-12-19;10;1214
1;2025-12-19;11;1267
1;2025-12-19;12;1258
1;2025-12-19;13;1289
1;2025-12-19;14;1216
1;2025-12-19;15;1356
1;2025-12-19;16;1416
1;2025-12-19;17;1561
1;2025-12-19;18;1426
1;2025-12-19;19;1110
1;2025-12-19;20;777
1;2025-12-19;21;488
1;2025-12-19;22;252
1;2025-12-19;23;59
1;2025-12-20;0;7
1;2025-12-20;1;0
1;2025-12-20;2;0
1;2025-12-20;3;0
1;2025-12-20;4;0
1;2025-12-20;5;26
1;2025-12-20;6;142
1;2025-12-20;7;277
1;2025-12-20;8;371
1;2025-12-20;9;584
1;2025-12-20;10;668
1;2025-12-20;11;618
1;2025-12-20;12;761
1;2025-12-20;13;773
1;2025-12-20;14;714
1;2025-12-20;15;632
1;2025-12-20;16;588
1;2025-12-20;17;555
1;2025-12-20;18;508
1;2025-12-20;19;464
1;2025-12-20;20;348
1;2025-12-20;21;256
1;2025-12-20;22;123
1;2025-12-20;23;32
1;2025-12-21;0;2
1;2025-12-21;1;0
1;2025-12-21;2;0
1;2025-12-21;3;0
1;2025-12-21;4;0
1;2025-12-21;5;22
1;2025-12-21;6;119
1;2025-12-21;7;239
1;2025-12-21;8;330
1;2025-12-21;9;539
1;2025-12-21;10;630
1;2025-12-21;11;628
1;2025-12-21;12;747
1;2025-12-21;13;783
1;2025-12-21;14;690
1;2025-12-21;15;628
1;2025-12-21;16;581
1;2025-12-21;17;543
1;2025-12-21;18;502
1;2025-12-21;19;432
1;2025-12-21;20;336
1;2025-12-21;21;256
1;2025-12-21;22;109
1;2025-12-21;23;31
1;2025-12-22;0;0
1;2025-12-22;1;0
1;2025-12-22;2;0
1;2025-12-22;3;0
1;2025-12-22;4;0
1;2025-12-22;5;83
1;2025-12-22;6;516
1;2025-12-22;7;1346
1;2025-12-22;8;1725
1;2025-12-22;9;1317
1;2025-12-22;10;1166
1;2025-12-22;11;1195
1;2025-12-22;12;1231
1;2025-12-22;13;1234
1;2025-12-22;14;1184
1;2025-12-22;15;1322
1;2025-12-22;16;1365
1;2025-12-22;17;1618
1;2025-12-22;18;1711
1;2025-12-22;19;1328
1;2025-12-22;20;855
1;2025-12-22;21;462
1;2025-12-22;22;230
1;2025-12-22;23;40
1;2025-12-23;0;4
1;2025-12-23;1;0
1;2025-12-23;2;0
1;2025-12-23;3;0
1;2025-12-23;4;0
1;2025-12-23;5;88
1;2025-12-23;6;533
1;2025-12-23;7;1428
1;2025-12-23;8;1797
1;2025-12-23;9;1447
1;2025-12-23;10;1316
1;2025-12-23;11;1305
1;2025-12-23;12;1298
1;2025-12-23;13;1317
1;2025-12-23;14;1210
1;2025-12-23;15;1337
1;2025-12-23;16;1364
1;2025-12-23;17;1606
1;2025-12-23;18;1704
1;2025-12-23;19;1350
1;2025-12-23;20;893
1;2025-12-23;21;484
1;2025-12-23;22;244
1;2025-12-23;23;46
1;2025-12-24;0;5
1;2025-12-24;1;0
1;2025-12-24;2;0
1;2025-12-24;3;0
1;2025-12-24;4;0
1;2025-12-24;5;80
1;2025-12-24;6;481
1;2025-12-24;7;1256
1;2025-12-24;8;1668
1;2025-12-24;9;1304
1;2025-12-24;10;1172
1;2025-12-24;11;1183
1;2025-12-24;12;1197
1;2025-12-24;13;1237
1;2025-12-24;14;1152
1;2025-12-24;15;1262
1;2025-12-24;16;1271
1;2025-12-24;17;1511
1;2025-12-24;18;1586
1;2025-12-24;19;1233
1;2025-12-24;20;812
1;2025-12-24;21;446
1;2025-12-24;22;237
1;2025-12-24;23;42
1;2025-12-25;0;4
1;2025-12-25;1;0
1;2025-12-25;2;0
1;2025-12-25;3;0
1;2025-12-25;4;0
1;2025-12-25;5;56
1;2025-12-25;6;344
1;2025-12-25;7;906
1;2025-12-25;8;1180
1;2025-12-25;9;933
1;2025-12-25;10;877
1;2025-12-25;11;863
1;2025-12-25;12;894
1;2025-12-25;13;887
1;2025-12-25;14;852
1;2025-12-25;15;912
1;2025-12-25;16;936
1;2025-12-25;17;1090
1;2025-12-25;18;1145
1;2025-12-25;19;889
1;2025-12-25;20;589
1;2025-12-25;21;337
1;2025-12-25;22;171
1;2025-12-25;23;36
1;2025-12-26;0;4
1;2025-12-26;1;0
1;2025-12-26;2;0
1;2025-12-26;3;0
1;2025-12-26;4;0
1;2025-12-26;5;54
1;2025-12-26;6;310
1;2025-12-26;7;845
1;2025-12-26;8;1076
1;2025-12-26;9;848
1;2025-12-26;10;783
1;2025-12-26;11;817
1;2025-12-26;12;811
1;2025-12-26;13;831
1;2025-12-26;14;784
1;2025-12-26;15;874
1;2025-12-26;16;913
1;2025-12-26;17;1007
1;2025-12-26;18;919
1;2025-12-26;19;715
1;2025-12-26;20;501
1;2025-12-26;21;314
1;2025-12-26;22;162
1;2025-12-26;23;38
1;2025-12-27;0;6
1;2025-12-27;1;0
1;2025-12-27;2;0
1;2025-12-27;3;0
1;2025-12-27;4;0
1;2025-12-27;5;25
1;2025-12-27;6;133
1;2025-12-27;7;260
1;2025-12-27;8;348
1;2025-12-27;9;548
1;2025-12-27;10;627
1;2025-12-27;11;581
1;2025-12-27;12;715
1;2025-12-27;13;726
1;2025-12-27;14;670
1;2025-12-27;15;593
1;2025-12-27;16;553
1;2025-12-27;17;521
1;2025-12-27;18;477
1;2025-12-27;19;436
1;2025-12-27;20;327
1;2025-12-27;21;241
1;2025-12-27;22;115
1;2025-12-27;23;30
1;2025-12-28;0;2
1;2025-12-28;1;0
1;2025-12-28;2;0
1;2025-12-28;3;0
1;2025-12-28;4;0
1;2025-12-28;5;21
1;2025-12-28;6;113
1;2025-12-28;7;226
1;2025-12-28;8;312
1;2025-12-28;9;510
1;2025-12-28;10;596
1;2025-12-28;11;593
1;2025-12-28;12;706
1;2025-12-28;13;740
1;2025-12-28;14;653
1;2025-12-28;15;594
1;2025-12-28;16;549
1;2025-12-28;17;513
1;2025-12-28;18;475
1;2025-12-28;19;408
1;2025-12-28;20;318
1;2025-12-28;21;242
1;2025-12-28;22;103
1;2025-12-28;23;29
1;2025-12-29;0;0
1;2025-12-29;1;0
1;2025-12-29;2;0
1;2025-12-29;3;0
1;2025-12-29;4;0
1;2025-12-29;5;55
1;2025-12-29;6;343
1;2025-12-29;7;896
1;2025-12-29;8;1148
1;2025-12-29;9;876
1;2025-12-29;10;776
1;2025-12-29;11;795
1;2025-12-29;12;819
1;2025-12-29;13;821
1;2025-12-29;14;788
1;2025-12-29;15;880
1;2025-12-29;16;908
1;2025-12-29;17;1077
1;2025-12-29;18;1138
1;2025-12-29;19;884
1;2025-12-29;20;569
1;2025-12-29;21;307
1;2025-12-29;22;153
1;2025-12-29;23;27
1;2025-12-30;0;3
1;2025-12-30;1;0
1;2025-12-30;2;0
1;2025-12-30;3;0
1;2025-12-30;4;0
1;2025-12-30;5;60
1;2025-12-30;6;365
1;2025-12-30;7;979
1;2025-12-30;8;1232
1;2025-12-30;9;992
1;2025-12-30;10;902
1;2025-12-30;11;894
1;2025-12-30;12;890
1;2025-12-30;13;902
1;2025-12-30;14;829
1;2025-12-30;15;916
1;2025-12-30;16;935
1;2025-12-30;17;1101
1;2025-12-30;18;1167
1;2025-12-30;19;925
1;2025-12-30;20;612
1;2025-12-30;21;332
1;2025-12-30;22;167
1;2025-12-30;23;31
1;2025-12-31;0;3
1;2025-12-31;1;0
1;2025-12-31;2;0
1;2025-12-31;3;0
1;2025-12-31;4;0
1;2025-12-31;5;51
1;2025-12-31;6;306
1;2025-12-31;7;801
1;2025-12-31;8;1063
1;2025-12-31;9;831
1;2025-12-31;10;747
1;2025-12-31;11;754
1;2025-12-31;12;763
1;2025-12-31;13;789
1;2025-12-31;14;734
1;2025-12-31;15;804
1;2025-12-31;16;810
1;2025-12-31;17;963
1;2025-12-31;18;1011
1;2025-12-31;19;786
1;2025-12-31;20;517
1;2025-12-31;21;284
1;2025-12-31;22;151
1;2025-12-31;23;27
5;2025-11-01;0;0
5;2025-11-01;1;0
5;2025-11-01;2;0
5;2025-11-01;3;0
5;2025-11-01;4;0
5;2025-11-01;5;0
5;2025-11-01;6;0
5;2025-11-01;7;0
5;2025-11-01;8;0
5;2025-11-01;9;0
5;2025-11-01;10;0
5;2025-11-01;11;0
5;2025-11-01;12;0
5;2025-11-01;13;0
5;2025-11-01;14;0
5;2025-11-01;15;0
5;2025-11-01;16;0
5;2025-11-01;17;0
5;2025-11-01;18;0
5;2025-11-01;19;0
5;2025-11-01;20;0
5;2025-11-01;21;0
5;2025-11-01;22;0
5;2025-11-01;23;0
5;2025-11-02;0;0
5;2025-11-02;1;0
5;2025-11-02;2;0
5;2025-11-02;3;0
5;2025-11-02;4;0
5;2025-11-02;5;0
5;2025-11-02;6;0
5;2025-11-02;7;0
5;2025-11-02;8;0
5;2025-11-02;9;0
5;2025-11-02;10;0
5;2025-11-02;11;0
5;2025-11-02;12;0
5;2025-11-02;13;0
5;2025-11-02;14;0
5;2025-11-02;15;0
5;2025-11-02;16;0
5;2025-11-02;17;0
5;2025-11-02;18;0
5;2025-11-02;19;0
5;2025-11-02;20;0
5;2025-11-02;21;0
5;2025-11-02;22;0
5;2025-11-02;23;0
5;2025-11-03;0;0
5;2025-11-03;1;0
5;2025-11-03;2;0
5;2025-11-03;3;0
5;2025-11-03;4;0
5;2025-11-03;5;0
5;2025-11-03;6;0
5;2025-11-03;7;0
5;2025-11-03;8;0
5;2025-11-03;9;0
5;2025-11-03;10;0
5;2025-11-03;11;0
5;2025-11-03;12;0
5;2025-11-03;13;0
5;2025-11-03;14;0
5;2025-11-03;15;0
5;2025-11-03;16;0
5;2025-11-03;17;0
5;2025-11-03;18;0
5;2025-11-03;19;0
5;2025-11-03;20;0
5;2025-11-03;21;0
5;2025-11-03;22;0
5;2025-11-03;23;0
5;2025-11-04;0;0
5;2025-11-04;1;0
5;2025-11-04;2;0
5;2025-11-04;3;0
5;2025-11-04;4;0
5;2025-11-04;5;0
5;2025-11-04;6;0
5;2025-11-04;7;0
5;2025-11-04;8;0
5;2025-11-04;9;0
5;2025-11-04;10;0
5;2025-11-04;11;0
5;2025-11-04;12;0
5;2025-11-04;13;0
5;2025-11-04;14;0
5;2025-11-04;15;0
5;2025-11-04;16;0
5;2025-11-04;17;0
5;2025-11-04;18;0
5;2025-11-04;19;0
5;2025-11-04;20;0
5;2025-11-04;21;0
5;2025-11-04;22;0
5;2025-11-04;23;0
5;2025-11-05;0;0
5;2025-11-05;1;0
5;2025-11-05;2;0
5;2025-11-05;3;0
5;2025-11-05;4;0
5;2025-11-05;5;0
5;2025-11-05;6;0
5;2025-11-05;7;0
5;2025-11-05;8;0
5;2025-11-05;9;0
5;2025-11-05;10;0
5;2025-11-05;11;0
5;2025-11-05;12;0
5;2025-11-05;13;0
5;2025-11-05;14;0
5;2025-11-05;15;0
5;2025-11-05;16;0
5;2025-11-05;17;0
5;2025-11-05;18;0
5;2025-11-05;19;0
5;2025-11-05;20;0
5;2025-11-05;21;0
5;2025-11-05;22;0
5;2025-11-05;23;0
5;2025-11-06;0;0
5;2025-11-06;1;0
5;2025-11-06;2;0
5;2025-11-06;3;0
5;2025-11-06;4;0
5;2025-11-06;5;0
5;2025-11-06;6;0
5;2025-11-06;7;0
5;2025-11-06;8;0
5;2025-11-06;9;0
5;2025-11-06;10;0
5;2025-11-06;11;0
5;2025-11-06;12;0
5;2025-11-06;13;0
5;2025-11-06;14;0
5;2025-11-06;15;0
5;2025-11-06;16;0
5;2025-11-06;17;0
5;2025-11-06;18;0
5;2025-11-06;19;0
5;2025-11-06;20;0
5;2025-11-06;21;0
5;2025-11-06;22;0
5;2025-11-06;23;0
5;2025-11-07;0;0
5;2025-11-07;1;0
5;2025-11-07;2;0
5;2025-11-07;3;0
5;2025-11-07;4;0
5;2025-11-07;5;0
5;2025-11-07;6;0
5;2025-11-07;7;0
5;2025-11-07;8;0
5;2025-11-07;9;0
5;2025-11-07;10;0
5;2025-11-07;11;0
5;2025-11-07;12;0
5;2025-11-07;13;0
5;2025-11-07;14;0
5;2025-11-07;15;0
5;2025-11-07;16;0
5;2025-11-07;17;0
5;2025-11-07;18;0
5;2025-11-07;19;0
5;2025-11-07;20;0
5;2025-11-07;21;0
5;2025-11-07;22;0
5;2025-11-07;23;0
5;2025-11-08;0;0
5;2025-11-08;1;0
5;2025-11-08;2;0
5;2025-11-08;3;0
5;2025-11-08;4;0
5;2025-11-08;5;0
5;2025-11-08;6;0
5;2025-11-08;7;0
5;2025-11-08;8;0
5;2025-11-08;9;0
5;2025-11-08;10;0
5;2025-11-08;11;0
5;2025-11-08;12;0
5;2025-11-08;13;0
5;2025-11-08;14;0
5;2025-11-08;15;0
5;2025-11-08;16;0
5;2025-11-08;17;0
5;2025-11-08;18;0
5;2025-11-08;19;0
5;2025-11-08;20;0
5;2025-11-08;21;0
5;2025-11-08;22;0
5;2025-11-08;23;0
5;2025-11-09;0;0
5;2025-11-09;1;0
5;2025-11-09;2;0
5;2025-11-09;3;0
5;2025-11-09;4;0
5;2025-11-09;5;0
5;2025-11-09;6;0
5;2025-11-09;7;0
5;2025-11-09;8;0
5;2025-11-09;9;0
5;2025-11-09;10;0
5;2025-11-09;11;0
5;2025-11-09;12;0
5;2025-11-09;13;0
5;2025-11-09;14;0
5;2025-11-09;15;0
5;2025-11-09;16;0
5;2025-11-09;17;0
5;2025-11-09;18;0
5;2025-11-09;19;0
5;2025-11-09;20;0
5;2025-11-09;21;0
5;2025-11-09;22;0
5;2025-11-09;23;0
5;2025-11-10;0;0
5;2025-11-10;1;0
5;2025-11-10;2;0
5;2025-11-10;3;0
5;2025-11-10;4;0
5;2025-11-10;5;0
5;2025-11-10;6;0
5;2025-11-10;7;0
5;2025-11-10;8;0
5;2025-11-10;9;0
5;2025-11-10;10;0
5;2025-11-10;11;0
5;2025-11-10;12;0
5;2025-11-10;13;0
5;2025-11-10;14;0
5;2025-11-10;15;0
5;2025-11-10;16;0
5;2025-11-10;17;0
5;2025-11-10;18;0
5;2025-11-10;19;0
5;2025-11-10;20;0
5;2025-11-10;21;0
5;2025-11-10;22;0
5;2025-11-10;23;0
5;2025-11-11;0;0
5;2025-11-11;1;0
5;2025-11-11;2;0
5;2025-11-11;3;0
5;2025-11-11;4;0
5;2025-11-11;5;0
5;2025-11-11;6;0
5;2025-11-11;7;0
5;2025-11-11;8;0
5;2025-11-11;9;0
5;2025-11-11;10;0
5;2025-11-11;11;0
5;2025-11-11;12;0
5;2025-11-11;13;0
5;2025-11-11;14;0
5;2025-11-11;15;0
5;2025-11-11;16;0
5;2025-11-11;17;0
5;2025-11-11;18;0
5;2025-11-11;19;0
5;2025-11-11;20;0
5;2025-11-11;21;0
5;2025-11-11;22;0
5;2025-11-11;23;0
5;2025-11-12;0;0
5;2025-11-12;1;0
5;2025-11-12;2;0
5;2025-11-12;3;0
5;2025-11-12;4;0
5;2025-11-12;5;0
5;2025-11-12;6;0
5;2025-11-12;7;0
5;2025-11-12;8;0
5;2025-11-12;9;0
5;2025-11-12;10;0
5;2025-11-12;11;0
5;2025-11-12;12;0
5;2025-11-12;13;0
5;2025-11-12;14;0
5;2025-11-12;15;0
5;2025-11-12;16;0
5;2025-11-12;17;0
5;2025-11-12;18;0
5;2025-11-12;19;0
5;2025-11-12;20;0
5;2025-11-12;21;0
5;2025-11-12;22;0
5;2025-11-12;23;0
5;2025-11-13;0;0
5;2025-11-13;1;0
5;2025-11-13;2;0
5;2025-11-13;3;0
5;2025-11-13;4;0
5;2025-11-13;5;0
5;2025-11-13;6;0
5;2025-11-13;7;0
5;2025-11-13;8;0
5;2025-11-13;9;0
5;2025-11-13;10;0
5;2025-11-13;11;0
5;2025-11-13;12;0
5;2025-11-13;13;0
5;2025-11-13;14;0
5;2025-11-13;15;0
5;2025-11-13;16;0
5;2025-11-13;17;0
5;2025-11-13;18;0
5;2025-11-13;19;0
5;2025-11-13;20;0
5;2025-11-13;21;0
5;2025-11-13;22;0
5;2025-11-13;23;0
5;2025-11-14;0;0
5;2025-11-14;1;0
5;2025-11-14;2;0
5;2025-11-14;3;0
5;2025-11-14;4;0
5;2025-11-14;5;0
5;2025-11-14;6;0
5;2025-11-14;7;0
5;2025-11-14;8;0
5;2025-11-14;9;0
5;2025-11-14;10;0
5;2025-11-14;11;0
5;2025-11-14;12;0
5;2025-11-14;13;0
5;2025-11-14;14;0
5;2025-11-14;15;0
5;2025-11-14;16;0
5;2025-11-14;17;0
5;2025-11-14;18;0
5;2025-11-14;19;0
5;2025-11-14;20;0
5;2025-11-14;21;0
5;2025-11-14;22;0
5;2025-11-14;23;0
5;2025-11-15;0;0
5;2025-11-15;1;0
5;2025-11-15;2;0
5;2025-11-15;3;0
5;2025-11-15;4;0
5;2025-11-15;5;0
5;2025-11-15;6;0
5;2025-11-15;7;0
5;2025-11-15;8;0
5;2025-11-15;9;0
5;2025-11-15;10;0
5;2025-11-15;11;0
5;2025-11-15;12;0
5;2025-11-15;13;0
5;2025-11-15;14;0
5;2025-11-15;15;0
5;2025-11-15;16;0
5;2025-11-15;17;0
5;2025-11-15;18;0
5;2025-11-15;19;0
5;2025-11-15;20;0
5;2025-11-15;21;0
5;2025-11-15;22;0
5;2025-11-15;23;0
5;2025-11-16;0;0
5;2025-11-16;1;0
5;2025-11-16;2;0
5;2025-11-16;3;0
5;2025-11-16;4;0
5;2025-11-16;5;0
5;2025-11-16;6;0
5;2025-11-16;7;0
5;2025-11-16;8;0
5;2025-11-16;9;0
5;2025-11-16;10;0
5;2025-11-16;11;0
5;2025-11-16;12;0
5;2025-11-16;13;0
5;2025-11-16;14;0
5;2025-11-16;15;0
5;2025-11-16;16;0
5;2025-11-16;17;0
5;2025-11-16;18;0
5;2025-11-16;19;0
5;2025-11-16;20;0
5;2025-11-16;21;0
5;2025-11-16;22;0
5;2025-11-16;23;0
5;2025-11-17;0;0
5;2025-11-17;1;0
5;2025-11-17;2;0
5;2025-11-17;3;0
5;2025-11-17;4;0
5;2025-11-17;5;0
5;2025-11-17;6;0
5;2025-11-17;7;0
5;2025-11-17;8;0
5;2025-11-17;9;0
5;2025-11-17;10;0
5;2025-11-17;11;0
5;2025-11-17;12;0
5;2025-11-17;13;0
5;2025-11-17;14;0
5;2025-11-17;15;0
5;2025-11-17;16;0
5;2025-11-17;17;0
5;2025-11-17;18;0
5;2025-11-17;19;0
5;2025-11-17;20;0
5;2025-11-17;21;0
5;2025-11-17;22;0
5;2025-11-17;23;0
5;2025-11-18;0;0
5;2025-11-18;1;0
5;2025-11-18;2;0
5;2025-11-18;3;0
5;2025-11-18;4;0
5;2025-11-18;5;0
5;2025-11-18;6;0
5;2025-11-18;7;0
5;2025-11-18;8;0
5;2025-11-18;9;0
5;2025-11-18;10;0
5;2025-11-18;11;0
5;2025-11-18;12;0
5;2025-11-18;13;0
5;2025-11-18;14;0
5;2025-11-18;15;0
5;2025-11-18;16;0
5;2025-11-18;17;0
5;2025-11-18;18;0
5;2025-11-18;19;0
5;2025-11-18;20;0
5;2025-11-18;21;0
5;2025-11-18;22;0
5;2025-11-18;23;0
5;2025-11-19;0;0
5;2025-11-19;1;0
5;2025-11-19;2;0
5;2025-11-19;3;0
5;2025-11-19;4;0
5;2025-11-19;5;0
5;2025-11-19;6;0
5;2025-11-19;7;0
5;2025-11-19;8;0
5;2025-11-19;9;0
5;2025-11-19;10;0
5;2025-11-19;11;0
5;2025-11-19;12;0
5;2025-11-19;13;0
5;2025-11-19;14;0
5;2025-11-19;15;0
5;2025-11-19;16;0
5;2025-11-19;17;0
5;2025-11-19;18;0
5;2025-11-19;19;0
5;2025-11-19;20;0
5;2025-11-19;21;0
5;2025-11-19;22;0
5;2025-11-19;23;0
5;2025-11-20;0;0
5;2025-11-20;1;0
5;2025-11-20;2;0
5;2025-11-20;3;0
5;2025-11-20;4;0
5;2025-11-20;5;0
5;2025-11-20;6;0
5;2025-11-20;7;0
5;2025-11-20;8;0
5;2025-11-20;9;0
5;2025-11-20;10;0
5;2025-11-20;11;0
5;2025-11-20;12;0
5;2025-11-20;13;0
5;2025-11-20;14;0
5;2025-11-20;15;0
5;2025-11-20;16;0
5;2025-11-20;17;0
5;2025-11-20;18;0
5;2025-11-20;19;0
5;2025-11-20;20;0
5;2025-11-20;21;0
5;2025-11-20;22;0
5;2025-11-20;23;0
5;2025-11-21;0;0
5;2025-11-21;1;0
5;2025-11-21;2;0
5;2025-11-21;3;0
5;2025-11-21;4;0
5;2025-11-21;5;0
5;2025-11-21;6;0
5;2025-11-21;7;0
5;2025-11-21;8;0
5;2025-11-21;9;0
5;2025-11-21;10;0
5;2025-11-21;11;0
5;2025-11-21;12;0
5;2025-11-21;13;0
5;2025-11-21;14;0
5;2025-11-21;15;0
5;2025-11-21;16;0
5;2025-11-21;17;0
5;2025-11-21;18;0
5;2025-11-21;19;0
5;2025-11-21;20;0
5;2025-11-21;21;0
5;2025-11-21;22;0
5;2025-11-21;23;0
5;2025-11-22;0;0
5;2025-11-22;1;0
5;2025-11-22;2;0
5;2025-11-22;3;0
5;2025-11-22;4;0
5;2025-11-22;5;0
5;2025-11-22;6;0
5;2025-11-22;7;0
5;2025-11-22;8;0
5;2025-11-22;9;0
5;2025-11-22;10;0
5;2025-11-22;11;0
5;2025-11-22;12;0
5;2025-11-22;13;0
5;2025-11-22;14;0
5;2025-11-22;15;0
5;2025-11-22;16;0
5;2025-11-22;17;0
5;2025-11-22;18;0
5;2025-11-22;19;0
5;2025-11-22;20;0
5;2025-11-22;21;0
5;2025-11-22;22;0
5;2025-11-22;23;0
5;2025-11-23;0;0
5;2025-11-23;1;0
5;2025-11-23;2;0
5;2025-11-23;3;0
5;2025-11-23;4;0
5;2025-11-23;5;0
5;2025-11-23;6;0
5;2025-11-23;7;0
5;2025-11-23;8;0
5;2025-11-23;9;0
5;2025-11-23;10;0
5;2025-11-23;11;0
5;2025-11-23;12;0
5;2025-11-23;13;0
5;2025-11-23;14;0
5;2025-11-23;15;0
5;2025-11-23;16;0
5;2025-11-23;17;0
5;2025-11-23;18;0
5;2025-11-23;19;0
5;2025-11-23;20;0
5;2025-11-23;21;0
5;2025-11-23;22;0
5;2025-11-23;23;0
5;2025-11-24;0;0
5;2025-11-24;1;0
5;2025-11-24;2;0
5;2025-11-24;3;0
5;2025-11-24;4;0
5;2025-11-24;5;0
5;2025-11-24;6;0
5;2025-11-24;7;0
5;2025-11-24;8;0
5;2025-11-24;9;0
5;2025-11-24;10;0
5;2025-11-24;11;0
5;2025-11-24;12;0
5;2025-11-24;13;0
5;2025-11-24;14;0
5;2025-11-24;15;0
5;2025-11-24;16;0
5;2025-11-24;17;0
5;2025-11-24;18;0
5;2025-11-24;19;0
5;2025-11-24;20;0
5;2025-11-24;21;0
5;2025-11-24;22;0
5;2025-11-24;23;0
5;2025-11-25;0;0
5;2025-11-25;1;0
5;2025-11-25;2;0
5;2025-11-25;3;0
5;2025-11-25;4;0
5;2025-11-25;5;0
5;2025-11-25;6;0
5;2025-11-25;7;0
5;2025-11-25;8;0
5;2025-11-25;9;0
5;2025-11-25;10;0
5;2025-11-25;11;0
5;2025-11-25;12;0
5;2025-11-25;13;0
5;2025-11-25;14;0
5;2025-11-25;15;0
5;2025-11-25;16;0
5;2025-11-25;17;0
5;2025-11-25;18;0
5;2025-11-25;19;0
5;2025-11-25;20;0
5;2025-11-25;21;0
5;2025-11-25;22;0
5;2025-11-25;23;0
5;2025-11-26;0;0
5;2025-11-26;1;0
5;2025-11-26;2;0
5;2025-11-26;3;0
5;2025-11-26;4;0
5;2025-11-26;5;0
5;2025-11-26;6;0
5;2025-11-26;7;0
5;2025-11-26;8;0
5;2025-11-26;9;0
5;2025-11-26;10;0
5;2025-11-26;11;0
5;2025-11-26;12;0
5;2025-11-26;13;0
5;2025-11-26;14;0
5;2025-11-26;15;0
5;2025-11-26;16;0
5;2025-11-26;17;0
5;2025-11-26;18;0
5;2025-11-26;19;0
5;2025-11-26;20;0
5;2025-11-26;21;0
5;2025-11-26;22;0
5;2025-11-26;23;0
5;2025-11-27;0;0
5;2025-11-27;1;0
5;2025-11-27;2;0
5;2025-11-27;3;0
5;2025-11-27;4;0
5;2025-11-27;5;0
5;2025-11-27;6;0
5;2025-11-27;7;0
5;2025-11-27;8;0
5;2025-11-27;9;0
5;2025-11-27;10;0
5;2025-11-27;11;0
5;2025-11-27;12;0
5;2025-11-27;13;0
5;2025-11-27;14;0
5;2025-11-27;15;0
5;2025-11-27;16;0
5;2025-11-27;17;0
5;2025-11-27;18;0
5;2025-11-27;19;0
5;2025-11-27;20;0
5;2025-11-27;21;0
5;2025-11-27;22;0
5;2025-11-27;23;0
5;2025-11-28;0;0
5;2025-11-28;1;0
5;2025-11-28;2;0
5;2025-11-28;3;0
5;2025-11-28;4;0
5;2025-11-28;5;0
5;2025-11-28;6;0
5;2025-11-28;7;0
5;2025-11-28;8;0
5;2025-11-28;9;0
5;2025-11-28;10;0
5;2025-11-28;11;0
5;2025-11-28;12;0
5;2025-11-28;13;0
5;2025-11-28;14;0
5;2025-11-28;15;0
5;2025-11-28;16;0
5;2025-11-28;17;0
5;2025-11-28;18;0
5;2025-11-28;19;0
5;2025-11-28;20;0
5;2025-11-28;21;0
5;2025-11-28;22;0
5;2025-11-28;23;0
5;2025-11-29;0;0
5;2025-11-29;1;0
5;2025-11-29;2;0
5;2025-11-29;3;0
5;2025-11-29;4;0
5;2025-11-29;5;0
5;2025-11-29;6;0
5;2025-11-29;7;0
5;2025-11-29;8;0
5;2025-11-29;9;0
5;2025-11-29;10;0
5;2025-11-29;11;0
5;2025-11-29;12;0
5;2025-11-29;13;0
5;2025-11-29;14;0
5;2025-11-29;15;0
5;2025-11-29;16;0
5;2025-11-29;17;0
5;2025-11-29;18;0
5;2025-11-29;19;0
5;2025-11-29;20;0
5;2025-11-29;21;0
5;2025-11-29;22;0
5;2025-11-29;23;0
5;2025-11-30;0;0
5;2025-11-30;1;0
5;2025-11-30;2;0
5;2025-11-30;3;0
5;2025-11-30;4;0
5;2025-11-30;5;0
5;2025-11-30;6;0
5;2025-11-30;7;0
5;2025-11-30;8;0
5;2025-11-30;9;0
5;2025-11-30;10;0
5;2025-11-30;11;0
5;2025-11-30;12;0
5;2025-11-30;13;0
5;2025-11-30;14;0
5;2025-11-30;15;0
5;2025-11-30;16;0
5;2025-11-30;17;0
5;2025-11-30;18;0
5;2025-11-30;19;0
5;2025-11-30;20;0
5;2025-11-30;21;0
5;2025-11-30;22;0
5;2025-11-30;23;0
5;2025-12-01;0;0
5;2025-12-01;1;0
5;2025-12-01;2;0
5;2025-12-01;3;0
5;2025-12-01;4;0
5;2025-12-01;5;0
5;2025-12-01;6;0
5;2025-12-01;7;0
5;2025-12-01;8;0
5;2025-12-01;9;0
5;2025-12-01;10;0
5;2025-12-01;11;0
5;2025-12-01;12;0
5;2025-12-01;13;0
5;2025-12-01;14;0
5;2025-12-01;15;0
5;2025-12-01;16;0
5;2025-12-01;17;0
5;2025-12-01;18;0
5;2025-12-01;19;0
5;2025-12-01;20;0
5;2025-12-01;21;0
5;2025-12-01;22;0
5;2025-12-01;23;0
5;2025-12-02;0;0
5;2025-12-02;1;0
5;2025-12-02;2;0
5;2025-12-02;3;0
5;2025-12-02;4;0
5;2025-12-02;5;0
5;2025-12-02;6;0
5;2025-12-02;7;0
5;2025-12-02;8;0
5;2025-12-02;9;0
5;2025-12-02;10;0
5;2025-12-02;11;0
5;2025-12-02;12;0
5;2025-12-02;13;0
5;2025-12-02;14;0
5;2025-12-02;15;0
5;2025-12-02;16;0
5;2025-12-02;17;0
5;2025-12-02;18;0
5;2025-12-02;19;0
5;2025-12-02;20;0
5;2025-12-02;21;0
5;2025-12-02;22;0
5;2025-12-02;23;0
5;2025-12-03;0;0
5;2025-12-03;1;0
5;2025-12-03;2;0
5;2025-12-03;3;0
5;2025-12-03;4;0
5;2025-12-03;5;0
5;2025-12-03;6;0
5;2025-12-03;7;0
5;2025-12-03;8;0
5;2025-12-03;9;0
5;2025-12-03;10;0
5;2025-12-03;11;0
5;2025-12-03;12;0
5;2025-12-03;13;0
5;2025-12-03;14;0
5;2025-12-03;15;0
5;2025-12-03;16;0
5;2025-12-03;17;0
5;2025-12-03;18;0
5;2025-12-03;19;0
5;2025-12-03;20;0
5;2025-12-03;21;0
5;2025-12-03;22;0
5;2025-12-03;23;0
5;2025-12-04;0;0
5;2025-12-04;1;0
5;2025-12-04;2;0
5;2025-12-04;3;0
5;2025-12-04;4;0
5;2025-12-04;5;0
5;2025-12-04;6;0
5;2025-12-04;7;0
5;2025-12-04;8;0
5;2025-12-04;9;0
5;2025-12-04;10;0
5;2025-12-04;11;0
5;2025-12-04;12;0
5;2025-12-04;13;0
5;2025-12-04;14;0
5;2025-12-04;15;0
5;2025-12-04;16;0
5;2025-12-04;17;0
5;2025-12-04;18;0
5;2025-12-04;19;0
5;2025-12-04;20;0
5;2025-12-04;21;0
5;2025-12-04;22;0
5;2025-12-04;23;0
5;2025-12-05;0;0
5;2025-12-05;1;0
5;2025-12-05;2;0
5;2025-12-05;3;0
5;2025-12-05;4;0
5;2025-12-05;5;0
5;2025-12-05;6;0
5;2025-12-05;7;0
5;2025-12-05;8;0
5;2025-12-05;9;0
5;2025-12-05;10;0
5;2025-12-05;11;0
5;2025-12-05;12;0
5;2025-12-05;13;0
5;2025-12-05;14;0
5;2025-12-05;15;0
5;2025-12-05;16;0
5;2025-12-05;17;0
5;2025-12-05;18;0
5;2025-12-05;19;0
5;2025-12-05;20;0
5;2025-12-05;21;0
5;2025-12-05;22;0
5;2025-12-05;23;0
5;2025-12-06;0;0
5;2025-12-06;1;0
5;2025-12-06;2;0
5;2025-12-06;3;0
5;2025-12-06;4;0
5;2025-12-06;5;0
5;2025-12-06;6;0
5;2025-12-06;7;0
5;2025-12-06;8;0
5;2025-12-06;9;0
5;2025-12-06;10;0
5;2025-12-06;11;0
5;2025-12-06;12;0
5;2025-12-06;13;0
5;2025-12-06;14;0
5;2025-12-06;15;0
5;2025-12-06;16;0
5;2025-12-06;17;0
5;2025-12-06;18;0
5;2025-12-06;19;0
5;2025-12-06;20;0
5;2025-12-06;21;0
5;2025-12-06;22;0
5;2025-12-06;23;0
5;2025-12-07;0;0
5;2025-12-07;1;0
5;2025-12-07;2;0
5;2025-12-07;3;0
5;2025-12-07;4;0
5;2025-12-07;5;0
5;2025-12-07;6;0
5;2025-12-07;7;0
5;2025-12-07;8;0
5;2025-12-07;9;0
5;2025-12-07;10;0
5;2025-12-07;11;0
5;2025-12-07;12;0
5;2025-12-07;13;0
5;2025-12-07;14;0
5;2025-12-07;15;0
5;2025-12-07;16;0
5;2025-12-07;17;0
5;2025-12-07;18;0
5;2025-12-07;19;0
5;2025-12-07;20;0
5;2025-12-07;21;0
5;2025-12-07;22;0
5;2025-12-07;23;0
5;2025-12-08;0;0
5;2025-12-08;1;0
5;2025-12-08;2;0
5;2025-12-08;3;0
5;2025-12-08;4;0
5;2025-12-08;5;0
5;2025-12-08;6;0
5;2025-12-08;7;0
5;2025-12-08;8;0
5;2025-12-08;9;0
5;2025-12-08;10;0
5;2025-12-08;11;0
5;2025-12-08;12;0
5;2025-12-08;13;0
5;2025-12-08;14;0
5;2025-12-08;15;0
5;2025-12-08;16;0
5;2025-12-08;17;0
5;2025-12-08;18;0
5;2025-12-08;19;0
5;2025-12-08;20;0
5;2025-12-08;21;0
5;2025-12-08;22;0
5;2025-12-08;23;0
5;2025-12-09;0;0
5;2025-12-09;1;0
5;2025-12-09;2;0
5;2025-12-09;3;0
5;2025-12-09;4;0
5;2025-12-09;5;0
5;2025-12-09;6;0
5;2025-12-09;7;0
5;2025-12-09;8;0
5;2025-12-09;9;0
5;2025-12-09;10;0
5;2025-12-09;11;0
5;2025-12-09;12;0
5;2025-12-09;13;0
5;2025-12-09;14;0
5;2025-12-09;15;0
5;2025-12-09;16;0
5;2025-12-09;17;0
5;2025-12-09;18;0
5;2025-12-09;19;0
5;2025-12-09;20;0
5;2025-12-09;21;0
5;2025-12-09;22;0
5;2025-12-09;23;0
5;2025-12-10;0;0
5;2025-12-10;1;0
5;2025-12-10;2;0
5;2025-12-10;3;0
5;2025-12-10;4;0
5;2025-12-10;5;0
5;2025-12-10;6;0
5;2025-12-10;7;0
5;2025-12-10;8;0
5;2025-12-10;9;0
5;2025-12-10;10;0
5;2025-12-10;11;0
5;2025-12-10;12;0
5;2025-12-10;13;0
5;2025-12-10;14;0
5;2025-12-10;15;0
5;2025-12-10;16;0
5;2025-12-10;17;0
5;2025-12-10;18;0
5;2025-12-10;19;0
5;2025-12-10;20;0
5;2025-12-10;21;0
5;2025-12-10;22;0
5;2025-12-10;23;0
5;2025-12-11;0;0
5;2025-12-11;1;0
5;2025-12-11;2;0
5;2025-12-11;3;0
5;2025-12-11;4;0
5;2025-12-11;5;0
5;2025-12-11;6;0
5;2025-12-11;7;0
5;2025-12-11;8;0
5;2025-12-11;9;0
5;2025-12-11;10;0
5;2025-12-11;11;0
5;2025-12-11;12;0
5;2025-12-11;13;0
5;2025-12-11;14;0
5;2025-12-11;15;0
5;2025-12-11;16;0
5;2025-12-11;17;0
5;2025-12-11;18;0
5;2025-12-11;19;0
5;2025-12-11;20;0
5;2025-12-11;21;0
5;2025-12-11;22;0
5;2025-12-11;23;0
5;2025-12-12;0;0
5;2025-12-12;1;0
5;2025-12-12;2;0
5;2025-12-12;3;0
5;2025-12-12;4;0
5;2025-12-12;5;0
5;2025-12-12;6;0
5;2025-12-12;7;0
5;2025-12-12;8;0
5;2025-12-12;9;0
5;2025-12-12;10;0
5;2025-12-12;11;0
5;2025-12-12;12;0
5;2025-12-12;13;0
5;2025-12-12;14;0
5;2025-12-12;15;0
5;2025-12-12;16;0
5;2025-12-12;17;0
5;2025-12-12;18;0
5;2025-12-12;19;0
5;2025-12-12;20;0
5;2025-12-12;21;0
5;2025-12-12;22;0
5;2025-12-12;23;0
5;2025-12-13;0;0
5;2025-12-13;1;0
5;2025-12-13;2;0
5;2025-12-13;3;0
5;2025-12-13;4;0
5;2025-12-13;5;0
5;2025-12-13;6;0
5;2025-12-13;7;0
5;2025-12-13;8;0
5;2025-12-13;9;0
5;2025-12-13;10;0
5;2025-12-13;11;0
5;2025-12-13;12;0
5;2025-12-13;13;0
5;2025-12-13;14;0
5;2025-12-13;15;0
5;2025-12-13;16;0
5;2025-12-13;17;0
5;2025-12-13;18;0
5;2025-12-13;19;0
5;2025-12-13;20;0
5;2025-12-13;21;0
5;2025-12-13;22;0
5;2025-12-13;23;0
5;2025-12-14;0;0
5;2025-12-14;1;0
5;2025-12-14;2;0
5;2025-12-14;3;0
5;2025-12-14;4;0
5;2025-12-14;5;0
5;2025-12-14;6;0
5;2025-12-14;7;0
5;2025-12-14;8;0
5;2025-12-14;9;0
5;2025-12-14;10;0
5;2025-12-14;11;0
5;2025-12-14;12;0
5;2025-12-14;13;0
5;2025-12-14;14;0
5;2025-12-14;15;0
5;2025-12-14;16;0
5;2025-12-14;17;0
5;2025-12-14;18;0
5;2025-12-14;19;0
5;2025-12-14;20;0
5;2025-12-14;21;0
5;2025-12-14;22;0
5;2025-12-14;23;0
5;2025-12-15;0;0
5;2025-12-15;1;0
5;2025-12-15;2;0
5;2025-12-15;3;0
5;2025-12-15;4;0
5;2025-12-15;5;0
5;2025-12-15;6;0
5;2025-12-15;7;0
5;2025-12-15;8;0
5;2025-12-15;9;0
5;2025-12-15;10;0
5;2025-12-15;11;0
5;2025-12-15;12;0
5;2025-12-15;13;0
5;2025-12-15;14;0
5;2025-12-15;15;0
5;2025-12-15;16;0
5;2025-12-15;17;0
5;2025-12-15;18;0
5;2025-12-15;19;0
5;2025-12-15;20;0
5;2025-12-15;21;0
5;2025-12-15;22;0
5;2025-12-15;23;0
5;2025-12-16;0;0
5;2025-12-16;1;0
5;2025-12-16;2;0
5;2025-12-16;3;0
5;2025-12-16;4;0
5;2025-12-16;5;0
5;2025-12-16;6;0
5;2025-12-16;7;0
5;2025-12-16;8;0
5;2025-12-16;9;0
5;2025-12-16;10;0
5;2025-12-16;11;0
5;2025-12-16;12;0
5;2025-12-16;13;0
5;2025-12-16;14;0
5;2025-12-16;15;0
5;2025-12-16;16;0
5;2025-12-16;17;0
5;2025-12-16;18;0
5;2025-12-16;19;0
5;2025-12-16;20;0
5;2025-12-16;21;0
5;2025-12-16;22;0
5;2025-12-16;23;0
5;2025-12-17;0;0
5;2025-12-17;1;0
5;2025-12-17;2;0
5;2025-12-17;3;0
5;2025-12-17;4;0
5;2025-12-17;5;0
5;2025-12-17;6;0
5;2025-12-17;7;0
5;2025-12-17;8;0
5;2025-12-17;9;0
5;2025-12-17;10;0
5;2025-12-17;11;0
5;2025-12-17;12;0
5;2025-12-17;13;0
5;2025-12-17;14;0
5;2025-12-17;15;0
5;2025-12-17;16;0
5;2025-12-17;17;0
5;2025-12-17;18;0
5;2025-12-17;19;0
5;2025-12-17;20;0
5;2025-12-17;21;0
5;2025-12-17;22;0
5;2025-12-17;23;0
5;2025-12-18;0;0
5;2025-12-18;1;0
5;2025-12-18;2;0
5;2025-12-18;3;0
5;2025-12-18;4;0
5;2025-12-18;5;0
5;2025-12-18;6;0
5;2025-12-18;7;0
5;2025-12-18;8;0
5;2025-12-18;9;0
5;2025-12-18;10;0
5;2025-12-18;11;0
5;2025-12-18;12;0
5;2025-12-18;13;0
5;2025-12-18;14;0
5;2025-12-18;15;0
5;2025-12-18;16;0
5;2025-12-18;17;0
5;2025-12-18;18;0
5;2025-12-18;19;0
5;2025-12-18;20;0
5;2025-12-18;21;0
5;2025-12-18;22;0
5;2025-12-18;23;0
5;2025-12-19;0;0
5;2025-12-19;1;0
5;2025-12-19;2;0
5;2025-12-19;3;0
5;2025-12-19;4;0
5;2025-12-19;5;0
5;2025-12-19;6;0
5;2025-12-19;7;0
5;2025-12-19;8;0
5;2025-12-19;9;0
5;2025-12-19;10;0
5;2025-12-19;11;0
5;2025-12-19;12;0
5;2025-12-19;13;0
5;2025-12-19;14;0
5;2025-12-19;15;0
5;2025-12-19;16;0
5;2025-12-19;17;0
5;2025-12-19;18;0
5;2025-12-19;19;0
5;2025-12-19;20;0
5;2025-12-19;21;0
5;2025-12-19;22;0
5;2025-12-19;23;0
5;2025-12-20;0;0
5;2025-12-20;1;0
5;2025-12-20;2;0
5;2025-12-20;3;0
5;2025-12-20;4;0
5;2025-12-20;5;0
5;2025-12-20;6;0
5;2025-12-20;7;0
5;2025-12-20;8;0
5;2025-12-20;9;0
5;2025-12-20;10;0
5;2025-12-20;11;0
5;2025-12-20;12;0
5;2025-12-20;13;0
5;2025-12-20;14;0
5;2025-12-20;15;0
5;2025-12-20;16;0
5;2025-12-20;17;0
5;2025-12-20;18;0
5;2025-12-20;19;0
5;2025-12-20;20;0
5;2025-12-20;21;0
5;2025-12-20;22;0
5;2025-12-20;23;0
5;2025-12-21;0;0
5;2025-12-21;1;0
5;2025-12-21;2;0
5;2025-12-21;3;0
5;2025-12-21;4;0
5;2025-12-21;5;0
5;2025-12-21;6;0
5;2025-12-21;7;0
5;2025-12-21;8;0
5;2025-12-21;9;0
5;2025-12-21;10;0
5;2025-12-21;11;0
5;2025-12-21;12;0
5;2025-12-21;13;0
5;2025-12-21;14;0
5;2025-12-21;15;0
5;2025-12-21;16;0
5;2025-12-21;17;0
5;2025-12-21;18;0
5;2025-12-21;19;0
5;2025-12-21;20;0
5;2025-12-21;21;0
5;2025-12-21;22;0
5;2025-12-21;23;0
5;2025-12-22;0;0
5;2025-12-22;1;0
5;2025-12-22;2;0
5;2025-12-22;3;0
5;2025-12-22;4;0
5;2025-12-22;5;0
5;2025-12-22;6;0
5;2025-12-22;7;0
5;2025-12-22;8;0
5;2025-12-22;9;0
5;2025-12-22;10;0
5;2025-12-22;11;0
5;2025-12-22;12;0
5;2025-12-22;13;0
5;2025-12-22;14;0
5;2025-12-22;15;0
5;2025-12-22;16;0
5;2025-12-22;17;0
5;2025-12-22;18;0
5;2025-12-22;19;0
5;2025-12-22;20;0
5;2025-12-22;21;0
5;2025-12-22;22;0
5;2025-12-22;23;0
5;2025-12-23;0;0
5;2025-12-23;1;0
5;2025-12-23;2;0
5;2025-12-23;3;0
5;2025-12-23;4;0
5;2025-12-23;5;0
5;2025-12-23;6;0
5;2025-12-23;7;0
5;2025-12-23;8;0
5;2025-12-23;9;0
5;2025-12-23;10;0
5;2025-12-23;11;0
5;2025-12-23;12;0
5;2025-12-23;13;0
5;2025-12-23;14;0
5;2025-12-23;15;0
5;2025-12-23;16;0
5;2025-12-23;17;0
5;2025-12-23;18;0
5;2025-12-23;19;0
5;2025-12-23;20;0
5;2025-12-23;21;0
5;2025-12-23;22;0
5;2025-12-23;23;0
5;2025-12-24;0;0
5;2025-12-24;1;0
5;2025-12-24;2;0
5;2025-12-24;3;0
5;2025-12-24;4;0
5;2025-12-24;5;0
5;2025-12-24;6;0
5;2025-12-24;7;0
5;2025-12-24;8;0
5;2025-12-24;9;0
5;2025-12-24;10;0
5;2025-12-24;11;0
5;2025-12-24;12;0
5;2025-12-24;13;0
5;2025-12-24;14;0
5;2025-12-24;15;0
5;2025-12-24;16;0
5;2025-12-24;17;0
5;2025-12-24;18;0
5;2025-12-24;19;0
5;2025-12-24;20;0
5;2025-12-24;21;0
5;2025-12-24;22;0
5;2025-12-24;23;0
5;2025-12-25;0;0
5;2025-12-25;1;0
5;2025-12-25;2;0
5;2025-12-25;3;0
5;2025-12-25;4;0
5;2025-12-25;5;0
5;2025-12-25;6;0
5;2025-12-25;7;0
5;2025-12-25;8;0
5;2025-12-25;9;0
5;2025-12-25;10;0
5;2025-12-25;11;0
5;2025-12-25;12;0
5;2025-12-25;13;0
5;2025-12-25;14;0
5;2025-12-25;15;0
5;2025-12-25;16;0
5;2025-12-25;17;0
5;2025-12-25;18;0
5;2025-12-25;19;0
5;2025-12-25;20;0
5;2025-12-25;21;0
5;2025-12-25;22;0
5;2025-12-25;23;0
5;2025-12-26;0;0
5;2025-12-26;1;0
5;2025-12-26;2;0
5;2025-12-26;3;0
5;2025-12-26;4;0
5;2025-12-26;5;0
5;2025-12-26;6;0
5;2025-12-26;7;0
5;2025-12-26;8;0
5;2025-12-26;9;0
5;2025-12-26;10;0
5;2025-12-26;11;0
5;2025-12-26;12;0
5;2025-12-26;13;0
5;2025-12-26;14;0
5;2025-12-26;15;0
5;2025-12-26;16;0
5;2025-12-26;17;0
5;2025-12-26;18;0
5;2025-12-26;19;0
5;2025-12-26;20;0
5;2025-12-26;21;0
5;2025-12-26;22;0
5;2025-12-26;23;0
5;2025-12-27;0;0
5;2025-12-27;1;0
5;2025-12-27;2;0
5;2025-12-27;3;0
5;2025-12-27;4;0
5;2025-12-27;5;0
5;2025-12-27;6;0
5;2025-12-27;7;0
5;2025-12-27;8;0
5;2025-12-27;9;0
5;2025-12-27;10;0
5;2025-12-27;11;0
5;2025-12-27;12;0
5;2025-12-27;13;0
5;2025-12-27;14;0
5;2025-12-27;15;0
5;2025-12-27;16;0
5;2025-12-27;17;0
5;2025-12-27;18;0
5;2025-12-27;19;0
5;2025-12-27;20;0
5;2025-12-27;21;0
5;2025-12-27;22;0
5;2025-12-27;23;0
5;2025-12-28;0;0
5;2025-12-28;1;0
5;2025-12-28;2;0
5;2025-12-28;3;0
5;2025-12-28;4;0
5;2025-12-28;5;0
5;2025-12-28;6;0
5;2025-12-28;7;0
5;2025-12-28;8;0
5;2025-12-28;9;0
5;2025-12-28;10;0
5;2025-12-28;11;0
5;2025-12-28;12;0
5;2025-12-28;13;0
5;2025-12-28;14;0
5;2025-12-28;15;0
5;2025-12-28;16;0
5;2025-12-28;17;0
5;2025-12-28;18;0
5;2025-12-28;19;0
5;2025-12-28;20;0
5;2025-12-28;21;0
5;2025-12-28;22;0
5;2025-12-28;23;0
5;2025-12-29;0;0
5;2025-12-29;1;0
5;2025-12-29;2;0
5;2025-12-29;3;0
5;2025-12-29;4;0
5;2025-12-29;5;0
5;2025-12-29;6;0
5;2025-12-29;7;0
5;2025-12-29;8;0
5;2025-12-29;9;0
5;2025-12-29;10;0
5;2025-12-29;11;0
5;2025-12-29;12;0
5;2025-12-29;13;0
5;2025-12-29;14;0
5;2025-12-29;15;0
5;2025-12-29;16;0
5;2025-12-29;17;0
5;2025-12-29;18;0
5;2025-12-29;19;0
5;2025-12-29;20;0
5;2025-12-29;21;0
5;2025-12-29;22;0
5;2025-12-29;23;0
5;2025-12-30;0;0
5;2025-12-30;1;0
5;2025-12-30;2;0
5;2025-12-30;3;0
5;2025-12-30;4;0
5;2025-12-30;5;0
5;2025-12-30;6;0
5;2025-12-30;7;0
5;2025-12-30;8;0
5;2025-12-30;9;0
5;2025-12-30;10;0
5;2025-12-30;11;0
5;2025-12-30;12;0
5;2025-12-30;13;0
5;2025-12-30;14;0
5;2025-12-30;15;0
5;2025-12-30;16;0
5;2025-12-30;17;0
5;2025-12-30;18;0
5;2025-12-30;19;0
5;2025-12-30;20;0
5;2025-12-30;21;0
5;2025-12-30;22;0
5;2025-12-30;23;0
5;2025-12-31;0;0
5;2025-12-31;1;0
5;2025-12-31;2;0
5;2025-12-31;3;0
5;2025-12-31;4;0
5;2025-12-31;5;0
5;2025-12-31;6;0
5;2025-12-31;7;0
5;2025-12-31;8;0
5;2025-12-31;9;0
5;2025-12-31;10;0
5;2025-12-31;11;0
5;2025-12-31;12;0
5;2025-12-31;13;0
5;2025-12-31;14;0
5;2025-12-31;15;0
5;2025-12-31;16;0
5;2025-12-31;17;0
5;2025-12-31;18;0
5;2025-12-31;19;0
5;2025-12-31;20;0
5;2025-12-31;21;0
5;2025-12-31;22;0
5;2025-12-31;23;0
7;2025-11-01;0;69
7;2025-11-01;1;0
7;2025-11-01;2;0
7;2025-11-01;3;0
7;2025-11-01;4;0
7;2025-11-01;5;27
7;2025-11-01;6;207
7;2025-11-01;7;322
7;2025-11-01;8;507
7;2025-11-01;9;547
7;2025-11-01;10;589
7;2025-11-01;11;686
7;2025-11-01;12;772
7;2025-11-01;13;789
7;2025-11-01;14;819
7;2025-11-01;15;767
7;2025-11-01;16;728
7;2025-11-01;17;711
7;2025-11-01;18;700
7;2025-11-01;19;677
7;2025-11-01;20;509
7;2025-11-01;21;410
7;2025-11-01;22;223
7;2025-11-01;23;144
7;2025-11-02;0;79
7;2025-11-02;1;0
7;2025-11-02;2;0
7;2025-11-02;3;0
7;2025-11-02;4;0
7;2025-11-02;5;20
7;2025-11-02;6;144
7;2025-11-02;7;225
7;2025-11-02;8;367
7;2025-11-02;9;451
7;2025-11-02;10;485
7;2025-11-02;11;614
7;2025-11-02;12;675
7;2025-11-02;13;701
7;2025-11-02;14;753
7;2025-11-02;15;721
7;2025-11-02;16;664
7;2025-11-02;17;701
7;2025-11-02;18;644
7;2025-11-02;19;556
7;2025-11-02;20;461
7;2025-11-02;21;364
7;2025-11-02;22;209
7;2025-11-02;23;127
7;2025-11-03;0;78
7;2025-11-03;1;0
7;2025-11-03;2;0
7;2025-11-03;3;0
7;2025-11-03;4;0
7;2025-11-03;5;126
7;2025-11-03;6;725
7;2025-11-03;7;1609
7;2025-11-03;8;2381
7;2025-11-03;9;1806
7;2025-11-03;10;1513
7;2025-11-03;11;1361
7;2025-11-03;12;1442
7;2025-11-03;13;1452
7;2025-11-03;14;1488
7;2025-11-03;15;1628
7;2025-11-03;16;1741
7;2025-11-03;17;2243
7;2025-11-03;18;2552
7;2025-11-03;19;1726
7;2025-11-03;20;1106
7;2025-11-03;21;607
7;2025-11-03;22;317
7;2025-11-03;23;188
7;2025-11-04;0;60
7;2025-11-04;1;0
7;2025-11-04;2;0
7;2025-11-04;3;0
7;2025-11-04;4;0
7;2025-11-04;5;128
7;2025-11-04;6;728
7;2025-11-04;7;1611
7;2025-11-04;8;2387
7;2025-11-04;9;1804
7;2025-11-04;10;1572
7;2025-11-04;11;1431
7;2025-11-04;12;1495
7;2025-11-04;13;1488
7;2025-11-04;14;1509
7;2025-11-04;15;1663
7;2025-11-04;16;1720
7;2025-11-04;17;2206
7;2025-11-04;18;2536
7;2025-11-04;19;1783
7;2025-11-04;20;1116
7;2025-11-04;21;661
7;2025-11-04;22;343
7;2025-11-04;23;195
7;2025-11-05;0;62
7;2025-11-05;1;0
7;2025-11-05;2;0
7;2025-11-05;3;0
7;2025-11-05;4;0
7;2025-11-05;5;123
7;2025-11-05;6;697
7;2025-11-05;7;1538
7;2025-11-05;8;2378
7;2025-11-05;9;1812
7;2025-11-05;10;1568
7;2025-11-05;11;1405
7;2025-11-05;12;1469
7;2025-11-05;13;1469
7;2025-11-05;14;1520
7;2025-11-05;15;1668
7;2025-11-05;16;1733
7;2025-11-05;17;2252
7;2025-11-05;18;2468
7;2025-11-05;19;1689
7;2025-11-05;20;1107
7;2025-11-05;21;661
7;2025-11-05;22;365
7;2025-11-05;23;208
7;2025-11-06;0;73
7;2025-11-06;1;0
7;2025-11-06;2;0
7;2025-11-06;3;0
7;2025-11-06;4;0
7;2025-11-06;5;121
7;2025-11-06;6;700
7;2025-11-06;7;1512
7;2025-11-06;8;2292
7;2025-11-06;9;1728
7;2025-11-06;10;1463
7;2025-11-06;11;1378
7;2025-11-06;12;1442
7;2025-11-06;13;1453
7;2025-11-06;14;1526
7;2025-11-06;15;1565
7;2025-11-06;16;1700
7;2025-11-06;17;2123
7;2025-11-06;18;2494
7;2025-11-06;19;1676
7;2025-11-06;20;1069
7;2025-11-06;21;660
7;2025-11-06;22;353
7;2025-11-06;23;209
7;2025-11-07;0;71
7;2025-11-07;1;0
7;2025-11-07;2;0
7;2025-11-07;3;0
7;2025-11-07;4;0
7;2025-11-07;5;112
7;2025-11-07;6;618
7;2025-11-07;7;1424
7;2025-11-07;8;2072
7;2025-11-07;9;1602
7;2025-11-07;10;1400
7;2025-11-07;11;1372
7;2025-11-07;12;1459
7;2025-11-07;13;1533
7;2025-11-07;14;1566
7;2025-11-07;15;1649
7;2025-11-07;16;1828
7;2025-11-07;17;2028
7;2025-11-07;18;1886
7;2025-11-07;19;1429
7;2025-11-07;20;992
7;2025-11-07;21;626
7;2025-11-07;22;364
7;2025-11-07;23;230
7;2025-11-08;0;66
7;2025-11-08;1;0
7;2025-11-08;2;0
7;2025-11-08;3;0
7;2025-11-08;4;0
7;2025-11-08;5;26
7;2025-11-08;6;195
7;2025-11-08;7;304
7;2025-11-08;8;479
7;2025-11-08;9;517
7;2025-11-08;10;557
7;2025-11-08;11;649
7;2025-11-08;12;730
7;2025-11-08;13;746
7;2025-11-08;14;774
7;2025-11-08;15;725
7;2025-11-08;16;689
7;2025-11-08;17;673
7;2025-11-08;18;662
7;2025-11-08;19;640
7;2025-11-08;20;481
7;2025-11-08;21;388
7;2025-11-08;22;211
7;2025-11-08;23;137
7;2025-11-09;0;76
7;2025-11-09;1;0
7;2025-11-09;2;0
7;2025-11-09;3;0
7;2025-11-09;4;0
7;2025-11-09;5;19
7;2025-11-09;6;138
7;2025-11-09;7;216
7;2025-11-09;8;353
7;2025-11-09;9;434
7;2025-11-09;10;466
7;2025-11-09;11;591
7;2025-11-09;12;649
7;2025-11-09;13;674
7;2025-11-09;14;724
7;2025-11-09;15;693
7;2025-11-09;16;638
7;2025-11-09;17;674
7;2025-11-09;18;619
7;2025-11-09;19;534
7;2025-11-09;20;443
7;2025-11-09;21;350
7;2025-11-09;22;201
7;2025-11-09;23;122
7;2025-11-10;0;78
7;2025-11-10;1;0
7;2025-11-10;2;0
7;2025-11-10;3;0
7;2025-11-10;4;0
7;2025-11-10;5;126
7;2025-11-10;6;725
7;2025-11-10;7;1610
7;2025-11-10;8;2382
7;2025-11-10;9;1807
7;2025-11-10;10;1515
7;2025-11-10;11;1362
7;2025-11-10;12;1443
7;2025-11-10;13;1454
7;2025-11-10;14;1490
7;2025-11-10;15;1629
7;2025-11-10;16;1743
7;2025-11-10;17;2245
7;2025-11-10;18;2554
7;2025-11-10;19;1727
7;2025-11-10;20;1107
7;2025-11-10;21;607
7;2025-11-10;22;317
7;2025-11-10;23;189
7;2025-11-11;0;60
7;2025-11-11;1;0
7;2025-11-11;2;0
7;2025-11-11;3;0
7;2025-11-11;4;0
7;2025-11-11;5;128
7;2025-11-11;6;728
7;2025-11-11;7;1611
7;2025-11-11;8;2387
7;2025-11-11;9;1805
7;2025-11-11;10;1572
7;2025-11-11;11;1432
7;2025-11-11;12;1495
7;2025-11-11;13;1489
7;2025-11-11;14;1509
7;2025-11-11;15;1663
7;2025-11-11;16;1720
7;2025-11-11;17;2206
7;2025-11-11;18;2537
7;2025-11-11;19;1783
7;2025-11-11;20;1116
7;2025-11-11;21;661
7;2025-11-11;22;343
7;2025-11-11;23;195
7;2025-11-12;0;62
7;2025-11-12;1;0
7;2025-11-12;2;0
7;2025-11-12;3;0
7;2025-11-12;4;0
7;2025-11-12;5;125
7;2025-11-12;6;705
7;2025-11-12;7;1556
7;2025-11-12;8;2406
7;2025-11-12;9;1833
7;2025-11-12;10;1586
7;2025-11-12;11;1421
7;2025-11-12;12;1486
7;2025-11-12;13;1486
7;2025-11-12;14;1537
7;2025-11-12;15;1687
7;2025-11-12;16;1753
7;2025-11-12;17;2278
7;2025-11-12;18;2497
7;2025-11-12;19;1708
7;2025-11-12;20;1120
7;2025-11-12;21;669
7;2025-11-12;22;369
7;2025-11-12;23;210
7;2025-11-13;0;74
7;2025-11-13;1;0
7;2025-11-13;2;0
7;2025-11-13;3;0
7;2025-11-13;4;0
7;2025-11-13;5;124
7;2025-11-13;6;714
7;2025-11-13;7;1543
7;2025-11-13;8;2338
7;2025-11-13;9;1763
7;2025-11-13;10;1492
7;2025-11-13;11;1406
7;2025-11-13;12;1471
7;2025-11-13;13;1482
7;2025-11-13;14;1557
7;2025-11-13;15;1597
7;2025-11-13;16;1734
7;2025-11-13;17;2166
7;2025-11-13;18;2544
7;2025-11-13;19;1710
7;2025-11-13;20;1090
7;2025-11-13;21;674
7;2025-11-13;22;360
7;2025-11-13;23;213
7;2025-11-14;0;73
7;2025-11-14;1;0
7;2025-11-14;2;0
7;2025-11-14;3;0
7;2025-11-14;4;0
7;2025-11-14;5;117
7;2025-11-14;6;642
7;2025-11-14;7;1478
7;2025-11-14;8;2151
7;2025-11-14;9;1663
7;2025-11-14;10;1453
7;2025-11-14;11;1424
7;2025-11-14;12;1515
7;2025-11-14;13;1592
7;2025-11-14;14;1626
7;2025-11-14;15;1713
7;2025-11-14;16;1898
7;2025-11-14;17;2105
7;2025-11-14;18;1958
7;2025-11-14;19;1484
7;2025-11-14;20;1030
7;2025-11-14;21;650
7;2025-11-14;22;378
7;2025-11-14;23;239
7;2025-11-15;0;67
7;2025-11-15;1;0
7;2025-11-15;2;0
7;2025-11-15;3;0
7;2025-11-15;4;0
7;2025-11-15;5;26
7;2025-11-15;6;199
7;2025-11-15;7;310
7;2025-11-15;8;488
7;2025-11-15;9;526
7;2025-11-15;10;567
7;2025-11-15;11;660
7;2025-11-15;12;743
7;2025-11-15;13;760
7;2025-11-15;14;788
7;2025-11-15;15;738
7;2025-11-15;16;701
7;2025-11-15;17;684
7;2025-11-15;18;674
7;2025-11-15;19;652
7;2025-11-15;20;490
7;2025-11-15;21;395
7;2025-11-15;22;215
7;2025-11-15;23;139
7;2025-11-16;0;79
7;2025-11-16;1;0
7;2025-11-16;2;0
7;2025-11-16;3;0
7;2025-11-16;4;0
7;2025-11-16;5;20
7;2025-11-16;6;143
7;2025-11-16;7;223
7;2025-11-16;8;364
7;2025-11-16;9;448
7;2025-11-16;10;481
7;2025-11-16;11;609
7;2025-11-16;12;670
7;2025-11-16;13;695
7;2025-11-16;14;747
7;2025-11-16;15;715
7;2025-11-16;16;658
7;2025-11-16;17;695
7;2025-11-16;18;638
7;2025-11-16;19;551
7;2025-11-16;20;457
7;2025-11-16;21;361
7;2025-11-16;22;207
7;2025-11-16;23;126
7;2025-11-17;0;80
7;2025-11-17;1;0
7;2025-11-17;2;0
7;2025-11-17;3;0
7;2025-11-17;4;0
7;2025-11-17;5;129
7;2025-11-17;6;744
7;2025-11-17;7;1652
7;2025-11-17;8;2443
7;2025-11-17;9;1854
7;2025-11-17;10;1553
7;2025-11-17;11;1397
7;2025-11-17;12;1480
7;2025-11-17;13;1491
7;2025-11-17;14;1528
7;2025-11-17;15;1671
7;2025-11-17;16;1787
7;2025-11-17;17;2302
7;2025-11-17;18;2620
7;2025-11-17;19;1772
7;2025-11-17;20;1135
7;2025-11-17;21;623
7;2025-11-17;22;325
7;2025-11-17;23;193
7;2025-11-18;0;62
7;2025-11-18;1;0
7;2025-11-18;2;0
7;2025-11-18;3;0
7;2025-11-18;4;0
7;2025-11-18;5;133
7;2025-11-18;6;754
7;2025-11-18;7;1669
7;2025-11-18;8;2473
7;2025-11-18;9;1870
7;2025-11-18;10;1629
7;2025-11-18;11;1483
7;2025-11-18;12;1549
7;2025-11-18;13;1542
7;2025-11-18;14;1564
7;2025-11-18;15;1723
7;2025-11-18;16;1782
7;2025-11-18;17;2286
7;2025-11-18;18;2628
7;2025-11-18;19;1848
7;2025-11-18;20;1156
7;2025-11-18;21;685
7;2025-11-18;22;356
7;2025-11-18;23;202
7;2025-11-19;0;64
7;2025-11-19;1;0
7;2025-11-19;2;0
7;2025-11-19;3;0
7;2025-11-19;4;0
7;2025-11-19;5;127
7;2025-11-19;6;719
7;2025-11-19;7;1588
7;2025-11-19;8;2455
7;2025-11-19;9;1871
7;2025-11-19;10;1618
7;2025-11-19;11;1450
7;2025-11-19;12;1517
7;2025-11-19;13;1516
7;2025-11-19;14;1569
7;2025-11-19;15;1722
7;2025-11-19;16;1789
7;2025-11-19;17;2325
7;2025-11-19;18;2548
7;2025-11-19;19;1743
7;2025-11-19;20;1143
7;2025-11-19;21;683
7;2025-11-19;22;376
7;2025-11-19;23;215
7;2025-11-20;0;76
7;2025-11-20;1;0
7;2025-11-20;2;0
7;2025-11-20;3;0
7;2025-11-20;4;0
7;2025-11-20;5;127
7;2025-11-20;6;732
7;2025-11-20;7;1581
7;2025-11-20;8;2397
7;2025-11-20;9;1807
7;2025-11-20;10;1530
7;2025-11-20;11;1441
7;2025-11-20;12;1508
7;2025-11-20;13;1519
7;2025-11-20;14;1596
7;2025-11-20;15;1637
7;2025-11-20;16;1778
7;2025-11-20;17;2220
7;2025-11-20;18;2608
7;2025-11-20;19;1753
7;2025-11-20;20;1118
7;2025-11-20;21;691
7;2025-11-20;22;369
7;2025-11-20;23;218
7;2025-11-21;0;76
7;2025-11-21;1;0
7;2025-11-21;2;0
7;2025-11-21;3;0
7;2025-11-21;4;0
7;2025-11-21;5;121
7;2025-11-21;6;664
7;2025-11-21;7;1529
7;2025-11-21;8;2225
7;2025-11-21;9;1720
7;2025-11-21;10;1503
7;2025-11-21;11;1473
7;2025-11-21;12;1567
7;2025-11-21;13;1646
7;2025-11-21;14;1682
7;2025-11-21;15;1771
7;2025-11-21;16;1963
7;2025-11-21;17;2177
7;2025-11-21;18;2025
7;2025-11-21;19;1534
7;2025-11-21;20;1065
7;2025-11-21;21;672
7;2025-11-21;22;390
7;2025-11-21;23;247
7;2025-11-22;0;78
7;2025-11-22;1;0
7;2025-11-22;2;0
7;2025-11-22;3;0
7;2025-11-22;4;0
7;2025-11-22;5;30
7;2025-11-22;6;231
7;2025-11-22;7;359
7;2025-11-22;8;566
7;2025-11-22;9;610
7;2025-11-22;10;658
7;2025-11-22;11;766
7;2025-11-22;12;862
7;2025-11-22;13;881
7;2025-11-22;14;914
7;2025-11-22;15;857
7;2025-11-22;16;813
7;2025-11-22;17;794
7;2025-11-22;18;782
7;2025-11-22;19;756
7;2025-11-22;20;568
7;2025-11-22;21;458
7;2025-11-22;22;249
7;2025-11-22;23;161
7;2025-11-23;0;84
7;2025-11-23;1;0
7;2025-11-23;2;0
7;2025-11-23;3;0
7;2025-11-23;4;0
7;2025-11-23;5;21
7;2025-11-23;6;152
7;2025-11-23;7;238
7;2025-11-23;8;389
7;2025-11-23;9;478
7;2025-11-23;10;513
7;2025-11-23;11;650
7;2025-11-23;12;715
7;2025-11-23;13;742
7;2025-11-23;14;797
7;2025-11-23;15;763
7;2025-11-23;16;703
7;2025-11-23;17;742
7;2025-11-23;18;682
7;2025-11-23;19;588
7;2025-11-23;20;487
7;2025-11-23;21;385
7;2025-11-23;22;221
7;2025-11-23;23;134
7;2025-11-24;0;81
7;2025-11-24;1;0
7;2025-11-24;2;0
7;2025-11-24;3;0
7;2025-11-24;4;0
7;2025-11-24;5;130
7;2025-11-24;6;749
7;2025-11-24;7;1664
7;2025-11-24;8;2462
7;2025-11-24;9;1868
7;2025-11-24;10;1565
7;2025-11-24;11;1407
7;2025-11-24;12;1491
7;2025-11-24;13;1502
7;2025-11-24;14;1539
7;2025-11-24;15;1684
7;2025-11-24;16;1801
7;2025-11-24;17;2319
7;2025-11-24;18;2640
7;2025-11-24;19;1785
7;2025-11-24;20;1144
7;2025-11-24;21;628
7;2025-11-24;22;328
7;2025-11-24;23;195
7;2025-11-25;0;62
7;2025-11-25;1;0
7;2025-11-25;2;0
7;2025-11-25;3;0
7;2025-11-25;4;0
7;2025-11-25;5;134
7;2025-11-25;6;758
7;2025-11-25;7;1677
7;2025-11-25;8;2486
7;2025-11-25;9;1879
7;2025-11-25;10;1637
7;2025-11-25;11;1491
7;2025-11-25;12;1557
7;2025-11-25;13;1550
7;2025-11-25;14;1572
7;2025-11-25;15;1732
7;2025-11-25;16;1791
7;2025-11-25;17;2298
7;2025-11-25;18;2642
7;2025-11-25;19;1857
7;2025-11-25;20;1162
7;2025-11-25;21;688
7;2025-11-25;22;357
7;2025-11-25;23;203
7;2025-11-26;0;64
7;2025-11-26;1;0
7;2025-11-26;2;0
7;2025-11-26;3;0
7;2025-11-26;4;0
7;2025-11-26;5;129
7;2025-11-26;6;728
7;2025-11-26;7;1608
7;2025-11-26;8;2486
7;2025-11-26;9;1894
7;2025-11-26;10;1639
7;2025-11-26;11;1468
7;2025-11-26;12;1536
7;2025-11-26;13;1535
7;2025-11-26;14;1588
7;2025-11-26;15;1743
7;2025-11-26;16;1811
7;2025-11-26;17;2354
7;2025-11-26;18;2580
7;2025-11-26;19;1765
7;2025-11-26;20;1157
7;2025-11-26;21;691
7;2025-11-26;22;381
7;2025-11-26;23;217
7;2025-11-27;0;77
7;2025-11-27;1;0
7;2025-11-27;2;0
7;2025-11-27;3;0
7;2025-11-27;4;0
7;2025-11-27;5;128
7;2025-11-27;6;738
7;2025-11-27;7;1594
7;2025-11-27;8;2416
7;2025-11-27;9;1822
7;2025-11-27;10;1542
7;2025-11-27;11;1453
7;2025-11-27;12;1520
7;2025-11-27;13;1531
7;2025-11-27;14;1609
7;2025-11-27;15;1650
7;2025-11-27;16;1792
7;2025-11-27;17;2238
7;2025-11-27;18;2629
7;2025-11-27;19;1767
7;2025-11-27;20;1127
7;2025-11-27;21;696
7;2025-11-27;22;372
7;2025-11-27;23;220
7;2025-11-28;0;76
7;2025-11-28;1;0
7;2025-11-28;2;0
7;2025-11-28;3;0
7;2025-11-28;4;0
7;2025-11-28;5;121
7;2025-11-28;6;665
7;2025-11-28;7;1532
7;2025-11-28;8;2229
7;2025-11-28;9;1723
7;2025-11-28;10;1506
7;2025-11-28;11;1476
7;2025-11-28;12;1570
7;2025-11-28;13;1649
7;2025-11-28;14;1685
7;2025-11-28;15;1775
7;2025-11-28;16;1967
7;2025-11-28;17;2181
7;2025-11-28;18;2029
7;2025-11-28;19;1538
7;2025-11-28;20;1067
7;2025-11-28;21;673
7;2025-11-28;22;391
7;2025-11-28;23;247
7;2025-11-29;0;78
7;2025-11-29;1;0
7;2025-11-29;2;0
7;2025-11-29;3;0
7;2025-11-29;4;0
7;2025-11-29;5;30
7;2025-11-29;6;232
7;2025-11-29;7;361
7;2025-11-29;8;568
7;2025-11-29;9;613
7;2025-11-29;10;660
7;2025-11-29;11;769
7;2025-11-29;12;865
7;2025-11-29;13;885
7;2025-11-29;14;918
7;2025-11-29;15;860
7;2025-11-29;16;816
7;2025-11-29;17;797
7;2025-11-29;18;785
7;2025-11-29;19;759
7;2025-11-29;20;571
7;2025-11-29;21;460
7;2025-11-29;22;250
7;2025-11-29;23;162
7;2025-11-30;0;87
7;2025-11-30;1;0
7;2025-11-30;2;0
7;2025-11-30;3;0
7;2025-11-30;4;0
7;2025-11-30;5;22
7;2025-11-30;6;157
7;2025-11-30;7;246
7;2025-11-30;8;402
7;2025-11-30;9;494
7;2025-11-30;10;530
7;2025-11-30;11;672
7;2025-11-30;12;739
7;2025-11-30;13;767
7;2025-11-30;14;824
7;2025-11-30;15;789
7;2025-11-30;16;727
7;2025-11-30;17;767
7;2025-11-30;18;705
7;2025-11-30;19;608
7;2025-11-30;20;504
7;2025-11-30;21;398
7;2025-11-30;22;228
7;2025-11-30;23;139
7;2025-12-01;0;81
7;2025-12-01;1;0
7;2025-12-01;2;0
7;2025-12-01;3;0
7;2025-12-01;4;0
7;2025-12-01;5;130
7;2025-12-01;6;750
7;2025-12-01;7;1664
7;2025-12-01;8;2462
7;2025-12-01;9;1868
7;2025-12-01;10;1565
7;2025-12-01;11;1407
7;2025-12-01;12;1492
7;2025-12-01;13;1502
7;2025-12-01;14;1540
7;2025-12-01;15;1684
7;2025-12-01;16;1801
7;2025-12-01;17;2320
7;2025-12-01;18;2640
7;2025-12-01;19;1785
7;2025-12-01;20;1144
7;2025-12-01;21;628
7;2025-12-01;22;328
7;2025-12-01;23;195
7;2025-12-02;0;62
7;2025-12-02;1;0
7;2025-12-02;2;0
7;2025-12-02;3;0
7;2025-12-02;4;0
7;2025-12-02;5;133
7;2025-12-02;6;756
7;2025-12-02;7;1672
7;2025-12-02;8;2477
7;2025-12-02;9;1873
7;2025-12-02;10;1632
7;2025-12-02;11;1486
7;2025-12-02;12;1551
7;2025-12-02;13;1545
7;2025-12-02;14;1566
7;2025-12-02;15;1726
7;2025-12-02;16;1785
7;2025-12-02;17;2290
7;2025-12-02;18;2632
7;2025-12-02;19;1851
7;2025-12-02;20;1158
7;2025-12-02;21;686
7;2025-12-02;22;356
7;2025-12-02;23;203
7;2025-12-03;0;64
7;2025-12-03;1;0
7;2025-12-03;2;0
7;2025-12-03;3;0
7;2025-12-03;4;0
7;2025-12-03;5;127
7;2025-12-03;6;718
7;2025-12-03;7;1586
7;2025-12-03;8;2451
7;2025-12-03;9;1868
7;2025-12-03;10;1616
7;2025-12-03;11;1448
7;2025-12-03;12;1514
7;2025-12-03;13;1514
7;2025-12-03;14;1566
7;2025-12-03;15;1719
7;2025-12-03;16;1786
7;2025-12-03;17;2321
7;2025-12-03;18;2544
7;2025-12-03;19;1741
7;2025-12-03;20;1141
7;2025-12-03;21;682
7;2025-12-03;22;376
7;2025-12-03;23;214
7;2025-12-04;0;76
7;2025-12-04;1;0
7;2025-12-04;2;0
7;2025-12-04;3;0
7;2025-12-04;4;0
7;2025-12-04;5;126
7;2025-12-04;6;729
7;2025-12-04;7;1575
7;2025-12-04;8;2388
7;2025-12-04;9;1801
7;2025-12-04;10;1524
7;2025-12-04;11;1436
7;2025-12-04;12;1502
7;2025-12-04;13;1514
7;2025-12-04;14;1590
7;2025-12-04;15;1631
7;2025-12-04;16;1771
7;2025-12-04;17;2212
7;2025-12-04;18;2598
7;2025-12-04;19;1746
7;2025-12-04;20;1114
7;2025-12-04;21;688
7;2025-12-04;22;368
7;2025-12-04;23;217
7;2025-12-05;0;75
7;2025-12-05;1;0
7;2025-12-05;2;0
7;2025-12-05;3;0
7;2025-12-05;4;0
7;2025-12-05;5;120
7;2025-12-05;6;658
7;2025-12-05;7;1517
7;2025-12-05;8;2207
7;2025-12-05;9;1706
7;2025-12-05;10;1491
7;2025-12-05;11;1461
7;2025-12-05;12;1554
7;2025-12-05;13;1633
7;2025-12-05;14;1668
7;2025-12-05;15;1757
7;2025-12-05;16;1947
7;2025-12-05;17;2160
7;2025-12-05;18;2009
7;2025-12-05;19;1522
7;2025-12-05;20;1056
7;2025-12-05;21;666
7;2025-12-05;22;387
7;2025-12-05;23;245
7;2025-12-06;0;75
7;2025-12-06;1;0
7;2025-12-06;2;0
7;2025-12-06;3;0
7;2025-12-06;4;0
7;2025-12-06;5;29
7;2025-12-06;6;223
7;2025-12-06;7;348
7;2025-12-06;8;548
7;2025-12-06;9;591
7;2025-12-06;10;637
7;2025-12-06;11;742
7;2025-12-06;12;835
7;2025-12-06;13;853
7;2025-12-06;14;885
7;2025-12-06;15;830
7;2025-12-06;16;787
7;2025-12-06;17;769
7;2025-12-06;18;757
7;2025-12-06;19;732
7;2025-12-06;20;550
7;2025-12-06;21;443
7;2025-12-06;22;241
7;2025-12-06;23;156
7;2025-12-07;0;86
7;2025-12-07;1;0
7;2025-12-07;2;0
7;2025-12-07;3;0
7;2025-12-07;4;0
7;2025-12-07;5;22
7;2025-12-07;6;155
7;2025-12-07;7;243
7;2025-12-07;8;396
7;2025-12-07;9;487
7;2025-12-07;10;523
7;2025-12-07;11;663
7;2025-12-07;12;729
7;2025-12-07;13;757
7;2025-12-07;14;813
7;2025-12-07;15;779
7;2025-12-07;16;717
7;2025-12-07;17;757
7;2025-12-07;18;695
7;2025-12-07;19;600
7;2025-12-07;20;497
7;2025-12-07;21;393
7;2025-12-07;22;225
7;2025-12-07;23;137
7;2025-12-08;0;79
7;2025-12-08;1;0
7;2025-12-08;2;0
7;2025-12-08;3;0
7;2025-12-08;4;0
7;2025-12-08;5;127
7;2025-12-08;6;731
7;2025-12-08;7;1624
7;2025-12-08;8;2402
7;2025-12-08;9;1823
7;2025-12-08;10;1527
7;2025-12-08;11;1373
7;2025-12-08;12;1455
7;2025-12-08;13;1466
7;2025-12-08;14;1502
7;2025-12-08;15;1643
7;2025-12-08;16;1757
7;2025-12-08;17;2264
7;2025-12-08;18;2576
7;2025-12-08;19;1742
7;2025-12-08;20;1116
7;2025-12-08;21;613
7;2025-12-08;22;320
7;2025-12-08;23;190
7;2025-12-09;0;61
7;2025-12-09;1;0
7;2025-12-09;2;0
7;2025-12-09;3;0
7;2025-12-09;4;0
7;2025-12-09;5;131
7;2025-12-09;6;745
7;2025-12-09;7;1648
7;2025-12-09;8;2442
7;2025-12-09;9;1846
7;2025-12-09;10;1608
7;2025-12-09;11;1464
7;2025-12-09;12;1529
7;2025-12-09;13;1523
7;2025-12-09;14;1544
7;2025-12-09;15;1701
7;2025-12-09;16;1759
7;2025-12-09;17;2257
7;2025-12-09;18;2595
7;2025-12-09;19;1824
7;2025-12-09;20;1142
7;2025-12-09;21;676
7;2025-12-09;22;351
7;2025-12-09;23;200
7;2025-12-10;0;63
7;2025-12-10;1;0
7;2025-12-10;2;0
7;2025-12-10;3;0
7;2025-12-10;4;0
7;2025-12-10;5;127
7;2025-12-10;6;717
7;2025-12-10;7;1584
7;2025-12-10;8;2449
7;2025-12-10;9;1866
7;2025-12-10;10;1614
7;2025-12-10;11;1447
7;2025-12-10;12;1513
7;2025-12-10;13;1513
7;2025-12-10;14;1565
7;2025-12-10;15;1718
7;2025-12-10;16;1785
7;2025-12-10;17;2319
7;2025-12-10;18;2542
7;2025-12-10;19;1739
7;2025-12-10;20;1140
7;2025-12-10;21;681
7;2025-12-10;22;375
7;2025-12-10;23;214
7;2025-12-11;0;76
7;2025-12-11;1;0
7;2025-12-11;2;0
7;2025-12-11;3;0
7;2025-12-11;4;0
7;2025-12-11;5;126
7;2025-12-11;6;728
7;2025-12-11;7;1573
7;2025-12-11;8;2384
7;2025-12-11;9;1798
7;2025-12-11;10;1521
7;2025-12-11;11;1433
7;2025-12-11;12;1500
7;2025-12-11;13;1511
7;2025-12-11;14;1587
7;2025-12-11;15;1628
7;2025-12-11;16;1768
7;2025-12-11;17;2208
7;2025-12-11;18;2594
7;2025-12-11;19;1743
7;2025-12-11;20;1112
7;2025-12-11;21;687
7;2025-12-11;22;367
7;2025-12-11;23;217
7;2025-12-12;0;75
7;2025-12-12;1;0
7;2025-12-12;2;0
7;2025-12-12;3;0
7;2025-12-12;4;0
7;2025-12-12;5;119
7;2025-12-12;6;653
7;2025-12-12;7;1504
7;2025-12-12;8;2188
7;2025-12-12;9;1692
7;2025-12-12;10;1478
7;2025-12-12;11;1449
7;2025-12-12;12;1541
7;2025-12-12;13;1619
7;2025-12-12;14;1654
7;2025-12-12;15;1742
7;2025-12-12;16;1931
7;2025-12-12;17;2141
7;2025-12-12;18;1992
7;2025-12-12;19;1509
7;2025-12-12;20;1047
7;2025-12-12;21;661
7;2025-12-12;22;384
7;2025-12-12;23;243
7;2025-12-13;0;78
7;2025-12-13;1;0
7;2025-12-13;2;0
7;2025-12-13;3;0
7;2025-12-13;4;0
7;2025-12-13;5;30
7;2025-12-13;6;232
7;2025-12-13;7;361
7;2025-12-13;8;569
7;2025-12-13;9;614
7;2025-12-13;10;661
7;2025-12-13;11;771
7;2025-12-13;12;867
7;2025-12-13;13;886
7;2025-12-13;14;920
7;2025-12-13;15;862
7;2025-12-13;16;818
7;2025-12-13;17;799
7;2025-12-13;18;786
7;2025-12-13;19;761
7;2025-12-13;20;572
7;2025-12-13;21;460
7;2025-12-13;22;251
7;2025-12-13;23;162
7;2025-12-14;0;88
7;2025-12-14;1;0
7;2025-12-14;2;0
7;2025-12-14;3;0
7;2025-12-14;4;0
7;2025-12-14;5;22
7;2025-12-14;6;159
7;2025-12-14;7;248
7;2025-12-14;8;405
7;2025-12-14;9;498
7;2025-12-14;10;535
7;2025-12-14;11;678
7;2025-12-14;12;745
7;2025-12-14;13;773
7;2025-12-14;14;831
7;2025-12-14;15;795
7;2025-12-14;16;732
7;2025-12-14;17;773
7;2025-12-14;18;710
7;2025-12-14;19;613
7;2025-12-14;20;508
7;2025-12-14;21;401
7;2025-12-14;22;230
7;2025-12-14;23;140
7;2025-12-15;0;77
7;2025-12-15;1;0
7;2025-12-15;2;0
7;2025-12-15;3;0
7;2025-12-15;4;0
7;2025-12-15;5;124
7;2025-12-15;6;717
7;2025-12-15;7;1592
7;2025-12-15;8;2356
7;2025-12-15;9;1787
7;2025-12-15;10;1498
7;2025-12-15;11;1346
7;2025-12-15;12;1427
7;2025-12-15;13;1437
7;2025-12-15;14;1473
7;2025-12-15;15;1611
7;2025-12-15;16;1723
7;2025-12-15;17;2219
7;2025-12-15;18;2526
7;2025-12-15;19;1708
7;2025-12-15;20;1095
7;2025-12-15;21;601
7;2025-12-15;22;313
7;2025-12-15;23;186
7;2025-12-16;0;60
7;2025-12-16;1;0
7;2025-12-16;2;0
7;2025-12-16;3;0
7;2025-12-16;4;0
7;2025-12-16;5;129
7;2025-12-16;6;730
7;2025-12-16;7;1614
7;2025-12-16;8;2392
7;2025-12-16;9;1808
7;2025-12-16;10;1575
7;2025-12-16;11;1434
7;2025-12-16;12;1498
7;2025-12-16;13;1491
7;2025-12-16;14;1512
7;2025-12-16;15;1666
7;2025-12-16;16;1723
7;2025-12-16;17;2211
7;2025-12-16;18;2542
7;2025-12-16;19;1787
7;2025-12-16;20;1118
7;2025-12-16;21;662
7;2025-12-16;22;344
7;2025-12-16;23;196
7;2025-12-17;0;62
7;2025-12-17;1;0
7;2025-12-17;2;0
7;2025-12-17;3;0
7;2025-12-17;4;0
7;2025-12-17;5;124
7;2025-12-17;6;702
7;2025-12-17;7;1551
7;2025-12-17;8;2398
7;2025-12-17;9;1827
7;2025-12-17;10;1580
7;2025-12-17;11;1416
7;2025-12-17;12;1481
7;2025-12-17;13;1481
7;2025-12-17;14;1532
7;2025-12-17;15;1681
7;2025-12-17;16;1747
7;2025-12-17;17;2270
7;2025-12-17;18;2488
7;2025-12-17;19;1702
7;2025-12-17;20;1116
7;2025-12-17;21;667
7;2025-12-17;22;368
7;2025-12-17;23;210
7;2025-12-18;0;73
7;2025-12-18;1;0
7;2025-12-18;2;0
7;2025-12-18;3;0
7;2025-12-18;4;0
7;2025-12-18;5;122
7;2025-12-18;6;704
7;2025-12-18;7;1522
7;2025-12-18;8;2307
7;2025-12-18;9;1739
7;2025-12-18;10;1472
7;2025-12-18;11;1387
7;2025-12-18;12;1451
7;2025-12-18;13;1462
7;2025-12-18;14;1536
7;2025-12-18;15;1575
7;2025-12-18;16;1711
7;2025-12-18;17;2136
7;2025-12-18;18;2510
7;2025-12-18;19;1687
7;2025-12-18;20;1076
7;2025-12-18;21;665
7;2025-12-18;22;355
7;2025-12-18;23;210
7;2025-12-19;0;72
7;2025-12-19;1;0
7;2025-12-19;2;0
7;2025-12-19;3;0
7;2025-12-19;4;0
7;2025-12-19;5;115
7;2025-12-19;6;633
7;2025-12-19;7;1458
7;2025-12-19;8;2122
7;2025-12-19;9;1640
7;2025-12-19;10;1433
7;2025-12-19;11;1405
7;2025-12-19;12;1494
7;2025-12-19;13;1570
7;2025-12-19;14;1604
7;2025-12-19;15;1689
7;2025-12-19;16;1872
7;2025-12-19;17;2076
7;2025-12-19;18;1931
7;2025-12-19;19;1463
7;2025-12-19;20;1015
7;2025-12-19;21;641
7;2025-12-19;22;372
7;2025-12-19;23;235
7;2025-12-20;0;75
7;2025-12-20;1;0
7;2025-12-20;2;0
7;2025-12-20;3;0
7;2025-12-20;4;0
7;2025-12-20;5;29
7;2025-12-20;6;223
7;2025-12-20;7;347
7;2025-12-20;8;547
7;2025-12-20;9;590
7;2025-12-20;10;636
7;2025-12-20;11;741
7;2025-12-20;12;833
7;2025-12-20;13;852
7;2025-12-20;14;884
7;2025-12-20;15;828
7;2025-12-20;16;786
7;2025-12-20;17;768
7;2025-12-20;18;756
7;2025-12-20;19;731
7;2025-12-20;20;550
7;2025-12-20;21;443
7;2025-12-20;22;241
7;2025-12-20;23;156
7;2025-12-21;0;86
7;2025-12-21;1;0
7;2025-12-21;2;0
7;2025-12-21;3;0
7;2025-12-21;4;0
7;2025-12-21;5;22
7;2025-12-21;6;156
7;2025-12-21;7;244
7;2025-12-21;8;398
7;2025-12-21;9;489
7;2025-12-21;10;525
7;2025-12-21;11;666
7;2025-12-21;12;732
7;2025-12-21;13;760
7;2025-12-21;14;816
7;2025-12-21;15;781
7;2025-12-21;16;719
7;2025-12-21;17;759
7;2025-12-21;18;698
7;2025-12-21;19;602
7;2025-12-21;20;499
7;2025-12-21;21;394
7;2025-12-21;22;226
7;2025-12-21;23;137
7;2025-12-22;0;74
7;2025-12-22;1;0
7;2025-12-22;2;0
7;2025-12-22;3;0
7;2025-12-22;4;0
7;2025-12-22;5;119
7;2025-12-22;6;685
7;2025-12-22;7;1522
7;2025-12-22;8;2252
7;2025-12-22;9;1708
7;2025-12-22;10;1432
7;2025-12-22;11;1287
7;2025-12-22;12;1364
7;2025-12-22;13;1374
7;2025-12-22;14;1408
7;2025-12-22;15;1540
7;2025-12-22;16;1647
7;2025-12-22;17;2122
7;2025-12-22;18;2415
7;2025-12-22;19;1633
7;2025-12-22;20;1046
7;2025-12-22;21;574
7;2025-12-22;22;300
7;2025-12-22;23;178
7;2025-12-23;0;58
7;2025-12-23;1;0
7;2025-12-23;2;0
7;2025-12-23;3;0
7;2025-12-23;4;0
7;2025-12-23;5;124
7;2025-12-23;6;704
7;2025-12-23;7;1556
7;2025-12-23;8;2306
7;2025-12-23;9;1744
7;2025-12-23;10;1519
7;2025-12-23;11;1383
7;2025-12-23;12;1444
7;2025-12-23;13;1438
7;2025-12-23;14;1458
7;2025-12-23;15;1607
7;2025-12-23;16;1662
7;2025-12-23;17;2132
7;2025-12-23;18;2451
7;2025-12-23;19;1723
7;2025-12-23;20;1078
7;2025-12-23;21;639
7;2025-12-23;22;332
7;2025-12-23;23;189
7;2025-12-24;0;59
7;2025-12-24;1;0
7;2025-12-24;2;0
7;2025-12-24;3;0
7;2025-12-24;4;0
7;2025-12-24;5;118
7;2025-12-24;6;665
7;2025-12-24;7;1469
7;2025-12-24;8;2272
7;2025-12-24;9;1731
7;2025-12-24;10;1497
7;2025-12-24;11;1342
7;2025-12-24;12;1403
7;2025-12-24;13;1403
7;2025-12-24;14;1452
7;2025-12-24;15;1593
7;2025-12-24;16;1655
7;2025-12-24;17;2151
7;2025-12-24;18;2358
7;2025-12-24;19;1613
7;2025-12-24;20;1057
7;2025-12-24;21;632
7;2025-12-24;22;348
7;2025-12-24;23;199
7;2025-12-25;0;70
7;2025-12-25;1;0
7;2025-12-25;2;0
7;2025-12-25;3;0
7;2025-12-25;4;0
7;2025-12-25;5;117
7;2025-12-25;6;675
7;2025-12-25;7;1459
7;2025-12-25;8;2211
7;2025-12-25;9;1667
7;2025-12-25;10;1411
7;2025-12-25;11;1329
7;2025-12-25;12;1391
7;2025-12-25;13;1401
7;2025-12-25;14;1472
7;2025-12-25;15;1510
7;2025-12-25;16;1640
7;2025-12-25;17;2048
7;2025-12-25;18;2405
7;2025-12-25;19;1617
7;2025-12-25;20;1031
7;2025-12-25;21;637
7;2025-12-25;22;340
7;2025-12-25;23;201
7;2025-12-26;0;70
7;2025-12-26;1;0
7;2025-12-26;2;0
7;2025-12-26;3;0
7;2025-12-26;4;0
7;2025-12-26;5;111
7;2025-12-26;6;612
7;2025-12-26;7;1410
7;2025-12-26;8;2052
7;2025-12-26;9;1586
7;2025-12-26;10;1386
7;2025-12-26;11;1358
7;2025-12-26;12;1445
7;2025-12-26;13;1518
7;2025-12-26;14;1551
7;2025-12-26;15;1633
7;2025-12-26;16;1811
7;2025-12-26;17;2008
7;2025-12-26;18;1868
7;2025-12-26;19;1415
7;2025-12-26;20;982
7;2025-12-26;21;620
7;2025-12-26;22;360
7;2025-12-26;23;228
7;2025-12-27;0;76
7;2025-12-27;1;0
7;2025-12-27;2;0
7;2025-12-27;3;0
7;2025-12-27;4;0
7;2025-12-27;5;30
7;2025-12-27;6;227
7;2025-12-27;7;354
7;2025-12-27;8;557
7;2025-12-27;9;601
7;2025-12-27;10;648
7;2025-12-27;11;754
7;2025-12-27;12;849
7;2025-12-27;13;868
7;2025-12-27;14;900
7;2025-12-27;15;843
7;2025-12-27;16;801
7;2025-12-27;17;782
7;2025-12-27;18;769
7;2025-12-27;19;744
7;2025-12-27;20;560
7;2025-12-27;21;451
7;2025-12-27;22;245
7;2025-12-27;23;159
7;2025-12-28;0;87
7;2025-12-28;1;0
7;2025-12-28;2;0
7;2025-12-28;3;0
7;2025-12-28;4;0
7;2025-12-28;5;22
7;2025-12-28;6;157
7;2025-12-28;7;245
7;2025-12-28;8;400
7;2025-12-28;9;492
7;2025-12-28;10;528
7;2025-12-28;11;669
7;2025-12-28;12;736
7;2025-12-28;13;764
7;2025-12-28;14;821
7;2025-12-28;15;786
7;2025-12-28;16;723
7;2025-12-28;17;764
7;2025-12-28;18;702
7;2025-12-28;19;606
7;2025-12-28;20;502
7;2025-12-28;21;396
7;2025-12-28;22;227
7;2025-12-28;23;138
7;2025-12-29;0;72
7;2025-12-29;1;0
7;2025-12-29;2;0
7;2025-12-29;3;0
7;2025-12-29;4;0
7;2025-12-29;5;117
7;2025-12-29;6;673
7;2025-12-29;7;1494
7;2025-12-29;8;2211
7;2025-12-29;9;1677
7;2025-12-29;10;1405
7;2025-12-29;11;1264
7;2025-12-29;12;1339
7;2025-12-29;13;1349
7;2025-12-29;14;1382
7;2025-12-29;15;1512
7;2025-12-29;16;1617
7;2025-12-29;17;2083
7;2025-12-29;18;2370
7;2025-12-29;19;1603
7;2025-12-29;20;1027
7;2025-12-29;21;564
7;2025-12-29;22;294
7;2025-12-29;23;175
7;2025-12-30;0;56
7;2025-12-30;1;0
7;2025-12-30;2;0
7;2025-12-30;3;0
7;2025-12-30;4;0
7;2025-12-30;5;120
7;2025-12-30;6;681
7;2025-12-30;7;1507
7;2025-12-30;8;2233
7;2025-12-30;9;1688
7;2025-12-30;10;1471
7;2025-12-30;11;1339
7;2025-12-30;12;1398
7;2025-12-30;13;1393
7;2025-12-30;14;1412
7;2025-12-30;15;1556
7;2025-12-30;16;1609
7;2025-12-30;17;2064
7;2025-12-30;18;2373
7;2025-12-30;19;1668
7;2025-12-30;20;1044
7;2025-12-30;21;618
7;2025-12-30;22;321
7;2025-12-30;23;183
7;2025-12-31;0;57
7;2025-12-31;1;0
7;2025-12-31;2;0
7;2025-12-31;3;0
7;2025-12-31;4;0
7;2025-12-31;5;114
7;2025-12-31;6;645
7;2025-12-31;7;1423
7;2025-12-31;8;2201
7;2025-12-31;9;1677
7;2025-12-31;10;1451
7;2025-12-31;11;1300
7;2025-12-31;12;1360
7;2025-12-31;13;1359
7;2025-12-31;14;1406
7;2025-12-31;15;1543
7;2025-12-31;16;1604
7;2025-12-31;17;2084
7;2025-12-31;18;2284
7;2025-12-31;19;1563
7;2025-12-31;20;1024
7;2025-12-31;21;612
7;2025-12-31;22;337
7;2025-12-31;23;192
11;2025-11-01;0;103
11;2025-11-01;1;0
11;2025-11-01;2;0
11;2025-11-01;3;0
11;2025-11-01;4;0
11;2025-11-01;5;181
11;2025-11-01;6;798
11;2025-11-01;7;708
11;2025-11-01;8;957
11;2025-11-01;9;1116
11;2025-11-01;10;1212
11;2025-11-01;11;1585
11;2025-11-01;12;1749
11;2025-11-01;13;1659
11;2025-11-01;14;1686
11;2025-11-01;15;1688
11;2025-11-01;16;1716
11;2025-11-01;17;1744
11;2025-11-01;18;1535
11;2025-11-01;19;1482
11;2025-11-01;20;1152
11;2025-11-01;21;810
11;2025-11-01;22;469
11;2025-11-01;23;322
11;2025-11-02;0;111
11;2025-11-02;1;0
11;2025-11-02;2;0
11;2025-11-02;3;0
11;2025-11-02;4;0
11;2025-11-02;5;102
11;2025-11-02;6;522
11;2025-11-02;7;521
11;2025-11-02;8;675
11;2025-11-02;9;909
11;2025-11-02;10;1023
11;2025-11-02;11;1414
11;2025-11-02;12;1548
11;2025-11-02;13;1470
11;2025-11-02;14;1531
11;2025-11-02;15;1599
11;2025-11-02;16;1549
11;2025-11-02;17;1637
11;2025-11-02;18;1367
11;2025-11-02;19;1163
11;2025-11-02;20;965
11;2025-11-02;21;697
11;2025-11-02;22;408
11;2025-11-02;23;258
11;2025-11-03;0;81
11;2025-11-03;1;0
11;2025-11-03;2;0
11;2025-11-03;3;0
11;2025-11-03;4;0
11;2025-11-03;5;268
11;2025-11-03;6;1344
11;2025-11-03;7;2218
11;2025-11-03;8;2909
11;2025-11-03;9;2268
11;2025-11-03;10;1714
11;2025-11-03;11;1747
11;2025-11-03;12;1680
11;2025-11-03;13;1788
11;2025-11-03;14;1776
11;2025-11-03;15;1904
11;2025-11-03;16;2134
11;2025-11-03;17;2664
11;2025-11-03;18;3049
11;2025-11-03;19;2300
11;2025-11-03;20;1532
11;2025-11-03;21;882
11;2025-11-03;22;447
11;2025-11-03;23;230
11;2025-11-04;0;68
11;2025-11-04;1;0
11;2025-11-04;2;0
11;2025-11-04;3;0
11;2025-11-04;4;0
11;2025-11-04;5;255
11;2025-11-04;6;1351
11;2025-11-04;7;2299
11;2025-11-04;8;3023
11;2025-11-04;9;2344
11;2025-11-04;10;1802
11;2025-11-04;11;1753
11;2025-11-04;12;1747
11;2025-11-04;13;1872
11;2025-11-04;14;1882
11;2025-11-04;15;1947
11;2025-11-04;16;2161
11;2025-11-04;17;2727
11;2025-11-04;18;3035
11;2025-11-04;19;2307
11;2025-11-04;20;1549
11;2025-11-04;21;910
11;2025-11-04;22;459
11;2025-11-04;23;244
11;2025-11-05;0;68
11;2025-11-05;1;0
11;2025-11-05;2;0
11;2025-11-05;3;0
11;2025-11-05;4;0
11;2025-11-05;5;264
11;2025-11-05;6;1297
11;2025-11-05;7;2265
11;2025-11-05;8;3002
11;2025-11-05;9;2273
11;2025-11-05;10;1805
11;2025-11-05;11;1828
11;2025-11-05;12;1851
11;2025-11-05;13;1940
11;2025-11-05;14;1892
11;2025-11-05;15;1957
11;2025-11-05;16;2097
11;2025-11-05;17;2704
11;2025-11-05;18;3017
11;2025-11-05;19;2308
11;2025-11-05;20;1564
11;2025-11-05;21;932
11;2025-11-05;22;480
11;2025-11-05;23;261
11;2025-11-06;0;75
11;2025-11-06;1;0
11;2025-11-06;2;0
11;2025-11-06;3;0
11;2025-11-06;4;0
11;2025-11-06;5;266
11;2025-11-06;6;1326
11;2025-11-06;7;2219
11;2025-11-06;8;2830
11;2025-11-06;9;2326
11;2025-11-06;10;1879
11;2025-11-06;11;1795
11;2025-11-06;12;1844
11;2025-11-06;13;1951
11;2025-11-06;14;1915
11;2025-11-06;15;1976
11;2025-11-06;16;2164
11;2025-11-06;17;2681
11;2025-11-06;18;3015
11;2025-11-06;19;2287
11;2025-11-06;20;1547
11;2025-11-06;21;952
11;2025-11-06;22;505
11;2025-11-06;23;276
11;2025-11-07;0;81
11;2025-11-07;1;0
11;2025-11-07;2;0
11;2025-11-07;3;0
11;2025-11-07;4;0
11;2025-11-07;5;264
11;2025-11-07;6;1307
11;2025-11-07;7;2147
11;2025-11-07;8;2800
11;2025-11-07;9;2238
11;2025-11-07;10;1814
11;2025-11-07;11;1811
11;2025-11-07;12;1851
11;2025-11-07;13;1902
11;2025-11-07;14;1982
11;2025-11-07;15;2139
11;2025-11-07;16;2370
11;2025-11-07;17;2790
11;2025-11-07;18;2500
11;2025-11-07;19;2105
11;2025-11-07;20;1510
11;2025-11-07;21;960
11;2025-11-07;22;515
11;2025-11-07;23;319
11;2025-11-08;0;103
11;2025-11-08;1;0
11;2025-11-08;2;0
11;2025-11-08;3;0
11;2025-11-08;4;0
11;2025-11-08;5;181
11;2025-11-08;6;796
11;2025-11-08;7;706
11;2025-11-08;8;955
11;2025-11-08;9;1113
11;2025-11-08;10;1210
11;2025-11-08;11;1582
11;2025-11-08;12;1746
11;2025-11-08;13;1656
11;2025-11-08;14;1683
11;2025-11-08;15;1685
11;2025-11-08;16;1712
11;2025-11-08;17;1740
11;2025-11-08;18;1531
11;2025-11-08;19;1479
11;2025-11-08;20;1150
11;2025-11-08;21;809
11;2025-11-08;22;468
11;2025-11-08;23;321
11;2025-11-09;0;110
11;2025-11-09;1;0
11;2025-11-09;2;0
11;2025-11-09;3;0
11;2025-11-09;4;0
11;2025-11-09;5;101
11;2025-11-09;6;516
11;2025-11-09;7;514
11;2025-11-09;8;667
11;2025-11-09;9;898
11;2025-11-09;10;1010
11;2025-11-09;11;1397
11;2025-11-09;12;1528
11;2025-11-09;13;1452
11;2025-11-09;14;1512
11;2025-11-09;15;1579
11;2025-11-09;16;1530
11;2025-11-09;17;1617
11;2025-11-09;18;1350
11;2025-11-09;19;1149
11;2025-11-09;20;953
11;2025-11-09;21;688
11;2025-11-09;22;403
11;2025-11-09;23;255
11;2025-11-10;0;81
11;2025-11-10;1;0
11;2025-11-10;2;0
11;2025-11-10;3;0
11;2025-11-10;4;0
11;2025-11-10;5;266
11;2025-11-10;6;1336
11;2025-11-10;7;2205
11;2025-11-10;8;2892
11;2025-11-10;9;2255
11;2025-11-10;10;1704
11;2025-11-10;11;1736
11;2025-11-10;12;1670
11;2025-11-10;13;1777
11;2025-11-10;14;1766
11;2025-11-10;15;1893
11;2025-11-10;16;2121
11;2025-11-10;17;2648
11;2025-11-10;18;3031
11;2025-11-10;19;2287
11;2025-11-10;20;1523
11;2025-11-10;21;877
11;2025-11-10;22;445
11;2025-11-10;23;228
11;2025-11-11;0;68
11;2025-11-11;1;0
11;2025-11-11;2;0
11;2025-11-11;3;0
11;2025-11-11;4;0
11;2025-11-11;5;255
11;2025-11-11;6;1351
11;2025-11-11;7;2299
11;2025-11-11;8;3023
11;2025-11-11;9;2344
11;2025-11-11;10;1802
11;2025-11-11;11;1753
11;2025-11-11;12;1746
11;2025-11-11;13;1872
11;2025-11-11;14;1882
11;2025-11-11;15;1947
11;2025-11-11;16;2160
11;2025-11-11;17;2727
11;2025-11-11;18;3035
11;2025-11-11;19;2307
11;2025-11-11;20;1549
11;2025-11-11;21;910
11;2025-11-11;22;459
11;2025-11-11;23;244
11;2025-11-12;0;69
11;2025-11-12;1;0
11;2025-11-12;2;0
11;2025-11-12;3;0
11;2025-11-12;4;0
11;2025-11-12;5;265
11;2025-11-12;6;1300
11;2025-11-12;7;2270
11;2025-11-12;8;3010
11;2025-11-12;9;2278
11;2025-11-12;10;1810
11;2025-11-12;11;1833
11;2025-11-12;12;1856
11;2025-11-12;13;1945
11;2025-11-12;14;1897
11;2025-11-12;15;1962
11;2025-11-12;16;2102
11;2025-11-12;17;2711
11;2025-11-12;18;3024
11;2025-11-12;19;2314
11;2025-11-12;20;1568
11;2025-11-12;21;935
11;2025-11-12;22;481
11;2025-11-12;23;262
11;2025-11-13;0;75
11;2025-11-13;1;0
11;2025-11-13;2;0
11;2025-11-13;3;0
11;2025-11-13;4;0
11;2025-11-13;5;267
11;2025-11-13;6;1331
11;2025-11-13;7;2228
11;2025-11-13;8;2841
11;2025-11-13;9;2335
11;2025-11-13;10;1887
11;2025-11-13;11;1802
11;2025-11-13;12;1852
11;2025-11-13;13;1959
11;2025-11-13;14;1923
11;2025-11-13;15;1984
11;2025-11-13;16;2173
11;2025-11-13;17;2692
11;2025-11-13;18;3028
11;2025-11-13;19;2297
11;2025-11-13;20;1553
11;2025-11-13;21;956
11;2025-11-13;22;507
11;2025-11-13;23;277
11;2025-11-14;0;81
11;2025-11-14;1;0
11;2025-11-14;2;0
11;2025-11-14;3;0
11;2025-11-14;4;0
11;2025-11-14;5;265
11;2025-11-14;6;1314
11;2025-11-14;7;2158
11;2025-11-14;8;2814
11;2025-11-14;9;2250
11;2025-11-14;10;1823
11;2025-11-14;11;1820
11;2025-11-14;12;1860
11;2025-11-14;13;1912
11;2025-11-14;14;1993
11;2025-11-14;15;2150
11;2025-11-14;16;2382
11;2025-11-14;17;2804
11;2025-11-14;18;2513
11;2025-11-14;19;2116
11;2025-11-14;20;1518
11;2025-11-14;21;965
11;2025-11-14;22;518
11;2025-11-14;23;321
11;2025-11-15;0;104
11;2025-11-15;1;0
11;2025-11-15;2;0
11;2025-11-15;3;0
11;2025-11-15;4;0
11;2025-11-15;5;182
11;2025-11-15;6;804
11;2025-11-15;7;713
11;2025-11-15;8;965
11;2025-11-15;9;1124
11;2025-11-15;10;1221
11;2025-11-15;11;1597
11;2025-11-15;12;1763
11;2025-11-15;13;1672
11;2025-11-15;14;1699
11;2025-11-15;15;1701
11;2025-11-15;16;1729
11;2025-11-15;17;1757
11;2025-11-15;18;1546
11;2025-11-15;19;1493
11;2025-11-15;20;1161
11;2025-11-15;21;817
11;2025-11-15;22;473
11;2025-11-15;23;324
11;2025-11-16;0;111
11;2025-11-16;1;0
11;2025-11-16;2;0
11;2025-11-16;3;0
11;2025-11-16;4;0
11;2025-11-16;5;102
11;2025-11-16;6;521
11;2025-11-16;7;519
11;2025-11-16;8;673
11;2025-11-16;9;907
11;2025-11-16;10;1020
11;2025-11-16;11;1410
11;2025-11-16;12;1544
11;2025-11-16;13;1466
11;2025-11-16;14;1527
11;2025-11-16;15;1595
11;2025-11-16;16;1545
11;2025-11-16;17;1633
11;2025-11-16;18;1364
11;2025-11-16;19;1160
11;2025-11-16;20;963
11;2025-11-16;21;695
11;2025-11-16;22;407
11;2025-11-16;23;257
11;2025-11-17;0;82
11;2025-11-17;1;0
11;2025-11-17;2;0
11;2025-11-17;3;0
11;2025-11-17;4;0
11;2025-11-17;5;271
11;2025-11-17;6;1361
11;2025-11-17;7;2247
11;2025-11-17;8;2946
11;2025-11-17;9;2297
11;2025-11-17;10;1736
11;2025-11-17;11;1769
11;2025-11-17;12;1701
11;2025-11-17;13;1810
11;2025-11-17;14;1798
11;2025-11-17;15;1928
11;2025-11-17;16;2161
11;2025-11-17;17;2698
11;2025-11-17;18;3088
11;2025-11-17;19;2329
11;2025-11-17;20;1552
11;2025-11-17;21;893
11;2025-11-17;22;453
11;2025-11-17;23;233
11;2025-11-18;0;69
11;2025-11-18;1;0
11;2025-11-18;2;0
11;2025-11-18;3;0
11;2025-11-18;4;0
11;2025-11-18;5;258
11;2025-11-18;6;1365
11;2025-11-18;7;2324
11;2025-11-18;8;3055
11;2025-11-18;9;2369
11;2025-11-18;10;1821
11;2025-11-18;11;1772
11;2025-11-18;12;1765
11;2025-11-18;13;1892
11;2025-11-18;14;1903
11;2025-11-18;15;1968
11;2025-11-18;16;2184
11;2025-11-18;17;2757
11;2025-11-18;18;3068
11;2025-11-18;19;2332
11;2025-11-18;20;1566
11;2025-11-18;21;920
11;2025-11-18;22;464
11;2025-11-18;23;247
11;2025-11-19;0;69
11;2025-11-19;1;0
11;2025-11-19;2;0
11;2025-11-19;3;0
11;2025-11-19;4;0
11;2025-11-19;5;266
11;2025-11-19;6;1305
11;2025-11-19;7;2278
11;2025-11-19;8;3020
11;2025-11-19;9;2286
11;2025-11-19;10;1816
11;2025-11-19;11;1839
11;2025-11-19;12;1862
11;2025-11-19;13;1952
11;2025-11-19;14;1903
11;2025-11-19;15;1969
11;2025-11-19;16;2109
11;2025-11-19;17;2720
11;2025-11-19;18;3035
11;2025-11-19;19;2321
11;2025-11-19;20;1573
11;2025-11-19;21;938
11;2025-11-19;22;483
11;2025-11-19;23;263
11;2025-11-20;0;76
11;2025-11-20;1;0
11;2025-11-20;2;0
11;2025-11-20;3;0
11;2025-11-20;4;0
11;2025-11-20;5;270
11;2025-11-20;6;1346
11;2025-11-20;7;2252
11;2025-11-20;8;2872
11;2025-11-20;9;2361
11;2025-11-20;10;1907
11;2025-11-20;11;1822
11;2025-11-20;12;1872
11;2025-11-20;13;1981
11;2025-11-20;14;1944
11;2025-11-20;15;2006
11;2025-11-20;16;2197
11;2025-11-20;17;2722
11;2025-11-20;18;3061
11;2025-11-20;19;2322
11;2025-11-20;20;1570
11;2025-11-20;21;967
11;2025-11-20;22;513
11;2025-11-20;23;280
11;2025-11-21;0;83
11;2025-11-21;1;0
11;2025-11-21;2;0
11;2025-11-21;3;0
11;2025-11-21;4;0
11;2025-11-21;5;269
11;2025-11-21;6;1331
11;2025-11-21;7;2187
11;2025-11-21;8;2851
11;2025-11-21;9;2280
11;2025-11-21;10;1848
11;2025-11-21;11;1844
11;2025-11-21;12;1885
11;2025-11-21;13;1937
11;2025-11-21;14;2019
11;2025-11-21;15;2179
11;2025-11-21;16;2414
11;2025-11-21;17;2841
11;2025-11-21;18;2546
11;2025-11-21;19;2144
11;2025-11-21;20;1538
11;2025-11-21;21;978
11;2025-11-21;22;525
11;2025-11-21;23;325
11;2025-11-22;0;108
11;2025-11-22;1;0
11;2025-11-22;2;0
11;2025-11-22;3;0
11;2025-11-22;4;0
11;2025-11-22;5;188
11;2025-11-22;6;830
11;2025-11-22;7;736
11;2025-11-22;8;996
11;2025-11-22;9;1161
11;2025-11-22;10;1262
11;2025-11-22;11;1650
11;2025-11-22;12;1821
11;2025-11-22;13;1727
11;2025-11-22;14;1755
11;2025-11-22;15;1757
11;2025-11-22;16;1786
11;2025-11-22;17;1815
11;2025-11-22;18;1597
11;2025-11-22;19;1543
11;2025-11-22;20;1199
11;2025-11-22;21;843
11;2025-11-22;22;488
11;2025-11-22;23;335
11;2025-11-23;0;113
11;2025-11-23;1;0
11;2025-11-23;2;0
11;2025-11-23;3;0
11;2025-11-23;4;0
11;2025-11-23;5;103
11;2025-11-23;6;529
11;2025-11-23;7;527
11;2025-11-23;8;683
11;2025-11-23;9;920
11;2025-11-23;10;1035
11;2025-11-23;11;1430
11;2025-11-23;12;1566
11;2025-11-23;13;1487
11;2025-11-23;14;1549
11;2025-11-23;15;1617
11;2025-11-23;16;1567
11;2025-11-23;17;1656
11;2025-11-23;18;1383
11;2025-11-23;19;1177
11;2025-11-23;20;976
11;2025-11-23;21;705
11;2025-11-23;22;413
11;2025-11-23;23;261
11;2025-11-24;0;83
11;2025-11-24;1;0
11;2025-11-24;2;0
11;2025-11-24;3;0
11;2025-11-24;4;0
11;2025-11-24;5;273
11;2025-11-24;6;1372
11;2025-11-24;7;2264
11;2025-11-24;8;2969
11;2025-11-24;9;2315
11;2025-11-24;10;1750
11;2025-11-24;11;1783
11;2025-11-24;12;1715
11;2025-11-24;13;1825
11;2025-11-24;14;1813
11;2025-11-24;15;1943
11;2025-11-24;16;2178
11;2025-11-24;17;2719
11;2025-11-24;18;3112
11;2025-11-24;19;2348
11;2025-11-24;20;1564
11;2025-11-24;21;900
11;2025-11-24;22;456
11;2025-11-24;23;234
11;2025-11-25;0;69
11;2025-11-25;1;0
11;2025-11-25;2;0
11;2025-11-25;3;0
11;2025-11-25;4;0
11;2025-11-25;5;260
11;2025-11-25;6;1373
11;2025-11-25;7;2336
11;2025-11-25;8;3071
11;2025-11-25;9;2382
11;2025-11-25;10;1831
11;2025-11-25;11;1782
11;2025-11-25;12;1774
11;2025-11-25;13;1902
11;2025-11-25;14;1912
11;2025-11-25;15;1978
11;2025-11-25;16;2195
11;2025-11-25;17;2771
11;2025-11-25;18;3084
11;2025-11-25;19;2344
11;2025-11-25;20;1574
11;2025-11-25;21;924
11;2025-11-25;22;466
11;2025-11-25;23;248
11;2025-11-26;0;69
11;2025-11-26;1;0
11;2025-11-26;2;0
11;2025-11-26;3;0
11;2025-11-26;4;0
11;2025-11-26;5;268
11;2025-11-26;6;1316
11;2025-11-26;7;2298
11;2025-11-26;8;3046
11;2025-11-26;9;2306
11;2025-11-26;10;1832
11;2025-11-26;11;1855
11;2025-11-26;12;1878
11;2025-11-26;13;1968
11;2025-11-26;14;1919
11;2025-11-26;15;1986
11;2025-11-26;16;2128
11;2025-11-26;17;2743
11;2025-11-26;18;3061
11;2025-11-26;19;2341
11;2025-11-26;20;1586
11;2025-11-26;21;946
11;2025-11-26;22;487
11;2025-11-26;23;265
11;2025-11-27;0;76
11;2025-11-27;1;0
11;2025-11-27;2;0
11;2025-11-27;3;0
11;2025-11-27;4;0
11;2025-11-27;5;272
11;2025-11-27;6;1354
11;2025-11-27;7;2266
11;2025-11-27;8;2890
11;2025-11-27;9;2375
11;2025-11-27;10;1919
11;2025-11-27;11;1833
11;2025-11-27;12;1883
11;2025-11-27;13;1993
11;2025-11-27;14;1956
11;2025-11-27;15;2018
11;2025-11-27;16;2210
11;2025-11-27;17;2738
11;2025-11-27;18;3079
11;2025-11-27;19;2336
11;2025-11-27;20;1579
11;2025-11-27;21;973
11;2025-11-27;22;516
11;2025-11-27;23;282
11;2025-11-28;0;83
11;2025-11-28;1;0
11;2025-11-28;2;0
11;2025-11-28;3;0
11;2025-11-28;4;0
11;2025-11-28;5;269
11;2025-11-28;6;1334
11;2025-11-28;7;2191
11;2025-11-28;8;2858
11;2025-11-28;9;2285
11;2025-11-28;10;1852
11;2025-11-28;11;1848
11;2025-11-28;12;1889
11;2025-11-28;13;1942
11;2025-11-28;14;2023
11;2025-11-28;15;2184
11;2025-11-28;16;2419
11;2025-11-28;17;2847
11;2025-11-28;18;2551
11;2025-11-28;19;2148
11;2025-11-28;20;1542
11;2025-11-28;21;980
11;2025-11-28;22;526
11;2025-11-28;23;325
11;2025-11-29;0;109
11;2025-11-29;1;0
11;2025-11-29;2;0
11;2025-11-29;3;0
11;2025-11-29;4;0
11;2025-11-29;5;191
11;2025-11-29;6;843
11;2025-11-29;7;748
11;2025-11-29;8;1012
11;2025-11-29;9;1179
11;2025-11-29;10;1281
11;2025-11-29;11;1675
11;2025-11-29;12;1849
11;2025-11-29;13;1753
11;2025-11-29;14;1782
11;2025-11-29;15;1784
11;2025-11-29;16;1813
11;2025-11-29;17;1843
11;2025-11-29;18;1622
11;2025-11-29;19;1566
11;2025-11-29;20;1218
11;2025-11-29;21;856
11;2025-11-29;22;496
11;2025-11-29;23;340
11;2025-11-30;0;113
11;2025-11-30;1;0
11;2025-11-30;2;0
11;2025-11-30;3;0
11;2025-11-30;4;0
11;2025-11-30;5;104
11;2025-11-30;6;531
11;2025-11-30;7;530
11;2025-11-30;8;686
11;2025-11-30;9;925
11;2025-11-30;10;1040
11;2025-11-30;11;1438
11;2025-11-30;12;1574
11;2025-11-30;13;1495
11;2025-11-30;14;1558
11;2025-11-30;15;1626
11;2025-11-30;16;1576
11;2025-11-30;17;1665
11;2025-11-30;18;1391
11;2025-11-30;19;1183
11;2025-11-30;20;982
11;2025-11-30;21;709
11;2025-11-30;22;415
11;2025-11-30;23;263
11;2025-12-01;0;83
11;2025-12-01;1;0
11;2025-12-01;2;0
11;2025-12-01;3;0
11;2025-12-01;4;0
11;2025-12-01;5;275
11;2025-12-01;6;1379
11;2025-12-01;7;2277
11;2025-12-01;8;2986
11;2025-12-01;9;2328
11;2025-12-01;10;1759
11;2025-12-01;11;1793
11;2025-12-01;12;1725
11;2025-12-01;13;1835
11;2025-12-01;14;1823
11;2025-12-01;15;1955
11;2025-12-01;16;2190
11;2025-12-01;17;2735
11;2025-12-01;18;3130
11;2025-12-01;19;2361
11;2025-12-01;20;1573
11;2025-12-01;21;905
11;2025-12-01;22;459
11;2025-12-01;23;236
11;2025-12-02;0;69
11;2025-12-02;1;0
11;2025-12-02;2;0
11;2025-12-02;3;0
11;2025-12-02;4;0
11;2025-12-02;5;258
11;2025-12-02;6;1363
11;2025-12-02;7;2320
11;2025-12-02;8;3050
11;2025-12-02;9;2365
11;2025-12-02;10;1818
11;2025-12-02;11;1769
11;2025-12-02;12;1762
11;2025-12-02;13;1889
11;2025-12-02;14;1899
11;2025-12-02;15;1964
11;2025-12-02;16;2180
11;2025-12-02;17;2752
11;2025-12-02;18;3062
11;2025-12-02;19;2328
11;2025-12-02;20;1563
11;2025-12-02;21;918
11;2025-12-02;22;463
11;2025-12-02;23;246
11;2025-12-03;0;69
11;2025-12-03;1;0
11;2025-12-03;2;0
11;2025-12-03;3;0
11;2025-12-03;4;0
11;2025-12-03;5;266
11;2025-12-03;6;1306
11;2025-12-03;7;2280
11;2025-12-03;8;3024
11;2025-12-03;9;2289
11;2025-12-03;10;1818
11;2025-12-03;11;1841
11;2025-12-03;12;1864
11;2025-12-03;13;1954
11;2025-12-03;14;1905
11;2025-12-03;15;1971
11;2025-12-03;16;2112
11;2025-12-03;17;2723
11;2025-12-03;18;3038
11;2025-12-03;19;2324
11;2025-12-03;20;1575
11;2025-12-03;21;939
11;2025-12-03;22;483
11;2025-12-03;23;263
11;2025-12-04;0;76
11;2025-12-04;1;0
11;2025-12-04;2;0
11;2025-12-04;3;0
11;2025-12-04;4;0
11;2025-12-04;5;269
11;2025-12-04;6;1342
11;2025-12-04;7;2246
11;2025-12-04;8;2865
11;2025-12-04;9;2355
11;2025-12-04;10;1902
11;2025-12-04;11;1817
11;2025-12-04;12;1867
11;2025-12-04;13;1976
11;2025-12-04;14;1939
11;2025-12-04;15;2001
11;2025-12-04;16;2191
11;2025-12-04;17;2715
11;2025-12-04;18;3053
11;2025-12-04;19;2316
11;2025-12-04;20;1566
11;2025-12-04;21;964
11;2025-12-04;22;511
11;2025-12-04;23;280
11;2025-12-05;0;82
11;2025-12-05;1;0
11;2025-12-05;2;0
11;2025-12-05;3;0
11;2025-12-05;4;0
11;2025-12-05;5;267
11;2025-12-05;6;1322
11;2025-12-05;7;2172
11;2025-12-05;8;2832
11;2025-12-05;9;2264
11;2025-12-05;10;1835
11;2025-12-05;11;1832
11;2025-12-05;12;1872
11;2025-12-05;13;1924
11;2025-12-05;14;2005
11;2025-12-05;15;2164
11;2025-12-05;16;2397
11;2025-12-05;17;2822
11;2025-12-05;18;2529
11;2025-12-05;19;2129
11;2025-12-05;20;1528
11;2025-12-05;21;971
11;2025-12-05;22;521
11;2025-12-05;23;323
11;2025-12-06;0;107
11;2025-12-06;1;0
11;2025-12-06;2;0
11;2025-12-06;3;0
11;2025-12-06;4;0
11;2025-12-06;5;188
11;2025-12-06;6;829
11;2025-12-06;7;735
11;2025-12-06;8;995
11;2025-12-06;9;1159
11;2025-12-06;10;1259
11;2025-12-06;11;1647
11;2025-12-06;12;1818
11;2025-12-06;13;1724
11;2025-12-06;14;1752
11;2025-12-06;15;1754
11;2025-12-06;16;1783
11;2025-12-06;17;1812
11;2025-12-06;18;1594
11;2025-12-06;19;1540
11;2025-12-06;20;1197
11;2025-12-06;21;842
11;2025-12-06;22;487
11;2025-12-06;23;334
11;2025-12-07;0;115
11;2025-12-07;1;0
11;2025-12-07;2;0
11;2025-12-07;3;0
11;2025-12-07;4;0
11;2025-12-07;5;105
11;2025-12-07;6;537
11;2025-12-07;7;536
11;2025-12-07;8;694
11;2025-12-07;9;935
11;2025-12-07;10;1052
11;2025-12-07;11;1455
11;2025-12-07;12;1592
11;2025-12-07;13;1512
11;2025-12-07;14;1575
11;2025-12-07;15;1645
11;2025-12-07;16;1594
11;2025-12-07;17;1684
11;2025-12-07;18;1406
11;2025-12-07;19;1197
11;2025-12-07;20;993
11;2025-12-07;21;717
11;2025-12-07;22;420
11;2025-12-07;23;266
11;2025-12-08;0;82
11;2025-12-08;1;0
11;2025-12-08;2;0
11;2025-12-08;3;0
11;2025-12-08;4;0
11;2025-12-08;5;272
11;2025-12-08;6;1363
11;2025-12-08;7;2250
11;2025-12-08;8;2951
11;2025-12-08;9;2301
11;2025-12-08;10;1739
11;2025-12-08;11;1772
11;2025-12-08;12;1704
11;2025-12-08;13;1813
11;2025-12-08;14;1802
11;2025-12-08;15;1932
11;2025-12-08;16;2164
11;2025-12-08;17;2702
11;2025-12-08;18;3093
11;2025-12-08;19;2333
11;2025-12-08;20;1554
11;2025-12-08;21;895
11;2025-12-08;22;454
11;2025-12-08;23;233
11;2025-12-09;0;69
11;2025-12-09;1;0
11;2025-12-09;2;0
11;2025-12-09;3;0
11;2025-12-09;4;0
11;2025-12-09;5;259
11;2025-12-09;6;1367
11;2025-12-09;7;2327
11;2025-12-09;8;3059
11;2025-12-09;9;2373
11;2025-12-09;10;1824
11;2025-12-09;11;1775
11;2025-12-09;12;1768
11;2025-12-09;13;1895
11;2025-12-09;14;1905
11;2025-12-09;15;1970
11;2025-12-09;16;2187
11;2025-12-09;17;2760
11;2025-12-09;18;3072
11;2025-12-09;19;2335
11;2025-12-09;20;1568
11;2025-12-09;21;921
11;2025-12-09;22;465
11;2025-12-09;23;247
11;2025-12-10;0;69
11;2025-12-10;1;0
11;2025-12-10;2;0
11;2025-12-10;3;0
11;2025-12-10;4;0
11;2025-12-10;5;266
11;2025-12-10;6;1306
11;2025-12-10;7;2281
11;2025-12-10;8;3024
11;2025-12-10;9;2289
11;2025-12-10;10;1818
11;2025-12-10;11;1841
11;2025-12-10;12;1864
11;2025-12-10;13;1954
11;2025-12-10;14;1905
11;2025-12-10;15;1971
11;2025-12-10;16;2112
11;2025-12-10;17;2723
11;2025-12-10;18;3038
11;2025-12-10;19;2324
11;2025-12-10;20;1575
11;2025-12-10;21;939
11;2025-12-10;22;483
11;2025-12-10;23;263
11;2025-12-11;0;76
11;2025-12-11;1;0
11;2025-12-11;2;0
11;2025-12-11;3;0
11;2025-12-11;4;0
11;2025-12-11;5;269
11;2025-12-11;6;1341
11;2025-12-11;7;2244
11;2025-12-11;8;2862
11;2025-12-11;9;2352
11;2025-12-11;10;1901
11;2025-12-11;11;1815
11;2025-12-11;12;1865
11;2025-12-11;13;1974
11;2025-12-11;14;1937
11;2025-12-11;15;1999
11;2025-12-11;16;2189
11;2025-12-11;17;2712
11;2025-12-11;18;3050
11;2025-12-11;19;2314
11;2025-12-11;20;1564
11;2025-12-11;21;963
11;2025-12-11;22;511
11;2025-12-11;23;279
11;2025-12-12;0;81
11;2025-12-12;1;0
11;2025-12-12;2;0
11;2025-12-12;3;0
11;2025-12-12;4;0
11;2025-12-12;5;264
11;2025-12-12;6;1310
11;2025-12-12;7;2152
11;2025-12-12;8;2806
11;2025-12-12;9;2244
11;2025-12-12;10;1819
11;2025-12-12;11;1815
11;2025-12-12;12;1855
11;2025-12-12;13;1907
11;2025-12-12;14;1987
11;2025-12-12;15;2145
11;2025-12-12;16;2376
11;2025-12-12;17;2796
11;2025-12-12;18;2506
11;2025-12-12;19;2110
11;2025-12-12;20;1514
11;2025-12-12;21;962
11;2025-12-12;22;516
11;2025-12-12;23;320
11;2025-12-13;0;107
11;2025-12-13;1;0
11;2025-12-13;2;0
11;2025-12-13;3;0
11;2025-12-13;4;0
11;2025-12-13;5;188
11;2025-12-13;6;829
11;2025-12-13;7;736
11;2025-12-13;8;995
11;2025-12-13;9;1160
11;2025-12-13;10;1260
11;2025-12-13;11;1648
11;2025-12-13;12;1819
11;2025-12-13;13;1725
11;2025-12-13;14;1753
11;2025-12-13;15;1755
11;2025-12-13;16;1784
11;2025-12-13;17;1813
11;2025-12-13;18;1596
11;2025-12-13;19;1541
11;2025-12-13;20;1198
11;2025-12-13;21;843
11;2025-12-13;22;488
11;2025-12-13;23;334
11;2025-12-14;0;114
11;2025-12-14;1;0
11;2025-12-14;2;0
11;2025-12-14;3;0
11;2025-12-14;4;0
11;2025-12-14;5;104
11;2025-12-14;6;536
11;2025-12-14;7;534
11;2025-12-14;8;692
11;2025-12-14;9;932
11;2025-12-14;10;1048
11;2025-12-14;11;1449
11;2025-12-14;12;1586
11;2025-12-14;13;1507
11;2025-12-14;14;1570
11;2025-12-14;15;1639
11;2025-12-14;16;1588
11;2025-12-14;17;1678
11;2025-12-14;18;1401
11;2025-12-14;19;1192
11;2025-12-14;20;989
11;2025-12-14;21;714
11;2025-12-14;22;418
11;2025-12-14;23;265
11;2025-12-15;0;81
11;2025-12-15;1;0
11;2025-12-15;2;0
11;2025-12-15;3;0
11;2025-12-15;4;0
11;2025-12-15;5;268
11;2025-12-15;6;1344
11;2025-12-15;7;2219
11;2025-12-15;8;2910
11;2025-12-15;9;2268
11;2025-12-15;10;1714
11;2025-12-15;11;1747
11;2025-12-15;12;1680
11;2025-12-15;13;1788
11;2025-12-15;14;1776
11;2025-12-15;15;1904
11;2025-12-15;16;2134
11;2025-12-15;17;2664
11;2025-12-15;18;3049
11;2025-12-15;19;2300
11;2025-12-15;20;1532
11;2025-12-15;21;882
11;2025-12-15;22;447
11;2025-12-15;23;230
11;2025-12-16;0;68
11;2025-12-16;1;0
11;2025-12-16;2;0
11;2025-12-16;3;0
11;2025-12-16;4;0
11;2025-12-16;5;255
11;2025-12-16;6;1347
11;2025-12-16;7;2292
11;2025-12-16;8;3014
11;2025-12-16;9;2337
11;2025-12-16;10;1796
11;2025-12-16;11;1748
11;2025-12-16;12;1741
11;2025-12-16;13;1866
11;2025-12-16;14;1877
11;2025-12-16;15;1941
11;2025-12-16;16;2154
11;2025-12-16;17;2719
11;2025-12-16;18;3026
11;2025-12-16;19;2301
11;2025-12-16;20;1545
11;2025-12-16;21;907
11;2025-12-16;22;458
11;2025-12-16;23;243
11;2025-12-17;0;68
11;2025-12-17;1;0
11;2025-12-17;2;0
11;2025-12-17;3;0
11;2025-12-17;4;0
11;2025-12-17;5;262
11;2025-12-17;6;1287
11;2025-12-17;7;2248
11;2025-12-17;8;2981
11;2025-12-17;9;2256
11;2025-12-17;10;1792
11;2025-12-17;11;1815
11;2025-12-17;12;1838
11;2025-12-17;13;1926
11;2025-12-17;14;1878
11;2025-12-17;15;1943
11;2025-12-17;16;2082
11;2025-12-17;17;2684
11;2025-12-17;18;2995
11;2025-12-17;19;2291
11;2025-12-17;20;1552
11;2025-12-17;21;926
11;2025-12-17;22;477
11;2025-12-17;23;260
11;2025-12-18;0;74
11;2025-12-18;1;0
11;2025-12-18;2;0
11;2025-12-18;3;0
11;2025-12-18;4;0
11;2025-12-18;5;264
11;2025-12-18;6;1316
11;2025-12-18;7;2201
11;2025-12-18;8;2807
11;2025-12-18;9;2307
11;2025-12-18;10;1864
11;2025-12-18;11;1781
11;2025-12-18;12;1830
11;2025-12-18;13;1936
11;2025-12-18;14;1900
11;2025-12-18;15;1961
11;2025-12-18;16;2147
11;2025-12-18;17;2660
11;2025-12-18;18;2992
11;2025-12-18;19;2269
11;2025-12-18;20;1534
11;2025-12-18;21;945
11;2025-12-18;22;501
11;2025-12-18;23;274
11;2025-12-19;0;77
11;2025-12-19;1;0
11;2025-12-19;2;0
11;2025-12-19;3;0
11;2025-12-19;4;0
11;2025-12-19;5;250
11;2025-12-19;6;1238
11;2025-12-19;7;2034
11;2025-12-19;8;2652
11;2025-12-19;9;2120
11;2025-12-19;10;1719
11;2025-12-19;11;1716
11;2025-12-19;12;1753
11;2025-12-19;13;1802
11;2025-12-19;14;1878
11;2025-12-19;15;2027
11;2025-12-19;16;2245
11;2025-12-19;17;2643
11;2025-12-19;18;2368
11;2025-12-19;19;1994
11;2025-12-19;20;1431
11;2025-12-19;21;909
11;2025-12-19;22;488
11;2025-12-19;23;302
11;2025-12-20;0;90
11;2025-12-20;1;0
11;2025-12-20;2;0
11;2025-12-20;3;0
11;2025-12-20;4;0
11;2025-12-20;5;157
11;2025-12-20;6;692
11;2025-12-20;7;614
11;2025-12-20;8;831
11;2025-12-20;9;968
11;2025-12-20;10;1052
11;2025-12-20;11;1376
11;2025-12-20;12;1519
11;2025-12-20;13;1441
11;2025-12-20;14;1464
11;2025-12-20;15;1466
11;2025-12-20;16;1490
11;2025-12-20;17;1514
11;2025-12-20;18;1332
11;2025-12-20;19;1287
11;2025-12-20;20;1000
11;2025-12-20;21;703
11;2025-12-20;22;407
11;2025-12-20;23;279
11;2025-12-21;0;103
11;2025-12-21;1;0
11;2025-12-21;2;0
11;2025-12-21;3;0
11;2025-12-21;4;0
11;2025-12-21;5;94
11;2025-12-21;6;481
11;2025-12-21;7;479
11;2025-12-21;8;621
11;2025-12-21;9;837
11;2025-12-21;10;941
11;2025-12-21;11;1301
11;2025-12-21;12;1424
11;2025-12-21;13;1352
11;2025-12-21;14;1409
11;2025-12-21;15;1471
11;2025-12-21;16;1426
11;2025-12-21;17;1507
11;2025-12-21;18;1258
11;2025-12-21;19;1070
11;2025-12-21;20;888
11;2025-12-21;21;641
11;2025-12-21;22;375
11;2025-12-21;23;238
11;2025-12-22;0;77
11;2025-12-22;1;0
11;2025-12-22;2;0
11;2025-12-22;3;0
11;2025-12-22;4;0
11;2025-12-22;5;253
11;2025-12-22;6;1271
11;2025-12-22;7;2099
11;2025-12-22;8;2752
11;2025-12-22;9;2146
11;2025-12-22;10;1621
11;2025-12-22;11;1652
11;2025-12-22;12;1589
11;2025-12-22;13;1691
11;2025-12-22;14;1680
11;2025-12-22;15;1801
11;2025-12-22;16;2018
11;2025-12-22;17;2520
11;2025-12-22;18;2884
11;2025-12-22;19;2176
11;2025-12-22;20;1449
11;2025-12-22;21;834
11;2025-12-22;22;423
11;2025-12-22;23;217
11;2025-12-23;0;66
11;2025-12-23;1;0
11;2025-12-23;2;0
11;2025-12-23;3;0
11;2025-12-23;4;0
11;2025-12-23;5;248
11;2025-12-23;6;1309
11;2025-12-23;7;2228
11;2025-12-23;8;2929
11;2025-12-23;9;2271
11;2025-12-23;10;1746
11;2025-12-23;11;1699
11;2025-12-23;12;1692
11;2025-12-23;13;1814
11;2025-12-23;14;1824
11;2025-12-23;15;1886
11;2025-12-23;16;2093
11;2025-12-23;17;2643
11;2025-12-23;18;2941
11;2025-12-23;19;2236
11;2025-12-23;20;1501
11;2025-12-23;21;881
11;2025-12-23;22;445
11;2025-12-23;23;236
11;2025-12-24;0;61
11;2025-12-24;1;0
11;2025-12-24;2;0
11;2025-12-24;3;0
11;2025-12-24;4;0
11;2025-12-24;5;234
11;2025-12-24;6;1149
11;2025-12-24;7;2006
11;2025-12-24;8;2659
11;2025-12-24;9;2013
11;2025-12-24;10;1599
11;2025-12-24;11;1619
11;2025-12-24;12;1640
11;2025-12-24;13;1718
11;2025-12-24;14;1676
11;2025-12-24;15;1734
11;2025-12-24;16;1857
11;2025-12-24;17;2395
11;2025-12-24;18;2672
11;2025-12-24;19;2044
11;2025-12-24;20;1385
11;2025-12-24;21;826
11;2025-12-24;22;425
11;2025-12-24;23;232
11;2025-12-25;0;52
11;2025-12-25;1;0
11;2025-12-25;2;0
11;2025-12-25;3;0
11;2025-12-25;4;0
11;2025-12-25;5;184
11;2025-12-25;6;917
11;2025-12-25;7;1534
11;2025-12-25;8;1956
11;2025-12-25;9;1608
11;2025-12-25;10;1299
11;2025-12-25;11;1241
11;2025-12-25;12;1275
11;2025-12-25;13;1349
11;2025-12-25;14;1324
11;2025-12-25;15;1366
11;2025-12-25;16;1496
11;2025-12-25;17;1854
11;2025-12-25;18;2085
11;2025-12-25;19;1581
11;2025-12-25;20;1069
11;2025-12-25;21;658
11;2025-12-25;22;349
11;2025-12-25;23;191
11;2025-12-26;0;55
11;2025-12-26;1;0
11;2025-12-26;2;0
11;2025-12-26;3;0
11;2025-12-26;4;0
11;2025-12-26;5;178
11;2025-12-26;6;884
11;2025-12-26;7;1452
11;2025-12-26;8;1893
11;2025-12-26;9;1514
11;2025-12-26;10;1227
11;2025-12-26;11;1225
11;2025-12-26;12;1252
11;2025-12-26;13;1287
11;2025-12-26;14;1341
11;2025-12-26;15;1447
11;2025-12-26;16;1603
11;2025-12-26;17;1887
11;2025-12-26;18;1691
11;2025-12-26;19;1423
11;2025-12-26;20;1022
11;2025-12-26;21;649
11;2025-12-26;22;348
11;2025-12-26;23;216
11;2025-12-27;0;84
11;2025-12-27;1;0
11;2025-12-27;2;0
11;2025-12-27;3;0
11;2025-12-27;4;0
11;2025-12-27;5;146
11;2025-12-27;6;645
11;2025-12-27;7;572
11;2025-12-27;8;774
11;2025-12-27;9;902
11;2025-12-27;10;981
11;2025-12-27;11;1282
11;2025-12-27;12;1415
11;2025-12-27;13;1342
11;2025-12-27;14;1364
11;2025-12-27;15;1366
11;2025-12-27;16;1388
11;2025-12-27;17;1411
11;2025-12-27;18;1241
11;2025-12-27;19;1199
11;2025-12-27;20;932
11;2025-12-27;21;656
11;2025-12-27;22;380
11;2025-12-27;23;260
11;2025-12-28;0;99
11;2025-12-28;1;0
11;2025-12-28;2;0
11;2025-12-28;3;0
11;2025-12-28;4;0
11;2025-12-28;5;91
11;2025-12-28;6;465
11;2025-12-28;7;464
11;2025-12-28;8;601
11;2025-12-28;9;810
11;2025-12-28;10;911
11;2025-12-28;11;1260
11;2025-12-28;12;1379
11;2025-12-28;13;1309
11;2025-12-28;14;1364
11;2025-12-28;15;1424
11;2025-12-28;16;1380
11;2025-12-28;17;1459
11;2025-12-28;18;1218
11;2025-12-28;19;1036
11;2025-12-28;20;860
11;2025-12-28;21;621
11;2025-12-28;22;363
11;2025-12-28;23;230
11;2025-12-29;0;53
11;2025-12-29;1;0
11;2025-12-29;2;0
11;2025-12-29;3;0
11;2025-12-29;4;0
11;2025-12-29;5;176
11;2025-12-29;6;881
11;2025-12-29;7;1455
11;2025-12-29;8;1908
11;2025-12-29;9;1488
11;2025-12-29;10;1124
11;2025-12-29;11;1146
11;2025-12-29;12;1102
11;2025-12-29;13;1173
11;2025-12-29;14;1165
11;2025-12-29;15;1249
11;2025-12-29;16;1399
11;2025-12-29;17;1747
11;2025-12-29;18;2000
11;2025-12-29;19;1509
11;2025-12-29;20;1005
11;2025-12-29;21;579
11;2025-12-29;22;293
11;2025-12-29;23;151
11;2025-12-30;0;45
11;2025-12-30;1;0
11;2025-12-30;2;0
11;2025-12-30;3;0
11;2025-12-30;4;0
11;2025-12-30;5;170
11;2025-12-30;6;901
11;2025-12-30;7;1534
11;2025-12-30;8;2016
11;2025-12-30;9;1564
11;2025-12-30;10;1202
11;2025-12-30;11;1170
11;2025-12-30;12;1165
11;2025-12-30;13;1249
11;2025-12-30;14;1256
11;2025-12-30;15;1299
11;2025-12-30;16;1441
11;2025-12-30;17;1819
11;2025-12-30;18;2025
11;2025-12-30;19;1539
11;2025-12-30;20;1033
11;2025-12-30;21;607
11;2025-12-30;22;306
11;2025-12-30;23;163
11;2025-12-31;0;41
11;2025-12-31;1;0
11;2025-12-31;2;0
11;2025-12-31;3;0
11;2025-12-31;4;0
11;2025-12-31;5;160
11;2025-12-31;6;786
11;2025-12-31;7;1372
11;2025-12-31;8;1819
11;2025-12-31;9;1377
11;2025-12-31;10;1094
11;2025-12-31;11;1107
11;2025-12-31;12;1122
11;2025-12-31;13;1175
11;2025-12-31;14;1146
11;2025-12-31;15;1186
11;2025-12-31;16;1270
11;2025-12-31;17;1638
11;2025-12-31;18;1828
11;2025-12-31;19;1398
11;2025-12-31;20;947
11;2025-12-31;21;565
11;2025-12-31;22;291
11;2025-12-31;23;158
12;2025-11-01;0;87
12;2025-11-01;1;0
12;2025-11-01;2;0
12;2025-11-01;3;0
12;2025-11-01;4;0
12;2025-11-01;5;224
12;2025-11-01;6;875
12;2025-11-01;7;917
12;2025-11-01;8;988
12;2025-11-01;9;1144
12;2025-11-01;10;1365
12;2025-11-01;11;1454
12;2025-11-01;12;1419
12;2025-11-01;13;1660
12;2025-11-01;14;1559
12;2025-11-01;15;1450
12;2025-11-01;16;1516
12;2025-11-01;17;1468
12;2025-11-01;18;1429
12;2025-11-01;19;1441
12;2025-11-01;20;1027
12;2025-11-01;21;732
12;2025-11-01;22;451
12;2025-11-01;23;289
12;2025-11-02;0;92
12;2025-11-02;1;0
12;2025-11-02;2;0
12;2025-11-02;3;0
12;2025-11-02;4;0
12;2025-11-02;5;146
12;2025-11-02;6;560
12;2025-11-02;7;651
12;2025-11-02;8;748
12;2025-11-02;9;932
12;2025-11-02;10;1142
12;2025-11-02;11;1269
12;2025-11-02;12;1321
12;2025-11-02;13;1520
12;2025-11-02;14;1468
12;2025-11-02;15;1346
12;2025-11-02;16;1458
12;2025-11-02;17;1532
12;2025-11-02;18;1296
12;2025-11-02;19;1046
12;2025-11-02;20;809
12;2025-11-02;21;630
12;2025-11-02;22;415
12;2025-11-02;23;233
12;2025-11-03;0;72
12;2025-11-03;1;0
12;2025-11-03;2;0
12;2025-11-03;3;0
12;2025-11-03;4;0
12;2025-11-03;5;269
12;2025-11-03;6;1401
12;2025-11-03;7;2539
12;2025-11-03;8;3308
12;2025-11-03;9;2345
12;2025-11-03;10;1920
12;2025-11-03;11;1851
12;2025-11-03;12;1934
12;2025-11-03;13;1869
12;2025-11-03;14;1805
12;2025-11-03;15;2079
12;2025-11-03;16;2514
12;2025-11-03;17;2830
12;2025-11-03;18;3072
12;2025-11-03;19;2459
12;2025-11-03;20;1576
12;2025-11-03;21;940
12;2025-11-03;22;493
12;2025-11-03;23;248
12;2025-11-04;0;52
12;2025-11-04;1;0
12;2025-11-04;2;0
12;2025-11-04;3;0
12;2025-11-04;4;0
12;2025-11-04;5;279
12;2025-11-04;6;1461
12;2025-11-04;7;2663
12;2025-11-04;8;3500
12;2025-11-04;9;2455
12;2025-11-04;10;2038
12;2025-11-04;11;1964
12;2025-11-04;12;1968
12;2025-11-04;13;1969
12;2025-11-04;14;1936
12;2025-11-04;15;2128
12;2025-11-04;16;2638
12;2025-11-04;17;2967
12;2025-11-04;18;3159
12;2025-11-04;19;2569
12;2025-11-04;20;1586
12;2025-11-04;21;974
12;2025-11-04;22;532
12;2025-11-04;23;257
12;2025-11-05;0;61
12;2025-11-05;1;0
12;2025-11-05;2;0
12;2025-11-05;3;0
12;2025-11-05;4;0
12;2025-11-05;5;272
12;2025-11-05;6;1458
12;2025-11-05;7;2600
12;2025-11-05;8;3327
12;2025-11-05;9;2460
12;2025-11-05;10;2056
12;2025-11-05;11;1989
12;2025-11-05;12;2007
12;2025-11-05;13;1990
12;2025-11-05;14;1960
12;2025-11-05;15;2193
12;2025-11-05;16;2652
12;2025-11-05;17;2943
12;2025-11-05;18;3143
12;2025-11-05;19;2519
12;2025-11-05;20;1607
12;2025-11-05;21;1026
12;2025-11-05;22;552
12;2025-11-05;23;275
12;2025-11-06;0;59
12;2025-11-06;1;0
12;2025-11-06;2;0
12;2025-11-06;3;0
12;2025-11-06;4;0
12;2025-11-06;5;270
12;2025-11-06;6;1405
12;2025-11-06;7;2561
12;2025-11-06;8;3290
12;2025-11-06;9;2344
12;2025-11-06;10;1981
12;2025-11-06;11;1952
12;2025-11-06;12;2009
12;2025-11-06;13;1981
12;2025-11-06;14;1941
12;2025-11-06;15;2145
12;2025-11-06;16;2625
12;2025-11-06;17;2923
12;2025-11-06;18;3128
12;2025-11-06;19;2519
12;2025-11-06;20;1634
12;2025-11-06;21;1004
12;2025-11-06;22;561
12;2025-11-06;23;288
12;2025-11-07;0;65
12;2025-11-07;1;0
12;2025-11-07;2;0
12;2025-11-07;3;0
12;2025-11-07;4;0
12;2025-11-07;5;266
12;2025-11-07;6;1386
12;2025-11-07;7;2490
12;2025-11-07;8;3194
12;2025-11-07;9;2282
12;2025-11-07;10;1916
12;2025-11-07;11;1945
12;2025-11-07;12;1947
12;2025-11-07;13;1959
12;2025-11-07;14;1998
12;2025-11-07;15;2311
12;2025-11-07;16;2855
12;2025-11-07;17;2862
12;2025-11-07;18;2537
12;2025-11-07;19;2226
12;2025-11-07;20;1512
12;2025-11-07;21;1045
12;2025-11-07;22;576
12;2025-11-07;23;319
12;2025-11-08;0;85
12;2025-11-08;1;0
12;2025-11-08;2;0
12;2025-11-08;3;0
12;2025-11-08;4;0
12;2025-11-08;5;220
12;2025-11-08;6;861
12;2025-11-08;7;902
12;2025-11-08;8;972
12;2025-11-08;9;1126
12;2025-11-08;10;1343
12;2025-11-08;11;1431
12;2025-11-08;12;1396
12;2025-11-08;13;1633
12;2025-11-08;14;1534
12;2025-11-08;15;1426
12;2025-11-08;16;1491
12;2025-11-08;17;1444
12;2025-11-08;18;1406
12;2025-11-08;19;1418
12;2025-11-08;20;1010
12;2025-11-08;21;720
12;2025-11-08;22;443
12;2025-11-08;23;285
12;2025-11-09;0;91
12;2025-11-09;1;0
12;2025-11-09;2;0
12;2025-11-09;3;0
12;2025-11-09;4;0
12;2025-11-09;5;144
12;2025-11-09;6;554
12;2025-11-09;7;645
12;2025-11-09;8;740
12;2025-11-09;9;923
12;2025-11-09;10;1131
12;2025-11-09;11;1257
12;2025-11-09;12;1308
12;2025-11-09;13;1505
12;2025-11-09;14;1454
12;2025-11-09;15;1333
12;2025-11-09;16;1444
12;2025-11-09;17;1517
12;2025-11-09;18;1283
12;2025-11-09;19;1036
12;2025-11-09;20;801
12;2025-11-09;21;624
12;2025-11-09;22;411
12;2025-11-09;23;231
12;2025-11-10;0;71
12;2025-11-10;1;0
12;2025-11-10;2;0
12;2025-11-10;3;0
12;2025-11-10;4;0
12;2025-11-10;5;267
12;2025-11-10;6;1395
12;2025-11-10;7;2527
12;2025-11-10;8;3292
12;2025-11-10;9;2334
12;2025-11-10;10;1911
12;2025-11-10;11;1843
12;2025-11-10;12;1925
12;2025-11-10;13;1860
12;2025-11-10;14;1797
12;2025-11-10;15;2069
12;2025-11-10;16;2502
12;2025-11-10;17;2817
12;2025-11-10;18;3057
12;2025-11-10;19;2448
12;2025-11-10;20;1569
12;2025-11-10;21;936
12;2025-11-10;22;491
12;2025-11-10;23;247
12;2025-11-11;0;52
12;2025-11-11;1;0
12;2025-11-11;2;0
12;2025-11-11;3;0
12;2025-11-11;4;0
12;2025-11-11;5;280
12;2025-11-11;6;1467
12;2025-11-11;7;2674
12;2025-11-11;8;3515
12;2025-11-11;9;2465
12;2025-11-11;10;2047
12;2025-11-11;11;1972
12;2025-11-11;12;1976
12;2025-11-11;13;1977
12;2025-11-11;14;1945
12;2025-11-11;15;2136
12;2025-11-11;16;2649
12;2025-11-11;17;2980
12;2025-11-11;18;3172
12;2025-11-11;19;2580
12;2025-11-11;20;1593
12;2025-11-11;21;978
12;2025-11-11;22;534
12;2025-11-11;23;258
12;2025-11-12;0;62
12;2025-11-12;1;0
12;2025-11-12;2;0
12;2025-11-12;3;0
12;2025-11-12;4;0
12;2025-11-12;5;274
12;2025-11-12;6;1468
12;2025-11-12;7;2618
12;2025-11-12;8;3350
12;2025-11-12;9;2478
12;2025-11-12;10;2071
12;2025-11-12;11;2003
12;2025-11-12;12;2021
12;2025-11-12;13;2004
12;2025-11-12;14;1974
12;2025-11-12;15;2209
12;2025-11-12;16;2671
12;2025-11-12;17;2963
12;2025-11-12;18;3165
12;2025-11-12;19;2537
12;2025-11-12;20;1619
12;2025-11-12;21;1033
12;2025-11-12;22;556
12;2025-11-12;23;277
12;2025-11-13;0;59
12;2025-11-13;1;0
12;2025-11-13;2;0
12;2025-11-13;3;0
12;2025-11-13;4;0
12;2025-11-13;5;272
12;2025-11-13;6;1413
12;2025-11-13;7;2575
12;2025-11-13;8;3308
12;2025-11-13;9;2357
12;2025-11-13;10;1991
12;2025-11-13;11;1963
12;2025-11-13;12;2020
12;2025-11-13;13;1992
12;2025-11-13;14;1951
12;2025-11-13;15;2157
12;2025-11-13;16;2639
12;2025-11-13;17;2939
12;2025-11-13;18;3145
12;2025-11-13;19;2533
12;2025-11-13;20;1643
12;2025-11-13;21;1009
12;2025-11-13;22;564
12;2025-11-13;23;290
12;2025-11-14;0;66
12;2025-11-14;1;0
12;2025-11-14;2;0
12;2025-11-14;3;0
12;2025-11-14;4;0
12;2025-11-14;5;267
12;2025-11-14;6;1393
12;2025-11-14;7;2502
12;2025-11-14;8;3209
12;2025-11-14;9;2293
12;2025-11-14;10;1925
12;2025-11-14;11;1954
12;2025-11-14;12;1956
12;2025-11-14;13;1968
12;2025-11-14;14;2007
12;2025-11-14;15;2322
12;2025-11-14;16;2868
12;2025-11-14;17;2875
12;2025-11-14;18;2548
12;2025-11-14;19;2236
12;2025-11-14;20;1519
12;2025-11-14;21;1050
12;2025-11-14;22;578
12;2025-11-14;23;321
12;2025-11-15;0;86
12;2025-11-15;1;0
12;2025-11-15;2;0
12;2025-11-15;3;0
12;2025-11-15;4;0
12;2025-11-15;5;222
12;2025-11-15;6;868
12;2025-11-15;7;909
12;2025-11-15;8;980
12;2025-11-15;9;1135
12;2025-11-15;10;1354
12;2025-11-15;11;1443
12;2025-11-15;12;1407
12;2025-11-15;13;1647
12;2025-11-15;14;1546
12;2025-11-15;15;1438
12;2025-11-15;16;1504
12;2025-11-15;17;1456
12;2025-11-15;18;1418
12;2025-11-15;19;1430
12;2025-11-15;20;1018
12;2025-11-15;21;726
12;2025-11-15;22;447
12;2025-11-15;23;287
12;2025-11-16;0;91
12;2025-11-16;1;0
12;2025-11-16;2;0
12;2025-11-16;3;0
12;2025-11-16;4;0
12;2025-11-16;5;145
12;2025-11-16;6;556
12;2025-11-16;7;647
12;2025-11-16;8;743
12;2025-11-16;9;926
12;2025-11-16;10;1135
12;2025-11-16;11;1261
12;2025-11-16;12;1312
12;2025-11-16;13;1510
12;2025-11-16;14;1459
12;2025-11-16;15;1337
12;2025-11-16;16;1448
12;2025-11-16;17;1522
12;2025-11-16;18;1287
12;2025-11-16;19;1039
12;2025-11-16;20;804
12;2025-11-16;21;626
12;2025-11-16;22;412
12;2025-11-16;23;232
12;2025-11-17;0;74
12;2025-11-17;1;0
12;2025-11-17;2;0
12;2025-11-17;3;0
12;2025-11-17;4;0
12;2025-11-17;5;276
12;2025-11-17;6;1439
12;2025-11-17;7;2607
12;2025-11-17;8;3397
12;2025-11-17;9;2408
12;2025-11-17;10;1971
12;2025-11-17;11;1901
12;2025-11-17;12;1986
12;2025-11-17;13;1919
12;2025-11-17;14;1854
12;2025-11-17;15;2134
12;2025-11-17;16;2581
12;2025-11-17;17;2906
12;2025-11-17;18;3154
12;2025-11-17;19;2525
12;2025-11-17;20;1619
12;2025-11-17;21;966
12;2025-11-17;22;506
12;2025-11-17;23;254
12;2025-11-18;0;53
12;2025-11-18;1;0
12;2025-11-18;2;0
12;2025-11-18;3;0
12;2025-11-18;4;0
12;2025-11-18;5;285
12;2025-11-18;6;1491
12;2025-11-18;7;2717
12;2025-11-18;8;3571
12;2025-11-18;9;2505
12;2025-11-18;10;2080
12;2025-11-18;11;2004
12;2025-11-18;12;2008
12;2025-11-18;13;2009
12;2025-11-18;14;1976
12;2025-11-18;15;2171
12;2025-11-18;16;2691
12;2025-11-18;17;3028
12;2025-11-18;18;3223
12;2025-11-18;19;2621
12;2025-11-18;20;1618
12;2025-11-18;21;994
12;2025-11-18;22;543
12;2025-11-18;23;262
12;2025-11-19;0;62
12;2025-11-19;1;0
12;2025-11-19;2;0
12;2025-11-19;3;0
12;2025-11-19;4;0
12;2025-11-19;5;276
12;2025-11-19;6;1480
12;2025-11-19;7;2640
12;2025-11-19;8;3378
12;2025-11-19;9;2498
12;2025-11-19;10;2088
12;2025-11-19;11;2019
12;2025-11-19;12;2038
12;2025-11-19;13;2020
12;2025-11-19;14;1991
12;2025-11-19;15;2227
12;2025-11-19;16;2693
12;2025-11-19;17;2988
12;2025-11-19;18;3192
12;2025-11-19;19;2558
12;2025-11-19;20;1632
12;2025-11-19;21;1042
12;2025-11-19;22;560
12;2025-11-19;23;279
12;2025-11-20;0;60
12;2025-11-20;1;0
12;2025-11-20;2;0
12;2025-11-20;3;0
12;2025-11-20;4;0
12;2025-11-20;5;275
12;2025-11-20;6;1432
12;2025-11-20;7;2610
12;2025-11-20;8;3353
12;2025-11-20;9;2388
12;2025-11-20;10;2018
12;2025-11-20;11;1989
12;2025-11-20;12;2047
12;2025-11-20;13;2018
12;2025-11-20;14;1978
12;2025-11-20;15;2186
12;2025-11-20;16;2675
12;2025-11-20;17;2979
12;2025-11-20;18;3187
12;2025-11-20;19;2567
12;2025-11-20;20;1665
12;2025-11-20;21;1023
12;2025-11-20;22;571
12;2025-11-20;23;294
12;2025-11-21;0;67
12;2025-11-21;1;0
12;2025-11-21;2;0
12;2025-11-21;3;0
12;2025-11-21;4;0
12;2025-11-21;5;272
12;2025-11-21;6;1417
12;2025-11-21;7;2546
12;2025-11-21;8;3266
12;2025-11-21;9;2333
12;2025-11-21;10;1959
12;2025-11-21;11;1989
12;2025-11-21;12;1990
12;2025-11-21;13;2003
12;2025-11-21;14;2042
12;2025-11-21;15;2363
12;2025-11-21;16;2919
12;2025-11-21;17;2926
12;2025-11-21;18;2593
12;2025-11-21;19;2276
12;2025-11-21;20;1545
12;2025-11-21;21;1069
12;2025-11-21;22;589
12;2025-11-21;23;327
12;2025-11-22;0;88
12;2025-11-22;1;0
12;2025-11-22;2;0
12;2025-11-22;3;0
12;2025-11-22;4;0
12;2025-11-22;5;228
12;2025-11-22;6;894
12;2025-11-22;7;936
12;2025-11-22;8;1008
12;2025-11-22;9;1168
12;2025-11-22;10;1394
12;2025-11-22;11;1485
12;2025-11-22;12;1448
12;2025-11-22;13;1695
12;2025-11-22;14;1592
12;2025-11-22;15;1480
12;2025-11-22;16;1548
12;2025-11-22;17;1499
12;2025-11-22;18;1459
12;2025-11-22;19;1471
12;2025-11-22;20;1048
12;2025-11-22;21;748
12;2025-11-22;22;460
12;2025-11-22;23;296
12;2025-11-23;0;93
12;2025-11-23;1;0
12;2025-11-23;2;0
12;2025-11-23;3;0
12;2025-11-23;4;0
12;2025-11-23;5;147
12;2025-11-23;6;566
12;2025-11-23;7;658
12;2025-11-23;8;755
12;2025-11-23;9;942
12;2025-11-23;10;1154
12;2025-11-23;11;1283
12;2025-11-23;12;1335
12;2025-11-23;13;1536
12;2025-11-23;14;1483
12;2025-11-23;15;1360
12;2025-11-23;16;1473
12;2025-11-23;17;1548
12;2025-11-23;18;1309
12;2025-11-23;19;1057
12;2025-11-23;20;817
12;2025-11-23;21;637
12;2025-11-23;22;419
12;2025-11-23;23;236
12;2025-11-24;0;73
12;2025-11-24;1;0
12;2025-11-24;2;0
12;2025-11-24;3;0
12;2025-11-24;4;0
12;2025-11-24;5;273
12;2025-11-24;6;1423
12;2025-11-24;7;2578
12;2025-11-24;8;3359
12;2025-11-24;9;2381
12;2025-11-24;10;1950
12;2025-11-24;11;1880
12;2025-11-24;12;1964
12;2025-11-24;13;1898
12;2025-11-24;14;1833
12;2025-11-24;15;2111
12;2025-11-24;16;2553
12;2025-11-24;17;2874
12;2025-11-24;18;3119
12;2025-11-24;19;2498
12;2025-11-24;20;1601
12;2025-11-24;21;955
12;2025-11-24;22;501
12;2025-11-24;23;252
12;2025-11-25;0;53
12;2025-11-25;1;0
12;2025-11-25;2;0
12;2025-11-25;3;0
12;2025-11-25;4;0
12;2025-11-25;5;284
12;2025-11-25;6;1486
12;2025-11-25;7;2708
12;2025-11-25;8;3559
12;2025-11-25;9;2497
12;2025-11-25;10;2073
12;2025-11-25;11;1997
12;2025-11-25;12;2001
12;2025-11-25;13;2002
12;2025-11-25;14;1969
12;2025-11-25;15;2164
12;2025-11-25;16;2683
12;2025-11-25;17;3018
12;2025-11-25;18;3212
12;2025-11-25;19;2613
12;2025-11-25;20;1613
12;2025-11-25;21;990
12;2025-11-25;22;541
12;2025-11-25;23;261
12;2025-11-26;0;63
12;2025-11-26;1;0
12;2025-11-26;2;0
12;2025-11-26;3;0
12;2025-11-26;4;0
12;2025-11-26;5;278
12;2025-11-26;6;1490
12;2025-11-26;7;2658
12;2025-11-26;8;3400
12;2025-11-26;9;2515
12;2025-11-26;10;2102
12;2025-11-26;11;2033
12;2025-11-26;12;2051
12;2025-11-26;13;2034
12;2025-11-26;14;2004
12;2025-11-26;15;2242
12;2025-11-26;16;2711
12;2025-11-26;17;3008
12;2025-11-26;18;3213
12;2025-11-26;19;2575
12;2025-11-26;20;1643
12;2025-11-26;21;1048
12;2025-11-26;22;564
12;2025-11-26;23;281
12;2025-11-27;0;59
12;2025-11-27;1;0
12;2025-11-27;2;0
12;2025-11-27;3;0
12;2025-11-27;4;0
12;2025-11-27;5;274
12;2025-11-27;6;1424
12;2025-11-27;7;2596
12;2025-11-27;8;3334
12;2025-11-27;9;2375
12;2025-11-27;10;2007
12;2025-11-27;11;1979
12;2025-11-27;12;2036
12;2025-11-27;13;2007
12;2025-11-27;14;1967
12;2025-11-27;15;2174
12;2025-11-27;16;2660
12;2025-11-27;17;2962
12;2025-11-27;18;3169
12;2025-11-27;19;2553
12;2025-11-27;20;1656
12;2025-11-27;21;1017
12;2025-11-27;22;568
12;2025-11-27;23;292
12;2025-11-28;0;66
12;2025-11-28;1;0
12;2025-11-28;2;0
12;2025-11-28;3;0
12;2025-11-28;4;0
12;2025-11-28;5;266
12;2025-11-28;6;1390
12;2025-11-28;7;2497
12;2025-11-28;8;3203
12;2025-11-28;9;2289
12;2025-11-28;10;1922
12;2025-11-28;11;1951
12;2025-11-28;12;1952
12;2025-11-28;13;1965
12;2025-11-28;14;2003
12;2025-11-28;15;2318
12;2025-11-28;16;2863
12;2025-11-28;17;2870
12;2025-11-28;18;2544
12;2025-11-28;19;2232
12;2025-11-28;20;1516
12;2025-11-28;21;1048
12;2025-11-28;22;577
12;2025-11-28;23;320
12;2025-11-29;0;88
12;2025-11-29;1;0
12;2025-11-29;2;0
12;2025-11-29;3;0
12;2025-11-29;4;0
12;2025-11-29;5;228
12;2025-11-29;6;892
12;2025-11-29;7;934
12;2025-11-29;8;1006
12;2025-11-29;9;1166
12;2025-11-29;10;1391
12;2025-11-29;11;1482
12;2025-11-29;12;1446
12;2025-11-29;13;1692
12;2025-11-29;14;1589
12;2025-11-29;15;1478
12;2025-11-29;16;1545
12;2025-11-29;17;1496
12;2025-11-29;18;1457
12;2025-11-29;19;1469
12;2025-11-29;20;1046
12;2025-11-29;21;746
12;2025-11-29;22;459
12;2025-11-29;23;295
12;2025-11-30;0;91
12;2025-11-30;1;0
12;2025-11-30;2;0
12;2025-11-30;3;0
12;2025-11-30;4;0
12;2025-11-30;5;145
12;2025-11-30;6;556
12;2025-11-30;7;647
12;2025-11-30;8;743
12;2025-11-30;9;926
12;2025-11-30;10;1135
12;2025-11-30;11;1261
12;2025-11-30;12;1312
12;2025-11-30;13;1510
12;2025-11-30;14;1459
12;2025-11-30;15;1337
12;2025-11-30;16;1448
12;2025-11-30;17;1522
12;2025-11-30;18;1287
12;2025-11-30;19;1040
12;2025-11-30;20;804
12;2025-11-30;21;626
12;2025-11-30;22;412
12;2025-11-30;23;232
12;2025-12-01;0;70
12;2025-12-01;1;0
12;2025-12-01;2;0
12;2025-12-01;3;0
12;2025-12-01;4;0
12;2025-12-01;5;262
12;2025-12-01;6;1369
12;2025-12-01;7;2480
12;2025-12-01;8;3231
12;2025-12-01;9;2290
12;2025-12-01;10;1875
12;2025-12-01;11;1808
12;2025-12-01;12;1889
12;2025-12-01;13;1825
12;2025-12-01;14;1763
12;2025-12-01;15;2030
12;2025-12-01;16;2455
12;2025-12-01;17;2764
12;2025-12-01;18;3000
12;2025-12-01;19;2402
12;2025-12-01;20;1540
12;2025-12-01;21;918
12;2025-12-01;22;481
12;2025-12-01;23;242
12;2025-12-02;0;52
12;2025-12-02;1;0
12;2025-12-02;2;0
12;2025-12-02;3;0
12;2025-12-02;4;0
12;2025-12-02;5;279
12;2025-12-02;6;1461
12;2025-12-02;7;2663
12;2025-12-02;8;3501
12;2025-12-02;9;2456
12;2025-12-02;10;2039
12;2025-12-02;11;1964
12;2025-12-02;12;1969
12;2025-12-02;13;1970
12;2025-12-02;14;1937
12;2025-12-02;15;2128
12;2025-12-02;16;2639
12;2025-12-02;17;2968
12;2025-12-02;18;3160
12;2025-12-02;19;2570
12;2025-12-02;20;1587
12;2025-12-02;21;974
12;2025-12-02;22;532
12;2025-12-02;23;257
12;2025-12-03;0;61
12;2025-12-03;1;0
12;2025-12-03;2;0
12;2025-12-03;3;0
12;2025-12-03;4;0
12;2025-12-03;5;269
12;2025-12-03;6;1442
12;2025-12-03;7;2571
12;2025-12-03;8;3290
12;2025-12-03;9;2433
12;2025-12-03;10;2033
12;2025-12-03;11;1967
12;2025-12-03;12;1984
12;2025-12-03;13;1968
12;2025-12-03;14;1939
12;2025-12-03;15;2169
12;2025-12-03;16;2623
12;2025-12-03;17;2910
12;2025-12-03;18;3108
12;2025-12-03;19;2491
12;2025-12-03;20;1589
12;2025-12-03;21;1014
12;2025-12-03;22;546
12;2025-12-03;23;272
12;2025-12-04;0;58
12;2025-12-04;1;0
12;2025-12-04;2;0
12;2025-12-04;3;0
12;2025-12-04;4;0
12;2025-12-04;5;269
12;2025-12-04;6;1400
12;2025-12-04;7;2551
12;2025-12-04;8;3277
12;2025-12-04;9;2334
12;2025-12-04;10;1972
12;2025-12-04;11;1944
12;2025-12-04;12;2001
12;2025-12-04;13;1973
12;2025-12-04;14;1933
12;2025-12-04;15;2137
12;2025-12-04;16;2614
12;2025-12-04;17;2911
12;2025-12-04;18;3115
12;2025-12-04;19;2509
12;2025-12-04;20;1627
12;2025-12-04;21;999
12;2025-12-04;22;558
12;2025-12-04;23;287
12;2025-12-05;0;65
12;2025-12-05;1;0
12;2025-12-05;2;0
12;2025-12-05;3;0
12;2025-12-05;4;0
12;2025-12-05;5;265
12;2025-12-05;6;1384
12;2025-12-05;7;2487
12;2025-12-05;8;3190
12;2025-12-05;9;2279
12;2025-12-05;10;1914
12;2025-12-05;11;1942
12;2025-12-05;12;1944
12;2025-12-05;13;1957
12;2025-12-05;14;1995
12;2025-12-05;15;2308
12;2025-12-05;16;2851
12;2025-12-05;17;2858
12;2025-12-05;18;2533
12;2025-12-05;19;2223
12;2025-12-05;20;1509
12;2025-12-05;21;1044
12;2025-12-05;22;575
12;2025-12-05;23;319
12;2025-12-06;0;86
12;2025-12-06;1;0
12;2025-12-06;2;0
12;2025-12-06;3;0
12;2025-12-06;4;0
12;2025-12-06;5;223
12;2025-12-06;6;871
12;2025-12-06;7;913
12;2025-12-06;8;983
12;2025-12-06;9;1139
12;2025-12-06;10;1359
12;2025-12-06;11;1448
12;2025-12-06;12;1412
12;2025-12-06;13;1653
12;2025-12-06;14;1552
12;2025-12-06;15;1443
12;2025-12-06;16;1509
12;2025-12-06;17;1461
12;2025-12-06;18;1423
12;2025-12-06;19;1435
12;2025-12-06;20;1022
12;2025-12-06;21;729
12;2025-12-06;22;448
12;2025-12-06;23;288
12;2025-12-07;0;91
12;2025-12-07;1;0
12;2025-12-07;2;0
12;2025-12-07;3;0
12;2025-12-07;4;0
12;2025-12-07;5;145
12;2025-12-07;6;556
12;2025-12-07;7;647
12;2025-12-07;8;742
12;2025-12-07;9;926
12;2025-12-07;10;1135
12;2025-12-07;11;1261
12;2025-12-07;12;1312
12;2025-12-07;13;1510
12;2025-12-07;14;1458
12;2025-12-07;15;1337
12;2025-12-07;16;1448
12;2025-12-07;17;1522
12;2025-12-07;18;1287
12;2025-12-07;19;1039
12;2025-12-07;20;804
12;2025-12-07;21;626
12;2025-12-07;22;412
12;2025-12-07;23;232
12;2025-12-08;0;71
12;2025-12-08;1;0
12;2025-12-08;2;0
12;2025-12-08;3;0
12;2025-12-08;4;0
12;2025-12-08;5;266
12;2025-12-08;6;1389
12;2025-12-08;7;2516
12;2025-12-08;8;3279
12;2025-12-08;9;2324
12;2025-12-08;10;1903
12;2025-12-08;11;1835
12;2025-12-08;12;1917
12;2025-12-08;13;1852
12;2025-12-08;14;1789
12;2025-12-08;15;2060
12;2025-12-08;16;2492
12;2025-12-08;17;2805
12;2025-12-08;18;3045
12;2025-12-08;19;2438
12;2025-12-08;20;1563
12;2025-12-08;21;932
12;2025-12-08;22;489
12;2025-12-08;23;246
12;2025-12-09;0;51
12;2025-12-09;1;0
12;2025-12-09;2;0
12;2025-12-09;3;0
12;2025-12-09;4;0
12;2025-12-09;5;273
12;2025-12-09;6;1431
12;2025-12-09;7;2607
12;2025-12-09;8;3427
12;2025-12-09;9;2404
12;2025-12-09;10;1996
12;2025-12-09;11;1923
12;2025-12-09;12;1927
12;2025-12-09;13;1928
12;2025-12-09;14;1896
12;2025-12-09;15;2083
12;2025-12-09;16;2583
12;2025-12-09;17;2906
12;2025-12-09;18;3093
12;2025-12-09;19;2516
12;2025-12-09;20;1553
12;2025-12-09;21;954
12;2025-12-09;22;521
12;2025-12-09;23;251
12;2025-12-10;0;60
12;2025-12-10;1;0
12;2025-12-10;2;0
12;2025-12-10;3;0
12;2025-12-10;4;0
12;2025-12-10;5;267
12;2025-12-10;6;1431
12;2025-12-10;7;2553
12;2025-12-10;8;3266
12;2025-12-10;9;2416
12;2025-12-10;10;2019
12;2025-12-10;11;1953
12;2025-12-10;12;1970
12;2025-12-10;13;1954
12;2025-12-10;14;1925
12;2025-12-10;15;2153
12;2025-12-10;16;2604
12;2025-12-10;17;2889
12;2025-12-10;18;3086
12;2025-12-10;19;2473
12;2025-12-10;20;1578
12;2025-12-10;21;1007
12;2025-12-10;22;542
12;2025-12-10;23;270
12;2025-12-11;0;57
12;2025-12-11;1;0
12;2025-12-11;2;0
12;2025-12-11;3;0
12;2025-12-11;4;0
12;2025-12-11;5;266
12;2025-12-11;6;1381
12;2025-12-11;7;2516
12;2025-12-11;8;3232
12;2025-12-11;9;2302
12;2025-12-11;10;1945
12;2025-12-11;11;1918
12;2025-12-11;12;1974
12;2025-12-11;13;1946
12;2025-12-11;14;1906
12;2025-12-11;15;2107
12;2025-12-11;16;2578
12;2025-12-11;17;2871
12;2025-12-11;18;3072
12;2025-12-11;19;2475
12;2025-12-11;20;1605
12;2025-12-11;21;986
12;2025-12-11;22;551
12;2025-12-11;23;283
12;2025-12-12;0;64
12;2025-12-12;1;0
12;2025-12-12;2;0
12;2025-12-12;3;0
12;2025-12-12;4;0
12;2025-12-12;5;259
12;2025-12-12;6;1350
12;2025-12-12;7;2425
12;2025-12-12;8;3110
12;2025-12-12;9;2222
12;2025-12-12;10;1866
12;2025-12-12;11;1894
12;2025-12-12;12;1895
12;2025-12-12;13;1908
12;2025-12-12;14;1945
12;2025-12-12;15;2250
12;2025-12-12;16;2780
12;2025-12-12;17;2786
12;2025-12-12;18;2470
12;2025-12-12;19;2167
12;2025-12-12;20;1472
12;2025-12-12;21;1018
12;2025-12-12;22;561
12;2025-12-12;23;311
12;2025-12-13;0;83
12;2025-12-13;1;0
12;2025-12-13;2;0
12;2025-12-13;3;0
12;2025-12-13;4;0
12;2025-12-13;5;216
12;2025-12-13;6;845
12;2025-12-13;7;885
12;2025-12-13;8;953
12;2025-12-13;9;1104
12;2025-12-13;10;1317
12;2025-12-13;11;1404
12;2025-12-13;12;1369
12;2025-12-13;13;1602
12;2025-12-13;14;1505
12;2025-12-13;15;1399
12;2025-12-13;16;1463
12;2025-12-13;17;1417
12;2025-12-13;18;1379
12;2025-12-13;19;1391
12;2025-12-13;20;991
12;2025-12-13;21;707
12;2025-12-13;22;435
12;2025-12-13;23;279
12;2025-12-14;0;90
12;2025-12-14;1;0
12;2025-12-14;2;0
12;2025-12-14;3;0
12;2025-12-14;4;0
12;2025-12-14;5;142
12;2025-12-14;6;547
12;2025-12-14;7;637
12;2025-12-14;8;731
12;2025-12-14;9;911
12;2025-12-14;10;1116
12;2025-12-14;11;1241
12;2025-12-14;12;1291
12;2025-12-14;13;1486
12;2025-12-14;14;1435
12;2025-12-14;15;1315
12;2025-12-14;16;1425
12;2025-12-14;17;1498
12;2025-12-14;18;1266
12;2025-12-14;19;1023
12;2025-12-14;20;791
12;2025-12-14;21;616
12;2025-12-14;22;406
12;2025-12-14;23;228
12;2025-12-15;0;69
12;2025-12-15;1;0
12;2025-12-15;2;0
12;2025-12-15;3;0
12;2025-12-15;4;0
12;2025-12-15;5;258
12;2025-12-15;6;1347
12;2025-12-15;7;2441
12;2025-12-15;8;3180
12;2025-12-15;9;2254
12;2025-12-15;10;1846
12;2025-12-15;11;1780
12;2025-12-15;12;1860
12;2025-12-15;13;1797
12;2025-12-15;14;1736
12;2025-12-15;15;1998
12;2025-12-15;16;2417
12;2025-12-15;17;2721
12;2025-12-15;18;2953
12;2025-12-15;19;2365
12;2025-12-15;20;1516
12;2025-12-15;21;904
12;2025-12-15;22;474
12;2025-12-15;23;238
12;2025-12-16;0;50
12;2025-12-16;1;0
12;2025-12-16;2;0
12;2025-12-16;3;0
12;2025-12-16;4;0
12;2025-12-16;5;267
12;2025-12-16;6;1395
12;2025-12-16;7;2542
12;2025-12-16;8;3342
12;2025-12-16;9;2344
12;2025-12-16;10;1946
12;2025-12-16;11;1875
12;2025-12-16;12;1879
12;2025-12-16;13;1880
12;2025-12-16;14;1849
12;2025-12-16;15;2031
12;2025-12-16;16;2519
12;2025-12-16;17;2833
12;2025-12-16;18;3016
12;2025-12-16;19;2453
12;2025-12-16;20;1514
12;2025-12-16;21;930
12;2025-12-16;22;508
12;2025-12-16;23;245
12;2025-12-17;0;58
12;2025-12-17;1;0
12;2025-12-17;2;0
12;2025-12-17;3;0
12;2025-12-17;4;0
12;2025-12-17;5;258
12;2025-12-17;6;1382
12;2025-12-17;7;2465
12;2025-12-17;8;3154
12;2025-12-17;9;2332
12;2025-12-17;10;1949
12;2025-12-17;11;1885
12;2025-12-17;12;1902
12;2025-12-17;13;1886
12;2025-12-17;14;1858
12;2025-12-17;15;2079
12;2025-12-17;16;2514
12;2025-12-17;17;2789
12;2025-12-17;18;2980
12;2025-12-17;19;2388
12;2025-12-17;20;1524
12;2025-12-17;21;972
12;2025-12-17;22;523
12;2025-12-17;23;261
12;2025-12-18;0;55
12;2025-12-18;1;0
12;2025-12-18;2;0
12;2025-12-18;3;0
12;2025-12-18;4;0
12;2025-12-18;5;254
12;2025-12-18;6;1323
12;2025-12-18;7;2411
12;2025-12-18;8;3097
12;2025-12-18;9;2206
12;2025-12-18;10;1864
12;2025-12-18;11;1838
12;2025-12-18;12;1891
12;2025-12-18;13;1864
12;2025-12-18;14;1827
12;2025-12-18;15;2019
12;2025-12-18;16;2471
12;2025-12-18;17;2752
12;2025-12-18;18;2944
12;2025-12-18;19;2371
12;2025-12-18;20;1538
12;2025-12-18;21;945
12;2025-12-18;22;528
12;2025-12-18;23;272
12;2025-12-19;0;61
12;2025-12-19;1;0
12;2025-12-19;2;0
12;2025-12-19;3;0
12;2025-12-19;4;0
12;2025-12-19;5;248
12;2025-12-19;6;1294
12;2025-12-19;7;2325
12;2025-12-19;8;2982
12;2025-12-19;9;2131
12;2025-12-19;10;1789
12;2025-12-19;11;1816
12;2025-12-19;12;1817
12;2025-12-19;13;1829
12;2025-12-19;14;1865
12;2025-12-19;15;2158
12;2025-12-19;16;2665
12;2025-12-19;17;2671
12;2025-12-19;18;2368
12;2025-12-19;19;2078
12;2025-12-19;20;1411
12;2025-12-19;21;976
12;2025-12-19;22;537
12;2025-12-19;23;298
12;2025-12-20;0;73
12;2025-12-20;1;0
12;2025-12-20;2;0
12;2025-12-20;3;0
12;2025-12-20;4;0
12;2025-12-20;5;188
12;2025-12-20;6;737
12;2025-12-20;7;772
12;2025-12-20;8;831
12;2025-12-20;9;963
12;2025-12-20;10;1149
12;2025-12-20;11;1224
12;2025-12-20;12;1194
12;2025-12-20;13;1397
12;2025-12-20;14;1312
12;2025-12-20;15;1220
12;2025-12-20;16;1276
12;2025-12-20;17;1235
12;2025-12-20;18;1203
12;2025-12-20;19;1213
12;2025-12-20;20;864
12;2025-12-20;21;616
12;2025-12-20;22;379
12;2025-12-20;23;244
12;2025-12-21;0;84
12;2025-12-21;1;0
12;2025-12-21;2;0
12;2025-12-21;3;0
12;2025-12-21;4;0
12;2025-12-21;5;133
12;2025-12-21;6;512
12;2025-12-21;7;595
12;2025-12-21;8;684
12;2025-12-21;9;852
12;2025-12-21;10;1044
12;2025-12-21;11;1161
12;2025-12-21;12;1208
12;2025-12-21;13;1390
12;2025-12-21;14;1342
12;2025-12-21;15;1231
12;2025-12-21;16;1333
12;2025-12-21;17;1401
12;2025-12-21;18;1185
12;2025-12-21;19;957
12;2025-12-21;20;740
12;2025-12-21;21;576
12;2025-12-21;22;380
12;2025-12-21;23;213
12;2025-12-22;0;68
12;2025-12-22;1;0
12;2025-12-22;2;0
12;2025-12-22;3;0
12;2025-12-22;4;0
12;2025-12-22;5;255
12;2025-12-22;6;1332
12;2025-12-22;7;2413
12;2025-12-22;8;3144
12;2025-12-22;9;2229
12;2025-12-22;10;1825
12;2025-12-22;11;1760
12;2025-12-22;12;1839
12;2025-12-22;13;1776
12;2025-12-22;14;1716
12;2025-12-22;15;1976
12;2025-12-22;16;2390
12;2025-12-22;17;2690
12;2025-12-22;18;2920
12;2025-12-22;19;2338
12;2025-12-22;20;1499
12;2025-12-22;21;894
12;2025-12-22;22;469
12;2025-12-22;23;236
12;2025-12-23;0;49
12;2025-12-23;1;0
12;2025-12-23;2;0
12;2025-12-23;3;0
12;2025-12-23;4;0
12;2025-12-23;5;261
12;2025-12-23;6;1367
12;2025-12-23;7;2491
12;2025-12-23;8;3274
12;2025-12-23;9;2297
12;2025-12-23;10;1907
12;2025-12-23;11;1837
12;2025-12-23;12;1841
12;2025-12-23;13;1842
12;2025-12-23;14;1811
12;2025-12-23;15;1990
12;2025-12-23;16;2468
12;2025-12-23;17;2776
12;2025-12-23;18;2955
12;2025-12-23;19;2403
12;2025-12-23;20;1484
12;2025-12-23;21;911
12;2025-12-23;22;498
12;2025-12-23;23;240
12;2025-12-24;0;53
12;2025-12-24;1;0
12;2025-12-24;2;0
12;2025-12-24;3;0
12;2025-12-24;4;0
12;2025-12-24;5;236
12;2025-12-24;6;1266
12;2025-12-24;7;2257
12;2025-12-24;8;2888
12;2025-12-24;9;2136
12;2025-12-24;10;1785
12;2025-12-24;11;1727
12;2025-12-24;12;1742
12;2025-12-24;13;1727
12;2025-12-24;14;1702
12;2025-12-24;15;1904
12;2025-12-24;16;2302
12;2025-12-24;17;2555
12;2025-12-24;18;2729
12;2025-12-24;19;2187
12;2025-12-24;20;1395
12;2025-12-24;21;890
12;2025-12-24;22;479
12;2025-12-24;23;239
12;2025-12-25;0;42
12;2025-12-25;1;0
12;2025-12-25;2;0
12;2025-12-25;3;0
12;2025-12-25;4;0
12;2025-12-25;5;193
12;2025-12-25;6;1002
12;2025-12-25;7;1827
12;2025-12-25;8;2347
12;2025-12-25;9;1672
12;2025-12-25;10;1412
12;2025-12-25;11;1392
12;2025-12-25;12;1433
12;2025-12-25;13;1413
12;2025-12-25;14;1384
12;2025-12-25;15;1530
12;2025-12-25;16;1872
12;2025-12-25;17;2085
12;2025-12-25;18;2230
12;2025-12-25;19;1797
12;2025-12-25;20;1165
12;2025-12-25;21;716
12;2025-12-25;22;400
12;2025-12-25;23;206
12;2025-12-26;0;43
12;2025-12-26;1;0
12;2025-12-26;2;0
12;2025-12-26;3;0
12;2025-12-26;4;0
12;2025-12-26;5;174
12;2025-12-26;6;907
12;2025-12-26;7;1629
12;2025-12-26;8;2089
12;2025-12-26;9;1493
12;2025-12-26;10;1253
12;2025-12-26;11;1272
12;2025-12-26;12;1273
12;2025-12-26;13;1282
12;2025-12-26;14;1307
12;2025-12-26;15;1512
12;2025-12-26;16;1867
12;2025-12-26;17;1872
12;2025-12-26;18;1659
12;2025-12-26;19;1456
12;2025-12-26;20;989
12;2025-12-26;21;684
12;2025-12-26;22;377
12;2025-12-26;23;209
12;2025-12-27;0;68
12;2025-12-27;1;0
12;2025-12-27;2;0
12;2025-12-27;3;0
12;2025-12-27;4;0
12;2025-12-27;5;177
12;2025-12-27;6;693
12;2025-12-27;7;726
12;2025-12-27;8;782
12;2025-12-27;9;906
12;2025-12-27;10;1081
12;2025-12-27;11;1151
12;2025-12-27;12;1123
12;2025-12-27;13;1314
12;2025-12-27;14;1234
12;2025-12-27;15;1148
12;2025-12-27;16;1200
12;2025-12-27;17;1162
12;2025-12-27;18;1131
12;2025-12-27;19;1141
12;2025-12-27;20;813
12;2025-12-27;21;580
12;2025-12-27;22;357
12;2025-12-27;23;229
12;2025-12-28;0;79
12;2025-12-28;1;0
12;2025-12-28;2;0
12;2025-12-28;3;0
12;2025-12-28;4;0
12;2025-12-28;5;125
12;2025-12-28;6;480
12;2025-12-28;7;558
12;2025-12-28;8;641
12;2025-12-28;9;799
12;2025-12-28;10;979
12;2025-12-28;11;1088
12;2025-12-28;12;1132
12;2025-12-28;13;1303
12;2025-12-28;14;1259
12;2025-12-28;15;1154
12;2025-12-28;16;1250
12;2025-12-28;17;1313
12;2025-12-28;18;1111
12;2025-12-28;19;897
12;2025-12-28;20;694
12;2025-12-28;21;540
12;2025-12-28;22;356
12;2025-12-28;23;200
12;2025-12-29;0;46
12;2025-12-29;1;0
12;2025-12-29;2;0
12;2025-12-29;3;0
12;2025-12-29;4;0
12;2025-12-29;5;172
12;2025-12-29;6;896
12;2025-12-29;7;1624
12;2025-12-29;8;2116
12;2025-12-29;9;1500
12;2025-12-29;10;1228
12;2025-12-29;11;1184
12;2025-12-29;12;1237
12;2025-12-29;13;1195
12;2025-12-29;14;1155
12;2025-12-29;15;1330
12;2025-12-29;16;1608
12;2025-12-29;17;1810
12;2025-12-29;18;1965
12;2025-12-29;19;1573
12;2025-12-29;20;1009
12;2025-12-29;21;602
12;2025-12-29;22;315
12;2025-12-29;23;159
12;2025-12-30;0;33
12;2025-12-30;1;0
12;2025-12-30;2;0
12;2025-12-30;3;0
12;2025-12-30;4;0
12;2025-12-30;5;177
12;2025-12-30;6;925
12;2025-12-30;7;1686
12;2025-12-30;8;2217
12;2025-12-30;9;1555
12;2025-12-30;10;1291
12;2025-12-30;11;1244
12;2025-12-30;12;1247
12;2025-12-30;13;1247
12;2025-12-30;14;1227
12;2025-12-30;15;1348
12;2025-12-30;16;1671
12;2025-12-30;17;1880
12;2025-12-30;18;2001
12;2025-12-30;19;1627
12;2025-12-30;20;1005
12;2025-12-30;21;617
12;2025-12-30;22;337
12;2025-12-30;23;163
12;2025-12-31;0;34
12;2025-12-31;1;0
12;2025-12-31;2;0
12;2025-12-31;3;0
12;2025-12-31;4;0
12;2025-12-31;5;153
12;2025-12-31;6;821
12;2025-12-31;7;1464
12;2025-12-31;8;1873
12;2025-12-31;9;1385
12;2025-12-31;10;1158
12;2025-12-31;11;1120
12;2025-12-31;12;1130
12;2025-12-31;13;1120
12;2025-12-31;14;1104
12;2025-12-31;15;1235
12;2025-12-31;16;1493
12;2025-12-31;17;1657
12;2025-12-31;18;1770
12;2025-12-31;19;1418
12;2025-12-31;20;905
12;2025-12-31;21;577
12;2025-12-31;22;311
12;2025-12-31;23;155
17;2025-11-01;0;216
17;2025-11-01;1;0
17;2025-11-01;2;0
17;2025-11-01;3;0
17;2025-11-01;4;0
17;2025-11-01;5;93
17;2025-11-01;6;560
17;2025-11-01;7;1159
17;2025-11-01;8;1650
17;2025-11-01;9;2046
17;2025-11-01;10;2282
17;2025-11-01;11;2675
17;2025-11-01;12;2957
17;2025-11-01;13;3148
17;2025-11-01;14;3191
17;2025-11-01;15;3230
17;2025-11-01;16;3206
17;2025-11-01;17;3123
17;2025-11-01;18;2873
17;2025-11-01;19;2468
17;2025-11-01;20;1972
17;2025-11-01;21;1448
17;2025-11-01;22;949
17;2025-11-01;23;481
17;2025-11-02;0;205
17;2025-11-02;1;0
17;2025-11-02;2;0
17;2025-11-02;3;0
17;2025-11-02;4;0
17;2025-11-02;5;76
17;2025-11-02;6;442
17;2025-11-02;7;801
17;2025-11-02;8;1241
17;2025-11-02;9;1667
17;2025-11-02;10;1925
17;2025-11-02;11;2396
17;2025-11-02;12;2748
17;2025-11-02;13;2985
17;2025-11-02;14;3036
17;2025-11-02;15;3051
17;2025-11-02;16;3004
17;2025-11-02;17;2898
17;2025-11-02;18;2611
17;2025-11-02;19;2191
17;2025-11-02;20;1750
17;2025-11-02;21;1268
17;2025-11-02;22;825
17;2025-11-02;23;363
17;2025-11-03;0;115
17;2025-11-03;1;0
17;2025-11-03;2;0
17;2025-11-03;3;0
17;2025-11-03;4;0
17;2025-11-03;5;229
17;2025-11-03;6;1489
17;2025-11-03;7;3885
17;2025-11-03;8;5140
17;2025-11-03;9;3672
17;2025-11-03;10;2841
17;2025-11-03;11;2812
17;2025-11-03;12;2864
17;2025-11-03;13;2931
17;2025-11-03;14;2929
17;2025-11-03;15;3095
17;2025-11-03;16;3476
17;2025-11-03;17;4366
17;2025-11-03;18;4971
17;2025-11-03;19;3500
17;2025-11-03;20;2406
17;2025-11-03;21;1496
17;2025-11-03;22;837
17;2025-11-03;23;358
17;2025-11-04;0;129
17;2025-11-04;1;0
17;2025-11-04;2;0
17;2025-11-04;3;0
17;2025-11-04;4;0
17;2025-11-04;5;234
17;2025-11-04;6;1535
17;2025-11-04;7;4003
17;2025-11-04;8;5278
17;2025-11-04;9;3809
17;2025-11-04;10;2962
17;2025-11-04;11;2876
17;2025-11-04;12;2924
17;2025-11-04;13;2964
17;2025-11-04;14;3042
17;2025-11-04;15;3120
17;2025-11-04;16;3540
17;2025-11-04;17;4488
17;2025-11-04;18;5040
17;2025-11-04;19;3626
17;2025-11-04;20;2517
17;2025-11-04;21;1577
17;2025-11-04;22;881
17;2025-11-04;23;387
17;2025-11-05;0;137
17;2025-11-05;1;0
17;2025-11-05;2;0
17;2025-11-05;3;0
17;2025-11-05;4;0
17;2025-11-05;5;237
17;2025-11-05;6;1524
17;2025-11-05;7;3915
17;2025-11-05;8;5151
17;2025-11-05;9;3729
17;2025-11-05;10;2974
17;2025-11-05;11;2928
17;2025-11-05;12;2989
17;2025-11-05;13;3072
17;2025-11-05;14;3102
17;2025-11-05;15;3220
17;2025-11-05;16;3563
17;2025-11-05;17;4363
17;2025-11-05;18;4882
17;2025-11-05;19;3541
17;2025-11-05;20;2479
17;2025-11-05;21;1627
17;2025-11-05;22;934
17;2025-11-05;23;431
17;2025-11-06;0;152
17;2025-11-06;1;0
17;2025-11-06;2;0
17;2025-11-06;3;0
17;2025-11-06;4;0
17;2025-11-06;5;231
17;2025-11-06;6;1483
17;2025-11-06;7;3794
17;2025-11-06;8;5004
17;2025-11-06;9;3677
17;2025-11-06;10;2944
17;2025-11-06;11;2902
17;2025-11-06;12;3008
17;2025-11-06;13;3068
17;2025-11-06;14;3096
17;2025-11-06;15;3215
17;2025-11-06;16;3639
17;2025-11-06;17;4399
17;2025-11-06;18;4915
17;2025-11-06;19;3592
17;2025-11-06;20;2548
17;2025-11-06;21;1674
17;2025-11-06;22;978
17;2025-11-06;23;452
17;2025-11-07;0;164
17;2025-11-07;1;0
17;2025-11-07;2;0
17;2025-11-07;3;0
17;2025-11-07;4;0
17;2025-11-07;5;227
17;2025-11-07;6;1440
17;2025-11-07;7;3693
17;2025-11-07;8;4840
17;2025-11-07;9;3575
17;2025-11-07;10;2884
17;2025-11-07;11;2933
17;2025-11-07;12;3009
17;2025-11-07;13;3111
17;2025-11-07;14;3186
17;2025-11-07;15;3485
17;2025-11-07;16;4023
17;2025-11-07;17;4454
17;2025-11-07;18;4318
17;2025-11-07;19;3263
17;2025-11-07;20;2450
17;2025-11-07;21;1686
17;2025-11-07;22;1009
17;2025-11-07;23;505
17;2025-11-08;0;219
17;2025-11-08;1;0
17;2025-11-08;2;0
17;2025-11-08;3;0
17;2025-11-08;4;0
17;2025-11-08;5;94
17;2025-11-08;6;569
17;2025-11-08;7;1178
17;2025-11-08;8;1677
17;2025-11-08;9;2079
17;2025-11-08;10;2318
17;2025-11-08;11;2718
17;2025-11-08;12;3005
17;2025-11-08;13;3199
17;2025-11-08;14;3242
17;2025-11-08;15;3282
17;2025-11-08;16;3258
17;2025-11-08;17;3173
17;2025-11-08;18;2919
17;2025-11-08;19;2507
17;2025-11-08;20;2004
17;2025-11-08;21;1472
17;2025-11-08;22;964
17;2025-11-08;23;489
17;2025-11-09;0;205
17;2025-11-09;1;0
17;2025-11-09;2;0
17;2025-11-09;3;0
17;2025-11-09;4;0
17;2025-11-09;5;76
17;2025-11-09;6;441
17;2025-11-09;7;799
17;2025-11-09;8;1238
17;2025-11-09;9;1664
17;2025-11-09;10;1921
17;2025-11-09;11;2391
17;2025-11-09;12;2742
17;2025-11-09;13;2979
17;2025-11-09;14;3030
17;2025-11-09;15;3045
17;2025-11-09;16;2998
17;2025-11-09;17;2892
17;2025-11-09;18;2606
17;2025-11-09;19;2186
17;2025-11-09;20;1747
17;2025-11-09;21;1265
17;2025-11-09;22;824
17;2025-11-09;23;362
17;2025-11-10;0;115
17;2025-11-10;1;0
17;2025-11-10;2;0
17;2025-11-10;3;0
17;2025-11-10;4;0
17;2025-11-10;5;229
17;2025-11-10;6;1484
17;2025-11-10;7;3871
17;2025-11-10;8;5123
17;2025-11-10;9;3660
17;2025-11-10;10;2832
17;2025-11-10;11;2802
17;2025-11-10;12;2854
17;2025-11-10;13;2921
17;2025-11-10;14;2920
17;2025-11-10;15;3084
17;2025-11-10;16;3464
17;2025-11-10;17;4351
17;2025-11-10;18;4955
17;2025-11-10;19;3489
17;2025-11-10;20;2398
17;2025-11-10;21;1491
17;2025-11-10;22;835
17;2025-11-10;23;357
17;2025-11-11;0;130
17;2025-11-11;1;0
17;2025-11-11;2;0
17;2025-11-11;3;0
17;2025-11-11;4;0
17;2025-11-11;5;236
17;2025-11-11;6;1543
17;2025-11-11;7;4023
17;2025-11-11;8;5305
17;2025-11-11;9;3829
17;2025-11-11;10;2978
17;2025-11-11;11;2891
17;2025-11-11;12;2939
17;2025-11-11;13;2979
17;2025-11-11;14;3058
17;2025-11-11;15;3136
17;2025-11-11;16;3558
17;2025-11-11;17;4511
17;2025-11-11;18;5066
17;2025-11-11;19;3644
17;2025-11-11;20;2530
17;2025-11-11;21;1585
17;2025-11-11;22;886
17;2025-11-11;23;389
17;2025-11-12;0;138
17;2025-11-12;1;0
17;2025-11-12;2;0
17;2025-11-12;3;0
17;2025-11-12;4;0
17;2025-11-12;5;238
17;2025-11-12;6;1535
17;2025-11-12;7;3942
17;2025-11-12;8;5186
17;2025-11-12;9;3755
17;2025-11-12;10;2994
17;2025-11-12;11;2948
17;2025-11-12;12;3010
17;2025-11-12;13;3093
17;2025-11-12;14;3124
17;2025-11-12;15;3242
17;2025-11-12;16;3587
17;2025-11-12;17;4393
17;2025-11-12;18;4915
17;2025-11-12;19;3565
17;2025-11-12;20;2496
17;2025-11-12;21;1638
17;2025-11-12;22;941
17;2025-11-12;23;434
17;2025-11-13;0;154
17;2025-11-13;1;0
17;2025-11-13;2;0
17;2025-11-13;3;0
17;2025-11-13;4;0
17;2025-11-13;5;234
17;2025-11-13;6;1497
17;2025-11-13;7;3832
17;2025-11-13;8;5053
17;2025-11-13;9;3713
17;2025-11-13;10;2973
17;2025-11-13;11;2931
17;2025-11-13;12;3037
17;2025-11-13;13;3098
17;2025-11-13;14;3126
17;2025-11-13;15;3246
17;2025-11-13;16;3675
17;2025-11-13;17;4442
17;2025-11-13;18;4963
17;2025-11-13;19;3627
17;2025-11-13;20;2573
17;2025-11-13;21;1691
17;2025-11-13;22;988
17;2025-11-13;23;456
17;2025-11-14;0;166
17;2025-11-14;1;0
17;2025-11-14;2;0
17;2025-11-14;3;0
17;2025-11-14;4;0
17;2025-11-14;5;230
17;2025-11-14;6;1456
17;2025-11-14;7;3734
17;2025-11-14;8;4893
17;2025-11-14;9;3614
17;2025-11-14;10;2916
17;2025-11-14;11;2966
17;2025-11-14;12;3042
17;2025-11-14;13;3145
17;2025-11-14;14;3221
17;2025-11-14;15;3524
17;2025-11-14;16;4068
17;2025-11-14;17;4503
17;2025-11-14;18;4365
17;2025-11-14;19;3299
17;2025-11-14;20;2477
17;2025-11-14;21;1705
17;2025-11-14;22;1020
17;2025-11-14;23;511
17;2025-11-15;0;219
17;2025-11-15;1;0
17;2025-11-15;2;0
17;2025-11-15;3;0
17;2025-11-15;4;0
17;2025-11-15;5;94
17;2025-11-15;6;569
17;2025-11-15;7;1176
17;2025-11-15;8;1675
17;2025-11-15;9;2077
17;2025-11-15;10;2316
17;2025-11-15;11;2716
17;2025-11-15;12;3002
17;2025-11-15;13;3196
17;2025-11-15;14;3239
17;2025-11-15;15;3279
17;2025-11-15;16;3255
17;2025-11-15;17;3171
17;2025-11-15;18;2917
17;2025-11-15;19;2505
17;2025-11-15;20;2002
17;2025-11-15;21;1470
17;2025-11-15;22;963
17;2025-11-15;23;489
17;2025-11-16;0;206
17;2025-11-16;1;0
17;2025-11-16;2;0
17;2025-11-16;3;0
17;2025-11-16;4;0
17;2025-11-16;5;76
17;2025-11-16;6;444
17;2025-11-16;7;804
17;2025-11-16;8;1245
17;2025-11-16;9;1673
17;2025-11-16;10;1932
17;2025-11-16;11;2405
17;2025-11-16;12;2758
17;2025-11-16;13;2996
17;2025-11-16;14;3047
17;2025-11-16;15;3063
17;2025-11-16;16;3015
17;2025-11-16;17;2909
17;2025-11-16;18;2621
17;2025-11-16;19;2199
17;2025-11-16;20;1757
17;2025-11-16;21;1272
17;2025-11-16;22;828
17;2025-11-16;23;365
17;2025-11-17;0;116
17;2025-11-17;1;0
17;2025-11-17;2;0
17;2025-11-17;3;0
17;2025-11-17;4;0
17;2025-11-17;5;232
17;2025-11-17;6;1504
17;2025-11-17;7;3924
17;2025-11-17;8;5193
17;2025-11-17;9;3710
17;2025-11-17;10;2870
17;2025-11-17;11;2840
17;2025-11-17;12;2893
17;2025-11-17;13;2961
17;2025-11-17;14;2959
17;2025-11-17;15;3126
17;2025-11-17;16;3511
17;2025-11-17;17;4410
17;2025-11-17;18;5022
17;2025-11-17;19;3536
17;2025-11-17;20;2431
17;2025-11-17;21;1512
17;2025-11-17;22;846
17;2025-11-17;23;362
17;2025-11-18;0;130
17;2025-11-18;1;0
17;2025-11-18;2;0
17;2025-11-18;3;0
17;2025-11-18;4;0
17;2025-11-18;5;236
17;2025-11-18;6;1544
17;2025-11-18;7;4028
17;2025-11-18;8;5311
17;2025-11-18;9;3833
17;2025-11-18;10;2981
17;2025-11-18;11;2894
17;2025-11-18;12;2942
17;2025-11-18;13;2982
17;2025-11-18;14;3061
17;2025-11-18;15;3139
17;2025-11-18;16;3562
17;2025-11-18;17;4516
17;2025-11-18;18;5072
17;2025-11-18;19;3649
17;2025-11-18;20;2533
17;2025-11-18;21;1587
17;2025-11-18;22;887
17;2025-11-18;23;389
17;2025-11-19;0;139
17;2025-11-19;1;0
17;2025-11-19;2;0
17;2025-11-19;3;0
17;2025-11-19;4;0
17;2025-11-19;5;239
17;2025-11-19;6;1540
17;2025-11-19;7;3957
17;2025-11-19;8;5206
17;2025-11-19;9;3769
17;2025-11-19;10;3006
17;2025-11-19;11;2960
17;2025-11-19;12;3021
17;2025-11-19;13;3105
17;2025-11-19;14;3136
17;2025-11-19;15;3255
17;2025-11-19;16;3601
17;2025-11-19;17;4410
17;2025-11-19;18;4934
17;2025-11-19;19;3579
17;2025-11-19;20;2505
17;2025-11-19;21;1645
17;2025-11-19;22;944
17;2025-11-19;23;435
17;2025-11-20;0;155
17;2025-11-20;1;0
17;2025-11-20;2;0
17;2025-11-20;3;0
17;2025-11-20;4;0
17;2025-11-20;5;236
17;2025-11-20;6;1510
17;2025-11-20;7;3863
17;2025-11-20;8;5095
17;2025-11-20;9;3744
17;2025-11-20;10;2998
17;2025-11-20;11;2955
17;2025-11-20;12;3062
17;2025-11-20;13;3123
17;2025-11-20;14;3152
17;2025-11-20;15;3273
17;2025-11-20;16;3706
17;2025-11-20;17;4479
17;2025-11-20;18;5004
17;2025-11-20;19;3658
17;2025-11-20;20;2595
17;2025-11-20;21;1705
17;2025-11-20;22;996
17;2025-11-20;23;460
17;2025-11-21;0;168
17;2025-11-21;1;0
17;2025-11-21;2;0
17;2025-11-21;3;0
17;2025-11-21;4;0
17;2025-11-21;5;233
17;2025-11-21;6;1475
17;2025-11-21;7;3782
17;2025-11-21;8;4957
17;2025-11-21;9;3661
17;2025-11-21;10;2954
17;2025-11-21;11;3004
17;2025-11-21;12;3082
17;2025-11-21;13;3186
17;2025-11-21;14;3263
17;2025-11-21;15;3570
17;2025-11-21;16;4121
17;2025-11-21;17;4562
17;2025-11-21;18;4422
17;2025-11-21;19;3342
17;2025-11-21;20;2510
17;2025-11-21;21;1727
17;2025-11-21;22;1034
17;2025-11-21;23;517
17;2025-11-22;0;227
17;2025-11-22;1;0
17;2025-11-22;2;0
17;2025-11-22;3;0
17;2025-11-22;4;0
17;2025-11-22;5;98
17;2025-11-22;6;590
17;2025-11-22;7;1221
17;2025-11-22;8;1738
17;2025-11-22;9;2156
17;2025-11-22;10;2403
17;2025-11-22;11;2818
17;2025-11-22;12;3115
17;2025-11-22;13;3316
17;2025-11-22;14;3361
17;2025-11-22;15;3402
17;2025-11-22;16;3377
17;2025-11-22;17;3290
17;2025-11-22;18;3026
17;2025-11-22;19;2599
17;2025-11-22;20;2077
17;2025-11-22;21;1526
17;2025-11-22;22;999
17;2025-11-22;23;507
17;2025-11-23;0;207
17;2025-11-23;1;0
17;2025-11-23;2;0
17;2025-11-23;3;0
17;2025-11-23;4;0
17;2025-11-23;5;77
17;2025-11-23;6;447
17;2025-11-23;7;811
17;2025-11-23;8;1256
17;2025-11-23;9;1687
17;2025-11-23;10;1948
17;2025-11-23;11;2425
17;2025-11-23;12;2782
17;2025-11-23;13;3022
17;2025-11-23;14;3073
17;2025-11-23;15;3088
17;2025-11-23;16;3041
17;2025-11-23;17;2933
17;2025-11-23;18;2643
17;2025-11-23;19;2218
17;2025-11-23;20;1772
17;2025-11-23;21;1283
17;2025-11-23;22;835
17;2025-11-23;23;368
17;2025-11-24;0;117
17;2025-11-24;1;0
17;2025-11-24;2;0
17;2025-11-24;3;0
17;2025-11-24;4;0
17;2025-11-24;5;232
17;2025-11-24;6;1509
17;2025-11-24;7;3937
17;2025-11-24;8;5209
17;2025-11-24;9;3721
17;2025-11-24;10;2879
17;2025-11-24;11;2849
17;2025-11-24;12;2902
17;2025-11-24;13;2970
17;2025-11-24;14;2969
17;2025-11-24;15;3136
17;2025-11-24;16;3522
17;2025-11-24;17;4424
17;2025-11-24;18;5038
17;2025-11-24;19;3547
17;2025-11-24;20;2439
17;2025-11-24;21;1517
17;2025-11-24;22;849
17;2025-11-24;23;363
17;2025-11-25;0;131
17;2025-11-25;1;0
17;2025-11-25;2;0
17;2025-11-25;3;0
17;2025-11-25;4;0
17;2025-11-25;5;237
17;2025-11-25;6;1552
17;2025-11-25;7;4048
17;2025-11-25;8;5337
17;2025-11-25;9;3852
17;2025-11-25;10;2996
17;2025-11-25;11;2908
17;2025-11-25;12;2957
17;2025-11-25;13;2997
17;2025-11-25;14;3077
17;2025-11-25;15;3155
17;2025-11-25;16;3579
17;2025-11-25;17;4538
17;2025-11-25;18;5097
17;2025-11-25;19;3667
17;2025-11-25;20;2545
17;2025-11-25;21;1595
17;2025-11-25;22;891
17;2025-11-25;23;391
17;2025-11-26;0;140
17;2025-11-26;1;0
17;2025-11-26;2;0
17;2025-11-26;3;0
17;2025-11-26;4;0
17;2025-11-26;5;241
17;2025-11-26;6;1549
17;2025-11-26;7;3980
17;2025-11-26;8;5236
17;2025-11-26;9;3791
17;2025-11-26;10;3023
17;2025-11-26;11;2977
17;2025-11-26;12;3039
17;2025-11-26;13;3122
17;2025-11-26;14;3154
17;2025-11-26;15;3274
17;2025-11-26;16;3622
17;2025-11-26;17;4435
17;2025-11-26;18;4962
17;2025-11-26;19;3599
17;2025-11-26;20;2519
17;2025-11-26;21;1654
17;2025-11-26;22;950
17;2025-11-26;23;438
17;2025-11-27;0;155
17;2025-11-27;1;0
17;2025-11-27;2;0
17;2025-11-27;3;0
17;2025-11-27;4;0
17;2025-11-27;5;236
17;2025-11-27;6;1512
17;2025-11-27;7;3870
17;2025-11-27;8;5104
17;2025-11-27;9;3751
17;2025-11-27;10;3003
17;2025-11-27;11;2960
17;2025-11-27;12;3068
17;2025-11-27;13;3129
17;2025-11-27;14;3158
17;2025-11-27;15;3279
17;2025-11-27;16;3712
17;2025-11-27;17;4487
17;2025-11-27;18;5013
17;2025-11-27;19;3664
17;2025-11-27;20;2599
17;2025-11-27;21;1708
17;2025-11-27;22;998
17;2025-11-27;23;461
17;2025-11-28;0;168
17;2025-11-28;1;0
17;2025-11-28;2;0
17;2025-11-28;3;0
17;2025-11-28;4;0
17;2025-11-28;5;232
17;2025-11-28;6;1470
17;2025-11-28;7;3771
17;2025-11-28;8;4943
17;2025-11-28;9;3651
17;2025-11-28;10;2945
17;2025-11-28;11;2996
17;2025-11-28;12;3073
17;2025-11-28;13;3177
17;2025-11-28;14;3254
17;2025-11-28;15;3559
17;2025-11-28;16;4109
17;2025-11-28;17;4549
17;2025-11-28;18;4409
17;2025-11-28;19;3332
17;2025-11-28;20;2502
17;2025-11-28;21;1722
17;2025-11-28;22;1030
17;2025-11-28;23;516
17;2025-11-29;0;231
17;2025-11-29;1;0
17;2025-11-29;2;0
17;2025-11-29;3;0
17;2025-11-29;4;0
17;2025-11-29;5;99
17;2025-11-29;6;599
17;2025-11-29;7;1239
17;2025-11-29;8;1764
17;2025-11-29;9;2187
17;2025-11-29;10;2439
17;2025-11-29;11;2859
17;2025-11-29;12;3161
17;2025-11-29;13;3365
17;2025-11-29;14;3410
17;2025-11-29;15;3452
17;2025-11-29;16;3427
17;2025-11-29;17;3338
17;2025-11-29;18;3071
17;2025-11-29;19;2637
17;2025-11-29;20;2108
17;2025-11-29;21;1548
17;2025-11-29;22;1014
17;2025-11-29;23;515
17;2025-11-30;0;209
17;2025-11-30;1;0
17;2025-11-30;2;0
17;2025-11-30;3;0
17;2025-11-30;4;0
17;2025-11-30;5;77
17;2025-11-30;6;452
17;2025-11-30;7;818
17;2025-11-30;8;1268
17;2025-11-30;9;1703
17;2025-11-30;10;1966
17;2025-11-30;11;2448
17;2025-11-30;12;2808
17;2025-11-30;13;3050
17;2025-11-30;14;3101
17;2025-11-30;15;3117
17;2025-11-30;16;3069
17;2025-11-30;17;2961
17;2025-11-30;18;2668
17;2025-11-30;19;2238
17;2025-11-30;20;1788
17;2025-11-30;21;1295
17;2025-11-30;22;843
17;2025-11-30;23;371
17;2025-12-01;0;117
17;2025-12-01;1;0
17;2025-12-01;2;0
17;2025-12-01;3;0
17;2025-12-01;4;0
17;2025-12-01;5;234
17;2025-12-01;6;1516
17;2025-12-01;7;3955
17;2025-12-01;8;5234
17;2025-12-01;9;3739
17;2025-12-01;10;2893
17;2025-12-01;11;2863
17;2025-12-01;12;2916
17;2025-12-01;13;2984
17;2025-12-01;14;2983
17;2025-12-01;15;3151
17;2025-12-01;16;3539
17;2025-12-01;17;4445
17;2025-12-01;18;5062
17;2025-12-01;19;3564
17;2025-12-01;20;2450
17;2025-12-01;21;1524
17;2025-12-01;22;853
17;2025-12-01;23;365
17;2025-12-02;0;131
17;2025-12-02;1;0
17;2025-12-02;2;0
17;2025-12-02;3;0
17;2025-12-02;4;0
17;2025-12-02;5;237
17;2025-12-02;6;1555
17;2025-12-02;7;4056
17;2025-12-02;8;5348
17;2025-12-02;9;3860
17;2025-12-02;10;3002
17;2025-12-02;11;2914
17;2025-12-02;12;2963
17;2025-12-02;13;3003
17;2025-12-02;14;3083
17;2025-12-02;15;3161
17;2025-12-02;16;3587
17;2025-12-02;17;4547
17;2025-12-02;18;5107
17;2025-12-02;19;3674
17;2025-12-02;20;2550
17;2025-12-02;21;1598
17;2025-12-02;22;893
17;2025-12-02;23;392
17;2025-12-03;0;139
17;2025-12-03;1;0
17;2025-12-03;2;0
17;2025-12-03;3;0
17;2025-12-03;4;0
17;2025-12-03;5;240
17;2025-12-03;6;1543
17;2025-12-03;7;3964
17;2025-12-03;8;5215
17;2025-12-03;9;3776
17;2025-12-03;10;3011
17;2025-12-03;11;2965
17;2025-12-03;12;3027
17;2025-12-03;13;3110
17;2025-12-03;14;3141
17;2025-12-03;15;3261
17;2025-12-03;16;3607
17;2025-12-03;17;4418
17;2025-12-03;18;4943
17;2025-12-03;19;3585
17;2025-12-03;20;2510
17;2025-12-03;21;1648
17;2025-12-03;22;946
17;2025-12-03;23;436
17;2025-12-04;0;155
17;2025-12-04;1;0
17;2025-12-04;2;0
17;2025-12-04;3;0
17;2025-12-04;4;0
17;2025-12-04;5;236
17;2025-12-04;6;1510
17;2025-12-04;7;3863
17;2025-12-04;8;5095
17;2025-12-04;9;3744
17;2025-12-04;10;2998
17;2025-12-04;11;2955
17;2025-12-04;12;3062
17;2025-12-04;13;3123
17;2025-12-04;14;3152
17;2025-12-04;15;3273
17;2025-12-04;16;3706
17;2025-12-04;17;4479
17;2025-12-04;18;5004
17;2025-12-04;19;3658
17;2025-12-04;20;2595
17;2025-12-04;21;1705
17;2025-12-04;22;996
17;2025-12-04;23;460
17;2025-12-05;0;168
17;2025-12-05;1;0
17;2025-12-05;2;0
17;2025-12-05;3;0
17;2025-12-05;4;0
17;2025-12-05;5;233
17;2025-12-05;6;1476
17;2025-12-05;7;3785
17;2025-12-05;8;4961
17;2025-12-05;9;3664
17;2025-12-05;10;2956
17;2025-12-05;11;3007
17;2025-12-05;12;3084
17;2025-12-05;13;3188
17;2025-12-05;14;3266
17;2025-12-05;15;3573
17;2025-12-05;16;4124
17;2025-12-05;17;4566
17;2025-12-05;18;4426
17;2025-12-05;19;3345
17;2025-12-05;20;2512
17;2025-12-05;21;1729
17;2025-12-05;22;1034
17;2025-12-05;23;518
17;2025-12-06;0;226
17;2025-12-06;1;0
17;2025-12-06;2;0
17;2025-12-06;3;0
17;2025-12-06;4;0
17;2025-12-06;5;97
17;2025-12-06;6;588
17;2025-12-06;7;1216
17;2025-12-06;8;1732
17;2025-12-06;9;2147
17;2025-12-06;10;2394
17;2025-12-06;11;2807
17;2025-12-06;12;3103
17;2025-12-06;13;3303
17;2025-12-06;14;3348
17;2025-12-06;15;3389
17;2025-12-06;16;3364
17;2025-12-06;17;3277
17;2025-12-06;18;3015
17;2025-12-06;19;2589
17;2025-12-06;20;2069
17;2025-12-06;21;1520
17;2025-12-06;22;995
17;2025-12-06;23;505
17;2025-12-07;0;209
17;2025-12-07;1;0
17;2025-12-07;2;0
17;2025-12-07;3;0
17;2025-12-07;4;0
17;2025-12-07;5;77
17;2025-12-07;6;450
17;2025-12-07;7;816
17;2025-12-07;8;1264
17;2025-12-07;9;1698
17;2025-12-07;10;1961
17;2025-12-07;11;2441
17;2025-12-07;12;2800
17;2025-12-07;13;3041
17;2025-12-07;14;3093
17;2025-12-07;15;3109
17;2025-12-07;16;3061
17;2025-12-07;17;2953
17;2025-12-07;18;2660
17;2025-12-07;19;2232
17;2025-12-07;20;1783
17;2025-12-07;21;1292
17;2025-12-07;22;841
17;2025-12-07;23;370
17;2025-12-08;0;116
17;2025-12-08;1;0
17;2025-12-08;2;0
17;2025-12-08;3;0
17;2025-12-08;4;0
17;2025-12-08;5;231
17;2025-12-08;6;1501
17;2025-12-08;7;3916
17;2025-12-08;8;5182
17;2025-12-08;9;3702
17;2025-12-08;10;2865
17;2025-12-08;11;2835
17;2025-12-08;12;2887
17;2025-12-08;13;2955
17;2025-12-08;14;2953
17;2025-12-08;15;3120
17;2025-12-08;16;3504
17;2025-12-08;17;4401
17;2025-12-08;18;5012
17;2025-12-08;19;3529
17;2025-12-08;20;2426
17;2025-12-08;21;1509
17;2025-12-08;22;844
17;2025-12-08;23;361
17;2025-12-09;0;131
17;2025-12-09;1;0
17;2025-12-09;2;0
17;2025-12-09;3;0
17;2025-12-09;4;0
17;2025-12-09;5;237
17;2025-12-09;6;1550
17;2025-12-09;7;4042
17;2025-12-09;8;5329
17;2025-12-09;9;3846
17;2025-12-09;10;2991
17;2025-12-09;11;2904
17;2025-12-09;12;2953
17;2025-12-09;13;2992
17;2025-12-09;14;3072
17;2025-12-09;15;3150
17;2025-12-09;16;3574
17;2025-12-09;17;4531
17;2025-12-09;18;5089
17;2025-12-09;19;3661
17;2025-12-09;20;2541
17;2025-12-09;21;1592
17;2025-12-09;22;890
17;2025-12-09;23;390
17;2025-12-10;0;139
17;2025-12-10;1;0
17;2025-12-10;2;0
17;2025-12-10;3;0
17;2025-12-10;4;0
17;2025-12-10;5;240
17;2025-12-10;6;1544
17;2025-12-10;7;3965
17;2025-12-10;8;5217
17;2025-12-10;9;3777
17;2025-12-10;10;3012
17;2025-12-10;11;2966
17;2025-12-10;12;3028
17;2025-12-10;13;3111
17;2025-12-10;14;3142
17;2025-12-10;15;3262
17;2025-12-10;16;3609
17;2025-12-10;17;4420
17;2025-12-10;18;4945
17;2025-12-10;19;3587
17;2025-12-10;20;2510
17;2025-12-10;21;1648
17;2025-12-10;22;946
17;2025-12-10;23;436
17;2025-12-11;0;155
17;2025-12-11;1;0
17;2025-12-11;2;0
17;2025-12-11;3;0
17;2025-12-11;4;0
17;2025-12-11;5;235
17;2025-12-11;6;1505
17;2025-12-11;7;3853
17;2025-12-11;8;5081
17;2025-12-11;9;3734
17;2025-12-11;10;2989
17;2025-12-11;11;2947
17;2025-12-11;12;3054
17;2025-12-11;13;3115
17;2025-12-11;14;3143
17;2025-12-11;15;3264
17;2025-12-11;16;3695
17;2025-12-11;17;4466
17;2025-12-11;18;4990
17;2025-12-11;19;3647
17;2025-12-11;20;2587
17;2025-12-11;21;1700
17;2025-12-11;22;993
17;2025-12-11;23;458
17;2025-12-12;0;167
17;2025-12-12;1;0
17;2025-12-12;2;0
17;2025-12-12;3;0
17;2025-12-12;4;0
17;2025-12-12;5;231
17;2025-12-12;6;1468
17;2025-12-12;7;3765
17;2025-12-12;8;4935
17;2025-12-12;9;3645
17;2025-12-12;10;2940
17;2025-12-12;11;2991
17;2025-12-12;12;3068
17;2025-12-12;13;3171
17;2025-12-12;14;3248
17;2025-12-12;15;3553
17;2025-12-12;16;4102
17;2025-12-12;17;4541
17;2025-12-12;18;4402
17;2025-12-12;19;3327
17;2025-12-12;20;2498
17;2025-12-12;21;1719
17;2025-12-12;22;1029
17;2025-12-12;23;515
17;2025-12-13;0;227
17;2025-12-13;1;0
17;2025-12-13;2;0
17;2025-12-13;3;0
17;2025-12-13;4;0
17;2025-12-13;5;98
17;2025-12-13;6;588
17;2025-12-13;7;1217
17;2025-12-13;8;1733
17;2025-12-13;9;2149
17;2025-12-13;10;2396
17;2025-12-13;11;2809
17;2025-12-13;12;3105
17;2025-12-13;13;3305
17;2025-12-13;14;3350
17;2025-12-13;15;3391
17;2025-12-13;16;3366
17;2025-12-13;17;3279
17;2025-12-13;18;3017
17;2025-12-13;19;2591
17;2025-12-13;20;2071
17;2025-12-13;21;1521
17;2025-12-13;22;996
17;2025-12-13;23;505
17;2025-12-14;0;209
17;2025-12-14;1;0
17;2025-12-14;2;0
17;2025-12-14;3;0
17;2025-12-14;4;0
17;2025-12-14;5;77
17;2025-12-14;6;451
17;2025-12-14;7;817
17;2025-12-14;8;1266
17;2025-12-14;9;1700
17;2025-12-14;10;1963
17;2025-12-14;11;2444
17;2025-12-14;12;2803
17;2025-12-14;13;3045
17;2025-12-14;14;3096
17;2025-12-14;15;3112
17;2025-12-14;16;3064
17;2025-12-14;17;2956
17;2025-12-14;18;2663
17;2025-12-14;19;2235
17;2025-12-14;20;1785
17;2025-12-14;21;1293
17;2025-12-14;22;842
17;2025-12-14;23;370
17;2025-12-15;0;116
17;2025-12-15;1;0
17;2025-12-15;2;0
17;2025-12-15;3;0
17;2025-12-15;4;0
17;2025-12-15;5;231
17;2025-12-15;6;1499
17;2025-12-15;7;3911
17;2025-12-15;8;5175
17;2025-12-15;9;3697
17;2025-12-15;10;2861
17;2025-12-15;11;2831
17;2025-12-15;12;2883
17;2025-12-15;13;2951
17;2025-12-15;14;2949
17;2025-12-15;15;3116
17;2025-12-15;16;3499
17;2025-12-15;17;4395
17;2025-12-15;18;5005
17;2025-12-15;19;3524
17;2025-12-15;20;2423
17;2025-12-15;21;1507
17;2025-12-15;22;843
17;2025-12-15;23;361
17;2025-12-16;0;130
17;2025-12-16;1;0
17;2025-12-16;2;0
17;2025-12-16;3;0
17;2025-12-16;4;0
17;2025-12-16;5;235
17;2025-12-16;6;1540
17;2025-12-16;7;4017
17;2025-12-16;8;5297
17;2025-12-16;9;3823
17;2025-12-16;10;2973
17;2025-12-16;11;2886
17;2025-12-16;12;2935
17;2025-12-16;13;2974
17;2025-12-16;14;3053
17;2025-12-16;15;3131
17;2025-12-16;16;3552
17;2025-12-16;17;4504
17;2025-12-16;18;5058
17;2025-12-16;19;3639
17;2025-12-16;20;2526
17;2025-12-16;21;1583
17;2025-12-16;22;884
17;2025-12-16;23;388
17;2025-12-17;0;138
17;2025-12-17;1;0
17;2025-12-17;2;0
17;2025-12-17;3;0
17;2025-12-17;4;0
17;2025-12-17;5;238
17;2025-12-17;6;1532
17;2025-12-17;7;3935
17;2025-12-17;8;5177
17;2025-12-17;9;3748
17;2025-12-17;10;2989
17;2025-12-17;11;2943
17;2025-12-17;12;3005
17;2025-12-17;13;3087
17;2025-12-17;14;3118
17;2025-12-17;15;3237
17;2025-12-17;16;3581
17;2025-12-17;17;4386
17;2025-12-17;18;4907
17;2025-12-17;19;3559
17;2025-12-17;20;2491
17;2025-12-17;21;1636
17;2025-12-17;22;939
17;2025-12-17;23;433
17;2025-12-18;0;154
17;2025-12-18;1;0
17;2025-12-18;2;0
17;2025-12-18;3;0
17;2025-12-18;4;0
17;2025-12-18;5;234
17;2025-12-18;6;1497
17;2025-12-18;7;3831
17;2025-12-18;8;5053
17;2025-12-18;9;3713
17;2025-12-18;10;2973
17;2025-12-18;11;2931
17;2025-12-18;12;3037
17;2025-12-18;13;3098
17;2025-12-18;14;3126
17;2025-12-18;15;3246
17;2025-12-18;16;3675
17;2025-12-18;17;4442
17;2025-12-18;18;4963
17;2025-12-18;19;3627
17;2025-12-18;20;2573
17;2025-12-18;21;1690
17;2025-12-18;22;988
17;2025-12-18;23;456
17;2025-12-19;0;166
17;2025-12-19;1;0
17;2025-12-19;2;0
17;2025-12-19;3;0
17;2025-12-19;4;0
17;2025-12-19;5;230
17;2025-12-19;6;1458
17;2025-12-19;7;3739
17;2025-12-19;8;4901
17;2025-12-19;9;3620
17;2025-12-19;10;2920
17;2025-12-19;11;2970
17;2025-12-19;12;3047
17;2025-12-19;13;3150
17;2025-12-19;14;3226
17;2025-12-19;15;3529
17;2025-12-19;16;4074
17;2025-12-19;17;4511
17;2025-12-19;18;4372
17;2025-12-19;19;3304
17;2025-12-19;20;2481
17;2025-12-19;21;1708
17;2025-12-19;22;1022
17;2025-12-19;23;511
17;2025-12-20;0;211
17;2025-12-20;1;0
17;2025-12-20;2;0
17;2025-12-20;3;0
17;2025-12-20;4;0
17;2025-12-20;5;91
17;2025-12-20;6;549
17;2025-12-20;7;1135
17;2025-12-20;8;1617
17;2025-12-20;9;2005
17;2025-12-20;10;2236
17;2025-12-20;11;2621
17;2025-12-20;12;2897
17;2025-12-20;13;3084
17;2025-12-20;14;3126
17;2025-12-20;15;3165
17;2025-12-20;16;3141
17;2025-12-20;17;3060
17;2025-12-20;18;2815
17;2025-12-20;19;2418
17;2025-12-20;20;1932
17;2025-12-20;21;1419
17;2025-12-20;22;930
17;2025-12-20;23;472
17;2025-12-21;0;206
17;2025-12-21;1;0
17;2025-12-21;2;0
17;2025-12-21;3;0
17;2025-12-21;4;0
17;2025-12-21;5;76
17;2025-12-21;6;443
17;2025-12-21;7;804
17;2025-12-21;8;1245
17;2025-12-21;9;1672
17;2025-12-21;10;1931
17;2025-12-21;11;2403
17;2025-12-21;12;2757
17;2025-12-21;13;2995
17;2025-12-21;14;3046
17;2025-12-21;15;3061
17;2025-12-21;16;3014
17;2025-12-21;17;2907
17;2025-12-21;18;2620
17;2025-12-21;19;2198
17;2025-12-21;20;1756
17;2025-12-21;21;1272
17;2025-12-21;22;828
17;2025-12-21;23;364
17;2025-12-22;0;116
17;2025-12-22;1;0
17;2025-12-22;2;0
17;2025-12-22;3;0
17;2025-12-22;4;0
17;2025-12-22;5;231
17;2025-12-22;6;1498
17;2025-12-22;7;3907
17;2025-12-22;8;5170
17;2025-12-22;9;3693
17;2025-12-22;10;2858
17;2025-12-22;11;2828
17;2025-12-22;12;2880
17;2025-12-22;13;2948
17;2025-12-22;14;2946
17;2025-12-22;15;3113
17;2025-12-22;16;3496
17;2025-12-22;17;4391
17;2025-12-22;18;5000
17;2025-12-22;19;3521
17;2025-12-22;20;2420
17;2025-12-22;21;1505
17;2025-12-22;22;842
17;2025-12-22;23;361
17;2025-12-23;0;131
17;2025-12-23;1;0
17;2025-12-23;2;0
17;2025-12-23;3;0
17;2025-12-23;4;0
17;2025-12-23;5;238
17;2025-12-23;6;1556
17;2025-12-23;7;4059
17;2025-12-23;8;5352
17;2025-12-23;9;3863
17;2025-12-23;10;3004
17;2025-12-23;11;2917
17;2025-12-23;12;2965
17;2025-12-23;13;3006
17;2025-12-23;14;3085
17;2025-12-23;15;3164
17;2025-12-23;16;3590
17;2025-12-23;17;4551
17;2025-12-23;18;5111
17;2025-12-23;19;3677
17;2025-12-23;20;2552
17;2025-12-23;21;1599
17;2025-12-23;22;893
17;2025-12-23;23;392
17;2025-12-24;0;138
17;2025-12-24;1;0
17;2025-12-24;2;0
17;2025-12-24;3;0
17;2025-12-24;4;0
17;2025-12-24;5;238
17;2025-12-24;6;1533
17;2025-12-24;7;3938
17;2025-12-24;8;5182
17;2025-12-24;9;3752
17;2025-12-24;10;2992
17;2025-12-24;11;2946
17;2025-12-24;12;3007
17;2025-12-24;13;3090
17;2025-12-24;14;3121
17;2025-12-24;15;3240
17;2025-12-24;16;3584
17;2025-12-24;17;4390
17;2025-12-24;18;4911
17;2025-12-24;19;3562
17;2025-12-24;20;2493
17;2025-12-24;21;1637
17;2025-12-24;22;940
17;2025-12-24;23;433
17;2025-12-25;0;152
17;2025-12-25;1;0
17;2025-12-25;2;0
17;2025-12-25;3;0
17;2025-12-25;4;0
17;2025-12-25;5;231
17;2025-12-25;6;1482
17;2025-12-25;7;3793
17;2025-12-25;8;5002
17;2025-12-25;9;3675
17;2025-12-25;10;2943
17;2025-12-25;11;2901
17;2025-12-25;12;3006
17;2025-12-25;13;3066
17;2025-12-25;14;3095
17;2025-12-25;15;3213
17;2025-12-25;16;3638
17;2025-12-25;17;4397
17;2025-12-25;18;4913
17;2025-12-25;19;3591
17;2025-12-25;20;2547
17;2025-12-25;21;1673
17;2025-12-25;22;978
17;2025-12-25;23;451
17;2025-12-26;0;164
17;2025-12-26;1;0
17;2025-12-26;2;0
17;2025-12-26;3;0
17;2025-12-26;4;0
17;2025-12-26;5;226
17;2025-12-26;6;1436
17;2025-12-26;7;3682
17;2025-12-26;8;4826
17;2025-12-26;9;3565
17;2025-12-26;10;2876
17;2025-12-26;11;2925
17;2025-12-26;12;3001
17;2025-12-26;13;3102
17;2025-12-26;14;3177
17;2025-12-26;15;3476
17;2025-12-26;16;4012
17;2025-12-26;17;4442
17;2025-12-26;18;4306
17;2025-12-26;19;3254
17;2025-12-26;20;2443
17;2025-12-26;21;1682
17;2025-12-26;22;1006
17;2025-12-26;23;504
17;2025-12-27;0;223
17;2025-12-27;1;0
17;2025-12-27;2;0
17;2025-12-27;3;0
17;2025-12-27;4;0
17;2025-12-27;5;96
17;2025-12-27;6;580
17;2025-12-27;7;1199
17;2025-12-27;8;1708
17;2025-12-27;9;2118
17;2025-12-27;10;2361
17;2025-12-27;11;2768
17;2025-12-27;12;3060
17;2025-12-27;13;3258
17;2025-12-27;14;3302
17;2025-12-27;15;3343
17;2025-12-27;16;3318
17;2025-12-27;17;3232
17;2025-12-27;18;2973
17;2025-12-27;19;2554
17;2025-12-27;20;2041
17;2025-12-27;21;1499
17;2025-12-27;22;982
17;2025-12-27;23;498
17;2025-12-28;0;213
17;2025-12-28;1;0
17;2025-12-28;2;0
17;2025-12-28;3;0
17;2025-12-28;4;0
17;2025-12-28;5;79
17;2025-12-28;6;459
17;2025-12-28;7;832
17;2025-12-28;8;1289
17;2025-12-28;9;1732
17;2025-12-28;10;2000
17;2025-12-28;11;2489
17;2025-12-28;12;2855
17;2025-12-28;13;3101
17;2025-12-28;14;3154
17;2025-12-28;15;3170
17;2025-12-28;16;3121
17;2025-12-28;17;3011
17;2025-12-28;18;2713
17;2025-12-28;19;2276
17;2025-12-28;20;1818
17;2025-12-28;21;1317
17;2025-12-28;22;857
17;2025-12-28;23;377
17;2025-12-29;0;115
17;2025-12-29;1;0
17;2025-12-29;2;0
17;2025-12-29;3;0
17;2025-12-29;4;0
17;2025-12-29;5;230
17;2025-12-29;6;1491
17;2025-12-29;7;3889
17;2025-12-29;8;5147
17;2025-12-29;9;3677
17;2025-12-29;10;2845
17;2025-12-29;11;2815
17;2025-12-29;12;2867
17;2025-12-29;13;2935
17;2025-12-29;14;2933
17;2025-12-29;15;3099
17;2025-12-29;16;3480
17;2025-12-29;17;4371
17;2025-12-29;18;4978
17;2025-12-29;19;3505
17;2025-12-29;20;2409
17;2025-12-29;21;1498
17;2025-12-29;22;838
17;2025-12-29;23;359
17;2025-12-30;0;130
17;2025-12-30;1;0
17;2025-12-30;2;0
17;2025-12-30;3;0
17;2025-12-30;4;0
17;2025-12-30;5;235
17;2025-12-30;6;1537
17;2025-12-30;7;4008
17;2025-12-30;8;5284
17;2025-12-30;9;3814
17;2025-12-30;10;2966
17;2025-12-30;11;2879
17;2025-12-30;12;2928
17;2025-12-30;13;2967
17;2025-12-30;14;3046
17;2025-12-30;15;3123
17;2025-12-30;16;3544
17;2025-12-30;17;4493
17;2025-12-30;18;5046
17;2025-12-30;19;3630
17;2025-12-30;20;2520
17;2025-12-30;21;1579
17;2025-12-30;22;882
17;2025-12-30;23;387
17;2025-12-31;0;136
17;2025-12-31;1;0
17;2025-12-31;2;0
17;2025-12-31;3;0
17;2025-12-31;4;0
17;2025-12-31;5;233
17;2025-12-31;6;1504
17;2025-12-31;7;3863
17;2025-12-31;8;5082
17;2025-12-31;9;3680
17;2025-12-31;10;2935
17;2025-12-31;11;2889
17;2025-12-31;12;2950
17;2025-12-31;13;3031
17;2025-12-31;14;3061
17;2025-12-31;15;3178
17;2025-12-31;16;3516
17;2025-12-31;17;4306
17;2025-12-31;18;4817
17;2025-12-31;19;3494
17;2025-12-31;20;2446
17;2025-12-31;21;1606
17;2025-12-31;22;922
17;2025-12-31;23;425
25;2025-11-01;0;4
25;2025-11-01;1;0
25;2025-11-01;2;0
25;2025-11-01;3;0
25;2025-11-01;4;0
25;2025-11-01;5;4
25;2025-11-01;6;69
25;2025-11-01;7;149
25;2025-11-01;8;310
25;2025-11-01;9;302
25;2025-11-01;10;297
25;2025-11-01;11;389
25;2025-11-01;12;412
25;2025-11-01;13;543
25;2025-11-01;14;574
25;2025-11-01;15;666
25;2025-11-01;16;598
25;2025-11-01;17;518
25;2025-11-01;18;521
25;2025-11-01;19;454
25;2025-11-01;20;306
25;2025-11-01;21;262
25;2025-11-01;22;165
25;2025-11-01;23;65
25;2025-11-02;0;22
25;2025-11-02;1;0
25;2025-11-02;2;0
25;2025-11-02;3;0
25;2025-11-02;4;0
25;2025-11-02;5;4
25;2025-11-02;6;58
25;2025-11-02;7;116
25;2025-11-02;8;212
25;2025-11-02;9;233
25;2025-11-02;10;244
25;2025-11-02;11;321
25;2025-11-02;12;386
25;2025-11-02;13;468
25;2025-11-02;14;520
25;2025-11-02;15;614
25;2025-11-02;16;519
25;2025-11-02;17;492
25;2025-11-02;18;476
25;2025-11-02;19;378
25;2025-11-02;20;267
25;2025-11-02;21;226
25;2025-11-02;22;137
25;2025-11-02;23;47
25;2025-11-03;0;13
25;2025-11-03;1;0
25;2025-11-03;2;0
25;2025-11-03;3;0
25;2025-11-03;4;0
25;2025-11-03;5;6
25;2025-11-03;6;178
25;2025-11-03;7;559
25;2025-11-03;8;921
25;2025-11-03;9;493
25;2025-11-03;10;357
25;2025-11-03;11;392
25;2025-11-03;12;405
25;2025-11-03;13;522
25;2025-11-03;14;439
25;2025-11-03;15;512
25;2025-11-03;16;667
25;2025-11-03;17;742
25;2025-11-03;18;838
25;2025-11-03;19;523
25;2025-11-03;20;344
25;2025-11-03;21;233
25;2025-11-03;22;121
25;2025-11-03;23;15
25;2025-11-04;0;4
25;2025-11-04;1;0
25;2025-11-04;2;0
25;2025-11-04;3;0
25;2025-11-04;4;0
25;2025-11-04;5;6
25;2025-11-04;6;182
25;2025-11-04;7;577
25;2025-11-04;8;919
25;2025-11-04;9;518
25;2025-11-04;10;395
25;2025-11-04;11;439
25;2025-11-04;12;423
25;2025-11-04;13;490
25;2025-11-04;14;464
25;2025-11-04;15;559
25;2025-11-04;16;668
25;2025-11-04;17;718
25;2025-11-04;18;822
25;2025-11-04;19;565
25;2025-11-04;20;366
25;2025-11-04;21;235
25;2025-11-04;22;130
25;2025-11-04;23;14
25;2025-11-05;0;3
25;2025-11-05;1;0
25;2025-11-05;2;0
25;2025-11-05;3;0
25;2025-11-05;4;0
25;2025-11-05;5;6
25;2025-11-05;6;185
25;2025-11-05;7;552
25;2025-11-05;8;920
25;2025-11-05;9;496
25;2025-11-05;10;391
25;2025-11-05;11;431
25;2025-11-05;12;444
25;2025-11-05;13;542
25;2025-11-05;14;469
25;2025-11-05;15;563
25;2025-11-05;16;659
25;2025-11-05;17;766
25;2025-11-05;18;842
25;2025-11-05;19;557
25;2025-11-05;20;384
25;2025-11-05;21;261
25;2025-11-05;22;140
25;2025-11-05;23;12
25;2025-11-06;0;3
25;2025-11-06;1;0
25;2025-11-06;2;0
25;2025-11-06;3;0
25;2025-11-06;4;0
25;2025-11-06;5;7
25;2025-11-06;6;176
25;2025-11-06;7;539
25;2025-11-06;8;910
25;2025-11-06;9;488
25;2025-11-06;10;398
25;2025-11-06;11;416
25;2025-11-06;12;433
25;2025-11-06;13;506
25;2025-11-06;14;502
25;2025-11-06;15;578
25;2025-11-06;16;681
25;2025-11-06;17;764
25;2025-11-06;18;827
25;2025-11-06;19;557
25;2025-11-06;20;374
25;2025-11-06;21;263
25;2025-11-06;22;149
25;2025-11-06;23;16
25;2025-11-07;0;3
25;2025-11-07;1;0
25;2025-11-07;2;0
25;2025-11-07;3;0
25;2025-11-07;4;0
25;2025-11-07;5;6
25;2025-11-07;6;178
25;2025-11-07;7;527
25;2025-11-07;8;845
25;2025-11-07;9;477
25;2025-11-07;10;380
25;2025-11-07;11;426
25;2025-11-07;12;438
25;2025-11-07;13;533
25;2025-11-07;14;526
25;2025-11-07;15;628
25;2025-11-07;16;740
25;2025-11-07;17;768
25;2025-11-07;18;672
25;2025-11-07;19;518
25;2025-11-07;20;363
25;2025-11-07;21;257
25;2025-11-07;22;158
25;2025-11-07;23;21
25;2025-11-08;0;4
25;2025-11-08;1;0
25;2025-11-08;2;0
25;2025-11-08;3;0
25;2025-11-08;4;0
25;2025-11-08;5;4
25;2025-11-08;6;69
25;2025-11-08;7;149
25;2025-11-08;8;310
25;2025-11-08;9;302
25;2025-11-08;10;297
25;2025-11-08;11;389
25;2025-11-08;12;412
25;2025-11-08;13;543
25;2025-11-08;14;574
25;2025-11-08;15;666
25;2025-11-08;16;598
25;2025-11-08;17;518
25;2025-11-08;18;522
25;2025-11-08;19;455
25;2025-11-08;20;306
25;2025-11-08;21;262
25;2025-11-08;22;165
25;2025-11-08;23;65
25;2025-11-09;0;22
25;2025-11-09;1;0
25;2025-11-09;2;0
25;2025-11-09;3;0
25;2025-11-09;4;0
25;2025-11-09;5;3
25;2025-11-09;6;57
25;2025-11-09;7;114
25;2025-11-09;8;208
25;2025-11-09;9;228
25;2025-11-09;10;239
25;2025-11-09;11;315
25;2025-11-09;12;378
25;2025-11-09;13;458
25;2025-11-09;14;510
25;2025-11-09;15;601
25;2025-11-09;16;508
25;2025-11-09;17;482
25;2025-11-09;18;467
25;2025-11-09;19;370
25;2025-11-09;20;262
25;2025-11-09;21;222
25;2025-11-09;22;134
25;2025-11-09;23;46
25;2025-11-10;0;13
25;2025-11-10;1;0
25;2025-11-10;2;0
25;2025-11-10;3;0
25;2025-11-10;4;0
25;2025-11-10;5;6
25;2025-11-10;6;176
25;2025-11-10;7;554
25;2025-11-10;8;914
25;2025-11-10;9;488
25;2025-11-10;10;354
25;2025-11-10;11;389
25;2025-11-10;12;401
25;2025-11-10;13;517
25;2025-11-10;14;435
25;2025-11-10;15;507
25;2025-11-10;16;662
25;2025-11-10;17;736
25;2025-11-10;18;831
25;2025-11-10;19;519
25;2025-11-10;20;341
25;2025-11-10;21;231
25;2025-11-10;22;120
25;2025-11-10;23;15
25;2025-11-11;0;4
25;2025-11-11;1;0
25;2025-11-11;2;0
25;2025-11-11;3;0
25;2025-11-11;4;0
25;2025-11-11;5;6
25;2025-11-11;6;184
25;2025-11-11;7;582
25;2025-11-11;8;927
25;2025-11-11;9;522
25;2025-11-11;10;399
25;2025-11-11;11;443
25;2025-11-11;12;426
25;2025-11-11;13;494
25;2025-11-11;14;467
25;2025-11-11;15;563
25;2025-11-11;16;674
25;2025-11-11;17;724
25;2025-11-11;18;828
25;2025-11-11;19;570
25;2025-11-11;20;369
25;2025-11-11;21;237
25;2025-11-11;22;131
25;2025-11-11;23;14
25;2025-11-12;0;3
25;2025-11-12;1;0
25;2025-11-12;2;0
25;2025-11-12;3;0
25;2025-11-12;4;0
25;2025-11-12;5;6
25;2025-11-12;6;186
25;2025-11-12;7;555
25;2025-11-12;8;926
25;2025-11-12;9;499
25;2025-11-12;10;394
25;2025-11-12;11;434
25;2025-11-12;12;446
25;2025-11-12;13;546
25;2025-11-12;14;471
25;2025-11-12;15;566
25;2025-11-12;16;663
25;2025-11-12;17;770
25;2025-11-12;18;847
25;2025-11-12;19;560
25;2025-11-12;20;387
25;2025-11-12;21;262
25;2025-11-12;22;141
25;2025-11-12;23;12
25;2025-11-13;0;3
25;2025-11-13;1;0
25;2025-11-13;2;0
25;2025-11-13;3;0
25;2025-11-13;4;0
25;2025-11-13;5;7
25;2025-11-13;6;176
25;2025-11-13;7;539
25;2025-11-13;8;909
25;2025-11-13;9;487
25;2025-11-13;10;398
25;2025-11-13;11;415
25;2025-11-13;12;432
25;2025-11-13;13;506
25;2025-11-13;14;501
25;2025-11-13;15;578
25;2025-11-13;16;680
25;2025-11-13;17;763
25;2025-11-13;18;826
25;2025-11-13;19;557
25;2025-11-13;20;374
25;2025-11-13;21;263
25;2025-11-13;22;149
25;2025-11-13;23;16
25;2025-11-14;0;3
25;2025-11-14;1;0
25;2025-11-14;2;0
25;2025-11-14;3;0
25;2025-11-14;4;0
25;2025-11-14;5;6
25;2025-11-14;6;179
25;2025-11-14;7;530
25;2025-11-14;8;849
25;2025-11-14;9;480
25;2025-11-14;10;382
25;2025-11-14;11;428
25;2025-11-14;12;440
25;2025-11-14;13;536
25;2025-11-14;14;529
25;2025-11-14;15;631
25;2025-11-14;16;744
25;2025-11-14;17;772
25;2025-11-14;18;676
25;2025-11-14;19;521
25;2025-11-14;20;365
25;2025-11-14;21;259
25;2025-11-14;22;158
25;2025-11-14;23;21
25;2025-11-15;0;4
25;2025-11-15;1;0
25;2025-11-15;2;0
25;2025-11-15;3;0
25;2025-11-15;4;0
25;2025-11-15;5;4
25;2025-11-15;6;68
25;2025-11-15;7;148
25;2025-11-15;8;308
25;2025-11-15;9;300
25;2025-11-15;10;295
25;2025-11-15;11;387
25;2025-11-15;12;410
25;2025-11-15;13;540
25;2025-11-15;14;571
25;2025-11-15;15;663
25;2025-11-15;16;595
25;2025-11-15;17;515
25;2025-11-15;18;519
25;2025-11-15;19;452
25;2025-11-15;20;304
25;2025-11-15;21;260
25;2025-11-15;22;165
25;2025-11-15;23;64
25;2025-11-16;0;21
25;2025-11-16;1;0
25;2025-11-16;2;0
25;2025-11-16;3;0
25;2025-11-16;4;0
25;2025-11-16;5;3
25;2025-11-16;6;57
25;2025-11-16;7;114
25;2025-11-16;8;208
25;2025-11-16;9;228
25;2025-11-16;10;239
25;2025-11-16;11;315
25;2025-11-16;12;378
25;2025-11-16;13;458
25;2025-11-16;14;509
25;2025-11-16;15;601
25;2025-11-16;16;508
25;2025-11-16;17;482
25;2025-11-16;18;466
25;2025-11-16;19;370
25;2025-11-16;20;261
25;2025-11-16;21;222
25;2025-11-16;22;134
25;2025-11-16;23;46
25;2025-11-17;0;13
25;2025-11-17;1;0
25;2025-11-17;2;0
25;2025-11-17;3;0
25;2025-11-17;4;0
25;2025-11-17;5;6
25;2025-11-17;6;181
25;2025-11-17;7;569
25;2025-11-17;8;939
25;2025-11-17;9;502
25;2025-11-17;10;364
25;2025-11-17;11;400
25;2025-11-17;12;412
25;2025-11-17;13;532
25;2025-11-17;14;447
25;2025-11-17;15;521
25;2025-11-17;16;680
25;2025-11-17;17;756
25;2025-11-17;18;854
25;2025-11-17;19;533
25;2025-11-17;20;351
25;2025-11-17;21;238
25;2025-11-17;22;123
25;2025-11-17;23;15
25;2025-11-18;0;4
25;2025-11-18;1;0
25;2025-11-18;2;0
25;2025-11-18;3;0
25;2025-11-18;4;0
25;2025-11-18;5;6
25;2025-11-18;6;187
25;2025-11-18;7;593
25;2025-11-18;8;944
25;2025-11-18;9;532
25;2025-11-18;10;406
25;2025-11-18;11;451
25;2025-11-18;12;434
25;2025-11-18;13;503
25;2025-11-18;14;476
25;2025-11-18;15;574
25;2025-11-18;16;686
25;2025-11-18;17;738
25;2025-11-18;18;844
25;2025-11-18;19;580
25;2025-11-18;20;376
25;2025-11-18;21;241
25;2025-11-18;22;134
25;2025-11-18;23;14
25;2025-11-19;0;3
25;2025-11-19;1;0
25;2025-11-19;2;0
25;2025-11-19;3;0
25;2025-11-19;4;0
25;2025-11-19;5;7
25;2025-11-19;6;189
25;2025-11-19;7;565
25;2025-11-19;8;942
25;2025-11-19;9;508
25;2025-11-19;10;401
25;2025-11-19;11;442
25;2025-11-19;12;454
25;2025-11-19;13;556
25;2025-11-19;14;480
25;2025-11-19;15;577
25;2025-11-19;16;675
25;2025-11-19;17;784
25;2025-11-19;18;862
25;2025-11-19;19;570
25;2025-11-19;20;394
25;2025-11-19;21;267
25;2025-11-19;22;144
25;2025-11-19;23;13
25;2025-11-20;0;3
25;2025-11-20;1;0
25;2025-11-20;2;0
25;2025-11-20;3;0
25;2025-11-20;4;0
25;2025-11-20;5;7
25;2025-11-20;6;181
25;2025-11-20;7;554
25;2025-11-20;8;934
25;2025-11-20;9;501
25;2025-11-20;10;409
25;2025-11-20;11;427
25;2025-11-20;12;445
25;2025-11-20;13;520
25;2025-11-20;14;516
25;2025-11-20;15;594
25;2025-11-20;16;699
25;2025-11-20;17;784
25;2025-11-20;18;849
25;2025-11-20;19;572
25;2025-11-20;20;384
25;2025-11-20;21;270
25;2025-11-20;22;153
25;2025-11-20;23;16
25;2025-11-21;0;4
25;2025-11-21;1;0
25;2025-11-21;2;0
25;2025-11-21;3;0
25;2025-11-21;4;0
25;2025-11-21;5;6
25;2025-11-21;6;186
25;2025-11-21;7;551
25;2025-11-21;8;882
25;2025-11-21;9;498
25;2025-11-21;10;397
25;2025-11-21;11;445
25;2025-11-21;12;457
25;2025-11-21;13;557
25;2025-11-21;14;549
25;2025-11-21;15;656
25;2025-11-21;16;773
25;2025-11-21;17;802
25;2025-11-21;18;702
25;2025-11-21;19;541
25;2025-11-21;20;379
25;2025-11-21;21;269
25;2025-11-21;22;165
25;2025-11-21;23;22
25;2025-11-22;0;4
25;2025-11-22;1;0
25;2025-11-22;2;0
25;2025-11-22;3;0
25;2025-11-22;4;0
25;2025-11-22;5;4
25;2025-11-22;6;72
25;2025-11-22;7;155
25;2025-11-22;8;324
25;2025-11-22;9;315
25;2025-11-22;10;310
25;2025-11-22;11;406
25;2025-11-22;12;430
25;2025-11-22;13;567
25;2025-11-22;14;599
25;2025-11-22;15;696
25;2025-11-22;16;625
25;2025-11-22;17;541
25;2025-11-22;18;545
25;2025-11-22;19;475
25;2025-11-22;20;319
25;2025-11-22;21;273
25;2025-11-22;22;173
25;2025-11-22;23;68
25;2025-11-23;0;22
25;2025-11-23;1;0
25;2025-11-23;2;0
25;2025-11-23;3;0
25;2025-11-23;4;0
25;2025-11-23;5;4
25;2025-11-23;6;59
25;2025-11-23;7;117
25;2025-11-23;8;213
25;2025-11-23;9;234
25;2025-11-23;10;245
25;2025-11-23;11;323
25;2025-11-23;12;388
25;2025-11-23;13;471
25;2025-11-23;14;523
25;2025-11-23;15;617
25;2025-11-23;16;522
25;2025-11-23;17;495
25;2025-11-23;18;479
25;2025-11-23;19;380
25;2025-11-23;20;269
25;2025-11-23;21;228
25;2025-11-23;22;137
25;2025-11-23;23;47
25;2025-11-24;0;13
25;2025-11-24;1;0
25;2025-11-24;2;0
25;2025-11-24;3;0
25;2025-11-24;4;0
25;2025-11-24;5;6
25;2025-11-24;6;185
25;2025-11-24;7;580
25;2025-11-24;8;957
25;2025-11-24;9;512
25;2025-11-24;10;371
25;2025-11-24;11;408
25;2025-11-24;12;420
25;2025-11-24;13;542
25;2025-11-24;14;456
25;2025-11-24;15;531
25;2025-11-24;16;693
25;2025-11-24;17;771
25;2025-11-24;18;871
25;2025-11-24;19;544
25;2025-11-24;20;358
25;2025-11-24;21;242
25;2025-11-24;22;126
25;2025-11-24;23;16
25;2025-11-25;0;4
25;2025-11-25;1;0
25;2025-11-25;2;0
25;2025-11-25;3;0
25;2025-11-25;4;0
25;2025-11-25;5;6
25;2025-11-25;6;190
25;2025-11-25;7;603
25;2025-11-25;8;960
25;2025-11-25;9;541
25;2025-11-25;10;413
25;2025-11-25;11;459
25;2025-11-25;12;441
25;2025-11-25;13;512
25;2025-11-25;14;484
25;2025-11-25;15;584
25;2025-11-25;16;698
25;2025-11-25;17;750
25;2025-11-25;18;858
25;2025-11-25;19;590
25;2025-11-25;20;383
25;2025-11-25;21;245
25;2025-11-25;22;136
25;2025-11-25;23;14
25;2025-11-26;0;3
25;2025-11-26;1;0
25;2025-11-26;2;0
25;2025-11-26;3;0
25;2025-11-26;4;0
25;2025-11-26;5;7
25;2025-11-26;6;192
25;2025-11-26;7;576
25;2025-11-26;8;959
25;2025-11-26;9;517
25;2025-11-26;10;408
25;2025-11-26;11;449
25;2025-11-26;12;462
25;2025-11-26;13;565
25;2025-11-26;14;488
25;2025-11-26;15;587
25;2025-11-26;16;687
25;2025-11-26;17;798
25;2025-11-26;18;878
25;2025-11-26;19;580
25;2025-11-26;20;401
25;2025-11-26;21;272
25;2025-11-26;22;146
25;2025-11-26;23;13
25;2025-11-27;0;3
25;2025-11-27;1;0
25;2025-11-27;2;0
25;2025-11-27;3;0
25;2025-11-27;4;0
25;2025-11-27;5;7
25;2025-11-27;6;183
25;2025-11-27;7;561
25;2025-11-27;8;947
25;2025-11-27;9;508
25;2025-11-27;10;415
25;2025-11-27;11;432
25;2025-11-27;12;451
25;2025-11-27;13;527
25;2025-11-27;14;522
25;2025-11-27;15;602
25;2025-11-27;16;708
25;2025-11-27;17;795
25;2025-11-27;18;860
25;2025-11-27;19;580
25;2025-11-27;20;389
25;2025-11-27;21;274
25;2025-11-27;22;155
25;2025-11-27;23;17
25;2025-11-28;0;4
25;2025-11-28;1;0
25;2025-11-28;2;0
25;2025-11-28;3;0
25;2025-11-28;4;0
25;2025-11-28;5;6
25;2025-11-28;6;187
25;2025-11-28;7;554
25;2025-11-28;8;887
25;2025-11-28;9;501
25;2025-11-28;10;399
25;2025-11-28;11;447
25;2025-11-28;12;460
25;2025-11-28;13;560
25;2025-11-28;14;552
25;2025-11-28;15;660
25;2025-11-28;16;777
25;2025-11-28;17;806
25;2025-11-28;18;706
25;2025-11-28;19;544
25;2025-11-28;20;381
25;2025-11-28;21;270
25;2025-11-28;22;165
25;2025-11-28;23;22
25;2025-11-29;0;4
25;2025-11-29;1;0
25;2025-11-29;2;0
25;2025-11-29;3;0
25;2025-11-29;4;0
25;2025-11-29;5;4
25;2025-11-29;6;72
25;2025-11-29;7;155
25;2025-11-29;8;323
25;2025-11-29;9;314
25;2025-11-29;10;309
25;2025-11-29;11;405
25;2025-11-29;12;429
25;2025-11-29;13;565
25;2025-11-29;14;597
25;2025-11-29;15;693
25;2025-11-29;16;622
25;2025-11-29;17;539
25;2025-11-29;18;543
25;2025-11-29;19;473
25;2025-11-29;20;318
25;2025-11-29;21;272
25;2025-11-29;22;172
25;2025-11-29;23;67
25;2025-11-30;0;22
25;2025-11-30;1;0
25;2025-11-30;2;0
25;2025-11-30;3;0
25;2025-11-30;4;0
25;2025-11-30;5;4
25;2025-11-30;6;58
25;2025-11-30;7;116
25;2025-11-30;8;211
25;2025-11-30;9;231
25;2025-11-30;10;243
25;2025-11-30;11;320
25;2025-11-30;12;383
25;2025-11-30;13;465
25;2025-11-30;14;517
25;2025-11-30;15;610
25;2025-11-30;16;516
25;2025-11-30;17;489
25;2025-11-30;18;474
25;2025-11-30;19;375
25;2025-11-30;20;265
25;2025-11-30;21;225
25;2025-11-30;22;136
25;2025-11-30;23;46
25;2025-12-01;0;13
25;2025-12-01;1;0
25;2025-12-01;2;0
25;2025-12-01;3;0
25;2025-12-01;4;0
25;2025-12-01;5;6
25;2025-12-01;6;184
25;2025-12-01;7;579
25;2025-12-01;8;955
25;2025-12-01;9;510
25;2025-12-01;10;370
25;2025-12-01;11;407
25;2025-12-01;12;419
25;2025-12-01;13;541
25;2025-12-01;14;455
25;2025-12-01;15;530
25;2025-12-01;16;691
25;2025-12-01;17;769
25;2025-12-01;18;869
25;2025-12-01;19;542
25;2025-12-01;20;357
25;2025-12-01;21;242
25;2025-12-01;22;125
25;2025-12-01;23;16
25;2025-12-02;0;4
25;2025-12-02;1;0
25;2025-12-02;2;0
25;2025-12-02;3;0
25;2025-12-02;4;0
25;2025-12-02;5;6
25;2025-12-02;6;189
25;2025-12-02;7;598
25;2025-12-02;8;952
25;2025-12-02;9;536
25;2025-12-02;10;409
25;2025-12-02;11;455
25;2025-12-02;12;437
25;2025-12-02;13;507
25;2025-12-02;14;480
25;2025-12-02;15;578
25;2025-12-02;16;692
25;2025-12-02;17;744
25;2025-12-02;18;851
25;2025-12-02;19;585
25;2025-12-02;20;379
25;2025-12-02;21;243
25;2025-12-02;22;135
25;2025-12-02;23;14
25;2025-12-03;0;3
25;2025-12-03;1;0
25;2025-12-03;2;0
25;2025-12-03;3;0
25;2025-12-03;4;0
25;2025-12-03;5;7
25;2025-12-03;6;192
25;2025-12-03;7;574
25;2025-12-03;8;956
25;2025-12-03;9;516
25;2025-12-03;10;407
25;2025-12-03;11;448
25;2025-12-03;12;461
25;2025-12-03;13;564
25;2025-12-03;14;487
25;2025-12-03;15;585
25;2025-12-03;16;685
25;2025-12-03;17;796
25;2025-12-03;18;875
25;2025-12-03;19;579
25;2025-12-03;20;399
25;2025-12-03;21;271
25;2025-12-03;22;146
25;2025-12-03;23;13
25;2025-12-04;0;3
25;2025-12-04;1;0
25;2025-12-04;2;0
25;2025-12-04;3;0
25;2025-12-04;4;0
25;2025-12-04;5;7
25;2025-12-04;6;184
25;2025-12-04;7;562
25;2025-12-04;8;948
25;2025-12-04;9;508
25;2025-12-04;10;415
25;2025-12-04;11;433
25;2025-12-04;12;451
25;2025-12-04;13;527
25;2025-12-04;14;523
25;2025-12-04;15;602
25;2025-12-04;16;709
25;2025-12-04;17;795
25;2025-12-04;18;861
25;2025-12-04;19;581
25;2025-12-04;20;390
25;2025-12-04;21;274
25;2025-12-04;22;155
25;2025-12-04;23;17
25;2025-12-05;0;4
25;2025-12-05;1;0
25;2025-12-05;2;0
25;2025-12-05;3;0
25;2025-12-05;4;0
25;2025-12-05;5;6
25;2025-12-05;6;188
25;2025-12-05;7;558
25;2025-12-05;8;893
25;2025-12-05;9;505
25;2025-12-05;10;402
25;2025-12-05;11;450
25;2025-12-05;12;463
25;2025-12-05;13;564
25;2025-12-05;14;556
25;2025-12-05;15;664
25;2025-12-05;16;783
25;2025-12-05;17;812
25;2025-12-05;18;711
25;2025-12-05;19;548
25;2025-12-05;20;384
25;2025-12-05;21;272
25;2025-12-05;22;167
25;2025-12-05;23;23
25;2025-12-06;0;4
25;2025-12-06;1;0
25;2025-12-06;2;0
25;2025-12-06;3;0
25;2025-12-06;4;0
25;2025-12-06;5;4
25;2025-12-06;6;72
25;2025-12-06;7;157
25;2025-12-06;8;326
25;2025-12-06;9;318
25;2025-12-06;10;313
25;2025-12-06;11;409
25;2025-12-06;12;434
25;2025-12-06;13;571
25;2025-12-06;14;604
25;2025-12-06;15;701
25;2025-12-06;16;630
25;2025-12-06;17;545
25;2025-12-06;18;549
25;2025-12-06;19;478
25;2025-12-06;20;322
25;2025-12-06;21;275
25;2025-12-06;22;174
25;2025-12-06;23;68
25;2025-12-07;0;22
25;2025-12-07;1;0
25;2025-12-07;2;0
25;2025-12-07;3;0
25;2025-12-07;4;0
25;2025-12-07;5;4
25;2025-12-07;6;58
25;2025-12-07;7;116
25;2025-12-07;8;212
25;2025-12-07;9;232
25;2025-12-07;10;243
25;2025-12-07;11;321
25;2025-12-07;12;385
25;2025-12-07;13;467
25;2025-12-07;14;519
25;2025-12-07;15;612
25;2025-12-07;16;518
25;2025-12-07;17;491
25;2025-12-07;18;475
25;2025-12-07;19;377
25;2025-12-07;20;266
25;2025-12-07;21;226
25;2025-12-07;22;136
25;2025-12-07;23;47
25;2025-12-08;0;13
25;2025-12-08;1;0
25;2025-12-08;2;0
25;2025-12-08;3;0
25;2025-12-08;4;0
25;2025-12-08;5;6
25;2025-12-08;6;182
25;2025-12-08;7;574
25;2025-12-08;8;946
25;2025-12-08;9;506
25;2025-12-08;10;366
25;2025-12-08;11;403
25;2025-12-08;12;415
25;2025-12-08;13;536
25;2025-12-08;14;451
25;2025-12-08;15;525
25;2025-12-08;16;685
25;2025-12-08;17;762
25;2025-12-08;18;861
25;2025-12-08;19;537
25;2025-12-08;20;353
25;2025-12-08;21;239
25;2025-12-08;22;124
25;2025-12-08;23;16
25;2025-12-09;0;4
25;2025-12-09;1;0
25;2025-12-09;2;0
25;2025-12-09;3;0
25;2025-12-09;4;0
25;2025-12-09;5;6
25;2025-12-09;6;189
25;2025-12-09;7;598
25;2025-12-09;8;953
25;2025-12-09;9;536
25;2025-12-09;10;410
25;2025-12-09;11;455
25;2025-12-09;12;438
25;2025-12-09;13;508
25;2025-12-09;14;480
25;2025-12-09;15;579
25;2025-12-09;16;693
25;2025-12-09;17;744
25;2025-12-09;18;851
25;2025-12-09;19;586
25;2025-12-09;20;380
25;2025-12-09;21;244
25;2025-12-09;22;135
25;2025-12-09;23;14
25;2025-12-10;0;3
25;2025-12-10;1;0
25;2025-12-10;2;0
25;2025-12-10;3;0
25;2025-12-10;4;0
25;2025-12-10;5;7
25;2025-12-10;6;192
25;2025-12-10;7;574
25;2025-12-10;8;956
25;2025-12-10;9;516
25;2025-12-10;10;407
25;2025-12-10;11;448
25;2025-12-10;12;461
25;2025-12-10;13;564
25;2025-12-10;14;487
25;2025-12-10;15;585
25;2025-12-10;16;685
25;2025-12-10;17;796
25;2025-12-10;18;875
25;2025-12-10;19;579
25;2025-12-10;20;399
25;2025-12-10;21;271
25;2025-12-10;22;146
25;2025-12-10;23;13
25;2025-12-11;0;3
25;2025-12-11;1;0
25;2025-12-11;2;0
25;2025-12-11;3;0
25;2025-12-11;4;0
25;2025-12-11;5;7
25;2025-12-11;6;184
25;2025-12-11;7;562
25;2025-12-11;8;948
25;2025-12-11;9;508
25;2025-12-11;10;415
25;2025-12-11;11;433
25;2025-12-11;12;451
25;2025-12-11;13;528
25;2025-12-11;14;523
25;2025-12-11;15;603
25;2025-12-11;16;710
25;2025-12-11;17;796
25;2025-12-11;18;862
25;2025-12-11;19;581
25;2025-12-11;20;390
25;2025-12-11;21;274
25;2025-12-11;22;155
25;2025-12-11;23;17
25;2025-12-12;0;4
25;2025-12-12;1;0
25;2025-12-12;2;0
25;2025-12-12;3;0
25;2025-12-12;4;0
25;2025-12-12;5;6
25;2025-12-12;6;188
25;2025-12-12;7;557
25;2025-12-12;8;892
25;2025-12-12;9;504
25;2025-12-12;10;401
25;2025-12-12;11;450
25;2025-12-12;12;462
25;2025-12-12;13;563
25;2025-12-12;14;555
25;2025-12-12;15;663
25;2025-12-12;16;781
25;2025-12-12;17;811
25;2025-12-12;18;710
25;2025-12-12;19;547
25;2025-12-12;20;383
25;2025-12-12;21;272
25;2025-12-12;22;166
25;2025-12-12;23;23
25;2025-12-13;0;4
25;2025-12-13;1;0
25;2025-12-13;2;0
25;2025-12-13;3;0
25;2025-12-13;4;0
25;2025-12-13;5;4
25;2025-12-13;6;72
25;2025-12-13;7;156
25;2025-12-13;8;326
25;2025-12-13;9;317
25;2025-12-13;10;312
25;2025-12-13;11;409
25;2025-12-13;12;433
25;2025-12-13;13;570
25;2025-12-13;14;603
25;2025-12-13;15;700
25;2025-12-13;16;629
25;2025-12-13;17;544
25;2025-12-13;18;548
25;2025-12-13;19;478
25;2025-12-13;20;321
25;2025-12-13;21;275
25;2025-12-13;22;174
25;2025-12-13;23;68
25;2025-12-14;0;22
25;2025-12-14;1;0
25;2025-12-14;2;0
25;2025-12-14;3;0
25;2025-12-14;4;0
25;2025-12-14;5;4
25;2025-12-14;6;59
25;2025-12-14;7;117
25;2025-12-14;8;214
25;2025-12-14;9;234
25;2025-12-14;10;246
25;2025-12-14;11;324
25;2025-12-14;12;389
25;2025-12-14;13;472
25;2025-12-14;14;524
25;2025-12-14;15;619
25;2025-12-14;16;523
25;2025-12-14;17;496
25;2025-12-14;18;480
25;2025-12-14;19;381
25;2025-12-14;20;269
25;2025-12-14;21;228
25;2025-12-14;22;138
25;2025-12-14;23;47
25;2025-12-15;0;13
25;2025-12-15;1;0
25;2025-12-15;2;0
25;2025-12-15;3;0
25;2025-12-15;4;0
25;2025-12-15;5;6
25;2025-12-15;6;182
25;2025-12-15;7;572
25;2025-12-15;8;944
25;2025-12-15;9;505
25;2025-12-15;10;366
25;2025-12-15;11;402
25;2025-12-15;12;415
25;2025-12-15;13;535
25;2025-12-15;14;450
25;2025-12-15;15;524
25;2025-12-15;16;684
25;2025-12-15;17;760
25;2025-12-15;18;859
25;2025-12-15;19;536
25;2025-12-15;20;353
25;2025-12-15;21;239
25;2025-12-15;22;124
25;2025-12-15;23;16
25;2025-12-16;0;4
25;2025-12-16;1;0
25;2025-12-16;2;0
25;2025-12-16;3;0
25;2025-12-16;4;0
25;2025-12-16;5;6
25;2025-12-16;6;187
25;2025-12-16;7;592
25;2025-12-16;8;942
25;2025-12-16;9;531
25;2025-12-16;10;405
25;2025-12-16;11;450
25;2025-12-16;12;433
25;2025-12-16;13;502
25;2025-12-16;14;475
25;2025-12-16;15;573
25;2025-12-16;16;685
25;2025-12-16;17;736
25;2025-12-16;18;842
25;2025-12-16;19;579
25;2025-12-16;20;375
25;2025-12-16;21;241
25;2025-12-16;22;133
25;2025-12-16;23;14
25;2025-12-17;0;3
25;2025-12-17;1;0
25;2025-12-17;2;0
25;2025-12-17;3;0
25;2025-12-17;4;0
25;2025-12-17;5;6
25;2025-12-17;6;188
25;2025-12-17;7;564
25;2025-12-17;8;939
25;2025-12-17;9;506
25;2025-12-17;10;399
25;2025-12-17;11;440
25;2025-12-17;12;453
25;2025-12-17;13;554
25;2025-12-17;14;478
25;2025-12-17;15;575
25;2025-12-17;16;673
25;2025-12-17;17;782
25;2025-12-17;18;859
25;2025-12-17;19;568
25;2025-12-17;20;392
25;2025-12-17;21;266
25;2025-12-17;22;143
25;2025-12-17;23;12
25;2025-12-18;0;3
25;2025-12-18;1;0
25;2025-12-18;2;0
25;2025-12-18;3;0
25;2025-12-18;4;0
25;2025-12-18;5;7
25;2025-12-18;6;179
25;2025-12-18;7;547
25;2025-12-18;8;923
25;2025-12-18;9;495
25;2025-12-18;10;404
25;2025-12-18;11;422
25;2025-12-18;12;439
25;2025-12-18;13;514
25;2025-12-18;14;509
25;2025-12-18;15;587
25;2025-12-18;16;691
25;2025-12-18;17;775
25;2025-12-18;18;839
25;2025-12-18;19;566
25;2025-12-18;20;379
25;2025-12-18;21;267
25;2025-12-18;22;151
25;2025-12-18;23;16
25;2025-12-19;0;4
25;2025-12-19;1;0
25;2025-12-19;2;0
25;2025-12-19;3;0
25;2025-12-19;4;0
25;2025-12-19;5;6
25;2025-12-19;6;185
25;2025-12-19;7;548
25;2025-12-19;8;878
25;2025-12-19;9;496
25;2025-12-19;10;395
25;2025-12-19;11;442
25;2025-12-19;12;455
25;2025-12-19;13;554
25;2025-12-19;14;546
25;2025-12-19;15;653
25;2025-12-19;16;769
25;2025-12-19;17;798
25;2025-12-19;18;699
25;2025-12-19;19;539
25;2025-12-19;20;377
25;2025-12-19;21;267
25;2025-12-19;22;164
25;2025-12-19;23;22
25;2025-12-20;0;4
25;2025-12-20;1;0
25;2025-12-20;2;0
25;2025-12-20;3;0
25;2025-12-20;4;0
25;2025-12-20;5;4
25;2025-12-20;6;70
25;2025-12-20;7;152
25;2025-12-20;8;317
25;2025-12-20;9;309
25;2025-12-20;10;304
25;2025-12-20;11;398
25;2025-12-20;12;422
25;2025-12-20;13;555
25;2025-12-20;14;587
25;2025-12-20;15;682
25;2025-12-20;16;612
25;2025-12-20;17;530
25;2025-12-20;18;534
25;2025-12-20;19;465
25;2025-12-20;20;313
25;2025-12-20;21;268
25;2025-12-20;22;169
25;2025-12-20;23;66
25;2025-12-21;0;22
25;2025-12-21;1;0
25;2025-12-21;2;0
25;2025-12-21;3;0
25;2025-12-21;4;0
25;2025-12-21;5;3
25;2025-12-21;6;58
25;2025-12-21;7;115
25;2025-12-21;8;210
25;2025-12-21;9;231
25;2025-12-21;10;242
25;2025-12-21;11;319
25;2025-12-21;12;383
25;2025-12-21;13;464
25;2025-12-21;14;516
25;2025-12-21;15;609
25;2025-12-21;16;515
25;2025-12-21;17;488
25;2025-12-21;18;473
25;2025-12-21;19;375
25;2025-12-21;20;265
25;2025-12-21;21;225
25;2025-12-21;22;136
25;2025-12-21;23;46
25;2025-12-22;0;13
25;2025-12-22;1;0
25;2025-12-22;2;0
25;2025-12-22;3;0
25;2025-12-22;4;0
25;2025-12-22;5;6
25;2025-12-22;6;179
25;2025-12-22;7;562
25;2025-12-22;8;927
25;2025-12-22;9;496
25;2025-12-22;10;359
25;2025-12-22;11;395
25;2025-12-22;12;407
25;2025-12-22;13;525
25;2025-12-22;14;442
25;2025-12-22;15;515
25;2025-12-22;16;671
25;2025-12-22;17;746
25;2025-12-22;18;843
25;2025-12-22;19;527
25;2025-12-22;20;346
25;2025-12-22;21;235
25;2025-12-22;22;122
25;2025-12-22;23;15
25;2025-12-23;0;4
25;2025-12-23;1;0
25;2025-12-23;2;0
25;2025-12-23;3;0
25;2025-12-23;4;0
25;2025-12-23;5;6
25;2025-12-23;6;185
25;2025-12-23;7;586
25;2025-12-23;8;933
25;2025-12-23;9;525
25;2025-12-23;10;401
25;2025-12-23;11;446
25;2025-12-23;12;429
25;2025-12-23;13;497
25;2025-12-23;14;471
25;2025-12-23;15;567
25;2025-12-23;16;678
25;2025-12-23;17;729
25;2025-12-23;18;834
25;2025-12-23;19;574
25;2025-12-23;20;372
25;2025-12-23;21;238
25;2025-12-23;22;132
25;2025-12-23;23;14
25;2025-12-24;0;3
25;2025-12-24;1;0
25;2025-12-24;2;0
25;2025-12-24;3;0
25;2025-12-24;4;0
25;2025-12-24;5;6
25;2025-12-24;6;184
25;2025-12-24;7;552
25;2025-12-24;8;920
25;2025-12-24;9;496
25;2025-12-24;10;391
25;2025-12-24;11;431
25;2025-12-24;12;443
25;2025-12-24;13;542
25;2025-12-24;14;468
25;2025-12-24;15;563
25;2025-12-24;16;659
25;2025-12-24;17;765
25;2025-12-24;18;841
25;2025-12-24;19;556
25;2025-12-24;20;384
25;2025-12-24;21;261
25;2025-12-24;22;140
25;2025-12-24;23;12
25;2025-12-25;0;3
25;2025-12-25;1;0
25;2025-12-25;2;0
25;2025-12-25;3;0
25;2025-12-25;4;0
25;2025-12-25;5;7
25;2025-12-25;6;175
25;2025-12-25;7;535
25;2025-12-25;8;903
25;2025-12-25;9;484
25;2025-12-25;10;396
25;2025-12-25;11;413
25;2025-12-25;12;430
25;2025-12-25;13;503
25;2025-12-25;14;498
25;2025-12-25;15;574
25;2025-12-25;16;676
25;2025-12-25;17;758
25;2025-12-25;18;821
25;2025-12-25;19;553
25;2025-12-25;20;371
25;2025-12-25;21;261
25;2025-12-25;22;148
25;2025-12-25;23;16
25;2025-12-26;0;3
25;2025-12-26;1;0
25;2025-12-26;2;0
25;2025-12-26;3;0
25;2025-12-26;4;0
25;2025-12-26;5;6
25;2025-12-26;6;179
25;2025-12-26;7;530
25;2025-12-26;8;849
25;2025-12-26;9;480
25;2025-12-26;10;382
25;2025-12-26;11;428
25;2025-12-26;12;440
25;2025-12-26;13;536
25;2025-12-26;14;529
25;2025-12-26;15;632
25;2025-12-26;16;744
25;2025-12-26;17;772
25;2025-12-26;18;676
25;2025-12-26;19;521
25;2025-12-26;20;365
25;2025-12-26;21;259
25;2025-12-26;22;158
25;2025-12-26;23;21
25;2025-12-27;0;4
25;2025-12-27;1;0
25;2025-12-27;2;0
25;2025-12-27;3;0
25;2025-12-27;4;0
25;2025-12-27;5;4
25;2025-12-27;6;70
25;2025-12-27;7;150
25;2025-12-27;8;313
25;2025-12-27;9;305
25;2025-12-27;10;300
25;2025-12-27;11;393
25;2025-12-27;12;417
25;2025-12-27;13;549
25;2025-12-27;14;580
25;2025-12-27;15;673
25;2025-12-27;16;605
25;2025-12-27;17;523
25;2025-12-27;18;527
25;2025-12-27;19;459
25;2025-12-27;20;309
25;2025-12-27;21;264
25;2025-12-27;22;167
25;2025-12-27;23;65
25;2025-12-28;0;22
25;2025-12-28;1;0
25;2025-12-28;2;0
25;2025-12-28;3;0
25;2025-12-28;4;0
25;2025-12-28;5;3
25;2025-12-28;6;57
25;2025-12-28;7;114
25;2025-12-28;8;209
25;2025-12-28;9;229
25;2025-12-28;10;240
25;2025-12-28;11;316
25;2025-12-28;12;379
25;2025-12-28;13;460
25;2025-12-28;14;512
25;2025-12-28;15;604
25;2025-12-28;16;510
25;2025-12-28;17;484
25;2025-12-28;18;469
25;2025-12-28;19;371
25;2025-12-28;20;263
25;2025-12-28;21;223
25;2025-12-28;22;134
25;2025-12-28;23;46
25;2025-12-29;0;12
25;2025-12-29;1;0
25;2025-12-29;2;0
25;2025-12-29;3;0
25;2025-12-29;4;0
25;2025-12-29;5;6
25;2025-12-29;6;172
25;2025-12-29;7;540
25;2025-12-29;8;891
25;2025-12-29;9;476
25;2025-12-29;10;345
25;2025-12-29;11;379
25;2025-12-29;12;391
25;2025-12-29;13;505
25;2025-12-29;14;424
25;2025-12-29;15;495
25;2025-12-29;16;645
25;2025-12-29;17;717
25;2025-12-29;18;811
25;2025-12-29;19;506
25;2025-12-29;20;333
25;2025-12-29;21;225
25;2025-12-29;22;117
25;2025-12-29;23;15
25;2025-12-30;0;3
25;2025-12-30;1;0
25;2025-12-30;2;0
25;2025-12-30;3;0
25;2025-12-30;4;0
25;2025-12-30;5;6
25;2025-12-30;6;175
25;2025-12-30;7;554
25;2025-12-30;8;882
25;2025-12-30;9;497
25;2025-12-30;10;379
25;2025-12-30;11;421
25;2025-12-30;12;406
25;2025-12-30;13;470
25;2025-12-30;14;445
25;2025-12-30;15;536
25;2025-12-30;16;642
25;2025-12-30;17;690
25;2025-12-30;18;789
25;2025-12-30;19;543
25;2025-12-30;20;352
25;2025-12-30;21;226
25;2025-12-30;22;125
25;2025-12-30;23;13
25;2025-12-31;0;3
25;2025-12-31;1;0
25;2025-12-31;2;0
25;2025-12-31;3;0
25;2025-12-31;4;0
25;2025-12-31;5;6
25;2025-12-31;6;174
25;2025-12-31;7;520
25;2025-12-31;8;867
25;2025-12-31;9;467
25;2025-12-31;10;369
25;2025-12-31;11;406
25;2025-12-31;12;418
25;2025-12-31;13;511
25;2025-12-31;14;442
25;2025-12-31;15;531
25;2025-12-31;16;621
25;2025-12-31;17;722
25;2025-12-31;18;793
25;2025-12-31;19;525
25;2025-12-31;20;362
25;2025-12-31;21;246
25;2025-12-31;22;132
25;2025-12-31;23;12
26;2025-11-01;0;47
26;2025-11-01;1;0
26;2025-11-01;2;0
26;2025-11-01;3;0
26;2025-11-01;4;0
26;2025-11-01;5;36
26;2025-11-01;6;273
26;2025-11-01;7;366
26;2025-11-01;8;548
26;2025-11-01;9;653
26;2025-11-01;10;757
26;2025-11-01;11;919
26;2025-11-01;12;946
26;2025-11-01;13;955
26;2025-11-01;14;953
26;2025-11-01;15;886
26;2025-11-01;16;893
26;2025-11-01;17;864
26;2025-11-01;18;837
26;2025-11-01;19;793
26;2025-11-01;20;558
26;2025-11-01;21;377
26;2025-11-01;22;240
26;2025-11-01;23;150
26;2025-11-02;0;55
26;2025-11-02;1;0
26;2025-11-02;2;0
26;2025-11-02;3;0
26;2025-11-02;4;0
26;2025-11-02;5;25
26;2025-11-02;6;165
26;2025-11-02;7;269
26;2025-11-02;8;396
26;2025-11-02;9;532
26;2025-11-02;10;587
26;2025-11-02;11;776
26;2025-11-02;12;813
26;2025-11-02;13;837
26;2025-11-02;14;816
26;2025-11-02;15;774
26;2025-11-02;16;769
26;2025-11-02;17;777
26;2025-11-02;18;727
26;2025-11-02;19;593
26;2025-11-02;20;450
26;2025-11-02;21;323
26;2025-11-02;22;218
26;2025-11-02;23;117
26;2025-11-03;0;34
26;2025-11-03;1;0
26;2025-11-03;2;0
26;2025-11-03;3;0
26;2025-11-03;4;0
26;2025-11-03;5;62
26;2025-11-03;6;537
26;2025-11-03;7;1051
26;2025-11-03;8;1984
26;2025-11-03;9;1414
26;2025-11-03;10;1182
26;2025-11-03;11;1027
26;2025-11-03;12;1072
26;2025-11-03;13;1138
26;2025-11-03;14;1111
26;2025-11-03;15;1212
26;2025-11-03;16;1377
26;2025-11-03;17;1608
26;2025-11-03;18;1849
26;2025-11-03;19;1268
26;2025-11-03;20;796
26;2025-11-03;21;464
26;2025-11-03;22;243
26;2025-11-03;23;118
26;2025-11-04;0;33
26;2025-11-04;1;0
26;2025-11-04;2;0
26;2025-11-04;3;0
26;2025-11-04;4;0
26;2025-11-04;5;65
26;2025-11-04;6;544
26;2025-11-04;7;1084
26;2025-11-04;8;2046
26;2025-11-04;9;1471
26;2025-11-04;10;1192
26;2025-11-04;11;1089
26;2025-11-04;12;1110
26;2025-11-04;13;1120
26;2025-11-04;14;1149
26;2025-11-04;15;1231
26;2025-11-04;16;1405
26;2025-11-04;17;1657
26;2025-11-04;18;1853
26;2025-11-04;19;1315
26;2025-11-04;20;822
26;2025-11-04;21;482
26;2025-11-04;22;251
26;2025-11-04;23;127
26;2025-11-05;0;36
26;2025-11-05;1;0
26;2025-11-05;2;0
26;2025-11-05;3;0
26;2025-11-05;4;0
26;2025-11-05;5;65
26;2025-11-05;6;521
26;2025-11-05;7;1045
26;2025-11-05;8;1979
26;2025-11-05;9;1446
26;2025-11-05;10;1191
26;2025-11-05;11;1072
26;2025-11-05;12;1123
26;2025-11-05;13;1156
26;2025-11-05;14;1204
26;2025-11-05;15;1244
26;2025-11-05;16;1373
26;2025-11-05;17;1593
26;2025-11-05;18;1786
26;2025-11-05;19;1268
26;2025-11-05;20;805
26;2025-11-05;21;513
26;2025-11-05;22;270
26;2025-11-05;23;142
26;2025-11-06;0;42
26;2025-11-06;1;0
26;2025-11-06;2;0
26;2025-11-06;3;0
26;2025-11-06;4;0
26;2025-11-06;5;62
26;2025-11-06;6;528
26;2025-11-06;7;1036
26;2025-11-06;8;1946
26;2025-11-06;9;1408
26;2025-11-06;10;1155
26;2025-11-06;11;1089
26;2025-11-06;12;1109
26;2025-11-06;13;1117
26;2025-11-06;14;1165
26;2025-11-06;15;1240
26;2025-11-06;16;1388
26;2025-11-06;17;1602
26;2025-11-06;18;1830
26;2025-11-06;19;1271
26;2025-11-06;20;805
26;2025-11-06;21;507
26;2025-11-06;22;272
26;2025-11-06;23;144
26;2025-11-07;0;40
26;2025-11-07;1;0
26;2025-11-07;2;0
26;2025-11-07;3;0
26;2025-11-07;4;0
26;2025-11-07;5;61
26;2025-11-07;6;525
26;2025-11-07;7;998
26;2025-11-07;8;1854
26;2025-11-07;9;1353
26;2025-11-07;10;1144
26;2025-11-07;11;1037
26;2025-11-07;12;1111
26;2025-11-07;13;1158
26;2025-11-07;14;1184
26;2025-11-07;15;1293
26;2025-11-07;16;1543
26;2025-11-07;17;1621
26;2025-11-07;18;1379
26;2025-11-07;19;1094
26;2025-11-07;20;751
26;2025-11-07;21;487
26;2025-11-07;22;272
26;2025-11-07;23;169
26;2025-11-08;0;46
26;2025-11-08;1;0
26;2025-11-08;2;0
26;2025-11-08;3;0
26;2025-11-08;4;0
26;2025-11-08;5;36
26;2025-11-08;6;271
26;2025-11-08;7;363
26;2025-11-08;8;545
26;2025-11-08;9;649
26;2025-11-08;10;753
26;2025-11-08;11;914
26;2025-11-08;12;940
26;2025-11-08;13;950
26;2025-11-08;14;948
26;2025-11-08;15;881
26;2025-11-08;16;888
26;2025-11-08;17;859
26;2025-11-08;18;833
26;2025-11-08;19;788
26;2025-11-08;20;554
26;2025-11-08;21;375
26;2025-11-08;22;238
26;2025-11-08;23;149
26;2025-11-09;0;55
26;2025-11-09;1;0
26;2025-11-09;2;0
26;2025-11-09;3;0
26;2025-11-09;4;0
26;2025-11-09;5;25
26;2025-11-09;6;166
26;2025-11-09;7;270
26;2025-11-09;8;398
26;2025-11-09;9;534
26;2025-11-09;10;590
26;2025-11-09;11;779
26;2025-11-09;12;817
26;2025-11-09;13;841
26;2025-11-09;14;819
26;2025-11-09;15;777
26;2025-11-09;16;772
26;2025-11-09;17;781
26;2025-11-09;18;730
26;2025-11-09;19;595
26;2025-11-09;20;452
26;2025-11-09;21;325
26;2025-11-09;22;219
26;2025-11-09;23;118
26;2025-11-10;0;34
26;2025-11-10;1;0
26;2025-11-10;2;0
26;2025-11-10;3;0
26;2025-11-10;4;0
26;2025-11-10;5;62
26;2025-11-10;6;536
26;2025-11-10;7;1049
26;2025-11-10;8;1980
26;2025-11-10;9;1412
26;2025-11-10;10;1180
26;2025-11-10;11;1025
26;2025-11-10;12;1070
26;2025-11-10;13;1137
26;2025-11-10;14;1109
26;2025-11-10;15;1210
26;2025-11-10;16;1375
26;2025-11-10;17;1605
26;2025-11-10;18;1846
26;2025-11-10;19;1266
26;2025-11-10;20;795
26;2025-11-10;21;463
26;2025-11-10;22;242
26;2025-11-10;23;117
26;2025-11-11;0;34
26;2025-11-11;1;0
26;2025-11-11;2;0
26;2025-11-11;3;0
26;2025-11-11;4;0
26;2025-11-11;5;65
26;2025-11-11;6;551
26;2025-11-11;7;1097
26;2025-11-11;8;2072
26;2025-11-11;9;1489
26;2025-11-11;10;1206
26;2025-11-11;11;1103
26;2025-11-11;12;1123
26;2025-11-11;13;1133
26;2025-11-11;14;1164
26;2025-11-11;15;1246
26;2025-11-11;16;1422
26;2025-11-11;17;1677
26;2025-11-11;18;1876
26;2025-11-11;19;1331
26;2025-11-11;20;832
26;2025-11-11;21;488
26;2025-11-11;22;254
26;2025-11-11;23;128
26;2025-11-12;0;36
26;2025-11-12;1;0
26;2025-11-12;2;0
26;2025-11-12;3;0
26;2025-11-12;4;0
26;2025-11-12;5;66
26;2025-11-12;6;530
26;2025-11-12;7;1064
26;2025-11-12;8;2015
26;2025-11-12;9;1473
26;2025-11-12;10;1213
26;2025-11-12;11;1091
26;2025-11-12;12;1143
26;2025-11-12;13;1177
26;2025-11-12;14;1226
26;2025-11-12;15;1266
26;2025-11-12;16;1398
26;2025-11-12;17;1622
26;2025-11-12;18;1818
26;2025-11-12;19;1291
26;2025-11-12;20;819
26;2025-11-12;21;522
26;2025-11-12;22;275
26;2025-11-12;23;145
26;2025-11-13;0;43
26;2025-11-13;1;0
26;2025-11-13;2;0
26;2025-11-13;3;0
26;2025-11-13;4;0
26;2025-11-13;5;63
26;2025-11-13;6;538
26;2025-11-13;7;1054
26;2025-11-13;8;1982
26;2025-11-13;9;1434
26;2025-11-13;10;1176
26;2025-11-13;11;1109
26;2025-11-13;12;1129
26;2025-11-13;13;1138
26;2025-11-13;14;1186
26;2025-11-13;15;1263
26;2025-11-13;16;1413
26;2025-11-13;17;1631
26;2025-11-13;18;1863
26;2025-11-13;19;1295
26;2025-11-13;20;820
26;2025-11-13;21;516
26;2025-11-13;22;277
26;2025-11-13;23;147
26;2025-11-14;0;41
26;2025-11-14;1;0
26;2025-11-14;2;0
26;2025-11-14;3;0
26;2025-11-14;4;0
26;2025-11-14;5;62
26;2025-11-14;6;537
26;2025-11-14;7;1021
26;2025-11-14;8;1898
26;2025-11-14;9;1384
26;2025-11-14;10;1170
26;2025-11-14;11;1062
26;2025-11-14;12;1137
26;2025-11-14;13;1185
26;2025-11-14;14;1211
26;2025-11-14;15;1323
26;2025-11-14;16;1579
26;2025-11-14;17;1659
26;2025-11-14;18;1411
26;2025-11-14;19;1119
26;2025-11-14;20;768
26;2025-11-14;21;498
26;2025-11-14;22;278
26;2025-11-14;23;173
26;2025-11-15;0;47
26;2025-11-15;1;0
26;2025-11-15;2;0
26;2025-11-15;3;0
26;2025-11-15;4;0
26;2025-11-15;5;37
26;2025-11-15;6;275
26;2025-11-15;7;369
26;2025-11-15;8;553
26;2025-11-15;9;659
26;2025-11-15;10;764
26;2025-11-15;11;927
26;2025-11-15;12;954
26;2025-11-15;13;964
26;2025-11-15;14;962
26;2025-11-15;15;893
26;2025-11-15;16;901
26;2025-11-15;17;872
26;2025-11-15;18;845
26;2025-11-15;19;800
26;2025-11-15;20;563
26;2025-11-15;21;381
26;2025-11-15;22;242
26;2025-11-15;23;151
26;2025-11-16;0;56
26;2025-11-16;1;0
26;2025-11-16;2;0
26;2025-11-16;3;0
26;2025-11-16;4;0
26;2025-11-16;5;25
26;2025-11-16;6;166
26;2025-11-16;7;271
26;2025-11-16;8;399
26;2025-11-16;9;535
26;2025-11-16;10;591
26;2025-11-16;11;781
26;2025-11-16;12;819
26;2025-11-16;13;842
26;2025-11-16;14;821
26;2025-11-16;15;779
26;2025-11-16;16;773
26;2025-11-16;17;782
26;2025-11-16;18;731
26;2025-11-16;19;597
26;2025-11-16;20;453
26;2025-11-16;21;325
26;2025-11-16;22;219
26;2025-11-16;23;118
26;2025-11-17;0;35
26;2025-11-17;1;0
26;2025-11-17;2;0
26;2025-11-17;3;0
26;2025-11-17;4;0
26;2025-11-17;5;64
26;2025-11-17;6;553
26;2025-11-17;7;1082
26;2025-11-17;8;2042
26;2025-11-17;9;1456
26;2025-11-17;10;1217
26;2025-11-17;11;1057
26;2025-11-17;12;1104
26;2025-11-17;13;1172
26;2025-11-17;14;1144
26;2025-11-17;15;1248
26;2025-11-17;16;1418
26;2025-11-17;17;1655
26;2025-11-17;18;1904
26;2025-11-17;19;1306
26;2025-11-17;20;820
26;2025-11-17;21;477
26;2025-11-17;22;250
26;2025-11-17;23;121
26;2025-11-18;0;34
26;2025-11-18;1;0
26;2025-11-18;2;0
26;2025-11-18;3;0
26;2025-11-18;4;0
26;2025-11-18;5;66
26;2025-11-18;6;555
26;2025-11-18;7;1106
26;2025-11-18;8;2088
26;2025-11-18;9;1501
26;2025-11-18;10;1216
26;2025-11-18;11;1111
26;2025-11-18;12;1132
26;2025-11-18;13;1143
26;2025-11-18;14;1173
26;2025-11-18;15;1256
26;2025-11-18;16;1433
26;2025-11-18;17;1691
26;2025-11-18;18;1891
26;2025-11-18;19;1341
26;2025-11-18;20;838
26;2025-11-18;21;492
26;2025-11-18;22;256
26;2025-11-18;23;129
26;2025-11-19;0;37
26;2025-11-19;1;0
26;2025-11-19;2;0
26;2025-11-19;3;0
26;2025-11-19;4;0
26;2025-11-19;5;67
26;2025-11-19;6;534
26;2025-11-19;7;1073
26;2025-11-19;8;2030
26;2025-11-19;9;1484
26;2025-11-19;10;1222
26;2025-11-19;11;1100
26;2025-11-19;12;1152
26;2025-11-19;13;1186
26;2025-11-19;14;1235
26;2025-11-19;15;1276
26;2025-11-19;16;1409
26;2025-11-19;17;1634
26;2025-11-19;18;1833
26;2025-11-19;19;1301
26;2025-11-19;20;826
26;2025-11-19;21;526
26;2025-11-19;22;277
26;2025-11-19;23;146
26;2025-11-20;0;43
26;2025-11-20;1;0
26;2025-11-20;2;0
26;2025-11-20;3;0
26;2025-11-20;4;0
26;2025-11-20;5;64
26;2025-11-20;6;541
26;2025-11-20;7;1060
26;2025-11-20;8;1992
26;2025-11-20;9;1441
26;2025-11-20;10;1182
26;2025-11-20;11;1114
26;2025-11-20;12;1135
26;2025-11-20;13;1144
26;2025-11-20;14;1192
26;2025-11-20;15;1269
26;2025-11-20;16;1420
26;2025-11-20;17;1640
26;2025-11-20;18;1873
26;2025-11-20;19;1301
26;2025-11-20;20;824
26;2025-11-20;21;519
26;2025-11-20;22;278
26;2025-11-20;23;148
26;2025-11-21;0;41
26;2025-11-21;1;0
26;2025-11-21;2;0
26;2025-11-21;3;0
26;2025-11-21;4;0
26;2025-11-21;5;62
26;2025-11-21;6;534
26;2025-11-21;7;1016
26;2025-11-21;8;1888
26;2025-11-21;9;1377
26;2025-11-21;10;1164
26;2025-11-21;11;1056
26;2025-11-21;12;1131
26;2025-11-21;13;1179
26;2025-11-21;14;1205
26;2025-11-21;15;1316
26;2025-11-21;16;1571
26;2025-11-21;17;1650
26;2025-11-21;18;1404
26;2025-11-21;19;1113
26;2025-11-21;20;764
26;2025-11-21;21;495
26;2025-11-21;22;277
26;2025-11-21;23;173
26;2025-11-22;0;49
26;2025-11-22;1;0
26;2025-11-22;2;0
26;2025-11-22;3;0
26;2025-11-22;4;0
26;2025-11-22;5;38
26;2025-11-22;6;287
26;2025-11-22;7;385
26;2025-11-22;8;577
26;2025-11-22;9;687
26;2025-11-22;10;797
26;2025-11-22;11;968
26;2025-11-22;12;996
26;2025-11-22;13;1005
26;2025-11-22;14;1003
26;2025-11-22;15;932
26;2025-11-22;16;940
26;2025-11-22;17;910
26;2025-11-22;18;882
26;2025-11-22;19;834
26;2025-11-22;20;587
26;2025-11-22;21;397
26;2025-11-22;22;252
26;2025-11-22;23;158
26;2025-11-23;0;56
26;2025-11-23;1;0
26;2025-11-23;2;0
26;2025-11-23;3;0
26;2025-11-23;4;0
26;2025-11-23;5;25
26;2025-11-23;6;168
26;2025-11-23;7;274
26;2025-11-23;8;403
26;2025-11-23;9;542
26;2025-11-23;10;598
26;2025-11-23;11;790
26;2025-11-23;12;828
26;2025-11-23;13;852
26;2025-11-23;14;830
26;2025-11-23;15;788
26;2025-11-23;16;782
26;2025-11-23;17;791
26;2025-11-23;18;740
26;2025-11-23;19;603
26;2025-11-23;20;458
26;2025-11-23;21;329
26;2025-11-23;22;222
26;2025-11-23;23;119
26;2025-11-24;0;34
26;2025-11-24;1;0
26;2025-11-24;2;0
26;2025-11-24;3;0
26;2025-11-24;4;0
26;2025-11-24;5;63
26;2025-11-24;6;544
26;2025-11-24;7;1065
26;2025-11-24;8;2011
26;2025-11-24;9;1433
26;2025-11-24;10;1199
26;2025-11-24;11;1041
26;2025-11-24;12;1086
26;2025-11-24;13;1154
26;2025-11-24;14;1126
26;2025-11-24;15;1228
26;2025-11-24;16;1396
26;2025-11-24;17;1630
26;2025-11-24;18;1874
26;2025-11-24;19;1285
26;2025-11-24;20;807
26;2025-11-24;21;470
26;2025-11-24;22;246
26;2025-11-24;23;119
26;2025-11-25;0;34
26;2025-11-25;1;0
26;2025-11-25;2;0
26;2025-11-25;3;0
26;2025-11-25;4;0
26;2025-11-25;5;66
26;2025-11-25;6;552
26;2025-11-25;7;1099
26;2025-11-25;8;2075
26;2025-11-25;9;1492
26;2025-11-25;10;1208
26;2025-11-25;11;1104
26;2025-11-25;12;1125
26;2025-11-25;13;1135
26;2025-11-25;14;1165
26;2025-11-25;15;1248
26;2025-11-25;16;1424
26;2025-11-25;17;1680
26;2025-11-25;18;1879
26;2025-11-25;19;1333
26;2025-11-25;20;833
26;2025-11-25;21;489
26;2025-11-25;22;255
26;2025-11-25;23;129
26;2025-11-26;0;36
26;2025-11-26;1;0
26;2025-11-26;2;0
26;2025-11-26;3;0
26;2025-11-26;4;0
26;2025-11-26;5;66
26;2025-11-26;6;528
26;2025-11-26;7;1061
26;2025-11-26;8;2008
26;2025-11-26;9;1468
26;2025-11-26;10;1209
26;2025-11-26;11;1088
26;2025-11-26;12;1139
26;2025-11-26;13;1173
26;2025-11-26;14;1222
26;2025-11-26;15;1262
26;2025-11-26;16;1394
26;2025-11-26;17;1616
26;2025-11-26;18;1813
26;2025-11-26;19;1287
26;2025-11-26;20;817
26;2025-11-26;21;521
26;2025-11-26;22;274
26;2025-11-26;23;145
26;2025-11-27;0;43
26;2025-11-27;1;0
26;2025-11-27;2;0
26;2025-11-27;3;0
26;2025-11-27;4;0
26;2025-11-27;5;63
26;2025-11-27;6;535
26;2025-11-27;7;1049
26;2025-11-27;8;1971
26;2025-11-27;9;1426
26;2025-11-27;10;1170
26;2025-11-27;11;1103
26;2025-11-27;12;1123
26;2025-11-27;13;1132
26;2025-11-27;14;1180
26;2025-11-27;15;1256
26;2025-11-27;16;1406
26;2025-11-27;17;1623
26;2025-11-27;18;1853
26;2025-11-27;19;1288
26;2025-11-27;20;816
26;2025-11-27;21;514
26;2025-11-27;22;275
26;2025-11-27;23;146
26;2025-11-28;0;41
26;2025-11-28;1;0
26;2025-11-28;2;0
26;2025-11-28;3;0
26;2025-11-28;4;0
26;2025-11-28;5;61
26;2025-11-28;6;526
26;2025-11-28;7;1001
26;2025-11-28;8;1860
26;2025-11-28;9;1356
26;2025-11-28;10;1147
26;2025-11-28;11;1040
26;2025-11-28;12;1114
26;2025-11-28;13;1161
26;2025-11-28;14;1187
26;2025-11-28;15;1297
26;2025-11-28;16;1547
26;2025-11-28;17;1625
26;2025-11-28;18;1383
26;2025-11-28;19;1097
26;2025-11-28;20;753
26;2025-11-28;21;488
26;2025-11-28;22;273
26;2025-11-28;23;170
26;2025-11-29;0;49
26;2025-11-29;1;0
26;2025-11-29;2;0
26;2025-11-29;3;0
26;2025-11-29;4;0
26;2025-11-29;5;38
26;2025-11-29;6;284
26;2025-11-29;7;380
26;2025-11-29;8;570
26;2025-11-29;9;679
26;2025-11-29;10;787
26;2025-11-29;11;955
26;2025-11-29;12;983
26;2025-11-29;13;993
26;2025-11-29;14;991
26;2025-11-29;15;920
26;2025-11-29;16;928
26;2025-11-29;17;898
26;2025-11-29;18;870
26;2025-11-29;19;824
26;2025-11-29;20;580
26;2025-11-29;21;392
26;2025-11-29;22;249
26;2025-11-29;23;156
26;2025-11-30;0;56
26;2025-11-30;1;0
26;2025-11-30;2;0
26;2025-11-30;3;0
26;2025-11-30;4;0
26;2025-11-30;5;25
26;2025-11-30;6;166
26;2025-11-30;7;271
26;2025-11-30;8;399
26;2025-11-30;9;536
26;2025-11-30;10;591
26;2025-11-30;11;781
26;2025-11-30;12;819
26;2025-11-30;13;843
26;2025-11-30;14;821
26;2025-11-30;15;779
26;2025-11-30;16;774
26;2025-11-30;17;782
26;2025-11-30;18;731
26;2025-11-30;19;597
26;2025-11-30;20;453
26;2025-11-30;21;326
26;2025-11-30;22;219
26;2025-11-30;23;118
26;2025-12-01;0;34
26;2025-12-01;1;0
26;2025-12-01;2;0
26;2025-12-01;3;0
26;2025-12-01;4;0
26;2025-12-01;5;62
26;2025-12-01;6;534
26;2025-12-01;7;1045
26;2025-12-01;8;1973
26;2025-12-01;9;1406
26;2025-12-01;10;1176
26;2025-12-01;11;1021
26;2025-12-01;12;1066
26;2025-12-01;13;1132
26;2025-12-01;14;1105
26;2025-12-01;15;1205
26;2025-12-01;16;1370
26;2025-12-01;17;1599
26;2025-12-01;18;1839
26;2025-12-01;19;1261
26;2025-12-01;20;792
26;2025-12-01;21;461
26;2025-12-01;22;241
26;2025-12-01;23;117
26;2025-12-02;0;33
26;2025-12-02;1;0
26;2025-12-02;2;0
26;2025-12-02;3;0
26;2025-12-02;4;0
26;2025-12-02;5;64
26;2025-12-02;6;540
26;2025-12-02;7;1076
26;2025-12-02;8;2032
26;2025-12-02;9;1461
26;2025-12-02;10;1184
26;2025-12-02;11;1082
26;2025-12-02;12;1102
26;2025-12-02;13;1112
26;2025-12-02;14;1142
26;2025-12-02;15;1222
26;2025-12-02;16;1395
26;2025-12-02;17;1646
26;2025-12-02;18;1841
26;2025-12-02;19;1306
26;2025-12-02;20;816
26;2025-12-02;21;479
26;2025-12-02;22;250
26;2025-12-02;23;126
26;2025-12-03;0;34
26;2025-12-03;1;0
26;2025-12-03;2;0
26;2025-12-03;3;0
26;2025-12-03;4;0
26;2025-12-03;5;62
26;2025-12-03;6;500
26;2025-12-03;7;1004
26;2025-12-03;8;1900
26;2025-12-03;9;1389
26;2025-12-03;10;1144
26;2025-12-03;11;1029
26;2025-12-03;12;1078
26;2025-12-03;13;1110
26;2025-12-03;14;1156
26;2025-12-03;15;1194
26;2025-12-03;16;1319
26;2025-12-03;17;1530
26;2025-12-03;18;1715
26;2025-12-03;19;1218
26;2025-12-03;20;773
26;2025-12-03;21;493
26;2025-12-03;22;259
26;2025-12-03;23;137
26;2025-12-04;0;40
26;2025-12-04;1;0
26;2025-12-04;2;0
26;2025-12-04;3;0
26;2025-12-04;4;0
26;2025-12-04;5;59
26;2025-12-04;6;502
26;2025-12-04;7;985
26;2025-12-04;8;1851
26;2025-12-04;9;1339
26;2025-12-04;10;1098
26;2025-12-04;11;1035
26;2025-12-04;12;1054
26;2025-12-04;13;1062
26;2025-12-04;14;1107
26;2025-12-04;15;1179
26;2025-12-04;16;1320
26;2025-12-04;17;1523
26;2025-12-04;18;1740
26;2025-12-04;19;1209
26;2025-12-04;20;766
26;2025-12-04;21;482
26;2025-12-04;22;259
26;2025-12-04;23;137
26;2025-12-05;0;38
26;2025-12-05;1;0
26;2025-12-05;2;0
26;2025-12-05;3;0
26;2025-12-05;4;0
26;2025-12-05;5;57
26;2025-12-05;6;492
26;2025-12-05;7;936
26;2025-12-05;8;1739
26;2025-12-05;9;1268
26;2025-12-05;10;1072
26;2025-12-05;11;973
26;2025-12-05;12;1042
26;2025-12-05;13;1086
26;2025-12-05;14;1110
26;2025-12-05;15;1212
26;2025-12-05;16;1447
26;2025-12-05;17;1520
26;2025-12-05;18;1293
26;2025-12-05;19;1025
26;2025-12-05;20;704
26;2025-12-05;21;456
26;2025-12-05;22;255
26;2025-12-05;23;159
26;2025-12-06;0;45
26;2025-12-06;1;0
26;2025-12-06;2;0
26;2025-12-06;3;0
26;2025-12-06;4;0
26;2025-12-06;5;35
26;2025-12-06;6;264
26;2025-12-06;7;353
26;2025-12-06;8;530
26;2025-12-06;9;631
26;2025-12-06;10;731
26;2025-12-06;11;888
26;2025-12-06;12;913
26;2025-12-06;13;922
26;2025-12-06;14;920
26;2025-12-06;15;855
26;2025-12-06;16;862
26;2025-12-06;17;834
26;2025-12-06;18;809
26;2025-12-06;19;765
26;2025-12-06;20;538
26;2025-12-06;21;364
26;2025-12-06;22;231
26;2025-12-06;23;145
26;2025-12-07;0;53
26;2025-12-07;1;0
26;2025-12-07;2;0
26;2025-12-07;3;0
26;2025-12-07;4;0
26;2025-12-07;5;23
26;2025-12-07;6;157
26;2025-12-07;7;257
26;2025-12-07;8;378
26;2025-12-07;9;507
26;2025-12-07;10;560
26;2025-12-07;11;739
26;2025-12-07;12;775
26;2025-12-07;13;798
26;2025-12-07;14;777
26;2025-12-07;15;737
26;2025-12-07;16;732
26;2025-12-07;17;741
26;2025-12-07;18;692
26;2025-12-07;19;565
26;2025-12-07;20;429
26;2025-12-07;21;308
26;2025-12-07;22;208
26;2025-12-07;23;112
26;2025-12-08;0;31
26;2025-12-08;1;0
26;2025-12-08;2;0
26;2025-12-08;3;0
26;2025-12-08;4;0
26;2025-12-08;5;58
26;2025-12-08;6;498
26;2025-12-08;7;975
26;2025-12-08;8;1840
26;2025-12-08;9;1312
26;2025-12-08;10;1097
26;2025-12-08;11;953
26;2025-12-08;12;994
26;2025-12-08;13;1056
26;2025-12-08;14;1031
26;2025-12-08;15;1124
26;2025-12-08;16;1278
26;2025-12-08;17;1491
26;2025-12-08;18;1715
26;2025-12-08;19;1176
26;2025-12-08;20;739
26;2025-12-08;21;430
26;2025-12-08;22;225
26;2025-12-08;23;109
26;2025-12-09;0;31
26;2025-12-09;1;0
26;2025-12-09;2;0
26;2025-12-09;3;0
26;2025-12-09;4;0
26;2025-12-09;5;60
26;2025-12-09;6;504
26;2025-12-09;7;1005
26;2025-12-09;8;1897
26;2025-12-09;9;1364
26;2025-12-09;10;1105
26;2025-12-09;11;1010
26;2025-12-09;12;1029
26;2025-12-09;13;1038
26;2025-12-09;14;1066
26;2025-12-09;15;1141
26;2025-12-09;16;1303
26;2025-12-09;17;1536
26;2025-12-09;18;1719
26;2025-12-09;19;1219
26;2025-12-09;20;762
26;2025-12-09;21;447
26;2025-12-09;22;233
26;2025-12-09;23;118
26;2025-12-10;0;33
26;2025-12-10;1;0
26;2025-12-10;2;0
26;2025-12-10;3;0
26;2025-12-10;4;0
26;2025-12-10;5;61
26;2025-12-10;6;485
26;2025-12-10;7;973
26;2025-12-10;8;1842
26;2025-12-10;9;1346
26;2025-12-10;10;1109
26;2025-12-10;11;997
26;2025-12-10;12;1045
26;2025-12-10;13;1076
26;2025-12-10;14;1120
26;2025-12-10;15;1157
26;2025-12-10;16;1278
26;2025-12-10;17;1482
26;2025-12-10;18;1662
26;2025-12-10;19;1180
26;2025-12-10;20;749
26;2025-12-10;21;478
26;2025-12-10;22;251
26;2025-12-10;23;133
26;2025-12-11;0;39
26;2025-12-11;1;0
26;2025-12-11;2;0
26;2025-12-11;3;0
26;2025-12-11;4;0
26;2025-12-11;5;57
26;2025-12-11;6;487
26;2025-12-11;7;954
26;2025-12-11;8;1794
26;2025-12-11;9;1298
26;2025-12-11;10;1064
26;2025-12-11;11;1004
26;2025-12-11;12;1022
26;2025-12-11;13;1030
26;2025-12-11;14;1073
26;2025-12-11;15;1143
26;2025-12-11;16;1279
26;2025-12-11;17;1476
26;2025-12-11;18;1686
26;2025-12-11;19;1172
26;2025-12-11;20;742
26;2025-12-11;21;467
26;2025-12-11;22;251
26;2025-12-11;23;133
26;2025-12-12;0;36
26;2025-12-12;1;0
26;2025-12-12;2;0
26;2025-12-12;3;0
26;2025-12-12;4;0
26;2025-12-12;5;54
26;2025-12-12;6;472
26;2025-12-12;7;898
26;2025-12-12;8;1668
26;2025-12-12;9;1216
26;2025-12-12;10;1028
26;2025-12-12;11;933
26;2025-12-12;12;999
26;2025-12-12;13;1041
26;2025-12-12;14;1064
26;2025-12-12;15;1163
26;2025-12-12;16;1388
26;2025-12-12;17;1458
26;2025-12-12;18;1240
26;2025-12-12;19;983
26;2025-12-12;20;675
26;2025-12-12;21;438
26;2025-12-12;22;245
26;2025-12-12;23;152
26;2025-12-13;0;44
26;2025-12-13;1;0
26;2025-12-13;2;0
26;2025-12-13;3;0
26;2025-12-13;4;0
26;2025-12-13;5;34
26;2025-12-13;6;255
26;2025-12-13;7;342
26;2025-12-13;8;513
26;2025-12-13;9;611
26;2025-12-13;10;708
26;2025-12-13;11;860
26;2025-12-13;12;885
26;2025-12-13;13;893
26;2025-12-13;14;892
26;2025-12-13;15;828
26;2025-12-13;16;835
26;2025-12-13;17;808
26;2025-12-13;18;783
26;2025-12-13;19;741
26;2025-12-13;20;522
26;2025-12-13;21;353
26;2025-12-13;22;224
26;2025-12-13;23;140
26;2025-12-14;0;52
26;2025-12-14;1;0
26;2025-12-14;2;0
26;2025-12-14;3;0
26;2025-12-14;4;0
26;2025-12-14;5;23
26;2025-12-14;6;156
26;2025-12-14;7;254
26;2025-12-14;8;374
26;2025-12-14;9;502
26;2025-12-14;10;554
26;2025-12-14;11;732
26;2025-12-14;12;768
26;2025-12-14;13;790
26;2025-12-14;14;770
26;2025-12-14;15;730
26;2025-12-14;16;725
26;2025-12-14;17;733
26;2025-12-14;18;686
26;2025-12-14;19;560
26;2025-12-14;20;424
26;2025-12-14;21;305
26;2025-12-14;22;206
26;2025-12-14;23;111
26;2025-12-15;0;30
26;2025-12-15;1;0
26;2025-12-15;2;0
26;2025-12-15;3;0
26;2025-12-15;4;0
26;2025-12-15;5;54
26;2025-12-15;6;468
26;2025-12-15;7;917
26;2025-12-15;8;1731
26;2025-12-15;9;1234
26;2025-12-15;10;1032
26;2025-12-15;11;896
26;2025-12-15;12;935
26;2025-12-15;13;994
26;2025-12-15;14;970
26;2025-12-15;15;1058
26;2025-12-15;16;1202
26;2025-12-15;17;1403
26;2025-12-15;18;1614
26;2025-12-15;19;1107
26;2025-12-15;20;695
26;2025-12-15;21;405
26;2025-12-15;22;212
26;2025-12-15;23;103
26;2025-12-16;0;29
26;2025-12-16;1;0
26;2025-12-16;2;0
26;2025-12-16;3;0
26;2025-12-16;4;0
26;2025-12-16;5;56
26;2025-12-16;6;474
26;2025-12-16;7;945
26;2025-12-16;8;1784
26;2025-12-16;9;1283
26;2025-12-16;10;1039
26;2025-12-16;11;949
26;2025-12-16;12;967
26;2025-12-16;13;976
26;2025-12-16;14;1002
26;2025-12-16;15;1073
26;2025-12-16;16;1225
26;2025-12-16;17;1444
26;2025-12-16;18;1616
26;2025-12-16;19;1146
26;2025-12-16;20;716
26;2025-12-16;21;421
26;2025-12-16;22;219
26;2025-12-16;23;111
26;2025-12-17;0;31
26;2025-12-17;1;0
26;2025-12-17;2;0
26;2025-12-17;3;0
26;2025-12-17;4;0
26;2025-12-17;5;57
26;2025-12-17;6;454
26;2025-12-17;7;911
26;2025-12-17;8;1724
26;2025-12-17;9;1260
26;2025-12-17;10;1038
26;2025-12-17;11;934
26;2025-12-17;12;978
26;2025-12-17;13;1007
26;2025-12-17;14;1049
26;2025-12-17;15;1083
26;2025-12-17;16;1196
26;2025-12-17;17;1387
26;2025-12-17;18;1556
26;2025-12-17;19;1104
26;2025-12-17;20;701
26;2025-12-17;21;447
26;2025-12-17;22;235
26;2025-12-17;23;124
26;2025-12-18;0;36
26;2025-12-18;1;0
26;2025-12-18;2;0
26;2025-12-18;3;0
26;2025-12-18;4;0
26;2025-12-18;5;54
26;2025-12-18;6;458
26;2025-12-18;7;897
26;2025-12-18;8;1685
26;2025-12-18;9;1219
26;2025-12-18;10;1000
26;2025-12-18;11;943
26;2025-12-18;12;960
26;2025-12-18;13;968
26;2025-12-18;14;1009
26;2025-12-18;15;1074
26;2025-12-18;16;1202
26;2025-12-18;17;1387
26;2025-12-18;18;1584
26;2025-12-18;19;1101
26;2025-12-18;20;697
26;2025-12-18;21;439
26;2025-12-18;22;235
26;2025-12-18;23;125
26;2025-12-19;0;34
26;2025-12-19;1;0
26;2025-12-19;2;0
26;2025-12-19;3;0
26;2025-12-19;4;0
26;2025-12-19;5;51
26;2025-12-19;6;445
26;2025-12-19;7;846
26;2025-12-19;8;1572
26;2025-12-19;9;1147
26;2025-12-19;10;969
26;2025-12-19;11;879
26;2025-12-19;12;942
26;2025-12-19;13;981
26;2025-12-19;14;1003
26;2025-12-19;15;1096
26;2025-12-19;16;1308
26;2025-12-19;17;1374
26;2025-12-19;18;1169
26;2025-12-19;19;927
26;2025-12-19;20;637
26;2025-12-19;21;412
26;2025-12-19;22;231
26;2025-12-19;23;144
26;2025-12-20;0;38
26;2025-12-20;1;0
26;2025-12-20;2;0
26;2025-12-20;3;0
26;2025-12-20;4;0
26;2025-12-20;5;29
26;2025-12-20;6;221
26;2025-12-20;7;296
26;2025-12-20;8;444
26;2025-12-20;9;529
26;2025-12-20;10;613
26;2025-12-20;11;745
26;2025-12-20;12;766
26;2025-12-20;13;774
26;2025-12-20;14;772
26;2025-12-20;15;717
26;2025-12-20;16;723
26;2025-12-20;17;700
26;2025-12-20;18;678
26;2025-12-20;19;642
26;2025-12-20;20;452
26;2025-12-20;21;305
26;2025-12-20;22;194
26;2025-12-20;23;121
26;2025-12-21;0;48
26;2025-12-21;1;0
26;2025-12-21;2;0
26;2025-12-21;3;0
26;2025-12-21;4;0
26;2025-12-21;5;22
26;2025-12-21;6;145
26;2025-12-21;7;236
26;2025-12-21;8;347
26;2025-12-21;9;466
26;2025-12-21;10;514
26;2025-12-21;11;679
26;2025-12-21;12;712
26;2025-12-21;13;733
26;2025-12-21;14;715
26;2025-12-21;15;678
26;2025-12-21;16;673
26;2025-12-21;17;681
26;2025-12-21;18;636
26;2025-12-21;19;519
26;2025-12-21;20;394
26;2025-12-21;21;283
26;2025-12-21;22;191
26;2025-12-21;23;103
26;2025-12-22;0;28
26;2025-12-22;1;0
26;2025-12-22;2;0
26;2025-12-22;3;0
26;2025-12-22;4;0
26;2025-12-22;5;51
26;2025-12-22;6;445
26;2025-12-22;7;870
26;2025-12-22;8;1643
26;2025-12-22;9;1171
26;2025-12-22;10;979
26;2025-12-22;11;851
26;2025-12-22;12;888
26;2025-12-22;13;943
26;2025-12-22;14;920
26;2025-12-22;15;1004
26;2025-12-22;16;1141
26;2025-12-22;17;1331
26;2025-12-22;18;1531
26;2025-12-22;19;1050
26;2025-12-22;20;660
26;2025-12-22;21;384
26;2025-12-22;22;201
26;2025-12-22;23;97
26;2025-12-23;0;28
26;2025-12-23;1;0
26;2025-12-23;2;0
26;2025-12-23;3;0
26;2025-12-23;4;0
26;2025-12-23;5;55
26;2025-12-23;6;465
26;2025-12-23;7;926
26;2025-12-23;8;1748
26;2025-12-23;9;1257
26;2025-12-23;10;1018
26;2025-12-23;11;931
26;2025-12-23;12;948
26;2025-12-23;13;957
26;2025-12-23;14;982
26;2025-12-23;15;1051
26;2025-12-23;16;1200
26;2025-12-23;17;1416
26;2025-12-23;18;1584
26;2025-12-23;19;1123
26;2025-12-23;20;702
26;2025-12-23;21;412
26;2025-12-23;22;215
26;2025-12-23;23;108
26;2025-12-24;0;30
26;2025-12-24;1;0
26;2025-12-24;2;0
26;2025-12-24;3;0
26;2025-12-24;4;0
26;2025-12-24;5;54
26;2025-12-24;6;432
26;2025-12-24;7;868
26;2025-12-24;8;1643
26;2025-12-24;9;1201
26;2025-12-24;10;989
26;2025-12-24;11;890
26;2025-12-24;12;932
26;2025-12-24;13;960
26;2025-12-24;14;1000
26;2025-12-24;15;1032
26;2025-12-24;16;1140
26;2025-12-24;17;1322
26;2025-12-24;18;1483
26;2025-12-24;19;1052
26;2025-12-24;20;668
26;2025-12-24;21;426
26;2025-12-24;22;224
26;2025-12-24;23;118
26;2025-12-25;0;34
26;2025-12-25;1;0
26;2025-12-25;2;0
26;2025-12-25;3;0
26;2025-12-25;4;0
26;2025-12-25;5;51
26;2025-12-25;6;433
26;2025-12-25;7;849
26;2025-12-25;8;1595
26;2025-12-25;9;1154
26;2025-12-25;10;946
26;2025-12-25;11;892
26;2025-12-25;12;908
26;2025-12-25;13;915
26;2025-12-25;14;954
26;2025-12-25;15;1016
26;2025-12-25;16;1137
26;2025-12-25;17;1313
26;2025-12-25;18;1499
26;2025-12-25;19;1042
26;2025-12-25;20;660
26;2025-12-25;21;416
26;2025-12-25;22;223
26;2025-12-25;23;118
26;2025-12-26;0;33
26;2025-12-26;1;0
26;2025-12-26;2;0
26;2025-12-26;3;0
26;2025-12-26;4;0
26;2025-12-26;5;50
26;2025-12-26;6;430
26;2025-12-26;7;818
26;2025-12-26;8;1521
26;2025-12-26;9;1109
26;2025-12-26;10;938
26;2025-12-26;11;851
26;2025-12-26;12;911
26;2025-12-26;13;949
26;2025-12-26;14;970
26;2025-12-26;15;1060
26;2025-12-26;16;1265
26;2025-12-26;17;1329
26;2025-12-26;18;1131
26;2025-12-26;19;897
26;2025-12-26;20;616
26;2025-12-26;21;399
26;2025-12-26;22;223
26;2025-12-26;23;139
26;2025-12-27;0;39
26;2025-12-27;1;0
26;2025-12-27;2;0
26;2025-12-27;3;0
26;2025-12-27;4;0
26;2025-12-27;5;31
26;2025-12-27;6;231
26;2025-12-27;7;309
26;2025-12-27;8;463
26;2025-12-27;9;552
26;2025-12-27;10;640
26;2025-12-27;11;777
26;2025-12-27;12;799
26;2025-12-27;13;807
26;2025-12-27;14;805
26;2025-12-27;15;748
26;2025-12-27;16;755
26;2025-12-27;17;730
26;2025-12-27;18;708
26;2025-12-27;19;670
26;2025-12-27;20;471
26;2025-12-27;21;319
26;2025-12-27;22;203
26;2025-12-27;23;127
26;2025-12-28;0;48
26;2025-12-28;1;0
26;2025-12-28;2;0
26;2025-12-28;3;0
26;2025-12-28;4;0
26;2025-12-28;5;21
26;2025-12-28;6;143
26;2025-12-28;7;232
26;2025-12-28;8;342
26;2025-12-28;9;459
26;2025-12-28;10;507
26;2025-12-28;11;670
26;2025-12-28;12;702
26;2025-12-28;13;723
26;2025-12-28;14;704
26;2025-12-28;15;668
26;2025-12-28;16;664
26;2025-12-28;17;671
26;2025-12-28;18;627
26;2025-12-28;19;512
26;2025-12-28;20;388
26;2025-12-28;21;279
26;2025-12-28;22;188
26;2025-12-28;23;101
26;2025-12-29;0;25
26;2025-12-29;1;0
26;2025-12-29;2;0
26;2025-12-29;3;0
26;2025-12-29;4;0
26;2025-12-29;5;45
26;2025-12-29;6;393
26;2025-12-29;7;769
26;2025-12-29;8;1452
26;2025-12-29;9;1035
26;2025-12-29;10;866
26;2025-12-29;11;752
26;2025-12-29;12;785
26;2025-12-29;13;834
26;2025-12-29;14;814
26;2025-12-29;15;887
26;2025-12-29;16;1008
26;2025-12-29;17;1177
26;2025-12-29;18;1354
26;2025-12-29;19;928
26;2025-12-29;20;583
26;2025-12-29;21;339
26;2025-12-29;22;178
26;2025-12-29;23;86
26;2025-12-30;0;24
26;2025-12-30;1;0
26;2025-12-30;2;0
26;2025-12-30;3;0
26;2025-12-30;4;0
26;2025-12-30;5;47
26;2025-12-30;6;399
26;2025-12-30;7;795
26;2025-12-30;8;1500
26;2025-12-30;9;1078
26;2025-12-30;10;874
26;2025-12-30;11;798
26;2025-12-30;12;813
26;2025-12-30;13;821
26;2025-12-30;14;843
26;2025-12-30;15;902
26;2025-12-30;16;1030
26;2025-12-30;17;1214
26;2025-12-30;18;1359
26;2025-12-30;19;964
26;2025-12-30;20;602
26;2025-12-30;21;354
26;2025-12-30;22;184
26;2025-12-30;23;93
26;2025-12-31;0;25
26;2025-12-31;1;0
26;2025-12-31;2;0
26;2025-12-31;3;0
26;2025-12-31;4;0
26;2025-12-31;5;46
26;2025-12-31;6;370
26;2025-12-31;7;743
26;2025-12-31;8;1407
26;2025-12-31;9;1028
26;2025-12-31;10;847
26;2025-12-31;11;762
26;2025-12-31;12;798
26;2025-12-31;13;822
26;2025-12-31;14;856
26;2025-12-31;15;884
26;2025-12-31;16;976
26;2025-12-31;17;1132
26;2025-12-31;18;1270
26;2025-12-31;19;901
26;2025-12-31;20;572
26;2025-12-31;21;365
26;2025-12-31;22;192
26;2025-12-31;23;101
28;2025-11-01;0;3
28;2025-11-01;1;0
28;2025-11-01;2;0
28;2025-11-01;3;0
28;2025-11-01;4;0
28;2025-11-01;5;26
28;2025-11-01;6;100
28;2025-11-01;7;210
28;2025-11-01;8;333
28;2025-11-01;9;420
28;2025-11-01;10;435
28;2025-11-01;11;441
28;2025-11-01;12;513
28;2025-11-01;13;540
28;2025-11-01;14;540
28;2025-11-01;15;533
28;2025-11-01;16;502
28;2025-11-01;17;511
28;2025-11-01;18;456
28;2025-11-01;19;395
28;2025-11-01;20;308
28;2025-11-01;21;277
28;2025-11-01;22;137
28;2025-11-01;23;25
28;2025-11-02;0;7
28;2025-11-02;1;0
28;2025-11-02;2;0
28;2025-11-02;3;0
28;2025-11-02;4;0
28;2025-11-02;5;22
28;2025-11-02;6;87
28;2025-11-02;7;149
28;2025-11-02;8;246
28;2025-11-02;9;323
28;2025-11-02;10;358
28;2025-11-02;11;392
28;2025-11-02;12;440
28;2025-11-02;13;500
28;2025-11-02;14;493
28;2025-11-02;15;498
28;2025-11-02;16;471
28;2025-11-02;17;462
28;2025-11-02;18;428
28;2025-11-02;19;372
28;2025-11-02;20;310
28;2025-11-02;21;252
28;2025-11-02;22;115
28;2025-11-02;23;15
28;2025-11-03;0;2
28;2025-11-03;1;0
28;2025-11-03;2;0
28;2025-11-03;3;0
28;2025-11-03;4;0
28;2025-11-03;5;57
28;2025-11-03;6;261
28;2025-11-03;7;718
28;2025-11-03;8;1098
28;2025-11-03;9;812
28;2025-11-03;10;577
28;2025-11-03;11;529
28;2025-11-03;12;633
28;2025-11-03;13;654
28;2025-11-03;14;594
28;2025-11-03;15;619
28;2025-11-03;16;796
28;2025-11-03;17;906
28;2025-11-03;18;921
28;2025-11-03;19;712
28;2025-11-03;20;486
28;2025-11-03;21;304
28;2025-11-03;22;129
28;2025-11-03;23;16
28;2025-11-04;0;3
28;2025-11-04;1;0
28;2025-11-04;2;0
28;2025-11-04;3;0
28;2025-11-04;4;0
28;2025-11-04;5;54
28;2025-11-04;6;260
28;2025-11-04;7;748
28;2025-11-04;8;1133
28;2025-11-04;9;833
28;2025-11-04;10;617
28;2025-11-04;11;555
28;2025-11-04;12;646
28;2025-11-04;13;687
28;2025-11-04;14;618
28;2025-11-04;15;626
28;2025-11-04;16;771
28;2025-11-04;17;905
28;2025-11-04;18;902
28;2025-11-04;19;713
28;2025-11-04;20;511
28;2025-11-04;21;321
28;2025-11-04;22;142
28;2025-11-04;23;18
28;2025-11-05;0;2
28;2025-11-05;1;0
28;2025-11-05;2;0
28;2025-11-05;3;0
28;2025-11-05;4;0
28;2025-11-05;5;61
28;2025-11-05;6;267
28;2025-11-05;7;732
28;2025-11-05;8;1125
28;2025-11-05;9;797
28;2025-11-05;10;586
28;2025-11-05;11;581
28;2025-11-05;12;662
28;2025-11-05;13;692
28;2025-11-05;14;618
28;2025-11-05;15;669
28;2025-11-05;16;810
28;2025-11-05;17;913
28;2025-11-05;18;929
28;2025-11-05;19;717
28;2025-11-05;20;507
28;2025-11-05;21;333
28;2025-11-05;22;152
28;2025-11-05;23;19
28;2025-11-06;0;4
28;2025-11-06;1;0
28;2025-11-06;2;0
28;2025-11-06;3;0
28;2025-11-06;4;0
28;2025-11-06;5;58
28;2025-11-06;6;268
28;2025-11-06;7;736
28;2025-11-06;8;1103
28;2025-11-06;9;813
28;2025-11-06;10;592
28;2025-11-06;11;552
28;2025-11-06;12;659
28;2025-11-06;13;682
28;2025-11-06;14;625
28;2025-11-06;15;648
28;2025-11-06;16;788
28;2025-11-06;17;926
28;2025-11-06;18;939
28;2025-11-06;19;709
28;2025-11-06;20;518
28;2025-11-06;21;337
28;2025-11-06;22;150
28;2025-11-06;23;19
28;2025-11-07;0;2
28;2025-11-07;1;0
28;2025-11-07;2;0
28;2025-11-07;3;0
28;2025-11-07;4;0
28;2025-11-07;5;54
28;2025-11-07;6;255
28;2025-11-07;7;709
28;2025-11-07;8;1059
28;2025-11-07;9;770
28;2025-11-07;10;584
28;2025-11-07;11;564
28;2025-11-07;12;669
28;2025-11-07;13;679
28;2025-11-07;14;647
28;2025-11-07;15;677
28;2025-11-07;16;866
28;2025-11-07;17;908
28;2025-11-07;18;786
28;2025-11-07;19;632
28;2025-11-07;20;482
28;2025-11-07;21;329
28;2025-11-07;22;156
28;2025-11-07;23;20
28;2025-11-08;0;3
28;2025-11-08;1;0
28;2025-11-08;2;0
28;2025-11-08;3;0
28;2025-11-08;4;0
28;2025-11-08;5;25
28;2025-11-08;6;96
28;2025-11-08;7;201
28;2025-11-08;8;319
28;2025-11-08;9;402
28;2025-11-08;10;417
28;2025-11-08;11;422
28;2025-11-08;12;492
28;2025-11-08;13;518
28;2025-11-08;14;518
28;2025-11-08;15;511
28;2025-11-08;16;481
28;2025-11-08;17;489
28;2025-11-08;18;437
28;2025-11-08;19;379
28;2025-11-08;20;296
28;2025-11-08;21;266
28;2025-11-08;22;131
28;2025-11-08;23;24
28;2025-11-09;0;6
28;2025-11-09;1;0
28;2025-11-09;2;0
28;2025-11-09;3;0
28;2025-11-09;4;0
28;2025-11-09;5;22
28;2025-11-09;6;86
28;2025-11-09;7;148
28;2025-11-09;8;245
28;2025-11-09;9;322
28;2025-11-09;10;356
28;2025-11-09;11;391
28;2025-11-09;12;438
28;2025-11-09;13;498
28;2025-11-09;14;491
28;2025-11-09;15;496
28;2025-11-09;16;469
28;2025-11-09;17;460
28;2025-11-09;18;426
28;2025-11-09;19;370
28;2025-11-09;20;308
28;2025-11-09;21;251
28;2025-11-09;22;114
28;2025-11-09;23;15
28;2025-11-10;0;2
28;2025-11-10;1;0
28;2025-11-10;2;0
28;2025-11-10;3;0
28;2025-11-10;4;0
28;2025-11-10;5;58
28;2025-11-10;6;267
28;2025-11-10;7;733
28;2025-11-10;8;1121
28;2025-11-10;9;829
28;2025-11-10;10;589
28;2025-11-10;11;540
28;2025-11-10;12;646
28;2025-11-10;13;668
28;2025-11-10;14;606
28;2025-11-10;15;632
28;2025-11-10;16;812
28;2025-11-10;17;925
28;2025-11-10;18;941
28;2025-11-10;19;727
28;2025-11-10;20;496
28;2025-11-10;21;310
28;2025-11-10;22;132
28;2025-11-10;23;16
28;2025-11-11;0;3
28;2025-11-11;1;0
28;2025-11-11;2;0
28;2025-11-11;3;0
28;2025-11-11;4;0
28;2025-11-11;5;55
28;2025-11-11;6;266
28;2025-11-11;7;764
28;2025-11-11;8;1158
28;2025-11-11;9;851
28;2025-11-11;10;630
28;2025-11-11;11;567
28;2025-11-11;12;661
28;2025-11-11;13;702
28;2025-11-11;14;632
28;2025-11-11;15;640
28;2025-11-11;16;788
28;2025-11-11;17;925
28;2025-11-11;18;922
28;2025-11-11;19;729
28;2025-11-11;20;523
28;2025-11-11;21;328
28;2025-11-11;22;145
28;2025-11-11;23;18
28;2025-11-12;0;2
28;2025-11-12;1;0
28;2025-11-12;2;0
28;2025-11-12;3;0
28;2025-11-12;4;0
28;2025-11-12;5;63
28;2025-11-12;6;273
28;2025-11-12;7;748
28;2025-11-12;8;1151
28;2025-11-12;9;815
28;2025-11-12;10;600
28;2025-11-12;11;595
28;2025-11-12;12;677
28;2025-11-12;13;708
28;2025-11-12;14;632
28;2025-11-12;15;685
28;2025-11-12;16;829
28;2025-11-12;17;934
28;2025-11-12;18;950
28;2025-11-12;19;734
28;2025-11-12;20;519
28;2025-11-12;21;340
28;2025-11-12;22;156
28;2025-11-12;23;19
28;2025-11-13;0;4
28;2025-11-13;1;0
28;2025-11-13;2;0
28;2025-11-13;3;0
28;2025-11-13;4;0
28;2025-11-13;5;60
28;2025-11-13;6;275
28;2025-11-13;7;755
28;2025-11-13;8;1132
28;2025-11-13;9;835
28;2025-11-13;10;608
28;2025-11-13;11;566
28;2025-11-13;12;677
28;2025-11-13;13;701
28;2025-11-13;14;642
28;2025-11-13;15;666
28;2025-11-13;16;809
28;2025-11-13;17;950
28;2025-11-13;18;964
28;2025-11-13;19;728
28;2025-11-13;20;532
28;2025-11-13;21;346
28;2025-11-13;22;154
28;2025-11-13;23;20
28;2025-11-14;0;2
28;2025-11-14;1;0
28;2025-11-14;2;0
28;2025-11-14;3;0
28;2025-11-14;4;0
28;2025-11-14;5;56
28;2025-11-14;6;263
28;2025-11-14;7;730
28;2025-11-14;8;1091
28;2025-11-14;9;794
28;2025-11-14;10;602
28;2025-11-14;11;582
28;2025-11-14;12;689
28;2025-11-14;13;700
28;2025-11-14;14;666
28;2025-11-14;15;697
28;2025-11-14;16;893
28;2025-11-14;17;936
28;2025-11-14;18;810
28;2025-11-14;19;652
28;2025-11-14;20;497
28;2025-11-14;21;339
28;2025-11-14;22;160
28;2025-11-14;23;21
28;2025-11-15;0;3
28;2025-11-15;1;0
28;2025-11-15;2;0
28;2025-11-15;3;0
28;2025-11-15;4;0
28;2025-11-15;5;26
28;2025-11-15;6;100
28;2025-11-15;7;210
28;2025-11-15;8;334
28;2025-11-15;9;420
28;2025-11-15;10;436
28;2025-11-15;11;441
28;2025-11-15;12;514
28;2025-11-15;13;541
28;2025-11-15;14;541
28;2025-11-15;15;534
28;2025-11-15;16;503
28;2025-11-15;17;511
28;2025-11-15;18;456
28;2025-11-15;19;396
28;2025-11-15;20;309
28;2025-11-15;21;277
28;2025-11-15;22;137
28;2025-11-15;23;25
28;2025-11-16;0;7
28;2025-11-16;1;0
28;2025-11-16;2;0
28;2025-11-16;3;0
28;2025-11-16;4;0
28;2025-11-16;5;22
28;2025-11-16;6;88
28;2025-11-16;7;151
28;2025-11-16;8;249
28;2025-11-16;9;328
28;2025-11-16;10;363
28;2025-11-16;11;397
28;2025-11-16;12;446
28;2025-11-16;13;507
28;2025-11-16;14;499
28;2025-11-16;15;505
28;2025-11-16;16;477
28;2025-11-16;17;468
28;2025-11-16;18;433
28;2025-11-16;19;377
28;2025-11-16;20;314
28;2025-11-16;21;255
28;2025-11-16;22;116
28;2025-11-16;23;16
28;2025-11-17;0;2
28;2025-11-17;1;0
28;2025-11-17;2;0
28;2025-11-17;3;0
28;2025-11-17;4;0
28;2025-11-17;5;60
28;2025-11-17;6;274
28;2025-11-17;7;753
28;2025-11-17;8;1152
28;2025-11-17;9;851
28;2025-11-17;10;605
28;2025-11-17;11;555
28;2025-11-17;12;664
28;2025-11-17;13;686
28;2025-11-17;14;623
28;2025-11-17;15;650
28;2025-11-17;16;835
28;2025-11-17;17;950
28;2025-11-17;18;967
28;2025-11-17;19;747
28;2025-11-17;20;510
28;2025-11-17;21;319
28;2025-11-17;22;135
28;2025-11-17;23;17
28;2025-11-18;0;3
28;2025-11-18;1;0
28;2025-11-18;2;0
28;2025-11-18;3;0
28;2025-11-18;4;0
28;2025-11-18;5;57
28;2025-11-18;6;273
28;2025-11-18;7;785
28;2025-11-18;8;1190
28;2025-11-18;9;874
28;2025-11-18;10;647
28;2025-11-18;11;583
28;2025-11-18;12;679
28;2025-11-18;13;721
28;2025-11-18;14;649
28;2025-11-18;15;657
28;2025-11-18;16;810
28;2025-11-18;17;950
28;2025-11-18;18;947
28;2025-11-18;19;749
28;2025-11-18;20;537
28;2025-11-18;21;337
28;2025-11-18;22;149
28;2025-11-18;23;19
28;2025-11-19;0;2
28;2025-11-19;1;0
28;2025-11-19;2;0
28;2025-11-19;3;0
28;2025-11-19;4;0
28;2025-11-19;5;64
28;2025-11-19;6;278
28;2025-11-19;7;761
28;2025-11-19;8;1170
28;2025-11-19;9;828
28;2025-11-19;10;610
28;2025-11-19;11;605
28;2025-11-19;12;688
28;2025-11-19;13;720
28;2025-11-19;14;642
28;2025-11-19;15;696
28;2025-11-19;16;842
28;2025-11-19;17;950
28;2025-11-19;18;966
28;2025-11-19;19;746
28;2025-11-19;20;527
28;2025-11-19;21;346
28;2025-11-19;22;158
28;2025-11-19;23;19
28;2025-11-20;0;4
28;2025-11-20;1;0
28;2025-11-20;2;0
28;2025-11-20;3;0
28;2025-11-20;4;0
28;2025-11-20;5;60
28;2025-11-20;6;276
28;2025-11-20;7;760
28;2025-11-20;8;1139
28;2025-11-20;9;840
28;2025-11-20;10;612
28;2025-11-20;11;570
28;2025-11-20;12;681
28;2025-11-20;13;705
28;2025-11-20;14;646
28;2025-11-20;15;670
28;2025-11-20;16;814
28;2025-11-20;17;956
28;2025-11-20;18;970
28;2025-11-20;19;733
28;2025-11-20;20;535
28;2025-11-20;21;348
28;2025-11-20;22;155
28;2025-11-20;23;20
28;2025-11-21;0;2
28;2025-11-21;1;0
28;2025-11-21;2;0
28;2025-11-21;3;0
28;2025-11-21;4;0
28;2025-11-21;5;56
28;2025-11-21;6;264
28;2025-11-21;7;731
28;2025-11-21;8;1093
28;2025-11-21;9;795
28;2025-11-21;10;603
28;2025-11-21;11;583
28;2025-11-21;12;690
28;2025-11-21;13;701
28;2025-11-21;14;668
28;2025-11-21;15;698
28;2025-11-21;16;894
28;2025-11-21;17;937
28;2025-11-21;18;811
28;2025-11-21;19;653
28;2025-11-21;20;498
28;2025-11-21;21;339
28;2025-11-21;22;161
28;2025-11-21;23;21
28;2025-11-22;0;3
28;2025-11-22;1;0
28;2025-11-22;2;0
28;2025-11-22;3;0
28;2025-11-22;4;0
28;2025-11-22;5;28
28;2025-11-22;6;105
28;2025-11-22;7;222
28;2025-11-22;8;352
28;2025-11-22;9;444
28;2025-11-22;10;460
28;2025-11-22;11;466
28;2025-11-22;12;542
28;2025-11-22;13;571
28;2025-11-22;14;571
28;2025-11-22;15;563
28;2025-11-22;16;531
28;2025-11-22;17;540
28;2025-11-22;18;481
28;2025-11-22;19;418
28;2025-11-22;20;326
28;2025-11-22;21;293
28;2025-11-22;22;145
28;2025-11-22;23;26
28;2025-11-23;0;7
28;2025-11-23;1;0
28;2025-11-23;2;0
28;2025-11-23;3;0
28;2025-11-23;4;0
28;2025-11-23;5;22
28;2025-11-23;6;88
28;2025-11-23;7;152
28;2025-11-23;8;251
28;2025-11-23;9;330
28;2025-11-23;10;365
28;2025-11-23;11;400
28;2025-11-23;12;449
28;2025-11-23;13;510
28;2025-11-23;14;502
28;2025-11-23;15;508
28;2025-11-23;16;480
28;2025-11-23;17;471
28;2025-11-23;18;436
28;2025-11-23;19;379
28;2025-11-23;20;316
28;2025-11-23;21;257
28;2025-11-23;22;117
28;2025-11-23;23;16
28;2025-11-24;0;2
28;2025-11-24;1;0
28;2025-11-24;2;0
28;2025-11-24;3;0
28;2025-11-24;4;0
28;2025-11-24;5;59
28;2025-11-24;6;270
28;2025-11-24;7;742
28;2025-11-24;8;1134
28;2025-11-24;9;838
28;2025-11-24;10;596
28;2025-11-24;11;546
28;2025-11-24;12;653
28;2025-11-24;13;675
28;2025-11-24;14;613
28;2025-11-24;15;639
28;2025-11-24;16;821
28;2025-11-24;17;935
28;2025-11-24;18;951
28;2025-11-24;19;735
28;2025-11-24;20;502
28;2025-11-24;21;314
28;2025-11-24;22;133
28;2025-11-24;23;16
28;2025-11-25;0;3
28;2025-11-25;1;0
28;2025-11-25;2;0
28;2025-11-25;3;0
28;2025-11-25;4;0
28;2025-11-25;5;56
28;2025-11-25;6;271
28;2025-11-25;7;778
28;2025-11-25;8;1179
28;2025-11-25;9;866
28;2025-11-25;10;642
28;2025-11-25;11;577
28;2025-11-25;12;673
28;2025-11-25;13;715
28;2025-11-25;14;643
28;2025-11-25;15;651
28;2025-11-25;16;802
28;2025-11-25;17;941
28;2025-11-25;18;939
28;2025-11-25;19;742
28;2025-11-25;20;532
28;2025-11-25;21;334
28;2025-11-25;22;148
28;2025-11-25;23;18
28;2025-11-26;0;2
28;2025-11-26;1;0
28;2025-11-26;2;0
28;2025-11-26;3;0
28;2025-11-26;4;0
28;2025-11-26;5;64
28;2025-11-26;6;277
28;2025-11-26;7;758
28;2025-11-26;8;1165
28;2025-11-26;9;825
28;2025-11-26;10;607
28;2025-11-26;11;602
28;2025-11-26;12;686
28;2025-11-26;13;717
28;2025-11-26;14;640
28;2025-11-26;15;693
28;2025-11-26;16;839
28;2025-11-26;17;946
28;2025-11-26;18;962
28;2025-11-26;19;743
28;2025-11-26;20;525
28;2025-11-26;21;344
28;2025-11-26;22;158
28;2025-11-26;23;19
28;2025-11-27;0;4
28;2025-11-27;1;0
28;2025-11-27;2;0
28;2025-11-27;3;0
28;2025-11-27;4;0
28;2025-11-27;5;60
28;2025-11-27;6;276
28;2025-11-27;7;759
28;2025-11-27;8;1136
28;2025-11-27;9;838
28;2025-11-27;10;610
28;2025-11-27;11;568
28;2025-11-27;12;679
28;2025-11-27;13;703
28;2025-11-27;14;645
28;2025-11-27;15;668
28;2025-11-27;16;812
28;2025-11-27;17;954
28;2025-11-27;18;968
28;2025-11-27;19;731
28;2025-11-27;20;534
28;2025-11-27;21;347
28;2025-11-27;22;155
28;2025-11-27;23;20
28;2025-11-28;0;2
28;2025-11-28;1;0
28;2025-11-28;2;0
28;2025-11-28;3;0
28;2025-11-28;4;0
28;2025-11-28;5;56
28;2025-11-28;6;263
28;2025-11-28;7;729
28;2025-11-28;8;1089
28;2025-11-28;9;792
28;2025-11-28;10;601
28;2025-11-28;11;581
28;2025-11-28;12;688
28;2025-11-28;13;698
28;2025-11-28;14;665
28;2025-11-28;15;696
28;2025-11-28;16;891
28;2025-11-28;17;934
28;2025-11-28;18;808
28;2025-11-28;19;650
28;2025-11-28;20;496
28;2025-11-28;21;338
28;2025-11-28;22;160
28;2025-11-28;23;21
28;2025-11-29;0;3
28;2025-11-29;1;0
28;2025-11-29;2;0
28;2025-11-29;3;0
28;2025-11-29;4;0
28;2025-11-29;5;28
28;2025-11-29;6;107
28;2025-11-29;7;224
28;2025-11-29;8;356
28;2025-11-29;9;448
28;2025-11-29;10;465
28;2025-11-29;11;471
28;2025-11-29;12;548
28;2025-11-29;13;577
28;2025-11-29;14;577
28;2025-11-29;15;569
28;2025-11-29;16;536
28;2025-11-29;17;545
28;2025-11-29;18;486
28;2025-11-29;19;422
28;2025-11-29;20;329
28;2025-11-29;21;296
28;2025-11-29;22;146
28;2025-11-29;23;26
28;2025-11-30;0;7
28;2025-11-30;1;0
28;2025-11-30;2;0
28;2025-11-30;3;0
28;2025-11-30;4;0
28;2025-11-30;5;22
28;2025-11-30;6;87
28;2025-11-30;7;150
28;2025-11-30;8;248
28;2025-11-30;9;326
28;2025-11-30;10;361
28;2025-11-30;11;395
28;2025-11-30;12;443
28;2025-11-30;13;504
28;2025-11-30;14;496
28;2025-11-30;15;502
28;2025-11-30;16;474
28;2025-11-30;17;466
28;2025-11-30;18;431
28;2025-11-30;19;375
28;2025-11-30;20;312
28;2025-11-30;21;254
28;2025-11-30;22;116
28;2025-11-30;23;15
28;2025-12-01;0;2
28;2025-12-01;1;0
28;2025-12-01;2;0
28;2025-12-01;3;0
28;2025-12-01;4;0
28;2025-12-01;5;58
28;2025-12-01;6;268
28;2025-12-01;7;736
28;2025-12-01;8;1126
28;2025-12-01;9;832
28;2025-12-01;10;591
28;2025-12-01;11;542
28;2025-12-01;12;648
28;2025-12-01;13;670
28;2025-12-01;14;609
28;2025-12-01;15;634
28;2025-12-01;16;815
28;2025-12-01;17;928
28;2025-12-01;18;944
28;2025-12-01;19;729
28;2025-12-01;20;498
28;2025-12-01;21;311
28;2025-12-01;22;132
28;2025-12-01;23;16
28;2025-12-02;0;3
28;2025-12-02;1;0
28;2025-12-02;2;0
28;2025-12-02;3;0
28;2025-12-02;4;0
28;2025-12-02;5;54
28;2025-12-02;6;261
28;2025-12-02;7;751
28;2025-12-02;8;1139
28;2025-12-02;9;837
28;2025-12-02;10;620
28;2025-12-02;11;558
28;2025-12-02;12;650
28;2025-12-02;13;691
28;2025-12-02;14;621
28;2025-12-02;15;629
28;2025-12-02;16;775
28;2025-12-02;17;910
28;2025-12-02;18;907
28;2025-12-02;19;717
28;2025-12-02;20;514
28;2025-12-02;21;322
28;2025-12-02;22;143
28;2025-12-02;23;18
28;2025-12-03;0;2
28;2025-12-03;1;0
28;2025-12-03;2;0
28;2025-12-03;3;0
28;2025-12-03;4;0
28;2025-12-03;5;59
28;2025-12-03;6;259
28;2025-12-03;7;708
28;2025-12-03;8;1089
28;2025-12-03;9;771
28;2025-12-03;10;567
28;2025-12-03;11;563
28;2025-12-03;12;641
28;2025-12-03;13;670
28;2025-12-03;14;598
28;2025-12-03;15;648
28;2025-12-03;16;784
28;2025-12-03;17;884
28;2025-12-03;18;899
28;2025-12-03;19;694
28;2025-12-03;20;491
28;2025-12-03;21;322
28;2025-12-03;22;147
28;2025-12-03;23;18
28;2025-12-04;0;4
28;2025-12-04;1;0
28;2025-12-04;2;0
28;2025-12-04;3;0
28;2025-12-04;4;0
28;2025-12-04;5;57
28;2025-12-04;6;259
28;2025-12-04;7;714
28;2025-12-04;8;1069
28;2025-12-04;9;789
28;2025-12-04;10;574
28;2025-12-04;11;535
28;2025-12-04;12;639
28;2025-12-04;13;662
28;2025-12-04;14;606
28;2025-12-04;15;629
28;2025-12-04;16;764
28;2025-12-04;17;897
28;2025-12-04;18;911
28;2025-12-04;19;688
28;2025-12-04;20;503
28;2025-12-04;21;327
28;2025-12-04;22;146
28;2025-12-04;23;19
28;2025-12-05;0;2
28;2025-12-05;1;0
28;2025-12-05;2;0
28;2025-12-05;3;0
28;2025-12-05;4;0
28;2025-12-05;5;53
28;2025-12-05;6;249
28;2025-12-05;7;692
28;2025-12-05;8;1034
28;2025-12-05;9;752
28;2025-12-05;10;570
28;2025-12-05;11;551
28;2025-12-05;12;653
28;2025-12-05;13;663
28;2025-12-05;14;631
28;2025-12-05;15;661
28;2025-12-05;16;846
28;2025-12-05;17;886
28;2025-12-05;18;767
28;2025-12-05;19;617
28;2025-12-05;20;471
28;2025-12-05;21;321
28;2025-12-05;22;152
28;2025-12-05;23;20
28;2025-12-06;0;3
28;2025-12-06;1;0
28;2025-12-06;2;0
28;2025-12-06;3;0
28;2025-12-06;4;0
28;2025-12-06;5;27
28;2025-12-06;6;102
28;2025-12-06;7;214
28;2025-12-06;8;340
28;2025-12-06;9;428
28;2025-12-06;10;444
28;2025-12-06;11;449
28;2025-12-06;12;523
28;2025-12-06;13;551
28;2025-12-06;14;551
28;2025-12-06;15;543
28;2025-12-06;16;512
28;2025-12-06;17;521
28;2025-12-06;18;464
28;2025-12-06;19;403
28;2025-12-06;20;315
28;2025-12-06;21;282
28;2025-12-06;22;140
28;2025-12-06;23;25
28;2025-12-07;0;6
28;2025-12-07;1;0
28;2025-12-07;2;0
28;2025-12-07;3;0
28;2025-12-07;4;0
28;2025-12-07;5;21
28;2025-12-07;6;82
28;2025-12-07;7;142
28;2025-12-07;8;234
28;2025-12-07;9;308
28;2025-12-07;10;341
28;2025-12-07;11;374
28;2025-12-07;12;419
28;2025-12-07;13;476
28;2025-12-07;14;469
28;2025-12-07;15;475
28;2025-12-07;16;449
28;2025-12-07;17;440
28;2025-12-07;18;407
28;2025-12-07;19;354
28;2025-12-07;20;295
28;2025-12-07;21;240
28;2025-12-07;22;109
28;2025-12-07;23;15
28;2025-12-08;0;1
28;2025-12-08;1;0
28;2025-12-08;2;0
28;2025-12-08;3;0
28;2025-12-08;4;0
28;2025-12-08;5;53
28;2025-12-08;6;243
28;2025-12-08;7;668
28;2025-12-08;8;1022
28;2025-12-08;9;755
28;2025-12-08;10;537
28;2025-12-08;11;493
28;2025-12-08;12;589
28;2025-12-08;13;609
28;2025-12-08;14;553
28;2025-12-08;15;576
28;2025-12-08;16;740
28;2025-12-08;17;843
28;2025-12-08;18;858
28;2025-12-08;19;662
28;2025-12-08;20;452
28;2025-12-08;21;283
28;2025-12-08;22;120
28;2025-12-08;23;15
28;2025-12-09;0;2
28;2025-12-09;1;0
28;2025-12-09;2;0
28;2025-12-09;3;0
28;2025-12-09;4;0
28;2025-12-09;5;51
28;2025-12-09;6;247
28;2025-12-09;7;709
28;2025-12-09;8;1074
28;2025-12-09;9;789
28;2025-12-09;10;585
28;2025-12-09;11;526
28;2025-12-09;12;613
28;2025-12-09;13;651
28;2025-12-09;14;586
28;2025-12-09;15;593
28;2025-12-09;16;731
28;2025-12-09;17;858
28;2025-12-09;18;855
28;2025-12-09;19;676
28;2025-12-09;20;485
28;2025-12-09;21;304
28;2025-12-09;22;134
28;2025-12-09;23;17
28;2025-12-10;0;2
28;2025-12-10;1;0
28;2025-12-10;2;0
28;2025-12-10;3;0
28;2025-12-10;4;0
28;2025-12-10;5;58
28;2025-12-10;6;251
28;2025-12-10;7;687
28;2025-12-10;8;1056
28;2025-12-10;9;748
28;2025-12-10;10;550
28;2025-12-10;11;546
28;2025-12-10;12;621
28;2025-12-10;13;650
28;2025-12-10;14;580
28;2025-12-10;15;628
28;2025-12-10;16;761
28;2025-12-10;17;858
28;2025-12-10;18;872
28;2025-12-10;19;674
28;2025-12-10;20;476
28;2025-12-10;21;312
28;2025-12-10;22;143
28;2025-12-10;23;18
28;2025-12-11;0;4
28;2025-12-11;1;0
28;2025-12-11;2;0
28;2025-12-11;3;0
28;2025-12-11;4;0
28;2025-12-11;5;55
28;2025-12-11;6;252
28;2025-12-11;7;693
28;2025-12-11;8;1038
28;2025-12-11;9;766
28;2025-12-11;10;558
28;2025-12-11;11;519
28;2025-12-11;12;621
28;2025-12-11;13;643
28;2025-12-11;14;589
28;2025-12-11;15;611
28;2025-12-11;16;742
28;2025-12-11;17;872
28;2025-12-11;18;885
28;2025-12-11;19;668
28;2025-12-11;20;488
28;2025-12-11;21;318
28;2025-12-11;22;142
28;2025-12-11;23;18
28;2025-12-12;0;2
28;2025-12-12;1;0
28;2025-12-12;2;0
28;2025-12-12;3;0
28;2025-12-12;4;0
28;2025-12-12;5;51
28;2025-12-12;6;239
28;2025-12-12;7;662
28;2025-12-12;8;989
28;2025-12-12;9;719
28;2025-12-12;10;545
28;2025-12-12;11;527
28;2025-12-12;12;624
28;2025-12-12;13;634
28;2025-12-12;14;604
28;2025-12-12;15;632
28;2025-12-12;16;809
28;2025-12-12;17;848
28;2025-12-12;18;734
28;2025-12-12;19;590
28;2025-12-12;20;450
28;2025-12-12;21;307
28;2025-12-12;22;145
28;2025-12-12;23;19
28;2025-12-13;0;3
28;2025-12-13;1;0
28;2025-12-13;2;0
28;2025-12-13;3;0
28;2025-12-13;4;0
28;2025-12-13;5;26
28;2025-12-13;6;99
28;2025-12-13;7;208
28;2025-12-13;8;329
28;2025-12-13;9;415
28;2025-12-13;10;431
28;2025-12-13;11;436
28;2025-12-13;12;507
28;2025-12-13;13;534
28;2025-12-13;14;534
28;2025-12-13;15;527
28;2025-12-13;16;496
28;2025-12-13;17;505
28;2025-12-13;18;450
28;2025-12-13;19;391
28;2025-12-13;20;305
28;2025-12-13;21;274
28;2025-12-13;22;136
28;2025-12-13;23;24
28;2025-12-14;0;6
28;2025-12-14;1;0
28;2025-12-14;2;0
28;2025-12-14;3;0
28;2025-12-14;4;0
28;2025-12-14;5;21
28;2025-12-14;6;82
28;2025-12-14;7;141
28;2025-12-14;8;232
28;2025-12-14;9;306
28;2025-12-14;10;338
28;2025-12-14;11;371
28;2025-12-14;12;416
28;2025-12-14;13;472
28;2025-12-14;14;465
28;2025-12-14;15;471
28;2025-12-14;16;445
28;2025-12-14;17;437
28;2025-12-14;18;404
28;2025-12-14;19;351
28;2025-12-14;20;293
28;2025-12-14;21;238
28;2025-12-14;22;109
28;2025-12-14;23;14
28;2025-12-15;0;1
28;2025-12-15;1;0
28;2025-12-15;2;0
28;2025-12-15;3;0
28;2025-12-15;4;0
28;2025-12-15;5;51
28;2025-12-15;6;234
28;2025-12-15;7;642
28;2025-12-15;8;982
28;2025-12-15;9;725
28;2025-12-15;10;516
28;2025-12-15;11;473
28;2025-12-15;12;566
28;2025-12-15;13;585
28;2025-12-15;14;531
28;2025-12-15;15;553
28;2025-12-15;16;711
28;2025-12-15;17;810
28;2025-12-15;18;824
28;2025-12-15;19;636
28;2025-12-15;20;434
28;2025-12-15;21;272
28;2025-12-15;22;115
28;2025-12-15;23;14
28;2025-12-16;0;2
28;2025-12-16;1;0
28;2025-12-16;2;0
28;2025-12-16;3;0
28;2025-12-16;4;0
28;2025-12-16;5;49
28;2025-12-16;6;234
28;2025-12-16;7;673
28;2025-12-16;8;1020
28;2025-12-16;9;749
28;2025-12-16;10;555
28;2025-12-16;11;499
28;2025-12-16;12;582
28;2025-12-16;13;618
28;2025-12-16;14;556
28;2025-12-16;15;563
28;2025-12-16;16;694
28;2025-12-16;17;814
28;2025-12-16;18;812
28;2025-12-16;19;642
28;2025-12-16;20;460
28;2025-12-16;21;289
28;2025-12-16;22;128
28;2025-12-16;23;16
28;2025-12-17;0;2
28;2025-12-17;1;0
28;2025-12-17;2;0
28;2025-12-17;3;0
28;2025-12-17;4;0
28;2025-12-17;5;54
28;2025-12-17;6;237
28;2025-12-17;7;648
28;2025-12-17;8;997
28;2025-12-17;9;706
28;2025-12-17;10;520
28;2025-12-17;11;515
28;2025-12-17;12;587
28;2025-12-17;13;613
28;2025-12-17;14;548
28;2025-12-17;15;593
28;2025-12-17;16;718
28;2025-12-17;17;809
28;2025-12-17;18;823
28;2025-12-17;19;636
28;2025-12-17;20;450
28;2025-12-17;21;295
28;2025-12-17;22;135
28;2025-12-17;23;17
28;2025-12-18;0;3
28;2025-12-18;1;0
28;2025-12-18;2;0
28;2025-12-18;3;0
28;2025-12-18;4;0
28;2025-12-18;5;51
28;2025-12-18;6;233
28;2025-12-18;7;641
28;2025-12-18;8;960
28;2025-12-18;9;708
28;2025-12-18;10;516
28;2025-12-18;11;480
28;2025-12-18;12;574
28;2025-12-18;13;594
28;2025-12-18;14;545
28;2025-12-18;15;565
28;2025-12-18;16;686
28;2025-12-18;17;806
28;2025-12-18;18;818
28;2025-12-18;19;618
28;2025-12-18;20;451
28;2025-12-18;21;294
28;2025-12-18;22;131
28;2025-12-18;23;17
28;2025-12-19;0;2
28;2025-12-19;1;0
28;2025-12-19;2;0
28;2025-12-19;3;0
28;2025-12-19;4;0
28;2025-12-19;5;49
28;2025-12-19;6;229
28;2025-12-19;7;635
28;2025-12-19;8;949
28;2025-12-19;9;690
28;2025-12-19;10;523
28;2025-12-19;11;506
28;2025-12-19;12;599
28;2025-12-19;13;609
28;2025-12-19;14;580
28;2025-12-19;15;606
28;2025-12-19;16;776
28;2025-12-19;17;814
28;2025-12-19;18;704
28;2025-12-19;19;567
28;2025-12-19;20;432
28;2025-12-19;21;295
28;2025-12-19;22;139
28;2025-12-19;23;18
28;2025-12-20;0;2
28;2025-12-20;1;0
28;2025-12-20;2;0
28;2025-12-20;3;0
28;2025-12-20;4;0
28;2025-12-20;5;24
28;2025-12-20;6;89
28;2025-12-20;7;188
28;2025-12-20;8;298
28;2025-12-20;9;375
28;2025-12-20;10;389
28;2025-12-20;11;394
28;2025-12-20;12;459
28;2025-12-20;13;483
28;2025-12-20;14;483
28;2025-12-20;15;476
28;2025-12-20;16;449
28;2025-12-20;17;456
28;2025-12-20;18;407
28;2025-12-20;19;353
28;2025-12-20;20;276
28;2025-12-20;21;248
28;2025-12-20;22;123
28;2025-12-20;23;22
28;2025-12-21;0;6
28;2025-12-21;1;0
28;2025-12-21;2;0
28;2025-12-21;3;0
28;2025-12-21;4;0
28;2025-12-21;5;20
28;2025-12-21;6;79
28;2025-12-21;7;135
28;2025-12-21;8;223
28;2025-12-21;9;294
28;2025-12-21;10;325
28;2025-12-21;11;356
28;2025-12-21;12;399
28;2025-12-21;13;454
28;2025-12-21;14;447
28;2025-12-21;15;452
28;2025-12-21;16;428
28;2025-12-21;17;420
28;2025-12-21;18;388
28;2025-12-21;19;338
28;2025-12-21;20;281
28;2025-12-21;21;229
28;2025-12-21;22;104
28;2025-12-21;23;14
28;2025-12-22;0;1
28;2025-12-22;1;0
28;2025-12-22;2;0
28;2025-12-22;3;0
28;2025-12-22;4;0
28;2025-12-22;5;48
28;2025-12-22;6;222
28;2025-12-22;7;610
28;2025-12-22;8;933
28;2025-12-22;9;690
28;2025-12-22;10;490
28;2025-12-22;11;450
28;2025-12-22;12;538
28;2025-12-22;13;556
28;2025-12-22;14;505
28;2025-12-22;15;526
28;2025-12-22;16;676
28;2025-12-22;17;769
28;2025-12-22;18;783
28;2025-12-22;19;605
28;2025-12-22;20;413
28;2025-12-22;21;258
28;2025-12-22;22;109
28;2025-12-22;23;14
28;2025-12-23;0;2
28;2025-12-23;1;0
28;2025-12-23;2;0
28;2025-12-23;3;0
28;2025-12-23;4;0
28;2025-12-23;5;47
28;2025-12-23;6;224
28;2025-12-23;7;644
28;2025-12-23;8;976
28;2025-12-23;9;717
28;2025-12-23;10;531
28;2025-12-23;11;478
28;2025-12-23;12;557
28;2025-12-23;13;592
28;2025-12-23;14;532
28;2025-12-23;15;539
28;2025-12-23;16;665
28;2025-12-23;17;780
28;2025-12-23;18;777
28;2025-12-23;19;615
28;2025-12-23;20;440
28;2025-12-23;21;276
28;2025-12-23;22;122
28;2025-12-23;23;15
28;2025-12-24;0;2
28;2025-12-24;1;0
28;2025-12-24;2;0
28;2025-12-24;3;0
28;2025-12-24;4;0
28;2025-12-24;5;50
28;2025-12-24;6;219
28;2025-12-24;7;600
28;2025-12-24;8;923
28;2025-12-24;9;654
28;2025-12-24;10;481
28;2025-12-24;11;477
28;2025-12-24;12;543
28;2025-12-24;13;568
28;2025-12-24;14;507
28;2025-12-24;15;549
28;2025-12-24;16;665
28;2025-12-24;17;749
28;2025-12-24;18;762
28;2025-12-24;19;589
28;2025-12-24;20;416
28;2025-12-24;21;273
28;2025-12-24;22;125
28;2025-12-24;23;15
28;2025-12-25;0;3
28;2025-12-25;1;0
28;2025-12-25;2;0
28;2025-12-25;3;0
28;2025-12-25;4;0
28;2025-12-25;5;48
28;2025-12-25;6;219
28;2025-12-25;7;602
28;2025-12-25;8;902
28;2025-12-25;9;665
28;2025-12-25;10;484
28;2025-12-25;11;451
28;2025-12-25;12;539
28;2025-12-25;13;558
28;2025-12-25;14;511
28;2025-12-25;15;530
28;2025-12-25;16;645
28;2025-12-25;17;757
28;2025-12-25;18;768
28;2025-12-25;19;580
28;2025-12-25;20;424
28;2025-12-25;21;276
28;2025-12-25;22;123
28;2025-12-25;23;16
28;2025-12-26;0;1
28;2025-12-26;1;0
28;2025-12-26;2;0
28;2025-12-26;3;0
28;2025-12-26;4;0
28;2025-12-26;5;44
28;2025-12-26;6;209
28;2025-12-26;7;579
28;2025-12-26;8;866
28;2025-12-26;9;630
28;2025-12-26;10;477
28;2025-12-26;11;461
28;2025-12-26;12;547
28;2025-12-26;13;555
28;2025-12-26;14;529
28;2025-12-26;15;553
28;2025-12-26;16;708
28;2025-12-26;17;742
28;2025-12-26;18;642
28;2025-12-26;19;517
28;2025-12-26;20;394
28;2025-12-26;21;269
28;2025-12-26;22;127
28;2025-12-26;23;17
28;2025-12-27;0;2
28;2025-12-27;1;0
28;2025-12-27;2;0
28;2025-12-27;3;0
28;2025-12-27;4;0
28;2025-12-27;5;23
28;2025-12-27;6;85
28;2025-12-27;7;179
28;2025-12-27;8;284
28;2025-12-27;9;358
28;2025-12-27;10;372
28;2025-12-27;11;376
28;2025-12-27;12;438
28;2025-12-27;13;461
28;2025-12-27;14;461
28;2025-12-27;15;455
28;2025-12-27;16;428
28;2025-12-27;17;436
28;2025-12-27;18;389
28;2025-12-27;19;337
28;2025-12-27;20;263
28;2025-12-27;21;236
28;2025-12-27;22;117
28;2025-12-27;23;21
28;2025-12-28;0;6
28;2025-12-28;1;0
28;2025-12-28;2;0
28;2025-12-28;3;0
28;2025-12-28;4;0
28;2025-12-28;5;19
28;2025-12-28;6;75
28;2025-12-28;7;128
28;2025-12-28;8;212
28;2025-12-28;9;279
28;2025-12-28;10;308
28;2025-12-28;11;338
28;2025-12-28;12;379
28;2025-12-28;13;431
28;2025-12-28;14;425
28;2025-12-28;15;429
28;2025-12-28;16;406
28;2025-12-28;17;398
28;2025-12-28;18;369
28;2025-12-28;19;321
28;2025-12-28;20;267
28;2025-12-28;21;217
28;2025-12-28;22;99
28;2025-12-28;23;13
28;2025-12-29;0;1
28;2025-12-29;1;0
28;2025-12-29;2;0
28;2025-12-29;3;0
28;2025-12-29;4;0
28;2025-12-29;5;44
28;2025-12-29;6;199
28;2025-12-29;7;548
28;2025-12-29;8;838
28;2025-12-29;9;619
28;2025-12-29;10;440
28;2025-12-29;11;404
28;2025-12-29;12;483
28;2025-12-29;13;499
28;2025-12-29;14;453
28;2025-12-29;15;472
28;2025-12-29;16;607
28;2025-12-29;17;691
28;2025-12-29;18;703
28;2025-12-29;19;543
28;2025-12-29;20;371
28;2025-12-29;21;232
28;2025-12-29;22;98
28;2025-12-29;23;12
28;2025-12-30;0;2
28;2025-12-30;1;0
28;2025-12-30;2;0
28;2025-12-30;3;0
28;2025-12-30;4;0
28;2025-12-30;5;39
28;2025-12-30;6;185
28;2025-12-30;7;532
28;2025-12-30;8;807
28;2025-12-30;9;593
28;2025-12-30;10;439
28;2025-12-30;11;395
28;2025-12-30;12;460
28;2025-12-30;13;489
28;2025-12-30;14;440
28;2025-12-30;15;445
28;2025-12-30;16;549
28;2025-12-30;17;644
28;2025-12-30;18;642
28;2025-12-30;19;508
28;2025-12-30;20;364
28;2025-12-30;21;228
28;2025-12-30;22;101
28;2025-12-30;23;13
28;2025-12-31;0;1
28;2025-12-31;1;0
28;2025-12-31;2;0
28;2025-12-31;3;0
28;2025-12-31;4;0
28;2025-12-31;5;40
28;2025-12-31;6;176
28;2025-12-31;7;481
28;2025-12-31;8;740
28;2025-12-31;9;524
28;2025-12-31;10;385
28;2025-12-31;11;382
28;2025-12-31;12;435
28;2025-12-31;13;455
28;2025-12-31;14;406
28;2025-12-31;15;440
28;2025-12-31;16;533
28;2025-12-31;17;601
28;2025-12-31;18;611
28;2025-12-31;19;472
28;2025-12-31;20;334
28;2025-12-31;21;219
28;2025-12-31;22;100
28;2025-12-31;23;12
50;2025-11-01;0;18
50;2025-11-01;1;0
50;2025-11-01;2;0
50;2025-11-01;3;0
50;2025-11-01;4;0
50;2025-11-01;5;9
50;2025-11-01;6;50
50;2025-11-01;7;99
50;2025-11-01;8;143
50;2025-11-01;9;153
50;2025-11-01;10;151
50;2025-11-01;11;182
50;2025-11-01;12;187
50;2025-11-01;13;194
50;2025-11-01;14;195
50;2025-11-01;15;186
50;2025-11-01;16;182
50;2025-11-01;17;184
50;2025-11-01;18;170
50;2025-11-01;19;153
50;2025-11-01;20;123
50;2025-11-01;21;99
50;2025-11-01;22;58
50;2025-11-01;23;40
50;2025-11-02;0;8
50;2025-11-02;1;0
50;2025-11-02;2;0
50;2025-11-02;3;0
50;2025-11-02;4;0
50;2025-11-02;5;4
50;2025-11-02;6;21
50;2025-11-02;7;37
50;2025-11-02;8;55
50;2025-11-02;9;66
50;2025-11-02;10;71
50;2025-11-02;11;89
50;2025-11-02;12;95
50;2025-11-02;13;105
50;2025-11-02;14;109
50;2025-11-02;15;100
50;2025-11-02;16;102
50;2025-11-02;17;101
50;2025-11-02;18;95
50;2025-11-02;19;83
50;2025-11-02;20;70
50;2025-11-02;21;56
50;2025-11-02;22;34
50;2025-11-02;23;18
50;2025-11-03;0;38
50;2025-11-03;1;0
50;2025-11-03;2;0
50;2025-11-03;3;0
50;2025-11-03;4;0
50;2025-11-03;5;61
50;2025-11-03;6;567
50;2025-11-03;7;1802
50;2025-11-03;8;2711
50;2025-11-03;9;2132
50;2025-11-03;10;1594
50;2025-11-03;11;1502
50;2025-11-03;12;1379
50;2025-11-03;13;1388
50;2025-11-03;14;1353
50;2025-11-03;15;1508
50;2025-11-03;16;1596
50;2025-11-03;17;2266
50;2025-11-03;18;2497
50;2025-11-03;19;1530
50;2025-11-03;20;956
50;2025-11-03;21;627
50;2025-11-03;22;305
50;2025-11-03;23;147
50;2025-11-04;0;41
50;2025-11-04;1;0
50;2025-11-04;2;0
50;2025-11-04;3;0
50;2025-11-04;4;0
50;2025-11-04;5;66
50;2025-11-04;6;612
50;2025-11-04;7;1849
50;2025-11-04;8;2759
50;2025-11-04;9;2143
50;2025-11-04;10;1660
50;2025-11-04;11;1514
50;2025-11-04;12;1430
50;2025-11-04;13;1407
50;2025-11-04;14;1351
50;2025-11-04;15;1516
50;2025-11-04;16;1600
50;2025-11-04;17;2348
50;2025-11-04;18;2525
50;2025-11-04;19;1517
50;2025-11-04;20;985
50;2025-11-04;21;666
50;2025-11-04;22;315
50;2025-11-04;23;154
50;2025-11-05;0;42
50;2025-11-05;1;0
50;2025-11-05;2;0
50;2025-11-05;3;0
50;2025-11-05;4;0
50;2025-11-05;5;66
50;2025-11-05;6;578
50;2025-11-05;7;1773
50;2025-11-05;8;2658
50;2025-11-05;9;2117
50;2025-11-05;10;1613
50;2025-11-05;11;1523
50;2025-11-05;12;1424
50;2025-11-05;13;1435
50;2025-11-05;14;1409
50;2025-11-05;15;1543
50;2025-11-05;16;1694
50;2025-11-05;17;2283
50;2025-11-05;18;2396
50;2025-11-05;19;1535
50;2025-11-05;20;952
50;2025-11-05;21;665
50;2025-11-05;22;336
50;2025-11-05;23;162
50;2025-11-06;0;48
50;2025-11-06;1;0
50;2025-11-06;2;0
50;2025-11-06;3;0
50;2025-11-06;4;0
50;2025-11-06;5;70
50;2025-11-06;6;569
50;2025-11-06;7;1775
50;2025-11-06;8;2604
50;2025-11-06;9;2059
50;2025-11-06;10;1604
50;2025-11-06;11;1510
50;2025-11-06;12;1409
50;2025-11-06;13;1392
50;2025-11-06;14;1332
50;2025-11-06;15;1486
50;2025-11-06;16;1663
50;2025-11-06;17;2246
50;2025-11-06;18;2461
50;2025-11-06;19;1529
50;2025-11-06;20;1009
50;2025-11-06;21;727
50;2025-11-06;22;345
50;2025-11-06;23;189
50;2025-11-07;0;54
50;2025-11-07;1;0
50;2025-11-07;2;0
50;2025-11-07;3;0
50;2025-11-07;4;0
50;2025-11-07;5;67
50;2025-11-07;6;580
50;2025-11-07;7;1700
50;2025-11-07;8;2578
50;2025-11-07;9;1962
50;2025-11-07;10;1539
50;2025-11-07;11;1531
50;2025-11-07;12;1477
50;2025-11-07;13;1465
50;2025-11-07;14;1400
50;2025-11-07;15;1684
50;2025-11-07;16;1998
50;2025-11-07;17;2094
50;2025-11-07;18;1778
50;2025-11-07;19;1271
50;2025-11-07;20;883
50;2025-11-07;21;630
50;2025-11-07;22;354
50;2025-11-07;23;200
50;2025-11-08;0;16
50;2025-11-08;1;0
50;2025-11-08;2;0
50;2025-11-08;3;0
50;2025-11-08;4;0
50;2025-11-08;5;8
50;2025-11-08;6;46
50;2025-11-08;7;90
50;2025-11-08;8;129
50;2025-11-08;9;139
50;2025-11-08;10;137
50;2025-11-08;11;165
50;2025-11-08;12;169
50;2025-11-08;13;176
50;2025-11-08;14;177
50;2025-11-08;15;169
50;2025-11-08;16;165
50;2025-11-08;17;167
50;2025-11-08;18;154
50;2025-11-08;19;139
50;2025-11-08;20;111
50;2025-11-08;21;90
50;2025-11-08;22;52
50;2025-11-08;23;36
50;2025-11-09;0;7
50;2025-11-09;1;0
50;2025-11-09;2;0
50;2025-11-09;3;0
50;2025-11-09;4;0
50;2025-11-09;5;3
50;2025-11-09;6;18
50;2025-11-09;7;31
50;2025-11-09;8;46
50;2025-11-09;9;55
50;2025-11-09;10;60
50;2025-11-09;11;75
50;2025-11-09;12;80
50;2025-11-09;13;88
50;2025-11-09;14;92
50;2025-11-09;15;84
50;2025-11-09;16;86
50;2025-11-09;17;85
50;2025-11-09;18;80
50;2025-11-09;19;69
50;2025-11-09;20;59
50;2025-11-09;21;47
50;2025-11-09;22;28
50;2025-11-09;23;15
50;2025-11-10;0;38
50;2025-11-10;1;0
50;2025-11-10;2;0
50;2025-11-10;3;0
50;2025-11-10;4;0
50;2025-11-10;5;61
50;2025-11-10;6;565
50;2025-11-10;7;1794
50;2025-11-10;8;2700
50;2025-11-10;9;2124
50;2025-11-10;10;1588
50;2025-11-10;11;1496
50;2025-11-10;12;1373
50;2025-11-10;13;1382
50;2025-11-10;14;1348
50;2025-11-10;15;1502
50;2025-11-10;16;1590
50;2025-11-10;17;2256
50;2025-11-10;18;2487
50;2025-11-10;19;1524
50;2025-11-10;20;952
50;2025-11-10;21;625
50;2025-11-10;22;303
50;2025-11-10;23;146
50;2025-11-11;0;41
50;2025-11-11;1;0
50;2025-11-11;2;0
50;2025-11-11;3;0
50;2025-11-11;4;0
50;2025-11-11;5;66
50;2025-11-11;6;611
50;2025-11-11;7;1846
50;2025-11-11;8;2754
50;2025-11-11;9;2139
50;2025-11-11;10;1657
50;2025-11-11;11;1512
50;2025-11-11;12;1427
50;2025-11-11;13;1405
50;2025-11-11;14;1348
50;2025-11-11;15;1513
50;2025-11-11;16;1597
50;2025-11-11;17;2344
50;2025-11-11;18;2520
50;2025-11-11;19;1514
50;2025-11-11;20;983
50;2025-11-11;21;665
50;2025-11-11;22;315
50;2025-11-11;23;154
50;2025-11-12;0;42
50;2025-11-12;1;0
50;2025-11-12;2;0
50;2025-11-12;3;0
50;2025-11-12;4;0
50;2025-11-12;5;67
50;2025-11-12;6;583
50;2025-11-12;7;1788
50;2025-11-12;8;2680
50;2025-11-12;9;2135
50;2025-11-12;10;1626
50;2025-11-12;11;1536
50;2025-11-12;12;1435
50;2025-11-12;13;1446
50;2025-11-12;14;1421
50;2025-11-12;15;1555
50;2025-11-12;16;1708
50;2025-11-12;17;2302
50;2025-11-12;18;2416
50;2025-11-12;19;1547
50;2025-11-12;20;960
50;2025-11-12;21;670
50;2025-11-12;22;338
50;2025-11-12;23;163
50;2025-11-13;0;48
50;2025-11-13;1;0
50;2025-11-13;2;0
50;2025-11-13;3;0
50;2025-11-13;4;0
50;2025-11-13;5;70
50;2025-11-13;6;573
50;2025-11-13;7;1788
50;2025-11-13;8;2622
50;2025-11-13;9;2073
50;2025-11-13;10;1615
50;2025-11-13;11;1521
50;2025-11-13;12;1419
50;2025-11-13;13;1402
50;2025-11-13;14;1342
50;2025-11-13;15;1496
50;2025-11-13;16;1675
50;2025-11-13;17;2262
50;2025-11-13;18;2478
50;2025-11-13;19;1540
50;2025-11-13;20;1016
50;2025-11-13;21;732
50;2025-11-13;22;348
50;2025-11-13;23;190
50;2025-11-14;0;54
50;2025-11-14;1;0
50;2025-11-14;2;0
50;2025-11-14;3;0
50;2025-11-14;4;0
50;2025-11-14;5;67
50;2025-11-14;6;581
50;2025-11-14;7;1703
50;2025-11-14;8;2583
50;2025-11-14;9;1965
50;2025-11-14;10;1542
50;2025-11-14;11;1533
50;2025-11-14;12;1480
50;2025-11-14;13;1467
50;2025-11-14;14;1402
50;2025-11-14;15;1687
50;2025-11-14;16;2001
50;2025-11-14;17;2098
50;2025-11-14;18;1781
50;2025-11-14;19;1273
50;2025-11-14;20;885
50;2025-11-14;21;631
50;2025-11-14;22;355
50;2025-11-14;23;200
50;2025-11-15;0;15
50;2025-11-15;1;0
50;2025-11-15;2;0
50;2025-11-15;3;0
50;2025-11-15;4;0
50;2025-11-15;5;8
50;2025-11-15;6;42
50;2025-11-15;7;83
50;2025-11-15;8;119
50;2025-11-15;9;128
50;2025-11-15;10;126
50;2025-11-15;11;151
50;2025-11-15;12;156
50;2025-11-15;13;162
50;2025-11-15;14;163
50;2025-11-15;15;155
50;2025-11-15;16;151
50;2025-11-15;17;153
50;2025-11-15;18;142
50;2025-11-15;19;127
50;2025-11-15;20;102
50;2025-11-15;21;83
50;2025-11-15;22;48
50;2025-11-15;23;33
50;2025-11-16;0;6
50;2025-11-16;1;0
50;2025-11-16;2;0
50;2025-11-16;3;0
50;2025-11-16;4;0
50;2025-11-16;5;3
50;2025-11-16;6;16
50;2025-11-16;7;28
50;2025-11-16;8;43
50;2025-11-16;9;51
50;2025-11-16;10;55
50;2025-11-16;11;69
50;2025-11-16;12;74
50;2025-11-16;13;81
50;2025-11-16;14;84
50;2025-11-16;15;77
50;2025-11-16;16;79
50;2025-11-16;17;78
50;2025-11-16;18;74
50;2025-11-16;19;64
50;2025-11-16;20;54
50;2025-11-16;21;43
50;2025-11-16;22;26
50;2025-11-16;23;14
50;2025-11-17;0;39
50;2025-11-17;1;0
50;2025-11-17;2;0
50;2025-11-17;3;0
50;2025-11-17;4;0
50;2025-11-17;5;62
50;2025-11-17;6;574
50;2025-11-17;7;1824
50;2025-11-17;8;2746
50;2025-11-17;9;2159
50;2025-11-17;10;1614
50;2025-11-17;11;1521
50;2025-11-17;12;1397
50;2025-11-17;13;1406
50;2025-11-17;14;1370
50;2025-11-17;15;1527
50;2025-11-17;16;1616
50;2025-11-17;17;2294
50;2025-11-17;18;2529
50;2025-11-17;19;1549
50;2025-11-17;20;968
50;2025-11-17;21;635
50;2025-11-17;22;308
50;2025-11-17;23;149
50;2025-11-18;0;42
50;2025-11-18;1;0
50;2025-11-18;2;0
50;2025-11-18;3;0
50;2025-11-18;4;0
50;2025-11-18;5;67
50;2025-11-18;6;618
50;2025-11-18;7;1869
50;2025-11-18;8;2788
50;2025-11-18;9;2166
50;2025-11-18;10;1677
50;2025-11-18;11;1530
50;2025-11-18;12;1445
50;2025-11-18;13;1422
50;2025-11-18;14;1365
50;2025-11-18;15;1532
50;2025-11-18;16;1617
50;2025-11-18;17;2373
50;2025-11-18;18;2551
50;2025-11-18;19;1533
50;2025-11-18;20;996
50;2025-11-18;21;673
50;2025-11-18;22;318
50;2025-11-18;23;156
50;2025-11-19;0;42
50;2025-11-19;1;0
50;2025-11-19;2;0
50;2025-11-19;3;0
50;2025-11-19;4;0
50;2025-11-19;5;67
50;2025-11-19;6;586
50;2025-11-19;7;1796
50;2025-11-19;8;2692
50;2025-11-19;9;2145
50;2025-11-19;10;1633
50;2025-11-19;11;1543
50;2025-11-19;12;1442
50;2025-11-19;13;1453
50;2025-11-19;14;1427
50;2025-11-19;15;1562
50;2025-11-19;16;1716
50;2025-11-19;17;2313
50;2025-11-19;18;2427
50;2025-11-19;19;1554
50;2025-11-19;20;964
50;2025-11-19;21;673
50;2025-11-19;22;340
50;2025-11-19;23;164
50;2025-11-20;0;48
50;2025-11-20;1;0
50;2025-11-20;2;0
50;2025-11-20;3;0
50;2025-11-20;4;0
50;2025-11-20;5;70
50;2025-11-20;6;572
50;2025-11-20;7;1786
50;2025-11-20;8;2619
50;2025-11-20;9;2071
50;2025-11-20;10;1613
50;2025-11-20;11;1519
50;2025-11-20;12;1418
50;2025-11-20;13;1401
50;2025-11-20;14;1340
50;2025-11-20;15;1495
50;2025-11-20;16;1673
50;2025-11-20;17;2259
50;2025-11-20;18;2475
50;2025-11-20;19;1538
50;2025-11-20;20;1015
50;2025-11-20;21;731
50;2025-11-20;22;347
50;2025-11-20;23;190
50;2025-11-21;0;54
50;2025-11-21;1;0
50;2025-11-21;2;0
50;2025-11-21;3;0
50;2025-11-21;4;0
50;2025-11-21;5;67
50;2025-11-21;6;581
50;2025-11-21;7;1705
50;2025-11-21;8;2586
50;2025-11-21;9;1968
50;2025-11-21;10;1544
50;2025-11-21;11;1535
50;2025-11-21;12;1482
50;2025-11-21;13;1469
50;2025-11-21;14;1404
50;2025-11-21;15;1689
50;2025-11-21;16;2004
50;2025-11-21;17;2100
50;2025-11-21;18;1784
50;2025-11-21;19;1274
50;2025-11-21;20;886
50;2025-11-21;21;632
50;2025-11-21;22;355
50;2025-11-21;23;200
50;2025-11-22;0;21
50;2025-11-22;1;0
50;2025-11-22;2;0
50;2025-11-22;3;0
50;2025-11-22;4;0
50;2025-11-22;5;11
50;2025-11-22;6;59
50;2025-11-22;7;116
50;2025-11-22;8;167
50;2025-11-22;9;179
50;2025-11-22;10;177
50;2025-11-22;11;212
50;2025-11-22;12;218
50;2025-11-22;13;227
50;2025-11-22;14;228
50;2025-11-22;15;217
50;2025-11-22;16;212
50;2025-11-22;17;215
50;2025-11-22;18;199
50;2025-11-22;19;178
50;2025-11-22;20;143
50;2025-11-22;21;116
50;2025-11-22;22;67
50;2025-11-22;23;46
50;2025-11-23;0;11
50;2025-11-23;1;0
50;2025-11-23;2;0
50;2025-11-23;3;0
50;2025-11-23;4;0
50;2025-11-23;5;5
50;2025-11-23;6;30
50;2025-11-23;7;53
50;2025-11-23;8;79
50;2025-11-23;9;94
50;2025-11-23;10;102
50;2025-11-23;11;128
50;2025-11-23;12;137
50;2025-11-23;13;151
50;2025-11-23;14;157
50;2025-11-23;15;144
50;2025-11-23;16;146
50;2025-11-23;17;146
50;2025-11-23;18;137
50;2025-11-23;19;119
50;2025-11-23;20;101
50;2025-11-23;21;80
50;2025-11-23;22;48
50;2025-11-23;23;26
50;2025-11-24;0;39
50;2025-11-24;1;0
50;2025-11-24;2;0
50;2025-11-24;3;0
50;2025-11-24;4;0
50;2025-11-24;5;62
50;2025-11-24;6;576
50;2025-11-24;7;1831
50;2025-11-24;8;2755
50;2025-11-24;9;2167
50;2025-11-24;10;1620
50;2025-11-24;11;1527
50;2025-11-24;12;1401
50;2025-11-24;13;1410
50;2025-11-24;14;1375
50;2025-11-24;15;1532
50;2025-11-24;16;1622
50;2025-11-24;17;2302
50;2025-11-24;18;2537
50;2025-11-24;19;1555
50;2025-11-24;20;972
50;2025-11-24;21;638
50;2025-11-24;22;310
50;2025-11-24;23;149
50;2025-11-25;0;42
50;2025-11-25;1;0
50;2025-11-25;2;0
50;2025-11-25;3;0
50;2025-11-25;4;0
50;2025-11-25;5;67
50;2025-11-25;6;619
50;2025-11-25;7;1871
50;2025-11-25;8;2791
50;2025-11-25;9;2168
50;2025-11-25;10;1679
50;2025-11-25;11;1532
50;2025-11-25;12;1446
50;2025-11-25;13;1424
50;2025-11-25;14;1367
50;2025-11-25;15;1533
50;2025-11-25;16;1619
50;2025-11-25;17;2375
50;2025-11-25;18;2554
50;2025-11-25;19;1535
50;2025-11-25;20;997
50;2025-11-25;21;674
50;2025-11-25;22;319
50;2025-11-25;23;156
50;2025-11-26;0;43
50;2025-11-26;1;0
50;2025-11-26;2;0
50;2025-11-26;3;0
50;2025-11-26;4;0
50;2025-11-26;5;67
50;2025-11-26;6;589
50;2025-11-26;7;1806
50;2025-11-26;8;2707
50;2025-11-26;9;2157
50;2025-11-26;10;1642
50;2025-11-26;11;1551
50;2025-11-26;12;1450
50;2025-11-26;13;1461
50;2025-11-26;14;1435
50;2025-11-26;15;1571
50;2025-11-26;16;1726
50;2025-11-26;17;2326
50;2025-11-26;18;2440
50;2025-11-26;19;1563
50;2025-11-26;20;969
50;2025-11-26;21;677
50;2025-11-26;22;342
50;2025-11-26;23;165
50;2025-11-27;0;49
50;2025-11-27;1;0
50;2025-11-27;2;0
50;2025-11-27;3;0
50;2025-11-27;4;0
50;2025-11-27;5;71
50;2025-11-27;6;578
50;2025-11-27;7;1806
50;2025-11-27;8;2648
50;2025-11-27;9;2094
50;2025-11-27;10;1631
50;2025-11-27;11;1536
50;2025-11-27;12;1433
50;2025-11-27;13;1416
50;2025-11-27;14;1355
50;2025-11-27;15;1511
50;2025-11-27;16;1691
50;2025-11-27;17;2284
50;2025-11-27;18;2503
50;2025-11-27;19;1555
50;2025-11-27;20;1026
50;2025-11-27;21;739
50;2025-11-27;22;351
50;2025-11-27;23;192
50;2025-11-28;0;54
50;2025-11-28;1;0
50;2025-11-28;2;0
50;2025-11-28;3;0
50;2025-11-28;4;0
50;2025-11-28;5;67
50;2025-11-28;6;582
50;2025-11-28;7;1709
50;2025-11-28;8;2591
50;2025-11-28;9;1972
50;2025-11-28;10;1547
50;2025-11-28;11;1538
50;2025-11-28;12;1485
50;2025-11-28;13;1472
50;2025-11-28;14;1407
50;2025-11-28;15;1692
50;2025-11-28;16;2008
50;2025-11-28;17;2104
50;2025-11-28;18;1787
50;2025-11-28;19;1277
50;2025-11-28;20;887
50;2025-11-28;21;633
50;2025-11-28;22;356
50;2025-11-28;23;201
50;2025-11-29;0;25
50;2025-11-29;1;0
50;2025-11-29;2;0
50;2025-11-29;3;0
50;2025-11-29;4;0
50;2025-11-29;5;12
50;2025-11-29;6;68
50;2025-11-29;7;135
50;2025-11-29;8;193
50;2025-11-29;9;208
50;2025-11-29;10;205
50;2025-11-29;11;246
50;2025-11-29;12;253
50;2025-11-29;13;264
50;2025-11-29;14;265
50;2025-11-29;15;253
50;2025-11-29;16;246
50;2025-11-29;17;249
50;2025-11-29;18;231
50;2025-11-29;19;207
50;2025-11-29;20;167
50;2025-11-29;21;135
50;2025-11-29;22;78
50;2025-11-29;23;54
50;2025-11-30;0;11
50;2025-11-30;1;0
50;2025-11-30;2;0
50;2025-11-30;3;0
50;2025-11-30;4;0
50;2025-11-30;5;5
50;2025-11-30;6;30
50;2025-11-30;7;53
50;2025-11-30;8;80
50;2025-11-30;9;95
50;2025-11-30;10;103
50;2025-11-30;11;129
50;2025-11-30;12;138
50;2025-11-30;13;152
50;2025-11-30;14;158
50;2025-11-30;15;144
50;2025-11-30;16;147
50;2025-11-30;17;147
50;2025-11-30;18;138
50;2025-11-30;19;120
50;2025-11-30;20;101
50;2025-11-30;21;80
50;2025-11-30;22;49
50;2025-11-30;23;26
50;2025-12-01;0;39
50;2025-12-01;1;0
50;2025-12-01;2;0
50;2025-12-01;3;0
50;2025-12-01;4;0
50;2025-12-01;5;62
50;2025-12-01;6;578
50;2025-12-01;7;1836
50;2025-12-01;8;2763
50;2025-12-01;9;2173
50;2025-12-01;10;1624
50;2025-12-01;11;1531
50;2025-12-01;12;1405
50;2025-12-01;13;1414
50;2025-12-01;14;1379
50;2025-12-01;15;1536
50;2025-12-01;16;1627
50;2025-12-01;17;2309
50;2025-12-01;18;2544
50;2025-12-01;19;1559
50;2025-12-01;20;974
50;2025-12-01;21;639
50;2025-12-01;22;310
50;2025-12-01;23;150
50;2025-12-02;0;42
50;2025-12-02;1;0
50;2025-12-02;2;0
50;2025-12-02;3;0
50;2025-12-02;4;0
50;2025-12-02;5;67
50;2025-12-02;6;619
50;2025-12-02;7;1870
50;2025-12-02;8;2789
50;2025-12-02;9;2167
50;2025-12-02;10;1678
50;2025-12-02;11;1531
50;2025-12-02;12;1446
50;2025-12-02;13;1423
50;2025-12-02;14;1366
50;2025-12-02;15;1533
50;2025-12-02;16;1618
50;2025-12-02;17;2374
50;2025-12-02;18;2553
50;2025-12-02;19;1534
50;2025-12-02;20;996
50;2025-12-02;21;674
50;2025-12-02;22;319
50;2025-12-02;23;156
50;2025-12-03;0;42
50;2025-12-03;1;0
50;2025-12-03;2;0
50;2025-12-03;3;0
50;2025-12-03;4;0
50;2025-12-03;5;66
50;2025-12-03;6;582
50;2025-12-03;7;1783
50;2025-12-03;8;2673
50;2025-12-03;9;2129
50;2025-12-03;10;1622
50;2025-12-03;11;1532
50;2025-12-03;12;1432
50;2025-12-03;13;1443
50;2025-12-03;14;1417
50;2025-12-03;15;1551
50;2025-12-03;16;1704
50;2025-12-03;17;2296
50;2025-12-03;18;2410
50;2025-12-03;19;1543
50;2025-12-03;20;957
50;2025-12-03;21;669
50;2025-12-03;22;337
50;2025-12-03;23;163
50;2025-12-04;0;48
50;2025-12-04;1;0
50;2025-12-04;2;0
50;2025-12-04;3;0
50;2025-12-04;4;0
50;2025-12-04;5;69
50;2025-12-04;6;568
50;2025-12-04;7;1772
50;2025-12-04;8;2599
50;2025-12-04;9;2055
50;2025-12-04;10;1601
50;2025-12-04;11;1507
50;2025-12-04;12;1407
50;2025-12-04;13;1390
50;2025-12-04;14;1330
50;2025-12-04;15;1483
50;2025-12-04;16;1660
50;2025-12-04;17;2242
50;2025-12-04;18;2457
50;2025-12-04;19;1526
50;2025-12-04;20;1007
50;2025-12-04;21;725
50;2025-12-04;22;345
50;2025-12-04;23;188
50;2025-12-05;0;54
50;2025-12-05;1;0
50;2025-12-05;2;0
50;2025-12-05;3;0
50;2025-12-05;4;0
50;2025-12-05;5;67
50;2025-12-05;6;582
50;2025-12-05;7;1708
50;2025-12-05;8;2590
50;2025-12-05;9;1971
50;2025-12-05;10;1546
50;2025-12-05;11;1538
50;2025-12-05;12;1484
50;2025-12-05;13;1471
50;2025-12-05;14;1406
50;2025-12-05;15;1691
50;2025-12-05;16;2007
50;2025-12-05;17;2104
50;2025-12-05;18;1786
50;2025-12-05;19;1276
50;2025-12-05;20;887
50;2025-12-05;21;633
50;2025-12-05;22;356
50;2025-12-05;23;201
50;2025-12-06;0;25
50;2025-12-06;1;0
50;2025-12-06;2;0
50;2025-12-06;3;0
50;2025-12-06;4;0
50;2025-12-06;5;12
50;2025-12-06;6;69
50;2025-12-06;7;137
50;2025-12-06;8;197
50;2025-12-06;9;212
50;2025-12-06;10;209
50;2025-12-06;11;250
50;2025-12-06;12;257
50;2025-12-06;13;268
50;2025-12-06;14;269
50;2025-12-06;15;257
50;2025-12-06;16;250
50;2025-12-06;17;253
50;2025-12-06;18;235
50;2025-12-06;19;211
50;2025-12-06;20;169
50;2025-12-06;21;137
50;2025-12-06;22;80
50;2025-12-06;23;55
50;2025-12-07;0;14
50;2025-12-07;1;0
50;2025-12-07;2;0
50;2025-12-07;3;0
50;2025-12-07;4;0
50;2025-12-07;5;6
50;2025-12-07;6;37
50;2025-12-07;7;65
50;2025-12-07;8;98
50;2025-12-07;9;116
50;2025-12-07;10;127
50;2025-12-07;11;159
50;2025-12-07;12;169
50;2025-12-07;13;187
50;2025-12-07;14;194
50;2025-12-07;15;178
50;2025-12-07;16;181
50;2025-12-07;17;180
50;2025-12-07;18;170
50;2025-12-07;19;147
50;2025-12-07;20;125
50;2025-12-07;21;99
50;2025-12-07;22;60
50;2025-12-07;23;33
50;2025-12-08;0;38
50;2025-12-08;1;0
50;2025-12-08;2;0
50;2025-12-08;3;0
50;2025-12-08;4;0
50;2025-12-08;5;61
50;2025-12-08;6;569
50;2025-12-08;7;1809
50;2025-12-08;8;2722
50;2025-12-08;9;2141
50;2025-12-08;10;1600
50;2025-12-08;11;1508
50;2025-12-08;12;1384
50;2025-12-08;13;1393
50;2025-12-08;14;1358
50;2025-12-08;15;1514
50;2025-12-08;16;1602
50;2025-12-08;17;2274
50;2025-12-08;18;2507
50;2025-12-08;19;1536
50;2025-12-08;20;960
50;2025-12-08;21;630
50;2025-12-08;22;306
50;2025-12-08;23;147
50;2025-12-09;0;41
50;2025-12-09;1;0
50;2025-12-09;2;0
50;2025-12-09;3;0
50;2025-12-09;4;0
50;2025-12-09;5;66
50;2025-12-09;6;611
50;2025-12-09;7;1847
50;2025-12-09;8;2755
50;2025-12-09;9;2140
50;2025-12-09;10;1657
50;2025-12-09;11;1512
50;2025-12-09;12;1428
50;2025-12-09;13;1405
50;2025-12-09;14;1349
50;2025-12-09;15;1513
50;2025-12-09;16;1598
50;2025-12-09;17;2345
50;2025-12-09;18;2521
50;2025-12-09;19;1515
50;2025-12-09;20;984
50;2025-12-09;21;665
50;2025-12-09;22;315
50;2025-12-09;23;154
50;2025-12-10;0;42
50;2025-12-10;1;0
50;2025-12-10;2;0
50;2025-12-10;3;0
50;2025-12-10;4;0
50;2025-12-10;5;66
50;2025-12-10;6;582
50;2025-12-10;7;1785
50;2025-12-10;8;2676
50;2025-12-10;9;2131
50;2025-12-10;10;1623
50;2025-12-10;11;1533
50;2025-12-10;12;1433
50;2025-12-10;13;1444
50;2025-12-10;14;1419
50;2025-12-10;15;1553
50;2025-12-10;16;1706
50;2025-12-10;17;2299
50;2025-12-10;18;2412
50;2025-12-10;19;1545
50;2025-12-10;20;958
50;2025-12-10;21;669
50;2025-12-10;22;338
50;2025-12-10;23;163
50;2025-12-11;0;48
50;2025-12-11;1;0
50;2025-12-11;2;0
50;2025-12-11;3;0
50;2025-12-11;4;0
50;2025-12-11;5;69
50;2025-12-11;6;564
50;2025-12-11;7;1761
50;2025-12-11;8;2583
50;2025-12-11;9;2042
50;2025-12-11;10;1591
50;2025-12-11;11;1498
50;2025-12-11;12;1398
50;2025-12-11;13;1381
50;2025-12-11;14;1321
50;2025-12-11;15;1474
50;2025-12-11;16;1649
50;2025-12-11;17;2228
50;2025-12-11;18;2441
50;2025-12-11;19;1517
50;2025-12-11;20;1001
50;2025-12-11;21;721
50;2025-12-11;22;342
50;2025-12-11;23;187
50;2025-12-12;0;53
50;2025-12-12;1;0
50;2025-12-12;2;0
50;2025-12-12;3;0
50;2025-12-12;4;0
50;2025-12-12;5;66
50;2025-12-12;6;570
50;2025-12-12;7;1672
50;2025-12-12;8;2535
50;2025-12-12;9;1929
50;2025-12-12;10;1513
50;2025-12-12;11;1505
50;2025-12-12;12;1453
50;2025-12-12;13;1440
50;2025-12-12;14;1376
50;2025-12-12;15;1655
50;2025-12-12;16;1964
50;2025-12-12;17;2059
50;2025-12-12;18;1748
50;2025-12-12;19;1249
50;2025-12-12;20;868
50;2025-12-12;21;619
50;2025-12-12;22;348
50;2025-12-12;23;197
50;2025-12-13;0;24
50;2025-12-13;1;0
50;2025-12-13;2;0
50;2025-12-13;3;0
50;2025-12-13;4;0
50;2025-12-13;5;12
50;2025-12-13;6;67
50;2025-12-13;7;133
50;2025-12-13;8;190
50;2025-12-13;9;205
50;2025-12-13;10;202
50;2025-12-13;11;242
50;2025-12-13;12;249
50;2025-12-13;13;259
50;2025-12-13;14;260
50;2025-12-13;15;248
50;2025-12-13;16;242
50;2025-12-13;17;245
50;2025-12-13;18;227
50;2025-12-13;19;204
50;2025-12-13;20;164
50;2025-12-13;21;132
50;2025-12-13;22;77
50;2025-12-13;23;53
50;2025-12-14;0;15
50;2025-12-14;1;0
50;2025-12-14;2;0
50;2025-12-14;3;0
50;2025-12-14;4;0
50;2025-12-14;5;7
50;2025-12-14;6;39
50;2025-12-14;7;68
50;2025-12-14;8;103
50;2025-12-14;9;122
50;2025-12-14;10;133
50;2025-12-14;11;166
50;2025-12-14;12;177
50;2025-12-14;13;195
50;2025-12-14;14;203
50;2025-12-14;15;186
50;2025-12-14;16;190
50;2025-12-14;17;189
50;2025-12-14;18;178
50;2025-12-14;19;154
50;2025-12-14;20;130
50;2025-12-14;21;104
50;2025-12-14;22;63
50;2025-12-14;23;34
50;2025-12-15;0;38
50;2025-12-15;1;0
50;2025-12-15;2;0
50;2025-12-15;3;0
50;2025-12-15;4;0
50;2025-12-15;5;61
50;2025-12-15;6;566
50;2025-12-15;7;1798
50;2025-12-15;8;2706
50;2025-12-15;9;2128
50;2025-12-15;10;1591
50;2025-12-15;11;1499
50;2025-12-15;12;1376
50;2025-12-15;13;1385
50;2025-12-15;14;1351
50;2025-12-15;15;1505
50;2025-12-15;16;1593
50;2025-12-15;17;2261
50;2025-12-15;18;2492
50;2025-12-15;19;1527
50;2025-12-15;20;954
50;2025-12-15;21;626
50;2025-12-15;22;304
50;2025-12-15;23;146
50;2025-12-16;0;41
50;2025-12-16;1;0
50;2025-12-16;2;0
50;2025-12-16;3;0
50;2025-12-16;4;0
50;2025-12-16;5;65
50;2025-12-16;6;602
50;2025-12-16;7;1821
50;2025-12-16;8;2716
50;2025-12-16;9;2110
50;2025-12-16;10;1634
50;2025-12-16;11;1491
50;2025-12-16;12;1408
50;2025-12-16;13;1386
50;2025-12-16;14;1330
50;2025-12-16;15;1492
50;2025-12-16;16;1575
50;2025-12-16;17;2312
50;2025-12-16;18;2486
50;2025-12-16;19;1493
50;2025-12-16;20;970
50;2025-12-16;21;656
50;2025-12-16;22;310
50;2025-12-16;23;152
50;2025-12-17;0;41
50;2025-12-17;1;0
50;2025-12-17;2;0
50;2025-12-17;3;0
50;2025-12-17;4;0
50;2025-12-17;5;65
50;2025-12-17;6;570
50;2025-12-17;7;1748
50;2025-12-17;8;2619
50;2025-12-17;9;2087
50;2025-12-17;10;1589
50;2025-12-17;11;1501
50;2025-12-17;12;1403
50;2025-12-17;13;1414
50;2025-12-17;14;1389
50;2025-12-17;15;1520
50;2025-12-17;16;1670
50;2025-12-17;17;2250
50;2025-12-17;18;2361
50;2025-12-17;19;1512
50;2025-12-17;20;938
50;2025-12-17;21;655
50;2025-12-17;22;331
50;2025-12-17;23;159
50;2025-12-18;0;46
50;2025-12-18;1;0
50;2025-12-18;2;0
50;2025-12-18;3;0
50;2025-12-18;4;0
50;2025-12-18;5;67
50;2025-12-18;6;549
50;2025-12-18;7;1713
50;2025-12-18;8;2512
50;2025-12-18;9;1986
50;2025-12-18;10;1548
50;2025-12-18;11;1457
50;2025-12-18;12;1360
50;2025-12-18;13;1343
50;2025-12-18;14;1285
50;2025-12-18;15;1433
50;2025-12-18;16;1604
50;2025-12-18;17;2167
50;2025-12-18;18;2374
50;2025-12-18;19;1475
50;2025-12-18;20;973
50;2025-12-18;21;701
50;2025-12-18;22;333
50;2025-12-18;23;182
50;2025-12-19;0;53
50;2025-12-19;1;0
50;2025-12-19;2;0
50;2025-12-19;3;0
50;2025-12-19;4;0
50;2025-12-19;5;65
50;2025-12-19;6;566
50;2025-12-19;7;1660
50;2025-12-19;8;2518
50;2025-12-19;9;1916
50;2025-12-19;10;1503
50;2025-12-19;11;1495
50;2025-12-19;12;1443
50;2025-12-19;13;1430
50;2025-12-19;14;1367
50;2025-12-19;15;1644
50;2025-12-19;16;1951
50;2025-12-19;17;2045
50;2025-12-19;18;1736
50;2025-12-19;19;1241
50;2025-12-19;20;862
50;2025-12-19;21;615
50;2025-12-19;22;346
50;2025-12-19;23;195
50;2025-12-20;0;22
50;2025-12-20;1;0
50;2025-12-20;2;0
50;2025-12-20;3;0
50;2025-12-20;4;0
50;2025-12-20;5;11
50;2025-12-20;6;61
50;2025-12-20;7;121
50;2025-12-20;8;174
50;2025-12-20;9;187
50;2025-12-20;10;184
50;2025-12-20;11;221
50;2025-12-20;12;227
50;2025-12-20;13;237
50;2025-12-20;14;238
50;2025-12-20;15;227
50;2025-12-20;16;221
50;2025-12-20;17;224
50;2025-12-20;18;207
50;2025-12-20;19;186
50;2025-12-20;20;150
50;2025-12-20;21;121
50;2025-12-20;22;70
50;2025-12-20;23;48
50;2025-12-21;0;11
50;2025-12-21;1;0
50;2025-12-21;2;0
50;2025-12-21;3;0
50;2025-12-21;4;0
50;2025-12-21;5;5
50;2025-12-21;6;30
50;2025-12-21;7;52
50;2025-12-21;8;79
50;2025-12-21;9;94
50;2025-12-21;10;102
50;2025-12-21;11;128
50;2025-12-21;12;136
50;2025-12-21;13;150
50;2025-12-21;14;156
50;2025-12-21;15;143
50;2025-12-21;16;146
50;2025-12-21;17;145
50;2025-12-21;18;136
50;2025-12-21;19;118
50;2025-12-21;20;100
50;2025-12-21;21;79
50;2025-12-21;22;48
50;2025-12-21;23;26
50;2025-12-22;0;36
50;2025-12-22;1;0
50;2025-12-22;2;0
50;2025-12-22;3;0
50;2025-12-22;4;0
50;2025-12-22;5;58
50;2025-12-22;6;542
50;2025-12-22;7;1721
50;2025-12-22;8;2590
50;2025-12-22;9;2037
50;2025-12-22;10;1523
50;2025-12-22;11;1435
50;2025-12-22;12;1317
50;2025-12-22;13;1326
50;2025-12-22;14;1293
50;2025-12-22;15;1440
50;2025-12-22;16;1525
50;2025-12-22;17;2164
50;2025-12-22;18;2385
50;2025-12-22;19;1461
50;2025-12-22;20;913
50;2025-12-22;21;599
50;2025-12-22;22;291
50;2025-12-22;23;140
50;2025-12-23;0;40
50;2025-12-23;1;0
50;2025-12-23;2;0
50;2025-12-23;3;0
50;2025-12-23;4;0
50;2025-12-23;5;63
50;2025-12-23;6;586
50;2025-12-23;7;1772
50;2025-12-23;8;2643
50;2025-12-23;9;2053
50;2025-12-23;10;1590
50;2025-12-23;11;1451
50;2025-12-23;12;1370
50;2025-12-23;13;1348
50;2025-12-23;14;1294
50;2025-12-23;15;1452
50;2025-12-23;16;1533
50;2025-12-23;17;2249
50;2025-12-23;18;2418
50;2025-12-23;19;1453
50;2025-12-23;20;944
50;2025-12-23;21;638
50;2025-12-23;22;302
50;2025-12-23;23;148
50;2025-12-24;0;39
50;2025-12-24;1;0
50;2025-12-24;2;0
50;2025-12-24;3;0
50;2025-12-24;4;0
50;2025-12-24;5;62
50;2025-12-24;6;542
50;2025-12-24;7;1663
50;2025-12-24;8;2492
50;2025-12-24;9;1985
50;2025-12-24;10;1512
50;2025-12-24;11;1428
50;2025-12-24;12;1335
50;2025-12-24;13;1345
50;2025-12-24;14;1321
50;2025-12-24;15;1446
50;2025-12-24;16;1588
50;2025-12-24;17;2141
50;2025-12-24;18;2246
50;2025-12-24;19;1439
50;2025-12-24;20;892
50;2025-12-24;21;623
50;2025-12-24;22;315
50;2025-12-24;23;152
50;2025-12-25;0;42
50;2025-12-25;1;0
50;2025-12-25;2;0
50;2025-12-25;3;0
50;2025-12-25;4;0
50;2025-12-25;5;60
50;2025-12-25;6;493
50;2025-12-25;7;1539
50;2025-12-25;8;2257
50;2025-12-25;9;1785
50;2025-12-25;10;1390
50;2025-12-25;11;1309
50;2025-12-25;12;1222
50;2025-12-25;13;1207
50;2025-12-25;14;1155
50;2025-12-25;15;1288
50;2025-12-25;16;1441
50;2025-12-25;17;1947
50;2025-12-25;18;2133
50;2025-12-25;19;1325
50;2025-12-25;20;874
50;2025-12-25;21;630
50;2025-12-25;22;299
50;2025-12-25;23;164
50;2025-12-26;0;45
50;2025-12-26;1;0
50;2025-12-26;2;0
50;2025-12-26;3;0
50;2025-12-26;4;0
50;2025-12-26;5;55
50;2025-12-26;6;479
50;2025-12-26;7;1406
50;2025-12-26;8;2133
50;2025-12-26;9;1623
50;2025-12-26;10;1273
50;2025-12-26;11;1266
50;2025-12-26;12;1222
50;2025-12-26;13;1212
50;2025-12-26;14;1158
50;2025-12-26;15;1393
50;2025-12-26;16;1653
50;2025-12-26;17;1732
50;2025-12-26;18;1471
50;2025-12-26;19;1051
50;2025-12-26;20;730
50;2025-12-26;21;521
50;2025-12-26;22;293
50;2025-12-26;23;165
50;2025-12-27;0;23
50;2025-12-27;1;0
50;2025-12-27;2;0
50;2025-12-27;3;0
50;2025-12-27;4;0
50;2025-12-27;5;11
50;2025-12-27;6;63
50;2025-12-27;7;124
50;2025-12-27;8;177
50;2025-12-27;9;191
50;2025-12-27;10;188
50;2025-12-27;11;226
50;2025-12-27;12;232
50;2025-12-27;13;242
50;2025-12-27;14;243
50;2025-12-27;15;232
50;2025-12-27;16;226
50;2025-12-27;17;229
50;2025-12-27;18;212
50;2025-12-27;19;190
50;2025-12-27;20;153
50;2025-12-27;21;124
50;2025-12-27;22;72
50;2025-12-27;23;49
50;2025-12-28;0;16
50;2025-12-28;1;0
50;2025-12-28;2;0
50;2025-12-28;3;0
50;2025-12-28;4;0
50;2025-12-28;5;7
50;2025-12-28;6;43
50;2025-12-28;7;75
50;2025-12-28;8;114
50;2025-12-28;9;135
50;2025-12-28;10;147
50;2025-12-28;11;185
50;2025-12-28;12;197
50;2025-12-28;13;217
50;2025-12-28;14;225
50;2025-12-28;15;206
50;2025-12-28;16;210
50;2025-12-28;17;209
50;2025-12-28;18;197
50;2025-12-28;19;171
50;2025-12-28;20;145
50;2025-12-28;21;115
50;2025-12-28;22;70
50;2025-12-28;23;38
50;2025-12-29;0;34
50;2025-12-29;1;0
50;2025-12-29;2;0
50;2025-12-29;3;0
50;2025-12-29;4;0
50;2025-12-29;5;54
50;2025-12-29;6;500
50;2025-12-29;7;1590
50;2025-12-29;8;2392
50;2025-12-29;9;1881
50;2025-12-29;10;1407
50;2025-12-29;11;1326
50;2025-12-29;12;1217
50;2025-12-29;13;1225
50;2025-12-29;14;1194
50;2025-12-29;15;1330
50;2025-12-29;16;1408
50;2025-12-29;17;1999
50;2025-12-29;18;2203
50;2025-12-29;19;1350
50;2025-12-29;20;844
50;2025-12-29;21;554
50;2025-12-29;22;269
50;2025-12-29;23;129
50;2025-12-30;0;38
50;2025-12-30;1;0
50;2025-12-30;2;0
50;2025-12-30;3;0
50;2025-12-30;4;0
50;2025-12-30;5;60
50;2025-12-30;6;560
50;2025-12-30;7;1691
50;2025-12-30;8;2523
50;2025-12-30;9;1960
50;2025-12-30;10;1517
50;2025-12-30;11;1385
50;2025-12-30;12;1307
50;2025-12-30;13;1287
50;2025-12-30;14;1235
50;2025-12-30;15;1386
50;2025-12-30;16;1463
50;2025-12-30;17;2147
50;2025-12-30;18;2308
50;2025-12-30;19;1387
50;2025-12-30;20;901
50;2025-12-30;21;609
50;2025-12-30;22;288
50;2025-12-30;23;141
50;2025-12-31;0;37
50;2025-12-31;1;0
50;2025-12-31;2;0
50;2025-12-31;3;0
50;2025-12-31;4;0
50;2025-12-31;5;58
50;2025-12-31;6;509
50;2025-12-31;7;1560
50;2025-12-31;8;2338
50;2025-12-31;9;1862
50;2025-12-31;10;1418
50;2025-12-31;11;1340
50;2025-12-31;12;1252
50;2025-12-31;13;1262
50;2025-12-31;14;1239
50;2025-12-31;15;1357
50;2025-12-31;16;1490
50;2025-12-31;17;2008
50;2025-12-31;18;2107
50;2025-12-31;19;1350
50;2025-12-31;20;837
50;2025-12-31;21;585
50;2025-12-31;22;295
50;2025-12-31;23;142
