route;date;hour;prediction
1;2025-08-01;0;31
1;2025-08-01;1;0
1;2025-08-01;2;0
1;2025-08-01;3;0
1;2025-08-01;4;0
1;2025-08-01;5;81
1;2025-08-01;6;441
1;2025-08-01;7;1160
1;2025-08-01;8;1509
1;2025-08-01;9;1306
1;2025-08-01;10;1138
1;2025-08-01;11;1071
1;2025-08-01;12;1039
1;2025-08-01;13;1028
1;2025-08-01;14;998
1;2025-08-01;15;1011
1;2025-08-01;16;1117
1;2025-08-01;17;1355
1;2025-08-01;18;1353
1;2025-08-01;19;1166
1;2025-08-01;20;821
1;2025-08-01;21;512
1;2025-08-01;22;286
1;2025-08-01;23;63
1;2025-08-02;0;30
1;2025-08-02;1;0
1;2025-08-02;2;0
1;2025-08-02;3;0
1;2025-08-02;4;0
1;2025-08-02;5;47
1;2025-08-02;6;214
1;2025-08-02;7;331
1;2025-08-02;8;491
1;2025-08-02;9;626
1;2025-08-02;10;669
1;2025-08-02;11;696
1;2025-08-02;12;693
1;2025-08-02;13;690
1;2025-08-02;14;679
1;2025-08-02;15;650
1;2025-08-02;16;626
1;2025-08-02;17;621
1;2025-08-02;18;606
1;2025-08-02;19;583
1;2025-08-02;20;463
1;2025-08-02;21;361
1;2025-08-02;22;191
1;2025-08-02;23;46
1;2025-08-03;0;31
1;2025-08-03;1;0
1;2025-08-03;2;0
1;2025-08-03;3;0
1;2025-08-03;4;0
1;2025-08-03;5;41
1;2025-08-03;6;159
1;2025-08-03;7;269
1;2025-08-03;8;384
1;2025-08-03;9;531
1;2025-08-03;10;593
1;2025-08-03;11;634
1;2025-08-03;12;671
1;2025-08-03;13;669
1;2025-08-03;14;661
1;2025-08-03;15;629
1;2025-08-03;16;621
1;2025-08-03;17;615
1;2025-08-03;18;604
1;2025-08-03;19;515
1;2025-08-03;20;426
1;2025-08-03;21;333
1;2025-08-03;22;181
1;2025-08-03;23;38
1;2025-08-04;0;31
1;2025-08-04;1;0
1;2025-08-04;2;0
1;2025-08-04;3;0
1;2025-08-04;4;0
1;2025-08-04;5;89
1;2025-08-04;6;446
1;2025-08-04;7;1154
1;2025-08-04;8;1438
1;2025-08-04;9;1261
1;2025-08-04;10;1099
1;2025-08-04;11;1032
1;2025-08-04;12;990
1;2025-08-04;13;989
1;2025-08-04;14;948
1;2025-08-04;15;974
1;2025-08-04;16;1087
1;2025-08-04;17;1344
1;2025-08-04;18;1460
1;2025-08-04;19;1205
1;2025-08-04;20;787
1;2025-08-04;21;486
1;2025-08-04;22;258
1;2025-08-04;23;50
1;2025-08-05;0;28
1;2025-08-05;1;0
1;2025-08-05;2;0
1;2025-08-05;3;0
1;2025-08-05;4;0
1;2025-08-05;5;86
1;2025-08-05;6;455
1;2025-08-05;7;1174
1;2025-08-05;8;1544
1;2025-08-05;9;1326
1;2025-08-05;10;1148
1;2025-08-05;11;1069
1;2025-08-05;12;1029
1;2025-08-05;13;1019
1;2025-08-05;14;973
1;2025-08-05;15;991
1;2025-08-05;16;1097
1;2025-08-05;17;1373
1;2025-08-05;18;1532
1;2025-08-05;19;1224
1;2025-08-05;20;806
1;2025-08-05;21;503
1;2025-08-05;22;268
1;2025-08-05;23;53
1;2025-08-06;0;29
1;2025-08-06;1;0
1;2025-08-06;2;0
1;2025-08-06;3;0
1;2025-08-06;4;0
1;2025-08-06;5;87
1;2025-08-06;6;458
1;2025-08-06;7;1177
1;2025-08-06;8;1548
1;2025-08-06;9;1330
1;2025-08-06;10;1160
1;2025-08-06;11;1080
1;2025-08-06;12;1040
1;2025-08-06;13;1030
1;2025-08-06;14;985
1;2025-08-06;15;1004
1;2025-08-06;16;1109
1;2025-08-06;17;1389
1;2025-08-06;18;1551
1;2025-08-06;19;1245
1;2025-08-06;20;824
1;2025-08-06;21;513
1;2025-08-06;22;285
1;2025-08-06;23;54
1;2025-08-07;0;29
1;2025-08-07;1;0
1;2025-08-07;2;0
1;2025-08-07;3;0
1;2025-08-07;4;0
1;2025-08-07;5;86
1;2025-08-07;6;455
1;2025-08-07;7;1173
1;2025-08-07;8;1538
1;2025-08-07;9;1325
1;2025-08-07;10;1148
1;2025-08-07;11;1061
1;2025-08-07;12;1019
1;2025-08-07;13;1008
1;2025-08-07;14;964
1;2025-08-07;15;983
1;2025-08-07;16;1096
1;2025-08-07;17;1375
1;2025-08-07;18;1532
1;2025-08-07;19;1240
1;2025-08-07;20;841
1;2025-08-07;21;515
1;2025-08-07;22;284
1;2025-08-07;23;57
1;2025-08-08;0;31
1;2025-08-08;1;0
1;2025-08-08;2;0
1;2025-08-08;3;0
1;2025-08-08;4;0
1;2025-08-08;5;81
1;2025-08-08;6;441
1;2025-08-08;7;1160
1;2025-08-08;8;1509
1;2025-08-08;9;1306
1;2025-08-08;10;1138
1;2025-08-08;11;1071
1;2025-08-08;12;1039
1;2025-08-08;13;1028
1;2025-08-08;14;998
1;2025-08-08;15;1011
1;2025-08-08;16;1117
1;2025-08-08;17;1355
1;2025-08-08;18;1353
1;2025-08-08;19;1166
1;2025-08-08;20;821
1;2025-08-08;21;512
1;2025-08-08;22;286
1;2025-08-08;23;63
1;2025-08-09;0;30
1;2025-08-09;1;0
1;2025-08-09;2;0
1;2025-08-09;3;0
1;2025-08-09;4;0
1;2025-08-09;5;47
1;2025-08-09;6;214
1;2025-08-09;7;331
1;2025-08-09;8;491
1;2025-08-09;9;626
1;2025-08-09;10;669
1;2025-08-09;11;696
1;2025-08-09;12;693
1;2025-08-09;13;690
1;2025-08-09;14;679
1;2025-08-09;15;650
1;2025-08-09;16;626
1;2025-08-09;17;621
1;2025-08-09;18;606
1;2025-08-09;19;583
1;2025-08-09;20;463
1;2025-08-09;21;361
1;2025-08-09;22;191
1;2025-08-09;23;46
1;2025-08-10;0;31
1;2025-08-10;1;0
1;2025-08-10;2;0
1;2025-08-10;3;0
1;2025-08-10;4;0
1;2025-08-10;5;41
1;2025-08-10;6;159
1;2025-08-10;7;269
1;2025-08-10;8;384
1;2025-08-10;9;531
1;2025-08-10;10;593
1;2025-08-10;11;634
1;2025-08-10;12;671
1;2025-08-10;13;669
1;2025-08-10;14;661
1;2025-08-10;15;629
1;2025-08-10;16;621
1;2025-08-10;17;615
1;2025-08-10;18;604
1;2025-08-10;19;515
1;2025-08-10;20;426
1;2025-08-10;21;333
1;2025-08-10;22;181
1;2025-08-10;23;38
1;2025-08-11;0;31
1;2025-08-11;1;0
1;2025-08-11;2;0
1;2025-08-11;3;0
1;2025-08-11;4;0
1;2025-08-11;5;89
1;2025-08-11;6;446
1;2025-08-11;7;1154
1;2025-08-11;8;1438
1;2025-08-11;9;1261
1;2025-08-11;10;1099
1;2025-08-11;11;1032
1;2025-08-11;12;990
1;2025-08-11;13;989
1;2025-08-11;14;948
1;2025-08-11;15;974
1;2025-08-11;16;1087
1;2025-08-11;17;1344
1;2025-08-11;18;1460
1;2025-08-11;19;1205
1;2025-08-11;20;787
1;2025-08-11;21;486
1;2025-08-11;22;258
1;2025-08-11;23;50
1;2025-08-12;0;28
1;2025-08-12;1;0
1;2025-08-12;2;0
1;2025-08-12;3;0
1;2025-08-12;4;0
1;2025-08-12;5;86
1;2025-08-12;6;455
1;2025-08-12;7;1174
1;2025-08-12;8;1544
1;2025-08-12;9;1326
1;2025-08-12;10;1148
1;2025-08-12;11;1069
1;2025-08-12;12;1029
1;2025-08-12;13;1019
1;2025-08-12;14;973
1;2025-08-12;15;991
1;2025-08-12;16;1097
1;2025-08-12;17;1373
1;2025-08-12;18;1532
1;2025-08-12;19;1224
1;2025-08-12;20;806
1;2025-08-12;21;503
1;2025-08-12;22;268
1;2025-08-12;23;53
1;2025-08-13;0;29
1;2025-08-13;1;0
1;2025-08-13;2;0
1;2025-08-13;3;0
1;2025-08-13;4;0
1;2025-08-13;5;87
1;2025-08-13;6;458
1;2025-08-13;7;1177
1;2025-08-13;8;1548
1;2025-08-13;9;1330
1;2025-08-13;10;1160
1;2025-08-13;11;1080
1;2025-08-13;12;1040
1;2025-08-13;13;1030
1;2025-08-13;14;985
1;2025-08-13;15;1004
1;2025-08-13;16;1109
1;2025-08-13;17;1389
1;2025-08-13;18;1551
1;2025-08-13;19;1245
1;2025-08-13;20;824
1;2025-08-13;21;513
1;2025-08-13;22;285
1;2025-08-13;23;54
1;2025-08-14;0;29
1;2025-08-14;1;0
1;2025-08-14;2;0
1;2025-08-14;3;0
1;2025-08-14;4;0
1;2025-08-14;5;86
1;2025-08-14;6;455
1;2025-08-14;7;1173
1;2025-08-14;8;1538
1;2025-08-14;9;1325
1;2025-08-14;10;1148
1;2025-08-14;11;1061
1;2025-08-14;12;1019
1;2025-08-14;13;1008
1;2025-08-14;14;964
1;2025-08-14;15;983
1;2025-08-14;16;1096
1;2025-08-14;17;1375
1;2025-08-14;18;1532
1;2025-08-14;19;1240
1;2025-08-14;20;841
1;2025-08-14;21;515
1;2025-08-14;22;284
1;2025-08-14;23;57
1;2025-08-15;0;31
1;2025-08-15;1;0
1;2025-08-15;2;0
1;2025-08-15;3;0
1;2025-08-15;4;0
1;2025-08-15;5;81
1;2025-08-15;6;441
1;2025-08-15;7;1160
1;2025-08-15;8;1509
1;2025-08-15;9;1306
1;2025-08-15;10;1138
1;2025-08-15;11;1071
1;2025-08-15;12;1039
1;2025-08-15;13;1028
1;2025-08-15;14;998
1;2025-08-15;15;1011
1;2025-08-15;16;1117
1;2025-08-15;17;1355
1;2025-08-15;18;1353
1;2025-08-15;19;1166
1;2025-08-15;20;821
1;2025-08-15;21;512
1;2025-08-15;22;286
1;2025-08-15;23;63
1;2025-08-16;0;30
1;2025-08-16;1;0
1;2025-08-16;2;0
1;2025-08-16;3;0
1;2025-08-16;4;0
1;2025-08-16;5;47
1;2025-08-16;6;214
1;2025-08-16;7;331
1;2025-08-16;8;491
1;2025-08-16;9;626
1;2025-08-16;10;669
1;2025-08-16;11;696
1;2025-08-16;12;693
1;2025-08-16;13;690
1;2025-08-16;14;679
1;2025-08-16;15;650
1;2025-08-16;16;626
1;2025-08-16;17;621
1;2025-08-16;18;606
1;2025-08-16;19;583
1;2025-08-16;20;463
1;2025-08-16;21;361
1;2025-08-16;22;191
1;2025-08-16;23;46
1;2025-08-17;0;31
1;2025-08-17;1;0
1;2025-08-17;2;0
1;2025-08-17;3;0
1;2025-08-17;4;0
1;2025-08-17;5;41
1;2025-08-17;6;159
1;2025-08-17;7;269
1;2025-08-17;8;384
1;2025-08-17;9;531
1;2025-08-17;10;593
1;2025-08-17;11;634
1;2025-08-17;12;671
1;2025-08-17;13;669
1;2025-08-17;14;661
1;2025-08-17;15;629
1;2025-08-17;16;621
1;2025-08-17;17;615
1;2025-08-17;18;604
1;2025-08-17;19;515
1;2025-08-17;20;426
1;2025-08-17;21;333
1;2025-08-17;22;181
1;2025-08-17;23;38
1;2025-08-18;0;31
1;2025-08-18;1;0
1;2025-08-18;2;0
1;2025-08-18;3;0
1;2025-08-18;4;0
1;2025-08-18;5;89
1;2025-08-18;6;446
1;2025-08-18;7;1154
1;2025-08-18;8;1438
1;2025-08-18;9;1261
1;2025-08-18;10;1099
1;2025-08-18;11;1032
1;2025-08-18;12;990
1;2025-08-18;13;989
1;2025-08-18;14;948
1;2025-08-18;15;974
1;2025-08-18;16;1087
1;2025-08-18;17;1344
1;2025-08-18;18;1460
1;2025-08-18;19;1205
1;2025-08-18;20;787
1;2025-08-18;21;486
1;2025-08-18;22;258
1;2025-08-18;23;50
1;2025-08-19;0;28
1;2025-08-19;1;0
1;2025-08-19;2;0
1;2025-08-19;3;0
1;2025-08-19;4;0
1;2025-08-19;5;86
1;2025-08-19;6;455
1;2025-08-19;7;1174
1;2025-08-19;8;1544
1;2025-08-19;9;1326
1;2025-08-19;10;1148
1;2025-08-19;11;1069
1;2025-08-19;12;1029
1;2025-08-19;13;1019
1;2025-08-19;14;973
1;2025-08-19;15;991
1;2025-08-19;16;1097
1;2025-08-19;17;1373
1;2025-08-19;18;1532
1;2025-08-19;19;1224
1;2025-08-19;20;806
1;2025-08-19;21;503
1;2025-08-19;22;268
1;2025-08-19;23;53
1;2025-08-20;0;29
1;2025-08-20;1;0
1;2025-08-20;2;0
1;2025-08-20;3;0
1;2025-08-20;4;0
1;2025-08-20;5;87
1;2025-08-20;6;458
1;2025-08-20;7;1177
1;2025-08-20;8;1548
1;2025-08-20;9;1330
1;2025-08-20;10;1160
1;2025-08-20;11;1080
1;2025-08-20;12;1040
1;2025-08-20;13;1030
1;2025-08-20;14;985
1;2025-08-20;15;1004
1;2025-08-20;16;1109
1;2025-08-20;17;1389
1;2025-08-20;18;1551
1;2025-08-20;19;1245
1;2025-08-20;20;824
1;2025-08-20;21;513
1;2025-08-20;22;285
1;2025-08-20;23;54
1;2025-08-21;0;29
1;2025-08-21;1;0
1;2025-08-21;2;0
1;2025-08-21;3;0
1;2025-08-21;4;0
1;2025-08-21;5;86
1;2025-08-21;6;455
1;2025-08-21;7;1173
1;2025-08-21;8;1538
1;2025-08-21;9;1325
1;2025-08-21;10;1148
1;2025-08-21;11;1061
1;2025-08-21;12;1019
1;2025-08-21;13;1008
1;2025-08-21;14;964
1;2025-08-21;15;983
1;2025-08-21;16;1096
1;2025-08-21;17;1375
1;2025-08-21;18;1532
1;2025-08-21;19;1240
1;2025-08-21;20;841
1;2025-08-21;21;515
1;2025-08-21;22;284
1;2025-08-21;23;57
1;2025-08-22;0;31
1;2025-08-22;1;0
1;2025-08-22;2;0
1;2025-08-22;3;0
1;2025-08-22;4;0
1;2025-08-22;5;81
1;2025-08-22;6;441
1;2025-08-22;7;1160
1;2025-08-22;8;1509
1;2025-08-22;9;1306
1;2025-08-22;10;1138
1;2025-08-22;11;1071
1;2025-08-22;12;1039
1;2025-08-22;13;1028
1;2025-08-22;14;998
1;2025-08-22;15;1011
1;2025-08-22;16;1117
1;2025-08-22;17;1355
1;2025-08-22;18;1353
1;2025-08-22;19;1166
1;2025-08-22;20;821
1;2025-08-22;21;512
1;2025-08-22;22;286
1;2025-08-22;23;63
1;2025-08-23;0;30
1;2025-08-23;1;0
1;2025-08-23;2;0
1;2025-08-23;3;0
1;2025-08-23;4;0
1;2025-08-23;5;47
1;2025-08-23;6;214
1;2025-08-23;7;331
1;2025-08-23;8;491
1;2025-08-23;9;626
1;2025-08-23;10;669
1;2025-08-23;11;696
1;2025-08-23;12;693
1;2025-08-23;13;690
1;2025-08-23;14;679
1;2025-08-23;15;650
1;2025-08-23;16;626
1;2025-08-23;17;621
1;2025-08-23;18;606
1;2025-08-23;19;583
1;2025-08-23;20;463
1;2025-08-23;21;361
1;2025-08-23;22;191
1;2025-08-23;23;46
1;2025-08-24;0;31
1;2025-08-24;1;0
1;2025-08-24;2;0
1;2025-08-24;3;0
1;2025-08-24;4;0
1;2025-08-24;5;41
1;2025-08-24;6;159
1;2025-08-24;7;269
1;2025-08-24;8;384
1;2025-08-24;9;531
1;2025-08-24;10;593
1;2025-08-24;11;634
1;2025-08-24;12;671
1;2025-08-24;13;669
1;2025-08-24;14;661
1;2025-08-24;15;629
1;2025-08-24;16;621
1;2025-08-24;17;615
1;2025-08-24;18;604
1;2025-08-24;19;515
1;2025-08-24;20;426
1;2025-08-24;21;333
1;2025-08-24;22;181
1;2025-08-24;23;38
1;2025-08-25;0;31
1;2025-08-25;1;0
1;2025-08-25;2;0
1;2025-08-25;3;0
1;2025-08-25;4;0
1;2025-08-25;5;89
1;2025-08-25;6;446
1;2025-08-25;7;1154
1;2025-08-25;8;1438
1;2025-08-25;9;1261
1;2025-08-25;10;1099
1;2025-08-25;11;1032
1;2025-08-25;12;990
1;2025-08-25;13;989
1;2025-08-25;14;948
1;2025-08-25;15;974
1;2025-08-25;16;1087
1;2025-08-25;17;1344
1;2025-08-25;18;1460
1;2025-08-25;19;1205
1;2025-08-25;20;787
1;2025-08-25;21;486
1;2025-08-25;22;258
1;2025-08-25;23;50
1;2025-08-26;0;28
1;2025-08-26;1;0
1;2025-08-26;2;0
1;2025-08-26;3;0
1;2025-08-26;4;0
1;2025-08-26;5;86
1;2025-08-26;6;455
1;2025-08-26;7;1174
1;2025-08-26;8;1544
1;2025-08-26;9;1326
1;2025-08-26;10;1148
1;2025-08-26;11;1069
1;2025-08-26;12;1029
1;2025-08-26;13;1019
1;2025-08-26;14;973
1;2025-08-26;15;991
1;2025-08-26;16;1097
1;2025-08-26;17;1373
1;2025-08-26;18;1532
1;2025-08-26;19;1224
1;2025-08-26;20;806
1;2025-08-26;21;503
1;2025-08-26;22;268
1;2025-08-26;23;53
1;2025-08-27;0;29
1;2025-08-27;1;0
1;2025-08-27;2;0
1;2025-08-27;3;0
1;2025-08-27;4;0
1;2025-08-27;5;87
1;2025-08-27;6;458
1;2025-08-27;7;1177
1;2025-08-27;8;1548
1;2025-08-27;9;1330
1;2025-08-27;10;1160
1;2025-08-27;11;1080
1;2025-08-27;12;1040
1;2025-08-27;13;1030
1;2025-08-27;14;985
1;2025-08-27;15;1004
1;2025-08-27;16;1109
1;2025-08-27;17;1389
1;2025-08-27;18;1551
1;2025-08-27;19;1245
1;2025-08-27;20;824
1;2025-08-27;21;513
1;2025-08-27;22;285
1;2025-08-27;23;54
1;2025-08-28;0;29
1;2025-08-28;1;0
1;2025-08-28;2;0
1;2025-08-28;3;0
1;2025-08-28;4;0
1;2025-08-28;5;86
1;2025-08-28;6;455
1;2025-08-28;7;1173
1;2025-08-28;8;1538
1;2025-08-28;9;1325
1;2025-08-28;10;1148
1;2025-08-28;11;1061
1;2025-08-28;12;1019
1;2025-08-28;13;1008
1;2025-08-28;14;964
1;2025-08-28;15;983
1;2025-08-28;16;1096
1;2025-08-28;17;1375
1;2025-08-28;18;1532
1;2025-08-28;19;1240
1;2025-08-28;20;841
1;2025-08-28;21;515
1;2025-08-28;22;284
1;2025-08-28;23;57
1;2025-08-29;0;31
1;2025-08-29;1;0
1;2025-08-29;2;0
1;2025-08-29;3;0
1;2025-08-29;4;0
1;2025-08-29;5;81
1;2025-08-29;6;441
1;2025-08-29;7;1160
1;2025-08-29;8;1509
1;2025-08-29;9;1306
1;2025-08-29;10;1138
1;2025-08-29;11;1071
1;2025-08-29;12;1039
1;2025-08-29;13;1028
1;2025-08-29;14;998
1;2025-08-29;15;1011
1;2025-08-29;16;1117
1;2025-08-29;17;1355
1;2025-08-29;18;1353
1;2025-08-29;19;1166
1;2025-08-29;20;821
1;2025-08-29;21;512
1;2025-08-29;22;286
1;2025-08-29;23;63
1;2025-08-30;0;30
1;2025-08-30;1;0
1;2025-08-30;2;0
1;2025-08-30;3;0
1;2025-08-30;4;0
1;2025-08-30;5;47
1;2025-08-30;6;214
1;2025-08-30;7;331
1;2025-08-30;8;491
1;2025-08-30;9;626
1;2025-08-30;10;669
1;2025-08-30;11;696
1;2025-08-30;12;693
1;2025-08-30;13;690
1;2025-08-30;14;679
1;2025-08-30;15;650
1;2025-08-30;16;626
1;2025-08-30;17;621
1;2025-08-30;18;606
1;2025-08-30;19;583
1;2025-08-30;20;463
1;2025-08-30;21;361
1;2025-08-30;22;191
1;2025-08-30;23;46
1;2025-08-31;0;31
1;2025-08-31;1;0
1;2025-08-31;2;0
1;2025-08-31;3;0
1;2025-08-31;4;0
1;2025-08-31;5;41
1;2025-08-31;6;159
1;2025-08-31;7;269
1;2025-08-31;8;384
1;2025-08-31;9;531
1;2025-08-31;10;593
1;2025-08-31;11;634
1;2025-08-31;12;671
1;2025-08-31;13;669
1;2025-08-31;14;661
1;2025-08-31;15;629
1;2025-08-31;16;621
1;2025-08-31;17;615
1;2025-08-31;18;604
1;2025-08-31;19;515
1;2025-08-31;20;426
1;2025-08-31;21;333
1;2025-08-31;22;181
1;2025-08-31;23;38
1;2025-09-01;0;31
1;2025-09-01;1;0
1;2025-09-01;2;0
1;2025-09-01;3;0
1;2025-09-01;4;0
1;2025-09-01;5;89
1;2025-09-01;6;446
1;2025-09-01;7;1154
1;2025-09-01;8;1438
1;2025-09-01;9;1261
1;2025-09-01;10;1099
1;2025-09-01;11;1032
1;2025-09-01;12;990
1;2025-09-01;13;989
1;2025-09-01;14;948
1;2025-09-01;15;974
1;2025-09-01;16;1087
1;2025-09-01;17;1344
1;2025-09-01;18;1460
1;2025-09-01;19;1205
1;2025-09-01;20;787
1;2025-09-01;21;486
1;2025-09-01;22;258
1;2025-09-01;23;50
1;2025-09-02;0;28
1;2025-09-02;1;0
1;2025-09-02;2;0
1;2025-09-02;3;0
1;2025-09-02;4;0
1;2025-09-02;5;86
1;2025-09-02;6;455
1;2025-09-02;7;1174
1;2025-09-02;8;1544
1;2025-09-02;9;1326
1;2025-09-02;10;1148
1;2025-09-02;11;1069
1;2025-09-02;12;1029
1;2025-09-02;13;1019
1;2025-09-02;14;973
1;2025-09-02;15;991
1;2025-09-02;16;1097
1;2025-09-02;17;1373
1;2025-09-02;18;1532
1;2025-09-02;19;1224
1;2025-09-02;20;806
1;2025-09-02;21;503
1;2025-09-02;22;268
1;2025-09-02;23;53
1;2025-09-03;0;29
1;2025-09-03;1;0
1;2025-09-03;2;0
1;2025-09-03;3;0
1;2025-09-03;4;0
1;2025-09-03;5;87
1;2025-09-03;6;458
1;2025-09-03;7;1177
1;2025-09-03;8;1548
1;2025-09-03;9;1330
1;2025-09-03;10;1160
1;2025-09-03;11;1080
1;2025-09-03;12;1040
1;2025-09-03;13;1030
1;2025-09-03;14;985
1;2025-09-03;15;1004
1;2025-09-03;16;1109
1;2025-09-03;17;1389
1;2025-09-03;18;1551
1;2025-09-03;19;1245
1;2025-09-03;20;824
1;2025-09-03;21;513
1;2025-09-03;22;285
1;2025-09-03;23;54
1;2025-09-04;0;29
1;2025-09-04;1;0
1;2025-09-04;2;0
1;2025-09-04;3;0
1;2025-09-04;4;0
1;2025-09-04;5;86
1;2025-09-04;6;455
1;2025-09-04;7;1173
1;2025-09-04;8;1538
1;2025-09-04;9;1325
1;2025-09-04;10;1148
1;2025-09-04;11;1061
1;2025-09-04;12;1019
1;2025-09-04;13;1008
1;2025-09-04;14;964
1;2025-09-04;15;983
1;2025-09-04;16;1096
1;2025-09-04;17;1375
1;2025-09-04;18;1532
1;2025-09-04;19;1240
1;2025-09-04;20;841
1;2025-09-04;21;515
1;2025-09-04;22;284
1;2025-09-04;23;57
1;2025-09-05;0;31
1;2025-09-05;1;0
1;2025-09-05;2;0
1;2025-09-05;3;0
1;2025-09-05;4;0
1;2025-09-05;5;81
1;2025-09-05;6;441
1;2025-09-05;7;1160
1;2025-09-05;8;1509
1;2025-09-05;9;1306
1;2025-09-05;10;1138
1;2025-09-05;11;1071
1;2025-09-05;12;1039
1;2025-09-05;13;1028
1;2025-09-05;14;998
1;2025-09-05;15;1011
1;2025-09-05;16;1117
1;2025-09-05;17;1355
1;2025-09-05;18;1353
1;2025-09-05;19;1166
1;2025-09-05;20;821
1;2025-09-05;21;512
1;2025-09-05;22;286
1;2025-09-05;23;63
1;2025-09-06;0;30
1;2025-09-06;1;0
1;2025-09-06;2;0
1;2025-09-06;3;0
1;2025-09-06;4;0
1;2025-09-06;5;47
1;2025-09-06;6;214
1;2025-09-06;7;331
1;2025-09-06;8;491
1;2025-09-06;9;626
1;2025-09-06;10;669
1;2025-09-06;11;696
1;2025-09-06;12;693
1;2025-09-06;13;690
1;2025-09-06;14;679
1;2025-09-06;15;650
1;2025-09-06;16;626
1;2025-09-06;17;621
1;2025-09-06;18;606
1;2025-09-06;19;583
1;2025-09-06;20;463
1;2025-09-06;21;361
1;2025-09-06;22;191
1;2025-09-06;23;46
1;2025-09-07;0;31
1;2025-09-07;1;0
1;2025-09-07;2;0
1;2025-09-07;3;0
1;2025-09-07;4;0
1;2025-09-07;5;41
1;2025-09-07;6;159
1;2025-09-07;7;269
1;2025-09-07;8;384
1;2025-09-07;9;531
1;2025-09-07;10;593
1;2025-09-07;11;634
1;2025-09-07;12;671
1;2025-09-07;13;669
1;2025-09-07;14;661
1;2025-09-07;15;629
1;2025-09-07;16;621
1;2025-09-07;17;615
1;2025-09-07;18;604
1;2025-09-07;19;515
1;2025-09-07;20;426
1;2025-09-07;21;333
1;2025-09-07;22;181
1;2025-09-07;23;38
1;2025-09-08;0;31
1;2025-09-08;1;0
1;2025-09-08;2;0
1;2025-09-08;3;0
1;2025-09-08;4;0
1;2025-09-08;5;89
1;2025-09-08;6;446
1;2025-09-08;7;1154
1;2025-09-08;8;1438
1;2025-09-08;9;1261
1;2025-09-08;10;1099
1;2025-09-08;11;1032
1;2025-09-08;12;990
1;2025-09-08;13;989
1;2025-09-08;14;948
1;2025-09-08;15;974
1;2025-09-08;16;1087
1;2025-09-08;17;1344
1;2025-09-08;18;1460
1;2025-09-08;19;1205
1;2025-09-08;20;787
1;2025-09-08;21;486
1;2025-09-08;22;258
1;2025-09-08;23;50
1;2025-09-09;0;28
1;2025-09-09;1;0
1;2025-09-09;2;0
1;2025-09-09;3;0
1;2025-09-09;4;0
1;2025-09-09;5;86
1;2025-09-09;6;455
1;2025-09-09;7;1174
1;2025-09-09;8;1544
1;2025-09-09;9;1326
1;2025-09-09;10;1148
1;2025-09-09;11;1069
1;2025-09-09;12;1029
1;2025-09-09;13;1019
1;2025-09-09;14;973
1;2025-09-09;15;991
1;2025-09-09;16;1097
1;2025-09-09;17;1373
1;2025-09-09;18;1532
1;2025-09-09;19;1224
1;2025-09-09;20;806
1;2025-09-09;21;503
1;2025-09-09;22;268
1;2025-09-09;23;53
1;2025-09-10;0;29
1;2025-09-10;1;0
1;2025-09-10;2;0
1;2025-09-10;3;0
1;2025-09-10;4;0
1;2025-09-10;5;87
1;2025-09-10;6;458
1;2025-09-10;7;1177
1;2025-09-10;8;1548
1;2025-09-10;9;1330
1;2025-09-10;10;1160
1;2025-09-10;11;1080
1;2025-09-10;12;1040
1;2025-09-10;13;1030
1;2025-09-10;14;985
1;2025-09-10;15;1004
1;2025-09-10;16;1109
1;2025-09-10;17;1389
1;2025-09-10;18;1551
1;2025-09-10;19;1245
1;2025-09-10;20;824
1;2025-09-10;21;513
1;2025-09-10;22;285
1;2025-09-10;23;54
1;2025-09-11;0;29
1;2025-09-11;1;0
1;2025-09-11;2;0
1;2025-09-11;3;0
1;2025-09-11;4;0
1;2025-09-11;5;86
1;2025-09-11;6;455
1;2025-09-11;7;1173
1;2025-09-11;8;1538
1;2025-09-11;9;1325
1;2025-09-11;10;1148
1;2025-09-11;11;1061
1;2025-09-11;12;1019
1;2025-09-11;13;1008
1;2025-09-11;14;964
1;2025-09-11;15;983
1;2025-09-11;16;1096
1;2025-09-11;17;1375
1;2025-09-11;18;1532
1;2025-09-11;19;1240
1;2025-09-11;20;841
1;2025-09-11;21;515
1;2025-09-11;22;284
1;2025-09-11;23;57
1;2025-09-12;0;31
1;2025-09-12;1;0
1;2025-09-12;2;0
1;2025-09-12;3;0
1;2025-09-12;4;0
1;2025-09-12;5;81
1;2025-09-12;6;441
1;2025-09-12;7;1160
1;2025-09-12;8;1509
1;2025-09-12;9;1306
1;2025-09-12;10;1138
1;2025-09-12;11;1071
1;2025-09-12;12;1039
1;2025-09-12;13;1028
1;2025-09-12;14;998
1;2025-09-12;15;1011
1;2025-09-12;16;1117
1;2025-09-12;17;1355
1;2025-09-12;18;1353
1;2025-09-12;19;1166
1;2025-09-12;20;821
1;2025-09-12;21;512
1;2025-09-12;22;286
1;2025-09-12;23;63
1;2025-09-13;0;30
1;2025-09-13;1;0
1;2025-09-13;2;0
1;2025-09-13;3;0
1;2025-09-13;4;0
1;2025-09-13;5;47
1;2025-09-13;6;214
1;2025-09-13;7;331
1;2025-09-13;8;491
1;2025-09-13;9;626
1;2025-09-13;10;669
1;2025-09-13;11;696
1;2025-09-13;12;693
1;2025-09-13;13;690
1;2025-09-13;14;679
1;2025-09-13;15;650
1;2025-09-13;16;626
1;2025-09-13;17;621
1;2025-09-13;18;606
1;2025-09-13;19;583
1;2025-09-13;20;463
1;2025-09-13;21;361
1;2025-09-13;22;191
1;2025-09-13;23;46
1;2025-09-14;0;31
1;2025-09-14;1;0
1;2025-09-14;2;0
1;2025-09-14;3;0
1;2025-09-14;4;0
1;2025-09-14;5;41
1;2025-09-14;6;159
1;2025-09-14;7;269
1;2025-09-14;8;384
1;2025-09-14;9;531
1;2025-09-14;10;593
1;2025-09-14;11;634
1;2025-09-14;12;671
1;2025-09-14;13;669
1;2025-09-14;14;661
1;2025-09-14;15;629
1;2025-09-14;16;621
1;2025-09-14;17;615
1;2025-09-14;18;604
1;2025-09-14;19;515
1;2025-09-14;20;426
1;2025-09-14;21;333
1;2025-09-14;22;181
1;2025-09-14;23;38
1;2025-09-15;0;31
1;2025-09-15;1;0
1;2025-09-15;2;0
1;2025-09-15;3;0
1;2025-09-15;4;0
1;2025-09-15;5;89
1;2025-09-15;6;446
1;2025-09-15;7;1154
1;2025-09-15;8;1438
1;2025-09-15;9;1261
1;2025-09-15;10;1099
1;2025-09-15;11;1032
1;2025-09-15;12;990
1;2025-09-15;13;989
1;2025-09-15;14;948
1;2025-09-15;15;974
1;2025-09-15;16;1087
1;2025-09-15;17;1344
1;2025-09-15;18;1460
1;2025-09-15;19;1205
1;2025-09-15;20;787
1;2025-09-15;21;486
1;2025-09-15;22;258
1;2025-09-15;23;50
1;2025-09-16;0;28
1;2025-09-16;1;0
1;2025-09-16;2;0
1;2025-09-16;3;0
1;2025-09-16;4;0
1;2025-09-16;5;86
1;2025-09-16;6;455
1;2025-09-16;7;1174
1;2025-09-16;8;1544
1;2025-09-16;9;1326
1;2025-09-16;10;1148
1;2025-09-16;11;1069
1;2025-09-16;12;1029
1;2025-09-16;13;1019
1;2025-09-16;14;973
1;2025-09-16;15;991
1;2025-09-16;16;1097
1;2025-09-16;17;1373
1;2025-09-16;18;1532
1;2025-09-16;19;1224
1;2025-09-16;20;806
1;2025-09-16;21;503
1;2025-09-16;22;268
1;2025-09-16;23;53
1;2025-09-17;0;29
1;2025-09-17;1;0
1;2025-09-17;2;0
1;2025-09-17;3;0
1;2025-09-17;4;0
1;2025-09-17;5;87
1;2025-09-17;6;458
1;2025-09-17;7;1177
1;2025-09-17;8;1548
1;2025-09-17;9;1330
1;2025-09-17;10;1160
1;2025-09-17;11;1080
1;2025-09-17;12;1040
1;2025-09-17;13;1030
1;2025-09-17;14;985
1;2025-09-17;15;1004
1;2025-09-17;16;1109
1;2025-09-17;17;1389
1;2025-09-17;18;1551
1;2025-09-17;19;1245
1;2025-09-17;20;824
1;2025-09-17;21;513
1;2025-09-17;22;285
1;2025-09-17;23;54
1;2025-09-18;0;29
1;2025-09-18;1;0
1;2025-09-18;2;0
1;2025-09-18;3;0
1;2025-09-18;4;0
1;2025-09-18;5;86
1;2025-09-18;6;455
1;2025-09-18;7;1173
1;2025-09-18;8;1538
1;2025-09-18;9;1325
1;2025-09-18;10;1148
1;2025-09-18;11;1061
1;2025-09-18;12;1019
1;2025-09-18;13;1008
1;2025-09-18;14;964
1;2025-09-18;15;983
1;2025-09-18;16;1096
1;2025-09-18;17;1375
1;2025-09-18;18;1532
1;2025-09-18;19;1240
1;2025-09-18;20;841
1;2025-09-18;21;515
1;2025-09-18;22;284
1;2025-09-18;23;57
1;2025-09-19;0;31
1;2025-09-19;1;0
1;2025-09-19;2;0
1;2025-09-19;3;0
1;2025-09-19;4;0
1;2025-09-19;5;81
1;2025-09-19;6;441
1;2025-09-19;7;1160
1;2025-09-19;8;1509
1;2025-09-19;9;1306
1;2025-09-19;10;1138
1;2025-09-19;11;1071
1;2025-09-19;12;1039
1;2025-09-19;13;1028
1;2025-09-19;14;998
1;2025-09-19;15;1011
1;2025-09-19;16;1117
1;2025-09-19;17;1355
1;2025-09-19;18;1353
1;2025-09-19;19;1166
1;2025-09-19;20;821
1;2025-09-19;21;512
1;2025-09-19;22;286
1;2025-09-19;23;63
1;2025-09-20;0;30
1;2025-09-20;1;0
1;2025-09-20;2;0
1;2025-09-20;3;0
1;2025-09-20;4;0
1;2025-09-20;5;47
1;2025-09-20;6;214
1;2025-09-20;7;331
1;2025-09-20;8;491
1;2025-09-20;9;626
1;2025-09-20;10;669
1;2025-09-20;11;696
1;2025-09-20;12;693
1;2025-09-20;13;690
1;2025-09-20;14;679
1;2025-09-20;15;650
1;2025-09-20;16;626
1;2025-09-20;17;621
1;2025-09-20;18;606
1;2025-09-20;19;583
1;2025-09-20;20;463
1;2025-09-20;21;361
1;2025-09-20;22;191
1;2025-09-20;23;46
1;2025-09-21;0;31
1;2025-09-21;1;0
1;2025-09-21;2;0
1;2025-09-21;3;0
1;2025-09-21;4;0
1;2025-09-21;5;41
1;2025-09-21;6;159
1;2025-09-21;7;269
1;2025-09-21;8;384
1;2025-09-21;9;531
1;2025-09-21;10;593
1;2025-09-21;11;634
1;2025-09-21;12;671
1;2025-09-21;13;669
1;2025-09-21;14;661
1;2025-09-21;15;629
1;2025-09-21;16;621
1;2025-09-21;17;615
1;2025-09-21;18;604
1;2025-09-21;19;515
1;2025-09-21;20;426
1;2025-09-21;21;333
1;2025-09-21;22;181
1;2025-09-21;23;38
1;2025-09-22;0;31
1;2025-09-22;1;0
1;2025-09-22;2;0
1;2025-09-22;3;0
1;2025-09-22;4;0
1;2025-09-22;5;89
1;2025-09-22;6;446
1;2025-09-22;7;1154
1;2025-09-22;8;1438
1;2025-09-22;9;1261
1;2025-09-22;10;1099
1;2025-09-22;11;1032
1;2025-09-22;12;990
1;2025-09-22;13;989
1;2025-09-22;14;948
1;2025-09-22;15;974
1;2025-09-22;16;1087
1;2025-09-22;17;1344
1;2025-09-22;18;1460
1;2025-09-22;19;1205
1;2025-09-22;20;787
1;2025-09-22;21;486
1;2025-09-22;22;258
1;2025-09-22;23;50
1;2025-09-23;0;28
1;2025-09-23;1;0
1;2025-09-23;2;0
1;2025-09-23;3;0
1;2025-09-23;4;0
1;2025-09-23;5;86
1;2025-09-23;6;455
1;2025-09-23;7;1174
1;2025-09-23;8;1544
1;2025-09-23;9;1326
1;2025-09-23;10;1148
1;2025-09-23;11;1069
1;2025-09-23;12;1029
1;2025-09-23;13;1019
1;2025-09-23;14;973
1;2025-09-23;15;991
1;2025-09-23;16;1097
1;2025-09-23;17;1373
1;2025-09-23;18;1532
1;2025-09-23;19;1224
1;2025-09-23;20;806
1;2025-09-23;21;503
1;2025-09-23;22;268
1;2025-09-23;23;53
1;2025-09-24;0;29
1;2025-09-24;1;0
1;2025-09-24;2;0
1;2025-09-24;3;0
1;2025-09-24;4;0
1;2025-09-24;5;87
1;2025-09-24;6;458
1;2025-09-24;7;1177
1;2025-09-24;8;1548
1;2025-09-24;9;1330
1;2025-09-24;10;1160
1;2025-09-24;11;1080
1;2025-09-24;12;1040
1;2025-09-24;13;1030
1;2025-09-24;14;985
1;2025-09-24;15;1004
1;2025-09-24;16;1109
1;2025-09-24;17;1389
1;2025-09-24;18;1551
1;2025-09-24;19;1245
1;2025-09-24;20;824
1;2025-09-24;21;513
1;2025-09-24;22;285
1;2025-09-24;23;54
1;2025-09-25;0;29
1;2025-09-25;1;0
1;2025-09-25;2;0
1;2025-09-25;3;0
1;2025-09-25;4;0
1;2025-09-25;5;86
1;2025-09-25;6;455
1;2025-09-25;7;1173
1;2025-09-25;8;1538
1;2025-09-25;9;1325
1;2025-09-25;10;1148
1;2025-09-25;11;1061
1;2025-09-25;12;1019
1;2025-09-25;13;1008
1;2025-09-25;14;964
1;2025-09-25;15;983
1;2025-09-25;16;1096
1;2025-09-25;17;1375
1;2025-09-25;18;1532
1;2025-09-25;19;1240
1;2025-09-25;20;841
1;2025-09-25;21;515
1;2025-09-25;22;284
1;2025-09-25;23;57
1;2025-09-26;0;31
1;2025-09-26;1;0
1;2025-09-26;2;0
1;2025-09-26;3;0
1;2025-09-26;4;0
1;2025-09-26;5;81
1;2025-09-26;6;441
1;2025-09-26;7;1160
1;2025-09-26;8;1509
1;2025-09-26;9;1306
1;2025-09-26;10;1138
1;2025-09-26;11;1071
1;2025-09-26;12;1039
1;2025-09-26;13;1028
1;2025-09-26;14;998
1;2025-09-26;15;1011
1;2025-09-26;16;1117
1;2025-09-26;17;1355
1;2025-09-26;18;1353
1;2025-09-26;19;1166
1;2025-09-26;20;821
1;2025-09-26;21;512
1;2025-09-26;22;286
1;2025-09-26;23;63
1;2025-09-27;0;30
1;2025-09-27;1;0
1;2025-09-27;2;0
1;2025-09-27;3;0
1;2025-09-27;4;0
1;2025-09-27;5;47
1;2025-09-27;6;214
1;2025-09-27;7;331
1;2025-09-27;8;491
1;2025-09-27;9;626
1;2025-09-27;10;669
1;2025-09-27;11;696
1;2025-09-27;12;693
1;2025-09-27;13;690
1;2025-09-27;14;679
1;2025-09-27;15;650
1;2025-09-27;16;626
1;2025-09-27;17;621
1;2025-09-27;18;606
1;2025-09-27;19;583
1;2025-09-27;20;463
1;2025-09-27;21;361
1;2025-09-27;22;191
1;2025-09-27;23;46
1;2025-09-28;0;31
1;2025-09-28;1;0
1;2025-09-28;2;0
1;2025-09-28;3;0
1;2025-09-28;4;0
1;2025-09-28;5;41
1;2025-09-28;6;159
1;2025-09-28;7;269
1;2025-09-28;8;384
1;2025-09-28;9;531
1;2025-09-28;10;593
1;2025-09-28;11;634
1;2025-09-28;12;671
1;2025-09-28;13;669
1;2025-09-28;14;661
1;2025-09-28;15;629
1;2025-09-28;16;621
1;2025-09-28;17;615
1;2025-09-28;18;604
1;2025-09-28;19;515
1;2025-09-28;20;426
1;2025-09-28;21;333
1;2025-09-28;22;181
1;2025-09-28;23;38
1;2025-09-29;0;31
1;2025-09-29;1;0
1;2025-09-29;2;0
1;2025-09-29;3;0
1;2025-09-29;4;0
1;2025-09-29;5;89
1;2025-09-29;6;446
1;2025-09-29;7;1154
1;2025-09-29;8;1438
1;2025-09-29;9;1261
1;2025-09-29;10;1099
1;2025-09-29;11;1032
1;2025-09-29;12;990
1;2025-09-29;13;989
1;2025-09-29;14;948
1;2025-09-29;15;974
1;2025-09-29;16;1087
1;2025-09-29;17;1344
1;2025-09-29;18;1460
1;2025-09-29;19;1205
1;2025-09-29;20;787
1;2025-09-29;21;486
1;2025-09-29;22;258
1;2025-09-29;23;50
1;2025-09-30;0;28
1;2025-09-30;1;0
1;2025-09-30;2;0
1;2025-09-30;3;0
1;2025-09-30;4;0
1;2025-09-30;5;86
1;2025-09-30;6;455
1;2025-09-30;7;1174
1;2025-09-30;8;1544
1;2025-09-30;9;1326
1;2025-09-30;10;1148
1;2025-09-30;11;1069
1;2025-09-30;12;1029
1;2025-09-30;13;1019
1;2025-09-30;14;973
1;2025-09-30;15;991
1;2025-09-30;16;1097
1;2025-09-30;17;1373
1;2025-09-30;18;1532
1;2025-09-30;19;1224
1;2025-09-30;20;806
1;2025-09-30;21;503
1;2025-09-30;22;268
1;2025-09-30;23;53
5;2025-08-01;0;0
5;2025-08-01;1;0
5;2025-08-01;2;0
5;2025-08-01;3;0
5;2025-08-01;4;0
5;2025-08-01;5;0
5;2025-08-01;6;0
5;2025-08-01;7;0
5;2025-08-01;8;0
5;2025-08-01;9;0
5;2025-08-01;10;0
5;2025-08-01;11;0
5;2025-08-01;12;0
5;2025-08-01;13;0
5;2025-08-01;14;0
5;2025-08-01;15;0
5;2025-08-01;16;0
5;2025-08-01;17;0
5;2025-08-01;18;0
5;2025-08-01;19;0
5;2025-08-01;20;0
5;2025-08-01;21;0
5;2025-08-01;22;0
5;2025-08-01;23;0
5;2025-08-02;0;0
5;2025-08-02;1;0
5;2025-08-02;2;0
5;2025-08-02;3;0
5;2025-08-02;4;0
5;2025-08-02;5;0
5;2025-08-02;6;0
5;2025-08-02;7;0
5;2025-08-02;8;0
5;2025-08-02;9;0
5;2025-08-02;10;0
5;2025-08-02;11;0
5;2025-08-02;12;0
5;2025-08-02;13;0
5;2025-08-02;14;0
5;2025-08-02;15;0
5;2025-08-02;16;0
5;2025-08-02;17;0
5;2025-08-02;18;0
5;2025-08-02;19;0
5;2025-08-02;20;0
5;2025-08-02;21;0
5;2025-08-02;22;0
5;2025-08-02;23;0
5;2025-08-03;0;0
5;2025-08-03;1;0
5;2025-08-03;2;0
5;2025-08-03;3;0
5;2025-08-03;4;0
5;2025-08-03;5;0
5;2025-08-03;6;0
5;2025-08-03;7;0
5;2025-08-03;8;0
5;2025-08-03;9;0
5;2025-08-03;10;0
5;2025-08-03;11;0
5;2025-08-03;12;0
5;2025-08-03;13;0
5;2025-08-03;14;0
5;2025-08-03;15;0
5;2025-08-03;16;0
5;2025-08-03;17;0
5;2025-08-03;18;0
5;2025-08-03;19;0
5;2025-08-03;20;0
5;2025-08-03;21;0
5;2025-08-03;22;0
5;2025-08-03;23;0
5;2025-08-04;0;0
5;2025-08-04;1;0
5;2025-08-04;2;0
5;2025-08-04;3;0
5;2025-08-04;4;0
5;2025-08-04;5;0
5;2025-08-04;6;0
5;2025-08-04;7;0
5;2025-08-04;8;0
5;2025-08-04;9;0
5;2025-08-04;10;0
5;2025-08-04;11;0
5;2025-08-04;12;0
5;2025-08-04;13;0
5;2025-08-04;14;0
5;2025-08-04;15;0
5;2025-08-04;16;0
5;2025-08-04;17;0
5;2025-08-04;18;0
5;2025-08-04;19;0
5;2025-08-04;20;0
5;2025-08-04;21;0
5;2025-08-04;22;0
5;2025-08-04;23;0
5;2025-08-05;0;0
5;2025-08-05;1;0
5;2025-08-05;2;0
5;2025-08-05;3;0
5;2025-08-05;4;0
5;2025-08-05;5;0
5;2025-08-05;6;0
5;2025-08-05;7;0
5;2025-08-05;8;0
5;2025-08-05;9;0
5;2025-08-05;10;0
5;2025-08-05;11;0
5;2025-08-05;12;0
5;2025-08-05;13;0
5;2025-08-05;14;0
5;2025-08-05;15;0
5;2025-08-05;16;0
5;2025-08-05;17;0
5;2025-08-05;18;0
5;2025-08-05;19;0
5;2025-08-05;20;0
5;2025-08-05;21;0
5;2025-08-05;22;0
5;2025-08-05;23;0
5;2025-08-06;0;0
5;2025-08-06;1;0
5;2025-08-06;2;0
5;2025-08-06;3;0
5;2025-08-06;4;0
5;2025-08-06;5;0
5;2025-08-06;6;0
5;2025-08-06;7;0
5;2025-08-06;8;0
5;2025-08-06;9;0
5;2025-08-06;10;0
5;2025-08-06;11;0
5;2025-08-06;12;0
5;2025-08-06;13;0
5;2025-08-06;14;0
5;2025-08-06;15;0
5;2025-08-06;16;0
5;2025-08-06;17;0
5;2025-08-06;18;0
5;2025-08-06;19;0
5;2025-08-06;20;0
5;2025-08-06;21;0
5;2025-08-06;22;0
5;2025-08-06;23;0
5;2025-08-07;0;0
5;2025-08-07;1;0
5;2025-08-07;2;0
5;2025-08-07;3;0
5;2025-08-07;4;0
5;2025-08-07;5;0
5;2025-08-07;6;0
5;2025-08-07;7;0
5;2025-08-07;8;0
5;2025-08-07;9;0
5;2025-08-07;10;0
5;2025-08-07;11;0
5;2025-08-07;12;0
5;2025-08-07;13;0
5;2025-08-07;14;0
5;2025-08-07;15;0
5;2025-08-07;16;0
5;2025-08-07;17;0
5;2025-08-07;18;0
5;2025-08-07;19;0
5;2025-08-07;20;0
5;2025-08-07;21;0
5;2025-08-07;22;0
5;2025-08-07;23;0
5;2025-08-08;0;0
5;2025-08-08;1;0
5;2025-08-08;2;0
5;2025-08-08;3;0
5;2025-08-08;4;0
5;2025-08-08;5;0
5;2025-08-08;6;0
5;2025-08-08;7;0
5;2025-08-08;8;0
5;2025-08-08;9;0
5;2025-08-08;10;0
5;2025-08-08;11;0
5;2025-08-08;12;0
5;2025-08-08;13;0
5;2025-08-08;14;0
5;2025-08-08;15;0
5;2025-08-08;16;0
5;2025-08-08;17;0
5;2025-08-08;18;0
5;2025-08-08;19;0
5;2025-08-08;20;0
5;2025-08-08;21;0
5;2025-08-08;22;0
5;2025-08-08;23;0
5;2025-08-09;0;0
5;2025-08-09;1;0
5;2025-08-09;2;0
5;2025-08-09;3;0
5;2025-08-09;4;0
5;2025-08-09;5;0
5;2025-08-09;6;0
5;2025-08-09;7;0
5;2025-08-09;8;0
5;2025-08-09;9;0
5;2025-08-09;10;0
5;2025-08-09;11;0
5;2025-08-09;12;0
5;2025-08-09;13;0
5;2025-08-09;14;0
5;2025-08-09;15;0
5;2025-08-09;16;0
5;2025-08-09;17;0
5;2025-08-09;18;0
5;2025-08-09;19;0
5;2025-08-09;20;0
5;2025-08-09;21;0
5;2025-08-09;22;0
5;2025-08-09;23;0
5;2025-08-10;0;0
5;2025-08-10;1;0
5;2025-08-10;2;0
5;2025-08-10;3;0
5;2025-08-10;4;0
5;2025-08-10;5;0
5;2025-08-10;6;0
5;2025-08-10;7;0
5;2025-08-10;8;0
5;2025-08-10;9;0
5;2025-08-10;10;0
5;2025-08-10;11;0
5;2025-08-10;12;0
5;2025-08-10;13;0
5;2025-08-10;14;0
5;2025-08-10;15;0
5;2025-08-10;16;0
5;2025-08-10;17;0
5;2025-08-10;18;0
5;2025-08-10;19;0
5;2025-08-10;20;0
5;2025-08-10;21;0
5;2025-08-10;22;0
5;2025-08-10;23;0
5;2025-08-11;0;0
5;2025-08-11;1;0
5;2025-08-11;2;0
5;2025-08-11;3;0
5;2025-08-11;4;0
5;2025-08-11;5;0
5;2025-08-11;6;0
5;2025-08-11;7;0
5;2025-08-11;8;0
5;2025-08-11;9;0
5;2025-08-11;10;0
5;2025-08-11;11;0
5;2025-08-11;12;0
5;2025-08-11;13;0
5;2025-08-11;14;0
5;2025-08-11;15;0
5;2025-08-11;16;0
5;2025-08-11;17;0
5;2025-08-11;18;0
5;2025-08-11;19;0
5;2025-08-11;20;0
5;2025-08-11;21;0
5;2025-08-11;22;0
5;2025-08-11;23;0
5;2025-08-12;0;0
5;2025-08-12;1;0
5;2025-08-12;2;0
5;2025-08-12;3;0
5;2025-08-12;4;0
5;2025-08-12;5;0
5;2025-08-12;6;0
5;2025-08-12;7;0
5;2025-08-12;8;0
5;2025-08-12;9;0
5;2025-08-12;10;0
5;2025-08-12;11;0
5;2025-08-12;12;0
5;2025-08-12;13;0
5;2025-08-12;14;0
5;2025-08-12;15;0
5;2025-08-12;16;0
5;2025-08-12;17;0
5;2025-08-12;18;0
5;2025-08-12;19;0
5;2025-08-12;20;0
5;2025-08-12;21;0
5;2025-08-12;22;0
5;2025-08-12;23;0
5;2025-08-13;0;0
5;2025-08-13;1;0
5;2025-08-13;2;0
5;2025-08-13;3;0
5;2025-08-13;4;0
5;2025-08-13;5;0
5;2025-08-13;6;0
5;2025-08-13;7;0
5;2025-08-13;8;0
5;2025-08-13;9;0
5;2025-08-13;10;0
5;2025-08-13;11;0
5;2025-08-13;12;0
5;2025-08-13;13;0
5;2025-08-13;14;0
5;2025-08-13;15;0
5;2025-08-13;16;0
5;2025-08-13;17;0
5;2025-08-13;18;0
5;2025-08-13;19;0
5;2025-08-13;20;0
5;2025-08-13;21;0
5;2025-08-13;22;0
5;2025-08-13;23;0
5;2025-08-14;0;0
5;2025-08-14;1;0
5;2025-08-14;2;0
5;2025-08-14;3;0
5;2025-08-14;4;0
5;2025-08-14;5;0
5;2025-08-14;6;0
5;2025-08-14;7;0
5;2025-08-14;8;0
5;2025-08-14;9;0
5;2025-08-14;10;0
5;2025-08-14;11;0
5;2025-08-14;12;0
5;2025-08-14;13;0
5;2025-08-14;14;0
5;2025-08-14;15;0
5;2025-08-14;16;0
5;2025-08-14;17;0
5;2025-08-14;18;0
5;2025-08-14;19;0
5;2025-08-14;20;0
5;2025-08-14;21;0
5;2025-08-14;22;0
5;2025-08-14;23;0
5;2025-08-15;0;0
5;2025-08-15;1;0
5;2025-08-15;2;0
5;2025-08-15;3;0
5;2025-08-15;4;0
5;2025-08-15;5;0
5;2025-08-15;6;0
5;2025-08-15;7;0
5;2025-08-15;8;0
5;2025-08-15;9;0
5;2025-08-15;10;0
5;2025-08-15;11;0
5;2025-08-15;12;0
5;2025-08-15;13;0
5;2025-08-15;14;0
5;2025-08-15;15;0
5;2025-08-15;16;0
5;2025-08-15;17;0
5;2025-08-15;18;0
5;2025-08-15;19;0
5;2025-08-15;20;0
5;2025-08-15;21;0
5;2025-08-15;22;0
5;2025-08-15;23;0
5;2025-08-16;0;0
5;2025-08-16;1;0
5;2025-08-16;2;0
5;2025-08-16;3;0
5;2025-08-16;4;0
5;2025-08-16;5;0
5;2025-08-16;6;0
5;2025-08-16;7;0
5;2025-08-16;8;0
5;2025-08-16;9;0
5;2025-08-16;10;0
5;2025-08-16;11;0
5;2025-08-16;12;0
5;2025-08-16;13;0
5;2025-08-16;14;0
5;2025-08-16;15;0
5;2025-08-16;16;0
5;2025-08-16;17;0
5;2025-08-16;18;0
5;2025-08-16;19;0
5;2025-08-16;20;0
5;2025-08-16;21;0
5;2025-08-16;22;0
5;2025-08-16;23;0
5;2025-08-17;0;0
5;2025-08-17;1;0
5;2025-08-17;2;0
5;2025-08-17;3;0
5;2025-08-17;4;0
5;2025-08-17;5;0
5;2025-08-17;6;0
5;2025-08-17;7;0
5;2025-08-17;8;0
5;2025-08-17;9;0
5;2025-08-17;10;0
5;2025-08-17;11;0
5;2025-08-17;12;0
5;2025-08-17;13;0
5;2025-08-17;14;0
5;2025-08-17;15;0
5;2025-08-17;16;0
5;2025-08-17;17;0
5;2025-08-17;18;0
5;2025-08-17;19;0
5;2025-08-17;20;0
5;2025-08-17;21;0
5;2025-08-17;22;0
5;2025-08-17;23;0
5;2025-08-18;0;0
5;2025-08-18;1;0
5;2025-08-18;2;0
5;2025-08-18;3;0
5;2025-08-18;4;0
5;2025-08-18;5;0
5;2025-08-18;6;0
5;2025-08-18;7;0
5;2025-08-18;8;0
5;2025-08-18;9;0
5;2025-08-18;10;0
5;2025-08-18;11;0
5;2025-08-18;12;0
5;2025-08-18;13;0
5;2025-08-18;14;0
5;2025-08-18;15;0
5;2025-08-18;16;0
5;2025-08-18;17;0
5;2025-08-18;18;0
5;2025-08-18;19;0
5;2025-08-18;20;0
5;2025-08-18;21;0
5;2025-08-18;22;0
5;2025-08-18;23;0
5;2025-08-19;0;0
5;2025-08-19;1;0
5;2025-08-19;2;0
5;2025-08-19;3;0
5;2025-08-19;4;0
5;2025-08-19;5;0
5;2025-08-19;6;0
5;2025-08-19;7;0
5;2025-08-19;8;0
5;2025-08-19;9;0
5;2025-08-19;10;0
5;2025-08-19;11;0
5;2025-08-19;12;0
5;2025-08-19;13;0
5;2025-08-19;14;0
5;2025-08-19;15;0
5;2025-08-19;16;0
5;2025-08-19;17;0
5;2025-08-19;18;0
5;2025-08-19;19;0
5;2025-08-19;20;0
5;2025-08-19;21;0
5;2025-08-19;22;0
5;2025-08-19;23;0
5;2025-08-20;0;0
5;2025-08-20;1;0
5;2025-08-20;2;0
5;2025-08-20;3;0
5;2025-08-20;4;0
5;2025-08-20;5;0
5;2025-08-20;6;0
5;2025-08-20;7;0
5;2025-08-20;8;0
5;2025-08-20;9;0
5;2025-08-20;10;0
5;2025-08-20;11;0
5;2025-08-20;12;0
5;2025-08-20;13;0
5;2025-08-20;14;0
5;2025-08-20;15;0
5;2025-08-20;16;0
5;2025-08-20;17;0
5;2025-08-20;18;0
5;2025-08-20;19;0
5;2025-08-20;20;0
5;2025-08-20;21;0
5;2025-08-20;22;0
5;2025-08-20;23;0
5;2025-08-21;0;0
5;2025-08-21;1;0
5;2025-08-21;2;0
5;2025-08-21;3;0
5;2025-08-21;4;0
5;2025-08-21;5;0
5;2025-08-21;6;0
5;2025-08-21;7;0
5;2025-08-21;8;0
5;2025-08-21;9;0
5;2025-08-21;10;0
5;2025-08-21;11;0
5;2025-08-21;12;0
5;2025-08-21;13;0
5;2025-08-21;14;0
5;2025-08-21;15;0
5;2025-08-21;16;0
5;2025-08-21;17;0
5;2025-08-21;18;0
5;2025-08-21;19;0
5;2025-08-21;20;0
5;2025-08-21;21;0
5;2025-08-21;22;0
5;2025-08-21;23;0
5;2025-08-22;0;0
5;2025-08-22;1;0
5;2025-08-22;2;0
5;2025-08-22;3;0
5;2025-08-22;4;0
5;2025-08-22;5;0
5;2025-08-22;6;0
5;2025-08-22;7;0
5;2025-08-22;8;0
5;2025-08-22;9;0
5;2025-08-22;10;0
5;2025-08-22;11;0
5;2025-08-22;12;0
5;2025-08-22;13;0
5;2025-08-22;14;0
5;2025-08-22;15;0
5;2025-08-22;16;0
5;2025-08-22;17;0
5;2025-08-22;18;0
5;2025-08-22;19;0
5;2025-08-22;20;0
5;2025-08-22;21;0
5;2025-08-22;22;0
5;2025-08-22;23;0
5;2025-08-23;0;0
5;2025-08-23;1;0
5;2025-08-23;2;0
5;2025-08-23;3;0
5;2025-08-23;4;0
5;2025-08-23;5;0
5;2025-08-23;6;0
5;2025-08-23;7;0
5;2025-08-23;8;0
5;2025-08-23;9;0
5;2025-08-23;10;0
5;2025-08-23;11;0
5;2025-08-23;12;0
5;2025-08-23;13;0
5;2025-08-23;14;0
5;2025-08-23;15;0
5;2025-08-23;16;0
5;2025-08-23;17;0
5;2025-08-23;18;0
5;2025-08-23;19;0
5;2025-08-23;20;0
5;2025-08-23;21;0
5;2025-08-23;22;0
5;2025-08-23;23;0
5;2025-08-24;0;0
5;2025-08-24;1;0
5;2025-08-24;2;0
5;2025-08-24;3;0
5;2025-08-24;4;0
5;2025-08-24;5;0
5;2025-08-24;6;0
5;2025-08-24;7;0
5;2025-08-24;8;0
5;2025-08-24;9;0
5;2025-08-24;10;0
5;2025-08-24;11;0
5;2025-08-24;12;0
5;2025-08-24;13;0
5;2025-08-24;14;0
5;2025-08-24;15;0
5;2025-08-24;16;0
5;2025-08-24;17;0
5;2025-08-24;18;0
5;2025-08-24;19;0
5;2025-08-24;20;0
5;2025-08-24;21;0
5;2025-08-24;22;0
5;2025-08-24;23;0
5;2025-08-25;0;0
5;2025-08-25;1;0
5;2025-08-25;2;0
5;2025-08-25;3;0
5;2025-08-25;4;0
5;2025-08-25;5;0
5;2025-08-25;6;0
5;2025-08-25;7;0
5;2025-08-25;8;0
5;2025-08-25;9;0
5;2025-08-25;10;0
5;2025-08-25;11;0
5;2025-08-25;12;0
5;2025-08-25;13;0
5;2025-08-25;14;0
5;2025-08-25;15;0
5;2025-08-25;16;0
5;2025-08-25;17;0
5;2025-08-25;18;0
5;2025-08-25;19;0
5;2025-08-25;20;0
5;2025-08-25;21;0
5;2025-08-25;22;0
5;2025-08-25;23;0
5;2025-08-26;0;0
5;2025-08-26;1;0
5;2025-08-26;2;0
5;2025-08-26;3;0
5;2025-08-26;4;0
5;2025-08-26;5;0
5;2025-08-26;6;0
5;2025-08-26;7;0
5;2025-08-26;8;0
5;2025-08-26;9;0
5;2025-08-26;10;0
5;2025-08-26;11;0
5;2025-08-26;12;0
5;2025-08-26;13;0
5;2025-08-26;14;0
5;2025-08-26;15;0
5;2025-08-26;16;0
5;2025-08-26;17;0
5;2025-08-26;18;0
5;2025-08-26;19;0
5;2025-08-26;20;0
5;2025-08-26;21;0
5;2025-08-26;22;0
5;2025-08-26;23;0
5;2025-08-27;0;0
5;2025-08-27;1;0
5;2025-08-27;2;0
5;2025-08-27;3;0
5;2025-08-27;4;0
5;2025-08-27;5;0
5;2025-08-27;6;0
5;2025-08-27;7;0
5;2025-08-27;8;0
5;2025-08-27;9;0
5;2025-08-27;10;0
5;2025-08-27;11;0
5;2025-08-27;12;0
5;2025-08-27;13;0
5;2025-08-27;14;0
5;2025-08-27;15;0
5;2025-08-27;16;0
5;2025-08-27;17;0
5;2025-08-27;18;0
5;2025-08-27;19;0
5;2025-08-27;20;0
5;2025-08-27;21;0
5;2025-08-27;22;0
5;2025-08-27;23;0
5;2025-08-28;0;0
5;2025-08-28;1;0
5;2025-08-28;2;0
5;2025-08-28;3;0
5;2025-08-28;4;0
5;2025-08-28;5;0
5;2025-08-28;6;0
5;2025-08-28;7;0
5;2025-08-28;8;0
5;2025-08-28;9;0
5;2025-08-28;10;0
5;2025-08-28;11;0
5;2025-08-28;12;0
5;2025-08-28;13;0
5;2025-08-28;14;0
5;2025-08-28;15;0
5;2025-08-28;16;0
5;2025-08-28;17;0
5;2025-08-28;18;0
5;2025-08-28;19;0
5;2025-08-28;20;0
5;2025-08-28;21;0
5;2025-08-28;22;0
5;2025-08-28;23;0
5;2025-08-29;0;0
5;2025-08-29;1;0
5;2025-08-29;2;0
5;2025-08-29;3;0
5;2025-08-29;4;0
5;2025-08-29;5;0
5;2025-08-29;6;0
5;2025-08-29;7;0
5;2025-08-29;8;0
5;2025-08-29;9;0
5;2025-08-29;10;0
5;2025-08-29;11;0
5;2025-08-29;12;0
5;2025-08-29;13;0
5;2025-08-29;14;0
5;2025-08-29;15;0
5;2025-08-29;16;0
5;2025-08-29;17;0
5;2025-08-29;18;0
5;2025-08-29;19;0
5;2025-08-29;20;0
5;2025-08-29;21;0
5;2025-08-29;22;0
5;2025-08-29;23;0
5;2025-08-30;0;0
5;2025-08-30;1;0
5;2025-08-30;2;0
5;2025-08-30;3;0
5;2025-08-30;4;0
5;2025-08-30;5;0
5;2025-08-30;6;0
5;2025-08-30;7;0
5;2025-08-30;8;0
5;2025-08-30;9;0
5;2025-08-30;10;0
5;2025-08-30;11;0
5;2025-08-30;12;0
5;2025-08-30;13;0
5;2025-08-30;14;0
5;2025-08-30;15;0
5;2025-08-30;16;0
5;2025-08-30;17;0
5;2025-08-30;18;0
5;2025-08-30;19;0
5;2025-08-30;20;0
5;2025-08-30;21;0
5;2025-08-30;22;0
5;2025-08-30;23;0
5;2025-08-31;0;0
5;2025-08-31;1;0
5;2025-08-31;2;0
5;2025-08-31;3;0
5;2025-08-31;4;0
5;2025-08-31;5;0
5;2025-08-31;6;0
5;2025-08-31;7;0
5;2025-08-31;8;0
5;2025-08-31;9;0
5;2025-08-31;10;0
5;2025-08-31;11;0
5;2025-08-31;12;0
5;2025-08-31;13;0
5;2025-08-31;14;0
5;2025-08-31;15;0
5;2025-08-31;16;0
5;2025-08-31;17;0
5;2025-08-31;18;0
5;2025-08-31;19;0
5;2025-08-31;20;0
5;2025-08-31;21;0
5;2025-08-31;22;0
5;2025-08-31;23;0
5;2025-09-01;0;0
5;2025-09-01;1;0
5;2025-09-01;2;0
5;2025-09-01;3;0
5;2025-09-01;4;0
5;2025-09-01;5;0
5;2025-09-01;6;0
5;2025-09-01;7;0
5;2025-09-01;8;0
5;2025-09-01;9;0
5;2025-09-01;10;0
5;2025-09-01;11;0
5;2025-09-01;12;0
5;2025-09-01;13;0
5;2025-09-01;14;0
5;2025-09-01;15;0
5;2025-09-01;16;0
5;2025-09-01;17;0
5;2025-09-01;18;0
5;2025-09-01;19;0
5;2025-09-01;20;0
5;2025-09-01;21;0
5;2025-09-01;22;0
5;2025-09-01;23;0
5;2025-09-02;0;0
5;2025-09-02;1;0
5;2025-09-02;2;0
5;2025-09-02;3;0
5;2025-09-02;4;0
5;2025-09-02;5;0
5;2025-09-02;6;0
5;2025-09-02;7;0
5;2025-09-02;8;0
5;2025-09-02;9;0
5;2025-09-02;10;0
5;2025-09-02;11;0
5;2025-09-02;12;0
5;2025-09-02;13;0
5;2025-09-02;14;0
5;2025-09-02;15;0
5;2025-09-02;16;0
5;2025-09-02;17;0
5;2025-09-02;18;0
5;2025-09-02;19;0
5;2025-09-02;20;0
5;2025-09-02;21;0
5;2025-09-02;22;0
5;2025-09-02;23;0
5;2025-09-03;0;0
5;2025-09-03;1;0
5;2025-09-03;2;0
5;2025-09-03;3;0
5;2025-09-03;4;0
5;2025-09-03;5;0
5;2025-09-03;6;0
5;2025-09-03;7;0
5;2025-09-03;8;0
5;2025-09-03;9;0
5;2025-09-03;10;0
5;2025-09-03;11;0
5;2025-09-03;12;0
5;2025-09-03;13;0
5;2025-09-03;14;0
5;2025-09-03;15;0
5;2025-09-03;16;0
5;2025-09-03;17;0
5;2025-09-03;18;0
5;2025-09-03;19;0
5;2025-09-03;20;0
5;2025-09-03;21;0
5;2025-09-03;22;0
5;2025-09-03;23;0
5;2025-09-04;0;0
5;2025-09-04;1;0
5;2025-09-04;2;0
5;2025-09-04;3;0
5;2025-09-04;4;0
5;2025-09-04;5;0
5;2025-09-04;6;0
5;2025-09-04;7;0
5;2025-09-04;8;0
5;2025-09-04;9;0
5;2025-09-04;10;0
5;2025-09-04;11;0
5;2025-09-04;12;0
5;2025-09-04;13;0
5;2025-09-04;14;0
5;2025-09-04;15;0
5;2025-09-04;16;0
5;2025-09-04;17;0
5;2025-09-04;18;0
5;2025-09-04;19;0
5;2025-09-04;20;0
5;2025-09-04;21;0
5;2025-09-04;22;0
5;2025-09-04;23;0
5;2025-09-05;0;0
5;2025-09-05;1;0
5;2025-09-05;2;0
5;2025-09-05;3;0
5;2025-09-05;4;0
5;2025-09-05;5;0
5;2025-09-05;6;0
5;2025-09-05;7;0
5;2025-09-05;8;0
5;2025-09-05;9;0
5;2025-09-05;10;0
5;2025-09-05;11;0
5;2025-09-05;12;0
5;2025-09-05;13;0
5;2025-09-05;14;0
5;2025-09-05;15;0
5;2025-09-05;16;0
5;2025-09-05;17;0
5;2025-09-05;18;0
5;2025-09-05;19;0
5;2025-09-05;20;0
5;2025-09-05;21;0
5;2025-09-05;22;0
5;2025-09-05;23;0
5;2025-09-06;0;0
5;2025-09-06;1;0
5;2025-09-06;2;0
5;2025-09-06;3;0
5;2025-09-06;4;0
5;2025-09-06;5;0
5;2025-09-06;6;0
5;2025-09-06;7;0
5;2025-09-06;8;0
5;2025-09-06;9;0
5;2025-09-06;10;0
5;2025-09-06;11;0
5;2025-09-06;12;0
5;2025-09-06;13;0
5;2025-09-06;14;0
5;2025-09-06;15;0
5;2025-09-06;16;0
5;2025-09-06;17;0
5;2025-09-06;18;0
5;2025-09-06;19;0
5;2025-09-06;20;0
5;2025-09-06;21;0
5;2025-09-06;22;0
5;2025-09-06;23;0
5;2025-09-07;0;0
5;2025-09-07;1;0
5;2025-09-07;2;0
5;2025-09-07;3;0
5;2025-09-07;4;0
5;2025-09-07;5;0
5;2025-09-07;6;0
5;2025-09-07;7;0
5;2025-09-07;8;0
5;2025-09-07;9;0
5;2025-09-07;10;0
5;2025-09-07;11;0
5;2025-09-07;12;0
5;2025-09-07;13;0
5;2025-09-07;14;0
5;2025-09-07;15;0
5;2025-09-07;16;0
5;2025-09-07;17;0
5;2025-09-07;18;0
5;2025-09-07;19;0
5;2025-09-07;20;0
5;2025-09-07;21;0
5;2025-09-07;22;0
5;2025-09-07;23;0
5;2025-09-08;0;0
5;2025-09-08;1;0
5;2025-09-08;2;0
5;2025-09-08;3;0
5;2025-09-08;4;0
5;2025-09-08;5;0
5;2025-09-08;6;0
5;2025-09-08;7;0
5;2025-09-08;8;0
5;2025-09-08;9;0
5;2025-09-08;10;0
5;2025-09-08;11;0
5;2025-09-08;12;0
5;2025-09-08;13;0
5;2025-09-08;14;0
5;2025-09-08;15;0
5;2025-09-08;16;0
5;2025-09-08;17;0
5;2025-09-08;18;0
5;2025-09-08;19;0
5;2025-09-08;20;0
5;2025-09-08;21;0
5;2025-09-08;22;0
5;2025-09-08;23;0
5;2025-09-09;0;0
5;2025-09-09;1;0
5;2025-09-09;2;0
5;2025-09-09;3;0
5;2025-09-09;4;0
5;2025-09-09;5;0
5;2025-09-09;6;0
5;2025-09-09;7;0
5;2025-09-09;8;0
5;2025-09-09;9;0
5;2025-09-09;10;0
5;2025-09-09;11;0
5;2025-09-09;12;0
5;2025-09-09;13;0
5;2025-09-09;14;0
5;2025-09-09;15;0
5;2025-09-09;16;0
5;2025-09-09;17;0
5;2025-09-09;18;0
5;2025-09-09;19;0
5;2025-09-09;20;0
5;2025-09-09;21;0
5;2025-09-09;22;0
5;2025-09-09;23;0
5;2025-09-10;0;0
5;2025-09-10;1;0
5;2025-09-10;2;0
5;2025-09-10;3;0
5;2025-09-10;4;0
5;2025-09-10;5;0
5;2025-09-10;6;0
5;2025-09-10;7;0
5;2025-09-10;8;0
5;2025-09-10;9;0
5;2025-09-10;10;0
5;2025-09-10;11;0
5;2025-09-10;12;0
5;2025-09-10;13;0
5;2025-09-10;14;0
5;2025-09-10;15;0
5;2025-09-10;16;0
5;2025-09-10;17;0
5;2025-09-10;18;0
5;2025-09-10;19;0
5;2025-09-10;20;0
5;2025-09-10;21;0
5;2025-09-10;22;0
5;2025-09-10;23;0
5;2025-09-11;0;0
5;2025-09-11;1;0
5;2025-09-11;2;0
5;2025-09-11;3;0
5;2025-09-11;4;0
5;2025-09-11;5;0
5;2025-09-11;6;0
5;2025-09-11;7;0
5;2025-09-11;8;0
5;2025-09-11;9;0
5;2025-09-11;10;0
5;2025-09-11;11;0
5;2025-09-11;12;0
5;2025-09-11;13;0
5;2025-09-11;14;0
5;2025-09-11;15;0
5;2025-09-11;16;0
5;2025-09-11;17;0
5;2025-09-11;18;0
5;2025-09-11;19;0
5;2025-09-11;20;0
5;2025-09-11;21;0
5;2025-09-11;22;0
5;2025-09-11;23;0
5;2025-09-12;0;0
5;2025-09-12;1;0
5;2025-09-12;2;0
5;2025-09-12;3;0
5;2025-09-12;4;0
5;2025-09-12;5;0
5;2025-09-12;6;0
5;2025-09-12;7;0
5;2025-09-12;8;0
5;2025-09-12;9;0
5;2025-09-12;10;0
5;2025-09-12;11;0
5;2025-09-12;12;0
5;2025-09-12;13;0
5;2025-09-12;14;0
5;2025-09-12;15;0
5;2025-09-12;16;0
5;2025-09-12;17;0
5;2025-09-12;18;0
5;2025-09-12;19;0
5;2025-09-12;20;0
5;2025-09-12;21;0
5;2025-09-12;22;0
5;2025-09-12;23;0
5;2025-09-13;0;0
5;2025-09-13;1;0
5;2025-09-13;2;0
5;2025-09-13;3;0
5;2025-09-13;4;0
5;2025-09-13;5;0
5;2025-09-13;6;0
5;2025-09-13;7;0
5;2025-09-13;8;0
5;2025-09-13;9;0
5;2025-09-13;10;0
5;2025-09-13;11;0
5;2025-09-13;12;0
5;2025-09-13;13;0
5;2025-09-13;14;0
5;2025-09-13;15;0
5;2025-09-13;16;0
5;2025-09-13;17;0
5;2025-09-13;18;0
5;2025-09-13;19;0
5;2025-09-13;20;0
5;2025-09-13;21;0
5;2025-09-13;22;0
5;2025-09-13;23;0
5;2025-09-14;0;0
5;2025-09-14;1;0
5;2025-09-14;2;0
5;2025-09-14;3;0
5;2025-09-14;4;0
5;2025-09-14;5;0
5;2025-09-14;6;0
5;2025-09-14;7;0
5;2025-09-14;8;0
5;2025-09-14;9;0
5;2025-09-14;10;0
5;2025-09-14;11;0
5;2025-09-14;12;0
5;2025-09-14;13;0
5;2025-09-14;14;0
5;2025-09-14;15;0
5;2025-09-14;16;0
5;2025-09-14;17;0
5;2025-09-14;18;0
5;2025-09-14;19;0
5;2025-09-14;20;0
5;2025-09-14;21;0
5;2025-09-14;22;0
5;2025-09-14;23;0
5;2025-09-15;0;0
5;2025-09-15;1;0
5;2025-09-15;2;0
5;2025-09-15;3;0
5;2025-09-15;4;0
5;2025-09-15;5;0
5;2025-09-15;6;0
5;2025-09-15;7;0
5;2025-09-15;8;0
5;2025-09-15;9;0
5;2025-09-15;10;0
5;2025-09-15;11;0
5;2025-09-15;12;0
5;2025-09-15;13;0
5;2025-09-15;14;0
5;2025-09-15;15;0
5;2025-09-15;16;0
5;2025-09-15;17;0
5;2025-09-15;18;0
5;2025-09-15;19;0
5;2025-09-15;20;0
5;2025-09-15;21;0
5;2025-09-15;22;0
5;2025-09-15;23;0
5;2025-09-16;0;0
5;2025-09-16;1;0
5;2025-09-16;2;0
5;2025-09-16;3;0
5;2025-09-16;4;0
5;2025-09-16;5;0
5;2025-09-16;6;0
5;2025-09-16;7;0
5;2025-09-16;8;0
5;2025-09-16;9;0
5;2025-09-16;10;0
5;2025-09-16;11;0
5;2025-09-16;12;0
5;2025-09-16;13;0
5;2025-09-16;14;0
5;2025-09-16;15;0
5;2025-09-16;16;0
5;2025-09-16;17;0
5;2025-09-16;18;0
5;2025-09-16;19;0
5;2025-09-16;20;0
5;2025-09-16;21;0
5;2025-09-16;22;0
5;2025-09-16;23;0
5;2025-09-17;0;0
5;2025-09-17;1;0
5;2025-09-17;2;0
5;2025-09-17;3;0
5;2025-09-17;4;0
5;2025-09-17;5;0
5;2025-09-17;6;0
5;2025-09-17;7;0
5;2025-09-17;8;0
5;2025-09-17;9;0
5;2025-09-17;10;0
5;2025-09-17;11;0
5;2025-09-17;12;0
5;2025-09-17;13;0
5;2025-09-17;14;0
5;2025-09-17;15;0
5;2025-09-17;16;0
5;2025-09-17;17;0
5;2025-09-17;18;0
5;2025-09-17;19;0
5;2025-09-17;20;0
5;2025-09-17;21;0
5;2025-09-17;22;0
5;2025-09-17;23;0
5;2025-09-18;0;0
5;2025-09-18;1;0
5;2025-09-18;2;0
5;2025-09-18;3;0
5;2025-09-18;4;0
5;2025-09-18;5;0
5;2025-09-18;6;0
5;2025-09-18;7;0
5;2025-09-18;8;0
5;2025-09-18;9;0
5;2025-09-18;10;0
5;2025-09-18;11;0
5;2025-09-18;12;0
5;2025-09-18;13;0
5;2025-09-18;14;0
5;2025-09-18;15;0
5;2025-09-18;16;0
5;2025-09-18;17;0
5;2025-09-18;18;0
5;2025-09-18;19;0
5;2025-09-18;20;0
5;2025-09-18;21;0
5;2025-09-18;22;0
5;2025-09-18;23;0
5;2025-09-19;0;0
5;2025-09-19;1;0
5;2025-09-19;2;0
5;2025-09-19;3;0
5;2025-09-19;4;0
5;2025-09-19;5;0
5;2025-09-19;6;0
5;2025-09-19;7;0
5;2025-09-19;8;0
5;2025-09-19;9;0
5;2025-09-19;10;0
5;2025-09-19;11;0
5;2025-09-19;12;0
5;2025-09-19;13;0
5;2025-09-19;14;0
5;2025-09-19;15;0
5;2025-09-19;16;0
5;2025-09-19;17;0
5;2025-09-19;18;0
5;2025-09-19;19;0
5;2025-09-19;20;0
5;2025-09-19;21;0
5;2025-09-19;22;0
5;2025-09-19;23;0
5;2025-09-20;0;0
5;2025-09-20;1;0
5;2025-09-20;2;0
5;2025-09-20;3;0
5;2025-09-20;4;0
5;2025-09-20;5;0
5;2025-09-20;6;0
5;2025-09-20;7;0
5;2025-09-20;8;0
5;2025-09-20;9;0
5;2025-09-20;10;0
5;2025-09-20;11;0
5;2025-09-20;12;0
5;2025-09-20;13;0
5;2025-09-20;14;0
5;2025-09-20;15;0
5;2025-09-20;16;0
5;2025-09-20;17;0
5;2025-09-20;18;0
5;2025-09-20;19;0
5;2025-09-20;20;0
5;2025-09-20;21;0
5;2025-09-20;22;0
5;2025-09-20;23;0
5;2025-09-21;0;0
5;2025-09-21;1;0
5;2025-09-21;2;0
5;2025-09-21;3;0
5;2025-09-21;4;0
5;2025-09-21;5;0
5;2025-09-21;6;0
5;2025-09-21;7;0
5;2025-09-21;8;0
5;2025-09-21;9;0
5;2025-09-21;10;0
5;2025-09-21;11;0
5;2025-09-21;12;0
5;2025-09-21;13;0
5;2025-09-21;14;0
5;2025-09-21;15;0
5;2025-09-21;16;0
5;2025-09-21;17;0
5;2025-09-21;18;0
5;2025-09-21;19;0
5;2025-09-21;20;0
5;2025-09-21;21;0
5;2025-09-21;22;0
5;2025-09-21;23;0
5;2025-09-22;0;0
5;2025-09-22;1;0
5;2025-09-22;2;0
5;2025-09-22;3;0
5;2025-09-22;4;0
5;2025-09-22;5;0
5;2025-09-22;6;0
5;2025-09-22;7;0
5;2025-09-22;8;0
5;2025-09-22;9;0
5;2025-09-22;10;0
5;2025-09-22;11;0
5;2025-09-22;12;0
5;2025-09-22;13;0
5;2025-09-22;14;0
5;2025-09-22;15;0
5;2025-09-22;16;0
5;2025-09-22;17;0
5;2025-09-22;18;0
5;2025-09-22;19;0
5;2025-09-22;20;0
5;2025-09-22;21;0
5;2025-09-22;22;0
5;2025-09-22;23;0
5;2025-09-23;0;0
5;2025-09-23;1;0
5;2025-09-23;2;0
5;2025-09-23;3;0
5;2025-09-23;4;0
5;2025-09-23;5;0
5;2025-09-23;6;0
5;2025-09-23;7;0
5;2025-09-23;8;0
5;2025-09-23;9;0
5;2025-09-23;10;0
5;2025-09-23;11;0
5;2025-09-23;12;0
5;2025-09-23;13;0
5;2025-09-23;14;0
5;2025-09-23;15;0
5;2025-09-23;16;0
5;2025-09-23;17;0
5;2025-09-23;18;0
5;2025-09-23;19;0
5;2025-09-23;20;0
5;2025-09-23;21;0
5;2025-09-23;22;0
5;2025-09-23;23;0
5;2025-09-24;0;0
5;2025-09-24;1;0
5;2025-09-24;2;0
5;2025-09-24;3;0
5;2025-09-24;4;0
5;2025-09-24;5;0
5;2025-09-24;6;0
5;2025-09-24;7;0
5;2025-09-24;8;0
5;2025-09-24;9;0
5;2025-09-24;10;0
5;2025-09-24;11;0
5;2025-09-24;12;0
5;2025-09-24;13;0
5;2025-09-24;14;0
5;2025-09-24;15;0
5;2025-09-24;16;0
5;2025-09-24;17;0
5;2025-09-24;18;0
5;2025-09-24;19;0
5;2025-09-24;20;0
5;2025-09-24;21;0
5;2025-09-24;22;0
5;2025-09-24;23;0
5;2025-09-25;0;0
5;2025-09-25;1;0
5;2025-09-25;2;0
5;2025-09-25;3;0
5;2025-09-25;4;0
5;2025-09-25;5;0
5;2025-09-25;6;0
5;2025-09-25;7;0
5;2025-09-25;8;0
5;2025-09-25;9;0
5;2025-09-25;10;0
5;2025-09-25;11;0
5;2025-09-25;12;0
5;2025-09-25;13;0
5;2025-09-25;14;0
5;2025-09-25;15;0
5;2025-09-25;16;0
5;2025-09-25;17;0
5;2025-09-25;18;0
5;2025-09-25;19;0
5;2025-09-25;20;0
5;2025-09-25;21;0
5;2025-09-25;22;0
5;2025-09-25;23;0
5;2025-09-26;0;0
5;2025-09-26;1;0
5;2025-09-26;2;0
5;2025-09-26;3;0
5;2025-09-26;4;0
5;2025-09-26;5;0
5;2025-09-26;6;0
5;2025-09-26;7;0
5;2025-09-26;8;0
5;2025-09-26;9;0
5;2025-09-26;10;0
5;2025-09-26;11;0
5;2025-09-26;12;0
5;2025-09-26;13;0
5;2025-09-26;14;0
5;2025-09-26;15;0
5;2025-09-26;16;0
5;2025-09-26;17;0
5;2025-09-26;18;0
5;2025-09-26;19;0
5;2025-09-26;20;0
5;2025-09-26;21;0
5;2025-09-26;22;0
5;2025-09-26;23;0
5;2025-09-27;0;0
5;2025-09-27;1;0
5;2025-09-27;2;0
5;2025-09-27;3;0
5;2025-09-27;4;0
5;2025-09-27;5;0
5;2025-09-27;6;0
5;2025-09-27;7;0
5;2025-09-27;8;0
5;2025-09-27;9;0
5;2025-09-27;10;0
5;2025-09-27;11;0
5;2025-09-27;12;0
5;2025-09-27;13;0
5;2025-09-27;14;0
5;2025-09-27;15;0
5;2025-09-27;16;0
5;2025-09-27;17;0
5;2025-09-27;18;0
5;2025-09-27;19;0
5;2025-09-27;20;0
5;2025-09-27;21;0
5;2025-09-27;22;0
5;2025-09-27;23;0
5;2025-09-28;0;0
5;2025-09-28;1;0
5;2025-09-28;2;0
5;2025-09-28;3;0
5;2025-09-28;4;0
5;2025-09-28;5;0
5;2025-09-28;6;0
5;2025-09-28;7;0
5;2025-09-28;8;0
5;2025-09-28;9;0
5;2025-09-28;10;0
5;2025-09-28;11;0
5;2025-09-28;12;0
5;2025-09-28;13;0
5;2025-09-28;14;0
5;2025-09-28;15;0
5;2025-09-28;16;0
5;2025-09-28;17;0
5;2025-09-28;18;0
5;2025-09-28;19;0
5;2025-09-28;20;0
5;2025-09-28;21;0
5;2025-09-28;22;0
5;2025-09-28;23;0
5;2025-09-29;0;0
5;2025-09-29;1;0
5;2025-09-29;2;0
5;2025-09-29;3;0
5;2025-09-29;4;0
5;2025-09-29;5;0
5;2025-09-29;6;0
5;2025-09-29;7;0
5;2025-09-29;8;0
5;2025-09-29;9;0
5;2025-09-29;10;0
5;2025-09-29;11;0
5;2025-09-29;12;0
5;2025-09-29;13;0
5;2025-09-29;14;0
5;2025-09-29;15;0
5;2025-09-29;16;0
5;2025-09-29;17;0
5;2025-09-29;18;0
5;2025-09-29;19;0
5;2025-09-29;20;0
5;2025-09-29;21;0
5;2025-09-29;22;0
5;2025-09-29;23;0
5;2025-09-30;0;0
5;2025-09-30;1;0
5;2025-09-30;2;0
5;2025-09-30;3;0
5;2025-09-30;4;0
5;2025-09-30;5;0
5;2025-09-30;6;0
5;2025-09-30;7;0
5;2025-09-30;8;0
5;2025-09-30;9;0
5;2025-09-30;10;0
5;2025-09-30;11;0
5;2025-09-30;12;0
5;2025-09-30;13;0
5;2025-09-30;14;0
5;2025-09-30;15;0
5;2025-09-30;16;0
5;2025-09-30;17;0
5;2025-09-30;18;0
5;2025-09-30;19;0
5;2025-09-30;20;0
5;2025-09-30;21;0
5;2025-09-30;22;0
5;2025-09-30;23;0
7;2025-08-01;0;54
7;2025-08-01;1;0
7;2025-08-01;2;0
7;2025-08-01;3;0
7;2025-08-01;4;0
7;2025-08-01;5;80
7;2025-08-01;6;449
7;2025-08-01;7;663
7;2025-08-01;8;1084
7;2025-08-01;9;650
7;2025-08-01;10;493
7;2025-08-01;11;463
7;2025-08-01;12;470
7;2025-08-01;13;481
7;2025-08-01;14;474
7;2025-08-01;15;510
7;2025-08-01;16;586
7;2025-08-01;17;909
7;2025-08-01;18;923
7;2025-08-01;19;715
7;2025-08-01;20;447
7;2025-08-01;21;396
7;2025-08-01;22;174
7;2025-08-01;23;112
7;2025-08-02;0;64
7;2025-08-02;1;0
7;2025-08-02;2;0
7;2025-08-02;3;0
7;2025-08-02;4;0
7;2025-08-02;5;18
7;2025-08-02;6;190
7;2025-08-02;7;283
7;2025-08-02;8;369
7;2025-08-02;9;438
7;2025-08-02;10;491
7;2025-08-02;11;511
7;2025-08-02;12;512
7;2025-08-02;13;511
7;2025-08-02;14;505
7;2025-08-02;15;490
7;2025-08-02;16;503
7;2025-08-02;17;526
7;2025-08-02;18;530
7;2025-08-02;19;507
7;2025-08-02;20;391
7;2025-08-02;21;287
7;2025-08-02;22;122
7;2025-08-02;23;99
7;2025-08-03;0;67
7;2025-08-03;1;0
7;2025-08-03;2;0
7;2025-08-03;3;0
7;2025-08-03;4;0
7;2025-08-03;5;3
7;2025-08-03;6;151
7;2025-08-03;7;237
7;2025-08-03;8;332
7;2025-08-03;9;442
7;2025-08-03;10;508
7;2025-08-03;11;540
7;2025-08-03;12;584
7;2025-08-03;13;584
7;2025-08-03;14;574
7;2025-08-03;15;565
7;2025-08-03;16;561
7;2025-08-03;17;584
7;2025-08-03;18;589
7;2025-08-03;19;498
7;2025-08-03;20;402
7;2025-08-03;21;328
7;2025-08-03;22;138
7;2025-08-03;23;77
7;2025-08-04;0;53
7;2025-08-04;1;0
7;2025-08-04;2;0
7;2025-08-04;3;0
7;2025-08-04;4;0
7;2025-08-04;5;98
7;2025-08-04;6;475
7;2025-08-04;7;667
7;2025-08-04;8;1078
7;2025-08-04;9;681
7;2025-08-04;10;513
7;2025-08-04;11;483
7;2025-08-04;12;482
7;2025-08-04;13;470
7;2025-08-04;14;437
7;2025-08-04;15;475
7;2025-08-04;16;550
7;2025-08-04;17;903
7;2025-08-04;18;1119
7;2025-08-04;19;772
7;2025-08-04;20;441
7;2025-08-04;21;377
7;2025-08-04;22;150
7;2025-08-04;23;85
7;2025-08-05;0;45
7;2025-08-05;1;0
7;2025-08-05;2;0
7;2025-08-05;3;0
7;2025-08-05;4;0
7;2025-08-05;5;95
7;2025-08-05;6;462
7;2025-08-05;7;676
7;2025-08-05;8;1109
7;2025-08-05;9;689
7;2025-08-05;10;509
7;2025-08-05;11;479
7;2025-08-05;12;479
7;2025-08-05;13;476
7;2025-08-05;14;438
7;2025-08-05;15;478
7;2025-08-05;16;553
7;2025-08-05;17;943
7;2025-08-05;18;1212
7;2025-08-05;19;772
7;2025-08-05;20;452
7;2025-08-05;21;386
7;2025-08-05;22;160
7;2025-08-05;23;87
7;2025-08-06;0;45
7;2025-08-06;1;0
7;2025-08-06;2;0
7;2025-08-06;3;0
7;2025-08-06;4;0
7;2025-08-06;5;93
7;2025-08-06;6;459
7;2025-08-06;7;670
7;2025-08-06;8;1109
7;2025-08-06;9;695
7;2025-08-06;10;510
7;2025-08-06;11;480
7;2025-08-06;12;479
7;2025-08-06;13;476
7;2025-08-06;14;438
7;2025-08-06;15;479
7;2025-08-06;16;554
7;2025-08-06;17;949
7;2025-08-06;18;1193
7;2025-08-06;19;780
7;2025-08-06;20;460
7;2025-08-06;21;393
7;2025-08-06;22;177
7;2025-08-06;23;99
7;2025-08-07;0;52
7;2025-08-07;1;0
7;2025-08-07;2;0
7;2025-08-07;3;0
7;2025-08-07;4;0
7;2025-08-07;5;89
7;2025-08-07;6;452
7;2025-08-07;7;660
7;2025-08-07;8;1104
7;2025-08-07;9;671
7;2025-08-07;10;500
7;2025-08-07;11;470
7;2025-08-07;12;472
7;2025-08-07;13;469
7;2025-08-07;14;436
7;2025-08-07;15;477
7;2025-08-07;16;552
7;2025-08-07;17;935
7;2025-08-07;18;1204
7;2025-08-07;19;781
7;2025-08-07;20;462
7;2025-08-07;21;394
7;2025-08-07;22;177
7;2025-08-07;23;111
7;2025-08-08;0;54
7;2025-08-08;1;0
7;2025-08-08;2;0
7;2025-08-08;3;0
7;2025-08-08;4;0
7;2025-08-08;5;80
7;2025-08-08;6;449
7;2025-08-08;7;663
7;2025-08-08;8;1084
7;2025-08-08;9;650
7;2025-08-08;10;493
7;2025-08-08;11;463
7;2025-08-08;12;470
7;2025-08-08;13;481
7;2025-08-08;14;474
7;2025-08-08;15;510
7;2025-08-08;16;586
7;2025-08-08;17;909
7;2025-08-08;18;923
7;2025-08-08;19;715
7;2025-08-08;20;447
7;2025-08-08;21;396
7;2025-08-08;22;174
7;2025-08-08;23;112
7;2025-08-09;0;64
7;2025-08-09;1;0
7;2025-08-09;2;0
7;2025-08-09;3;0
7;2025-08-09;4;0
7;2025-08-09;5;18
7;2025-08-09;6;190
7;2025-08-09;7;283
7;2025-08-09;8;369
7;2025-08-09;9;438
7;2025-08-09;10;491
7;2025-08-09;11;511
7;2025-08-09;12;512
7;2025-08-09;13;511
7;2025-08-09;14;505
7;2025-08-09;15;490
7;2025-08-09;16;503
7;2025-08-09;17;526
7;2025-08-09;18;530
7;2025-08-09;19;507
7;2025-08-09;20;391
7;2025-08-09;21;287
7;2025-08-09;22;122
7;2025-08-09;23;99
7;2025-08-10;0;67
7;2025-08-10;1;0
7;2025-08-10;2;0
7;2025-08-10;3;0
7;2025-08-10;4;0
7;2025-08-10;5;3
7;2025-08-10;6;151
7;2025-08-10;7;237
7;2025-08-10;8;332
7;2025-08-10;9;442
7;2025-08-10;10;508
7;2025-08-10;11;540
7;2025-08-10;12;584
7;2025-08-10;13;584
7;2025-08-10;14;574
7;2025-08-10;15;565
7;2025-08-10;16;561
7;2025-08-10;17;584
7;2025-08-10;18;589
7;2025-08-10;19;498
7;2025-08-10;20;402
7;2025-08-10;21;328
7;2025-08-10;22;138
7;2025-08-10;23;77
7;2025-08-11;0;53
7;2025-08-11;1;0
7;2025-08-11;2;0
7;2025-08-11;3;0
7;2025-08-11;4;0
7;2025-08-11;5;98
7;2025-08-11;6;475
7;2025-08-11;7;667
7;2025-08-11;8;1078
7;2025-08-11;9;681
7;2025-08-11;10;513
7;2025-08-11;11;483
7;2025-08-11;12;482
7;2025-08-11;13;470
7;2025-08-11;14;437
7;2025-08-11;15;475
7;2025-08-11;16;550
7;2025-08-11;17;903
7;2025-08-11;18;1119
7;2025-08-11;19;772
7;2025-08-11;20;441
7;2025-08-11;21;377
7;2025-08-11;22;150
7;2025-08-11;23;85
7;2025-08-12;0;45
7;2025-08-12;1;0
7;2025-08-12;2;0
7;2025-08-12;3;0
7;2025-08-12;4;0
7;2025-08-12;5;95
7;2025-08-12;6;462
7;2025-08-12;7;676
7;2025-08-12;8;1109
7;2025-08-12;9;689
7;2025-08-12;10;509
7;2025-08-12;11;479
7;2025-08-12;12;479
7;2025-08-12;13;476
7;2025-08-12;14;438
7;2025-08-12;15;478
7;2025-08-12;16;553
7;2025-08-12;17;943
7;2025-08-12;18;1212
7;2025-08-12;19;772
7;2025-08-12;20;452
7;2025-08-12;21;386
7;2025-08-12;22;160
7;2025-08-12;23;87
7;2025-08-13;0;45
7;2025-08-13;1;0
7;2025-08-13;2;0
7;2025-08-13;3;0
7;2025-08-13;4;0
7;2025-08-13;5;93
7;2025-08-13;6;459
7;2025-08-13;7;670
7;2025-08-13;8;1109
7;2025-08-13;9;695
7;2025-08-13;10;510
7;2025-08-13;11;480
7;2025-08-13;12;479
7;2025-08-13;13;476
7;2025-08-13;14;438
7;2025-08-13;15;479
7;2025-08-13;16;554
7;2025-08-13;17;949
7;2025-08-13;18;1193
7;2025-08-13;19;780
7;2025-08-13;20;460
7;2025-08-13;21;393
7;2025-08-13;22;177
7;2025-08-13;23;99
7;2025-08-14;0;52
7;2025-08-14;1;0
7;2025-08-14;2;0
7;2025-08-14;3;0
7;2025-08-14;4;0
7;2025-08-14;5;89
7;2025-08-14;6;452
7;2025-08-14;7;660
7;2025-08-14;8;1104
7;2025-08-14;9;671
7;2025-08-14;10;500
7;2025-08-14;11;470
7;2025-08-14;12;472
7;2025-08-14;13;469
7;2025-08-14;14;436
7;2025-08-14;15;477
7;2025-08-14;16;552
7;2025-08-14;17;935
7;2025-08-14;18;1204
7;2025-08-14;19;781
7;2025-08-14;20;462
7;2025-08-14;21;394
7;2025-08-14;22;177
7;2025-08-14;23;111
7;2025-08-15;0;54
7;2025-08-15;1;0
7;2025-08-15;2;0
7;2025-08-15;3;0
7;2025-08-15;4;0
7;2025-08-15;5;80
7;2025-08-15;6;449
7;2025-08-15;7;663
7;2025-08-15;8;1084
7;2025-08-15;9;650
7;2025-08-15;10;493
7;2025-08-15;11;463
7;2025-08-15;12;470
7;2025-08-15;13;481
7;2025-08-15;14;474
7;2025-08-15;15;510
7;2025-08-15;16;586
7;2025-08-15;17;909
7;2025-08-15;18;923
7;2025-08-15;19;715
7;2025-08-15;20;447
7;2025-08-15;21;396
7;2025-08-15;22;174
7;2025-08-15;23;112
7;2025-08-16;0;64
7;2025-08-16;1;0
7;2025-08-16;2;0
7;2025-08-16;3;0
7;2025-08-16;4;0
7;2025-08-16;5;18
7;2025-08-16;6;190
7;2025-08-16;7;283
7;2025-08-16;8;369
7;2025-08-16;9;438
7;2025-08-16;10;491
7;2025-08-16;11;511
7;2025-08-16;12;512
7;2025-08-16;13;511
7;2025-08-16;14;505
7;2025-08-16;15;490
7;2025-08-16;16;503
7;2025-08-16;17;526
7;2025-08-16;18;530
7;2025-08-16;19;507
7;2025-08-16;20;391
7;2025-08-16;21;287
7;2025-08-16;22;122
7;2025-08-16;23;99
7;2025-08-17;0;67
7;2025-08-17;1;0
7;2025-08-17;2;0
7;2025-08-17;3;0
7;2025-08-17;4;0
7;2025-08-17;5;3
7;2025-08-17;6;151
7;2025-08-17;7;237
7;2025-08-17;8;332
7;2025-08-17;9;442
7;2025-08-17;10;508
7;2025-08-17;11;540
7;2025-08-17;12;584
7;2025-08-17;13;584
7;2025-08-17;14;574
7;2025-08-17;15;565
7;2025-08-17;16;561
7;2025-08-17;17;584
7;2025-08-17;18;589
7;2025-08-17;19;498
7;2025-08-17;20;402
7;2025-08-17;21;328
7;2025-08-17;22;138
7;2025-08-17;23;77
7;2025-08-18;0;53
7;2025-08-18;1;0
7;2025-08-18;2;0
7;2025-08-18;3;0
7;2025-08-18;4;0
7;2025-08-18;5;98
7;2025-08-18;6;475
7;2025-08-18;7;667
7;2025-08-18;8;1078
7;2025-08-18;9;681
7;2025-08-18;10;513
7;2025-08-18;11;483
7;2025-08-18;12;482
7;2025-08-18;13;470
7;2025-08-18;14;437
7;2025-08-18;15;475
7;2025-08-18;16;550
7;2025-08-18;17;903
7;2025-08-18;18;1119
7;2025-08-18;19;772
7;2025-08-18;20;441
7;2025-08-18;21;377
7;2025-08-18;22;150
7;2025-08-18;23;85
7;2025-08-19;0;45
7;2025-08-19;1;0
7;2025-08-19;2;0
7;2025-08-19;3;0
7;2025-08-19;4;0
7;2025-08-19;5;95
7;2025-08-19;6;462
7;2025-08-19;7;676
7;2025-08-19;8;1109
7;2025-08-19;9;689
7;2025-08-19;10;509
7;2025-08-19;11;479
7;2025-08-19;12;479
7;2025-08-19;13;476
7;2025-08-19;14;438
7;2025-08-19;15;478
7;2025-08-19;16;553
7;2025-08-19;17;943
7;2025-08-19;18;1212
7;2025-08-19;19;772
7;2025-08-19;20;452
7;2025-08-19;21;386
7;2025-08-19;22;160
7;2025-08-19;23;87
7;2025-08-20;0;45
7;2025-08-20;1;0
7;2025-08-20;2;0
7;2025-08-20;3;0
7;2025-08-20;4;0
7;2025-08-20;5;93
7;2025-08-20;6;459
7;2025-08-20;7;670
7;2025-08-20;8;1109
7;2025-08-20;9;695
7;2025-08-20;10;510
7;2025-08-20;11;480
7;2025-08-20;12;479
7;2025-08-20;13;476
7;2025-08-20;14;438
7;2025-08-20;15;479
7;2025-08-20;16;554
7;2025-08-20;17;949
7;2025-08-20;18;1193
7;2025-08-20;19;780
7;2025-08-20;20;460
7;2025-08-20;21;393
7;2025-08-20;22;177
7;2025-08-20;23;99
7;2025-08-21;0;52
7;2025-08-21;1;0
7;2025-08-21;2;0
7;2025-08-21;3;0
7;2025-08-21;4;0
7;2025-08-21;5;89
7;2025-08-21;6;452
7;2025-08-21;7;660
7;2025-08-21;8;1104
7;2025-08-21;9;671
7;2025-08-21;10;500
7;2025-08-21;11;470
7;2025-08-21;12;472
7;2025-08-21;13;469
7;2025-08-21;14;436
7;2025-08-21;15;477
7;2025-08-21;16;552
7;2025-08-21;17;935
7;2025-08-21;18;1204
7;2025-08-21;19;781
7;2025-08-21;20;462
7;2025-08-21;21;394
7;2025-08-21;22;177
7;2025-08-21;23;111
7;2025-08-22;0;54
7;2025-08-22;1;0
7;2025-08-22;2;0
7;2025-08-22;3;0
7;2025-08-22;4;0
7;2025-08-22;5;80
7;2025-08-22;6;449
7;2025-08-22;7;663
7;2025-08-22;8;1084
7;2025-08-22;9;650
7;2025-08-22;10;493
7;2025-08-22;11;463
7;2025-08-22;12;470
7;2025-08-22;13;481
7;2025-08-22;14;474
7;2025-08-22;15;510
7;2025-08-22;16;586
7;2025-08-22;17;909
7;2025-08-22;18;923
7;2025-08-22;19;715
7;2025-08-22;20;447
7;2025-08-22;21;396
7;2025-08-22;22;174
7;2025-08-22;23;112
7;2025-08-23;0;64
7;2025-08-23;1;0
7;2025-08-23;2;0
7;2025-08-23;3;0
7;2025-08-23;4;0
7;2025-08-23;5;18
7;2025-08-23;6;190
7;2025-08-23;7;283
7;2025-08-23;8;369
7;2025-08-23;9;438
7;2025-08-23;10;491
7;2025-08-23;11;511
7;2025-08-23;12;512
7;2025-08-23;13;511
7;2025-08-23;14;505
7;2025-08-23;15;490
7;2025-08-23;16;503
7;2025-08-23;17;526
7;2025-08-23;18;530
7;2025-08-23;19;507
7;2025-08-23;20;391
7;2025-08-23;21;287
7;2025-08-23;22;122
7;2025-08-23;23;99
7;2025-08-24;0;67
7;2025-08-24;1;0
7;2025-08-24;2;0
7;2025-08-24;3;0
7;2025-08-24;4;0
7;2025-08-24;5;3
7;2025-08-24;6;151
7;2025-08-24;7;237
7;2025-08-24;8;332
7;2025-08-24;9;442
7;2025-08-24;10;508
7;2025-08-24;11;540
7;2025-08-24;12;584
7;2025-08-24;13;584
7;2025-08-24;14;574
7;2025-08-24;15;565
7;2025-08-24;16;561
7;2025-08-24;17;584
7;2025-08-24;18;589
7;2025-08-24;19;498
7;2025-08-24;20;402
7;2025-08-24;21;328
7;2025-08-24;22;138
7;2025-08-24;23;77
7;2025-08-25;0;53
7;2025-08-25;1;0
7;2025-08-25;2;0
7;2025-08-25;3;0
7;2025-08-25;4;0
7;2025-08-25;5;98
7;2025-08-25;6;475
7;2025-08-25;7;667
7;2025-08-25;8;1078
7;2025-08-25;9;681
7;2025-08-25;10;513
7;2025-08-25;11;483
7;2025-08-25;12;482
7;2025-08-25;13;470
7;2025-08-25;14;437
7;2025-08-25;15;475
7;2025-08-25;16;550
7;2025-08-25;17;903
7;2025-08-25;18;1119
7;2025-08-25;19;772
7;2025-08-25;20;441
7;2025-08-25;21;377
7;2025-08-25;22;150
7;2025-08-25;23;85
7;2025-08-26;0;45
7;2025-08-26;1;0
7;2025-08-26;2;0
7;2025-08-26;3;0
7;2025-08-26;4;0
7;2025-08-26;5;95
7;2025-08-26;6;462
7;2025-08-26;7;676
7;2025-08-26;8;1109
7;2025-08-26;9;689
7;2025-08-26;10;509
7;2025-08-26;11;479
7;2025-08-26;12;479
7;2025-08-26;13;476
7;2025-08-26;14;438
7;2025-08-26;15;478
7;2025-08-26;16;553
7;2025-08-26;17;943
7;2025-08-26;18;1212
7;2025-08-26;19;772
7;2025-08-26;20;452
7;2025-08-26;21;386
7;2025-08-26;22;160
7;2025-08-26;23;87
7;2025-08-27;0;45
7;2025-08-27;1;0
7;2025-08-27;2;0
7;2025-08-27;3;0
7;2025-08-27;4;0
7;2025-08-27;5;93
7;2025-08-27;6;459
7;2025-08-27;7;670
7;2025-08-27;8;1109
7;2025-08-27;9;695
7;2025-08-27;10;510
7;2025-08-27;11;480
7;2025-08-27;12;479
7;2025-08-27;13;476
7;2025-08-27;14;438
7;2025-08-27;15;479
7;2025-08-27;16;554
7;2025-08-27;17;949
7;2025-08-27;18;1193
7;2025-08-27;19;780
7;2025-08-27;20;460
7;2025-08-27;21;393
7;2025-08-27;22;177
7;2025-08-27;23;99
7;2025-08-28;0;52
7;2025-08-28;1;0
7;2025-08-28;2;0
7;2025-08-28;3;0
7;2025-08-28;4;0
7;2025-08-28;5;89
7;2025-08-28;6;452
7;2025-08-28;7;660
7;2025-08-28;8;1104
7;2025-08-28;9;671
7;2025-08-28;10;500
7;2025-08-28;11;470
7;2025-08-28;12;472
7;2025-08-28;13;469
7;2025-08-28;14;436
7;2025-08-28;15;477
7;2025-08-28;16;552
7;2025-08-28;17;935
7;2025-08-28;18;1204
7;2025-08-28;19;781
7;2025-08-28;20;462
7;2025-08-28;21;394
7;2025-08-28;22;177
7;2025-08-28;23;111
7;2025-08-29;0;54
7;2025-08-29;1;0
7;2025-08-29;2;0
7;2025-08-29;3;0
7;2025-08-29;4;0
7;2025-08-29;5;80
7;2025-08-29;6;449
7;2025-08-29;7;663
7;2025-08-29;8;1084
7;2025-08-29;9;650
7;2025-08-29;10;493
7;2025-08-29;11;463
7;2025-08-29;12;470
7;2025-08-29;13;481
7;2025-08-29;14;474
7;2025-08-29;15;510
7;2025-08-29;16;586
7;2025-08-29;17;909
7;2025-08-29;18;923
7;2025-08-29;19;715
7;2025-08-29;20;447
7;2025-08-29;21;396
7;2025-08-29;22;174
7;2025-08-29;23;112
7;2025-08-30;0;64
7;2025-08-30;1;0
7;2025-08-30;2;0
7;2025-08-30;3;0
7;2025-08-30;4;0
7;2025-08-30;5;18
7;2025-08-30;6;190
7;2025-08-30;7;283
7;2025-08-30;8;369
7;2025-08-30;9;438
7;2025-08-30;10;491
7;2025-08-30;11;511
7;2025-08-30;12;512
7;2025-08-30;13;511
7;2025-08-30;14;505
7;2025-08-30;15;490
7;2025-08-30;16;503
7;2025-08-30;17;526
7;2025-08-30;18;530
7;2025-08-30;19;507
7;2025-08-30;20;391
7;2025-08-30;21;287
7;2025-08-30;22;122
7;2025-08-30;23;99
7;2025-08-31;0;67
7;2025-08-31;1;0
7;2025-08-31;2;0
7;2025-08-31;3;0
7;2025-08-31;4;0
7;2025-08-31;5;3
7;2025-08-31;6;151
7;2025-08-31;7;237
7;2025-08-31;8;332
7;2025-08-31;9;442
7;2025-08-31;10;508
7;2025-08-31;11;540
7;2025-08-31;12;584
7;2025-08-31;13;584
7;2025-08-31;14;574
7;2025-08-31;15;565
7;2025-08-31;16;561
7;2025-08-31;17;584
7;2025-08-31;18;589
7;2025-08-31;19;498
7;2025-08-31;20;402
7;2025-08-31;21;328
7;2025-08-31;22;138
7;2025-08-31;23;77
7;2025-09-01;0;53
7;2025-09-01;1;0
7;2025-09-01;2;0
7;2025-09-01;3;0
7;2025-09-01;4;0
7;2025-09-01;5;98
7;2025-09-01;6;475
7;2025-09-01;7;667
7;2025-09-01;8;1078
7;2025-09-01;9;681
7;2025-09-01;10;513
7;2025-09-01;11;483
7;2025-09-01;12;482
7;2025-09-01;13;470
7;2025-09-01;14;437
7;2025-09-01;15;475
7;2025-09-01;16;550
7;2025-09-01;17;903
7;2025-09-01;18;1119
7;2025-09-01;19;772
7;2025-09-01;20;441
7;2025-09-01;21;377
7;2025-09-01;22;150
7;2025-09-01;23;85
7;2025-09-02;0;45
7;2025-09-02;1;0
7;2025-09-02;2;0
7;2025-09-02;3;0
7;2025-09-02;4;0
7;2025-09-02;5;95
7;2025-09-02;6;462
7;2025-09-02;7;676
7;2025-09-02;8;1109
7;2025-09-02;9;689
7;2025-09-02;10;509
7;2025-09-02;11;479
7;2025-09-02;12;479
7;2025-09-02;13;476
7;2025-09-02;14;438
7;2025-09-02;15;478
7;2025-09-02;16;553
7;2025-09-02;17;943
7;2025-09-02;18;1212
7;2025-09-02;19;772
7;2025-09-02;20;452
7;2025-09-02;21;386
7;2025-09-02;22;160
7;2025-09-02;23;87
7;2025-09-03;0;45
7;2025-09-03;1;0
7;2025-09-03;2;0
7;2025-09-03;3;0
7;2025-09-03;4;0
7;2025-09-03;5;93
7;2025-09-03;6;459
7;2025-09-03;7;670
7;2025-09-03;8;1109
7;2025-09-03;9;695
7;2025-09-03;10;510
7;2025-09-03;11;480
7;2025-09-03;12;479
7;2025-09-03;13;476
7;2025-09-03;14;438
7;2025-09-03;15;479
7;2025-09-03;16;554
7;2025-09-03;17;949
7;2025-09-03;18;1193
7;2025-09-03;19;780
7;2025-09-03;20;460
7;2025-09-03;21;393
7;2025-09-03;22;177
7;2025-09-03;23;99
7;2025-09-04;0;52
7;2025-09-04;1;0
7;2025-09-04;2;0
7;2025-09-04;3;0
7;2025-09-04;4;0
7;2025-09-04;5;89
7;2025-09-04;6;452
7;2025-09-04;7;660
7;2025-09-04;8;1104
7;2025-09-04;9;671
7;2025-09-04;10;500
7;2025-09-04;11;470
7;2025-09-04;12;472
7;2025-09-04;13;469
7;2025-09-04;14;436
7;2025-09-04;15;477
7;2025-09-04;16;552
7;2025-09-04;17;935
7;2025-09-04;18;1204
7;2025-09-04;19;781
7;2025-09-04;20;462
7;2025-09-04;21;394
7;2025-09-04;22;177
7;2025-09-04;23;111
7;2025-09-05;0;54
7;2025-09-05;1;0
7;2025-09-05;2;0
7;2025-09-05;3;0
7;2025-09-05;4;0
7;2025-09-05;5;80
7;2025-09-05;6;449
7;2025-09-05;7;663
7;2025-09-05;8;1084
7;2025-09-05;9;650
7;2025-09-05;10;493
7;2025-09-05;11;463
7;2025-09-05;12;470
7;2025-09-05;13;481
7;2025-09-05;14;474
7;2025-09-05;15;510
7;2025-09-05;16;586
7;2025-09-05;17;909
7;2025-09-05;18;923
7;2025-09-05;19;715
7;2025-09-05;20;447
7;2025-09-05;21;396
7;2025-09-05;22;174
7;2025-09-05;23;112
7;2025-09-06;0;64
7;2025-09-06;1;0
7;2025-09-06;2;0
7;2025-09-06;3;0
7;2025-09-06;4;0
7;2025-09-06;5;18
7;2025-09-06;6;190
7;2025-09-06;7;283
7;2025-09-06;8;369
7;2025-09-06;9;438
7;2025-09-06;10;491
7;2025-09-06;11;511
7;2025-09-06;12;512
7;2025-09-06;13;511
7;2025-09-06;14;505
7;2025-09-06;15;490
7;2025-09-06;16;503
7;2025-09-06;17;526
7;2025-09-06;18;530
7;2025-09-06;19;507
7;2025-09-06;20;391
7;2025-09-06;21;287
7;2025-09-06;22;122
7;2025-09-06;23;99
7;2025-09-07;0;67
7;2025-09-07;1;0
7;2025-09-07;2;0
7;2025-09-07;3;0
7;2025-09-07;4;0
7;2025-09-07;5;3
7;2025-09-07;6;151
7;2025-09-07;7;237
7;2025-09-07;8;332
7;2025-09-07;9;442
7;2025-09-07;10;508
7;2025-09-07;11;540
7;2025-09-07;12;584
7;2025-09-07;13;584
7;2025-09-07;14;574
7;2025-09-07;15;565
7;2025-09-07;16;561
7;2025-09-07;17;584
7;2025-09-07;18;589
7;2025-09-07;19;498
7;2025-09-07;20;402
7;2025-09-07;21;328
7;2025-09-07;22;138
7;2025-09-07;23;77
7;2025-09-08;0;53
7;2025-09-08;1;0
7;2025-09-08;2;0
7;2025-09-08;3;0
7;2025-09-08;4;0
7;2025-09-08;5;98
7;2025-09-08;6;475
7;2025-09-08;7;667
7;2025-09-08;8;1078
7;2025-09-08;9;681
7;2025-09-08;10;513
7;2025-09-08;11;483
7;2025-09-08;12;482
7;2025-09-08;13;470
7;2025-09-08;14;437
7;2025-09-08;15;475
7;2025-09-08;16;550
7;2025-09-08;17;903
7;2025-09-08;18;1119
7;2025-09-08;19;772
7;2025-09-08;20;441
7;2025-09-08;21;377
7;2025-09-08;22;150
7;2025-09-08;23;85
7;2025-09-09;0;45
7;2025-09-09;1;0
7;2025-09-09;2;0
7;2025-09-09;3;0
7;2025-09-09;4;0
7;2025-09-09;5;95
7;2025-09-09;6;462
7;2025-09-09;7;676
7;2025-09-09;8;1109
7;2025-09-09;9;689
7;2025-09-09;10;509
7;2025-09-09;11;479
7;2025-09-09;12;479
7;2025-09-09;13;476
7;2025-09-09;14;438
7;2025-09-09;15;478
7;2025-09-09;16;553
7;2025-09-09;17;943
7;2025-09-09;18;1212
7;2025-09-09;19;772
7;2025-09-09;20;452
7;2025-09-09;21;386
7;2025-09-09;22;160
7;2025-09-09;23;87
7;2025-09-10;0;45
7;2025-09-10;1;0
7;2025-09-10;2;0
7;2025-09-10;3;0
7;2025-09-10;4;0
7;2025-09-10;5;93
7;2025-09-10;6;459
7;2025-09-10;7;670
7;2025-09-10;8;1109
7;2025-09-10;9;695
7;2025-09-10;10;510
7;2025-09-10;11;480
7;2025-09-10;12;479
7;2025-09-10;13;476
7;2025-09-10;14;438
7;2025-09-10;15;479
7;2025-09-10;16;554
7;2025-09-10;17;949
7;2025-09-10;18;1193
7;2025-09-10;19;780
7;2025-09-10;20;460
7;2025-09-10;21;393
7;2025-09-10;22;177
7;2025-09-10;23;99
7;2025-09-11;0;52
7;2025-09-11;1;0
7;2025-09-11;2;0
7;2025-09-11;3;0
7;2025-09-11;4;0
7;2025-09-11;5;89
7;2025-09-11;6;452
7;2025-09-11;7;660
7;2025-09-11;8;1104
7;2025-09-11;9;671
7;2025-09-11;10;500
7;2025-09-11;11;470
7;2025-09-11;12;472
7;2025-09-11;13;469
7;2025-09-11;14;436
7;2025-09-11;15;477
7;2025-09-11;16;552
7;2025-09-11;17;935
7;2025-09-11;18;1204
7;2025-09-11;19;781
7;2025-09-11;20;462
7;2025-09-11;21;394
7;2025-09-11;22;177
7;2025-09-11;23;111
7;2025-09-12;0;54
7;2025-09-12;1;0
7;2025-09-12;2;0
7;2025-09-12;3;0
7;2025-09-12;4;0
7;2025-09-12;5;80
7;2025-09-12;6;449
7;2025-09-12;7;663
7;2025-09-12;8;1084
7;2025-09-12;9;650
7;2025-09-12;10;493
7;2025-09-12;11;463
7;2025-09-12;12;470
7;2025-09-12;13;481
7;2025-09-12;14;474
7;2025-09-12;15;510
7;2025-09-12;16;586
7;2025-09-12;17;909
7;2025-09-12;18;923
7;2025-09-12;19;715
7;2025-09-12;20;447
7;2025-09-12;21;396
7;2025-09-12;22;174
7;2025-09-12;23;112
7;2025-09-13;0;64
7;2025-09-13;1;0
7;2025-09-13;2;0
7;2025-09-13;3;0
7;2025-09-13;4;0
7;2025-09-13;5;18
7;2025-09-13;6;190
7;2025-09-13;7;283
7;2025-09-13;8;369
7;2025-09-13;9;438
7;2025-09-13;10;491
7;2025-09-13;11;511
7;2025-09-13;12;512
7;2025-09-13;13;511
7;2025-09-13;14;505
7;2025-09-13;15;490
7;2025-09-13;16;503
7;2025-09-13;17;526
7;2025-09-13;18;530
7;2025-09-13;19;507
7;2025-09-13;20;391
7;2025-09-13;21;287
7;2025-09-13;22;122
7;2025-09-13;23;99
7;2025-09-14;0;67
7;2025-09-14;1;0
7;2025-09-14;2;0
7;2025-09-14;3;0
7;2025-09-14;4;0
7;2025-09-14;5;3
7;2025-09-14;6;151
7;2025-09-14;7;237
7;2025-09-14;8;332
7;2025-09-14;9;442
7;2025-09-14;10;508
7;2025-09-14;11;540
7;2025-09-14;12;584
7;2025-09-14;13;584
7;2025-09-14;14;574
7;2025-09-14;15;565
7;2025-09-14;16;561
7;2025-09-14;17;584
7;2025-09-14;18;589
7;2025-09-14;19;498
7;2025-09-14;20;402
7;2025-09-14;21;328
7;2025-09-14;22;138
7;2025-09-14;23;77
7;2025-09-15;0;53
7;2025-09-15;1;0
7;2025-09-15;2;0
7;2025-09-15;3;0
7;2025-09-15;4;0
7;2025-09-15;5;98
7;2025-09-15;6;475
7;2025-09-15;7;667
7;2025-09-15;8;1078
7;2025-09-15;9;681
7;2025-09-15;10;513
7;2025-09-15;11;483
7;2025-09-15;12;482
7;2025-09-15;13;470
7;2025-09-15;14;437
7;2025-09-15;15;475
7;2025-09-15;16;550
7;2025-09-15;17;903
7;2025-09-15;18;1119
7;2025-09-15;19;772
7;2025-09-15;20;441
7;2025-09-15;21;377
7;2025-09-15;22;150
7;2025-09-15;23;85
7;2025-09-16;0;45
7;2025-09-16;1;0
7;2025-09-16;2;0
7;2025-09-16;3;0
7;2025-09-16;4;0
7;2025-09-16;5;95
7;2025-09-16;6;462
7;2025-09-16;7;676
7;2025-09-16;8;1109
7;2025-09-16;9;689
7;2025-09-16;10;509
7;2025-09-16;11;479
7;2025-09-16;12;479
7;2025-09-16;13;476
7;2025-09-16;14;438
7;2025-09-16;15;478
7;2025-09-16;16;553
7;2025-09-16;17;943
7;2025-09-16;18;1212
7;2025-09-16;19;772
7;2025-09-16;20;452
7;2025-09-16;21;386
7;2025-09-16;22;160
7;2025-09-16;23;87
7;2025-09-17;0;45
7;2025-09-17;1;0
7;2025-09-17;2;0
7;2025-09-17;3;0
7;2025-09-17;4;0
7;2025-09-17;5;93
7;2025-09-17;6;459
7;2025-09-17;7;670
7;2025-09-17;8;1109
7;2025-09-17;9;695
7;2025-09-17;10;510
7;2025-09-17;11;480
7;2025-09-17;12;479
7;2025-09-17;13;476
7;2025-09-17;14;438
7;2025-09-17;15;479
7;2025-09-17;16;554
7;2025-09-17;17;949
7;2025-09-17;18;1193
7;2025-09-17;19;780
7;2025-09-17;20;460
7;2025-09-17;21;393
7;2025-09-17;22;177
7;2025-09-17;23;99
7;2025-09-18;0;52
7;2025-09-18;1;0
7;2025-09-18;2;0
7;2025-09-18;3;0
7;2025-09-18;4;0
7;2025-09-18;5;89
7;2025-09-18;6;452
7;2025-09-18;7;660
7;2025-09-18;8;1104
7;2025-09-18;9;671
7;2025-09-18;10;500
7;2025-09-18;11;470
7;2025-09-18;12;472
7;2025-09-18;13;469
7;2025-09-18;14;436
7;2025-09-18;15;477
7;2025-09-18;16;552
7;2025-09-18;17;935
7;2025-09-18;18;1204
7;2025-09-18;19;781
7;2025-09-18;20;462
7;2025-09-18;21;394
7;2025-09-18;22;177
7;2025-09-18;23;111
7;2025-09-19;0;54
7;2025-09-19;1;0
7;2025-09-19;2;0
7;2025-09-19;3;0
7;2025-09-19;4;0
7;2025-09-19;5;80
7;2025-09-19;6;449
7;2025-09-19;7;663
7;2025-09-19;8;1084
7;2025-09-19;9;650
7;2025-09-19;10;493
7;2025-09-19;11;463
7;2025-09-19;12;470
7;2025-09-19;13;481
7;2025-09-19;14;474
7;2025-09-19;15;510
7;2025-09-19;16;586
7;2025-09-19;17;909
7;2025-09-19;18;923
7;2025-09-19;19;715
7;2025-09-19;20;447
7;2025-09-19;21;396
7;2025-09-19;22;174
7;2025-09-19;23;112
7;2025-09-20;0;64
7;2025-09-20;1;0
7;2025-09-20;2;0
7;2025-09-20;3;0
7;2025-09-20;4;0
7;2025-09-20;5;18
7;2025-09-20;6;190
7;2025-09-20;7;283
7;2025-09-20;8;369
7;2025-09-20;9;438
7;2025-09-20;10;491
7;2025-09-20;11;511
7;2025-09-20;12;512
7;2025-09-20;13;511
7;2025-09-20;14;505
7;2025-09-20;15;490
7;2025-09-20;16;503
7;2025-09-20;17;526
7;2025-09-20;18;530
7;2025-09-20;19;507
7;2025-09-20;20;391
7;2025-09-20;21;287
7;2025-09-20;22;122
7;2025-09-20;23;99
7;2025-09-21;0;67
7;2025-09-21;1;0
7;2025-09-21;2;0
7;2025-09-21;3;0
7;2025-09-21;4;0
7;2025-09-21;5;3
7;2025-09-21;6;151
7;2025-09-21;7;237
7;2025-09-21;8;332
7;2025-09-21;9;442
7;2025-09-21;10;508
7;2025-09-21;11;540
7;2025-09-21;12;584
7;2025-09-21;13;584
7;2025-09-21;14;574
7;2025-09-21;15;565
7;2025-09-21;16;561
7;2025-09-21;17;584
7;2025-09-21;18;589
7;2025-09-21;19;498
7;2025-09-21;20;402
7;2025-09-21;21;328
7;2025-09-21;22;138
7;2025-09-21;23;77
7;2025-09-22;0;53
7;2025-09-22;1;0
7;2025-09-22;2;0
7;2025-09-22;3;0
7;2025-09-22;4;0
7;2025-09-22;5;98
7;2025-09-22;6;475
7;2025-09-22;7;667
7;2025-09-22;8;1078
7;2025-09-22;9;681
7;2025-09-22;10;513
7;2025-09-22;11;483
7;2025-09-22;12;482
7;2025-09-22;13;470
7;2025-09-22;14;437
7;2025-09-22;15;475
7;2025-09-22;16;550
7;2025-09-22;17;903
7;2025-09-22;18;1119
7;2025-09-22;19;772
7;2025-09-22;20;441
7;2025-09-22;21;377
7;2025-09-22;22;150
7;2025-09-22;23;85
7;2025-09-23;0;45
7;2025-09-23;1;0
7;2025-09-23;2;0
7;2025-09-23;3;0
7;2025-09-23;4;0
7;2025-09-23;5;95
7;2025-09-23;6;462
7;2025-09-23;7;676
7;2025-09-23;8;1109
7;2025-09-23;9;689
7;2025-09-23;10;509
7;2025-09-23;11;479
7;2025-09-23;12;479
7;2025-09-23;13;476
7;2025-09-23;14;438
7;2025-09-23;15;478
7;2025-09-23;16;553
7;2025-09-23;17;943
7;2025-09-23;18;1212
7;2025-09-23;19;772
7;2025-09-23;20;452
7;2025-09-23;21;386
7;2025-09-23;22;160
7;2025-09-23;23;87
7;2025-09-24;0;45
7;2025-09-24;1;0
7;2025-09-24;2;0
7;2025-09-24;3;0
7;2025-09-24;4;0
7;2025-09-24;5;93
7;2025-09-24;6;459
7;2025-09-24;7;670
7;2025-09-24;8;1109
7;2025-09-24;9;695
7;2025-09-24;10;510
7;2025-09-24;11;480
7;2025-09-24;12;479
7;2025-09-24;13;476
7;2025-09-24;14;438
7;2025-09-24;15;479
7;2025-09-24;16;554
7;2025-09-24;17;949
7;2025-09-24;18;1193
7;2025-09-24;19;780
7;2025-09-24;20;460
7;2025-09-24;21;393
7;2025-09-24;22;177
7;2025-09-24;23;99
7;2025-09-25;0;52
7;2025-09-25;1;0
7;2025-09-25;2;0
7;2025-09-25;3;0
7;2025-09-25;4;0
7;2025-09-25;5;89
7;2025-09-25;6;452
7;2025-09-25;7;660
7;2025-09-25;8;1104
7;2025-09-25;9;671
7;2025-09-25;10;500
7;2025-09-25;11;470
7;2025-09-25;12;472
7;2025-09-25;13;469
7;2025-09-25;14;436
7;2025-09-25;15;477
7;2025-09-25;16;552
7;2025-09-25;17;935
7;2025-09-25;18;1204
7;2025-09-25;19;781
7;2025-09-25;20;462
7;2025-09-25;21;394
7;2025-09-25;22;177
7;2025-09-25;23;111
7;2025-09-26;0;54
7;2025-09-26;1;0
7;2025-09-26;2;0
7;2025-09-26;3;0
7;2025-09-26;4;0
7;2025-09-26;5;80
7;2025-09-26;6;449
7;2025-09-26;7;663
7;2025-09-26;8;1084
7;2025-09-26;9;650
7;2025-09-26;10;493
7;2025-09-26;11;463
7;2025-09-26;12;470
7;2025-09-26;13;481
7;2025-09-26;14;474
7;2025-09-26;15;510
7;2025-09-26;16;586
7;2025-09-26;17;909
7;2025-09-26;18;923
7;2025-09-26;19;715
7;2025-09-26;20;447
7;2025-09-26;21;396
7;2025-09-26;22;174
7;2025-09-26;23;112
7;2025-09-27;0;64
7;2025-09-27;1;0
7;2025-09-27;2;0
7;2025-09-27;3;0
7;2025-09-27;4;0
7;2025-09-27;5;18
7;2025-09-27;6;190
7;2025-09-27;7;283
7;2025-09-27;8;369
7;2025-09-27;9;438
7;2025-09-27;10;491
7;2025-09-27;11;511
7;2025-09-27;12;512
7;2025-09-27;13;511
7;2025-09-27;14;505
7;2025-09-27;15;490
7;2025-09-27;16;503
7;2025-09-27;17;526
7;2025-09-27;18;530
7;2025-09-27;19;507
7;2025-09-27;20;391
7;2025-09-27;21;287
7;2025-09-27;22;122
7;2025-09-27;23;99
7;2025-09-28;0;67
7;2025-09-28;1;0
7;2025-09-28;2;0
7;2025-09-28;3;0
7;2025-09-28;4;0
7;2025-09-28;5;3
7;2025-09-28;6;151
7;2025-09-28;7;237
7;2025-09-28;8;332
7;2025-09-28;9;442
7;2025-09-28;10;508
7;2025-09-28;11;540
7;2025-09-28;12;584
7;2025-09-28;13;584
7;2025-09-28;14;574
7;2025-09-28;15;565
7;2025-09-28;16;561
7;2025-09-28;17;584
7;2025-09-28;18;589
7;2025-09-28;19;498
7;2025-09-28;20;402
7;2025-09-28;21;328
7;2025-09-28;22;138
7;2025-09-28;23;77
7;2025-09-29;0;53
7;2025-09-29;1;0
7;2025-09-29;2;0
7;2025-09-29;3;0
7;2025-09-29;4;0
7;2025-09-29;5;98
7;2025-09-29;6;475
7;2025-09-29;7;667
7;2025-09-29;8;1078
7;2025-09-29;9;681
7;2025-09-29;10;513
7;2025-09-29;11;483
7;2025-09-29;12;482
7;2025-09-29;13;470
7;2025-09-29;14;437
7;2025-09-29;15;475
7;2025-09-29;16;550
7;2025-09-29;17;903
7;2025-09-29;18;1119
7;2025-09-29;19;772
7;2025-09-29;20;441
7;2025-09-29;21;377
7;2025-09-29;22;150
7;2025-09-29;23;85
7;2025-09-30;0;45
7;2025-09-30;1;0
7;2025-09-30;2;0
7;2025-09-30;3;0
7;2025-09-30;4;0
7;2025-09-30;5;95
7;2025-09-30;6;462
7;2025-09-30;7;676
7;2025-09-30;8;1109
7;2025-09-30;9;689
7;2025-09-30;10;509
7;2025-09-30;11;479
7;2025-09-30;12;479
7;2025-09-30;13;476
7;2025-09-30;14;438
7;2025-09-30;15;478
7;2025-09-30;16;553
7;2025-09-30;17;943
7;2025-09-30;18;1212
7;2025-09-30;19;772
7;2025-09-30;20;452
7;2025-09-30;21;386
7;2025-09-30;22;160
7;2025-09-30;23;87
11;2025-08-01;0;117
11;2025-08-01;1;0
11;2025-08-01;2;0
11;2025-08-01;3;0
11;2025-08-01;4;0
11;2025-08-01;5;289
11;2025-08-01;6;1359
11;2025-08-01;7;1975
11;2025-08-01;8;2517
11;2025-08-01;9;1969
11;2025-08-01;10;1625
11;2025-08-01;11;1548
11;2025-08-01;12;1545
11;2025-08-01;13;1548
11;2025-08-01;14;1537
11;2025-08-01;15;1588
11;2025-08-01;16;1911
11;2025-08-01;17;2409
11;2025-08-01;18;2396
11;2025-08-01;19;2059
11;2025-08-01;20;1570
11;2025-08-01;21;1019
11;2025-08-01;22;578
11;2025-08-01;23;357
11;2025-08-02;0;142
11;2025-08-02;1;0
11;2025-08-02;2;0
11;2025-08-02;3;0
11;2025-08-02;4;0
11;2025-08-02;5;234
11;2025-08-02;6;740
11;2025-08-02;7;796
11;2025-08-02;8;903
11;2025-08-02;9;1058
11;2025-08-02;10;1207
11;2025-08-02;11;1405
11;2025-08-02;12;1436
11;2025-08-02;13;1468
11;2025-08-02;14;1475
11;2025-08-02;15;1484
11;2025-08-02;16;1499
11;2025-08-02;17;1560
11;2025-08-02;18;1534
11;2025-08-02;19;1442
11;2025-08-02;20;1192
11;2025-08-02;21;902
11;2025-08-02;22;527
11;2025-08-02;23;345
11;2025-08-03;0;144
11;2025-08-03;1;0
11;2025-08-03;2;0
11;2025-08-03;3;0
11;2025-08-03;4;0
11;2025-08-03;5;196
11;2025-08-03;6;535
11;2025-08-03;7;636
11;2025-08-03;8;729
11;2025-08-03;9;923
11;2025-08-03;10;1036
11;2025-08-03;11;1237
11;2025-08-03;12;1354
11;2025-08-03;13;1411
11;2025-08-03;14;1415
11;2025-08-03;15;1430
11;2025-08-03;16;1430
11;2025-08-03;17;1486
11;2025-08-03;18;1491
11;2025-08-03;19;1285
11;2025-08-03;20;1122
11;2025-08-03;21;879
11;2025-08-03;22;534
11;2025-08-03;23;334
11;2025-08-04;0;109
11;2025-08-04;1;0
11;2025-08-04;2;0
11;2025-08-04;3;0
11;2025-08-04;4;0
11;2025-08-04;5;293
11;2025-08-04;6;1351
11;2025-08-04;7;1953
11;2025-08-04;8;2453
11;2025-08-04;9;1901
11;2025-08-04;10;1540
11;2025-08-04;11;1430
11;2025-08-04;12;1411
11;2025-08-04;13;1419
11;2025-08-04;14;1410
11;2025-08-04;15;1446
11;2025-08-04;16;1774
11;2025-08-04;17;2338
11;2025-08-04;18;2602
11;2025-08-04;19;2115
11;2025-08-04;20;1513
11;2025-08-04;21;954
11;2025-08-04;22;509
11;2025-08-04;23;304
11;2025-08-05;0;108
11;2025-08-05;1;0
11;2025-08-05;2;0
11;2025-08-05;3;0
11;2025-08-05;4;0
11;2025-08-05;5;295
11;2025-08-05;6;1393
11;2025-08-05;7;2009
11;2025-08-05;8;2588
11;2025-08-05;9;2027
11;2025-08-05;10;1647
11;2025-08-05;11;1528
11;2025-08-05;12;1512
11;2025-08-05;13;1508
11;2025-08-05;14;1491
11;2025-08-05;15;1500
11;2025-08-05;16;1816
11;2025-08-05;17;2393
11;2025-08-05;18;2727
11;2025-08-05;19;2171
11;2025-08-05;20;1574
11;2025-08-05;21;1009
11;2025-08-05;22;546
11;2025-08-05;23;308
11;2025-08-06;0;108
11;2025-08-06;1;0
11;2025-08-06;2;0
11;2025-08-06;3;0
11;2025-08-06;4;0
11;2025-08-06;5;288
11;2025-08-06;6;1375
11;2025-08-06;7;1998
11;2025-08-06;8;2587
11;2025-08-06;9;2024
11;2025-08-06;10;1663
11;2025-08-06;11;1555
11;2025-08-06;12;1542
11;2025-08-06;13;1539
11;2025-08-06;14;1523
11;2025-08-06;15;1529
11;2025-08-06;16;1844
11;2025-08-06;17;2395
11;2025-08-06;18;2732
11;2025-08-06;19;2179
11;2025-08-06;20;1580
11;2025-08-06;21;1018
11;2025-08-06;22;566
11;2025-08-06;23;326
11;2025-08-07;0;119
11;2025-08-07;1;0
11;2025-08-07;2;0
11;2025-08-07;3;0
11;2025-08-07;4;0
11;2025-08-07;5;299
11;2025-08-07;6;1386
11;2025-08-07;7;2016
11;2025-08-07;8;2600
11;2025-08-07;9;2049
11;2025-08-07;10;1681
11;2025-08-07;11;1563
11;2025-08-07;12;1535
11;2025-08-07;13;1529
11;2025-08-07;14;1516
11;2025-08-07;15;1520
11;2025-08-07;16;1843
11;2025-08-07;17;2400
11;2025-08-07;18;2711
11;2025-08-07;19;2175
11;2025-08-07;20;1620
11;2025-08-07;21;1032
11;2025-08-07;22;580
11;2025-08-07;23;348
11;2025-08-08;0;117
11;2025-08-08;1;0
11;2025-08-08;2;0
11;2025-08-08;3;0
11;2025-08-08;4;0
11;2025-08-08;5;289
11;2025-08-08;6;1359
11;2025-08-08;7;1975
11;2025-08-08;8;2517
11;2025-08-08;9;1969
11;2025-08-08;10;1625
11;2025-08-08;11;1548
11;2025-08-08;12;1545
11;2025-08-08;13;1548
11;2025-08-08;14;1537
11;2025-08-08;15;1588
11;2025-08-08;16;1911
11;2025-08-08;17;2409
11;2025-08-08;18;2396
11;2025-08-08;19;2059
11;2025-08-08;20;1570
11;2025-08-08;21;1019
11;2025-08-08;22;578
11;2025-08-08;23;357
11;2025-08-09;0;142
11;2025-08-09;1;0
11;2025-08-09;2;0
11;2025-08-09;3;0
11;2025-08-09;4;0
11;2025-08-09;5;234
11;2025-08-09;6;740
11;2025-08-09;7;796
11;2025-08-09;8;903
11;2025-08-09;9;1058
11;2025-08-09;10;1207
11;2025-08-09;11;1405
11;2025-08-09;12;1436
11;2025-08-09;13;1468
11;2025-08-09;14;1475
11;2025-08-09;15;1484
11;2025-08-09;16;1499
11;2025-08-09;17;1560
11;2025-08-09;18;1534
11;2025-08-09;19;1442
11;2025-08-09;20;1192
11;2025-08-09;21;902
11;2025-08-09;22;527
11;2025-08-09;23;345
11;2025-08-10;0;144
11;2025-08-10;1;0
11;2025-08-10;2;0
11;2025-08-10;3;0
11;2025-08-10;4;0
11;2025-08-10;5;196
11;2025-08-10;6;535
11;2025-08-10;7;636
11;2025-08-10;8;729
11;2025-08-10;9;923
11;2025-08-10;10;1036
11;2025-08-10;11;1237
11;2025-08-10;12;1354
11;2025-08-10;13;1411
11;2025-08-10;14;1415
11;2025-08-10;15;1430
11;2025-08-10;16;1430
11;2025-08-10;17;1486
11;2025-08-10;18;1491
11;2025-08-10;19;1285
11;2025-08-10;20;1122
11;2025-08-10;21;879
11;2025-08-10;22;534
11;2025-08-10;23;334
11;2025-08-11;0;109
11;2025-08-11;1;0
11;2025-08-11;2;0
11;2025-08-11;3;0
11;2025-08-11;4;0
11;2025-08-11;5;293
11;2025-08-11;6;1351
11;2025-08-11;7;1953
11;2025-08-11;8;2453
11;2025-08-11;9;1901
11;2025-08-11;10;1540
11;2025-08-11;11;1430
11;2025-08-11;12;1411
11;2025-08-11;13;1419
11;2025-08-11;14;1410
11;2025-08-11;15;1446
11;2025-08-11;16;1774
11;2025-08-11;17;2338
11;2025-08-11;18;2602
11;2025-08-11;19;2115
11;2025-08-11;20;1513
11;2025-08-11;21;954
11;2025-08-11;22;509
11;2025-08-11;23;304
11;2025-08-12;0;108
11;2025-08-12;1;0
11;2025-08-12;2;0
11;2025-08-12;3;0
11;2025-08-12;4;0
11;2025-08-12;5;295
11;2025-08-12;6;1393
11;2025-08-12;7;2009
11;2025-08-12;8;2588
11;2025-08-12;9;2027
11;2025-08-12;10;1647
11;2025-08-12;11;1528
11;2025-08-12;12;1512
11;2025-08-12;13;1508
11;2025-08-12;14;1491
11;2025-08-12;15;1500
11;2025-08-12;16;1816
11;2025-08-12;17;2393
11;2025-08-12;18;2727
11;2025-08-12;19;2171
11;2025-08-12;20;1574
11;2025-08-12;21;1009
11;2025-08-12;22;546
11;2025-08-12;23;308
11;2025-08-13;0;108
11;2025-08-13;1;0
11;2025-08-13;2;0
11;2025-08-13;3;0
11;2025-08-13;4;0
11;2025-08-13;5;288
11;2025-08-13;6;1375
11;2025-08-13;7;1998
11;2025-08-13;8;2587
11;2025-08-13;9;2024
11;2025-08-13;10;1663
11;2025-08-13;11;1555
11;2025-08-13;12;1542
11;2025-08-13;13;1539
11;2025-08-13;14;1523
11;2025-08-13;15;1529
11;2025-08-13;16;1844
11;2025-08-13;17;2395
11;2025-08-13;18;2732
11;2025-08-13;19;2179
11;2025-08-13;20;1580
11;2025-08-13;21;1018
11;2025-08-13;22;566
11;2025-08-13;23;326
11;2025-08-14;0;119
11;2025-08-14;1;0
11;2025-08-14;2;0
11;2025-08-14;3;0
11;2025-08-14;4;0
11;2025-08-14;5;299
11;2025-08-14;6;1386
11;2025-08-14;7;2016
11;2025-08-14;8;2600
11;2025-08-14;9;2049
11;2025-08-14;10;1681
11;2025-08-14;11;1563
11;2025-08-14;12;1535
11;2025-08-14;13;1529
11;2025-08-14;14;1516
11;2025-08-14;15;1520
11;2025-08-14;16;1843
11;2025-08-14;17;2400
11;2025-08-14;18;2711
11;2025-08-14;19;2175
11;2025-08-14;20;1620
11;2025-08-14;21;1032
11;2025-08-14;22;580
11;2025-08-14;23;348
11;2025-08-15;0;117
11;2025-08-15;1;0
11;2025-08-15;2;0
11;2025-08-15;3;0
11;2025-08-15;4;0
11;2025-08-15;5;289
11;2025-08-15;6;1359
11;2025-08-15;7;1975
11;2025-08-15;8;2517
11;2025-08-15;9;1969
11;2025-08-15;10;1625
11;2025-08-15;11;1548
11;2025-08-15;12;1545
11;2025-08-15;13;1548
11;2025-08-15;14;1537
11;2025-08-15;15;1588
11;2025-08-15;16;1911
11;2025-08-15;17;2409
11;2025-08-15;18;2396
11;2025-08-15;19;2059
11;2025-08-15;20;1570
11;2025-08-15;21;1019
11;2025-08-15;22;578
11;2025-08-15;23;357
11;2025-08-16;0;142
11;2025-08-16;1;0
11;2025-08-16;2;0
11;2025-08-16;3;0
11;2025-08-16;4;0
11;2025-08-16;5;234
11;2025-08-16;6;740
11;2025-08-16;7;796
11;2025-08-16;8;903
11;2025-08-16;9;1058
11;2025-08-16;10;1207
11;2025-08-16;11;1405
11;2025-08-16;12;1436
11;2025-08-16;13;1468
11;2025-08-16;14;1475
11;2025-08-16;15;1484
11;2025-08-16;16;1499
11;2025-08-16;17;1560
11;2025-08-16;18;1534
11;2025-08-16;19;1442
11;2025-08-16;20;1192
11;2025-08-16;21;902
11;2025-08-16;22;527
11;2025-08-16;23;345
11;2025-08-17;0;144
11;2025-08-17;1;0
11;2025-08-17;2;0
11;2025-08-17;3;0
11;2025-08-17;4;0
11;2025-08-17;5;196
11;2025-08-17;6;535
11;2025-08-17;7;636
11;2025-08-17;8;729
11;2025-08-17;9;923
11;2025-08-17;10;1036
11;2025-08-17;11;1237
11;2025-08-17;12;1354
11;2025-08-17;13;1411
11;2025-08-17;14;1415
11;2025-08-17;15;1430
11;2025-08-17;16;1430
11;2025-08-17;17;1486
11;2025-08-17;18;1491
11;2025-08-17;19;1285
11;2025-08-17;20;1122
11;2025-08-17;21;879
11;2025-08-17;22;534
11;2025-08-17;23;334
11;2025-08-18;0;109
11;2025-08-18;1;0
11;2025-08-18;2;0
11;2025-08-18;3;0
11;2025-08-18;4;0
11;2025-08-18;5;293
11;2025-08-18;6;1351
11;2025-08-18;7;1953
11;2025-08-18;8;2453
11;2025-08-18;9;1901
11;2025-08-18;10;1540
11;2025-08-18;11;1430
11;2025-08-18;12;1411
11;2025-08-18;13;1419
11;2025-08-18;14;1410
11;2025-08-18;15;1446
11;2025-08-18;16;1774
11;2025-08-18;17;2338
11;2025-08-18;18;2602
11;2025-08-18;19;2115
11;2025-08-18;20;1513
11;2025-08-18;21;954
11;2025-08-18;22;509
11;2025-08-18;23;304
11;2025-08-19;0;108
11;2025-08-19;1;0
11;2025-08-19;2;0
11;2025-08-19;3;0
11;2025-08-19;4;0
11;2025-08-19;5;295
11;2025-08-19;6;1393
11;2025-08-19;7;2009
11;2025-08-19;8;2588
11;2025-08-19;9;2027
11;2025-08-19;10;1647
11;2025-08-19;11;1528
11;2025-08-19;12;1512
11;2025-08-19;13;1508
11;2025-08-19;14;1491
11;2025-08-19;15;1500
11;2025-08-19;16;1816
11;2025-08-19;17;2393
11;2025-08-19;18;2727
11;2025-08-19;19;2171
11;2025-08-19;20;1574
11;2025-08-19;21;1009
11;2025-08-19;22;546
11;2025-08-19;23;308
11;2025-08-20;0;108
11;2025-08-20;1;0
11;2025-08-20;2;0
11;2025-08-20;3;0
11;2025-08-20;4;0
11;2025-08-20;5;288
11;2025-08-20;6;1375
11;2025-08-20;7;1998
11;2025-08-20;8;2587
11;2025-08-20;9;2024
11;2025-08-20;10;1663
11;2025-08-20;11;1555
11;2025-08-20;12;1542
11;2025-08-20;13;1539
11;2025-08-20;14;1523
11;2025-08-20;15;1529
11;2025-08-20;16;1844
11;2025-08-20;17;2395
11;2025-08-20;18;2732
11;2025-08-20;19;2179
11;2025-08-20;20;1580
11;2025-08-20;21;1018
11;2025-08-20;22;566
11;2025-08-20;23;326
11;2025-08-21;0;119
11;2025-08-21;1;0
11;2025-08-21;2;0
11;2025-08-21;3;0
11;2025-08-21;4;0
11;2025-08-21;5;299
11;2025-08-21;6;1386
11;2025-08-21;7;2016
11;2025-08-21;8;2600
11;2025-08-21;9;2049
11;2025-08-21;10;1681
11;2025-08-21;11;1563
11;2025-08-21;12;1535
11;2025-08-21;13;1529
11;2025-08-21;14;1516
11;2025-08-21;15;1520
11;2025-08-21;16;1843
11;2025-08-21;17;2400
11;2025-08-21;18;2711
11;2025-08-21;19;2175
11;2025-08-21;20;1620
11;2025-08-21;21;1032
11;2025-08-21;22;580
11;2025-08-21;23;348
11;2025-08-22;0;117
11;2025-08-22;1;0
11;2025-08-22;2;0
11;2025-08-22;3;0
11;2025-08-22;4;0
11;2025-08-22;5;289
11;2025-08-22;6;1359
11;2025-08-22;7;1975
11;2025-08-22;8;2517
11;2025-08-22;9;1969
11;2025-08-22;10;1625
11;2025-08-22;11;1548
11;2025-08-22;12;1545
11;2025-08-22;13;1548
11;2025-08-22;14;1537
11;2025-08-22;15;1588
11;2025-08-22;16;1911
11;2025-08-22;17;2409
11;2025-08-22;18;2396
11;2025-08-22;19;2059
11;2025-08-22;20;1570
11;2025-08-22;21;1019
11;2025-08-22;22;578
11;2025-08-22;23;357
11;2025-08-23;0;142
11;2025-08-23;1;0
11;2025-08-23;2;0
11;2025-08-23;3;0
11;2025-08-23;4;0
11;2025-08-23;5;234
11;2025-08-23;6;740
11;2025-08-23;7;796
11;2025-08-23;8;903
11;2025-08-23;9;1058
11;2025-08-23;10;1207
11;2025-08-23;11;1405
11;2025-08-23;12;1436
11;2025-08-23;13;1468
11;2025-08-23;14;1475
11;2025-08-23;15;1484
11;2025-08-23;16;1499
11;2025-08-23;17;1560
11;2025-08-23;18;1534
11;2025-08-23;19;1442
11;2025-08-23;20;1192
11;2025-08-23;21;902
11;2025-08-23;22;527
11;2025-08-23;23;345
11;2025-08-24;0;144
11;2025-08-24;1;0
11;2025-08-24;2;0
11;2025-08-24;3;0
11;2025-08-24;4;0
11;2025-08-24;5;196
11;2025-08-24;6;535
11;2025-08-24;7;636
11;2025-08-24;8;729
11;2025-08-24;9;923
11;2025-08-24;10;1036
11;2025-08-24;11;1237
11;2025-08-24;12;1354
11;2025-08-24;13;1411
11;2025-08-24;14;1415
11;2025-08-24;15;1430
11;2025-08-24;16;1430
11;2025-08-24;17;1486
11;2025-08-24;18;1491
11;2025-08-24;19;1285
11;2025-08-24;20;1122
11;2025-08-24;21;879
11;2025-08-24;22;534
11;2025-08-24;23;334
11;2025-08-25;0;109
11;2025-08-25;1;0
11;2025-08-25;2;0
11;2025-08-25;3;0
11;2025-08-25;4;0
11;2025-08-25;5;293
11;2025-08-25;6;1351
11;2025-08-25;7;1953
11;2025-08-25;8;2453
11;2025-08-25;9;1901
11;2025-08-25;10;1540
11;2025-08-25;11;1430
11;2025-08-25;12;1411
11;2025-08-25;13;1419
11;2025-08-25;14;1410
11;2025-08-25;15;1446
11;2025-08-25;16;1774
11;2025-08-25;17;2338
11;2025-08-25;18;2602
11;2025-08-25;19;2115
11;2025-08-25;20;1513
11;2025-08-25;21;954
11;2025-08-25;22;509
11;2025-08-25;23;304
11;2025-08-26;0;108
11;2025-08-26;1;0
11;2025-08-26;2;0
11;2025-08-26;3;0
11;2025-08-26;4;0
11;2025-08-26;5;295
11;2025-08-26;6;1393
11;2025-08-26;7;2009
11;2025-08-26;8;2588
11;2025-08-26;9;2027
11;2025-08-26;10;1647
11;2025-08-26;11;1528
11;2025-08-26;12;1512
11;2025-08-26;13;1508
11;2025-08-26;14;1491
11;2025-08-26;15;1500
11;2025-08-26;16;1816
11;2025-08-26;17;2393
11;2025-08-26;18;2727
11;2025-08-26;19;2171
11;2025-08-26;20;1574
11;2025-08-26;21;1009
11;2025-08-26;22;546
11;2025-08-26;23;308
11;2025-08-27;0;108
11;2025-08-27;1;0
11;2025-08-27;2;0
11;2025-08-27;3;0
11;2025-08-27;4;0
11;2025-08-27;5;288
11;2025-08-27;6;1375
11;2025-08-27;7;1998
11;2025-08-27;8;2587
11;2025-08-27;9;2024
11;2025-08-27;10;1663
11;2025-08-27;11;1555
11;2025-08-27;12;1542
11;2025-08-27;13;1539
11;2025-08-27;14;1523
11;2025-08-27;15;1529
11;2025-08-27;16;1844
11;2025-08-27;17;2395
11;2025-08-27;18;2732
11;2025-08-27;19;2179
11;2025-08-27;20;1580
11;2025-08-27;21;1018
11;2025-08-27;22;566
11;2025-08-27;23;326
11;2025-08-28;0;119
11;2025-08-28;1;0
11;2025-08-28;2;0
11;2025-08-28;3;0
11;2025-08-28;4;0
11;2025-08-28;5;299
11;2025-08-28;6;1386
11;2025-08-28;7;2016
11;2025-08-28;8;2600
11;2025-08-28;9;2049
11;2025-08-28;10;1681
11;2025-08-28;11;1563
11;2025-08-28;12;1535
11;2025-08-28;13;1529
11;2025-08-28;14;1516
11;2025-08-28;15;1520
11;2025-08-28;16;1843
11;2025-08-28;17;2400
11;2025-08-28;18;2711
11;2025-08-28;19;2175
11;2025-08-28;20;1620
11;2025-08-28;21;1032
11;2025-08-28;22;580
11;2025-08-28;23;348
11;2025-08-29;0;117
11;2025-08-29;1;0
11;2025-08-29;2;0
11;2025-08-29;3;0
11;2025-08-29;4;0
11;2025-08-29;5;289
11;2025-08-29;6;1359
11;2025-08-29;7;1975
11;2025-08-29;8;2517
11;2025-08-29;9;1969
11;2025-08-29;10;1625
11;2025-08-29;11;1548
11;2025-08-29;12;1545
11;2025-08-29;13;1548
11;2025-08-29;14;1537
11;2025-08-29;15;1588
11;2025-08-29;16;1911
11;2025-08-29;17;2409
11;2025-08-29;18;2396
11;2025-08-29;19;2059
11;2025-08-29;20;1570
11;2025-08-29;21;1019
11;2025-08-29;22;578
11;2025-08-29;23;357
11;2025-08-30;0;142
11;2025-08-30;1;0
11;2025-08-30;2;0
11;2025-08-30;3;0
11;2025-08-30;4;0
11;2025-08-30;5;234
11;2025-08-30;6;740
11;2025-08-30;7;796
11;2025-08-30;8;903
11;2025-08-30;9;1058
11;2025-08-30;10;1207
11;2025-08-30;11;1405
11;2025-08-30;12;1436
11;2025-08-30;13;1468
11;2025-08-30;14;1475
11;2025-08-30;15;1484
11;2025-08-30;16;1499
11;2025-08-30;17;1560
11;2025-08-30;18;1534
11;2025-08-30;19;1442
11;2025-08-30;20;1192
11;2025-08-30;21;902
11;2025-08-30;22;527
11;2025-08-30;23;345
11;2025-08-31;0;144
11;2025-08-31;1;0
11;2025-08-31;2;0
11;2025-08-31;3;0
11;2025-08-31;4;0
11;2025-08-31;5;196
11;2025-08-31;6;535
11;2025-08-31;7;636
11;2025-08-31;8;729
11;2025-08-31;9;923
11;2025-08-31;10;1036
11;2025-08-31;11;1237
11;2025-08-31;12;1354
11;2025-08-31;13;1411
11;2025-08-31;14;1415
11;2025-08-31;15;1430
11;2025-08-31;16;1430
11;2025-08-31;17;1486
11;2025-08-31;18;1491
11;2025-08-31;19;1285
11;2025-08-31;20;1122
11;2025-08-31;21;879
11;2025-08-31;22;534
11;2025-08-31;23;334
11;2025-09-01;0;109
11;2025-09-01;1;0
11;2025-09-01;2;0
11;2025-09-01;3;0
11;2025-09-01;4;0
11;2025-09-01;5;293
11;2025-09-01;6;1351
11;2025-09-01;7;1953
11;2025-09-01;8;2453
11;2025-09-01;9;1901
11;2025-09-01;10;1540
11;2025-09-01;11;1430
11;2025-09-01;12;1411
11;2025-09-01;13;1419
11;2025-09-01;14;1410
11;2025-09-01;15;1446
11;2025-09-01;16;1774
11;2025-09-01;17;2338
11;2025-09-01;18;2602
11;2025-09-01;19;2115
11;2025-09-01;20;1513
11;2025-09-01;21;954
11;2025-09-01;22;509
11;2025-09-01;23;304
11;2025-09-02;0;108
11;2025-09-02;1;0
11;2025-09-02;2;0
11;2025-09-02;3;0
11;2025-09-02;4;0
11;2025-09-02;5;295
11;2025-09-02;6;1393
11;2025-09-02;7;2009
11;2025-09-02;8;2588
11;2025-09-02;9;2027
11;2025-09-02;10;1647
11;2025-09-02;11;1528
11;2025-09-02;12;1512
11;2025-09-02;13;1508
11;2025-09-02;14;1491
11;2025-09-02;15;1500
11;2025-09-02;16;1816
11;2025-09-02;17;2393
11;2025-09-02;18;2727
11;2025-09-02;19;2171
11;2025-09-02;20;1574
11;2025-09-02;21;1009
11;2025-09-02;22;546
11;2025-09-02;23;308
11;2025-09-03;0;108
11;2025-09-03;1;0
11;2025-09-03;2;0
11;2025-09-03;3;0
11;2025-09-03;4;0
11;2025-09-03;5;288
11;2025-09-03;6;1375
11;2025-09-03;7;1998
11;2025-09-03;8;2587
11;2025-09-03;9;2024
11;2025-09-03;10;1663
11;2025-09-03;11;1555
11;2025-09-03;12;1542
11;2025-09-03;13;1539
11;2025-09-03;14;1523
11;2025-09-03;15;1529
11;2025-09-03;16;1844
11;2025-09-03;17;2395
11;2025-09-03;18;2732
11;2025-09-03;19;2179
11;2025-09-03;20;1580
11;2025-09-03;21;1018
11;2025-09-03;22;566
11;2025-09-03;23;326
11;2025-09-04;0;119
11;2025-09-04;1;0
11;2025-09-04;2;0
11;2025-09-04;3;0
11;2025-09-04;4;0
11;2025-09-04;5;299
11;2025-09-04;6;1386
11;2025-09-04;7;2016
11;2025-09-04;8;2600
11;2025-09-04;9;2049
11;2025-09-04;10;1681
11;2025-09-04;11;1563
11;2025-09-04;12;1535
11;2025-09-04;13;1529
11;2025-09-04;14;1516
11;2025-09-04;15;1520
11;2025-09-04;16;1843
11;2025-09-04;17;2400
11;2025-09-04;18;2711
11;2025-09-04;19;2175
11;2025-09-04;20;1620
11;2025-09-04;21;1032
11;2025-09-04;22;580
11;2025-09-04;23;348
11;2025-09-05;0;117
11;2025-09-05;1;0
11;2025-09-05;2;0
11;2025-09-05;3;0
11;2025-09-05;4;0
11;2025-09-05;5;289
11;2025-09-05;6;1359
11;2025-09-05;7;1975
11;2025-09-05;8;2517
11;2025-09-05;9;1969
11;2025-09-05;10;1625
11;2025-09-05;11;1548
11;2025-09-05;12;1545
11;2025-09-05;13;1548
11;2025-09-05;14;1537
11;2025-09-05;15;1588
11;2025-09-05;16;1911
11;2025-09-05;17;2409
11;2025-09-05;18;2396
11;2025-09-05;19;2059
11;2025-09-05;20;1570
11;2025-09-05;21;1019
11;2025-09-05;22;578
11;2025-09-05;23;357
11;2025-09-06;0;142
11;2025-09-06;1;0
11;2025-09-06;2;0
11;2025-09-06;3;0
11;2025-09-06;4;0
11;2025-09-06;5;234
11;2025-09-06;6;740
11;2025-09-06;7;796
11;2025-09-06;8;903
11;2025-09-06;9;1058
11;2025-09-06;10;1207
11;2025-09-06;11;1405
11;2025-09-06;12;1436
11;2025-09-06;13;1468
11;2025-09-06;14;1475
11;2025-09-06;15;1484
11;2025-09-06;16;1499
11;2025-09-06;17;1560
11;2025-09-06;18;1534
11;2025-09-06;19;1442
11;2025-09-06;20;1192
11;2025-09-06;21;902
11;2025-09-06;22;527
11;2025-09-06;23;345
11;2025-09-07;0;144
11;2025-09-07;1;0
11;2025-09-07;2;0
11;2025-09-07;3;0
11;2025-09-07;4;0
11;2025-09-07;5;196
11;2025-09-07;6;535
11;2025-09-07;7;636
11;2025-09-07;8;729
11;2025-09-07;9;923
11;2025-09-07;10;1036
11;2025-09-07;11;1237
11;2025-09-07;12;1354
11;2025-09-07;13;1411
11;2025-09-07;14;1415
11;2025-09-07;15;1430
11;2025-09-07;16;1430
11;2025-09-07;17;1486
11;2025-09-07;18;1491
11;2025-09-07;19;1285
11;2025-09-07;20;1122
11;2025-09-07;21;879
11;2025-09-07;22;534
11;2025-09-07;23;334
11;2025-09-08;0;109
11;2025-09-08;1;0
11;2025-09-08;2;0
11;2025-09-08;3;0
11;2025-09-08;4;0
11;2025-09-08;5;293
11;2025-09-08;6;1351
11;2025-09-08;7;1953
11;2025-09-08;8;2453
11;2025-09-08;9;1901
11;2025-09-08;10;1540
11;2025-09-08;11;1430
11;2025-09-08;12;1411
11;2025-09-08;13;1419
11;2025-09-08;14;1410
11;2025-09-08;15;1446
11;2025-09-08;16;1774
11;2025-09-08;17;2338
11;2025-09-08;18;2602
11;2025-09-08;19;2115
11;2025-09-08;20;1513
11;2025-09-08;21;954
11;2025-09-08;22;509
11;2025-09-08;23;304
11;2025-09-09;0;108
11;2025-09-09;1;0
11;2025-09-09;2;0
11;2025-09-09;3;0
11;2025-09-09;4;0
11;2025-09-09;5;295
11;2025-09-09;6;1393
11;2025-09-09;7;2009
11;2025-09-09;8;2588
11;2025-09-09;9;2027
11;2025-09-09;10;1647
11;2025-09-09;11;1528
11;2025-09-09;12;1512
11;2025-09-09;13;1508
11;2025-09-09;14;1491
11;2025-09-09;15;1500
11;2025-09-09;16;1816
11;2025-09-09;17;2393
11;2025-09-09;18;2727
11;2025-09-09;19;2171
11;2025-09-09;20;1574
11;2025-09-09;21;1009
11;2025-09-09;22;546
11;2025-09-09;23;308
11;2025-09-10;0;108
11;2025-09-10;1;0
11;2025-09-10;2;0
11;2025-09-10;3;0
11;2025-09-10;4;0
11;2025-09-10;5;288
11;2025-09-10;6;1375
11;2025-09-10;7;1998
11;2025-09-10;8;2587
11;2025-09-10;9;2024
11;2025-09-10;10;1663
11;2025-09-10;11;1555
11;2025-09-10;12;1542
11;2025-09-10;13;1539
11;2025-09-10;14;1523
11;2025-09-10;15;1529
11;2025-09-10;16;1844
11;2025-09-10;17;2395
11;2025-09-10;18;2732
11;2025-09-10;19;2179
11;2025-09-10;20;1580
11;2025-09-10;21;1018
11;2025-09-10;22;566
11;2025-09-10;23;326
11;2025-09-11;0;119
11;2025-09-11;1;0
11;2025-09-11;2;0
11;2025-09-11;3;0
11;2025-09-11;4;0
11;2025-09-11;5;299
11;2025-09-11;6;1386
11;2025-09-11;7;2016
11;2025-09-11;8;2600
11;2025-09-11;9;2049
11;2025-09-11;10;1681
11;2025-09-11;11;1563
11;2025-09-11;12;1535
11;2025-09-11;13;1529
11;2025-09-11;14;1516
11;2025-09-11;15;1520
11;2025-09-11;16;1843
11;2025-09-11;17;2400
11;2025-09-11;18;2711
11;2025-09-11;19;2175
11;2025-09-11;20;1620
11;2025-09-11;21;1032
11;2025-09-11;22;580
11;2025-09-11;23;348
11;2025-09-12;0;117
11;2025-09-12;1;0
11;2025-09-12;2;0
11;2025-09-12;3;0
11;2025-09-12;4;0
11;2025-09-12;5;289
11;2025-09-12;6;1359
11;2025-09-12;7;1975
11;2025-09-12;8;2517
11;2025-09-12;9;1969
11;2025-09-12;10;1625
11;2025-09-12;11;1548
11;2025-09-12;12;1545
11;2025-09-12;13;1548
11;2025-09-12;14;1537
11;2025-09-12;15;1588
11;2025-09-12;16;1911
11;2025-09-12;17;2409
11;2025-09-12;18;2396
11;2025-09-12;19;2059
11;2025-09-12;20;1570
11;2025-09-12;21;1019
11;2025-09-12;22;578
11;2025-09-12;23;357
11;2025-09-13;0;142
11;2025-09-13;1;0
11;2025-09-13;2;0
11;2025-09-13;3;0
11;2025-09-13;4;0
11;2025-09-13;5;234
11;2025-09-13;6;740
11;2025-09-13;7;796
11;2025-09-13;8;903
11;2025-09-13;9;1058
11;2025-09-13;10;1207
11;2025-09-13;11;1405
11;2025-09-13;12;1436
11;2025-09-13;13;1468
11;2025-09-13;14;1475
11;2025-09-13;15;1484
11;2025-09-13;16;1499
11;2025-09-13;17;1560
11;2025-09-13;18;1534
11;2025-09-13;19;1442
11;2025-09-13;20;1192
11;2025-09-13;21;902
11;2025-09-13;22;527
11;2025-09-13;23;345
11;2025-09-14;0;144
11;2025-09-14;1;0
11;2025-09-14;2;0
11;2025-09-14;3;0
11;2025-09-14;4;0
11;2025-09-14;5;196
11;2025-09-14;6;535
11;2025-09-14;7;636
11;2025-09-14;8;729
11;2025-09-14;9;923
11;2025-09-14;10;1036
11;2025-09-14;11;1237
11;2025-09-14;12;1354
11;2025-09-14;13;1411
11;2025-09-14;14;1415
11;2025-09-14;15;1430
11;2025-09-14;16;1430
11;2025-09-14;17;1486
11;2025-09-14;18;1491
11;2025-09-14;19;1285
11;2025-09-14;20;1122
11;2025-09-14;21;879
11;2025-09-14;22;534
11;2025-09-14;23;334
11;2025-09-15;0;109
11;2025-09-15;1;0
11;2025-09-15;2;0
11;2025-09-15;3;0
11;2025-09-15;4;0
11;2025-09-15;5;293
11;2025-09-15;6;1351
11;2025-09-15;7;1953
11;2025-09-15;8;2453
11;2025-09-15;9;1901
11;2025-09-15;10;1540
11;2025-09-15;11;1430
11;2025-09-15;12;1411
11;2025-09-15;13;1419
11;2025-09-15;14;1410
11;2025-09-15;15;1446
11;2025-09-15;16;1774
11;2025-09-15;17;2338
11;2025-09-15;18;2602
11;2025-09-15;19;2115
11;2025-09-15;20;1513
11;2025-09-15;21;954
11;2025-09-15;22;509
11;2025-09-15;23;304
11;2025-09-16;0;108
11;2025-09-16;1;0
11;2025-09-16;2;0
11;2025-09-16;3;0
11;2025-09-16;4;0
11;2025-09-16;5;295
11;2025-09-16;6;1393
11;2025-09-16;7;2009
11;2025-09-16;8;2588
11;2025-09-16;9;2027
11;2025-09-16;10;1647
11;2025-09-16;11;1528
11;2025-09-16;12;1512
11;2025-09-16;13;1508
11;2025-09-16;14;1491
11;2025-09-16;15;1500
11;2025-09-16;16;1816
11;2025-09-16;17;2393
11;2025-09-16;18;2727
11;2025-09-16;19;2171
11;2025-09-16;20;1574
11;2025-09-16;21;1009
11;2025-09-16;22;546
11;2025-09-16;23;308
11;2025-09-17;0;108
11;2025-09-17;1;0
11;2025-09-17;2;0
11;2025-09-17;3;0
11;2025-09-17;4;0
11;2025-09-17;5;288
11;2025-09-17;6;1375
11;2025-09-17;7;1998
11;2025-09-17;8;2587
11;2025-09-17;9;2024
11;2025-09-17;10;1663
11;2025-09-17;11;1555
11;2025-09-17;12;1542
11;2025-09-17;13;1539
11;2025-09-17;14;1523
11;2025-09-17;15;1529
11;2025-09-17;16;1844
11;2025-09-17;17;2395
11;2025-09-17;18;2732
11;2025-09-17;19;2179
11;2025-09-17;20;1580
11;2025-09-17;21;1018
11;2025-09-17;22;566
11;2025-09-17;23;326
11;2025-09-18;0;119
11;2025-09-18;1;0
11;2025-09-18;2;0
11;2025-09-18;3;0
11;2025-09-18;4;0
11;2025-09-18;5;299
11;2025-09-18;6;1386
11;2025-09-18;7;2016
11;2025-09-18;8;2600
11;2025-09-18;9;2049
11;2025-09-18;10;1681
11;2025-09-18;11;1563
11;2025-09-18;12;1535
11;2025-09-18;13;1529
11;2025-09-18;14;1516
11;2025-09-18;15;1520
11;2025-09-18;16;1843
11;2025-09-18;17;2400
11;2025-09-18;18;2711
11;2025-09-18;19;2175
11;2025-09-18;20;1620
11;2025-09-18;21;1032
11;2025-09-18;22;580
11;2025-09-18;23;348
11;2025-09-19;0;117
11;2025-09-19;1;0
11;2025-09-19;2;0
11;2025-09-19;3;0
11;2025-09-19;4;0
11;2025-09-19;5;289
11;2025-09-19;6;1359
11;2025-09-19;7;1975
11;2025-09-19;8;2517
11;2025-09-19;9;1969
11;2025-09-19;10;1625
11;2025-09-19;11;1548
11;2025-09-19;12;1545
11;2025-09-19;13;1548
11;2025-09-19;14;1537
11;2025-09-19;15;1588
11;2025-09-19;16;1911
11;2025-09-19;17;2409
11;2025-09-19;18;2396
11;2025-09-19;19;2059
11;2025-09-19;20;1570
11;2025-09-19;21;1019
11;2025-09-19;22;578
11;2025-09-19;23;357
11;2025-09-20;0;142
11;2025-09-20;1;0
11;2025-09-20;2;0
11;2025-09-20;3;0
11;2025-09-20;4;0
11;2025-09-20;5;234
11;2025-09-20;6;740
11;2025-09-20;7;796
11;2025-09-20;8;903
11;2025-09-20;9;1058
11;2025-09-20;10;1207
11;2025-09-20;11;1405
11;2025-09-20;12;1436
11;2025-09-20;13;1468
11;2025-09-20;14;1475
11;2025-09-20;15;1484
11;2025-09-20;16;1499
11;2025-09-20;17;1560
11;2025-09-20;18;1534
11;2025-09-20;19;1442
11;2025-09-20;20;1192
11;2025-09-20;21;902
11;2025-09-20;22;527
11;2025-09-20;23;345
11;2025-09-21;0;144
11;2025-09-21;1;0
11;2025-09-21;2;0
11;2025-09-21;3;0
11;2025-09-21;4;0
11;2025-09-21;5;196
11;2025-09-21;6;535
11;2025-09-21;7;636
11;2025-09-21;8;729
11;2025-09-21;9;923
11;2025-09-21;10;1036
11;2025-09-21;11;1237
11;2025-09-21;12;1354
11;2025-09-21;13;1411
11;2025-09-21;14;1415
11;2025-09-21;15;1430
11;2025-09-21;16;1430
11;2025-09-21;17;1486
11;2025-09-21;18;1491
11;2025-09-21;19;1285
11;2025-09-21;20;1122
11;2025-09-21;21;879
11;2025-09-21;22;534
11;2025-09-21;23;334
11;2025-09-22;0;109
11;2025-09-22;1;0
11;2025-09-22;2;0
11;2025-09-22;3;0
11;2025-09-22;4;0
11;2025-09-22;5;293
11;2025-09-22;6;1351
11;2025-09-22;7;1953
11;2025-09-22;8;2453
11;2025-09-22;9;1901
11;2025-09-22;10;1540
11;2025-09-22;11;1430
11;2025-09-22;12;1411
11;2025-09-22;13;1419
11;2025-09-22;14;1410
11;2025-09-22;15;1446
11;2025-09-22;16;1774
11;2025-09-22;17;2338
11;2025-09-22;18;2602
11;2025-09-22;19;2115
11;2025-09-22;20;1513
11;2025-09-22;21;954
11;2025-09-22;22;509
11;2025-09-22;23;304
11;2025-09-23;0;108
11;2025-09-23;1;0
11;2025-09-23;2;0
11;2025-09-23;3;0
11;2025-09-23;4;0
11;2025-09-23;5;295
11;2025-09-23;6;1393
11;2025-09-23;7;2009
11;2025-09-23;8;2588
11;2025-09-23;9;2027
11;2025-09-23;10;1647
11;2025-09-23;11;1528
11;2025-09-23;12;1512
11;2025-09-23;13;1508
11;2025-09-23;14;1491
11;2025-09-23;15;1500
11;2025-09-23;16;1816
11;2025-09-23;17;2393
11;2025-09-23;18;2727
11;2025-09-23;19;2171
11;2025-09-23;20;1574
11;2025-09-23;21;1009
11;2025-09-23;22;546
11;2025-09-23;23;308
11;2025-09-24;0;108
11;2025-09-24;1;0
11;2025-09-24;2;0
11;2025-09-24;3;0
11;2025-09-24;4;0
11;2025-09-24;5;288
11;2025-09-24;6;1375
11;2025-09-24;7;1998
11;2025-09-24;8;2587
11;2025-09-24;9;2024
11;2025-09-24;10;1663
11;2025-09-24;11;1555
11;2025-09-24;12;1542
11;2025-09-24;13;1539
11;2025-09-24;14;1523
11;2025-09-24;15;1529
11;2025-09-24;16;1844
11;2025-09-24;17;2395
11;2025-09-24;18;2732
11;2025-09-24;19;2179
11;2025-09-24;20;1580
11;2025-09-24;21;1018
11;2025-09-24;22;566
11;2025-09-24;23;326
11;2025-09-25;0;119
11;2025-09-25;1;0
11;2025-09-25;2;0
11;2025-09-25;3;0
11;2025-09-25;4;0
11;2025-09-25;5;299
11;2025-09-25;6;1386
11;2025-09-25;7;2016
11;2025-09-25;8;2600
11;2025-09-25;9;2049
11;2025-09-25;10;1681
11;2025-09-25;11;1563
11;2025-09-25;12;1535
11;2025-09-25;13;1529
11;2025-09-25;14;1516
11;2025-09-25;15;1520
11;2025-09-25;16;1843
11;2025-09-25;17;2400
11;2025-09-25;18;2711
11;2025-09-25;19;2175
11;2025-09-25;20;1620
11;2025-09-25;21;1032
11;2025-09-25;22;580
11;2025-09-25;23;348
11;2025-09-26;0;117
11;2025-09-26;1;0
11;2025-09-26;2;0
11;2025-09-26;3;0
11;2025-09-26;4;0
11;2025-09-26;5;289
11;2025-09-26;6;1359
11;2025-09-26;7;1975
11;2025-09-26;8;2517
11;2025-09-26;9;1969
11;2025-09-26;10;1625
11;2025-09-26;11;1548
11;2025-09-26;12;1545
11;2025-09-26;13;1548
11;2025-09-26;14;1537
11;2025-09-26;15;1588
11;2025-09-26;16;1911
11;2025-09-26;17;2409
11;2025-09-26;18;2396
11;2025-09-26;19;2059
11;2025-09-26;20;1570
11;2025-09-26;21;1019
11;2025-09-26;22;578
11;2025-09-26;23;357
11;2025-09-27;0;142
11;2025-09-27;1;0
11;2025-09-27;2;0
11;2025-09-27;3;0
11;2025-09-27;4;0
11;2025-09-27;5;234
11;2025-09-27;6;740
11;2025-09-27;7;796
11;2025-09-27;8;903
11;2025-09-27;9;1058
11;2025-09-27;10;1207
11;2025-09-27;11;1405
11;2025-09-27;12;1436
11;2025-09-27;13;1468
11;2025-09-27;14;1475
11;2025-09-27;15;1484
11;2025-09-27;16;1499
11;2025-09-27;17;1560
11;2025-09-27;18;1534
11;2025-09-27;19;1442
11;2025-09-27;20;1192
11;2025-09-27;21;902
11;2025-09-27;22;527
11;2025-09-27;23;345
11;2025-09-28;0;144
11;2025-09-28;1;0
11;2025-09-28;2;0
11;2025-09-28;3;0
11;2025-09-28;4;0
11;2025-09-28;5;196
11;2025-09-28;6;535
11;2025-09-28;7;636
11;2025-09-28;8;729
11;2025-09-28;9;923
11;2025-09-28;10;1036
11;2025-09-28;11;1237
11;2025-09-28;12;1354
11;2025-09-28;13;1411
11;2025-09-28;14;1415
11;2025-09-28;15;1430
11;2025-09-28;16;1430
11;2025-09-28;17;1486
11;2025-09-28;18;1491
11;2025-09-28;19;1285
11;2025-09-28;20;1122
11;2025-09-28;21;879
11;2025-09-28;22;534
11;2025-09-28;23;334
11;2025-09-29;0;109
11;2025-09-29;1;0
11;2025-09-29;2;0
11;2025-09-29;3;0
11;2025-09-29;4;0
11;2025-09-29;5;293
11;2025-09-29;6;1351
11;2025-09-29;7;1953
11;2025-09-29;8;2453
11;2025-09-29;9;1901
11;2025-09-29;10;1540
11;2025-09-29;11;1430
11;2025-09-29;12;1411
11;2025-09-29;13;1419
11;2025-09-29;14;1410
11;2025-09-29;15;1446
11;2025-09-29;16;1774
11;2025-09-29;17;2338
11;2025-09-29;18;2602
11;2025-09-29;19;2115
11;2025-09-29;20;1513
11;2025-09-29;21;954
11;2025-09-29;22;509
11;2025-09-29;23;304
11;2025-09-30;0;108
11;2025-09-30;1;0
11;2025-09-30;2;0
11;2025-09-30;3;0
11;2025-09-30;4;0
11;2025-09-30;5;295
11;2025-09-30;6;1393
11;2025-09-30;7;2009
11;2025-09-30;8;2588
11;2025-09-30;9;2027
11;2025-09-30;10;1647
11;2025-09-30;11;1528
11;2025-09-30;12;1512
11;2025-09-30;13;1508
11;2025-09-30;14;1491
11;2025-09-30;15;1500
11;2025-09-30;16;1816
11;2025-09-30;17;2393
11;2025-09-30;18;2727
11;2025-09-30;19;2171
11;2025-09-30;20;1574
11;2025-09-30;21;1009
11;2025-09-30;22;546
11;2025-09-30;23;308
12;2025-08-01;0;74
12;2025-08-01;1;0
12;2025-08-01;2;0
12;2025-08-01;3;0
12;2025-08-01;4;0
12;2025-08-01;5;278
12;2025-08-01;6;1441
12;2025-08-01;7;2210
12;2025-08-01;8;2657
12;2025-08-01;9;2142
12;2025-08-01;10;1776
12;2025-08-01;11;1613
12;2025-08-01;12;1561
12;2025-08-01;13;1568
12;2025-08-01;14;1555
12;2025-08-01;15;1663
12;2025-08-01;16;1994
12;2025-08-01;17;2505
12;2025-08-01;18;2493
12;2025-08-01;19;2158
12;2025-08-01;20;1636
12;2025-08-01;21;1068
12;2025-08-01;22;585
12;2025-08-01;23;319
12;2025-08-02;0;101
12;2025-08-02;1;0
12;2025-08-02;2;0
12;2025-08-02;3;0
12;2025-08-02;4;0
12;2025-08-02;5;228
12;2025-08-02;6;764
12;2025-08-02;7;851
12;2025-08-02;8;926
12;2025-08-02;9;1013
12;2025-08-02;10;1094
12;2025-08-02;11;1165
12;2025-08-02;12;1179
12;2025-08-02;13;1211
12;2025-08-02;14;1204
12;2025-08-02;15;1191
12;2025-08-02;16;1206
12;2025-08-02;17;1254
12;2025-08-02;18;1231
12;2025-08-02;19;1211
12;2025-08-02;20;998
12;2025-08-02;21;791
12;2025-08-02;22;469
12;2025-08-02;23;283
12;2025-08-03;0;98
12;2025-08-03;1;0
12;2025-08-03;2;0
12;2025-08-03;3;0
12;2025-08-03;4;0
12;2025-08-03;5;175
12;2025-08-03;6;522
12;2025-08-03;7;636
12;2025-08-03;8;689
12;2025-08-03;9;883
12;2025-08-03;10;980
12;2025-08-03;11;1069
12;2025-08-03;12;1147
12;2025-08-03;13;1184
12;2025-08-03;14;1156
12;2025-08-03;15;1173
12;2025-08-03;16;1173
12;2025-08-03;17;1215
12;2025-08-03;18;1213
12;2025-08-03;19;1057
12;2025-08-03;20;916
12;2025-08-03;21;714
12;2025-08-03;22;467
12;2025-08-03;23;276
12;2025-08-04;0;77
12;2025-08-04;1;0
12;2025-08-04;2;0
12;2025-08-04;3;0
12;2025-08-04;4;0
12;2025-08-04;5;285
12;2025-08-04;6;1440
12;2025-08-04;7;2196
12;2025-08-04;8;2598
12;2025-08-04;9;2105
12;2025-08-04;10;1746
12;2025-08-04;11;1568
12;2025-08-04;12;1504
12;2025-08-04;13;1516
12;2025-08-04;14;1462
12;2025-08-04;15;1554
12;2025-08-04;16;1915
12;2025-08-04;17;2459
12;2025-08-04;18;2682
12;2025-08-04;19;2213
12;2025-08-04;20;1568
12;2025-08-04;21;960
12;2025-08-04;22;492
12;2025-08-04;23;250
12;2025-08-05;0;68
12;2025-08-05;1;0
12;2025-08-05;2;0
12;2025-08-05;3;0
12;2025-08-05;4;0
12;2025-08-05;5;287
12;2025-08-05;6;1480
12;2025-08-05;7;2266
12;2025-08-05;8;2738
12;2025-08-05;9;2197
12;2025-08-05;10;1801
12;2025-08-05;11;1602
12;2025-08-05;12;1545
12;2025-08-05;13;1549
12;2025-08-05;14;1493
12;2025-08-05;15;1596
12;2025-08-05;16;1944
12;2025-08-05;17;2548
12;2025-08-05;18;2845
12;2025-08-05;19;2275
12;2025-08-05;20;1630
12;2025-08-05;21;1050
12;2025-08-05;22;541
12;2025-08-05;23;256
12;2025-08-06;0;70
12;2025-08-06;1;0
12;2025-08-06;2;0
12;2025-08-06;3;0
12;2025-08-06;4;0
12;2025-08-06;5;281
12;2025-08-06;6;1461
12;2025-08-06;7;2245
12;2025-08-06;8;2734
12;2025-08-06;9;2194
12;2025-08-06;10;1806
12;2025-08-06;11;1614
12;2025-08-06;12;1557
12;2025-08-06;13;1566
12;2025-08-06;14;1504
12;2025-08-06;15;1617
12;2025-08-06;16;1965
12;2025-08-06;17;2547
12;2025-08-06;18;2847
12;2025-08-06;19;2273
12;2025-08-06;20;1631
12;2025-08-06;21;1064
12;2025-08-06;22;561
12;2025-08-06;23;274
12;2025-08-07;0;68
12;2025-08-07;1;0
12;2025-08-07;2;0
12;2025-08-07;3;0
12;2025-08-07;4;0
12;2025-08-07;5;281
12;2025-08-07;6;1461
12;2025-08-07;7;2234
12;2025-08-07;8;2716
12;2025-08-07;9;2183
12;2025-08-07;10;1791
12;2025-08-07;11;1584
12;2025-08-07;12;1524
12;2025-08-07;13;1528
12;2025-08-07;14;1473
12;2025-08-07;15;1584
12;2025-08-07;16;1940
12;2025-08-07;17;2528
12;2025-08-07;18;2831
12;2025-08-07;19;2278
12;2025-08-07;20;1683
12;2025-08-07;21;1083
12;2025-08-07;22;577
12;2025-08-07;23;301
12;2025-08-08;0;74
12;2025-08-08;1;0
12;2025-08-08;2;0
12;2025-08-08;3;0
12;2025-08-08;4;0
12;2025-08-08;5;278
12;2025-08-08;6;1441
12;2025-08-08;7;2210
12;2025-08-08;8;2657
12;2025-08-08;9;2142
12;2025-08-08;10;1776
12;2025-08-08;11;1613
12;2025-08-08;12;1561
12;2025-08-08;13;1568
12;2025-08-08;14;1555
12;2025-08-08;15;1663
12;2025-08-08;16;1994
12;2025-08-08;17;2505
12;2025-08-08;18;2493
12;2025-08-08;19;2158
12;2025-08-08;20;1636
12;2025-08-08;21;1068
12;2025-08-08;22;585
12;2025-08-08;23;319
12;2025-08-09;0;101
12;2025-08-09;1;0
12;2025-08-09;2;0
12;2025-08-09;3;0
12;2025-08-09;4;0
12;2025-08-09;5;228
12;2025-08-09;6;764
12;2025-08-09;7;851
12;2025-08-09;8;926
12;2025-08-09;9;1013
12;2025-08-09;10;1094
12;2025-08-09;11;1165
12;2025-08-09;12;1179
12;2025-08-09;13;1211
12;2025-08-09;14;1204
12;2025-08-09;15;1191
12;2025-08-09;16;1206
12;2025-08-09;17;1254
12;2025-08-09;18;1231
12;2025-08-09;19;1211
12;2025-08-09;20;998
12;2025-08-09;21;791
12;2025-08-09;22;469
12;2025-08-09;23;283
12;2025-08-10;0;98
12;2025-08-10;1;0
12;2025-08-10;2;0
12;2025-08-10;3;0
12;2025-08-10;4;0
12;2025-08-10;5;175
12;2025-08-10;6;522
12;2025-08-10;7;636
12;2025-08-10;8;689
12;2025-08-10;9;883
12;2025-08-10;10;980
12;2025-08-10;11;1069
12;2025-08-10;12;1147
12;2025-08-10;13;1184
12;2025-08-10;14;1156
12;2025-08-10;15;1173
12;2025-08-10;16;1173
12;2025-08-10;17;1215
12;2025-08-10;18;1213
12;2025-08-10;19;1057
12;2025-08-10;20;916
12;2025-08-10;21;714
12;2025-08-10;22;467
12;2025-08-10;23;276
12;2025-08-11;0;77
12;2025-08-11;1;0
12;2025-08-11;2;0
12;2025-08-11;3;0
12;2025-08-11;4;0
12;2025-08-11;5;285
12;2025-08-11;6;1440
12;2025-08-11;7;2196
12;2025-08-11;8;2598
12;2025-08-11;9;2105
12;2025-08-11;10;1746
12;2025-08-11;11;1568
12;2025-08-11;12;1504
12;2025-08-11;13;1516
12;2025-08-11;14;1462
12;2025-08-11;15;1554
12;2025-08-11;16;1915
12;2025-08-11;17;2459
12;2025-08-11;18;2682
12;2025-08-11;19;2213
12;2025-08-11;20;1568
12;2025-08-11;21;960
12;2025-08-11;22;492
12;2025-08-11;23;250
12;2025-08-12;0;68
12;2025-08-12;1;0
12;2025-08-12;2;0
12;2025-08-12;3;0
12;2025-08-12;4;0
12;2025-08-12;5;287
12;2025-08-12;6;1480
12;2025-08-12;7;2266
12;2025-08-12;8;2738
12;2025-08-12;9;2197
12;2025-08-12;10;1801
12;2025-08-12;11;1602
12;2025-08-12;12;1545
12;2025-08-12;13;1549
12;2025-08-12;14;1493
12;2025-08-12;15;1596
12;2025-08-12;16;1944
12;2025-08-12;17;2548
12;2025-08-12;18;2845
12;2025-08-12;19;2275
12;2025-08-12;20;1630
12;2025-08-12;21;1050
12;2025-08-12;22;541
12;2025-08-12;23;256
12;2025-08-13;0;70
12;2025-08-13;1;0
12;2025-08-13;2;0
12;2025-08-13;3;0
12;2025-08-13;4;0
12;2025-08-13;5;281
12;2025-08-13;6;1461
12;2025-08-13;7;2245
12;2025-08-13;8;2734
12;2025-08-13;9;2194
12;2025-08-13;10;1806
12;2025-08-13;11;1614
12;2025-08-13;12;1557
12;2025-08-13;13;1566
12;2025-08-13;14;1504
12;2025-08-13;15;1617
12;2025-08-13;16;1965
12;2025-08-13;17;2547
12;2025-08-13;18;2847
12;2025-08-13;19;2273
12;2025-08-13;20;1631
12;2025-08-13;21;1064
12;2025-08-13;22;561
12;2025-08-13;23;274
12;2025-08-14;0;68
12;2025-08-14;1;0
12;2025-08-14;2;0
12;2025-08-14;3;0
12;2025-08-14;4;0
12;2025-08-14;5;281
12;2025-08-14;6;1461
12;2025-08-14;7;2234
12;2025-08-14;8;2716
12;2025-08-14;9;2183
12;2025-08-14;10;1791
12;2025-08-14;11;1584
12;2025-08-14;12;1524
12;2025-08-14;13;1528
12;2025-08-14;14;1473
12;2025-08-14;15;1584
12;2025-08-14;16;1940
12;2025-08-14;17;2528
12;2025-08-14;18;2831
12;2025-08-14;19;2278
12;2025-08-14;20;1683
12;2025-08-14;21;1083
12;2025-08-14;22;577
12;2025-08-14;23;301
12;2025-08-15;0;74
12;2025-08-15;1;0
12;2025-08-15;2;0
12;2025-08-15;3;0
12;2025-08-15;4;0
12;2025-08-15;5;278
12;2025-08-15;6;1441
12;2025-08-15;7;2210
12;2025-08-15;8;2657
12;2025-08-15;9;2142
12;2025-08-15;10;1776
12;2025-08-15;11;1613
12;2025-08-15;12;1561
12;2025-08-15;13;1568
12;2025-08-15;14;1555
12;2025-08-15;15;1663
12;2025-08-15;16;1994
12;2025-08-15;17;2505
12;2025-08-15;18;2493
12;2025-08-15;19;2158
12;2025-08-15;20;1636
12;2025-08-15;21;1068
12;2025-08-15;22;585
12;2025-08-15;23;319
12;2025-08-16;0;101
12;2025-08-16;1;0
12;2025-08-16;2;0
12;2025-08-16;3;0
12;2025-08-16;4;0
12;2025-08-16;5;228
12;2025-08-16;6;764
12;2025-08-16;7;851
12;2025-08-16;8;926
12;2025-08-16;9;1013
12;2025-08-16;10;1094
12;2025-08-16;11;1165
12;2025-08-16;12;1179
12;2025-08-16;13;1211
12;2025-08-16;14;1204
12;2025-08-16;15;1191
12;2025-08-16;16;1206
12;2025-08-16;17;1254
12;2025-08-16;18;1231
12;2025-08-16;19;1211
12;2025-08-16;20;998
12;2025-08-16;21;791
12;2025-08-16;22;469
12;2025-08-16;23;283
12;2025-08-17;0;98
12;2025-08-17;1;0
12;2025-08-17;2;0
12;2025-08-17;3;0
12;2025-08-17;4;0
12;2025-08-17;5;175
12;2025-08-17;6;522
12;2025-08-17;7;636
12;2025-08-17;8;689
12;2025-08-17;9;883
12;2025-08-17;10;980
12;2025-08-17;11;1069
12;2025-08-17;12;1147
12;2025-08-17;13;1184
12;2025-08-17;14;1156
12;2025-08-17;15;1173
12;2025-08-17;16;1173
12;2025-08-17;17;1215
12;2025-08-17;18;1213
12;2025-08-17;19;1057
12;2025-08-17;20;916
12;2025-08-17;21;714
12;2025-08-17;22;467
12;2025-08-17;23;276
12;2025-08-18;0;77
12;2025-08-18;1;0
12;2025-08-18;2;0
12;2025-08-18;3;0
12;2025-08-18;4;0
12;2025-08-18;5;285
12;2025-08-18;6;1440
12;2025-08-18;7;2196
12;2025-08-18;8;2598
12;2025-08-18;9;2105
12;2025-08-18;10;1746
12;2025-08-18;11;1568
12;2025-08-18;12;1504
12;2025-08-18;13;1516
12;2025-08-18;14;1462
12;2025-08-18;15;1554
12;2025-08-18;16;1915
12;2025-08-18;17;2459
12;2025-08-18;18;2682
12;2025-08-18;19;2213
12;2025-08-18;20;1568
12;2025-08-18;21;960
12;2025-08-18;22;492
12;2025-08-18;23;250
12;2025-08-19;0;68
12;2025-08-19;1;0
12;2025-08-19;2;0
12;2025-08-19;3;0
12;2025-08-19;4;0
12;2025-08-19;5;287
12;2025-08-19;6;1480
12;2025-08-19;7;2266
12;2025-08-19;8;2738
12;2025-08-19;9;2197
12;2025-08-19;10;1801
12;2025-08-19;11;1602
12;2025-08-19;12;1545
12;2025-08-19;13;1549
12;2025-08-19;14;1493
12;2025-08-19;15;1596
12;2025-08-19;16;1944
12;2025-08-19;17;2548
12;2025-08-19;18;2845
12;2025-08-19;19;2275
12;2025-08-19;20;1630
12;2025-08-19;21;1050
12;2025-08-19;22;541
12;2025-08-19;23;256
12;2025-08-20;0;70
12;2025-08-20;1;0
12;2025-08-20;2;0
12;2025-08-20;3;0
12;2025-08-20;4;0
12;2025-08-20;5;281
12;2025-08-20;6;1461
12;2025-08-20;7;2245
12;2025-08-20;8;2734
12;2025-08-20;9;2194
12;2025-08-20;10;1806
12;2025-08-20;11;1614
12;2025-08-20;12;1557
12;2025-08-20;13;1566
12;2025-08-20;14;1504
12;2025-08-20;15;1617
12;2025-08-20;16;1965
12;2025-08-20;17;2547
12;2025-08-20;18;2847
12;2025-08-20;19;2273
12;2025-08-20;20;1631
12;2025-08-20;21;1064
12;2025-08-20;22;561
12;2025-08-20;23;274
12;2025-08-21;0;68
12;2025-08-21;1;0
12;2025-08-21;2;0
12;2025-08-21;3;0
12;2025-08-21;4;0
12;2025-08-21;5;281
12;2025-08-21;6;1461
12;2025-08-21;7;2234
12;2025-08-21;8;2716
12;2025-08-21;9;2183
12;2025-08-21;10;1791
12;2025-08-21;11;1584
12;2025-08-21;12;1524
12;2025-08-21;13;1528
12;2025-08-21;14;1473
12;2025-08-21;15;1584
12;2025-08-21;16;1940
12;2025-08-21;17;2528
12;2025-08-21;18;2831
12;2025-08-21;19;2278
12;2025-08-21;20;1683
12;2025-08-21;21;1083
12;2025-08-21;22;577
12;2025-08-21;23;301
12;2025-08-22;0;74
12;2025-08-22;1;0
12;2025-08-22;2;0
12;2025-08-22;3;0
12;2025-08-22;4;0
12;2025-08-22;5;278
12;2025-08-22;6;1441
12;2025-08-22;7;2210
12;2025-08-22;8;2657
12;2025-08-22;9;2142
12;2025-08-22;10;1776
12;2025-08-22;11;1613
12;2025-08-22;12;1561
12;2025-08-22;13;1568
12;2025-08-22;14;1555
12;2025-08-22;15;1663
12;2025-08-22;16;1994
12;2025-08-22;17;2505
12;2025-08-22;18;2493
12;2025-08-22;19;2158
12;2025-08-22;20;1636
12;2025-08-22;21;1068
12;2025-08-22;22;585
12;2025-08-22;23;319
12;2025-08-23;0;101
12;2025-08-23;1;0
12;2025-08-23;2;0
12;2025-08-23;3;0
12;2025-08-23;4;0
12;2025-08-23;5;228
12;2025-08-23;6;764
12;2025-08-23;7;851
12;2025-08-23;8;926
12;2025-08-23;9;1013
12;2025-08-23;10;1094
12;2025-08-23;11;1165
12;2025-08-23;12;1179
12;2025-08-23;13;1211
12;2025-08-23;14;1204
12;2025-08-23;15;1191
12;2025-08-23;16;1206
12;2025-08-23;17;1254
12;2025-08-23;18;1231
12;2025-08-23;19;1211
12;2025-08-23;20;998
12;2025-08-23;21;791
12;2025-08-23;22;469
12;2025-08-23;23;283
12;2025-08-24;0;98
12;2025-08-24;1;0
12;2025-08-24;2;0
12;2025-08-24;3;0
12;2025-08-24;4;0
12;2025-08-24;5;175
12;2025-08-24;6;522
12;2025-08-24;7;636
12;2025-08-24;8;689
12;2025-08-24;9;883
12;2025-08-24;10;980
12;2025-08-24;11;1069
12;2025-08-24;12;1147
12;2025-08-24;13;1184
12;2025-08-24;14;1156
12;2025-08-24;15;1173
12;2025-08-24;16;1173
12;2025-08-24;17;1215
12;2025-08-24;18;1213
12;2025-08-24;19;1057
12;2025-08-24;20;916
12;2025-08-24;21;714
12;2025-08-24;22;467
12;2025-08-24;23;276
12;2025-08-25;0;77
12;2025-08-25;1;0
12;2025-08-25;2;0
12;2025-08-25;3;0
12;2025-08-25;4;0
12;2025-08-25;5;285
12;2025-08-25;6;1440
12;2025-08-25;7;2196
12;2025-08-25;8;2598
12;2025-08-25;9;2105
12;2025-08-25;10;1746
12;2025-08-25;11;1568
12;2025-08-25;12;1504
12;2025-08-25;13;1516
12;2025-08-25;14;1462
12;2025-08-25;15;1554
12;2025-08-25;16;1915
12;2025-08-25;17;2459
12;2025-08-25;18;2682
12;2025-08-25;19;2213
12;2025-08-25;20;1568
12;2025-08-25;21;960
12;2025-08-25;22;492
12;2025-08-25;23;250
12;2025-08-26;0;68
12;2025-08-26;1;0
12;2025-08-26;2;0
12;2025-08-26;3;0
12;2025-08-26;4;0
12;2025-08-26;5;287
12;2025-08-26;6;1480
12;2025-08-26;7;2266
12;2025-08-26;8;2738
12;2025-08-26;9;2197
12;2025-08-26;10;1801
12;2025-08-26;11;1602
12;2025-08-26;12;1545
12;2025-08-26;13;1549
12;2025-08-26;14;1493
12;2025-08-26;15;1596
12;2025-08-26;16;1944
12;2025-08-26;17;2548
12;2025-08-26;18;2845
12;2025-08-26;19;2275
12;2025-08-26;20;1630
12;2025-08-26;21;1050
12;2025-08-26;22;541
12;2025-08-26;23;256
12;2025-08-27;0;70
12;2025-08-27;1;0
12;2025-08-27;2;0
12;2025-08-27;3;0
12;2025-08-27;4;0
12;2025-08-27;5;281
12;2025-08-27;6;1461
12;2025-08-27;7;2245
12;2025-08-27;8;2734
12;2025-08-27;9;2194
12;2025-08-27;10;1806
12;2025-08-27;11;1614
12;2025-08-27;12;1557
12;2025-08-27;13;1566
12;2025-08-27;14;1504
12;2025-08-27;15;1617
12;2025-08-27;16;1965
12;2025-08-27;17;2547
12;2025-08-27;18;2847
12;2025-08-27;19;2273
12;2025-08-27;20;1631
12;2025-08-27;21;1064
12;2025-08-27;22;561
12;2025-08-27;23;274
12;2025-08-28;0;68
12;2025-08-28;1;0
12;2025-08-28;2;0
12;2025-08-28;3;0
12;2025-08-28;4;0
12;2025-08-28;5;281
12;2025-08-28;6;1461
12;2025-08-28;7;2234
12;2025-08-28;8;2716
12;2025-08-28;9;2183
12;2025-08-28;10;1791
12;2025-08-28;11;1584
12;2025-08-28;12;1524
12;2025-08-28;13;1528
12;2025-08-28;14;1473
12;2025-08-28;15;1584
12;2025-08-28;16;1940
12;2025-08-28;17;2528
12;2025-08-28;18;2831
12;2025-08-28;19;2278
12;2025-08-28;20;1683
12;2025-08-28;21;1083
12;2025-08-28;22;577
12;2025-08-28;23;301
12;2025-08-29;0;74
12;2025-08-29;1;0
12;2025-08-29;2;0
12;2025-08-29;3;0
12;2025-08-29;4;0
12;2025-08-29;5;278
12;2025-08-29;6;1441
12;2025-08-29;7;2210
12;2025-08-29;8;2657
12;2025-08-29;9;2142
12;2025-08-29;10;1776
12;2025-08-29;11;1613
12;2025-08-29;12;1561
12;2025-08-29;13;1568
12;2025-08-29;14;1555
12;2025-08-29;15;1663
12;2025-08-29;16;1994
12;2025-08-29;17;2505
12;2025-08-29;18;2493
12;2025-08-29;19;2158
12;2025-08-29;20;1636
12;2025-08-29;21;1068
12;2025-08-29;22;585
12;2025-08-29;23;319
12;2025-08-30;0;101
12;2025-08-30;1;0
12;2025-08-30;2;0
12;2025-08-30;3;0
12;2025-08-30;4;0
12;2025-08-30;5;228
12;2025-08-30;6;764
12;2025-08-30;7;851
12;2025-08-30;8;926
12;2025-08-30;9;1013
12;2025-08-30;10;1094
12;2025-08-30;11;1165
12;2025-08-30;12;1179
12;2025-08-30;13;1211
12;2025-08-30;14;1204
12;2025-08-30;15;1191
12;2025-08-30;16;1206
12;2025-08-30;17;1254
12;2025-08-30;18;1231
12;2025-08-30;19;1211
12;2025-08-30;20;998
12;2025-08-30;21;791
12;2025-08-30;22;469
12;2025-08-30;23;283
12;2025-08-31;0;98
12;2025-08-31;1;0
12;2025-08-31;2;0
12;2025-08-31;3;0
12;2025-08-31;4;0
12;2025-08-31;5;175
12;2025-08-31;6;522
12;2025-08-31;7;636
12;2025-08-31;8;689
12;2025-08-31;9;883
12;2025-08-31;10;980
12;2025-08-31;11;1069
12;2025-08-31;12;1147
12;2025-08-31;13;1184
12;2025-08-31;14;1156
12;2025-08-31;15;1173
12;2025-08-31;16;1173
12;2025-08-31;17;1215
12;2025-08-31;18;1213
12;2025-08-31;19;1057
12;2025-08-31;20;916
12;2025-08-31;21;714
12;2025-08-31;22;467
12;2025-08-31;23;276
12;2025-09-01;0;77
12;2025-09-01;1;0
12;2025-09-01;2;0
12;2025-09-01;3;0
12;2025-09-01;4;0
12;2025-09-01;5;285
12;2025-09-01;6;1440
12;2025-09-01;7;2196
12;2025-09-01;8;2598
12;2025-09-01;9;2105
12;2025-09-01;10;1746
12;2025-09-01;11;1568
12;2025-09-01;12;1504
12;2025-09-01;13;1516
12;2025-09-01;14;1462
12;2025-09-01;15;1554
12;2025-09-01;16;1915
12;2025-09-01;17;2459
12;2025-09-01;18;2682
12;2025-09-01;19;2213
12;2025-09-01;20;1568
12;2025-09-01;21;960
12;2025-09-01;22;492
12;2025-09-01;23;250
12;2025-09-02;0;68
12;2025-09-02;1;0
12;2025-09-02;2;0
12;2025-09-02;3;0
12;2025-09-02;4;0
12;2025-09-02;5;287
12;2025-09-02;6;1480
12;2025-09-02;7;2266
12;2025-09-02;8;2738
12;2025-09-02;9;2197
12;2025-09-02;10;1801
12;2025-09-02;11;1602
12;2025-09-02;12;1545
12;2025-09-02;13;1549
12;2025-09-02;14;1493
12;2025-09-02;15;1596
12;2025-09-02;16;1944
12;2025-09-02;17;2548
12;2025-09-02;18;2845
12;2025-09-02;19;2275
12;2025-09-02;20;1630
12;2025-09-02;21;1050
12;2025-09-02;22;541
12;2025-09-02;23;256
12;2025-09-03;0;70
12;2025-09-03;1;0
12;2025-09-03;2;0
12;2025-09-03;3;0
12;2025-09-03;4;0
12;2025-09-03;5;281
12;2025-09-03;6;1461
12;2025-09-03;7;2245
12;2025-09-03;8;2734
12;2025-09-03;9;2194
12;2025-09-03;10;1806
12;2025-09-03;11;1614
12;2025-09-03;12;1557
12;2025-09-03;13;1566
12;2025-09-03;14;1504
12;2025-09-03;15;1617
12;2025-09-03;16;1965
12;2025-09-03;17;2547
12;2025-09-03;18;2847
12;2025-09-03;19;2273
12;2025-09-03;20;1631
12;2025-09-03;21;1064
12;2025-09-03;22;561
12;2025-09-03;23;274
12;2025-09-04;0;68
12;2025-09-04;1;0
12;2025-09-04;2;0
12;2025-09-04;3;0
12;2025-09-04;4;0
12;2025-09-04;5;281
12;2025-09-04;6;1461
12;2025-09-04;7;2234
12;2025-09-04;8;2716
12;2025-09-04;9;2183
12;2025-09-04;10;1791
12;2025-09-04;11;1584
12;2025-09-04;12;1524
12;2025-09-04;13;1528
12;2025-09-04;14;1473
12;2025-09-04;15;1584
12;2025-09-04;16;1940
12;2025-09-04;17;2528
12;2025-09-04;18;2831
12;2025-09-04;19;2278
12;2025-09-04;20;1683
12;2025-09-04;21;1083
12;2025-09-04;22;577
12;2025-09-04;23;301
12;2025-09-05;0;74
12;2025-09-05;1;0
12;2025-09-05;2;0
12;2025-09-05;3;0
12;2025-09-05;4;0
12;2025-09-05;5;278
12;2025-09-05;6;1441
12;2025-09-05;7;2210
12;2025-09-05;8;2657
12;2025-09-05;9;2142
12;2025-09-05;10;1776
12;2025-09-05;11;1613
12;2025-09-05;12;1561
12;2025-09-05;13;1568
12;2025-09-05;14;1555
12;2025-09-05;15;1663
12;2025-09-05;16;1994
12;2025-09-05;17;2505
12;2025-09-05;18;2493
12;2025-09-05;19;2158
12;2025-09-05;20;1636
12;2025-09-05;21;1068
12;2025-09-05;22;585
12;2025-09-05;23;319
12;2025-09-06;0;101
12;2025-09-06;1;0
12;2025-09-06;2;0
12;2025-09-06;3;0
12;2025-09-06;4;0
12;2025-09-06;5;228
12;2025-09-06;6;764
12;2025-09-06;7;851
12;2025-09-06;8;926
12;2025-09-06;9;1013
12;2025-09-06;10;1094
12;2025-09-06;11;1165
12;2025-09-06;12;1179
12;2025-09-06;13;1211
12;2025-09-06;14;1204
12;2025-09-06;15;1191
12;2025-09-06;16;1206
12;2025-09-06;17;1254
12;2025-09-06;18;1231
12;2025-09-06;19;1211
12;2025-09-06;20;998
12;2025-09-06;21;791
12;2025-09-06;22;469
12;2025-09-06;23;283
12;2025-09-07;0;98
12;2025-09-07;1;0
12;2025-09-07;2;0
12;2025-09-07;3;0
12;2025-09-07;4;0
12;2025-09-07;5;175
12;2025-09-07;6;522
12;2025-09-07;7;636
12;2025-09-07;8;689
12;2025-09-07;9;883
12;2025-09-07;10;980
12;2025-09-07;11;1069
12;2025-09-07;12;1147
12;2025-09-07;13;1184
12;2025-09-07;14;1156
12;2025-09-07;15;1173
12;2025-09-07;16;1173
12;2025-09-07;17;1215
12;2025-09-07;18;1213
12;2025-09-07;19;1057
12;2025-09-07;20;916
12;2025-09-07;21;714
12;2025-09-07;22;467
12;2025-09-07;23;276
12;2025-09-08;0;77
12;2025-09-08;1;0
12;2025-09-08;2;0
12;2025-09-08;3;0
12;2025-09-08;4;0
12;2025-09-08;5;285
12;2025-09-08;6;1440
12;2025-09-08;7;2196
12;2025-09-08;8;2598
12;2025-09-08;9;2105
12;2025-09-08;10;1746
12;2025-09-08;11;1568
12;2025-09-08;12;1504
12;2025-09-08;13;1516
12;2025-09-08;14;1462
12;2025-09-08;15;1554
12;2025-09-08;16;1915
12;2025-09-08;17;2459
12;2025-09-08;18;2682
12;2025-09-08;19;2213
12;2025-09-08;20;1568
12;2025-09-08;21;960
12;2025-09-08;22;492
12;2025-09-08;23;250
12;2025-09-09;0;68
12;2025-09-09;1;0
12;2025-09-09;2;0
12;2025-09-09;3;0
12;2025-09-09;4;0
12;2025-09-09;5;287
12;2025-09-09;6;1480
12;2025-09-09;7;2266
12;2025-09-09;8;2738
12;2025-09-09;9;2197
12;2025-09-09;10;1801
12;2025-09-09;11;1602
12;2025-09-09;12;1545
12;2025-09-09;13;1549
12;2025-09-09;14;1493
12;2025-09-09;15;1596
12;2025-09-09;16;1944
12;2025-09-09;17;2548
12;2025-09-09;18;2845
12;2025-09-09;19;2275
12;2025-09-09;20;1630
12;2025-09-09;21;1050
12;2025-09-09;22;541
12;2025-09-09;23;256
12;2025-09-10;0;70
12;2025-09-10;1;0
12;2025-09-10;2;0
12;2025-09-10;3;0
12;2025-09-10;4;0
12;2025-09-10;5;281
12;2025-09-10;6;1461
12;2025-09-10;7;2245
12;2025-09-10;8;2734
12;2025-09-10;9;2194
12;2025-09-10;10;1806
12;2025-09-10;11;1614
12;2025-09-10;12;1557
12;2025-09-10;13;1566
12;2025-09-10;14;1504
12;2025-09-10;15;1617
12;2025-09-10;16;1965
12;2025-09-10;17;2547
12;2025-09-10;18;2847
12;2025-09-10;19;2273
12;2025-09-10;20;1631
12;2025-09-10;21;1064
12;2025-09-10;22;561
12;2025-09-10;23;274
12;2025-09-11;0;68
12;2025-09-11;1;0
12;2025-09-11;2;0
12;2025-09-11;3;0
12;2025-09-11;4;0
12;2025-09-11;5;281
12;2025-09-11;6;1461
12;2025-09-11;7;2234
12;2025-09-11;8;2716
12;2025-09-11;9;2183
12;2025-09-11;10;1791
12;2025-09-11;11;1584
12;2025-09-11;12;1524
12;2025-09-11;13;1528
12;2025-09-11;14;1473
12;2025-09-11;15;1584
12;2025-09-11;16;1940
12;2025-09-11;17;2528
12;2025-09-11;18;2831
12;2025-09-11;19;2278
12;2025-09-11;20;1683
12;2025-09-11;21;1083
12;2025-09-11;22;577
12;2025-09-11;23;301
12;2025-09-12;0;74
12;2025-09-12;1;0
12;2025-09-12;2;0
12;2025-09-12;3;0
12;2025-09-12;4;0
12;2025-09-12;5;278
12;2025-09-12;6;1441
12;2025-09-12;7;2210
12;2025-09-12;8;2657
12;2025-09-12;9;2142
12;2025-09-12;10;1776
12;2025-09-12;11;1613
12;2025-09-12;12;1561
12;2025-09-12;13;1568
12;2025-09-12;14;1555
12;2025-09-12;15;1663
12;2025-09-12;16;1994
12;2025-09-12;17;2505
12;2025-09-12;18;2493
12;2025-09-12;19;2158
12;2025-09-12;20;1636
12;2025-09-12;21;1068
12;2025-09-12;22;585
12;2025-09-12;23;319
12;2025-09-13;0;101
12;2025-09-13;1;0
12;2025-09-13;2;0
12;2025-09-13;3;0
12;2025-09-13;4;0
12;2025-09-13;5;228
12;2025-09-13;6;764
12;2025-09-13;7;851
12;2025-09-13;8;926
12;2025-09-13;9;1013
12;2025-09-13;10;1094
12;2025-09-13;11;1165
12;2025-09-13;12;1179
12;2025-09-13;13;1211
12;2025-09-13;14;1204
12;2025-09-13;15;1191
12;2025-09-13;16;1206
12;2025-09-13;17;1254
12;2025-09-13;18;1231
12;2025-09-13;19;1211
12;2025-09-13;20;998
12;2025-09-13;21;791
12;2025-09-13;22;469
12;2025-09-13;23;283
12;2025-09-14;0;98
12;2025-09-14;1;0
12;2025-09-14;2;0
12;2025-09-14;3;0
12;2025-09-14;4;0
12;2025-09-14;5;175
12;2025-09-14;6;522
12;2025-09-14;7;636
12;2025-09-14;8;689
12;2025-09-14;9;883
12;2025-09-14;10;980
12;2025-09-14;11;1069
12;2025-09-14;12;1147
12;2025-09-14;13;1184
12;2025-09-14;14;1156
12;2025-09-14;15;1173
12;2025-09-14;16;1173
12;2025-09-14;17;1215
12;2025-09-14;18;1213
12;2025-09-14;19;1057
12;2025-09-14;20;916
12;2025-09-14;21;714
12;2025-09-14;22;467
12;2025-09-14;23;276
12;2025-09-15;0;77
12;2025-09-15;1;0
12;2025-09-15;2;0
12;2025-09-15;3;0
12;2025-09-15;4;0
12;2025-09-15;5;285
12;2025-09-15;6;1440
12;2025-09-15;7;2196
12;2025-09-15;8;2598
12;2025-09-15;9;2105
12;2025-09-15;10;1746
12;2025-09-15;11;1568
12;2025-09-15;12;1504
12;2025-09-15;13;1516
12;2025-09-15;14;1462
12;2025-09-15;15;1554
12;2025-09-15;16;1915
12;2025-09-15;17;2459
12;2025-09-15;18;2682
12;2025-09-15;19;2213
12;2025-09-15;20;1568
12;2025-09-15;21;960
12;2025-09-15;22;492
12;2025-09-15;23;250
12;2025-09-16;0;68
12;2025-09-16;1;0
12;2025-09-16;2;0
12;2025-09-16;3;0
12;2025-09-16;4;0
12;2025-09-16;5;287
12;2025-09-16;6;1480
12;2025-09-16;7;2266
12;2025-09-16;8;2738
12;2025-09-16;9;2197
12;2025-09-16;10;1801
12;2025-09-16;11;1602
12;2025-09-16;12;1545
12;2025-09-16;13;1549
12;2025-09-16;14;1493
12;2025-09-16;15;1596
12;2025-09-16;16;1944
12;2025-09-16;17;2548
12;2025-09-16;18;2845
12;2025-09-16;19;2275
12;2025-09-16;20;1630
12;2025-09-16;21;1050
12;2025-09-16;22;541
12;2025-09-16;23;256
12;2025-09-17;0;70
12;2025-09-17;1;0
12;2025-09-17;2;0
12;2025-09-17;3;0
12;2025-09-17;4;0
12;2025-09-17;5;281
12;2025-09-17;6;1461
12;2025-09-17;7;2245
12;2025-09-17;8;2734
12;2025-09-17;9;2194
12;2025-09-17;10;1806
12;2025-09-17;11;1614
12;2025-09-17;12;1557
12;2025-09-17;13;1566
12;2025-09-17;14;1504
12;2025-09-17;15;1617
12;2025-09-17;16;1965
12;2025-09-17;17;2547
12;2025-09-17;18;2847
12;2025-09-17;19;2273
12;2025-09-17;20;1631
12;2025-09-17;21;1064
12;2025-09-17;22;561
12;2025-09-17;23;274
12;2025-09-18;0;68
12;2025-09-18;1;0
12;2025-09-18;2;0
12;2025-09-18;3;0
12;2025-09-18;4;0
12;2025-09-18;5;281
12;2025-09-18;6;1461
12;2025-09-18;7;2234
12;2025-09-18;8;2716
12;2025-09-18;9;2183
12;2025-09-18;10;1791
12;2025-09-18;11;1584
12;2025-09-18;12;1524
12;2025-09-18;13;1528
12;2025-09-18;14;1473
12;2025-09-18;15;1584
12;2025-09-18;16;1940
12;2025-09-18;17;2528
12;2025-09-18;18;2831
12;2025-09-18;19;2278
12;2025-09-18;20;1683
12;2025-09-18;21;1083
12;2025-09-18;22;577
12;2025-09-18;23;301
12;2025-09-19;0;74
12;2025-09-19;1;0
12;2025-09-19;2;0
12;2025-09-19;3;0
12;2025-09-19;4;0
12;2025-09-19;5;278
12;2025-09-19;6;1441
12;2025-09-19;7;2210
12;2025-09-19;8;2657
12;2025-09-19;9;2142
12;2025-09-19;10;1776
12;2025-09-19;11;1613
12;2025-09-19;12;1561
12;2025-09-19;13;1568
12;2025-09-19;14;1555
12;2025-09-19;15;1663
12;2025-09-19;16;1994
12;2025-09-19;17;2505
12;2025-09-19;18;2493
12;2025-09-19;19;2158
12;2025-09-19;20;1636
12;2025-09-19;21;1068
12;2025-09-19;22;585
12;2025-09-19;23;319
12;2025-09-20;0;101
12;2025-09-20;1;0
12;2025-09-20;2;0
12;2025-09-20;3;0
12;2025-09-20;4;0
12;2025-09-20;5;228
12;2025-09-20;6;764
12;2025-09-20;7;851
12;2025-09-20;8;926
12;2025-09-20;9;1013
12;2025-09-20;10;1094
12;2025-09-20;11;1165
12;2025-09-20;12;1179
12;2025-09-20;13;1211
12;2025-09-20;14;1204
12;2025-09-20;15;1191
12;2025-09-20;16;1206
12;2025-09-20;17;1254
12;2025-09-20;18;1231
12;2025-09-20;19;1211
12;2025-09-20;20;998
12;2025-09-20;21;791
12;2025-09-20;22;469
12;2025-09-20;23;283
12;2025-09-21;0;98
12;2025-09-21;1;0
12;2025-09-21;2;0
12;2025-09-21;3;0
12;2025-09-21;4;0
12;2025-09-21;5;175
12;2025-09-21;6;522
12;2025-09-21;7;636
12;2025-09-21;8;689
12;2025-09-21;9;883
12;2025-09-21;10;980
12;2025-09-21;11;1069
12;2025-09-21;12;1147
12;2025-09-21;13;1184
12;2025-09-21;14;1156
12;2025-09-21;15;1173
12;2025-09-21;16;1173
12;2025-09-21;17;1215
12;2025-09-21;18;1213
12;2025-09-21;19;1057
12;2025-09-21;20;916
12;2025-09-21;21;714
12;2025-09-21;22;467
12;2025-09-21;23;276
12;2025-09-22;0;77
12;2025-09-22;1;0
12;2025-09-22;2;0
12;2025-09-22;3;0
12;2025-09-22;4;0
12;2025-09-22;5;285
12;2025-09-22;6;1440
12;2025-09-22;7;2196
12;2025-09-22;8;2598
12;2025-09-22;9;2105
12;2025-09-22;10;1746
12;2025-09-22;11;1568
12;2025-09-22;12;1504
12;2025-09-22;13;1516
12;2025-09-22;14;1462
12;2025-09-22;15;1554
12;2025-09-22;16;1915
12;2025-09-22;17;2459
12;2025-09-22;18;2682
12;2025-09-22;19;2213
12;2025-09-22;20;1568
12;2025-09-22;21;960
12;2025-09-22;22;492
12;2025-09-22;23;250
12;2025-09-23;0;68
12;2025-09-23;1;0
12;2025-09-23;2;0
12;2025-09-23;3;0
12;2025-09-23;4;0
12;2025-09-23;5;287
12;2025-09-23;6;1480
12;2025-09-23;7;2266
12;2025-09-23;8;2738
12;2025-09-23;9;2197
12;2025-09-23;10;1801
12;2025-09-23;11;1602
12;2025-09-23;12;1545
12;2025-09-23;13;1549
12;2025-09-23;14;1493
12;2025-09-23;15;1596
12;2025-09-23;16;1944
12;2025-09-23;17;2548
12;2025-09-23;18;2845
12;2025-09-23;19;2275
12;2025-09-23;20;1630
12;2025-09-23;21;1050
12;2025-09-23;22;541
12;2025-09-23;23;256
12;2025-09-24;0;70
12;2025-09-24;1;0
12;2025-09-24;2;0
12;2025-09-24;3;0
12;2025-09-24;4;0
12;2025-09-24;5;281
12;2025-09-24;6;1461
12;2025-09-24;7;2245
12;2025-09-24;8;2734
12;2025-09-24;9;2194
12;2025-09-24;10;1806
12;2025-09-24;11;1614
12;2025-09-24;12;1557
12;2025-09-24;13;1566
12;2025-09-24;14;1504
12;2025-09-24;15;1617
12;2025-09-24;16;1965
12;2025-09-24;17;2547
12;2025-09-24;18;2847
12;2025-09-24;19;2273
12;2025-09-24;20;1631
12;2025-09-24;21;1064
12;2025-09-24;22;561
12;2025-09-24;23;274
12;2025-09-25;0;68
12;2025-09-25;1;0
12;2025-09-25;2;0
12;2025-09-25;3;0
12;2025-09-25;4;0
12;2025-09-25;5;281
12;2025-09-25;6;1461
12;2025-09-25;7;2234
12;2025-09-25;8;2716
12;2025-09-25;9;2183
12;2025-09-25;10;1791
12;2025-09-25;11;1584
12;2025-09-25;12;1524
12;2025-09-25;13;1528
12;2025-09-25;14;1473
12;2025-09-25;15;1584
12;2025-09-25;16;1940
12;2025-09-25;17;2528
12;2025-09-25;18;2831
12;2025-09-25;19;2278
12;2025-09-25;20;1683
12;2025-09-25;21;1083
12;2025-09-25;22;577
12;2025-09-25;23;301
12;2025-09-26;0;74
12;2025-09-26;1;0
12;2025-09-26;2;0
12;2025-09-26;3;0
12;2025-09-26;4;0
12;2025-09-26;5;278
12;2025-09-26;6;1441
12;2025-09-26;7;2210
12;2025-09-26;8;2657
12;2025-09-26;9;2142
12;2025-09-26;10;1776
12;2025-09-26;11;1613
12;2025-09-26;12;1561
12;2025-09-26;13;1568
12;2025-09-26;14;1555
12;2025-09-26;15;1663
12;2025-09-26;16;1994
12;2025-09-26;17;2505
12;2025-09-26;18;2493
12;2025-09-26;19;2158
12;2025-09-26;20;1636
12;2025-09-26;21;1068
12;2025-09-26;22;585
12;2025-09-26;23;319
12;2025-09-27;0;101
12;2025-09-27;1;0
12;2025-09-27;2;0
12;2025-09-27;3;0
12;2025-09-27;4;0
12;2025-09-27;5;228
12;2025-09-27;6;764
12;2025-09-27;7;851
12;2025-09-27;8;926
12;2025-09-27;9;1013
12;2025-09-27;10;1094
12;2025-09-27;11;1165
12;2025-09-27;12;1179
12;2025-09-27;13;1211
12;2025-09-27;14;1204
12;2025-09-27;15;1191
12;2025-09-27;16;1206
12;2025-09-27;17;1254
12;2025-09-27;18;1231
12;2025-09-27;19;1211
12;2025-09-27;20;998
12;2025-09-27;21;791
12;2025-09-27;22;469
12;2025-09-27;23;283
12;2025-09-28;0;98
12;2025-09-28;1;0
12;2025-09-28;2;0
12;2025-09-28;3;0
12;2025-09-28;4;0
12;2025-09-28;5;175
12;2025-09-28;6;522
12;2025-09-28;7;636
12;2025-09-28;8;689
12;2025-09-28;9;883
12;2025-09-28;10;980
12;2025-09-28;11;1069
12;2025-09-28;12;1147
12;2025-09-28;13;1184
12;2025-09-28;14;1156
12;2025-09-28;15;1173
12;2025-09-28;16;1173
12;2025-09-28;17;1215
12;2025-09-28;18;1213
12;2025-09-28;19;1057
12;2025-09-28;20;916
12;2025-09-28;21;714
12;2025-09-28;22;467
12;2025-09-28;23;276
12;2025-09-29;0;77
12;2025-09-29;1;0
12;2025-09-29;2;0
12;2025-09-29;3;0
12;2025-09-29;4;0
12;2025-09-29;5;285
12;2025-09-29;6;1440
12;2025-09-29;7;2196
12;2025-09-29;8;2598
12;2025-09-29;9;2105
12;2025-09-29;10;1746
12;2025-09-29;11;1568
12;2025-09-29;12;1504
12;2025-09-29;13;1516
12;2025-09-29;14;1462
12;2025-09-29;15;1554
12;2025-09-29;16;1915
12;2025-09-29;17;2459
12;2025-09-29;18;2682
12;2025-09-29;19;2213
12;2025-09-29;20;1568
12;2025-09-29;21;960
12;2025-09-29;22;492
12;2025-09-29;23;250
12;2025-09-30;0;68
12;2025-09-30;1;0
12;2025-09-30;2;0
12;2025-09-30;3;0
12;2025-09-30;4;0
12;2025-09-30;5;287
12;2025-09-30;6;1480
12;2025-09-30;7;2266
12;2025-09-30;8;2738
12;2025-09-30;9;2197
12;2025-09-30;10;1801
12;2025-09-30;11;1602
12;2025-09-30;12;1545
12;2025-09-30;13;1549
12;2025-09-30;14;1493
12;2025-09-30;15;1596
12;2025-09-30;16;1944
12;2025-09-30;17;2548
12;2025-09-30;18;2845
12;2025-09-30;19;2275
12;2025-09-30;20;1630
12;2025-09-30;21;1050
12;2025-09-30;22;541
12;2025-09-30;23;256
17;2025-08-01;0;164
17;2025-08-01;1;0
17;2025-08-01;2;0
17;2025-08-01;3;0
17;2025-08-01;4;0
17;2025-08-01;5;181
17;2025-08-01;6;1273
17;2025-08-01;7;3186
17;2025-08-01;8;4173
17;2025-08-01;9;3170
17;2025-08-01;10;2575
17;2025-08-01;11;2341
17;2025-08-01;12;2309
17;2025-08-01;13;2334
17;2025-08-01;14;2345
17;2025-08-01;15;2443
17;2025-08-01;16;2905
17;2025-08-01;17;3730
17;2025-08-01;18;3710
17;2025-08-01;19;3123
17;2025-08-01;20;2370
17;2025-08-01;21;1588
17;2025-08-01;22;958
17;2025-08-01;23;477
17;2025-08-02;0;204
17;2025-08-02;1;0
17;2025-08-02;2;0
17;2025-08-02;3;0
17;2025-08-02;4;0
17;2025-08-02;5;115
17;2025-08-02;6;680
17;2025-08-02;7;1051
17;2025-08-02;8;1460
17;2025-08-02;9;1642
17;2025-08-02;10;1867
17;2025-08-02;11;2129
17;2025-08-02;12;2174
17;2025-08-02;13;2242
17;2025-08-02;14;2267
17;2025-08-02;15;2271
17;2025-08-02;16;2294
17;2025-08-02;17;2361
17;2025-08-02;18;2328
17;2025-08-02;19;2163
17;2025-08-02;20;1771
17;2025-08-02;21;1357
17;2025-08-02;22;857
17;2025-08-02;23;449
17;2025-08-03;0;205
17;2025-08-03;1;0
17;2025-08-03;2;0
17;2025-08-03;3;0
17;2025-08-03;4;0
17;2025-08-03;5;70
17;2025-08-03;6;418
17;2025-08-03;7;731
17;2025-08-03;8;1097
17;2025-08-03;9;1372
17;2025-08-03;10;1534
17;2025-08-03;11;1812
17;2025-08-03;12;2066
17;2025-08-03;13;2170
17;2025-08-03;14;2189
17;2025-08-03;15;2194
17;2025-08-03;16;2194
17;2025-08-03;17;2252
17;2025-08-03;18;2262
17;2025-08-03;19;1883
17;2025-08-03;20;1608
17;2025-08-03;21;1281
17;2025-08-03;22;836
17;2025-08-03;23;411
17;2025-08-04;0;146
17;2025-08-04;1;0
17;2025-08-04;2;0
17;2025-08-04;3;0
17;2025-08-04;4;0
17;2025-08-04;5;190
17;2025-08-04;6;1270
17;2025-08-04;7;3157
17;2025-08-04;8;4013
17;2025-08-04;9;3073
17;2025-08-04;10;2486
17;2025-08-04;11;2219
17;2025-08-04;12;2175
17;2025-08-04;13;2169
17;2025-08-04;14;2138
17;2025-08-04;15;2179
17;2025-08-04;16;2651
17;2025-08-04;17;3545
17;2025-08-04;18;4194
17;2025-08-04;19;3174
17;2025-08-04;20;2273
17;2025-08-04;21;1438
17;2025-08-04;22;831
17;2025-08-04;23;374
17;2025-08-05;0;141
17;2025-08-05;1;0
17;2025-08-05;2;0
17;2025-08-05;3;0
17;2025-08-05;4;0
17;2025-08-05;5;197
17;2025-08-05;6;1317
17;2025-08-05;7;3265
17;2025-08-05;8;4335
17;2025-08-05;9;3230
17;2025-08-05;10;2575
17;2025-08-05;11;2277
17;2025-08-05;12;2232
17;2025-08-05;13;2227
17;2025-08-05;14;2194
17;2025-08-05;15;2227
17;2025-08-05;16;2679
17;2025-08-05;17;3644
17;2025-08-05;18;4400
17;2025-08-05;19;3297
17;2025-08-05;20;2384
17;2025-08-05;21;1574
17;2025-08-05;22;906
17;2025-08-05;23;391
17;2025-08-06;0;142
17;2025-08-06;1;0
17;2025-08-06;2;0
17;2025-08-06;3;0
17;2025-08-06;4;0
17;2025-08-06;5;197
17;2025-08-06;6;1317
17;2025-08-06;7;3257
17;2025-08-06;8;4328
17;2025-08-06;9;3231
17;2025-08-06;10;2591
17;2025-08-06;11;2308
17;2025-08-06;12;2263
17;2025-08-06;13;2258
17;2025-08-06;14;2227
17;2025-08-06;15;2255
17;2025-08-06;16;2707
17;2025-08-06;17;3631
17;2025-08-06;18;4332
17;2025-08-06;19;3284
17;2025-08-06;20;2368
17;2025-08-06;21;1579
17;2025-08-06;22;929
17;2025-08-06;23;415
17;2025-08-07;0;168
17;2025-08-07;1;0
17;2025-08-07;2;0
17;2025-08-07;3;0
17;2025-08-07;4;0
17;2025-08-07;5;205
17;2025-08-07;6;1323
17;2025-08-07;7;3247
17;2025-08-07;8;4287
17;2025-08-07;9;3232
17;2025-08-07;10;2591
17;2025-08-07;11;2294
17;2025-08-07;12;2262
17;2025-08-07;13;2258
17;2025-08-07;14;2244
17;2025-08-07;15;2274
17;2025-08-07;16;2736
17;2025-08-07;17;3673
17;2025-08-07;18;4379
17;2025-08-07;19;3313
17;2025-08-07;20;2459
17;2025-08-07;21;1628
17;2025-08-07;22;973
17;2025-08-07;23;475
17;2025-08-08;0;164
17;2025-08-08;1;0
17;2025-08-08;2;0
17;2025-08-08;3;0
17;2025-08-08;4;0
17;2025-08-08;5;181
17;2025-08-08;6;1273
17;2025-08-08;7;3186
17;2025-08-08;8;4173
17;2025-08-08;9;3170
17;2025-08-08;10;2575
17;2025-08-08;11;2341
17;2025-08-08;12;2309
17;2025-08-08;13;2334
17;2025-08-08;14;2345
17;2025-08-08;15;2443
17;2025-08-08;16;2905
17;2025-08-08;17;3730
17;2025-08-08;18;3710
17;2025-08-08;19;3123
17;2025-08-08;20;2370
17;2025-08-08;21;1588
17;2025-08-08;22;958
17;2025-08-08;23;477
17;2025-08-09;0;204
17;2025-08-09;1;0
17;2025-08-09;2;0
17;2025-08-09;3;0
17;2025-08-09;4;0
17;2025-08-09;5;115
17;2025-08-09;6;680
17;2025-08-09;7;1051
17;2025-08-09;8;1460
17;2025-08-09;9;1642
17;2025-08-09;10;1867
17;2025-08-09;11;2129
17;2025-08-09;12;2174
17;2025-08-09;13;2242
17;2025-08-09;14;2267
17;2025-08-09;15;2271
17;2025-08-09;16;2294
17;2025-08-09;17;2361
17;2025-08-09;18;2328
17;2025-08-09;19;2163
17;2025-08-09;20;1771
17;2025-08-09;21;1357
17;2025-08-09;22;857
17;2025-08-09;23;449
17;2025-08-10;0;205
17;2025-08-10;1;0
17;2025-08-10;2;0
17;2025-08-10;3;0
17;2025-08-10;4;0
17;2025-08-10;5;70
17;2025-08-10;6;418
17;2025-08-10;7;731
17;2025-08-10;8;1097
17;2025-08-10;9;1372
17;2025-08-10;10;1534
17;2025-08-10;11;1812
17;2025-08-10;12;2066
17;2025-08-10;13;2170
17;2025-08-10;14;2189
17;2025-08-10;15;2194
17;2025-08-10;16;2194
17;2025-08-10;17;2252
17;2025-08-10;18;2262
17;2025-08-10;19;1883
17;2025-08-10;20;1608
17;2025-08-10;21;1281
17;2025-08-10;22;836
17;2025-08-10;23;411
17;2025-08-11;0;146
17;2025-08-11;1;0
17;2025-08-11;2;0
17;2025-08-11;3;0
17;2025-08-11;4;0
17;2025-08-11;5;190
17;2025-08-11;6;1270
17;2025-08-11;7;3157
17;2025-08-11;8;4013
17;2025-08-11;9;3073
17;2025-08-11;10;2486
17;2025-08-11;11;2219
17;2025-08-11;12;2175
17;2025-08-11;13;2169
17;2025-08-11;14;2138
17;2025-08-11;15;2179
17;2025-08-11;16;2651
17;2025-08-11;17;3545
17;2025-08-11;18;4194
17;2025-08-11;19;3174
17;2025-08-11;20;2273
17;2025-08-11;21;1438
17;2025-08-11;22;831
17;2025-08-11;23;374
17;2025-08-12;0;141
17;2025-08-12;1;0
17;2025-08-12;2;0
17;2025-08-12;3;0
17;2025-08-12;4;0
17;2025-08-12;5;197
17;2025-08-12;6;1317
17;2025-08-12;7;3265
17;2025-08-12;8;4335
17;2025-08-12;9;3230
17;2025-08-12;10;2575
17;2025-08-12;11;2277
17;2025-08-12;12;2232
17;2025-08-12;13;2227
17;2025-08-12;14;2194
17;2025-08-12;15;2227
17;2025-08-12;16;2679
17;2025-08-12;17;3644
17;2025-08-12;18;4400
17;2025-08-12;19;3297
17;2025-08-12;20;2384
17;2025-08-12;21;1574
17;2025-08-12;22;906
17;2025-08-12;23;391
17;2025-08-13;0;142
17;2025-08-13;1;0
17;2025-08-13;2;0
17;2025-08-13;3;0
17;2025-08-13;4;0
17;2025-08-13;5;197
17;2025-08-13;6;1317
17;2025-08-13;7;3257
17;2025-08-13;8;4328
17;2025-08-13;9;3231
17;2025-08-13;10;2591
17;2025-08-13;11;2308
17;2025-08-13;12;2263
17;2025-08-13;13;2258
17;2025-08-13;14;2227
17;2025-08-13;15;2255
17;2025-08-13;16;2707
17;2025-08-13;17;3631
17;2025-08-13;18;4332
17;2025-08-13;19;3284
17;2025-08-13;20;2368
17;2025-08-13;21;1579
17;2025-08-13;22;929
17;2025-08-13;23;415
17;2025-08-14;0;168
17;2025-08-14;1;0
17;2025-08-14;2;0
17;2025-08-14;3;0
17;2025-08-14;4;0
17;2025-08-14;5;205
17;2025-08-14;6;1323
17;2025-08-14;7;3247
17;2025-08-14;8;4287
17;2025-08-14;9;3232
17;2025-08-14;10;2591
17;2025-08-14;11;2294
17;2025-08-14;12;2262
17;2025-08-14;13;2258
17;2025-08-14;14;2244
17;2025-08-14;15;2274
17;2025-08-14;16;2736
17;2025-08-14;17;3673
17;2025-08-14;18;4379
17;2025-08-14;19;3313
17;2025-08-14;20;2459
17;2025-08-14;21;1628
17;2025-08-14;22;973
17;2025-08-14;23;475
17;2025-08-15;0;164
17;2025-08-15;1;0
17;2025-08-15;2;0
17;2025-08-15;3;0
17;2025-08-15;4;0
17;2025-08-15;5;181
17;2025-08-15;6;1273
17;2025-08-15;7;3186
17;2025-08-15;8;4173
17;2025-08-15;9;3170
17;2025-08-15;10;2575
17;2025-08-15;11;2341
17;2025-08-15;12;2309
17;2025-08-15;13;2334
17;2025-08-15;14;2345
17;2025-08-15;15;2443
17;2025-08-15;16;2905
17;2025-08-15;17;3730
17;2025-08-15;18;3710
17;2025-08-15;19;3123
17;2025-08-15;20;2370
17;2025-08-15;21;1588
17;2025-08-15;22;958
17;2025-08-15;23;477
17;2025-08-16;0;204
17;2025-08-16;1;0
17;2025-08-16;2;0
17;2025-08-16;3;0
17;2025-08-16;4;0
17;2025-08-16;5;115
17;2025-08-16;6;680
17;2025-08-16;7;1051
17;2025-08-16;8;1460
17;2025-08-16;9;1642
17;2025-08-16;10;1867
17;2025-08-16;11;2129
17;2025-08-16;12;2174
17;2025-08-16;13;2242
17;2025-08-16;14;2267
17;2025-08-16;15;2271
17;2025-08-16;16;2294
17;2025-08-16;17;2361
17;2025-08-16;18;2328
17;2025-08-16;19;2163
17;2025-08-16;20;1771
17;2025-08-16;21;1357
17;2025-08-16;22;857
17;2025-08-16;23;449
17;2025-08-17;0;205
17;2025-08-17;1;0
17;2025-08-17;2;0
17;2025-08-17;3;0
17;2025-08-17;4;0
17;2025-08-17;5;70
17;2025-08-17;6;418
17;2025-08-17;7;731
17;2025-08-17;8;1097
17;2025-08-17;9;1372
17;2025-08-17;10;1534
17;2025-08-17;11;1812
17;2025-08-17;12;2066
17;2025-08-17;13;2170
17;2025-08-17;14;2189
17;2025-08-17;15;2194
17;2025-08-17;16;2194
17;2025-08-17;17;2252
17;2025-08-17;18;2262
17;2025-08-17;19;1883
17;2025-08-17;20;1608
17;2025-08-17;21;1281
17;2025-08-17;22;836
17;2025-08-17;23;411
17;2025-08-18;0;146
17;2025-08-18;1;0
17;2025-08-18;2;0
17;2025-08-18;3;0
17;2025-08-18;4;0
17;2025-08-18;5;190
17;2025-08-18;6;1270
17;2025-08-18;7;3157
17;2025-08-18;8;4013
17;2025-08-18;9;3073
17;2025-08-18;10;2486
17;2025-08-18;11;2219
17;2025-08-18;12;2175
17;2025-08-18;13;2169
17;2025-08-18;14;2138
17;2025-08-18;15;2179
17;2025-08-18;16;2651
17;2025-08-18;17;3545
17;2025-08-18;18;4194
17;2025-08-18;19;3174
17;2025-08-18;20;2273
17;2025-08-18;21;1438
17;2025-08-18;22;831
17;2025-08-18;23;374
17;2025-08-19;0;141
17;2025-08-19;1;0
17;2025-08-19;2;0
17;2025-08-19;3;0
17;2025-08-19;4;0
17;2025-08-19;5;197
17;2025-08-19;6;1317
17;2025-08-19;7;3265
17;2025-08-19;8;4335
17;2025-08-19;9;3230
17;2025-08-19;10;2575
17;2025-08-19;11;2277
17;2025-08-19;12;2232
17;2025-08-19;13;2227
17;2025-08-19;14;2194
17;2025-08-19;15;2227
17;2025-08-19;16;2679
17;2025-08-19;17;3644
17;2025-08-19;18;4400
17;2025-08-19;19;3297
17;2025-08-19;20;2384
17;2025-08-19;21;1574
17;2025-08-19;22;906
17;2025-08-19;23;391
17;2025-08-20;0;142
17;2025-08-20;1;0
17;2025-08-20;2;0
17;2025-08-20;3;0
17;2025-08-20;4;0
17;2025-08-20;5;197
17;2025-08-20;6;1317
17;2025-08-20;7;3257
17;2025-08-20;8;4328
17;2025-08-20;9;3231
17;2025-08-20;10;2591
17;2025-08-20;11;2308
17;2025-08-20;12;2263
17;2025-08-20;13;2258
17;2025-08-20;14;2227
17;2025-08-20;15;2255
17;2025-08-20;16;2707
17;2025-08-20;17;3631
17;2025-08-20;18;4332
17;2025-08-20;19;3284
17;2025-08-20;20;2368
17;2025-08-20;21;1579
17;2025-08-20;22;929
17;2025-08-20;23;415
17;2025-08-21;0;168
17;2025-08-21;1;0
17;2025-08-21;2;0
17;2025-08-21;3;0
17;2025-08-21;4;0
17;2025-08-21;5;205
17;2025-08-21;6;1323
17;2025-08-21;7;3247
17;2025-08-21;8;4287
17;2025-08-21;9;3232
17;2025-08-21;10;2591
17;2025-08-21;11;2294
17;2025-08-21;12;2262
17;2025-08-21;13;2258
17;2025-08-21;14;2244
17;2025-08-21;15;2274
17;2025-08-21;16;2736
17;2025-08-21;17;3673
17;2025-08-21;18;4379
17;2025-08-21;19;3313
17;2025-08-21;20;2459
17;2025-08-21;21;1628
17;2025-08-21;22;973
17;2025-08-21;23;475
17;2025-08-22;0;164
17;2025-08-22;1;0
17;2025-08-22;2;0
17;2025-08-22;3;0
17;2025-08-22;4;0
17;2025-08-22;5;181
17;2025-08-22;6;1273
17;2025-08-22;7;3186
17;2025-08-22;8;4173
17;2025-08-22;9;3170
17;2025-08-22;10;2575
17;2025-08-22;11;2341
17;2025-08-22;12;2309
17;2025-08-22;13;2334
17;2025-08-22;14;2345
17;2025-08-22;15;2443
17;2025-08-22;16;2905
17;2025-08-22;17;3730
17;2025-08-22;18;3710
17;2025-08-22;19;3123
17;2025-08-22;20;2370
17;2025-08-22;21;1588
17;2025-08-22;22;958
17;2025-08-22;23;477
17;2025-08-23;0;204
17;2025-08-23;1;0
17;2025-08-23;2;0
17;2025-08-23;3;0
17;2025-08-23;4;0
17;2025-08-23;5;115
17;2025-08-23;6;680
17;2025-08-23;7;1051
17;2025-08-23;8;1460
17;2025-08-23;9;1642
17;2025-08-23;10;1867
17;2025-08-23;11;2129
17;2025-08-23;12;2174
17;2025-08-23;13;2242
17;2025-08-23;14;2267
17;2025-08-23;15;2271
17;2025-08-23;16;2294
17;2025-08-23;17;2361
17;2025-08-23;18;2328
17;2025-08-23;19;2163
17;2025-08-23;20;1771
17;2025-08-23;21;1357
17;2025-08-23;22;857
17;2025-08-23;23;449
17;2025-08-24;0;205
17;2025-08-24;1;0
17;2025-08-24;2;0
17;2025-08-24;3;0
17;2025-08-24;4;0
17;2025-08-24;5;70
17;2025-08-24;6;418
17;2025-08-24;7;731
17;2025-08-24;8;1097
17;2025-08-24;9;1372
17;2025-08-24;10;1534
17;2025-08-24;11;1812
17;2025-08-24;12;2066
17;2025-08-24;13;2170
17;2025-08-24;14;2189
17;2025-08-24;15;2194
17;2025-08-24;16;2194
17;2025-08-24;17;2252
17;2025-08-24;18;2262
17;2025-08-24;19;1883
17;2025-08-24;20;1608
17;2025-08-24;21;1281
17;2025-08-24;22;836
17;2025-08-24;23;411
17;2025-08-25;0;146
17;2025-08-25;1;0
17;2025-08-25;2;0
17;2025-08-25;3;0
17;2025-08-25;4;0
17;2025-08-25;5;190
17;2025-08-25;6;1270
17;2025-08-25;7;3157
17;2025-08-25;8;4013
17;2025-08-25;9;3073
17;2025-08-25;10;2486
17;2025-08-25;11;2219
17;2025-08-25;12;2175
17;2025-08-25;13;2169
17;2025-08-25;14;2138
17;2025-08-25;15;2179
17;2025-08-25;16;2651
17;2025-08-25;17;3545
17;2025-08-25;18;4194
17;2025-08-25;19;3174
17;2025-08-25;20;2273
17;2025-08-25;21;1438
17;2025-08-25;22;831
17;2025-08-25;23;374
17;2025-08-26;0;141
17;2025-08-26;1;0
17;2025-08-26;2;0
17;2025-08-26;3;0
17;2025-08-26;4;0
17;2025-08-26;5;197
17;2025-08-26;6;1317
17;2025-08-26;7;3265
17;2025-08-26;8;4335
17;2025-08-26;9;3230
17;2025-08-26;10;2575
17;2025-08-26;11;2277
17;2025-08-26;12;2232
17;2025-08-26;13;2227
17;2025-08-26;14;2194
17;2025-08-26;15;2227
17;2025-08-26;16;2679
17;2025-08-26;17;3644
17;2025-08-26;18;4400
17;2025-08-26;19;3297
17;2025-08-26;20;2384
17;2025-08-26;21;1574
17;2025-08-26;22;906
17;2025-08-26;23;391
17;2025-08-27;0;142
17;2025-08-27;1;0
17;2025-08-27;2;0
17;2025-08-27;3;0
17;2025-08-27;4;0
17;2025-08-27;5;197
17;2025-08-27;6;1317
17;2025-08-27;7;3257
17;2025-08-27;8;4328
17;2025-08-27;9;3231
17;2025-08-27;10;2591
17;2025-08-27;11;2308
17;2025-08-27;12;2263
17;2025-08-27;13;2258
17;2025-08-27;14;2227
17;2025-08-27;15;2255
17;2025-08-27;16;2707
17;2025-08-27;17;3631
17;2025-08-27;18;4332
17;2025-08-27;19;3284
17;2025-08-27;20;2368
17;2025-08-27;21;1579
17;2025-08-27;22;929
17;2025-08-27;23;415
17;2025-08-28;0;168
17;2025-08-28;1;0
17;2025-08-28;2;0
17;2025-08-28;3;0
17;2025-08-28;4;0
17;2025-08-28;5;205
17;2025-08-28;6;1323
17;2025-08-28;7;3247
17;2025-08-28;8;4287
17;2025-08-28;9;3232
17;2025-08-28;10;2591
17;2025-08-28;11;2294
17;2025-08-28;12;2262
17;2025-08-28;13;2258
17;2025-08-28;14;2244
17;2025-08-28;15;2274
17;2025-08-28;16;2736
17;2025-08-28;17;3673
17;2025-08-28;18;4379
17;2025-08-28;19;3313
17;2025-08-28;20;2459
17;2025-08-28;21;1628
17;2025-08-28;22;973
17;2025-08-28;23;475
17;2025-08-29;0;164
17;2025-08-29;1;0
17;2025-08-29;2;0
17;2025-08-29;3;0
17;2025-08-29;4;0
17;2025-08-29;5;181
17;2025-08-29;6;1273
17;2025-08-29;7;3186
17;2025-08-29;8;4173
17;2025-08-29;9;3170
17;2025-08-29;10;2575
17;2025-08-29;11;2341
17;2025-08-29;12;2309
17;2025-08-29;13;2334
17;2025-08-29;14;2345
17;2025-08-29;15;2443
17;2025-08-29;16;2905
17;2025-08-29;17;3730
17;2025-08-29;18;3710
17;2025-08-29;19;3123
17;2025-08-29;20;2370
17;2025-08-29;21;1588
17;2025-08-29;22;958
17;2025-08-29;23;477
17;2025-08-30;0;204
17;2025-08-30;1;0
17;2025-08-30;2;0
17;2025-08-30;3;0
17;2025-08-30;4;0
17;2025-08-30;5;115
17;2025-08-30;6;680
17;2025-08-30;7;1051
17;2025-08-30;8;1460
17;2025-08-30;9;1642
17;2025-08-30;10;1867
17;2025-08-30;11;2129
17;2025-08-30;12;2174
17;2025-08-30;13;2242
17;2025-08-30;14;2267
17;2025-08-30;15;2271
17;2025-08-30;16;2294
17;2025-08-30;17;2361
17;2025-08-30;18;2328
17;2025-08-30;19;2163
17;2025-08-30;20;1771
17;2025-08-30;21;1357
17;2025-08-30;22;857
17;2025-08-30;23;449
17;2025-08-31;0;205
17;2025-08-31;1;0
17;2025-08-31;2;0
17;2025-08-31;3;0
17;2025-08-31;4;0
17;2025-08-31;5;70
17;2025-08-31;6;418
17;2025-08-31;7;731
17;2025-08-31;8;1097
17;2025-08-31;9;1372
17;2025-08-31;10;1534
17;2025-08-31;11;1812
17;2025-08-31;12;2066
17;2025-08-31;13;2170
17;2025-08-31;14;2189
17;2025-08-31;15;2194
17;2025-08-31;16;2194
17;2025-08-31;17;2252
17;2025-08-31;18;2262
17;2025-08-31;19;1883
17;2025-08-31;20;1608
17;2025-08-31;21;1281
17;2025-08-31;22;836
17;2025-08-31;23;411
17;2025-09-01;0;146
17;2025-09-01;1;0
17;2025-09-01;2;0
17;2025-09-01;3;0
17;2025-09-01;4;0
17;2025-09-01;5;190
17;2025-09-01;6;1270
17;2025-09-01;7;3157
17;2025-09-01;8;4013
17;2025-09-01;9;3073
17;2025-09-01;10;2486
17;2025-09-01;11;2219
17;2025-09-01;12;2175
17;2025-09-01;13;2169
17;2025-09-01;14;2138
17;2025-09-01;15;2179
17;2025-09-01;16;2651
17;2025-09-01;17;3545
17;2025-09-01;18;4194
17;2025-09-01;19;3174
17;2025-09-01;20;2273
17;2025-09-01;21;1438
17;2025-09-01;22;831
17;2025-09-01;23;374
17;2025-09-02;0;141
17;2025-09-02;1;0
17;2025-09-02;2;0
17;2025-09-02;3;0
17;2025-09-02;4;0
17;2025-09-02;5;197
17;2025-09-02;6;1317
17;2025-09-02;7;3265
17;2025-09-02;8;4335
17;2025-09-02;9;3230
17;2025-09-02;10;2575
17;2025-09-02;11;2277
17;2025-09-02;12;2232
17;2025-09-02;13;2227
17;2025-09-02;14;2194
17;2025-09-02;15;2227
17;2025-09-02;16;2679
17;2025-09-02;17;3644
17;2025-09-02;18;4400
17;2025-09-02;19;3297
17;2025-09-02;20;2384
17;2025-09-02;21;1574
17;2025-09-02;22;906
17;2025-09-02;23;391
17;2025-09-03;0;142
17;2025-09-03;1;0
17;2025-09-03;2;0
17;2025-09-03;3;0
17;2025-09-03;4;0
17;2025-09-03;5;197
17;2025-09-03;6;1317
17;2025-09-03;7;3257
17;2025-09-03;8;4328
17;2025-09-03;9;3231
17;2025-09-03;10;2591
17;2025-09-03;11;2308
17;2025-09-03;12;2263
17;2025-09-03;13;2258
17;2025-09-03;14;2227
17;2025-09-03;15;2255
17;2025-09-03;16;2707
17;2025-09-03;17;3631
17;2025-09-03;18;4332
17;2025-09-03;19;3284
17;2025-09-03;20;2368
17;2025-09-03;21;1579
17;2025-09-03;22;929
17;2025-09-03;23;415
17;2025-09-04;0;168
17;2025-09-04;1;0
17;2025-09-04;2;0
17;2025-09-04;3;0
17;2025-09-04;4;0
17;2025-09-04;5;205
17;2025-09-04;6;1323
17;2025-09-04;7;3247
17;2025-09-04;8;4287
17;2025-09-04;9;3232
17;2025-09-04;10;2591
17;2025-09-04;11;2294
17;2025-09-04;12;2262
17;2025-09-04;13;2258
17;2025-09-04;14;2244
17;2025-09-04;15;2274
17;2025-09-04;16;2736
17;2025-09-04;17;3673
17;2025-09-04;18;4379
17;2025-09-04;19;3313
17;2025-09-04;20;2459
17;2025-09-04;21;1628
17;2025-09-04;22;973
17;2025-09-04;23;475
17;2025-09-05;0;164
17;2025-09-05;1;0
17;2025-09-05;2;0
17;2025-09-05;3;0
17;2025-09-05;4;0
17;2025-09-05;5;181
17;2025-09-05;6;1273
17;2025-09-05;7;3186
17;2025-09-05;8;4173
17;2025-09-05;9;3170
17;2025-09-05;10;2575
17;2025-09-05;11;2341
17;2025-09-05;12;2309
17;2025-09-05;13;2334
17;2025-09-05;14;2345
17;2025-09-05;15;2443
17;2025-09-05;16;2905
17;2025-09-05;17;3730
17;2025-09-05;18;3710
17;2025-09-05;19;3123
17;2025-09-05;20;2370
17;2025-09-05;21;1588
17;2025-09-05;22;958
17;2025-09-05;23;477
17;2025-09-06;0;204
17;2025-09-06;1;0
17;2025-09-06;2;0
17;2025-09-06;3;0
17;2025-09-06;4;0
17;2025-09-06;5;115
17;2025-09-06;6;680
17;2025-09-06;7;1051
17;2025-09-06;8;1460
17;2025-09-06;9;1642
17;2025-09-06;10;1867
17;2025-09-06;11;2129
17;2025-09-06;12;2174
17;2025-09-06;13;2242
17;2025-09-06;14;2267
17;2025-09-06;15;2271
17;2025-09-06;16;2294
17;2025-09-06;17;2361
17;2025-09-06;18;2328
17;2025-09-06;19;2163
17;2025-09-06;20;1771
17;2025-09-06;21;1357
17;2025-09-06;22;857
17;2025-09-06;23;449
17;2025-09-07;0;205
17;2025-09-07;1;0
17;2025-09-07;2;0
17;2025-09-07;3;0
17;2025-09-07;4;0
17;2025-09-07;5;70
17;2025-09-07;6;418
17;2025-09-07;7;731
17;2025-09-07;8;1097
17;2025-09-07;9;1372
17;2025-09-07;10;1534
17;2025-09-07;11;1812
17;2025-09-07;12;2066
17;2025-09-07;13;2170
17;2025-09-07;14;2189
17;2025-09-07;15;2194
17;2025-09-07;16;2194
17;2025-09-07;17;2252
17;2025-09-07;18;2262
17;2025-09-07;19;1883
17;2025-09-07;20;1608
17;2025-09-07;21;1281
17;2025-09-07;22;836
17;2025-09-07;23;411
17;2025-09-08;0;146
17;2025-09-08;1;0
17;2025-09-08;2;0
17;2025-09-08;3;0
17;2025-09-08;4;0
17;2025-09-08;5;190
17;2025-09-08;6;1270
17;2025-09-08;7;3157
17;2025-09-08;8;4013
17;2025-09-08;9;3073
17;2025-09-08;10;2486
17;2025-09-08;11;2219
17;2025-09-08;12;2175
17;2025-09-08;13;2169
17;2025-09-08;14;2138
17;2025-09-08;15;2179
17;2025-09-08;16;2651
17;2025-09-08;17;3545
17;2025-09-08;18;4194
17;2025-09-08;19;3174
17;2025-09-08;20;2273
17;2025-09-08;21;1438
17;2025-09-08;22;831
17;2025-09-08;23;374
17;2025-09-09;0;141
17;2025-09-09;1;0
17;2025-09-09;2;0
17;2025-09-09;3;0
17;2025-09-09;4;0
17;2025-09-09;5;197
17;2025-09-09;6;1317
17;2025-09-09;7;3265
17;2025-09-09;8;4335
17;2025-09-09;9;3230
17;2025-09-09;10;2575
17;2025-09-09;11;2277
17;2025-09-09;12;2232
17;2025-09-09;13;2227
17;2025-09-09;14;2194
17;2025-09-09;15;2227
17;2025-09-09;16;2679
17;2025-09-09;17;3644
17;2025-09-09;18;4400
17;2025-09-09;19;3297
17;2025-09-09;20;2384
17;2025-09-09;21;1574
17;2025-09-09;22;906
17;2025-09-09;23;391
17;2025-09-10;0;142
17;2025-09-10;1;0
17;2025-09-10;2;0
17;2025-09-10;3;0
17;2025-09-10;4;0
17;2025-09-10;5;197
17;2025-09-10;6;1317
17;2025-09-10;7;3257
17;2025-09-10;8;4328
17;2025-09-10;9;3231
17;2025-09-10;10;2591
17;2025-09-10;11;2308
17;2025-09-10;12;2263
17;2025-09-10;13;2258
17;2025-09-10;14;2227
17;2025-09-10;15;2255
17;2025-09-10;16;2707
17;2025-09-10;17;3631
17;2025-09-10;18;4332
17;2025-09-10;19;3284
17;2025-09-10;20;2368
17;2025-09-10;21;1579
17;2025-09-10;22;929
17;2025-09-10;23;415
17;2025-09-11;0;168
17;2025-09-11;1;0
17;2025-09-11;2;0
17;2025-09-11;3;0
17;2025-09-11;4;0
17;2025-09-11;5;205
17;2025-09-11;6;1323
17;2025-09-11;7;3247
17;2025-09-11;8;4287
17;2025-09-11;9;3232
17;2025-09-11;10;2591
17;2025-09-11;11;2294
17;2025-09-11;12;2262
17;2025-09-11;13;2258
17;2025-09-11;14;2244
17;2025-09-11;15;2274
17;2025-09-11;16;2736
17;2025-09-11;17;3673
17;2025-09-11;18;4379
17;2025-09-11;19;3313
17;2025-09-11;20;2459
17;2025-09-11;21;1628
17;2025-09-11;22;973
17;2025-09-11;23;475
17;2025-09-12;0;164
17;2025-09-12;1;0
17;2025-09-12;2;0
17;2025-09-12;3;0
17;2025-09-12;4;0
17;2025-09-12;5;181
17;2025-09-12;6;1273
17;2025-09-12;7;3186
17;2025-09-12;8;4173
17;2025-09-12;9;3170
17;2025-09-12;10;2575
17;2025-09-12;11;2341
17;2025-09-12;12;2309
17;2025-09-12;13;2334
17;2025-09-12;14;2345
17;2025-09-12;15;2443
17;2025-09-12;16;2905
17;2025-09-12;17;3730
17;2025-09-12;18;3710
17;2025-09-12;19;3123
17;2025-09-12;20;2370
17;2025-09-12;21;1588
17;2025-09-12;22;958
17;2025-09-12;23;477
17;2025-09-13;0;204
17;2025-09-13;1;0
17;2025-09-13;2;0
17;2025-09-13;3;0
17;2025-09-13;4;0
17;2025-09-13;5;115
17;2025-09-13;6;680
17;2025-09-13;7;1051
17;2025-09-13;8;1460
17;2025-09-13;9;1642
17;2025-09-13;10;1867
17;2025-09-13;11;2129
17;2025-09-13;12;2174
17;2025-09-13;13;2242
17;2025-09-13;14;2267
17;2025-09-13;15;2271
17;2025-09-13;16;2294
17;2025-09-13;17;2361
17;2025-09-13;18;2328
17;2025-09-13;19;2163
17;2025-09-13;20;1771
17;2025-09-13;21;1357
17;2025-09-13;22;857
17;2025-09-13;23;449
17;2025-09-14;0;205
17;2025-09-14;1;0
17;2025-09-14;2;0
17;2025-09-14;3;0
17;2025-09-14;4;0
17;2025-09-14;5;70
17;2025-09-14;6;418
17;2025-09-14;7;731
17;2025-09-14;8;1097
17;2025-09-14;9;1372
17;2025-09-14;10;1534
17;2025-09-14;11;1812
17;2025-09-14;12;2066
17;2025-09-14;13;2170
17;2025-09-14;14;2189
17;2025-09-14;15;2194
17;2025-09-14;16;2194
17;2025-09-14;17;2252
17;2025-09-14;18;2262
17;2025-09-14;19;1883
17;2025-09-14;20;1608
17;2025-09-14;21;1281
17;2025-09-14;22;836
17;2025-09-14;23;411
17;2025-09-15;0;146
17;2025-09-15;1;0
17;2025-09-15;2;0
17;2025-09-15;3;0
17;2025-09-15;4;0
17;2025-09-15;5;190
17;2025-09-15;6;1270
17;2025-09-15;7;3157
17;2025-09-15;8;4013
17;2025-09-15;9;3073
17;2025-09-15;10;2486
17;2025-09-15;11;2219
17;2025-09-15;12;2175
17;2025-09-15;13;2169
17;2025-09-15;14;2138
17;2025-09-15;15;2179
17;2025-09-15;16;2651
17;2025-09-15;17;3545
17;2025-09-15;18;4194
17;2025-09-15;19;3174
17;2025-09-15;20;2273
17;2025-09-15;21;1438
17;2025-09-15;22;831
17;2025-09-15;23;374
17;2025-09-16;0;141
17;2025-09-16;1;0
17;2025-09-16;2;0
17;2025-09-16;3;0
17;2025-09-16;4;0
17;2025-09-16;5;197
17;2025-09-16;6;1317
17;2025-09-16;7;3265
17;2025-09-16;8;4335
17;2025-09-16;9;3230
17;2025-09-16;10;2575
17;2025-09-16;11;2277
17;2025-09-16;12;2232
17;2025-09-16;13;2227
17;2025-09-16;14;2194
17;2025-09-16;15;2227
17;2025-09-16;16;2679
17;2025-09-16;17;3644
17;2025-09-16;18;4400
17;2025-09-16;19;3297
17;2025-09-16;20;2384
17;2025-09-16;21;1574
17;2025-09-16;22;906
17;2025-09-16;23;391
17;2025-09-17;0;142
17;2025-09-17;1;0
17;2025-09-17;2;0
17;2025-09-17;3;0
17;2025-09-17;4;0
17;2025-09-17;5;197
17;2025-09-17;6;1317
17;2025-09-17;7;3257
17;2025-09-17;8;4328
17;2025-09-17;9;3231
17;2025-09-17;10;2591
17;2025-09-17;11;2308
17;2025-09-17;12;2263
17;2025-09-17;13;2258
17;2025-09-17;14;2227
17;2025-09-17;15;2255
17;2025-09-17;16;2707
17;2025-09-17;17;3631
17;2025-09-17;18;4332
17;2025-09-17;19;3284
17;2025-09-17;20;2368
17;2025-09-17;21;1579
17;2025-09-17;22;929
17;2025-09-17;23;415
17;2025-09-18;0;168
17;2025-09-18;1;0
17;2025-09-18;2;0
17;2025-09-18;3;0
17;2025-09-18;4;0
17;2025-09-18;5;205
17;2025-09-18;6;1323
17;2025-09-18;7;3247
17;2025-09-18;8;4287
17;2025-09-18;9;3232
17;2025-09-18;10;2591
17;2025-09-18;11;2294
17;2025-09-18;12;2262
17;2025-09-18;13;2258
17;2025-09-18;14;2244
17;2025-09-18;15;2274
17;2025-09-18;16;2736
17;2025-09-18;17;3673
17;2025-09-18;18;4379
17;2025-09-18;19;3313
17;2025-09-18;20;2459
17;2025-09-18;21;1628
17;2025-09-18;22;973
17;2025-09-18;23;475
17;2025-09-19;0;164
17;2025-09-19;1;0
17;2025-09-19;2;0
17;2025-09-19;3;0
17;2025-09-19;4;0
17;2025-09-19;5;181
17;2025-09-19;6;1273
17;2025-09-19;7;3186
17;2025-09-19;8;4173
17;2025-09-19;9;3170
17;2025-09-19;10;2575
17;2025-09-19;11;2341
17;2025-09-19;12;2309
17;2025-09-19;13;2334
17;2025-09-19;14;2345
17;2025-09-19;15;2443
17;2025-09-19;16;2905
17;2025-09-19;17;3730
17;2025-09-19;18;3710
17;2025-09-19;19;3123
17;2025-09-19;20;2370
17;2025-09-19;21;1588
17;2025-09-19;22;958
17;2025-09-19;23;477
17;2025-09-20;0;204
17;2025-09-20;1;0
17;2025-09-20;2;0
17;2025-09-20;3;0
17;2025-09-20;4;0
17;2025-09-20;5;115
17;2025-09-20;6;680
17;2025-09-20;7;1051
17;2025-09-20;8;1460
17;2025-09-20;9;1642
17;2025-09-20;10;1867
17;2025-09-20;11;2129
17;2025-09-20;12;2174
17;2025-09-20;13;2242
17;2025-09-20;14;2267
17;2025-09-20;15;2271
17;2025-09-20;16;2294
17;2025-09-20;17;2361
17;2025-09-20;18;2328
17;2025-09-20;19;2163
17;2025-09-20;20;1771
17;2025-09-20;21;1357
17;2025-09-20;22;857
17;2025-09-20;23;449
17;2025-09-21;0;205
17;2025-09-21;1;0
17;2025-09-21;2;0
17;2025-09-21;3;0
17;2025-09-21;4;0
17;2025-09-21;5;70
17;2025-09-21;6;418
17;2025-09-21;7;731
17;2025-09-21;8;1097
17;2025-09-21;9;1372
17;2025-09-21;10;1534
17;2025-09-21;11;1812
17;2025-09-21;12;2066
17;2025-09-21;13;2170
17;2025-09-21;14;2189
17;2025-09-21;15;2194
17;2025-09-21;16;2194
17;2025-09-21;17;2252
17;2025-09-21;18;2262
17;2025-09-21;19;1883
17;2025-09-21;20;1608
17;2025-09-21;21;1281
17;2025-09-21;22;836
17;2025-09-21;23;411
17;2025-09-22;0;146
17;2025-09-22;1;0
17;2025-09-22;2;0
17;2025-09-22;3;0
17;2025-09-22;4;0
17;2025-09-22;5;190
17;2025-09-22;6;1270
17;2025-09-22;7;3157
17;2025-09-22;8;4013
17;2025-09-22;9;3073
17;2025-09-22;10;2486
17;2025-09-22;11;2219
17;2025-09-22;12;2175
17;2025-09-22;13;2169
17;2025-09-22;14;2138
17;2025-09-22;15;2179
17;2025-09-22;16;2651
17;2025-09-22;17;3545
17;2025-09-22;18;4194
17;2025-09-22;19;3174
17;2025-09-22;20;2273
17;2025-09-22;21;1438
17;2025-09-22;22;831
17;2025-09-22;23;374
17;2025-09-23;0;141
17;2025-09-23;1;0
17;2025-09-23;2;0
17;2025-09-23;3;0
17;2025-09-23;4;0
17;2025-09-23;5;197
17;2025-09-23;6;1317
17;2025-09-23;7;3265
17;2025-09-23;8;4335
17;2025-09-23;9;3230
17;2025-09-23;10;2575
17;2025-09-23;11;2277
17;2025-09-23;12;2232
17;2025-09-23;13;2227
17;2025-09-23;14;2194
17;2025-09-23;15;2227
17;2025-09-23;16;2679
17;2025-09-23;17;3644
17;2025-09-23;18;4400
17;2025-09-23;19;3297
17;2025-09-23;20;2384
17;2025-09-23;21;1574
17;2025-09-23;22;906
17;2025-09-23;23;391
17;2025-09-24;0;142
17;2025-09-24;1;0
17;2025-09-24;2;0
17;2025-09-24;3;0
17;2025-09-24;4;0
17;2025-09-24;5;197
17;2025-09-24;6;1317
17;2025-09-24;7;3257
17;2025-09-24;8;4328
17;2025-09-24;9;3231
17;2025-09-24;10;2591
17;2025-09-24;11;2308
17;2025-09-24;12;2263
17;2025-09-24;13;2258
17;2025-09-24;14;2227
17;2025-09-24;15;2255
17;2025-09-24;16;2707
17;2025-09-24;17;3631
17;2025-09-24;18;4332
17;2025-09-24;19;3284
17;2025-09-24;20;2368
17;2025-09-24;21;1579
17;2025-09-24;22;929
17;2025-09-24;23;415
17;2025-09-25;0;168
17;2025-09-25;1;0
17;2025-09-25;2;0
17;2025-09-25;3;0
17;2025-09-25;4;0
17;2025-09-25;5;205
17;2025-09-25;6;1323
17;2025-09-25;7;3247
17;2025-09-25;8;4287
17;2025-09-25;9;3232
17;2025-09-25;10;2591
17;2025-09-25;11;2294
17;2025-09-25;12;2262
17;2025-09-25;13;2258
17;2025-09-25;14;2244
17;2025-09-25;15;2274
17;2025-09-25;16;2736
17;2025-09-25;17;3673
17;2025-09-25;18;4379
17;2025-09-25;19;3313
17;2025-09-25;20;2459
17;2025-09-25;21;1628
17;2025-09-25;22;973
17;2025-09-25;23;475
17;2025-09-26;0;164
17;2025-09-26;1;0
17;2025-09-26;2;0
17;2025-09-26;3;0
17;2025-09-26;4;0
17;2025-09-26;5;181
17;2025-09-26;6;1273
17;2025-09-26;7;3186
17;2025-09-26;8;4173
17;2025-09-26;9;3170
17;2025-09-26;10;2575
17;2025-09-26;11;2341
17;2025-09-26;12;2309
17;2025-09-26;13;2334
17;2025-09-26;14;2345
17;2025-09-26;15;2443
17;2025-09-26;16;2905
17;2025-09-26;17;3730
17;2025-09-26;18;3710
17;2025-09-26;19;3123
17;2025-09-26;20;2370
17;2025-09-26;21;1588
17;2025-09-26;22;958
17;2025-09-26;23;477
17;2025-09-27;0;204
17;2025-09-27;1;0
17;2025-09-27;2;0
17;2025-09-27;3;0
17;2025-09-27;4;0
17;2025-09-27;5;115
17;2025-09-27;6;680
17;2025-09-27;7;1051
17;2025-09-27;8;1460
17;2025-09-27;9;1642
17;2025-09-27;10;1867
17;2025-09-27;11;2129
17;2025-09-27;12;2174
17;2025-09-27;13;2242
17;2025-09-27;14;2267
17;2025-09-27;15;2271
17;2025-09-27;16;2294
17;2025-09-27;17;2361
17;2025-09-27;18;2328
17;2025-09-27;19;2163
17;2025-09-27;20;1771
17;2025-09-27;21;1357
17;2025-09-27;22;857
17;2025-09-27;23;449
17;2025-09-28;0;205
17;2025-09-28;1;0
17;2025-09-28;2;0
17;2025-09-28;3;0
17;2025-09-28;4;0
17;2025-09-28;5;70
17;2025-09-28;6;418
17;2025-09-28;7;731
17;2025-09-28;8;1097
17;2025-09-28;9;1372
17;2025-09-28;10;1534
17;2025-09-28;11;1812
17;2025-09-28;12;2066
17;2025-09-28;13;2170
17;2025-09-28;14;2189
17;2025-09-28;15;2194
17;2025-09-28;16;2194
17;2025-09-28;17;2252
17;2025-09-28;18;2262
17;2025-09-28;19;1883
17;2025-09-28;20;1608
17;2025-09-28;21;1281
17;2025-09-28;22;836
17;2025-09-28;23;411
17;2025-09-29;0;146
17;2025-09-29;1;0
17;2025-09-29;2;0
17;2025-09-29;3;0
17;2025-09-29;4;0
17;2025-09-29;5;190
17;2025-09-29;6;1270
17;2025-09-29;7;3157
17;2025-09-29;8;4013
17;2025-09-29;9;3073
17;2025-09-29;10;2486
17;2025-09-29;11;2219
17;2025-09-29;12;2175
17;2025-09-29;13;2169
17;2025-09-29;14;2138
17;2025-09-29;15;2179
17;2025-09-29;16;2651
17;2025-09-29;17;3545
17;2025-09-29;18;4194
17;2025-09-29;19;3174
17;2025-09-29;20;2273
17;2025-09-29;21;1438
17;2025-09-29;22;831
17;2025-09-29;23;374
17;2025-09-30;0;141
17;2025-09-30;1;0
17;2025-09-30;2;0
17;2025-09-30;3;0
17;2025-09-30;4;0
17;2025-09-30;5;197
17;2025-09-30;6;1317
17;2025-09-30;7;3265
17;2025-09-30;8;4335
17;2025-09-30;9;3230
17;2025-09-30;10;2575
17;2025-09-30;11;2277
17;2025-09-30;12;2232
17;2025-09-30;13;2227
17;2025-09-30;14;2194
17;2025-09-30;15;2227
17;2025-09-30;16;2679
17;2025-09-30;17;3644
17;2025-09-30;18;4400
17;2025-09-30;19;3297
17;2025-09-30;20;2384
17;2025-09-30;21;1574
17;2025-09-30;22;906
17;2025-09-30;23;391
25;2025-08-01;0;10
25;2025-08-01;1;0
25;2025-08-01;2;0
25;2025-08-01;3;0
25;2025-08-01;4;0
25;2025-08-01;5;4
25;2025-08-01;6;139
25;2025-08-01;7;343
25;2025-08-01;8;571
25;2025-08-01;9;344
25;2025-08-01;10;264
25;2025-08-01;11;260
25;2025-08-01;12;270
25;2025-08-01;13;281
25;2025-08-01;14;290
25;2025-08-01;15;316
25;2025-08-01;16;386
25;2025-08-01;17;488
25;2025-08-01;18;483
25;2025-08-01;19;412
25;2025-08-01;20;304
25;2025-08-01;21;220
25;2025-08-01;22;131
25;2025-08-01;23;24
25;2025-08-02;0;8
25;2025-08-02;1;0
25;2025-08-02;2;0
25;2025-08-02;3;0
25;2025-08-02;4;0
25;2025-08-02;5;4
25;2025-08-02;6;66
25;2025-08-02;7;128
25;2025-08-02;8;204
25;2025-08-02;9;203
25;2025-08-02;10;233
25;2025-08-02;11;273
25;2025-08-02;12;289
25;2025-08-02;13;313
25;2025-08-02;14;331
25;2025-08-02;15;348
25;2025-08-02;16;346
25;2025-08-02;17;348
25;2025-08-02;18;341
25;2025-08-02;19;315
25;2025-08-02;20;258
25;2025-08-02;21;201
25;2025-08-02;22;124
25;2025-08-02;23;35
25;2025-08-03;0;11
25;2025-08-03;1;0
25;2025-08-03;2;0
25;2025-08-03;3;0
25;2025-08-03;4;0
25;2025-08-03;5;2
25;2025-08-03;6;46
25;2025-08-03;7;98
25;2025-08-03;8;166
25;2025-08-03;9;166
25;2025-08-03;10;187
25;2025-08-03;11;228
25;2025-08-03;12;276
25;2025-08-03;13;307
25;2025-08-03;14;324
25;2025-08-03;15;343
25;2025-08-03;16;331
25;2025-08-03;17;330
25;2025-08-03;18;332
25;2025-08-03;19;278
25;2025-08-03;20;236
25;2025-08-03;21;196
25;2025-08-03;22;126
25;2025-08-03;23;37
25;2025-08-04;0;10
25;2025-08-04;1;0
25;2025-08-04;2;0
25;2025-08-04;3;0
25;2025-08-04;4;0
25;2025-08-04;5;4
25;2025-08-04;6;134
25;2025-08-04;7;338
25;2025-08-04;8;536
25;2025-08-04;9;318
25;2025-08-04;10;238
25;2025-08-04;11;229
25;2025-08-04;12;239
25;2025-08-04;13;244
25;2025-08-04;14;249
25;2025-08-04;15;264
25;2025-08-04;16;328
25;2025-08-04;17;442
25;2025-08-04;18;501
25;2025-08-04;19;399
25;2025-08-04;20;277
25;2025-08-04;21;186
25;2025-08-04;22;102
25;2025-08-04;23;7
25;2025-08-05;0;7
25;2025-08-05;1;0
25;2025-08-05;2;0
25;2025-08-05;3;0
25;2025-08-05;4;0
25;2025-08-05;5;1
25;2025-08-05;6;138
25;2025-08-05;7;348
25;2025-08-05;8;569
25;2025-08-05;9;328
25;2025-08-05;10;246
25;2025-08-05;11;237
25;2025-08-05;12;245
25;2025-08-05;13;249
25;2025-08-05;14;254
25;2025-08-05;15;283
25;2025-08-05;16;342
25;2025-08-05;17;449
25;2025-08-05;18;524
25;2025-08-05;19;407
25;2025-08-05;20;286
25;2025-08-05;21;199
25;2025-08-05;22;106
25;2025-08-05;23;8
25;2025-08-06;0;9
25;2025-08-06;1;0
25;2025-08-06;2;0
25;2025-08-06;3;0
25;2025-08-06;4;0
25;2025-08-06;5;3
25;2025-08-06;6;139
25;2025-08-06;7;345
25;2025-08-06;8;572
25;2025-08-06;9;327
25;2025-08-06;10;248
25;2025-08-06;11;241
25;2025-08-06;12;251
25;2025-08-06;13;259
25;2025-08-06;14;262
25;2025-08-06;15;294
25;2025-08-06;16;357
25;2025-08-06;17;461
25;2025-08-06;18;534
25;2025-08-06;19;415
25;2025-08-06;20;294
25;2025-08-06;21;204
25;2025-08-06;22;113
25;2025-08-06;23;12
25;2025-08-07;0;9
25;2025-08-07;1;0
25;2025-08-07;2;0
25;2025-08-07;3;0
25;2025-08-07;4;0
25;2025-08-07;5;4
25;2025-08-07;6;140
25;2025-08-07;7;349
25;2025-08-07;8;577
25;2025-08-07;9;341
25;2025-08-07;10;262
25;2025-08-07;11;256
25;2025-08-07;12;264
25;2025-08-07;13;271
25;2025-08-07;14;277
25;2025-08-07;15;307
25;2025-08-07;16;362
25;2025-08-07;17;468
25;2025-08-07;18;537
25;2025-08-07;19;426
25;2025-08-07;20;308
25;2025-08-07;21;219
25;2025-08-07;22;128
25;2025-08-07;23;21
25;2025-08-08;0;10
25;2025-08-08;1;0
25;2025-08-08;2;0
25;2025-08-08;3;0
25;2025-08-08;4;0
25;2025-08-08;5;4
25;2025-08-08;6;139
25;2025-08-08;7;343
25;2025-08-08;8;571
25;2025-08-08;9;344
25;2025-08-08;10;264
25;2025-08-08;11;260
25;2025-08-08;12;270
25;2025-08-08;13;281
25;2025-08-08;14;290
25;2025-08-08;15;316
25;2025-08-08;16;386
25;2025-08-08;17;488
25;2025-08-08;18;483
25;2025-08-08;19;412
25;2025-08-08;20;304
25;2025-08-08;21;220
25;2025-08-08;22;131
25;2025-08-08;23;24
25;2025-08-09;0;8
25;2025-08-09;1;0
25;2025-08-09;2;0
25;2025-08-09;3;0
25;2025-08-09;4;0
25;2025-08-09;5;4
25;2025-08-09;6;66
25;2025-08-09;7;128
25;2025-08-09;8;204
25;2025-08-09;9;203
25;2025-08-09;10;233
25;2025-08-09;11;273
25;2025-08-09;12;289
25;2025-08-09;13;313
25;2025-08-09;14;331
25;2025-08-09;15;348
25;2025-08-09;16;346
25;2025-08-09;17;348
25;2025-08-09;18;341
25;2025-08-09;19;315
25;2025-08-09;20;258
25;2025-08-09;21;201
25;2025-08-09;22;124
25;2025-08-09;23;35
25;2025-08-10;0;11
25;2025-08-10;1;0
25;2025-08-10;2;0
25;2025-08-10;3;0
25;2025-08-10;4;0
25;2025-08-10;5;2
25;2025-08-10;6;46
25;2025-08-10;7;98
25;2025-08-10;8;166
25;2025-08-10;9;166
25;2025-08-10;10;187
25;2025-08-10;11;228
25;2025-08-10;12;276
25;2025-08-10;13;307
25;2025-08-10;14;324
25;2025-08-10;15;343
25;2025-08-10;16;331
25;2025-08-10;17;330
25;2025-08-10;18;332
25;2025-08-10;19;278
25;2025-08-10;20;236
25;2025-08-10;21;196
25;2025-08-10;22;126
25;2025-08-10;23;37
25;2025-08-11;0;10
25;2025-08-11;1;0
25;2025-08-11;2;0
25;2025-08-11;3;0
25;2025-08-11;4;0
25;2025-08-11;5;4
25;2025-08-11;6;134
25;2025-08-11;7;338
25;2025-08-11;8;536
25;2025-08-11;9;318
25;2025-08-11;10;238
25;2025-08-11;11;229
25;2025-08-11;12;239
25;2025-08-11;13;244
25;2025-08-11;14;249
25;2025-08-11;15;264
25;2025-08-11;16;328
25;2025-08-11;17;442
25;2025-08-11;18;501
25;2025-08-11;19;399
25;2025-08-11;20;277
25;2025-08-11;21;186
25;2025-08-11;22;102
25;2025-08-11;23;7
25;2025-08-12;0;7
25;2025-08-12;1;0
25;2025-08-12;2;0
25;2025-08-12;3;0
25;2025-08-12;4;0
25;2025-08-12;5;1
25;2025-08-12;6;138
25;2025-08-12;7;348
25;2025-08-12;8;569
25;2025-08-12;9;328
25;2025-08-12;10;246
25;2025-08-12;11;237
25;2025-08-12;12;245
25;2025-08-12;13;249
25;2025-08-12;14;254
25;2025-08-12;15;283
25;2025-08-12;16;342
25;2025-08-12;17;449
25;2025-08-12;18;524
25;2025-08-12;19;407
25;2025-08-12;20;286
25;2025-08-12;21;199
25;2025-08-12;22;106
25;2025-08-12;23;8
25;2025-08-13;0;9
25;2025-08-13;1;0
25;2025-08-13;2;0
25;2025-08-13;3;0
25;2025-08-13;4;0
25;2025-08-13;5;3
25;2025-08-13;6;139
25;2025-08-13;7;345
25;2025-08-13;8;572
25;2025-08-13;9;327
25;2025-08-13;10;248
25;2025-08-13;11;241
25;2025-08-13;12;251
25;2025-08-13;13;259
25;2025-08-13;14;262
25;2025-08-13;15;294
25;2025-08-13;16;357
25;2025-08-13;17;461
25;2025-08-13;18;534
25;2025-08-13;19;415
25;2025-08-13;20;294
25;2025-08-13;21;204
25;2025-08-13;22;113
25;2025-08-13;23;12
25;2025-08-14;0;9
25;2025-08-14;1;0
25;2025-08-14;2;0
25;2025-08-14;3;0
25;2025-08-14;4;0
25;2025-08-14;5;4
25;2025-08-14;6;140
25;2025-08-14;7;349
25;2025-08-14;8;577
25;2025-08-14;9;341
25;2025-08-14;10;262
25;2025-08-14;11;256
25;2025-08-14;12;264
25;2025-08-14;13;271
25;2025-08-14;14;277
25;2025-08-14;15;307
25;2025-08-14;16;362
25;2025-08-14;17;468
25;2025-08-14;18;537
25;2025-08-14;19;426
25;2025-08-14;20;308
25;2025-08-14;21;219
25;2025-08-14;22;128
25;2025-08-14;23;21
25;2025-08-15;0;10
25;2025-08-15;1;0
25;2025-08-15;2;0
25;2025-08-15;3;0
25;2025-08-15;4;0
25;2025-08-15;5;4
25;2025-08-15;6;139
25;2025-08-15;7;343
25;2025-08-15;8;571
25;2025-08-15;9;344
25;2025-08-15;10;264
25;2025-08-15;11;260
25;2025-08-15;12;270
25;2025-08-15;13;281
25;2025-08-15;14;290
25;2025-08-15;15;316
25;2025-08-15;16;386
25;2025-08-15;17;488
25;2025-08-15;18;483
25;2025-08-15;19;412
25;2025-08-15;20;304
25;2025-08-15;21;220
25;2025-08-15;22;131
25;2025-08-15;23;24
25;2025-08-16;0;8
25;2025-08-16;1;0
25;2025-08-16;2;0
25;2025-08-16;3;0
25;2025-08-16;4;0
25;2025-08-16;5;4
25;2025-08-16;6;66
25;2025-08-16;7;128
25;2025-08-16;8;204
25;2025-08-16;9;203
25;2025-08-16;10;233
25;2025-08-16;11;273
25;2025-08-16;12;289
25;2025-08-16;13;313
25;2025-08-16;14;331
25;2025-08-16;15;348
25;2025-08-16;16;346
25;2025-08-16;17;348
25;2025-08-16;18;341
25;2025-08-16;19;315
25;2025-08-16;20;258
25;2025-08-16;21;201
25;2025-08-16;22;124
25;2025-08-16;23;35
25;2025-08-17;0;11
25;2025-08-17;1;0
25;2025-08-17;2;0
25;2025-08-17;3;0
25;2025-08-17;4;0
25;2025-08-17;5;2
25;2025-08-17;6;46
25;2025-08-17;7;98
25;2025-08-17;8;166
25;2025-08-17;9;166
25;2025-08-17;10;187
25;2025-08-17;11;228
25;2025-08-17;12;276
25;2025-08-17;13;307
25;2025-08-17;14;324
25;2025-08-17;15;343
25;2025-08-17;16;331
25;2025-08-17;17;330
25;2025-08-17;18;332
25;2025-08-17;19;278
25;2025-08-17;20;236
25;2025-08-17;21;196
25;2025-08-17;22;126
25;2025-08-17;23;37
25;2025-08-18;0;10
25;2025-08-18;1;0
25;2025-08-18;2;0
25;2025-08-18;3;0
25;2025-08-18;4;0
25;2025-08-18;5;4
25;2025-08-18;6;134
25;2025-08-18;7;338
25;2025-08-18;8;536
25;2025-08-18;9;318
25;2025-08-18;10;238
25;2025-08-18;11;229
25;2025-08-18;12;239
25;2025-08-18;13;244
25;2025-08-18;14;249
25;2025-08-18;15;264
25;2025-08-18;16;328
25;2025-08-18;17;442
25;2025-08-18;18;501
25;2025-08-18;19;399
25;2025-08-18;20;277
25;2025-08-18;21;186
25;2025-08-18;22;102
25;2025-08-18;23;7
25;2025-08-19;0;7
25;2025-08-19;1;0
25;2025-08-19;2;0
25;2025-08-19;3;0
25;2025-08-19;4;0
25;2025-08-19;5;1
25;2025-08-19;6;138
25;2025-08-19;7;348
25;2025-08-19;8;569
25;2025-08-19;9;328
25;2025-08-19;10;246
25;2025-08-19;11;237
25;2025-08-19;12;245
25;2025-08-19;13;249
25;2025-08-19;14;254
25;2025-08-19;15;283
25;2025-08-19;16;342
25;2025-08-19;17;449
25;2025-08-19;18;524
25;2025-08-19;19;407
25;2025-08-19;20;286
25;2025-08-19;21;199
25;2025-08-19;22;106
25;2025-08-19;23;8
25;2025-08-20;0;9
25;2025-08-20;1;0
25;2025-08-20;2;0
25;2025-08-20;3;0
25;2025-08-20;4;0
25;2025-08-20;5;3
25;2025-08-20;6;139
25;2025-08-20;7;345
25;2025-08-20;8;572
25;2025-08-20;9;327
25;2025-08-20;10;248
25;2025-08-20;11;241
25;2025-08-20;12;251
25;2025-08-20;13;259
25;2025-08-20;14;262
25;2025-08-20;15;294
25;2025-08-20;16;357
25;2025-08-20;17;461
25;2025-08-20;18;534
25;2025-08-20;19;415
25;2025-08-20;20;294
25;2025-08-20;21;204
25;2025-08-20;22;113
25;2025-08-20;23;12
25;2025-08-21;0;9
25;2025-08-21;1;0
25;2025-08-21;2;0
25;2025-08-21;3;0
25;2025-08-21;4;0
25;2025-08-21;5;4
25;2025-08-21;6;140
25;2025-08-21;7;349
25;2025-08-21;8;577
25;2025-08-21;9;341
25;2025-08-21;10;262
25;2025-08-21;11;256
25;2025-08-21;12;264
25;2025-08-21;13;271
25;2025-08-21;14;277
25;2025-08-21;15;307
25;2025-08-21;16;362
25;2025-08-21;17;468
25;2025-08-21;18;537
25;2025-08-21;19;426
25;2025-08-21;20;308
25;2025-08-21;21;219
25;2025-08-21;22;128
25;2025-08-21;23;21
25;2025-08-22;0;10
25;2025-08-22;1;0
25;2025-08-22;2;0
25;2025-08-22;3;0
25;2025-08-22;4;0
25;2025-08-22;5;4
25;2025-08-22;6;139
25;2025-08-22;7;343
25;2025-08-22;8;571
25;2025-08-22;9;344
25;2025-08-22;10;264
25;2025-08-22;11;260
25;2025-08-22;12;270
25;2025-08-22;13;281
25;2025-08-22;14;290
25;2025-08-22;15;316
25;2025-08-22;16;386
25;2025-08-22;17;488
25;2025-08-22;18;483
25;2025-08-22;19;412
25;2025-08-22;20;304
25;2025-08-22;21;220
25;2025-08-22;22;131
25;2025-08-22;23;24
25;2025-08-23;0;8
25;2025-08-23;1;0
25;2025-08-23;2;0
25;2025-08-23;3;0
25;2025-08-23;4;0
25;2025-08-23;5;4
25;2025-08-23;6;66
25;2025-08-23;7;128
25;2025-08-23;8;204
25;2025-08-23;9;203
25;2025-08-23;10;233
25;2025-08-23;11;273
25;2025-08-23;12;289
25;2025-08-23;13;313
25;2025-08-23;14;331
25;2025-08-23;15;348
25;2025-08-23;16;346
25;2025-08-23;17;348
25;2025-08-23;18;341
25;2025-08-23;19;315
25;2025-08-23;20;258
25;2025-08-23;21;201
25;2025-08-23;22;124
25;2025-08-23;23;35
25;2025-08-24;0;11
25;2025-08-24;1;0
25;2025-08-24;2;0
25;2025-08-24;3;0
25;2025-08-24;4;0
25;2025-08-24;5;2
25;2025-08-24;6;46
25;2025-08-24;7;98
25;2025-08-24;8;166
25;2025-08-24;9;166
25;2025-08-24;10;187
25;2025-08-24;11;228
25;2025-08-24;12;276
25;2025-08-24;13;307
25;2025-08-24;14;324
25;2025-08-24;15;343
25;2025-08-24;16;331
25;2025-08-24;17;330
25;2025-08-24;18;332
25;2025-08-24;19;278
25;2025-08-24;20;236
25;2025-08-24;21;196
25;2025-08-24;22;126
25;2025-08-24;23;37
25;2025-08-25;0;10
25;2025-08-25;1;0
25;2025-08-25;2;0
25;2025-08-25;3;0
25;2025-08-25;4;0
25;2025-08-25;5;4
25;2025-08-25;6;134
25;2025-08-25;7;338
25;2025-08-25;8;536
25;2025-08-25;9;318
25;2025-08-25;10;238
25;2025-08-25;11;229
25;2025-08-25;12;239
25;2025-08-25;13;244
25;2025-08-25;14;249
25;2025-08-25;15;264
25;2025-08-25;16;328
25;2025-08-25;17;442
25;2025-08-25;18;501
25;2025-08-25;19;399
25;2025-08-25;20;277
25;2025-08-25;21;186
25;2025-08-25;22;102
25;2025-08-25;23;7
25;2025-08-26;0;7
25;2025-08-26;1;0
25;2025-08-26;2;0
25;2025-08-26;3;0
25;2025-08-26;4;0
25;2025-08-26;5;1
25;2025-08-26;6;138
25;2025-08-26;7;348
25;2025-08-26;8;569
25;2025-08-26;9;328
25;2025-08-26;10;246
25;2025-08-26;11;237
25;2025-08-26;12;245
25;2025-08-26;13;249
25;2025-08-26;14;254
25;2025-08-26;15;283
25;2025-08-26;16;342
25;2025-08-26;17;449
25;2025-08-26;18;524
25;2025-08-26;19;407
25;2025-08-26;20;286
25;2025-08-26;21;199
25;2025-08-26;22;106
25;2025-08-26;23;8
25;2025-08-27;0;9
25;2025-08-27;1;0
25;2025-08-27;2;0
25;2025-08-27;3;0
25;2025-08-27;4;0
25;2025-08-27;5;3
25;2025-08-27;6;139
25;2025-08-27;7;345
25;2025-08-27;8;572
25;2025-08-27;9;327
25;2025-08-27;10;248
25;2025-08-27;11;241
25;2025-08-27;12;251
25;2025-08-27;13;259
25;2025-08-27;14;262
25;2025-08-27;15;294
25;2025-08-27;16;357
25;2025-08-27;17;461
25;2025-08-27;18;534
25;2025-08-27;19;415
25;2025-08-27;20;294
25;2025-08-27;21;204
25;2025-08-27;22;113
25;2025-08-27;23;12
25;2025-08-28;0;9
25;2025-08-28;1;0
25;2025-08-28;2;0
25;2025-08-28;3;0
25;2025-08-28;4;0
25;2025-08-28;5;4
25;2025-08-28;6;140
25;2025-08-28;7;349
25;2025-08-28;8;577
25;2025-08-28;9;341
25;2025-08-28;10;262
25;2025-08-28;11;256
25;2025-08-28;12;264
25;2025-08-28;13;271
25;2025-08-28;14;277
25;2025-08-28;15;307
25;2025-08-28;16;362
25;2025-08-28;17;468
25;2025-08-28;18;537
25;2025-08-28;19;426
25;2025-08-28;20;308
25;2025-08-28;21;219
25;2025-08-28;22;128
25;2025-08-28;23;21
25;2025-08-29;0;10
25;2025-08-29;1;0
25;2025-08-29;2;0
25;2025-08-29;3;0
25;2025-08-29;4;0
25;2025-08-29;5;4
25;2025-08-29;6;139
25;2025-08-29;7;343
25;2025-08-29;8;571
25;2025-08-29;9;344
25;2025-08-29;10;264
25;2025-08-29;11;260
25;2025-08-29;12;270
25;2025-08-29;13;281
25;2025-08-29;14;290
25;2025-08-29;15;316
25;2025-08-29;16;386
25;2025-08-29;17;488
25;2025-08-29;18;483
25;2025-08-29;19;412
25;2025-08-29;20;304
25;2025-08-29;21;220
25;2025-08-29;22;131
25;2025-08-29;23;24
25;2025-08-30;0;8
25;2025-08-30;1;0
25;2025-08-30;2;0
25;2025-08-30;3;0
25;2025-08-30;4;0
25;2025-08-30;5;4
25;2025-08-30;6;66
25;2025-08-30;7;128
25;2025-08-30;8;204
25;2025-08-30;9;203
25;2025-08-30;10;233
25;2025-08-30;11;273
25;2025-08-30;12;289
25;2025-08-30;13;313
25;2025-08-30;14;331
25;2025-08-30;15;348
25;2025-08-30;16;346
25;2025-08-30;17;348
25;2025-08-30;18;341
25;2025-08-30;19;315
25;2025-08-30;20;258
25;2025-08-30;21;201
25;2025-08-30;22;124
25;2025-08-30;23;35
25;2025-08-31;0;11
25;2025-08-31;1;0
25;2025-08-31;2;0
25;2025-08-31;3;0
25;2025-08-31;4;0
25;2025-08-31;5;2
25;2025-08-31;6;46
25;2025-08-31;7;98
25;2025-08-31;8;166
25;2025-08-31;9;166
25;2025-08-31;10;187
25;2025-08-31;11;228
25;2025-08-31;12;276
25;2025-08-31;13;307
25;2025-08-31;14;324
25;2025-08-31;15;343
25;2025-08-31;16;331
25;2025-08-31;17;330
25;2025-08-31;18;332
25;2025-08-31;19;278
25;2025-08-31;20;236
25;2025-08-31;21;196
25;2025-08-31;22;126
25;2025-08-31;23;37
25;2025-09-01;0;10
25;2025-09-01;1;0
25;2025-09-01;2;0
25;2025-09-01;3;0
25;2025-09-01;4;0
25;2025-09-01;5;4
25;2025-09-01;6;134
25;2025-09-01;7;338
25;2025-09-01;8;536
25;2025-09-01;9;318
25;2025-09-01;10;238
25;2025-09-01;11;229
25;2025-09-01;12;239
25;2025-09-01;13;244
25;2025-09-01;14;249
25;2025-09-01;15;264
25;2025-09-01;16;328
25;2025-09-01;17;442
25;2025-09-01;18;501
25;2025-09-01;19;399
25;2025-09-01;20;277
25;2025-09-01;21;186
25;2025-09-01;22;102
25;2025-09-01;23;7
25;2025-09-02;0;7
25;2025-09-02;1;0
25;2025-09-02;2;0
25;2025-09-02;3;0
25;2025-09-02;4;0
25;2025-09-02;5;1
25;2025-09-02;6;138
25;2025-09-02;7;348
25;2025-09-02;8;569
25;2025-09-02;9;328
25;2025-09-02;10;246
25;2025-09-02;11;237
25;2025-09-02;12;245
25;2025-09-02;13;249
25;2025-09-02;14;254
25;2025-09-02;15;283
25;2025-09-02;16;342
25;2025-09-02;17;449
25;2025-09-02;18;524
25;2025-09-02;19;407
25;2025-09-02;20;286
25;2025-09-02;21;199
25;2025-09-02;22;106
25;2025-09-02;23;8
25;2025-09-03;0;9
25;2025-09-03;1;0
25;2025-09-03;2;0
25;2025-09-03;3;0
25;2025-09-03;4;0
25;2025-09-03;5;3
25;2025-09-03;6;139
25;2025-09-03;7;345
25;2025-09-03;8;572
25;2025-09-03;9;327
25;2025-09-03;10;248
25;2025-09-03;11;241
25;2025-09-03;12;251
25;2025-09-03;13;259
25;2025-09-03;14;262
25;2025-09-03;15;294
25;2025-09-03;16;357
25;2025-09-03;17;461
25;2025-09-03;18;534
25;2025-09-03;19;415
25;2025-09-03;20;294
25;2025-09-03;21;204
25;2025-09-03;22;113
25;2025-09-03;23;12
25;2025-09-04;0;9
25;2025-09-04;1;0
25;2025-09-04;2;0
25;2025-09-04;3;0
25;2025-09-04;4;0
25;2025-09-04;5;4
25;2025-09-04;6;140
25;2025-09-04;7;349
25;2025-09-04;8;577
25;2025-09-04;9;341
25;2025-09-04;10;262
25;2025-09-04;11;256
25;2025-09-04;12;264
25;2025-09-04;13;271
25;2025-09-04;14;277
25;2025-09-04;15;307
25;2025-09-04;16;362
25;2025-09-04;17;468
25;2025-09-04;18;537
25;2025-09-04;19;426
25;2025-09-04;20;308
25;2025-09-04;21;219
25;2025-09-04;22;128
25;2025-09-04;23;21
25;2025-09-05;0;10
25;2025-09-05;1;0
25;2025-09-05;2;0
25;2025-09-05;3;0
25;2025-09-05;4;0
25;2025-09-05;5;4
25;2025-09-05;6;139
25;2025-09-05;7;343
25;2025-09-05;8;571
25;2025-09-05;9;344
25;2025-09-05;10;264
25;2025-09-05;11;260
25;2025-09-05;12;270
25;2025-09-05;13;281
25;2025-09-05;14;290
25;2025-09-05;15;316
25;2025-09-05;16;386
25;2025-09-05;17;488
25;2025-09-05;18;483
25;2025-09-05;19;412
25;2025-09-05;20;304
25;2025-09-05;21;220
25;2025-09-05;22;131
25;2025-09-05;23;24
25;2025-09-06;0;8
25;2025-09-06;1;0
25;2025-09-06;2;0
25;2025-09-06;3;0
25;2025-09-06;4;0
25;2025-09-06;5;4
25;2025-09-06;6;66
25;2025-09-06;7;128
25;2025-09-06;8;204
25;2025-09-06;9;203
25;2025-09-06;10;233
25;2025-09-06;11;273
25;2025-09-06;12;289
25;2025-09-06;13;313
25;2025-09-06;14;331
25;2025-09-06;15;348
25;2025-09-06;16;346
25;2025-09-06;17;348
25;2025-09-06;18;341
25;2025-09-06;19;315
25;2025-09-06;20;258
25;2025-09-06;21;201
25;2025-09-06;22;124
25;2025-09-06;23;35
25;2025-09-07;0;11
25;2025-09-07;1;0
25;2025-09-07;2;0
25;2025-09-07;3;0
25;2025-09-07;4;0
25;2025-09-07;5;2
25;2025-09-07;6;46
25;2025-09-07;7;98
25;2025-09-07;8;166
25;2025-09-07;9;166
25;2025-09-07;10;187
25;2025-09-07;11;228
25;2025-09-07;12;276
25;2025-09-07;13;307
25;2025-09-07;14;324
25;2025-09-07;15;343
25;2025-09-07;16;331
25;2025-09-07;17;330
25;2025-09-07;18;332
25;2025-09-07;19;278
25;2025-09-07;20;236
25;2025-09-07;21;196
25;2025-09-07;22;126
25;2025-09-07;23;37
25;2025-09-08;0;10
25;2025-09-08;1;0
25;2025-09-08;2;0
25;2025-09-08;3;0
25;2025-09-08;4;0
25;2025-09-08;5;4
25;2025-09-08;6;134
25;2025-09-08;7;338
25;2025-09-08;8;536
25;2025-09-08;9;318
25;2025-09-08;10;238
25;2025-09-08;11;229
25;2025-09-08;12;239
25;2025-09-08;13;244
25;2025-09-08;14;249
25;2025-09-08;15;264
25;2025-09-08;16;328
25;2025-09-08;17;442
25;2025-09-08;18;501
25;2025-09-08;19;399
25;2025-09-08;20;277
25;2025-09-08;21;186
25;2025-09-08;22;102
25;2025-09-08;23;7
25;2025-09-09;0;7
25;2025-09-09;1;0
25;2025-09-09;2;0
25;2025-09-09;3;0
25;2025-09-09;4;0
25;2025-09-09;5;1
25;2025-09-09;6;138
25;2025-09-09;7;348
25;2025-09-09;8;569
25;2025-09-09;9;328
25;2025-09-09;10;246
25;2025-09-09;11;237
25;2025-09-09;12;245
25;2025-09-09;13;249
25;2025-09-09;14;254
25;2025-09-09;15;283
25;2025-09-09;16;342
25;2025-09-09;17;449
25;2025-09-09;18;524
25;2025-09-09;19;407
25;2025-09-09;20;286
25;2025-09-09;21;199
25;2025-09-09;22;106
25;2025-09-09;23;8
25;2025-09-10;0;9
25;2025-09-10;1;0
25;2025-09-10;2;0
25;2025-09-10;3;0
25;2025-09-10;4;0
25;2025-09-10;5;3
25;2025-09-10;6;139
25;2025-09-10;7;345
25;2025-09-10;8;572
25;2025-09-10;9;327
25;2025-09-10;10;248
25;2025-09-10;11;241
25;2025-09-10;12;251
25;2025-09-10;13;259
25;2025-09-10;14;262
25;2025-09-10;15;294
25;2025-09-10;16;357
25;2025-09-10;17;461
25;2025-09-10;18;534
25;2025-09-10;19;415
25;2025-09-10;20;294
25;2025-09-10;21;204
25;2025-09-10;22;113
25;2025-09-10;23;12
25;2025-09-11;0;9
25;2025-09-11;1;0
25;2025-09-11;2;0
25;2025-09-11;3;0
25;2025-09-11;4;0
25;2025-09-11;5;4
25;2025-09-11;6;140
25;2025-09-11;7;349
25;2025-09-11;8;577
25;2025-09-11;9;341
25;2025-09-11;10;262
25;2025-09-11;11;256
25;2025-09-11;12;264
25;2025-09-11;13;271
25;2025-09-11;14;277
25;2025-09-11;15;307
25;2025-09-11;16;362
25;2025-09-11;17;468
25;2025-09-11;18;537
25;2025-09-11;19;426
25;2025-09-11;20;308
25;2025-09-11;21;219
25;2025-09-11;22;128
25;2025-09-11;23;21
25;2025-09-12;0;10
25;2025-09-12;1;0
25;2025-09-12;2;0
25;2025-09-12;3;0
25;2025-09-12;4;0
25;2025-09-12;5;4
25;2025-09-12;6;139
25;2025-09-12;7;343
25;2025-09-12;8;571
25;2025-09-12;9;344
25;2025-09-12;10;264
25;2025-09-12;11;260
25;2025-09-12;12;270
25;2025-09-12;13;281
25;2025-09-12;14;290
25;2025-09-12;15;316
25;2025-09-12;16;386
25;2025-09-12;17;488
25;2025-09-12;18;483
25;2025-09-12;19;412
25;2025-09-12;20;304
25;2025-09-12;21;220
25;2025-09-12;22;131
25;2025-09-12;23;24
25;2025-09-13;0;8
25;2025-09-13;1;0
25;2025-09-13;2;0
25;2025-09-13;3;0
25;2025-09-13;4;0
25;2025-09-13;5;4
25;2025-09-13;6;66
25;2025-09-13;7;128
25;2025-09-13;8;204
25;2025-09-13;9;203
25;2025-09-13;10;233
25;2025-09-13;11;273
25;2025-09-13;12;289
25;2025-09-13;13;313
25;2025-09-13;14;331
25;2025-09-13;15;348
25;2025-09-13;16;346
25;2025-09-13;17;348
25;2025-09-13;18;341
25;2025-09-13;19;315
25;2025-09-13;20;258
25;2025-09-13;21;201
25;2025-09-13;22;124
25;2025-09-13;23;35
25;2025-09-14;0;11
25;2025-09-14;1;0
25;2025-09-14;2;0
25;2025-09-14;3;0
25;2025-09-14;4;0
25;2025-09-14;5;2
25;2025-09-14;6;46
25;2025-09-14;7;98
25;2025-09-14;8;166
25;2025-09-14;9;166
25;2025-09-14;10;187
25;2025-09-14;11;228
25;2025-09-14;12;276
25;2025-09-14;13;307
25;2025-09-14;14;324
25;2025-09-14;15;343
25;2025-09-14;16;331
25;2025-09-14;17;330
25;2025-09-14;18;332
25;2025-09-14;19;278
25;2025-09-14;20;236
25;2025-09-14;21;196
25;2025-09-14;22;126
25;2025-09-14;23;37
25;2025-09-15;0;10
25;2025-09-15;1;0
25;2025-09-15;2;0
25;2025-09-15;3;0
25;2025-09-15;4;0
25;2025-09-15;5;4
25;2025-09-15;6;134
25;2025-09-15;7;338
25;2025-09-15;8;536
25;2025-09-15;9;318
25;2025-09-15;10;238
25;2025-09-15;11;229
25;2025-09-15;12;239
25;2025-09-15;13;244
25;2025-09-15;14;249
25;2025-09-15;15;264
25;2025-09-15;16;328
25;2025-09-15;17;442
25;2025-09-15;18;501
25;2025-09-15;19;399
25;2025-09-15;20;277
25;2025-09-15;21;186
25;2025-09-15;22;102
25;2025-09-15;23;7
25;2025-09-16;0;7
25;2025-09-16;1;0
25;2025-09-16;2;0
25;2025-09-16;3;0
25;2025-09-16;4;0
25;2025-09-16;5;1
25;2025-09-16;6;138
25;2025-09-16;7;348
25;2025-09-16;8;569
25;2025-09-16;9;328
25;2025-09-16;10;246
25;2025-09-16;11;237
25;2025-09-16;12;245
25;2025-09-16;13;249
25;2025-09-16;14;254
25;2025-09-16;15;283
25;2025-09-16;16;342
25;2025-09-16;17;449
25;2025-09-16;18;524
25;2025-09-16;19;407
25;2025-09-16;20;286
25;2025-09-16;21;199
25;2025-09-16;22;106
25;2025-09-16;23;8
25;2025-09-17;0;9
25;2025-09-17;1;0
25;2025-09-17;2;0
25;2025-09-17;3;0
25;2025-09-17;4;0
25;2025-09-17;5;3
25;2025-09-17;6;139
25;2025-09-17;7;345
25;2025-09-17;8;572
25;2025-09-17;9;327
25;2025-09-17;10;248
25;2025-09-17;11;241
25;2025-09-17;12;251
25;2025-09-17;13;259
25;2025-09-17;14;262
25;2025-09-17;15;294
25;2025-09-17;16;357
25;2025-09-17;17;461
25;2025-09-17;18;534
25;2025-09-17;19;415
25;2025-09-17;20;294
25;2025-09-17;21;204
25;2025-09-17;22;113
25;2025-09-17;23;12
25;2025-09-18;0;9
25;2025-09-18;1;0
25;2025-09-18;2;0
25;2025-09-18;3;0
25;2025-09-18;4;0
25;2025-09-18;5;4
25;2025-09-18;6;140
25;2025-09-18;7;349
25;2025-09-18;8;577
25;2025-09-18;9;341
25;2025-09-18;10;262
25;2025-09-18;11;256
25;2025-09-18;12;264
25;2025-09-18;13;271
25;2025-09-18;14;277
25;2025-09-18;15;307
25;2025-09-18;16;362
25;2025-09-18;17;468
25;2025-09-18;18;537
25;2025-09-18;19;426
25;2025-09-18;20;308
25;2025-09-18;21;219
25;2025-09-18;22;128
25;2025-09-18;23;21
25;2025-09-19;0;10
25;2025-09-19;1;0
25;2025-09-19;2;0
25;2025-09-19;3;0
25;2025-09-19;4;0
25;2025-09-19;5;4
25;2025-09-19;6;139
25;2025-09-19;7;343
25;2025-09-19;8;571
25;2025-09-19;9;344
25;2025-09-19;10;264
25;2025-09-19;11;260
25;2025-09-19;12;270
25;2025-09-19;13;281
25;2025-09-19;14;290
25;2025-09-19;15;316
25;2025-09-19;16;386
25;2025-09-19;17;488
25;2025-09-19;18;483
25;2025-09-19;19;412
25;2025-09-19;20;304
25;2025-09-19;21;220
25;2025-09-19;22;131
25;2025-09-19;23;24
25;2025-09-20;0;8
25;2025-09-20;1;0
25;2025-09-20;2;0
25;2025-09-20;3;0
25;2025-09-20;4;0
25;2025-09-20;5;4
25;2025-09-20;6;66
25;2025-09-20;7;128
25;2025-09-20;8;204
25;2025-09-20;9;203
25;2025-09-20;10;233
25;2025-09-20;11;273
25;2025-09-20;12;289
25;2025-09-20;13;313
25;2025-09-20;14;331
25;2025-09-20;15;348
25;2025-09-20;16;346
25;2025-09-20;17;348
25;2025-09-20;18;341
25;2025-09-20;19;315
25;2025-09-20;20;258
25;2025-09-20;21;201
25;2025-09-20;22;124
25;2025-09-20;23;35
25;2025-09-21;0;11
25;2025-09-21;1;0
25;2025-09-21;2;0
25;2025-09-21;3;0
25;2025-09-21;4;0
25;2025-09-21;5;2
25;2025-09-21;6;46
25;2025-09-21;7;98
25;2025-09-21;8;166
25;2025-09-21;9;166
25;2025-09-21;10;187
25;2025-09-21;11;228
25;2025-09-21;12;276
25;2025-09-21;13;307
25;2025-09-21;14;324
25;2025-09-21;15;343
25;2025-09-21;16;331
25;2025-09-21;17;330
25;2025-09-21;18;332
25;2025-09-21;19;278
25;2025-09-21;20;236
25;2025-09-21;21;196
25;2025-09-21;22;126
25;2025-09-21;23;37
25;2025-09-22;0;10
25;2025-09-22;1;0
25;2025-09-22;2;0
25;2025-09-22;3;0
25;2025-09-22;4;0
25;2025-09-22;5;4
25;2025-09-22;6;134
25;2025-09-22;7;338
25;2025-09-22;8;536
25;2025-09-22;9;318
25;2025-09-22;10;238
25;2025-09-22;11;229
25;2025-09-22;12;239
25;2025-09-22;13;244
25;2025-09-22;14;249
25;2025-09-22;15;264
25;2025-09-22;16;328
25;2025-09-22;17;442
25;2025-09-22;18;501
25;2025-09-22;19;399
25;2025-09-22;20;277
25;2025-09-22;21;186
25;2025-09-22;22;102
25;2025-09-22;23;7
25;2025-09-23;0;7
25;2025-09-23;1;0
25;2025-09-23;2;0
25;2025-09-23;3;0
25;2025-09-23;4;0
25;2025-09-23;5;1
25;2025-09-23;6;138
25;2025-09-23;7;348
25;2025-09-23;8;569
25;2025-09-23;9;328
25;2025-09-23;10;246
25;2025-09-23;11;237
25;2025-09-23;12;245
25;2025-09-23;13;249
25;2025-09-23;14;254
25;2025-09-23;15;283
25;2025-09-23;16;342
25;2025-09-23;17;449
25;2025-09-23;18;524
25;2025-09-23;19;407
25;2025-09-23;20;286
25;2025-09-23;21;199
25;2025-09-23;22;106
25;2025-09-23;23;8
25;2025-09-24;0;9
25;2025-09-24;1;0
25;2025-09-24;2;0
25;2025-09-24;3;0
25;2025-09-24;4;0
25;2025-09-24;5;3
25;2025-09-24;6;139
25;2025-09-24;7;345
25;2025-09-24;8;572
25;2025-09-24;9;327
25;2025-09-24;10;248
25;2025-09-24;11;241
25;2025-09-24;12;251
25;2025-09-24;13;259
25;2025-09-24;14;262
25;2025-09-24;15;294
25;2025-09-24;16;357
25;2025-09-24;17;461
25;2025-09-24;18;534
25;2025-09-24;19;415
25;2025-09-24;20;294
25;2025-09-24;21;204
25;2025-09-24;22;113
25;2025-09-24;23;12
25;2025-09-25;0;9
25;2025-09-25;1;0
25;2025-09-25;2;0
25;2025-09-25;3;0
25;2025-09-25;4;0
25;2025-09-25;5;4
25;2025-09-25;6;140
25;2025-09-25;7;349
25;2025-09-25;8;577
25;2025-09-25;9;341
25;2025-09-25;10;262
25;2025-09-25;11;256
25;2025-09-25;12;264
25;2025-09-25;13;271
25;2025-09-25;14;277
25;2025-09-25;15;307
25;2025-09-25;16;362
25;2025-09-25;17;468
25;2025-09-25;18;537
25;2025-09-25;19;426
25;2025-09-25;20;308
25;2025-09-25;21;219
25;2025-09-25;22;128
25;2025-09-25;23;21
25;2025-09-26;0;10
25;2025-09-26;1;0
25;2025-09-26;2;0
25;2025-09-26;3;0
25;2025-09-26;4;0
25;2025-09-26;5;4
25;2025-09-26;6;139
25;2025-09-26;7;343
25;2025-09-26;8;571
25;2025-09-26;9;344
25;2025-09-26;10;264
25;2025-09-26;11;260
25;2025-09-26;12;270
25;2025-09-26;13;281
25;2025-09-26;14;290
25;2025-09-26;15;316
25;2025-09-26;16;386
25;2025-09-26;17;488
25;2025-09-26;18;483
25;2025-09-26;19;412
25;2025-09-26;20;304
25;2025-09-26;21;220
25;2025-09-26;22;131
25;2025-09-26;23;24
25;2025-09-27;0;8
25;2025-09-27;1;0
25;2025-09-27;2;0
25;2025-09-27;3;0
25;2025-09-27;4;0
25;2025-09-27;5;4
25;2025-09-27;6;66
25;2025-09-27;7;128
25;2025-09-27;8;204
25;2025-09-27;9;203
25;2025-09-27;10;233
25;2025-09-27;11;273
25;2025-09-27;12;289
25;2025-09-27;13;313
25;2025-09-27;14;331
25;2025-09-27;15;348
25;2025-09-27;16;346
25;2025-09-27;17;348
25;2025-09-27;18;341
25;2025-09-27;19;315
25;2025-09-27;20;258
25;2025-09-27;21;201
25;2025-09-27;22;124
25;2025-09-27;23;35
25;2025-09-28;0;11
25;2025-09-28;1;0
25;2025-09-28;2;0
25;2025-09-28;3;0
25;2025-09-28;4;0
25;2025-09-28;5;2
25;2025-09-28;6;46
25;2025-09-28;7;98
25;2025-09-28;8;166
25;2025-09-28;9;166
25;2025-09-28;10;187
25;2025-09-28;11;228
25;2025-09-28;12;276
25;2025-09-28;13;307
25;2025-09-28;14;324
25;2025-09-28;15;343
25;2025-09-28;16;331
25;2025-09-28;17;330
25;2025-09-28;18;332
25;2025-09-28;19;278
25;2025-09-28;20;236
25;2025-09-28;21;196
25;2025-09-28;22;126
25;2025-09-28;23;37
25;2025-09-29;0;10
25;2025-09-29;1;0
25;2025-09-29;2;0
25;2025-09-29;3;0
25;2025-09-29;4;0
25;2025-09-29;5;4
25;2025-09-29;6;134
25;2025-09-29;7;338
25;2025-09-29;8;536
25;2025-09-29;9;318
25;2025-09-29;10;238
25;2025-09-29;11;229
25;2025-09-29;12;239
25;2025-09-29;13;244
25;2025-09-29;14;249
25;2025-09-29;15;264
25;2025-09-29;16;328
25;2025-09-29;17;442
25;2025-09-29;18;501
25;2025-09-29;19;399
25;2025-09-29;20;277
25;2025-09-29;21;186
25;2025-09-29;22;102
25;2025-09-29;23;7
25;2025-09-30;0;7
25;2025-09-30;1;0
25;2025-09-30;2;0
25;2025-09-30;3;0
25;2025-09-30;4;0
25;2025-09-30;5;1
25;2025-09-30;6;138
25;2025-09-30;7;348
25;2025-09-30;8;569
25;2025-09-30;9;328
25;2025-09-30;10;246
25;2025-09-30;11;237
25;2025-09-30;12;245
25;2025-09-30;13;249
25;2025-09-30;14;254
25;2025-09-30;15;283
25;2025-09-30;16;342
25;2025-09-30;17;449
25;2025-09-30;18;524
25;2025-09-30;19;407
25;2025-09-30;20;286
25;2025-09-30;21;199
25;2025-09-30;22;106
25;2025-09-30;23;8
26;2025-08-01;0;41
26;2025-08-01;1;0
26;2025-08-01;2;0
26;2025-08-01;3;0
26;2025-08-01;4;0
26;2025-08-01;5;55
26;2025-08-01;6;479
26;2025-08-01;7;809
26;2025-08-01;8;1297
26;2025-08-01;9;1011
26;2025-08-01;10;833
26;2025-08-01;11;766
26;2025-08-01;12;760
26;2025-08-01;13;762
26;2025-08-01;14;755
26;2025-08-01;15;793
26;2025-08-01;16;910
26;2025-08-01;17;1157
26;2025-08-01;18;1155
26;2025-08-01;19;1001
26;2025-08-01;20;645
26;2025-08-01;21;447
26;2025-08-01;22;251
26;2025-08-01;23;146
26;2025-08-02;0;49
26;2025-08-02;1;0
26;2025-08-02;2;0
26;2025-08-02;3;0
26;2025-08-02;4;0
26;2025-08-02;5;45
26;2025-08-02;6;254
26;2025-08-02;7;326
26;2025-08-02;8;467
26;2025-08-02;9;546
26;2025-08-02;10;602
26;2025-08-02;11;628
26;2025-08-02;12;628
26;2025-08-02;13;622
26;2025-08-02;14;621
26;2025-08-02;15;608
26;2025-08-02;16;613
26;2025-08-02;17;631
26;2025-08-02;18;632
26;2025-08-02;19;619
26;2025-08-02;20;477
26;2025-08-02;21;365
26;2025-08-02;22;218
26;2025-08-02;23;129
26;2025-08-03;0;48
26;2025-08-03;1;0
26;2025-08-03;2;0
26;2025-08-03;3;0
26;2025-08-03;4;0
26;2025-08-03;5;22
26;2025-08-03;6;152
26;2025-08-03;7;250
26;2025-08-03;8;344
26;2025-08-03;9;440
26;2025-08-03;10;498
26;2025-08-03;11;550
26;2025-08-03;12;588
26;2025-08-03;13;591
26;2025-08-03;14;583
26;2025-08-03;15;577
26;2025-08-03;16;577
26;2025-08-03;17;589
26;2025-08-03;18;597
26;2025-08-03;19;519
26;2025-08-03;20;441
26;2025-08-03;21;338
26;2025-08-03;22;216
26;2025-08-03;23;116
26;2025-08-04;0;36
26;2025-08-04;1;0
26;2025-08-04;2;0
26;2025-08-04;3;0
26;2025-08-04;4;0
26;2025-08-04;5;54
26;2025-08-04;6;475
26;2025-08-04;7;814
26;2025-08-04;8;1237
26;2025-08-04;9;997
26;2025-08-04;10;798
26;2025-08-04;11;729
26;2025-08-04;12;714
26;2025-08-04;13;713
26;2025-08-04;14;699
26;2025-08-04;15;727
26;2025-08-04;16;857
26;2025-08-04;17;1155
26;2025-08-04;18;1344
26;2025-08-04;19;1039
26;2025-08-04;20;615
26;2025-08-04;21;417
26;2025-08-04;22;215
26;2025-08-04;23;112
26;2025-08-05;0;34
26;2025-08-05;1;0
26;2025-08-05;2;0
26;2025-08-05;3;0
26;2025-08-05;4;0
26;2025-08-05;5;54
26;2025-08-05;6;483
26;2025-08-05;7;813
26;2025-08-05;8;1328
26;2025-08-05;9;1053
26;2025-08-05;10;838
26;2025-08-05;11;758
26;2025-08-05;12;745
26;2025-08-05;13;743
26;2025-08-05;14;725
26;2025-08-05;15;743
26;2025-08-05;16;865
26;2025-08-05;17;1189
26;2025-08-05;18;1416
26;2025-08-05;19;1063
26;2025-08-05;20;637
26;2025-08-05;21;444
26;2025-08-05;22;235
26;2025-08-05;23;115
26;2025-08-06;0;34
26;2025-08-06;1;0
26;2025-08-06;2;0
26;2025-08-06;3;0
26;2025-08-06;4;0
26;2025-08-06;5;56
26;2025-08-06;6;486
26;2025-08-06;7;816
26;2025-08-06;8;1330
26;2025-08-06;9;1055
26;2025-08-06;10;850
26;2025-08-06;11;771
26;2025-08-06;12;758
26;2025-08-06;13;758
26;2025-08-06;14;737
26;2025-08-06;15;759
26;2025-08-06;16;882
26;2025-08-06;17;1188
26;2025-08-06;18;1396
26;2025-08-06;19;1064
26;2025-08-06;20;639
26;2025-08-06;21;451
26;2025-08-06;22;248
26;2025-08-06;23;128
26;2025-08-07;0;39
26;2025-08-07;1;0
26;2025-08-07;2;0
26;2025-08-07;3;0
26;2025-08-07;4;0
26;2025-08-07;5;54
26;2025-08-07;6;482
26;2025-08-07;7;810
26;2025-08-07;8;1324
26;2025-08-07;9;1040
26;2025-08-07;10;840
26;2025-08-07;11;753
26;2025-08-07;12;738
26;2025-08-07;13;736
26;2025-08-07;14;717
26;2025-08-07;15;740
26;2025-08-07;16;870
26;2025-08-07;17;1170
26;2025-08-07;18;1393
26;2025-08-07;19;1059
26;2025-08-07;20;666
26;2025-08-07;21;457
26;2025-08-07;22;254
26;2025-08-07;23;139
26;2025-08-08;0;41
26;2025-08-08;1;0
26;2025-08-08;2;0
26;2025-08-08;3;0
26;2025-08-08;4;0
26;2025-08-08;5;55
26;2025-08-08;6;479
26;2025-08-08;7;809
26;2025-08-08;8;1297
26;2025-08-08;9;1011
26;2025-08-08;10;833
26;2025-08-08;11;766
26;2025-08-08;12;760
26;2025-08-08;13;762
26;2025-08-08;14;755
26;2025-08-08;15;793
26;2025-08-08;16;910
26;2025-08-08;17;1157
26;2025-08-08;18;1155
26;2025-08-08;19;1001
26;2025-08-08;20;645
26;2025-08-08;21;447
26;2025-08-08;22;251
26;2025-08-08;23;146
26;2025-08-09;0;49
26;2025-08-09;1;0
26;2025-08-09;2;0
26;2025-08-09;3;0
26;2025-08-09;4;0
26;2025-08-09;5;45
26;2025-08-09;6;254
26;2025-08-09;7;326
26;2025-08-09;8;467
26;2025-08-09;9;546
26;2025-08-09;10;602
26;2025-08-09;11;628
26;2025-08-09;12;628
26;2025-08-09;13;622
26;2025-08-09;14;621
26;2025-08-09;15;608
26;2025-08-09;16;613
26;2025-08-09;17;631
26;2025-08-09;18;632
26;2025-08-09;19;619
26;2025-08-09;20;477
26;2025-08-09;21;365
26;2025-08-09;22;218
26;2025-08-09;23;129
26;2025-08-10;0;48
26;2025-08-10;1;0
26;2025-08-10;2;0
26;2025-08-10;3;0
26;2025-08-10;4;0
26;2025-08-10;5;22
26;2025-08-10;6;152
26;2025-08-10;7;250
26;2025-08-10;8;344
26;2025-08-10;9;440
26;2025-08-10;10;498
26;2025-08-10;11;550
26;2025-08-10;12;588
26;2025-08-10;13;591
26;2025-08-10;14;583
26;2025-08-10;15;577
26;2025-08-10;16;577
26;2025-08-10;17;589
26;2025-08-10;18;597
26;2025-08-10;19;519
26;2025-08-10;20;441
26;2025-08-10;21;338
26;2025-08-10;22;216
26;2025-08-10;23;116
26;2025-08-11;0;36
26;2025-08-11;1;0
26;2025-08-11;2;0
26;2025-08-11;3;0
26;2025-08-11;4;0
26;2025-08-11;5;54
26;2025-08-11;6;475
26;2025-08-11;7;814
26;2025-08-11;8;1237
26;2025-08-11;9;997
26;2025-08-11;10;798
26;2025-08-11;11;729
26;2025-08-11;12;714
26;2025-08-11;13;713
26;2025-08-11;14;699
26;2025-08-11;15;727
26;2025-08-11;16;857
26;2025-08-11;17;1155
26;2025-08-11;18;1344
26;2025-08-11;19;1039
26;2025-08-11;20;615
26;2025-08-11;21;417
26;2025-08-11;22;215
26;2025-08-11;23;112
26;2025-08-12;0;34
26;2025-08-12;1;0
26;2025-08-12;2;0
26;2025-08-12;3;0
26;2025-08-12;4;0
26;2025-08-12;5;54
26;2025-08-12;6;483
26;2025-08-12;7;813
26;2025-08-12;8;1328
26;2025-08-12;9;1053
26;2025-08-12;10;838
26;2025-08-12;11;758
26;2025-08-12;12;745
26;2025-08-12;13;743
26;2025-08-12;14;725
26;2025-08-12;15;743
26;2025-08-12;16;865
26;2025-08-12;17;1189
26;2025-08-12;18;1416
26;2025-08-12;19;1063
26;2025-08-12;20;637
26;2025-08-12;21;444
26;2025-08-12;22;235
26;2025-08-12;23;115
26;2025-08-13;0;34
26;2025-08-13;1;0
26;2025-08-13;2;0
26;2025-08-13;3;0
26;2025-08-13;4;0
26;2025-08-13;5;56
26;2025-08-13;6;486
26;2025-08-13;7;816
26;2025-08-13;8;1330
26;2025-08-13;9;1055
26;2025-08-13;10;850
26;2025-08-13;11;771
26;2025-08-13;12;758
26;2025-08-13;13;758
26;2025-08-13;14;737
26;2025-08-13;15;759
26;2025-08-13;16;882
26;2025-08-13;17;1188
26;2025-08-13;18;1396
26;2025-08-13;19;1064
26;2025-08-13;20;639
26;2025-08-13;21;451
26;2025-08-13;22;248
26;2025-08-13;23;128
26;2025-08-14;0;39
26;2025-08-14;1;0
26;2025-08-14;2;0
26;2025-08-14;3;0
26;2025-08-14;4;0
26;2025-08-14;5;54
26;2025-08-14;6;482
26;2025-08-14;7;810
26;2025-08-14;8;1324
26;2025-08-14;9;1040
26;2025-08-14;10;840
26;2025-08-14;11;753
26;2025-08-14;12;738
26;2025-08-14;13;736
26;2025-08-14;14;717
26;2025-08-14;15;740
26;2025-08-14;16;870
26;2025-08-14;17;1170
26;2025-08-14;18;1393
26;2025-08-14;19;1059
26;2025-08-14;20;666
26;2025-08-14;21;457
26;2025-08-14;22;254
26;2025-08-14;23;139
26;2025-08-15;0;41
26;2025-08-15;1;0
26;2025-08-15;2;0
26;2025-08-15;3;0
26;2025-08-15;4;0
26;2025-08-15;5;55
26;2025-08-15;6;479
26;2025-08-15;7;809
26;2025-08-15;8;1297
26;2025-08-15;9;1011
26;2025-08-15;10;833
26;2025-08-15;11;766
26;2025-08-15;12;760
26;2025-08-15;13;762
26;2025-08-15;14;755
26;2025-08-15;15;793
26;2025-08-15;16;910
26;2025-08-15;17;1157
26;2025-08-15;18;1155
26;2025-08-15;19;1001
26;2025-08-15;20;645
26;2025-08-15;21;447
26;2025-08-15;22;251
26;2025-08-15;23;146
26;2025-08-16;0;49
26;2025-08-16;1;0
26;2025-08-16;2;0
26;2025-08-16;3;0
26;2025-08-16;4;0
26;2025-08-16;5;45
26;2025-08-16;6;254
26;2025-08-16;7;326
26;2025-08-16;8;467
26;2025-08-16;9;546
26;2025-08-16;10;602
26;2025-08-16;11;628
26;2025-08-16;12;628
26;2025-08-16;13;622
26;2025-08-16;14;621
26;2025-08-16;15;608
26;2025-08-16;16;613
26;2025-08-16;17;631
26;2025-08-16;18;632
26;2025-08-16;19;619
26;2025-08-16;20;477
26;2025-08-16;21;365
26;2025-08-16;22;218
26;2025-08-16;23;129
26;2025-08-17;0;48
26;2025-08-17;1;0
26;2025-08-17;2;0
26;2025-08-17;3;0
26;2025-08-17;4;0
26;2025-08-17;5;22
26;2025-08-17;6;152
26;2025-08-17;7;250
26;2025-08-17;8;344
26;2025-08-17;9;440
26;2025-08-17;10;498
26;2025-08-17;11;550
26;2025-08-17;12;588
26;2025-08-17;13;591
26;2025-08-17;14;583
26;2025-08-17;15;577
26;2025-08-17;16;577
26;2025-08-17;17;589
26;2025-08-17;18;597
26;2025-08-17;19;519
26;2025-08-17;20;441
26;2025-08-17;21;338
26;2025-08-17;22;216
26;2025-08-17;23;116
26;2025-08-18;0;36
26;2025-08-18;1;0
26;2025-08-18;2;0
26;2025-08-18;3;0
26;2025-08-18;4;0
26;2025-08-18;5;54
26;2025-08-18;6;475
26;2025-08-18;7;814
26;2025-08-18;8;1237
26;2025-08-18;9;997
26;2025-08-18;10;798
26;2025-08-18;11;729
26;2025-08-18;12;714
26;2025-08-18;13;713
26;2025-08-18;14;699
26;2025-08-18;15;727
26;2025-08-18;16;857
26;2025-08-18;17;1155
26;2025-08-18;18;1344
26;2025-08-18;19;1039
26;2025-08-18;20;615
26;2025-08-18;21;417
26;2025-08-18;22;215
26;2025-08-18;23;112
26;2025-08-19;0;34
26;2025-08-19;1;0
26;2025-08-19;2;0
26;2025-08-19;3;0
26;2025-08-19;4;0
26;2025-08-19;5;54
26;2025-08-19;6;483
26;2025-08-19;7;813
26;2025-08-19;8;1328
26;2025-08-19;9;1053
26;2025-08-19;10;838
26;2025-08-19;11;758
26;2025-08-19;12;745
26;2025-08-19;13;743
26;2025-08-19;14;725
26;2025-08-19;15;743
26;2025-08-19;16;865
26;2025-08-19;17;1189
26;2025-08-19;18;1416
26;2025-08-19;19;1063
26;2025-08-19;20;637
26;2025-08-19;21;444
26;2025-08-19;22;235
26;2025-08-19;23;115
26;2025-08-20;0;34
26;2025-08-20;1;0
26;2025-08-20;2;0
26;2025-08-20;3;0
26;2025-08-20;4;0
26;2025-08-20;5;56
26;2025-08-20;6;486
26;2025-08-20;7;816
26;2025-08-20;8;1330
26;2025-08-20;9;1055
26;2025-08-20;10;850
26;2025-08-20;11;771
26;2025-08-20;12;758
26;2025-08-20;13;758
26;2025-08-20;14;737
26;2025-08-20;15;759
26;2025-08-20;16;882
26;2025-08-20;17;1188
26;2025-08-20;18;1396
26;2025-08-20;19;1064
26;2025-08-20;20;639
26;2025-08-20;21;451
26;2025-08-20;22;248
26;2025-08-20;23;128
26;2025-08-21;0;39
26;2025-08-21;1;0
26;2025-08-21;2;0
26;2025-08-21;3;0
26;2025-08-21;4;0
26;2025-08-21;5;54
26;2025-08-21;6;482
26;2025-08-21;7;810
26;2025-08-21;8;1324
26;2025-08-21;9;1040
26;2025-08-21;10;840
26;2025-08-21;11;753
26;2025-08-21;12;738
26;2025-08-21;13;736
26;2025-08-21;14;717
26;2025-08-21;15;740
26;2025-08-21;16;870
26;2025-08-21;17;1170
26;2025-08-21;18;1393
26;2025-08-21;19;1059
26;2025-08-21;20;666
26;2025-08-21;21;457
26;2025-08-21;22;254
26;2025-08-21;23;139
26;2025-08-22;0;41
26;2025-08-22;1;0
26;2025-08-22;2;0
26;2025-08-22;3;0
26;2025-08-22;4;0
26;2025-08-22;5;55
26;2025-08-22;6;479
26;2025-08-22;7;809
26;2025-08-22;8;1297
26;2025-08-22;9;1011
26;2025-08-22;10;833
26;2025-08-22;11;766
26;2025-08-22;12;760
26;2025-08-22;13;762
26;2025-08-22;14;755
26;2025-08-22;15;793
26;2025-08-22;16;910
26;2025-08-22;17;1157
26;2025-08-22;18;1155
26;2025-08-22;19;1001
26;2025-08-22;20;645
26;2025-08-22;21;447
26;2025-08-22;22;251
26;2025-08-22;23;146
26;2025-08-23;0;49
26;2025-08-23;1;0
26;2025-08-23;2;0
26;2025-08-23;3;0
26;2025-08-23;4;0
26;2025-08-23;5;45
26;2025-08-23;6;254
26;2025-08-23;7;326
26;2025-08-23;8;467
26;2025-08-23;9;546
26;2025-08-23;10;602
26;2025-08-23;11;628
26;2025-08-23;12;628
26;2025-08-23;13;622
26;2025-08-23;14;621
26;2025-08-23;15;608
26;2025-08-23;16;613
26;2025-08-23;17;631
26;2025-08-23;18;632
26;2025-08-23;19;619
26;2025-08-23;20;477
26;2025-08-23;21;365
26;2025-08-23;22;218
26;2025-08-23;23;129
26;2025-08-24;0;48
26;2025-08-24;1;0
26;2025-08-24;2;0
26;2025-08-24;3;0
26;2025-08-24;4;0
26;2025-08-24;5;22
26;2025-08-24;6;152
26;2025-08-24;7;250
26;2025-08-24;8;344
26;2025-08-24;9;440
26;2025-08-24;10;498
26;2025-08-24;11;550
26;2025-08-24;12;588
26;2025-08-24;13;591
26;2025-08-24;14;583
26;2025-08-24;15;577
26;2025-08-24;16;577
26;2025-08-24;17;589
26;2025-08-24;18;597
26;2025-08-24;19;519
26;2025-08-24;20;441
26;2025-08-24;21;338
26;2025-08-24;22;216
26;2025-08-24;23;116
26;2025-08-25;0;36
26;2025-08-25;1;0
26;2025-08-25;2;0
26;2025-08-25;3;0
26;2025-08-25;4;0
26;2025-08-25;5;54
26;2025-08-25;6;475
26;2025-08-25;7;814
26;2025-08-25;8;1237
26;2025-08-25;9;997
26;2025-08-25;10;798
26;2025-08-25;11;729
26;2025-08-25;12;714
26;2025-08-25;13;713
26;2025-08-25;14;699
26;2025-08-25;15;727
26;2025-08-25;16;857
26;2025-08-25;17;1155
26;2025-08-25;18;1344
26;2025-08-25;19;1039
26;2025-08-25;20;615
26;2025-08-25;21;417
26;2025-08-25;22;215
26;2025-08-25;23;112
26;2025-08-26;0;34
26;2025-08-26;1;0
26;2025-08-26;2;0
26;2025-08-26;3;0
26;2025-08-26;4;0
26;2025-08-26;5;54
26;2025-08-26;6;483
26;2025-08-26;7;813
26;2025-08-26;8;1328
26;2025-08-26;9;1053
26;2025-08-26;10;838
26;2025-08-26;11;758
26;2025-08-26;12;745
26;2025-08-26;13;743
26;2025-08-26;14;725
26;2025-08-26;15;743
26;2025-08-26;16;865
26;2025-08-26;17;1189
26;2025-08-26;18;1416
26;2025-08-26;19;1063
26;2025-08-26;20;637
26;2025-08-26;21;444
26;2025-08-26;22;235
26;2025-08-26;23;115
26;2025-08-27;0;34
26;2025-08-27;1;0
26;2025-08-27;2;0
26;2025-08-27;3;0
26;2025-08-27;4;0
26;2025-08-27;5;56
26;2025-08-27;6;486
26;2025-08-27;7;816
26;2025-08-27;8;1330
26;2025-08-27;9;1055
26;2025-08-27;10;850
26;2025-08-27;11;771
26;2025-08-27;12;758
26;2025-08-27;13;758
26;2025-08-27;14;737
26;2025-08-27;15;759
26;2025-08-27;16;882
26;2025-08-27;17;1188
26;2025-08-27;18;1396
26;2025-08-27;19;1064
26;2025-08-27;20;639
26;2025-08-27;21;451
26;2025-08-27;22;248
26;2025-08-27;23;128
26;2025-08-28;0;39
26;2025-08-28;1;0
26;2025-08-28;2;0
26;2025-08-28;3;0
26;2025-08-28;4;0
26;2025-08-28;5;54
26;2025-08-28;6;482
26;2025-08-28;7;810
26;2025-08-28;8;1324
26;2025-08-28;9;1040
26;2025-08-28;10;840
26;2025-08-28;11;753
26;2025-08-28;12;738
26;2025-08-28;13;736
26;2025-08-28;14;717
26;2025-08-28;15;740
26;2025-08-28;16;870
26;2025-08-28;17;1170
26;2025-08-28;18;1393
26;2025-08-28;19;1059
26;2025-08-28;20;666
26;2025-08-28;21;457
26;2025-08-28;22;254
26;2025-08-28;23;139
26;2025-08-29;0;41
26;2025-08-29;1;0
26;2025-08-29;2;0
26;2025-08-29;3;0
26;2025-08-29;4;0
26;2025-08-29;5;55
26;2025-08-29;6;479
26;2025-08-29;7;809
26;2025-08-29;8;1297
26;2025-08-29;9;1011
26;2025-08-29;10;833
26;2025-08-29;11;766
26;2025-08-29;12;760
26;2025-08-29;13;762
26;2025-08-29;14;755
26;2025-08-29;15;793
26;2025-08-29;16;910
26;2025-08-29;17;1157
26;2025-08-29;18;1155
26;2025-08-29;19;1001
26;2025-08-29;20;645
26;2025-08-29;21;447
26;2025-08-29;22;251
26;2025-08-29;23;146
26;2025-08-30;0;49
26;2025-08-30;1;0
26;2025-08-30;2;0
26;2025-08-30;3;0
26;2025-08-30;4;0
26;2025-08-30;5;45
26;2025-08-30;6;254
26;2025-08-30;7;326
26;2025-08-30;8;467
26;2025-08-30;9;546
26;2025-08-30;10;602
26;2025-08-30;11;628
26;2025-08-30;12;628
26;2025-08-30;13;622
26;2025-08-30;14;621
26;2025-08-30;15;608
26;2025-08-30;16;613
26;2025-08-30;17;631
26;2025-08-30;18;632
26;2025-08-30;19;619
26;2025-08-30;20;477
26;2025-08-30;21;365
26;2025-08-30;22;218
26;2025-08-30;23;129
26;2025-08-31;0;48
26;2025-08-31;1;0
26;2025-08-31;2;0
26;2025-08-31;3;0
26;2025-08-31;4;0
26;2025-08-31;5;22
26;2025-08-31;6;152
26;2025-08-31;7;250
26;2025-08-31;8;344
26;2025-08-31;9;440
26;2025-08-31;10;498
26;2025-08-31;11;550
26;2025-08-31;12;588
26;2025-08-31;13;591
26;2025-08-31;14;583
26;2025-08-31;15;577
26;2025-08-31;16;577
26;2025-08-31;17;589
26;2025-08-31;18;597
26;2025-08-31;19;519
26;2025-08-31;20;441
26;2025-08-31;21;338
26;2025-08-31;22;216
26;2025-08-31;23;116
26;2025-09-01;0;36
26;2025-09-01;1;0
26;2025-09-01;2;0
26;2025-09-01;3;0
26;2025-09-01;4;0
26;2025-09-01;5;54
26;2025-09-01;6;475
26;2025-09-01;7;814
26;2025-09-01;8;1237
26;2025-09-01;9;997
26;2025-09-01;10;798
26;2025-09-01;11;729
26;2025-09-01;12;714
26;2025-09-01;13;713
26;2025-09-01;14;699
26;2025-09-01;15;727
26;2025-09-01;16;857
26;2025-09-01;17;1155
26;2025-09-01;18;1344
26;2025-09-01;19;1039
26;2025-09-01;20;615
26;2025-09-01;21;417
26;2025-09-01;22;215
26;2025-09-01;23;112
26;2025-09-02;0;34
26;2025-09-02;1;0
26;2025-09-02;2;0
26;2025-09-02;3;0
26;2025-09-02;4;0
26;2025-09-02;5;54
26;2025-09-02;6;483
26;2025-09-02;7;813
26;2025-09-02;8;1328
26;2025-09-02;9;1053
26;2025-09-02;10;838
26;2025-09-02;11;758
26;2025-09-02;12;745
26;2025-09-02;13;743
26;2025-09-02;14;725
26;2025-09-02;15;743
26;2025-09-02;16;865
26;2025-09-02;17;1189
26;2025-09-02;18;1416
26;2025-09-02;19;1063
26;2025-09-02;20;637
26;2025-09-02;21;444
26;2025-09-02;22;235
26;2025-09-02;23;115
26;2025-09-03;0;34
26;2025-09-03;1;0
26;2025-09-03;2;0
26;2025-09-03;3;0
26;2025-09-03;4;0
26;2025-09-03;5;56
26;2025-09-03;6;486
26;2025-09-03;7;816
26;2025-09-03;8;1330
26;2025-09-03;9;1055
26;2025-09-03;10;850
26;2025-09-03;11;771
26;2025-09-03;12;758
26;2025-09-03;13;758
26;2025-09-03;14;737
26;2025-09-03;15;759
26;2025-09-03;16;882
26;2025-09-03;17;1188
26;2025-09-03;18;1396
26;2025-09-03;19;1064
26;2025-09-03;20;639
26;2025-09-03;21;451
26;2025-09-03;22;248
26;2025-09-03;23;128
26;2025-09-04;0;39
26;2025-09-04;1;0
26;2025-09-04;2;0
26;2025-09-04;3;0
26;2025-09-04;4;0
26;2025-09-04;5;54
26;2025-09-04;6;482
26;2025-09-04;7;810
26;2025-09-04;8;1324
26;2025-09-04;9;1040
26;2025-09-04;10;840
26;2025-09-04;11;753
26;2025-09-04;12;738
26;2025-09-04;13;736
26;2025-09-04;14;717
26;2025-09-04;15;740
26;2025-09-04;16;870
26;2025-09-04;17;1170
26;2025-09-04;18;1393
26;2025-09-04;19;1059
26;2025-09-04;20;666
26;2025-09-04;21;457
26;2025-09-04;22;254
26;2025-09-04;23;139
26;2025-09-05;0;41
26;2025-09-05;1;0
26;2025-09-05;2;0
26;2025-09-05;3;0
26;2025-09-05;4;0
26;2025-09-05;5;55
26;2025-09-05;6;479
26;2025-09-05;7;809
26;2025-09-05;8;1297
26;2025-09-05;9;1011
26;2025-09-05;10;833
26;2025-09-05;11;766
26;2025-09-05;12;760
26;2025-09-05;13;762
26;2025-09-05;14;755
26;2025-09-05;15;793
26;2025-09-05;16;910
26;2025-09-05;17;1157
26;2025-09-05;18;1155
26;2025-09-05;19;1001
26;2025-09-05;20;645
26;2025-09-05;21;447
26;2025-09-05;22;251
26;2025-09-05;23;146
26;2025-09-06;0;49
26;2025-09-06;1;0
26;2025-09-06;2;0
26;2025-09-06;3;0
26;2025-09-06;4;0
26;2025-09-06;5;45
26;2025-09-06;6;254
26;2025-09-06;7;326
26;2025-09-06;8;467
26;2025-09-06;9;546
26;2025-09-06;10;602
26;2025-09-06;11;628
26;2025-09-06;12;628
26;2025-09-06;13;622
26;2025-09-06;14;621
26;2025-09-06;15;608
26;2025-09-06;16;613
26;2025-09-06;17;631
26;2025-09-06;18;632
26;2025-09-06;19;619
26;2025-09-06;20;477
26;2025-09-06;21;365
26;2025-09-06;22;218
26;2025-09-06;23;129
26;2025-09-07;0;48
26;2025-09-07;1;0
26;2025-09-07;2;0
26;2025-09-07;3;0
26;2025-09-07;4;0
26;2025-09-07;5;22
26;2025-09-07;6;152
26;2025-09-07;7;250
26;2025-09-07;8;344
26;2025-09-07;9;440
26;2025-09-07;10;498
26;2025-09-07;11;550
26;2025-09-07;12;588
26;2025-09-07;13;591
26;2025-09-07;14;583
26;2025-09-07;15;577
26;2025-09-07;16;577
26;2025-09-07;17;589
26;2025-09-07;18;597
26;2025-09-07;19;519
26;2025-09-07;20;441
26;2025-09-07;21;338
26;2025-09-07;22;216
26;2025-09-07;23;116
26;2025-09-08;0;36
26;2025-09-08;1;0
26;2025-09-08;2;0
26;2025-09-08;3;0
26;2025-09-08;4;0
26;2025-09-08;5;54
26;2025-09-08;6;475
26;2025-09-08;7;814
26;2025-09-08;8;1237
26;2025-09-08;9;997
26;2025-09-08;10;798
26;2025-09-08;11;729
26;2025-09-08;12;714
26;2025-09-08;13;713
26;2025-09-08;14;699
26;2025-09-08;15;727
26;2025-09-08;16;857
26;2025-09-08;17;1155
26;2025-09-08;18;1344
26;2025-09-08;19;1039
26;2025-09-08;20;615
26;2025-09-08;21;417
26;2025-09-08;22;215
26;2025-09-08;23;112
26;2025-09-09;0;34
26;2025-09-09;1;0
26;2025-09-09;2;0
26;2025-09-09;3;0
26;2025-09-09;4;0
26;2025-09-09;5;54
26;2025-09-09;6;483
26;2025-09-09;7;813
26;2025-09-09;8;1328
26;2025-09-09;9;1053
26;2025-09-09;10;838
26;2025-09-09;11;758
26;2025-09-09;12;745
26;2025-09-09;13;743
26;2025-09-09;14;725
26;2025-09-09;15;743
26;2025-09-09;16;865
26;2025-09-09;17;1189
26;2025-09-09;18;1416
26;2025-09-09;19;1063
26;2025-09-09;20;637
26;2025-09-09;21;444
26;2025-09-09;22;235
26;2025-09-09;23;115
26;2025-09-10;0;34
26;2025-09-10;1;0
26;2025-09-10;2;0
26;2025-09-10;3;0
26;2025-09-10;4;0
26;2025-09-10;5;56
26;2025-09-10;6;486
26;2025-09-10;7;816
26;2025-09-10;8;1330
26;2025-09-10;9;1055
26;2025-09-10;10;850
26;2025-09-10;11;771
26;2025-09-10;12;758
26;2025-09-10;13;758
26;2025-09-10;14;737
26;2025-09-10;15;759
26;2025-09-10;16;882
26;2025-09-10;17;1188
26;2025-09-10;18;1396
26;2025-09-10;19;1064
26;2025-09-10;20;639
26;2025-09-10;21;451
26;2025-09-10;22;248
26;2025-09-10;23;128
26;2025-09-11;0;39
26;2025-09-11;1;0
26;2025-09-11;2;0
26;2025-09-11;3;0
26;2025-09-11;4;0
26;2025-09-11;5;54
26;2025-09-11;6;482
26;2025-09-11;7;810
26;2025-09-11;8;1324
26;2025-09-11;9;1040
26;2025-09-11;10;840
26;2025-09-11;11;753
26;2025-09-11;12;738
26;2025-09-11;13;736
26;2025-09-11;14;717
26;2025-09-11;15;740
26;2025-09-11;16;870
26;2025-09-11;17;1170
26;2025-09-11;18;1393
26;2025-09-11;19;1059
26;2025-09-11;20;666
26;2025-09-11;21;457
26;2025-09-11;22;254
26;2025-09-11;23;139
26;2025-09-12;0;41
26;2025-09-12;1;0
26;2025-09-12;2;0
26;2025-09-12;3;0
26;2025-09-12;4;0
26;2025-09-12;5;55
26;2025-09-12;6;479
26;2025-09-12;7;809
26;2025-09-12;8;1297
26;2025-09-12;9;1011
26;2025-09-12;10;833
26;2025-09-12;11;766
26;2025-09-12;12;760
26;2025-09-12;13;762
26;2025-09-12;14;755
26;2025-09-12;15;793
26;2025-09-12;16;910
26;2025-09-12;17;1157
26;2025-09-12;18;1155
26;2025-09-12;19;1001
26;2025-09-12;20;645
26;2025-09-12;21;447
26;2025-09-12;22;251
26;2025-09-12;23;146
26;2025-09-13;0;49
26;2025-09-13;1;0
26;2025-09-13;2;0
26;2025-09-13;3;0
26;2025-09-13;4;0
26;2025-09-13;5;45
26;2025-09-13;6;254
26;2025-09-13;7;326
26;2025-09-13;8;467
26;2025-09-13;9;546
26;2025-09-13;10;602
26;2025-09-13;11;628
26;2025-09-13;12;628
26;2025-09-13;13;622
26;2025-09-13;14;621
26;2025-09-13;15;608
26;2025-09-13;16;613
26;2025-09-13;17;631
26;2025-09-13;18;632
26;2025-09-13;19;619
26;2025-09-13;20;477
26;2025-09-13;21;365
26;2025-09-13;22;218
26;2025-09-13;23;129
26;2025-09-14;0;48
26;2025-09-14;1;0
26;2025-09-14;2;0
26;2025-09-14;3;0
26;2025-09-14;4;0
26;2025-09-14;5;22
26;2025-09-14;6;152
26;2025-09-14;7;250
26;2025-09-14;8;344
26;2025-09-14;9;440
26;2025-09-14;10;498
26;2025-09-14;11;550
26;2025-09-14;12;588
26;2025-09-14;13;591
26;2025-09-14;14;583
26;2025-09-14;15;577
26;2025-09-14;16;577
26;2025-09-14;17;589
26;2025-09-14;18;597
26;2025-09-14;19;519
26;2025-09-14;20;441
26;2025-09-14;21;338
26;2025-09-14;22;216
26;2025-09-14;23;116
26;2025-09-15;0;36
26;2025-09-15;1;0
26;2025-09-15;2;0
26;2025-09-15;3;0
26;2025-09-15;4;0
26;2025-09-15;5;54
26;2025-09-15;6;475
26;2025-09-15;7;814
26;2025-09-15;8;1237
26;2025-09-15;9;997
26;2025-09-15;10;798
26;2025-09-15;11;729
26;2025-09-15;12;714
26;2025-09-15;13;713
26;2025-09-15;14;699
26;2025-09-15;15;727
26;2025-09-15;16;857
26;2025-09-15;17;1155
26;2025-09-15;18;1344
26;2025-09-15;19;1039
26;2025-09-15;20;615
26;2025-09-15;21;417
26;2025-09-15;22;215
26;2025-09-15;23;112
26;2025-09-16;0;34
26;2025-09-16;1;0
26;2025-09-16;2;0
26;2025-09-16;3;0
26;2025-09-16;4;0
26;2025-09-16;5;54
26;2025-09-16;6;483
26;2025-09-16;7;813
26;2025-09-16;8;1328
26;2025-09-16;9;1053
26;2025-09-16;10;838
26;2025-09-16;11;758
26;2025-09-16;12;745
26;2025-09-16;13;743
26;2025-09-16;14;725
26;2025-09-16;15;743
26;2025-09-16;16;865
26;2025-09-16;17;1189
26;2025-09-16;18;1416
26;2025-09-16;19;1063
26;2025-09-16;20;637
26;2025-09-16;21;444
26;2025-09-16;22;235
26;2025-09-16;23;115
26;2025-09-17;0;34
26;2025-09-17;1;0
26;2025-09-17;2;0
26;2025-09-17;3;0
26;2025-09-17;4;0
26;2025-09-17;5;56
26;2025-09-17;6;486
26;2025-09-17;7;816
26;2025-09-17;8;1330
26;2025-09-17;9;1055
26;2025-09-17;10;850
26;2025-09-17;11;771
26;2025-09-17;12;758
26;2025-09-17;13;758
26;2025-09-17;14;737
26;2025-09-17;15;759
26;2025-09-17;16;882
26;2025-09-17;17;1188
26;2025-09-17;18;1396
26;2025-09-17;19;1064
26;2025-09-17;20;639
26;2025-09-17;21;451
26;2025-09-17;22;248
26;2025-09-17;23;128
26;2025-09-18;0;39
26;2025-09-18;1;0
26;2025-09-18;2;0
26;2025-09-18;3;0
26;2025-09-18;4;0
26;2025-09-18;5;54
26;2025-09-18;6;482
26;2025-09-18;7;810
26;2025-09-18;8;1324
26;2025-09-18;9;1040
26;2025-09-18;10;840
26;2025-09-18;11;753
26;2025-09-18;12;738
26;2025-09-18;13;736
26;2025-09-18;14;717
26;2025-09-18;15;740
26;2025-09-18;16;870
26;2025-09-18;17;1170
26;2025-09-18;18;1393
26;2025-09-18;19;1059
26;2025-09-18;20;666
26;2025-09-18;21;457
26;2025-09-18;22;254
26;2025-09-18;23;139
26;2025-09-19;0;41
26;2025-09-19;1;0
26;2025-09-19;2;0
26;2025-09-19;3;0
26;2025-09-19;4;0
26;2025-09-19;5;55
26;2025-09-19;6;479
26;2025-09-19;7;809
26;2025-09-19;8;1297
26;2025-09-19;9;1011
26;2025-09-19;10;833
26;2025-09-19;11;766
26;2025-09-19;12;760
26;2025-09-19;13;762
26;2025-09-19;14;755
26;2025-09-19;15;793
26;2025-09-19;16;910
26;2025-09-19;17;1157
26;2025-09-19;18;1155
26;2025-09-19;19;1001
26;2025-09-19;20;645
26;2025-09-19;21;447
26;2025-09-19;22;251
26;2025-09-19;23;146
26;2025-09-20;0;49
26;2025-09-20;1;0
26;2025-09-20;2;0
26;2025-09-20;3;0
26;2025-09-20;4;0
26;2025-09-20;5;45
26;2025-09-20;6;254
26;2025-09-20;7;326
26;2025-09-20;8;467
26;2025-09-20;9;546
26;2025-09-20;10;602
26;2025-09-20;11;628
26;2025-09-20;12;628
26;2025-09-20;13;622
26;2025-09-20;14;621
26;2025-09-20;15;608
26;2025-09-20;16;613
26;2025-09-20;17;631
26;2025-09-20;18;632
26;2025-09-20;19;619
26;2025-09-20;20;477
26;2025-09-20;21;365
26;2025-09-20;22;218
26;2025-09-20;23;129
26;2025-09-21;0;48
26;2025-09-21;1;0
26;2025-09-21;2;0
26;2025-09-21;3;0
26;2025-09-21;4;0
26;2025-09-21;5;22
26;2025-09-21;6;152
26;2025-09-21;7;250
26;2025-09-21;8;344
26;2025-09-21;9;440
26;2025-09-21;10;498
26;2025-09-21;11;550
26;2025-09-21;12;588
26;2025-09-21;13;591
26;2025-09-21;14;583
26;2025-09-21;15;577
26;2025-09-21;16;577
26;2025-09-21;17;589
26;2025-09-21;18;597
26;2025-09-21;19;519
26;2025-09-21;20;441
26;2025-09-21;21;338
26;2025-09-21;22;216
26;2025-09-21;23;116
26;2025-09-22;0;36
26;2025-09-22;1;0
26;2025-09-22;2;0
26;2025-09-22;3;0
26;2025-09-22;4;0
26;2025-09-22;5;54
26;2025-09-22;6;475
26;2025-09-22;7;814
26;2025-09-22;8;1237
26;2025-09-22;9;997
26;2025-09-22;10;798
26;2025-09-22;11;729
26;2025-09-22;12;714
26;2025-09-22;13;713
26;2025-09-22;14;699
26;2025-09-22;15;727
26;2025-09-22;16;857
26;2025-09-22;17;1155
26;2025-09-22;18;1344
26;2025-09-22;19;1039
26;2025-09-22;20;615
26;2025-09-22;21;417
26;2025-09-22;22;215
26;2025-09-22;23;112
26;2025-09-23;0;34
26;2025-09-23;1;0
26;2025-09-23;2;0
26;2025-09-23;3;0
26;2025-09-23;4;0
26;2025-09-23;5;54
26;2025-09-23;6;483
26;2025-09-23;7;813
26;2025-09-23;8;1328
26;2025-09-23;9;1053
26;2025-09-23;10;838
26;2025-09-23;11;758
26;2025-09-23;12;745
26;2025-09-23;13;743
26;2025-09-23;14;725
26;2025-09-23;15;743
26;2025-09-23;16;865
26;2025-09-23;17;1189
26;2025-09-23;18;1416
26;2025-09-23;19;1063
26;2025-09-23;20;637
26;2025-09-23;21;444
26;2025-09-23;22;235
26;2025-09-23;23;115
26;2025-09-24;0;34
26;2025-09-24;1;0
26;2025-09-24;2;0
26;2025-09-24;3;0
26;2025-09-24;4;0
26;2025-09-24;5;56
26;2025-09-24;6;486
26;2025-09-24;7;816
26;2025-09-24;8;1330
26;2025-09-24;9;1055
26;2025-09-24;10;850
26;2025-09-24;11;771
26;2025-09-24;12;758
26;2025-09-24;13;758
26;2025-09-24;14;737
26;2025-09-24;15;759
26;2025-09-24;16;882
26;2025-09-24;17;1188
26;2025-09-24;18;1396
26;2025-09-24;19;1064
26;2025-09-24;20;639
26;2025-09-24;21;451
26;2025-09-24;22;248
26;2025-09-24;23;128
26;2025-09-25;0;39
26;2025-09-25;1;0
26;2025-09-25;2;0
26;2025-09-25;3;0
26;2025-09-25;4;0
26;2025-09-25;5;54
26;2025-09-25;6;482
26;2025-09-25;7;810
26;2025-09-25;8;1324
26;2025-09-25;9;1040
26;2025-09-25;10;840
26;2025-09-25;11;753
26;2025-09-25;12;738
26;2025-09-25;13;736
26;2025-09-25;14;717
26;2025-09-25;15;740
26;2025-09-25;16;870
26;2025-09-25;17;1170
26;2025-09-25;18;1393
26;2025-09-25;19;1059
26;2025-09-25;20;666
26;2025-09-25;21;457
26;2025-09-25;22;254
26;2025-09-25;23;139
26;2025-09-26;0;41
26;2025-09-26;1;0
26;2025-09-26;2;0
26;2025-09-26;3;0
26;2025-09-26;4;0
26;2025-09-26;5;55
26;2025-09-26;6;479
26;2025-09-26;7;809
26;2025-09-26;8;1297
26;2025-09-26;9;1011
26;2025-09-26;10;833
26;2025-09-26;11;766
26;2025-09-26;12;760
26;2025-09-26;13;762
26;2025-09-26;14;755
26;2025-09-26;15;793
26;2025-09-26;16;910
26;2025-09-26;17;1157
26;2025-09-26;18;1155
26;2025-09-26;19;1001
26;2025-09-26;20;645
26;2025-09-26;21;447
26;2025-09-26;22;251
26;2025-09-26;23;146
26;2025-09-27;0;49
26;2025-09-27;1;0
26;2025-09-27;2;0
26;2025-09-27;3;0
26;2025-09-27;4;0
26;2025-09-27;5;45
26;2025-09-27;6;254
26;2025-09-27;7;326
26;2025-09-27;8;467
26;2025-09-27;9;546
26;2025-09-27;10;602
26;2025-09-27;11;628
26;2025-09-27;12;628
26;2025-09-27;13;622
26;2025-09-27;14;621
26;2025-09-27;15;608
26;2025-09-27;16;613
26;2025-09-27;17;631
26;2025-09-27;18;632
26;2025-09-27;19;619
26;2025-09-27;20;477
26;2025-09-27;21;365
26;2025-09-27;22;218
26;2025-09-27;23;129
26;2025-09-28;0;48
26;2025-09-28;1;0
26;2025-09-28;2;0
26;2025-09-28;3;0
26;2025-09-28;4;0
26;2025-09-28;5;22
26;2025-09-28;6;152
26;2025-09-28;7;250
26;2025-09-28;8;344
26;2025-09-28;9;440
26;2025-09-28;10;498
26;2025-09-28;11;550
26;2025-09-28;12;588
26;2025-09-28;13;591
26;2025-09-28;14;583
26;2025-09-28;15;577
26;2025-09-28;16;577
26;2025-09-28;17;589
26;2025-09-28;18;597
26;2025-09-28;19;519
26;2025-09-28;20;441
26;2025-09-28;21;338
26;2025-09-28;22;216
26;2025-09-28;23;116
26;2025-09-29;0;36
26;2025-09-29;1;0
26;2025-09-29;2;0
26;2025-09-29;3;0
26;2025-09-29;4;0
26;2025-09-29;5;54
26;2025-09-29;6;475
26;2025-09-29;7;814
26;2025-09-29;8;1237
26;2025-09-29;9;997
26;2025-09-29;10;798
26;2025-09-29;11;729
26;2025-09-29;12;714
26;2025-09-29;13;713
26;2025-09-29;14;699
26;2025-09-29;15;727
26;2025-09-29;16;857
26;2025-09-29;17;1155
26;2025-09-29;18;1344
26;2025-09-29;19;1039
26;2025-09-29;20;615
26;2025-09-29;21;417
26;2025-09-29;22;215
26;2025-09-29;23;112
26;2025-09-30;0;34
26;2025-09-30;1;0
26;2025-09-30;2;0
26;2025-09-30;3;0
26;2025-09-30;4;0
26;2025-09-30;5;54
26;2025-09-30;6;483
26;2025-09-30;7;813
26;2025-09-30;8;1328
26;2025-09-30;9;1053
26;2025-09-30;10;838
26;2025-09-30;11;758
26;2025-09-30;12;745
26;2025-09-30;13;743
26;2025-09-30;14;725
26;2025-09-30;15;743
26;2025-09-30;16;865
26;2025-09-30;17;1189
26;2025-09-30;18;1416
26;2025-09-30;19;1063
26;2025-09-30;20;637
26;2025-09-30;21;444
26;2025-09-30;22;235
26;2025-09-30;23;115
28;2025-08-01;0;13
28;2025-08-01;1;0
28;2025-08-01;2;0
28;2025-08-01;3;0
28;2025-08-01;4;0
28;2025-08-01;5;48
28;2025-08-01;6;216
28;2025-08-01;7;481
28;2025-08-01;8;742
28;2025-08-01;9;570
28;2025-08-01;10;423
28;2025-08-01;11;403
28;2025-08-01;12;406
28;2025-08-01;13;407
28;2025-08-01;14;404
28;2025-08-01;15;422
28;2025-08-01;16;506
28;2025-08-01;17;636
28;2025-08-01;18;641
28;2025-08-01;19;565
28;2025-08-01;20;408
28;2025-08-01;21;288
28;2025-08-01;22;144
28;2025-08-01;23;6
28;2025-08-02;0;20
28;2025-08-02;1;0
28;2025-08-02;2;0
28;2025-08-02;3;0
28;2025-08-02;4;0
28;2025-08-02;5;26
28;2025-08-02;6;117
28;2025-08-02;7;181
28;2025-08-02;8;271
28;2025-08-02;9;327
28;2025-08-02;10;351
28;2025-08-02;11;371
28;2025-08-02;12;379
28;2025-08-02;13;387
28;2025-08-02;14;384
28;2025-08-02;15;386
28;2025-08-02;16;387
28;2025-08-02;17;388
28;2025-08-02;18;388
28;2025-08-02;19;373
28;2025-08-02;20;317
28;2025-08-02;21;254
28;2025-08-02;22;134
28;2025-08-02;23;14
28;2025-08-03;0;18
28;2025-08-03;1;0
28;2025-08-03;2;0
28;2025-08-03;3;0
28;2025-08-03;4;0
28;2025-08-03;5;18
28;2025-08-03;6;84
28;2025-08-03;7;144
28;2025-08-03;8;224
28;2025-08-03;9;271
28;2025-08-03;10;296
28;2025-08-03;11;323
28;2025-08-03;12;357
28;2025-08-03;13;376
28;2025-08-03;14;369
28;2025-08-03;15;377
28;2025-08-03;16;377
28;2025-08-03;17;384
28;2025-08-03;18;385
28;2025-08-03;19;338
28;2025-08-03;20;293
28;2025-08-03;21;241
28;2025-08-03;22;129
28;2025-08-03;23;11
28;2025-08-04;0;16
28;2025-08-04;1;0
28;2025-08-04;2;0
28;2025-08-04;3;0
28;2025-08-04;4;0
28;2025-08-04;5;53
28;2025-08-04;6;217
28;2025-08-04;7;474
28;2025-08-04;8;709
28;2025-08-04;9;560
28;2025-08-04;10;417
28;2025-08-04;11;395
28;2025-08-04;12;395
28;2025-08-04;13;398
28;2025-08-04;14;391
28;2025-08-04;15;408
28;2025-08-04;16;492
28;2025-08-04;17;644
28;2025-08-04;18;707
28;2025-08-04;19;584
28;2025-08-04;20;396
28;2025-08-04;21;262
28;2025-08-04;22;127
28;2025-08-04;23;1
28;2025-08-05;0;14
28;2025-08-05;1;0
28;2025-08-05;2;0
28;2025-08-05;3;0
28;2025-08-05;4;0
28;2025-08-05;5;53
28;2025-08-05;6;226
28;2025-08-05;7;490
28;2025-08-05;8;754
28;2025-08-05;9;580
28;2025-08-05;10;429
28;2025-08-05;11;407
28;2025-08-05;12;407
28;2025-08-05;13;408
28;2025-08-05;14;398
28;2025-08-05;15;413
28;2025-08-05;16;497
28;2025-08-05;17;657
28;2025-08-05;18;743
28;2025-08-05;19;601
28;2025-08-05;20;416
28;2025-08-05;21;287
28;2025-08-05;22;139
28;2025-08-05;23;4
28;2025-08-06;0;14
28;2025-08-06;1;0
28;2025-08-06;2;0
28;2025-08-06;3;0
28;2025-08-06;4;0
28;2025-08-06;5;52
28;2025-08-06;6;225
28;2025-08-06;7;489
28;2025-08-06;8;754
28;2025-08-06;9;577
28;2025-08-06;10;421
28;2025-08-06;11;402
28;2025-08-06;12;402
28;2025-08-06;13;409
28;2025-08-06;14;397
28;2025-08-06;15;413
28;2025-08-06;16;497
28;2025-08-06;17;654
28;2025-08-06;18;741
28;2025-08-06;19;597
28;2025-08-06;20;411
28;2025-08-06;21;287
28;2025-08-06;22;143
28;2025-08-06;23;4
28;2025-08-07;0;15
28;2025-08-07;1;0
28;2025-08-07;2;0
28;2025-08-07;3;0
28;2025-08-07;4;0
28;2025-08-07;5;54
28;2025-08-07;6;227
28;2025-08-07;7;492
28;2025-08-07;8;755
28;2025-08-07;9;581
28;2025-08-07;10;428
28;2025-08-07;11;407
28;2025-08-07;12;405
28;2025-08-07;13;406
28;2025-08-07;14;396
28;2025-08-07;15;412
28;2025-08-07;16;495
28;2025-08-07;17;654
28;2025-08-07;18;739
28;2025-08-07;19;600
28;2025-08-07;20;416
28;2025-08-07;21;291
28;2025-08-07;22;148
28;2025-08-07;23;6
28;2025-08-08;0;13
28;2025-08-08;1;0
28;2025-08-08;2;0
28;2025-08-08;3;0
28;2025-08-08;4;0
28;2025-08-08;5;48
28;2025-08-08;6;216
28;2025-08-08;7;481
28;2025-08-08;8;742
28;2025-08-08;9;570
28;2025-08-08;10;423
28;2025-08-08;11;403
28;2025-08-08;12;406
28;2025-08-08;13;407
28;2025-08-08;14;404
28;2025-08-08;15;422
28;2025-08-08;16;506
28;2025-08-08;17;636
28;2025-08-08;18;641
28;2025-08-08;19;565
28;2025-08-08;20;408
28;2025-08-08;21;288
28;2025-08-08;22;144
28;2025-08-08;23;6
28;2025-08-09;0;20
28;2025-08-09;1;0
28;2025-08-09;2;0
28;2025-08-09;3;0
28;2025-08-09;4;0
28;2025-08-09;5;26
28;2025-08-09;6;117
28;2025-08-09;7;181
28;2025-08-09;8;271
28;2025-08-09;9;327
28;2025-08-09;10;351
28;2025-08-09;11;371
28;2025-08-09;12;379
28;2025-08-09;13;387
28;2025-08-09;14;384
28;2025-08-09;15;386
28;2025-08-09;16;387
28;2025-08-09;17;388
28;2025-08-09;18;388
28;2025-08-09;19;373
28;2025-08-09;20;317
28;2025-08-09;21;254
28;2025-08-09;22;134
28;2025-08-09;23;14
28;2025-08-10;0;18
28;2025-08-10;1;0
28;2025-08-10;2;0
28;2025-08-10;3;0
28;2025-08-10;4;0
28;2025-08-10;5;18
28;2025-08-10;6;84
28;2025-08-10;7;144
28;2025-08-10;8;224
28;2025-08-10;9;271
28;2025-08-10;10;296
28;2025-08-10;11;323
28;2025-08-10;12;357
28;2025-08-10;13;376
28;2025-08-10;14;369
28;2025-08-10;15;377
28;2025-08-10;16;377
28;2025-08-10;17;384
28;2025-08-10;18;385
28;2025-08-10;19;338
28;2025-08-10;20;293
28;2025-08-10;21;241
28;2025-08-10;22;129
28;2025-08-10;23;11
28;2025-08-11;0;16
28;2025-08-11;1;0
28;2025-08-11;2;0
28;2025-08-11;3;0
28;2025-08-11;4;0
28;2025-08-11;5;53
28;2025-08-11;6;217
28;2025-08-11;7;474
28;2025-08-11;8;709
28;2025-08-11;9;560
28;2025-08-11;10;417
28;2025-08-11;11;395
28;2025-08-11;12;395
28;2025-08-11;13;398
28;2025-08-11;14;391
28;2025-08-11;15;408
28;2025-08-11;16;492
28;2025-08-11;17;644
28;2025-08-11;18;707
28;2025-08-11;19;584
28;2025-08-11;20;396
28;2025-08-11;21;262
28;2025-08-11;22;127
28;2025-08-11;23;1
28;2025-08-12;0;14
28;2025-08-12;1;0
28;2025-08-12;2;0
28;2025-08-12;3;0
28;2025-08-12;4;0
28;2025-08-12;5;53
28;2025-08-12;6;226
28;2025-08-12;7;490
28;2025-08-12;8;754
28;2025-08-12;9;580
28;2025-08-12;10;429
28;2025-08-12;11;407
28;2025-08-12;12;407
28;2025-08-12;13;408
28;2025-08-12;14;398
28;2025-08-12;15;413
28;2025-08-12;16;497
28;2025-08-12;17;657
28;2025-08-12;18;743
28;2025-08-12;19;601
28;2025-08-12;20;416
28;2025-08-12;21;287
28;2025-08-12;22;139
28;2025-08-12;23;4
28;2025-08-13;0;14
28;2025-08-13;1;0
28;2025-08-13;2;0
28;2025-08-13;3;0
28;2025-08-13;4;0
28;2025-08-13;5;52
28;2025-08-13;6;225
28;2025-08-13;7;489
28;2025-08-13;8;754
28;2025-08-13;9;577
28;2025-08-13;10;421
28;2025-08-13;11;402
28;2025-08-13;12;402
28;2025-08-13;13;409
28;2025-08-13;14;397
28;2025-08-13;15;413
28;2025-08-13;16;497
28;2025-08-13;17;654
28;2025-08-13;18;741
28;2025-08-13;19;597
28;2025-08-13;20;411
28;2025-08-13;21;287
28;2025-08-13;22;143
28;2025-08-13;23;4
28;2025-08-14;0;15
28;2025-08-14;1;0
28;2025-08-14;2;0
28;2025-08-14;3;0
28;2025-08-14;4;0
28;2025-08-14;5;54
28;2025-08-14;6;227
28;2025-08-14;7;492
28;2025-08-14;8;755
28;2025-08-14;9;581
28;2025-08-14;10;428
28;2025-08-14;11;407
28;2025-08-14;12;405
28;2025-08-14;13;406
28;2025-08-14;14;396
28;2025-08-14;15;412
28;2025-08-14;16;495
28;2025-08-14;17;654
28;2025-08-14;18;739
28;2025-08-14;19;600
28;2025-08-14;20;416
28;2025-08-14;21;291
28;2025-08-14;22;148
28;2025-08-14;23;6
28;2025-08-15;0;13
28;2025-08-15;1;0
28;2025-08-15;2;0
28;2025-08-15;3;0
28;2025-08-15;4;0
28;2025-08-15;5;48
28;2025-08-15;6;216
28;2025-08-15;7;481
28;2025-08-15;8;742
28;2025-08-15;9;570
28;2025-08-15;10;423
28;2025-08-15;11;403
28;2025-08-15;12;406
28;2025-08-15;13;407
28;2025-08-15;14;404
28;2025-08-15;15;422
28;2025-08-15;16;506
28;2025-08-15;17;636
28;2025-08-15;18;641
28;2025-08-15;19;565
28;2025-08-15;20;408
28;2025-08-15;21;288
28;2025-08-15;22;144
28;2025-08-15;23;6
28;2025-08-16;0;20
28;2025-08-16;1;0
28;2025-08-16;2;0
28;2025-08-16;3;0
28;2025-08-16;4;0
28;2025-08-16;5;26
28;2025-08-16;6;117
28;2025-08-16;7;181
28;2025-08-16;8;271
28;2025-08-16;9;327
28;2025-08-16;10;351
28;2025-08-16;11;371
28;2025-08-16;12;379
28;2025-08-16;13;387
28;2025-08-16;14;384
28;2025-08-16;15;386
28;2025-08-16;16;387
28;2025-08-16;17;388
28;2025-08-16;18;388
28;2025-08-16;19;373
28;2025-08-16;20;317
28;2025-08-16;21;254
28;2025-08-16;22;134
28;2025-08-16;23;14
28;2025-08-17;0;18
28;2025-08-17;1;0
28;2025-08-17;2;0
28;2025-08-17;3;0
28;2025-08-17;4;0
28;2025-08-17;5;18
28;2025-08-17;6;84
28;2025-08-17;7;144
28;2025-08-17;8;224
28;2025-08-17;9;271
28;2025-08-17;10;296
28;2025-08-17;11;323
28;2025-08-17;12;357
28;2025-08-17;13;376
28;2025-08-17;14;369
28;2025-08-17;15;377
28;2025-08-17;16;377
28;2025-08-17;17;384
28;2025-08-17;18;385
28;2025-08-17;19;338
28;2025-08-17;20;293
28;2025-08-17;21;241
28;2025-08-17;22;129
28;2025-08-17;23;11
28;2025-08-18;0;16
28;2025-08-18;1;0
28;2025-08-18;2;0
28;2025-08-18;3;0
28;2025-08-18;4;0
28;2025-08-18;5;53
28;2025-08-18;6;217
28;2025-08-18;7;474
28;2025-08-18;8;709
28;2025-08-18;9;560
28;2025-08-18;10;417
28;2025-08-18;11;395
28;2025-08-18;12;395
28;2025-08-18;13;398
28;2025-08-18;14;391
28;2025-08-18;15;408
28;2025-08-18;16;492
28;2025-08-18;17;644
28;2025-08-18;18;707
28;2025-08-18;19;584
28;2025-08-18;20;396
28;2025-08-18;21;262
28;2025-08-18;22;127
28;2025-08-18;23;1
28;2025-08-19;0;14
28;2025-08-19;1;0
28;2025-08-19;2;0
28;2025-08-19;3;0
28;2025-08-19;4;0
28;2025-08-19;5;53
28;2025-08-19;6;226
28;2025-08-19;7;490
28;2025-08-19;8;754
28;2025-08-19;9;580
28;2025-08-19;10;429
28;2025-08-19;11;407
28;2025-08-19;12;407
28;2025-08-19;13;408
28;2025-08-19;14;398
28;2025-08-19;15;413
28;2025-08-19;16;497
28;2025-08-19;17;657
28;2025-08-19;18;743
28;2025-08-19;19;601
28;2025-08-19;20;416
28;2025-08-19;21;287
28;2025-08-19;22;139
28;2025-08-19;23;4
28;2025-08-20;0;14
28;2025-08-20;1;0
28;2025-08-20;2;0
28;2025-08-20;3;0
28;2025-08-20;4;0
28;2025-08-20;5;52
28;2025-08-20;6;225
28;2025-08-20;7;489
28;2025-08-20;8;754
28;2025-08-20;9;577
28;2025-08-20;10;421
28;2025-08-20;11;402
28;2025-08-20;12;402
28;2025-08-20;13;409
28;2025-08-20;14;397
28;2025-08-20;15;413
28;2025-08-20;16;497
28;2025-08-20;17;654
28;2025-08-20;18;741
28;2025-08-20;19;597
28;2025-08-20;20;411
28;2025-08-20;21;287
28;2025-08-20;22;143
28;2025-08-20;23;4
28;2025-08-21;0;15
28;2025-08-21;1;0
28;2025-08-21;2;0
28;2025-08-21;3;0
28;2025-08-21;4;0
28;2025-08-21;5;54
28;2025-08-21;6;227
28;2025-08-21;7;492
28;2025-08-21;8;755
28;2025-08-21;9;581
28;2025-08-21;10;428
28;2025-08-21;11;407
28;2025-08-21;12;405
28;2025-08-21;13;406
28;2025-08-21;14;396
28;2025-08-21;15;412
28;2025-08-21;16;495
28;2025-08-21;17;654
28;2025-08-21;18;739
28;2025-08-21;19;600
28;2025-08-21;20;416
28;2025-08-21;21;291
28;2025-08-21;22;148
28;2025-08-21;23;6
28;2025-08-22;0;13
28;2025-08-22;1;0
28;2025-08-22;2;0
28;2025-08-22;3;0
28;2025-08-22;4;0
28;2025-08-22;5;48
28;2025-08-22;6;216
28;2025-08-22;7;481
28;2025-08-22;8;742
28;2025-08-22;9;570
28;2025-08-22;10;423
28;2025-08-22;11;403
28;2025-08-22;12;406
28;2025-08-22;13;407
28;2025-08-22;14;404
28;2025-08-22;15;422
28;2025-08-22;16;506
28;2025-08-22;17;636
28;2025-08-22;18;641
28;2025-08-22;19;565
28;2025-08-22;20;408
28;2025-08-22;21;288
28;2025-08-22;22;144
28;2025-08-22;23;6
28;2025-08-23;0;20
28;2025-08-23;1;0
28;2025-08-23;2;0
28;2025-08-23;3;0
28;2025-08-23;4;0
28;2025-08-23;5;26
28;2025-08-23;6;117
28;2025-08-23;7;181
28;2025-08-23;8;271
28;2025-08-23;9;327
28;2025-08-23;10;351
28;2025-08-23;11;371
28;2025-08-23;12;379
28;2025-08-23;13;387
28;2025-08-23;14;384
28;2025-08-23;15;386
28;2025-08-23;16;387
28;2025-08-23;17;388
28;2025-08-23;18;388
28;2025-08-23;19;373
28;2025-08-23;20;317
28;2025-08-23;21;254
28;2025-08-23;22;134
28;2025-08-23;23;14
28;2025-08-24;0;18
28;2025-08-24;1;0
28;2025-08-24;2;0
28;2025-08-24;3;0
28;2025-08-24;4;0
28;2025-08-24;5;18
28;2025-08-24;6;84
28;2025-08-24;7;144
28;2025-08-24;8;224
28;2025-08-24;9;271
28;2025-08-24;10;296
28;2025-08-24;11;323
28;2025-08-24;12;357
28;2025-08-24;13;376
28;2025-08-24;14;369
28;2025-08-24;15;377
28;2025-08-24;16;377
28;2025-08-24;17;384
28;2025-08-24;18;385
28;2025-08-24;19;338
28;2025-08-24;20;293
28;2025-08-24;21;241
28;2025-08-24;22;129
28;2025-08-24;23;11
28;2025-08-25;0;16
28;2025-08-25;1;0
28;2025-08-25;2;0
28;2025-08-25;3;0
28;2025-08-25;4;0
28;2025-08-25;5;53
28;2025-08-25;6;217
28;2025-08-25;7;474
28;2025-08-25;8;709
28;2025-08-25;9;560
28;2025-08-25;10;417
28;2025-08-25;11;395
28;2025-08-25;12;395
28;2025-08-25;13;398
28;2025-08-25;14;391
28;2025-08-25;15;408
28;2025-08-25;16;492
28;2025-08-25;17;644
28;2025-08-25;18;707
28;2025-08-25;19;584
28;2025-08-25;20;396
28;2025-08-25;21;262
28;2025-08-25;22;127
28;2025-08-25;23;1
28;2025-08-26;0;14
28;2025-08-26;1;0
28;2025-08-26;2;0
28;2025-08-26;3;0
28;2025-08-26;4;0
28;2025-08-26;5;53
28;2025-08-26;6;226
28;2025-08-26;7;490
28;2025-08-26;8;754
28;2025-08-26;9;580
28;2025-08-26;10;429
28;2025-08-26;11;407
28;2025-08-26;12;407
28;2025-08-26;13;408
28;2025-08-26;14;398
28;2025-08-26;15;413
28;2025-08-26;16;497
28;2025-08-26;17;657
28;2025-08-26;18;743
28;2025-08-26;19;601
28;2025-08-26;20;416
28;2025-08-26;21;287
28;2025-08-26;22;139
28;2025-08-26;23;4
28;2025-08-27;0;14
28;2025-08-27;1;0
28;2025-08-27;2;0
28;2025-08-27;3;0
28;2025-08-27;4;0
28;2025-08-27;5;52
28;2025-08-27;6;225
28;2025-08-27;7;489
28;2025-08-27;8;754
28;2025-08-27;9;577
28;2025-08-27;10;421
28;2025-08-27;11;402
28;2025-08-27;12;402
28;2025-08-27;13;409
28;2025-08-27;14;397
28;2025-08-27;15;413
28;2025-08-27;16;497
28;2025-08-27;17;654
28;2025-08-27;18;741
28;2025-08-27;19;597
28;2025-08-27;20;411
28;2025-08-27;21;287
28;2025-08-27;22;143
28;2025-08-27;23;4
28;2025-08-28;0;15
28;2025-08-28;1;0
28;2025-08-28;2;0
28;2025-08-28;3;0
28;2025-08-28;4;0
28;2025-08-28;5;54
28;2025-08-28;6;227
28;2025-08-28;7;492
28;2025-08-28;8;755
28;2025-08-28;9;581
28;2025-08-28;10;428
28;2025-08-28;11;407
28;2025-08-28;12;405
28;2025-08-28;13;406
28;2025-08-28;14;396
28;2025-08-28;15;412
28;2025-08-28;16;495
28;2025-08-28;17;654
28;2025-08-28;18;739
28;2025-08-28;19;600
28;2025-08-28;20;416
28;2025-08-28;21;291
28;2025-08-28;22;148
28;2025-08-28;23;6
28;2025-08-29;0;13
28;2025-08-29;1;0
28;2025-08-29;2;0
28;2025-08-29;3;0
28;2025-08-29;4;0
28;2025-08-29;5;48
28;2025-08-29;6;216
28;2025-08-29;7;481
28;2025-08-29;8;742
28;2025-08-29;9;570
28;2025-08-29;10;423
28;2025-08-29;11;403
28;2025-08-29;12;406
28;2025-08-29;13;407
28;2025-08-29;14;404
28;2025-08-29;15;422
28;2025-08-29;16;506
28;2025-08-29;17;636
28;2025-08-29;18;641
28;2025-08-29;19;565
28;2025-08-29;20;408
28;2025-08-29;21;288
28;2025-08-29;22;144
28;2025-08-29;23;6
28;2025-08-30;0;20
28;2025-08-30;1;0
28;2025-08-30;2;0
28;2025-08-30;3;0
28;2025-08-30;4;0
28;2025-08-30;5;26
28;2025-08-30;6;117
28;2025-08-30;7;181
28;2025-08-30;8;271
28;2025-08-30;9;327
28;2025-08-30;10;351
28;2025-08-30;11;371
28;2025-08-30;12;379
28;2025-08-30;13;387
28;2025-08-30;14;384
28;2025-08-30;15;386
28;2025-08-30;16;387
28;2025-08-30;17;388
28;2025-08-30;18;388
28;2025-08-30;19;373
28;2025-08-30;20;317
28;2025-08-30;21;254
28;2025-08-30;22;134
28;2025-08-30;23;14
28;2025-08-31;0;18
28;2025-08-31;1;0
28;2025-08-31;2;0
28;2025-08-31;3;0
28;2025-08-31;4;0
28;2025-08-31;5;18
28;2025-08-31;6;84
28;2025-08-31;7;144
28;2025-08-31;8;224
28;2025-08-31;9;271
28;2025-08-31;10;296
28;2025-08-31;11;323
28;2025-08-31;12;357
28;2025-08-31;13;376
28;2025-08-31;14;369
28;2025-08-31;15;377
28;2025-08-31;16;377
28;2025-08-31;17;384
28;2025-08-31;18;385
28;2025-08-31;19;338
28;2025-08-31;20;293
28;2025-08-31;21;241
28;2025-08-31;22;129
28;2025-08-31;23;11
28;2025-09-01;0;16
28;2025-09-01;1;0
28;2025-09-01;2;0
28;2025-09-01;3;0
28;2025-09-01;4;0
28;2025-09-01;5;53
28;2025-09-01;6;217
28;2025-09-01;7;474
28;2025-09-01;8;709
28;2025-09-01;9;560
28;2025-09-01;10;417
28;2025-09-01;11;395
28;2025-09-01;12;395
28;2025-09-01;13;398
28;2025-09-01;14;391
28;2025-09-01;15;408
28;2025-09-01;16;492
28;2025-09-01;17;644
28;2025-09-01;18;707
28;2025-09-01;19;584
28;2025-09-01;20;396
28;2025-09-01;21;262
28;2025-09-01;22;127
28;2025-09-01;23;1
28;2025-09-02;0;14
28;2025-09-02;1;0
28;2025-09-02;2;0
28;2025-09-02;3;0
28;2025-09-02;4;0
28;2025-09-02;5;53
28;2025-09-02;6;226
28;2025-09-02;7;490
28;2025-09-02;8;754
28;2025-09-02;9;580
28;2025-09-02;10;429
28;2025-09-02;11;407
28;2025-09-02;12;407
28;2025-09-02;13;408
28;2025-09-02;14;398
28;2025-09-02;15;413
28;2025-09-02;16;497
28;2025-09-02;17;657
28;2025-09-02;18;743
28;2025-09-02;19;601
28;2025-09-02;20;416
28;2025-09-02;21;287
28;2025-09-02;22;139
28;2025-09-02;23;4
28;2025-09-03;0;14
28;2025-09-03;1;0
28;2025-09-03;2;0
28;2025-09-03;3;0
28;2025-09-03;4;0
28;2025-09-03;5;52
28;2025-09-03;6;225
28;2025-09-03;7;489
28;2025-09-03;8;754
28;2025-09-03;9;577
28;2025-09-03;10;421
28;2025-09-03;11;402
28;2025-09-03;12;402
28;2025-09-03;13;409
28;2025-09-03;14;397
28;2025-09-03;15;413
28;2025-09-03;16;497
28;2025-09-03;17;654
28;2025-09-03;18;741
28;2025-09-03;19;597
28;2025-09-03;20;411
28;2025-09-03;21;287
28;2025-09-03;22;143
28;2025-09-03;23;4
28;2025-09-04;0;15
28;2025-09-04;1;0
28;2025-09-04;2;0
28;2025-09-04;3;0
28;2025-09-04;4;0
28;2025-09-04;5;54
28;2025-09-04;6;227
28;2025-09-04;7;492
28;2025-09-04;8;755
28;2025-09-04;9;581
28;2025-09-04;10;428
28;2025-09-04;11;407
28;2025-09-04;12;405
28;2025-09-04;13;406
28;2025-09-04;14;396
28;2025-09-04;15;412
28;2025-09-04;16;495
28;2025-09-04;17;654
28;2025-09-04;18;739
28;2025-09-04;19;600
28;2025-09-04;20;416
28;2025-09-04;21;291
28;2025-09-04;22;148
28;2025-09-04;23;6
28;2025-09-05;0;13
28;2025-09-05;1;0
28;2025-09-05;2;0
28;2025-09-05;3;0
28;2025-09-05;4;0
28;2025-09-05;5;48
28;2025-09-05;6;216
28;2025-09-05;7;481
28;2025-09-05;8;742
28;2025-09-05;9;570
28;2025-09-05;10;423
28;2025-09-05;11;403
28;2025-09-05;12;406
28;2025-09-05;13;407
28;2025-09-05;14;404
28;2025-09-05;15;422
28;2025-09-05;16;506
28;2025-09-05;17;636
28;2025-09-05;18;641
28;2025-09-05;19;565
28;2025-09-05;20;408
28;2025-09-05;21;288
28;2025-09-05;22;144
28;2025-09-05;23;6
28;2025-09-06;0;20
28;2025-09-06;1;0
28;2025-09-06;2;0
28;2025-09-06;3;0
28;2025-09-06;4;0
28;2025-09-06;5;26
28;2025-09-06;6;117
28;2025-09-06;7;181
28;2025-09-06;8;271
28;2025-09-06;9;327
28;2025-09-06;10;351
28;2025-09-06;11;371
28;2025-09-06;12;379
28;2025-09-06;13;387
28;2025-09-06;14;384
28;2025-09-06;15;386
28;2025-09-06;16;387
28;2025-09-06;17;388
28;2025-09-06;18;388
28;2025-09-06;19;373
28;2025-09-06;20;317
28;2025-09-06;21;254
28;2025-09-06;22;134
28;2025-09-06;23;14
28;2025-09-07;0;18
28;2025-09-07;1;0
28;2025-09-07;2;0
28;2025-09-07;3;0
28;2025-09-07;4;0
28;2025-09-07;5;18
28;2025-09-07;6;84
28;2025-09-07;7;144
28;2025-09-07;8;224
28;2025-09-07;9;271
28;2025-09-07;10;296
28;2025-09-07;11;323
28;2025-09-07;12;357
28;2025-09-07;13;376
28;2025-09-07;14;369
28;2025-09-07;15;377
28;2025-09-07;16;377
28;2025-09-07;17;384
28;2025-09-07;18;385
28;2025-09-07;19;338
28;2025-09-07;20;293
28;2025-09-07;21;241
28;2025-09-07;22;129
28;2025-09-07;23;11
28;2025-09-08;0;16
28;2025-09-08;1;0
28;2025-09-08;2;0
28;2025-09-08;3;0
28;2025-09-08;4;0
28;2025-09-08;5;53
28;2025-09-08;6;217
28;2025-09-08;7;474
28;2025-09-08;8;709
28;2025-09-08;9;560
28;2025-09-08;10;417
28;2025-09-08;11;395
28;2025-09-08;12;395
28;2025-09-08;13;398
28;2025-09-08;14;391
28;2025-09-08;15;408
28;2025-09-08;16;492
28;2025-09-08;17;644
28;2025-09-08;18;707
28;2025-09-08;19;584
28;2025-09-08;20;396
28;2025-09-08;21;262
28;2025-09-08;22;127
28;2025-09-08;23;1
28;2025-09-09;0;14
28;2025-09-09;1;0
28;2025-09-09;2;0
28;2025-09-09;3;0
28;2025-09-09;4;0
28;2025-09-09;5;53
28;2025-09-09;6;226
28;2025-09-09;7;490
28;2025-09-09;8;754
28;2025-09-09;9;580
28;2025-09-09;10;429
28;2025-09-09;11;407
28;2025-09-09;12;407
28;2025-09-09;13;408
28;2025-09-09;14;398
28;2025-09-09;15;413
28;2025-09-09;16;497
28;2025-09-09;17;657
28;2025-09-09;18;743
28;2025-09-09;19;601
28;2025-09-09;20;416
28;2025-09-09;21;287
28;2025-09-09;22;139
28;2025-09-09;23;4
28;2025-09-10;0;14
28;2025-09-10;1;0
28;2025-09-10;2;0
28;2025-09-10;3;0
28;2025-09-10;4;0
28;2025-09-10;5;52
28;2025-09-10;6;225
28;2025-09-10;7;489
28;2025-09-10;8;754
28;2025-09-10;9;577
28;2025-09-10;10;421
28;2025-09-10;11;402
28;2025-09-10;12;402
28;2025-09-10;13;409
28;2025-09-10;14;397
28;2025-09-10;15;413
28;2025-09-10;16;497
28;2025-09-10;17;654
28;2025-09-10;18;741
28;2025-09-10;19;597
28;2025-09-10;20;411
28;2025-09-10;21;287
28;2025-09-10;22;143
28;2025-09-10;23;4
28;2025-09-11;0;15
28;2025-09-11;1;0
28;2025-09-11;2;0
28;2025-09-11;3;0
28;2025-09-11;4;0
28;2025-09-11;5;54
28;2025-09-11;6;227
28;2025-09-11;7;492
28;2025-09-11;8;755
28;2025-09-11;9;581
28;2025-09-11;10;428
28;2025-09-11;11;407
28;2025-09-11;12;405
28;2025-09-11;13;406
28;2025-09-11;14;396
28;2025-09-11;15;412
28;2025-09-11;16;495
28;2025-09-11;17;654
28;2025-09-11;18;739
28;2025-09-11;19;600
28;2025-09-11;20;416
28;2025-09-11;21;291
28;2025-09-11;22;148
28;2025-09-11;23;6
28;2025-09-12;0;13
28;2025-09-12;1;0
28;2025-09-12;2;0
28;2025-09-12;3;0
28;2025-09-12;4;0
28;2025-09-12;5;48
28;2025-09-12;6;216
28;2025-09-12;7;481
28;2025-09-12;8;742
28;2025-09-12;9;570
28;2025-09-12;10;423
28;2025-09-12;11;403
28;2025-09-12;12;406
28;2025-09-12;13;407
28;2025-09-12;14;404
28;2025-09-12;15;422
28;2025-09-12;16;506
28;2025-09-12;17;636
28;2025-09-12;18;641
28;2025-09-12;19;565
28;2025-09-12;20;408
28;2025-09-12;21;288
28;2025-09-12;22;144
28;2025-09-12;23;6
28;2025-09-13;0;20
28;2025-09-13;1;0
28;2025-09-13;2;0
28;2025-09-13;3;0
28;2025-09-13;4;0
28;2025-09-13;5;26
28;2025-09-13;6;117
28;2025-09-13;7;181
28;2025-09-13;8;271
28;2025-09-13;9;327
28;2025-09-13;10;351
28;2025-09-13;11;371
28;2025-09-13;12;379
28;2025-09-13;13;387
28;2025-09-13;14;384
28;2025-09-13;15;386
28;2025-09-13;16;387
28;2025-09-13;17;388
28;2025-09-13;18;388
28;2025-09-13;19;373
28;2025-09-13;20;317
28;2025-09-13;21;254
28;2025-09-13;22;134
28;2025-09-13;23;14
28;2025-09-14;0;18
28;2025-09-14;1;0
28;2025-09-14;2;0
28;2025-09-14;3;0
28;2025-09-14;4;0
28;2025-09-14;5;18
28;2025-09-14;6;84
28;2025-09-14;7;144
28;2025-09-14;8;224
28;2025-09-14;9;271
28;2025-09-14;10;296
28;2025-09-14;11;323
28;2025-09-14;12;357
28;2025-09-14;13;376
28;2025-09-14;14;369
28;2025-09-14;15;377
28;2025-09-14;16;377
28;2025-09-14;17;384
28;2025-09-14;18;385
28;2025-09-14;19;338
28;2025-09-14;20;293
28;2025-09-14;21;241
28;2025-09-14;22;129
28;2025-09-14;23;11
28;2025-09-15;0;16
28;2025-09-15;1;0
28;2025-09-15;2;0
28;2025-09-15;3;0
28;2025-09-15;4;0
28;2025-09-15;5;53
28;2025-09-15;6;217
28;2025-09-15;7;474
28;2025-09-15;8;709
28;2025-09-15;9;560
28;2025-09-15;10;417
28;2025-09-15;11;395
28;2025-09-15;12;395
28;2025-09-15;13;398
28;2025-09-15;14;391
28;2025-09-15;15;408
28;2025-09-15;16;492
28;2025-09-15;17;644
28;2025-09-15;18;707
28;2025-09-15;19;584
28;2025-09-15;20;396
28;2025-09-15;21;262
28;2025-09-15;22;127
28;2025-09-15;23;1
28;2025-09-16;0;14
28;2025-09-16;1;0
28;2025-09-16;2;0
28;2025-09-16;3;0
28;2025-09-16;4;0
28;2025-09-16;5;53
28;2025-09-16;6;226
28;2025-09-16;7;490
28;2025-09-16;8;754
28;2025-09-16;9;580
28;2025-09-16;10;429
28;2025-09-16;11;407
28;2025-09-16;12;407
28;2025-09-16;13;408
28;2025-09-16;14;398
28;2025-09-16;15;413
28;2025-09-16;16;497
28;2025-09-16;17;657
28;2025-09-16;18;743
28;2025-09-16;19;601
28;2025-09-16;20;416
28;2025-09-16;21;287
28;2025-09-16;22;139
28;2025-09-16;23;4
28;2025-09-17;0;14
28;2025-09-17;1;0
28;2025-09-17;2;0
28;2025-09-17;3;0
28;2025-09-17;4;0
28;2025-09-17;5;52
28;2025-09-17;6;225
28;2025-09-17;7;489
28;2025-09-17;8;754
28;2025-09-17;9;577
28;2025-09-17;10;421
28;2025-09-17;11;402
28;2025-09-17;12;402
28;2025-09-17;13;409
28;2025-09-17;14;397
28;2025-09-17;15;413
28;2025-09-17;16;497
28;2025-09-17;17;654
28;2025-09-17;18;741
28;2025-09-17;19;597
28;2025-09-17;20;411
28;2025-09-17;21;287
28;2025-09-17;22;143
28;2025-09-17;23;4
28;2025-09-18;0;15
28;2025-09-18;1;0
28;2025-09-18;2;0
28;2025-09-18;3;0
28;2025-09-18;4;0
28;2025-09-18;5;54
28;2025-09-18;6;227
28;2025-09-18;7;492
28;2025-09-18;8;755
28;2025-09-18;9;581
28;2025-09-18;10;428
28;2025-09-18;11;407
28;2025-09-18;12;405
28;2025-09-18;13;406
28;2025-09-18;14;396
28;2025-09-18;15;412
28;2025-09-18;16;495
28;2025-09-18;17;654
28;2025-09-18;18;739
28;2025-09-18;19;600
28;2025-09-18;20;416
28;2025-09-18;21;291
28;2025-09-18;22;148
28;2025-09-18;23;6
28;2025-09-19;0;13
28;2025-09-19;1;0
28;2025-09-19;2;0
28;2025-09-19;3;0
28;2025-09-19;4;0
28;2025-09-19;5;48
28;2025-09-19;6;216
28;2025-09-19;7;481
28;2025-09-19;8;742
28;2025-09-19;9;570
28;2025-09-19;10;423
28;2025-09-19;11;403
28;2025-09-19;12;406
28;2025-09-19;13;407
28;2025-09-19;14;404
28;2025-09-19;15;422
28;2025-09-19;16;506
28;2025-09-19;17;636
28;2025-09-19;18;641
28;2025-09-19;19;565
28;2025-09-19;20;408
28;2025-09-19;21;288
28;2025-09-19;22;144
28;2025-09-19;23;6
28;2025-09-20;0;20
28;2025-09-20;1;0
28;2025-09-20;2;0
28;2025-09-20;3;0
28;2025-09-20;4;0
28;2025-09-20;5;26
28;2025-09-20;6;117
28;2025-09-20;7;181
28;2025-09-20;8;271
28;2025-09-20;9;327
28;2025-09-20;10;351
28;2025-09-20;11;371
28;2025-09-20;12;379
28;2025-09-20;13;387
28;2025-09-20;14;384
28;2025-09-20;15;386
28;2025-09-20;16;387
28;2025-09-20;17;388
28;2025-09-20;18;388
28;2025-09-20;19;373
28;2025-09-20;20;317
28;2025-09-20;21;254
28;2025-09-20;22;134
28;2025-09-20;23;14
28;2025-09-21;0;18
28;2025-09-21;1;0
28;2025-09-21;2;0
28;2025-09-21;3;0
28;2025-09-21;4;0
28;2025-09-21;5;18
28;2025-09-21;6;84
28;2025-09-21;7;144
28;2025-09-21;8;224
28;2025-09-21;9;271
28;2025-09-21;10;296
28;2025-09-21;11;323
28;2025-09-21;12;357
28;2025-09-21;13;376
28;2025-09-21;14;369
28;2025-09-21;15;377
28;2025-09-21;16;377
28;2025-09-21;17;384
28;2025-09-21;18;385
28;2025-09-21;19;338
28;2025-09-21;20;293
28;2025-09-21;21;241
28;2025-09-21;22;129
28;2025-09-21;23;11
28;2025-09-22;0;16
28;2025-09-22;1;0
28;2025-09-22;2;0
28;2025-09-22;3;0
28;2025-09-22;4;0
28;2025-09-22;5;53
28;2025-09-22;6;217
28;2025-09-22;7;474
28;2025-09-22;8;709
28;2025-09-22;9;560
28;2025-09-22;10;417
28;2025-09-22;11;395
28;2025-09-22;12;395
28;2025-09-22;13;398
28;2025-09-22;14;391
28;2025-09-22;15;408
28;2025-09-22;16;492
28;2025-09-22;17;644
28;2025-09-22;18;707
28;2025-09-22;19;584
28;2025-09-22;20;396
28;2025-09-22;21;262
28;2025-09-22;22;127
28;2025-09-22;23;1
28;2025-09-23;0;14
28;2025-09-23;1;0
28;2025-09-23;2;0
28;2025-09-23;3;0
28;2025-09-23;4;0
28;2025-09-23;5;53
28;2025-09-23;6;226
28;2025-09-23;7;490
28;2025-09-23;8;754
28;2025-09-23;9;580
28;2025-09-23;10;429
28;2025-09-23;11;407
28;2025-09-23;12;407
28;2025-09-23;13;408
28;2025-09-23;14;398
28;2025-09-23;15;413
28;2025-09-23;16;497
28;2025-09-23;17;657
28;2025-09-23;18;743
28;2025-09-23;19;601
28;2025-09-23;20;416
28;2025-09-23;21;287
28;2025-09-23;22;139
28;2025-09-23;23;4
28;2025-09-24;0;14
28;2025-09-24;1;0
28;2025-09-24;2;0
28;2025-09-24;3;0
28;2025-09-24;4;0
28;2025-09-24;5;52
28;2025-09-24;6;225
28;2025-09-24;7;489
28;2025-09-24;8;754
28;2025-09-24;9;577
28;2025-09-24;10;421
28;2025-09-24;11;402
28;2025-09-24;12;402
28;2025-09-24;13;409
28;2025-09-24;14;397
28;2025-09-24;15;413
28;2025-09-24;16;497
28;2025-09-24;17;654
28;2025-09-24;18;741
28;2025-09-24;19;597
28;2025-09-24;20;411
28;2025-09-24;21;287
28;2025-09-24;22;143
28;2025-09-24;23;4
28;2025-09-25;0;15
28;2025-09-25;1;0
28;2025-09-25;2;0
28;2025-09-25;3;0
28;2025-09-25;4;0
28;2025-09-25;5;54
28;2025-09-25;6;227
28;2025-09-25;7;492
28;2025-09-25;8;755
28;2025-09-25;9;581
28;2025-09-25;10;428
28;2025-09-25;11;407
28;2025-09-25;12;405
28;2025-09-25;13;406
28;2025-09-25;14;396
28;2025-09-25;15;412
28;2025-09-25;16;495
28;2025-09-25;17;654
28;2025-09-25;18;739
28;2025-09-25;19;600
28;2025-09-25;20;416
28;2025-09-25;21;291
28;2025-09-25;22;148
28;2025-09-25;23;6
28;2025-09-26;0;13
28;2025-09-26;1;0
28;2025-09-26;2;0
28;2025-09-26;3;0
28;2025-09-26;4;0
28;2025-09-26;5;48
28;2025-09-26;6;216
28;2025-09-26;7;481
28;2025-09-26;8;742
28;2025-09-26;9;570
28;2025-09-26;10;423
28;2025-09-26;11;403
28;2025-09-26;12;406
28;2025-09-26;13;407
28;2025-09-26;14;404
28;2025-09-26;15;422
28;2025-09-26;16;506
28;2025-09-26;17;636
28;2025-09-26;18;641
28;2025-09-26;19;565
28;2025-09-26;20;408
28;2025-09-26;21;288
28;2025-09-26;22;144
28;2025-09-26;23;6
28;2025-09-27;0;20
28;2025-09-27;1;0
28;2025-09-27;2;0
28;2025-09-27;3;0
28;2025-09-27;4;0
28;2025-09-27;5;26
28;2025-09-27;6;117
28;2025-09-27;7;181
28;2025-09-27;8;271
28;2025-09-27;9;327
28;2025-09-27;10;351
28;2025-09-27;11;371
28;2025-09-27;12;379
28;2025-09-27;13;387
28;2025-09-27;14;384
28;2025-09-27;15;386
28;2025-09-27;16;387
28;2025-09-27;17;388
28;2025-09-27;18;388
28;2025-09-27;19;373
28;2025-09-27;20;317
28;2025-09-27;21;254
28;2025-09-27;22;134
28;2025-09-27;23;14
28;2025-09-28;0;18
28;2025-09-28;1;0
28;2025-09-28;2;0
28;2025-09-28;3;0
28;2025-09-28;4;0
28;2025-09-28;5;18
28;2025-09-28;6;84
28;2025-09-28;7;144
28;2025-09-28;8;224
28;2025-09-28;9;271
28;2025-09-28;10;296
28;2025-09-28;11;323
28;2025-09-28;12;357
28;2025-09-28;13;376
28;2025-09-28;14;369
28;2025-09-28;15;377
28;2025-09-28;16;377
28;2025-09-28;17;384
28;2025-09-28;18;385
28;2025-09-28;19;338
28;2025-09-28;20;293
28;2025-09-28;21;241
28;2025-09-28;22;129
28;2025-09-28;23;11
28;2025-09-29;0;16
28;2025-09-29;1;0
28;2025-09-29;2;0
28;2025-09-29;3;0
28;2025-09-29;4;0
28;2025-09-29;5;53
28;2025-09-29;6;217
28;2025-09-29;7;474
28;2025-09-29;8;709
28;2025-09-29;9;560
28;2025-09-29;10;417
28;2025-09-29;11;395
28;2025-09-29;12;395
28;2025-09-29;13;398
28;2025-09-29;14;391
28;2025-09-29;15;408
28;2025-09-29;16;492
28;2025-09-29;17;644
28;2025-09-29;18;707
28;2025-09-29;19;584
28;2025-09-29;20;396
28;2025-09-29;21;262
28;2025-09-29;22;127
28;2025-09-29;23;1
28;2025-09-30;0;14
28;2025-09-30;1;0
28;2025-09-30;2;0
28;2025-09-30;3;0
28;2025-09-30;4;0
28;2025-09-30;5;53
28;2025-09-30;6;226
28;2025-09-30;7;490
28;2025-09-30;8;754
28;2025-09-30;9;580
28;2025-09-30;10;429
28;2025-09-30;11;407
28;2025-09-30;12;407
28;2025-09-30;13;408
28;2025-09-30;14;398
28;2025-09-30;15;413
28;2025-09-30;16;497
28;2025-09-30;17;657
28;2025-09-30;18;743
28;2025-09-30;19;601
28;2025-09-30;20;416
28;2025-09-30;21;287
28;2025-09-30;22;139
28;2025-09-30;23;4
50;2025-08-01;0;104
50;2025-08-01;1;0
50;2025-08-01;2;0
50;2025-08-01;3;0
50;2025-08-01;4;0
50;2025-08-01;5;157
50;2025-08-01;6;768
50;2025-08-01;7;1738
50;2025-08-01;8;2261
50;2025-08-01;9;1776
50;2025-08-01;10;1486
50;2025-08-01;11;1347
50;2025-08-01;12;1307
50;2025-08-01;13;1296
50;2025-08-01;14;1257
50;2025-08-01;15;1323
50;2025-08-01;16;1497
50;2025-08-01;17;1851
50;2025-08-01;18;1839
50;2025-08-01;19;1622
50;2025-08-01;20;1208
50;2025-08-01;21;850
50;2025-08-01;22;548
50;2025-08-01;23;274
50;2025-08-02;0;122
50;2025-08-02;1;0
50;2025-08-02;2;0
50;2025-08-02;3;0
50;2025-08-02;4;0
50;2025-08-02;5;122
50;2025-08-02;6;457
50;2025-08-02;7;703
50;2025-08-02;8;872
50;2025-08-02;9;911
50;2025-08-02;10;936
50;2025-08-02;11;1000
50;2025-08-02;12;1011
50;2025-08-02;13;1020
50;2025-08-02;14;1007
50;2025-08-02;15;994
50;2025-08-02;16;996
50;2025-08-02;17;1043
50;2025-08-02;18;1021
50;2025-08-02;19;1035
50;2025-08-02;20;908
50;2025-08-02;21;727
50;2025-08-02;22;472
50;2025-08-02;23;268
50;2025-08-03;0;114
50;2025-08-03;1;0
50;2025-08-03;2;0
50;2025-08-03;3;0
50;2025-08-03;4;0
50;2025-08-03;5;78
50;2025-08-03;6;310
50;2025-08-03;7;508
50;2025-08-03;8;663
50;2025-08-03;9;715
50;2025-08-03;10;767
50;2025-08-03;11;860
50;2025-08-03;12;919
50;2025-08-03;13;948
50;2025-08-03;14;931
50;2025-08-03;15;958
50;2025-08-03;16;968
50;2025-08-03;17;1007
50;2025-08-03;18;996
50;2025-08-03;19;946
50;2025-08-03;20;873
50;2025-08-03;21;695
50;2025-08-03;22;451
50;2025-08-03;23;242
50;2025-08-04;0;108
50;2025-08-04;1;0
50;2025-08-04;2;0
50;2025-08-04;3;0
50;2025-08-04;4;0
50;2025-08-04;5;175
50;2025-08-04;6;773
50;2025-08-04;7;1735
50;2025-08-04;8;2245
50;2025-08-04;9;1842
50;2025-08-04;10;1438
50;2025-08-04;11;1288
50;2025-08-04;12;1231
50;2025-08-04;13;1224
50;2025-08-04;14;1168
50;2025-08-04;15;1220
50;2025-08-04;16;1432
50;2025-08-04;17;1870
50;2025-08-04;18;2108
50;2025-08-04;19;1690
50;2025-08-04;20;1177
50;2025-08-04;21;803
50;2025-08-04;22;506
50;2025-08-04;23;249
50;2025-08-05;0;105
50;2025-08-05;1;0
50;2025-08-05;2;0
50;2025-08-05;3;0
50;2025-08-05;4;0
50;2025-08-05;5;170
50;2025-08-05;6;794
50;2025-08-05;7;1783
50;2025-08-05;8;2372
50;2025-08-05;9;1913
50;2025-08-05;10;1489
50;2025-08-05;11;1325
50;2025-08-05;12;1269
50;2025-08-05;13;1251
50;2025-08-05;14;1189
50;2025-08-05;15;1231
50;2025-08-05;16;1426
50;2025-08-05;17;1922
50;2025-08-05;18;2211
50;2025-08-05;19;1706
50;2025-08-05;20;1192
50;2025-08-05;21;827
50;2025-08-05;22;513
50;2025-08-05;23;234
50;2025-08-06;0;104
50;2025-08-06;1;0
50;2025-08-06;2;0
50;2025-08-06;3;0
50;2025-08-06;4;0
50;2025-08-06;5;168
50;2025-08-06;6;792
50;2025-08-06;7;1769
50;2025-08-06;8;2375
50;2025-08-06;9;1912
50;2025-08-06;10;1484
50;2025-08-06;11;1317
50;2025-08-06;12;1264
50;2025-08-06;13;1249
50;2025-08-06;14;1183
50;2025-08-06;15;1234
50;2025-08-06;16;1429
50;2025-08-06;17;1913
50;2025-08-06;18;2175
50;2025-08-06;19;1701
50;2025-08-06;20;1188
50;2025-08-06;21;841
50;2025-08-06;22;533
50;2025-08-06;23;246
50;2025-08-07;0;103
50;2025-08-07;1;0
50;2025-08-07;2;0
50;2025-08-07;3;0
50;2025-08-07;4;0
50;2025-08-07;5;165
50;2025-08-07;6;788
50;2025-08-07;7;1771
50;2025-08-07;8;2376
50;2025-08-07;9;1904
50;2025-08-07;10;1485
50;2025-08-07;11;1312
50;2025-08-07;12;1254
50;2025-08-07;13;1236
50;2025-08-07;14;1174
50;2025-08-07;15;1235
50;2025-08-07;16;1439
50;2025-08-07;17;1919
50;2025-08-07;18;2203
50;2025-08-07;19;1722
50;2025-08-07;20;1243
50;2025-08-07;21;865
50;2025-08-07;22;557
50;2025-08-07;23;270
50;2025-08-08;0;104
50;2025-08-08;1;0
50;2025-08-08;2;0
50;2025-08-08;3;0
50;2025-08-08;4;0
50;2025-08-08;5;157
50;2025-08-08;6;768
50;2025-08-08;7;1738
50;2025-08-08;8;2261
50;2025-08-08;9;1776
50;2025-08-08;10;1486
50;2025-08-08;11;1347
50;2025-08-08;12;1307
50;2025-08-08;13;1296
50;2025-08-08;14;1257
50;2025-08-08;15;1323
50;2025-08-08;16;1497
50;2025-08-08;17;1851
50;2025-08-08;18;1839
50;2025-08-08;19;1622
50;2025-08-08;20;1208
50;2025-08-08;21;850
50;2025-08-08;22;548
50;2025-08-08;23;274
50;2025-08-09;0;122
50;2025-08-09;1;0
50;2025-08-09;2;0
50;2025-08-09;3;0
50;2025-08-09;4;0
50;2025-08-09;5;122
50;2025-08-09;6;457
50;2025-08-09;7;703
50;2025-08-09;8;872
50;2025-08-09;9;911
50;2025-08-09;10;936
50;2025-08-09;11;1000
50;2025-08-09;12;1011
50;2025-08-09;13;1020
50;2025-08-09;14;1007
50;2025-08-09;15;994
50;2025-08-09;16;996
50;2025-08-09;17;1043
50;2025-08-09;18;1021
50;2025-08-09;19;1035
50;2025-08-09;20;908
50;2025-08-09;21;727
50;2025-08-09;22;472
50;2025-08-09;23;268
50;2025-08-10;0;114
50;2025-08-10;1;0
50;2025-08-10;2;0
50;2025-08-10;3;0
50;2025-08-10;4;0
50;2025-08-10;5;78
50;2025-08-10;6;310
50;2025-08-10;7;508
50;2025-08-10;8;663
50;2025-08-10;9;715
50;2025-08-10;10;767
50;2025-08-10;11;860
50;2025-08-10;12;919
50;2025-08-10;13;948
50;2025-08-10;14;931
50;2025-08-10;15;958
50;2025-08-10;16;968
50;2025-08-10;17;1007
50;2025-08-10;18;996
50;2025-08-10;19;946
50;2025-08-10;20;873
50;2025-08-10;21;695
50;2025-08-10;22;451
50;2025-08-10;23;242
50;2025-08-11;0;108
50;2025-08-11;1;0
50;2025-08-11;2;0
50;2025-08-11;3;0
50;2025-08-11;4;0
50;2025-08-11;5;175
50;2025-08-11;6;773
50;2025-08-11;7;1735
50;2025-08-11;8;2245
50;2025-08-11;9;1842
50;2025-08-11;10;1438
50;2025-08-11;11;1288
50;2025-08-11;12;1231
50;2025-08-11;13;1224
50;2025-08-11;14;1168
50;2025-08-11;15;1220
50;2025-08-11;16;1432
50;2025-08-11;17;1870
50;2025-08-11;18;2108
50;2025-08-11;19;1690
50;2025-08-11;20;1177
50;2025-08-11;21;803
50;2025-08-11;22;506
50;2025-08-11;23;249
50;2025-08-12;0;105
50;2025-08-12;1;0
50;2025-08-12;2;0
50;2025-08-12;3;0
50;2025-08-12;4;0
50;2025-08-12;5;170
50;2025-08-12;6;794
50;2025-08-12;7;1783
50;2025-08-12;8;2372
50;2025-08-12;9;1913
50;2025-08-12;10;1489
50;2025-08-12;11;1325
50;2025-08-12;12;1269
50;2025-08-12;13;1251
50;2025-08-12;14;1189
50;2025-08-12;15;1231
50;2025-08-12;16;1426
50;2025-08-12;17;1922
50;2025-08-12;18;2211
50;2025-08-12;19;1706
50;2025-08-12;20;1192
50;2025-08-12;21;827
50;2025-08-12;22;513
50;2025-08-12;23;234
50;2025-08-13;0;104
50;2025-08-13;1;0
50;2025-08-13;2;0
50;2025-08-13;3;0
50;2025-08-13;4;0
50;2025-08-13;5;168
50;2025-08-13;6;792
50;2025-08-13;7;1769
50;2025-08-13;8;2375
50;2025-08-13;9;1912
50;2025-08-13;10;1484
50;2025-08-13;11;1317
50;2025-08-13;12;1264
50;2025-08-13;13;1249
50;2025-08-13;14;1183
50;2025-08-13;15;1234
50;2025-08-13;16;1429
50;2025-08-13;17;1913
50;2025-08-13;18;2175
50;2025-08-13;19;1701
50;2025-08-13;20;1188
50;2025-08-13;21;841
50;2025-08-13;22;533
50;2025-08-13;23;246
50;2025-08-14;0;103
50;2025-08-14;1;0
50;2025-08-14;2;0
50;2025-08-14;3;0
50;2025-08-14;4;0
50;2025-08-14;5;165
50;2025-08-14;6;788
50;2025-08-14;7;1771
50;2025-08-14;8;2376
50;2025-08-14;9;1904
50;2025-08-14;10;1485
50;2025-08-14;11;1312
50;2025-08-14;12;1254
50;2025-08-14;13;1236
50;2025-08-14;14;1174
50;2025-08-14;15;1235
50;2025-08-14;16;1439
50;2025-08-14;17;1919
50;2025-08-14;18;2203
50;2025-08-14;19;1722
50;2025-08-14;20;1243
50;2025-08-14;21;865
50;2025-08-14;22;557
50;2025-08-14;23;270
50;2025-08-15;0;104
50;2025-08-15;1;0
50;2025-08-15;2;0
50;2025-08-15;3;0
50;2025-08-15;4;0
50;2025-08-15;5;157
50;2025-08-15;6;768
50;2025-08-15;7;1738
50;2025-08-15;8;2261
50;2025-08-15;9;1776
50;2025-08-15;10;1486
50;2025-08-15;11;1347
50;2025-08-15;12;1307
50;2025-08-15;13;1296
50;2025-08-15;14;1257
50;2025-08-15;15;1323
50;2025-08-15;16;1497
50;2025-08-15;17;1851
50;2025-08-15;18;1839
50;2025-08-15;19;1622
50;2025-08-15;20;1208
50;2025-08-15;21;850
50;2025-08-15;22;548
50;2025-08-15;23;274
50;2025-08-16;0;122
50;2025-08-16;1;0
50;2025-08-16;2;0
50;2025-08-16;3;0
50;2025-08-16;4;0
50;2025-08-16;5;122
50;2025-08-16;6;457
50;2025-08-16;7;703
50;2025-08-16;8;872
50;2025-08-16;9;911
50;2025-08-16;10;936
50;2025-08-16;11;1000
50;2025-08-16;12;1011
50;2025-08-16;13;1020
50;2025-08-16;14;1007
50;2025-08-16;15;994
50;2025-08-16;16;996
50;2025-08-16;17;1043
50;2025-08-16;18;1021
50;2025-08-16;19;1035
50;2025-08-16;20;908
50;2025-08-16;21;727
50;2025-08-16;22;472
50;2025-08-16;23;268
50;2025-08-17;0;114
50;2025-08-17;1;0
50;2025-08-17;2;0
50;2025-08-17;3;0
50;2025-08-17;4;0
50;2025-08-17;5;78
50;2025-08-17;6;310
50;2025-08-17;7;508
50;2025-08-17;8;663
50;2025-08-17;9;715
50;2025-08-17;10;767
50;2025-08-17;11;860
50;2025-08-17;12;919
50;2025-08-17;13;948
50;2025-08-17;14;931
50;2025-08-17;15;958
50;2025-08-17;16;968
50;2025-08-17;17;1007
50;2025-08-17;18;996
50;2025-08-17;19;946
50;2025-08-17;20;873
50;2025-08-17;21;695
50;2025-08-17;22;451
50;2025-08-17;23;242
50;2025-08-18;0;108
50;2025-08-18;1;0
50;2025-08-18;2;0
50;2025-08-18;3;0
50;2025-08-18;4;0
50;2025-08-18;5;175
50;2025-08-18;6;773
50;2025-08-18;7;1735
50;2025-08-18;8;2245
50;2025-08-18;9;1842
50;2025-08-18;10;1438
50;2025-08-18;11;1288
50;2025-08-18;12;1231
50;2025-08-18;13;1224
50;2025-08-18;14;1168
50;2025-08-18;15;1220
50;2025-08-18;16;1432
50;2025-08-18;17;1870
50;2025-08-18;18;2108
50;2025-08-18;19;1690
50;2025-08-18;20;1177
50;2025-08-18;21;803
50;2025-08-18;22;506
50;2025-08-18;23;249
50;2025-08-19;0;105
50;2025-08-19;1;0
50;2025-08-19;2;0
50;2025-08-19;3;0
50;2025-08-19;4;0
50;2025-08-19;5;170
50;2025-08-19;6;794
50;2025-08-19;7;1783
50;2025-08-19;8;2372
50;2025-08-19;9;1913
50;2025-08-19;10;1489
50;2025-08-19;11;1325
50;2025-08-19;12;1269
50;2025-08-19;13;1251
50;2025-08-19;14;1189
50;2025-08-19;15;1231
50;2025-08-19;16;1426
50;2025-08-19;17;1922
50;2025-08-19;18;2211
50;2025-08-19;19;1706
50;2025-08-19;20;1192
50;2025-08-19;21;827
50;2025-08-19;22;513
50;2025-08-19;23;234
50;2025-08-20;0;104
50;2025-08-20;1;0
50;2025-08-20;2;0
50;2025-08-20;3;0
50;2025-08-20;4;0
50;2025-08-20;5;168
50;2025-08-20;6;792
50;2025-08-20;7;1769
50;2025-08-20;8;2375
50;2025-08-20;9;1912
50;2025-08-20;10;1484
50;2025-08-20;11;1317
50;2025-08-20;12;1264
50;2025-08-20;13;1249
50;2025-08-20;14;1183
50;2025-08-20;15;1234
50;2025-08-20;16;1429
50;2025-08-20;17;1913
50;2025-08-20;18;2175
50;2025-08-20;19;1701
50;2025-08-20;20;1188
50;2025-08-20;21;841
50;2025-08-20;22;533
50;2025-08-20;23;246
50;2025-08-21;0;103
50;2025-08-21;1;0
50;2025-08-21;2;0
50;2025-08-21;3;0
50;2025-08-21;4;0
50;2025-08-21;5;165
50;2025-08-21;6;788
50;2025-08-21;7;1771
50;2025-08-21;8;2376
50;2025-08-21;9;1904
50;2025-08-21;10;1485
50;2025-08-21;11;1312
50;2025-08-21;12;1254
50;2025-08-21;13;1236
50;2025-08-21;14;1174
50;2025-08-21;15;1235
50;2025-08-21;16;1439
50;2025-08-21;17;1919
50;2025-08-21;18;2203
50;2025-08-21;19;1722
50;2025-08-21;20;1243
50;2025-08-21;21;865
50;2025-08-21;22;557
50;2025-08-21;23;270
50;2025-08-22;0;104
50;2025-08-22;1;0
50;2025-08-22;2;0
50;2025-08-22;3;0
50;2025-08-22;4;0
50;2025-08-22;5;157
50;2025-08-22;6;768
50;2025-08-22;7;1738
50;2025-08-22;8;2261
50;2025-08-22;9;1776
50;2025-08-22;10;1486
50;2025-08-22;11;1347
50;2025-08-22;12;1307
50;2025-08-22;13;1296
50;2025-08-22;14;1257
50;2025-08-22;15;1323
50;2025-08-22;16;1497
50;2025-08-22;17;1851
50;2025-08-22;18;1839
50;2025-08-22;19;1622
50;2025-08-22;20;1208
50;2025-08-22;21;850
50;2025-08-22;22;548
50;2025-08-22;23;274
50;2025-08-23;0;122
50;2025-08-23;1;0
50;2025-08-23;2;0
50;2025-08-23;3;0
50;2025-08-23;4;0
50;2025-08-23;5;122
50;2025-08-23;6;457
50;2025-08-23;7;703
50;2025-08-23;8;872
50;2025-08-23;9;911
50;2025-08-23;10;936
50;2025-08-23;11;1000
50;2025-08-23;12;1011
50;2025-08-23;13;1020
50;2025-08-23;14;1007
50;2025-08-23;15;994
50;2025-08-23;16;996
50;2025-08-23;17;1043
50;2025-08-23;18;1021
50;2025-08-23;19;1035
50;2025-08-23;20;908
50;2025-08-23;21;727
50;2025-08-23;22;472
50;2025-08-23;23;268
50;2025-08-24;0;114
50;2025-08-24;1;0
50;2025-08-24;2;0
50;2025-08-24;3;0
50;2025-08-24;4;0
50;2025-08-24;5;78
50;2025-08-24;6;310
50;2025-08-24;7;508
50;2025-08-24;8;663
50;2025-08-24;9;715
50;2025-08-24;10;767
50;2025-08-24;11;860
50;2025-08-24;12;919
50;2025-08-24;13;948
50;2025-08-24;14;931
50;2025-08-24;15;958
50;2025-08-24;16;968
50;2025-08-24;17;1007
50;2025-08-24;18;996
50;2025-08-24;19;946
50;2025-08-24;20;873
50;2025-08-24;21;695
50;2025-08-24;22;451
50;2025-08-24;23;242
50;2025-08-25;0;108
50;2025-08-25;1;0
50;2025-08-25;2;0
50;2025-08-25;3;0
50;2025-08-25;4;0
50;2025-08-25;5;175
50;2025-08-25;6;773
50;2025-08-25;7;1735
50;2025-08-25;8;2245
50;2025-08-25;9;1842
50;2025-08-25;10;1438
50;2025-08-25;11;1288
50;2025-08-25;12;1231
50;2025-08-25;13;1224
50;2025-08-25;14;1168
50;2025-08-25;15;1220
50;2025-08-25;16;1432
50;2025-08-25;17;1870
50;2025-08-25;18;2108
50;2025-08-25;19;1690
50;2025-08-25;20;1177
50;2025-08-25;21;803
50;2025-08-25;22;506
50;2025-08-25;23;249
50;2025-08-26;0;105
50;2025-08-26;1;0
50;2025-08-26;2;0
50;2025-08-26;3;0
50;2025-08-26;4;0
50;2025-08-26;5;170
50;2025-08-26;6;794
50;2025-08-26;7;1783
50;2025-08-26;8;2372
50;2025-08-26;9;1913
50;2025-08-26;10;1489
50;2025-08-26;11;1325
50;2025-08-26;12;1269
50;2025-08-26;13;1251
50;2025-08-26;14;1189
50;2025-08-26;15;1231
50;2025-08-26;16;1426
50;2025-08-26;17;1922
50;2025-08-26;18;2211
50;2025-08-26;19;1706
50;2025-08-26;20;1192
50;2025-08-26;21;827
50;2025-08-26;22;513
50;2025-08-26;23;234
50;2025-08-27;0;104
50;2025-08-27;1;0
50;2025-08-27;2;0
50;2025-08-27;3;0
50;2025-08-27;4;0
50;2025-08-27;5;168
50;2025-08-27;6;792
50;2025-08-27;7;1769
50;2025-08-27;8;2375
50;2025-08-27;9;1912
50;2025-08-27;10;1484
50;2025-08-27;11;1317
50;2025-08-27;12;1264
50;2025-08-27;13;1249
50;2025-08-27;14;1183
50;2025-08-27;15;1234
50;2025-08-27;16;1429
50;2025-08-27;17;1913
50;2025-08-27;18;2175
50;2025-08-27;19;1701
50;2025-08-27;20;1188
50;2025-08-27;21;841
50;2025-08-27;22;533
50;2025-08-27;23;246
50;2025-08-28;0;103
50;2025-08-28;1;0
50;2025-08-28;2;0
50;2025-08-28;3;0
50;2025-08-28;4;0
50;2025-08-28;5;165
50;2025-08-28;6;788
50;2025-08-28;7;1771
50;2025-08-28;8;2376
50;2025-08-28;9;1904
50;2025-08-28;10;1485
50;2025-08-28;11;1312
50;2025-08-28;12;1254
50;2025-08-28;13;1236
50;2025-08-28;14;1174
50;2025-08-28;15;1235
50;2025-08-28;16;1439
50;2025-08-28;17;1919
50;2025-08-28;18;2203
50;2025-08-28;19;1722
50;2025-08-28;20;1243
50;2025-08-28;21;865
50;2025-08-28;22;557
50;2025-08-28;23;270
50;2025-08-29;0;104
50;2025-08-29;1;0
50;2025-08-29;2;0
50;2025-08-29;3;0
50;2025-08-29;4;0
50;2025-08-29;5;157
50;2025-08-29;6;768
50;2025-08-29;7;1738
50;2025-08-29;8;2261
50;2025-08-29;9;1776
50;2025-08-29;10;1486
50;2025-08-29;11;1347
50;2025-08-29;12;1307
50;2025-08-29;13;1296
50;2025-08-29;14;1257
50;2025-08-29;15;1323
50;2025-08-29;16;1497
50;2025-08-29;17;1851
50;2025-08-29;18;1839
50;2025-08-29;19;1622
50;2025-08-29;20;1208
50;2025-08-29;21;850
50;2025-08-29;22;548
50;2025-08-29;23;274
50;2025-08-30;0;122
50;2025-08-30;1;0
50;2025-08-30;2;0
50;2025-08-30;3;0
50;2025-08-30;4;0
50;2025-08-30;5;122
50;2025-08-30;6;457
50;2025-08-30;7;703
50;2025-08-30;8;872
50;2025-08-30;9;911
50;2025-08-30;10;936
50;2025-08-30;11;1000
50;2025-08-30;12;1011
50;2025-08-30;13;1020
50;2025-08-30;14;1007
50;2025-08-30;15;994
50;2025-08-30;16;996
50;2025-08-30;17;1043
50;2025-08-30;18;1021
50;2025-08-30;19;1035
50;2025-08-30;20;908
50;2025-08-30;21;727
50;2025-08-30;22;472
50;2025-08-30;23;268
50;2025-08-31;0;114
50;2025-08-31;1;0
50;2025-08-31;2;0
50;2025-08-31;3;0
50;2025-08-31;4;0
50;2025-08-31;5;78
50;2025-08-31;6;310
50;2025-08-31;7;508
50;2025-08-31;8;663
50;2025-08-31;9;715
50;2025-08-31;10;767
50;2025-08-31;11;860
50;2025-08-31;12;919
50;2025-08-31;13;948
50;2025-08-31;14;931
50;2025-08-31;15;958
50;2025-08-31;16;968
50;2025-08-31;17;1007
50;2025-08-31;18;996
50;2025-08-31;19;946
50;2025-08-31;20;873
50;2025-08-31;21;695
50;2025-08-31;22;451
50;2025-08-31;23;242
50;2025-09-01;0;108
50;2025-09-01;1;0
50;2025-09-01;2;0
50;2025-09-01;3;0
50;2025-09-01;4;0
50;2025-09-01;5;175
50;2025-09-01;6;773
50;2025-09-01;7;1735
50;2025-09-01;8;2245
50;2025-09-01;9;1842
50;2025-09-01;10;1438
50;2025-09-01;11;1288
50;2025-09-01;12;1231
50;2025-09-01;13;1224
50;2025-09-01;14;1168
50;2025-09-01;15;1220
50;2025-09-01;16;1432
50;2025-09-01;17;1870
50;2025-09-01;18;2108
50;2025-09-01;19;1690
50;2025-09-01;20;1177
50;2025-09-01;21;803
50;2025-09-01;22;506
50;2025-09-01;23;249
50;2025-09-02;0;105
50;2025-09-02;1;0
50;2025-09-02;2;0
50;2025-09-02;3;0
50;2025-09-02;4;0
50;2025-09-02;5;170
50;2025-09-02;6;794
50;2025-09-02;7;1783
50;2025-09-02;8;2372
50;2025-09-02;9;1913
50;2025-09-02;10;1489
50;2025-09-02;11;1325
50;2025-09-02;12;1269
50;2025-09-02;13;1251
50;2025-09-02;14;1189
50;2025-09-02;15;1231
50;2025-09-02;16;1426
50;2025-09-02;17;1922
50;2025-09-02;18;2211
50;2025-09-02;19;1706
50;2025-09-02;20;1192
50;2025-09-02;21;827
50;2025-09-02;22;513
50;2025-09-02;23;234
50;2025-09-03;0;104
50;2025-09-03;1;0
50;2025-09-03;2;0
50;2025-09-03;3;0
50;2025-09-03;4;0
50;2025-09-03;5;168
50;2025-09-03;6;792
50;2025-09-03;7;1769
50;2025-09-03;8;2375
50;2025-09-03;9;1912
50;2025-09-03;10;1484
50;2025-09-03;11;1317
50;2025-09-03;12;1264
50;2025-09-03;13;1249
50;2025-09-03;14;1183
50;2025-09-03;15;1234
50;2025-09-03;16;1429
50;2025-09-03;17;1913
50;2025-09-03;18;2175
50;2025-09-03;19;1701
50;2025-09-03;20;1188
50;2025-09-03;21;841
50;2025-09-03;22;533
50;2025-09-03;23;246
50;2025-09-04;0;103
50;2025-09-04;1;0
50;2025-09-04;2;0
50;2025-09-04;3;0
50;2025-09-04;4;0
50;2025-09-04;5;165
50;2025-09-04;6;788
50;2025-09-04;7;1771
50;2025-09-04;8;2376
50;2025-09-04;9;1904
50;2025-09-04;10;1485
50;2025-09-04;11;1312
50;2025-09-04;12;1254
50;2025-09-04;13;1236
50;2025-09-04;14;1174
50;2025-09-04;15;1235
50;2025-09-04;16;1439
50;2025-09-04;17;1919
50;2025-09-04;18;2203
50;2025-09-04;19;1722
50;2025-09-04;20;1243
50;2025-09-04;21;865
50;2025-09-04;22;557
50;2025-09-04;23;270
50;2025-09-05;0;104
50;2025-09-05;1;0
50;2025-09-05;2;0
50;2025-09-05;3;0
50;2025-09-05;4;0
50;2025-09-05;5;157
50;2025-09-05;6;768
50;2025-09-05;7;1738
50;2025-09-05;8;2261
50;2025-09-05;9;1776
50;2025-09-05;10;1486
50;2025-09-05;11;1347
50;2025-09-05;12;1307
50;2025-09-05;13;1296
50;2025-09-05;14;1257
50;2025-09-05;15;1323
50;2025-09-05;16;1497
50;2025-09-05;17;1851
50;2025-09-05;18;1839
50;2025-09-05;19;1622
50;2025-09-05;20;1208
50;2025-09-05;21;850
50;2025-09-05;22;548
50;2025-09-05;23;274
50;2025-09-06;0;122
50;2025-09-06;1;0
50;2025-09-06;2;0
50;2025-09-06;3;0
50;2025-09-06;4;0
50;2025-09-06;5;122
50;2025-09-06;6;457
50;2025-09-06;7;703
50;2025-09-06;8;872
50;2025-09-06;9;911
50;2025-09-06;10;936
50;2025-09-06;11;1000
50;2025-09-06;12;1011
50;2025-09-06;13;1020
50;2025-09-06;14;1007
50;2025-09-06;15;994
50;2025-09-06;16;996
50;2025-09-06;17;1043
50;2025-09-06;18;1021
50;2025-09-06;19;1035
50;2025-09-06;20;908
50;2025-09-06;21;727
50;2025-09-06;22;472
50;2025-09-06;23;268
50;2025-09-07;0;114
50;2025-09-07;1;0
50;2025-09-07;2;0
50;2025-09-07;3;0
50;2025-09-07;4;0
50;2025-09-07;5;78
50;2025-09-07;6;310
50;2025-09-07;7;508
50;2025-09-07;8;663
50;2025-09-07;9;715
50;2025-09-07;10;767
50;2025-09-07;11;860
50;2025-09-07;12;919
50;2025-09-07;13;948
50;2025-09-07;14;931
50;2025-09-07;15;958
50;2025-09-07;16;968
50;2025-09-07;17;1007
50;2025-09-07;18;996
50;2025-09-07;19;946
50;2025-09-07;20;873
50;2025-09-07;21;695
50;2025-09-07;22;451
50;2025-09-07;23;242
50;2025-09-08;0;108
50;2025-09-08;1;0
50;2025-09-08;2;0
50;2025-09-08;3;0
50;2025-09-08;4;0
50;2025-09-08;5;175
50;2025-09-08;6;773
50;2025-09-08;7;1735
50;2025-09-08;8;2245
50;2025-09-08;9;1842
50;2025-09-08;10;1438
50;2025-09-08;11;1288
50;2025-09-08;12;1231
50;2025-09-08;13;1224
50;2025-09-08;14;1168
50;2025-09-08;15;1220
50;2025-09-08;16;1432
50;2025-09-08;17;1870
50;2025-09-08;18;2108
50;2025-09-08;19;1690
50;2025-09-08;20;1177
50;2025-09-08;21;803
50;2025-09-08;22;506
50;2025-09-08;23;249
50;2025-09-09;0;105
50;2025-09-09;1;0
50;2025-09-09;2;0
50;2025-09-09;3;0
50;2025-09-09;4;0
50;2025-09-09;5;170
50;2025-09-09;6;794
50;2025-09-09;7;1783
50;2025-09-09;8;2372
50;2025-09-09;9;1913
50;2025-09-09;10;1489
50;2025-09-09;11;1325
50;2025-09-09;12;1269
50;2025-09-09;13;1251
50;2025-09-09;14;1189
50;2025-09-09;15;1231
50;2025-09-09;16;1426
50;2025-09-09;17;1922
50;2025-09-09;18;2211
50;2025-09-09;19;1706
50;2025-09-09;20;1192
50;2025-09-09;21;827
50;2025-09-09;22;513
50;2025-09-09;23;234
50;2025-09-10;0;104
50;2025-09-10;1;0
50;2025-09-10;2;0
50;2025-09-10;3;0
50;2025-09-10;4;0
50;2025-09-10;5;168
50;2025-09-10;6;792
50;2025-09-10;7;1769
50;2025-09-10;8;2375
50;2025-09-10;9;1912
50;2025-09-10;10;1484
50;2025-09-10;11;1317
50;2025-09-10;12;1264
50;2025-09-10;13;1249
50;2025-09-10;14;1183
50;2025-09-10;15;1234
50;2025-09-10;16;1429
50;2025-09-10;17;1913
50;2025-09-10;18;2175
50;2025-09-10;19;1701
50;2025-09-10;20;1188
50;2025-09-10;21;841
50;2025-09-10;22;533
50;2025-09-10;23;246
50;2025-09-11;0;103
50;2025-09-11;1;0
50;2025-09-11;2;0
50;2025-09-11;3;0
50;2025-09-11;4;0
50;2025-09-11;5;165
50;2025-09-11;6;788
50;2025-09-11;7;1771
50;2025-09-11;8;2376
50;2025-09-11;9;1904
50;2025-09-11;10;1485
50;2025-09-11;11;1312
50;2025-09-11;12;1254
50;2025-09-11;13;1236
50;2025-09-11;14;1174
50;2025-09-11;15;1235
50;2025-09-11;16;1439
50;2025-09-11;17;1919
50;2025-09-11;18;2203
50;2025-09-11;19;1722
50;2025-09-11;20;1243
50;2025-09-11;21;865
50;2025-09-11;22;557
50;2025-09-11;23;270
50;2025-09-12;0;104
50;2025-09-12;1;0
50;2025-09-12;2;0
50;2025-09-12;3;0
50;2025-09-12;4;0
50;2025-09-12;5;157
50;2025-09-12;6;768
50;2025-09-12;7;1738
50;2025-09-12;8;2261
50;2025-09-12;9;1776
50;2025-09-12;10;1486
50;2025-09-12;11;1347
50;2025-09-12;12;1307
50;2025-09-12;13;1296
50;2025-09-12;14;1257
50;2025-09-12;15;1323
50;2025-09-12;16;1497
50;2025-09-12;17;1851
50;2025-09-12;18;1839
50;2025-09-12;19;1622
50;2025-09-12;20;1208
50;2025-09-12;21;850
50;2025-09-12;22;548
50;2025-09-12;23;274
50;2025-09-13;0;122
50;2025-09-13;1;0
50;2025-09-13;2;0
50;2025-09-13;3;0
50;2025-09-13;4;0
50;2025-09-13;5;122
50;2025-09-13;6;457
50;2025-09-13;7;703
50;2025-09-13;8;872
50;2025-09-13;9;911
50;2025-09-13;10;936
50;2025-09-13;11;1000
50;2025-09-13;12;1011
50;2025-09-13;13;1020
50;2025-09-13;14;1007
50;2025-09-13;15;994
50;2025-09-13;16;996
50;2025-09-13;17;1043
50;2025-09-13;18;1021
50;2025-09-13;19;1035
50;2025-09-13;20;908
50;2025-09-13;21;727
50;2025-09-13;22;472
50;2025-09-13;23;268
50;2025-09-14;0;114
50;2025-09-14;1;0
50;2025-09-14;2;0
50;2025-09-14;3;0
50;2025-09-14;4;0
50;2025-09-14;5;78
50;2025-09-14;6;310
50;2025-09-14;7;508
50;2025-09-14;8;663
50;2025-09-14;9;715
50;2025-09-14;10;767
50;2025-09-14;11;860
50;2025-09-14;12;919
50;2025-09-14;13;948
50;2025-09-14;14;931
50;2025-09-14;15;958
50;2025-09-14;16;968
50;2025-09-14;17;1007
50;2025-09-14;18;996
50;2025-09-14;19;946
50;2025-09-14;20;873
50;2025-09-14;21;695
50;2025-09-14;22;451
50;2025-09-14;23;242
50;2025-09-15;0;108
50;2025-09-15;1;0
50;2025-09-15;2;0
50;2025-09-15;3;0
50;2025-09-15;4;0
50;2025-09-15;5;175
50;2025-09-15;6;773
50;2025-09-15;7;1735
50;2025-09-15;8;2245
50;2025-09-15;9;1842
50;2025-09-15;10;1438
50;2025-09-15;11;1288
50;2025-09-15;12;1231
50;2025-09-15;13;1224
50;2025-09-15;14;1168
50;2025-09-15;15;1220
50;2025-09-15;16;1432
50;2025-09-15;17;1870
50;2025-09-15;18;2108
50;2025-09-15;19;1690
50;2025-09-15;20;1177
50;2025-09-15;21;803
50;2025-09-15;22;506
50;2025-09-15;23;249
50;2025-09-16;0;105
50;2025-09-16;1;0
50;2025-09-16;2;0
50;2025-09-16;3;0
50;2025-09-16;4;0
50;2025-09-16;5;170
50;2025-09-16;6;794
50;2025-09-16;7;1783
50;2025-09-16;8;2372
50;2025-09-16;9;1913
50;2025-09-16;10;1489
50;2025-09-16;11;1325
50;2025-09-16;12;1269
50;2025-09-16;13;1251
50;2025-09-16;14;1189
50;2025-09-16;15;1231
50;2025-09-16;16;1426
50;2025-09-16;17;1922
50;2025-09-16;18;2211
50;2025-09-16;19;1706
50;2025-09-16;20;1192
50;2025-09-16;21;827
50;2025-09-16;22;513
50;2025-09-16;23;234
50;2025-09-17;0;104
50;2025-09-17;1;0
50;2025-09-17;2;0
50;2025-09-17;3;0
50;2025-09-17;4;0
50;2025-09-17;5;168
50;2025-09-17;6;792
50;2025-09-17;7;1769
50;2025-09-17;8;2375
50;2025-09-17;9;1912
50;2025-09-17;10;1484
50;2025-09-17;11;1317
50;2025-09-17;12;1264
50;2025-09-17;13;1249
50;2025-09-17;14;1183
50;2025-09-17;15;1234
50;2025-09-17;16;1429
50;2025-09-17;17;1913
50;2025-09-17;18;2175
50;2025-09-17;19;1701
50;2025-09-17;20;1188
50;2025-09-17;21;841
50;2025-09-17;22;533
50;2025-09-17;23;246
50;2025-09-18;0;103
50;2025-09-18;1;0
50;2025-09-18;2;0
50;2025-09-18;3;0
50;2025-09-18;4;0
50;2025-09-18;5;165
50;2025-09-18;6;788
50;2025-09-18;7;1771
50;2025-09-18;8;2376
50;2025-09-18;9;1904
50;2025-09-18;10;1485
50;2025-09-18;11;1312
50;2025-09-18;12;1254
50;2025-09-18;13;1236
50;2025-09-18;14;1174
50;2025-09-18;15;1235
50;2025-09-18;16;1439
50;2025-09-18;17;1919
50;2025-09-18;18;2203
50;2025-09-18;19;1722
50;2025-09-18;20;1243
50;2025-09-18;21;865
50;2025-09-18;22;557
50;2025-09-18;23;270
50;2025-09-19;0;104
50;2025-09-19;1;0
50;2025-09-19;2;0
50;2025-09-19;3;0
50;2025-09-19;4;0
50;2025-09-19;5;157
50;2025-09-19;6;768
50;2025-09-19;7;1738
50;2025-09-19;8;2261
50;2025-09-19;9;1776
50;2025-09-19;10;1486
50;2025-09-19;11;1347
50;2025-09-19;12;1307
50;2025-09-19;13;1296
50;2025-09-19;14;1257
50;2025-09-19;15;1323
50;2025-09-19;16;1497
50;2025-09-19;17;1851
50;2025-09-19;18;1839
50;2025-09-19;19;1622
50;2025-09-19;20;1208
50;2025-09-19;21;850
50;2025-09-19;22;548
50;2025-09-19;23;274
50;2025-09-20;0;122
50;2025-09-20;1;0
50;2025-09-20;2;0
50;2025-09-20;3;0
50;2025-09-20;4;0
50;2025-09-20;5;122
50;2025-09-20;6;457
50;2025-09-20;7;703
50;2025-09-20;8;872
50;2025-09-20;9;911
50;2025-09-20;10;936
50;2025-09-20;11;1000
50;2025-09-20;12;1011
50;2025-09-20;13;1020
50;2025-09-20;14;1007
50;2025-09-20;15;994
50;2025-09-20;16;996
50;2025-09-20;17;1043
50;2025-09-20;18;1021
50;2025-09-20;19;1035
50;2025-09-20;20;908
50;2025-09-20;21;727
50;2025-09-20;22;472
50;2025-09-20;23;268
50;2025-09-21;0;114
50;2025-09-21;1;0
50;2025-09-21;2;0
50;2025-09-21;3;0
50;2025-09-21;4;0
50;2025-09-21;5;78
50;2025-09-21;6;310
50;2025-09-21;7;508
50;2025-09-21;8;663
50;2025-09-21;9;715
50;2025-09-21;10;767
50;2025-09-21;11;860
50;2025-09-21;12;919
50;2025-09-21;13;948
50;2025-09-21;14;931
50;2025-09-21;15;958
50;2025-09-21;16;968
50;2025-09-21;17;1007
50;2025-09-21;18;996
50;2025-09-21;19;946
50;2025-09-21;20;873
50;2025-09-21;21;695
50;2025-09-21;22;451
50;2025-09-21;23;242
50;2025-09-22;0;108
50;2025-09-22;1;0
50;2025-09-22;2;0
50;2025-09-22;3;0
50;2025-09-22;4;0
50;2025-09-22;5;175
50;2025-09-22;6;773
50;2025-09-22;7;1735
50;2025-09-22;8;2245
50;2025-09-22;9;1842
50;2025-09-22;10;1438
50;2025-09-22;11;1288
50;2025-09-22;12;1231
50;2025-09-22;13;1224
50;2025-09-22;14;1168
50;2025-09-22;15;1220
50;2025-09-22;16;1432
50;2025-09-22;17;1870
50;2025-09-22;18;2108
50;2025-09-22;19;1690
50;2025-09-22;20;1177
50;2025-09-22;21;803
50;2025-09-22;22;506
50;2025-09-22;23;249
50;2025-09-23;0;105
50;2025-09-23;1;0
50;2025-09-23;2;0
50;2025-09-23;3;0
50;2025-09-23;4;0
50;2025-09-23;5;170
50;2025-09-23;6;794
50;2025-09-23;7;1783
50;2025-09-23;8;2372
50;2025-09-23;9;1913
50;2025-09-23;10;1489
50;2025-09-23;11;1325
50;2025-09-23;12;1269
50;2025-09-23;13;1251
50;2025-09-23;14;1189
50;2025-09-23;15;1231
50;2025-09-23;16;1426
50;2025-09-23;17;1922
50;2025-09-23;18;2211
50;2025-09-23;19;1706
50;2025-09-23;20;1192
50;2025-09-23;21;827
50;2025-09-23;22;513
50;2025-09-23;23;234
50;2025-09-24;0;104
50;2025-09-24;1;0
50;2025-09-24;2;0
50;2025-09-24;3;0
50;2025-09-24;4;0
50;2025-09-24;5;168
50;2025-09-24;6;792
50;2025-09-24;7;1769
50;2025-09-24;8;2375
50;2025-09-24;9;1912
50;2025-09-24;10;1484
50;2025-09-24;11;1317
50;2025-09-24;12;1264
50;2025-09-24;13;1249
50;2025-09-24;14;1183
50;2025-09-24;15;1234
50;2025-09-24;16;1429
50;2025-09-24;17;1913
50;2025-09-24;18;2175
50;2025-09-24;19;1701
50;2025-09-24;20;1188
50;2025-09-24;21;841
50;2025-09-24;22;533
50;2025-09-24;23;246
50;2025-09-25;0;103
50;2025-09-25;1;0
50;2025-09-25;2;0
50;2025-09-25;3;0
50;2025-09-25;4;0
50;2025-09-25;5;165
50;2025-09-25;6;788
50;2025-09-25;7;1771
50;2025-09-25;8;2376
50;2025-09-25;9;1904
50;2025-09-25;10;1485
50;2025-09-25;11;1312
50;2025-09-25;12;1254
50;2025-09-25;13;1236
50;2025-09-25;14;1174
50;2025-09-25;15;1235
50;2025-09-25;16;1439
50;2025-09-25;17;1919
50;2025-09-25;18;2203
50;2025-09-25;19;1722
50;2025-09-25;20;1243
50;2025-09-25;21;865
50;2025-09-25;22;557
50;2025-09-25;23;270
50;2025-09-26;0;104
50;2025-09-26;1;0
50;2025-09-26;2;0
50;2025-09-26;3;0
50;2025-09-26;4;0
50;2025-09-26;5;157
50;2025-09-26;6;768
50;2025-09-26;7;1738
50;2025-09-26;8;2261
50;2025-09-26;9;1776
50;2025-09-26;10;1486
50;2025-09-26;11;1347
50;2025-09-26;12;1307
50;2025-09-26;13;1296
50;2025-09-26;14;1257
50;2025-09-26;15;1323
50;2025-09-26;16;1497
50;2025-09-26;17;1851
50;2025-09-26;18;1839
50;2025-09-26;19;1622
50;2025-09-26;20;1208
50;2025-09-26;21;850
50;2025-09-26;22;548
50;2025-09-26;23;274
50;2025-09-27;0;122
50;2025-09-27;1;0
50;2025-09-27;2;0
50;2025-09-27;3;0
50;2025-09-27;4;0
50;2025-09-27;5;122
50;2025-09-27;6;457
50;2025-09-27;7;703
50;2025-09-27;8;872
50;2025-09-27;9;911
50;2025-09-27;10;936
50;2025-09-27;11;1000
50;2025-09-27;12;1011
50;2025-09-27;13;1020
50;2025-09-27;14;1007
50;2025-09-27;15;994
50;2025-09-27;16;996
50;2025-09-27;17;1043
50;2025-09-27;18;1021
50;2025-09-27;19;1035
50;2025-09-27;20;908
50;2025-09-27;21;727
50;2025-09-27;22;472
50;2025-09-27;23;268
50;2025-09-28;0;114
50;2025-09-28;1;0
50;2025-09-28;2;0
50;2025-09-28;3;0
50;2025-09-28;4;0
50;2025-09-28;5;78
50;2025-09-28;6;310
50;2025-09-28;7;508
50;2025-09-28;8;663
50;2025-09-28;9;715
50;2025-09-28;10;767
50;2025-09-28;11;860
50;2025-09-28;12;919
50;2025-09-28;13;948
50;2025-09-28;14;931
50;2025-09-28;15;958
50;2025-09-28;16;968
50;2025-09-28;17;1007
50;2025-09-28;18;996
50;2025-09-28;19;946
50;2025-09-28;20;873
50;2025-09-28;21;695
50;2025-09-28;22;451
50;2025-09-28;23;242
50;2025-09-29;0;108
50;2025-09-29;1;0
50;2025-09-29;2;0
50;2025-09-29;3;0
50;2025-09-29;4;0
50;2025-09-29;5;175
50;2025-09-29;6;773
50;2025-09-29;7;1735
50;2025-09-29;8;2245
50;2025-09-29;9;1842
50;2025-09-29;10;1438
50;2025-09-29;11;1288
50;2025-09-29;12;1231
50;2025-09-29;13;1224
50;2025-09-29;14;1168
50;2025-09-29;15;1220
50;2025-09-29;16;1432
50;2025-09-29;17;1870
50;2025-09-29;18;2108
50;2025-09-29;19;1690
50;2025-09-29;20;1177
50;2025-09-29;21;803
50;2025-09-29;22;506
50;2025-09-29;23;249
50;2025-09-30;0;105
50;2025-09-30;1;0
50;2025-09-30;2;0
50;2025-09-30;3;0
50;2025-09-30;4;0
50;2025-09-30;5;170
50;2025-09-30;6;794
50;2025-09-30;7;1783
50;2025-09-30;8;2372
50;2025-09-30;9;1913
50;2025-09-30;10;1489
50;2025-09-30;11;1325
50;2025-09-30;12;1269
50;2025-09-30;13;1251
50;2025-09-30;14;1189
50;2025-09-30;15;1231
50;2025-09-30;16;1426
50;2025-09-30;17;1922
50;2025-09-30;18;2211
50;2025-09-30;19;1706
50;2025-09-30;20;1192
50;2025-09-30;21;827
50;2025-09-30;22;513
50;2025-09-30;23;234
