route;date;hour;prediction
1;2025-11-01;0;4
1;2025-11-01;1;0
1;2025-11-01;2;0
1;2025-11-01;3;0
1;2025-11-01;4;0
1;2025-11-01;5;60
1;2025-11-01;6;381
1;2025-11-01;7;1039
1;2025-11-01;8;1324
1;2025-11-01;9;1026
1;2025-11-01;10;949
1;2025-11-01;11;962
1;2025-11-01;12;986
1;2025-11-01;13;1016
1;2025-11-01;14;973
1;2025-11-01;15;1071
1;2025-11-01;16;1077
1;2025-11-01;17;1234
1;2025-11-01;18;1176
1;2025-11-01;19;894
1;2025-11-01;20;557
1;2025-11-01;21;310
1;2025-11-01;22;151
1;2025-11-01;23;28
1;2025-11-02;0;14
1;2025-11-02;1;0
1;2025-11-02;2;0
1;2025-11-02;3;0
1;2025-11-02;4;0
1;2025-11-02;5;25
1;2025-11-02;6;139
1;2025-11-02;7;288
1;2025-11-02;8;400
1;2025-11-02;9;649
1;2025-11-02;10;747
1;2025-11-02;11;761
1;2025-11-02;12;902
1;2025-11-02;13;946
1;2025-11-02;14;860
1;2025-11-02;15;782
1;2025-11-02;16;730
1;2025-11-02;17;678
1;2025-11-02;18;599
1;2025-11-02;19;489
1;2025-11-02;20;360
1;2025-11-02;21;275
1;2025-11-02;22;116
1;2025-11-02;23;33
1;2025-11-03;0;13
1;2025-11-03;1;0
1;2025-11-03;2;0
1;2025-11-03;3;0
1;2025-11-03;4;0
1;2025-11-03;5;23
1;2025-11-03;6;130
1;2025-11-03;7;286
1;2025-11-03;8;409
1;2025-11-03;9;612
1;2025-11-03;10;690
1;2025-11-03;11;671
1;2025-11-03;12;831
1;2025-11-03;13;882
1;2025-11-03;14;801
1;2025-11-03;15;734
1;2025-11-03;16;691
1;2025-11-03;17;657
1;2025-11-03;18;611
1;2025-11-03;19;498
1;2025-11-03;20;354
1;2025-11-03;21;256
1;2025-11-03;22;107
1;2025-11-03;23;27
1;2025-11-04;0;13
1;2025-11-04;1;0
1;2025-11-04;2;0
1;2025-11-04;3;0
1;2025-11-04;4;0
1;2025-11-04;5;23
1;2025-11-04;6;133
1;2025-11-04;7;297
1;2025-11-04;8;415
1;2025-11-04;9;641
1;2025-11-04;10;728
1;2025-11-04;11;691
1;2025-11-04;12;835
1;2025-11-04;13;885
1;2025-11-04;14;796
1;2025-11-04;15;726
1;2025-11-04;16;683
1;2025-11-04;17;654
1;2025-11-04;18;598
1;2025-11-04;19;489
1;2025-11-04;20;350
1;2025-11-04;21;253
1;2025-11-04;22;108
1;2025-11-04;23;27
1;2025-11-05;0;6
1;2025-11-05;1;0
1;2025-11-05;2;0
1;2025-11-05;3;0
1;2025-11-05;4;0
1;2025-11-05;5;87
1;2025-11-05;6;555
1;2025-11-05;7;1586
1;2025-11-05;8;2055
1;2025-11-05;9;1561
1;2025-11-05;10;1422
1;2025-11-05;11;1427
1;2025-11-05;12;1447
1;2025-11-05;13;1503
1;2025-11-05;14;1427
1;2025-11-05;15;1569
1;2025-11-05;16;1593
1;2025-11-05;17;1896
1;2025-11-05;18;1897
1;2025-11-05;19;1410
1;2025-11-05;20;879
1;2025-11-05;21;486
1;2025-11-05;22;240
1;2025-11-05;23;42
1;2025-11-06;0;5
1;2025-11-06;1;0
1;2025-11-06;2;0
1;2025-11-06;3;0
1;2025-11-06;4;0
1;2025-11-06;5;85
1;2025-11-06;6;545
1;2025-11-06;7;1535
1;2025-11-06;8;2006
1;2025-11-06;9;1512
1;2025-11-06;10;1407
1;2025-11-06;11;1399
1;2025-11-06;12;1417
1;2025-11-06;13;1439
1;2025-11-06;14;1384
1;2025-11-06;15;1519
1;2025-11-06;16;1565
1;2025-11-06;17;1844
1;2025-11-06;18;1851
1;2025-11-06;19;1371
1;2025-11-06;20;850
1;2025-11-06;21;473
1;2025-11-06;22;231
1;2025-11-06;23;44
1;2025-11-07;0;5
1;2025-11-07;1;0
1;2025-11-07;2;0
1;2025-11-07;3;0
1;2025-11-07;4;0
1;2025-11-07;5;85
1;2025-11-07;6;510
1;2025-11-07;7;1517
1;2025-11-07;8;1949
1;2025-11-07;9;1479
1;2025-11-07;10;1364
1;2025-11-07;11;1401
1;2025-11-07;12;1386
1;2025-11-07;13;1420
1;2025-11-07;14;1358
1;2025-11-07;15;1510
1;2025-11-07;16;1616
1;2025-11-07;17;1794
1;2025-11-07;18;1574
1;2025-11-07;19;1197
1;2025-11-07;20;765
1;2025-11-07;21;460
1;2025-11-07;22;231
1;2025-11-07;23;45
1;2025-11-08;0;8
1;2025-11-08;1;0
1;2025-11-08;2;0
1;2025-11-08;3;0
1;2025-11-08;4;0
1;2025-11-08;5;30
1;2025-11-08;6;177
1;2025-11-08;7;355
1;2025-11-08;8;490
1;2025-11-08;9;747
1;2025-11-08;10;846
1;2025-11-08;11;796
1;2025-11-08;12;969
1;2025-11-08;13;1007
1;2025-11-08;14;938
1;2025-11-08;15;822
1;2025-11-08;16;764
1;2025-11-08;17;725
1;2025-11-08;18;649
1;2025-11-08;19;569
1;2025-11-08;20;399
1;2025-11-08;21;293
1;2025-11-08;22;137
1;2025-11-08;23;33
1;2025-11-09;0;14
1;2025-11-09;1;0
1;2025-11-09;2;0
1;2025-11-09;3;0
1;2025-11-09;4;0
1;2025-11-09;5;25
1;2025-11-09;6;139
1;2025-11-09;7;287
1;2025-11-09;8;398
1;2025-11-09;9;649
1;2025-11-09;10;746
1;2025-11-09;11;759
1;2025-11-09;12;898
1;2025-11-09;13;942
1;2025-11-09;14;856
1;2025-11-09;15;779
1;2025-11-09;16;727
1;2025-11-09;17;674
1;2025-11-09;18;596
1;2025-11-09;19;485
1;2025-11-09;20;355
1;2025-11-09;21;272
1;2025-11-09;22;115
1;2025-11-09;23;32
1;2025-11-10;0;5
1;2025-11-10;1;0
1;2025-11-10;2;0
1;2025-11-10;3;0
1;2025-11-10;4;0
1;2025-11-10;5;87
1;2025-11-10;6;553
1;2025-11-10;7;1566
1;2025-11-10;8;2036
1;2025-11-10;9;1505
1;2025-11-10;10;1350
1;2025-11-10;11;1363
1;2025-11-10;12;1407
1;2025-11-10;13;1448
1;2025-11-10;14;1396
1;2025-11-10;15;1544
1;2025-11-10;16;1589
1;2025-11-10;17;1872
1;2025-11-10;18;1924
1;2025-11-10;19;1415
1;2025-11-10;20;866
1;2025-11-10;21;458
1;2025-11-10;22;224
1;2025-11-10;23;40
1;2025-11-11;0;6
1;2025-11-11;1;0
1;2025-11-11;2;0
1;2025-11-11;3;0
1;2025-11-11;4;0
1;2025-11-11;5;90
1;2025-11-11;6;573
1;2025-11-11;7;1651
1;2025-11-11;8;2112
1;2025-11-11;9;1612
1;2025-11-11;10;1450
1;2025-11-11;11;1449
1;2025-11-11;12;1467
1;2025-11-11;13;1509
1;2025-11-11;14;1435
1;2025-11-11;15;1586
1;2025-11-11;16;1625
1;2025-11-11;17;1927
1;2025-11-11;18;1950
1;2025-11-11;19;1445
1;2025-11-11;20;895
1;2025-11-11;21;477
1;2025-11-11;22;240
1;2025-11-11;23;42
1;2025-11-12;0;5
1;2025-11-12;1;0
1;2025-11-12;2;0
1;2025-11-12;3;0
1;2025-11-12;4;0
1;2025-11-12;5;86
1;2025-11-12;6;550
1;2025-11-12;7;1579
1;2025-11-12;8;2047
1;2025-11-12;9;1550
1;2025-11-12;10;1405
1;2025-11-12;11;1410
1;2025-11-12;12;1431
1;2025-11-12;13;1489
1;2025-11-12;14;1417
1;2025-11-12;15;1558
1;2025-11-12;16;1583
1;2025-11-12;17;1888
1;2025-11-12;18;1888
1;2025-11-12;19;1396
1;2025-11-12;20;865
1;2025-11-12;21;478
1;2025-11-12;22;236
1;2025-11-12;23;41
1;2025-11-13;0;6
1;2025-11-13;1;0
1;2025-11-13;2;0
1;2025-11-13;3;0
1;2025-11-13;4;0
1;2025-11-13;5;89
1;2025-11-13;6;567
1;2025-11-13;7;1589
1;2025-11-13;8;2070
1;2025-11-13;9;1558
1;2025-11-13;10;1435
1;2025-11-13;11;1441
1;2025-11-13;12;1460
1;2025-11-13;13;1487
1;2025-11-13;14;1430
1;2025-11-13;15;1579
1;2025-11-13;16;1623
1;2025-11-13;17;1908
1;2025-11-13;18;1920
1;2025-11-13;19;1423
1;2025-11-13;20;884
1;2025-11-13;21;492
1;2025-11-13;22;241
1;2025-11-13;23;46
1;2025-11-14;0;5
1;2025-11-14;1;0
1;2025-11-14;2;0
1;2025-11-14;3;0
1;2025-11-14;4;0
1;2025-11-14;5;86
1;2025-11-14;6;514
1;2025-11-14;7;1529
1;2025-11-14;8;1963
1;2025-11-14;9;1484
1;2025-11-14;10;1364
1;2025-11-14;11;1405
1;2025-11-14;12;1391
1;2025-11-14;13;1426
1;2025-11-14;14;1367
1;2025-11-14;15;1526
1;2025-11-14;16;1628
1;2025-11-14;17;1806
1;2025-11-14;18;1585
1;2025-11-14;19;1205
1;2025-11-14;20;768
1;2025-11-14;21;460
1;2025-11-14;22;230
1;2025-11-14;23;45
1;2025-11-15;0;8
1;2025-11-15;1;0
1;2025-11-15;2;0
1;2025-11-15;3;0
1;2025-11-15;4;0
1;2025-11-15;5;31
1;2025-11-15;6;178
1;2025-11-15;7;357
1;2025-11-15;8;491
1;2025-11-15;9;742
1;2025-11-15;10;817
1;2025-11-15;11;757
1;2025-11-15;12;915
1;2025-11-15;13;953
1;2025-11-15;14;895
1;2025-11-15;15;787
1;2025-11-15;16;734
1;2025-11-15;17;709
1;2025-11-15;18;634
1;2025-11-15;19;554
1;2025-11-15;20;382
1;2025-11-15;21;280
1;2025-11-15;22;132
1;2025-11-15;23;32
1;2025-11-16;0;14
1;2025-11-16;1;0
1;2025-11-16;2;0
1;2025-11-16;3;0
1;2025-11-16;4;0
1;2025-11-16;5;25
1;2025-11-16;6;144
1;2025-11-16;7;297
1;2025-11-16;8;411
1;2025-11-16;9;670
1;2025-11-16;10;769
1;2025-11-16;11;781
1;2025-11-16;12;924
1;2025-11-16;13;969
1;2025-11-16;14;883
1;2025-11-16;15;805
1;2025-11-16;16;751
1;2025-11-16;17;700
1;2025-11-16;18;619
1;2025-11-16;19;505
1;2025-11-16;20;368
1;2025-11-16;21;282
1;2025-11-16;22;120
1;2025-11-16;23;34
1;2025-11-17;0;5
1;2025-11-17;1;0
1;2025-11-17;2;0
1;2025-11-17;3;0
1;2025-11-17;4;0
1;2025-11-17;5;84
1;2025-11-17;6;534
1;2025-11-17;7;1520
1;2025-11-17;8;1982
1;2025-11-17;9;1462
1;2025-11-17;10;1309
1;2025-11-17;11;1316
1;2025-11-17;12;1357
1;2025-11-17;13;1398
1;2025-11-17;14;1350
1;2025-11-17;15;1493
1;2025-11-17;16;1539
1;2025-11-17;17;1821
1;2025-11-17;18;1870
1;2025-11-17;19;1372
1;2025-11-17;20;832
1;2025-11-17;21;440
1;2025-11-17;22;214
1;2025-11-17;23;38
1;2025-11-18;0;5
1;2025-11-18;1;0
1;2025-11-18;2;0
1;2025-11-18;3;0
1;2025-11-18;4;0
1;2025-11-18;5;82
1;2025-11-18;6;524
1;2025-11-18;7;1543
1;2025-11-18;8;1979
1;2025-11-18;9;1517
1;2025-11-18;10;1366
1;2025-11-18;11;1328
1;2025-11-18;12;1339
1;2025-11-18;13;1381
1;2025-11-18;14;1312
1;2025-11-18;15;1450
1;2025-11-18;16;1490
1;2025-11-18;17;1784
1;2025-11-18;18;1810
1;2025-11-18;19;1339
1;2025-11-18;20;823
1;2025-11-18;21;432
1;2025-11-18;22;219
1;2025-11-18;23;38
1;2025-11-19;0;6
1;2025-11-19;1;0
1;2025-11-19;2;0
1;2025-11-19;3;0
1;2025-11-19;4;0
1;2025-11-19;5;89
1;2025-11-19;6;565
1;2025-11-19;7;1614
1;2025-11-19;8;2091
1;2025-11-19;9;1584
1;2025-11-19;10;1437
1;2025-11-19;11;1446
1;2025-11-19;12;1467
1;2025-11-19;13;1523
1;2025-11-19;14;1449
1;2025-11-19;15;1599
1;2025-11-19;16;1624
1;2025-11-19;17;1932
1;2025-11-19;18;1936
1;2025-11-19;19;1433
1;2025-11-19;20;889
1;2025-11-19;21;492
1;2025-11-19;22;243
1;2025-11-19;23;43
1;2025-11-20;0;6
1;2025-11-20;1;0
1;2025-11-20;2;0
1;2025-11-20;3;0
1;2025-11-20;4;0
1;2025-11-20;5;89
1;2025-11-20;6;568
1;2025-11-20;7;1601
1;2025-11-20;8;2087
1;2025-11-20;9;1573
1;2025-11-20;10;1450
1;2025-11-20;11;1451
1;2025-11-20;12;1469
1;2025-11-20;13;1498
1;2025-11-20;14;1439
1;2025-11-20;15;1589
1;2025-11-20;16;1632
1;2025-11-20;17;1927
1;2025-11-20;18;1940
1;2025-11-20;19;1434
1;2025-11-20;20;891
1;2025-11-20;21;496
1;2025-11-20;22;242
1;2025-11-20;23;47
1;2025-11-21;0;6
1;2025-11-21;1;0
1;2025-11-21;2;0
1;2025-11-21;3;0
1;2025-11-21;4;0
1;2025-11-21;5;88
1;2025-11-21;6;526
1;2025-11-21;7;1559
1;2025-11-21;8;2000
1;2025-11-21;9;1518
1;2025-11-21;10;1391
1;2025-11-21;11;1437
1;2025-11-21;12;1419
1;2025-11-21;13;1456
1;2025-11-21;14;1395
1;2025-11-21;15;1556
1;2025-11-21;16;1662
1;2025-11-21;17;1850
1;2025-11-21;18;1634
1;2025-11-21;19;1238
1;2025-11-21;20;787
1;2025-11-21;21;472
1;2025-11-21;22;236
1;2025-11-21;23;47
1;2025-11-22;0;8
1;2025-11-22;1;0
1;2025-11-22;2;0
1;2025-11-22;3;0
1;2025-11-22;4;0
1;2025-11-22;5;31
1;2025-11-22;6;182
1;2025-11-22;7;362
1;2025-11-22;8;498
1;2025-11-22;9;755
1;2025-11-22;10;847
1;2025-11-22;11;794
1;2025-11-22;12;959
1;2025-11-22;13;997
1;2025-11-22;14;936
1;2025-11-22;15;823
1;2025-11-22;16;766
1;2025-11-22;17;727
1;2025-11-22;18;650
1;2025-11-22;19;568
1;2025-11-22;20;395
1;2025-11-22;21;290
1;2025-11-22;22;137
1;2025-11-22;23;33
1;2025-11-23;0;14
1;2025-11-23;1;0
1;2025-11-23;2;0
1;2025-11-23;3;0
1;2025-11-23;4;0
1;2025-11-23;5;25
1;2025-11-23;6;143
1;2025-11-23;7;294
1;2025-11-23;8;407
1;2025-11-23;9;664
1;2025-11-23;10;763
1;2025-11-23;11;776
1;2025-11-23;12;917
1;2025-11-23;13;961
1;2025-11-23;14;876
1;2025-11-23;15;797
1;2025-11-23;16;744
1;2025-11-23;17;692
1;2025-11-23;18;612
1;2025-11-23;19;497
1;2025-11-23;20;362
1;2025-11-23;21;279
1;2025-11-23;22;118
1;2025-11-23;23;33
1;2025-11-24;0;5
1;2025-11-24;1;0
1;2025-11-24;2;0
1;2025-11-24;3;0
1;2025-11-24;4;0
1;2025-11-24;5;82
1;2025-11-24;6;519
1;2025-11-24;7;1487
1;2025-11-24;8;1940
1;2025-11-24;9;1427
1;2025-11-24;10;1277
1;2025-11-24;11;1273
1;2025-11-24;12;1315
1;2025-11-24;13;1354
1;2025-11-24;14;1309
1;2025-11-24;15;1446
1;2025-11-24;16;1496
1;2025-11-24;17;1776
1;2025-11-24;18;1826
1;2025-11-24;19;1332
1;2025-11-24;20;805
1;2025-11-24;21;425
1;2025-11-24;22;208
1;2025-11-24;23;37
1;2025-11-25;0;6
1;2025-11-25;1;0
1;2025-11-25;2;0
1;2025-11-25;3;0
1;2025-11-25;4;0
1;2025-11-25;5;89
1;2025-11-25;6;570
1;2025-11-25;7;1642
1;2025-11-25;8;2102
1;2025-11-25;9;1603
1;2025-11-25;10;1443
1;2025-11-25;11;1442
1;2025-11-25;12;1459
1;2025-11-25;13;1503
1;2025-11-25;14;1429
1;2025-11-25;15;1580
1;2025-11-25;16;1618
1;2025-11-25;17;1918
1;2025-11-25;18;1940
1;2025-11-25;19;1434
1;2025-11-25;20;887
1;2025-11-25;21;474
1;2025-11-25;22;239
1;2025-11-25;23;42
1;2025-11-26;0;5
1;2025-11-26;1;0
1;2025-11-26;2;0
1;2025-11-26;3;0
1;2025-11-26;4;0
1;2025-11-26;5;83
1;2025-11-26;6;530
1;2025-11-26;7;1537
1;2025-11-26;8;1997
1;2025-11-26;9;1512
1;2025-11-26;10;1365
1;2025-11-26;11;1355
1;2025-11-26;12;1370
1;2025-11-26;13;1430
1;2025-11-26;14;1362
1;2025-11-26;15;1499
1;2025-11-26;16;1525
1;2025-11-26;17;1832
1;2025-11-26;18;1829
1;2025-11-26;19;1345
1;2025-11-26;20;830
1;2025-11-26;21;459
1;2025-11-26;22;227
1;2025-11-26;23;40
1;2025-11-27;0;5
1;2025-11-27;1;0
1;2025-11-27;2;0
1;2025-11-27;3;0
1;2025-11-27;4;0
1;2025-11-27;5;85
1;2025-11-27;6;544
1;2025-11-27;7;1536
1;2025-11-27;8;2006
1;2025-11-27;9;1509
1;2025-11-27;10;1393
1;2025-11-27;11;1389
1;2025-11-27;12;1404
1;2025-11-27;13;1426
1;2025-11-27;14;1378
1;2025-11-27;15;1516
1;2025-11-27;16;1563
1;2025-11-27;17;1841
1;2025-11-27;18;1851
1;2025-11-27;19;1359
1;2025-11-27;20;842
1;2025-11-27;21;470
1;2025-11-27;22;229
1;2025-11-27;23;44
1;2025-11-28;0;6
1;2025-11-28;1;0
1;2025-11-28;2;0
1;2025-11-28;3;0
1;2025-11-28;4;0
1;2025-11-28;5;87
1;2025-11-28;6;521
1;2025-11-28;7;1542
1;2025-11-28;8;1974
1;2025-11-28;9;1497
1;2025-11-28;10;1367
1;2025-11-28;11;1416
1;2025-11-28;12;1402
1;2025-11-28;13;1435
1;2025-11-28;14;1380
1;2025-11-28;15;1537
1;2025-11-28;16;1641
1;2025-11-28;17;1825
1;2025-11-28;18;1608
1;2025-11-28;19;1218
1;2025-11-28;20;774
1;2025-11-28;21;464
1;2025-11-28;22;232
1;2025-11-28;23;46
1;2025-11-29;0;9
1;2025-11-29;1;0
1;2025-11-29;2;0
1;2025-11-29;3;0
1;2025-11-29;4;0
1;2025-11-29;5;33
1;2025-11-29;6;188
1;2025-11-29;7;375
1;2025-11-29;8;512
1;2025-11-29;9;787
1;2025-11-29;10;888
1;2025-11-29;11;841
1;2025-11-29;12;1025
1;2025-11-29;13;1064
1;2025-11-29;14;998
1;2025-11-29;15;881
1;2025-11-29;16;815
1;2025-11-29;17;771
1;2025-11-29;18;688
1;2025-11-29;19;603
1;2025-11-29;20;420
1;2025-11-29;21;309
1;2025-11-29;22;146
1;2025-11-29;23;36
1;2025-11-30;0;15
1;2025-11-30;1;0
1;2025-11-30;2;0
1;2025-11-30;3;0
1;2025-11-30;4;0
1;2025-11-30;5;26
1;2025-11-30;6;145
1;2025-11-30;7;296
1;2025-11-30;8;410
1;2025-11-30;9;669
1;2025-11-30;10;767
1;2025-11-30;11;784
1;2025-11-30;12;937
1;2025-11-30;13;989
1;2025-11-30;14;900
1;2025-11-30;15;819
1;2025-11-30;16;762
1;2025-11-30;17;704
1;2025-11-30;18;620
1;2025-11-30;19;504
1;2025-11-30;20;367
1;2025-11-30;21;283
1;2025-11-30;22;120
1;2025-11-30;23;34
1;2025-12-01;0;6
1;2025-12-01;1;0
1;2025-12-01;2;0
1;2025-12-01;3;0
1;2025-12-01;4;0
1;2025-12-01;5;90
1;2025-12-01;6;566
1;2025-12-01;7;1589
1;2025-12-01;8;2053
1;2025-12-01;9;1525
1;2025-12-01;10;1360
1;2025-12-01;11;1389
1;2025-12-01;12;1436
1;2025-12-01;13;1486
1;2025-12-01;14;1433
1;2025-12-01;15;1586
1;2025-12-01;16;1627
1;2025-12-01;17;1909
1;2025-12-01;18;1946
1;2025-12-01;19;1431
1;2025-12-01;20;876
1;2025-12-01;21;470
1;2025-12-01;22;229
1;2025-12-01;23;42
1;2025-12-02;0;6
1;2025-12-02;1;0
1;2025-12-02;2;0
1;2025-12-02;3;0
1;2025-12-02;4;0
1;2025-12-02;5;92
1;2025-12-02;6;583
1;2025-12-02;7;1674
1;2025-12-02;8;2124
1;2025-12-02;9;1624
1;2025-12-02;10;1453
1;2025-12-02;11;1471
1;2025-12-02;12;1496
1;2025-12-02;13;1548
1;2025-12-02;14;1474
1;2025-12-02;15;1628
1;2025-12-02;16;1664
1;2025-12-02;17;1961
1;2025-12-02;18;1969
1;2025-12-02;19;1459
1;2025-12-02;20;902
1;2025-12-02;21;485
1;2025-12-02;22;244
1;2025-12-02;23;44
1;2025-12-03;0;6
1;2025-12-03;1;0
1;2025-12-03;2;0
1;2025-12-03;3;0
1;2025-12-03;4;0
1;2025-12-03;5;92
1;2025-12-03;6;577
1;2025-12-03;7;1642
1;2025-12-03;8;2101
1;2025-12-03;9;1600
1;2025-12-03;10;1439
1;2025-12-03;11;1473
1;2025-12-03;12;1501
1;2025-12-03;13;1567
1;2025-12-03;14;1494
1;2025-12-03;15;1647
1;2025-12-03;16;1668
1;2025-12-03;17;1968
1;2025-12-03;18;1958
1;2025-12-03;19;1450
1;2025-12-03;20;899
1;2025-12-03;21;501
1;2025-12-03;22;246
1;2025-12-03;23;45
1;2025-12-04;0;6
1;2025-12-04;1;0
1;2025-12-04;2;0
1;2025-12-04;3;0
1;2025-12-04;4;0
1;2025-12-04;5;92
1;2025-12-04;6;584
1;2025-12-04;7;1629
1;2025-12-04;8;2098
1;2025-12-04;9;1590
1;2025-12-04;10;1449
1;2025-12-04;11;1480
1;2025-12-04;12;1507
1;2025-12-04;13;1544
1;2025-12-04;14;1485
1;2025-12-04;15;1639
1;2025-12-04;16;1681
1;2025-12-04;17;1963
1;2025-12-04;18;1962
1;2025-12-04;19;1450
1;2025-12-04;20;902
1;2025-12-04;21;503
1;2025-12-04;22;247
1;2025-12-04;23;49
1;2025-12-05;0;6
1;2025-12-05;1;0
1;2025-12-05;2;0
1;2025-12-05;3;0
1;2025-12-05;4;0
1;2025-12-05;5;93
1;2025-12-05;6;557
1;2025-12-05;7;1613
1;2025-12-05;8;2049
1;2025-12-05;9;1563
1;2025-12-05;10;1419
1;2025-12-05;11;1488
1;2025-12-05;12;1488
1;2025-12-05;13;1531
1;2025-12-05;14;1469
1;2025-12-05;15;1637
1;2025-12-05;16;1730
1;2025-12-05;17;1922
1;2025-12-05;18;1700
1;2025-12-05;19;1292
1;2025-12-05;20;827
1;2025-12-05;21;492
1;2025-12-05;22;246
1;2025-12-05;23;50
1;2025-12-06;0;9
1;2025-12-06;1;0
1;2025-12-06;2;0
1;2025-12-06;3;0
1;2025-12-06;4;0
1;2025-12-06;5;33
1;2025-12-06;6;190
1;2025-12-06;7;378
1;2025-12-06;8;511
1;2025-12-06;9;797
1;2025-12-06;10;899
1;2025-12-06;11;857
1;2025-12-06;12;1055
1;2025-12-06;13;1097
1;2025-12-06;14;1029
1;2025-12-06;15;910
1;2025-12-06;16;839
1;2025-12-06;17;786
1;2025-12-06;18;694
1;2025-12-06;19;607
1;2025-12-06;20;422
1;2025-12-06;21;311
1;2025-12-06;22;146
1;2025-12-06;23;37
1;2025-12-07;0;15
1;2025-12-07;1;0
1;2025-12-07;2;0
1;2025-12-07;3;0
1;2025-12-07;4;0
1;2025-12-07;5;26
1;2025-12-07;6;147
1;2025-12-07;7;298
1;2025-12-07;8;411
1;2025-12-07;9;673
1;2025-12-07;10;772
1;2025-12-07;11;791
1;2025-12-07;12;954
1;2025-12-07;13;1009
1;2025-12-07;14;917
1;2025-12-07;15;838
1;2025-12-07;16;775
1;2025-12-07;17;713
1;2025-12-07;18;627
1;2025-12-07;19;509
1;2025-12-07;20;371
1;2025-12-07;21;286
1;2025-12-07;22;121
1;2025-12-07;23;35
1;2025-12-08;0;6
1;2025-12-08;1;0
1;2025-12-08;2;0
1;2025-12-08;3;0
1;2025-12-08;4;0
1;2025-12-08;5;90
1;2025-12-08;6;570
1;2025-12-08;7;1596
1;2025-12-08;8;2058
1;2025-12-08;9;1531
1;2025-12-08;10;1365
1;2025-12-08;11;1395
1;2025-12-08;12;1446
1;2025-12-08;13;1497
1;2025-12-08;14;1444
1;2025-12-08;15;1597
1;2025-12-08;16;1639
1;2025-12-08;17;1919
1;2025-12-08;18;1954
1;2025-12-08;19;1440
1;2025-12-08;20;883
1;2025-12-08;21;475
1;2025-12-08;22;231
1;2025-12-08;23;42
1;2025-12-09;0;6
1;2025-12-09;1;0
1;2025-12-09;2;0
1;2025-12-09;3;0
1;2025-12-09;4;0
1;2025-12-09;5;92
1;2025-12-09;6;582
1;2025-12-09;7;1667
1;2025-12-09;8;2116
1;2025-12-09;9;1618
1;2025-12-09;10;1448
1;2025-12-09;11;1469
1;2025-12-09;12;1495
1;2025-12-09;13;1547
1;2025-12-09;14;1474
1;2025-12-09;15;1628
1;2025-12-09;16;1663
1;2025-12-09;17;1958
1;2025-12-09;18;1964
1;2025-12-09;19;1454
1;2025-12-09;20;900
1;2025-12-09;21;485
1;2025-12-09;22;244
1;2025-12-09;23;44
1;2025-12-10;0;6
1;2025-12-10;1;0
1;2025-12-10;2;0
1;2025-12-10;3;0
1;2025-12-10;4;0
1;2025-12-10;5;89
1;2025-12-10;6;561
1;2025-12-10;7;1601
1;2025-12-10;8;2052
1;2025-12-10;9;1564
1;2025-12-10;10;1407
1;2025-12-10;11;1434
1;2025-12-10;12;1461
1;2025-12-10;13;1529
1;2025-12-10;14;1457
1;2025-12-10;15;1603
1;2025-12-10;16;1623
1;2025-12-10;17;1923
1;2025-12-10;18;1910
1;2025-12-10;19;1414
1;2025-12-10;20;875
1;2025-12-10;21;488
1;2025-12-10;22;240
1;2025-12-10;23;44
1;2025-12-11;0;6
1;2025-12-11;1;0
1;2025-12-11;2;0
1;2025-12-11;3;0
1;2025-12-11;4;0
1;2025-12-11;5;87
1;2025-12-11;6;556
1;2025-12-11;7;1558
1;2025-12-11;8;2012
1;2025-12-11;9;1525
1;2025-12-11;10;1394
1;2025-12-11;11;1414
1;2025-12-11;12;1439
1;2025-12-11;13;1470
1;2025-12-11;14;1420
1;2025-12-11;15;1563
1;2025-12-11;16;1608
1;2025-12-11;17;1879
1;2025-12-11;18;1874
1;2025-12-11;19;1379
1;2025-12-11;20;854
1;2025-12-11;21;478
1;2025-12-11;22;234
1;2025-12-11;23;46
1;2025-12-12;0;6
1;2025-12-12;1;0
1;2025-12-12;2;0
1;2025-12-12;3;0
1;2025-12-12;4;0
1;2025-12-12;5;89
1;2025-12-12;6;530
1;2025-12-12;7;1546
1;2025-12-12;8;1963
1;2025-12-12;9;1499
1;2025-12-12;10;1354
1;2025-12-12;11;1418
1;2025-12-12;12;1414
1;2025-12-12;13;1454
1;2025-12-12;14;1398
1;2025-12-12;15;1557
1;2025-12-12;16;1660
1;2025-12-12;17;1838
1;2025-12-12;18;1608
1;2025-12-12;19;1221
1;2025-12-12;20;780
1;2025-12-12;21;468
1;2025-12-12;22;234
1;2025-12-12;23;48
1;2025-12-13;0;9
1;2025-12-13;1;0
1;2025-12-13;2;0
1;2025-12-13;3;0
1;2025-12-13;4;0
1;2025-12-13;5;33
1;2025-12-13;6;191
1;2025-12-13;7;379
1;2025-12-13;8;513
1;2025-12-13;9;799
1;2025-12-13;10;903
1;2025-12-13;11;860
1;2025-12-13;12;1057
1;2025-12-13;13;1100
1;2025-12-13;14;1031
1;2025-12-13;15;913
1;2025-12-13;16;842
1;2025-12-13;17;790
1;2025-12-13;18;699
1;2025-12-13;19;612
1;2025-12-13;20;426
1;2025-12-13;21;313
1;2025-12-13;22;147
1;2025-12-13;23;37
1;2025-12-14;0;15
1;2025-12-14;1;0
1;2025-12-14;2;0
1;2025-12-14;3;0
1;2025-12-14;4;0
1;2025-12-14;5;27
1;2025-12-14;6;148
1;2025-12-14;7;300
1;2025-12-14;8;414
1;2025-12-14;9;679
1;2025-12-14;10;778
1;2025-12-14;11;796
1;2025-12-14;12;960
1;2025-12-14;13;1015
1;2025-12-14;14;923
1;2025-12-14;15;843
1;2025-12-14;16;781
1;2025-12-14;17;720
1;2025-12-14;18;633
1;2025-12-14;19;515
1;2025-12-14;20;375
1;2025-12-14;21;289
1;2025-12-14;22;123
1;2025-12-14;23;35
1;2025-12-15;0;6
1;2025-12-15;1;0
1;2025-12-15;2;0
1;2025-12-15;3;0
1;2025-12-15;4;0
1;2025-12-15;5;90
1;2025-12-15;6;568
1;2025-12-15;7;1588
1;2025-12-15;8;2043
1;2025-12-15;9;1517
1;2025-12-15;10;1353
1;2025-12-15;11;1383
1;2025-12-15;12;1435
1;2025-12-15;13;1488
1;2025-12-15;14;1435
1;2025-12-15;15;1588
1;2025-12-15;16;1625
1;2025-12-15;17;1906
1;2025-12-15;18;1939
1;2025-12-15;19;1427
1;2025-12-15;20;874
1;2025-12-15;21;471
1;2025-12-15;22;229
1;2025-12-15;23;42
1;2025-12-16;0;6
1;2025-12-16;1;0
1;2025-12-16;2;0
1;2025-12-16;3;0
1;2025-12-16;4;0
1;2025-12-16;5;89
1;2025-12-16;6;565
1;2025-12-16;7;1629
1;2025-12-16;8;2068
1;2025-12-16;9;1585
1;2025-12-16;10;1417
1;2025-12-16;11;1426
1;2025-12-16;12;1451
1;2025-12-16;13;1506
1;2025-12-16;14;1435
1;2025-12-16;15;1583
1;2025-12-16;16;1620
1;2025-12-16;17;1911
1;2025-12-16;18;1917
1;2025-12-16;19;1420
1;2025-12-16;20;877
1;2025-12-16;21;470
1;2025-12-16;22;237
1;2025-12-16;23;42
1;2025-12-17;0;6
1;2025-12-17;1;0
1;2025-12-17;2;0
1;2025-12-17;3;0
1;2025-12-17;4;0
1;2025-12-17;5;92
1;2025-12-17;6;580
1;2025-12-17;7;1644
1;2025-12-17;8;2104
1;2025-12-17;9;1604
1;2025-12-17;10;1444
1;2025-12-17;11;1478
1;2025-12-17;12;1507
1;2025-12-17;13;1572
1;2025-12-17;14;1499
1;2025-12-17;15;1653
1;2025-12-17;16;1675
1;2025-12-17;17;1972
1;2025-12-17;18;1962
1;2025-12-17;19;1454
1;2025-12-17;20;902
1;2025-12-17;21;505
1;2025-12-17;22;249
1;2025-12-17;23;46
1;2025-12-18;0;6
1;2025-12-18;1;0
1;2025-12-18;2;0
1;2025-12-18;3;0
1;2025-12-18;4;0
1;2025-12-18;5;92
1;2025-12-18;6;583
1;2025-12-18;7;1625
1;2025-12-18;8;2094
1;2025-12-18;9;1588
1;2025-12-18;10;1448
1;2025-12-18;11;1479
1;2025-12-18;12;1507
1;2025-12-18;13;1546
1;2025-12-18;14;1489
1;2025-12-18;15;1642
1;2025-12-18;16;1683
1;2025-12-18;17;1960
1;2025-12-18;18;1959
1;2025-12-18;19;1449
1;2025-12-18;20;902
1;2025-12-18;21;504
1;2025-12-18;22;247
1;2025-12-18;23;49
1;2025-12-19;0;6
1;2025-12-19;1;0
1;2025-12-19;2;0
1;2025-12-19;3;0
1;2025-12-19;4;0
1;2025-12-19;5;93
1;2025-12-19;6;559
1;2025-12-19;7;1617
1;2025-12-19;8;2054
1;2025-12-19;9;1568
1;2025-12-19;10;1423
1;2025-12-19;11;1492
1;2025-12-19;12;1493
1;2025-12-19;13;1538
1;2025-12-19;14;1477
1;2025-12-19;15;1645
1;2025-12-19;16;1738
1;2025-12-19;17;1928
1;2025-12-19;18;1707
1;2025-12-19;19;1298
1;2025-12-19;20;832
1;2025-12-19;21;496
1;2025-12-19;22;248
1;2025-12-19;23;50
1;2025-12-20;0;9
1;2025-12-20;1;0
1;2025-12-20;2;0
1;2025-12-20;3;0
1;2025-12-20;4;0
1;2025-12-20;5;33
1;2025-12-20;6;190
1;2025-12-20;7;376
1;2025-12-20;8;509
1;2025-12-20;9;796
1;2025-12-20;10;900
1;2025-12-20;11;857
1;2025-12-20;12;1057
1;2025-12-20;13;1102
1;2025-12-20;14;1032
1;2025-12-20;15;913
1;2025-12-20;16;842
1;2025-12-20;17;787
1;2025-12-20;18;695
1;2025-12-20;19;608
1;2025-12-20;20;423
1;2025-12-20;21;311
1;2025-12-20;22;147
1;2025-12-20;23;37
1;2025-12-21;0;15
1;2025-12-21;1;0
1;2025-12-21;2;0
1;2025-12-21;3;0
1;2025-12-21;4;0
1;2025-12-21;5;26
1;2025-12-21;6;144
1;2025-12-21;7;292
1;2025-12-21;8;403
1;2025-12-21;9;662
1;2025-12-21;10;759
1;2025-12-21;11;779
1;2025-12-21;12;935
1;2025-12-21;13;991
1;2025-12-21;14;900
1;2025-12-21;15;822
1;2025-12-21;16;763
1;2025-12-21;17;700
1;2025-12-21;18;614
1;2025-12-21;19;499
1;2025-12-21;20;364
1;2025-12-21;21;280
1;2025-12-21;22;119
1;2025-12-21;23;34
1;2025-12-22;0;5
1;2025-12-22;1;0
1;2025-12-22;2;0
1;2025-12-22;3;0
1;2025-12-22;4;0
1;2025-12-22;5;87
1;2025-12-22;6;553
1;2025-12-22;7;1554
1;2025-12-22;8;2005
1;2025-12-22;9;1488
1;2025-12-22;10;1326
1;2025-12-22;11;1353
1;2025-12-22;12;1402
1;2025-12-22;13;1453
1;2025-12-22;14;1404
1;2025-12-22;15;1551
1;2025-12-22;16;1596
1;2025-12-22;17;1870
1;2025-12-22;18;1905
1;2025-12-22;19;1399
1;2025-12-22;20;854
1;2025-12-22;21;458
1;2025-12-22;22;223
1;2025-12-22;23;40
1;2025-12-23;0;6
1;2025-12-23;1;0
1;2025-12-23;2;0
1;2025-12-23;3;0
1;2025-12-23;4;0
1;2025-12-23;5;94
1;2025-12-23;6;590
1;2025-12-23;7;1682
1;2025-12-23;8;2131
1;2025-12-23;9;1623
1;2025-12-23;10;1450
1;2025-12-23;11;1474
1;2025-12-23;12;1503
1;2025-12-23;13;1557
1;2025-12-23;14;1485
1;2025-12-23;15;1642
1;2025-12-23;16;1675
1;2025-12-23;17;1973
1;2025-12-23;18;1981
1;2025-12-23;19;1470
1;2025-12-23;20;911
1;2025-12-23;21;492
1;2025-12-23;22;247
1;2025-12-23;23;45
1;2025-12-24;0;6
1;2025-12-24;1;0
1;2025-12-24;2;0
1;2025-12-24;3;0
1;2025-12-24;4;0
1;2025-12-24;5;93
1;2025-12-24;6;581
1;2025-12-24;7;1646
1;2025-12-24;8;2096
1;2025-12-24;9;1597
1;2025-12-24;10;1435
1;2025-12-24;11;1469
1;2025-12-24;12;1500
1;2025-12-24;13;1568
1;2025-12-24;14;1495
1;2025-12-24;15;1651
1;2025-12-24;16;1669
1;2025-12-24;17;1971
1;2025-12-24;18;1959
1;2025-12-24;19;1448
1;2025-12-24;20;903
1;2025-12-24;21;506
1;2025-12-24;22;249
1;2025-12-24;23;46
1;2025-12-25;0;6
1;2025-12-25;1;0
1;2025-12-25;2;0
1;2025-12-25;3;0
1;2025-12-25;4;0
1;2025-12-25;5;88
1;2025-12-25;6;562
1;2025-12-25;7;1571
1;2025-12-25;8;2025
1;2025-12-25;9;1536
1;2025-12-25;10;1404
1;2025-12-25;11;1424
1;2025-12-25;12;1449
1;2025-12-25;13;1483
1;2025-12-25;14;1433
1;2025-12-25;15;1577
1;2025-12-25;16;1622
1;2025-12-25;17;1896
1;2025-12-25;18;1891
1;2025-12-25;19;1394
1;2025-12-25;20;867
1;2025-12-25;21;485
1;2025-12-25;22;237
1;2025-12-25;23;47
1;2025-12-26;0;6
1;2025-12-26;1;0
1;2025-12-26;2;0
1;2025-12-26;3;0
1;2025-12-26;4;0
1;2025-12-26;5;89
1;2025-12-26;6;531
1;2025-12-26;7;1545
1;2025-12-26;8;1961
1;2025-12-26;9;1500
1;2025-12-26;10;1353
1;2025-12-26;11;1415
1;2025-12-26;12;1411
1;2025-12-26;13;1453
1;2025-12-26;14;1398
1;2025-12-26;15;1559
1;2025-12-26;16;1660
1;2025-12-26;17;1839
1;2025-12-26;18;1610
1;2025-12-26;19;1223
1;2025-12-26;20;783
1;2025-12-26;21;470
1;2025-12-26;22;234
1;2025-12-26;23;48
1;2025-12-27;0;9
1;2025-12-27;1;0
1;2025-12-27;2;0
1;2025-12-27;3;0
1;2025-12-27;4;0
1;2025-12-27;5;33
1;2025-12-27;6;190
1;2025-12-27;7;378
1;2025-12-27;8;511
1;2025-12-27;9;798
1;2025-12-27;10;901
1;2025-12-27;11;859
1;2025-12-27;12;1056
1;2025-12-27;13;1101
1;2025-12-27;14;1031
1;2025-12-27;15;913
1;2025-12-27;16;842
1;2025-12-27;17;789
1;2025-12-27;18;696
1;2025-12-27;19;609
1;2025-12-27;20;424
1;2025-12-27;21;312
1;2025-12-27;22;147
1;2025-12-27;23;37
1;2025-12-28;0;15
1;2025-12-28;1;0
1;2025-12-28;2;0
1;2025-12-28;3;0
1;2025-12-28;4;0
1;2025-12-28;5;26
1;2025-12-28;6;144
1;2025-12-28;7;292
1;2025-12-28;8;403
1;2025-12-28;9;663
1;2025-12-28;10;756
1;2025-12-28;11;775
1;2025-12-28;12;926
1;2025-12-28;13;982
1;2025-12-28;14;893
1;2025-12-28;15;816
1;2025-12-28;16;757
1;2025-12-28;17;695
1;2025-12-28;18;611
1;2025-12-28;19;497
1;2025-12-28;20;362
1;2025-12-28;21;279
1;2025-12-28;22;119
1;2025-12-28;23;34
1;2025-12-29;0;5
1;2025-12-29;1;0
1;2025-12-29;2;0
1;2025-12-29;3;0
1;2025-12-29;4;0
1;2025-12-29;5;88
1;2025-12-29;6;555
1;2025-12-29;7;1548
1;2025-12-29;8;1996
1;2025-12-29;9;1481
1;2025-12-29;10;1316
1;2025-12-29;11;1346
1;2025-12-29;12;1396
1;2025-12-29;13;1445
1;2025-12-29;14;1398
1;2025-12-29;15;1546
1;2025-12-29;16;1589
1;2025-12-29;17;1865
1;2025-12-29;18;1900
1;2025-12-29;19;1395
1;2025-12-29;20;861
1;2025-12-29;21;462
1;2025-12-29;22;225
1;2025-12-29;23;41
1;2025-12-30;0;6
1;2025-12-30;1;0
1;2025-12-30;2;0
1;2025-12-30;3;0
1;2025-12-30;4;0
1;2025-12-30;5;89
1;2025-12-30;6;560
1;2025-12-30;7;1606
1;2025-12-30;8;2053
1;2025-12-30;9;1561
1;2025-12-30;10;1398
1;2025-12-30;11;1401
1;2025-12-30;12;1427
1;2025-12-30;13;1481
1;2025-12-30;14;1411
1;2025-12-30;15;1556
1;2025-12-30;16;1595
1;2025-12-30;17;1885
1;2025-12-30;18;1903
1;2025-12-30;19;1397
1;2025-12-30;20;869
1;2025-12-30;21;465
1;2025-12-30;22;235
1;2025-12-30;23;42
1;2025-12-31;0;15
1;2025-12-31;1;0
1;2025-12-31;2;0
1;2025-12-31;3;0
1;2025-12-31;4;0
1;2025-12-31;5;25
1;2025-12-31;6;141
1;2025-12-31;7;305
1;2025-12-31;8;421
1;2025-12-31;9;659
1;2025-12-31;10;745
1;2025-12-31;11;736
1;2025-12-31;12;898
1;2025-12-31;13;966
1;2025-12-31;14;872
1;2025-12-31;15;796
1;2025-12-31;16;736
1;2025-12-31;17;701
1;2025-12-31;18;631
1;2025-12-31;19;515
1;2025-12-31;20;372
1;2025-12-31;21;283
1;2025-12-31;22;119
1;2025-12-31;23;32
5;2025-11-01;0;0
5;2025-11-01;1;0
5;2025-11-01;2;0
5;2025-11-01;3;0
5;2025-11-01;4;0
5;2025-11-01;5;0
5;2025-11-01;6;0
5;2025-11-01;7;0
5;2025-11-01;8;0
5;2025-11-01;9;0
5;2025-11-01;10;0
5;2025-11-01;11;0
5;2025-11-01;12;0
5;2025-11-01;13;0
5;2025-11-01;14;0
5;2025-11-01;15;0
5;2025-11-01;16;0
5;2025-11-01;17;0
5;2025-11-01;18;0
5;2025-11-01;19;0
5;2025-11-01;20;0
5;2025-11-01;21;0
5;2025-11-01;22;0
5;2025-11-01;23;0
5;2025-11-02;0;0
5;2025-11-02;1;0
5;2025-11-02;2;0
5;2025-11-02;3;0
5;2025-11-02;4;0
5;2025-11-02;5;0
5;2025-11-02;6;0
5;2025-11-02;7;0
5;2025-11-02;8;0
5;2025-11-02;9;0
5;2025-11-02;10;0
5;2025-11-02;11;0
5;2025-11-02;12;0
5;2025-11-02;13;0
5;2025-11-02;14;0
5;2025-11-02;15;0
5;2025-11-02;16;0
5;2025-11-02;17;0
5;2025-11-02;18;0
5;2025-11-02;19;0
5;2025-11-02;20;0
5;2025-11-02;21;0
5;2025-11-02;22;0
5;2025-11-02;23;0
5;2025-11-03;0;0
5;2025-11-03;1;0
5;2025-11-03;2;0
5;2025-11-03;3;0
5;2025-11-03;4;0
5;2025-11-03;5;0
5;2025-11-03;6;0
5;2025-11-03;7;0
5;2025-11-03;8;0
5;2025-11-03;9;0
5;2025-11-03;10;0
5;2025-11-03;11;0
5;2025-11-03;12;0
5;2025-11-03;13;0
5;2025-11-03;14;0
5;2025-11-03;15;0
5;2025-11-03;16;0
5;2025-11-03;17;0
5;2025-11-03;18;0
5;2025-11-03;19;0
5;2025-11-03;20;0
5;2025-11-03;21;0
5;2025-11-03;22;0
5;2025-11-03;23;0
5;2025-11-04;0;0
5;2025-11-04;1;0
5;2025-11-04;2;0
5;2025-11-04;3;0
5;2025-11-04;4;0
5;2025-11-04;5;0
5;2025-11-04;6;0
5;2025-11-04;7;0
5;2025-11-04;8;0
5;2025-11-04;9;0
5;2025-11-04;10;0
5;2025-11-04;11;0
5;2025-11-04;12;0
5;2025-11-04;13;0
5;2025-11-04;14;0
5;2025-11-04;15;0
5;2025-11-04;16;0
5;2025-11-04;17;0
5;2025-11-04;18;0
5;2025-11-04;19;0
5;2025-11-04;20;0
5;2025-11-04;21;0
5;2025-11-04;22;0
5;2025-11-04;23;0
5;2025-11-05;0;0
5;2025-11-05;1;0
5;2025-11-05;2;0
5;2025-11-05;3;0
5;2025-11-05;4;0
5;2025-11-05;5;0
5;2025-11-05;6;0
5;2025-11-05;7;0
5;2025-11-05;8;0
5;2025-11-05;9;0
5;2025-11-05;10;0
5;2025-11-05;11;0
5;2025-11-05;12;0
5;2025-11-05;13;0
5;2025-11-05;14;0
5;2025-11-05;15;0
5;2025-11-05;16;0
5;2025-11-05;17;0
5;2025-11-05;18;0
5;2025-11-05;19;0
5;2025-11-05;20;0
5;2025-11-05;21;0
5;2025-11-05;22;0
5;2025-11-05;23;0
5;2025-11-06;0;0
5;2025-11-06;1;0
5;2025-11-06;2;0
5;2025-11-06;3;0
5;2025-11-06;4;0
5;2025-11-06;5;0
5;2025-11-06;6;0
5;2025-11-06;7;0
5;2025-11-06;8;0
5;2025-11-06;9;0
5;2025-11-06;10;0
5;2025-11-06;11;0
5;2025-11-06;12;0
5;2025-11-06;13;0
5;2025-11-06;14;0
5;2025-11-06;15;0
5;2025-11-06;16;0
5;2025-11-06;17;0
5;2025-11-06;18;0
5;2025-11-06;19;0
5;2025-11-06;20;0
5;2025-11-06;21;0
5;2025-11-06;22;0
5;2025-11-06;23;0
5;2025-11-07;0;0
5;2025-11-07;1;0
5;2025-11-07;2;0
5;2025-11-07;3;0
5;2025-11-07;4;0
5;2025-11-07;5;0
5;2025-11-07;6;0
5;2025-11-07;7;0
5;2025-11-07;8;0
5;2025-11-07;9;0
5;2025-11-07;10;0
5;2025-11-07;11;0
5;2025-11-07;12;0
5;2025-11-07;13;0
5;2025-11-07;14;0
5;2025-11-07;15;0
5;2025-11-07;16;0
5;2025-11-07;17;0
5;2025-11-07;18;0
5;2025-11-07;19;0
5;2025-11-07;20;0
5;2025-11-07;21;0
5;2025-11-07;22;0
5;2025-11-07;23;0
5;2025-11-08;0;0
5;2025-11-08;1;0
5;2025-11-08;2;0
5;2025-11-08;3;0
5;2025-11-08;4;0
5;2025-11-08;5;0
5;2025-11-08;6;0
5;2025-11-08;7;0
5;2025-11-08;8;0
5;2025-11-08;9;0
5;2025-11-08;10;0
5;2025-11-08;11;0
5;2025-11-08;12;0
5;2025-11-08;13;0
5;2025-11-08;14;0
5;2025-11-08;15;0
5;2025-11-08;16;0
5;2025-11-08;17;0
5;2025-11-08;18;0
5;2025-11-08;19;0
5;2025-11-08;20;0
5;2025-11-08;21;0
5;2025-11-08;22;0
5;2025-11-08;23;0
5;2025-11-09;0;0
5;2025-11-09;1;0
5;2025-11-09;2;0
5;2025-11-09;3;0
5;2025-11-09;4;0
5;2025-11-09;5;0
5;2025-11-09;6;0
5;2025-11-09;7;0
5;2025-11-09;8;0
5;2025-11-09;9;0
5;2025-11-09;10;0
5;2025-11-09;11;0
5;2025-11-09;12;0
5;2025-11-09;13;0
5;2025-11-09;14;0
5;2025-11-09;15;0
5;2025-11-09;16;0
5;2025-11-09;17;0
5;2025-11-09;18;0
5;2025-11-09;19;0
5;2025-11-09;20;0
5;2025-11-09;21;0
5;2025-11-09;22;0
5;2025-11-09;23;0
5;2025-11-10;0;0
5;2025-11-10;1;0
5;2025-11-10;2;0
5;2025-11-10;3;0
5;2025-11-10;4;0
5;2025-11-10;5;0
5;2025-11-10;6;0
5;2025-11-10;7;0
5;2025-11-10;8;0
5;2025-11-10;9;0
5;2025-11-10;10;0
5;2025-11-10;11;0
5;2025-11-10;12;0
5;2025-11-10;13;0
5;2025-11-10;14;0
5;2025-11-10;15;0
5;2025-11-10;16;0
5;2025-11-10;17;0
5;2025-11-10;18;0
5;2025-11-10;19;0
5;2025-11-10;20;0
5;2025-11-10;21;0
5;2025-11-10;22;0
5;2025-11-10;23;0
5;2025-11-11;0;0
5;2025-11-11;1;0
5;2025-11-11;2;0
5;2025-11-11;3;0
5;2025-11-11;4;0
5;2025-11-11;5;0
5;2025-11-11;6;0
5;2025-11-11;7;0
5;2025-11-11;8;0
5;2025-11-11;9;0
5;2025-11-11;10;0
5;2025-11-11;11;0
5;2025-11-11;12;0
5;2025-11-11;13;0
5;2025-11-11;14;0
5;2025-11-11;15;0
5;2025-11-11;16;0
5;2025-11-11;17;0
5;2025-11-11;18;0
5;2025-11-11;19;0
5;2025-11-11;20;0
5;2025-11-11;21;0
5;2025-11-11;22;0
5;2025-11-11;23;0
5;2025-11-12;0;0
5;2025-11-12;1;0
5;2025-11-12;2;0
5;2025-11-12;3;0
5;2025-11-12;4;0
5;2025-11-12;5;0
5;2025-11-12;6;0
5;2025-11-12;7;0
5;2025-11-12;8;0
5;2025-11-12;9;0
5;2025-11-12;10;0
5;2025-11-12;11;0
5;2025-11-12;12;0
5;2025-11-12;13;0
5;2025-11-12;14;0
5;2025-11-12;15;0
5;2025-11-12;16;0
5;2025-11-12;17;0
5;2025-11-12;18;0
5;2025-11-12;19;0
5;2025-11-12;20;0
5;2025-11-12;21;0
5;2025-11-12;22;0
5;2025-11-12;23;0
5;2025-11-13;0;0
5;2025-11-13;1;0
5;2025-11-13;2;0
5;2025-11-13;3;0
5;2025-11-13;4;0
5;2025-11-13;5;0
5;2025-11-13;6;0
5;2025-11-13;7;0
5;2025-11-13;8;0
5;2025-11-13;9;0
5;2025-11-13;10;0
5;2025-11-13;11;0
5;2025-11-13;12;0
5;2025-11-13;13;0
5;2025-11-13;14;0
5;2025-11-13;15;0
5;2025-11-13;16;0
5;2025-11-13;17;0
5;2025-11-13;18;0
5;2025-11-13;19;0
5;2025-11-13;20;0
5;2025-11-13;21;0
5;2025-11-13;22;0
5;2025-11-13;23;0
5;2025-11-14;0;0
5;2025-11-14;1;0
5;2025-11-14;2;0
5;2025-11-14;3;0
5;2025-11-14;4;0
5;2025-11-14;5;0
5;2025-11-14;6;0
5;2025-11-14;7;0
5;2025-11-14;8;0
5;2025-11-14;9;0
5;2025-11-14;10;0
5;2025-11-14;11;0
5;2025-11-14;12;0
5;2025-11-14;13;0
5;2025-11-14;14;0
5;2025-11-14;15;0
5;2025-11-14;16;0
5;2025-11-14;17;0
5;2025-11-14;18;0
5;2025-11-14;19;0
5;2025-11-14;20;0
5;2025-11-14;21;0
5;2025-11-14;22;0
5;2025-11-14;23;0
5;2025-11-15;0;0
5;2025-11-15;1;0
5;2025-11-15;2;0
5;2025-11-15;3;0
5;2025-11-15;4;0
5;2025-11-15;5;0
5;2025-11-15;6;0
5;2025-11-15;7;0
5;2025-11-15;8;0
5;2025-11-15;9;0
5;2025-11-15;10;0
5;2025-11-15;11;0
5;2025-11-15;12;0
5;2025-11-15;13;0
5;2025-11-15;14;0
5;2025-11-15;15;0
5;2025-11-15;16;0
5;2025-11-15;17;0
5;2025-11-15;18;0
5;2025-11-15;19;0
5;2025-11-15;20;0
5;2025-11-15;21;0
5;2025-11-15;22;0
5;2025-11-15;23;0
5;2025-11-16;0;0
5;2025-11-16;1;0
5;2025-11-16;2;0
5;2025-11-16;3;0
5;2025-11-16;4;0
5;2025-11-16;5;0
5;2025-11-16;6;0
5;2025-11-16;7;0
5;2025-11-16;8;0
5;2025-11-16;9;0
5;2025-11-16;10;0
5;2025-11-16;11;0
5;2025-11-16;12;0
5;2025-11-16;13;0
5;2025-11-16;14;0
5;2025-11-16;15;0
5;2025-11-16;16;0
5;2025-11-16;17;0
5;2025-11-16;18;0
5;2025-11-16;19;0
5;2025-11-16;20;0
5;2025-11-16;21;0
5;2025-11-16;22;0
5;2025-11-16;23;0
5;2025-11-17;0;0
5;2025-11-17;1;0
5;2025-11-17;2;0
5;2025-11-17;3;0
5;2025-11-17;4;0
5;2025-11-17;5;0
5;2025-11-17;6;0
5;2025-11-17;7;0
5;2025-11-17;8;0
5;2025-11-17;9;0
5;2025-11-17;10;0
5;2025-11-17;11;0
5;2025-11-17;12;0
5;2025-11-17;13;0
5;2025-11-17;14;0
5;2025-11-17;15;0
5;2025-11-17;16;0
5;2025-11-17;17;0
5;2025-11-17;18;0
5;2025-11-17;19;0
5;2025-11-17;20;0
5;2025-11-17;21;0
5;2025-11-17;22;0
5;2025-11-17;23;0
5;2025-11-18;0;0
5;2025-11-18;1;0
5;2025-11-18;2;0
5;2025-11-18;3;0
5;2025-11-18;4;0
5;2025-11-18;5;0
5;2025-11-18;6;0
5;2025-11-18;7;0
5;2025-11-18;8;0
5;2025-11-18;9;0
5;2025-11-18;10;0
5;2025-11-18;11;0
5;2025-11-18;12;0
5;2025-11-18;13;0
5;2025-11-18;14;0
5;2025-11-18;15;0
5;2025-11-18;16;0
5;2025-11-18;17;0
5;2025-11-18;18;0
5;2025-11-18;19;0
5;2025-11-18;20;0
5;2025-11-18;21;0
5;2025-11-18;22;0
5;2025-11-18;23;0
5;2025-11-19;0;0
5;2025-11-19;1;0
5;2025-11-19;2;0
5;2025-11-19;3;0
5;2025-11-19;4;0
5;2025-11-19;5;0
5;2025-11-19;6;0
5;2025-11-19;7;0
5;2025-11-19;8;0
5;2025-11-19;9;0
5;2025-11-19;10;0
5;2025-11-19;11;0
5;2025-11-19;12;0
5;2025-11-19;13;0
5;2025-11-19;14;0
5;2025-11-19;15;0
5;2025-11-19;16;0
5;2025-11-19;17;0
5;2025-11-19;18;0
5;2025-11-19;19;0
5;2025-11-19;20;0
5;2025-11-19;21;0
5;2025-11-19;22;0
5;2025-11-19;23;0
5;2025-11-20;0;0
5;2025-11-20;1;0
5;2025-11-20;2;0
5;2025-11-20;3;0
5;2025-11-20;4;0
5;2025-11-20;5;0
5;2025-11-20;6;0
5;2025-11-20;7;0
5;2025-11-20;8;0
5;2025-11-20;9;0
5;2025-11-20;10;0
5;2025-11-20;11;0
5;2025-11-20;12;0
5;2025-11-20;13;0
5;2025-11-20;14;0
5;2025-11-20;15;0
5;2025-11-20;16;0
5;2025-11-20;17;0
5;2025-11-20;18;0
5;2025-11-20;19;0
5;2025-11-20;20;0
5;2025-11-20;21;0
5;2025-11-20;22;0
5;2025-11-20;23;0
5;2025-11-21;0;0
5;2025-11-21;1;0
5;2025-11-21;2;0
5;2025-11-21;3;0
5;2025-11-21;4;0
5;2025-11-21;5;0
5;2025-11-21;6;0
5;2025-11-21;7;0
5;2025-11-21;8;0
5;2025-11-21;9;0
5;2025-11-21;10;0
5;2025-11-21;11;0
5;2025-11-21;12;0
5;2025-11-21;13;0
5;2025-11-21;14;0
5;2025-11-21;15;0
5;2025-11-21;16;0
5;2025-11-21;17;0
5;2025-11-21;18;0
5;2025-11-21;19;0
5;2025-11-21;20;0
5;2025-11-21;21;0
5;2025-11-21;22;0
5;2025-11-21;23;0
5;2025-11-22;0;0
5;2025-11-22;1;0
5;2025-11-22;2;0
5;2025-11-22;3;0
5;2025-11-22;4;0
5;2025-11-22;5;0
5;2025-11-22;6;0
5;2025-11-22;7;0
5;2025-11-22;8;0
5;2025-11-22;9;0
5;2025-11-22;10;0
5;2025-11-22;11;0
5;2025-11-22;12;0
5;2025-11-22;13;0
5;2025-11-22;14;0
5;2025-11-22;15;0
5;2025-11-22;16;0
5;2025-11-22;17;0
5;2025-11-22;18;0
5;2025-11-22;19;0
5;2025-11-22;20;0
5;2025-11-22;21;0
5;2025-11-22;22;0
5;2025-11-22;23;0
5;2025-11-23;0;0
5;2025-11-23;1;0
5;2025-11-23;2;0
5;2025-11-23;3;0
5;2025-11-23;4;0
5;2025-11-23;5;0
5;2025-11-23;6;0
5;2025-11-23;7;0
5;2025-11-23;8;0
5;2025-11-23;9;0
5;2025-11-23;10;0
5;2025-11-23;11;0
5;2025-11-23;12;0
5;2025-11-23;13;0
5;2025-11-23;14;0
5;2025-11-23;15;0
5;2025-11-23;16;0
5;2025-11-23;17;0
5;2025-11-23;18;0
5;2025-11-23;19;0
5;2025-11-23;20;0
5;2025-11-23;21;0
5;2025-11-23;22;0
5;2025-11-23;23;0
5;2025-11-24;0;0
5;2025-11-24;1;0
5;2025-11-24;2;0
5;2025-11-24;3;0
5;2025-11-24;4;0
5;2025-11-24;5;0
5;2025-11-24;6;0
5;2025-11-24;7;0
5;2025-11-24;8;0
5;2025-11-24;9;0
5;2025-11-24;10;0
5;2025-11-24;11;0
5;2025-11-24;12;0
5;2025-11-24;13;0
5;2025-11-24;14;0
5;2025-11-24;15;0
5;2025-11-24;16;0
5;2025-11-24;17;0
5;2025-11-24;18;0
5;2025-11-24;19;0
5;2025-11-24;20;0
5;2025-11-24;21;0
5;2025-11-24;22;0
5;2025-11-24;23;0
5;2025-11-25;0;0
5;2025-11-25;1;0
5;2025-11-25;2;0
5;2025-11-25;3;0
5;2025-11-25;4;0
5;2025-11-25;5;0
5;2025-11-25;6;0
5;2025-11-25;7;0
5;2025-11-25;8;0
5;2025-11-25;9;0
5;2025-11-25;10;0
5;2025-11-25;11;0
5;2025-11-25;12;0
5;2025-11-25;13;0
5;2025-11-25;14;0
5;2025-11-25;15;0
5;2025-11-25;16;0
5;2025-11-25;17;0
5;2025-11-25;18;0
5;2025-11-25;19;0
5;2025-11-25;20;0
5;2025-11-25;21;0
5;2025-11-25;22;0
5;2025-11-25;23;0
5;2025-11-26;0;0
5;2025-11-26;1;0
5;2025-11-26;2;0
5;2025-11-26;3;0
5;2025-11-26;4;0
5;2025-11-26;5;0
5;2025-11-26;6;0
5;2025-11-26;7;0
5;2025-11-26;8;0
5;2025-11-26;9;0
5;2025-11-26;10;0
5;2025-11-26;11;0
5;2025-11-26;12;0
5;2025-11-26;13;0
5;2025-11-26;14;0
5;2025-11-26;15;0
5;2025-11-26;16;0
5;2025-11-26;17;0
5;2025-11-26;18;0
5;2025-11-26;19;0
5;2025-11-26;20;0
5;2025-11-26;21;0
5;2025-11-26;22;0
5;2025-11-26;23;0
5;2025-11-27;0;0
5;2025-11-27;1;0
5;2025-11-27;2;0
5;2025-11-27;3;0
5;2025-11-27;4;0
5;2025-11-27;5;0
5;2025-11-27;6;0
5;2025-11-27;7;0
5;2025-11-27;8;0
5;2025-11-27;9;0
5;2025-11-27;10;0
5;2025-11-27;11;0
5;2025-11-27;12;0
5;2025-11-27;13;0
5;2025-11-27;14;0
5;2025-11-27;15;0
5;2025-11-27;16;0
5;2025-11-27;17;0
5;2025-11-27;18;0
5;2025-11-27;19;0
5;2025-11-27;20;0
5;2025-11-27;21;0
5;2025-11-27;22;0
5;2025-11-27;23;0
5;2025-11-28;0;0
5;2025-11-28;1;0
5;2025-11-28;2;0
5;2025-11-28;3;0
5;2025-11-28;4;0
5;2025-11-28;5;0
5;2025-11-28;6;0
5;2025-11-28;7;0
5;2025-11-28;8;0
5;2025-11-28;9;0
5;2025-11-28;10;0
5;2025-11-28;11;0
5;2025-11-28;12;0
5;2025-11-28;13;0
5;2025-11-28;14;0
5;2025-11-28;15;0
5;2025-11-28;16;0
5;2025-11-28;17;0
5;2025-11-28;18;0
5;2025-11-28;19;0
5;2025-11-28;20;0
5;2025-11-28;21;0
5;2025-11-28;22;0
5;2025-11-28;23;0
5;2025-11-29;0;0
5;2025-11-29;1;0
5;2025-11-29;2;0
5;2025-11-29;3;0
5;2025-11-29;4;0
5;2025-11-29;5;0
5;2025-11-29;6;0
5;2025-11-29;7;0
5;2025-11-29;8;0
5;2025-11-29;9;0
5;2025-11-29;10;0
5;2025-11-29;11;0
5;2025-11-29;12;0
5;2025-11-29;13;0
5;2025-11-29;14;0
5;2025-11-29;15;0
5;2025-11-29;16;0
5;2025-11-29;17;0
5;2025-11-29;18;0
5;2025-11-29;19;0
5;2025-11-29;20;0
5;2025-11-29;21;0
5;2025-11-29;22;0
5;2025-11-29;23;0
5;2025-11-30;0;0
5;2025-11-30;1;0
5;2025-11-30;2;0
5;2025-11-30;3;0
5;2025-11-30;4;0
5;2025-11-30;5;0
5;2025-11-30;6;0
5;2025-11-30;7;0
5;2025-11-30;8;0
5;2025-11-30;9;0
5;2025-11-30;10;0
5;2025-11-30;11;0
5;2025-11-30;12;0
5;2025-11-30;13;0
5;2025-11-30;14;0
5;2025-11-30;15;0
5;2025-11-30;16;0
5;2025-11-30;17;0
5;2025-11-30;18;0
5;2025-11-30;19;0
5;2025-11-30;20;0
5;2025-11-30;21;0
5;2025-11-30;22;0
5;2025-11-30;23;0
5;2025-12-01;0;0
5;2025-12-01;1;0
5;2025-12-01;2;0
5;2025-12-01;3;0
5;2025-12-01;4;0
5;2025-12-01;5;0
5;2025-12-01;6;0
5;2025-12-01;7;0
5;2025-12-01;8;0
5;2025-12-01;9;0
5;2025-12-01;10;0
5;2025-12-01;11;0
5;2025-12-01;12;0
5;2025-12-01;13;0
5;2025-12-01;14;0
5;2025-12-01;15;0
5;2025-12-01;16;0
5;2025-12-01;17;0
5;2025-12-01;18;0
5;2025-12-01;19;0
5;2025-12-01;20;0
5;2025-12-01;21;0
5;2025-12-01;22;0
5;2025-12-01;23;0
5;2025-12-02;0;0
5;2025-12-02;1;0
5;2025-12-02;2;0
5;2025-12-02;3;0
5;2025-12-02;4;0
5;2025-12-02;5;0
5;2025-12-02;6;0
5;2025-12-02;7;0
5;2025-12-02;8;0
5;2025-12-02;9;0
5;2025-12-02;10;0
5;2025-12-02;11;0
5;2025-12-02;12;0
5;2025-12-02;13;0
5;2025-12-02;14;0
5;2025-12-02;15;0
5;2025-12-02;16;0
5;2025-12-02;17;0
5;2025-12-02;18;0
5;2025-12-02;19;0
5;2025-12-02;20;0
5;2025-12-02;21;0
5;2025-12-02;22;0
5;2025-12-02;23;0
5;2025-12-03;0;0
5;2025-12-03;1;0
5;2025-12-03;2;0
5;2025-12-03;3;0
5;2025-12-03;4;0
5;2025-12-03;5;0
5;2025-12-03;6;0
5;2025-12-03;7;0
5;2025-12-03;8;0
5;2025-12-03;9;0
5;2025-12-03;10;0
5;2025-12-03;11;0
5;2025-12-03;12;0
5;2025-12-03;13;0
5;2025-12-03;14;0
5;2025-12-03;15;0
5;2025-12-03;16;0
5;2025-12-03;17;0
5;2025-12-03;18;0
5;2025-12-03;19;0
5;2025-12-03;20;0
5;2025-12-03;21;0
5;2025-12-03;22;0
5;2025-12-03;23;0
5;2025-12-04;0;0
5;2025-12-04;1;0
5;2025-12-04;2;0
5;2025-12-04;3;0
5;2025-12-04;4;0
5;2025-12-04;5;0
5;2025-12-04;6;0
5;2025-12-04;7;0
5;2025-12-04;8;0
5;2025-12-04;9;0
5;2025-12-04;10;0
5;2025-12-04;11;0
5;2025-12-04;12;0
5;2025-12-04;13;0
5;2025-12-04;14;0
5;2025-12-04;15;0
5;2025-12-04;16;0
5;2025-12-04;17;0
5;2025-12-04;18;0
5;2025-12-04;19;0
5;2025-12-04;20;0
5;2025-12-04;21;0
5;2025-12-04;22;0
5;2025-12-04;23;0
5;2025-12-05;0;0
5;2025-12-05;1;0
5;2025-12-05;2;0
5;2025-12-05;3;0
5;2025-12-05;4;0
5;2025-12-05;5;0
5;2025-12-05;6;0
5;2025-12-05;7;0
5;2025-12-05;8;0
5;2025-12-05;9;0
5;2025-12-05;10;0
5;2025-12-05;11;0
5;2025-12-05;12;0
5;2025-12-05;13;0
5;2025-12-05;14;0
5;2025-12-05;15;0
5;2025-12-05;16;0
5;2025-12-05;17;0
5;2025-12-05;18;0
5;2025-12-05;19;0
5;2025-12-05;20;0
5;2025-12-05;21;0
5;2025-12-05;22;0
5;2025-12-05;23;0
5;2025-12-06;0;0
5;2025-12-06;1;0
5;2025-12-06;2;0
5;2025-12-06;3;0
5;2025-12-06;4;0
5;2025-12-06;5;0
5;2025-12-06;6;0
5;2025-12-06;7;0
5;2025-12-06;8;0
5;2025-12-06;9;0
5;2025-12-06;10;0
5;2025-12-06;11;0
5;2025-12-06;12;0
5;2025-12-06;13;0
5;2025-12-06;14;0
5;2025-12-06;15;0
5;2025-12-06;16;0
5;2025-12-06;17;0
5;2025-12-06;18;0
5;2025-12-06;19;0
5;2025-12-06;20;0
5;2025-12-06;21;0
5;2025-12-06;22;0
5;2025-12-06;23;0
5;2025-12-07;0;0
5;2025-12-07;1;0
5;2025-12-07;2;0
5;2025-12-07;3;0
5;2025-12-07;4;0
5;2025-12-07;5;0
5;2025-12-07;6;0
5;2025-12-07;7;0
5;2025-12-07;8;0
5;2025-12-07;9;0
5;2025-12-07;10;0
5;2025-12-07;11;0
5;2025-12-07;12;0
5;2025-12-07;13;0
5;2025-12-07;14;0
5;2025-12-07;15;0
5;2025-12-07;16;0
5;2025-12-07;17;0
5;2025-12-07;18;0
5;2025-12-07;19;0
5;2025-12-07;20;0
5;2025-12-07;21;0
5;2025-12-07;22;0
5;2025-12-07;23;0
5;2025-12-08;0;0
5;2025-12-08;1;0
5;2025-12-08;2;0
5;2025-12-08;3;0
5;2025-12-08;4;0
5;2025-12-08;5;0
5;2025-12-08;6;0
5;2025-12-08;7;0
5;2025-12-08;8;0
5;2025-12-08;9;0
5;2025-12-08;10;0
5;2025-12-08;11;0
5;2025-12-08;12;0
5;2025-12-08;13;0
5;2025-12-08;14;0
5;2025-12-08;15;0
5;2025-12-08;16;0
5;2025-12-08;17;0
5;2025-12-08;18;0
5;2025-12-08;19;0
5;2025-12-08;20;0
5;2025-12-08;21;0
5;2025-12-08;22;0
5;2025-12-08;23;0
5;2025-12-09;0;0
5;2025-12-09;1;0
5;2025-12-09;2;0
5;2025-12-09;3;0
5;2025-12-09;4;0
5;2025-12-09;5;0
5;2025-12-09;6;0
5;2025-12-09;7;0
5;2025-12-09;8;0
5;2025-12-09;9;0
5;2025-12-09;10;0
5;2025-12-09;11;0
5;2025-12-09;12;0
5;2025-12-09;13;0
5;2025-12-09;14;0
5;2025-12-09;15;0
5;2025-12-09;16;0
5;2025-12-09;17;0
5;2025-12-09;18;0
5;2025-12-09;19;0
5;2025-12-09;20;0
5;2025-12-09;21;0
5;2025-12-09;22;0
5;2025-12-09;23;0
5;2025-12-10;0;0
5;2025-12-10;1;0
5;2025-12-10;2;0
5;2025-12-10;3;0
5;2025-12-10;4;0
5;2025-12-10;5;0
5;2025-12-10;6;0
5;2025-12-10;7;0
5;2025-12-10;8;0
5;2025-12-10;9;0
5;2025-12-10;10;0
5;2025-12-10;11;0
5;2025-12-10;12;0
5;2025-12-10;13;0
5;2025-12-10;14;0
5;2025-12-10;15;0
5;2025-12-10;16;0
5;2025-12-10;17;0
5;2025-12-10;18;0
5;2025-12-10;19;0
5;2025-12-10;20;0
5;2025-12-10;21;0
5;2025-12-10;22;0
5;2025-12-10;23;0
5;2025-12-11;0;0
5;2025-12-11;1;0
5;2025-12-11;2;0
5;2025-12-11;3;0
5;2025-12-11;4;0
5;2025-12-11;5;0
5;2025-12-11;6;0
5;2025-12-11;7;0
5;2025-12-11;8;0
5;2025-12-11;9;0
5;2025-12-11;10;0
5;2025-12-11;11;0
5;2025-12-11;12;0
5;2025-12-11;13;0
5;2025-12-11;14;0
5;2025-12-11;15;0
5;2025-12-11;16;0
5;2025-12-11;17;0
5;2025-12-11;18;0
5;2025-12-11;19;0
5;2025-12-11;20;0
5;2025-12-11;21;0
5;2025-12-11;22;0
5;2025-12-11;23;0
5;2025-12-12;0;0
5;2025-12-12;1;0
5;2025-12-12;2;0
5;2025-12-12;3;0
5;2025-12-12;4;0
5;2025-12-12;5;0
5;2025-12-12;6;0
5;2025-12-12;7;0
5;2025-12-12;8;0
5;2025-12-12;9;0
5;2025-12-12;10;0
5;2025-12-12;11;0
5;2025-12-12;12;0
5;2025-12-12;13;0
5;2025-12-12;14;0
5;2025-12-12;15;0
5;2025-12-12;16;0
5;2025-12-12;17;0
5;2025-12-12;18;0
5;2025-12-12;19;0
5;2025-12-12;20;0
5;2025-12-12;21;0
5;2025-12-12;22;0
5;2025-12-12;23;0
5;2025-12-13;0;0
5;2025-12-13;1;0
5;2025-12-13;2;0
5;2025-12-13;3;0
5;2025-12-13;4;0
5;2025-12-13;5;0
5;2025-12-13;6;0
5;2025-12-13;7;0
5;2025-12-13;8;0
5;2025-12-13;9;0
5;2025-12-13;10;0
5;2025-12-13;11;0
5;2025-12-13;12;0
5;2025-12-13;13;0
5;2025-12-13;14;0
5;2025-12-13;15;0
5;2025-12-13;16;0
5;2025-12-13;17;0
5;2025-12-13;18;0
5;2025-12-13;19;0
5;2025-12-13;20;0
5;2025-12-13;21;0
5;2025-12-13;22;0
5;2025-12-13;23;0
5;2025-12-14;0;0
5;2025-12-14;1;0
5;2025-12-14;2;0
5;2025-12-14;3;0
5;2025-12-14;4;0
5;2025-12-14;5;0
5;2025-12-14;6;0
5;2025-12-14;7;0
5;2025-12-14;8;0
5;2025-12-14;9;0
5;2025-12-14;10;0
5;2025-12-14;11;0
5;2025-12-14;12;0
5;2025-12-14;13;0
5;2025-12-14;14;0
5;2025-12-14;15;0
5;2025-12-14;16;0
5;2025-12-14;17;0
5;2025-12-14;18;0
5;2025-12-14;19;0
5;2025-12-14;20;0
5;2025-12-14;21;0
5;2025-12-14;22;0
5;2025-12-14;23;0
5;2025-12-15;0;0
5;2025-12-15;1;0
5;2025-12-15;2;0
5;2025-12-15;3;0
5;2025-12-15;4;0
5;2025-12-15;5;0
5;2025-12-15;6;0
5;2025-12-15;7;0
5;2025-12-15;8;0
5;2025-12-15;9;0
5;2025-12-15;10;0
5;2025-12-15;11;0
5;2025-12-15;12;0
5;2025-12-15;13;0
5;2025-12-15;14;0
5;2025-12-15;15;0
5;2025-12-15;16;0
5;2025-12-15;17;0
5;2025-12-15;18;0
5;2025-12-15;19;0
5;2025-12-15;20;0
5;2025-12-15;21;0
5;2025-12-15;22;0
5;2025-12-15;23;0
5;2025-12-16;0;0
5;2025-12-16;1;0
5;2025-12-16;2;0
5;2025-12-16;3;0
5;2025-12-16;4;0
5;2025-12-16;5;0
5;2025-12-16;6;0
5;2025-12-16;7;0
5;2025-12-16;8;0
5;2025-12-16;9;0
5;2025-12-16;10;0
5;2025-12-16;11;0
5;2025-12-16;12;0
5;2025-12-16;13;0
5;2025-12-16;14;0
5;2025-12-16;15;0
5;2025-12-16;16;0
5;2025-12-16;17;0
5;2025-12-16;18;0
5;2025-12-16;19;0
5;2025-12-16;20;0
5;2025-12-16;21;0
5;2025-12-16;22;0
5;2025-12-16;23;0
5;2025-12-17;0;0
5;2025-12-17;1;0
5;2025-12-17;2;0
5;2025-12-17;3;0
5;2025-12-17;4;0
5;2025-12-17;5;0
5;2025-12-17;6;0
5;2025-12-17;7;0
5;2025-12-17;8;0
5;2025-12-17;9;0
5;2025-12-17;10;0
5;2025-12-17;11;0
5;2025-12-17;12;0
5;2025-12-17;13;0
5;2025-12-17;14;0
5;2025-12-17;15;0
5;2025-12-17;16;0
5;2025-12-17;17;0
5;2025-12-17;18;0
5;2025-12-17;19;0
5;2025-12-17;20;0
5;2025-12-17;21;0
5;2025-12-17;22;0
5;2025-12-17;23;0
5;2025-12-18;0;0
5;2025-12-18;1;0
5;2025-12-18;2;0
5;2025-12-18;3;0
5;2025-12-18;4;0
5;2025-12-18;5;0
5;2025-12-18;6;0
5;2025-12-18;7;0
5;2025-12-18;8;0
5;2025-12-18;9;0
5;2025-12-18;10;0
5;2025-12-18;11;0
5;2025-12-18;12;0
5;2025-12-18;13;0
5;2025-12-18;14;0
5;2025-12-18;15;0
5;2025-12-18;16;0
5;2025-12-18;17;0
5;2025-12-18;18;0
5;2025-12-18;19;0
5;2025-12-18;20;0
5;2025-12-18;21;0
5;2025-12-18;22;0
5;2025-12-18;23;0
5;2025-12-19;0;0
5;2025-12-19;1;0
5;2025-12-19;2;0
5;2025-12-19;3;0
5;2025-12-19;4;0
5;2025-12-19;5;0
5;2025-12-19;6;0
5;2025-12-19;7;0
5;2025-12-19;8;0
5;2025-12-19;9;0
5;2025-12-19;10;0
5;2025-12-19;11;0
5;2025-12-19;12;0
5;2025-12-19;13;0
5;2025-12-19;14;0
5;2025-12-19;15;0
5;2025-12-19;16;0
5;2025-12-19;17;0
5;2025-12-19;18;0
5;2025-12-19;19;0
5;2025-12-19;20;0
5;2025-12-19;21;0
5;2025-12-19;22;0
5;2025-12-19;23;0
5;2025-12-20;0;0
5;2025-12-20;1;0
5;2025-12-20;2;0
5;2025-12-20;3;0
5;2025-12-20;4;0
5;2025-12-20;5;0
5;2025-12-20;6;0
5;2025-12-20;7;0
5;2025-12-20;8;0
5;2025-12-20;9;0
5;2025-12-20;10;0
5;2025-12-20;11;0
5;2025-12-20;12;0
5;2025-12-20;13;0
5;2025-12-20;14;0
5;2025-12-20;15;0
5;2025-12-20;16;0
5;2025-12-20;17;0
5;2025-12-20;18;0
5;2025-12-20;19;0
5;2025-12-20;20;0
5;2025-12-20;21;0
5;2025-12-20;22;0
5;2025-12-20;23;0
5;2025-12-21;0;0
5;2025-12-21;1;0
5;2025-12-21;2;0
5;2025-12-21;3;0
5;2025-12-21;4;0
5;2025-12-21;5;0
5;2025-12-21;6;0
5;2025-12-21;7;0
5;2025-12-21;8;0
5;2025-12-21;9;0
5;2025-12-21;10;0
5;2025-12-21;11;0
5;2025-12-21;12;0
5;2025-12-21;13;0
5;2025-12-21;14;0
5;2025-12-21;15;0
5;2025-12-21;16;0
5;2025-12-21;17;0
5;2025-12-21;18;0
5;2025-12-21;19;0
5;2025-12-21;20;0
5;2025-12-21;21;0
5;2025-12-21;22;0
5;2025-12-21;23;0
5;2025-12-22;0;0
5;2025-12-22;1;0
5;2025-12-22;2;0
5;2025-12-22;3;0
5;2025-12-22;4;0
5;2025-12-22;5;0
5;2025-12-22;6;0
5;2025-12-22;7;0
5;2025-12-22;8;0
5;2025-12-22;9;0
5;2025-12-22;10;0
5;2025-12-22;11;0
5;2025-12-22;12;0
5;2025-12-22;13;0
5;2025-12-22;14;0
5;2025-12-22;15;0
5;2025-12-22;16;0
5;2025-12-22;17;0
5;2025-12-22;18;0
5;2025-12-22;19;0
5;2025-12-22;20;0
5;2025-12-22;21;0
5;2025-12-22;22;0
5;2025-12-22;23;0
5;2025-12-23;0;0
5;2025-12-23;1;0
5;2025-12-23;2;0
5;2025-12-23;3;0
5;2025-12-23;4;0
5;2025-12-23;5;0
5;2025-12-23;6;0
5;2025-12-23;7;0
5;2025-12-23;8;0
5;2025-12-23;9;0
5;2025-12-23;10;0
5;2025-12-23;11;0
5;2025-12-23;12;0
5;2025-12-23;13;0
5;2025-12-23;14;0
5;2025-12-23;15;0
5;2025-12-23;16;0
5;2025-12-23;17;0
5;2025-12-23;18;0
5;2025-12-23;19;0
5;2025-12-23;20;0
5;2025-12-23;21;0
5;2025-12-23;22;0
5;2025-12-23;23;0
5;2025-12-24;0;0
5;2025-12-24;1;0
5;2025-12-24;2;0
5;2025-12-24;3;0
5;2025-12-24;4;0
5;2025-12-24;5;0
5;2025-12-24;6;0
5;2025-12-24;7;0
5;2025-12-24;8;0
5;2025-12-24;9;0
5;2025-12-24;10;0
5;2025-12-24;11;0
5;2025-12-24;12;0
5;2025-12-24;13;0
5;2025-12-24;14;0
5;2025-12-24;15;0
5;2025-12-24;16;0
5;2025-12-24;17;0
5;2025-12-24;18;0
5;2025-12-24;19;0
5;2025-12-24;20;0
5;2025-12-24;21;0
5;2025-12-24;22;0
5;2025-12-24;23;0
5;2025-12-25;0;0
5;2025-12-25;1;0
5;2025-12-25;2;0
5;2025-12-25;3;0
5;2025-12-25;4;0
5;2025-12-25;5;0
5;2025-12-25;6;0
5;2025-12-25;7;0
5;2025-12-25;8;0
5;2025-12-25;9;0
5;2025-12-25;10;0
5;2025-12-25;11;0
5;2025-12-25;12;0
5;2025-12-25;13;0
5;2025-12-25;14;0
5;2025-12-25;15;0
5;2025-12-25;16;0
5;2025-12-25;17;0
5;2025-12-25;18;0
5;2025-12-25;19;0
5;2025-12-25;20;0
5;2025-12-25;21;0
5;2025-12-25;22;0
5;2025-12-25;23;0
5;2025-12-26;0;0
5;2025-12-26;1;0
5;2025-12-26;2;0
5;2025-12-26;3;0
5;2025-12-26;4;0
5;2025-12-26;5;0
5;2025-12-26;6;0
5;2025-12-26;7;0
5;2025-12-26;8;0
5;2025-12-26;9;0
5;2025-12-26;10;0
5;2025-12-26;11;0
5;2025-12-26;12;0
5;2025-12-26;13;0
5;2025-12-26;14;0
5;2025-12-26;15;0
5;2025-12-26;16;0
5;2025-12-26;17;0
5;2025-12-26;18;0
5;2025-12-26;19;0
5;2025-12-26;20;0
5;2025-12-26;21;0
5;2025-12-26;22;0
5;2025-12-26;23;0
5;2025-12-27;0;0
5;2025-12-27;1;0
5;2025-12-27;2;0
5;2025-12-27;3;0
5;2025-12-27;4;0
5;2025-12-27;5;0
5;2025-12-27;6;0
5;2025-12-27;7;0
5;2025-12-27;8;0
5;2025-12-27;9;0
5;2025-12-27;10;0
5;2025-12-27;11;0
5;2025-12-27;12;0
5;2025-12-27;13;0
5;2025-12-27;14;0
5;2025-12-27;15;0
5;2025-12-27;16;0
5;2025-12-27;17;0
5;2025-12-27;18;0
5;2025-12-27;19;0
5;2025-12-27;20;0
5;2025-12-27;21;0
5;2025-12-27;22;0
5;2025-12-27;23;0
5;2025-12-28;0;0
5;2025-12-28;1;0
5;2025-12-28;2;0
5;2025-12-28;3;0
5;2025-12-28;4;0
5;2025-12-28;5;0
5;2025-12-28;6;0
5;2025-12-28;7;0
5;2025-12-28;8;0
5;2025-12-28;9;0
5;2025-12-28;10;0
5;2025-12-28;11;0
5;2025-12-28;12;0
5;2025-12-28;13;0
5;2025-12-28;14;0
5;2025-12-28;15;0
5;2025-12-28;16;0
5;2025-12-28;17;0
5;2025-12-28;18;0
5;2025-12-28;19;0
5;2025-12-28;20;0
5;2025-12-28;21;0
5;2025-12-28;22;0
5;2025-12-28;23;0
5;2025-12-29;0;0
5;2025-12-29;1;0
5;2025-12-29;2;0
5;2025-12-29;3;0
5;2025-12-29;4;0
5;2025-12-29;5;0
5;2025-12-29;6;0
5;2025-12-29;7;0
5;2025-12-29;8;0
5;2025-12-29;9;0
5;2025-12-29;10;0
5;2025-12-29;11;0
5;2025-12-29;12;0
5;2025-12-29;13;0
5;2025-12-29;14;0
5;2025-12-29;15;0
5;2025-12-29;16;0
5;2025-12-29;17;0
5;2025-12-29;18;0
5;2025-12-29;19;0
5;2025-12-29;20;0
5;2025-12-29;21;0
5;2025-12-29;22;0
5;2025-12-29;23;0
5;2025-12-30;0;0
5;2025-12-30;1;0
5;2025-12-30;2;0
5;2025-12-30;3;0
5;2025-12-30;4;0
5;2025-12-30;5;0
5;2025-12-30;6;0
5;2025-12-30;7;0
5;2025-12-30;8;0
5;2025-12-30;9;0
5;2025-12-30;10;0
5;2025-12-30;11;0
5;2025-12-30;12;0
5;2025-12-30;13;0
5;2025-12-30;14;0
5;2025-12-30;15;0
5;2025-12-30;16;0
5;2025-12-30;17;0
5;2025-12-30;18;0
5;2025-12-30;19;0
5;2025-12-30;20;0
5;2025-12-30;21;0
5;2025-12-30;22;0
5;2025-12-30;23;0
5;2025-12-31;0;0
5;2025-12-31;1;0
5;2025-12-31;2;0
5;2025-12-31;3;0
5;2025-12-31;4;0
5;2025-12-31;5;0
5;2025-12-31;6;0
5;2025-12-31;7;0
5;2025-12-31;8;0
5;2025-12-31;9;0
5;2025-12-31;10;0
5;2025-12-31;11;0
5;2025-12-31;12;0
5;2025-12-31;13;0
5;2025-12-31;14;0
5;2025-12-31;15;0
5;2025-12-31;16;0
5;2025-12-31;17;0
5;2025-12-31;18;0
5;2025-12-31;19;0
5;2025-12-31;20;0
5;2025-12-31;21;0
5;2025-12-31;22;0
5;2025-12-31;23;0
7;2025-11-01;0;20
7;2025-11-01;1;0
7;2025-11-01;2;0
7;2025-11-01;3;0
7;2025-11-01;4;0
7;2025-11-01;5;42
7;2025-11-01;6;244
7;2025-11-01;7;641
7;2025-11-01;8;889
7;2025-11-01;9;654
7;2025-11-01;10;609
7;2025-11-01;11;582
7;2025-11-01;12;616
7;2025-11-01;13;636
7;2025-11-01;14;665
7;2025-11-01;15;727
7;2025-11-01;16;733
7;2025-11-01;17;836
7;2025-11-01;18;791
7;2025-11-01;19;595
7;2025-11-01;20;392
7;2025-11-01;21;211
7;2025-11-01;22;97
7;2025-11-01;23;59
7;2025-11-02;0;66
7;2025-11-02;1;0
7;2025-11-02;2;0
7;2025-11-02;3;0
7;2025-11-02;4;0
7;2025-11-02;5;18
7;2025-11-02;6;130
7;2025-11-02;7;235
7;2025-11-02;8;390
7;2025-11-02;9;443
7;2025-11-02;10;484
7;2025-11-02;11;624
7;2025-11-02;12;708
7;2025-11-02;13;758
7;2025-11-02;14;817
7;2025-11-02;15;767
7;2025-11-02;16;700
7;2025-11-02;17;730
7;2025-11-02;18;636
7;2025-11-02;19;553
7;2025-11-02;20;417
7;2025-11-02;21;313
7;2025-11-02;22;175
7;2025-11-02;23;105
7;2025-11-03;0;105
7;2025-11-03;1;0
7;2025-11-03;2;0
7;2025-11-03;3;0
7;2025-11-03;4;0
7;2025-11-03;5;29
7;2025-11-03;6;211
7;2025-11-03;7;381
7;2025-11-03;8;631
7;2025-11-03;9;711
7;2025-11-03;10;767
7;2025-11-03;11;960
7;2025-11-03;12;1065
7;2025-11-03;13;1126
7;2025-11-03;14;1189
7;2025-11-03;15;1137
7;2025-11-03;16;1041
7;2025-11-03;17;1096
7;2025-11-03;18;1051
7;2025-11-03;19;880
7;2025-11-03;20;656
7;2025-11-03;21;487
7;2025-11-03;22;277
7;2025-11-03;23;159
7;2025-11-04;0;100
7;2025-11-04;1;0
7;2025-11-04;2;0
7;2025-11-04;3;0
7;2025-11-04;4;0
7;2025-11-04;5;29
7;2025-11-04;6;214
7;2025-11-04;7;390
7;2025-11-04;8;640
7;2025-11-04;9;723
7;2025-11-04;10;792
7;2025-11-04;11;985
7;2025-11-04;12;1089
7;2025-11-04;13;1150
7;2025-11-04;14;1203
7;2025-11-04;15;1158
7;2025-11-04;16;1049
7;2025-11-04;17;1085
7;2025-11-04;18;1036
7;2025-11-04;19;882
7;2025-11-04;20;652
7;2025-11-04;21;485
7;2025-11-04;22;276
7;2025-11-04;23;161
7;2025-11-05;0;63
7;2025-11-05;1;0
7;2025-11-05;2;0
7;2025-11-05;3;0
7;2025-11-05;4;0
7;2025-11-05;5;125
7;2025-11-05;6;734
7;2025-11-05;7;1784
7;2025-11-05;8;2706
7;2025-11-05;9;1986
7;2025-11-05;10;1717
7;2025-11-05;11;1592
7;2025-11-05;12;1688
7;2025-11-05;13;1709
7;2025-11-05;14;1772
7;2025-11-05;15;1931
7;2025-11-05;16;1995
7;2025-11-05;17;2545
7;2025-11-05;18;2728
7;2025-11-05;19;1825
7;2025-11-05;20;1097
7;2025-11-05;21;635
7;2025-11-05;22;327
7;2025-11-05;23;194
7;2025-11-06;0;64
7;2025-11-06;1;0
7;2025-11-06;2;0
7;2025-11-06;3;0
7;2025-11-06;4;0
7;2025-11-06;5;120
7;2025-11-06;6;725
7;2025-11-06;7;1736
7;2025-11-06;8;2631
7;2025-11-06;9;1909
7;2025-11-06;10;1654
7;2025-11-06;11;1561
7;2025-11-06;12;1646
7;2025-11-06;13;1652
7;2025-11-06;14;1739
7;2025-11-06;15;1864
7;2025-11-06;16;1955
7;2025-11-06;17;2471
7;2025-11-06;18;2690
7;2025-11-06;19;1775
7;2025-11-06;20;1067
7;2025-11-06;21;615
7;2025-11-06;22;317
7;2025-11-06;23;190
7;2025-11-07;0;64
7;2025-11-07;1;0
7;2025-11-07;2;0
7;2025-11-07;3;0
7;2025-11-07;4;0
7;2025-11-07;5;115
7;2025-11-07;6;676
7;2025-11-07;7;1689
7;2025-11-07;8;2555
7;2025-11-07;9;1841
7;2025-11-07;10;1636
7;2025-11-07;11;1547
7;2025-11-07;12;1650
7;2025-11-07;13;1685
7;2025-11-07;14;1778
7;2025-11-07;15;1915
7;2025-11-07;16;2088
7;2025-11-07;17;2351
7;2025-11-07;18;2112
7;2025-11-07;19;1528
7;2025-11-07;20;1033
7;2025-11-07;21;602
7;2025-11-07;22;319
7;2025-11-07;23;200
7;2025-11-08;0;61
7;2025-11-08;1;0
7;2025-11-08;2;0
7;2025-11-08;3;0
7;2025-11-08;4;0
7;2025-11-08;5;24
7;2025-11-08;6;184
7;2025-11-08;7;317
7;2025-11-08;8;528
7;2025-11-08;9;529
7;2025-11-08;10;593
7;2025-11-08;11;692
7;2025-11-08;12;779
7;2025-11-08;13;819
7;2025-11-08;14;856
7;2025-11-08;15;809
7;2025-11-08;16;761
7;2025-11-08;17;738
7;2025-11-08;18;665
7;2025-11-08;19;630
7;2025-11-08;20;441
7;2025-11-08;21;336
7;2025-11-08;22;186
7;2025-11-08;23;112
7;2025-11-09;0;66
7;2025-11-09;1;0
7;2025-11-09;2;0
7;2025-11-09;3;0
7;2025-11-09;4;0
7;2025-11-09;5;18
7;2025-11-09;6;132
7;2025-11-09;7;232
7;2025-11-09;8;385
7;2025-11-09;9;443
7;2025-11-09;10;484
7;2025-11-09;11;625
7;2025-11-09;12;708
7;2025-11-09;13;759
7;2025-11-09;14;818
7;2025-11-09;15;769
7;2025-11-09;16;702
7;2025-11-09;17;732
7;2025-11-09;18;638
7;2025-11-09;19;548
7;2025-11-09;20;415
7;2025-11-09;21;311
7;2025-11-09;22;174
7;2025-11-09;23;104
7;2025-11-10;0;65
7;2025-11-10;1;0
7;2025-11-10;2;0
7;2025-11-10;3;0
7;2025-11-10;4;0
7;2025-11-10;5;124
7;2025-11-10;6;740
7;2025-11-10;7;1785
7;2025-11-10;8;2689
7;2025-11-10;9;1932
7;2025-11-10;10;1663
7;2025-11-10;11;1547
7;2025-11-10;12;1636
7;2025-11-10;13;1646
7;2025-11-10;14;1708
7;2025-11-10;15;1870
7;2025-11-10;16;1965
7;2025-11-10;17;2452
7;2025-11-10;18;2745
7;2025-11-10;19;1823
7;2025-11-10;20;1092
7;2025-11-10;21;624
7;2025-11-10;22;319
7;2025-11-10;23;183
7;2025-11-11;0;64
7;2025-11-11;1;0
7;2025-11-11;2;0
7;2025-11-11;3;0
7;2025-11-11;4;0
7;2025-11-11;5;128
7;2025-11-11;6;764
7;2025-11-11;7;1851
7;2025-11-11;8;2780
7;2025-11-11;9;2010
7;2025-11-11;10;1749
7;2025-11-11;11;1619
7;2025-11-11;12;1711
7;2025-11-11;13;1723
7;2025-11-11;14;1790
7;2025-11-11;15;1958
7;2025-11-11;16;2043
7;2025-11-11;17;2536
7;2025-11-11;18;2813
7;2025-11-11;19;1902
7;2025-11-11;20;1122
7;2025-11-11;21;650
7;2025-11-11;22;332
7;2025-11-11;23;195
7;2025-11-12;0;62
7;2025-11-12;1;0
7;2025-11-12;2;0
7;2025-11-12;3;0
7;2025-11-12;4;0
7;2025-11-12;5;124
7;2025-11-12;6;728
7;2025-11-12;7;1779
7;2025-11-12;8;2701
7;2025-11-12;9;1982
7;2025-11-12;10;1707
7;2025-11-12;11;1582
7;2025-11-12;12;1676
7;2025-11-12;13;1696
7;2025-11-12;14;1768
7;2025-11-12;15;1931
7;2025-11-12;16;1989
7;2025-11-12;17;2542
7;2025-11-12;18;2728
7;2025-11-12;19;1820
7;2025-11-12;20;1084
7;2025-11-12;21;628
7;2025-11-12;22;323
7;2025-11-12;23;192
7;2025-11-13;0;66
7;2025-11-13;1;0
7;2025-11-13;2;0
7;2025-11-13;3;0
7;2025-11-13;4;0
7;2025-11-13;5;127
7;2025-11-13;6;757
7;2025-11-13;7;1798
7;2025-11-13;8;2725
7;2025-11-13;9;1976
7;2025-11-13;10;1702
7;2025-11-13;11;1601
7;2025-11-13;12;1692
7;2025-11-13;13;1701
7;2025-11-13;14;1798
7;2025-11-13;15;1933
7;2025-11-13;16;2031
7;2025-11-13;17;2563
7;2025-11-13;18;2802
7;2025-11-13;19;1853
7;2025-11-13;20;1110
7;2025-11-13;21;642
7;2025-11-13;22;331
7;2025-11-13;23;198
7;2025-11-14;0;64
7;2025-11-14;1;0
7;2025-11-14;2;0
7;2025-11-14;3;0
7;2025-11-14;4;0
7;2025-11-14;5;115
7;2025-11-14;6;683
7;2025-11-14;7;1704
7;2025-11-14;8;2579
7;2025-11-14;9;1853
7;2025-11-14;10;1641
7;2025-11-14;11;1550
7;2025-11-14;12;1655
7;2025-11-14;13;1690
7;2025-11-14;14;1793
7;2025-11-14;15;1930
7;2025-11-14;16;2106
7;2025-11-14;17;2375
7;2025-11-14;18;2142
7;2025-11-14;19;1547
7;2025-11-14;20;1038
7;2025-11-14;21;604
7;2025-11-14;22;318
7;2025-11-14;23;199
7;2025-11-15;0;94
7;2025-11-15;1;0
7;2025-11-15;2;0
7;2025-11-15;3;0
7;2025-11-15;4;0
7;2025-11-15;5;38
7;2025-11-15;6;295
7;2025-11-15;7;491
7;2025-11-15;8;803
7;2025-11-15;9;830
7;2025-11-15;10;889
7;2025-11-15;11;1014
7;2025-11-15;12;1142
7;2025-11-15;13;1194
7;2025-11-15;14;1242
7;2025-11-15;15;1184
7;2025-11-15;16;1097
7;2025-11-15;17;1089
7;2025-11-15;18;1024
7;2025-11-15;19;959
7;2025-11-15;20;652
7;2025-11-15;21;512
7;2025-11-15;22;280
7;2025-11-15;23;173
7;2025-11-16;0;111
7;2025-11-16;1;0
7;2025-11-16;2;0
7;2025-11-16;3;0
7;2025-11-16;4;0
7;2025-11-16;5;31
7;2025-11-16;6;222
7;2025-11-16;7;375
7;2025-11-16;8;616
7;2025-11-16;9;732
7;2025-11-16;10;791
7;2025-11-16;11;1010
7;2025-11-16;12;1136
7;2025-11-16;13;1208
7;2025-11-16;14;1292
7;2025-11-16;15;1220
7;2025-11-16;16;1111
7;2025-11-16;17;1154
7;2025-11-16;18;1029
7;2025-11-16;19;885
7;2025-11-16;20;668
7;2025-11-16;21;516
7;2025-11-16;22;294
7;2025-11-16;23;176
7;2025-11-17;0;63
7;2025-11-17;1;0
7;2025-11-17;2;0
7;2025-11-17;3;0
7;2025-11-17;4;0
7;2025-11-17;5;120
7;2025-11-17;6;716
7;2025-11-17;7;1736
7;2025-11-17;8;2617
7;2025-11-17;9;1875
7;2025-11-17;10;1617
7;2025-11-17;11;1505
7;2025-11-17;12;1587
7;2025-11-17;13;1594
7;2025-11-17;14;1654
7;2025-11-17;15;1813
7;2025-11-17;16;1902
7;2025-11-17;17;2372
7;2025-11-17;18;2661
7;2025-11-17;19;1762
7;2025-11-17;20;1055
7;2025-11-17;21;603
7;2025-11-17;22;307
7;2025-11-17;23;175
7;2025-11-18;0;58
7;2025-11-18;1;0
7;2025-11-18;2;0
7;2025-11-18;3;0
7;2025-11-18;4;0
7;2025-11-18;5;116
7;2025-11-18;6;698
7;2025-11-18;7;1727
7;2025-11-18;8;2592
7;2025-11-18;9;1865
7;2025-11-18;10;1642
7;2025-11-18;11;1513
7;2025-11-18;12;1594
7;2025-11-18;13;1602
7;2025-11-18;14;1653
7;2025-11-18;15;1815
7;2025-11-18;16;1875
7;2025-11-18;17;2327
7;2025-11-18;18;2601
7;2025-11-18;19;1761
7;2025-11-18;20;1034
7;2025-11-18;21;599
7;2025-11-18;22;304
7;2025-11-18;23;177
7;2025-11-19;0;65
7;2025-11-19;1;0
7;2025-11-19;2;0
7;2025-11-19;3;0
7;2025-11-19;4;0
7;2025-11-19;5;128
7;2025-11-19;6;751
7;2025-11-19;7;1821
7;2025-11-19;8;2761
7;2025-11-19;9;2026
7;2025-11-19;10;1747
7;2025-11-19;11;1619
7;2025-11-19;12;1717
7;2025-11-19;13;1739
7;2025-11-19;14;1811
7;2025-11-19;15;1980
7;2025-11-19;16;2038
7;2025-11-19;17;2599
7;2025-11-19;18;2797
7;2025-11-19;19;1870
7;2025-11-19;20;1118
7;2025-11-19;21;649
7;2025-11-19;22;333
7;2025-11-19;23;198
7;2025-11-20;0;67
7;2025-11-20;1;0
7;2025-11-20;2;0
7;2025-11-20;3;0
7;2025-11-20;4;0
7;2025-11-20;5;127
7;2025-11-20;6;761
7;2025-11-20;7;1814
7;2025-11-20;8;2742
7;2025-11-20;9;1991
7;2025-11-20;10;1721
7;2025-11-20;11;1617
7;2025-11-20;12;1711
7;2025-11-20;13;1720
7;2025-11-20;14;1814
7;2025-11-20;15;1953
7;2025-11-20;16;2046
7;2025-11-20;17;2577
7;2025-11-20;18;2825
7;2025-11-20;19;1866
7;2025-11-20;20;1123
7;2025-11-20;21;651
7;2025-11-20;22;334
7;2025-11-20;23;200
7;2025-11-21;0;66
7;2025-11-21;1;0
7;2025-11-21;2;0
7;2025-11-21;3;0
7;2025-11-21;4;0
7;2025-11-21;5;118
7;2025-11-21;6;701
7;2025-11-21;7;1742
7;2025-11-21;8;2628
7;2025-11-21;9;1893
7;2025-11-21;10;1679
7;2025-11-21;11;1583
7;2025-11-21;12;1685
7;2025-11-21;13;1724
7;2025-11-21;14;1831
7;2025-11-21;15;1974
7;2025-11-21;16;2150
7;2025-11-21;17;2425
7;2025-11-21;18;2213
7;2025-11-21;19;1596
7;2025-11-21;20;1065
7;2025-11-21;21;621
7;2025-11-21;22;326
7;2025-11-21;23;204
7;2025-11-22;0;97
7;2025-11-22;1;0
7;2025-11-22;2;0
7;2025-11-22;3;0
7;2025-11-22;4;0
7;2025-11-22;5;39
7;2025-11-22;6;301
7;2025-11-22;7;499
7;2025-11-22;8;819
7;2025-11-22;9;852
7;2025-11-22;10;924
7;2025-11-22;11;1066
7;2025-11-22;12;1199
7;2025-11-22;13;1255
7;2025-11-22;14;1306
7;2025-11-22;15;1238
7;2025-11-22;16;1154
7;2025-11-22;17;1125
7;2025-11-22;18;1052
7;2025-11-22;19;988
7;2025-11-22;20;680
7;2025-11-22;21;533
7;2025-11-22;22;292
7;2025-11-22;23;181
7;2025-11-23;0;109
7;2025-11-23;1;0
7;2025-11-23;2;0
7;2025-11-23;3;0
7;2025-11-23;4;0
7;2025-11-23;5;31
7;2025-11-23;6;220
7;2025-11-23;7;372
7;2025-11-23;8;610
7;2025-11-23;9;727
7;2025-11-23;10;785
7;2025-11-23;11;1002
7;2025-11-23;12;1127
7;2025-11-23;13;1199
7;2025-11-23;14;1283
7;2025-11-23;15;1210
7;2025-11-23;16;1101
7;2025-11-23;17;1144
7;2025-11-23;18;1021
7;2025-11-23;19;875
7;2025-11-23;20;658
7;2025-11-23;21;508
7;2025-11-23;22;290
7;2025-11-23;23;173
7;2025-11-24;0;62
7;2025-11-24;1;0
7;2025-11-24;2;0
7;2025-11-24;3;0
7;2025-11-24;4;0
7;2025-11-24;5;116
7;2025-11-24;6;694
7;2025-11-24;7;1699
7;2025-11-24;8;2565
7;2025-11-24;9;1828
7;2025-11-24;10;1582
7;2025-11-24;11;1465
7;2025-11-24;12;1546
7;2025-11-24;13;1550
7;2025-11-24;14;1605
7;2025-11-24;15;1764
7;2025-11-24;16;1849
7;2025-11-24;17;2310
7;2025-11-24;18;2596
7;2025-11-24;19;1709
7;2025-11-24;20;1021
7;2025-11-24;21;582
7;2025-11-24;22;296
7;2025-11-24;23;169
7;2025-11-25;0;64
7;2025-11-25;1;0
7;2025-11-25;2;0
7;2025-11-25;3;0
7;2025-11-25;4;0
7;2025-11-25;5;127
7;2025-11-25;6;760
7;2025-11-25;7;1844
7;2025-11-25;8;2770
7;2025-11-25;9;2002
7;2025-11-25;10;1742
7;2025-11-25;11;1612
7;2025-11-25;12;1705
7;2025-11-25;13;1718
7;2025-11-25;14;1787
7;2025-11-25;15;1953
7;2025-11-25;16;2036
7;2025-11-25;17;2527
7;2025-11-25;18;2804
7;2025-11-25;19;1893
7;2025-11-25;20;1115
7;2025-11-25;21;648
7;2025-11-25;22;330
7;2025-11-25;23;193
7;2025-11-26;0;60
7;2025-11-26;1;0
7;2025-11-26;2;0
7;2025-11-26;3;0
7;2025-11-26;4;0
7;2025-11-26;5;119
7;2025-11-26;6;702
7;2025-11-26;7;1735
7;2025-11-26;8;2638
7;2025-11-26;9;1928
7;2025-11-26;10;1664
7;2025-11-26;11;1532
7;2025-11-26;12;1623
7;2025-11-26;13;1643
7;2025-11-26;14;1703
7;2025-11-26;15;1875
7;2025-11-26;16;1921
7;2025-11-26;17;2460
7;2025-11-26;18;2645
7;2025-11-26;19;1757
7;2025-11-26;20;1046
7;2025-11-26;21;607
7;2025-11-26;22;310
7;2025-11-26;23;184
7;2025-11-27;0;64
7;2025-11-27;1;0
7;2025-11-27;2;0
7;2025-11-27;3;0
7;2025-11-27;4;0
7;2025-11-27;5;121
7;2025-11-27;6;728
7;2025-11-27;7;1742
7;2025-11-27;8;2642
7;2025-11-27;9;1915
7;2025-11-27;10;1648
7;2025-11-27;11;1550
7;2025-11-27;12;1634
7;2025-11-27;13;1639
7;2025-11-27;14;1737
7;2025-11-27;15;1866
7;2025-11-27;16;1959
7;2025-11-27;17;2472
7;2025-11-27;18;2704
7;2025-11-27;19;1775
7;2025-11-27;20;1061
7;2025-11-27;21;614
7;2025-11-27;22;315
7;2025-11-27;23;188
7;2025-11-28;0;65
7;2025-11-28;1;0
7;2025-11-28;2;0
7;2025-11-28;3;0
7;2025-11-28;4;0
7;2025-11-28;5;117
7;2025-11-28;6;695
7;2025-11-28;7;1729
7;2025-11-28;8;2613
7;2025-11-28;9;1878
7;2025-11-28;10;1658
7;2025-11-28;11;1561
7;2025-11-28;12;1667
7;2025-11-28;13;1702
7;2025-11-28;14;1809
7;2025-11-28;15;1952
7;2025-11-28;16;2131
7;2025-11-28;17;2403
7;2025-11-28;18;2179
7;2025-11-28;19;1575
7;2025-11-28;20;1049
7;2025-11-28;21;611
7;2025-11-28;22;321
7;2025-11-28;23;201
7;2025-11-29;0;103
7;2025-11-29;1;0
7;2025-11-29;2;0
7;2025-11-29;3;0
7;2025-11-29;4;0
7;2025-11-29;5;41
7;2025-11-29;6;316
7;2025-11-29;7;521
7;2025-11-29;8;848
7;2025-11-29;9;892
7;2025-11-29;10;973
7;2025-11-29;11;1138
7;2025-11-29;12;1284
7;2025-11-29;13;1344
7;2025-11-29;14;1400
7;2025-11-29;15;1324
7;2025-11-29;16;1234
7;2025-11-29;17;1204
7;2025-11-29;18;1127
7;2025-11-29;19;1064
7;2025-11-29;20;734
7;2025-11-29;21;576
7;2025-11-29;22;314
7;2025-11-29;23;195
7;2025-11-30;0;110
7;2025-11-30;1;0
7;2025-11-30;2;0
7;2025-11-30;3;0
7;2025-11-30;4;0
7;2025-11-30;5;31
7;2025-11-30;6;225
7;2025-11-30;7;376
7;2025-11-30;8;621
7;2025-11-30;9;743
7;2025-11-30;10;798
7;2025-11-30;11;1022
7;2025-11-30;12;1151
7;2025-11-30;13;1231
7;2025-11-30;14;1321
7;2025-11-30;15;1243
7;2025-11-30;16;1143
7;2025-11-30;17;1178
7;2025-11-30;18;1048
7;2025-11-30;19;898
7;2025-11-30;20;672
7;2025-11-30;21;518
7;2025-11-30;22;296
7;2025-11-30;23;177
7;2025-12-01;0;66
7;2025-12-01;1;0
7;2025-12-01;2;0
7;2025-12-01;3;0
7;2025-12-01;4;0
7;2025-12-01;5;128
7;2025-12-01;6;761
7;2025-12-01;7;1806
7;2025-12-01;8;2732
7;2025-12-01;9;1961
7;2025-12-01;10;1680
7;2025-12-01;11;1562
7;2025-12-01;12;1652
7;2025-12-01;13;1676
7;2025-12-01;14;1748
7;2025-12-01;15;1908
7;2025-12-01;16;2026
7;2025-12-01;17;2520
7;2025-12-01;18;2807
7;2025-12-01;19;1866
7;2025-12-01;20;1106
7;2025-12-01;21;634
7;2025-12-01;22;323
7;2025-12-01;23;185
7;2025-12-02;0;66
7;2025-12-02;1;0
7;2025-12-02;2;0
7;2025-12-02;3;0
7;2025-12-02;4;0
7;2025-12-02;5;132
7;2025-12-02;6;788
7;2025-12-02;7;1871
7;2025-12-02;8;2827
7;2025-12-02;9;2040
7;2025-12-02;10;1762
7;2025-12-02;11;1629
7;2025-12-02;12;1727
7;2025-12-02;13;1752
7;2025-12-02;14;1829
7;2025-12-02;15;1992
7;2025-12-02;16;2111
7;2025-12-02;17;2612
7;2025-12-02;18;2877
7;2025-12-02;19;1942
7;2025-12-02;20;1132
7;2025-12-02;21;659
7;2025-12-02;22;335
7;2025-12-02;23;197
7;2025-12-03;0;66
7;2025-12-03;1;0
7;2025-12-03;2;0
7;2025-12-03;3;0
7;2025-12-03;4;0
7;2025-12-03;5;132
7;2025-12-03;6;778
7;2025-12-03;7;1845
7;2025-12-03;8;2812
7;2025-12-03;9;2054
7;2025-12-03;10;1759
7;2025-12-03;11;1628
7;2025-12-03;12;1731
7;2025-12-03;13;1768
7;2025-12-03;14;1851
7;2025-12-03;15;2013
7;2025-12-03;16;2112
7;2025-12-03;17;2675
7;2025-12-03;18;2860
7;2025-12-03;19;1911
7;2025-12-03;20;1129
7;2025-12-03;21;658
7;2025-12-03;22;337
7;2025-12-03;23;200
7;2025-12-04;0;68
7;2025-12-04;1;0
7;2025-12-04;2;0
7;2025-12-04;3;0
7;2025-12-04;4;0
7;2025-12-04;5;132
7;2025-12-04;6;789
7;2025-12-04;7;1836
7;2025-12-04;8;2796
7;2025-12-04;9;2026
7;2025-12-04;10;1735
7;2025-12-04;11;1626
7;2025-12-04;12;1727
7;2025-12-04;13;1750
7;2025-12-04;14;1858
7;2025-12-04;15;1988
7;2025-12-04;16;2119
7;2025-12-04;17;2656
7;2025-12-04;18;2893
7;2025-12-04;19;1912
7;2025-12-04;20;1133
7;2025-12-04;21;660
7;2025-12-04;22;338
7;2025-12-04;23;202
7;2025-12-05;0;68
7;2025-12-05;1;0
7;2025-12-05;2;0
7;2025-12-05;3;0
7;2025-12-05;4;0
7;2025-12-05;5;126
7;2025-12-05;6;749
7;2025-12-05;7;1799
7;2025-12-05;8;2733
7;2025-12-05;9;1972
7;2025-12-05;10;1726
7;2025-12-05;11;1620
7;2025-12-05;12;1730
7;2025-12-05;13;1778
7;2025-12-05;14;1897
7;2025-12-05;15;2038
7;2025-12-05;16;2253
7;2025-12-05;17;2563
7;2025-12-05;18;2355
7;2025-12-05;19;1694
7;2025-12-05;20;1108
7;2025-12-05;21;647
7;2025-12-05;22;338
7;2025-12-05;23;209
7;2025-12-06;0;104
7;2025-12-06;1;0
7;2025-12-06;2;0
7;2025-12-06;3;0
7;2025-12-06;4;0
7;2025-12-06;5;42
7;2025-12-06;6;326
7;2025-12-06;7;528
7;2025-12-06;8;863
7;2025-12-06;9;915
7;2025-12-06;10;992
7;2025-12-06;11;1171
7;2025-12-06;12;1317
7;2025-12-06;13;1385
7;2025-12-06;14;1451
7;2025-12-06;15;1361
7;2025-12-06;16;1288
7;2025-12-06;17;1255
7;2025-12-06;18;1161
7;2025-12-06;19;1100
7;2025-12-06;20;751
7;2025-12-06;21;589
7;2025-12-06;22;317
7;2025-12-06;23;199
7;2025-12-07;0;113
7;2025-12-07;1;0
7;2025-12-07;2;0
7;2025-12-07;3;0
7;2025-12-07;4;0
7;2025-12-07;5;32
7;2025-12-07;6;231
7;2025-12-07;7;381
7;2025-12-07;8;631
7;2025-12-07;9;758
7;2025-12-07;10;813
7;2025-12-07;11;1045
7;2025-12-07;12;1179
7;2025-12-07;13;1261
7;2025-12-07;14;1356
7;2025-12-07;15;1274
7;2025-12-07;16;1179
7;2025-12-07;17;1212
7;2025-12-07;18;1068
7;2025-12-07;19;919
7;2025-12-07;20;684
7;2025-12-07;21;526
7;2025-12-07;22;302
7;2025-12-07;23;179
7;2025-12-08;0;67
7;2025-12-08;1;0
7;2025-12-08;2;0
7;2025-12-08;3;0
7;2025-12-08;4;0
7;2025-12-08;5;129
7;2025-12-08;6;771
7;2025-12-08;7;1812
7;2025-12-08;8;2749
7;2025-12-08;9;1971
7;2025-12-08;10;1686
7;2025-12-08;11;1569
7;2025-12-08;12;1663
7;2025-12-08;13;1687
7;2025-12-08;14;1760
7;2025-12-08;15;1919
7;2025-12-08;16;2045
7;2025-12-08;17;2542
7;2025-12-08;18;2825
7;2025-12-08;19;1879
7;2025-12-08;20;1115
7;2025-12-08;21;642
7;2025-12-08;22;327
7;2025-12-08;23;187
7;2025-12-09;0;66
7;2025-12-09;1;0
7;2025-12-09;2;0
7;2025-12-09;3;0
7;2025-12-09;4;0
7;2025-12-09;5;133
7;2025-12-09;6;790
7;2025-12-09;7;1868
7;2025-12-09;8;2822
7;2025-12-09;9;2038
7;2025-12-09;10;1760
7;2025-12-09;11;1626
7;2025-12-09;12;1726
7;2025-12-09;13;1755
7;2025-12-09;14;1833
7;2025-12-09;15;1995
7;2025-12-09;16;2110
7;2025-12-09;17;2607
7;2025-12-09;18;2872
7;2025-12-09;19;1940
7;2025-12-09;20;1134
7;2025-12-09;21;662
7;2025-12-09;22;337
7;2025-12-09;23;198
7;2025-12-10;0;64
7;2025-12-10;1;0
7;2025-12-10;2;0
7;2025-12-10;3;0
7;2025-12-10;4;0
7;2025-12-10;5;129
7;2025-12-10;6;758
7;2025-12-10;7;1802
7;2025-12-10;8;2750
7;2025-12-10;9;2014
7;2025-12-10;10;1722
7;2025-12-10;11;1594
7;2025-12-10;12;1695
7;2025-12-10;13;1729
7;2025-12-10;14;1812
7;2025-12-10;15;1969
7;2025-12-10;16;2062
7;2025-12-10;17;2617
7;2025-12-10;18;2798
7;2025-12-10;19;1870
7;2025-12-10;20;1103
7;2025-12-10;21;644
7;2025-12-10;22;329
7;2025-12-10;23;195
7;2025-12-11;0;65
7;2025-12-11;1;0
7;2025-12-11;2;0
7;2025-12-11;3;0
7;2025-12-11;4;0
7;2025-12-11;5;125
7;2025-12-11;6;752
7;2025-12-11;7;1760
7;2025-12-11;8;2684
7;2025-12-11;9;1947
7;2025-12-11;10;1665
7;2025-12-11;11;1563
7;2025-12-11;12;1655
7;2025-12-11;13;1675
7;2025-12-11;14;1782
7;2025-12-11;15;1906
7;2025-12-11;16;2029
7;2025-12-11;17;2549
7;2025-12-11;18;2773
7;2025-12-11;19;1823
7;2025-12-11;20;1076
7;2025-12-11;21;626
7;2025-12-11;22;320
7;2025-12-11;23;192
7;2025-12-12;0;66
7;2025-12-12;1;0
7;2025-12-12;2;0
7;2025-12-12;3;0
7;2025-12-12;4;0
7;2025-12-12;5;120
7;2025-12-12;6;714
7;2025-12-12;7;1726
7;2025-12-12;8;2626
7;2025-12-12;9;1888
7;2025-12-12;10;1651
7;2025-12-12;11;1550
7;2025-12-12;12;1658
7;2025-12-12;13;1703
7;2025-12-12;14;1820
7;2025-12-12;15;1954
7;2025-12-12;16;2170
7;2025-12-12;17;2444
7;2025-12-12;18;2208
7;2025-12-12;19;1600
7;2025-12-12;20;1054
7;2025-12-12;21;616
7;2025-12-12;22;322
7;2025-12-12;23;200
7;2025-12-13;0;105
7;2025-12-13;1;0
7;2025-12-13;2;0
7;2025-12-13;3;0
7;2025-12-13;4;0
7;2025-12-13;5;42
7;2025-12-13;6;329
7;2025-12-13;7;531
7;2025-12-13;8;868
7;2025-12-13;9;920
7;2025-12-13;10;1000
7;2025-12-13;11;1181
7;2025-12-13;12;1326
7;2025-12-13;13;1396
7;2025-12-13;14;1461
7;2025-12-13;15;1371
7;2025-12-13;16;1297
7;2025-12-13;17;1266
7;2025-12-13;18;1170
7;2025-12-13;19;1112
7;2025-12-13;20;760
7;2025-12-13;21;595
7;2025-12-13;22;321
7;2025-12-13;23;202
7;2025-12-14;0;114
7;2025-12-14;1;0
7;2025-12-14;2;0
7;2025-12-14;3;0
7;2025-12-14;4;0
7;2025-12-14;5;33
7;2025-12-14;6;234
7;2025-12-14;7;385
7;2025-12-14;8;637
7;2025-12-14;9;766
7;2025-12-14;10;822
7;2025-12-14;11;1058
7;2025-12-14;12;1194
7;2025-12-14;13;1277
7;2025-12-14;14;1371
7;2025-12-14;15;1289
7;2025-12-14;16;1191
7;2025-12-14;17;1227
7;2025-12-14;18;1081
7;2025-12-14;19;931
7;2025-12-14;20;694
7;2025-12-14;21;534
7;2025-12-14;22;307
7;2025-12-14;23;182
7;2025-12-15;0;67
7;2025-12-15;1;0
7;2025-12-15;2;0
7;2025-12-15;3;0
7;2025-12-15;4;0
7;2025-12-15;5;130
7;2025-12-15;6;772
7;2025-12-15;7;1811
7;2025-12-15;8;2745
7;2025-12-15;9;1963
7;2025-12-15;10;1677
7;2025-12-15;11;1561
7;2025-12-15;12;1653
7;2025-12-15;13;1680
7;2025-12-15;14;1753
7;2025-12-15;15;1913
7;2025-12-15;16;2039
7;2025-12-15;17;2539
7;2025-12-15;18;2822
7;2025-12-15;19;1875
7;2025-12-15;20;1111
7;2025-12-15;21;639
7;2025-12-15;22;326
7;2025-12-15;23;186
7;2025-12-16;0;64
7;2025-12-16;1;0
7;2025-12-16;2;0
7;2025-12-16;3;0
7;2025-12-16;4;0
7;2025-12-16;5;129
7;2025-12-16;6;769
7;2025-12-16;7;1829
7;2025-12-16;8;2760
7;2025-12-16;9;1993
7;2025-12-16;10;1725
7;2025-12-16;11;1593
7;2025-12-16;12;1689
7;2025-12-16;13;1716
7;2025-12-16;14;1790
7;2025-12-16;15;1953
7;2025-12-16;16;2063
7;2025-12-16;17;2538
7;2025-12-16;18;2806
7;2025-12-16;19;1898
7;2025-12-16;20;1107
7;2025-12-16;21;646
7;2025-12-16;22;328
7;2025-12-16;23;192
7;2025-12-17;0;66
7;2025-12-17;1;0
7;2025-12-17;2;0
7;2025-12-17;3;0
7;2025-12-17;4;0
7;2025-12-17;5;133
7;2025-12-17;6;782
7;2025-12-17;7;1847
7;2025-12-17;8;2816
7;2025-12-17;9;2063
7;2025-12-17;10;1763
7;2025-12-17;11;1632
7;2025-12-17;12;1736
7;2025-12-17;13;1772
7;2025-12-17;14;1858
7;2025-12-17;15;2018
7;2025-12-17;16;2120
7;2025-12-17;17;2681
7;2025-12-17;18;2868
7;2025-12-17;19;1919
7;2025-12-17;20;1135
7;2025-12-17;21;663
7;2025-12-17;22;339
7;2025-12-17;23;201
7;2025-12-18;0;68
7;2025-12-18;1;0
7;2025-12-18;2;0
7;2025-12-18;3;0
7;2025-12-18;4;0
7;2025-12-18;5;132
7;2025-12-18;6;788
7;2025-12-18;7;1832
7;2025-12-18;8;2791
7;2025-12-18;9;2024
7;2025-12-18;10;1735
7;2025-12-18;11;1626
7;2025-12-18;12;1728
7;2025-12-18;13;1754
7;2025-12-18;14;1862
7;2025-12-18;15;1993
7;2025-12-18;16;2123
7;2025-12-18;17;2654
7;2025-12-18;18;2891
7;2025-12-18;19;1911
7;2025-12-18;20;1135
7;2025-12-18;21;661
7;2025-12-18;22;339
7;2025-12-18;23;203
7;2025-12-19;0;69
7;2025-12-19;1;0
7;2025-12-19;2;0
7;2025-12-19;3;0
7;2025-12-19;4;0
7;2025-12-19;5;127
7;2025-12-19;6;756
7;2025-12-19;7;1807
7;2025-12-19;8;2741
7;2025-12-19;9;1979
7;2025-12-19;10;1733
7;2025-12-19;11;1626
7;2025-12-19;12;1737
7;2025-12-19;13;1788
7;2025-12-19;14;1908
7;2025-12-19;15;2049
7;2025-12-19;16;2266
7;2025-12-19;17;2571
7;2025-12-19;18;2368
7;2025-12-19;19;1705
7;2025-12-19;20;1119
7;2025-12-19;21;654
7;2025-12-19;22;342
7;2025-12-19;23;211
7;2025-12-20;0;104
7;2025-12-20;1;0
7;2025-12-20;2;0
7;2025-12-20;3;0
7;2025-12-20;4;0
7;2025-12-20;5;42
7;2025-12-20;6;327
7;2025-12-20;7;529
7;2025-12-20;8;864
7;2025-12-20;9;918
7;2025-12-20;10;999
7;2025-12-20;11;1179
7;2025-12-20;12;1326
7;2025-12-20;13;1397
7;2025-12-20;14;1463
7;2025-12-20;15;1372
7;2025-12-20;16;1297
7;2025-12-20;17;1263
7;2025-12-20;18;1166
7;2025-12-20;19;1108
7;2025-12-20;20;757
7;2025-12-20;21;594
7;2025-12-20;22;320
7;2025-12-20;23;201
7;2025-12-21;0;110
7;2025-12-21;1;0
7;2025-12-21;2;0
7;2025-12-21;3;0
7;2025-12-21;4;0
7;2025-12-21;5;32
7;2025-12-21;6;229
7;2025-12-21;7;375
7;2025-12-21;8;620
7;2025-12-21;9;751
7;2025-12-21;10;807
7;2025-12-21;11;1038
7;2025-12-21;12;1172
7;2025-12-21;13;1254
7;2025-12-21;14;1347
7;2025-12-21;15;1265
7;2025-12-21;16;1168
7;2025-12-21;17;1201
7;2025-12-21;18;1058
7;2025-12-21;19;904
7;2025-12-21;20;672
7;2025-12-21;21;516
7;2025-12-21;22;297
7;2025-12-21;23;176
7;2025-12-22;0;65
7;2025-12-22;1;0
7;2025-12-22;2;0
7;2025-12-22;3;0
7;2025-12-22;4;0
7;2025-12-22;5;126
7;2025-12-22;6;750
7;2025-12-22;7;1770
7;2025-12-22;8;2684
7;2025-12-22;9;1919
7;2025-12-22;10;1646
7;2025-12-22;11;1530
7;2025-12-22;12;1620
7;2025-12-22;13;1642
7;2025-12-22;14;1715
7;2025-12-22;15;1870
7;2025-12-22;16;1994
7;2025-12-22;17;2474
7;2025-12-22;18;2756
7;2025-12-22;19;1826
7;2025-12-22;20;1085
7;2025-12-22;21;624
7;2025-12-22;22;318
7;2025-12-22;23;180
7;2025-12-23;0;67
7;2025-12-23;1;0
7;2025-12-23;2;0
7;2025-12-23;3;0
7;2025-12-23;4;0
7;2025-12-23;5;135
7;2025-12-23;6;805
7;2025-12-23;7;1890
7;2025-12-23;8;2857
7;2025-12-23;9;2056
7;2025-12-23;10;1765
7;2025-12-23;11;1624
7;2025-12-23;12;1732
7;2025-12-23;13;1765
7;2025-12-23;14;1844
7;2025-12-23;15;2010
7;2025-12-23;16;2130
7;2025-12-23;17;2638
7;2025-12-23;18;2907
7;2025-12-23;19;1963
7;2025-12-23;20;1150
7;2025-12-23;21;671
7;2025-12-23;22;343
7;2025-12-23;23;201
7;2025-12-24;0;67
7;2025-12-24;1;0
7;2025-12-24;2;0
7;2025-12-24;3;0
7;2025-12-24;4;0
7;2025-12-24;5;135
7;2025-12-24;6;790
7;2025-12-24;7;1854
7;2025-12-24;8;2820
7;2025-12-24;9;2057
7;2025-12-24;10;1754
7;2025-12-24;11;1625
7;2025-12-24;12;1729
7;2025-12-24;13;1766
7;2025-12-24;14;1855
7;2025-12-24;15;2013
7;2025-12-24;16;2122
7;2025-12-24;17;2687
7;2025-12-24;18;2878
7;2025-12-24;19;1925
7;2025-12-24;20;1141
7;2025-12-24;21;664
7;2025-12-24;22;341
7;2025-12-24;23;202
7;2025-12-25;0;66
7;2025-12-25;1;0
7;2025-12-25;2;0
7;2025-12-25;3;0
7;2025-12-25;4;0
7;2025-12-25;5;127
7;2025-12-25;6;765
7;2025-12-25;7;1780
7;2025-12-25;8;2710
7;2025-12-25;9;1965
7;2025-12-25;10;1682
7;2025-12-25;11;1577
7;2025-12-25;12;1672
7;2025-12-25;13;1695
7;2025-12-25;14;1803
7;2025-12-25;15;1928
7;2025-12-25;16;2052
7;2025-12-25;17;2573
7;2025-12-25;18;2803
7;2025-12-25;19;1846
7;2025-12-25;20;1098
7;2025-12-25;21;639
7;2025-12-25;22;327
7;2025-12-25;23;196
7;2025-12-26;0;66
7;2025-12-26;1;0
7;2025-12-26;2;0
7;2025-12-26;3;0
7;2025-12-26;4;0
7;2025-12-26;5;121
7;2025-12-26;6;719
7;2025-12-26;7;1726
7;2025-12-26;8;2624
7;2025-12-26;9;1888
7;2025-12-26;10;1650
7;2025-12-26;11;1548
7;2025-12-26;12;1656
7;2025-12-26;13;1704
7;2025-12-26;14;1822
7;2025-12-26;15;1957
7;2025-12-26;16;2174
7;2025-12-26;17;2447
7;2025-12-26;18;2213
7;2025-12-26;19;1604
7;2025-12-26;20;1061
7;2025-12-26;21;622
7;2025-12-26;22;325
7;2025-12-26;23;202
7;2025-12-27;0;105
7;2025-12-27;1;0
7;2025-12-27;2;0
7;2025-12-27;3;0
7;2025-12-27;4;0
7;2025-12-27;5;42
7;2025-12-27;6;329
7;2025-12-27;7;532
7;2025-12-27;8;869
7;2025-12-27;9;923
7;2025-12-27;10;1003
7;2025-12-27;11;1183
7;2025-12-27;12;1331
7;2025-12-27;13;1401
7;2025-12-27;14;1468
7;2025-12-27;15;1376
7;2025-12-27;16;1301
7;2025-12-27;17;1268
7;2025-12-27;18;1172
7;2025-12-27;19;1113
7;2025-12-27;20;760
7;2025-12-27;21;597
7;2025-12-27;22;322
7;2025-12-27;23;202
7;2025-12-28;0;110
7;2025-12-28;1;0
7;2025-12-28;2;0
7;2025-12-28;3;0
7;2025-12-28;4;0
7;2025-12-28;5;32
7;2025-12-28;6;229
7;2025-12-28;7;376
7;2025-12-28;8;621
7;2025-12-28;9;750
7;2025-12-28;10;804
7;2025-12-28;11;1031
7;2025-12-28;12;1163
7;2025-12-28;13;1246
7;2025-12-28;14;1338
7;2025-12-28;15;1257
7;2025-12-28;16;1160
7;2025-12-28;17;1193
7;2025-12-28;18;1051
7;2025-12-28;19;899
7;2025-12-28;20;668
7;2025-12-28;21;514
7;2025-12-28;22;296
7;2025-12-28;23;175
7;2025-12-29;0;65
7;2025-12-29;1;0
7;2025-12-29;2;0
7;2025-12-29;3;0
7;2025-12-29;4;0
7;2025-12-29;5;127
7;2025-12-29;6;755
7;2025-12-29;7;1766
7;2025-12-29;8;2680
7;2025-12-29;9;1918
7;2025-12-29;10;1643
7;2025-12-29;11;1529
7;2025-12-29;12;1617
7;2025-12-29;13;1640
7;2025-12-29;14;1712
7;2025-12-29;15;1867
7;2025-12-29;16;1990
7;2025-12-29;17;2472
7;2025-12-29;18;2757
7;2025-12-29;19;1835
7;2025-12-29;20;1093
7;2025-12-29;21;631
7;2025-12-29;22;322
7;2025-12-29;23;183
7;2025-12-30;0;63
7;2025-12-30;1;0
7;2025-12-30;2;0
7;2025-12-30;3;0
7;2025-12-30;4;0
7;2025-12-30;5;129
7;2025-12-30;6;764
7;2025-12-30;7;1808
7;2025-12-30;8;2743
7;2025-12-30;9;1982
7;2025-12-30;10;1700
7;2025-12-30;11;1565
7;2025-12-30;12;1660
7;2025-12-30;13;1691
7;2025-12-30;14;1763
7;2025-12-30;15;1924
7;2025-12-30;16;2034
7;2025-12-30;17;2522
7;2025-12-30;18;2793
7;2025-12-30;19;1881
7;2025-12-30;20;1096
7;2025-12-30;21;642
7;2025-12-30;22;328
7;2025-12-30;23;191
7;2025-12-31;0;109
7;2025-12-31;1;0
7;2025-12-31;2;0
7;2025-12-31;3;0
7;2025-12-31;4;0
7;2025-12-31;5;32
7;2025-12-31;6;230
7;2025-12-31;7;402
7;2025-12-31;8;674
7;2025-12-31;9;783
7;2025-12-31;10;830
7;2025-12-31;11;1038
7;2025-12-31;12;1154
7;2025-12-31;13;1235
7;2025-12-31;14;1321
7;2025-12-31;15;1256
7;2025-12-31;16;1152
7;2025-12-31;17;1230
7;2025-12-31;18;1139
7;2025-12-31;19;957
7;2025-12-31;20;706
7;2025-12-31;21;524
7;2025-12-31;22;299
7;2025-12-31;23;176
11;2025-11-01;0;45
11;2025-11-01;1;0
11;2025-11-01;2;0
11;2025-11-01;3;0
11;2025-11-01;4;0
11;2025-11-01;5;181
11;2025-11-01;6;963
11;2025-11-01;7;1654
11;2025-11-01;8;2120
11;2025-11-01;9;1619
11;2025-11-01;10;1299
11;2025-11-01;11;1320
11;2025-11-01;12;1342
11;2025-11-01;13;1418
11;2025-11-01;14;1447
11;2025-11-01;15;1510
11;2025-11-01;16;1650
11;2025-11-01;17;2002
11;2025-11-01;18;1913
11;2025-11-01;19;1450
11;2025-11-01;20;939
11;2025-11-01;21;555
11;2025-11-01;22;268
11;2025-11-01;23;146
11;2025-11-02;0;108
11;2025-11-02;1;0
11;2025-11-02;2;0
11;2025-11-02;3;0
11;2025-11-02;4;0
11;2025-11-02;5;119
11;2025-11-02;6;590
11;2025-11-02;7;603
11;2025-11-02;8;783
11;2025-11-02;9;1011
11;2025-11-02;10;1147
11;2025-11-02;11;1593
11;2025-11-02;12;1769
11;2025-11-02;13;1738
11;2025-11-02;14;1815
11;2025-11-02;15;1846
11;2025-11-02;16;1771
11;2025-11-02;17;1873
11;2025-11-02;18;1533
11;2025-11-02;19;1275
11;2025-11-02;20;987
11;2025-11-02;21;701
11;2025-11-02;22;394
11;2025-11-02;23;249
11;2025-11-03;0;107
11;2025-11-03;1;0
11;2025-11-03;2;0
11;2025-11-03;3;0
11;2025-11-03;4;0
11;2025-11-03;5;119
11;2025-11-03;6;627
11;2025-11-03;7;649
11;2025-11-03;8;808
11;2025-11-03;9;970
11;2025-11-03;10;1070
11;2025-11-03;11;1448
11;2025-11-03;12;1603
11;2025-11-03;13;1559
11;2025-11-03;14;1647
11;2025-11-03;15;1729
11;2025-11-03;16;1647
11;2025-11-03;17;1757
11;2025-11-03;18;1525
11;2025-11-03;19;1313
11;2025-11-03;20;973
11;2025-11-03;21;677
11;2025-11-03;22;375
11;2025-11-03;23;235
11;2025-11-04;0;100
11;2025-11-04;1;0
11;2025-11-04;2;0
11;2025-11-04;3;0
11;2025-11-04;4;0
11;2025-11-04;5;117
11;2025-11-04;6;629
11;2025-11-04;7;661
11;2025-11-04;8;820
11;2025-11-04;9;989
11;2025-11-04;10;1101
11;2025-11-04;11;1468
11;2025-11-04;12;1629
11;2025-11-04;13;1573
11;2025-11-04;14;1649
11;2025-11-04;15;1700
11;2025-11-04;16;1642
11;2025-11-04;17;1770
11;2025-11-04;18;1505
11;2025-11-04;19;1287
11;2025-11-04;20;968
11;2025-11-04;21;664
11;2025-11-04;22;372
11;2025-11-04;23;239
11;2025-11-05;0;67
11;2025-11-05;1;0
11;2025-11-05;2;0
11;2025-11-05;3;0
11;2025-11-05;4;0
11;2025-11-05;5;279
11;2025-11-05;6;1466
11;2025-11-05;7;2662
11;2025-11-05;8;3444
11;2025-11-05;9;2548
11;2025-11-05;10;2029
11;2025-11-05;11;2023
11;2025-11-05;12;2034
11;2025-11-05;13;2146
11;2025-11-05;14;2154
11;2025-11-05;15;2230
11;2025-11-05;16;2424
11;2025-11-05;17;3092
11;2025-11-05;18;3306
11;2025-11-05;19;2429
11;2025-11-05;20;1520
11;2025-11-05;21;893
11;2025-11-05;22;441
11;2025-11-05;23;242
11;2025-11-06;0;68
11;2025-11-06;1;0
11;2025-11-06;2;0
11;2025-11-06;3;0
11;2025-11-06;4;0
11;2025-11-06;5;270
11;2025-11-06;6;1436
11;2025-11-06;7;2585
11;2025-11-06;8;3328
11;2025-11-06;9;2525
11;2025-11-06;10;1997
11;2025-11-06;11;1954
11;2025-11-06;12;2002
11;2025-11-06;13;2102
11;2025-11-06;14;2109
11;2025-11-06;15;2178
11;2025-11-06;16;2415
11;2025-11-06;17;3017
11;2025-11-06;18;3209
11;2025-11-06;19;2360
11;2025-11-06;20;1481
11;2025-11-06;21;863
11;2025-11-06;22;429
11;2025-11-06;23;236
11;2025-11-07;0;70
11;2025-11-07;1;0
11;2025-11-07;2;0
11;2025-11-07;3;0
11;2025-11-07;4;0
11;2025-11-07;5;263
11;2025-11-07;6;1399
11;2025-11-07;7;2502
11;2025-11-07;8;3226
11;2025-11-07;9;2425
11;2025-11-07;10;1956
11;2025-11-07;11;1941
11;2025-11-07;12;1946
11;2025-11-07;13;2013
11;2025-11-07;14;2083
11;2025-11-07;15;2273
11;2025-11-07;16;2506
11;2025-11-07;17;2995
11;2025-11-07;18;2605
11;2025-11-07;19;2126
11;2025-11-07;20;1413
11;2025-11-07;21;851
11;2025-11-07;22;431
11;2025-11-07;23;251
11;2025-11-08;0;100
11;2025-11-08;1;0
11;2025-11-08;2;0
11;2025-11-08;3;0
11;2025-11-08;4;0
11;2025-11-08;5;191
11;2025-11-08;6;859
11;2025-11-08;7;799
11;2025-11-08;8;1072
11;2025-11-08;9;1227
11;2025-11-08;10;1347
11;2025-11-08;11;1731
11;2025-11-08;12;1930
11;2025-11-08;13;1845
11;2025-11-08;14;1909
11;2025-11-08;15;1871
11;2025-11-08;16;1875
11;2025-11-08;17;1926
11;2025-11-08;18;1650
11;2025-11-08;19;1530
11;2025-11-08;20;1103
11;2025-11-08;21;757
11;2025-11-08;22;424
11;2025-11-08;23;288
11;2025-11-09;0;108
11;2025-11-09;1;0
11;2025-11-09;2;0
11;2025-11-09;3;0
11;2025-11-09;4;0
11;2025-11-09;5;120
11;2025-11-09;6;592
11;2025-11-09;7;606
11;2025-11-09;8;785
11;2025-11-09;9;1014
11;2025-11-09;10;1150
11;2025-11-09;11;1592
11;2025-11-09;12;1766
11;2025-11-09;13;1737
11;2025-11-09;14;1811
11;2025-11-09;15;1847
11;2025-11-09;16;1770
11;2025-11-09;17;1867
11;2025-11-09;18;1526
11;2025-11-09;19;1270
11;2025-11-09;20;977
11;2025-11-09;21;694
11;2025-11-09;22;390
11;2025-11-09;23;247
11;2025-11-10;0;70
11;2025-11-10;1;0
11;2025-11-10;2;0
11;2025-11-10;3;0
11;2025-11-10;4;0
11;2025-11-10;5;276
11;2025-11-10;6;1463
11;2025-11-10;7;2606
11;2025-11-10;8;3379
11;2025-11-10;9;2510
11;2025-11-10;10;1932
11;2025-11-10;11;1929
11;2025-11-10;12;1913
11;2025-11-10;13;2037
11;2025-11-10;14;2060
11;2025-11-10;15;2188
11;2025-11-10;16;2401
11;2025-11-10;17;3036
11;2025-11-10;18;3292
11;2025-11-10;19;2414
11;2025-11-10;20;1493
11;2025-11-10;21;868
11;2025-11-10;22;425
11;2025-11-10;23;225
11;2025-11-11;0;68
11;2025-11-11;1;0
11;2025-11-11;2;0
11;2025-11-11;3;0
11;2025-11-11;4;0
11;2025-11-11;5;278
11;2025-11-11;6;1505
11;2025-11-11;7;2727
11;2025-11-11;8;3529
11;2025-11-11;9;2624
11;2025-11-11;10;2043
11;2025-11-11;11;2012
11;2025-11-11;12;2023
11;2025-11-11;13;2139
11;2025-11-11;14;2152
11;2025-11-11;15;2250
11;2025-11-11;16;2495
11;2025-11-11;17;3171
11;2025-11-11;18;3380
11;2025-11-11;19;2473
11;2025-11-11;20;1547
11;2025-11-11;21;900
11;2025-11-11;22;442
11;2025-11-11;23;240
11;2025-11-12;0;65
11;2025-11-12;1;0
11;2025-11-12;2;0
11;2025-11-12;3;0
11;2025-11-12;4;0
11;2025-11-12;5;274
11;2025-11-12;6;1439
11;2025-11-12;7;2626
11;2025-11-12;8;3400
11;2025-11-12;9;2504
11;2025-11-12;10;1990
11;2025-11-12;11;1986
11;2025-11-12;12;2000
11;2025-11-12;13;2111
11;2025-11-12;14;2123
11;2025-11-12;15;2196
11;2025-11-12;16;2380
11;2025-11-12;17;3054
11;2025-11-12;18;3267
11;2025-11-12;19;2388
11;2025-11-12;20;1478
11;2025-11-12;21;870
11;2025-11-12;22;429
11;2025-11-12;23;236
11;2025-11-13;0;70
11;2025-11-13;1;0
11;2025-11-13;2;0
11;2025-11-13;3;0
11;2025-11-13;4;0
11;2025-11-13;5;280
11;2025-11-13;6;1483
11;2025-11-13;7;2672
11;2025-11-13;8;3447
11;2025-11-13;9;2604
11;2025-11-13;10;2049
11;2025-11-13;11;2009
11;2025-11-13;12;2059
11;2025-11-13;13;2170
11;2025-11-13;14;2185
11;2025-11-13;15;2261
11;2025-11-13;16;2506
11;2025-11-13;17;3135
11;2025-11-13;18;3350
11;2025-11-13;19;2457
11;2025-11-13;20;1538
11;2025-11-13;21;900
11;2025-11-13;22;446
11;2025-11-13;23;245
11;2025-11-14;0;69
11;2025-11-14;1;0
11;2025-11-14;2;0
11;2025-11-14;3;0
11;2025-11-14;4;0
11;2025-11-14;5;264
11;2025-11-14;6;1403
11;2025-11-14;7;2518
11;2025-11-14;8;3249
11;2025-11-14;9;2435
11;2025-11-14;10;1950
11;2025-11-14;11;1939
11;2025-11-14;12;1950
11;2025-11-14;13;2021
11;2025-11-14;14;2099
11;2025-11-14;15;2294
11;2025-11-14;16;2524
11;2025-11-14;17;3016
11;2025-11-14;18;2627
11;2025-11-14;19;2144
11;2025-11-14;20;1415
11;2025-11-14;21;846
11;2025-11-14;22;428
11;2025-11-14;23;248
11;2025-11-15;0;94
11;2025-11-15;1;0
11;2025-11-15;2;0
11;2025-11-15;3;0
11;2025-11-15;4;0
11;2025-11-15;5;185
11;2025-11-15;6;832
11;2025-11-15;7;776
11;2025-11-15;8;1038
11;2025-11-15;9;1177
11;2025-11-15;10;1257
11;2025-11-15;11;1594
11;2025-11-15;12;1775
11;2025-11-15;13;1696
11;2025-11-15;14;1760
11;2025-11-15;15;1730
11;2025-11-15;16;1736
11;2025-11-15;17;1810
11;2025-11-15;18;1555
11;2025-11-15;19;1428
11;2025-11-15;20;1012
11;2025-11-15;21;694
11;2025-11-15;22;388
11;2025-11-15;23;263
11;2025-11-16;0;111
11;2025-11-16;1;0
11;2025-11-16;2;0
11;2025-11-16;3;0
11;2025-11-16;4;0
11;2025-11-16;5;122
11;2025-11-16;6;605
11;2025-11-16;7;618
11;2025-11-16;8;801
11;2025-11-16;9;1034
11;2025-11-16;10;1172
11;2025-11-16;11;1627
11;2025-11-16;12;1805
11;2025-11-16;13;1772
11;2025-11-16;14;1854
11;2025-11-16;15;1890
11;2025-11-16;16;1814
11;2025-11-16;17;1920
11;2025-11-16;18;1572
11;2025-11-16;19;1305
11;2025-11-16;20;1004
11;2025-11-16;21;713
11;2025-11-16;22;401
11;2025-11-16;23;253
11;2025-11-17;0;67
11;2025-11-17;1;0
11;2025-11-17;2;0
11;2025-11-17;3;0
11;2025-11-17;4;0
11;2025-11-17;5;267
11;2025-11-17;6;1420
11;2025-11-17;7;2519
11;2025-11-17;8;3262
11;2025-11-17;9;2426
11;2025-11-17;10;1862
11;2025-11-17;11;1857
11;2025-11-17;12;1840
11;2025-11-17;13;1958
11;2025-11-17;14;1982
11;2025-11-17;15;2110
11;2025-11-17;16;2312
11;2025-11-17;17;2932
11;2025-11-17;18;3165
11;2025-11-17;19;2330
11;2025-11-17;20;1430
11;2025-11-17;21;832
11;2025-11-17;22;406
11;2025-11-17;23;214
11;2025-11-18;0;61
11;2025-11-18;1;0
11;2025-11-18;2;0
11;2025-11-18;3;0
11;2025-11-18;4;0
11;2025-11-18;5;256
11;2025-11-18;6;1407
11;2025-11-18;7;2552
11;2025-11-18;8;3301
11;2025-11-18;9;2453
11;2025-11-18;10;1903
11;2025-11-18;11;1860
11;2025-11-18;12;1865
11;2025-11-18;13;1955
11;2025-11-18;14;1969
11;2025-11-18;15;2058
11;2025-11-18;16;2288
11;2025-11-18;17;2947
11;2025-11-18;18;3121
11;2025-11-18;19;2288
11;2025-11-18;20;1420
11;2025-11-18;21;822
11;2025-11-18;22;404
11;2025-11-18;23;219
11;2025-11-19;0;67
11;2025-11-19;1;0
11;2025-11-19;2;0
11;2025-11-19;3;0
11;2025-11-19;4;0
11;2025-11-19;5;282
11;2025-11-19;6;1477
11;2025-11-19;7;2692
11;2025-11-19;8;3484
11;2025-11-19;9;2580
11;2025-11-19;10;2044
11;2025-11-19;11;2041
11;2025-11-19;12;2054
11;2025-11-19;13;2171
11;2025-11-19;14;2184
11;2025-11-19;15;2269
11;2025-11-19;16;2460
11;2025-11-19;17;3137
11;2025-11-19;18;3365
11;2025-11-19;19;2461
11;2025-11-19;20;1530
11;2025-11-19;21;900
11;2025-11-19;22;443
11;2025-11-19;23;244
11;2025-11-20;0;70
11;2025-11-20;1;0
11;2025-11-20;2;0
11;2025-11-20;3;0
11;2025-11-20;4;0
11;2025-11-20;5;280
11;2025-11-20;6;1481
11;2025-11-20;7;2675
11;2025-11-20;8;3447
11;2025-11-20;9;2612
11;2025-11-20;10;2058
11;2025-11-20;11;2018
11;2025-11-20;12;2070
11;2025-11-20;13;2179
11;2025-11-20;14;2194
11;2025-11-20;15;2271
11;2025-11-20;16;2510
11;2025-11-20;17;3147
11;2025-11-20;18;3362
11;2025-11-20;19;2468
11;2025-11-20;20;1544
11;2025-11-20;21;904
11;2025-11-20;22;448
11;2025-11-20;23;246
11;2025-11-21;0;70
11;2025-11-21;1;0
11;2025-11-21;2;0
11;2025-11-21;3;0
11;2025-11-21;4;0
11;2025-11-21;5;268
11;2025-11-21;6;1420
11;2025-11-21;7;2548
11;2025-11-21;8;3288
11;2025-11-21;9;2472
11;2025-11-21;10;1977
11;2025-11-21;11;1970
11;2025-11-21;12;1981
11;2025-11-21;13;2056
11;2025-11-21;14;2134
11;2025-11-21;15;2333
11;2025-11-21;16;2563
11;2025-11-21;17;3067
11;2025-11-21;18;2697
11;2025-11-21;19;2190
11;2025-11-21;20;1442
11;2025-11-21;21;863
11;2025-11-21;22;435
11;2025-11-21;23;252
11;2025-11-22;0;97
11;2025-11-22;1;0
11;2025-11-22;2;0
11;2025-11-22;3;0
11;2025-11-22;4;0
11;2025-11-22;5;190
11;2025-11-22;6;854
11;2025-11-22;7;797
11;2025-11-22;8;1070
11;2025-11-22;9;1216
11;2025-11-22;10;1319
11;2025-11-22;11;1690
11;2025-11-22;12;1885
11;2025-11-22;13;1804
11;2025-11-22;14;1873
11;2025-11-22;15;1841
11;2025-11-22;16;1846
11;2025-11-22;17;1895
11;2025-11-22;18;1625
11;2025-11-22;19;1497
11;2025-11-22;20;1070
11;2025-11-22;21;734
11;2025-11-22;22;410
11;2025-11-22;23;278
11;2025-11-23;0;109
11;2025-11-23;1;0
11;2025-11-23;2;0
11;2025-11-23;3;0
11;2025-11-23;4;0
11;2025-11-23;5;121
11;2025-11-23;6;597
11;2025-11-23;7;612
11;2025-11-23;8;791
11;2025-11-23;9;1023
11;2025-11-23;10;1159
11;2025-11-23;11;1608
11;2025-11-23;12;1783
11;2025-11-23;13;1752
11;2025-11-23;14;1831
11;2025-11-23;15;1865
11;2025-11-23;16;1786
11;2025-11-23;17;1891
11;2025-11-23;18;1547
11;2025-11-23;19;1282
11;2025-11-23;20;984
11;2025-11-23;21;699
11;2025-11-23;22;393
11;2025-11-23;23;248
11;2025-11-24;0;65
11;2025-11-24;1;0
11;2025-11-24;2;0
11;2025-11-24;3;0
11;2025-11-24;4;0
11;2025-11-24;5;259
11;2025-11-24;6;1382
11;2025-11-24;7;2459
11;2025-11-24;8;3187
11;2025-11-24;9;2367
11;2025-11-24;10;1819
11;2025-11-24;11;1806
11;2025-11-24;12;1786
11;2025-11-24;13;1893
11;2025-11-24;14;1916
11;2025-11-24;15;2037
11;2025-11-24;16;2239
11;2025-11-24;17;2852
11;2025-11-24;18;3090
11;2025-11-24;19;2258
11;2025-11-24;20;1382
11;2025-11-24;21;800
11;2025-11-24;22;390
11;2025-11-24;23;205
11;2025-11-25;0;68
11;2025-11-25;1;0
11;2025-11-25;2;0
11;2025-11-25;3;0
11;2025-11-25;4;0
11;2025-11-25;5;277
11;2025-11-25;6;1494
11;2025-11-25;7;2716
11;2025-11-25;8;3516
11;2025-11-25;9;2611
11;2025-11-25;10;2031
11;2025-11-25;11;2002
11;2025-11-25;12;2014
11;2025-11-25;13;2132
11;2025-11-25;14;2146
11;2025-11-25;15;2246
11;2025-11-25;16;2488
11;2025-11-25;17;3159
11;2025-11-25;18;3367
11;2025-11-25;19;2460
11;2025-11-25;20;1535
11;2025-11-25;21;893
11;2025-11-25;22;439
11;2025-11-25;23;239
11;2025-11-26;0;62
11;2025-11-26;1;0
11;2025-11-26;2;0
11;2025-11-26;3;0
11;2025-11-26;4;0
11;2025-11-26;5;265
11;2025-11-26;6;1391
11;2025-11-26;7;2555
11;2025-11-26;8;3307
11;2025-11-26;9;2428
11;2025-11-26;10;1928
11;2025-11-26;11;1908
11;2025-11-26;12;1923
11;2025-11-26;13;2021
11;2025-11-26;14;2035
11;2025-11-26;15;2109
11;2025-11-26;16;2287
11;2025-11-26;17;2951
11;2025-11-26;18;3156
11;2025-11-26;19;2297
11;2025-11-26;20;1416
11;2025-11-26;21;832
11;2025-11-26;22;409
11;2025-11-26;23;225
11;2025-11-27;0;66
11;2025-11-27;1;0
11;2025-11-27;2;0
11;2025-11-27;3;0
11;2025-11-27;4;0
11;2025-11-27;5;266
11;2025-11-27;6;1412
11;2025-11-27;7;2564
11;2025-11-27;8;3302
11;2025-11-27;9;2501
11;2025-11-27;10;1964
11;2025-11-27;11;1917
11;2025-11-27;12;1968
11;2025-11-27;13;2068
11;2025-11-27;14;2083
11;2025-11-27;15;2160
11;2025-11-27;16;2396
11;2025-11-27;17;2992
11;2025-11-27;18;3188
11;2025-11-27;19;2328
11;2025-11-27;20;1453
11;2025-11-27;21;847
11;2025-11-27;22;420
11;2025-11-27;23;231
11;2025-11-28;0;69
11;2025-11-28;1;0
11;2025-11-28;2;0
11;2025-11-28;3;0
11;2025-11-28;4;0
11;2025-11-28;5;265
11;2025-11-28;6;1401
11;2025-11-28;7;2524
11;2025-11-28;8;3255
11;2025-11-28;9;2441
11;2025-11-28;10;1947
11;2025-11-28;11;1938
11;2025-11-28;12;1949
11;2025-11-28;13;2026
11;2025-11-28;14;2103
11;2025-11-28;15;2301
11;2025-11-28;16;2534
11;2025-11-28;17;3025
11;2025-11-28;18;2646
11;2025-11-28;19;2153
11;2025-11-28;20;1418
11;2025-11-28;21;847
11;2025-11-28;22;428
11;2025-11-28;23;248
11;2025-11-29;0;104
11;2025-11-29;1;0
11;2025-11-29;2;0
11;2025-11-29;3;0
11;2025-11-29;4;0
11;2025-11-29;5;196
11;2025-11-29;6;880
11;2025-11-29;7;821
11;2025-11-29;8;1105
11;2025-11-29;9;1266
11;2025-11-29;10;1379
11;2025-11-29;11;1791
11;2025-11-29;12;2003
11;2025-11-29;13;1920
11;2025-11-29;14;1991
11;2025-11-29;15;1969
11;2025-11-29;16;1973
11;2025-11-29;17;2016
11;2025-11-29;18;1730
11;2025-11-29;19;1593
11;2025-11-29;20;1148
11;2025-11-29;21;789
11;2025-11-29;22;441
11;2025-11-29;23;300
11;2025-11-30;0;110
11;2025-11-30;1;0
11;2025-11-30;2;0
11;2025-11-30;3;0
11;2025-11-30;4;0
11;2025-11-30;5;121
11;2025-11-30;6;591
11;2025-11-30;7;613
11;2025-11-30;8;793
11;2025-11-30;9;1029
11;2025-11-30;10;1159
11;2025-11-30;11;1620
11;2025-11-30;12;1802
11;2025-11-30;13;1786
11;2025-11-30;14;1869
11;2025-11-30;15;1918
11;2025-11-30;16;1833
11;2025-11-30;17;1915
11;2025-11-30;18;1567
11;2025-11-30;19;1297
11;2025-11-30;20;996
11;2025-11-30;21;707
11;2025-11-30;22;398
11;2025-11-30;23;253
11;2025-12-01;0;71
11;2025-12-01;1;0
11;2025-12-01;2;0
11;2025-12-01;3;0
11;2025-12-01;4;0
11;2025-12-01;5;276
11;2025-12-01;6;1434
11;2025-12-01;7;2616
11;2025-12-01;8;3401
11;2025-12-01;9;2528
11;2025-12-01;10;1928
11;2025-12-01;11;1941
11;2025-12-01;12;1932
11;2025-12-01;13;2084
11;2025-12-01;14;2110
11;2025-12-01;15;2264
11;2025-12-01;16;2483
11;2025-12-01;17;3093
11;2025-12-01;18;3351
11;2025-12-01;19;2442
11;2025-12-01;20;1507
11;2025-12-01;21;879
11;2025-12-01;22;429
11;2025-12-01;23;226
11;2025-12-02;0;69
11;2025-12-02;1;0
11;2025-12-02;2;0
11;2025-12-02;3;0
11;2025-12-02;4;0
11;2025-12-02;5;277
11;2025-12-02;6;1457
11;2025-12-02;7;2737
11;2025-12-02;8;3555
11;2025-12-02;9;2643
11;2025-12-02;10;2041
11;2025-12-02;11;2024
11;2025-12-02;12;2039
11;2025-12-02;13;2189
11;2025-12-02;14;2203
11;2025-12-02;15;2338
11;2025-12-02;16;2587
11;2025-12-02;17;3224
11;2025-12-02;18;3441
11;2025-12-02;19;2500
11;2025-12-02;20;1559
11;2025-12-02;21;908
11;2025-12-02;22;443
11;2025-12-02;23;241
11;2025-12-03;0;69
11;2025-12-03;1;0
11;2025-12-03;2;0
11;2025-12-03;3;0
11;2025-12-03;4;0
11;2025-12-03;5;281
11;2025-12-03;6;1430
11;2025-12-03;7;2693
11;2025-12-03;8;3503
11;2025-12-03;9;2595
11;2025-12-03;10;2031
11;2025-12-03;11;2046
11;2025-12-03;12;2065
11;2025-12-03;13;2220
11;2025-12-03;14;2235
11;2025-12-03;15;2356
11;2025-12-03;16;2558
11;2025-12-03;17;3194
11;2025-12-03;18;3421
11;2025-12-03;19;2482
11;2025-12-03;20;1538
11;2025-12-03;21;907
11;2025-12-03;22;446
11;2025-12-03;23;244
11;2025-12-04;0;71
11;2025-12-04;1;0
11;2025-12-04;2;0
11;2025-12-04;3;0
11;2025-12-04;4;0
11;2025-12-04;5;279
11;2025-12-04;6;1431
11;2025-12-04;7;2680
11;2025-12-04;8;3475
11;2025-12-04;9;2626
11;2025-12-04;10;2047
11;2025-12-04;11;2025
11;2025-12-04;12;2084
11;2025-12-04;13;2231
11;2025-12-04;14;2246
11;2025-12-04;15;2359
11;2025-12-04;16;2608
11;2025-12-04;17;3200
11;2025-12-04;18;3424
11;2025-12-04;19;2492
11;2025-12-04;20;1556
11;2025-12-04;21;912
11;2025-12-04;22;451
11;2025-12-04;23;248
11;2025-12-05;0;73
11;2025-12-05;1;0
11;2025-12-05;2;0
11;2025-12-05;3;0
11;2025-12-05;4;0
11;2025-12-05;5;273
11;2025-12-05;6;1403
11;2025-12-05;7;2610
11;2025-12-05;8;3386
11;2025-12-05;9;2546
11;2025-12-05;10;2005
11;2025-12-05;11;2013
11;2025-12-05;12;2036
11;2025-12-05;13;2157
11;2025-12-05;14;2226
11;2025-12-05;15;2455
11;2025-12-05;16;2699
11;2025-12-05;17;3182
11;2025-12-05;18;2843
11;2025-12-05;19;2282
11;2025-12-05;20;1503
11;2025-12-05;21;894
11;2025-12-05;22;450
11;2025-12-05;23;257
11;2025-12-06;0;104
11;2025-12-06;1;0
11;2025-12-06;2;0
11;2025-12-06;3;0
11;2025-12-06;4;0
11;2025-12-06;5;192
11;2025-12-06;6;844
11;2025-12-06;7;810
11;2025-12-06;8;1099
11;2025-12-06;9;1271
11;2025-12-06;10;1371
11;2025-12-06;11;1807
11;2025-12-06;12;2022
11;2025-12-06;13;1968
11;2025-12-06;14;2039
11;2025-12-06;15;2045
11;2025-12-06;16;2050
11;2025-12-06;17;2042
11;2025-12-06;18;1752
11;2025-12-06;19;1589
11;2025-12-06;20;1145
11;2025-12-06;21;788
11;2025-12-06;22;442
11;2025-12-06;23;301
11;2025-12-07;0;111
11;2025-12-07;1;0
11;2025-12-07;2;0
11;2025-12-07;3;0
11;2025-12-07;4;0
11;2025-12-07;5;121
11;2025-12-07;6;585
11;2025-12-07;7;610
11;2025-12-07;8;790
11;2025-12-07;9;1032
11;2025-12-07;10;1157
11;2025-12-07;11;1631
11;2025-12-07;12;1819
11;2025-12-07;13;1811
11;2025-12-07;14;1899
11;2025-12-07;15;1968
11;2025-12-07;16;1879
11;2025-12-07;17;1940
11;2025-12-07;18;1587
11;2025-12-07;19;1307
11;2025-12-07;20;1005
11;2025-12-07;21;713
11;2025-12-07;22;401
11;2025-12-07;23;257
11;2025-12-08;0;71
11;2025-12-08;1;0
11;2025-12-08;2;0
11;2025-12-08;3;0
11;2025-12-08;4;0
11;2025-12-08;5;276
11;2025-12-08;6;1416
11;2025-12-08;7;2617
11;2025-12-08;8;3411
11;2025-12-08;9;2535
11;2025-12-08;10;1932
11;2025-12-08;11;1944
11;2025-12-08;12;1940
11;2025-12-08;13;2097
11;2025-12-08;14;2123
11;2025-12-08;15;2290
11;2025-12-08;16;2510
11;2025-12-08;17;3109
11;2025-12-08;18;3367
11;2025-12-08;19;2456
11;2025-12-08;20;1514
11;2025-12-08;21;886
11;2025-12-08;22;432
11;2025-12-08;23;228
11;2025-12-09;0;69
11;2025-12-09;1;0
11;2025-12-09;2;0
11;2025-12-09;3;0
11;2025-12-09;4;0
11;2025-12-09;5;276
11;2025-12-09;6;1437
11;2025-12-09;7;2711
11;2025-12-09;8;3524
11;2025-12-09;9;2621
11;2025-12-09;10;2024
11;2025-12-09;11;2008
11;2025-12-09;12;2028
11;2025-12-09;13;2180
11;2025-12-09;14;2196
11;2025-12-09;15;2332
11;2025-12-09;16;2576
11;2025-12-09;17;3206
11;2025-12-09;18;3419
11;2025-12-09;19;2485
11;2025-12-09;20;1546
11;2025-12-09;21;906
11;2025-12-09;22;444
11;2025-12-09;23;241
11;2025-12-10;0;66
11;2025-12-10;1;0
11;2025-12-10;2;0
11;2025-12-10;3;0
11;2025-12-10;4;0
11;2025-12-10;5;274
11;2025-12-10;6;1387
11;2025-12-10;7;2621
11;2025-12-10;8;3410
11;2025-12-10;9;2513
11;2025-12-10;10;1977
11;2025-12-10;11;1986
11;2025-12-10;12;2010
11;2025-12-10;13;2158
11;2025-12-10;14;2173
11;2025-12-10;15;2287
11;2025-12-10;16;2476
11;2025-12-10;17;3106
11;2025-12-10;18;3324
11;2025-12-10;19;2415
11;2025-12-10;20;1489
11;2025-12-10;21;880
11;2025-12-10;22;433
11;2025-12-10;23;237
11;2025-12-11;0;67
11;2025-12-11;1;0
11;2025-12-11;2;0
11;2025-12-11;3;0
11;2025-12-11;4;0
11;2025-12-11;5;265
11;2025-12-11;6;1357
11;2025-12-11;7;2554
11;2025-12-11;8;3311
11;2025-12-11;9;2512
11;2025-12-11;10;1955
11;2025-12-11;11;1927
11;2025-12-11;12;1984
11;2025-12-11;13;2123
11;2025-12-11;14;2138
11;2025-12-11;15;2248
11;2025-12-11;16;2486
11;2025-12-11;17;3045
11;2025-12-11;18;3250
11;2025-12-11;19;2358
11;2025-12-11;20;1467
11;2025-12-11;21;857
11;2025-12-11;22;425
11;2025-12-11;23;234
11;2025-12-12;0;69
11;2025-12-12;1;0
11;2025-12-12;2;0
11;2025-12-12;3;0
11;2025-12-12;4;0
11;2025-12-12;5;260
11;2025-12-12;6;1337
11;2025-12-12;7;2482
11;2025-12-12;8;3221
11;2025-12-12;9;2422
11;2025-12-12;10;1907
11;2025-12-12;11;1910
11;2025-12-12;12;1928
11;2025-12-12;13;2035
11;2025-12-12;14;2114
11;2025-12-12;15;2344
11;2025-12-12;16;2579
11;2025-12-12;17;3028
11;2025-12-12;18;2654
11;2025-12-12;19;2151
11;2025-12-12;20;1416
11;2025-12-12;21;845
11;2025-12-12;22;426
11;2025-12-12;23;245
11;2025-12-13;0;104
11;2025-12-13;1;0
11;2025-12-13;2;0
11;2025-12-13;3;0
11;2025-12-13;4;0
11;2025-12-13;5;192
11;2025-12-13;6;845
11;2025-12-13;7;811
11;2025-12-13;8;1099
11;2025-12-13;9;1271
11;2025-12-13;10;1370
11;2025-12-13;11;1806
11;2025-12-13;12;2020
11;2025-12-13;13;1967
11;2025-12-13;14;2038
11;2025-12-13;15;2046
11;2025-12-13;16;2051
11;2025-12-13;17;2045
11;2025-12-13;18;1757
11;2025-12-13;19;1595
11;2025-12-13;20;1151
11;2025-12-13;21;793
11;2025-12-13;22;445
11;2025-12-13;23;302
11;2025-12-14;0;112
11;2025-12-14;1;0
11;2025-12-14;2;0
11;2025-12-14;3;0
11;2025-12-14;4;0
11;2025-12-14;5;121
11;2025-12-14;6;587
11;2025-12-14;7;610
11;2025-12-14;8;791
11;2025-12-14;9;1033
11;2025-12-14;10;1157
11;2025-12-14;11;1632
11;2025-12-14;12;1821
11;2025-12-14;13;1812
11;2025-12-14;14;1900
11;2025-12-14;15;1970
11;2025-12-14;16;1882
11;2025-12-14;17;1945
11;2025-12-14;18;1593
11;2025-12-14;19;1312
11;2025-12-14;20;1011
11;2025-12-14;21;719
11;2025-12-14;22;403
11;2025-12-14;23;258
11;2025-12-15;0;70
11;2025-12-15;1;0
11;2025-12-15;2;0
11;2025-12-15;3;0
11;2025-12-15;4;0
11;2025-12-15;5;274
11;2025-12-15;6;1395
11;2025-12-15;7;2594
11;2025-12-15;8;3383
11;2025-12-15;9;2515
11;2025-12-15;10;1914
11;2025-12-15;11;1928
11;2025-12-15;12;1923
11;2025-12-15;13;2083
11;2025-12-15;14;2111
11;2025-12-15;15;2284
11;2025-12-15;16;2497
11;2025-12-15;17;3085
11;2025-12-15;18;3345
11;2025-12-15;19;2441
11;2025-12-15;20;1497
11;2025-12-15;21;878
11;2025-12-15;22;429
11;2025-12-15;23;226
11;2025-12-16;0;66
11;2025-12-16;1;0
11;2025-12-16;2;0
11;2025-12-16;3;0
11;2025-12-16;4;0
11;2025-12-16;5;267
11;2025-12-16;6;1400
11;2025-12-16;7;2642
11;2025-12-16;8;3434
11;2025-12-16;9;2556
11;2025-12-16;10;1970
11;2025-12-16;11;1955
11;2025-12-16;12;1974
11;2025-12-16;13;2116
11;2025-12-16;14;2136
11;2025-12-16;15;2267
11;2025-12-16;16;2508
11;2025-12-16;17;3128
11;2025-12-16;18;3331
11;2025-12-16;19;2421
11;2025-12-16;20;1505
11;2025-12-16;21;880
11;2025-12-16;22;431
11;2025-12-16;23;234
11;2025-12-17;0;69
11;2025-12-17;1;0
11;2025-12-17;2;0
11;2025-12-17;3;0
11;2025-12-17;4;0
11;2025-12-17;5;282
11;2025-12-17;6;1430
11;2025-12-17;7;2694
11;2025-12-17;8;3505
11;2025-12-17;9;2599
11;2025-12-17;10;2037
11;2025-12-17;11;2049
11;2025-12-17;12;2072
11;2025-12-17;13;2228
11;2025-12-17;14;2244
11;2025-12-17;15;2365
11;2025-12-17;16;2566
11;2025-12-17;17;3200
11;2025-12-17;18;3429
11;2025-12-17;19;2490
11;2025-12-17;20;1544
11;2025-12-17;21;912
11;2025-12-17;22;449
11;2025-12-17;23;246
11;2025-12-18;0;71
11;2025-12-18;1;0
11;2025-12-18;2;0
11;2025-12-18;3;0
11;2025-12-18;4;0
11;2025-12-18;5;279
11;2025-12-18;6;1418
11;2025-12-18;7;2665
11;2025-12-18;8;3462
11;2025-12-18;9;2618
11;2025-12-18;10;2040
11;2025-12-18;11;2021
11;2025-12-18;12;2079
11;2025-12-18;13;2233
11;2025-12-18;14;2249
11;2025-12-18;15;2363
11;2025-12-18;16;2609
11;2025-12-18;17;3193
11;2025-12-18;18;3417
11;2025-12-18;19;2487
11;2025-12-18;20;1553
11;2025-12-18;21;912
11;2025-12-18;22;452
11;2025-12-18;23;249
11;2025-12-19;0;73
11;2025-12-19;1;0
11;2025-12-19;2;0
11;2025-12-19;3;0
11;2025-12-19;4;0
11;2025-12-19;5;274
11;2025-12-19;6;1399
11;2025-12-19;7;2608
11;2025-12-19;8;3388
11;2025-12-19;9;2547
11;2025-12-19;10;2008
11;2025-12-19;11;2016
11;2025-12-19;12;2041
11;2025-12-19;13;2165
11;2025-12-19;14;2237
11;2025-12-19;15;2468
11;2025-12-19;16;2712
11;2025-12-19;17;3188
11;2025-12-19;18;2853
11;2025-12-19;19;2291
11;2025-12-19;20;1511
11;2025-12-19;21;901
11;2025-12-19;22;454
11;2025-12-19;23;260
11;2025-12-20;0;103
11;2025-12-20;1;0
11;2025-12-20;2;0
11;2025-12-20;3;0
11;2025-12-20;4;0
11;2025-12-20;5;191
11;2025-12-20;6;836
11;2025-12-20;7;806
11;2025-12-20;8;1093
11;2025-12-20;9;1265
11;2025-12-20;10;1366
11;2025-12-20;11;1801
11;2025-12-20;12;2020
11;2025-12-20;13;1969
11;2025-12-20;14;2041
11;2025-12-20;15;2049
11;2025-12-20;16;2051
11;2025-12-20;17;2038
11;2025-12-20;18;1749
11;2025-12-20;19;1587
11;2025-12-20;20;1146
11;2025-12-20;21;791
11;2025-12-20;22;444
11;2025-12-20;23;302
11;2025-12-21;0;108
11;2025-12-21;1;0
11;2025-12-21;2;0
11;2025-12-21;3;0
11;2025-12-21;4;0
11;2025-12-21;5;118
11;2025-12-21;6;569
11;2025-12-21;7;596
11;2025-12-21;8;773
11;2025-12-21;9;1012
11;2025-12-21;10;1134
11;2025-12-21;11;1599
11;2025-12-21;12;1783
11;2025-12-21;13;1779
11;2025-12-21;14;1863
11;2025-12-21;15;1928
11;2025-12-21;16;1837
11;2025-12-21;17;1897
11;2025-12-21;18;1550
11;2025-12-21;19;1275
11;2025-12-21;20;983
11;2025-12-21;21;698
11;2025-12-21;22;393
11;2025-12-21;23;251
11;2025-12-22;0;69
11;2025-12-22;1;0
11;2025-12-22;2;0
11;2025-12-22;3;0
11;2025-12-22;4;0
11;2025-12-22;5;267
11;2025-12-22;6;1367
11;2025-12-22;7;2529
11;2025-12-22;8;3299
11;2025-12-22;9;2452
11;2025-12-22;10;1866
11;2025-12-22;11;1878
11;2025-12-22;12;1873
11;2025-12-22;13;2026
11;2025-12-22;14;2052
11;2025-12-22;15;2217
11;2025-12-22;16;2430
11;2025-12-22;17;3011
11;2025-12-22;18;3264
11;2025-12-22;19;2376
11;2025-12-22;20;1459
11;2025-12-22;21;855
11;2025-12-22;22;417
11;2025-12-22;23;218
11;2025-12-23;0;69
11;2025-12-23;1;0
11;2025-12-23;2;0
11;2025-12-23;3;0
11;2025-12-23;4;0
11;2025-12-23;5;278
11;2025-12-23;6;1439
11;2025-12-23;7;2722
11;2025-12-23;8;3550
11;2025-12-23;9;2632
11;2025-12-23;10;2033
11;2025-12-23;11;2017
11;2025-12-23;12;2036
11;2025-12-23;13;2196
11;2025-12-23;14;2215
11;2025-12-23;15;2364
11;2025-12-23;16;2605
11;2025-12-23;17;3235
11;2025-12-23;18;3456
11;2025-12-23;19;2524
11;2025-12-23;20;1574
11;2025-12-23;21;923
11;2025-12-23;22;451
11;2025-12-23;23;245
11;2025-12-24;0;68
11;2025-12-24;1;0
11;2025-12-24;2;0
11;2025-12-24;3;0
11;2025-12-24;4;0
11;2025-12-24;5;281
11;2025-12-24;6;1409
11;2025-12-24;7;2669
11;2025-12-24;8;3493
11;2025-12-24;9;2566
11;2025-12-24;10;2012
11;2025-12-24;11;2024
11;2025-12-24;12;2046
11;2025-12-24;13;2208
11;2025-12-24;14;2226
11;2025-12-24;15;2355
11;2025-12-24;16;2549
11;2025-12-24;17;3183
11;2025-12-24;18;3407
11;2025-12-24;19;2482
11;2025-12-24;20;1534
11;2025-12-24;21;910
11;2025-12-24;22;448
11;2025-12-24;23;246
11;2025-12-25;0;68
11;2025-12-25;1;0
11;2025-12-25;2;0
11;2025-12-25;3;0
11;2025-12-25;4;0
11;2025-12-25;5;267
11;2025-12-25;6;1359
11;2025-12-25;7;2565
11;2025-12-25;8;3325
11;2025-12-25;9;2523
11;2025-12-25;10;1963
11;2025-12-25;11;1935
11;2025-12-25;12;1995
11;2025-12-25;13;2136
11;2025-12-25;14;2154
11;2025-12-25;15;2267
11;2025-12-25;16;2507
11;2025-12-25;17;3068
11;2025-12-25;18;3275
11;2025-12-25;19;2381
11;2025-12-25;20;1482
11;2025-12-25;21;872
11;2025-12-25;22;432
11;2025-12-25;23;238
11;2025-12-26;0;69
11;2025-12-26;1;0
11;2025-12-26;2;0
11;2025-12-26;3;0
11;2025-12-26;4;0
11;2025-12-26;5;262
11;2025-12-26;6;1327
11;2025-12-26;7;2476
11;2025-12-26;8;3213
11;2025-12-26;9;2416
11;2025-12-26;10;1902
11;2025-12-26;11;1902
11;2025-12-26;12;1922
11;2025-12-26;13;2033
11;2025-12-26;14;2114
11;2025-12-26;15;2347
11;2025-12-26;16;2582
11;2025-12-26;17;3028
11;2025-12-26;18;2657
11;2025-12-26;19;2154
11;2025-12-26;20;1418
11;2025-12-26;21;851
11;2025-12-26;22;430
11;2025-12-26;23;247
11;2025-12-27;0;104
11;2025-12-27;1;0
11;2025-12-27;2;0
11;2025-12-27;3;0
11;2025-12-27;4;0
11;2025-12-27;5;192
11;2025-12-27;6;837
11;2025-12-27;7;810
11;2025-12-27;8;1094
11;2025-12-27;9;1263
11;2025-12-27;10;1363
11;2025-12-27;11;1797
11;2025-12-27;12;2013
11;2025-12-27;13;1963
11;2025-12-27;14;2036
11;2025-12-27;15;2041
11;2025-12-27;16;2042
11;2025-12-27;17;2034
11;2025-12-27;18;1746
11;2025-12-27;19;1583
11;2025-12-27;20;1142
11;2025-12-27;21;794
11;2025-12-27;22;447
11;2025-12-27;23;304
11;2025-12-28;0;107
11;2025-12-28;1;0
11;2025-12-28;2;0
11;2025-12-28;3;0
11;2025-12-28;4;0
11;2025-12-28;5;118
11;2025-12-28;6;568
11;2025-12-28;7;594
11;2025-12-28;8;771
11;2025-12-28;9;1008
11;2025-12-28;10;1125
11;2025-12-28;11;1576
11;2025-12-28;12;1753
11;2025-12-28;13;1752
11;2025-12-28;14;1835
11;2025-12-28;15;1899
11;2025-12-28;16;1809
11;2025-12-28;17;1868
11;2025-12-28;18;1527
11;2025-12-28;19;1257
11;2025-12-28;20;973
11;2025-12-28;21;690
11;2025-12-28;22;389
11;2025-12-28;23;249
11;2025-12-29;0;69
11;2025-12-29;1;0
11;2025-12-29;2;0
11;2025-12-29;3;0
11;2025-12-29;4;0
11;2025-12-29;5;268
11;2025-12-29;6;1360
11;2025-12-29;7;2515
11;2025-12-29;8;3277
11;2025-12-29;9;2439
11;2025-12-29;10;1852
11;2025-12-29;11;1869
11;2025-12-29;12;1863
11;2025-12-29;13;2015
11;2025-12-29;14;2042
11;2025-12-29;15;2206
11;2025-12-29;16;2416
11;2025-12-29;17;2999
11;2025-12-29;18;3255
11;2025-12-29;19;2367
11;2025-12-29;20;1460
11;2025-12-29;21;862
11;2025-12-29;22;421
11;2025-12-29;23;221
11;2025-12-30;0;65
11;2025-12-30;1;0
11;2025-12-30;2;0
11;2025-12-30;3;0
11;2025-12-30;4;0
11;2025-12-30;5;262
11;2025-12-30;6;1359
11;2025-12-30;7;2577
11;2025-12-30;8;3352
11;2025-12-30;9;2498
11;2025-12-30;10;1920
11;2025-12-30;11;1900
11;2025-12-30;12;1919
11;2025-12-30;13;2060
11;2025-12-30;14;2079
11;2025-12-30;15;2207
11;2025-12-30;16;2444
11;2025-12-30;17;3057
11;2025-12-30;18;3258
11;2025-12-30;19;2355
11;2025-12-30;20;1467
11;2025-12-30;21;865
11;2025-12-30;22;425
11;2025-12-30;23;230
11;2025-12-31;0;104
11;2025-12-31;1;0
11;2025-12-31;2;0
11;2025-12-31;3;0
11;2025-12-31;4;0
11;2025-12-31;5;119
11;2025-12-31;6;601
11;2025-12-31;7;658
11;2025-12-31;8;810
11;2025-12-31;9;991
11;2025-12-31;10;1106
11;2025-12-31;11;1522
11;2025-12-31;12;1703
11;2025-12-31;13;1672
11;2025-12-31;14;1767
11;2025-12-31;15;1839
11;2025-12-31;16;1736
11;2025-12-31;17;1833
11;2025-12-31;18;1576
11;2025-12-31;19;1326
11;2025-12-31;20;1000
11;2025-12-31;21;703
11;2025-12-31;22;392
11;2025-12-31;23;252
12;2025-11-01;0;35
12;2025-11-01;1;0
12;2025-11-01;2;0
12;2025-11-01;3;0
12;2025-11-01;4;0
12;2025-11-01;5;178
12;2025-11-01;6;999
12;2025-11-01;7;1885
12;2025-11-01;8;2356
12;2025-11-01;9;1634
12;2025-11-01;10;1399
12;2025-11-01;11;1387
12;2025-11-01;12;1415
12;2025-11-01;13;1427
12;2025-11-01;14;1434
12;2025-11-01;15;1617
12;2025-11-01;16;1909
12;2025-11-01;17;2057
12;2025-11-01;18;1950
12;2025-11-01;19;1565
12;2025-11-01;20;968
12;2025-11-01;21;604
12;2025-11-01;22;303
12;2025-11-01;23;152
12;2025-11-02;0;85
12;2025-11-02;1;0
12;2025-11-02;2;0
12;2025-11-02;3;0
12;2025-11-02;4;0
12;2025-11-02;5;150
12;2025-11-02;6;607
12;2025-11-02;7;735
12;2025-11-02;8;833
12;2025-11-02;9;1001
12;2025-11-02;10;1237
12;2025-11-02;11;1397
12;2025-11-02;12;1458
12;2025-11-02;13;1674
12;2025-11-02;14;1641
12;2025-11-02;15;1519
12;2025-11-02;16;1602
12;2025-11-02;17;1686
12;2025-11-02;18;1431
12;2025-11-02;19;1106
12;2025-11-02;20;790
12;2025-11-02;21;610
12;2025-11-02;22;379
12;2025-11-02;23;215
12;2025-11-03;0;84
12;2025-11-03;1;0
12;2025-11-03;2;0
12;2025-11-03;3;0
12;2025-11-03;4;0
12;2025-11-03;5;148
12;2025-11-03;6;651
12;2025-11-03;7;772
12;2025-11-03;8;843
12;2025-11-03;9;996
12;2025-11-03;10;1144
12;2025-11-03;11;1264
12;2025-11-03;12;1361
12;2025-11-03;13;1575
12;2025-11-03;14;1499
12;2025-11-03;15;1403
12;2025-11-03;16;1473
12;2025-11-03;17;1555
12;2025-11-03;18;1395
12;2025-11-03;19;1147
12;2025-11-03;20;799
12;2025-11-03;21;597
12;2025-11-03;22;353
12;2025-11-03;23;200
12;2025-11-04;0;79
12;2025-11-04;1;0
12;2025-11-04;2;0
12;2025-11-04;3;0
12;2025-11-04;4;0
12;2025-11-04;5;151
12;2025-11-04;6;668
12;2025-11-04;7;791
12;2025-11-04;8;871
12;2025-11-04;9;1010
12;2025-11-04;10;1185
12;2025-11-04;11;1293
12;2025-11-04;12;1353
12;2025-11-04;13;1592
12;2025-11-04;14;1524
12;2025-11-04;15;1380
12;2025-11-04;16;1462
12;2025-11-04;17;1561
12;2025-11-04;18;1385
12;2025-11-04;19;1133
12;2025-11-04;20;785
12;2025-11-04;21;595
12;2025-11-04;22;362
12;2025-11-04;23;196
12;2025-11-05;0;57
12;2025-11-05;1;0
12;2025-11-05;2;0
12;2025-11-05;3;0
12;2025-11-05;4;0
12;2025-11-05;5;281
12;2025-11-05;6;1578
12;2025-11-05;7;3021
12;2025-11-05;8;3864
12;2025-11-05;9;2638
12;2025-11-05;10;2193
12;2025-11-05;11;2171
12;2025-11-05;12;2191
12;2025-11-05;13;2205
12;2025-11-05;14;2139
12;2025-11-05;15;2417
12;2025-11-05;16;2943
12;2025-11-05;17;3278
12;2025-11-05;18;3393
12;2025-11-05;19;2641
12;2025-11-05;20;1575
12;2025-11-05;21;976
12;2025-11-05;22;505
12;2025-11-05;23;253
12;2025-11-06;0;55
12;2025-11-06;1;0
12;2025-11-06;2;0
12;2025-11-06;3;0
12;2025-11-06;4;0
12;2025-11-06;5;274
12;2025-11-06;6;1516
12;2025-11-06;7;2926
12;2025-11-06;8;3757
12;2025-11-06;9;2572
12;2025-11-06;10;2133
12;2025-11-06;11;2098
12;2025-11-06;12;2139
12;2025-11-06;13;2125
12;2025-11-06;14;2074
12;2025-11-06;15;2355
12;2025-11-06;16;2862
12;2025-11-06;17;3207
12;2025-11-06;18;3301
12;2025-11-06;19;2560
12;2025-11-06;20;1523
12;2025-11-06;21;938
12;2025-11-06;22;487
12;2025-11-06;23;245
12;2025-11-07;0;56
12;2025-11-07;1;0
12;2025-11-07;2;0
12;2025-11-07;3;0
12;2025-11-07;4;0
12;2025-11-07;5;267
12;2025-11-07;6;1490
12;2025-11-07;7;2866
12;2025-11-07;8;3639
12;2025-11-07;9;2483
12;2025-11-07;10;2030
12;2025-11-07;11;2005
12;2025-11-07;12;2060
12;2025-11-07;13;2067
12;2025-11-07;14;2065
12;2025-11-07;15;2437
12;2025-11-07;16;2963
12;2025-11-07;17;3083
12;2025-11-07;18;2622
12;2025-11-07;19;2229
12;2025-11-07;20;1444
12;2025-11-07;21;935
12;2025-11-07;22;486
12;2025-11-07;23;260
12;2025-11-08;0;78
12;2025-11-08;1;0
12;2025-11-08;2;0
12;2025-11-08;3;0
12;2025-11-08;4;0
12;2025-11-08;5;221
12;2025-11-08;6;898
12;2025-11-08;7;989
12;2025-11-08;8;1067
12;2025-11-08;9;1211
12;2025-11-08;10;1428
12;2025-11-08;11;1501
12;2025-11-08;12;1488
12;2025-11-08;13;1733
12;2025-11-08;14;1649
12;2025-11-08;15;1542
12;2025-11-08;16;1600
12;2025-11-08;17;1553
12;2025-11-08;18;1424
12;2025-11-08;19;1434
12;2025-11-08;20;951
12;2025-11-08;21;678
12;2025-11-08;22;389
12;2025-11-08;23;251
12;2025-11-09;0;85
12;2025-11-09;1;0
12;2025-11-09;2;0
12;2025-11-09;3;0
12;2025-11-09;4;0
12;2025-11-09;5;151
12;2025-11-09;6;610
12;2025-11-09;7;736
12;2025-11-09;8;834
12;2025-11-09;9;1004
12;2025-11-09;10;1237
12;2025-11-09;11;1395
12;2025-11-09;12;1454
12;2025-11-09;13;1670
12;2025-11-09;14;1638
12;2025-11-09;15;1522
12;2025-11-09;16;1603
12;2025-11-09;17;1685
12;2025-11-09;18;1427
12;2025-11-09;19;1105
12;2025-11-09;20;782
12;2025-11-09;21;604
12;2025-11-09;22;375
12;2025-11-09;23;213
12;2025-11-10;0;58
12;2025-11-10;1;0
12;2025-11-10;2;0
12;2025-11-10;3;0
12;2025-11-10;4;0
12;2025-11-10;5;276
12;2025-11-10;6;1540
12;2025-11-10;7;2967
12;2025-11-10;8;3805
12;2025-11-10;9;2600
12;2025-11-10;10;2101
12;2025-11-10;11;2032
12;2025-11-10;12;2122
12;2025-11-10;13;2104
12;2025-11-10;14;2040
12;2025-11-10;15;2378
12;2025-11-10;16;2837
12;2025-11-10;17;3209
12;2025-11-10;18;3373
12;2025-11-10;19;2619
12;2025-11-10;20;1546
12;2025-11-10;21;932
12;2025-11-10;22;467
12;2025-11-10;23;233
12;2025-11-11;0;55
12;2025-11-11;1;0
12;2025-11-11;2;0
12;2025-11-11;3;0
12;2025-11-11;4;0
12;2025-11-11;5;285
12;2025-11-11;6;1604
12;2025-11-11;7;3097
12;2025-11-11;8;4000
12;2025-11-11;9;2682
12;2025-11-11;10;2223
12;2025-11-11;11;2168
12;2025-11-11;12;2190
12;2025-11-11;13;2199
12;2025-11-11;14;2162
12;2025-11-11;15;2434
12;2025-11-11;16;2925
12;2025-11-11;17;3367
12;2025-11-11;18;3480
12;2025-11-11;19;2690
12;2025-11-11;20;1586
12;2025-11-11;21;970
12;2025-11-11;22;504
12;2025-11-11;23;240
12;2025-11-12;0;56
12;2025-11-12;1;0
12;2025-11-12;2;0
12;2025-11-12;3;0
12;2025-11-12;4;0
12;2025-11-12;5;276
12;2025-11-12;6;1547
12;2025-11-12;7;2988
12;2025-11-12;8;3817
12;2025-11-12;9;2598
12;2025-11-12;10;2160
12;2025-11-12;11;2141
12;2025-11-12;12;2157
12;2025-11-12;13;2177
12;2025-11-12;14;2104
12;2025-11-12;15;2378
12;2025-11-12;16;2897
12;2025-11-12;17;3242
12;2025-11-12;18;3364
12;2025-11-12;19;2598
12;2025-11-12;20;1534
12;2025-11-12;21;950
12;2025-11-12;22;492
12;2025-11-12;23;246
12;2025-11-13;0;57
12;2025-11-13;1;0
12;2025-11-13;2;0
12;2025-11-13;3;0
12;2025-11-13;4;0
12;2025-11-13;5;283
12;2025-11-13;6;1563
12;2025-11-13;7;3036
12;2025-11-13;8;3903
12;2025-11-13;9;2649
12;2025-11-13;10;2196
12;2025-11-13;11;2161
12;2025-11-13;12;2211
12;2025-11-13;13;2196
12;2025-11-13;14;2154
12;2025-11-13;15;2453
12;2025-11-13;16;2980
12;2025-11-13;17;3337
12;2025-11-13;18;3444
12;2025-11-13;19;2668
12;2025-11-13;20;1582
12;2025-11-13;21;974
12;2025-11-13;22;505
12;2025-11-13;23;255
12;2025-11-14;0;55
12;2025-11-14;1;0
12;2025-11-14;2;0
12;2025-11-14;3;0
12;2025-11-14;4;0
12;2025-11-14;5;267
12;2025-11-14;6;1487
12;2025-11-14;7;2886
12;2025-11-14;8;3665
12;2025-11-14;9;2489
12;2025-11-14;10;2030
12;2025-11-14;11;2011
12;2025-11-14;12;2069
12;2025-11-14;13;2076
12;2025-11-14;14;2081
12;2025-11-14;15;2460
12;2025-11-14;16;2984
12;2025-11-14;17;3106
12;2025-11-14;18;2648
12;2025-11-14;19;2244
12;2025-11-14;20;1446
12;2025-11-14;21;924
12;2025-11-14;22;483
12;2025-11-14;23;257
12;2025-11-15;0;74
12;2025-11-15;1;0
12;2025-11-15;2;0
12;2025-11-15;3;0
12;2025-11-15;4;0
12;2025-11-15;5;214
12;2025-11-15;6;869
12;2025-11-15;7;965
12;2025-11-15;8;1037
12;2025-11-15;9;1159
12;2025-11-15;10;1336
12;2025-11-15;11;1375
12;2025-11-15;12;1362
12;2025-11-15;13;1585
12;2025-11-15;14;1514
12;2025-11-15;15;1424
12;2025-11-15;16;1481
12;2025-11-15;17;1460
12;2025-11-15;18;1346
12;2025-11-15;19;1338
12;2025-11-15;20;874
12;2025-11-15;21;622
12;2025-11-15;22;356
12;2025-11-15;23;229
12;2025-11-16;0;86
12;2025-11-16;1;0
12;2025-11-16;2;0
12;2025-11-16;3;0
12;2025-11-16;4;0
12;2025-11-16;5;154
12;2025-11-16;6;622
12;2025-11-16;7;752
12;2025-11-16;8;851
12;2025-11-16;9;1022
12;2025-11-16;10;1262
12;2025-11-16;11;1420
12;2025-11-16;12;1480
12;2025-11-16;13;1702
12;2025-11-16;14;1675
12;2025-11-16;15;1556
12;2025-11-16;16;1639
12;2025-11-16;17;1726
12;2025-11-16;18;1463
12;2025-11-16;19;1132
12;2025-11-16;20;802
12;2025-11-16;21;619
12;2025-11-16;22;384
12;2025-11-16;23;218
12;2025-11-17;0;56
12;2025-11-17;1;0
12;2025-11-17;2;0
12;2025-11-17;3;0
12;2025-11-17;4;0
12;2025-11-17;5;267
12;2025-11-17;6;1490
12;2025-11-17;7;2871
12;2025-11-17;8;3673
12;2025-11-17;9;2519
12;2025-11-17;10;2028
12;2025-11-17;11;1953
12;2025-11-17;12;2043
12;2025-11-17;13;2027
12;2025-11-17;14;1962
12;2025-11-17;15;2290
12;2025-11-17;16;2727
12;2025-11-17;17;3092
12;2025-11-17;18;3237
12;2025-11-17;19;2522
12;2025-11-17;20;1478
12;2025-11-17;21;891
12;2025-11-17;22;444
12;2025-11-17;23;221
12;2025-11-18;0;50
12;2025-11-18;1;0
12;2025-11-18;2;0
12;2025-11-18;3;0
12;2025-11-18;4;0
12;2025-11-18;5;267
12;2025-11-18;6;1502
12;2025-11-18;7;2898
12;2025-11-18;8;3731
12;2025-11-18;9;2529
12;2025-11-18;10;2077
12;2025-11-18;11;1995
12;2025-11-18;12;1999
12;2025-11-18;13;2022
12;2025-11-18;14;1973
12;2025-11-18;15;2224
12;2025-11-18;16;2658
12;2025-11-18;17;3105
12;2025-11-18;18;3219
12;2025-11-18;19;2488
12;2025-11-18;20;1457
12;2025-11-18;21;889
12;2025-11-18;22;461
12;2025-11-18;23;216
12;2025-11-19;0;57
12;2025-11-19;1;0
12;2025-11-19;2;0
12;2025-11-19;3;0
12;2025-11-19;4;0
12;2025-11-19;5;283
12;2025-11-19;6;1587
12;2025-11-19;7;3064
12;2025-11-19;8;3916
12;2025-11-19;9;2667
12;2025-11-19;10;2221
12;2025-11-19;11;2198
12;2025-11-19;12;2219
12;2025-11-19;13;2235
12;2025-11-19;14;2173
12;2025-11-19;15;2459
12;2025-11-19;16;2990
12;2025-11-19;17;3332
12;2025-11-19;18;3458
12;2025-11-19;19;2682
12;2025-11-19;20;1588
12;2025-11-19;21;983
12;2025-11-19;22;508
12;2025-11-19;23;254
12;2025-11-20;0;57
12;2025-11-20;1;0
12;2025-11-20;2;0
12;2025-11-20;3;0
12;2025-11-20;4;0
12;2025-11-20;5;282
12;2025-11-20;6;1562
12;2025-11-20;7;3038
12;2025-11-20;8;3900
12;2025-11-20;9;2656
12;2025-11-20;10;2207
12;2025-11-20;11;2167
12;2025-11-20;12;2218
12;2025-11-20;13;2204
12;2025-11-20;14;2160
12;2025-11-20;15;2456
12;2025-11-20;16;2982
12;2025-11-20;17;3339
12;2025-11-20;18;3444
12;2025-11-20;19;2676
12;2025-11-20;20;1585
12;2025-11-20;21;976
12;2025-11-20;22;506
12;2025-11-20;23;255
12;2025-11-21;0;56
12;2025-11-21;1;0
12;2025-11-21;2;0
12;2025-11-21;3;0
12;2025-11-21;4;0
12;2025-11-21;5;270
12;2025-11-21;6;1503
12;2025-11-21;7;2928
12;2025-11-21;8;3718
12;2025-11-21;9;2526
12;2025-11-21;10;2069
12;2025-11-21;11;2047
12;2025-11-21;12;2106
12;2025-11-21;13;2114
12;2025-11-21;14;2116
12;2025-11-21;15;2499
12;2025-11-21;16;3033
12;2025-11-21;17;3159
12;2025-11-21;18;2720
12;2025-11-21;19;2295
12;2025-11-21;20;1475
12;2025-11-21;21;940
12;2025-11-21;22;492
12;2025-11-21;23;261
12;2025-11-22;0;76
12;2025-11-22;1;0
12;2025-11-22;2;0
12;2025-11-22;3;0
12;2025-11-22;4;0
12;2025-11-22;5;220
12;2025-11-22;6;890
12;2025-11-22;7;990
12;2025-11-22;8;1068
12;2025-11-22;9;1197
12;2025-11-22;10;1406
12;2025-11-22;11;1467
12;2025-11-22;12;1454
12;2025-11-22;13;1693
12;2025-11-22;14;1616
12;2025-11-22;15;1516
12;2025-11-22;16;1576
12;2025-11-22;17;1533
12;2025-11-22;18;1405
12;2025-11-22;19;1403
12;2025-11-22;20;922
12;2025-11-22;21;656
12;2025-11-22;22;378
12;2025-11-22;23;242
12;2025-11-23;0;85
12;2025-11-23;1;0
12;2025-11-23;2;0
12;2025-11-23;3;0
12;2025-11-23;4;0
12;2025-11-23;5;151
12;2025-11-23;6;614
12;2025-11-23;7;745
12;2025-11-23;8;843
12;2025-11-23;9;1012
12;2025-11-23;10;1251
12;2025-11-23;11;1409
12;2025-11-23;12;1466
12;2025-11-23;13;1685
12;2025-11-23;14;1656
12;2025-11-23;15;1540
12;2025-11-23;16;1619
12;2025-11-23;17;1707
12;2025-11-23;18;1445
12;2025-11-23;19;1114
12;2025-11-23;20;788
12;2025-11-23;21;609
12;2025-11-23;22;377
12;2025-11-23;23;214
12;2025-11-24;0;54
12;2025-11-24;1;0
12;2025-11-24;2;0
12;2025-11-24;3;0
12;2025-11-24;4;0
12;2025-11-24;5;260
12;2025-11-24;6;1449
12;2025-11-24;7;2803
12;2025-11-24;8;3589
12;2025-11-24;9;2461
12;2025-11-24;10;1978
12;2025-11-24;11;1891
12;2025-11-24;12;1978
12;2025-11-24;13;1961
12;2025-11-24;14;1891
12;2025-11-24;15;2214
12;2025-11-24;16;2637
12;2025-11-24;17;3002
12;2025-11-24;18;3160
12;2025-11-24;19;2446
12;2025-11-24;20;1430
12;2025-11-24;21;860
12;2025-11-24;22;428
12;2025-11-24;23;213
12;2025-11-25;0;55
12;2025-11-25;1;0
12;2025-11-25;2;0
12;2025-11-25;3;0
12;2025-11-25;4;0
12;2025-11-25;5;284
12;2025-11-25;6;1595
12;2025-11-25;7;3085
12;2025-11-25;8;3981
12;2025-11-25;9;2670
12;2025-11-25;10;2212
12;2025-11-25;11;2157
12;2025-11-25;12;2182
12;2025-11-25;13;2193
12;2025-11-25;14;2158
12;2025-11-25;15;2430
12;2025-11-25;16;2918
12;2025-11-25;17;3357
12;2025-11-25;18;3467
12;2025-11-25;19;2676
12;2025-11-25;20;1575
12;2025-11-25;21;963
12;2025-11-25;22;501
12;2025-11-25;23;238
12;2025-11-26;0;53
12;2025-11-26;1;0
12;2025-11-26;2;0
12;2025-11-26;3;0
12;2025-11-26;4;0
12;2025-11-26;5;267
12;2025-11-26;6;1500
12;2025-11-26;7;2905
12;2025-11-26;8;3704
12;2025-11-26;9;2532
12;2025-11-26;10;2094
12;2025-11-26;11;2054
12;2025-11-26;12;2065
12;2025-11-26;13;2090
12;2025-11-26;14;2017
12;2025-11-26;15;2285
12;2025-11-26;16;2788
12;2025-11-26;17;3125
12;2025-11-26;18;3249
12;2025-11-26;19;2501
12;2025-11-26;20;1473
12;2025-11-26;21;912
12;2025-11-26;22;472
12;2025-11-26;23;235
12;2025-11-27;0;54
12;2025-11-27;1;0
12;2025-11-27;2;0
12;2025-11-27;3;0
12;2025-11-27;4;0
12;2025-11-27;5;269
12;2025-11-27;6;1490
12;2025-11-27;7;2907
12;2025-11-27;8;3733
12;2025-11-27;9;2542
12;2025-11-27;10;2104
12;2025-11-27;11;2067
12;2025-11-27;12;2107
12;2025-11-27;13;2094
12;2025-11-27;14;2049
12;2025-11-27;15;2332
12;2025-11-27;16;2838
12;2025-11-27;17;3184
12;2025-11-27;18;3285
12;2025-11-27;19;2529
12;2025-11-27;20;1496
12;2025-11-27;21;920
12;2025-11-27;22;478
12;2025-11-27;23;240
12;2025-11-28;0;56
12;2025-11-28;1;0
12;2025-11-28;2;0
12;2025-11-28;3;0
12;2025-11-28;4;0
12;2025-11-28;5;267
12;2025-11-28;6;1486
12;2025-11-28;7;2899
12;2025-11-28;8;3679
12;2025-11-28;9;2492
12;2025-11-28;10;2037
12;2025-11-28;11;2017
12;2025-11-28;12;2076
12;2025-11-28;13;2082
12;2025-11-28;14;2087
12;2025-11-28;15;2468
12;2025-11-28;16;2998
12;2025-11-28;17;3122
12;2025-11-28;18;2671
12;2025-11-28;19;2254
12;2025-11-28;20;1453
12;2025-11-28;21;928
12;2025-11-28;22;483
12;2025-11-28;23;258
12;2025-11-29;0;81
12;2025-11-29;1;0
12;2025-11-29;2;0
12;2025-11-29;3;0
12;2025-11-29;4;0
12;2025-11-29;5;227
12;2025-11-29;6;917
12;2025-11-29;7;1022
12;2025-11-29;8;1100
12;2025-11-29;9;1243
12;2025-11-29;10;1476
12;2025-11-29;11;1563
12;2025-11-29;12;1549
12;2025-11-29;13;1813
12;2025-11-29;14;1730
12;2025-11-29;15;1621
12;2025-11-29;16;1680
12;2025-11-29;17;1628
12;2025-11-29;18;1504
12;2025-11-29;19;1496
12;2025-11-29;20;988
12;2025-11-29;21;700
12;2025-11-29;22;406
12;2025-11-29;23;260
12;2025-11-30;0;85
12;2025-11-30;1;0
12;2025-11-30;2;0
12;2025-11-30;3;0
12;2025-11-30;4;0
12;2025-11-30;5;152
12;2025-11-30;6;607
12;2025-11-30;7;748
12;2025-11-30;8;847
12;2025-11-30;9;1014
12;2025-11-30;10;1254
12;2025-11-30;11;1427
12;2025-11-30;12;1489
12;2025-11-30;13;1725
12;2025-11-30;14;1703
12;2025-11-30;15;1580
12;2025-11-30;16;1665
12;2025-11-30;17;1735
12;2025-11-30;18;1468
12;2025-11-30;19;1127
12;2025-11-30;20;798
12;2025-11-30;21;612
12;2025-11-30;22;382
12;2025-11-30;23;217
12;2025-12-01;0;57
12;2025-12-01;1;0
12;2025-12-01;2;0
12;2025-12-01;3;0
12;2025-12-01;4;0
12;2025-12-01;5;275
12;2025-12-01;6;1510
12;2025-12-01;7;2994
12;2025-12-01;8;3847
12;2025-12-01;9;2596
12;2025-12-01;10;2112
12;2025-12-01;11;2052
12;2025-12-01;12;2146
12;2025-12-01;13;2149
12;2025-12-01;14;2109
12;2025-12-01;15;2456
12;2025-12-01;16;2929
12;2025-12-01;17;3274
12;2025-12-01;18;3441
12;2025-12-01;19;2648
12;2025-12-01;20;1559
12;2025-12-01;21;934
12;2025-12-01;22;472
12;2025-12-01;23;234
12;2025-12-02;0;55
12;2025-12-02;1;0
12;2025-12-02;2;0
12;2025-12-02;3;0
12;2025-12-02;4;0
12;2025-12-02;5;283
12;2025-12-02;6;1542
12;2025-12-02;7;3120
12;2025-12-02;8;4044
12;2025-12-02;9;2674
12;2025-12-02;10;2232
12;2025-12-02;11;2189
12;2025-12-02;12;2219
12;2025-12-02;13;2248
12;2025-12-02;14;2244
12;2025-12-02;15;2532
12;2025-12-02;16;3040
12;2025-12-02;17;3438
12;2025-12-02;18;3551
12;2025-12-02;19;2718
12;2025-12-02;20;1599
12;2025-12-02;21;963
12;2025-12-02;22;507
12;2025-12-02;23;241
12;2025-12-03;0;57
12;2025-12-03;1;0
12;2025-12-03;2;0
12;2025-12-03;3;0
12;2025-12-03;4;0
12;2025-12-03;5;281
12;2025-12-03;6;1520
12;2025-12-03;7;3077
12;2025-12-03;8;3960
12;2025-12-03;9;2650
12;2025-12-03;10;2221
12;2025-12-03;11;2209
12;2025-12-03;12;2245
12;2025-12-03;13;2278
12;2025-12-03;14;2254
12;2025-12-03;15;2551
12;2025-12-03;16;3097
12;2025-12-03;17;3403
12;2025-12-03;18;3523
12;2025-12-03;19;2703
12;2025-12-03;20;1595
12;2025-12-03;21;971
12;2025-12-03;22;510
12;2025-12-03;23;255
12;2025-12-04;0;57
12;2025-12-04;1;0
12;2025-12-04;2;0
12;2025-12-04;3;0
12;2025-12-04;4;0
12;2025-12-04;5;280
12;2025-12-04;6;1509
12;2025-12-04;7;3057
12;2025-12-04;8;3952
12;2025-12-04;9;2646
12;2025-12-04;10;2211
12;2025-12-04;11;2188
12;2025-12-04;12;2250
12;2025-12-04;13;2255
12;2025-12-04;14;2245
12;2025-12-04;15;2552
12;2025-12-04;16;3095
12;2025-12-04;17;3418
12;2025-12-04;18;3526
12;2025-12-04;19;2701
12;2025-12-04;20;1598
12;2025-12-04;21;968
12;2025-12-04;22;510
12;2025-12-04;23;257
12;2025-12-05;0;58
12;2025-12-05;1;0
12;2025-12-05;2;0
12;2025-12-05;3;0
12;2025-12-05;4;0
12;2025-12-05;5;274
12;2025-12-05;6;1479
12;2025-12-05;7;3004
12;2025-12-05;8;3852
12;2025-12-05;9;2580
12;2025-12-05;10;2128
12;2025-12-05;11;2118
12;2025-12-05;12;2188
12;2025-12-05;13;2212
12;2025-12-05;14;2245
12;2025-12-05;15;2640
12;2025-12-05;16;3200
12;2025-12-05;17;3315
12;2025-12-05;18;2897
12;2025-12-05;19;2386
12;2025-12-05;20;1539
12;2025-12-05;21;955
12;2025-12-05;22;509
12;2025-12-05;23;267
12;2025-12-06;0;81
12;2025-12-06;1;0
12;2025-12-06;2;0
12;2025-12-06;3;0
12;2025-12-06;4;0
12;2025-12-06;5;225
12;2025-12-06;6;884
12;2025-12-06;7;1015
12;2025-12-06;8;1101
12;2025-12-06;9;1235
12;2025-12-06;10;1490
12;2025-12-06;11;1591
12;2025-12-06;12;1582
12;2025-12-06;13;1872
12;2025-12-06;14;1801
12;2025-12-06;15;1687
12;2025-12-06;16;1749
12;2025-12-06;17;1663
12;2025-12-06;18;1538
12;2025-12-06;19;1497
12;2025-12-06;20;988
12;2025-12-06;21;690
12;2025-12-06;22;409
12;2025-12-06;23;260
12;2025-12-07;0;85
12;2025-12-07;1;0
12;2025-12-07;2;0
12;2025-12-07;3;0
12;2025-12-07;4;0
12;2025-12-07;5;151
12;2025-12-07;6;601
12;2025-12-07;7;747
12;2025-12-07;8;848
12;2025-12-07;9;1011
12;2025-12-07;10;1257
12;2025-12-07;11;1438
12;2025-12-07;12;1510
12;2025-12-07;13;1757
12;2025-12-07;14;1743
12;2025-12-07;15;1616
12;2025-12-07;16;1705
12;2025-12-07;17;1756
12;2025-12-07;18;1487
12;2025-12-07;19;1135
12;2025-12-07;20;805
12;2025-12-07;21;614
12;2025-12-07;22;385
12;2025-12-07;23;218
12;2025-12-08;0;57
12;2025-12-08;1;0
12;2025-12-08;2;0
12;2025-12-08;3;0
12;2025-12-08;4;0
12;2025-12-08;5;276
12;2025-12-08;6;1495
12;2025-12-08;7;2990
12;2025-12-08;8;3856
12;2025-12-08;9;2601
12;2025-12-08;10;2116
12;2025-12-08;11;2058
12;2025-12-08;12;2158
12;2025-12-08;13;2162
12;2025-12-08;14;2133
12;2025-12-08;15;2483
12;2025-12-08;16;2960
12;2025-12-08;17;3293
12;2025-12-08;18;3460
12;2025-12-08;19;2661
12;2025-12-08;20;1567
12;2025-12-08;21;936
12;2025-12-08;22;477
12;2025-12-08;23;236
12;2025-12-09;0;55
12;2025-12-09;1;0
12;2025-12-09;2;0
12;2025-12-09;3;0
12;2025-12-09;4;0
12;2025-12-09;5;282
12;2025-12-09;6;1524
12;2025-12-09;7;3091
12;2025-12-09;8;4009
12;2025-12-09;9;2657
12;2025-12-09;10;2218
12;2025-12-09;11;2176
12;2025-12-09;12;2210
12;2025-12-09;13;2241
12;2025-12-09;14;2239
12;2025-12-09;15;2525
12;2025-12-09;16;3027
12;2025-12-09;17;3421
12;2025-12-09;18;3529
12;2025-12-09;19;2701
12;2025-12-09;20;1587
12;2025-12-09;21;958
12;2025-12-09;22;507
12;2025-12-09;23;241
12;2025-12-10;0;56
12;2025-12-10;1;0
12;2025-12-10;2;0
12;2025-12-10;3;0
12;2025-12-10;4;0
12;2025-12-10;5;274
12;2025-12-10;6;1477
12;2025-12-10;7;2993
12;2025-12-10;8;3847
12;2025-12-10;9;2583
12;2025-12-10;10;2165
12;2025-12-10;11;2155
12;2025-12-10;12;2182
12;2025-12-10;13;2223
12;2025-12-10;14;2188
12;2025-12-10;15;2474
12;2025-12-10;16;3002
12;2025-12-10;17;3308
12;2025-12-10;18;3429
12;2025-12-10;19;2626
12;2025-12-10;20;1546
12;2025-12-10;21;942
12;2025-12-10;22;497
12;2025-12-10;23;247
12;2025-12-11;0;54
12;2025-12-11;1;0
12;2025-12-11;2;0
12;2025-12-11;3;0
12;2025-12-11;4;0
12;2025-12-11;5;267
12;2025-12-11;6;1432
12;2025-12-11;7;2914
12;2025-12-11;8;3766
12;2025-12-11;9;2532
12;2025-12-11;10;2114
12;2025-12-11;11;2089
12;2025-12-11;12;2141
12;2025-12-11;13;2148
12;2025-12-11;14;2132
12;2025-12-11;15;2427
12;2025-12-11;16;2943
12;2025-12-11;17;3255
12;2025-12-11;18;3360
12;2025-12-11;19;2558
12;2025-12-11;20;1509
12;2025-12-11;21;913
12;2025-12-11;22;483
12;2025-12-11;23;243
12;2025-12-12;0;55
12;2025-12-12;1;0
12;2025-12-12;2;0
12;2025-12-12;3;0
12;2025-12-12;4;0
12;2025-12-12;5;262
12;2025-12-12;6;1415
12;2025-12-12;7;2871
12;2025-12-12;8;3666
12;2025-12-12;9;2456
12;2025-12-12;10;2016
12;2025-12-12;11;2003
12;2025-12-12;12;2070
12;2025-12-12;13;2095
12;2025-12-12;14;2128
12;2025-12-12;15;2517
12;2025-12-12;16;3053
12;2025-12-12;17;3143
12;2025-12-12;18;2701
12;2025-12-12;19;2236
12;2025-12-12;20;1454
12;2025-12-12;21;908
12;2025-12-12;22;483
12;2025-12-12;23;255
12;2025-12-13;0;81
12;2025-12-13;1;0
12;2025-12-13;2;0
12;2025-12-13;3;0
12;2025-12-13;4;0
12;2025-12-13;5;224
12;2025-12-13;6;883
12;2025-12-13;7;1014
12;2025-12-13;8;1099
12;2025-12-13;9;1230
12;2025-12-13;10;1486
12;2025-12-13;11;1586
12;2025-12-13;12;1576
12;2025-12-13;13;1867
12;2025-12-13;14;1798
12;2025-12-13;15;1684
12;2025-12-13;16;1746
12;2025-12-13;17;1661
12;2025-12-13;18;1536
12;2025-12-13;19;1496
12;2025-12-13;20;989
12;2025-12-13;21;691
12;2025-12-13;22;408
12;2025-12-13;23;260
12;2025-12-14;0;85
12;2025-12-14;1;0
12;2025-12-14;2;0
12;2025-12-14;3;0
12;2025-12-14;4;0
12;2025-12-14;5;151
12;2025-12-14;6;602
12;2025-12-14;7;746
12;2025-12-14;8;848
12;2025-12-14;9;1009
12;2025-12-14;10;1256
12;2025-12-14;11;1436
12;2025-12-14;12;1507
12;2025-12-14;13;1753
12;2025-12-14;14;1742
12;2025-12-14;15;1615
12;2025-12-14;16;1704
12;2025-12-14;17;1757
12;2025-12-14;18;1489
12;2025-12-14;19;1137
12;2025-12-14;20;808
12;2025-12-14;21;615
12;2025-12-14;22;386
12;2025-12-14;23;219
12;2025-12-15;0;56
12;2025-12-15;1;0
12;2025-12-15;2;0
12;2025-12-15;3;0
12;2025-12-15;4;0
12;2025-12-15;5;271
12;2025-12-15;6;1470
12;2025-12-15;7;2949
12;2025-12-15;8;3818
12;2025-12-15;9;2568
12;2025-12-15;10;2082
12;2025-12-15;11;2025
12;2025-12-15;12;2124
12;2025-12-15;13;2136
12;2025-12-15;14;2111
12;2025-12-15;15;2454
12;2025-12-15;16;2929
12;2025-12-15;17;3248
12;2025-12-15;18;3411
12;2025-12-15;19;2621
12;2025-12-15;20;1541
12;2025-12-15;21;920
12;2025-12-15;22;470
12;2025-12-15;23;232
12;2025-12-16;0;53
12;2025-12-16;1;0
12;2025-12-16;2;0
12;2025-12-16;3;0
12;2025-12-16;4;0
12;2025-12-16;5;275
12;2025-12-16;6;1486
12;2025-12-16;7;3018
12;2025-12-16;8;3908
12;2025-12-16;9;2597
12;2025-12-16;10;2162
12;2025-12-16;11;2117
12;2025-12-16;12;2142
12;2025-12-16;13;2184
12;2025-12-16;14;2176
12;2025-12-16;15;2453
12;2025-12-16;16;2936
12;2025-12-16;17;3335
12;2025-12-16;18;3442
12;2025-12-16;19;2630
12;2025-12-16;20;1545
12;2025-12-16;21;932
12;2025-12-16;22;493
12;2025-12-16;23;232
12;2025-12-17;0;57
12;2025-12-17;1;0
12;2025-12-17;2;0
12;2025-12-17;3;0
12;2025-12-17;4;0
12;2025-12-17;5;282
12;2025-12-17;6;1520
12;2025-12-17;7;3076
12;2025-12-17;8;3961
12;2025-12-17;9;2656
12;2025-12-17;10;2227
12;2025-12-17;11;2216
12;2025-12-17;12;2252
12;2025-12-17;13;2287
12;2025-12-17;14;2263
12;2025-12-17;15;2561
12;2025-12-17;16;3107
12;2025-12-17;17;3410
12;2025-12-17;18;3533
12;2025-12-17;19;2710
12;2025-12-17;20;1602
12;2025-12-17;21;976
12;2025-12-17;22;514
12;2025-12-17;23;257
12;2025-12-18;0;57
12;2025-12-18;1;0
12;2025-12-18;2;0
12;2025-12-18;3;0
12;2025-12-18;4;0
12;2025-12-18;5;280
12;2025-12-18;6;1496
12;2025-12-18;7;3040
12;2025-12-18;8;3934
12;2025-12-18;9;2639
12;2025-12-18;10;2207
12;2025-12-18;11;2185
12;2025-12-18;12;2249
12;2025-12-18;13;2259
12;2025-12-18;14;2248
12;2025-12-18;15;2557
12;2025-12-18;16;3097
12;2025-12-18;17;3412
12;2025-12-18;18;3521
12;2025-12-18;19;2697
12;2025-12-18;20;1597
12;2025-12-18;21;968
12;2025-12-18;22;512
12;2025-12-18;23;258
12;2025-12-19;0;58
12;2025-12-19;1;0
12;2025-12-19;2;0
12;2025-12-19;3;0
12;2025-12-19;4;0
12;2025-12-19;5;275
12;2025-12-19;6;1475
12;2025-12-19;7;3003
12;2025-12-19;8;3849
12;2025-12-19;9;2582
12;2025-12-19;10;2132
12;2025-12-19;11;2122
12;2025-12-19;12;2194
12;2025-12-19;13;2221
12;2025-12-19;14;2257
12;2025-12-19;15;2654
12;2025-12-19;16;3214
12;2025-12-19;17;3321
12;2025-12-19;18;2907
12;2025-12-19;19;2395
12;2025-12-19;20;1547
12;2025-12-19;21;961
12;2025-12-19;22;514
12;2025-12-19;23;269
12;2025-12-20;0;81
12;2025-12-20;1;0
12;2025-12-20;2;0
12;2025-12-20;3;0
12;2025-12-20;4;0
12;2025-12-20;5;224
12;2025-12-20;6;877
12;2025-12-20;7;1011
12;2025-12-20;8;1096
12;2025-12-20;9;1230
12;2025-12-20;10;1485
12;2025-12-20;11;1589
12;2025-12-20;12;1582
12;2025-12-20;13;1876
12;2025-12-20;14;1807
12;2025-12-20;15;1691
12;2025-12-20;16;1752
12;2025-12-20;17;1660
12;2025-12-20;18;1537
12;2025-12-20;19;1495
12;2025-12-20;20;990
12;2025-12-20;21;692
12;2025-12-20;22;410
12;2025-12-20;23;260
12;2025-12-21;0;83
12;2025-12-21;1;0
12;2025-12-21;2;0
12;2025-12-21;3;0
12;2025-12-21;4;0
12;2025-12-21;5;147
12;2025-12-21;6;586
12;2025-12-21;7;731
12;2025-12-21;8;830
12;2025-12-21;9;991
12;2025-12-21;10;1233
12;2025-12-21;11;1412
12;2025-12-21;12;1479
12;2025-12-21;13;1720
12;2025-12-21;14;1708
12;2025-12-21;15;1587
12;2025-12-21;16;1669
12;2025-12-21;17;1720
12;2025-12-21;18;1454
12;2025-12-21;19;1109
12;2025-12-21;20;787
12;2025-12-21;21;600
12;2025-12-21;22;376
12;2025-12-21;23;213
12;2025-12-22;0;55
12;2025-12-22;1;0
12;2025-12-22;2;0
12;2025-12-22;3;0
12;2025-12-22;4;0
12;2025-12-22;5;267
12;2025-12-22;6;1440
12;2025-12-22;7;2894
12;2025-12-22;8;3734
12;2025-12-22;9;2521
12;2025-12-22;10;2045
12;2025-12-22;11;1986
12;2025-12-22;12;2086
12;2025-12-22;13;2092
12;2025-12-22;14;2062
12;2025-12-22;15;2405
12;2025-12-22;16;2866
12;2025-12-22;17;3191
12;2025-12-22;18;3349
12;2025-12-22;19;2572
12;2025-12-22;20;1511
12;2025-12-22;21;901
12;2025-12-22;22;459
12;2025-12-22;23;226
12;2025-12-23;0;56
12;2025-12-23;1;0
12;2025-12-23;2;0
12;2025-12-23;3;0
12;2025-12-23;4;0
12;2025-12-23;5;283
12;2025-12-23;6;1525
12;2025-12-23;7;3096
12;2025-12-23;8;4037
12;2025-12-23;9;2663
12;2025-12-23;10;2220
12;2025-12-23;11;2180
12;2025-12-23;12;2216
12;2025-12-23;13;2250
12;2025-12-23;14;2257
12;2025-12-23;15;2550
12;2025-12-23;16;3062
12;2025-12-23;17;3435
12;2025-12-23;18;3546
12;2025-12-23;19;2723
12;2025-12-23;20;1606
12;2025-12-23;21;970
12;2025-12-23;22;512
12;2025-12-23;23;244
12;2025-12-24;0;57
12;2025-12-24;1;0
12;2025-12-24;2;0
12;2025-12-24;3;0
12;2025-12-24;4;0
12;2025-12-24;5;280
12;2025-12-24;6;1497
12;2025-12-24;7;3047
12;2025-12-24;8;3939
12;2025-12-24;9;2634
12;2025-12-24;10;2206
12;2025-12-24;11;2195
12;2025-12-24;12;2233
12;2025-12-24;13;2270
12;2025-12-24;14;2254
12;2025-12-24;15;2555
12;2025-12-24;16;3099
12;2025-12-24;17;3382
12;2025-12-24;18;3498
12;2025-12-24;19;2695
12;2025-12-24;20;1588
12;2025-12-24;21;971
12;2025-12-24;22;512
12;2025-12-24;23;255
12;2025-12-25;0;55
12;2025-12-25;1;0
12;2025-12-25;2;0
12;2025-12-25;3;0
12;2025-12-25;4;0
12;2025-12-25;5;270
12;2025-12-25;6;1435
12;2025-12-25;7;2927
12;2025-12-25;8;3781
12;2025-12-25;9;2544
12;2025-12-25;10;2123
12;2025-12-25;11;2097
12;2025-12-25;12;2152
12;2025-12-25;13;2163
12;2025-12-25;14;2150
12;2025-12-25;15;2448
12;2025-12-25;16;2968
12;2025-12-25;17;3277
12;2025-12-25;18;3378
12;2025-12-25;19;2582
12;2025-12-25;20;1526
12;2025-12-25;21;927
12;2025-12-25;22;491
12;2025-12-25;23;247
12;2025-12-26;0;55
12;2025-12-26;1;0
12;2025-12-26;2;0
12;2025-12-26;3;0
12;2025-12-26;4;0
12;2025-12-26;5;263
12;2025-12-26;6;1405
12;2025-12-26;7;2865
12;2025-12-26;8;3657
12;2025-12-26;9;2450
12;2025-12-26;10;2011
12;2025-12-26;11;1995
12;2025-12-26;12;2064
12;2025-12-26;13;2093
12;2025-12-26;14;2128
12;2025-12-26;15;2519
12;2025-12-26;16;3054
12;2025-12-26;17;3142
12;2025-12-26;18;2703
12;2025-12-26;19;2238
12;2025-12-26;20;1455
12;2025-12-26;21;911
12;2025-12-26;22;486
12;2025-12-26;23;256
12;2025-12-27;0;82
12;2025-12-27;1;0
12;2025-12-27;2;0
12;2025-12-27;3;0
12;2025-12-27;4;0
12;2025-12-27;5;225
12;2025-12-27;6;876
12;2025-12-27;7;1014
12;2025-12-27;8;1097
12;2025-12-27;9;1228
12;2025-12-27;10;1482
12;2025-12-27;11;1583
12;2025-12-27;12;1574
12;2025-12-27;13;1868
12;2025-12-27;14;1800
12;2025-12-27;15;1684
12;2025-12-27;16;1745
12;2025-12-27;17;1657
12;2025-12-27;18;1533
12;2025-12-27;19;1492
12;2025-12-27;20;993
12;2025-12-27;21;691
12;2025-12-27;22;413
12;2025-12-27;23;262
12;2025-12-28;0;82
12;2025-12-28;1;0
12;2025-12-28;2;0
12;2025-12-28;3;0
12;2025-12-28;4;0
12;2025-12-28;5;147
12;2025-12-28;6;584
12;2025-12-28;7;728
12;2025-12-28;8;828
12;2025-12-28;9;988
12;2025-12-28;10;1220
12;2025-12-28;11;1391
12;2025-12-28;12;1454
12;2025-12-28;13;1693
12;2025-12-28;14;1681
12;2025-12-28;15;1562
12;2025-12-28;16;1643
12;2025-12-28;17;1695
12;2025-12-28;18;1433
12;2025-12-28;19;1093
12;2025-12-28;20;780
12;2025-12-28;21;593
12;2025-12-28;22;373
12;2025-12-28;23;211
12;2025-12-29;0;55
12;2025-12-29;1;0
12;2025-12-29;2;0
12;2025-12-29;3;0
12;2025-12-29;4;0
12;2025-12-29;5;268
12;2025-12-29;6;1430
12;2025-12-29;7;2879
12;2025-12-29;8;3715
12;2025-12-29;9;2504
12;2025-12-29;10;2036
12;2025-12-29;11;1973
12;2025-12-29;12;2077
12;2025-12-29;13;2081
12;2025-12-29;14;2051
12;2025-12-29;15;2390
12;2025-12-29;16;2847
12;2025-12-29;17;3177
12;2025-12-29;18;3339
12;2025-12-29;19;2563
12;2025-12-29;20;1514
12;2025-12-29;21;903
12;2025-12-29;22;463
12;2025-12-29;23;229
12;2025-12-30;0;52
12;2025-12-30;1;0
12;2025-12-30;2;0
12;2025-12-30;3;0
12;2025-12-30;4;0
12;2025-12-30;5;269
12;2025-12-30;6;1441
12;2025-12-30;7;2945
12;2025-12-30;8;3813
12;2025-12-30;9;2536
12;2025-12-30;10;2108
12;2025-12-30;11;2054
12;2025-12-30;12;2081
12;2025-12-30;13;2122
12;2025-12-30;14;2113
12;2025-12-30;15;2381
12;2025-12-30;16;2849
12;2025-12-30;17;3252
12;2025-12-30;18;3360
12;2025-12-30;19;2557
12;2025-12-30;20;1501
12;2025-12-30;21;905
12;2025-12-30;22;482
12;2025-12-30;23;228
12;2025-12-31;0;82
12;2025-12-31;1;0
12;2025-12-31;2;0
12;2025-12-31;3;0
12;2025-12-31;4;0
12;2025-12-31;5;148
12;2025-12-31;6;640
12;2025-12-31;7;795
12;2025-12-31;8;864
12;2025-12-31;9;999
12;2025-12-31;10;1203
12;2025-12-31;11;1354
12;2025-12-31;12;1419
12;2025-12-31;13;1700
12;2025-12-31;14;1630
12;2025-12-31;15;1494
12;2025-12-31;16;1608
12;2025-12-31;17;1628
12;2025-12-31;18;1454
12;2025-12-31;19;1163
12;2025-12-31;20;819
12;2025-12-31;21;632
12;2025-12-31;22;383
12;2025-12-31;23;214
17;2025-11-01;0;76
17;2025-11-01;1;0
17;2025-11-01;2;0
17;2025-11-01;3;0
17;2025-11-01;4;0
17;2025-11-01;5;151
17;2025-11-01;6;1009
17;2025-11-01;7;2554
17;2025-11-01;8;3289
17;2025-11-01;9;2419
17;2025-11-01;10;2010
17;2025-11-01;11;2024
17;2025-11-01;12;2108
17;2025-11-01;13;2192
17;2025-11-01;14;2248
17;2025-11-01;15;2352
17;2025-11-01;16;2617
17;2025-11-01;17;2972
17;2025-11-01;18;2928
17;2025-11-01;19;2098
17;2025-11-01;20;1438
17;2025-11-01;21;896
17;2025-11-01;22;466
17;2025-11-01;23;216
17;2025-11-02;0;176
17;2025-11-02;1;0
17;2025-11-02;2;0
17;2025-11-02;3;0
17;2025-11-02;4;0
17;2025-11-02;5;74
17;2025-11-02;6;424
17;2025-11-02;7;851
17;2025-11-02;8;1287
17;2025-11-02;9;1679
17;2025-11-02;10;1943
17;2025-11-02;11;2442
17;2025-11-02;12;2840
17;2025-11-02;13;3123
17;2025-11-02;14;3217
17;2025-11-02;15;3213
17;2025-11-02;16;3165
17;2025-11-02;17;3035
17;2025-11-02;18;2659
17;2025-11-02;19;2155
17;2025-11-02;20;1592
17;2025-11-02;21;1123
17;2025-11-02;22;700
17;2025-11-02;23;310
17;2025-11-03;0;164
17;2025-11-03;1;0
17;2025-11-03;2;0
17;2025-11-03;3;0
17;2025-11-03;4;0
17;2025-11-03;5;70
17;2025-11-03;6;461
17;2025-11-03;7;925
17;2025-11-03;8;1339
17;2025-11-03;9;1644
17;2025-11-03;10;1815
17;2025-11-03;11;2256
17;2025-11-03;12;2590
17;2025-11-03;13;2839
17;2025-11-03;14;2920
17;2025-11-03;15;2970
17;2025-11-03;16;2914
17;2025-11-03;17;2898
17;2025-11-03;18;2632
17;2025-11-03;19;2102
17;2025-11-03;20;1575
17;2025-11-03;21;1053
17;2025-11-03;22;638
17;2025-11-03;23;281
17;2025-11-04;0;168
17;2025-11-04;1;0
17;2025-11-04;2;0
17;2025-11-04;3;0
17;2025-11-04;4;0
17;2025-11-04;5;73
17;2025-11-04;6;468
17;2025-11-04;7;940
17;2025-11-04;8;1358
17;2025-11-04;9;1679
17;2025-11-04;10;1850
17;2025-11-04;11;2282
17;2025-11-04;12;2616
17;2025-11-04;13;2872
17;2025-11-04;14;2953
17;2025-11-04;15;2936
17;2025-11-04;16;2893
17;2025-11-04;17;2872
17;2025-11-04;18;2580
17;2025-11-04;19;2082
17;2025-11-04;20;1561
17;2025-11-04;21;1077
17;2025-11-04;22;659
17;2025-11-04;23;282
17;2025-11-05;0;124
17;2025-11-05;1;0
17;2025-11-05;2;0
17;2025-11-05;3;0
17;2025-11-05;4;0
17;2025-11-05;5;235
17;2025-11-05;6;1600
17;2025-11-05;7;4388
17;2025-11-05;8;5679
17;2025-11-05;9;3925
17;2025-11-05;10;3095
17;2025-11-05;11;3079
17;2025-11-05;12;3170
17;2025-11-05;13;3271
17;2025-11-05;14;3311
17;2025-11-05;15;3481
17;2025-11-05;16;3872
17;2025-11-05;17;4763
17;2025-11-05;18;5099
17;2025-11-05;19;3549
17;2025-11-05;20;2356
17;2025-11-05;21;1478
17;2025-11-05;22;790
17;2025-11-05;23;364
17;2025-11-06;0;125
17;2025-11-06;1;0
17;2025-11-06;2;0
17;2025-11-06;3;0
17;2025-11-06;4;0
17;2025-11-06;5;229
17;2025-11-06;6;1546
17;2025-11-06;7;4246
17;2025-11-06;8;5520
17;2025-11-06;9;3823
17;2025-11-06;10;3023
17;2025-11-06;11;3008
17;2025-11-06;12;3087
17;2025-11-06;13;3191
17;2025-11-06;14;3244
17;2025-11-06;15;3389
17;2025-11-06;16;3808
17;2025-11-06;17;4659
17;2025-11-06;18;4957
17;2025-11-06;19;3446
17;2025-11-06;20;2301
17;2025-11-06;21;1432
17;2025-11-06;22;775
17;2025-11-06;23;359
17;2025-11-07;0;129
17;2025-11-07;1;0
17;2025-11-07;2;0
17;2025-11-07;3;0
17;2025-11-07;4;0
17;2025-11-07;5;217
17;2025-11-07;6;1509
17;2025-11-07;7;4162
17;2025-11-07;8;5337
17;2025-11-07;9;3755
17;2025-11-07;10;2996
17;2025-11-07;11;2989
17;2025-11-07;12;3080
17;2025-11-07;13;3189
17;2025-11-07;14;3262
17;2025-11-07;15;3507
17;2025-11-07;16;4097
17;2025-11-07;17;4589
17;2025-11-07;18;4240
17;2025-11-07;19;3115
17;2025-11-07;20;2203
17;2025-11-07;21;1423
17;2025-11-07;22;794
17;2025-11-07;23;389
17;2025-11-08;0;184
17;2025-11-08;1;0
17;2025-11-08;2;0
17;2025-11-08;3;0
17;2025-11-08;4;0
17;2025-11-08;5;88
17;2025-11-08;6;543
17;2025-11-08;7;1205
17;2025-11-08;8;1715
17;2025-11-08;9;2063
17;2025-11-08;10;2302
17;2025-11-08;11;2708
17;2025-11-08;12;2986
17;2025-11-08;13;3200
17;2025-11-08;14;3269
17;2025-11-08;15;3271
17;2025-11-08;16;3213
17;2025-11-08;17;3106
17;2025-11-08;18;2794
17;2025-11-08;19;2325
17;2025-11-08;20;1724
17;2025-11-08;21;1217
17;2025-11-08;22;764
17;2025-11-08;23;394
17;2025-11-09;0;176
17;2025-11-09;1;0
17;2025-11-09;2;0
17;2025-11-09;3;0
17;2025-11-09;4;0
17;2025-11-09;5;74
17;2025-11-09;6;427
17;2025-11-09;7;854
17;2025-11-09;8;1291
17;2025-11-09;9;1681
17;2025-11-09;10;1943
17;2025-11-09;11;2443
17;2025-11-09;12;2835
17;2025-11-09;13;3116
17;2025-11-09;14;3210
17;2025-11-09;15;3208
17;2025-11-09;16;3158
17;2025-11-09;17;3028
17;2025-11-09;18;2656
17;2025-11-09;19;2144
17;2025-11-09;20;1574
17;2025-11-09;21;1111
17;2025-11-09;22;696
17;2025-11-09;23;308
17;2025-11-10;0;115
17;2025-11-10;1;0
17;2025-11-10;2;0
17;2025-11-10;3;0
17;2025-11-10;4;0
17;2025-11-10;5;224
17;2025-11-10;6;1565
17;2025-11-10;7;4347
17;2025-11-10;8;5646
17;2025-11-10;9;3849
17;2025-11-10;10;2978
17;2025-11-10;11;2972
17;2025-11-10;12;3038
17;2025-11-10;13;3115
17;2025-11-10;14;3186
17;2025-11-10;15;3394
17;2025-11-10;16;3818
17;2025-11-10;17;4720
17;2025-11-10;18;5089
17;2025-11-10;19;3503
17;2025-11-10;20;2303
17;2025-11-10;21;1358
17;2025-11-10;22;718
17;2025-11-10;23;325
17;2025-11-11;0;121
17;2025-11-11;1;0
17;2025-11-11;2;0
17;2025-11-11;3;0
17;2025-11-11;4;0
17;2025-11-11;5;236
17;2025-11-11;6;1622
17;2025-11-11;7;4504
17;2025-11-11;8;5859
17;2025-11-11;9;3969
17;2025-11-11;10;3095
17;2025-11-11;11;3092
17;2025-11-11;12;3161
17;2025-11-11;13;3252
17;2025-11-11;14;3332
17;2025-11-11;15;3481
17;2025-11-11;16;3921
17;2025-11-11;17;4845
17;2025-11-11;18;5216
17;2025-11-11;19;3603
17;2025-11-11;20;2383
17;2025-11-11;21;1471
17;2025-11-11;22;787
17;2025-11-11;23;344
17;2025-11-12;0;121
17;2025-11-12;1;0
17;2025-11-12;2;0
17;2025-11-12;3;0
17;2025-11-12;4;0
17;2025-11-12;5;230
17;2025-11-12;6;1559
17;2025-11-12;7;4306
17;2025-11-12;8;5600
17;2025-11-12;9;3825
17;2025-11-12;10;3010
17;2025-11-12;11;3002
17;2025-11-12;12;3100
17;2025-11-12;13;3198
17;2025-11-12;14;3249
17;2025-11-12;15;3423
17;2025-11-12;16;3803
17;2025-11-12;17;4683
17;2025-11-12;18;5005
17;2025-11-12;19;3466
17;2025-11-12;20;2293
17;2025-11-12;21;1431
17;2025-11-12;22;767
17;2025-11-12;23;353
17;2025-11-13;0;127
17;2025-11-13;1;0
17;2025-11-13;2;0
17;2025-11-13;3;0
17;2025-11-13;4;0
17;2025-11-13;5;235
17;2025-11-13;6;1592
17;2025-11-13;7;4376
17;2025-11-13;8;5678
17;2025-11-13;9;3909
17;2025-11-13;10;3076
17;2025-11-13;11;3069
17;2025-11-13;12;3161
17;2025-11-13;13;3267
17;2025-11-13;14;3335
17;2025-11-13;15;3499
17;2025-11-13;16;3933
17;2025-11-13;17;4810
17;2025-11-13;18;5127
17;2025-11-13;19;3568
17;2025-11-13;20;2374
17;2025-11-13;21;1478
17;2025-11-13;22;799
17;2025-11-13;23;370
17;2025-11-14;0;126
17;2025-11-14;1;0
17;2025-11-14;2;0
17;2025-11-14;3;0
17;2025-11-14;4;0
17;2025-11-14;5;214
17;2025-11-14;6;1506
17;2025-11-14;7;4169
17;2025-11-14;8;5357
17;2025-11-14;9;3740
17;2025-11-14;10;2964
17;2025-11-14;11;2966
17;2025-11-14;12;3065
17;2025-11-14;13;3175
17;2025-11-14;14;3260
17;2025-11-14;15;3521
17;2025-11-14;16;4104
17;2025-11-14;17;4591
17;2025-11-14;18;4246
17;2025-11-14;19;3117
17;2025-11-14;20;2192
17;2025-11-14;21;1407
17;2025-11-14;22;776
17;2025-11-14;23;380
17;2025-11-15;0;170
17;2025-11-15;1;0
17;2025-11-15;2;0
17;2025-11-15;3;0
17;2025-11-15;4;0
17;2025-11-15;5;84
17;2025-11-15;6;519
17;2025-11-15;7;1154
17;2025-11-15;8;1638
17;2025-11-15;9;1947
17;2025-11-15;10;2112
17;2025-11-15;11;2450
17;2025-11-15;12;2705
17;2025-11-15;13;2898
17;2025-11-15;14;2969
17;2025-11-15;15;2976
17;2025-11-15;16;2926
17;2025-11-15;17;2865
17;2025-11-15;18;2573
17;2025-11-15;19;2130
17;2025-11-15;20;1565
17;2025-11-15;21;1102
17;2025-11-15;22;685
17;2025-11-15;23;353
17;2025-11-16;0;178
17;2025-11-16;1;0
17;2025-11-16;2;0
17;2025-11-16;3;0
17;2025-11-16;4;0
17;2025-11-16;5;75
17;2025-11-16;6;430
17;2025-11-16;7;863
17;2025-11-16;8;1304
17;2025-11-16;9;1697
17;2025-11-16;10;1960
17;2025-11-16;11;2467
17;2025-11-16;12;2868
17;2025-11-16;13;3157
17;2025-11-16;14;3260
17;2025-11-16;15;3252
17;2025-11-16;16;3196
17;2025-11-16;17;3071
17;2025-11-16;18;2694
17;2025-11-16;19;2178
17;2025-11-16;20;1606
17;2025-11-16;21;1133
17;2025-11-16;22;709
17;2025-11-16;23;312
17;2025-11-17;0;109
17;2025-11-17;1;0
17;2025-11-17;2;0
17;2025-11-17;3;0
17;2025-11-17;4;0
17;2025-11-17;5;215
17;2025-11-17;6;1508
17;2025-11-17;7;4190
17;2025-11-17;8;5444
17;2025-11-17;9;3712
17;2025-11-17;10;2870
17;2025-11-17;11;2861
17;2025-11-17;12;2918
17;2025-11-17;13;2993
17;2025-11-17;14;3065
17;2025-11-17;15;3264
17;2025-11-17;16;3671
17;2025-11-17;17;4553
17;2025-11-17;18;4870
17;2025-11-17;19;3334
17;2025-11-17;20;2197
17;2025-11-17;21;1288
17;2025-11-17;22;679
17;2025-11-17;23;306
17;2025-11-18;0;110
17;2025-11-18;1;0
17;2025-11-18;2;0
17;2025-11-18;3;0
17;2025-11-18;4;0
17;2025-11-18;5;218
17;2025-11-18;6;1510
17;2025-11-18;7;4215
17;2025-11-18;8;5475
17;2025-11-18;9;3742
17;2025-11-18;10;2910
17;2025-11-18;11;2882
17;2025-11-18;12;2923
17;2025-11-18;13;3008
17;2025-11-18;14;3078
17;2025-11-18;15;3192
17;2025-11-18;16;3596
17;2025-11-18;17;4499
17;2025-11-18;18;4838
17;2025-11-18;19;3327
17;2025-11-18;20;2189
17;2025-11-18;21;1342
17;2025-11-18;22;713
17;2025-11-18;23;309
17;2025-11-19;0;124
17;2025-11-19;1;0
17;2025-11-19;2;0
17;2025-11-19;3;0
17;2025-11-19;4;0
17;2025-11-19;5;236
17;2025-11-19;6;1601
17;2025-11-19;7;4414
17;2025-11-19;8;5745
17;2025-11-19;9;3930
17;2025-11-19;10;3092
17;2025-11-19;11;3086
17;2025-11-19;12;3185
17;2025-11-19;13;3290
17;2025-11-19;14;3339
17;2025-11-19;15;3520
17;2025-11-19;16;3916
17;2025-11-19;17;4811
17;2025-11-19;18;5154
17;2025-11-19;19;3580
17;2025-11-19;20;2370
17;2025-11-19;21;1480
17;2025-11-19;22;794
17;2025-11-19;23;364
17;2025-11-20;0;127
17;2025-11-20;1;0
17;2025-11-20;2;0
17;2025-11-20;3;0
17;2025-11-20;4;0
17;2025-11-20;5;235
17;2025-11-20;6;1591
17;2025-11-20;7;4377
17;2025-11-20;8;5674
17;2025-11-20;9;3920
17;2025-11-20;10;3085
17;2025-11-20;11;3077
17;2025-11-20;12;3169
17;2025-11-20;13;3280
17;2025-11-20;14;3344
17;2025-11-20;15;3499
17;2025-11-20;16;3932
17;2025-11-20;17;4824
17;2025-11-20;18;5148
17;2025-11-20;19;3581
17;2025-11-20;20;2385
17;2025-11-20;21;1483
17;2025-11-20;22;802
17;2025-11-20;23;370
17;2025-11-21;0;127
17;2025-11-21;1;0
17;2025-11-21;2;0
17;2025-11-21;3;0
17;2025-11-21;4;0
17;2025-11-21;5;218
17;2025-11-21;6;1524
17;2025-11-21;7;4209
17;2025-11-21;8;5408
17;2025-11-21;9;3785
17;2025-11-21;10;3001
17;2025-11-21;11;3002
17;2025-11-21;12;3108
17;2025-11-21;13;3223
17;2025-11-21;14;3306
17;2025-11-21;15;3567
17;2025-11-21;16;4165
17;2025-11-21;17;4663
17;2025-11-21;18;4338
17;2025-11-21;19;3176
17;2025-11-21;20;2233
17;2025-11-21;21;1430
17;2025-11-21;22;789
17;2025-11-21;23;385
17;2025-11-22;0;176
17;2025-11-22;1;0
17;2025-11-22;2;0
17;2025-11-22;3;0
17;2025-11-22;4;0
17;2025-11-22;5;86
17;2025-11-22;6;531
17;2025-11-22;7;1182
17;2025-11-22;8;1684
17;2025-11-22;9;2013
17;2025-11-22;10;2226
17;2025-11-22;11;2607
17;2025-11-22;12;2886
17;2025-11-22;13;3089
17;2025-11-22;14;3166
17;2025-11-22;15;3186
17;2025-11-22;16;3132
17;2025-11-22;17;3016
17;2025-11-22;18;2708
17;2025-11-22;19;2241
17;2025-11-22;20;1654
17;2025-11-22;21;1166
17;2025-11-22;22;726
17;2025-11-22;23;373
17;2025-11-23;0;175
17;2025-11-23;1;0
17;2025-11-23;2;0
17;2025-11-23;3;0
17;2025-11-23;4;0
17;2025-11-23;5;74
17;2025-11-23;6;426
17;2025-11-23;7;854
17;2025-11-23;8;1291
17;2025-11-23;9;1681
17;2025-11-23;10;1944
17;2025-11-23;11;2442
17;2025-11-23;12;2838
17;2025-11-23;13;3125
17;2025-11-23;14;3228
17;2025-11-23;15;3217
17;2025-11-23;16;3160
17;2025-11-23;17;3034
17;2025-11-23;18;2661
17;2025-11-23;19;2146
17;2025-11-23;20;1573
17;2025-11-23;21;1110
17;2025-11-23;22;696
17;2025-11-23;23;306
17;2025-11-24;0;105
17;2025-11-24;1;0
17;2025-11-24;2;0
17;2025-11-24;3;0
17;2025-11-24;4;0
17;2025-11-24;5;208
17;2025-11-24;6;1464
17;2025-11-24;7;4099
17;2025-11-24;8;5323
17;2025-11-24;9;3626
17;2025-11-24;10;2801
17;2025-11-24;11;2782
17;2025-11-24;12;2830
17;2025-11-24;13;2903
17;2025-11-24;14;2971
17;2025-11-24;15;3154
17;2025-11-24;16;3555
17;2025-11-24;17;4444
17;2025-11-24;18;4760
17;2025-11-24;19;3244
17;2025-11-24;20;2120
17;2025-11-24;21;1236
17;2025-11-24;22;649
17;2025-11-24;23;293
17;2025-11-25;0;120
17;2025-11-25;1;0
17;2025-11-25;2;0
17;2025-11-25;3;0
17;2025-11-25;4;0
17;2025-11-25;5;235
17;2025-11-25;6;1610
17;2025-11-25;7;4481
17;2025-11-25;8;5838
17;2025-11-25;9;3952
17;2025-11-25;10;3078
17;2025-11-25;11;3075
17;2025-11-25;12;3147
17;2025-11-25;13;3240
17;2025-11-25;14;3322
17;2025-11-25;15;3472
17;2025-11-25;16;3909
17;2025-11-25;17;4827
17;2025-11-25;18;5196
17;2025-11-25;19;3585
17;2025-11-25;20;2364
17;2025-11-25;21;1458
17;2025-11-25;22;782
17;2025-11-25;23;341
17;2025-11-26;0;115
17;2025-11-26;1;0
17;2025-11-26;2;0
17;2025-11-26;3;0
17;2025-11-26;4;0
17;2025-11-26;5;221
17;2025-11-26;6;1502
17;2025-11-26;7;4173
17;2025-11-26;8;5426
17;2025-11-26;9;3717
17;2025-11-26;10;2912
17;2025-11-26;11;2884
17;2025-11-26;12;2975
17;2025-11-26;13;3073
17;2025-11-26;14;3117
17;2025-11-26;15;3281
17;2025-11-26;16;3647
17;2025-11-26;17;4528
17;2025-11-26;18;4835
17;2025-11-26;19;3333
17;2025-11-26;20;2195
17;2025-11-26;21;1366
17;2025-11-26;22;731
17;2025-11-26;23;336
17;2025-11-27;0;120
17;2025-11-27;1;0
17;2025-11-27;2;0
17;2025-11-27;3;0
17;2025-11-27;4;0
17;2025-11-27;5;223
17;2025-11-27;6;1510
17;2025-11-27;7;4178
17;2025-11-27;8;5427
17;2025-11-27;9;3746
17;2025-11-27;10;2939
17;2025-11-27;11;2922
17;2025-11-27;12;3008
17;2025-11-27;13;3109
17;2025-11-27;14;3170
17;2025-11-27;15;3333
17;2025-11-27;16;3749
17;2025-11-27;17;4591
17;2025-11-27;18;4883
17;2025-11-27;19;3373
17;2025-11-27;20;2243
17;2025-11-27;21;1391
17;2025-11-27;22;750
17;2025-11-27;23;347
17;2025-11-28;0;125
17;2025-11-28;1;0
17;2025-11-28;2;0
17;2025-11-28;3;0
17;2025-11-28;4;0
17;2025-11-28;5;215
17;2025-11-28;6;1503
17;2025-11-28;7;4166
17;2025-11-28;8;5349
17;2025-11-28;9;3729
17;2025-11-28;10;2950
17;2025-11-28;11;2948
17;2025-11-28;12;3055
17;2025-11-28;13;3164
17;2025-11-28;14;3248
17;2025-11-28;15;3521
17;2025-11-28;16;4109
17;2025-11-28;17;4602
17;2025-11-28;18;4260
17;2025-11-28;19;3121
17;2025-11-28;20;2195
17;2025-11-28;21;1407
17;2025-11-28;22;774
17;2025-11-28;23;379
17;2025-11-29;0;187
17;2025-11-29;1;0
17;2025-11-29;2;0
17;2025-11-29;3;0
17;2025-11-29;4;0
17;2025-11-29;5;89
17;2025-11-29;6;547
17;2025-11-29;7;1213
17;2025-11-29;8;1726
17;2025-11-29;9;2075
17;2025-11-29;10;2312
17;2025-11-29;11;2739
17;2025-11-29;12;3057
17;2025-11-29;13;3278
17;2025-11-29;14;3361
17;2025-11-29;15;3383
17;2025-11-29;16;3320
17;2025-11-29;17;3202
17;2025-11-29;18;2868
17;2025-11-29;19;2383
17;2025-11-29;20;1767
17;2025-11-29;21;1255
17;2025-11-29;22;783
17;2025-11-29;23;402
17;2025-11-30;0;175
17;2025-11-30;1;0
17;2025-11-30;2;0
17;2025-11-30;3;0
17;2025-11-30;4;0
17;2025-11-30;5;75
17;2025-11-30;6;426
17;2025-11-30;7;854
17;2025-11-30;8;1294
17;2025-11-30;9;1681
17;2025-11-30;10;1937
17;2025-11-30;11;2440
17;2025-11-30;12;2863
17;2025-11-30;13;3172
17;2025-11-30;14;3278
17;2025-11-30;15;3290
17;2025-11-30;16;3231
17;2025-11-30;17;3080
17;2025-11-30;18;2694
17;2025-11-30;19;2168
17;2025-11-30;20;1589
17;2025-11-30;21;1123
17;2025-11-30;22;703
17;2025-11-30;23;311
17;2025-12-01;0;114
17;2025-12-01;1;0
17;2025-12-01;2;0
17;2025-12-01;3;0
17;2025-12-01;4;0
17;2025-12-01;5;226
17;2025-12-01;6;1560
17;2025-12-01;7;4357
17;2025-12-01;8;5687
17;2025-12-01;9;3839
17;2025-12-01;10;2965
17;2025-12-01;11;2959
17;2025-12-01;12;3048
17;2025-12-01;13;3159
17;2025-12-01;14;3235
17;2025-12-01;15;3463
17;2025-12-01;16;3893
17;2025-12-01;17;4794
17;2025-12-01;18;5148
17;2025-12-01;19;3546
17;2025-12-01;20;2325
17;2025-12-01;21;1370
17;2025-12-01;22;725
17;2025-12-01;23;326
17;2025-12-02;0;121
17;2025-12-02;1;0
17;2025-12-02;2;0
17;2025-12-02;3;0
17;2025-12-02;4;0
17;2025-12-02;5;237
17;2025-12-02;6;1615
17;2025-12-02;7;4519
17;2025-12-02;8;5908
17;2025-12-02;9;3966
17;2025-12-02;10;3088
17;2025-12-02;11;3089
17;2025-12-02;12;3185
17;2025-12-02;13;3310
17;2025-12-02;14;3393
17;2025-12-02;15;3563
17;2025-12-02;16;4013
17;2025-12-02;17;4931
17;2025-12-02;18;5284
17;2025-12-02;19;3647
17;2025-12-02;20;2408
17;2025-12-02;21;1485
17;2025-12-02;22;795
17;2025-12-02;23;345
17;2025-12-03;0;123
17;2025-12-03;1;0
17;2025-12-03;2;0
17;2025-12-03;3;0
17;2025-12-03;4;0
17;2025-12-03;5;237
17;2025-12-03;6;1592
17;2025-12-03;7;4431
17;2025-12-03;8;5816
17;2025-12-03;9;3916
17;2025-12-03;10;3077
17;2025-12-03;11;3070
17;2025-12-03;12;3204
17;2025-12-03;13;3339
17;2025-12-03;14;3399
17;2025-12-03;15;3602
17;2025-12-03;16;4007
17;2025-12-03;17;4895
17;2025-12-03;18;5222
17;2025-12-03;19;3619
17;2025-12-03;20;2391
17;2025-12-03;21;1489
17;2025-12-03;22;803
17;2025-12-03;23;366
17;2025-12-04;0;125
17;2025-12-04;1;0
17;2025-12-04;2;0
17;2025-12-04;3;0
17;2025-12-04;4;0
17;2025-12-04;5;236
17;2025-12-04;6;1582
17;2025-12-04;7;4384
17;2025-12-04;8;5733
17;2025-12-04;9;3909
17;2025-12-04;10;3071
17;2025-12-04;11;3065
17;2025-12-04;12;3192
17;2025-12-04;13;3331
17;2025-12-04;14;3400
17;2025-12-04;15;3590
17;2025-12-04;16;4036
17;2025-12-04;17;4904
17;2025-12-04;18;5216
17;2025-12-04;19;3628
17;2025-12-04;20;2410
17;2025-12-04;21;1494
17;2025-12-04;22;812
17;2025-12-04;23;375
17;2025-12-05;0;127
17;2025-12-05;1;0
17;2025-12-05;2;0
17;2025-12-05;3;0
17;2025-12-05;4;0
17;2025-12-05;5;225
17;2025-12-05;6;1548
17;2025-12-05;7;4306
17;2025-12-05;8;5588
17;2025-12-05;9;3858
17;2025-12-05;10;3043
17;2025-12-05;11;3045
17;2025-12-05;12;3184
17;2025-12-05;13;3323
17;2025-12-05;14;3412
17;2025-12-05;15;3707
17;2025-12-05;16;4315
17;2025-12-05;17;4841
17;2025-12-05;18;4520
17;2025-12-05;19;3312
17;2025-12-05;20;2329
17;2025-12-05;21;1473
17;2025-12-05;22;815
17;2025-12-05;23;392
17;2025-12-06;0;184
17;2025-12-06;1;0
17;2025-12-06;2;0
17;2025-12-06;3;0
17;2025-12-06;4;0
17;2025-12-06;5;88
17;2025-12-06;6;536
17;2025-12-06;7;1185
17;2025-12-06;8;1704
17;2025-12-06;9;2043
17;2025-12-06;10;2293
17;2025-12-06;11;2729
17;2025-12-06;12;3080
17;2025-12-06;13;3338
17;2025-12-06;14;3422
17;2025-12-06;15;3477
17;2025-12-06;16;3409
17;2025-12-06;17;3244
17;2025-12-06;18;2892
17;2025-12-06;19;2387
17;2025-12-06;20;1767
17;2025-12-06;21;1251
17;2025-12-06;22;786
17;2025-12-06;23;405
17;2025-12-07;0;175
17;2025-12-07;1;0
17;2025-12-07;2;0
17;2025-12-07;3;0
17;2025-12-07;4;0
17;2025-12-07;5;75
17;2025-12-07;6;424
17;2025-12-07;7;849
17;2025-12-07;8;1289
17;2025-12-07;9;1679
17;2025-12-07;10;1935
17;2025-12-07;11;2435
17;2025-12-07;12;2893
17;2025-12-07;13;3211
17;2025-12-07;14;3319
17;2025-12-07;15;3344
17;2025-12-07;16;3279
17;2025-12-07;17;3119
17;2025-12-07;18;2724
17;2025-12-07;19;2188
17;2025-12-07;20;1610
17;2025-12-07;21;1136
17;2025-12-07;22;712
17;2025-12-07;23;314
17;2025-12-08;0;115
17;2025-12-08;1;0
17;2025-12-08;2;0
17;2025-12-08;3;0
17;2025-12-08;4;0
17;2025-12-08;5;226
17;2025-12-08;6;1555
17;2025-12-08;7;4355
17;2025-12-08;8;5708
17;2025-12-08;9;3850
17;2025-12-08;10;2973
17;2025-12-08;11;2966
17;2025-12-08;12;3063
17;2025-12-08;13;3174
17;2025-12-08;14;3251
17;2025-12-08;15;3484
17;2025-12-08;16;3918
17;2025-12-08;17;4817
17;2025-12-08;18;5180
17;2025-12-08;19;3571
17;2025-12-08;20;2343
17;2025-12-08;21;1380
17;2025-12-08;22;735
17;2025-12-08;23;330
17;2025-12-09;0;120
17;2025-12-09;1;0
17;2025-12-09;2;0
17;2025-12-09;3;0
17;2025-12-09;4;0
17;2025-12-09;5;236
17;2025-12-09;6;1600
17;2025-12-09;7;4477
17;2025-12-09;8;5869
17;2025-12-09;9;3943
17;2025-12-09;10;3069
17;2025-12-09;11;3070
17;2025-12-09;12;3171
17;2025-12-09;13;3294
17;2025-12-09;14;3379
17;2025-12-09;15;3548
17;2025-12-09;16;3991
17;2025-12-09;17;4904
17;2025-12-09;18;5259
17;2025-12-09;19;3630
17;2025-12-09;20;2394
17;2025-12-09;21;1479
17;2025-12-09;22;799
17;2025-12-09;23;347
17;2025-12-10;0;120
17;2025-12-10;1;0
17;2025-12-10;2;0
17;2025-12-10;3;0
17;2025-12-10;4;0
17;2025-12-10;5;230
17;2025-12-10;6;1545
17;2025-12-10;7;4301
17;2025-12-10;8;5643
17;2025-12-10;9;3810
17;2025-12-10;10;2995
17;2025-12-10;11;2987
17;2025-12-10;12;3115
17;2025-12-10;13;3247
17;2025-12-10;14;3305
17;2025-12-10;15;3500
17;2025-12-10;16;3887
17;2025-12-10;17;4764
17;2025-12-10;18;5080
17;2025-12-10;19;3519
17;2025-12-10;20;2325
17;2025-12-10;21;1444
17;2025-12-10;22;779
17;2025-12-10;23;356
17;2025-12-11;0;119
17;2025-12-11;1;0
17;2025-12-11;2;0
17;2025-12-11;3;0
17;2025-12-11;4;0
17;2025-12-11;5;224
17;2025-12-11;6;1498
17;2025-12-11;7;4167
17;2025-12-11;8;5460
17;2025-12-11;9;3737
17;2025-12-11;10;2932
17;2025-12-11;11;2914
17;2025-12-11;12;3037
17;2025-12-11;13;3170
17;2025-12-11;14;3233
17;2025-12-11;15;3420
17;2025-12-11;16;3844
17;2025-12-11;17;4670
17;2025-12-11;18;4957
17;2025-12-11;19;3426
17;2025-12-11;20;2276
17;2025-12-11;21;1408
17;2025-12-11;22;764
17;2025-12-11;23;354
17;2025-12-12;0;122
17;2025-12-12;1;0
17;2025-12-12;2;0
17;2025-12-12;3;0
17;2025-12-12;4;0
17;2025-12-12;5;213
17;2025-12-12;6;1475
17;2025-12-12;7;4100
17;2025-12-12;8;5310
17;2025-12-12;9;3676
17;2025-12-12;10;2895
17;2025-12-12;11;2885
17;2025-12-12;12;3022
17;2025-12-12;13;3158
17;2025-12-12;14;3241
17;2025-12-12;15;3533
17;2025-12-12;16;4129
17;2025-12-12;17;4611
17;2025-12-12;18;4247
17;2025-12-12;19;3116
17;2025-12-12;20;2200
17;2025-12-12;21;1398
17;2025-12-12;22;772
17;2025-12-12;23;374
17;2025-12-13;0;184
17;2025-12-13;1;0
17;2025-12-13;2;0
17;2025-12-13;3;0
17;2025-12-13;4;0
17;2025-12-13;5;88
17;2025-12-13;6;537
17;2025-12-13;7;1185
17;2025-12-13;8;1700
17;2025-12-13;9;2036
17;2025-12-13;10;2286
17;2025-12-13;11;2721
17;2025-12-13;12;3073
17;2025-12-13;13;3332
17;2025-12-13;14;3416
17;2025-12-13;15;3467
17;2025-12-13;16;3401
17;2025-12-13;17;3246
17;2025-12-13;18;2896
17;2025-12-13;19;2392
17;2025-12-13;20;1772
17;2025-12-13;21;1259
17;2025-12-13;22;791
17;2025-12-13;23;407
17;2025-12-14;0;176
17;2025-12-14;1;0
17;2025-12-14;2;0
17;2025-12-14;3;0
17;2025-12-14;4;0
17;2025-12-14;5;75
17;2025-12-14;6;423
17;2025-12-14;7;847
17;2025-12-14;8;1287
17;2025-12-14;9;1677
17;2025-12-14;10;1933
17;2025-12-14;11;2434
17;2025-12-14;12;2893
17;2025-12-14;13;3208
17;2025-12-14;14;3316
17;2025-12-14;15;3337
17;2025-12-14;16;3275
17;2025-12-14;17;3120
17;2025-12-14;18;2732
17;2025-12-14;19;2196
17;2025-12-14;20;1621
17;2025-12-14;21;1144
17;2025-12-14;22;718
17;2025-12-14;23;316
17;2025-12-15;0;113
17;2025-12-15;1;0
17;2025-12-15;2;0
17;2025-12-15;3;0
17;2025-12-15;4;0
17;2025-12-15;5;224
17;2025-12-15;6;1534
17;2025-12-15;7;4302
17;2025-12-15;8;5663
17;2025-12-15;9;3806
17;2025-12-15;10;2938
17;2025-12-15;11;2933
17;2025-12-15;12;3024
17;2025-12-15;13;3139
17;2025-12-15;14;3215
17;2025-12-15;15;3444
17;2025-12-15;16;3876
17;2025-12-15;17;4767
17;2025-12-15;18;5135
17;2025-12-15;19;3537
17;2025-12-15;20;2313
17;2025-12-15;21;1361
17;2025-12-15;22;727
17;2025-12-15;23;327
17;2025-12-16;0;116
17;2025-12-16;1;0
17;2025-12-16;2;0
17;2025-12-16;3;0
17;2025-12-16;4;0
17;2025-12-16;5;230
17;2025-12-16;6;1557
17;2025-12-16;7;4368
17;2025-12-16;8;5725
17;2025-12-16;9;3857
17;2025-12-16;10;2997
17;2025-12-16;11;2991
17;2025-12-16;12;3088
17;2025-12-16;13;3213
17;2025-12-16;14;3299
17;2025-12-16;15;3456
17;2025-12-16;16;3891
17;2025-12-16;17;4788
17;2025-12-16;18;5128
17;2025-12-16;19;3536
17;2025-12-16;20;2332
17;2025-12-16;21;1438
17;2025-12-16;22;774
17;2025-12-16;23;335
17;2025-12-17;0;124
17;2025-12-17;1;0
17;2025-12-17;2;0
17;2025-12-17;3;0
17;2025-12-17;4;0
17;2025-12-17;5;238
17;2025-12-17;6;1595
17;2025-12-17;7;4434
17;2025-12-17;8;5822
17;2025-12-17;9;3923
17;2025-12-17;10;3083
17;2025-12-17;11;3076
17;2025-12-17;12;3210
17;2025-12-17;13;3346
17;2025-12-17;14;3408
17;2025-12-17;15;3613
17;2025-12-17;16;4021
17;2025-12-17;17;4905
17;2025-12-17;18;5235
17;2025-12-17;19;3631
17;2025-12-17;20;2402
17;2025-12-17;21;1495
17;2025-12-17;22;808
17;2025-12-17;23;370
17;2025-12-18;0;125
17;2025-12-18;1;0
17;2025-12-18;2;0
17;2025-12-18;3;0
17;2025-12-18;4;0
17;2025-12-18;5;235
17;2025-12-18;6;1574
17;2025-12-18;7;4351
17;2025-12-18;8;5716
17;2025-12-18;9;3899
17;2025-12-18;10;3065
17;2025-12-18;11;3059
17;2025-12-18;12;3189
17;2025-12-18;13;3334
17;2025-12-18;14;3404
17;2025-12-18;15;3594
17;2025-12-18;16;4038
17;2025-12-18;17;4888
17;2025-12-18;18;5199
17;2025-12-18;19;3617
17;2025-12-18;20;2405
17;2025-12-18;21;1491
17;2025-12-18;22;813
17;2025-12-18;23;375
17;2025-12-19;0;128
17;2025-12-19;1;0
17;2025-12-19;2;0
17;2025-12-19;3;0
17;2025-12-19;4;0
17;2025-12-19;5;225
17;2025-12-19;6;1549
17;2025-12-19;7;4296
17;2025-12-19;8;5593
17;2025-12-19;9;3857
17;2025-12-19;10;3044
17;2025-12-19;11;3049
17;2025-12-19;12;3190
17;2025-12-19;13;3336
17;2025-12-19;14;3427
17;2025-12-19;15;3716
17;2025-12-19;16;4336
17;2025-12-19;17;4845
17;2025-12-19;18;4527
17;2025-12-19;19;3320
17;2025-12-19;20;2341
17;2025-12-19;21;1483
17;2025-12-19;22;821
17;2025-12-19;23;395
17;2025-12-20;0;183
17;2025-12-20;1;0
17;2025-12-20;2;0
17;2025-12-20;3;0
17;2025-12-20;4;0
17;2025-12-20;5;88
17;2025-12-20;6;534
17;2025-12-20;7;1179
17;2025-12-20;8;1693
17;2025-12-20;9;2033
17;2025-12-20;10;2283
17;2025-12-20;11;2720
17;2025-12-20;12;3076
17;2025-12-20;13;3338
17;2025-12-20;14;3424
17;2025-12-20;15;3474
17;2025-12-20;16;3409
17;2025-12-20;17;3243
17;2025-12-20;18;2889
17;2025-12-20;19;2386
17;2025-12-20;20;1768
17;2025-12-20;21;1255
17;2025-12-20;22;791
17;2025-12-20;23;407
17;2025-12-21;0;171
17;2025-12-21;1;0
17;2025-12-21;2;0
17;2025-12-21;3;0
17;2025-12-21;4;0
17;2025-12-21;5;73
17;2025-12-21;6;413
17;2025-12-21;7;827
17;2025-12-21;8;1256
17;2025-12-21;9;1639
17;2025-12-21;10;1893
17;2025-12-21;11;2380
17;2025-12-21;12;2835
17;2025-12-21;13;3145
17;2025-12-21;14;3254
17;2025-12-21;15;3279
17;2025-12-21;16;3204
17;2025-12-21;17;3046
17;2025-12-21;18;2662
17;2025-12-21;19;2133
17;2025-12-21;20;1573
17;2025-12-21;21;1110
17;2025-12-21;22;697
17;2025-12-21;23;307
17;2025-12-22;0;110
17;2025-12-22;1;0
17;2025-12-22;2;0
17;2025-12-22;3;0
17;2025-12-22;4;0
17;2025-12-22;5;218
17;2025-12-22;6;1505
17;2025-12-22;7;4220
17;2025-12-22;8;5535
17;2025-12-22;9;3728
17;2025-12-22;10;2878
17;2025-12-22;11;2871
17;2025-12-22;12;2960
17;2025-12-22;13;3072
17;2025-12-22;14;3151
17;2025-12-22;15;3377
17;2025-12-22;16;3802
17;2025-12-22;17;4680
17;2025-12-22;18;5011
17;2025-12-22;19;3434
17;2025-12-22;20;2258
17;2025-12-22;21;1325
17;2025-12-22;22;705
17;2025-12-22;23;316
17;2025-12-23;0;121
17;2025-12-23;1;0
17;2025-12-23;2;0
17;2025-12-23;3;0
17;2025-12-23;4;0
17;2025-12-23;5;238
17;2025-12-23;6;1609
17;2025-12-23;7;4497
17;2025-12-23;8;5925
17;2025-12-23;9;3962
17;2025-12-23;10;3071
17;2025-12-23;11;3075
17;2025-12-23;12;3175
17;2025-12-23;13;3306
17;2025-12-23;14;3393
17;2025-12-23;15;3569
17;2025-12-23;16;4025
17;2025-12-23;17;4925
17;2025-12-23;18;5306
17;2025-12-23;19;3668
17;2025-12-23;20;2431
17;2025-12-23;21;1500
17;2025-12-23;22;808
17;2025-12-23;23;351
17;2025-12-24;0;123
17;2025-12-24;1;0
17;2025-12-24;2;0
17;2025-12-24;3;0
17;2025-12-24;4;0
17;2025-12-24;5;237
17;2025-12-24;6;1580
17;2025-12-24;7;4395
17;2025-12-24;8;5789
17;2025-12-24;9;3892
17;2025-12-24;10;3045
17;2025-12-24;11;3041
17;2025-12-24;12;3172
17;2025-12-24;13;3315
17;2025-12-24;14;3379
17;2025-12-24;15;3582
17;2025-12-24;16;3993
17;2025-12-24;17;4864
17;2025-12-24;18;5205
17;2025-12-24;19;3609
17;2025-12-24;20;2391
17;2025-12-24;21;1485
17;2025-12-24;22;808
17;2025-12-24;23;369
17;2025-12-25;0;120
17;2025-12-25;1;0
17;2025-12-25;2;0
17;2025-12-25;3;0
17;2025-12-25;4;0
17;2025-12-25;5;226
17;2025-12-25;6;1509
17;2025-12-25;7;4186
17;2025-12-25;8;5493
17;2025-12-25;9;3758
17;2025-12-25;10;2947
17;2025-12-25;11;2930
17;2025-12-25;12;3056
17;2025-12-25;13;3197
17;2025-12-25;14;3260
17;2025-12-25;15;3445
17;2025-12-25;16;3875
17;2025-12-25;17;4707
17;2025-12-25;18;5002
17;2025-12-25;19;3462
17;2025-12-25;20;2304
17;2025-12-25;21;1426
17;2025-12-25;22;778
17;2025-12-25;23;359
17;2025-12-26;0;122
17;2025-12-26;1;0
17;2025-12-26;2;0
17;2025-12-26;3;0
17;2025-12-26;4;0
17;2025-12-26;5;214
17;2025-12-26;6;1472
17;2025-12-26;7;4091
17;2025-12-26;8;5301
17;2025-12-26;9;3664
17;2025-12-26;10;2885
17;2025-12-26;11;2873
17;2025-12-26;12;3011
17;2025-12-26;13;3153
17;2025-12-26;14;3238
17;2025-12-26;15;3531
17;2025-12-26;16;4134
17;2025-12-26;17;4612
17;2025-12-26;18;4249
17;2025-12-26;19;3118
17;2025-12-26;20;2205
17;2025-12-26;21;1401
17;2025-12-26;22;778
17;2025-12-26;23;376
17;2025-12-27;0;185
17;2025-12-27;1;0
17;2025-12-27;2;0
17;2025-12-27;3;0
17;2025-12-27;4;0
17;2025-12-27;5;88
17;2025-12-27;6;537
17;2025-12-27;7;1176
17;2025-12-27;8;1691
17;2025-12-27;9;2029
17;2025-12-27;10;2278
17;2025-12-27;11;2714
17;2025-12-27;12;3065
17;2025-12-27;13;3327
17;2025-12-27;14;3412
17;2025-12-27;15;3463
17;2025-12-27;16;3399
17;2025-12-27;17;3238
17;2025-12-27;18;2884
17;2025-12-27;19;2381
17;2025-12-27;20;1762
17;2025-12-27;21;1250
17;2025-12-27;22;795
17;2025-12-27;23;410
17;2025-12-28;0;169
17;2025-12-28;1;0
17;2025-12-28;2;0
17;2025-12-28;3;0
17;2025-12-28;4;0
17;2025-12-28;5;73
17;2025-12-28;6;412
17;2025-12-28;7;823
17;2025-12-28;8;1244
17;2025-12-28;9;1626
17;2025-12-28;10;1870
17;2025-12-28;11;2347
17;2025-12-28;12;2786
17;2025-12-28;13;3095
17;2025-12-28;14;3200
17;2025-12-28;15;3224
17;2025-12-28;16;3151
17;2025-12-28;17;2997
17;2025-12-28;18;2623
17;2025-12-28;19;2100
17;2025-12-28;20;1547
17;2025-12-28;21;1090
17;2025-12-28;22;688
17;2025-12-28;23;304
17;2025-12-29;0;111
17;2025-12-29;1;0
17;2025-12-29;2;0
17;2025-12-29;3;0
17;2025-12-29;4;0
17;2025-12-29;5;220
17;2025-12-29;6;1499
17;2025-12-29;7;4195
17;2025-12-29;8;5499
17;2025-12-29;9;3702
17;2025-12-29;10;2855
17;2025-12-29;11;2847
17;2025-12-29;12;2943
17;2025-12-29;13;3054
17;2025-12-29;14;3131
17;2025-12-29;15;3356
17;2025-12-29;16;3781
17;2025-12-29;17;4666
17;2025-12-29;18;5001
17;2025-12-29;19;3433
17;2025-12-29;20;2260
17;2025-12-29;21;1327
17;2025-12-29;22;711
17;2025-12-29;23;320
17;2025-12-30;0;113
17;2025-12-30;1;0
17;2025-12-30;2;0
17;2025-12-30;3;0
17;2025-12-30;4;0
17;2025-12-30;5;226
17;2025-12-30;6;1517
17;2025-12-30;7;4268
17;2025-12-30;8;5589
17;2025-12-30;9;3777
17;2025-12-30;10;2921
17;2025-12-30;11;2902
17;2025-12-30;12;3000
17;2025-12-30;13;3123
17;2025-12-30;14;3203
17;2025-12-30;15;3358
17;2025-12-30;16;3790
17;2025-12-30;17;4683
17;2025-12-30;18;5026
17;2025-12-30;19;3451
17;2025-12-30;20;2275
17;2025-12-30;21;1403
17;2025-12-30;22;760
17;2025-12-30;23;328
17;2025-12-31;0;171
17;2025-12-31;1;0
17;2025-12-31;2;0
17;2025-12-31;3;0
17;2025-12-31;4;0
17;2025-12-31;5;73
17;2025-12-31;6;458
17;2025-12-31;7;912
17;2025-12-31;8;1322
17;2025-12-31;9;1613
17;2025-12-31;10;1806
17;2025-12-31;11;2260
17;2025-12-31;12;2677
17;2025-12-31;13;2982
17;2025-12-31;14;3056
17;2025-12-31;15;3112
17;2025-12-31;16;3015
17;2025-12-31;17;2953
17;2025-12-31;18;2646
17;2025-12-31;19;2126
17;2025-12-31;20;1595
17;2025-12-31;21;1126
17;2025-12-31;22;699
17;2025-12-31;23;308
25;2025-11-01;0;7
25;2025-11-01;1;0
25;2025-11-01;2;0
25;2025-11-01;3;0
25;2025-11-01;4;0
25;2025-11-01;5;4
25;2025-11-01;6;117
25;2025-11-01;7;383
25;2025-11-01;8;627
25;2025-11-01;9;328
25;2025-11-01;10;256
25;2025-11-01;11;283
25;2025-11-01;12;291
25;2025-11-01;13;360
25;2025-11-01;14;334
25;2025-11-01;15;396
25;2025-11-01;16;471
25;2025-11-01;17;521
25;2025-11-01;18;511
25;2025-11-01;19;333
25;2025-11-01;20;212
25;2025-11-01;21;138
25;2025-11-01;22;75
25;2025-11-01;23;7
25;2025-11-02;0;17
25;2025-11-02;1;0
25;2025-11-02;2;0
25;2025-11-02;3;0
25;2025-11-02;4;0
25;2025-11-02;5;4
25;2025-11-02;6;52
25;2025-11-02;7;112
25;2025-11-02;8;207
25;2025-11-02;9;219
25;2025-11-02;10;232
25;2025-11-02;11;302
25;2025-11-02;12;366
25;2025-11-02;13;460
25;2025-11-02;14;524
25;2025-11-02;15;611
25;2025-11-02;16;518
25;2025-11-02;17;492
25;2025-11-02;18;454
25;2025-11-02;19;352
25;2025-11-02;20;236
25;2025-11-02;21;197
25;2025-11-02;22;119
25;2025-11-02;23;38
25;2025-11-03;0;16
25;2025-11-03;1;0
25;2025-11-03;2;0
25;2025-11-03;3;0
25;2025-11-03;4;0
25;2025-11-03;5;4
25;2025-11-03;6;48
25;2025-11-03;7;105
25;2025-11-03;8;199
25;2025-11-03;9;204
25;2025-11-03;10;214
25;2025-11-03;11;276
25;2025-11-03;12;335
25;2025-11-03;13;428
25;2025-11-03;14;474
25;2025-11-03;15;551
25;2025-11-03;16;470
25;2025-11-03;17;445
25;2025-11-03;18;437
25;2025-11-03;19;340
25;2025-11-03;20;225
25;2025-11-03;21;188
25;2025-11-03;22;103
25;2025-11-03;23;38
25;2025-11-04;0;16
25;2025-11-04;1;0
25;2025-11-04;2;0
25;2025-11-04;3;0
25;2025-11-04;4;0
25;2025-11-04;5;4
25;2025-11-04;6;51
25;2025-11-04;7;108
25;2025-11-04;8;201
25;2025-11-04;9;208
25;2025-11-04;10;218
25;2025-11-04;11;282
25;2025-11-04;12;338
25;2025-11-04;13;423
25;2025-11-04;14;480
25;2025-11-04;15;556
25;2025-11-04;16;471
25;2025-11-04;17;443
25;2025-11-04;18;433
25;2025-11-04;19;339
25;2025-11-04;20;224
25;2025-11-04;21;187
25;2025-11-04;22;106
25;2025-11-04;23;38
25;2025-11-05;0;10
25;2025-11-05;1;0
25;2025-11-05;2;0
25;2025-11-05;3;0
25;2025-11-05;4;0
25;2025-11-05;5;7
25;2025-11-05;6;176
25;2025-11-05;7;560
25;2025-11-05;8;930
25;2025-11-05;9;489
25;2025-11-05;10;378
25;2025-11-05;11;421
25;2025-11-05;12;429
25;2025-11-05;13;531
25;2025-11-05;14;481
25;2025-11-05;15;576
25;2025-11-05;16;676
25;2025-11-05;17;749
25;2025-11-05;18;789
25;2025-11-05;19;513
25;2025-11-05;20;327
25;2025-11-05;21;215
25;2025-11-05;22;116
25;2025-11-05;23;12
25;2025-11-06;0;10
25;2025-11-06;1;0
25;2025-11-06;2;0
25;2025-11-06;3;0
25;2025-11-06;4;0
25;2025-11-06;5;6
25;2025-11-06;6;170
25;2025-11-06;7;538
25;2025-11-06;8;905
25;2025-11-06;9;472
25;2025-11-06;10;372
25;2025-11-06;11;408
25;2025-11-06;12;417
25;2025-11-06;13;513
25;2025-11-06;14;479
25;2025-11-06;15;560
25;2025-11-06;16;659
25;2025-11-06;17;755
25;2025-11-06;18;768
25;2025-11-06;19;503
25;2025-11-06;20;317
25;2025-11-06;21;211
25;2025-11-06;22;114
25;2025-11-06;23;12
25;2025-11-07;0;10
25;2025-11-07;1;0
25;2025-11-07;2;0
25;2025-11-07;3;0
25;2025-11-07;4;0
25;2025-11-07;5;6
25;2025-11-07;6;162
25;2025-11-07;7;531
25;2025-11-07;8;872
25;2025-11-07;9;464
25;2025-11-07;10;369
25;2025-11-07;11;407
25;2025-11-07;12;417
25;2025-11-07;13;518
25;2025-11-07;14;482
25;2025-11-07;15;579
25;2025-11-07;16;677
25;2025-11-07;17;726
25;2025-11-07;18;662
25;2025-11-07;19;478
25;2025-11-07;20;308
25;2025-11-07;21;206
25;2025-11-07;22;115
25;2025-11-07;23;12
25;2025-11-08;0;10
25;2025-11-08;1;0
25;2025-11-08;2;0
25;2025-11-08;3;0
25;2025-11-08;4;0
25;2025-11-08;5;5
25;2025-11-08;6;65
25;2025-11-08;7;146
25;2025-11-08;8;306
25;2025-11-08;9;291
25;2025-11-08;10;288
25;2025-11-08;11;380
25;2025-11-08;12;406
25;2025-11-08;13;543
25;2025-11-08;14;573
25;2025-11-08;15;656
25;2025-11-08;16;588
25;2025-11-08;17;510
25;2025-11-08;18;499
25;2025-11-08;19;420
25;2025-11-08;20;265
25;2025-11-08;21;220
25;2025-11-08;22;137
25;2025-11-08;23;49
25;2025-11-09;0;17
25;2025-11-09;1;0
25;2025-11-09;2;0
25;2025-11-09;3;0
25;2025-11-09;4;0
25;2025-11-09;5;4
25;2025-11-09;6;52
25;2025-11-09;7;112
25;2025-11-09;8;206
25;2025-11-09;9;217
25;2025-11-09;10;230
25;2025-11-09;11;300
25;2025-11-09;12;363
25;2025-11-09;13;458
25;2025-11-09;14;521
25;2025-11-09;15;608
25;2025-11-09;16;515
25;2025-11-09;17;489
25;2025-11-09;18;450
25;2025-11-09;19;348
25;2025-11-09;20;232
25;2025-11-09;21;194
25;2025-11-09;22;116
25;2025-11-09;23;38
25;2025-11-10;0;10
25;2025-11-10;1;0
25;2025-11-10;2;0
25;2025-11-10;3;0
25;2025-11-10;4;0
25;2025-11-10;5;7
25;2025-11-10;6;169
25;2025-11-10;7;553
25;2025-11-10;8;926
25;2025-11-10;9;478
25;2025-11-10;10;370
25;2025-11-10;11;405
25;2025-11-10;12;414
25;2025-11-10;13;518
25;2025-11-10;14;468
25;2025-11-10;15;555
25;2025-11-10;16;673
25;2025-11-10;17;745
25;2025-11-10;18;789
25;2025-11-10;19;508
25;2025-11-10;20;319
25;2025-11-10;21;212
25;2025-11-10;22;104
25;2025-11-10;23;12
25;2025-11-11;0;10
25;2025-11-11;1;0
25;2025-11-11;2;0
25;2025-11-11;3;0
25;2025-11-11;4;0
25;2025-11-11;5;7
25;2025-11-11;6;180
25;2025-11-11;7;571
25;2025-11-11;8;949
25;2025-11-11;9;493
25;2025-11-11;10;381
25;2025-11-11;11;420
25;2025-11-11;12;426
25;2025-11-11;13;524
25;2025-11-11;14;485
25;2025-11-11;15;577
25;2025-11-11;16;689
25;2025-11-11;17;763
25;2025-11-11;18;807
25;2025-11-11;19;521
25;2025-11-11;20;328
25;2025-11-11;21;217
25;2025-11-11;22;112
25;2025-11-11;23;12
25;2025-11-12;0;10
25;2025-11-12;1;0
25;2025-11-12;2;0
25;2025-11-12;3;0
25;2025-11-12;4;0
25;2025-11-12;5;7
25;2025-11-12;6;174
25;2025-11-12;7;557
25;2025-11-12;8;924
25;2025-11-12;9;482
25;2025-11-12;10;373
25;2025-11-12;11;415
25;2025-11-12;12;422
25;2025-11-12;13;525
25;2025-11-12;14;476
25;2025-11-12;15;571
25;2025-11-12;16;671
25;2025-11-12;17;745
25;2025-11-12;18;782
25;2025-11-12;19;506
25;2025-11-12;20;321
25;2025-11-12;21;211
25;2025-11-12;22;114
25;2025-11-12;23;12
25;2025-11-13;0;10
25;2025-11-13;1;0
25;2025-11-13;2;0
25;2025-11-13;3;0
25;2025-11-13;4;0
25;2025-11-13;5;7
25;2025-11-13;6;176
25;2025-11-13;7;557
25;2025-11-13;8;933
25;2025-11-13;9;483
25;2025-11-13;10;379
25;2025-11-13;11;417
25;2025-11-13;12;426
25;2025-11-13;13;525
25;2025-11-13;14;490
25;2025-11-13;15;578
25;2025-11-13;16;683
25;2025-11-13;17;779
25;2025-11-13;18;795
25;2025-11-13;19;518
25;2025-11-13;20;327
25;2025-11-13;21;218
25;2025-11-13;22;118
25;2025-11-13;23;12
25;2025-11-14;0;10
25;2025-11-14;1;0
25;2025-11-14;2;0
25;2025-11-14;3;0
25;2025-11-14;4;0
25;2025-11-14;5;6
25;2025-11-14;6;163
25;2025-11-14;7;534
25;2025-11-14;8;876
25;2025-11-14;9;464
25;2025-11-14;10;367
25;2025-11-14;11;405
25;2025-11-14;12;416
25;2025-11-14;13;517
25;2025-11-14;14;483
25;2025-11-14;15;580
25;2025-11-14;16;681
25;2025-11-14;17;730
25;2025-11-14;18;665
25;2025-11-14;19;480
25;2025-11-14;20;307
25;2025-11-14;21;205
25;2025-11-14;22;114
25;2025-11-14;23;12
25;2025-11-15;0;10
25;2025-11-15;1;0
25;2025-11-15;2;0
25;2025-11-15;3;0
25;2025-11-15;4;0
25;2025-11-15;5;5
25;2025-11-15;6;65
25;2025-11-15;7;146
25;2025-11-15;8;307
25;2025-11-15;9;287
25;2025-11-15;10;279
25;2025-11-15;11;362
25;2025-11-15;12;386
25;2025-11-15;13;516
25;2025-11-15;14;544
25;2025-11-15;15;629
25;2025-11-15;16;562
25;2025-11-15;17;495
25;2025-11-15;18;485
25;2025-11-15;19;404
25;2025-11-15;20;253
25;2025-11-15;21;210
25;2025-11-15;22;132
25;2025-11-15;23;48
25;2025-11-16;0;17
25;2025-11-16;1;0
25;2025-11-16;2;0
25;2025-11-16;3;0
25;2025-11-16;4;0
25;2025-11-16;5;4
25;2025-11-16;6;54
25;2025-11-16;7;116
25;2025-11-16;8;213
25;2025-11-16;9;225
25;2025-11-16;10;238
25;2025-11-16;11;310
25;2025-11-16;12;375
25;2025-11-16;13;472
25;2025-11-16;14;539
25;2025-11-16;15;631
25;2025-11-16;16;532
25;2025-11-16;17;506
25;2025-11-16;18;467
25;2025-11-16;19;361
25;2025-11-16;20;241
25;2025-11-16;21;201
25;2025-11-16;22;121
25;2025-11-16;23;40
25;2025-11-17;0;10
25;2025-11-17;1;0
25;2025-11-17;2;0
25;2025-11-17;3;0
25;2025-11-17;4;0
25;2025-11-17;5;6
25;2025-11-17;6;163
25;2025-11-17;7;537
25;2025-11-17;8;902
25;2025-11-17;9;466
25;2025-11-17;10;361
25;2025-11-17;11;394
25;2025-11-17;12;403
25;2025-11-17;13;505
25;2025-11-17;14;454
25;2025-11-17;15;540
25;2025-11-17;16;653
25;2025-11-17;17;723
25;2025-11-17;18;765
25;2025-11-17;19;494
25;2025-11-17;20;307
25;2025-11-17;21;204
25;2025-11-17;22;100
25;2025-11-17;23;12
25;2025-11-18;0;9
25;2025-11-18;1;0
25;2025-11-18;2;0
25;2025-11-18;3;0
25;2025-11-18;4;0
25;2025-11-18;5;6
25;2025-11-18;6;167
25;2025-11-18;7;530
25;2025-11-18;8;885
25;2025-11-18;9;466
25;2025-11-18;10;361
25;2025-11-18;11;395
25;2025-11-18;12;398
25;2025-11-18;13;487
25;2025-11-18;14;452
25;2025-11-18;15;535
25;2025-11-18;16;633
25;2025-11-18;17;702
25;2025-11-18;18;748
25;2025-11-18;19;485
25;2025-11-18;20;303
25;2025-11-18;21;201
25;2025-11-18;22;102
25;2025-11-18;23;11
25;2025-11-19;0;11
25;2025-11-19;1;0
25;2025-11-19;2;0
25;2025-11-19;3;0
25;2025-11-19;4;0
25;2025-11-19;5;7
25;2025-11-19;6;179
25;2025-11-19;7;572
25;2025-11-19;8;948
25;2025-11-19;9;495
25;2025-11-19;10;383
25;2025-11-19;11;426
25;2025-11-19;12;434
25;2025-11-19;13;539
25;2025-11-19;14;489
25;2025-11-19;15;588
25;2025-11-19;16;691
25;2025-11-19;17;767
25;2025-11-19;18;805
25;2025-11-19;19;521
25;2025-11-19;20;331
25;2025-11-19;21;218
25;2025-11-19;22;118
25;2025-11-19;23;12
25;2025-11-20;0;10
25;2025-11-20;1;0
25;2025-11-20;2;0
25;2025-11-20;3;0
25;2025-11-20;4;0
25;2025-11-20;5;7
25;2025-11-20;6;177
25;2025-11-20;7;563
25;2025-11-20;8;942
25;2025-11-20;9;489
25;2025-11-20;10;384
25;2025-11-20;11;422
25;2025-11-20;12;432
25;2025-11-20;13;531
25;2025-11-20;14;496
25;2025-11-20;15;585
25;2025-11-20;16;690
25;2025-11-20;17;787
25;2025-11-20;18;805
25;2025-11-20;19;524
25;2025-11-20;20;331
25;2025-11-20;21;220
25;2025-11-20;22;119
25;2025-11-20;23;12
25;2025-11-21;0;10
25;2025-11-21;1;0
25;2025-11-21;2;0
25;2025-11-21;3;0
25;2025-11-21;4;0
25;2025-11-21;5;6
25;2025-11-21;6;166
25;2025-11-21;7;546
25;2025-11-21;8;897
25;2025-11-21;9;474
25;2025-11-21;10;375
25;2025-11-21;11;414
25;2025-11-21;12;425
25;2025-11-21;13;528
25;2025-11-21;14;492
25;2025-11-21;15;593
25;2025-11-21;16;698
25;2025-11-21;17;749
25;2025-11-21;18;687
25;2025-11-21;19;492
25;2025-11-21;20;313
25;2025-11-21;21;210
25;2025-11-21;22;117
25;2025-11-21;23;12
25;2025-11-22;0;10
25;2025-11-22;1;0
25;2025-11-22;2;0
25;2025-11-22;3;0
25;2025-11-22;4;0
25;2025-11-22;5;5
25;2025-11-22;6;66
25;2025-11-22;7;148
25;2025-11-22;8;312
25;2025-11-22;9;293
25;2025-11-22;10;289
25;2025-11-22;11;378
25;2025-11-22;12;404
25;2025-11-22;13;540
25;2025-11-22;14;571
25;2025-11-22;15;660
25;2025-11-22;16;591
25;2025-11-22;17;513
25;2025-11-22;18;501
25;2025-11-22;19;419
25;2025-11-22;20;263
25;2025-11-22;21;219
25;2025-11-22;22;137
25;2025-11-22;23;50
25;2025-11-23;0;17
25;2025-11-23;1;0
25;2025-11-23;2;0
25;2025-11-23;3;0
25;2025-11-23;4;0
25;2025-11-23;5;4
25;2025-11-23;6;53
25;2025-11-23;7;115
25;2025-11-23;8;211
25;2025-11-23;9;223
25;2025-11-23;10;236
25;2025-11-23;11;307
25;2025-11-23;12;372
25;2025-11-23;13;468
25;2025-11-23;14;534
25;2025-11-23;15;626
25;2025-11-23;16;528
25;2025-11-23;17;502
25;2025-11-23;18;462
25;2025-11-23;19;357
25;2025-11-23;20;238
25;2025-11-23;21;199
25;2025-11-23;22;120
25;2025-11-23;23;39
25;2025-11-24;0;9
25;2025-11-24;1;0
25;2025-11-24;2;0
25;2025-11-24;3;0
25;2025-11-24;4;0
25;2025-11-24;5;6
25;2025-11-24;6;159
25;2025-11-24;7;524
25;2025-11-24;8;881
25;2025-11-24;9;454
25;2025-11-24;10;352
25;2025-11-24;11;383
25;2025-11-24;12;391
25;2025-11-24;13;490
25;2025-11-24;14;441
25;2025-11-24;15;523
25;2025-11-24;16;632
25;2025-11-24;17;700
25;2025-11-24;18;744
25;2025-11-24;19;478
25;2025-11-24;20;297
25;2025-11-24;21;197
25;2025-11-24;22;96
25;2025-11-24;23;11
25;2025-11-25;0;10
25;2025-11-25;1;0
25;2025-11-25;2;0
25;2025-11-25;3;0
25;2025-11-25;4;0
25;2025-11-25;5;7
25;2025-11-25;6;179
25;2025-11-25;7;570
25;2025-11-25;8;947
25;2025-11-25;9;492
25;2025-11-25;10;381
25;2025-11-25;11;420
25;2025-11-25;12;424
25;2025-11-25;13;522
25;2025-11-25;14;483
25;2025-11-25;15;575
25;2025-11-25;16;687
25;2025-11-25;17;761
25;2025-11-25;18;803
25;2025-11-25;19;518
25;2025-11-25;20;325
25;2025-11-25;21;216
25;2025-11-25;22;111
25;2025-11-25;23;12
25;2025-11-26;0;10
25;2025-11-26;1;0
25;2025-11-26;2;0
25;2025-11-26;3;0
25;2025-11-26;4;0
25;2025-11-26;5;6
25;2025-11-26;6;169
25;2025-11-26;7;543
25;2025-11-26;8;902
25;2025-11-26;9;472
25;2025-11-26;10;364
25;2025-11-26;11;402
25;2025-11-26;12;408
25;2025-11-26;13;507
25;2025-11-26;14;459
25;2025-11-26;15;553
25;2025-11-26;16;646
25;2025-11-26;17;717
25;2025-11-26;18;755
25;2025-11-26;19;487
25;2025-11-26;20;309
25;2025-11-26;21;203
25;2025-11-26;22;110
25;2025-11-26;23;11
25;2025-11-27;0;10
25;2025-11-27;1;0
25;2025-11-27;2;0
25;2025-11-27;3;0
25;2025-11-27;4;0
25;2025-11-27;5;6
25;2025-11-27;6;169
25;2025-11-27;7;539
25;2025-11-27;8;906
25;2025-11-27;9;470
25;2025-11-27;10;370
25;2025-11-27;11;403
25;2025-11-27;12;412
25;2025-11-27;13;506
25;2025-11-27;14;474
25;2025-11-27;15;557
25;2025-11-27;16;657
25;2025-11-27;17;753
25;2025-11-27;18;764
25;2025-11-27;19;497
25;2025-11-27;20;313
25;2025-11-27;21;208
25;2025-11-27;22;113
25;2025-11-27;23;12
25;2025-11-28;0;10
25;2025-11-28;1;0
25;2025-11-28;2;0
25;2025-11-28;3;0
25;2025-11-28;4;0
25;2025-11-28;5;6
25;2025-11-28;6;165
25;2025-11-28;7;540
25;2025-11-28;8;888
25;2025-11-28;9;469
25;2025-11-28;10;371
25;2025-11-28;11;408
25;2025-11-28;12;418
25;2025-11-28;13;520
25;2025-11-28;14;485
25;2025-11-28;15;584
25;2025-11-28;16;688
25;2025-11-28;17;739
25;2025-11-28;18;674
25;2025-11-28;19;484
25;2025-11-28;20;309
25;2025-11-28;21;207
25;2025-11-28;22;115
25;2025-11-28;23;12
25;2025-11-29;0;11
25;2025-11-29;1;0
25;2025-11-29;2;0
25;2025-11-29;3;0
25;2025-11-29;4;0
25;2025-11-29;5;5
25;2025-11-29;6;68
25;2025-11-29;7;153
25;2025-11-29;8;321
25;2025-11-29;9;303
25;2025-11-29;10;300
25;2025-11-29;11;395
25;2025-11-29;12;422
25;2025-11-29;13;565
25;2025-11-29;14;599
25;2025-11-29;15;693
25;2025-11-29;16;619
25;2025-11-29;17;537
25;2025-11-29;18;524
25;2025-11-29;19;438
25;2025-11-29;20;277
25;2025-11-29;21;231
25;2025-11-29;22;145
25;2025-11-29;23;53
25;2025-11-30;0;18
25;2025-11-30;1;0
25;2025-11-30;2;0
25;2025-11-30;3;0
25;2025-11-30;4;0
25;2025-11-30;5;4
25;2025-11-30;6;53
25;2025-11-30;7;116
25;2025-11-30;8;215
25;2025-11-30;9;224
25;2025-11-30;10;237
25;2025-11-30;11;308
25;2025-11-30;12;373
25;2025-11-30;13;472
25;2025-11-30;14;539
25;2025-11-30;15;634
25;2025-11-30;16;537
25;2025-11-30;17;509
25;2025-11-30;18;464
25;2025-11-30;19;358
25;2025-11-30;20;240
25;2025-11-30;21;200
25;2025-11-30;22;121
25;2025-11-30;23;40
25;2025-12-01;0;10
25;2025-12-01;1;0
25;2025-12-01;2;0
25;2025-12-01;3;0
25;2025-12-01;4;0
25;2025-12-01;5;7
25;2025-12-01;6;170
25;2025-12-01;7;561
25;2025-12-01;8;942
25;2025-12-01;9;480
25;2025-12-01;10;371
25;2025-12-01;11;406
25;2025-12-01;12;416
25;2025-12-01;13;519
25;2025-12-01;14;470
25;2025-12-01;15;565
25;2025-12-01;16;686
25;2025-12-01;17;758
25;2025-12-01;18;798
25;2025-12-01;19;513
25;2025-12-01;20;321
25;2025-12-01;21;213
25;2025-12-01;22;106
25;2025-12-01;23;12
25;2025-12-02;0;11
25;2025-12-02;1;0
25;2025-12-02;2;0
25;2025-12-02;3;0
25;2025-12-02;4;0
25;2025-12-02;5;7
25;2025-12-02;6;182
25;2025-12-02;7;582
25;2025-12-02;8;967
25;2025-12-02;9;497
25;2025-12-02;10;385
25;2025-12-02;11;423
25;2025-12-02;12;428
25;2025-12-02;13;527
25;2025-12-02;14;490
25;2025-12-02;15;587
25;2025-12-02;16;704
25;2025-12-02;17;779
25;2025-12-02;18;818
25;2025-12-02;19;526
25;2025-12-02;20;330
25;2025-12-02;21;219
25;2025-12-02;22;114
25;2025-12-02;23;12
25;2025-12-03;0;11
25;2025-12-03;1;0
25;2025-12-03;2;0
25;2025-12-03;3;0
25;2025-12-03;4;0
25;2025-12-03;5;7
25;2025-12-03;6;181
25;2025-12-03;7;580
25;2025-12-03;8;963
25;2025-12-03;9;494
25;2025-12-03;10;383
25;2025-12-03;11;425
25;2025-12-03;12;435
25;2025-12-03;13;539
25;2025-12-03;14;492
25;2025-12-03;15;595
25;2025-12-03;16;706
25;2025-12-03;17;781
25;2025-12-03;18;815
25;2025-12-03;19;524
25;2025-12-03;20;331
25;2025-12-03;21;219
25;2025-12-03;22;120
25;2025-12-03;23;12
25;2025-12-04;0;11
25;2025-12-04;1;0
25;2025-12-04;2;0
25;2025-12-04;3;0
25;2025-12-04;4;0
25;2025-12-04;5;7
25;2025-12-04;6;180
25;2025-12-04;7;573
25;2025-12-04;8;960
25;2025-12-04;9;492
25;2025-12-04;10;386
25;2025-12-04;11;423
25;2025-12-04;12;433
25;2025-12-04;13;533
25;2025-12-04;14;497
25;2025-12-04;15;594
25;2025-12-04;16;706
25;2025-12-04;17;802
25;2025-12-04;18;814
25;2025-12-04;19;527
25;2025-12-04;20;333
25;2025-12-04;21;221
25;2025-12-04;22;121
25;2025-12-04;23;12
25;2025-12-05;0;11
25;2025-12-05;1;0
25;2025-12-05;2;0
25;2025-12-05;3;0
25;2025-12-05;4;0
25;2025-12-05;5;7
25;2025-12-05;6;173
25;2025-12-05;7;566
25;2025-12-05;8;932
25;2025-12-05;9;485
25;2025-12-05;10;382
25;2025-12-05;11;421
25;2025-12-05;12;433
25;2025-12-05;13;536
25;2025-12-05;14;501
25;2025-12-05;15;609
25;2025-12-05;16;724
25;2025-12-05;17;778
25;2025-12-05;18;711
25;2025-12-05;19;509
25;2025-12-05;20;324
25;2025-12-05;21;216
25;2025-12-05;22;121
25;2025-12-05;23;13
25;2025-12-06;0;11
25;2025-12-06;1;0
25;2025-12-06;2;0
25;2025-12-06;3;0
25;2025-12-06;4;0
25;2025-12-06;5;5
25;2025-12-06;6;68
25;2025-12-06;7;154
25;2025-12-06;8;324
25;2025-12-06;9;304
25;2025-12-06;10;300
25;2025-12-06;11;395
25;2025-12-06;12;424
25;2025-12-06;13;569
25;2025-12-06;14;606
25;2025-12-06;15;708
25;2025-12-06;16;636
25;2025-12-06;17;549
25;2025-12-06;18;527
25;2025-12-06;19;440
25;2025-12-06;20;277
25;2025-12-06;21;232
25;2025-12-06;22;147
25;2025-12-06;23;54
25;2025-12-07;0;18
25;2025-12-07;1;0
25;2025-12-07;2;0
25;2025-12-07;3;0
25;2025-12-07;4;0
25;2025-12-07;5;4
25;2025-12-07;6;54
25;2025-12-07;7;116
25;2025-12-07;8;217
25;2025-12-07;9;225
25;2025-12-07;10;237
25;2025-12-07;11;309
25;2025-12-07;12;375
25;2025-12-07;13;475
25;2025-12-07;14;543
25;2025-12-07;15;643
25;2025-12-07;16;546
25;2025-12-07;17;516
25;2025-12-07;18;468
25;2025-12-07;19;361
25;2025-12-07;20;242
25;2025-12-07;21;202
25;2025-12-07;22;123
25;2025-12-07;23;41
25;2025-12-08;0;10
25;2025-12-08;1;0
25;2025-12-08;2;0
25;2025-12-08;3;0
25;2025-12-08;4;0
25;2025-12-08;5;7
25;2025-12-08;6;171
25;2025-12-08;7;563
25;2025-12-08;8;944
25;2025-12-08;9;480
25;2025-12-08;10;372
25;2025-12-08;11;408
25;2025-12-08;12;418
25;2025-12-08;13;521
25;2025-12-08;14;471
25;2025-12-08;15;568
25;2025-12-08;16;691
25;2025-12-08;17;763
25;2025-12-08;18;803
25;2025-12-08;19;516
25;2025-12-08;20;323
25;2025-12-08;21;214
25;2025-12-08;22;106
25;2025-12-08;23;12
25;2025-12-09;0;11
25;2025-12-09;1;0
25;2025-12-09;2;0
25;2025-12-09;3;0
25;2025-12-09;4;0
25;2025-12-09;5;7
25;2025-12-09;6;182
25;2025-12-09;7;580
25;2025-12-09;8;964
25;2025-12-09;9;495
25;2025-12-09;10;384
25;2025-12-09;11;422
25;2025-12-09;12;428
25;2025-12-09;13;527
25;2025-12-09;14;490
25;2025-12-09;15;587
25;2025-12-09;16;705
25;2025-12-09;17;779
25;2025-12-09;18;818
25;2025-12-09;19;525
25;2025-12-09;20;329
25;2025-12-09;21;219
25;2025-12-09;22;114
25;2025-12-09;23;12
25;2025-12-10;0;10
25;2025-12-10;1;0
25;2025-12-10;2;0
25;2025-12-10;3;0
25;2025-12-10;4;0
25;2025-12-10;5;7
25;2025-12-10;6;176
25;2025-12-10;7;567
25;2025-12-10;8;941
25;2025-12-10;9;483
25;2025-12-10;10;375
25;2025-12-10;11;416
25;2025-12-10;12;426
25;2025-12-10;13;528
25;2025-12-10;14;481
25;2025-12-10;15;582
25;2025-12-10;16;688
25;2025-12-10;17;762
25;2025-12-10;18;796
25;2025-12-10;19;512
25;2025-12-10;20;324
25;2025-12-10;21;213
25;2025-12-10;22;117
25;2025-12-10;23;12
25;2025-12-11;0;10
25;2025-12-11;1;0
25;2025-12-11;2;0
25;2025-12-11;3;0
25;2025-12-11;4;0
25;2025-12-11;5;7
25;2025-12-11;6;172
25;2025-12-11;7;548
25;2025-12-11;8;922
25;2025-12-11;9;474
25;2025-12-11;10;373
25;2025-12-11;11;406
25;2025-12-11;12;416
25;2025-12-11;13;511
25;2025-12-11;14;478
25;2025-12-11;15;569
25;2025-12-11;16;676
25;2025-12-11;17;772
25;2025-12-11;18;779
25;2025-12-11;19;504
25;2025-12-11;20;317
25;2025-12-11;21;211
25;2025-12-11;22;115
25;2025-12-11;23;12
25;2025-12-12;0;10
25;2025-12-12;1;0
25;2025-12-12;2;0
25;2025-12-12;3;0
25;2025-12-12;4;0
25;2025-12-12;5;6
25;2025-12-12;6;166
25;2025-12-12;7;542
25;2025-12-12;8;893
25;2025-12-12;9;467
25;2025-12-12;10;367
25;2025-12-12;11;403
25;2025-12-12;12;414
25;2025-12-12;13;514
25;2025-12-12;14;481
25;2025-12-12;15;585
25;2025-12-12;16;695
25;2025-12-12;17;747
25;2025-12-12;18;674
25;2025-12-12;19;487
25;2025-12-12;20;310
25;2025-12-12;21;207
25;2025-12-12;22;116
25;2025-12-12;23;12
25;2025-12-13;0;11
25;2025-12-13;1;0
25;2025-12-13;2;0
25;2025-12-13;3;0
25;2025-12-13;4;0
25;2025-12-13;5;5
25;2025-12-13;6;69
25;2025-12-13;7;154
25;2025-12-13;8;324
25;2025-12-13;9;304
25;2025-12-13;10;301
25;2025-12-13;11;396
25;2025-12-13;12;424
25;2025-12-13;13;570
25;2025-12-13;14;607
25;2025-12-13;15;709
25;2025-12-13;16;637
25;2025-12-13;17;550
25;2025-12-13;18;529
25;2025-12-13;19;442
25;2025-12-13;20;279
25;2025-12-13;21;233
25;2025-12-13;22;147
25;2025-12-13;23;55
25;2025-12-14;0;18
25;2025-12-14;1;0
25;2025-12-14;2;0
25;2025-12-14;3;0
25;2025-12-14;4;0
25;2025-12-14;5;4
25;2025-12-14;6;54
25;2025-12-14;7;117
25;2025-12-14;8;219
25;2025-12-14;9;226
25;2025-12-14;10;239
25;2025-12-14;11;311
25;2025-12-14;12;378
25;2025-12-14;13;478
25;2025-12-14;14;547
25;2025-12-14;15;647
25;2025-12-14;16;550
25;2025-12-14;17;521
25;2025-12-14;18;472
25;2025-12-14;19;365
25;2025-12-14;20;245
25;2025-12-14;21;205
25;2025-12-14;22;125
25;2025-12-14;23;41
25;2025-12-15;0;11
25;2025-12-15;1;0
25;2025-12-15;2;0
25;2025-12-15;3;0
25;2025-12-15;4;0
25;2025-12-15;5;7
25;2025-12-15;6;171
25;2025-12-15;7;564
25;2025-12-15;8;943
25;2025-12-15;9;479
25;2025-12-15;10;371
25;2025-12-15;11;407
25;2025-12-15;12;416
25;2025-12-15;13;520
25;2025-12-15;14;471
25;2025-12-15;15;567
25;2025-12-15;16;691
25;2025-12-15;17;764
25;2025-12-15;18;804
25;2025-12-15;19;516
25;2025-12-15;20;321
25;2025-12-15;21;214
25;2025-12-15;22;106
25;2025-12-15;23;12
25;2025-12-16;0;10
25;2025-12-16;1;0
25;2025-12-16;2;0
25;2025-12-16;3;0
25;2025-12-16;4;0
25;2025-12-16;5;7
25;2025-12-16;6;177
25;2025-12-16;7;565
25;2025-12-16;8;941
25;2025-12-16;9;485
25;2025-12-16;10;376
25;2025-12-16;11;413
25;2025-12-16;12;418
25;2025-12-16;13;514
25;2025-12-16;14;479
25;2025-12-16;15;574
25;2025-12-16;16;687
25;2025-12-16;17;758
25;2025-12-16;18;798
25;2025-12-16;19;513
25;2025-12-16;20;321
25;2025-12-16;21;213
25;2025-12-16;22;110
25;2025-12-16;23;12
25;2025-12-17;0;11
25;2025-12-17;1;0
25;2025-12-17;2;0
25;2025-12-17;3;0
25;2025-12-17;4;0
25;2025-12-17;5;7
25;2025-12-17;6;181
25;2025-12-17;7;581
25;2025-12-17;8;964
25;2025-12-17;9;495
25;2025-12-17;10;384
25;2025-12-17;11;426
25;2025-12-17;12;436
25;2025-12-17;13;541
25;2025-12-17;14;494
25;2025-12-17;15;597
25;2025-12-17;16;708
25;2025-12-17;17;783
25;2025-12-17;18;817
25;2025-12-17;19;526
25;2025-12-17;20;333
25;2025-12-17;21;220
25;2025-12-17;22;121
25;2025-12-17;23;12
25;2025-12-18;0;11
25;2025-12-18;1;0
25;2025-12-18;2;0
25;2025-12-18;3;0
25;2025-12-18;4;0
25;2025-12-18;5;7
25;2025-12-18;6;179
25;2025-12-18;7;572
25;2025-12-18;8;958
25;2025-12-18;9;491
25;2025-12-18;10;386
25;2025-12-18;11;423
25;2025-12-18;12;433
25;2025-12-18;13;533
25;2025-12-18;14;498
25;2025-12-18;15;595
25;2025-12-18;16;708
25;2025-12-18;17;802
25;2025-12-18;18;814
25;2025-12-18;19;527
25;2025-12-18;20;332
25;2025-12-18;21;221
25;2025-12-18;22;121
25;2025-12-18;23;12
25;2025-12-19;0;11
25;2025-12-19;1;0
25;2025-12-19;2;0
25;2025-12-19;3;0
25;2025-12-19;4;0
25;2025-12-19;5;7
25;2025-12-19;6;173
25;2025-12-19;7;567
25;2025-12-19;8;933
25;2025-12-19;9;486
25;2025-12-19;10;383
25;2025-12-19;11;422
25;2025-12-19;12;434
25;2025-12-19;13;538
25;2025-12-19;14;503
25;2025-12-19;15;612
25;2025-12-19;16;728
25;2025-12-19;17;781
25;2025-12-19;18;714
25;2025-12-19;19;511
25;2025-12-19;20;325
25;2025-12-19;21;217
25;2025-12-19;22;122
25;2025-12-19;23;13
25;2025-12-20;0;11
25;2025-12-20;1;0
25;2025-12-20;2;0
25;2025-12-20;3;0
25;2025-12-20;4;0
25;2025-12-20;5;5
25;2025-12-20;6;68
25;2025-12-20;7;153
25;2025-12-20;8;322
25;2025-12-20;9;302
25;2025-12-20;10;299
25;2025-12-20;11;394
25;2025-12-20;12;423
25;2025-12-20;13;569
25;2025-12-20;14;606
25;2025-12-20;15;708
25;2025-12-20;16;636
25;2025-12-20;17;548
25;2025-12-20;18;526
25;2025-12-20;19;438
25;2025-12-20;20;277
25;2025-12-20;21;231
25;2025-12-20;22;147
25;2025-12-20;23;54
25;2025-12-21;0;17
25;2025-12-21;1;0
25;2025-12-21;2;0
25;2025-12-21;3;0
25;2025-12-21;4;0
25;2025-12-21;5;4
25;2025-12-21;6;52
25;2025-12-21;7;114
25;2025-12-21;8;212
25;2025-12-21;9;221
25;2025-12-21;10;233
25;2025-12-21;11;303
25;2025-12-21;12;369
25;2025-12-21;13;467
25;2025-12-21;14;534
25;2025-12-21;15;632
25;2025-12-21;16;536
25;2025-12-21;17;507
25;2025-12-21;18;458
25;2025-12-21;19;353
25;2025-12-21;20;237
25;2025-12-21;21;198
25;2025-12-21;22;120
25;2025-12-21;23;40
25;2025-12-22;0;10
25;2025-12-22;1;0
25;2025-12-22;2;0
25;2025-12-22;3;0
25;2025-12-22;4;0
25;2025-12-22;5;6
25;2025-12-22;6;166
25;2025-12-22;7;548
25;2025-12-22;8;920
25;2025-12-22;9;467
25;2025-12-22;10;363
25;2025-12-22;11;396
25;2025-12-22;12;406
25;2025-12-22;13;507
25;2025-12-22;14;458
25;2025-12-22;15;553
25;2025-12-22;16;673
25;2025-12-22;17;742
25;2025-12-22;18;780
25;2025-12-22;19;501
25;2025-12-22;20;312
25;2025-12-22;21;207
25;2025-12-22;22;102
25;2025-12-22;23;12
25;2025-12-23;0;11
25;2025-12-23;1;0
25;2025-12-23;2;0
25;2025-12-23;3;0
25;2025-12-23;4;0
25;2025-12-23;5;7
25;2025-12-23;6;185
25;2025-12-23;7;588
25;2025-12-23;8;974
25;2025-12-23;9;500
25;2025-12-23;10;385
25;2025-12-23;11;423
25;2025-12-23;12;431
25;2025-12-23;13;532
25;2025-12-23;14;495
25;2025-12-23;15;595
25;2025-12-23;16;715
25;2025-12-23;17;791
25;2025-12-23;18;832
25;2025-12-23;19;535
25;2025-12-23;20;337
25;2025-12-23;21;224
25;2025-12-23;22;117
25;2025-12-23;23;13
25;2025-12-24;0;11
25;2025-12-24;1;0
25;2025-12-24;2;0
25;2025-12-24;3;0
25;2025-12-24;4;0
25;2025-12-24;5;7
25;2025-12-24;6;183
25;2025-12-24;7;586
25;2025-12-24;8;969
25;2025-12-24;9;496
25;2025-12-24;10;384
25;2025-12-24;11;427
25;2025-12-24;12;437
25;2025-12-24;13;543
25;2025-12-24;14;495
25;2025-12-24;15;599
25;2025-12-24;16;711
25;2025-12-24;17;788
25;2025-12-24;18;824
25;2025-12-24;19;529
25;2025-12-24;20;335
25;2025-12-24;21;221
25;2025-12-24;22;122
25;2025-12-24;23;12
25;2025-12-25;0;10
25;2025-12-25;1;0
25;2025-12-25;2;0
25;2025-12-25;3;0
25;2025-12-25;4;0
25;2025-12-25;5;7
25;2025-12-25;6;174
25;2025-12-25;7;553
25;2025-12-25;8;929
25;2025-12-25;9;478
25;2025-12-25;10;376
25;2025-12-25;11;409
25;2025-12-25;12;419
25;2025-12-25;13;515
25;2025-12-25;14;482
25;2025-12-25;15;575
25;2025-12-25;16;684
25;2025-12-25;17;780
25;2025-12-25;18;788
25;2025-12-25;19;510
25;2025-12-25;20;322
25;2025-12-25;21;214
25;2025-12-25;22;117
25;2025-12-25;23;12
25;2025-12-26;0;10
25;2025-12-26;1;0
25;2025-12-26;2;0
25;2025-12-26;3;0
25;2025-12-26;4;0
25;2025-12-26;5;6
25;2025-12-26;6;166
25;2025-12-26;7;543
25;2025-12-26;8;894
25;2025-12-26;9;467
25;2025-12-26;10;368
25;2025-12-26;11;403
25;2025-12-26;12;414
25;2025-12-26;13;514
25;2025-12-26;14;481
25;2025-12-26;15;586
25;2025-12-26;16;696
25;2025-12-26;17;748
25;2025-12-26;18;676
25;2025-12-26;19;488
25;2025-12-26;20;310
25;2025-12-26;21;207
25;2025-12-26;22;117
25;2025-12-26;23;12
25;2025-12-27;0;11
25;2025-12-27;1;0
25;2025-12-27;2;0
25;2025-12-27;3;0
25;2025-12-27;4;0
25;2025-12-27;5;5
25;2025-12-27;6;68
25;2025-12-27;7;153
25;2025-12-27;8;323
25;2025-12-27;9;303
25;2025-12-27;10;300
25;2025-12-27;11;395
25;2025-12-27;12;423
25;2025-12-27;13;569
25;2025-12-27;14;607
25;2025-12-27;15;709
25;2025-12-27;16;636
25;2025-12-27;17;549
25;2025-12-27;18;527
25;2025-12-27;19;440
25;2025-12-27;20;278
25;2025-12-27;21;232
25;2025-12-27;22;147
25;2025-12-27;23;55
25;2025-12-28;0;17
25;2025-12-28;1;0
25;2025-12-28;2;0
25;2025-12-28;3;0
25;2025-12-28;4;0
25;2025-12-28;5;4
25;2025-12-28;6;53
25;2025-12-28;7;114
25;2025-12-28;8;213
25;2025-12-28;9;221
25;2025-12-28;10;233
25;2025-12-28;11;303
25;2025-12-28;12;368
25;2025-12-28;13;465
25;2025-12-28;14;531
25;2025-12-28;15;629
25;2025-12-28;16;534
25;2025-12-28;17;505
25;2025-12-28;18;458
25;2025-12-28;19;353
25;2025-12-28;20;237
25;2025-12-28;21;197
25;2025-12-28;22;120
25;2025-12-28;23;40
25;2025-12-29;0;10
25;2025-12-29;1;0
25;2025-12-29;2;0
25;2025-12-29;3;0
25;2025-12-29;4;0
25;2025-12-29;5;7
25;2025-12-29;6;167
25;2025-12-29;7;549
25;2025-12-29;8;921
25;2025-12-29;9;469
25;2025-12-29;10;364
25;2025-12-29;11;397
25;2025-12-29;12;407
25;2025-12-29;13;510
25;2025-12-29;14;459
25;2025-12-29;15;554
25;2025-12-29;16;674
25;2025-12-29;17;745
25;2025-12-29;18;784
25;2025-12-29;19;504
25;2025-12-29;20;316
25;2025-12-29;21;210
25;2025-12-29;22;104
25;2025-12-29;23;12
25;2025-12-30;0;10
25;2025-12-30;1;0
25;2025-12-30;2;0
25;2025-12-30;3;0
25;2025-12-30;4;0
25;2025-12-30;5;7
25;2025-12-30;6;176
25;2025-12-30;7;559
25;2025-12-30;8;931
25;2025-12-30;9;481
25;2025-12-30;10;373
25;2025-12-30;11;407
25;2025-12-30;12;414
25;2025-12-30;13;509
25;2025-12-30;14;473
25;2025-12-30;15;566
25;2025-12-30;16;679
25;2025-12-30;17;751
25;2025-12-30;18;792
25;2025-12-30;19;507
25;2025-12-30;20;319
25;2025-12-30;21;213
25;2025-12-30;22;110
25;2025-12-30;23;12
25;2025-12-31;0;17
25;2025-12-31;1;0
25;2025-12-31;2;0
25;2025-12-31;3;0
25;2025-12-31;4;0
25;2025-12-31;5;4
25;2025-12-31;6;53
25;2025-12-31;7;112
25;2025-12-31;8;209
25;2025-12-31;9;213
25;2025-12-31;10;223
25;2025-12-31;11;291
25;2025-12-31;12;354
25;2025-12-31;13;449
25;2025-12-31;14;505
25;2025-12-31;15;599
25;2025-12-31;16;505
25;2025-12-31;17;475
25;2025-12-31;18;455
25;2025-12-31;19;353
25;2025-12-31;20;237
25;2025-12-31;21;197
25;2025-12-31;22;120
25;2025-12-31;23;41
26;2025-11-01;0;23
26;2025-11-01;1;0
26;2025-11-01;2;0
26;2025-11-01;3;0
26;2025-11-01;4;0
26;2025-11-01;5;44
26;2025-11-01;6;384
26;2025-11-01;7;797
26;2025-11-01;8;1495
26;2025-11-01;9;1054
26;2025-11-01;10;881
26;2025-11-01;11;806
26;2025-11-01;12;850
26;2025-11-01;13;887
26;2025-11-01;14;918
26;2025-11-01;15;990
26;2025-11-01;16;1110
26;2025-11-01;17;1227
26;2025-11-01;18;1227
26;2025-11-01;19;874
26;2025-11-01;20;515
26;2025-11-01;21;315
26;2025-11-01;22;157
26;2025-11-01;23;84
26;2025-11-02;0;54
26;2025-11-02;1;0
26;2025-11-02;2;0
26;2025-11-02;3;0
26;2025-11-02;4;0
26;2025-11-02;5;27
26;2025-11-02;6;191
26;2025-11-02;7;307
26;2025-11-02;8;443
26;2025-11-02;9;573
26;2025-11-02;10;641
26;2025-11-02;11;844
26;2025-11-02;12;898
26;2025-11-02;13;950
26;2025-11-02;14;931
26;2025-11-02;15;893
26;2025-11-02;16;876
26;2025-11-02;17;883
26;2025-11-02;18;808
26;2025-11-02;19;663
26;2025-11-02;20;456
26;2025-11-02;21;324
26;2025-11-02;22;212
26;2025-11-02;23;116
26;2025-11-03;0;52
26;2025-11-03;1;0
26;2025-11-03;2;0
26;2025-11-03;3;0
26;2025-11-03;4;0
26;2025-11-03;5;27
26;2025-11-03;6;187
26;2025-11-03;7;296
26;2025-11-03;8;447
26;2025-11-03;9;540
26;2025-11-03;10;597
26;2025-11-03;11;767
26;2025-11-03;12;816
26;2025-11-03;13;865
26;2025-11-03;14;856
26;2025-11-03;15;817
26;2025-11-03;16;804
26;2025-11-03;17;825
26;2025-11-03;18;788
26;2025-11-03;19;647
26;2025-11-03;20;440
26;2025-11-03;21;307
26;2025-11-03;22;200
26;2025-11-03;23;105
26;2025-11-04;0;50
26;2025-11-04;1;0
26;2025-11-04;2;0
26;2025-11-04;3;0
26;2025-11-04;4;0
26;2025-11-04;5;27
26;2025-11-04;6;190
26;2025-11-04;7;304
26;2025-11-04;8;451
26;2025-11-04;9;554
26;2025-11-04;10;609
26;2025-11-04;11;785
26;2025-11-04;12;828
26;2025-11-04;13;861
26;2025-11-04;14;869
26;2025-11-04;15;814
26;2025-11-04;16;802
26;2025-11-04;17;831
26;2025-11-04;18;784
26;2025-11-04;19;642
26;2025-11-04;20;434
26;2025-11-04;21;305
26;2025-11-04;22;199
26;2025-11-04;23;105
26;2025-11-05;0;35
26;2025-11-05;1;0
26;2025-11-05;2;0
26;2025-11-05;3;0
26;2025-11-05;4;0
26;2025-11-05;5;66
26;2025-11-05;6;572
26;2025-11-05;7;1181
26;2025-11-05;8;2323
26;2025-11-05;9;1587
26;2025-11-05;10;1300
26;2025-11-05;11;1178
26;2025-11-05;12;1236
26;2025-11-05;13;1288
26;2025-11-05;14;1336
26;2025-11-05;15;1429
26;2025-11-05;16;1602
26;2025-11-05;17;1854
26;2025-11-05;18;1976
26;2025-11-05;19;1343
26;2025-11-05;20;793
26;2025-11-05;21;486
26;2025-11-05;22;246
26;2025-11-05;23;131
26;2025-11-06;0;34
26;2025-11-06;1;0
26;2025-11-06;2;0
26;2025-11-06;3;0
26;2025-11-06;4;0
26;2025-11-06;5;64
26;2025-11-06;6;558
26;2025-11-06;7;1153
26;2025-11-06;8;2257
26;2025-11-06;9;1539
26;2025-11-06;10;1249
26;2025-11-06;11;1147
26;2025-11-06;12;1197
26;2025-11-06;13;1241
26;2025-11-06;14;1294
26;2025-11-06;15;1398
26;2025-11-06;16;1587
26;2025-11-06;17;1816
26;2025-11-06;18;1940
26;2025-11-06;19;1309
26;2025-11-06;20;769
26;2025-11-06;21;471
26;2025-11-06;22;240
26;2025-11-06;23;130
26;2025-11-07;0;35
26;2025-11-07;1;0
26;2025-11-07;2;0
26;2025-11-07;3;0
26;2025-11-07;4;0
26;2025-11-07;5;62
26;2025-11-07;6;528
26;2025-11-07;7;1139
26;2025-11-07;8;2205
26;2025-11-07;9;1476
26;2025-11-07;10;1239
26;2025-11-07;11;1123
26;2025-11-07;12;1193
26;2025-11-07;13;1251
26;2025-11-07;14;1302
26;2025-11-07;15;1408
26;2025-11-07;16;1677
26;2025-11-07;17;1777
26;2025-11-07;18;1542
26;2025-11-07;19;1147
26;2025-11-07;20;710
26;2025-11-07;21;457
26;2025-11-07;22;238
26;2025-11-07;23;135
26;2025-11-08;0;47
26;2025-11-08;1;0
26;2025-11-08;2;0
26;2025-11-08;3;0
26;2025-11-08;4;0
26;2025-11-08;5;38
26;2025-11-08;6;292
26;2025-11-08;7;405
26;2025-11-08;8;620
26;2025-11-08;9;714
26;2025-11-08;10;834
26;2025-11-08;11;1003
26;2025-11-08;12;1043
26;2025-11-08;13;1069
26;2025-11-08;14;1076
26;2025-11-08;15;1011
26;2025-11-08;16;999
26;2025-11-08;17;967
26;2025-11-08;18;905
26;2025-11-08;19;841
26;2025-11-08;20;549
26;2025-11-08;21;371
26;2025-11-08;22;227
26;2025-11-08;23;142
26;2025-11-09;0;53
26;2025-11-09;1;0
26;2025-11-09;2;0
26;2025-11-09;3;0
26;2025-11-09;4;0
26;2025-11-09;5;27
26;2025-11-09;6;189
26;2025-11-09;7;304
26;2025-11-09;8;439
26;2025-11-09;9;569
26;2025-11-09;10;636
26;2025-11-09;11;836
26;2025-11-09;12;890
26;2025-11-09;13;940
26;2025-11-09;14;922
26;2025-11-09;15;886
26;2025-11-09;16;868
26;2025-11-09;17;874
26;2025-11-09;18;799
26;2025-11-09;19;655
26;2025-11-09;20;447
26;2025-11-09;21;317
26;2025-11-09;22;208
26;2025-11-09;23;114
26;2025-11-10;0;34
26;2025-11-10;1;0
26;2025-11-10;2;0
26;2025-11-10;3;0
26;2025-11-10;4;0
26;2025-11-10;5;64
26;2025-11-10;6;576
26;2025-11-10;7;1182
26;2025-11-10;8;2319
26;2025-11-10;9;1556
26;2025-11-10;10;1280
26;2025-11-10;11;1150
26;2025-11-10;12;1201
26;2025-11-10;13;1263
26;2025-11-10;14;1300
26;2025-11-10;15;1406
26;2025-11-10;16;1597
26;2025-11-10;17;1848
26;2025-11-10;18;1997
26;2025-11-10;19;1345
26;2025-11-10;20;791
26;2025-11-10;21;475
26;2025-11-10;22;240
26;2025-11-10;23;121
26;2025-11-11;0;34
26;2025-11-11;1;0
26;2025-11-11;2;0
26;2025-11-11;3;0
26;2025-11-11;4;0
26;2025-11-11;5;67
26;2025-11-11;6;595
26;2025-11-11;7;1231
26;2025-11-11;8;2398
26;2025-11-11;9;1624
26;2025-11-11;10;1329
26;2025-11-11;11;1202
26;2025-11-11;12;1253
26;2025-11-11;13;1294
26;2025-11-11;14;1351
26;2025-11-11;15;1447
26;2025-11-11;16;1641
26;2025-11-11;17;1926
26;2025-11-11;18;2063
26;2025-11-11;19;1384
26;2025-11-11;20;812
26;2025-11-11;21;491
26;2025-11-11;22;248
26;2025-11-11;23;127
26;2025-11-12;0;34
26;2025-11-12;1;0
26;2025-11-12;2;0
26;2025-11-12;3;0
26;2025-11-12;4;0
26;2025-11-12;5;65
26;2025-11-12;6;571
26;2025-11-12;7;1181
26;2025-11-12;8;2318
26;2025-11-12;9;1580
26;2025-11-12;10;1291
26;2025-11-12;11;1169
26;2025-11-12;12;1227
26;2025-11-12;13;1281
26;2025-11-12;14;1330
26;2025-11-12;15;1427
26;2025-11-12;16;1598
26;2025-11-12;17;1855
26;2025-11-12;18;1976
26;2025-11-12;19;1337
26;2025-11-12;20;784
26;2025-11-12;21;480
26;2025-11-12;22;242
26;2025-11-12;23;129
26;2025-11-13;0;36
26;2025-11-13;1;0
26;2025-11-13;2;0
26;2025-11-13;3;0
26;2025-11-13;4;0
26;2025-11-13;5;66
26;2025-11-13;6;581
26;2025-11-13;7;1200
26;2025-11-13;8;2344
26;2025-11-13;9;1596
26;2025-11-13;10;1292
26;2025-11-13;11;1185
26;2025-11-13;12;1239
26;2025-11-13;13;1287
26;2025-11-13;14;1343
26;2025-11-13;15;1457
26;2025-11-13;16;1653
26;2025-11-13;17;1896
26;2025-11-13;18;2026
26;2025-11-13;19;1368
26;2025-11-13;20;804
26;2025-11-13;21;491
26;2025-11-13;22;250
26;2025-11-13;23;136
26;2025-11-14;0;35
26;2025-11-14;1;0
26;2025-11-14;2;0
26;2025-11-14;3;0
26;2025-11-14;4;0
26;2025-11-14;5;62
26;2025-11-14;6;533
26;2025-11-14;7;1151
26;2025-11-14;8;2230
26;2025-11-14;9;1486
26;2025-11-14;10;1244
26;2025-11-14;11;1129
26;2025-11-14;12;1200
26;2025-11-14;13;1261
26;2025-11-14;14;1313
26;2025-11-14;15;1427
26;2025-11-14;16;1696
26;2025-11-14;17;1800
26;2025-11-14;18;1560
26;2025-11-14;19;1160
26;2025-11-14;20;716
26;2025-11-14;21;459
26;2025-11-14;22;239
26;2025-11-14;23;134
26;2025-11-15;0;47
26;2025-11-15;1;0
26;2025-11-15;2;0
26;2025-11-15;3;0
26;2025-11-15;4;0
26;2025-11-15;5;38
26;2025-11-15;6;295
26;2025-11-15;7;411
26;2025-11-15;8;629
26;2025-11-15;9;715
26;2025-11-15;10;816
26;2025-11-15;11;963
26;2025-11-15;12;1000
26;2025-11-15;13;1023
26;2025-11-15;14;1033
26;2025-11-15;15;975
26;2025-11-15;16;965
26;2025-11-15;17;948
26;2025-11-15;18;889
26;2025-11-15;19;822
26;2025-11-15;20;533
26;2025-11-15;21;358
26;2025-11-15;22;219
26;2025-11-15;23;137
26;2025-11-16;0;56
26;2025-11-16;1;0
26;2025-11-16;2;0
26;2025-11-16;3;0
26;2025-11-16;4;0
26;2025-11-16;5;28
26;2025-11-16;6;197
26;2025-11-16;7;317
26;2025-11-16;8;457
26;2025-11-16;9;594
26;2025-11-16;10;664
26;2025-11-16;11;871
26;2025-11-16;12;928
26;2025-11-16;13;977
26;2025-11-16;14;963
26;2025-11-16;15;922
26;2025-11-16;16;903
26;2025-11-16;17;911
26;2025-11-16;18;836
26;2025-11-16;19;687
26;2025-11-16;20;469
26;2025-11-16;21;332
26;2025-11-16;22;218
26;2025-11-16;23;120
26;2025-11-17;0;33
26;2025-11-17;1;0
26;2025-11-17;2;0
26;2025-11-17;3;0
26;2025-11-17;4;0
26;2025-11-17;5;62
26;2025-11-17;6;563
26;2025-11-17;7;1152
26;2025-11-17;8;2266
26;2025-11-17;9;1518
26;2025-11-17;10;1251
26;2025-11-17;11;1119
26;2025-11-17;12;1168
26;2025-11-17;13;1227
26;2025-11-17;14;1266
26;2025-11-17;15;1369
26;2025-11-17;16;1553
26;2025-11-17;17;1797
26;2025-11-17;18;1943
26;2025-11-17;19;1306
26;2025-11-17;20;764
26;2025-11-17;21;458
26;2025-11-17;22;233
26;2025-11-17;23;116
26;2025-11-18;0;31
26;2025-11-18;1;0
26;2025-11-18;2;0
26;2025-11-18;3;0
26;2025-11-18;4;0
26;2025-11-18;5;63
26;2025-11-18;6;554
26;2025-11-18;7;1150
26;2025-11-18;8;2253
26;2025-11-18;9;1520
26;2025-11-18;10;1245
26;2025-11-18;11;1119
26;2025-11-18;12;1159
26;2025-11-18;13;1187
26;2025-11-18;14;1255
26;2025-11-18;15;1329
26;2025-11-18;16;1507
26;2025-11-18;17;1786
26;2025-11-18;18;1913
26;2025-11-18;19;1281
26;2025-11-18;20;750
26;2025-11-18;21;454
26;2025-11-18;22;229
26;2025-11-18;23;115
26;2025-11-19;0;36
26;2025-11-19;1;0
26;2025-11-19;2;0
26;2025-11-19;3;0
26;2025-11-19;4;0
26;2025-11-19;5;67
26;2025-11-19;6;589
26;2025-11-19;7;1216
26;2025-11-19;8;2385
26;2025-11-19;9;1629
26;2025-11-19;10;1332
26;2025-11-19;11;1207
26;2025-11-19;12;1267
26;2025-11-19;13;1323
26;2025-11-19;14;1373
26;2025-11-19;15;1473
26;2025-11-19;16;1653
26;2025-11-19;17;1912
26;2025-11-19;18;2040
26;2025-11-19;19;1384
26;2025-11-19;20;814
26;2025-11-19;21;497
26;2025-11-19;22;252
26;2025-11-19;23;135
26;2025-11-20;0;36
26;2025-11-20;1;0
26;2025-11-20;2;0
26;2025-11-20;3;0
26;2025-11-20;4;0
26;2025-11-20;5;67
26;2025-11-20;6;589
26;2025-11-20;7;1218
26;2025-11-20;8;2370
26;2025-11-20;9;1621
26;2025-11-20;10;1314
26;2025-11-20;11;1206
26;2025-11-20;12;1261
26;2025-11-20;13;1305
26;2025-11-20;14;1366
26;2025-11-20;15;1478
26;2025-11-20;16;1676
26;2025-11-20;17;1921
26;2025-11-20;18;2058
26;2025-11-20;19;1388
26;2025-11-20;20;818
26;2025-11-20;21;499
26;2025-11-20;22;255
26;2025-11-20;23;138
26;2025-11-21;0;36
26;2025-11-21;1;0
26;2025-11-21;2;0
26;2025-11-21;3;0
26;2025-11-21;4;0
26;2025-11-21;5;64
26;2025-11-21;6;549
26;2025-11-21;7;1184
26;2025-11-21;8;2282
26;2025-11-21;9;1532
26;2025-11-21;10;1283
26;2025-11-21;11;1164
26;2025-11-21;12;1237
26;2025-11-21;13;1299
26;2025-11-21;14;1350
26;2025-11-21;15;1468
26;2025-11-21;16;1741
26;2025-11-21;17;1852
26;2025-11-21;18;1631
26;2025-11-21;19;1205
26;2025-11-21;20;743
26;2025-11-21;21;472
26;2025-11-21;22;246
26;2025-11-21;23;138
26;2025-11-22;0;48
26;2025-11-22;1;0
26;2025-11-22;2;0
26;2025-11-22;3;0
26;2025-11-22;4;0
26;2025-11-22;5;39
26;2025-11-22;6;300
26;2025-11-22;7;418
26;2025-11-22;8;640
26;2025-11-22;9;731
26;2025-11-22;10;846
26;2025-11-22;11;1010
26;2025-11-22;12;1050
26;2025-11-22;13;1078
26;2025-11-22;14;1086
26;2025-11-22;15;1027
26;2025-11-22;16;1016
26;2025-11-22;17;985
26;2025-11-22;18;921
26;2025-11-22;19;852
26;2025-11-22;20;554
26;2025-11-22;21;373
26;2025-11-22;22;229
26;2025-11-22;23;143
26;2025-11-23;0;55
26;2025-11-23;1;0
26;2025-11-23;2;0
26;2025-11-23;3;0
26;2025-11-23;4;0
26;2025-11-23;5;28
26;2025-11-23;6;195
26;2025-11-23;7;314
26;2025-11-23;8;453
26;2025-11-23;9;589
26;2025-11-23;10;659
26;2025-11-23;11;865
26;2025-11-23;12;920
26;2025-11-23;13;970
26;2025-11-23;14;954
26;2025-11-23;15;915
26;2025-11-23;16;896
26;2025-11-23;17;903
26;2025-11-23;18;827
26;2025-11-23;19;678
26;2025-11-23;20;462
26;2025-11-23;21;327
26;2025-11-23;22;215
26;2025-11-23;23;118
26;2025-11-24;0;32
26;2025-11-24;1;0
26;2025-11-24;2;0
26;2025-11-24;3;0
26;2025-11-24;4;0
26;2025-11-24;5;61
26;2025-11-24;6;546
26;2025-11-24;7;1123
26;2025-11-24;8;2217
26;2025-11-24;9;1480
26;2025-11-24;10;1218
26;2025-11-24;11;1085
26;2025-11-24;12;1132
26;2025-11-24;13;1185
26;2025-11-24;14;1227
26;2025-11-24;15;1322
26;2025-11-24;16;1504
26;2025-11-24;17;1742
26;2025-11-24;18;1892
26;2025-11-24;19;1264
26;2025-11-24;20;738
26;2025-11-24;21;443
26;2025-11-24;22;224
26;2025-11-24;23;112
26;2025-11-25;0;34
26;2025-11-25;1;0
26;2025-11-25;2;0
26;2025-11-25;3;0
26;2025-11-25;4;0
26;2025-11-25;5;67
26;2025-11-25;6;594
26;2025-11-25;7;1230
26;2025-11-25;8;2398
26;2025-11-25;9;1624
26;2025-11-25;10;1329
26;2025-11-25;11;1202
26;2025-11-25;12;1254
26;2025-11-25;13;1297
26;2025-11-25;14;1354
26;2025-11-25;15;1449
26;2025-11-25;16;1643
26;2025-11-25;17;1926
26;2025-11-25;18;2062
26;2025-11-25;19;1383
26;2025-11-25;20;812
26;2025-11-25;21;490
26;2025-11-25;22;248
26;2025-11-25;23;127
26;2025-11-26;0;34
26;2025-11-26;1;0
26;2025-11-26;2;0
26;2025-11-26;3;0
26;2025-11-26;4;0
26;2025-11-26;5;64
26;2025-11-26;6;556
26;2025-11-26;7;1156
26;2025-11-26;8;2273
26;2025-11-26;9;1550
26;2025-11-26;10;1262
26;2025-11-26;11;1135
26;2025-11-26;12;1191
26;2025-11-26;13;1242
26;2025-11-26;14;1292
26;2025-11-26;15;1383
26;2025-11-26;16;1548
26;2025-11-26;17;1799
26;2025-11-26;18;1922
26;2025-11-26;19;1297
26;2025-11-26;20;760
26;2025-11-26;21;464
26;2025-11-26;22;235
26;2025-11-26;23;125
26;2025-11-27;0;35
26;2025-11-27;1;0
26;2025-11-27;2;0
26;2025-11-27;3;0
26;2025-11-27;4;0
26;2025-11-27;5;64
26;2025-11-27;6;561
26;2025-11-27;7;1165
26;2025-11-27;8;2280
26;2025-11-27;9;1556
26;2025-11-27;10;1257
26;2025-11-27;11;1149
26;2025-11-27;12;1199
26;2025-11-27;13;1245
26;2025-11-27;14;1299
26;2025-11-27;15;1412
26;2025-11-27;16;1601
26;2025-11-27;17;1836
26;2025-11-27;18;1962
26;2025-11-27;19;1317
26;2025-11-27;20;772
26;2025-11-27;21;472
26;2025-11-27;22;241
26;2025-11-27;23;131
26;2025-11-28;0;36
26;2025-11-28;1;0
26;2025-11-28;2;0
26;2025-11-28;3;0
26;2025-11-28;4;0
26;2025-11-28;5;64
26;2025-11-28;6;542
26;2025-11-28;7;1168
26;2025-11-28;8;2259
26;2025-11-28;9;1510
26;2025-11-28;10;1264
26;2025-11-28;11;1145
26;2025-11-28;12;1215
26;2025-11-28;13;1279
26;2025-11-28;14;1329
26;2025-11-28;15;1449
26;2025-11-28;16;1720
26;2025-11-28;17;1830
26;2025-11-28;18;1600
26;2025-11-28;19;1184
26;2025-11-28;20;730
26;2025-11-28;21;465
26;2025-11-28;22;242
26;2025-11-28;23;137
26;2025-11-29;0;50
26;2025-11-29;1;0
26;2025-11-29;2;0
26;2025-11-29;3;0
26;2025-11-29;4;0
26;2025-11-29;5;40
26;2025-11-29;6;310
26;2025-11-29;7;431
26;2025-11-29;8;659
26;2025-11-29;9;759
26;2025-11-29;10;885
26;2025-11-29;11;1070
26;2025-11-29;12;1115
26;2025-11-29;13;1145
26;2025-11-29;14;1154
26;2025-11-29;15;1087
26;2025-11-29;16;1077
26;2025-11-29;17;1040
26;2025-11-29;18;977
26;2025-11-29;19;904
26;2025-11-29;20;589
26;2025-11-29;21;395
26;2025-11-29;22;243
26;2025-11-29;23;151
26;2025-11-30;0;55
26;2025-11-30;1;0
26;2025-11-30;2;0
26;2025-11-30;3;0
26;2025-11-30;4;0
26;2025-11-30;5;28
26;2025-11-30;6;197
26;2025-11-30;7;316
26;2025-11-30;8;455
26;2025-11-30;9;596
26;2025-11-30;10;667
26;2025-11-30;11;875
26;2025-11-30;12;932
26;2025-11-30;13;989
26;2025-11-30;14;970
26;2025-11-30;15;935
26;2025-11-30;16;914
26;2025-11-30;17;919
26;2025-11-30;18;838
26;2025-11-30;19;687
26;2025-11-30;20;467
26;2025-11-30;21;331
26;2025-11-30;22;217
26;2025-11-30;23;119
26;2025-12-01;0;35
26;2025-12-01;1;0
26;2025-12-01;2;0
26;2025-12-01;3;0
26;2025-12-01;4;0
26;2025-12-01;5;65
26;2025-12-01;6;587
26;2025-12-01;7;1208
26;2025-12-01;8;2357
26;2025-12-01;9;1588
26;2025-12-01;10;1308
26;2025-12-01;11;1174
26;2025-12-01;12;1227
26;2025-12-01;13;1301
26;2025-12-01;14;1335
26;2025-12-01;15;1452
26;2025-12-01;16;1644
26;2025-12-01;17;1899
26;2025-12-01;18;2045
26;2025-12-01;19;1382
26;2025-12-01;20;807
26;2025-12-01;21;483
26;2025-12-01;22;245
26;2025-12-01;23;122
26;2025-12-02;0;35
26;2025-12-02;1;0
26;2025-12-02;2;0
26;2025-12-02;3;0
26;2025-12-02;4;0
26;2025-12-02;5;68
26;2025-12-02;6;609
26;2025-12-02;7;1263
26;2025-12-02;8;2440
26;2025-12-02;9;1662
26;2025-12-02;10;1359
26;2025-12-02;11;1229
26;2025-12-02;12;1285
26;2025-12-02;13;1339
26;2025-12-02;14;1391
26;2025-12-02;15;1496
26;2025-12-02;16;1695
26;2025-12-02;17;1980
26;2025-12-02;18;2116
26;2025-12-02;19;1424
26;2025-12-02;20;830
26;2025-12-02;21;501
26;2025-12-02;22;253
26;2025-12-02;23;129
26;2025-12-03;0;36
26;2025-12-03;1;0
26;2025-12-03;2;0
26;2025-12-03;3;0
26;2025-12-03;4;0
26;2025-12-03;5;68
26;2025-12-03;6;600
26;2025-12-03;7;1244
26;2025-12-03;8;2418
26;2025-12-03;9;1655
26;2025-12-03;10;1353
26;2025-12-03;11;1226
26;2025-12-03;12;1291
26;2025-12-03;13;1359
26;2025-12-03;14;1402
26;2025-12-03;15;1515
26;2025-12-03;16;1700
26;2025-12-03;17;1960
26;2025-12-03;18;2084
26;2025-12-03;19;1416
26;2025-12-03;20;827
26;2025-12-03;21;502
26;2025-12-03;22;255
26;2025-12-03;23;136
26;2025-12-04;0;36
26;2025-12-04;1;0
26;2025-12-04;2;0
26;2025-12-04;3;0
26;2025-12-04;4;0
26;2025-12-04;5;68
26;2025-12-04;6;600
26;2025-12-04;7;1243
26;2025-12-04;8;2401
26;2025-12-04;9;1648
26;2025-12-04;10;1337
26;2025-12-04;11;1226
26;2025-12-04;12;1286
26;2025-12-04;13;1344
26;2025-12-04;14;1393
26;2025-12-04;15;1520
26;2025-12-04;16;1723
26;2025-12-04;17;1971
26;2025-12-04;18;2097
26;2025-12-04;19;1420
26;2025-12-04;20;830
26;2025-12-04;21;504
26;2025-12-04;22;257
26;2025-12-04;23;139
26;2025-12-05;0;37
26;2025-12-05;1;0
26;2025-12-05;2;0
26;2025-12-05;3;0
26;2025-12-05;4;0
26;2025-12-05;5;66
26;2025-12-05;6;573
26;2025-12-05;7;1230
26;2025-12-05;8;2359
26;2025-12-05;9;1595
26;2025-12-05;10;1329
26;2025-12-05;11;1208
26;2025-12-05;12;1284
26;2025-12-05;13;1358
26;2025-12-05;14;1401
26;2025-12-05;15;1536
26;2025-12-05;16;1811
26;2025-12-05;17;1938
26;2025-12-05;18;1728
26;2025-12-05;19;1273
26;2025-12-05;20;781
26;2025-12-05;21;493
26;2025-12-05;22;255
26;2025-12-05;23;142
26;2025-12-06;0;49
26;2025-12-06;1;0
26;2025-12-06;2;0
26;2025-12-06;3;0
26;2025-12-06;4;0
26;2025-12-06;5;40
26;2025-12-06;6;314
26;2025-12-06;7;437
26;2025-12-06;8;664
26;2025-12-06;9;772
26;2025-12-06;10;902
26;2025-12-06;11;1094
26;2025-12-06;12;1144
26;2025-12-06;13;1182
26;2025-12-06;14;1185
26;2025-12-06;15;1119
26;2025-12-06;16;1111
26;2025-12-06;17;1069
26;2025-12-06;18;1001
26;2025-12-06;19;923
26;2025-12-06;20;595
26;2025-12-06;21;398
26;2025-12-06;22;245
26;2025-12-06;23;152
26;2025-12-07;0;56
26;2025-12-07;1;0
26;2025-12-07;2;0
26;2025-12-07;3;0
26;2025-12-07;4;0
26;2025-12-07;5;29
26;2025-12-07;6;201
26;2025-12-07;7;319
26;2025-12-07;8;458
26;2025-12-07;9;604
26;2025-12-07;10;675
26;2025-12-07;11;887
26;2025-12-07;12;948
26;2025-12-07;13;1010
26;2025-12-07;14;989
26;2025-12-07;15;955
26;2025-12-07;16;934
26;2025-12-07;17;938
26;2025-12-07;18;855
26;2025-12-07;19;701
26;2025-12-07;20;473
26;2025-12-07;21;335
26;2025-12-07;22;220
26;2025-12-07;23;121
26;2025-12-08;0;35
26;2025-12-08;1;0
26;2025-12-08;2;0
26;2025-12-08;3;0
26;2025-12-08;4;0
26;2025-12-08;5;66
26;2025-12-08;6;593
26;2025-12-08;7;1216
26;2025-12-08;8;2366
26;2025-12-08;9;1595
26;2025-12-08;10;1314
26;2025-12-08;11;1181
26;2025-12-08;12;1237
26;2025-12-08;13;1311
26;2025-12-08;14;1344
26;2025-12-08;15;1463
26;2025-12-08;16;1657
26;2025-12-08;17;1912
26;2025-12-08;18;2057
26;2025-12-08;19;1394
26;2025-12-08;20;814
26;2025-12-08;21;489
26;2025-12-08;22;247
26;2025-12-08;23;123
26;2025-12-09;0;35
26;2025-12-09;1;0
26;2025-12-09;2;0
26;2025-12-09;3;0
26;2025-12-09;4;0
26;2025-12-09;5;68
26;2025-12-09;6;608
26;2025-12-09;7;1260
26;2025-12-09;8;2433
26;2025-12-09;9;1657
26;2025-12-09;10;1356
26;2025-12-09;11;1229
26;2025-12-09;12;1287
26;2025-12-09;13;1339
26;2025-12-09;14;1391
26;2025-12-09;15;1497
26;2025-12-09;16;1694
26;2025-12-09;17;1979
26;2025-12-09;18;2111
26;2025-12-09;19;1422
26;2025-12-09;20;829
26;2025-12-09;21;502
26;2025-12-09;22;254
26;2025-12-09;23;130
26;2025-12-10;0;35
26;2025-12-10;1;0
26;2025-12-10;2;0
26;2025-12-10;3;0
26;2025-12-10;4;0
26;2025-12-10;5;66
26;2025-12-10;6;587
26;2025-12-10;7;1216
26;2025-12-10;8;2362
26;2025-12-10;9;1618
26;2025-12-10;10;1324
26;2025-12-10;11;1201
26;2025-12-10;12;1264
26;2025-12-10;13;1329
26;2025-12-10;14;1370
26;2025-12-10;15;1480
26;2025-12-10;16;1656
26;2025-12-10;17;1916
26;2025-12-10;18;2035
26;2025-12-10;19;1385
26;2025-12-10;20;807
26;2025-12-10;21;491
26;2025-12-10;22;249
26;2025-12-10;23;132
26;2025-12-11;0;35
26;2025-12-11;1;0
26;2025-12-11;2;0
26;2025-12-11;3;0
26;2025-12-11;4;0
26;2025-12-11;5;65
26;2025-12-11;6;573
26;2025-12-11;7;1191
26;2025-12-11;8;2309
26;2025-12-11;9;1585
26;2025-12-11;10;1284
26;2025-12-11;11;1175
26;2025-12-11;12;1230
26;2025-12-11;13;1287
26;2025-12-11;14;1334
26;2025-12-11;15;1457
26;2025-12-11;16;1653
26;2025-12-11;17;1890
26;2025-12-11;18;2010
26;2025-12-11;19;1355
26;2025-12-11;20;789
26;2025-12-11;21;481
26;2025-12-11;22;245
26;2025-12-11;23;132
26;2025-12-12;0;35
26;2025-12-12;1;0
26;2025-12-12;2;0
26;2025-12-12;3;0
26;2025-12-12;4;0
26;2025-12-12;5;64
26;2025-12-12;6;549
26;2025-12-12;7;1181
26;2025-12-12;8;2269
26;2025-12-12;9;1527
26;2025-12-12;10;1273
26;2025-12-12;11;1153
26;2025-12-12;12;1226
26;2025-12-12;13;1298
26;2025-12-12;14;1341
26;2025-12-12;15;1471
26;2025-12-12;16;1745
26;2025-12-12;17;1859
26;2025-12-12;18;1629
26;2025-12-12;19;1206
26;2025-12-12;20;741
26;2025-12-12;21;471
26;2025-12-12;22;244
26;2025-12-12;23;136
26;2025-12-13;0;50
26;2025-12-13;1;0
26;2025-12-13;2;0
26;2025-12-13;3;0
26;2025-12-13;4;0
26;2025-12-13;5;40
26;2025-12-13;6;316
26;2025-12-13;7;439
26;2025-12-13;8;668
26;2025-12-13;9;775
26;2025-12-13;10;906
26;2025-12-13;11;1100
26;2025-12-13;12;1149
26;2025-12-13;13;1188
26;2025-12-13;14;1192
26;2025-12-13;15;1125
26;2025-12-13;16;1117
26;2025-12-13;17;1075
26;2025-12-13;18;1008
26;2025-12-13;19;931
26;2025-12-13;20;600
26;2025-12-13;21;402
26;2025-12-13;22;247
26;2025-12-13;23;154
26;2025-12-14;0;56
26;2025-12-14;1;0
26;2025-12-14;2;0
26;2025-12-14;3;0
26;2025-12-14;4;0
26;2025-12-14;5;29
26;2025-12-14;6;202
26;2025-12-14;7;322
26;2025-12-14;8;462
26;2025-12-14;9;609
26;2025-12-14;10;681
26;2025-12-14;11;896
26;2025-12-14;12;957
26;2025-12-14;13;1019
26;2025-12-14;14;998
26;2025-12-14;15;962
26;2025-12-14;16;941
26;2025-12-14;17;947
26;2025-12-14;18;864
26;2025-12-14;19;709
26;2025-12-14;20;480
26;2025-12-14;21;339
26;2025-12-14;22;223
26;2025-12-14;23;122
26;2025-12-15;0;35
26;2025-12-15;1;0
26;2025-12-15;2;0
26;2025-12-15;3;0
26;2025-12-15;4;0
26;2025-12-15;5;66
26;2025-12-15;6;599
26;2025-12-15;7;1229
26;2025-12-15;8;2386
26;2025-12-15;9;1610
26;2025-12-15;10;1326
26;2025-12-15;11;1193
26;2025-12-15;12;1248
26;2025-12-15;13;1325
26;2025-12-15;14;1358
26;2025-12-15;15;1479
26;2025-12-15;16;1674
26;2025-12-15;17;1933
26;2025-12-15;18;2081
26;2025-12-15;19;1411
26;2025-12-15;20;824
26;2025-12-15;21;493
26;2025-12-15;22;250
26;2025-12-15;23;125
26;2025-12-16;0;34
26;2025-12-16;1;0
26;2025-12-16;2;0
26;2025-12-16;3;0
26;2025-12-16;4;0
26;2025-12-16;5;66
26;2025-12-16;6;595
26;2025-12-16;7;1234
26;2025-12-16;8;2382
26;2025-12-16;9;1624
26;2025-12-16;10;1329
26;2025-12-16;11;1203
26;2025-12-16;12;1258
26;2025-12-16;13;1307
26;2025-12-16;14;1362
26;2025-12-16;15;1462
26;2025-12-16;16;1654
26;2025-12-16;17;1936
26;2025-12-16;18;2066
26;2025-12-16;19;1392
26;2025-12-16;20;810
26;2025-12-16;21;490
26;2025-12-16;22;247
26;2025-12-16;23;126
26;2025-12-17;0;36
26;2025-12-17;1;0
26;2025-12-17;2;0
26;2025-12-17;3;0
26;2025-12-17;4;0
26;2025-12-17;5;68
26;2025-12-17;6;603
26;2025-12-17;7;1248
26;2025-12-17;8;2424
26;2025-12-17;9;1661
26;2025-12-17;10;1359
26;2025-12-17;11;1232
26;2025-12-17;12;1297
26;2025-12-17;13;1365
26;2025-12-17;14;1407
26;2025-12-17;15;1522
26;2025-12-17;16;1708
26;2025-12-17;17;1968
26;2025-12-17;18;2091
26;2025-12-17;19;1424
26;2025-12-17;20;831
26;2025-12-17;21;506
26;2025-12-17;22;257
26;2025-12-17;23;137
26;2025-12-18;0;36
26;2025-12-18;1;0
26;2025-12-18;2;0
26;2025-12-18;3;0
26;2025-12-18;4;0
26;2025-12-18;5;68
26;2025-12-18;6;599
26;2025-12-18;7;1242
26;2025-12-18;8;2399
26;2025-12-18;9;1648
26;2025-12-18;10;1338
26;2025-12-18;11;1227
26;2025-12-18;12;1288
26;2025-12-18;13;1349
26;2025-12-18;14;1398
26;2025-12-18;15;1525
26;2025-12-18;16;1728
26;2025-12-18;17;1973
26;2025-12-18;18;2098
26;2025-12-18;19;1421
26;2025-12-18;20;832
26;2025-12-18;21;505
26;2025-12-18;22;258
26;2025-12-18;23;139
26;2025-12-19;0;37
26;2025-12-19;1;0
26;2025-12-19;2;0
26;2025-12-19;3;0
26;2025-12-19;4;0
26;2025-12-19;5;67
26;2025-12-19;6;577
26;2025-12-19;7;1236
26;2025-12-19;8;2368
26;2025-12-19;9;1602
26;2025-12-19;10;1337
26;2025-12-19;11;1214
26;2025-12-19;12;1292
26;2025-12-19;13;1368
26;2025-12-19;14;1411
26;2025-12-19;15;1546
26;2025-12-19;16;1820
26;2025-12-19;17;1947
26;2025-12-19;18;1739
26;2025-12-19;19;1282
26;2025-12-19;20;787
26;2025-12-19;21;496
26;2025-12-19;22;257
26;2025-12-19;23;143
26;2025-12-20;0;49
26;2025-12-20;1;0
26;2025-12-20;2;0
26;2025-12-20;3;0
26;2025-12-20;4;0
26;2025-12-20;5;40
26;2025-12-20;6;314
26;2025-12-20;7;436
26;2025-12-20;8;663
26;2025-12-20;9;772
26;2025-12-20;10;902
26;2025-12-20;11;1098
26;2025-12-20;12;1149
26;2025-12-20;13;1189
26;2025-12-20;14;1193
26;2025-12-20;15;1123
26;2025-12-20;16;1115
26;2025-12-20;17;1070
26;2025-12-20;18;1003
26;2025-12-20;19;926
26;2025-12-20;20;597
26;2025-12-20;21;400
26;2025-12-20;22;246
26;2025-12-20;23;153
26;2025-12-21;0;55
26;2025-12-21;1;0
26;2025-12-21;2;0
26;2025-12-21;3;0
26;2025-12-21;4;0
26;2025-12-21;5;28
26;2025-12-21;6;196
26;2025-12-21;7;314
26;2025-12-21;8;450
26;2025-12-21;9;595
26;2025-12-21;10;666
26;2025-12-21;11;874
26;2025-12-21;12;934
26;2025-12-21;13;997
26;2025-12-21;14;975
26;2025-12-21;15;941
26;2025-12-21;16;920
26;2025-12-21;17;923
26;2025-12-21;18;839
26;2025-12-21;19;688
26;2025-12-21;20;465
26;2025-12-21;21;329
26;2025-12-21;22;216
26;2025-12-21;23;119
26;2025-12-22;0;34
26;2025-12-22;1;0
26;2025-12-22;2;0
26;2025-12-22;3;0
26;2025-12-22;4;0
26;2025-12-22;5;64
26;2025-12-22;6;578
26;2025-12-22;7;1186
26;2025-12-22;8;2309
26;2025-12-22;9;1556
26;2025-12-22;10;1283
26;2025-12-22;11;1150
26;2025-12-22;12;1205
26;2025-12-22;13;1277
26;2025-12-22;14;1310
26;2025-12-22;15;1427
26;2025-12-22;16;1616
26;2025-12-22;17;1863
26;2025-12-22;18;2007
26;2025-12-22;19;1356
26;2025-12-22;20;790
26;2025-12-22;21;473
26;2025-12-22;22;239
26;2025-12-22;23;119
26;2025-12-23;0;36
26;2025-12-23;1;0
26;2025-12-23;2;0
26;2025-12-23;3;0
26;2025-12-23;4;0
26;2025-12-23;5;70
26;2025-12-23;6;626
26;2025-12-23;7;1292
26;2025-12-23;8;2490
26;2025-12-23;9;1695
26;2025-12-23;10;1387
26;2025-12-23;11;1256
26;2025-12-23;12;1315
26;2025-12-23;13;1372
26;2025-12-23;14;1425
26;2025-12-23;15;1537
26;2025-12-23;16;1741
26;2025-12-23;17;2033
26;2025-12-23;18;2174
26;2025-12-23;19;1471
26;2025-12-23;20;860
26;2025-12-23;21;520
26;2025-12-23;22;263
26;2025-12-23;23;134
26;2025-12-24;0;37
26;2025-12-24;1;0
26;2025-12-24;2;0
26;2025-12-24;3;0
26;2025-12-24;4;0
26;2025-12-24;5;69
26;2025-12-24;6;615
26;2025-12-24;7;1269
26;2025-12-24;8;2457
26;2025-12-24;9;1679
26;2025-12-24;10;1375
26;2025-12-24;11;1247
26;2025-12-24;12;1314
26;2025-12-24;13;1385
26;2025-12-24;14;1425
26;2025-12-24;15;1541
26;2025-12-24;16;1729
26;2025-12-24;17;1993
26;2025-12-24;18;2123
26;2025-12-24;19;1447
26;2025-12-24;20;848
26;2025-12-24;21;516
26;2025-12-24;22;262
26;2025-12-24;23;139
26;2025-12-25;0;35
26;2025-12-25;1;0
26;2025-12-25;2;0
26;2025-12-25;3;0
26;2025-12-25;4;0
26;2025-12-25;5;66
26;2025-12-25;6;581
26;2025-12-25;7;1207
26;2025-12-25;8;2329
26;2025-12-25;9;1599
26;2025-12-25;10;1300
26;2025-12-25;11;1189
26;2025-12-25;12;1246
26;2025-12-25;13;1305
26;2025-12-25;14;1351
26;2025-12-25;15;1474
26;2025-12-25;16;1671
26;2025-12-25;17;1910
26;2025-12-25;18;2032
26;2025-12-25;19;1374
26;2025-12-25;20;803
26;2025-12-25;21;489
26;2025-12-25;22;250
26;2025-12-25;23;135
26;2025-12-26;0;35
26;2025-12-26;1;0
26;2025-12-26;2;0
26;2025-12-26;3;0
26;2025-12-26;4;0
26;2025-12-26;5;64
26;2025-12-26;6;551
26;2025-12-26;7;1186
26;2025-12-26;8;2269
26;2025-12-26;9;1529
26;2025-12-26;10;1278
26;2025-12-26;11;1155
26;2025-12-26;12;1229
26;2025-12-26;13;1303
26;2025-12-26;14;1343
26;2025-12-26;15;1474
26;2025-12-26;16;1747
26;2025-12-26;17;1862
26;2025-12-26;18;1633
26;2025-12-26;19;1213
26;2025-12-26;20;745
26;2025-12-26;21;473
26;2025-12-26;22;245
26;2025-12-26;23;137
26;2025-12-27;0;50
26;2025-12-27;1;0
26;2025-12-27;2;0
26;2025-12-27;3;0
26;2025-12-27;4;0
26;2025-12-27;5;40
26;2025-12-27;6;315
26;2025-12-27;7;438
26;2025-12-27;8;664
26;2025-12-27;9;774
26;2025-12-27;10;905
26;2025-12-27;11;1098
26;2025-12-27;12;1149
26;2025-12-27;13;1189
26;2025-12-27;14;1193
26;2025-12-27;15;1125
26;2025-12-27;16;1116
26;2025-12-27;17;1073
26;2025-12-27;18;1006
26;2025-12-27;19;928
26;2025-12-27;20;598
26;2025-12-27;21;401
26;2025-12-27;22;246
26;2025-12-27;23;153
26;2025-12-28;0;55
26;2025-12-28;1;0
26;2025-12-28;2;0
26;2025-12-28;3;0
26;2025-12-28;4;0
26;2025-12-28;5;28
26;2025-12-28;6;197
26;2025-12-28;7;314
26;2025-12-28;8;451
26;2025-12-28;9;595
26;2025-12-28;10;663
26;2025-12-28;11;868
26;2025-12-28;12;927
26;2025-12-28;13;989
26;2025-12-28;14;968
26;2025-12-28;15;935
26;2025-12-28;16;913
26;2025-12-28;17;917
26;2025-12-28;18;835
26;2025-12-28;19;684
26;2025-12-28;20;464
26;2025-12-28;21;328
26;2025-12-28;22;215
26;2025-12-28;23;118
26;2025-12-29;0;34
26;2025-12-29;1;0
26;2025-12-29;2;0
26;2025-12-29;3;0
26;2025-12-29;4;0
26;2025-12-29;5;64
26;2025-12-29;6;581
26;2025-12-29;7;1187
26;2025-12-29;8;2303
26;2025-12-29;9;1556
26;2025-12-29;10;1284
26;2025-12-29;11;1151
26;2025-12-29;12;1205
26;2025-12-29;13;1278
26;2025-12-29;14;1311
26;2025-12-29;15;1428
26;2025-12-29;16;1614
26;2025-12-29;17;1865
26;2025-12-29;18;2016
26;2025-12-29;19;1363
26;2025-12-29;20;797
26;2025-12-29;21;478
26;2025-12-29;22;242
26;2025-12-29;23;121
26;2025-12-30;0;34
26;2025-12-30;1;0
26;2025-12-30;2;0
26;2025-12-30;3;0
26;2025-12-30;4;0
26;2025-12-30;5;66
26;2025-12-30;6;591
26;2025-12-30;7;1223
26;2025-12-30;8;2368
26;2025-12-30;9;1607
26;2025-12-30;10;1317
26;2025-12-30;11;1187
26;2025-12-30;12;1242
26;2025-12-30;13;1292
26;2025-12-30;14;1345
26;2025-12-30;15;1442
26;2025-12-30;16;1634
26;2025-12-30;17;1916
26;2025-12-30;18;2064
26;2025-12-30;19;1381
26;2025-12-30;20;804
26;2025-12-30;21;486
26;2025-12-30;22;247
26;2025-12-30;23;125
26;2025-12-31;0;55
26;2025-12-31;1;0
26;2025-12-31;2;0
26;2025-12-31;3;0
26;2025-12-31;4;0
26;2025-12-31;5;29
26;2025-12-31;6;202
26;2025-12-31;7;323
26;2025-12-31;8;474
26;2025-12-31;9;597
26;2025-12-31;10;658
26;2025-12-31;11;852
26;2025-12-31;12;910
26;2025-12-31;13;971
26;2025-12-31;14;959
26;2025-12-31;15;915
26;2025-12-31;16;891
26;2025-12-31;17;909
26;2025-12-31;18;859
26;2025-12-31;19;713
26;2025-12-31;20;477
26;2025-12-31;21;338
26;2025-12-31;22;221
26;2025-12-31;23;121
28;2025-11-01;0;5
28;2025-11-01;1;0
28;2025-11-01;2;0
28;2025-11-01;3;0
28;2025-11-01;4;0
28;2025-11-01;5;38
28;2025-11-01;6;181
28;2025-11-01;7;549
28;2025-11-01;8;821
28;2025-11-01;9;571
28;2025-11-01;10;415
28;2025-11-01;11;394
28;2025-11-01;12;469
28;2025-11-01;13;498
28;2025-11-01;14;461
28;2025-11-01;15;486
28;2025-11-01;16;600
28;2025-11-01;17;673
28;2025-11-01;18;622
28;2025-11-01;19;467
28;2025-11-01;20;318
28;2025-11-01;21;199
28;2025-11-01;22;84
28;2025-11-01;23;10
28;2025-11-02;0;15
28;2025-11-02;1;0
28;2025-11-02;2;0
28;2025-11-02;3;0
28;2025-11-02;4;0
28;2025-11-02;5;22
28;2025-11-02;6;89
28;2025-11-02;7;166
28;2025-11-02;8;266
28;2025-11-02;9;342
28;2025-11-02;10;378
28;2025-11-02;11;410
28;2025-11-02;12;482
28;2025-11-02;13;542
28;2025-11-02;14;542
28;2025-11-02;15;535
28;2025-11-02;16;509
28;2025-11-02;17;503
28;2025-11-02;18;457
28;2025-11-02;19;378
28;2025-11-02;20;296
28;2025-11-02;21;237
28;2025-11-02;22;107
28;2025-11-02;23;15
28;2025-11-03;0;14
28;2025-11-03;1;0
28;2025-11-03;2;0
28;2025-11-03;3;0
28;2025-11-03;4;0
28;2025-11-03;5;21
28;2025-11-03;6;86
28;2025-11-03;7;154
28;2025-11-03;8;250
28;2025-11-03;9;312
28;2025-11-03;10;333
28;2025-11-03;11;374
28;2025-11-03;12;433
28;2025-11-03;13;492
28;2025-11-03;14;493
28;2025-11-03;15;495
28;2025-11-03;16;468
28;2025-11-03;17;472
28;2025-11-03;18;420
28;2025-11-03;19;362
28;2025-11-03;20;272
28;2025-11-03;21;215
28;2025-11-03;22;93
28;2025-11-03;23;13
28;2025-11-04;0;14
28;2025-11-04;1;0
28;2025-11-04;2;0
28;2025-11-04;3;0
28;2025-11-04;4;0
28;2025-11-04;5;22
28;2025-11-04;6;88
28;2025-11-04;7;158
28;2025-11-04;8;257
28;2025-11-04;9;318
28;2025-11-04;10;351
28;2025-11-04;11;384
28;2025-11-04;12;434
28;2025-11-04;13;496
28;2025-11-04;14;501
28;2025-11-04;15;494
28;2025-11-04;16;458
28;2025-11-04;17;473
28;2025-11-04;18;416
28;2025-11-04;19;358
28;2025-11-04;20;280
28;2025-11-04;21;215
28;2025-11-04;22;95
28;2025-11-04;23;13
28;2025-11-05;0;8
28;2025-11-05;1;0
28;2025-11-05;2;0
28;2025-11-05;3;0
28;2025-11-05;4;0
28;2025-11-05;5;58
28;2025-11-05;6;275
28;2025-11-05;7;787
28;2025-11-05;8;1202
28;2025-11-05;9;836
28;2025-11-05;10;613
28;2025-11-05;11;592
28;2025-11-05;12;697
28;2025-11-05;13;733
28;2025-11-05;14;680
28;2025-11-05;15;714
28;2025-11-05;16;872
28;2025-11-05;17;993
28;2025-11-05;18;966
28;2025-11-05;19;727
28;2025-11-05;20;492
28;2025-11-05;21;312
28;2025-11-05;22;134
28;2025-11-05;23;15
28;2025-11-06;0;7
28;2025-11-06;1;0
28;2025-11-06;2;0
28;2025-11-06;3;0
28;2025-11-06;4;0
28;2025-11-06;5;56
28;2025-11-06;6;267
28;2025-11-06;7;761
28;2025-11-06;8;1178
28;2025-11-06;9;809
28;2025-11-06;10;604
28;2025-11-06;11;575
28;2025-11-06;12;688
28;2025-11-06;13;708
28;2025-11-06;14;659
28;2025-11-06;15;685
28;2025-11-06;16;837
28;2025-11-06;17;970
28;2025-11-06;18;956
28;2025-11-06;19;701
28;2025-11-06;20;474
28;2025-11-06;21;302
28;2025-11-06;22;129
28;2025-11-06;23;15
28;2025-11-07;0;7
28;2025-11-07;1;0
28;2025-11-07;2;0
28;2025-11-07;3;0
28;2025-11-07;4;0
28;2025-11-07;5;51
28;2025-11-07;6;252
28;2025-11-07;7;747
28;2025-11-07;8;1143
28;2025-11-07;9;780
28;2025-11-07;10;585
28;2025-11-07;11;569
28;2025-11-07;12;675
28;2025-11-07;13;695
28;2025-11-07;14;668
28;2025-11-07;15;697
28;2025-11-07;16;857
28;2025-11-07;17;944
28;2025-11-07;18;777
28;2025-11-07;19;590
28;2025-11-07;20;423
28;2025-11-07;21;295
28;2025-11-07;22;129
28;2025-11-07;23;15
28;2025-11-08;0;10
28;2025-11-08;1;0
28;2025-11-08;2;0
28;2025-11-08;3;0
28;2025-11-08;4;0
28;2025-11-08;5;27
28;2025-11-08;6;107
28;2025-11-08;7;232
28;2025-11-08;8;366
28;2025-11-08;9;446
28;2025-11-08;10;463
28;2025-11-08;11;473
28;2025-11-08;12;547
28;2025-11-08;13;581
28;2025-11-08;14;588
28;2025-11-08;15;585
28;2025-11-08;16;544
28;2025-11-08;17;550
28;2025-11-08;18;485
28;2025-11-08;19;414
28;2025-11-08;20;302
28;2025-11-08;21;264
28;2025-11-08;22;127
28;2025-11-08;23;22
28;2025-11-09;0;15
28;2025-11-09;1;0
28;2025-11-09;2;0
28;2025-11-09;3;0
28;2025-11-09;4;0
28;2025-11-09;5;22
28;2025-11-09;6;89
28;2025-11-09;7;166
28;2025-11-09;8;266
28;2025-11-09;9;341
28;2025-11-09;10;376
28;2025-11-09;11;408
28;2025-11-09;12;479
28;2025-11-09;13;539
28;2025-11-09;14;539
28;2025-11-09;15;533
28;2025-11-09;16;506
28;2025-11-09;17;500
28;2025-11-09;18;453
28;2025-11-09;19;374
28;2025-11-09;20;291
28;2025-11-09;21;233
28;2025-11-09;22;105
28;2025-11-09;23;15
28;2025-11-10;0;7
28;2025-11-10;1;0
28;2025-11-10;2;0
28;2025-11-10;3;0
28;2025-11-10;4;0
28;2025-11-10;5;56
28;2025-11-10;6;268
28;2025-11-10;7;779
28;2025-11-10;8;1190
28;2025-11-10;9;824
28;2025-11-10;10;585
28;2025-11-10;11;569
28;2025-11-10;12;668
28;2025-11-10;13;703
28;2025-11-10;14;649
28;2025-11-10;15;686
28;2025-11-10;16;854
28;2025-11-10;17;969
28;2025-11-10;18;930
28;2025-11-10;19;717
28;2025-11-10;20;459
28;2025-11-10;21;285
28;2025-11-10;22;119
28;2025-11-10;23;15
28;2025-11-11;0;8
28;2025-11-11;1;0
28;2025-11-11;2;0
28;2025-11-11;3;0
28;2025-11-11;4;0
28;2025-11-11;5;57
28;2025-11-11;6;281
28;2025-11-11;7;814
28;2025-11-11;8;1241
28;2025-11-11;9;861
28;2025-11-11;10;635
28;2025-11-11;11;598
28;2025-11-11;12;697
28;2025-11-11;13;735
28;2025-11-11;14;683
28;2025-11-11;15;709
28;2025-11-11;16;864
28;2025-11-11;17;1011
28;2025-11-11;18;958
28;2025-11-11;19;738
28;2025-11-11;20;497
28;2025-11-11;21;299
28;2025-11-11;22;128
28;2025-11-11;23;15
28;2025-11-12;0;7
28;2025-11-12;1;0
28;2025-11-12;2;0
28;2025-11-12;3;0
28;2025-11-12;4;0
28;2025-11-12;5;57
28;2025-11-12;6;270
28;2025-11-12;7;777
28;2025-11-12;8;1189
28;2025-11-12;9;823
28;2025-11-12;10;603
28;2025-11-12;11;582
28;2025-11-12;12;686
28;2025-11-12;13;721
28;2025-11-12;14;671
28;2025-11-12;15;706
28;2025-11-12;16;861
28;2025-11-12;17;982
28;2025-11-12;18;957
28;2025-11-12;19;714
28;2025-11-12;20;481
28;2025-11-12;21;305
28;2025-11-12;22;131
28;2025-11-12;23;15
28;2025-11-13;0;8
28;2025-11-13;1;0
28;2025-11-13;2;0
28;2025-11-13;3;0
28;2025-11-13;4;0
28;2025-11-13;5;58
28;2025-11-13;6;276
28;2025-11-13;7;793
28;2025-11-13;8;1221
28;2025-11-13;9;839
28;2025-11-13;10;623
28;2025-11-13;11;591
28;2025-11-13;12;709
28;2025-11-13;13;731
28;2025-11-13;14;683
28;2025-11-13;15;712
28;2025-11-13;16;873
28;2025-11-13;17;1006
28;2025-11-13;18;994
28;2025-11-13;19;730
28;2025-11-13;20;494
28;2025-11-13;21;314
28;2025-11-13;22;135
28;2025-11-13;23;15
28;2025-11-14;0;7
28;2025-11-14;1;0
28;2025-11-14;2;0
28;2025-11-14;3;0
28;2025-11-14;4;0
28;2025-11-14;5;51
28;2025-11-14;6;253
28;2025-11-14;7;753
28;2025-11-14;8;1151
28;2025-11-14;9;782
28;2025-11-14;10;585
28;2025-11-14;11;569
28;2025-11-14;12;677
28;2025-11-14;13;697
28;2025-11-14;14;672
28;2025-11-14;15;702
28;2025-11-14;16;863
28;2025-11-14;17;950
28;2025-11-14;18;784
28;2025-11-14;19;594
28;2025-11-14;20;424
28;2025-11-14;21;294
28;2025-11-14;22;129
28;2025-11-14;23;16
28;2025-11-15;0;10
28;2025-11-15;1;0
28;2025-11-15;2;0
28;2025-11-15;3;0
28;2025-11-15;4;0
28;2025-11-15;5;27
28;2025-11-15;6;106
28;2025-11-15;7;232
28;2025-11-15;8;366
28;2025-11-15;9;441
28;2025-11-15;10;446
28;2025-11-15;11;448
28;2025-11-15;12;516
28;2025-11-15;13;548
28;2025-11-15;14;560
28;2025-11-15;15;560
28;2025-11-15;16;520
28;2025-11-15;17;533
28;2025-11-15;18;470
28;2025-11-15;19;398
28;2025-11-15;20;289
28;2025-11-15;21;253
28;2025-11-15;22;121
28;2025-11-15;23;21
28;2025-11-16;0;15
28;2025-11-16;1;0
28;2025-11-16;2;0
28;2025-11-16;3;0
28;2025-11-16;4;0
28;2025-11-16;5;23
28;2025-11-16;6;92
28;2025-11-16;7;171
28;2025-11-16;8;273
28;2025-11-16;9;350
28;2025-11-16;10;386
28;2025-11-16;11;420
28;2025-11-16;12;492
28;2025-11-16;13;553
28;2025-11-16;14;555
28;2025-11-16;15;549
28;2025-11-16;16;520
28;2025-11-16;17;514
28;2025-11-16;18;467
28;2025-11-16;19;387
28;2025-11-16;20;302
28;2025-11-16;21;242
28;2025-11-16;22;109
28;2025-11-16;23;16
28;2025-11-17;0;7
28;2025-11-17;1;0
28;2025-11-17;2;0
28;2025-11-17;3;0
28;2025-11-17;4;0
28;2025-11-17;5;54
28;2025-11-17;6;259
28;2025-11-17;7;752
28;2025-11-17;8;1152
28;2025-11-17;9;795
28;2025-11-17;10;563
28;2025-11-17;11;550
28;2025-11-17;12;642
28;2025-11-17;13;675
28;2025-11-17;14;625
28;2025-11-17;15;660
28;2025-11-17;16;821
28;2025-11-17;17;934
28;2025-11-17;18;895
28;2025-11-17;19;690
28;2025-11-17;20;437
28;2025-11-17;21;272
28;2025-11-17;22;113
28;2025-11-17;23;14
28;2025-11-18;0;7
28;2025-11-18;1;0
28;2025-11-18;2;0
28;2025-11-18;3;0
28;2025-11-18;4;0
28;2025-11-18;5;53
28;2025-11-18;6;260
28;2025-11-18;7;749
28;2025-11-18;8;1149
28;2025-11-18;9;795
28;2025-11-18;10;591
28;2025-11-18;11;556
28;2025-11-18;12;636
28;2025-11-18;13;673
28;2025-11-18;14;628
28;2025-11-18;15;647
28;2025-11-18;16;783
28;2025-11-18;17;926
28;2025-11-18;18;878
28;2025-11-18;19;679
28;2025-11-18;20;455
28;2025-11-18;21;270
28;2025-11-18;22;116
28;2025-11-18;23;14
28;2025-11-19;0;8
28;2025-11-19;1;0
28;2025-11-19;2;0
28;2025-11-19;3;0
28;2025-11-19;4;0
28;2025-11-19;5;59
28;2025-11-19;6;277
28;2025-11-19;7;798
28;2025-11-19;8;1220
28;2025-11-19;9;846
28;2025-11-19;10;619
28;2025-11-19;11;597
28;2025-11-19;12;703
28;2025-11-19;13;739
28;2025-11-19;14;688
28;2025-11-19;15;724
28;2025-11-19;16;884
28;2025-11-19;17;1007
28;2025-11-19;18;981
28;2025-11-19;19;735
28;2025-11-19;20;495
28;2025-11-19;21;314
28;2025-11-19;22;136
28;2025-11-19;23;16
28;2025-11-20;0;8
28;2025-11-20;1;0
28;2025-11-20;2;0
28;2025-11-20;3;0
28;2025-11-20;4;0
28;2025-11-20;5;58
28;2025-11-20;6;276
28;2025-11-20;7;794
28;2025-11-20;8;1223
28;2025-11-20;9;840
28;2025-11-20;10;626
28;2025-11-20;11;595
28;2025-11-20;12;711
28;2025-11-20;13;733
28;2025-11-20;14;686
28;2025-11-20;15;713
28;2025-11-20;16;874
28;2025-11-20;17;1008
28;2025-11-20;18;996
28;2025-11-20;19;733
28;2025-11-20;20;495
28;2025-11-20;21;315
28;2025-11-20;22;135
28;2025-11-20;23;16
28;2025-11-21;0;7
28;2025-11-21;1;0
28;2025-11-21;2;0
28;2025-11-21;3;0
28;2025-11-21;4;0
28;2025-11-21;5;53
28;2025-11-21;6;257
28;2025-11-21;7;764
28;2025-11-21;8;1171
28;2025-11-21;9;797
28;2025-11-21;10;596
28;2025-11-21;11;580
28;2025-11-21;12;690
28;2025-11-21;13;709
28;2025-11-21;14;684
28;2025-11-21;15;715
28;2025-11-21;16;877
28;2025-11-21;17;968
28;2025-11-21;18;805
28;2025-11-21;19;609
28;2025-11-21;20;434
28;2025-11-21;21;299
28;2025-11-21;22;131
28;2025-11-21;23;16
28;2025-11-22;0;10
28;2025-11-22;1;0
28;2025-11-22;2;0
28;2025-11-22;3;0
28;2025-11-22;4;0
28;2025-11-22;5;27
28;2025-11-22;6;108
28;2025-11-22;7;236
28;2025-11-22;8;373
28;2025-11-22;9;450
28;2025-11-22;10;463
28;2025-11-22;11;468
28;2025-11-22;12;542
28;2025-11-22;13;575
28;2025-11-22;14;586
28;2025-11-22;15;584
28;2025-11-22;16;543
28;2025-11-22;17;550
28;2025-11-22;18;484
28;2025-11-22;19;410
28;2025-11-22;20;299
28;2025-11-22;21;261
28;2025-11-22;22;126
28;2025-11-22;23;22
28;2025-11-23;0;15
28;2025-11-23;1;0
28;2025-11-23;2;0
28;2025-11-23;3;0
28;2025-11-23;4;0
28;2025-11-23;5;23
28;2025-11-23;6;91
28;2025-11-23;7;169
28;2025-11-23;8;271
28;2025-11-23;9;347
28;2025-11-23;10;383
28;2025-11-23;11;416
28;2025-11-23;12;488
28;2025-11-23;13;548
28;2025-11-23;14;550
28;2025-11-23;15;543
28;2025-11-23;16;514
28;2025-11-23;17;508
28;2025-11-23;18;461
28;2025-11-23;19;381
28;2025-11-23;20;297
28;2025-11-23;21;238
28;2025-11-23;22;108
28;2025-11-23;23;16
28;2025-11-24;0;7
28;2025-11-24;1;0
28;2025-11-24;2;0
28;2025-11-24;3;0
28;2025-11-24;4;0
28;2025-11-24;5;53
28;2025-11-24;6;251
28;2025-11-24;7;732
28;2025-11-24;8;1121
28;2025-11-24;9;774
28;2025-11-24;10;545
28;2025-11-24;11;534
28;2025-11-24;12;621
28;2025-11-24;13;654
28;2025-11-24;14;604
28;2025-11-24;15;639
28;2025-11-24;16;796
28;2025-11-24;17;906
28;2025-11-24;18;873
28;2025-11-24;19;668
28;2025-11-24;20;422
28;2025-11-24;21;262
28;2025-11-24;22;108
28;2025-11-24;23;14
28;2025-11-25;0;8
28;2025-11-25;1;0
28;2025-11-25;2;0
28;2025-11-25;3;0
28;2025-11-25;4;0
28;2025-11-25;5;57
28;2025-11-25;6;277
28;2025-11-25;7;804
28;2025-11-25;8;1230
28;2025-11-25;9;850
28;2025-11-25;10;627
28;2025-11-25;11;591
28;2025-11-25;12;688
28;2025-11-25;13;726
28;2025-11-25;14;676
28;2025-11-25;15;700
28;2025-11-25;16;852
28;2025-11-25;17;999
28;2025-11-25;18;946
28;2025-11-25;19;726
28;2025-11-25;20;488
28;2025-11-25;21;294
28;2025-11-25;22;126
28;2025-11-25;23;15
28;2025-11-26;0;7
28;2025-11-26;1;0
28;2025-11-26;2;0
28;2025-11-26;3;0
28;2025-11-26;4;0
28;2025-11-26;5;55
28;2025-11-26;6;261
28;2025-11-26;7;751
28;2025-11-26;8;1150
28;2025-11-26;9;796
28;2025-11-26;10;580
28;2025-11-26;11;560
28;2025-11-26;12;654
28;2025-11-26;13;688
28;2025-11-26;14;643
28;2025-11-26;15;678
28;2025-11-26;16;823
28;2025-11-26;17;941
28;2025-11-26;18;918
28;2025-11-26;19;683
28;2025-11-26;20;458
28;2025-11-26;21;291
28;2025-11-26;22;125
28;2025-11-26;23;14
28;2025-11-27;0;7
28;2025-11-27;1;0
28;2025-11-27;2;0
28;2025-11-27;3;0
28;2025-11-27;4;0
28;2025-11-27;5;55
28;2025-11-27;6;263
28;2025-11-27;7;758
28;2025-11-27;8;1175
28;2025-11-27;9;805
28;2025-11-27;10;597
28;2025-11-27;11;565
28;2025-11-27;12;677
28;2025-11-27;13;696
28;2025-11-27;14;651
28;2025-11-27;15;679
28;2025-11-27;16;829
28;2025-11-27;17;962
28;2025-11-27;18;949
28;2025-11-27;19;689
28;2025-11-27;20;465
28;2025-11-27;21;296
28;2025-11-27;22;127
28;2025-11-27;23;15
28;2025-11-28;0;7
28;2025-11-28;1;0
28;2025-11-28;2;0
28;2025-11-28;3;0
28;2025-11-28;4;0
28;2025-11-28;5;52
28;2025-11-28;6;254
28;2025-11-28;7;756
28;2025-11-28;8;1159
28;2025-11-28;9;788
28;2025-11-28;10;588
28;2025-11-28;11;568
28;2025-11-28;12;676
28;2025-11-28;13;697
28;2025-11-28;14;672
28;2025-11-28;15;703
28;2025-11-28;16;865
28;2025-11-28;17;953
28;2025-11-28;18;790
28;2025-11-28;19;595
28;2025-11-28;20;426
28;2025-11-28;21;294
28;2025-11-28;22;129
28;2025-11-28;23;16
28;2025-11-29;0;11
28;2025-11-29;1;0
28;2025-11-29;2;0
28;2025-11-29;3;0
28;2025-11-29;4;0
28;2025-11-29;5;28
28;2025-11-29;6;111
28;2025-11-29;7;243
28;2025-11-29;8;384
28;2025-11-29;9;469
28;2025-11-29;10;486
28;2025-11-29;11;495
28;2025-11-29;12;575
28;2025-11-29;13;612
28;2025-11-29;14;622
28;2025-11-29;15;620
28;2025-11-29;16;576
28;2025-11-29;17;583
28;2025-11-29;18;510
28;2025-11-29;19;432
28;2025-11-29;20;317
28;2025-11-29;21;278
28;2025-11-29;22;134
28;2025-11-29;23;24
28;2025-11-30;0;15
28;2025-11-30;1;0
28;2025-11-30;2;0
28;2025-11-30;3;0
28;2025-11-30;4;0
28;2025-11-30;5;23
28;2025-11-30;6;91
28;2025-11-30;7;171
28;2025-11-30;8;276
28;2025-11-30;9;354
28;2025-11-30;10;390
28;2025-11-30;11;421
28;2025-11-30;12;495
28;2025-11-30;13;558
28;2025-11-30;14;560
28;2025-11-30;15;556
28;2025-11-30;16;524
28;2025-11-30;17;516
28;2025-11-30;18;467
28;2025-11-30;19;384
28;2025-11-30;20;301
28;2025-11-30;21;241
28;2025-11-30;22;109
28;2025-11-30;23;16
28;2025-12-01;0;8
28;2025-12-01;1;0
28;2025-12-01;2;0
28;2025-12-01;3;0
28;2025-12-01;4;0
28;2025-12-01;5;57
28;2025-12-01;6;267
28;2025-12-01;7;789
28;2025-12-01;8;1207
28;2025-12-01;9;837
28;2025-12-01;10;592
28;2025-12-01;11;573
28;2025-12-01;12;675
28;2025-12-01;13;714
28;2025-12-01;14;659
28;2025-12-01;15;698
28;2025-12-01;16;870
28;2025-12-01;17;984
28;2025-12-01;18;943
28;2025-12-01;19;725
28;2025-12-01;20;463
28;2025-12-01;21;287
28;2025-12-01;22;120
28;2025-12-01;23;15
28;2025-12-02;0;8
28;2025-12-02;1;0
28;2025-12-02;2;0
28;2025-12-02;3;0
28;2025-12-02;4;0
28;2025-12-02;5;58
28;2025-12-02;6;280
28;2025-12-02;7;822
28;2025-12-02;8;1258
28;2025-12-02;9;871
28;2025-12-02;10;640
28;2025-12-02;11;599
28;2025-12-02;12;702
28;2025-12-02;13;745
28;2025-12-02;14;692
28;2025-12-02;15;719
28;2025-12-02;16;879
28;2025-12-02;17;1021
28;2025-12-02;18;968
28;2025-12-02;19;743
28;2025-12-02;20;499
28;2025-12-02;21;301
28;2025-12-02;22;129
28;2025-12-02;23;16
28;2025-12-03;0;8
28;2025-12-03;1;0
28;2025-12-03;2;0
28;2025-12-03;3;0
28;2025-12-03;4;0
28;2025-12-03;5;59
28;2025-12-03;6;277
28;2025-12-03;7;811
28;2025-12-03;8;1241
28;2025-12-03;9;862
28;2025-12-03;10;628
28;2025-12-03;11;600
28;2025-12-03;12;713
28;2025-12-03;13;753
28;2025-12-03;14;699
28;2025-12-03;15;738
28;2025-12-03;16;902
28;2025-12-03;17;1023
28;2025-12-03;18;1000
28;2025-12-03;19;743
28;2025-12-03;20;501
28;2025-12-03;21;317
28;2025-12-03;22;137
28;2025-12-03;23;16
28;2025-12-04;0;8
28;2025-12-04;1;0
28;2025-12-04;2;0
28;2025-12-04;3;0
28;2025-12-04;4;0
28;2025-12-04;5;59
28;2025-12-04;6;275
28;2025-12-04;7;810
28;2025-12-04;8;1246
28;2025-12-04;9;859
28;2025-12-04;10;636
28;2025-12-04;11;600
28;2025-12-04;12;722
28;2025-12-04;13;749
28;2025-12-04;14;699
28;2025-12-04;15;729
28;2025-12-04;16;894
28;2025-12-04;17;1026
28;2025-12-04;18;1018
28;2025-12-04;19;742
28;2025-12-04;20;502
28;2025-12-04;21;319
28;2025-12-04;22;137
28;2025-12-04;23;16
28;2025-12-05;0;8
28;2025-12-05;1;0
28;2025-12-05;2;0
28;2025-12-05;3;0
28;2025-12-05;4;0
28;2025-12-05;5;55
28;2025-12-05;6;264
28;2025-12-05;7;796
28;2025-12-05;8;1217
28;2025-12-05;9;834
28;2025-12-05;10;620
28;2025-12-05;11;594
28;2025-12-05;12;714
28;2025-12-05;13;740
28;2025-12-05;14;707
28;2025-12-05;15;743
28;2025-12-05;16;913
28;2025-12-05;17;1007
28;2025-12-05;18;850
28;2025-12-05;19;637
28;2025-12-05;20;456
28;2025-12-05;21;311
28;2025-12-05;22;137
28;2025-12-05;23;17
28;2025-12-06;0;11
28;2025-12-06;1;0
28;2025-12-06;2;0
28;2025-12-06;3;0
28;2025-12-06;4;0
28;2025-12-06;5;28
28;2025-12-06;6;109
28;2025-12-06;7;245
28;2025-12-06;8;391
28;2025-12-06;9;478
28;2025-12-06;10;493
28;2025-12-06;11;499
28;2025-12-06;12;590
28;2025-12-06;13;631
28;2025-12-06;14;640
28;2025-12-06;15;638
28;2025-12-06;16;592
28;2025-12-06;17;597
28;2025-12-06;18;522
28;2025-12-06;19;437
28;2025-12-06;20;321
28;2025-12-06;21;283
28;2025-12-06;22;136
28;2025-12-06;23;24
28;2025-12-07;0;16
28;2025-12-07;1;0
28;2025-12-07;2;0
28;2025-12-07;3;0
28;2025-12-07;4;0
28;2025-12-07;5;23
28;2025-12-07;6;91
28;2025-12-07;7;172
28;2025-12-07;8;279
28;2025-12-07;9;359
28;2025-12-07;10;395
28;2025-12-07;11;425
28;2025-12-07;12;502
28;2025-12-07;13;569
28;2025-12-07;14;570
28;2025-12-07;15;568
28;2025-12-07;16;533
28;2025-12-07;17;524
28;2025-12-07;18;474
28;2025-12-07;19;389
28;2025-12-07;20;305
28;2025-12-07;21;245
28;2025-12-07;22;111
28;2025-12-07;23;16
28;2025-12-08;0;8
28;2025-12-08;1;0
28;2025-12-08;2;0
28;2025-12-08;3;0
28;2025-12-08;4;0
28;2025-12-08;5;57
28;2025-12-08;6;268
28;2025-12-08;7;793
28;2025-12-08;8;1210
28;2025-12-08;9;840
28;2025-12-08;10;594
28;2025-12-08;11;575
28;2025-12-08;12;680
28;2025-12-08;13;719
28;2025-12-08;14;664
28;2025-12-08;15;703
28;2025-12-08;16;875
28;2025-12-08;17;989
28;2025-12-08;18;948
28;2025-12-08;19;730
28;2025-12-08;20;466
28;2025-12-08;21;289
28;2025-12-08;22;120
28;2025-12-08;23;15
28;2025-12-09;0;8
28;2025-12-09;1;0
28;2025-12-09;2;0
28;2025-12-09;3;0
28;2025-12-09;4;0
28;2025-12-09;5;58
28;2025-12-09;6;278
28;2025-12-09;7;818
28;2025-12-09;8;1252
28;2025-12-09;9;868
28;2025-12-09;10;638
28;2025-12-09;11;597
28;2025-12-09;12;702
28;2025-12-09;13;744
28;2025-12-09;14;691
28;2025-12-09;15;718
28;2025-12-09;16;875
28;2025-12-09;17;1019
28;2025-12-09;18;966
28;2025-12-09;19;740
28;2025-12-09;20;498
28;2025-12-09;21;300
28;2025-12-09;22;129
28;2025-12-09;23;16
28;2025-12-10;0;7
28;2025-12-10;1;0
28;2025-12-10;2;0
28;2025-12-10;3;0
28;2025-12-10;4;0
28;2025-12-10;5;58
28;2025-12-10;6;270
28;2025-12-10;7;786
28;2025-12-10;8;1203
28;2025-12-10;9;835
28;2025-12-10;10;610
28;2025-12-10;11;586
28;2025-12-10;12;695
28;2025-12-10;13;734
28;2025-12-10;14;682
28;2025-12-10;15;719
28;2025-12-10;16;875
28;2025-12-10;17;995
28;2025-12-10;18;973
28;2025-12-10;19;724
28;2025-12-10;20;486
28;2025-12-10;21;308
28;2025-12-10;22;133
28;2025-12-10;23;15
28;2025-12-11;0;7
28;2025-12-11;1;0
28;2025-12-11;2;0
28;2025-12-11;3;0
28;2025-12-11;4;0
28;2025-12-11;5;56
28;2025-12-11;6;263
28;2025-12-11;7;773
28;2025-12-11;8;1195
28;2025-12-11;9;822
28;2025-12-11;10;609
28;2025-12-11;11;573
28;2025-12-11;12;692
28;2025-12-11;13;715
28;2025-12-11;14;668
28;2025-12-11;15;697
28;2025-12-11;16;850
28;2025-12-11;17;982
28;2025-12-11;18;974
28;2025-12-11;19;705
28;2025-12-11;20;476
28;2025-12-11;21;303
28;2025-12-11;22;130
28;2025-12-11;23;15
28;2025-12-12;0;7
28;2025-12-12;1;0
28;2025-12-12;2;0
28;2025-12-12;3;0
28;2025-12-12;4;0
28;2025-12-12;5;52
28;2025-12-12;6;252
28;2025-12-12;7;761
28;2025-12-12;8;1164
28;2025-12-12;9;795
28;2025-12-12;10;591
28;2025-12-12;11;566
28;2025-12-12;12;680
28;2025-12-12;13;703
28;2025-12-12;14;677
28;2025-12-12;15;710
28;2025-12-12;16;873
28;2025-12-12;17;960
28;2025-12-12;18;800
28;2025-12-12;19;597
28;2025-12-12;20;429
28;2025-12-12;21;296
28;2025-12-12;22;130
28;2025-12-12;23;16
28;2025-12-13;0;11
28;2025-12-13;1;0
28;2025-12-13;2;0
28;2025-12-13;3;0
28;2025-12-13;4;0
28;2025-12-13;5;28
28;2025-12-13;6;109
28;2025-12-13;7;245
28;2025-12-13;8;391
28;2025-12-13;9;479
28;2025-12-13;10;494
28;2025-12-13;11;500
28;2025-12-13;12;591
28;2025-12-13;13;632
28;2025-12-13;14;641
28;2025-12-13;15;639
28;2025-12-13;16;594
28;2025-12-13;17;599
28;2025-12-13;18;523
28;2025-12-13;19;439
28;2025-12-13;20;323
28;2025-12-13;21;284
28;2025-12-13;22;137
28;2025-12-13;23;24
28;2025-12-14;0;16
28;2025-12-14;1;0
28;2025-12-14;2;0
28;2025-12-14;3;0
28;2025-12-14;4;0
28;2025-12-14;5;23
28;2025-12-14;6;91
28;2025-12-14;7;173
28;2025-12-14;8;281
28;2025-12-14;9;362
28;2025-12-14;10;397
28;2025-12-14;11;429
28;2025-12-14;12;506
28;2025-12-14;13;573
28;2025-12-14;14;574
28;2025-12-14;15;571
28;2025-12-14;16;536
28;2025-12-14;17;528
28;2025-12-14;18;478
28;2025-12-14;19;393
28;2025-12-14;20;309
28;2025-12-14;21;248
28;2025-12-14;22;112
28;2025-12-14;23;16
28;2025-12-15;0;8
28;2025-12-15;1;0
28;2025-12-15;2;0
28;2025-12-15;3;0
28;2025-12-15;4;0
28;2025-12-15;5;57
28;2025-12-15;6;267
28;2025-12-15;7;791
28;2025-12-15;8;1205
28;2025-12-15;9;835
28;2025-12-15;10;589
28;2025-12-15;11;571
28;2025-12-15;12;674
28;2025-12-15;13;715
28;2025-12-15;14;659
28;2025-12-15;15;699
28;2025-12-15;16;868
28;2025-12-15;17;986
28;2025-12-15;18;944
28;2025-12-15;19;725
28;2025-12-15;20;462
28;2025-12-15;21;287
28;2025-12-15;22;119
28;2025-12-15;23;15
28;2025-12-16;0;7
28;2025-12-16;1;0
28;2025-12-16;2;0
28;2025-12-16;3;0
28;2025-12-16;4;0
28;2025-12-16;5;56
28;2025-12-16;6;271
28;2025-12-16;7;796
28;2025-12-16;8;1216
28;2025-12-16;9;845
28;2025-12-16;10;622
28;2025-12-16;11;583
28;2025-12-16;12;680
28;2025-12-16;13;724
28;2025-12-16;14;674
28;2025-12-16;15;698
28;2025-12-16;16;848
28;2025-12-16;17;990
28;2025-12-16;18;936
28;2025-12-16;19;721
28;2025-12-16;20;484
28;2025-12-16;21;290
28;2025-12-16;22;124
28;2025-12-16;23;15
28;2025-12-17;0;8
28;2025-12-17;1;0
28;2025-12-17;2;0
28;2025-12-17;3;0
28;2025-12-17;4;0
28;2025-12-17;5;59
28;2025-12-17;6;278
28;2025-12-17;7;813
28;2025-12-17;8;1242
28;2025-12-17;9;864
28;2025-12-17;10;631
28;2025-12-17;11;602
28;2025-12-17;12;716
28;2025-12-17;13;756
28;2025-12-17;14;702
28;2025-12-17;15;741
28;2025-12-17;16;905
28;2025-12-17;17;1025
28;2025-12-17;18;1002
28;2025-12-17;19;746
28;2025-12-17;20;504
28;2025-12-17;21;319
28;2025-12-17;22;138
28;2025-12-17;23;16
28;2025-12-18;0;8
28;2025-12-18;1;0
28;2025-12-18;2;0
28;2025-12-18;3;0
28;2025-12-18;4;0
28;2025-12-18;5;59
28;2025-12-18;6;274
28;2025-12-18;7;806
28;2025-12-18;8;1243
28;2025-12-18;9;856
28;2025-12-18;10;634
28;2025-12-18;11;598
28;2025-12-18;12;722
28;2025-12-18;13;749
28;2025-12-18;14;699
28;2025-12-18;15;730
28;2025-12-18;16;893
28;2025-12-18;17;1025
28;2025-12-18;18;1016
28;2025-12-18;19;741
28;2025-12-18;20;501
28;2025-12-18;21;318
28;2025-12-18;22;137
28;2025-12-18;23;16
28;2025-12-19;0;8
28;2025-12-19;1;0
28;2025-12-19;2;0
28;2025-12-19;3;0
28;2025-12-19;4;0
28;2025-12-19;5;55
28;2025-12-19;6;265
28;2025-12-19;7;799
28;2025-12-19;8;1220
28;2025-12-19;9;835
28;2025-12-19;10;622
28;2025-12-19;11;596
28;2025-12-19;12;716
28;2025-12-19;13;744
28;2025-12-19;14;711
28;2025-12-19;15;747
28;2025-12-19;16;918
28;2025-12-19;17;1009
28;2025-12-19;18;854
28;2025-12-19;19;641
28;2025-12-19;20;459
28;2025-12-19;21;313
28;2025-12-19;22;137
28;2025-12-19;23;17
28;2025-12-20;0;11
28;2025-12-20;1;0
28;2025-12-20;2;0
28;2025-12-20;3;0
28;2025-12-20;4;0
28;2025-12-20;5;28
28;2025-12-20;6;108
28;2025-12-20;7;243
28;2025-12-20;8;388
28;2025-12-20;9;476
28;2025-12-20;10;490
28;2025-12-20;11;497
28;2025-12-20;12;589
28;2025-12-20;13;631
28;2025-12-20;14;640
28;2025-12-20;15;638
28;2025-12-20;16;592
28;2025-12-20;17;596
28;2025-12-20;18;520
28;2025-12-20;19;435
28;2025-12-20;20;320
28;2025-12-20;21;282
28;2025-12-20;22;136
28;2025-12-20;23;24
28;2025-12-21;0;15
28;2025-12-21;1;0
28;2025-12-21;2;0
28;2025-12-21;3;0
28;2025-12-21;4;0
28;2025-12-21;5;22
28;2025-12-21;6;89
28;2025-12-21;7;169
28;2025-12-21;8;273
28;2025-12-21;9;352
28;2025-12-21;10;387
28;2025-12-21;11;416
28;2025-12-21;12;492
28;2025-12-21;13;558
28;2025-12-21;14;558
28;2025-12-21;15;555
28;2025-12-21;16;520
28;2025-12-21;17;512
28;2025-12-21;18;464
28;2025-12-21;19;380
28;2025-12-21;20;298
28;2025-12-21;21;239
28;2025-12-21;22;108
28;2025-12-21;23;16
28;2025-12-22;0;7
28;2025-12-22;1;0
28;2025-12-22;2;0
28;2025-12-22;3;0
28;2025-12-22;4;0
28;2025-12-22;5;55
28;2025-12-22;6;259
28;2025-12-22;7;768
28;2025-12-22;8;1174
28;2025-12-22;9;814
28;2025-12-22;10;574
28;2025-12-22;11;557
28;2025-12-22;12;657
28;2025-12-22;13;696
28;2025-12-22;14;643
28;2025-12-22;15;681
28;2025-12-22;16;847
28;2025-12-22;17;958
28;2025-12-22;18;918
28;2025-12-22;19;706
28;2025-12-22;20;448
28;2025-12-22;21;278
28;2025-12-22;22;115
28;2025-12-22;23;15
28;2025-12-23;0;8
28;2025-12-23;1;0
28;2025-12-23;2;0
28;2025-12-23;3;0
28;2025-12-23;4;0
28;2025-12-23;5;59
28;2025-12-23;6;282
28;2025-12-23;7;829
28;2025-12-23;8;1263
28;2025-12-23;9;877
28;2025-12-23;10;641
28;2025-12-23;11;600
28;2025-12-23;12;705
28;2025-12-23;13;750
28;2025-12-23;14;696
28;2025-12-23;15;726
28;2025-12-23;16;885
28;2025-12-23;17;1029
28;2025-12-23;18;976
28;2025-12-23;19;751
28;2025-12-23;20;506
28;2025-12-23;21;305
28;2025-12-23;22;131
28;2025-12-23;23;16
28;2025-12-24;0;8
28;2025-12-24;1;0
28;2025-12-24;2;0
28;2025-12-24;3;0
28;2025-12-24;4;0
28;2025-12-24;5;60
28;2025-12-24;6;278
28;2025-12-24;7;815
28;2025-12-24;8;1244
28;2025-12-24;9;863
28;2025-12-24;10;626
28;2025-12-24;11;598
28;2025-12-24;12;711
28;2025-12-24;13;754
28;2025-12-24;14;699
28;2025-12-24;15;738
28;2025-12-24;16;903
28;2025-12-24;17;1027
28;2025-12-24;18;1004
28;2025-12-24;19;746
28;2025-12-24;20;503
28;2025-12-24;21;319
28;2025-12-24;22;138
28;2025-12-24;23;16
28;2025-12-25;0;7
28;2025-12-25;1;0
28;2025-12-25;2;0
28;2025-12-25;3;0
28;2025-12-25;4;0
28;2025-12-25;5;56
28;2025-12-25;6;265
28;2025-12-25;7;779
28;2025-12-25;8;1205
28;2025-12-25;9;828
28;2025-12-25;10;613
28;2025-12-25;11;577
28;2025-12-25;12;698
28;2025-12-25;13;722
28;2025-12-25;14;675
28;2025-12-25;15;705
28;2025-12-25;16;859
28;2025-12-25;17;992
28;2025-12-25;18;984
28;2025-12-25;19;714
28;2025-12-25;20;482
28;2025-12-25;21;306
28;2025-12-25;22;132
28;2025-12-25;23;15
28;2025-12-26;0;7
28;2025-12-26;1;0
28;2025-12-26;2;0
28;2025-12-26;3;0
28;2025-12-26;4;0
28;2025-12-26;5;52
28;2025-12-26;6;252
28;2025-12-26;7;762
28;2025-12-26;8;1166
28;2025-12-26;9;796
28;2025-12-26;10;591
28;2025-12-26;11;565
28;2025-12-26;12;680
28;2025-12-26;13;704
28;2025-12-26;14;678
28;2025-12-26;15;711
28;2025-12-26;16;875
28;2025-12-26;17;963
28;2025-12-26;18;803
28;2025-12-26;19;599
28;2025-12-26;20;431
28;2025-12-26;21;298
28;2025-12-26;22;131
28;2025-12-26;23;16
28;2025-12-27;0;11
28;2025-12-27;1;0
28;2025-12-27;2;0
28;2025-12-27;3;0
28;2025-12-27;4;0
28;2025-12-27;5;28
28;2025-12-27;6;108
28;2025-12-27;7;244
28;2025-12-27;8;389
28;2025-12-27;9;478
28;2025-12-27;10;492
28;2025-12-27;11;498
28;2025-12-27;12;589
28;2025-12-27;13;631
28;2025-12-27;14;640
28;2025-12-27;15;638
28;2025-12-27;16;592
28;2025-12-27;17;597
28;2025-12-27;18;521
28;2025-12-27;19;437
28;2025-12-27;20;321
28;2025-12-27;21;283
28;2025-12-27;22;136
28;2025-12-27;23;24
28;2025-12-28;0;15
28;2025-12-28;1;0
28;2025-12-28;2;0
28;2025-12-28;3;0
28;2025-12-28;4;0
28;2025-12-28;5;23
28;2025-12-28;6;89
28;2025-12-28;7;169
28;2025-12-28;8;274
28;2025-12-28;9;353
28;2025-12-28;10;387
28;2025-12-28;11;414
28;2025-12-28;12;489
28;2025-12-28;13;555
28;2025-12-28;14;555
28;2025-12-28;15;552
28;2025-12-28;16;518
28;2025-12-28;17;509
28;2025-12-28;18;462
28;2025-12-28;19;379
28;2025-12-28;20;297
28;2025-12-28;21;239
28;2025-12-28;22;108
28;2025-12-28;23;16
28;2025-12-29;0;7
28;2025-12-29;1;0
28;2025-12-29;2;0
28;2025-12-29;3;0
28;2025-12-29;4;0
28;2025-12-29;5;55
28;2025-12-29;6;260
28;2025-12-29;7;770
28;2025-12-29;8;1174
28;2025-12-29;9;815
28;2025-12-29;10;575
28;2025-12-29;11;557
28;2025-12-29;12;657
28;2025-12-29;13;696
28;2025-12-29;14;643
28;2025-12-29;15;681
28;2025-12-29;16;847
28;2025-12-29;17;961
28;2025-12-29;18;925
28;2025-12-29;19;711
28;2025-12-29;20;455
28;2025-12-29;21;282
28;2025-12-29;22;117
28;2025-12-29;23;15
28;2025-12-30;0;7
28;2025-12-30;1;0
28;2025-12-30;2;0
28;2025-12-30;3;0
28;2025-12-30;4;0
28;2025-12-30;5;56
28;2025-12-30;6;269
28;2025-12-30;7;790
28;2025-12-30;8;1206
28;2025-12-30;9;839
28;2025-12-30;10;618
28;2025-12-30;11;576
28;2025-12-30;12;672
28;2025-12-30;13;716
28;2025-12-30;14;666
28;2025-12-30;15;690
28;2025-12-30;16;839
28;2025-12-30;17;983
28;2025-12-30;18;932
28;2025-12-30;19;717
28;2025-12-30;20;482
28;2025-12-30;21;289
28;2025-12-30;22;124
28;2025-12-30;23;15
28;2025-12-31;0;15
28;2025-12-31;1;0
28;2025-12-31;2;0
28;2025-12-31;3;0
28;2025-12-31;4;0
28;2025-12-31;5;23
28;2025-12-31;6;89
28;2025-12-31;7;161
28;2025-12-31;8;263
28;2025-12-31;9;331
28;2025-12-31;10;359
28;2025-12-31;11;398
28;2025-12-31;12;463
28;2025-12-31;13;531
28;2025-12-31;14;536
28;2025-12-31;15;540
28;2025-12-31;16;502
28;2025-12-31;17;501
28;2025-12-31;18;458
28;2025-12-31;19;380
28;2025-12-31;20;300
28;2025-12-31;21;242
28;2025-12-31;22;108
28;2025-12-31;23;15
50;2025-11-01;0;0
50;2025-11-01;1;0
50;2025-11-01;2;0
50;2025-11-01;3;0
50;2025-11-01;4;0
50;2025-11-01;5;0
50;2025-11-01;6;0
50;2025-11-01;7;0
50;2025-11-01;8;0
50;2025-11-01;9;0
50;2025-11-01;10;0
50;2025-11-01;11;0
50;2025-11-01;12;0
50;2025-11-01;13;0
50;2025-11-01;14;0
50;2025-11-01;15;0
50;2025-11-01;16;0
50;2025-11-01;17;0
50;2025-11-01;18;0
50;2025-11-01;19;0
50;2025-11-01;20;0
50;2025-11-01;21;0
50;2025-11-01;22;0
50;2025-11-01;23;0
50;2025-11-02;0;0
50;2025-11-02;1;0
50;2025-11-02;2;0
50;2025-11-02;3;0
50;2025-11-02;4;0
50;2025-11-02;5;0
50;2025-11-02;6;0
50;2025-11-02;7;0
50;2025-11-02;8;0
50;2025-11-02;9;0
50;2025-11-02;10;0
50;2025-11-02;11;0
50;2025-11-02;12;0
50;2025-11-02;13;0
50;2025-11-02;14;0
50;2025-11-02;15;0
50;2025-11-02;16;0
50;2025-11-02;17;0
50;2025-11-02;18;0
50;2025-11-02;19;0
50;2025-11-02;20;0
50;2025-11-02;21;0
50;2025-11-02;22;0
50;2025-11-02;23;0
50;2025-11-03;0;49
50;2025-11-03;1;0
50;2025-11-03;2;0
50;2025-11-03;3;0
50;2025-11-03;4;0
50;2025-11-03;5;24
50;2025-11-03;6;139
50;2025-11-03;7;278
50;2025-11-03;8;434
50;2025-11-03;9;489
50;2025-11-03;10;492
50;2025-11-03;11;622
50;2025-11-03;12;677
50;2025-11-03;13;773
50;2025-11-03;14;804
50;2025-11-03;15;742
50;2025-11-03;16;710
50;2025-11-03;17;740
50;2025-11-03;18;679
50;2025-11-03;19;586
50;2025-11-03;20;445
50;2025-11-03;21;319
50;2025-11-03;22;188
50;2025-11-03;23;104
50;2025-11-04;0;48
50;2025-11-04;1;0
50;2025-11-04;2;0
50;2025-11-04;3;0
50;2025-11-04;4;0
50;2025-11-04;5;25
50;2025-11-04;6;150
50;2025-11-04;7;291
50;2025-11-04;8;447
50;2025-11-04;9;496
50;2025-11-04;10;502
50;2025-11-04;11;629
50;2025-11-04;12;692
50;2025-11-04;13;783
50;2025-11-04;14;818
50;2025-11-04;15;737
50;2025-11-04;16;713
50;2025-11-04;17;746
50;2025-11-04;18;687
50;2025-11-04;19;587
50;2025-11-04;20;447
50;2025-11-04;21;329
50;2025-11-04;22;197
50;2025-11-04;23;104
50;2025-11-05;0;39
50;2025-11-05;1;0
50;2025-11-05;2;0
50;2025-11-05;3;0
50;2025-11-05;4;0
50;2025-11-05;5;65
50;2025-11-05;6;585
50;2025-11-05;7;1893
50;2025-11-05;8;2884
50;2025-11-05;9;2198
50;2025-11-05;10;1687
50;2025-11-05;11;1592
50;2025-11-05;12;1501
50;2025-11-05;13;1536
50;2025-11-05;14;1512
50;2025-11-05;15;1662
50;2025-11-05;16;1846
50;2025-11-05;17;2424
50;2025-11-05;18;2454
50;2025-11-05;19;1510
50;2025-11-05;20;914
50;2025-11-05;21;620
50;2025-11-05;22;294
50;2025-11-05;23;148
50;2025-11-06;0;38
50;2025-11-06;1;0
50;2025-11-06;2;0
50;2025-11-06;3;0
50;2025-11-06;4;0
50;2025-11-06;5;62
50;2025-11-06;6;567
50;2025-11-06;7;1831
50;2025-11-06;8;2805
50;2025-11-06;9;2129
50;2025-11-06;10;1697
50;2025-11-06;11;1546
50;2025-11-06;12;1474
50;2025-11-06;13;1475
50;2025-11-06;14;1434
50;2025-11-06;15;1624
50;2025-11-06;16;1781
50;2025-11-06;17;2358
50;2025-11-06;18;2426
50;2025-11-06;19;1465
50;2025-11-06;20;883
50;2025-11-06;21;604
50;2025-11-06;22;282
50;2025-11-06;23;145
50;2025-11-07;0;40
50;2025-11-07;1;0
50;2025-11-07;2;0
50;2025-11-07;3;0
50;2025-11-07;4;0
50;2025-11-07;5;61
50;2025-11-07;6;535
50;2025-11-07;7;1773
50;2025-11-07;8;2706
50;2025-11-07;9;2042
50;2025-11-07;10;1584
50;2025-11-07;11;1551
50;2025-11-07;12;1489
50;2025-11-07;13;1502
50;2025-11-07;14;1473
50;2025-11-07;15;1729
50;2025-11-07;16;2004
50;2025-11-07;17;2206
50;2025-11-07;18;1780
50;2025-11-07;19;1234
50;2025-11-07;20;811
50;2025-11-07;21;570
50;2025-11-07;22;288
50;2025-11-07;23;155
50;2025-11-08;0;0
50;2025-11-08;1;0
50;2025-11-08;2;0
50;2025-11-08;3;0
50;2025-11-08;4;0
50;2025-11-08;5;0
50;2025-11-08;6;0
50;2025-11-08;7;0
50;2025-11-08;8;0
50;2025-11-08;9;0
50;2025-11-08;10;0
50;2025-11-08;11;0
50;2025-11-08;12;0
50;2025-11-08;13;0
50;2025-11-08;14;0
50;2025-11-08;15;0
50;2025-11-08;16;0
50;2025-11-08;17;0
50;2025-11-08;18;0
50;2025-11-08;19;0
50;2025-11-08;20;0
50;2025-11-08;21;0
50;2025-11-08;22;0
50;2025-11-08;23;0
50;2025-11-09;0;0
50;2025-11-09;1;0
50;2025-11-09;2;0
50;2025-11-09;3;0
50;2025-11-09;4;0
50;2025-11-09;5;0
50;2025-11-09;6;0
50;2025-11-09;7;0
50;2025-11-09;8;0
50;2025-11-09;9;0
50;2025-11-09;10;0
50;2025-11-09;11;0
50;2025-11-09;12;0
50;2025-11-09;13;0
50;2025-11-09;14;0
50;2025-11-09;15;0
50;2025-11-09;16;0
50;2025-11-09;17;0
50;2025-11-09;18;0
50;2025-11-09;19;0
50;2025-11-09;20;0
50;2025-11-09;21;0
50;2025-11-09;22;0
50;2025-11-09;23;0
50;2025-11-10;0;39
50;2025-11-10;1;0
50;2025-11-10;2;0
50;2025-11-10;3;0
50;2025-11-10;4;0
50;2025-11-10;5;63
50;2025-11-10;6;565
50;2025-11-10;7;1864
50;2025-11-10;8;2849
50;2025-11-10;9;2145
50;2025-11-10;10;1637
50;2025-11-10;11;1535
50;2025-11-10;12;1428
50;2025-11-10;13;1474
50;2025-11-10;14;1451
50;2025-11-10;15;1648
50;2025-11-10;16;1783
50;2025-11-10;17;2370
50;2025-11-10;18;2456
50;2025-11-10;19;1493
50;2025-11-10;20;903
50;2025-11-10;21;588
50;2025-11-10;22;267
50;2025-11-10;23;135
50;2025-11-11;0;39
50;2025-11-11;1;0
50;2025-11-11;2;0
50;2025-11-11;3;0
50;2025-11-11;4;0
50;2025-11-11;5;66
50;2025-11-11;6;614
50;2025-11-11;7;1964
50;2025-11-11;8;2980
50;2025-11-11;9;2245
50;2025-11-11;10;1715
50;2025-11-11;11;1607
50;2025-11-11;12;1517
50;2025-11-11;13;1544
50;2025-11-11;14;1520
50;2025-11-11;15;1695
50;2025-11-11;16;1854
50;2025-11-11;17;2489
50;2025-11-11;18;2569
50;2025-11-11;19;1546
50;2025-11-11;20;929
50;2025-11-11;21;631
50;2025-11-11;22;296
50;2025-11-11;23;141
50;2025-11-12;0;38
50;2025-11-12;1;0
50;2025-11-12;2;0
50;2025-11-12;3;0
50;2025-11-12;4;0
50;2025-11-12;5;64
50;2025-11-12;6;581
50;2025-11-12;7;1879
50;2025-11-12;8;2868
50;2025-11-12;9;2172
50;2025-11-12;10;1664
50;2025-11-12;11;1567
50;2025-11-12;12;1475
50;2025-11-12;13;1514
50;2025-11-12;14;1499
50;2025-11-12;15;1645
50;2025-11-12;16;1831
50;2025-11-12;17;2404
50;2025-11-12;18;2439
50;2025-11-12;19;1495
50;2025-11-12;20;896
50;2025-11-12;21;610
50;2025-11-12;22;290
50;2025-11-12;23;145
50;2025-11-13;0;40
50;2025-11-13;1;0
50;2025-11-13;2;0
50;2025-11-13;3;0
50;2025-11-13;4;0
50;2025-11-13;5;65
50;2025-11-13;6;593
50;2025-11-13;7;1895
50;2025-11-13;8;2911
50;2025-11-13;9;2196
50;2025-11-13;10;1741
50;2025-11-13;11;1595
50;2025-11-13;12;1523
50;2025-11-13;13;1524
50;2025-11-13;14;1486
50;2025-11-13;15;1689
50;2025-11-13;16;1851
50;2025-11-13;17;2452
50;2025-11-13;18;2528
50;2025-11-13;19;1529
50;2025-11-13;20;919
50;2025-11-13;21;632
50;2025-11-13;22;297
50;2025-11-13;23;152
50;2025-11-14;0;39
50;2025-11-14;1;0
50;2025-11-14;2;0
50;2025-11-14;3;0
50;2025-11-14;4;0
50;2025-11-14;5;61
50;2025-11-14;6;538
50;2025-11-14;7;1782
50;2025-11-14;8;2722
50;2025-11-14;9;2048
50;2025-11-14;10;1584
50;2025-11-14;11;1554
50;2025-11-14;12;1493
50;2025-11-14;13;1506
50;2025-11-14;14;1482
50;2025-11-14;15;1743
50;2025-11-14;16;2024
50;2025-11-14;17;2226
50;2025-11-14;18;1794
50;2025-11-14;19;1246
50;2025-11-14;20;815
50;2025-11-14;21;573
50;2025-11-14;22;288
50;2025-11-14;23;154
50;2025-11-15;0;58
50;2025-11-15;1;0
50;2025-11-15;2;0
50;2025-11-15;3;0
50;2025-11-15;4;0
50;2025-11-15;5;36
50;2025-11-15;6;198
50;2025-11-15;7;420
50;2025-11-15;8;612
50;2025-11-15;9;611
50;2025-11-15;10;581
50;2025-11-15;11;678
50;2025-11-15;12;725
50;2025-11-15;13;767
50;2025-11-15;14;781
50;2025-11-15;15;758
50;2025-11-15;16;743
50;2025-11-15;17;743
50;2025-11-15;18;651
50;2025-11-15;19;610
50;2025-11-15;20;443
50;2025-11-15;21;358
50;2025-11-15;22;196
50;2025-11-15;23;139
50;2025-11-16;0;52
50;2025-11-16;1;0
50;2025-11-16;2;0
50;2025-11-16;3;0
50;2025-11-16;4;0
50;2025-11-16;5;26
50;2025-11-16;6;152
50;2025-11-16;7;281
50;2025-11-16;8;442
50;2025-11-16;9;509
50;2025-11-16;10;529
50;2025-11-16;11;689
50;2025-11-16;12;749
50;2025-11-16;13;838
50;2025-11-16;14;866
50;2025-11-16;15;793
50;2025-11-16;16;770
50;2025-11-16;17;788
50;2025-11-16;18;707
50;2025-11-16;19;614
50;2025-11-16;20;470
50;2025-11-16;21;352
50;2025-11-16;22;211
50;2025-11-16;23;117
50;2025-11-17;0;38
50;2025-11-17;1;0
50;2025-11-17;2;0
50;2025-11-17;3;0
50;2025-11-17;4;0
50;2025-11-17;5;61
50;2025-11-17;6;545
50;2025-11-17;7;1805
50;2025-11-17;8;2757
50;2025-11-17;9;2079
50;2025-11-17;10;1581
50;2025-11-17;11;1480
50;2025-11-17;12;1375
50;2025-11-17;13;1424
50;2025-11-17;14;1402
50;2025-11-17;15;1595
50;2025-11-17;16;1719
50;2025-11-17;17;2287
50;2025-11-17;18;2376
50;2025-11-17;19;1444
50;2025-11-17;20;867
50;2025-11-17;21;562
50;2025-11-17;22;255
50;2025-11-17;23;129
50;2025-11-18;0;36
50;2025-11-18;1;0
50;2025-11-18;2;0
50;2025-11-18;3;0
50;2025-11-18;4;0
50;2025-11-18;5;61
50;2025-11-18;6;567
50;2025-11-18;7;1828
50;2025-11-18;8;2767
50;2025-11-18;9;2103
50;2025-11-18;10;1587
50;2025-11-18;11;1466
50;2025-11-18;12;1381
50;2025-11-18;13;1417
50;2025-11-18;14;1401
50;2025-11-18;15;1548
50;2025-11-18;16;1689
50;2025-11-18;17;2292
50;2025-11-18;18;2376
50;2025-11-18;19;1423
50;2025-11-18;20;855
50;2025-11-18;21;578
50;2025-11-18;22;268
50;2025-11-18;23;127
50;2025-11-19;0;39
50;2025-11-19;1;0
50;2025-11-19;2;0
50;2025-11-19;3;0
50;2025-11-19;4;0
50;2025-11-19;5;66
50;2025-11-19;6;595
50;2025-11-19;7;1921
50;2025-11-19;8;2927
50;2025-11-19;9;2223
50;2025-11-19;10;1703
50;2025-11-19;11;1608
50;2025-11-19;12;1517
50;2025-11-19;13;1553
50;2025-11-19;14;1533
50;2025-11-19;15;1691
50;2025-11-19;16;1875
50;2025-11-19;17;2460
50;2025-11-19;18;2499
50;2025-11-19;19;1535
50;2025-11-19;20;925
50;2025-11-19;21;628
50;2025-11-19;22;300
50;2025-11-19;23;151
50;2025-11-20;0;41
50;2025-11-20;1;0
50;2025-11-20;2;0
50;2025-11-20;3;0
50;2025-11-20;4;0
50;2025-11-20;5;66
50;2025-11-20;6;594
50;2025-11-20;7;1907
50;2025-11-20;8;2913
50;2025-11-20;9;2210
50;2025-11-20;10;1750
50;2025-11-20;11;1603
50;2025-11-20;12;1532
50;2025-11-20;13;1533
50;2025-11-20;14;1494
50;2025-11-20;15;1697
50;2025-11-20;16;1860
50;2025-11-20;17;2458
50;2025-11-20;18;2538
50;2025-11-20;19;1539
50;2025-11-20;20;928
50;2025-11-20;21;638
50;2025-11-20;22;299
50;2025-11-20;23;153
50;2025-11-21;0;41
50;2025-11-21;1;0
50;2025-11-21;2;0
50;2025-11-21;3;0
50;2025-11-21;4;0
50;2025-11-21;5;63
50;2025-11-21;6;552
50;2025-11-21;7;1820
50;2025-11-21;8;2769
50;2025-11-21;9;2091
50;2025-11-21;10;1620
50;2025-11-21;11;1590
50;2025-11-21;12;1524
50;2025-11-21;13;1538
50;2025-11-21;14;1514
50;2025-11-21;15;1779
50;2025-11-21;16;2063
50;2025-11-21;17;2273
50;2025-11-21;18;1857
50;2025-11-21;19;1287
50;2025-11-21;20;839
50;2025-11-21;21;590
50;2025-11-21;22;297
50;2025-11-21;23;159
50;2025-11-22;0;59
50;2025-11-22;1;0
50;2025-11-22;2;0
50;2025-11-22;3;0
50;2025-11-22;4;0
50;2025-11-22;5;36
50;2025-11-22;6;200
50;2025-11-22;7;423
50;2025-11-22;8;619
50;2025-11-22;9;617
50;2025-11-22;10;600
50;2025-11-22;11;708
50;2025-11-22;12;759
50;2025-11-22;13;802
50;2025-11-22;14;817
50;2025-11-22;15;791
50;2025-11-22;16;774
50;2025-11-22;17;763
50;2025-11-22;18;664
50;2025-11-22;19;625
50;2025-11-22;20;456
50;2025-11-22;21;369
50;2025-11-22;22;203
50;2025-11-22;23;143
50;2025-11-23;0;52
50;2025-11-23;1;0
50;2025-11-23;2;0
50;2025-11-23;3;0
50;2025-11-23;4;0
50;2025-11-23;5;26
50;2025-11-23;6;150
50;2025-11-23;7;279
50;2025-11-23;8;439
50;2025-11-23;9;505
50;2025-11-23;10;525
50;2025-11-23;11;684
50;2025-11-23;12;744
50;2025-11-23;13;834
50;2025-11-23;14;862
50;2025-11-23;15;787
50;2025-11-23;16;764
50;2025-11-23;17;781
50;2025-11-23;18;700
50;2025-11-23;19;606
50;2025-11-23;20;464
50;2025-11-23;21;347
50;2025-11-23;22;208
50;2025-11-23;23;115
50;2025-11-24;0;37
50;2025-11-24;1;0
50;2025-11-24;2;0
50;2025-11-24;3;0
50;2025-11-24;4;0
50;2025-11-24;5;59
50;2025-11-24;6;528
50;2025-11-24;7;1768
50;2025-11-24;8;2696
50;2025-11-24;9;2036
50;2025-11-24;10;1542
50;2025-11-24;11;1437
50;2025-11-24;12;1330
50;2025-11-24;13;1381
50;2025-11-24;14;1360
50;2025-11-24;15;1547
50;2025-11-24;16;1670
50;2025-11-24;17;2230
50;2025-11-24;18;2318
50;2025-11-24;19;1402
50;2025-11-24;20;840
50;2025-11-24;21;544
50;2025-11-24;22;247
50;2025-11-24;23;124
50;2025-11-25;0;39
50;2025-11-25;1;0
50;2025-11-25;2;0
50;2025-11-25;3;0
50;2025-11-25;4;0
50;2025-11-25;5;66
50;2025-11-25;6;610
50;2025-11-25;7;1949
50;2025-11-25;8;2959
50;2025-11-25;9;2227
50;2025-11-25;10;1703
50;2025-11-25;11;1596
50;2025-11-25;12;1507
50;2025-11-25;13;1536
50;2025-11-25;14;1513
50;2025-11-25;15;1686
50;2025-11-25;16;1842
50;2025-11-25;17;2473
50;2025-11-25;18;2551
50;2025-11-25;19;1532
50;2025-11-25;20;922
50;2025-11-25;21;627
50;2025-11-25;22;294
50;2025-11-25;23;140
50;2025-11-26;0;37
50;2025-11-26;1;0
50;2025-11-26;2;0
50;2025-11-26;3;0
50;2025-11-26;4;0
50;2025-11-26;5;62
50;2025-11-26;6;560
50;2025-11-26;7;1828
50;2025-11-26;8;2783
50;2025-11-26;9;2123
50;2025-11-26;10;1610
50;2025-11-26;11;1504
50;2025-11-26;12;1414
50;2025-11-26;13;1460
50;2025-11-26;14;1443
50;2025-11-26;15;1584
50;2025-11-26;16;1768
50;2025-11-26;17;2323
50;2025-11-26;18;2359
50;2025-11-26;19;1442
50;2025-11-26;20;864
50;2025-11-26;21;588
50;2025-11-26;22;280
50;2025-11-26;23;140
50;2025-11-27;0;39
50;2025-11-27;1;0
50;2025-11-27;2;0
50;2025-11-27;3;0
50;2025-11-27;4;0
50;2025-11-27;5;62
50;2025-11-27;6;568
50;2025-11-27;7;1828
50;2025-11-27;8;2811
50;2025-11-27;9;2125
50;2025-11-27;10;1689
50;2025-11-27;11;1536
50;2025-11-27;12;1464
50;2025-11-27;13;1465
50;2025-11-27;14;1430
50;2025-11-27;15;1626
50;2025-11-27;16;1783
50;2025-11-27;17;2358
50;2025-11-27;18;2436
50;2025-11-27;19;1460
50;2025-11-27;20;878
50;2025-11-27;21;602
50;2025-11-27;22;283
50;2025-11-27;23;145
50;2025-11-28;0;40
50;2025-11-28;1;0
50;2025-11-28;2;0
50;2025-11-28;3;0
50;2025-11-28;4;0
50;2025-11-28;5;62
50;2025-11-28;6;547
50;2025-11-28;7;1807
50;2025-11-28;8;2756
50;2025-11-28;9;2071
50;2025-11-28;10;1604
50;2025-11-28;11;1572
50;2025-11-28;12;1508
50;2025-11-28;13;1521
50;2025-11-28;14;1496
50;2025-11-28;15;1763
50;2025-11-28;16;2043
50;2025-11-28;17;2255
50;2025-11-28;18;1834
50;2025-11-28;19;1269
50;2025-11-28;20;829
50;2025-11-28;21;583
50;2025-11-28;22;293
50;2025-11-28;23;156
50;2025-11-29;0;63
50;2025-11-29;1;0
50;2025-11-29;2;0
50;2025-11-29;3;0
50;2025-11-29;4;0
50;2025-11-29;5;38
50;2025-11-29;6;208
50;2025-11-29;7;442
50;2025-11-29;8;641
50;2025-11-29;9;646
50;2025-11-29;10;630
50;2025-11-29;11;757
50;2025-11-29;12;811
50;2025-11-29;13;857
50;2025-11-29;14;872
50;2025-11-29;15;847
50;2025-11-29;16;825
50;2025-11-29;17;813
50;2025-11-29;18;709
50;2025-11-29;19;667
50;2025-11-29;20;486
50;2025-11-29;21;395
50;2025-11-29;22;218
50;2025-11-29;23;154
50;2025-11-30;0;53
50;2025-11-30;1;0
50;2025-11-30;2;0
50;2025-11-30;3;0
50;2025-11-30;4;0
50;2025-11-30;5;26
50;2025-11-30;6;153
50;2025-11-30;7;283
50;2025-11-30;8;450
50;2025-11-30;9;517
50;2025-11-30;10;537
50;2025-11-30;11;705
50;2025-11-30;12;771
50;2025-11-30;13;864
50;2025-11-30;14;894
50;2025-11-30;15;820
50;2025-11-30;16;792
50;2025-11-30;17;806
50;2025-11-30;18;719
50;2025-11-30;19;619
50;2025-11-30;20;471
50;2025-11-30;21;353
50;2025-11-30;22;216
50;2025-11-30;23;119
50;2025-12-01;0;40
50;2025-12-01;1;0
50;2025-12-01;2;0
50;2025-12-01;3;0
50;2025-12-01;4;0
50;2025-12-01;5;63
50;2025-12-01;6;575
50;2025-12-01;7;1882
50;2025-12-01;8;2882
50;2025-12-01;9;2156
50;2025-12-01;10;1652
50;2025-12-01;11;1563
50;2025-12-01;12;1455
50;2025-12-01;13;1500
50;2025-12-01;14;1477
50;2025-12-01;15;1693
50;2025-12-01;16;1821
50;2025-12-01;17;2425
50;2025-12-01;18;2507
50;2025-12-01;19;1520
50;2025-12-01;20;910
50;2025-12-01;21;593
50;2025-12-01;22;275
50;2025-12-01;23;138
50;2025-12-02;0;40
50;2025-12-02;1;0
50;2025-12-02;2;0
50;2025-12-02;3;0
50;2025-12-02;4;0
50;2025-12-02;5;67
50;2025-12-02;6;621
50;2025-12-02;7;1978
50;2025-12-02;8;3010
50;2025-12-02;9;2248
50;2025-12-02;10;1726
50;2025-12-02;11;1636
50;2025-12-02;12;1546
50;2025-12-02;13;1570
50;2025-12-02;14;1544
50;2025-12-02;15;1742
50;2025-12-02;16;1886
50;2025-12-02;17;2540
50;2025-12-02;18;2615
50;2025-12-02;19;1566
50;2025-12-02;20;937
50;2025-12-02;21;637
50;2025-12-02;22;302
50;2025-12-02;23;144
50;2025-12-03;0;40
50;2025-12-03;1;0
50;2025-12-03;2;0
50;2025-12-03;3;0
50;2025-12-03;4;0
50;2025-12-03;5;66
50;2025-12-03;6;605
50;2025-12-03;7;1943
50;2025-12-03;8;2968
50;2025-12-03;9;2227
50;2025-12-03;10;1718
50;2025-12-03;11;1642
50;2025-12-03;12;1553
50;2025-12-03;13;1582
50;2025-12-03;14;1562
50;2025-12-03;15;1746
50;2025-12-03;16;1916
50;2025-12-03;17;2523
50;2025-12-03;18;2558
50;2025-12-03;19;1558
50;2025-12-03;20;935
50;2025-12-03;21;635
50;2025-12-03;22;307
50;2025-12-03;23;153
50;2025-12-04;0;41
50;2025-12-04;1;0
50;2025-12-04;2;0
50;2025-12-04;3;0
50;2025-12-04;4;0
50;2025-12-04;5;66
50;2025-12-04;6;606
50;2025-12-04;7;1925
50;2025-12-04;8;2960
50;2025-12-04;9;2214
50;2025-12-04;10;1763
50;2025-12-04;11;1638
50;2025-12-04;12;1568
50;2025-12-04;13;1567
50;2025-12-04;14;1528
50;2025-12-04;15;1752
50;2025-12-04;16;1904
50;2025-12-04;17;2523
50;2025-12-04;18;2598
50;2025-12-04;19;1559
50;2025-12-04;20;936
50;2025-12-04;21;642
50;2025-12-04;22;307
50;2025-12-04;23;156
50;2025-12-05;0;43
50;2025-12-05;1;0
50;2025-12-05;2;0
50;2025-12-05;3;0
50;2025-12-05;4;0
50;2025-12-05;5;65
50;2025-12-05;6;578
50;2025-12-05;7;1886
50;2025-12-05;8;2880
50;2025-12-05;9;2150
50;2025-12-05;10;1675
50;2025-12-05;11;1655
50;2025-12-05;12;1588
50;2025-12-05;13;1595
50;2025-12-05;14;1569
50;2025-12-05;15;1858
50;2025-12-05;16;2122
50;2025-12-05;17;2406
50;2025-12-05;18;2003
50;2025-12-05;19;1358
50;2025-12-05;20;880
50;2025-12-05;21;616
50;2025-12-05;22;312
50;2025-12-05;23;163
50;2025-12-06;0;65
50;2025-12-06;1;0
50;2025-12-06;2;0
50;2025-12-06;3;0
50;2025-12-06;4;0
50;2025-12-06;5;39
50;2025-12-06;6;212
50;2025-12-06;7;446
50;2025-12-06;8;655
50;2025-12-06;9;652
50;2025-12-06;10;647
50;2025-12-06;11;788
50;2025-12-06;12;844
50;2025-12-06;13;889
50;2025-12-06;14;905
50;2025-12-06;15;888
50;2025-12-06;16;856
50;2025-12-06;17;842
50;2025-12-06;18;729
50;2025-12-06;19;682
50;2025-12-06;20;491
50;2025-12-06;21;399
50;2025-12-06;22;224
50;2025-12-06;23;156
50;2025-12-07;0;53
50;2025-12-07;1;0
50;2025-12-07;2;0
50;2025-12-07;3;0
50;2025-12-07;4;0
50;2025-12-07;5;26
50;2025-12-07;6;156
50;2025-12-07;7;288
50;2025-12-07;8;458
50;2025-12-07;9;525
50;2025-12-07;10;546
50;2025-12-07;11;719
50;2025-12-07;12;790
50;2025-12-07;13;881
50;2025-12-07;14;911
50;2025-12-07;15;841
50;2025-12-07;16;811
50;2025-12-07;17;824
50;2025-12-07;18;729
50;2025-12-07;19;629
50;2025-12-07;20;477
50;2025-12-07;21;358
50;2025-12-07;22;221
50;2025-12-07;23;122
50;2025-12-08;0;40
50;2025-12-08;1;0
50;2025-12-08;2;0
50;2025-12-08;3;0
50;2025-12-08;4;0
50;2025-12-08;5;64
50;2025-12-08;6;580
50;2025-12-08;7;1886
50;2025-12-08;8;2891
50;2025-12-08;9;2157
50;2025-12-08;10;1653
50;2025-12-08;11;1569
50;2025-12-08;12;1464
50;2025-12-08;13;1508
50;2025-12-08;14;1485
50;2025-12-08;15;1706
50;2025-12-08;16;1829
50;2025-12-08;17;2439
50;2025-12-08;18;2520
50;2025-12-08;19;1527
50;2025-12-08;20;918
50;2025-12-08;21;599
50;2025-12-08;22;278
50;2025-12-08;23;139
50;2025-12-09;0;40
50;2025-12-09;1;0
50;2025-12-09;2;0
50;2025-12-09;3;0
50;2025-12-09;4;0
50;2025-12-09;5;67
50;2025-12-09;6;621
50;2025-12-09;7;1971
50;2025-12-09;8;2995
50;2025-12-09;9;2239
50;2025-12-09;10;1720
50;2025-12-09;11;1632
50;2025-12-09;12;1545
50;2025-12-09;13;1570
50;2025-12-09;14;1545
50;2025-12-09;15;1742
50;2025-12-09;16;1884
50;2025-12-09;17;2534
50;2025-12-09;18;2611
50;2025-12-09;19;1564
50;2025-12-09;20;936
50;2025-12-09;21;639
50;2025-12-09;22;303
50;2025-12-09;23;145
50;2025-12-10;0;39
50;2025-12-10;1;0
50;2025-12-10;2;0
50;2025-12-10;3;0
50;2025-12-10;4;0
50;2025-12-10;5;65
50;2025-12-10;6;591
50;2025-12-10;7;1895
50;2025-12-10;8;2893
50;2025-12-10;9;2176
50;2025-12-10;10;1675
50;2025-12-10;11;1597
50;2025-12-10;12;1508
50;2025-12-10;13;1544
50;2025-12-10;14;1529
50;2025-12-10;15;1698
50;2025-12-10;16;1868
50;2025-12-10;17;2458
50;2025-12-10;18;2492
50;2025-12-10;19;1519
50;2025-12-10;20;911
50;2025-12-10;21;620
50;2025-12-10;22;299
50;2025-12-10;23;149
50;2025-12-11;0;39
50;2025-12-11;1;0
50;2025-12-11;2;0
50;2025-12-11;3;0
50;2025-12-11;4;0
50;2025-12-11;5;63
50;2025-12-11;6;580
50;2025-12-11;7;1846
50;2025-12-11;8;2849
50;2025-12-11;9;2136
50;2025-12-11;10;1704
50;2025-12-11;11;1569
50;2025-12-11;12;1501
50;2025-12-11;13;1501
50;2025-12-11;14;1465
50;2025-12-11;15;1680
50;2025-12-11;16;1826
50;2025-12-11;17;2420
50;2025-12-11;18;2495
50;2025-12-11;19;1488
50;2025-12-11;20;891
50;2025-12-11;21;611
50;2025-12-11;22;291
50;2025-12-11;23;148
50;2025-12-12;0;41
50;2025-12-12;1;0
50;2025-12-12;2;0
50;2025-12-12;3;0
50;2025-12-12;4;0
50;2025-12-12;5;63
50;2025-12-12;6;554
50;2025-12-12;7;1805
50;2025-12-12;8;2764
50;2025-12-12;9;2062
50;2025-12-12;10;1600
50;2025-12-12;11;1581
50;2025-12-12;12;1522
50;2025-12-12;13;1530
50;2025-12-12;14;1505
50;2025-12-12;15;1789
50;2025-12-12;16;2044
50;2025-12-12;17;2289
50;2025-12-12;18;1884
50;2025-12-12;19;1281
50;2025-12-12;20;834
50;2025-12-12;21;588
50;2025-12-12;22;298
50;2025-12-12;23;156
50;2025-12-13;0;65
50;2025-12-13;1;0
50;2025-12-13;2;0
50;2025-12-13;3;0
50;2025-12-13;4;0
50;2025-12-13;5;39
50;2025-12-13;6;213
50;2025-12-13;7;448
50;2025-12-13;8;656
50;2025-12-13;9;655
50;2025-12-13;10;649
50;2025-12-13;11;790
50;2025-12-13;12;846
50;2025-12-13;13;892
50;2025-12-13;14;907
50;2025-12-13;15;890
50;2025-12-13;16;858
50;2025-12-13;17;845
50;2025-12-13;18;734
50;2025-12-13;19;686
50;2025-12-13;20;496
50;2025-12-13;21;402
50;2025-12-13;22;225
50;2025-12-13;23;157
50;2025-12-14;0;54
50;2025-12-14;1;0
50;2025-12-14;2;0
50;2025-12-14;3;0
50;2025-12-14;4;0
50;2025-12-14;5;26
50;2025-12-14;6;157
50;2025-12-14;7;289
50;2025-12-14;8;459
50;2025-12-14;9;527
50;2025-12-14;10;547
50;2025-12-14;11;720
50;2025-12-14;12;791
50;2025-12-14;13;882
50;2025-12-14;14;912
50;2025-12-14;15;842
50;2025-12-14;16;812
50;2025-12-14;17;826
50;2025-12-14;18;731
50;2025-12-14;19;632
50;2025-12-14;20;479
50;2025-12-14;21;359
50;2025-12-14;22;222
50;2025-12-14;23;122
50;2025-12-15;0;40
50;2025-12-15;1;0
50;2025-12-15;2;0
50;2025-12-15;3;0
50;2025-12-15;4;0
50;2025-12-15;5;64
50;2025-12-15;6;578
50;2025-12-15;7;1875
50;2025-12-15;8;2869
50;2025-12-15;9;2134
50;2025-12-15;10;1633
50;2025-12-15;11;1556
50;2025-12-15;12;1451
50;2025-12-15;13;1495
50;2025-12-15;14;1472
50;2025-12-15;15;1691
50;2025-12-15;16;1810
50;2025-12-15;17;2422
50;2025-12-15;18;2502
50;2025-12-15;19;1513
50;2025-12-15;20;907
50;2025-12-15;21;594
50;2025-12-15;22;275
50;2025-12-15;23;138
50;2025-12-16;0;39
50;2025-12-16;1;0
50;2025-12-16;2;0
50;2025-12-16;3;0
50;2025-12-16;4;0
50;2025-12-16;5;65
50;2025-12-16;6;609
50;2025-12-16;7;1925
50;2025-12-16;8;2923
50;2025-12-16;9;2186
50;2025-12-16;10;1678
50;2025-12-16;11;1583
50;2025-12-16;12;1499
50;2025-12-16;13;1531
50;2025-12-16;14;1508
50;2025-12-16;15;1697
50;2025-12-16;16;1831
50;2025-12-16;17;2471
50;2025-12-16;18;2549
50;2025-12-16;19;1524
50;2025-12-16;20;913
50;2025-12-16;21;622
50;2025-12-16;22;294
50;2025-12-16;23;140
50;2025-12-17;0;41
50;2025-12-17;1;0
50;2025-12-17;2;0
50;2025-12-17;3;0
50;2025-12-17;4;0
50;2025-12-17;5;67
50;2025-12-17;6;610
50;2025-12-17;7;1950
50;2025-12-17;8;2975
50;2025-12-17;9;2236
50;2025-12-17;10;1724
50;2025-12-17;11;1648
50;2025-12-17;12;1559
50;2025-12-17;13;1589
50;2025-12-17;14;1571
50;2025-12-17;15;1755
50;2025-12-17;16;1925
50;2025-12-17;17;2531
50;2025-12-17;18;2566
50;2025-12-17;19;1564
50;2025-12-17;20;942
50;2025-12-17;21;641
50;2025-12-17;22;310
50;2025-12-17;23;154
50;2025-12-18;0;41
50;2025-12-18;1;0
50;2025-12-18;2;0
50;2025-12-18;3;0
50;2025-12-18;4;0
50;2025-12-18;5;66
50;2025-12-18;6;607
50;2025-12-18;7;1920
50;2025-12-18;8;2953
50;2025-12-18;9;2211
50;2025-12-18;10;1761
50;2025-12-18;11;1636
50;2025-12-18;12;1567
50;2025-12-18;13;1569
50;2025-12-18;14;1531
50;2025-12-18;15;1754
50;2025-12-18;16;1905
50;2025-12-18;17;2518
50;2025-12-18;18;2594
50;2025-12-18;19;1557
50;2025-12-18;20;936
50;2025-12-18;21;645
50;2025-12-18;22;308
50;2025-12-18;23;156
50;2025-12-19;0;43
50;2025-12-19;1;0
50;2025-12-19;2;0
50;2025-12-19;3;0
50;2025-12-19;4;0
50;2025-12-19;5;66
50;2025-12-19;6;581
50;2025-12-19;7;1889
50;2025-12-19;8;2881
50;2025-12-19;9;2153
50;2025-12-19;10;1679
50;2025-12-19;11;1659
50;2025-12-19;12;1592
50;2025-12-19;13;1601
50;2025-12-19;14;1577
50;2025-12-19;15;1866
50;2025-12-19;16;2129
50;2025-12-19;17;2409
50;2025-12-19;18;2019
50;2025-12-19;19;1364
50;2025-12-19;20;887
50;2025-12-19;21;621
50;2025-12-19;22;315
50;2025-12-19;23;165
50;2025-12-20;0;65
50;2025-12-20;1;0
50;2025-12-20;2;0
50;2025-12-20;3;0
50;2025-12-20;4;0
50;2025-12-20;5;39
50;2025-12-20;6;212
50;2025-12-20;7;446
50;2025-12-20;8;653
50;2025-12-20;9;653
50;2025-12-20;10;647
50;2025-12-20;11;790
50;2025-12-20;12;847
50;2025-12-20;13;894
50;2025-12-20;14;910
50;2025-12-20;15;892
50;2025-12-20;16;860
50;2025-12-20;17;844
50;2025-12-20;18;733
50;2025-12-20;19;683
50;2025-12-20;20;494
50;2025-12-20;21;401
50;2025-12-20;22;225
50;2025-12-20;23;157
50;2025-12-21;0;52
50;2025-12-21;1;0
50;2025-12-21;2;0
50;2025-12-21;3;0
50;2025-12-21;4;0
50;2025-12-21;5;26
50;2025-12-21;6;153
50;2025-12-21;7;282
50;2025-12-21;8;449
50;2025-12-21;9;516
50;2025-12-21;10;535
50;2025-12-21;11;705
50;2025-12-21;12;779
50;2025-12-21;13;870
50;2025-12-21;14;900
50;2025-12-21;15;830
50;2025-12-21;16;799
50;2025-12-21;17;808
50;2025-12-21;18;713
50;2025-12-21;19;616
50;2025-12-21;20;468
50;2025-12-21;21;350
50;2025-12-21;22;217
50;2025-12-21;23;120
50;2025-12-22;0;39
50;2025-12-22;1;0
50;2025-12-22;2;0
50;2025-12-22;3;0
50;2025-12-22;4;0
50;2025-12-22;5;62
50;2025-12-22;6;563
50;2025-12-22;7;1833
50;2025-12-22;8;2807
50;2025-12-22;9;2091
50;2025-12-22;10;1602
50;2025-12-22;11;1520
50;2025-12-22;12;1418
50;2025-12-22;13;1465
50;2025-12-22;14;1444
50;2025-12-22;15;1660
50;2025-12-22;16;1775
50;2025-12-22;17;2367
50;2025-12-22;18;2450
50;2025-12-22;19;1482
50;2025-12-22;20;888
50;2025-12-22;21;579
50;2025-12-22;22;268
50;2025-12-22;23;134
50;2025-12-23;0;41
50;2025-12-23;1;0
50;2025-12-23;2;0
50;2025-12-23;3;0
50;2025-12-23;4;0
50;2025-12-23;5;68
50;2025-12-23;6;631
50;2025-12-23;7;1990
50;2025-12-23;8;3018
50;2025-12-23;9;2252
50;2025-12-23;10;1724
50;2025-12-23;11;1642
50;2025-12-23;12;1554
50;2025-12-23;13;1578
50;2025-12-23;14;1555
50;2025-12-23;15;1760
50;2025-12-23;16;1903
50;2025-12-23;17;2561
50;2025-12-23;18;2645
50;2025-12-23;19;1586
50;2025-12-23;20;951
50;2025-12-23;21;650
50;2025-12-23;22;307
50;2025-12-23;23;147
50;2025-12-24;0;41
50;2025-12-24;1;0
50;2025-12-24;2;0
50;2025-12-24;3;0
50;2025-12-24;4;0
50;2025-12-24;5;67
50;2025-12-24;6;611
50;2025-12-24;7;1947
50;2025-12-24;8;2957
50;2025-12-24;9;2220
50;2025-12-24;10;1707
50;2025-12-24;11;1636
50;2025-12-24;12;1549
50;2025-12-24;13;1579
50;2025-12-24;14;1562
50;2025-12-24;15;1744
50;2025-12-24;16;1913
50;2025-12-24;17;2522
50;2025-12-24;18;2560
50;2025-12-24;19;1559
50;2025-12-24;20;943
50;2025-12-24;21;641
50;2025-12-24;22;310
50;2025-12-24;23;154
50;2025-12-25;0;40
50;2025-12-25;1;0
50;2025-12-25;2;0
50;2025-12-25;3;0
50;2025-12-25;4;0
50;2025-12-25;5;64
50;2025-12-25;6;586
50;2025-12-25;7;1859
50;2025-12-25;8;2862
50;2025-12-25;9;2148
50;2025-12-25;10;1712
50;2025-12-25;11;1578
50;2025-12-25;12;1510
50;2025-12-25;13;1512
50;2025-12-25;14;1478
50;2025-12-25;15;1694
50;2025-12-25;16;1841
50;2025-12-25;17;2436
50;2025-12-25;18;2512
50;2025-12-25;19;1504
50;2025-12-25;20;905
50;2025-12-25;21;620
50;2025-12-25;22;296
50;2025-12-25;23;151
50;2025-12-26;0;41
50;2025-12-26;1;0
50;2025-12-26;2;0
50;2025-12-26;3;0
50;2025-12-26;4;0
50;2025-12-26;5;63
50;2025-12-26;6;556
50;2025-12-26;7;1804
50;2025-12-26;8;2761
50;2025-12-26;9;2060
50;2025-12-26;10;1598
50;2025-12-26;11;1578
50;2025-12-26;12;1519
50;2025-12-26;13;1529
50;2025-12-26;14;1506
50;2025-12-26;15;1790
50;2025-12-26;16;2045
50;2025-12-26;17;2289
50;2025-12-26;18;1886
50;2025-12-26;19;1283
50;2025-12-26;20;841
50;2025-12-26;21;592
50;2025-12-26;22;301
50;2025-12-26;23;158
50;2025-12-27;0;65
50;2025-12-27;1;0
50;2025-12-27;2;0
50;2025-12-27;3;0
50;2025-12-27;4;0
50;2025-12-27;5;39
50;2025-12-27;6;214
50;2025-12-27;7;450
50;2025-12-27;8;659
50;2025-12-27;9;658
50;2025-12-27;10;652
50;2025-12-27;11;794
50;2025-12-27;12;852
50;2025-12-27;13;898
50;2025-12-27;14;914
50;2025-12-27;15;896
50;2025-12-27;16;864
50;2025-12-27;17;850
50;2025-12-27;18;738
50;2025-12-27;19;689
50;2025-12-27;20;498
50;2025-12-27;21;404
50;2025-12-27;22;227
50;2025-12-27;23;159
50;2025-12-28;0;52
50;2025-12-28;1;0
50;2025-12-28;2;0
50;2025-12-28;3;0
50;2025-12-28;4;0
50;2025-12-28;5;26
50;2025-12-28;6;154
50;2025-12-28;7;284
50;2025-12-28;8;450
50;2025-12-28;9;518
50;2025-12-28;10;536
50;2025-12-28;11;704
50;2025-12-28;12;776
50;2025-12-28;13;867
50;2025-12-28;14;898
50;2025-12-28;15;829
50;2025-12-28;16;798
50;2025-12-28;17;807
50;2025-12-28;18;713
50;2025-12-28;19;617
50;2025-12-28;20;468
50;2025-12-28;21;351
50;2025-12-28;22;217
50;2025-12-28;23;120
50;2025-12-29;0;39
50;2025-12-29;1;0
50;2025-12-29;2;0
50;2025-12-29;3;0
50;2025-12-29;4;0
50;2025-12-29;5;62
50;2025-12-29;6;568
50;2025-12-29;7;1830
50;2025-12-29;8;2802
50;2025-12-29;9;2087
50;2025-12-29;10;1601
50;2025-12-29;11;1516
50;2025-12-29;12;1414
50;2025-12-29;13;1463
50;2025-12-29;14;1441
50;2025-12-29;15;1657
50;2025-12-29;16;1771
50;2025-12-29;17;2365
50;2025-12-29;18;2451
50;2025-12-29;19;1489
50;2025-12-29;20;899
50;2025-12-29;21;586
50;2025-12-29;22;273
50;2025-12-29;23;136
50;2025-12-30;0;39
50;2025-12-30;1;0
50;2025-12-30;2;0
50;2025-12-30;3;0
50;2025-12-30;4;0
50;2025-12-30;5;65
50;2025-12-30;6;606
50;2025-12-30;7;1914
50;2025-12-30;8;2911
50;2025-12-30;9;2179
50;2025-12-30;10;1659
50;2025-12-30;11;1559
50;2025-12-30;12;1478
50;2025-12-30;13;1509
50;2025-12-30;14;1487
50;2025-12-30;15;1674
50;2025-12-30;16;1807
50;2025-12-30;17;2460
50;2025-12-30;18;2542
50;2025-12-30;19;1512
50;2025-12-30;20;909
50;2025-12-30;21;620
50;2025-12-30;22;295
50;2025-12-30;23;140
50;2025-12-31;0;51
50;2025-12-31;1;0
50;2025-12-31;2;0
50;2025-12-31;3;0
50;2025-12-31;4;0
50;2025-12-31;5;26
50;2025-12-31;6;155
50;2025-12-31;7;301
50;2025-12-31;8;467
50;2025-12-31;9;532
50;2025-12-31;10;538
50;2025-12-31;11;684
50;2025-12-31;12;757
50;2025-12-31;13;854
50;2025-12-31;14;892
50;2025-12-31;15;804
50;2025-12-31;16;785
50;2025-12-31;17;815
50;2025-12-31;18;738
50;2025-12-31;19;631
50;2025-12-31;20;482
50;2025-12-31;21;355
50;2025-12-31;22;224
50;2025-12-31;23;123
