route;date;hour;prediction
1;2025-11-01;0;4
1;2025-11-01;1;0
1;2025-11-01;2;0
1;2025-11-01;3;0
1;2025-11-01;4;0
1;2025-11-01;5;88
1;2025-11-01;6;479
1;2025-11-01;7;1419
1;2025-11-01;8;1777
1;2025-11-01;9;1330
1;2025-11-01;10;1242
1;2025-11-01;11;1300
1;2025-11-01;12;1277
1;2025-11-01;13;1348
1;2025-11-01;14;1274
1;2025-11-01;15;1423
1;2025-11-01;16;1505
1;2025-11-01;17;1671
1;2025-11-01;18;1470
1;2025-11-01;19;1146
1;2025-11-01;20;765
1;2025-11-01;21;464
1;2025-11-01;22;219
1;2025-11-01;23;45
1;2025-11-02;0;0
1;2025-11-02;1;0
1;2025-11-02;2;0
1;2025-11-02;3;0
1;2025-11-02;4;0
1;2025-11-02;5;26
1;2025-11-02;6;137
1;2025-11-02;7;283
1;2025-11-02;8;380
1;2025-11-02;9;651
1;2025-11-02;10;729
1;2025-11-02;11;722
1;2025-11-02;12;872
1;2025-11-02;13;922
1;2025-11-02;14;824
1;2025-11-02;15;760
1;2025-11-02;16;707
1;2025-11-02;17;655
1;2025-11-02;18;597
1;2025-11-02;19;507
1;2025-11-02;20;373
1;2025-11-02;21;292
1;2025-11-02;22;117
1;2025-11-02;23;31
1;2025-11-03;0;0
1;2025-11-03;1;0
1;2025-11-03;2;0
1;2025-11-03;3;0
1;2025-11-03;4;0
1;2025-11-03;5;24
1;2025-11-03;6;131
1;2025-11-03;7;271
1;2025-11-03;8;364
1;2025-11-03;9;623
1;2025-11-03;10;698
1;2025-11-03;11;691
1;2025-11-03;12;834
1;2025-11-03;13;882
1;2025-11-03;14;788
1;2025-11-03;15;727
1;2025-11-03;16;676
1;2025-11-03;17;627
1;2025-11-03;18;571
1;2025-11-03;19;485
1;2025-11-03;20;356
1;2025-11-03;21;279
1;2025-11-03;22;112
1;2025-11-03;23;30
1;2025-11-04;0;0
1;2025-11-04;1;0
1;2025-11-04;2;0
1;2025-11-04;3;0
1;2025-11-04;4;0
1;2025-11-04;5;25
1;2025-11-04;6;135
1;2025-11-04;7;279
1;2025-11-04;8;375
1;2025-11-04;9;642
1;2025-11-04;10;719
1;2025-11-04;11;711
1;2025-11-04;12;859
1;2025-11-04;13;908
1;2025-11-04;14;812
1;2025-11-04;15;749
1;2025-11-04;16;696
1;2025-11-04;17;645
1;2025-11-04;18;588
1;2025-11-04;19;500
1;2025-11-04;20;367
1;2025-11-04;21;288
1;2025-11-04;22;115
1;2025-11-04;23;31
1;2025-11-05;0;4
1;2025-11-05;1;0
1;2025-11-05;2;0
1;2025-11-05;3;0
1;2025-11-05;4;0
1;2025-11-05;5;91
1;2025-11-05;6;554
1;2025-11-05;7;1535
1;2025-11-05;8;1975
1;2025-11-05;9;1440
1;2025-11-05;10;1322
1;2025-11-05;11;1333
1;2025-11-05;12;1361
1;2025-11-05;13;1440
1;2025-11-05;14;1369
1;2025-11-05;15;1488
1;2025-11-05;16;1501
1;2025-11-05;17;1795
1;2025-11-05;18;1821
1;2025-11-05;19;1392
1;2025-11-05;20;928
1;2025-11-05;21;483
1;2025-11-05;22;238
1;2025-11-05;23;41
1;2025-11-06;0;4
1;2025-11-06;1;0
1;2025-11-06;2;0
1;2025-11-06;3;0
1;2025-11-06;4;0
1;2025-11-06;5;82
1;2025-11-06;6;508
1;2025-11-06;7;1513
1;2025-11-06;8;1999
1;2025-11-06;9;1465
1;2025-11-06;10;1339
1;2025-11-06;11;1325
1;2025-11-06;12;1412
1;2025-11-06;13;1438
1;2025-11-06;14;1392
1;2025-11-06;15;1532
1;2025-11-06;16;1548
1;2025-11-06;17;1803
1;2025-11-06;18;1822
1;2025-11-06;19;1352
1;2025-11-06;20;910
1;2025-11-06;21;481
1;2025-11-06;22;224
1;2025-11-06;23;45
1;2025-11-07;0;4
1;2025-11-07;1;0
1;2025-11-07;2;0
1;2025-11-07;3;0
1;2025-11-07;4;0
1;2025-11-07;5;95
1;2025-11-07;6;514
1;2025-11-07;7;1523
1;2025-11-07;8;1907
1;2025-11-07;9;1427
1;2025-11-07;10;1333
1;2025-11-07;11;1396
1;2025-11-07;12;1370
1;2025-11-07;13;1447
1;2025-11-07;14;1368
1;2025-11-07;15;1527
1;2025-11-07;16;1615
1;2025-11-07;17;1794
1;2025-11-07;18;1578
1;2025-11-07;19;1230
1;2025-11-07;20;821
1;2025-11-07;21;498
1;2025-11-07;22;235
1;2025-11-07;23;48
1;2025-11-08;0;4
1;2025-11-08;1;0
1;2025-11-08;2;0
1;2025-11-08;3;0
1;2025-11-08;4;0
1;2025-11-08;5;28
1;2025-11-08;6;166
1;2025-11-08;7;339
1;2025-11-08;8;480
1;2025-11-08;9;739
1;2025-11-08;10;884
1;2025-11-08;11;806
1;2025-11-08;12;990
1;2025-11-08;13;1041
1;2025-11-08;14;958
1;2025-11-08;15;823
1;2025-11-08;16;762
1;2025-11-08;17;707
1;2025-11-08;18;646
1;2025-11-08;19;584
1;2025-11-08;20;426
1;2025-11-08;21;319
1;2025-11-08;22;139
1;2025-11-08;23;29
1;2025-11-09;0;0
1;2025-11-09;1;0
1;2025-11-09;2;0
1;2025-11-09;3;0
1;2025-11-09;4;0
1;2025-11-09;5;26
1;2025-11-09;6;137
1;2025-11-09;7;283
1;2025-11-09;8;380
1;2025-11-09;9;651
1;2025-11-09;10;729
1;2025-11-09;11;722
1;2025-11-09;12;872
1;2025-11-09;13;922
1;2025-11-09;14;824
1;2025-11-09;15;760
1;2025-11-09;16;707
1;2025-11-09;17;655
1;2025-11-09;18;597
1;2025-11-09;19;507
1;2025-11-09;20;373
1;2025-11-09;21;292
1;2025-11-09;22;117
1;2025-11-09;23;31
1;2025-11-10;0;0
1;2025-11-10;1;0
1;2025-11-10;2;0
1;2025-11-10;3;0
1;2025-11-10;4;0
1;2025-11-10;5;80
1;2025-11-10;6;518
1;2025-11-10;7;1504
1;2025-11-10;8;1913
1;2025-11-10;9;1381
1;2025-11-10;10;1230
1;2025-11-10;11;1240
1;2025-11-10;12;1317
1;2025-11-10;13;1354
1;2025-11-10;14;1323
1;2025-11-10;15;1463
1;2025-11-10;16;1556
1;2025-11-10;17;1797
1;2025-11-10;18;1897
1;2025-11-10;19;1422
1;2025-11-10;20;890
1;2025-11-10;21;465
1;2025-11-10;22;194
1;2025-11-10;23;35
1;2025-11-11;0;3
1;2025-11-11;1;0
1;2025-11-11;2;0
1;2025-11-11;3;0
1;2025-11-11;4;0
1;2025-11-11;5;84
1;2025-11-11;6;542
1;2025-11-11;7;1600
1;2025-11-11;8;1988
1;2025-11-11;9;1511
1;2025-11-11;10;1352
1;2025-11-11;11;1339
1;2025-11-11;12;1388
1;2025-11-11;13;1414
1;2025-11-11;14;1335
1;2025-11-11;15;1456
1;2025-11-11;16;1493
1;2025-11-11;17;1797
1;2025-11-11;18;1825
1;2025-11-11;19;1445
1;2025-11-11;20;902
1;2025-11-11;21;491
1;2025-11-11;22;219
1;2025-11-11;23;42
1;2025-11-12;0;4
1;2025-11-12;1;0
1;2025-11-12;2;0
1;2025-11-12;3;0
1;2025-11-12;4;0
1;2025-11-12;5;91
1;2025-11-12;6;554
1;2025-11-12;7;1535
1;2025-11-12;8;1975
1;2025-11-12;9;1440
1;2025-11-12;10;1322
1;2025-11-12;11;1333
1;2025-11-12;12;1361
1;2025-11-12;13;1440
1;2025-11-12;14;1369
1;2025-11-12;15;1488
1;2025-11-12;16;1501
1;2025-11-12;17;1795
1;2025-11-12;18;1821
1;2025-11-12;19;1392
1;2025-11-12;20;928
1;2025-11-12;21;483
1;2025-11-12;22;238
1;2025-11-12;23;41
1;2025-11-13;0;4
1;2025-11-13;1;0
1;2025-11-13;2;0
1;2025-11-13;3;0
1;2025-11-13;4;0
1;2025-11-13;5;82
1;2025-11-13;6;508
1;2025-11-13;7;1513
1;2025-11-13;8;1999
1;2025-11-13;9;1465
1;2025-11-13;10;1339
1;2025-11-13;11;1325
1;2025-11-13;12;1412
1;2025-11-13;13;1438
1;2025-11-13;14;1392
1;2025-11-13;15;1532
1;2025-11-13;16;1548
1;2025-11-13;17;1803
1;2025-11-13;18;1822
1;2025-11-13;19;1352
1;2025-11-13;20;910
1;2025-11-13;21;481
1;2025-11-13;22;224
1;2025-11-13;23;45
1;2025-11-14;0;4
1;2025-11-14;1;0
1;2025-11-14;2;0
1;2025-11-14;3;0
1;2025-11-14;4;0
1;2025-11-14;5;95
1;2025-11-14;6;514
1;2025-11-14;7;1523
1;2025-11-14;8;1907
1;2025-11-14;9;1427
1;2025-11-14;10;1333
1;2025-11-14;11;1396
1;2025-11-14;12;1370
1;2025-11-14;13;1447
1;2025-11-14;14;1368
1;2025-11-14;15;1527
1;2025-11-14;16;1615
1;2025-11-14;17;1794
1;2025-11-14;18;1578
1;2025-11-14;19;1230
1;2025-11-14;20;821
1;2025-11-14;21;498
1;2025-11-14;22;235
1;2025-11-14;23;48
1;2025-11-15;0;4
1;2025-11-15;1;0
1;2025-11-15;2;0
1;2025-11-15;3;0
1;2025-11-15;4;0
1;2025-11-15;5;28
1;2025-11-15;6;166
1;2025-11-15;7;339
1;2025-11-15;8;480
1;2025-11-15;9;739
1;2025-11-15;10;884
1;2025-11-15;11;806
1;2025-11-15;12;990
1;2025-11-15;13;1041
1;2025-11-15;14;958
1;2025-11-15;15;823
1;2025-11-15;16;762
1;2025-11-15;17;707
1;2025-11-15;18;646
1;2025-11-15;19;584
1;2025-11-15;20;426
1;2025-11-15;21;319
1;2025-11-15;22;139
1;2025-11-15;23;29
1;2025-11-16;0;0
1;2025-11-16;1;0
1;2025-11-16;2;0
1;2025-11-16;3;0
1;2025-11-16;4;0
1;2025-11-16;5;26
1;2025-11-16;6;137
1;2025-11-16;7;283
1;2025-11-16;8;380
1;2025-11-16;9;651
1;2025-11-16;10;729
1;2025-11-16;11;722
1;2025-11-16;12;872
1;2025-11-16;13;922
1;2025-11-16;14;824
1;2025-11-16;15;760
1;2025-11-16;16;707
1;2025-11-16;17;655
1;2025-11-16;18;597
1;2025-11-16;19;507
1;2025-11-16;20;373
1;2025-11-16;21;292
1;2025-11-16;22;117
1;2025-11-16;23;31
1;2025-11-17;0;0
1;2025-11-17;1;0
1;2025-11-17;2;0
1;2025-11-17;3;0
1;2025-11-17;4;0
1;2025-11-17;5;80
1;2025-11-17;6;518
1;2025-11-17;7;1504
1;2025-11-17;8;1913
1;2025-11-17;9;1381
1;2025-11-17;10;1230
1;2025-11-17;11;1240
1;2025-11-17;12;1317
1;2025-11-17;13;1354
1;2025-11-17;14;1323
1;2025-11-17;15;1463
1;2025-11-17;16;1556
1;2025-11-17;17;1797
1;2025-11-17;18;1897
1;2025-11-17;19;1422
1;2025-11-17;20;890
1;2025-11-17;21;465
1;2025-11-17;22;194
1;2025-11-17;23;35
1;2025-11-18;0;3
1;2025-11-18;1;0
1;2025-11-18;2;0
1;2025-11-18;3;0
1;2025-11-18;4;0
1;2025-11-18;5;84
1;2025-11-18;6;542
1;2025-11-18;7;1600
1;2025-11-18;8;1988
1;2025-11-18;9;1511
1;2025-11-18;10;1352
1;2025-11-18;11;1339
1;2025-11-18;12;1388
1;2025-11-18;13;1414
1;2025-11-18;14;1335
1;2025-11-18;15;1456
1;2025-11-18;16;1493
1;2025-11-18;17;1797
1;2025-11-18;18;1825
1;2025-11-18;19;1445
1;2025-11-18;20;902
1;2025-11-18;21;491
1;2025-11-18;22;219
1;2025-11-18;23;42
1;2025-11-19;0;4
1;2025-11-19;1;0
1;2025-11-19;2;0
1;2025-11-19;3;0
1;2025-11-19;4;0
1;2025-11-19;5;91
1;2025-11-19;6;554
1;2025-11-19;7;1535
1;2025-11-19;8;1975
1;2025-11-19;9;1440
1;2025-11-19;10;1322
1;2025-11-19;11;1333
1;2025-11-19;12;1361
1;2025-11-19;13;1440
1;2025-11-19;14;1369
1;2025-11-19;15;1488
1;2025-11-19;16;1501
1;2025-11-19;17;1795
1;2025-11-19;18;1821
1;2025-11-19;19;1392
1;2025-11-19;20;928
1;2025-11-19;21;483
1;2025-11-19;22;238
1;2025-11-19;23;41
1;2025-11-20;0;4
1;2025-11-20;1;0
1;2025-11-20;2;0
1;2025-11-20;3;0
1;2025-11-20;4;0
1;2025-11-20;5;82
1;2025-11-20;6;508
1;2025-11-20;7;1513
1;2025-11-20;8;1999
1;2025-11-20;9;1465
1;2025-11-20;10;1339
1;2025-11-20;11;1325
1;2025-11-20;12;1412
1;2025-11-20;13;1438
1;2025-11-20;14;1392
1;2025-11-20;15;1532
1;2025-11-20;16;1548
1;2025-11-20;17;1803
1;2025-11-20;18;1822
1;2025-11-20;19;1352
1;2025-11-20;20;910
1;2025-11-20;21;481
1;2025-11-20;22;224
1;2025-11-20;23;45
1;2025-11-21;0;4
1;2025-11-21;1;0
1;2025-11-21;2;0
1;2025-11-21;3;0
1;2025-11-21;4;0
1;2025-11-21;5;95
1;2025-11-21;6;514
1;2025-11-21;7;1523
1;2025-11-21;8;1907
1;2025-11-21;9;1427
1;2025-11-21;10;1333
1;2025-11-21;11;1396
1;2025-11-21;12;1370
1;2025-11-21;13;1447
1;2025-11-21;14;1368
1;2025-11-21;15;1527
1;2025-11-21;16;1615
1;2025-11-21;17;1794
1;2025-11-21;18;1578
1;2025-11-21;19;1230
1;2025-11-21;20;821
1;2025-11-21;21;498
1;2025-11-21;22;235
1;2025-11-21;23;48
1;2025-11-22;0;4
1;2025-11-22;1;0
1;2025-11-22;2;0
1;2025-11-22;3;0
1;2025-11-22;4;0
1;2025-11-22;5;28
1;2025-11-22;6;166
1;2025-11-22;7;339
1;2025-11-22;8;480
1;2025-11-22;9;739
1;2025-11-22;10;884
1;2025-11-22;11;806
1;2025-11-22;12;990
1;2025-11-22;13;1041
1;2025-11-22;14;958
1;2025-11-22;15;823
1;2025-11-22;16;762
1;2025-11-22;17;707
1;2025-11-22;18;646
1;2025-11-22;19;584
1;2025-11-22;20;426
1;2025-11-22;21;319
1;2025-11-22;22;139
1;2025-11-22;23;29
1;2025-11-23;0;0
1;2025-11-23;1;0
1;2025-11-23;2;0
1;2025-11-23;3;0
1;2025-11-23;4;0
1;2025-11-23;5;26
1;2025-11-23;6;137
1;2025-11-23;7;283
1;2025-11-23;8;380
1;2025-11-23;9;651
1;2025-11-23;10;729
1;2025-11-23;11;722
1;2025-11-23;12;872
1;2025-11-23;13;922
1;2025-11-23;14;824
1;2025-11-23;15;760
1;2025-11-23;16;707
1;2025-11-23;17;655
1;2025-11-23;18;597
1;2025-11-23;19;507
1;2025-11-23;20;373
1;2025-11-23;21;292
1;2025-11-23;22;117
1;2025-11-23;23;31
1;2025-11-24;0;0
1;2025-11-24;1;0
1;2025-11-24;2;0
1;2025-11-24;3;0
1;2025-11-24;4;0
1;2025-11-24;5;80
1;2025-11-24;6;518
1;2025-11-24;7;1504
1;2025-11-24;8;1913
1;2025-11-24;9;1381
1;2025-11-24;10;1230
1;2025-11-24;11;1240
1;2025-11-24;12;1317
1;2025-11-24;13;1354
1;2025-11-24;14;1323
1;2025-11-24;15;1463
1;2025-11-24;16;1556
1;2025-11-24;17;1797
1;2025-11-24;18;1897
1;2025-11-24;19;1422
1;2025-11-24;20;890
1;2025-11-24;21;465
1;2025-11-24;22;194
1;2025-11-24;23;35
1;2025-11-25;0;3
1;2025-11-25;1;0
1;2025-11-25;2;0
1;2025-11-25;3;0
1;2025-11-25;4;0
1;2025-11-25;5;84
1;2025-11-25;6;542
1;2025-11-25;7;1600
1;2025-11-25;8;1988
1;2025-11-25;9;1511
1;2025-11-25;10;1352
1;2025-11-25;11;1339
1;2025-11-25;12;1388
1;2025-11-25;13;1414
1;2025-11-25;14;1335
1;2025-11-25;15;1456
1;2025-11-25;16;1493
1;2025-11-25;17;1797
1;2025-11-25;18;1825
1;2025-11-25;19;1445
1;2025-11-25;20;902
1;2025-11-25;21;491
1;2025-11-25;22;219
1;2025-11-25;23;42
1;2025-11-26;0;4
1;2025-11-26;1;0
1;2025-11-26;2;0
1;2025-11-26;3;0
1;2025-11-26;4;0
1;2025-11-26;5;91
1;2025-11-26;6;554
1;2025-11-26;7;1535
1;2025-11-26;8;1975
1;2025-11-26;9;1440
1;2025-11-26;10;1322
1;2025-11-26;11;1333
1;2025-11-26;12;1361
1;2025-11-26;13;1440
1;2025-11-26;14;1369
1;2025-11-26;15;1488
1;2025-11-26;16;1501
1;2025-11-26;17;1795
1;2025-11-26;18;1821
1;2025-11-26;19;1392
1;2025-11-26;20;928
1;2025-11-26;21;483
1;2025-11-26;22;238
1;2025-11-26;23;41
1;2025-11-27;0;4
1;2025-11-27;1;0
1;2025-11-27;2;0
1;2025-11-27;3;0
1;2025-11-27;4;0
1;2025-11-27;5;82
1;2025-11-27;6;508
1;2025-11-27;7;1513
1;2025-11-27;8;1999
1;2025-11-27;9;1465
1;2025-11-27;10;1339
1;2025-11-27;11;1325
1;2025-11-27;12;1412
1;2025-11-27;13;1438
1;2025-11-27;14;1392
1;2025-11-27;15;1532
1;2025-11-27;16;1548
1;2025-11-27;17;1803
1;2025-11-27;18;1822
1;2025-11-27;19;1352
1;2025-11-27;20;910
1;2025-11-27;21;481
1;2025-11-27;22;224
1;2025-11-27;23;45
1;2025-11-28;0;4
1;2025-11-28;1;0
1;2025-11-28;2;0
1;2025-11-28;3;0
1;2025-11-28;4;0
1;2025-11-28;5;95
1;2025-11-28;6;514
1;2025-11-28;7;1523
1;2025-11-28;8;1907
1;2025-11-28;9;1427
1;2025-11-28;10;1333
1;2025-11-28;11;1396
1;2025-11-28;12;1370
1;2025-11-28;13;1447
1;2025-11-28;14;1368
1;2025-11-28;15;1527
1;2025-11-28;16;1615
1;2025-11-28;17;1794
1;2025-11-28;18;1578
1;2025-11-28;19;1230
1;2025-11-28;20;821
1;2025-11-28;21;498
1;2025-11-28;22;235
1;2025-11-28;23;48
1;2025-11-29;0;4
1;2025-11-29;1;0
1;2025-11-29;2;0
1;2025-11-29;3;0
1;2025-11-29;4;0
1;2025-11-29;5;28
1;2025-11-29;6;166
1;2025-11-29;7;339
1;2025-11-29;8;480
1;2025-11-29;9;739
1;2025-11-29;10;884
1;2025-11-29;11;806
1;2025-11-29;12;990
1;2025-11-29;13;1041
1;2025-11-29;14;958
1;2025-11-29;15;823
1;2025-11-29;16;762
1;2025-11-29;17;707
1;2025-11-29;18;646
1;2025-11-29;19;584
1;2025-11-29;20;426
1;2025-11-29;21;319
1;2025-11-29;22;139
1;2025-11-29;23;29
1;2025-11-30;0;0
1;2025-11-30;1;0
1;2025-11-30;2;0
1;2025-11-30;3;0
1;2025-11-30;4;0
1;2025-11-30;5;26
1;2025-11-30;6;137
1;2025-11-30;7;283
1;2025-11-30;8;380
1;2025-11-30;9;651
1;2025-11-30;10;729
1;2025-11-30;11;722
1;2025-11-30;12;872
1;2025-11-30;13;922
1;2025-11-30;14;824
1;2025-11-30;15;760
1;2025-11-30;16;707
1;2025-11-30;17;655
1;2025-11-30;18;597
1;2025-11-30;19;507
1;2025-11-30;20;373
1;2025-11-30;21;292
1;2025-11-30;22;117
1;2025-11-30;23;31
1;2025-12-01;0;0
1;2025-12-01;1;0
1;2025-12-01;2;0
1;2025-12-01;3;0
1;2025-12-01;4;0
1;2025-12-01;5;80
1;2025-12-01;6;518
1;2025-12-01;7;1504
1;2025-12-01;8;1913
1;2025-12-01;9;1381
1;2025-12-01;10;1230
1;2025-12-01;11;1240
1;2025-12-01;12;1317
1;2025-12-01;13;1354
1;2025-12-01;14;1323
1;2025-12-01;15;1463
1;2025-12-01;16;1556
1;2025-12-01;17;1797
1;2025-12-01;18;1897
1;2025-12-01;19;1422
1;2025-12-01;20;890
1;2025-12-01;21;465
1;2025-12-01;22;194
1;2025-12-01;23;35
1;2025-12-02;0;3
1;2025-12-02;1;0
1;2025-12-02;2;0
1;2025-12-02;3;0
1;2025-12-02;4;0
1;2025-12-02;5;84
1;2025-12-02;6;542
1;2025-12-02;7;1600
1;2025-12-02;8;1988
1;2025-12-02;9;1511
1;2025-12-02;10;1352
1;2025-12-02;11;1339
1;2025-12-02;12;1388
1;2025-12-02;13;1414
1;2025-12-02;14;1335
1;2025-12-02;15;1456
1;2025-12-02;16;1493
1;2025-12-02;17;1797
1;2025-12-02;18;1825
1;2025-12-02;19;1445
1;2025-12-02;20;902
1;2025-12-02;21;491
1;2025-12-02;22;219
1;2025-12-02;23;42
1;2025-12-03;0;4
1;2025-12-03;1;0
1;2025-12-03;2;0
1;2025-12-03;3;0
1;2025-12-03;4;0
1;2025-12-03;5;91
1;2025-12-03;6;554
1;2025-12-03;7;1535
1;2025-12-03;8;1975
1;2025-12-03;9;1440
1;2025-12-03;10;1322
1;2025-12-03;11;1333
1;2025-12-03;12;1361
1;2025-12-03;13;1440
1;2025-12-03;14;1369
1;2025-12-03;15;1488
1;2025-12-03;16;1501
1;2025-12-03;17;1795
1;2025-12-03;18;1821
1;2025-12-03;19;1392
1;2025-12-03;20;928
1;2025-12-03;21;483
1;2025-12-03;22;238
1;2025-12-03;23;41
1;2025-12-04;0;4
1;2025-12-04;1;0
1;2025-12-04;2;0
1;2025-12-04;3;0
1;2025-12-04;4;0
1;2025-12-04;5;82
1;2025-12-04;6;508
1;2025-12-04;7;1513
1;2025-12-04;8;1999
1;2025-12-04;9;1465
1;2025-12-04;10;1339
1;2025-12-04;11;1325
1;2025-12-04;12;1412
1;2025-12-04;13;1438
1;2025-12-04;14;1392
1;2025-12-04;15;1532
1;2025-12-04;16;1548
1;2025-12-04;17;1803
1;2025-12-04;18;1822
1;2025-12-04;19;1352
1;2025-12-04;20;910
1;2025-12-04;21;481
1;2025-12-04;22;224
1;2025-12-04;23;45
1;2025-12-05;0;4
1;2025-12-05;1;0
1;2025-12-05;2;0
1;2025-12-05;3;0
1;2025-12-05;4;0
1;2025-12-05;5;95
1;2025-12-05;6;514
1;2025-12-05;7;1523
1;2025-12-05;8;1907
1;2025-12-05;9;1427
1;2025-12-05;10;1333
1;2025-12-05;11;1396
1;2025-12-05;12;1370
1;2025-12-05;13;1447
1;2025-12-05;14;1368
1;2025-12-05;15;1527
1;2025-12-05;16;1615
1;2025-12-05;17;1794
1;2025-12-05;18;1578
1;2025-12-05;19;1230
1;2025-12-05;20;821
1;2025-12-05;21;498
1;2025-12-05;22;235
1;2025-12-05;23;48
1;2025-12-06;0;4
1;2025-12-06;1;0
1;2025-12-06;2;0
1;2025-12-06;3;0
1;2025-12-06;4;0
1;2025-12-06;5;28
1;2025-12-06;6;166
1;2025-12-06;7;339
1;2025-12-06;8;480
1;2025-12-06;9;739
1;2025-12-06;10;884
1;2025-12-06;11;806
1;2025-12-06;12;990
1;2025-12-06;13;1041
1;2025-12-06;14;958
1;2025-12-06;15;823
1;2025-12-06;16;762
1;2025-12-06;17;707
1;2025-12-06;18;646
1;2025-12-06;19;584
1;2025-12-06;20;426
1;2025-12-06;21;319
1;2025-12-06;22;139
1;2025-12-06;23;29
1;2025-12-07;0;0
1;2025-12-07;1;0
1;2025-12-07;2;0
1;2025-12-07;3;0
1;2025-12-07;4;0
1;2025-12-07;5;26
1;2025-12-07;6;137
1;2025-12-07;7;283
1;2025-12-07;8;380
1;2025-12-07;9;651
1;2025-12-07;10;729
1;2025-12-07;11;722
1;2025-12-07;12;872
1;2025-12-07;13;922
1;2025-12-07;14;824
1;2025-12-07;15;760
1;2025-12-07;16;707
1;2025-12-07;17;655
1;2025-12-07;18;597
1;2025-12-07;19;507
1;2025-12-07;20;373
1;2025-12-07;21;292
1;2025-12-07;22;117
1;2025-12-07;23;31
1;2025-12-08;0;0
1;2025-12-08;1;0
1;2025-12-08;2;0
1;2025-12-08;3;0
1;2025-12-08;4;0
1;2025-12-08;5;80
1;2025-12-08;6;518
1;2025-12-08;7;1504
1;2025-12-08;8;1913
1;2025-12-08;9;1381
1;2025-12-08;10;1230
1;2025-12-08;11;1240
1;2025-12-08;12;1317
1;2025-12-08;13;1354
1;2025-12-08;14;1323
1;2025-12-08;15;1463
1;2025-12-08;16;1556
1;2025-12-08;17;1797
1;2025-12-08;18;1897
1;2025-12-08;19;1422
1;2025-12-08;20;890
1;2025-12-08;21;465
1;2025-12-08;22;194
1;2025-12-08;23;35
1;2025-12-09;0;3
1;2025-12-09;1;0
1;2025-12-09;2;0
1;2025-12-09;3;0
1;2025-12-09;4;0
1;2025-12-09;5;84
1;2025-12-09;6;542
1;2025-12-09;7;1600
1;2025-12-09;8;1988
1;2025-12-09;9;1511
1;2025-12-09;10;1352
1;2025-12-09;11;1339
1;2025-12-09;12;1388
1;2025-12-09;13;1414
1;2025-12-09;14;1335
1;2025-12-09;15;1456
1;2025-12-09;16;1493
1;2025-12-09;17;1797
1;2025-12-09;18;1825
1;2025-12-09;19;1445
1;2025-12-09;20;902
1;2025-12-09;21;491
1;2025-12-09;22;219
1;2025-12-09;23;42
1;2025-12-10;0;4
1;2025-12-10;1;0
1;2025-12-10;2;0
1;2025-12-10;3;0
1;2025-12-10;4;0
1;2025-12-10;5;91
1;2025-12-10;6;554
1;2025-12-10;7;1535
1;2025-12-10;8;1975
1;2025-12-10;9;1440
1;2025-12-10;10;1322
1;2025-12-10;11;1333
1;2025-12-10;12;1361
1;2025-12-10;13;1440
1;2025-12-10;14;1369
1;2025-12-10;15;1488
1;2025-12-10;16;1501
1;2025-12-10;17;1795
1;2025-12-10;18;1821
1;2025-12-10;19;1392
1;2025-12-10;20;928
1;2025-12-10;21;483
1;2025-12-10;22;238
1;2025-12-10;23;41
1;2025-12-11;0;4
1;2025-12-11;1;0
1;2025-12-11;2;0
1;2025-12-11;3;0
1;2025-12-11;4;0
1;2025-12-11;5;82
1;2025-12-11;6;508
1;2025-12-11;7;1513
1;2025-12-11;8;1999
1;2025-12-11;9;1465
1;2025-12-11;10;1339
1;2025-12-11;11;1325
1;2025-12-11;12;1412
1;2025-12-11;13;1438
1;2025-12-11;14;1392
1;2025-12-11;15;1532
1;2025-12-11;16;1548
1;2025-12-11;17;1803
1;2025-12-11;18;1822
1;2025-12-11;19;1352
1;2025-12-11;20;910
1;2025-12-11;21;481
1;2025-12-11;22;224
1;2025-12-11;23;45
1;2025-12-12;0;4
1;2025-12-12;1;0
1;2025-12-12;2;0
1;2025-12-12;3;0
1;2025-12-12;4;0
1;2025-12-12;5;95
1;2025-12-12;6;514
1;2025-12-12;7;1523
1;2025-12-12;8;1907
1;2025-12-12;9;1427
1;2025-12-12;10;1333
1;2025-12-12;11;1396
1;2025-12-12;12;1370
1;2025-12-12;13;1447
1;2025-12-12;14;1368
1;2025-12-12;15;1527
1;2025-12-12;16;1615
1;2025-12-12;17;1794
1;2025-12-12;18;1578
1;2025-12-12;19;1230
1;2025-12-12;20;821
1;2025-12-12;21;498
1;2025-12-12;22;235
1;2025-12-12;23;48
1;2025-12-13;0;4
1;2025-12-13;1;0
1;2025-12-13;2;0
1;2025-12-13;3;0
1;2025-12-13;4;0
1;2025-12-13;5;28
1;2025-12-13;6;166
1;2025-12-13;7;339
1;2025-12-13;8;480
1;2025-12-13;9;739
1;2025-12-13;10;884
1;2025-12-13;11;806
1;2025-12-13;12;990
1;2025-12-13;13;1041
1;2025-12-13;14;958
1;2025-12-13;15;823
1;2025-12-13;16;762
1;2025-12-13;17;707
1;2025-12-13;18;646
1;2025-12-13;19;584
1;2025-12-13;20;426
1;2025-12-13;21;319
1;2025-12-13;22;139
1;2025-12-13;23;29
1;2025-12-14;0;0
1;2025-12-14;1;0
1;2025-12-14;2;0
1;2025-12-14;3;0
1;2025-12-14;4;0
1;2025-12-14;5;26
1;2025-12-14;6;137
1;2025-12-14;7;283
1;2025-12-14;8;380
1;2025-12-14;9;651
1;2025-12-14;10;729
1;2025-12-14;11;722
1;2025-12-14;12;872
1;2025-12-14;13;922
1;2025-12-14;14;824
1;2025-12-14;15;760
1;2025-12-14;16;707
1;2025-12-14;17;655
1;2025-12-14;18;597
1;2025-12-14;19;507
1;2025-12-14;20;373
1;2025-12-14;21;292
1;2025-12-14;22;117
1;2025-12-14;23;31
1;2025-12-15;0;0
1;2025-12-15;1;0
1;2025-12-15;2;0
1;2025-12-15;3;0
1;2025-12-15;4;0
1;2025-12-15;5;80
1;2025-12-15;6;518
1;2025-12-15;7;1504
1;2025-12-15;8;1913
1;2025-12-15;9;1381
1;2025-12-15;10;1230
1;2025-12-15;11;1240
1;2025-12-15;12;1317
1;2025-12-15;13;1354
1;2025-12-15;14;1323
1;2025-12-15;15;1463
1;2025-12-15;16;1556
1;2025-12-15;17;1797
1;2025-12-15;18;1897
1;2025-12-15;19;1422
1;2025-12-15;20;890
1;2025-12-15;21;465
1;2025-12-15;22;194
1;2025-12-15;23;35
1;2025-12-16;0;3
1;2025-12-16;1;0
1;2025-12-16;2;0
1;2025-12-16;3;0
1;2025-12-16;4;0
1;2025-12-16;5;84
1;2025-12-16;6;542
1;2025-12-16;7;1600
1;2025-12-16;8;1988
1;2025-12-16;9;1511
1;2025-12-16;10;1352
1;2025-12-16;11;1339
1;2025-12-16;12;1388
1;2025-12-16;13;1414
1;2025-12-16;14;1335
1;2025-12-16;15;1456
1;2025-12-16;16;1493
1;2025-12-16;17;1797
1;2025-12-16;18;1825
1;2025-12-16;19;1445
1;2025-12-16;20;902
1;2025-12-16;21;491
1;2025-12-16;22;219
1;2025-12-16;23;42
1;2025-12-17;0;4
1;2025-12-17;1;0
1;2025-12-17;2;0
1;2025-12-17;3;0
1;2025-12-17;4;0
1;2025-12-17;5;91
1;2025-12-17;6;554
1;2025-12-17;7;1535
1;2025-12-17;8;1975
1;2025-12-17;9;1440
1;2025-12-17;10;1322
1;2025-12-17;11;1333
1;2025-12-17;12;1361
1;2025-12-17;13;1440
1;2025-12-17;14;1369
1;2025-12-17;15;1488
1;2025-12-17;16;1501
1;2025-12-17;17;1795
1;2025-12-17;18;1821
1;2025-12-17;19;1392
1;2025-12-17;20;928
1;2025-12-17;21;483
1;2025-12-17;22;238
1;2025-12-17;23;41
1;2025-12-18;0;4
1;2025-12-18;1;0
1;2025-12-18;2;0
1;2025-12-18;3;0
1;2025-12-18;4;0
1;2025-12-18;5;82
1;2025-12-18;6;508
1;2025-12-18;7;1513
1;2025-12-18;8;1999
1;2025-12-18;9;1465
1;2025-12-18;10;1339
1;2025-12-18;11;1325
1;2025-12-18;12;1412
1;2025-12-18;13;1438
1;2025-12-18;14;1392
1;2025-12-18;15;1532
1;2025-12-18;16;1548
1;2025-12-18;17;1803
1;2025-12-18;18;1822
1;2025-12-18;19;1352
1;2025-12-18;20;910
1;2025-12-18;21;481
1;2025-12-18;22;224
1;2025-12-18;23;45
1;2025-12-19;0;4
1;2025-12-19;1;0
1;2025-12-19;2;0
1;2025-12-19;3;0
1;2025-12-19;4;0
1;2025-12-19;5;95
1;2025-12-19;6;514
1;2025-12-19;7;1523
1;2025-12-19;8;1907
1;2025-12-19;9;1427
1;2025-12-19;10;1333
1;2025-12-19;11;1396
1;2025-12-19;12;1370
1;2025-12-19;13;1447
1;2025-12-19;14;1368
1;2025-12-19;15;1527
1;2025-12-19;16;1615
1;2025-12-19;17;1794
1;2025-12-19;18;1578
1;2025-12-19;19;1230
1;2025-12-19;20;821
1;2025-12-19;21;498
1;2025-12-19;22;235
1;2025-12-19;23;48
1;2025-12-20;0;4
1;2025-12-20;1;0
1;2025-12-20;2;0
1;2025-12-20;3;0
1;2025-12-20;4;0
1;2025-12-20;5;28
1;2025-12-20;6;166
1;2025-12-20;7;339
1;2025-12-20;8;480
1;2025-12-20;9;739
1;2025-12-20;10;884
1;2025-12-20;11;806
1;2025-12-20;12;990
1;2025-12-20;13;1041
1;2025-12-20;14;958
1;2025-12-20;15;823
1;2025-12-20;16;762
1;2025-12-20;17;707
1;2025-12-20;18;646
1;2025-12-20;19;584
1;2025-12-20;20;426
1;2025-12-20;21;319
1;2025-12-20;22;139
1;2025-12-20;23;29
1;2025-12-21;0;0
1;2025-12-21;1;0
1;2025-12-21;2;0
1;2025-12-21;3;0
1;2025-12-21;4;0
1;2025-12-21;5;26
1;2025-12-21;6;137
1;2025-12-21;7;283
1;2025-12-21;8;380
1;2025-12-21;9;651
1;2025-12-21;10;729
1;2025-12-21;11;722
1;2025-12-21;12;872
1;2025-12-21;13;922
1;2025-12-21;14;824
1;2025-12-21;15;760
1;2025-12-21;16;707
1;2025-12-21;17;655
1;2025-12-21;18;597
1;2025-12-21;19;507
1;2025-12-21;20;373
1;2025-12-21;21;292
1;2025-12-21;22;117
1;2025-12-21;23;31
1;2025-12-22;0;0
1;2025-12-22;1;0
1;2025-12-22;2;0
1;2025-12-22;3;0
1;2025-12-22;4;0
1;2025-12-22;5;80
1;2025-12-22;6;518
1;2025-12-22;7;1504
1;2025-12-22;8;1913
1;2025-12-22;9;1381
1;2025-12-22;10;1230
1;2025-12-22;11;1240
1;2025-12-22;12;1317
1;2025-12-22;13;1354
1;2025-12-22;14;1323
1;2025-12-22;15;1463
1;2025-12-22;16;1556
1;2025-12-22;17;1797
1;2025-12-22;18;1897
1;2025-12-22;19;1422
1;2025-12-22;20;890
1;2025-12-22;21;465
1;2025-12-22;22;194
1;2025-12-22;23;35
1;2025-12-23;0;3
1;2025-12-23;1;0
1;2025-12-23;2;0
1;2025-12-23;3;0
1;2025-12-23;4;0
1;2025-12-23;5;84
1;2025-12-23;6;542
1;2025-12-23;7;1600
1;2025-12-23;8;1988
1;2025-12-23;9;1511
1;2025-12-23;10;1352
1;2025-12-23;11;1339
1;2025-12-23;12;1388
1;2025-12-23;13;1414
1;2025-12-23;14;1335
1;2025-12-23;15;1456
1;2025-12-23;16;1493
1;2025-12-23;17;1797
1;2025-12-23;18;1825
1;2025-12-23;19;1445
1;2025-12-23;20;902
1;2025-12-23;21;491
1;2025-12-23;22;219
1;2025-12-23;23;42
1;2025-12-24;0;4
1;2025-12-24;1;0
1;2025-12-24;2;0
1;2025-12-24;3;0
1;2025-12-24;4;0
1;2025-12-24;5;91
1;2025-12-24;6;554
1;2025-12-24;7;1535
1;2025-12-24;8;1975
1;2025-12-24;9;1440
1;2025-12-24;10;1322
1;2025-12-24;11;1333
1;2025-12-24;12;1361
1;2025-12-24;13;1440
1;2025-12-24;14;1369
1;2025-12-24;15;1488
1;2025-12-24;16;1501
1;2025-12-24;17;1795
1;2025-12-24;18;1821
1;2025-12-24;19;1392
1;2025-12-24;20;928
1;2025-12-24;21;483
1;2025-12-24;22;238
1;2025-12-24;23;41
1;2025-12-25;0;4
1;2025-12-25;1;0
1;2025-12-25;2;0
1;2025-12-25;3;0
1;2025-12-25;4;0
1;2025-12-25;5;82
1;2025-12-25;6;508
1;2025-12-25;7;1513
1;2025-12-25;8;1999
1;2025-12-25;9;1465
1;2025-12-25;10;1339
1;2025-12-25;11;1325
1;2025-12-25;12;1412
1;2025-12-25;13;1438
1;2025-12-25;14;1392
1;2025-12-25;15;1532
1;2025-12-25;16;1548
1;2025-12-25;17;1803
1;2025-12-25;18;1822
1;2025-12-25;19;1352
1;2025-12-25;20;910
1;2025-12-25;21;481
1;2025-12-25;22;224
1;2025-12-25;23;45
1;2025-12-26;0;4
1;2025-12-26;1;0
1;2025-12-26;2;0
1;2025-12-26;3;0
1;2025-12-26;4;0
1;2025-12-26;5;95
1;2025-12-26;6;514
1;2025-12-26;7;1523
1;2025-12-26;8;1907
1;2025-12-26;9;1427
1;2025-12-26;10;1333
1;2025-12-26;11;1396
1;2025-12-26;12;1370
1;2025-12-26;13;1447
1;2025-12-26;14;1368
1;2025-12-26;15;1527
1;2025-12-26;16;1615
1;2025-12-26;17;1794
1;2025-12-26;18;1578
1;2025-12-26;19;1230
1;2025-12-26;20;821
1;2025-12-26;21;498
1;2025-12-26;22;235
1;2025-12-26;23;48
1;2025-12-27;0;4
1;2025-12-27;1;0
1;2025-12-27;2;0
1;2025-12-27;3;0
1;2025-12-27;4;0
1;2025-12-27;5;28
1;2025-12-27;6;166
1;2025-12-27;7;339
1;2025-12-27;8;480
1;2025-12-27;9;739
1;2025-12-27;10;884
1;2025-12-27;11;806
1;2025-12-27;12;990
1;2025-12-27;13;1041
1;2025-12-27;14;958
1;2025-12-27;15;823
1;2025-12-27;16;762
1;2025-12-27;17;707
1;2025-12-27;18;646
1;2025-12-27;19;584
1;2025-12-27;20;426
1;2025-12-27;21;319
1;2025-12-27;22;139
1;2025-12-27;23;29
1;2025-12-28;0;0
1;2025-12-28;1;0
1;2025-12-28;2;0
1;2025-12-28;3;0
1;2025-12-28;4;0
1;2025-12-28;5;26
1;2025-12-28;6;137
1;2025-12-28;7;283
1;2025-12-28;8;380
1;2025-12-28;9;651
1;2025-12-28;10;729
1;2025-12-28;11;722
1;2025-12-28;12;872
1;2025-12-28;13;922
1;2025-12-28;14;824
1;2025-12-28;15;760
1;2025-12-28;16;707
1;2025-12-28;17;655
1;2025-12-28;18;597
1;2025-12-28;19;507
1;2025-12-28;20;373
1;2025-12-28;21;292
1;2025-12-28;22;117
1;2025-12-28;23;31
1;2025-12-29;0;0
1;2025-12-29;1;0
1;2025-12-29;2;0
1;2025-12-29;3;0
1;2025-12-29;4;0
1;2025-12-29;5;80
1;2025-12-29;6;518
1;2025-12-29;7;1504
1;2025-12-29;8;1913
1;2025-12-29;9;1381
1;2025-12-29;10;1230
1;2025-12-29;11;1240
1;2025-12-29;12;1317
1;2025-12-29;13;1354
1;2025-12-29;14;1323
1;2025-12-29;15;1463
1;2025-12-29;16;1556
1;2025-12-29;17;1797
1;2025-12-29;18;1897
1;2025-12-29;19;1422
1;2025-12-29;20;890
1;2025-12-29;21;465
1;2025-12-29;22;194
1;2025-12-29;23;35
1;2025-12-30;0;3
1;2025-12-30;1;0
1;2025-12-30;2;0
1;2025-12-30;3;0
1;2025-12-30;4;0
1;2025-12-30;5;84
1;2025-12-30;6;542
1;2025-12-30;7;1600
1;2025-12-30;8;1988
1;2025-12-30;9;1511
1;2025-12-30;10;1352
1;2025-12-30;11;1339
1;2025-12-30;12;1388
1;2025-12-30;13;1414
1;2025-12-30;14;1335
1;2025-12-30;15;1456
1;2025-12-30;16;1493
1;2025-12-30;17;1797
1;2025-12-30;18;1825
1;2025-12-30;19;1445
1;2025-12-30;20;902
1;2025-12-30;21;491
1;2025-12-30;22;219
1;2025-12-30;23;42
1;2025-12-31;0;0
1;2025-12-31;1;0
1;2025-12-31;2;0
1;2025-12-31;3;0
1;2025-12-31;4;0
1;2025-12-31;5;25
1;2025-12-31;6;134
1;2025-12-31;7;277
1;2025-12-31;8;373
1;2025-12-31;9;638
1;2025-12-31;10;715
1;2025-12-31;11;708
1;2025-12-31;12;854
1;2025-12-31;13;903
1;2025-12-31;14;808
1;2025-12-31;15;745
1;2025-12-31;16;693
1;2025-12-31;17;642
1;2025-12-31;18;585
1;2025-12-31;19;497
1;2025-12-31;20;365
1;2025-12-31;21;286
1;2025-12-31;22;114
1;2025-12-31;23;31
5;2025-11-01;0;0
5;2025-11-01;1;0
5;2025-11-01;2;0
5;2025-11-01;3;0
5;2025-11-01;4;0
5;2025-11-01;5;0
5;2025-11-01;6;0
5;2025-11-01;7;0
5;2025-11-01;8;0
5;2025-11-01;9;0
5;2025-11-01;10;0
5;2025-11-01;11;0
5;2025-11-01;12;0
5;2025-11-01;13;0
5;2025-11-01;14;0
5;2025-11-01;15;0
5;2025-11-01;16;0
5;2025-11-01;17;0
5;2025-11-01;18;0
5;2025-11-01;19;0
5;2025-11-01;20;0
5;2025-11-01;21;0
5;2025-11-01;22;0
5;2025-11-01;23;0
5;2025-11-02;0;0
5;2025-11-02;1;0
5;2025-11-02;2;0
5;2025-11-02;3;0
5;2025-11-02;4;0
5;2025-11-02;5;0
5;2025-11-02;6;0
5;2025-11-02;7;0
5;2025-11-02;8;0
5;2025-11-02;9;0
5;2025-11-02;10;0
5;2025-11-02;11;0
5;2025-11-02;12;0
5;2025-11-02;13;0
5;2025-11-02;14;0
5;2025-11-02;15;0
5;2025-11-02;16;0
5;2025-11-02;17;0
5;2025-11-02;18;0
5;2025-11-02;19;0
5;2025-11-02;20;0
5;2025-11-02;21;0
5;2025-11-02;22;0
5;2025-11-02;23;0
5;2025-11-03;0;0
5;2025-11-03;1;0
5;2025-11-03;2;0
5;2025-11-03;3;0
5;2025-11-03;4;0
5;2025-11-03;5;0
5;2025-11-03;6;0
5;2025-11-03;7;0
5;2025-11-03;8;0
5;2025-11-03;9;0
5;2025-11-03;10;0
5;2025-11-03;11;0
5;2025-11-03;12;0
5;2025-11-03;13;0
5;2025-11-03;14;0
5;2025-11-03;15;0
5;2025-11-03;16;0
5;2025-11-03;17;0
5;2025-11-03;18;0
5;2025-11-03;19;0
5;2025-11-03;20;0
5;2025-11-03;21;0
5;2025-11-03;22;0
5;2025-11-03;23;0
5;2025-11-04;0;0
5;2025-11-04;1;0
5;2025-11-04;2;0
5;2025-11-04;3;0
5;2025-11-04;4;0
5;2025-11-04;5;0
5;2025-11-04;6;0
5;2025-11-04;7;0
5;2025-11-04;8;0
5;2025-11-04;9;0
5;2025-11-04;10;0
5;2025-11-04;11;0
5;2025-11-04;12;0
5;2025-11-04;13;0
5;2025-11-04;14;0
5;2025-11-04;15;0
5;2025-11-04;16;0
5;2025-11-04;17;0
5;2025-11-04;18;0
5;2025-11-04;19;0
5;2025-11-04;20;0
5;2025-11-04;21;0
5;2025-11-04;22;0
5;2025-11-04;23;0
5;2025-11-05;0;0
5;2025-11-05;1;0
5;2025-11-05;2;0
5;2025-11-05;3;0
5;2025-11-05;4;0
5;2025-11-05;5;0
5;2025-11-05;6;0
5;2025-11-05;7;0
5;2025-11-05;8;0
5;2025-11-05;9;0
5;2025-11-05;10;0
5;2025-11-05;11;0
5;2025-11-05;12;0
5;2025-11-05;13;0
5;2025-11-05;14;0
5;2025-11-05;15;0
5;2025-11-05;16;0
5;2025-11-05;17;0
5;2025-11-05;18;0
5;2025-11-05;19;0
5;2025-11-05;20;0
5;2025-11-05;21;0
5;2025-11-05;22;0
5;2025-11-05;23;0
5;2025-11-06;0;0
5;2025-11-06;1;0
5;2025-11-06;2;0
5;2025-11-06;3;0
5;2025-11-06;4;0
5;2025-11-06;5;0
5;2025-11-06;6;0
5;2025-11-06;7;0
5;2025-11-06;8;0
5;2025-11-06;9;0
5;2025-11-06;10;0
5;2025-11-06;11;0
5;2025-11-06;12;0
5;2025-11-06;13;0
5;2025-11-06;14;0
5;2025-11-06;15;0
5;2025-11-06;16;0
5;2025-11-06;17;0
5;2025-11-06;18;0
5;2025-11-06;19;0
5;2025-11-06;20;0
5;2025-11-06;21;0
5;2025-11-06;22;0
5;2025-11-06;23;0
5;2025-11-07;0;0
5;2025-11-07;1;0
5;2025-11-07;2;0
5;2025-11-07;3;0
5;2025-11-07;4;0
5;2025-11-07;5;0
5;2025-11-07;6;0
5;2025-11-07;7;0
5;2025-11-07;8;0
5;2025-11-07;9;0
5;2025-11-07;10;0
5;2025-11-07;11;0
5;2025-11-07;12;0
5;2025-11-07;13;0
5;2025-11-07;14;0
5;2025-11-07;15;0
5;2025-11-07;16;0
5;2025-11-07;17;0
5;2025-11-07;18;0
5;2025-11-07;19;0
5;2025-11-07;20;0
5;2025-11-07;21;0
5;2025-11-07;22;0
5;2025-11-07;23;0
5;2025-11-08;0;0
5;2025-11-08;1;0
5;2025-11-08;2;0
5;2025-11-08;3;0
5;2025-11-08;4;0
5;2025-11-08;5;0
5;2025-11-08;6;0
5;2025-11-08;7;0
5;2025-11-08;8;0
5;2025-11-08;9;0
5;2025-11-08;10;0
5;2025-11-08;11;0
5;2025-11-08;12;0
5;2025-11-08;13;0
5;2025-11-08;14;0
5;2025-11-08;15;0
5;2025-11-08;16;0
5;2025-11-08;17;0
5;2025-11-08;18;0
5;2025-11-08;19;0
5;2025-11-08;20;0
5;2025-11-08;21;0
5;2025-11-08;22;0
5;2025-11-08;23;0
5;2025-11-09;0;0
5;2025-11-09;1;0
5;2025-11-09;2;0
5;2025-11-09;3;0
5;2025-11-09;4;0
5;2025-11-09;5;0
5;2025-11-09;6;0
5;2025-11-09;7;0
5;2025-11-09;8;0
5;2025-11-09;9;0
5;2025-11-09;10;0
5;2025-11-09;11;0
5;2025-11-09;12;0
5;2025-11-09;13;0
5;2025-11-09;14;0
5;2025-11-09;15;0
5;2025-11-09;16;0
5;2025-11-09;17;0
5;2025-11-09;18;0
5;2025-11-09;19;0
5;2025-11-09;20;0
5;2025-11-09;21;0
5;2025-11-09;22;0
5;2025-11-09;23;0
5;2025-11-10;0;0
5;2025-11-10;1;0
5;2025-11-10;2;0
5;2025-11-10;3;0
5;2025-11-10;4;0
5;2025-11-10;5;0
5;2025-11-10;6;0
5;2025-11-10;7;0
5;2025-11-10;8;0
5;2025-11-10;9;0
5;2025-11-10;10;0
5;2025-11-10;11;0
5;2025-11-10;12;0
5;2025-11-10;13;0
5;2025-11-10;14;0
5;2025-11-10;15;0
5;2025-11-10;16;0
5;2025-11-10;17;0
5;2025-11-10;18;0
5;2025-11-10;19;0
5;2025-11-10;20;0
5;2025-11-10;21;0
5;2025-11-10;22;0
5;2025-11-10;23;0
5;2025-11-11;0;0
5;2025-11-11;1;0
5;2025-11-11;2;0
5;2025-11-11;3;0
5;2025-11-11;4;0
5;2025-11-11;5;0
5;2025-11-11;6;0
5;2025-11-11;7;0
5;2025-11-11;8;0
5;2025-11-11;9;0
5;2025-11-11;10;0
5;2025-11-11;11;0
5;2025-11-11;12;0
5;2025-11-11;13;0
5;2025-11-11;14;0
5;2025-11-11;15;0
5;2025-11-11;16;0
5;2025-11-11;17;0
5;2025-11-11;18;0
5;2025-11-11;19;0
5;2025-11-11;20;0
5;2025-11-11;21;0
5;2025-11-11;22;0
5;2025-11-11;23;0
5;2025-11-12;0;0
5;2025-11-12;1;0
5;2025-11-12;2;0
5;2025-11-12;3;0
5;2025-11-12;4;0
5;2025-11-12;5;0
5;2025-11-12;6;0
5;2025-11-12;7;0
5;2025-11-12;8;0
5;2025-11-12;9;0
5;2025-11-12;10;0
5;2025-11-12;11;0
5;2025-11-12;12;0
5;2025-11-12;13;0
5;2025-11-12;14;0
5;2025-11-12;15;0
5;2025-11-12;16;0
5;2025-11-12;17;0
5;2025-11-12;18;0
5;2025-11-12;19;0
5;2025-11-12;20;0
5;2025-11-12;21;0
5;2025-11-12;22;0
5;2025-11-12;23;0
5;2025-11-13;0;0
5;2025-11-13;1;0
5;2025-11-13;2;0
5;2025-11-13;3;0
5;2025-11-13;4;0
5;2025-11-13;5;0
5;2025-11-13;6;0
5;2025-11-13;7;0
5;2025-11-13;8;0
5;2025-11-13;9;0
5;2025-11-13;10;0
5;2025-11-13;11;0
5;2025-11-13;12;0
5;2025-11-13;13;0
5;2025-11-13;14;0
5;2025-11-13;15;0
5;2025-11-13;16;0
5;2025-11-13;17;0
5;2025-11-13;18;0
5;2025-11-13;19;0
5;2025-11-13;20;0
5;2025-11-13;21;0
5;2025-11-13;22;0
5;2025-11-13;23;0
5;2025-11-14;0;0
5;2025-11-14;1;0
5;2025-11-14;2;0
5;2025-11-14;3;0
5;2025-11-14;4;0
5;2025-11-14;5;0
5;2025-11-14;6;0
5;2025-11-14;7;0
5;2025-11-14;8;0
5;2025-11-14;9;0
5;2025-11-14;10;0
5;2025-11-14;11;0
5;2025-11-14;12;0
5;2025-11-14;13;0
5;2025-11-14;14;0
5;2025-11-14;15;0
5;2025-11-14;16;0
5;2025-11-14;17;0
5;2025-11-14;18;0
5;2025-11-14;19;0
5;2025-11-14;20;0
5;2025-11-14;21;0
5;2025-11-14;22;0
5;2025-11-14;23;0
5;2025-11-15;0;0
5;2025-11-15;1;0
5;2025-11-15;2;0
5;2025-11-15;3;0
5;2025-11-15;4;0
5;2025-11-15;5;0
5;2025-11-15;6;0
5;2025-11-15;7;0
5;2025-11-15;8;0
5;2025-11-15;9;0
5;2025-11-15;10;0
5;2025-11-15;11;0
5;2025-11-15;12;0
5;2025-11-15;13;0
5;2025-11-15;14;0
5;2025-11-15;15;0
5;2025-11-15;16;0
5;2025-11-15;17;0
5;2025-11-15;18;0
5;2025-11-15;19;0
5;2025-11-15;20;0
5;2025-11-15;21;0
5;2025-11-15;22;0
5;2025-11-15;23;0
5;2025-11-16;0;0
5;2025-11-16;1;0
5;2025-11-16;2;0
5;2025-11-16;3;0
5;2025-11-16;4;0
5;2025-11-16;5;0
5;2025-11-16;6;0
5;2025-11-16;7;0
5;2025-11-16;8;0
5;2025-11-16;9;0
5;2025-11-16;10;0
5;2025-11-16;11;0
5;2025-11-16;12;0
5;2025-11-16;13;0
5;2025-11-16;14;0
5;2025-11-16;15;0
5;2025-11-16;16;0
5;2025-11-16;17;0
5;2025-11-16;18;0
5;2025-11-16;19;0
5;2025-11-16;20;0
5;2025-11-16;21;0
5;2025-11-16;22;0
5;2025-11-16;23;0
5;2025-11-17;0;0
5;2025-11-17;1;0
5;2025-11-17;2;0
5;2025-11-17;3;0
5;2025-11-17;4;0
5;2025-11-17;5;0
5;2025-11-17;6;0
5;2025-11-17;7;0
5;2025-11-17;8;0
5;2025-11-17;9;0
5;2025-11-17;10;0
5;2025-11-17;11;0
5;2025-11-17;12;0
5;2025-11-17;13;0
5;2025-11-17;14;0
5;2025-11-17;15;0
5;2025-11-17;16;0
5;2025-11-17;17;0
5;2025-11-17;18;0
5;2025-11-17;19;0
5;2025-11-17;20;0
5;2025-11-17;21;0
5;2025-11-17;22;0
5;2025-11-17;23;0
5;2025-11-18;0;0
5;2025-11-18;1;0
5;2025-11-18;2;0
5;2025-11-18;3;0
5;2025-11-18;4;0
5;2025-11-18;5;0
5;2025-11-18;6;0
5;2025-11-18;7;0
5;2025-11-18;8;0
5;2025-11-18;9;0
5;2025-11-18;10;0
5;2025-11-18;11;0
5;2025-11-18;12;0
5;2025-11-18;13;0
5;2025-11-18;14;0
5;2025-11-18;15;0
5;2025-11-18;16;0
5;2025-11-18;17;0
5;2025-11-18;18;0
5;2025-11-18;19;0
5;2025-11-18;20;0
5;2025-11-18;21;0
5;2025-11-18;22;0
5;2025-11-18;23;0
5;2025-11-19;0;0
5;2025-11-19;1;0
5;2025-11-19;2;0
5;2025-11-19;3;0
5;2025-11-19;4;0
5;2025-11-19;5;0
5;2025-11-19;6;0
5;2025-11-19;7;0
5;2025-11-19;8;0
5;2025-11-19;9;0
5;2025-11-19;10;0
5;2025-11-19;11;0
5;2025-11-19;12;0
5;2025-11-19;13;0
5;2025-11-19;14;0
5;2025-11-19;15;0
5;2025-11-19;16;0
5;2025-11-19;17;0
5;2025-11-19;18;0
5;2025-11-19;19;0
5;2025-11-19;20;0
5;2025-11-19;21;0
5;2025-11-19;22;0
5;2025-11-19;23;0
5;2025-11-20;0;0
5;2025-11-20;1;0
5;2025-11-20;2;0
5;2025-11-20;3;0
5;2025-11-20;4;0
5;2025-11-20;5;0
5;2025-11-20;6;0
5;2025-11-20;7;0
5;2025-11-20;8;0
5;2025-11-20;9;0
5;2025-11-20;10;0
5;2025-11-20;11;0
5;2025-11-20;12;0
5;2025-11-20;13;0
5;2025-11-20;14;0
5;2025-11-20;15;0
5;2025-11-20;16;0
5;2025-11-20;17;0
5;2025-11-20;18;0
5;2025-11-20;19;0
5;2025-11-20;20;0
5;2025-11-20;21;0
5;2025-11-20;22;0
5;2025-11-20;23;0
5;2025-11-21;0;0
5;2025-11-21;1;0
5;2025-11-21;2;0
5;2025-11-21;3;0
5;2025-11-21;4;0
5;2025-11-21;5;0
5;2025-11-21;6;0
5;2025-11-21;7;0
5;2025-11-21;8;0
5;2025-11-21;9;0
5;2025-11-21;10;0
5;2025-11-21;11;0
5;2025-11-21;12;0
5;2025-11-21;13;0
5;2025-11-21;14;0
5;2025-11-21;15;0
5;2025-11-21;16;0
5;2025-11-21;17;0
5;2025-11-21;18;0
5;2025-11-21;19;0
5;2025-11-21;20;0
5;2025-11-21;21;0
5;2025-11-21;22;0
5;2025-11-21;23;0
5;2025-11-22;0;0
5;2025-11-22;1;0
5;2025-11-22;2;0
5;2025-11-22;3;0
5;2025-11-22;4;0
5;2025-11-22;5;0
5;2025-11-22;6;0
5;2025-11-22;7;0
5;2025-11-22;8;0
5;2025-11-22;9;0
5;2025-11-22;10;0
5;2025-11-22;11;0
5;2025-11-22;12;0
5;2025-11-22;13;0
5;2025-11-22;14;0
5;2025-11-22;15;0
5;2025-11-22;16;0
5;2025-11-22;17;0
5;2025-11-22;18;0
5;2025-11-22;19;0
5;2025-11-22;20;0
5;2025-11-22;21;0
5;2025-11-22;22;0
5;2025-11-22;23;0
5;2025-11-23;0;0
5;2025-11-23;1;0
5;2025-11-23;2;0
5;2025-11-23;3;0
5;2025-11-23;4;0
5;2025-11-23;5;0
5;2025-11-23;6;0
5;2025-11-23;7;0
5;2025-11-23;8;0
5;2025-11-23;9;0
5;2025-11-23;10;0
5;2025-11-23;11;0
5;2025-11-23;12;0
5;2025-11-23;13;0
5;2025-11-23;14;0
5;2025-11-23;15;0
5;2025-11-23;16;0
5;2025-11-23;17;0
5;2025-11-23;18;0
5;2025-11-23;19;0
5;2025-11-23;20;0
5;2025-11-23;21;0
5;2025-11-23;22;0
5;2025-11-23;23;0
5;2025-11-24;0;0
5;2025-11-24;1;0
5;2025-11-24;2;0
5;2025-11-24;3;0
5;2025-11-24;4;0
5;2025-11-24;5;0
5;2025-11-24;6;0
5;2025-11-24;7;0
5;2025-11-24;8;0
5;2025-11-24;9;0
5;2025-11-24;10;0
5;2025-11-24;11;0
5;2025-11-24;12;0
5;2025-11-24;13;0
5;2025-11-24;14;0
5;2025-11-24;15;0
5;2025-11-24;16;0
5;2025-11-24;17;0
5;2025-11-24;18;0
5;2025-11-24;19;0
5;2025-11-24;20;0
5;2025-11-24;21;0
5;2025-11-24;22;0
5;2025-11-24;23;0
5;2025-11-25;0;0
5;2025-11-25;1;0
5;2025-11-25;2;0
5;2025-11-25;3;0
5;2025-11-25;4;0
5;2025-11-25;5;0
5;2025-11-25;6;0
5;2025-11-25;7;0
5;2025-11-25;8;0
5;2025-11-25;9;0
5;2025-11-25;10;0
5;2025-11-25;11;0
5;2025-11-25;12;0
5;2025-11-25;13;0
5;2025-11-25;14;0
5;2025-11-25;15;0
5;2025-11-25;16;0
5;2025-11-25;17;0
5;2025-11-25;18;0
5;2025-11-25;19;0
5;2025-11-25;20;0
5;2025-11-25;21;0
5;2025-11-25;22;0
5;2025-11-25;23;0
5;2025-11-26;0;0
5;2025-11-26;1;0
5;2025-11-26;2;0
5;2025-11-26;3;0
5;2025-11-26;4;0
5;2025-11-26;5;0
5;2025-11-26;6;0
5;2025-11-26;7;0
5;2025-11-26;8;0
5;2025-11-26;9;0
5;2025-11-26;10;0
5;2025-11-26;11;0
5;2025-11-26;12;0
5;2025-11-26;13;0
5;2025-11-26;14;0
5;2025-11-26;15;0
5;2025-11-26;16;0
5;2025-11-26;17;0
5;2025-11-26;18;0
5;2025-11-26;19;0
5;2025-11-26;20;0
5;2025-11-26;21;0
5;2025-11-26;22;0
5;2025-11-26;23;0
5;2025-11-27;0;0
5;2025-11-27;1;0
5;2025-11-27;2;0
5;2025-11-27;3;0
5;2025-11-27;4;0
5;2025-11-27;5;0
5;2025-11-27;6;0
5;2025-11-27;7;0
5;2025-11-27;8;0
5;2025-11-27;9;0
5;2025-11-27;10;0
5;2025-11-27;11;0
5;2025-11-27;12;0
5;2025-11-27;13;0
5;2025-11-27;14;0
5;2025-11-27;15;0
5;2025-11-27;16;0
5;2025-11-27;17;0
5;2025-11-27;18;0
5;2025-11-27;19;0
5;2025-11-27;20;0
5;2025-11-27;21;0
5;2025-11-27;22;0
5;2025-11-27;23;0
5;2025-11-28;0;0
5;2025-11-28;1;0
5;2025-11-28;2;0
5;2025-11-28;3;0
5;2025-11-28;4;0
5;2025-11-28;5;0
5;2025-11-28;6;0
5;2025-11-28;7;0
5;2025-11-28;8;0
5;2025-11-28;9;0
5;2025-11-28;10;0
5;2025-11-28;11;0
5;2025-11-28;12;0
5;2025-11-28;13;0
5;2025-11-28;14;0
5;2025-11-28;15;0
5;2025-11-28;16;0
5;2025-11-28;17;0
5;2025-11-28;18;0
5;2025-11-28;19;0
5;2025-11-28;20;0
5;2025-11-28;21;0
5;2025-11-28;22;0
5;2025-11-28;23;0
5;2025-11-29;0;0
5;2025-11-29;1;0
5;2025-11-29;2;0
5;2025-11-29;3;0
5;2025-11-29;4;0
5;2025-11-29;5;0
5;2025-11-29;6;0
5;2025-11-29;7;0
5;2025-11-29;8;0
5;2025-11-29;9;0
5;2025-11-29;10;0
5;2025-11-29;11;0
5;2025-11-29;12;0
5;2025-11-29;13;0
5;2025-11-29;14;0
5;2025-11-29;15;0
5;2025-11-29;16;0
5;2025-11-29;17;0
5;2025-11-29;18;0
5;2025-11-29;19;0
5;2025-11-29;20;0
5;2025-11-29;21;0
5;2025-11-29;22;0
5;2025-11-29;23;0
5;2025-11-30;0;0
5;2025-11-30;1;0
5;2025-11-30;2;0
5;2025-11-30;3;0
5;2025-11-30;4;0
5;2025-11-30;5;0
5;2025-11-30;6;0
5;2025-11-30;7;0
5;2025-11-30;8;0
5;2025-11-30;9;0
5;2025-11-30;10;0
5;2025-11-30;11;0
5;2025-11-30;12;0
5;2025-11-30;13;0
5;2025-11-30;14;0
5;2025-11-30;15;0
5;2025-11-30;16;0
5;2025-11-30;17;0
5;2025-11-30;18;0
5;2025-11-30;19;0
5;2025-11-30;20;0
5;2025-11-30;21;0
5;2025-11-30;22;0
5;2025-11-30;23;0
5;2025-12-01;0;0
5;2025-12-01;1;0
5;2025-12-01;2;0
5;2025-12-01;3;0
5;2025-12-01;4;0
5;2025-12-01;5;0
5;2025-12-01;6;0
5;2025-12-01;7;0
5;2025-12-01;8;0
5;2025-12-01;9;0
5;2025-12-01;10;0
5;2025-12-01;11;0
5;2025-12-01;12;0
5;2025-12-01;13;0
5;2025-12-01;14;0
5;2025-12-01;15;0
5;2025-12-01;16;0
5;2025-12-01;17;0
5;2025-12-01;18;0
5;2025-12-01;19;0
5;2025-12-01;20;0
5;2025-12-01;21;0
5;2025-12-01;22;0
5;2025-12-01;23;0
5;2025-12-02;0;0
5;2025-12-02;1;0
5;2025-12-02;2;0
5;2025-12-02;3;0
5;2025-12-02;4;0
5;2025-12-02;5;0
5;2025-12-02;6;0
5;2025-12-02;7;0
5;2025-12-02;8;0
5;2025-12-02;9;0
5;2025-12-02;10;0
5;2025-12-02;11;0
5;2025-12-02;12;0
5;2025-12-02;13;0
5;2025-12-02;14;0
5;2025-12-02;15;0
5;2025-12-02;16;0
5;2025-12-02;17;0
5;2025-12-02;18;0
5;2025-12-02;19;0
5;2025-12-02;20;0
5;2025-12-02;21;0
5;2025-12-02;22;0
5;2025-12-02;23;0
5;2025-12-03;0;0
5;2025-12-03;1;0
5;2025-12-03;2;0
5;2025-12-03;3;0
5;2025-12-03;4;0
5;2025-12-03;5;0
5;2025-12-03;6;0
5;2025-12-03;7;0
5;2025-12-03;8;0
5;2025-12-03;9;0
5;2025-12-03;10;0
5;2025-12-03;11;0
5;2025-12-03;12;0
5;2025-12-03;13;0
5;2025-12-03;14;0
5;2025-12-03;15;0
5;2025-12-03;16;0
5;2025-12-03;17;0
5;2025-12-03;18;0
5;2025-12-03;19;0
5;2025-12-03;20;0
5;2025-12-03;21;0
5;2025-12-03;22;0
5;2025-12-03;23;0
5;2025-12-04;0;0
5;2025-12-04;1;0
5;2025-12-04;2;0
5;2025-12-04;3;0
5;2025-12-04;4;0
5;2025-12-04;5;0
5;2025-12-04;6;0
5;2025-12-04;7;0
5;2025-12-04;8;0
5;2025-12-04;9;0
5;2025-12-04;10;0
5;2025-12-04;11;0
5;2025-12-04;12;0
5;2025-12-04;13;0
5;2025-12-04;14;0
5;2025-12-04;15;0
5;2025-12-04;16;0
5;2025-12-04;17;0
5;2025-12-04;18;0
5;2025-12-04;19;0
5;2025-12-04;20;0
5;2025-12-04;21;0
5;2025-12-04;22;0
5;2025-12-04;23;0
5;2025-12-05;0;0
5;2025-12-05;1;0
5;2025-12-05;2;0
5;2025-12-05;3;0
5;2025-12-05;4;0
5;2025-12-05;5;0
5;2025-12-05;6;0
5;2025-12-05;7;0
5;2025-12-05;8;0
5;2025-12-05;9;0
5;2025-12-05;10;0
5;2025-12-05;11;0
5;2025-12-05;12;0
5;2025-12-05;13;0
5;2025-12-05;14;0
5;2025-12-05;15;0
5;2025-12-05;16;0
5;2025-12-05;17;0
5;2025-12-05;18;0
5;2025-12-05;19;0
5;2025-12-05;20;0
5;2025-12-05;21;0
5;2025-12-05;22;0
5;2025-12-05;23;0
5;2025-12-06;0;0
5;2025-12-06;1;0
5;2025-12-06;2;0
5;2025-12-06;3;0
5;2025-12-06;4;0
5;2025-12-06;5;0
5;2025-12-06;6;0
5;2025-12-06;7;0
5;2025-12-06;8;0
5;2025-12-06;9;0
5;2025-12-06;10;0
5;2025-12-06;11;0
5;2025-12-06;12;0
5;2025-12-06;13;0
5;2025-12-06;14;0
5;2025-12-06;15;0
5;2025-12-06;16;0
5;2025-12-06;17;0
5;2025-12-06;18;0
5;2025-12-06;19;0
5;2025-12-06;20;0
5;2025-12-06;21;0
5;2025-12-06;22;0
5;2025-12-06;23;0
5;2025-12-07;0;0
5;2025-12-07;1;0
5;2025-12-07;2;0
5;2025-12-07;3;0
5;2025-12-07;4;0
5;2025-12-07;5;0
5;2025-12-07;6;0
5;2025-12-07;7;0
5;2025-12-07;8;0
5;2025-12-07;9;0
5;2025-12-07;10;0
5;2025-12-07;11;0
5;2025-12-07;12;0
5;2025-12-07;13;0
5;2025-12-07;14;0
5;2025-12-07;15;0
5;2025-12-07;16;0
5;2025-12-07;17;0
5;2025-12-07;18;0
5;2025-12-07;19;0
5;2025-12-07;20;0
5;2025-12-07;21;0
5;2025-12-07;22;0
5;2025-12-07;23;0
5;2025-12-08;0;0
5;2025-12-08;1;0
5;2025-12-08;2;0
5;2025-12-08;3;0
5;2025-12-08;4;0
5;2025-12-08;5;0
5;2025-12-08;6;0
5;2025-12-08;7;0
5;2025-12-08;8;0
5;2025-12-08;9;0
5;2025-12-08;10;0
5;2025-12-08;11;0
5;2025-12-08;12;0
5;2025-12-08;13;0
5;2025-12-08;14;0
5;2025-12-08;15;0
5;2025-12-08;16;0
5;2025-12-08;17;0
5;2025-12-08;18;0
5;2025-12-08;19;0
5;2025-12-08;20;0
5;2025-12-08;21;0
5;2025-12-08;22;0
5;2025-12-08;23;0
5;2025-12-09;0;0
5;2025-12-09;1;0
5;2025-12-09;2;0
5;2025-12-09;3;0
5;2025-12-09;4;0
5;2025-12-09;5;0
5;2025-12-09;6;0
5;2025-12-09;7;0
5;2025-12-09;8;0
5;2025-12-09;9;0
5;2025-12-09;10;0
5;2025-12-09;11;0
5;2025-12-09;12;0
5;2025-12-09;13;0
5;2025-12-09;14;0
5;2025-12-09;15;0
5;2025-12-09;16;0
5;2025-12-09;17;0
5;2025-12-09;18;0
5;2025-12-09;19;0
5;2025-12-09;20;0
5;2025-12-09;21;0
5;2025-12-09;22;0
5;2025-12-09;23;0
5;2025-12-10;0;0
5;2025-12-10;1;0
5;2025-12-10;2;0
5;2025-12-10;3;0
5;2025-12-10;4;0
5;2025-12-10;5;0
5;2025-12-10;6;0
5;2025-12-10;7;0
5;2025-12-10;8;0
5;2025-12-10;9;0
5;2025-12-10;10;0
5;2025-12-10;11;0
5;2025-12-10;12;0
5;2025-12-10;13;0
5;2025-12-10;14;0
5;2025-12-10;15;0
5;2025-12-10;16;0
5;2025-12-10;17;0
5;2025-12-10;18;0
5;2025-12-10;19;0
5;2025-12-10;20;0
5;2025-12-10;21;0
5;2025-12-10;22;0
5;2025-12-10;23;0
5;2025-12-11;0;0
5;2025-12-11;1;0
5;2025-12-11;2;0
5;2025-12-11;3;0
5;2025-12-11;4;0
5;2025-12-11;5;0
5;2025-12-11;6;0
5;2025-12-11;7;0
5;2025-12-11;8;0
5;2025-12-11;9;0
5;2025-12-11;10;0
5;2025-12-11;11;0
5;2025-12-11;12;0
5;2025-12-11;13;0
5;2025-12-11;14;0
5;2025-12-11;15;0
5;2025-12-11;16;0
5;2025-12-11;17;0
5;2025-12-11;18;0
5;2025-12-11;19;0
5;2025-12-11;20;0
5;2025-12-11;21;0
5;2025-12-11;22;0
5;2025-12-11;23;0
5;2025-12-12;0;0
5;2025-12-12;1;0
5;2025-12-12;2;0
5;2025-12-12;3;0
5;2025-12-12;4;0
5;2025-12-12;5;0
5;2025-12-12;6;0
5;2025-12-12;7;0
5;2025-12-12;8;0
5;2025-12-12;9;0
5;2025-12-12;10;0
5;2025-12-12;11;0
5;2025-12-12;12;0
5;2025-12-12;13;0
5;2025-12-12;14;0
5;2025-12-12;15;0
5;2025-12-12;16;0
5;2025-12-12;17;0
5;2025-12-12;18;0
5;2025-12-12;19;0
5;2025-12-12;20;0
5;2025-12-12;21;0
5;2025-12-12;22;0
5;2025-12-12;23;0
5;2025-12-13;0;0
5;2025-12-13;1;0
5;2025-12-13;2;0
5;2025-12-13;3;0
5;2025-12-13;4;0
5;2025-12-13;5;0
5;2025-12-13;6;0
5;2025-12-13;7;0
5;2025-12-13;8;0
5;2025-12-13;9;0
5;2025-12-13;10;0
5;2025-12-13;11;0
5;2025-12-13;12;0
5;2025-12-13;13;0
5;2025-12-13;14;0
5;2025-12-13;15;0
5;2025-12-13;16;0
5;2025-12-13;17;0
5;2025-12-13;18;0
5;2025-12-13;19;0
5;2025-12-13;20;0
5;2025-12-13;21;0
5;2025-12-13;22;0
5;2025-12-13;23;0
5;2025-12-14;0;0
5;2025-12-14;1;0
5;2025-12-14;2;0
5;2025-12-14;3;0
5;2025-12-14;4;0
5;2025-12-14;5;0
5;2025-12-14;6;0
5;2025-12-14;7;0
5;2025-12-14;8;0
5;2025-12-14;9;0
5;2025-12-14;10;0
5;2025-12-14;11;0
5;2025-12-14;12;0
5;2025-12-14;13;0
5;2025-12-14;14;0
5;2025-12-14;15;0
5;2025-12-14;16;0
5;2025-12-14;17;0
5;2025-12-14;18;0
5;2025-12-14;19;0
5;2025-12-14;20;0
5;2025-12-14;21;0
5;2025-12-14;22;0
5;2025-12-14;23;0
5;2025-12-15;0;0
5;2025-12-15;1;0
5;2025-12-15;2;0
5;2025-12-15;3;0
5;2025-12-15;4;0
5;2025-12-15;5;0
5;2025-12-15;6;0
5;2025-12-15;7;0
5;2025-12-15;8;0
5;2025-12-15;9;0
5;2025-12-15;10;0
5;2025-12-15;11;0
5;2025-12-15;12;0
5;2025-12-15;13;0
5;2025-12-15;14;0
5;2025-12-15;15;0
5;2025-12-15;16;0
5;2025-12-15;17;0
5;2025-12-15;18;0
5;2025-12-15;19;0
5;2025-12-15;20;0
5;2025-12-15;21;0
5;2025-12-15;22;0
5;2025-12-15;23;0
5;2025-12-16;0;0
5;2025-12-16;1;0
5;2025-12-16;2;0
5;2025-12-16;3;0
5;2025-12-16;4;0
5;2025-12-16;5;0
5;2025-12-16;6;0
5;2025-12-16;7;0
5;2025-12-16;8;0
5;2025-12-16;9;0
5;2025-12-16;10;0
5;2025-12-16;11;0
5;2025-12-16;12;0
5;2025-12-16;13;0
5;2025-12-16;14;0
5;2025-12-16;15;0
5;2025-12-16;16;0
5;2025-12-16;17;0
5;2025-12-16;18;0
5;2025-12-16;19;0
5;2025-12-16;20;0
5;2025-12-16;21;0
5;2025-12-16;22;0
5;2025-12-16;23;0
5;2025-12-17;0;0
5;2025-12-17;1;0
5;2025-12-17;2;0
5;2025-12-17;3;0
5;2025-12-17;4;0
5;2025-12-17;5;0
5;2025-12-17;6;0
5;2025-12-17;7;0
5;2025-12-17;8;0
5;2025-12-17;9;0
5;2025-12-17;10;0
5;2025-12-17;11;0
5;2025-12-17;12;0
5;2025-12-17;13;0
5;2025-12-17;14;0
5;2025-12-17;15;0
5;2025-12-17;16;0
5;2025-12-17;17;0
5;2025-12-17;18;0
5;2025-12-17;19;0
5;2025-12-17;20;0
5;2025-12-17;21;0
5;2025-12-17;22;0
5;2025-12-17;23;0
5;2025-12-18;0;0
5;2025-12-18;1;0
5;2025-12-18;2;0
5;2025-12-18;3;0
5;2025-12-18;4;0
5;2025-12-18;5;0
5;2025-12-18;6;0
5;2025-12-18;7;0
5;2025-12-18;8;0
5;2025-12-18;9;0
5;2025-12-18;10;0
5;2025-12-18;11;0
5;2025-12-18;12;0
5;2025-12-18;13;0
5;2025-12-18;14;0
5;2025-12-18;15;0
5;2025-12-18;16;0
5;2025-12-18;17;0
5;2025-12-18;18;0
5;2025-12-18;19;0
5;2025-12-18;20;0
5;2025-12-18;21;0
5;2025-12-18;22;0
5;2025-12-18;23;0
5;2025-12-19;0;0
5;2025-12-19;1;0
5;2025-12-19;2;0
5;2025-12-19;3;0
5;2025-12-19;4;0
5;2025-12-19;5;0
5;2025-12-19;6;0
5;2025-12-19;7;0
5;2025-12-19;8;0
5;2025-12-19;9;0
5;2025-12-19;10;0
5;2025-12-19;11;0
5;2025-12-19;12;0
5;2025-12-19;13;0
5;2025-12-19;14;0
5;2025-12-19;15;0
5;2025-12-19;16;0
5;2025-12-19;17;0
5;2025-12-19;18;0
5;2025-12-19;19;0
5;2025-12-19;20;0
5;2025-12-19;21;0
5;2025-12-19;22;0
5;2025-12-19;23;0
5;2025-12-20;0;0
5;2025-12-20;1;0
5;2025-12-20;2;0
5;2025-12-20;3;0
5;2025-12-20;4;0
5;2025-12-20;5;0
5;2025-12-20;6;0
5;2025-12-20;7;0
5;2025-12-20;8;0
5;2025-12-20;9;0
5;2025-12-20;10;0
5;2025-12-20;11;0
5;2025-12-20;12;0
5;2025-12-20;13;0
5;2025-12-20;14;0
5;2025-12-20;15;0
5;2025-12-20;16;0
5;2025-12-20;17;0
5;2025-12-20;18;0
5;2025-12-20;19;0
5;2025-12-20;20;0
5;2025-12-20;21;0
5;2025-12-20;22;0
5;2025-12-20;23;0
5;2025-12-21;0;0
5;2025-12-21;1;0
5;2025-12-21;2;0
5;2025-12-21;3;0
5;2025-12-21;4;0
5;2025-12-21;5;0
5;2025-12-21;6;0
5;2025-12-21;7;0
5;2025-12-21;8;0
5;2025-12-21;9;0
5;2025-12-21;10;0
5;2025-12-21;11;0
5;2025-12-21;12;0
5;2025-12-21;13;0
5;2025-12-21;14;0
5;2025-12-21;15;0
5;2025-12-21;16;0
5;2025-12-21;17;0
5;2025-12-21;18;0
5;2025-12-21;19;0
5;2025-12-21;20;0
5;2025-12-21;21;0
5;2025-12-21;22;0
5;2025-12-21;23;0
5;2025-12-22;0;0
5;2025-12-22;1;0
5;2025-12-22;2;0
5;2025-12-22;3;0
5;2025-12-22;4;0
5;2025-12-22;5;0
5;2025-12-22;6;0
5;2025-12-22;7;0
5;2025-12-22;8;0
5;2025-12-22;9;0
5;2025-12-22;10;0
5;2025-12-22;11;0
5;2025-12-22;12;0
5;2025-12-22;13;0
5;2025-12-22;14;0
5;2025-12-22;15;0
5;2025-12-22;16;0
5;2025-12-22;17;0
5;2025-12-22;18;0
5;2025-12-22;19;0
5;2025-12-22;20;0
5;2025-12-22;21;0
5;2025-12-22;22;0
5;2025-12-22;23;0
5;2025-12-23;0;0
5;2025-12-23;1;0
5;2025-12-23;2;0
5;2025-12-23;3;0
5;2025-12-23;4;0
5;2025-12-23;5;0
5;2025-12-23;6;0
5;2025-12-23;7;0
5;2025-12-23;8;0
5;2025-12-23;9;0
5;2025-12-23;10;0
5;2025-12-23;11;0
5;2025-12-23;12;0
5;2025-12-23;13;0
5;2025-12-23;14;0
5;2025-12-23;15;0
5;2025-12-23;16;0
5;2025-12-23;17;0
5;2025-12-23;18;0
5;2025-12-23;19;0
5;2025-12-23;20;0
5;2025-12-23;21;0
5;2025-12-23;22;0
5;2025-12-23;23;0
5;2025-12-24;0;0
5;2025-12-24;1;0
5;2025-12-24;2;0
5;2025-12-24;3;0
5;2025-12-24;4;0
5;2025-12-24;5;0
5;2025-12-24;6;0
5;2025-12-24;7;0
5;2025-12-24;8;0
5;2025-12-24;9;0
5;2025-12-24;10;0
5;2025-12-24;11;0
5;2025-12-24;12;0
5;2025-12-24;13;0
5;2025-12-24;14;0
5;2025-12-24;15;0
5;2025-12-24;16;0
5;2025-12-24;17;0
5;2025-12-24;18;0
5;2025-12-24;19;0
5;2025-12-24;20;0
5;2025-12-24;21;0
5;2025-12-24;22;0
5;2025-12-24;23;0
5;2025-12-25;0;0
5;2025-12-25;1;0
5;2025-12-25;2;0
5;2025-12-25;3;0
5;2025-12-25;4;0
5;2025-12-25;5;0
5;2025-12-25;6;0
5;2025-12-25;7;0
5;2025-12-25;8;0
5;2025-12-25;9;0
5;2025-12-25;10;0
5;2025-12-25;11;0
5;2025-12-25;12;0
5;2025-12-25;13;0
5;2025-12-25;14;0
5;2025-12-25;15;0
5;2025-12-25;16;0
5;2025-12-25;17;0
5;2025-12-25;18;0
5;2025-12-25;19;0
5;2025-12-25;20;0
5;2025-12-25;21;0
5;2025-12-25;22;0
5;2025-12-25;23;0
5;2025-12-26;0;0
5;2025-12-26;1;0
5;2025-12-26;2;0
5;2025-12-26;3;0
5;2025-12-26;4;0
5;2025-12-26;5;0
5;2025-12-26;6;0
5;2025-12-26;7;0
5;2025-12-26;8;0
5;2025-12-26;9;0
5;2025-12-26;10;0
5;2025-12-26;11;0
5;2025-12-26;12;0
5;2025-12-26;13;0
5;2025-12-26;14;0
5;2025-12-26;15;0
5;2025-12-26;16;0
5;2025-12-26;17;0
5;2025-12-26;18;0
5;2025-12-26;19;0
5;2025-12-26;20;0
5;2025-12-26;21;0
5;2025-12-26;22;0
5;2025-12-26;23;0
5;2025-12-27;0;0
5;2025-12-27;1;0
5;2025-12-27;2;0
5;2025-12-27;3;0
5;2025-12-27;4;0
5;2025-12-27;5;0
5;2025-12-27;6;0
5;2025-12-27;7;0
5;2025-12-27;8;0
5;2025-12-27;9;0
5;2025-12-27;10;0
5;2025-12-27;11;0
5;2025-12-27;12;0
5;2025-12-27;13;0
5;2025-12-27;14;0
5;2025-12-27;15;0
5;2025-12-27;16;0
5;2025-12-27;17;0
5;2025-12-27;18;0
5;2025-12-27;19;0
5;2025-12-27;20;0
5;2025-12-27;21;0
5;2025-12-27;22;0
5;2025-12-27;23;0
5;2025-12-28;0;0
5;2025-12-28;1;0
5;2025-12-28;2;0
5;2025-12-28;3;0
5;2025-12-28;4;0
5;2025-12-28;5;0
5;2025-12-28;6;0
5;2025-12-28;7;0
5;2025-12-28;8;0
5;2025-12-28;9;0
5;2025-12-28;10;0
5;2025-12-28;11;0
5;2025-12-28;12;0
5;2025-12-28;13;0
5;2025-12-28;14;0
5;2025-12-28;15;0
5;2025-12-28;16;0
5;2025-12-28;17;0
5;2025-12-28;18;0
5;2025-12-28;19;0
5;2025-12-28;20;0
5;2025-12-28;21;0
5;2025-12-28;22;0
5;2025-12-28;23;0
5;2025-12-29;0;0
5;2025-12-29;1;0
5;2025-12-29;2;0
5;2025-12-29;3;0
5;2025-12-29;4;0
5;2025-12-29;5;0
5;2025-12-29;6;0
5;2025-12-29;7;0
5;2025-12-29;8;0
5;2025-12-29;9;0
5;2025-12-29;10;0
5;2025-12-29;11;0
5;2025-12-29;12;0
5;2025-12-29;13;0
5;2025-12-29;14;0
5;2025-12-29;15;0
5;2025-12-29;16;0
5;2025-12-29;17;0
5;2025-12-29;18;0
5;2025-12-29;19;0
5;2025-12-29;20;0
5;2025-12-29;21;0
5;2025-12-29;22;0
5;2025-12-29;23;0
5;2025-12-30;0;0
5;2025-12-30;1;0
5;2025-12-30;2;0
5;2025-12-30;3;0
5;2025-12-30;4;0
5;2025-12-30;5;0
5;2025-12-30;6;0
5;2025-12-30;7;0
5;2025-12-30;8;0
5;2025-12-30;9;0
5;2025-12-30;10;0
5;2025-12-30;11;0
5;2025-12-30;12;0
5;2025-12-30;13;0
5;2025-12-30;14;0
5;2025-12-30;15;0
5;2025-12-30;16;0
5;2025-12-30;17;0
5;2025-12-30;18;0
5;2025-12-30;19;0
5;2025-12-30;20;0
5;2025-12-30;21;0
5;2025-12-30;22;0
5;2025-12-30;23;0
5;2025-12-31;0;0
5;2025-12-31;1;0
5;2025-12-31;2;0
5;2025-12-31;3;0
5;2025-12-31;4;0
5;2025-12-31;5;0
5;2025-12-31;6;0
5;2025-12-31;7;0
5;2025-12-31;8;0
5;2025-12-31;9;0
5;2025-12-31;10;0
5;2025-12-31;11;0
5;2025-12-31;12;0
5;2025-12-31;13;0
5;2025-12-31;14;0
5;2025-12-31;15;0
5;2025-12-31;16;0
5;2025-12-31;17;0
5;2025-12-31;18;0
5;2025-12-31;19;0
5;2025-12-31;20;0
5;2025-12-31;21;0
5;2025-12-31;22;0
5;2025-12-31;23;0
7;2025-11-01;0;37
7;2025-11-01;1;0
7;2025-11-01;2;0
7;2025-11-01;3;0
7;2025-11-01;4;0
7;2025-11-01;5;60
7;2025-11-01;6;353
7;2025-11-01;7;847
7;2025-11-01;8;1300
7;2025-11-01;9;975
7;2025-11-01;10;880
7;2025-11-01;11;822
7;2025-11-01;12;890
7;2025-11-01;13;920
7;2025-11-01;14;954
7;2025-11-01;15;1029
7;2025-11-01;16;1107
7;2025-11-01;17;1225
7;2025-11-01;18;1171
7;2025-11-01;19;807
7;2025-11-01;20;571
7;2025-11-01;21;331
7;2025-11-01;22;193
7;2025-11-01;23;129
7;2025-11-02;0;63
7;2025-11-02;1;0
7;2025-11-02;2;0
7;2025-11-02;3;0
7;2025-11-02;4;0
7;2025-11-02;5;16
7;2025-11-02;6;136
7;2025-11-02;7;209
7;2025-11-02;8;328
7;2025-11-02;9;408
7;2025-11-02;10;470
7;2025-11-02;11;576
7;2025-11-02;12;671
7;2025-11-02;13;703
7;2025-11-02;14;741
7;2025-11-02;15;698
7;2025-11-02;16;669
7;2025-11-02;17;643
7;2025-11-02;18;586
7;2025-11-02;19;538
7;2025-11-02;20;405
7;2025-11-02;21;332
7;2025-11-02;22;200
7;2025-11-02;23;104
7;2025-11-03;0;101
7;2025-11-03;1;0
7;2025-11-03;2;0
7;2025-11-03;3;0
7;2025-11-03;4;0
7;2025-11-03;5;26
7;2025-11-03;6;219
7;2025-11-03;7;336
7;2025-11-03;8;529
7;2025-11-03;9;658
7;2025-11-03;10;758
7;2025-11-03;11;929
7;2025-11-03;12;1081
7;2025-11-03;13;1134
7;2025-11-03;14;1195
7;2025-11-03;15;1126
7;2025-11-03;16;1079
7;2025-11-03;17;1037
7;2025-11-03;18;945
7;2025-11-03;19;868
7;2025-11-03;20;653
7;2025-11-03;21;535
7;2025-11-03;22;322
7;2025-11-03;23;168
7;2025-11-04;0;104
7;2025-11-04;1;0
7;2025-11-04;2;0
7;2025-11-04;3;0
7;2025-11-04;4;0
7;2025-11-04;5;27
7;2025-11-04;6;226
7;2025-11-04;7;346
7;2025-11-04;8;545
7;2025-11-04;9;678
7;2025-11-04;10;780
7;2025-11-04;11;957
7;2025-11-04;12;1113
7;2025-11-04;13;1168
7;2025-11-04;14;1231
7;2025-11-04;15;1159
7;2025-11-04;16;1111
7;2025-11-04;17;1068
7;2025-11-04;18;973
7;2025-11-04;19;894
7;2025-11-04;20;672
7;2025-11-04;21;551
7;2025-11-04;22;332
7;2025-11-04;23;173
7;2025-11-05;0;60
7;2025-11-05;1;0
7;2025-11-05;2;0
7;2025-11-05;3;0
7;2025-11-05;4;0
7;2025-11-05;5;118
7;2025-11-05;6;643
7;2025-11-05;7;1533
7;2025-11-05;8;2490
7;2025-11-05;9;1814
7;2025-11-05;10;1663
7;2025-11-05;11;1435
7;2025-11-05;12;1559
7;2025-11-05;13;1501
7;2025-11-05;14;1627
7;2025-11-05;15;1772
7;2025-11-05;16;1820
7;2025-11-05;17;2334
7;2025-11-05;18;2574
7;2025-11-05;19;1701
7;2025-11-05;20;1072
7;2025-11-05;21;640
7;2025-11-05;22;324
7;2025-11-05;23;190
7;2025-11-06;0;62
7;2025-11-06;1;0
7;2025-11-06;2;0
7;2025-11-06;3;0
7;2025-11-06;4;0
7;2025-11-06;5;113
7;2025-11-06;6;675
7;2025-11-06;7;1655
7;2025-11-06;8;2520
7;2025-11-06;9;1828
7;2025-11-06;10;1571
7;2025-11-06;11;1486
7;2025-11-06;12;1555
7;2025-11-06;13;1519
7;2025-11-06;14;1675
7;2025-11-06;15;1728
7;2025-11-06;16;1818
7;2025-11-06;17;2262
7;2025-11-06;18;2644
7;2025-11-06;19;1653
7;2025-11-06;20;1072
7;2025-11-06;21;630
7;2025-11-06;22;309
7;2025-11-06;23;197
7;2025-11-07;0;67
7;2025-11-07;1;0
7;2025-11-07;2;0
7;2025-11-07;3;0
7;2025-11-07;4;0
7;2025-11-07;5;108
7;2025-11-07;6;639
7;2025-11-07;7;1531
7;2025-11-07;8;2352
7;2025-11-07;9;1764
7;2025-11-07;10;1591
7;2025-11-07;11;1487
7;2025-11-07;12;1610
7;2025-11-07;13;1665
7;2025-11-07;14;1725
7;2025-11-07;15;1862
7;2025-11-07;16;2001
7;2025-11-07;17;2216
7;2025-11-07;18;2117
7;2025-11-07;19;1459
7;2025-11-07;20;1032
7;2025-11-07;21;598
7;2025-11-07;22;348
7;2025-11-07;23;233
7;2025-11-08;0;61
7;2025-11-08;1;0
7;2025-11-08;2;0
7;2025-11-08;3;0
7;2025-11-08;4;0
7;2025-11-08;5;23
7;2025-11-08;6;174
7;2025-11-08;7;273
7;2025-11-08;8;450
7;2025-11-08;9;524
7;2025-11-08;10;588
7;2025-11-08;11;684
7;2025-11-08;12;758
7;2025-11-08;13;764
7;2025-11-08;14;841
7;2025-11-08;15;746
7;2025-11-08;16;713
7;2025-11-08;17;674
7;2025-11-08;18;640
7;2025-11-08;19;643
7;2025-11-08;20;483
7;2025-11-08;21;378
7;2025-11-08;22;211
7;2025-11-08;23;133
7;2025-11-09;0;63
7;2025-11-09;1;0
7;2025-11-09;2;0
7;2025-11-09;3;0
7;2025-11-09;4;0
7;2025-11-09;5;16
7;2025-11-09;6;136
7;2025-11-09;7;209
7;2025-11-09;8;328
7;2025-11-09;9;408
7;2025-11-09;10;470
7;2025-11-09;11;576
7;2025-11-09;12;671
7;2025-11-09;13;703
7;2025-11-09;14;741
7;2025-11-09;15;698
7;2025-11-09;16;669
7;2025-11-09;17;643
7;2025-11-09;18;586
7;2025-11-09;19;538
7;2025-11-09;20;405
7;2025-11-09;21;332
7;2025-11-09;22;200
7;2025-11-09;23;104
7;2025-11-10;0;63
7;2025-11-10;1;0
7;2025-11-10;2;0
7;2025-11-10;3;0
7;2025-11-10;4;0
7;2025-11-10;5;115
7;2025-11-10;6;653
7;2025-11-10;7;1624
7;2025-11-10;8;2469
7;2025-11-10;9;1777
7;2025-11-10;10;1524
7;2025-11-10;11;1342
7;2025-11-10;12;1508
7;2025-11-10;13;1480
7;2025-11-10;14;1505
7;2025-11-10;15;1713
7;2025-11-10;16;1777
7;2025-11-10;17;2281
7;2025-11-10;18;2553
7;2025-11-10;19;1726
7;2025-11-10;20;1083
7;2025-11-10;21;569
7;2025-11-10;22;305
7;2025-11-10;23;155
7;2025-11-11;0;51
7;2025-11-11;1;0
7;2025-11-11;2;0
7;2025-11-11;3;0
7;2025-11-11;4;0
7;2025-11-11;5;115
7;2025-11-11;6;670
7;2025-11-11;7;1637
7;2025-11-11;8;2464
7;2025-11-11;9;1798
7;2025-11-11;10;1567
7;2025-11-11;11;1485
7;2025-11-11;12;1579
7;2025-11-11;13;1545
7;2025-11-11;14;1599
7;2025-11-11;15;1805
7;2025-11-11;16;1787
7;2025-11-11;17;2318
7;2025-11-11;18;2559
7;2025-11-11;19;1774
7;2025-11-11;20;1104
7;2025-11-11;21;653
7;2025-11-11;22;309
7;2025-11-11;23;189
7;2025-11-12;0;60
7;2025-11-12;1;0
7;2025-11-12;2;0
7;2025-11-12;3;0
7;2025-11-12;4;0
7;2025-11-12;5;118
7;2025-11-12;6;643
7;2025-11-12;7;1533
7;2025-11-12;8;2490
7;2025-11-12;9;1814
7;2025-11-12;10;1663
7;2025-11-12;11;1435
7;2025-11-12;12;1559
7;2025-11-12;13;1501
7;2025-11-12;14;1627
7;2025-11-12;15;1772
7;2025-11-12;16;1820
7;2025-11-12;17;2334
7;2025-11-12;18;2574
7;2025-11-12;19;1701
7;2025-11-12;20;1072
7;2025-11-12;21;640
7;2025-11-12;22;324
7;2025-11-12;23;190
7;2025-11-13;0;62
7;2025-11-13;1;0
7;2025-11-13;2;0
7;2025-11-13;3;0
7;2025-11-13;4;0
7;2025-11-13;5;113
7;2025-11-13;6;675
7;2025-11-13;7;1655
7;2025-11-13;8;2520
7;2025-11-13;9;1828
7;2025-11-13;10;1571
7;2025-11-13;11;1486
7;2025-11-13;12;1555
7;2025-11-13;13;1519
7;2025-11-13;14;1675
7;2025-11-13;15;1728
7;2025-11-13;16;1818
7;2025-11-13;17;2262
7;2025-11-13;18;2644
7;2025-11-13;19;1653
7;2025-11-13;20;1072
7;2025-11-13;21;630
7;2025-11-13;22;309
7;2025-11-13;23;197
7;2025-11-14;0;67
7;2025-11-14;1;0
7;2025-11-14;2;0
7;2025-11-14;3;0
7;2025-11-14;4;0
7;2025-11-14;5;108
7;2025-11-14;6;639
7;2025-11-14;7;1531
7;2025-11-14;8;2352
7;2025-11-14;9;1764
7;2025-11-14;10;1591
7;2025-11-14;11;1487
7;2025-11-14;12;1610
7;2025-11-14;13;1665
7;2025-11-14;14;1725
7;2025-11-14;15;1862
7;2025-11-14;16;2001
7;2025-11-14;17;2216
7;2025-11-14;18;2117
7;2025-11-14;19;1459
7;2025-11-14;20;1032
7;2025-11-14;21;598
7;2025-11-14;22;348
7;2025-11-14;23;233
7;2025-11-15;0;103
7;2025-11-15;1;0
7;2025-11-15;2;0
7;2025-11-15;3;0
7;2025-11-15;4;0
7;2025-11-15;5;39
7;2025-11-15;6;294
7;2025-11-15;7;460
7;2025-11-15;8;759
7;2025-11-15;9;882
7;2025-11-15;10;991
7;2025-11-15;11;1152
7;2025-11-15;12;1277
7;2025-11-15;13;1287
7;2025-11-15;14;1418
7;2025-11-15;15;1257
7;2025-11-15;16;1202
7;2025-11-15;17;1135
7;2025-11-15;18;1078
7;2025-11-15;19;1083
7;2025-11-15;20;814
7;2025-11-15;21;637
7;2025-11-15;22;355
7;2025-11-15;23;224
7;2025-11-16;0;105
7;2025-11-16;1;0
7;2025-11-16;2;0
7;2025-11-16;3;0
7;2025-11-16;4;0
7;2025-11-16;5;27
7;2025-11-16;6;229
7;2025-11-16;7;351
7;2025-11-16;8;553
7;2025-11-16;9;688
7;2025-11-16;10;792
7;2025-11-16;11;971
7;2025-11-16;12;1130
7;2025-11-16;13;1185
7;2025-11-16;14;1249
7;2025-11-16;15;1177
7;2025-11-16;16;1128
7;2025-11-16;17;1084
7;2025-11-16;18;988
7;2025-11-16;19;907
7;2025-11-16;20;682
7;2025-11-16;21;559
7;2025-11-16;22;337
7;2025-11-16;23;175
7;2025-11-17;0;63
7;2025-11-17;1;0
7;2025-11-17;2;0
7;2025-11-17;3;0
7;2025-11-17;4;0
7;2025-11-17;5;115
7;2025-11-17;6;653
7;2025-11-17;7;1624
7;2025-11-17;8;2469
7;2025-11-17;9;1777
7;2025-11-17;10;1524
7;2025-11-17;11;1342
7;2025-11-17;12;1508
7;2025-11-17;13;1480
7;2025-11-17;14;1505
7;2025-11-17;15;1713
7;2025-11-17;16;1777
7;2025-11-17;17;2281
7;2025-11-17;18;2553
7;2025-11-17;19;1726
7;2025-11-17;20;1083
7;2025-11-17;21;569
7;2025-11-17;22;305
7;2025-11-17;23;155
7;2025-11-18;0;51
7;2025-11-18;1;0
7;2025-11-18;2;0
7;2025-11-18;3;0
7;2025-11-18;4;0
7;2025-11-18;5;115
7;2025-11-18;6;670
7;2025-11-18;7;1637
7;2025-11-18;8;2464
7;2025-11-18;9;1798
7;2025-11-18;10;1567
7;2025-11-18;11;1485
7;2025-11-18;12;1579
7;2025-11-18;13;1545
7;2025-11-18;14;1599
7;2025-11-18;15;1805
7;2025-11-18;16;1787
7;2025-11-18;17;2318
7;2025-11-18;18;2559
7;2025-11-18;19;1774
7;2025-11-18;20;1104
7;2025-11-18;21;653
7;2025-11-18;22;309
7;2025-11-18;23;189
7;2025-11-19;0;60
7;2025-11-19;1;0
7;2025-11-19;2;0
7;2025-11-19;3;0
7;2025-11-19;4;0
7;2025-11-19;5;118
7;2025-11-19;6;643
7;2025-11-19;7;1533
7;2025-11-19;8;2490
7;2025-11-19;9;1814
7;2025-11-19;10;1663
7;2025-11-19;11;1435
7;2025-11-19;12;1559
7;2025-11-19;13;1501
7;2025-11-19;14;1627
7;2025-11-19;15;1772
7;2025-11-19;16;1820
7;2025-11-19;17;2334
7;2025-11-19;18;2574
7;2025-11-19;19;1701
7;2025-11-19;20;1072
7;2025-11-19;21;640
7;2025-11-19;22;324
7;2025-11-19;23;190
7;2025-11-20;0;62
7;2025-11-20;1;0
7;2025-11-20;2;0
7;2025-11-20;3;0
7;2025-11-20;4;0
7;2025-11-20;5;113
7;2025-11-20;6;675
7;2025-11-20;7;1655
7;2025-11-20;8;2520
7;2025-11-20;9;1828
7;2025-11-20;10;1571
7;2025-11-20;11;1486
7;2025-11-20;12;1555
7;2025-11-20;13;1519
7;2025-11-20;14;1675
7;2025-11-20;15;1728
7;2025-11-20;16;1818
7;2025-11-20;17;2262
7;2025-11-20;18;2644
7;2025-11-20;19;1653
7;2025-11-20;20;1072
7;2025-11-20;21;630
7;2025-11-20;22;309
7;2025-11-20;23;197
7;2025-11-21;0;67
7;2025-11-21;1;0
7;2025-11-21;2;0
7;2025-11-21;3;0
7;2025-11-21;4;0
7;2025-11-21;5;108
7;2025-11-21;6;639
7;2025-11-21;7;1531
7;2025-11-21;8;2352
7;2025-11-21;9;1764
7;2025-11-21;10;1591
7;2025-11-21;11;1487
7;2025-11-21;12;1610
7;2025-11-21;13;1665
7;2025-11-21;14;1725
7;2025-11-21;15;1862
7;2025-11-21;16;2001
7;2025-11-21;17;2216
7;2025-11-21;18;2117
7;2025-11-21;19;1459
7;2025-11-21;20;1032
7;2025-11-21;21;598
7;2025-11-21;22;348
7;2025-11-21;23;233
7;2025-11-22;0;103
7;2025-11-22;1;0
7;2025-11-22;2;0
7;2025-11-22;3;0
7;2025-11-22;4;0
7;2025-11-22;5;39
7;2025-11-22;6;294
7;2025-11-22;7;460
7;2025-11-22;8;759
7;2025-11-22;9;882
7;2025-11-22;10;991
7;2025-11-22;11;1152
7;2025-11-22;12;1277
7;2025-11-22;13;1287
7;2025-11-22;14;1418
7;2025-11-22;15;1257
7;2025-11-22;16;1202
7;2025-11-22;17;1135
7;2025-11-22;18;1078
7;2025-11-22;19;1083
7;2025-11-22;20;814
7;2025-11-22;21;637
7;2025-11-22;22;355
7;2025-11-22;23;224
7;2025-11-23;0;105
7;2025-11-23;1;0
7;2025-11-23;2;0
7;2025-11-23;3;0
7;2025-11-23;4;0
7;2025-11-23;5;27
7;2025-11-23;6;229
7;2025-11-23;7;351
7;2025-11-23;8;553
7;2025-11-23;9;688
7;2025-11-23;10;792
7;2025-11-23;11;971
7;2025-11-23;12;1130
7;2025-11-23;13;1185
7;2025-11-23;14;1249
7;2025-11-23;15;1177
7;2025-11-23;16;1128
7;2025-11-23;17;1084
7;2025-11-23;18;988
7;2025-11-23;19;907
7;2025-11-23;20;682
7;2025-11-23;21;559
7;2025-11-23;22;337
7;2025-11-23;23;175
7;2025-11-24;0;63
7;2025-11-24;1;0
7;2025-11-24;2;0
7;2025-11-24;3;0
7;2025-11-24;4;0
7;2025-11-24;5;115
7;2025-11-24;6;653
7;2025-11-24;7;1624
7;2025-11-24;8;2469
7;2025-11-24;9;1777
7;2025-11-24;10;1524
7;2025-11-24;11;1342
7;2025-11-24;12;1508
7;2025-11-24;13;1480
7;2025-11-24;14;1505
7;2025-11-24;15;1713
7;2025-11-24;16;1777
7;2025-11-24;17;2281
7;2025-11-24;18;2553
7;2025-11-24;19;1726
7;2025-11-24;20;1083
7;2025-11-24;21;569
7;2025-11-24;22;305
7;2025-11-24;23;155
7;2025-11-25;0;51
7;2025-11-25;1;0
7;2025-11-25;2;0
7;2025-11-25;3;0
7;2025-11-25;4;0
7;2025-11-25;5;115
7;2025-11-25;6;670
7;2025-11-25;7;1637
7;2025-11-25;8;2464
7;2025-11-25;9;1798
7;2025-11-25;10;1567
7;2025-11-25;11;1485
7;2025-11-25;12;1579
7;2025-11-25;13;1545
7;2025-11-25;14;1599
7;2025-11-25;15;1805
7;2025-11-25;16;1787
7;2025-11-25;17;2318
7;2025-11-25;18;2559
7;2025-11-25;19;1774
7;2025-11-25;20;1104
7;2025-11-25;21;653
7;2025-11-25;22;309
7;2025-11-25;23;189
7;2025-11-26;0;60
7;2025-11-26;1;0
7;2025-11-26;2;0
7;2025-11-26;3;0
7;2025-11-26;4;0
7;2025-11-26;5;118
7;2025-11-26;6;643
7;2025-11-26;7;1533
7;2025-11-26;8;2490
7;2025-11-26;9;1814
7;2025-11-26;10;1663
7;2025-11-26;11;1435
7;2025-11-26;12;1559
7;2025-11-26;13;1501
7;2025-11-26;14;1627
7;2025-11-26;15;1772
7;2025-11-26;16;1820
7;2025-11-26;17;2334
7;2025-11-26;18;2574
7;2025-11-26;19;1701
7;2025-11-26;20;1072
7;2025-11-26;21;640
7;2025-11-26;22;324
7;2025-11-26;23;190
7;2025-11-27;0;62
7;2025-11-27;1;0
7;2025-11-27;2;0
7;2025-11-27;3;0
7;2025-11-27;4;0
7;2025-11-27;5;113
7;2025-11-27;6;675
7;2025-11-27;7;1655
7;2025-11-27;8;2520
7;2025-11-27;9;1828
7;2025-11-27;10;1571
7;2025-11-27;11;1486
7;2025-11-27;12;1555
7;2025-11-27;13;1519
7;2025-11-27;14;1675
7;2025-11-27;15;1728
7;2025-11-27;16;1818
7;2025-11-27;17;2262
7;2025-11-27;18;2644
7;2025-11-27;19;1653
7;2025-11-27;20;1072
7;2025-11-27;21;630
7;2025-11-27;22;309
7;2025-11-27;23;197
7;2025-11-28;0;67
7;2025-11-28;1;0
7;2025-11-28;2;0
7;2025-11-28;3;0
7;2025-11-28;4;0
7;2025-11-28;5;108
7;2025-11-28;6;639
7;2025-11-28;7;1531
7;2025-11-28;8;2352
7;2025-11-28;9;1764
7;2025-11-28;10;1591
7;2025-11-28;11;1487
7;2025-11-28;12;1610
7;2025-11-28;13;1665
7;2025-11-28;14;1725
7;2025-11-28;15;1862
7;2025-11-28;16;2001
7;2025-11-28;17;2216
7;2025-11-28;18;2117
7;2025-11-28;19;1459
7;2025-11-28;20;1032
7;2025-11-28;21;598
7;2025-11-28;22;348
7;2025-11-28;23;233
7;2025-11-29;0;103
7;2025-11-29;1;0
7;2025-11-29;2;0
7;2025-11-29;3;0
7;2025-11-29;4;0
7;2025-11-29;5;39
7;2025-11-29;6;294
7;2025-11-29;7;460
7;2025-11-29;8;759
7;2025-11-29;9;882
7;2025-11-29;10;991
7;2025-11-29;11;1152
7;2025-11-29;12;1277
7;2025-11-29;13;1287
7;2025-11-29;14;1418
7;2025-11-29;15;1257
7;2025-11-29;16;1202
7;2025-11-29;17;1135
7;2025-11-29;18;1078
7;2025-11-29;19;1083
7;2025-11-29;20;814
7;2025-11-29;21;637
7;2025-11-29;22;355
7;2025-11-29;23;224
7;2025-11-30;0;105
7;2025-11-30;1;0
7;2025-11-30;2;0
7;2025-11-30;3;0
7;2025-11-30;4;0
7;2025-11-30;5;27
7;2025-11-30;6;229
7;2025-11-30;7;351
7;2025-11-30;8;553
7;2025-11-30;9;688
7;2025-11-30;10;792
7;2025-11-30;11;971
7;2025-11-30;12;1130
7;2025-11-30;13;1185
7;2025-11-30;14;1249
7;2025-11-30;15;1177
7;2025-11-30;16;1128
7;2025-11-30;17;1084
7;2025-11-30;18;988
7;2025-11-30;19;907
7;2025-11-30;20;682
7;2025-11-30;21;559
7;2025-11-30;22;337
7;2025-11-30;23;175
7;2025-12-01;0;63
7;2025-12-01;1;0
7;2025-12-01;2;0
7;2025-12-01;3;0
7;2025-12-01;4;0
7;2025-12-01;5;115
7;2025-12-01;6;653
7;2025-12-01;7;1624
7;2025-12-01;8;2469
7;2025-12-01;9;1777
7;2025-12-01;10;1524
7;2025-12-01;11;1342
7;2025-12-01;12;1508
7;2025-12-01;13;1480
7;2025-12-01;14;1505
7;2025-12-01;15;1713
7;2025-12-01;16;1777
7;2025-12-01;17;2281
7;2025-12-01;18;2553
7;2025-12-01;19;1726
7;2025-12-01;20;1083
7;2025-12-01;21;569
7;2025-12-01;22;305
7;2025-12-01;23;155
7;2025-12-02;0;51
7;2025-12-02;1;0
7;2025-12-02;2;0
7;2025-12-02;3;0
7;2025-12-02;4;0
7;2025-12-02;5;115
7;2025-12-02;6;670
7;2025-12-02;7;1637
7;2025-12-02;8;2464
7;2025-12-02;9;1798
7;2025-12-02;10;1567
7;2025-12-02;11;1485
7;2025-12-02;12;1579
7;2025-12-02;13;1545
7;2025-12-02;14;1599
7;2025-12-02;15;1805
7;2025-12-02;16;1787
7;2025-12-02;17;2318
7;2025-12-02;18;2559
7;2025-12-02;19;1774
7;2025-12-02;20;1104
7;2025-12-02;21;653
7;2025-12-02;22;309
7;2025-12-02;23;189
7;2025-12-03;0;60
7;2025-12-03;1;0
7;2025-12-03;2;0
7;2025-12-03;3;0
7;2025-12-03;4;0
7;2025-12-03;5;118
7;2025-12-03;6;643
7;2025-12-03;7;1533
7;2025-12-03;8;2490
7;2025-12-03;9;1814
7;2025-12-03;10;1663
7;2025-12-03;11;1435
7;2025-12-03;12;1559
7;2025-12-03;13;1501
7;2025-12-03;14;1627
7;2025-12-03;15;1772
7;2025-12-03;16;1820
7;2025-12-03;17;2334
7;2025-12-03;18;2574
7;2025-12-03;19;1701
7;2025-12-03;20;1072
7;2025-12-03;21;640
7;2025-12-03;22;324
7;2025-12-03;23;190
7;2025-12-04;0;62
7;2025-12-04;1;0
7;2025-12-04;2;0
7;2025-12-04;3;0
7;2025-12-04;4;0
7;2025-12-04;5;113
7;2025-12-04;6;675
7;2025-12-04;7;1655
7;2025-12-04;8;2520
7;2025-12-04;9;1828
7;2025-12-04;10;1571
7;2025-12-04;11;1486
7;2025-12-04;12;1555
7;2025-12-04;13;1519
7;2025-12-04;14;1675
7;2025-12-04;15;1728
7;2025-12-04;16;1818
7;2025-12-04;17;2262
7;2025-12-04;18;2644
7;2025-12-04;19;1653
7;2025-12-04;20;1072
7;2025-12-04;21;630
7;2025-12-04;22;309
7;2025-12-04;23;197
7;2025-12-05;0;67
7;2025-12-05;1;0
7;2025-12-05;2;0
7;2025-12-05;3;0
7;2025-12-05;4;0
7;2025-12-05;5;108
7;2025-12-05;6;639
7;2025-12-05;7;1531
7;2025-12-05;8;2352
7;2025-12-05;9;1764
7;2025-12-05;10;1591
7;2025-12-05;11;1487
7;2025-12-05;12;1610
7;2025-12-05;13;1665
7;2025-12-05;14;1725
7;2025-12-05;15;1862
7;2025-12-05;16;2001
7;2025-12-05;17;2216
7;2025-12-05;18;2117
7;2025-12-05;19;1459
7;2025-12-05;20;1032
7;2025-12-05;21;598
7;2025-12-05;22;348
7;2025-12-05;23;233
7;2025-12-06;0;103
7;2025-12-06;1;0
7;2025-12-06;2;0
7;2025-12-06;3;0
7;2025-12-06;4;0
7;2025-12-06;5;39
7;2025-12-06;6;294
7;2025-12-06;7;460
7;2025-12-06;8;759
7;2025-12-06;9;882
7;2025-12-06;10;991
7;2025-12-06;11;1152
7;2025-12-06;12;1277
7;2025-12-06;13;1287
7;2025-12-06;14;1418
7;2025-12-06;15;1257
7;2025-12-06;16;1202
7;2025-12-06;17;1135
7;2025-12-06;18;1078
7;2025-12-06;19;1083
7;2025-12-06;20;814
7;2025-12-06;21;637
7;2025-12-06;22;355
7;2025-12-06;23;224
7;2025-12-07;0;105
7;2025-12-07;1;0
7;2025-12-07;2;0
7;2025-12-07;3;0
7;2025-12-07;4;0
7;2025-12-07;5;27
7;2025-12-07;6;229
7;2025-12-07;7;351
7;2025-12-07;8;553
7;2025-12-07;9;688
7;2025-12-07;10;792
7;2025-12-07;11;971
7;2025-12-07;12;1130
7;2025-12-07;13;1185
7;2025-12-07;14;1249
7;2025-12-07;15;1177
7;2025-12-07;16;1128
7;2025-12-07;17;1084
7;2025-12-07;18;988
7;2025-12-07;19;907
7;2025-12-07;20;682
7;2025-12-07;21;559
7;2025-12-07;22;337
7;2025-12-07;23;175
7;2025-12-08;0;63
7;2025-12-08;1;0
7;2025-12-08;2;0
7;2025-12-08;3;0
7;2025-12-08;4;0
7;2025-12-08;5;115
7;2025-12-08;6;653
7;2025-12-08;7;1624
7;2025-12-08;8;2469
7;2025-12-08;9;1777
7;2025-12-08;10;1524
7;2025-12-08;11;1342
7;2025-12-08;12;1508
7;2025-12-08;13;1480
7;2025-12-08;14;1505
7;2025-12-08;15;1713
7;2025-12-08;16;1777
7;2025-12-08;17;2281
7;2025-12-08;18;2553
7;2025-12-08;19;1726
7;2025-12-08;20;1083
7;2025-12-08;21;569
7;2025-12-08;22;305
7;2025-12-08;23;155
7;2025-12-09;0;51
7;2025-12-09;1;0
7;2025-12-09;2;0
7;2025-12-09;3;0
7;2025-12-09;4;0
7;2025-12-09;5;115
7;2025-12-09;6;670
7;2025-12-09;7;1637
7;2025-12-09;8;2464
7;2025-12-09;9;1798
7;2025-12-09;10;1567
7;2025-12-09;11;1485
7;2025-12-09;12;1579
7;2025-12-09;13;1545
7;2025-12-09;14;1599
7;2025-12-09;15;1805
7;2025-12-09;16;1787
7;2025-12-09;17;2318
7;2025-12-09;18;2559
7;2025-12-09;19;1774
7;2025-12-09;20;1104
7;2025-12-09;21;653
7;2025-12-09;22;309
7;2025-12-09;23;189
7;2025-12-10;0;60
7;2025-12-10;1;0
7;2025-12-10;2;0
7;2025-12-10;3;0
7;2025-12-10;4;0
7;2025-12-10;5;118
7;2025-12-10;6;643
7;2025-12-10;7;1533
7;2025-12-10;8;2490
7;2025-12-10;9;1814
7;2025-12-10;10;1663
7;2025-12-10;11;1435
7;2025-12-10;12;1559
7;2025-12-10;13;1501
7;2025-12-10;14;1627
7;2025-12-10;15;1772
7;2025-12-10;16;1820
7;2025-12-10;17;2334
7;2025-12-10;18;2574
7;2025-12-10;19;1701
7;2025-12-10;20;1072
7;2025-12-10;21;640
7;2025-12-10;22;324
7;2025-12-10;23;190
7;2025-12-11;0;62
7;2025-12-11;1;0
7;2025-12-11;2;0
7;2025-12-11;3;0
7;2025-12-11;4;0
7;2025-12-11;5;113
7;2025-12-11;6;675
7;2025-12-11;7;1655
7;2025-12-11;8;2520
7;2025-12-11;9;1828
7;2025-12-11;10;1571
7;2025-12-11;11;1486
7;2025-12-11;12;1555
7;2025-12-11;13;1519
7;2025-12-11;14;1675
7;2025-12-11;15;1728
7;2025-12-11;16;1818
7;2025-12-11;17;2262
7;2025-12-11;18;2644
7;2025-12-11;19;1653
7;2025-12-11;20;1072
7;2025-12-11;21;630
7;2025-12-11;22;309
7;2025-12-11;23;197
7;2025-12-12;0;67
7;2025-12-12;1;0
7;2025-12-12;2;0
7;2025-12-12;3;0
7;2025-12-12;4;0
7;2025-12-12;5;108
7;2025-12-12;6;639
7;2025-12-12;7;1531
7;2025-12-12;8;2352
7;2025-12-12;9;1764
7;2025-12-12;10;1591
7;2025-12-12;11;1487
7;2025-12-12;12;1610
7;2025-12-12;13;1665
7;2025-12-12;14;1725
7;2025-12-12;15;1862
7;2025-12-12;16;2001
7;2025-12-12;17;2216
7;2025-12-12;18;2117
7;2025-12-12;19;1459
7;2025-12-12;20;1032
7;2025-12-12;21;598
7;2025-12-12;22;348
7;2025-12-12;23;233
7;2025-12-13;0;103
7;2025-12-13;1;0
7;2025-12-13;2;0
7;2025-12-13;3;0
7;2025-12-13;4;0
7;2025-12-13;5;39
7;2025-12-13;6;294
7;2025-12-13;7;460
7;2025-12-13;8;759
7;2025-12-13;9;882
7;2025-12-13;10;991
7;2025-12-13;11;1152
7;2025-12-13;12;1277
7;2025-12-13;13;1287
7;2025-12-13;14;1418
7;2025-12-13;15;1257
7;2025-12-13;16;1202
7;2025-12-13;17;1135
7;2025-12-13;18;1078
7;2025-12-13;19;1083
7;2025-12-13;20;814
7;2025-12-13;21;637
7;2025-12-13;22;355
7;2025-12-13;23;224
7;2025-12-14;0;105
7;2025-12-14;1;0
7;2025-12-14;2;0
7;2025-12-14;3;0
7;2025-12-14;4;0
7;2025-12-14;5;27
7;2025-12-14;6;229
7;2025-12-14;7;351
7;2025-12-14;8;553
7;2025-12-14;9;688
7;2025-12-14;10;792
7;2025-12-14;11;971
7;2025-12-14;12;1130
7;2025-12-14;13;1185
7;2025-12-14;14;1249
7;2025-12-14;15;1177
7;2025-12-14;16;1128
7;2025-12-14;17;1084
7;2025-12-14;18;988
7;2025-12-14;19;907
7;2025-12-14;20;682
7;2025-12-14;21;559
7;2025-12-14;22;337
7;2025-12-14;23;175
7;2025-12-15;0;63
7;2025-12-15;1;0
7;2025-12-15;2;0
7;2025-12-15;3;0
7;2025-12-15;4;0
7;2025-12-15;5;115
7;2025-12-15;6;653
7;2025-12-15;7;1624
7;2025-12-15;8;2469
7;2025-12-15;9;1777
7;2025-12-15;10;1524
7;2025-12-15;11;1342
7;2025-12-15;12;1508
7;2025-12-15;13;1480
7;2025-12-15;14;1505
7;2025-12-15;15;1713
7;2025-12-15;16;1777
7;2025-12-15;17;2281
7;2025-12-15;18;2553
7;2025-12-15;19;1726
7;2025-12-15;20;1083
7;2025-12-15;21;569
7;2025-12-15;22;305
7;2025-12-15;23;155
7;2025-12-16;0;51
7;2025-12-16;1;0
7;2025-12-16;2;0
7;2025-12-16;3;0
7;2025-12-16;4;0
7;2025-12-16;5;115
7;2025-12-16;6;670
7;2025-12-16;7;1637
7;2025-12-16;8;2464
7;2025-12-16;9;1798
7;2025-12-16;10;1567
7;2025-12-16;11;1485
7;2025-12-16;12;1579
7;2025-12-16;13;1545
7;2025-12-16;14;1599
7;2025-12-16;15;1805
7;2025-12-16;16;1787
7;2025-12-16;17;2318
7;2025-12-16;18;2559
7;2025-12-16;19;1774
7;2025-12-16;20;1104
7;2025-12-16;21;653
7;2025-12-16;22;309
7;2025-12-16;23;189
7;2025-12-17;0;60
7;2025-12-17;1;0
7;2025-12-17;2;0
7;2025-12-17;3;0
7;2025-12-17;4;0
7;2025-12-17;5;118
7;2025-12-17;6;643
7;2025-12-17;7;1533
7;2025-12-17;8;2490
7;2025-12-17;9;1814
7;2025-12-17;10;1663
7;2025-12-17;11;1435
7;2025-12-17;12;1559
7;2025-12-17;13;1501
7;2025-12-17;14;1627
7;2025-12-17;15;1772
7;2025-12-17;16;1820
7;2025-12-17;17;2334
7;2025-12-17;18;2574
7;2025-12-17;19;1701
7;2025-12-17;20;1072
7;2025-12-17;21;640
7;2025-12-17;22;324
7;2025-12-17;23;190
7;2025-12-18;0;62
7;2025-12-18;1;0
7;2025-12-18;2;0
7;2025-12-18;3;0
7;2025-12-18;4;0
7;2025-12-18;5;113
7;2025-12-18;6;675
7;2025-12-18;7;1655
7;2025-12-18;8;2520
7;2025-12-18;9;1828
7;2025-12-18;10;1571
7;2025-12-18;11;1486
7;2025-12-18;12;1555
7;2025-12-18;13;1519
7;2025-12-18;14;1675
7;2025-12-18;15;1728
7;2025-12-18;16;1818
7;2025-12-18;17;2262
7;2025-12-18;18;2644
7;2025-12-18;19;1653
7;2025-12-18;20;1072
7;2025-12-18;21;630
7;2025-12-18;22;309
7;2025-12-18;23;197
7;2025-12-19;0;67
7;2025-12-19;1;0
7;2025-12-19;2;0
7;2025-12-19;3;0
7;2025-12-19;4;0
7;2025-12-19;5;108
7;2025-12-19;6;639
7;2025-12-19;7;1531
7;2025-12-19;8;2352
7;2025-12-19;9;1764
7;2025-12-19;10;1591
7;2025-12-19;11;1487
7;2025-12-19;12;1610
7;2025-12-19;13;1665
7;2025-12-19;14;1725
7;2025-12-19;15;1862
7;2025-12-19;16;2001
7;2025-12-19;17;2216
7;2025-12-19;18;2117
7;2025-12-19;19;1459
7;2025-12-19;20;1032
7;2025-12-19;21;598
7;2025-12-19;22;348
7;2025-12-19;23;233
7;2025-12-20;0;103
7;2025-12-20;1;0
7;2025-12-20;2;0
7;2025-12-20;3;0
7;2025-12-20;4;0
7;2025-12-20;5;39
7;2025-12-20;6;294
7;2025-12-20;7;460
7;2025-12-20;8;759
7;2025-12-20;9;882
7;2025-12-20;10;991
7;2025-12-20;11;1152
7;2025-12-20;12;1277
7;2025-12-20;13;1287
7;2025-12-20;14;1418
7;2025-12-20;15;1257
7;2025-12-20;16;1202
7;2025-12-20;17;1135
7;2025-12-20;18;1078
7;2025-12-20;19;1083
7;2025-12-20;20;814
7;2025-12-20;21;637
7;2025-12-20;22;355
7;2025-12-20;23;224
7;2025-12-21;0;105
7;2025-12-21;1;0
7;2025-12-21;2;0
7;2025-12-21;3;0
7;2025-12-21;4;0
7;2025-12-21;5;27
7;2025-12-21;6;229
7;2025-12-21;7;351
7;2025-12-21;8;553
7;2025-12-21;9;688
7;2025-12-21;10;792
7;2025-12-21;11;971
7;2025-12-21;12;1130
7;2025-12-21;13;1185
7;2025-12-21;14;1249
7;2025-12-21;15;1177
7;2025-12-21;16;1128
7;2025-12-21;17;1084
7;2025-12-21;18;988
7;2025-12-21;19;907
7;2025-12-21;20;682
7;2025-12-21;21;559
7;2025-12-21;22;337
7;2025-12-21;23;175
7;2025-12-22;0;63
7;2025-12-22;1;0
7;2025-12-22;2;0
7;2025-12-22;3;0
7;2025-12-22;4;0
7;2025-12-22;5;115
7;2025-12-22;6;653
7;2025-12-22;7;1624
7;2025-12-22;8;2469
7;2025-12-22;9;1777
7;2025-12-22;10;1524
7;2025-12-22;11;1342
7;2025-12-22;12;1508
7;2025-12-22;13;1480
7;2025-12-22;14;1505
7;2025-12-22;15;1713
7;2025-12-22;16;1777
7;2025-12-22;17;2281
7;2025-12-22;18;2553
7;2025-12-22;19;1726
7;2025-12-22;20;1083
7;2025-12-22;21;569
7;2025-12-22;22;305
7;2025-12-22;23;155
7;2025-12-23;0;51
7;2025-12-23;1;0
7;2025-12-23;2;0
7;2025-12-23;3;0
7;2025-12-23;4;0
7;2025-12-23;5;115
7;2025-12-23;6;670
7;2025-12-23;7;1637
7;2025-12-23;8;2464
7;2025-12-23;9;1798
7;2025-12-23;10;1567
7;2025-12-23;11;1485
7;2025-12-23;12;1579
7;2025-12-23;13;1545
7;2025-12-23;14;1599
7;2025-12-23;15;1805
7;2025-12-23;16;1787
7;2025-12-23;17;2318
7;2025-12-23;18;2559
7;2025-12-23;19;1774
7;2025-12-23;20;1104
7;2025-12-23;21;653
7;2025-12-23;22;309
7;2025-12-23;23;189
7;2025-12-24;0;60
7;2025-12-24;1;0
7;2025-12-24;2;0
7;2025-12-24;3;0
7;2025-12-24;4;0
7;2025-12-24;5;118
7;2025-12-24;6;643
7;2025-12-24;7;1533
7;2025-12-24;8;2490
7;2025-12-24;9;1814
7;2025-12-24;10;1663
7;2025-12-24;11;1435
7;2025-12-24;12;1559
7;2025-12-24;13;1501
7;2025-12-24;14;1627
7;2025-12-24;15;1772
7;2025-12-24;16;1820
7;2025-12-24;17;2334
7;2025-12-24;18;2574
7;2025-12-24;19;1701
7;2025-12-24;20;1072
7;2025-12-24;21;640
7;2025-12-24;22;324
7;2025-12-24;23;190
7;2025-12-25;0;62
7;2025-12-25;1;0
7;2025-12-25;2;0
7;2025-12-25;3;0
7;2025-12-25;4;0
7;2025-12-25;5;113
7;2025-12-25;6;675
7;2025-12-25;7;1655
7;2025-12-25;8;2520
7;2025-12-25;9;1828
7;2025-12-25;10;1571
7;2025-12-25;11;1486
7;2025-12-25;12;1555
7;2025-12-25;13;1519
7;2025-12-25;14;1675
7;2025-12-25;15;1728
7;2025-12-25;16;1818
7;2025-12-25;17;2262
7;2025-12-25;18;2644
7;2025-12-25;19;1653
7;2025-12-25;20;1072
7;2025-12-25;21;630
7;2025-12-25;22;309
7;2025-12-25;23;197
7;2025-12-26;0;67
7;2025-12-26;1;0
7;2025-12-26;2;0
7;2025-12-26;3;0
7;2025-12-26;4;0
7;2025-12-26;5;108
7;2025-12-26;6;639
7;2025-12-26;7;1531
7;2025-12-26;8;2352
7;2025-12-26;9;1764
7;2025-12-26;10;1591
7;2025-12-26;11;1487
7;2025-12-26;12;1610
7;2025-12-26;13;1665
7;2025-12-26;14;1725
7;2025-12-26;15;1862
7;2025-12-26;16;2001
7;2025-12-26;17;2216
7;2025-12-26;18;2117
7;2025-12-26;19;1459
7;2025-12-26;20;1032
7;2025-12-26;21;598
7;2025-12-26;22;348
7;2025-12-26;23;233
7;2025-12-27;0;103
7;2025-12-27;1;0
7;2025-12-27;2;0
7;2025-12-27;3;0
7;2025-12-27;4;0
7;2025-12-27;5;39
7;2025-12-27;6;294
7;2025-12-27;7;460
7;2025-12-27;8;759
7;2025-12-27;9;882
7;2025-12-27;10;991
7;2025-12-27;11;1152
7;2025-12-27;12;1277
7;2025-12-27;13;1287
7;2025-12-27;14;1418
7;2025-12-27;15;1257
7;2025-12-27;16;1202
7;2025-12-27;17;1135
7;2025-12-27;18;1078
7;2025-12-27;19;1083
7;2025-12-27;20;814
7;2025-12-27;21;637
7;2025-12-27;22;355
7;2025-12-27;23;224
7;2025-12-28;0;105
7;2025-12-28;1;0
7;2025-12-28;2;0
7;2025-12-28;3;0
7;2025-12-28;4;0
7;2025-12-28;5;27
7;2025-12-28;6;229
7;2025-12-28;7;351
7;2025-12-28;8;553
7;2025-12-28;9;688
7;2025-12-28;10;792
7;2025-12-28;11;971
7;2025-12-28;12;1130
7;2025-12-28;13;1185
7;2025-12-28;14;1249
7;2025-12-28;15;1177
7;2025-12-28;16;1128
7;2025-12-28;17;1084
7;2025-12-28;18;988
7;2025-12-28;19;907
7;2025-12-28;20;682
7;2025-12-28;21;559
7;2025-12-28;22;337
7;2025-12-28;23;175
7;2025-12-29;0;63
7;2025-12-29;1;0
7;2025-12-29;2;0
7;2025-12-29;3;0
7;2025-12-29;4;0
7;2025-12-29;5;115
7;2025-12-29;6;653
7;2025-12-29;7;1624
7;2025-12-29;8;2469
7;2025-12-29;9;1777
7;2025-12-29;10;1524
7;2025-12-29;11;1342
7;2025-12-29;12;1508
7;2025-12-29;13;1480
7;2025-12-29;14;1505
7;2025-12-29;15;1713
7;2025-12-29;16;1777
7;2025-12-29;17;2281
7;2025-12-29;18;2553
7;2025-12-29;19;1726
7;2025-12-29;20;1083
7;2025-12-29;21;569
7;2025-12-29;22;305
7;2025-12-29;23;155
7;2025-12-30;0;51
7;2025-12-30;1;0
7;2025-12-30;2;0
7;2025-12-30;3;0
7;2025-12-30;4;0
7;2025-12-30;5;115
7;2025-12-30;6;670
7;2025-12-30;7;1637
7;2025-12-30;8;2464
7;2025-12-30;9;1798
7;2025-12-30;10;1567
7;2025-12-30;11;1485
7;2025-12-30;12;1579
7;2025-12-30;13;1545
7;2025-12-30;14;1599
7;2025-12-30;15;1805
7;2025-12-30;16;1787
7;2025-12-30;17;2318
7;2025-12-30;18;2559
7;2025-12-30;19;1774
7;2025-12-30;20;1104
7;2025-12-30;21;653
7;2025-12-30;22;309
7;2025-12-30;23;189
7;2025-12-31;0;103
7;2025-12-31;1;0
7;2025-12-31;2;0
7;2025-12-31;3;0
7;2025-12-31;4;0
7;2025-12-31;5;27
7;2025-12-31;6;225
7;2025-12-31;7;344
7;2025-12-31;8;542
7;2025-12-31;9;674
7;2025-12-31;10;776
7;2025-12-31;11;952
7;2025-12-31;12;1107
7;2025-12-31;13;1162
7;2025-12-31;14;1224
7;2025-12-31;15;1153
7;2025-12-31;16;1105
7;2025-12-31;17;1063
7;2025-12-31;18;968
7;2025-12-31;19;889
7;2025-12-31;20;669
7;2025-12-31;21;548
7;2025-12-31;22;330
7;2025-12-31;23;172
11;2025-11-01;0;61
11;2025-11-01;1;0
11;2025-11-01;2;0
11;2025-11-01;3;0
11;2025-11-01;4;0
11;2025-11-01;5;228
11;2025-11-01;6;1202
11;2025-11-01;7;2128
11;2025-11-01;8;2837
11;2025-11-01;9;2106
11;2025-11-01;10;1732
11;2025-11-01;11;1635
11;2025-11-01;12;1748
11;2025-11-01;13;1735
11;2025-11-01;14;1834
11;2025-11-01;15;2013
11;2025-11-01;16;2183
11;2025-11-01;17;2601
11;2025-11-01;18;2259
11;2025-11-01;19;1779
11;2025-11-01;20;1263
11;2025-11-01;21;781
11;2025-11-01;22;405
11;2025-11-01;23;275
11;2025-11-02;0;106
11;2025-11-02;1;0
11;2025-11-02;2;0
11;2025-11-02;3;0
11;2025-11-02;4;0
11;2025-11-02;5;98
11;2025-11-02;6;526
11;2025-11-02;7;502
11;2025-11-02;8;679
11;2025-11-02;9;935
11;2025-11-02;10;1011
11;2025-11-02;11;1429
11;2025-11-02;12;1592
11;2025-11-02;13;1535
11;2025-11-02;14;1639
11;2025-11-02;15;1637
11;2025-11-02;16;1588
11;2025-11-02;17;1687
11;2025-11-02;18;1358
11;2025-11-02;19;1155
11;2025-11-02;20;897
11;2025-11-02;21;644
11;2025-11-02;22;379
11;2025-11-02;23;250
11;2025-11-03;0;102
11;2025-11-03;1;0
11;2025-11-03;2;0
11;2025-11-03;3;0
11;2025-11-03;4;0
11;2025-11-03;5;94
11;2025-11-03;6;503
11;2025-11-03;7;480
11;2025-11-03;8;650
11;2025-11-03;9;895
11;2025-11-03;10;967
11;2025-11-03;11;1367
11;2025-11-03;12;1523
11;2025-11-03;13;1469
11;2025-11-03;14;1568
11;2025-11-03;15;1566
11;2025-11-03;16;1519
11;2025-11-03;17;1613
11;2025-11-03;18;1299
11;2025-11-03;19;1105
11;2025-11-03;20;858
11;2025-11-03;21;616
11;2025-11-03;22;363
11;2025-11-03;23;239
11;2025-11-04;0;105
11;2025-11-04;1;0
11;2025-11-04;2;0
11;2025-11-04;3;0
11;2025-11-04;4;0
11;2025-11-04;5;97
11;2025-11-04;6;518
11;2025-11-04;7;494
11;2025-11-04;8;669
11;2025-11-04;9;921
11;2025-11-04;10;996
11;2025-11-04;11;1408
11;2025-11-04;12;1568
11;2025-11-04;13;1513
11;2025-11-04;14;1615
11;2025-11-04;15;1613
11;2025-11-04;16;1565
11;2025-11-04;17;1662
11;2025-11-04;18;1338
11;2025-11-04;19;1138
11;2025-11-04;20;884
11;2025-11-04;21;634
11;2025-11-04;22;374
11;2025-11-04;23;246
11;2025-11-05;0;58
11;2025-11-05;1;0
11;2025-11-05;2;0
11;2025-11-05;3;0
11;2025-11-05;4;0
11;2025-11-05;5;254
11;2025-11-05;6;1236
11;2025-11-05;7;2379
11;2025-11-05;8;3055
11;2025-11-05;9;2251
11;2025-11-05;10;1815
11;2025-11-05;11;1876
11;2025-11-05;12;1851
11;2025-11-05;13;1992
11;2025-11-05;14;1966
11;2025-11-05;15;1948
11;2025-11-05;16;2048
11;2025-11-05;17;2762
11;2025-11-05;18;3024
11;2025-11-05;19;2234
11;2025-11-05;20;1435
11;2025-11-05;21;835
11;2025-11-05;22;401
11;2025-11-05;23;223
11;2025-11-06;0;61
11;2025-11-06;1;0
11;2025-11-06;2;0
11;2025-11-06;3;0
11;2025-11-06;4;0
11;2025-11-06;5;229
11;2025-11-06;6;1278
11;2025-11-06;7;2315
11;2025-11-06;8;2947
11;2025-11-06;9;2362
11;2025-11-06;10;1931
11;2025-11-06;11;1807
11;2025-11-06;12;1900
11;2025-11-06;13;1958
11;2025-11-06;14;1933
11;2025-11-06;15;1953
11;2025-11-06;16;2196
11;2025-11-06;17;2659
11;2025-11-06;18;3078
11;2025-11-06;19;2205
11;2025-11-06;20;1441
11;2025-11-06;21;848
11;2025-11-06;22;436
11;2025-11-06;23;233
11;2025-11-07;0;66
11;2025-11-07;1;0
11;2025-11-07;2;0
11;2025-11-07;3;0
11;2025-11-07;4;0
11;2025-11-07;5;245
11;2025-11-07;6;1290
11;2025-11-07;7;2284
11;2025-11-07;8;3045
11;2025-11-07;9;2260
11;2025-11-07;10;1859
11;2025-11-07;11;1755
11;2025-11-07;12;1876
11;2025-11-07;13;1862
11;2025-11-07;14;1968
11;2025-11-07;15;2160
11;2025-11-07;16;2343
11;2025-11-07;17;2792
11;2025-11-07;18;2424
11;2025-11-07;19;1909
11;2025-11-07;20;1355
11;2025-11-07;21;838
11;2025-11-07;22;435
11;2025-11-07;23;295
11;2025-11-08;0;101
11;2025-11-08;1;0
11;2025-11-08;2;0
11;2025-11-08;3;0
11;2025-11-08;4;0
11;2025-11-08;5;163
11;2025-11-08;6;798
11;2025-11-08;7;711
11;2025-11-08;8;979
11;2025-11-08;9;1108
11;2025-11-08;10;1257
11;2025-11-08;11;1604
11;2025-11-08;12;1784
11;2025-11-08;13;1707
11;2025-11-08;14;1755
11;2025-11-08;15;1690
11;2025-11-08;16;1727
11;2025-11-08;17;1750
11;2025-11-08;18;1486
11;2025-11-08;19;1441
11;2025-11-08;20;1031
11;2025-11-08;21;721
11;2025-11-08;22;447
11;2025-11-08;23;293
11;2025-11-09;0;106
11;2025-11-09;1;0
11;2025-11-09;2;0
11;2025-11-09;3;0
11;2025-11-09;4;0
11;2025-11-09;5;98
11;2025-11-09;6;526
11;2025-11-09;7;502
11;2025-11-09;8;679
11;2025-11-09;9;935
11;2025-11-09;10;1011
11;2025-11-09;11;1429
11;2025-11-09;12;1592
11;2025-11-09;13;1535
11;2025-11-09;14;1639
11;2025-11-09;15;1637
11;2025-11-09;16;1588
11;2025-11-09;17;1687
11;2025-11-09;18;1358
11;2025-11-09;19;1155
11;2025-11-09;20;897
11;2025-11-09;21;644
11;2025-11-09;22;379
11;2025-11-09;23;250
11;2025-11-10;0;71
11;2025-11-10;1;0
11;2025-11-10;2;0
11;2025-11-10;3;0
11;2025-11-10;4;0
11;2025-11-10;5;247
11;2025-11-10;6;1318
11;2025-11-10;7;2291
11;2025-11-10;8;2960
11;2025-11-10;9;2297
11;2025-11-10;10;1729
11;2025-11-10;11;1775
11;2025-11-10;12;1682
11;2025-11-10;13;1800
11;2025-11-10;14;1821
11;2025-11-10;15;1980
11;2025-11-10;16;2176
11;2025-11-10;17;2704
11;2025-11-10;18;2964
11;2025-11-10;19;2270
11;2025-11-10;20;1359
11;2025-11-10;21;795
11;2025-11-10;22;386
11;2025-11-10;23;206
11;2025-11-11;0;60
11;2025-11-11;1;0
11;2025-11-11;2;0
11;2025-11-11;3;0
11;2025-11-11;4;0
11;2025-11-11;5;231
11;2025-11-11;6;1333
11;2025-11-11;7;2374
11;2025-11-11;8;3217
11;2025-11-11;9;2386
11;2025-11-11;10;1853
11;2025-11-11;11;1721
11;2025-11-11;12;1798
11;2025-11-11;13;1908
11;2025-11-11;14;1932
11;2025-11-11;15;1942
11;2025-11-11;16;2159
11;2025-11-11;17;2763
11;2025-11-11;18;2972
11;2025-11-11;19;2266
11;2025-11-11;20;1463
11;2025-11-11;21;817
11;2025-11-11;22;412
11;2025-11-11;23;208
11;2025-11-12;0;58
11;2025-11-12;1;0
11;2025-11-12;2;0
11;2025-11-12;3;0
11;2025-11-12;4;0
11;2025-11-12;5;254
11;2025-11-12;6;1236
11;2025-11-12;7;2379
11;2025-11-12;8;3055
11;2025-11-12;9;2251
11;2025-11-12;10;1815
11;2025-11-12;11;1876
11;2025-11-12;12;1851
11;2025-11-12;13;1992
11;2025-11-12;14;1966
11;2025-11-12;15;1948
11;2025-11-12;16;2048
11;2025-11-12;17;2762
11;2025-11-12;18;3024
11;2025-11-12;19;2234
11;2025-11-12;20;1435
11;2025-11-12;21;835
11;2025-11-12;22;401
11;2025-11-12;23;223
11;2025-11-13;0;61
11;2025-11-13;1;0
11;2025-11-13;2;0
11;2025-11-13;3;0
11;2025-11-13;4;0
11;2025-11-13;5;229
11;2025-11-13;6;1278
11;2025-11-13;7;2315
11;2025-11-13;8;2947
11;2025-11-13;9;2362
11;2025-11-13;10;1931
11;2025-11-13;11;1807
11;2025-11-13;12;1900
11;2025-11-13;13;1958
11;2025-11-13;14;1933
11;2025-11-13;15;1953
11;2025-11-13;16;2196
11;2025-11-13;17;2659
11;2025-11-13;18;3078
11;2025-11-13;19;2205
11;2025-11-13;20;1441
11;2025-11-13;21;848
11;2025-11-13;22;436
11;2025-11-13;23;233
11;2025-11-14;0;66
11;2025-11-14;1;0
11;2025-11-14;2;0
11;2025-11-14;3;0
11;2025-11-14;4;0
11;2025-11-14;5;245
11;2025-11-14;6;1290
11;2025-11-14;7;2284
11;2025-11-14;8;3045
11;2025-11-14;9;2260
11;2025-11-14;10;1859
11;2025-11-14;11;1755
11;2025-11-14;12;1876
11;2025-11-14;13;1862
11;2025-11-14;14;1968
11;2025-11-14;15;2160
11;2025-11-14;16;2343
11;2025-11-14;17;2792
11;2025-11-14;18;2424
11;2025-11-14;19;1909
11;2025-11-14;20;1355
11;2025-11-14;21;838
11;2025-11-14;22;435
11;2025-11-14;23;295
11;2025-11-15;0;101
11;2025-11-15;1;0
11;2025-11-15;2;0
11;2025-11-15;3;0
11;2025-11-15;4;0
11;2025-11-15;5;163
11;2025-11-15;6;798
11;2025-11-15;7;711
11;2025-11-15;8;979
11;2025-11-15;9;1108
11;2025-11-15;10;1257
11;2025-11-15;11;1604
11;2025-11-15;12;1784
11;2025-11-15;13;1707
11;2025-11-15;14;1755
11;2025-11-15;15;1690
11;2025-11-15;16;1727
11;2025-11-15;17;1750
11;2025-11-15;18;1486
11;2025-11-15;19;1441
11;2025-11-15;20;1031
11;2025-11-15;21;721
11;2025-11-15;22;447
11;2025-11-15;23;293
11;2025-11-16;0;106
11;2025-11-16;1;0
11;2025-11-16;2;0
11;2025-11-16;3;0
11;2025-11-16;4;0
11;2025-11-16;5;98
11;2025-11-16;6;526
11;2025-11-16;7;502
11;2025-11-16;8;679
11;2025-11-16;9;935
11;2025-11-16;10;1011
11;2025-11-16;11;1429
11;2025-11-16;12;1592
11;2025-11-16;13;1535
11;2025-11-16;14;1639
11;2025-11-16;15;1637
11;2025-11-16;16;1588
11;2025-11-16;17;1687
11;2025-11-16;18;1358
11;2025-11-16;19;1155
11;2025-11-16;20;897
11;2025-11-16;21;644
11;2025-11-16;22;379
11;2025-11-16;23;250
11;2025-11-17;0;71
11;2025-11-17;1;0
11;2025-11-17;2;0
11;2025-11-17;3;0
11;2025-11-17;4;0
11;2025-11-17;5;247
11;2025-11-17;6;1318
11;2025-11-17;7;2291
11;2025-11-17;8;2960
11;2025-11-17;9;2297
11;2025-11-17;10;1729
11;2025-11-17;11;1775
11;2025-11-17;12;1682
11;2025-11-17;13;1800
11;2025-11-17;14;1821
11;2025-11-17;15;1980
11;2025-11-17;16;2176
11;2025-11-17;17;2704
11;2025-11-17;18;2964
11;2025-11-17;19;2270
11;2025-11-17;20;1359
11;2025-11-17;21;795
11;2025-11-17;22;386
11;2025-11-17;23;206
11;2025-11-18;0;60
11;2025-11-18;1;0
11;2025-11-18;2;0
11;2025-11-18;3;0
11;2025-11-18;4;0
11;2025-11-18;5;231
11;2025-11-18;6;1333
11;2025-11-18;7;2374
11;2025-11-18;8;3217
11;2025-11-18;9;2386
11;2025-11-18;10;1853
11;2025-11-18;11;1721
11;2025-11-18;12;1798
11;2025-11-18;13;1908
11;2025-11-18;14;1932
11;2025-11-18;15;1942
11;2025-11-18;16;2159
11;2025-11-18;17;2763
11;2025-11-18;18;2972
11;2025-11-18;19;2266
11;2025-11-18;20;1463
11;2025-11-18;21;817
11;2025-11-18;22;412
11;2025-11-18;23;208
11;2025-11-19;0;58
11;2025-11-19;1;0
11;2025-11-19;2;0
11;2025-11-19;3;0
11;2025-11-19;4;0
11;2025-11-19;5;254
11;2025-11-19;6;1236
11;2025-11-19;7;2379
11;2025-11-19;8;3055
11;2025-11-19;9;2251
11;2025-11-19;10;1815
11;2025-11-19;11;1876
11;2025-11-19;12;1851
11;2025-11-19;13;1992
11;2025-11-19;14;1966
11;2025-11-19;15;1948
11;2025-11-19;16;2048
11;2025-11-19;17;2762
11;2025-11-19;18;3024
11;2025-11-19;19;2234
11;2025-11-19;20;1435
11;2025-11-19;21;835
11;2025-11-19;22;401
11;2025-11-19;23;223
11;2025-11-20;0;61
11;2025-11-20;1;0
11;2025-11-20;2;0
11;2025-11-20;3;0
11;2025-11-20;4;0
11;2025-11-20;5;229
11;2025-11-20;6;1278
11;2025-11-20;7;2315
11;2025-11-20;8;2947
11;2025-11-20;9;2362
11;2025-11-20;10;1931
11;2025-11-20;11;1807
11;2025-11-20;12;1900
11;2025-11-20;13;1958
11;2025-11-20;14;1933
11;2025-11-20;15;1953
11;2025-11-20;16;2196
11;2025-11-20;17;2659
11;2025-11-20;18;3078
11;2025-11-20;19;2205
11;2025-11-20;20;1441
11;2025-11-20;21;848
11;2025-11-20;22;436
11;2025-11-20;23;233
11;2025-11-21;0;66
11;2025-11-21;1;0
11;2025-11-21;2;0
11;2025-11-21;3;0
11;2025-11-21;4;0
11;2025-11-21;5;245
11;2025-11-21;6;1290
11;2025-11-21;7;2284
11;2025-11-21;8;3045
11;2025-11-21;9;2260
11;2025-11-21;10;1859
11;2025-11-21;11;1755
11;2025-11-21;12;1876
11;2025-11-21;13;1862
11;2025-11-21;14;1968
11;2025-11-21;15;2160
11;2025-11-21;16;2343
11;2025-11-21;17;2792
11;2025-11-21;18;2424
11;2025-11-21;19;1909
11;2025-11-21;20;1355
11;2025-11-21;21;838
11;2025-11-21;22;435
11;2025-11-21;23;295
11;2025-11-22;0;101
11;2025-11-22;1;0
11;2025-11-22;2;0
11;2025-11-22;3;0
11;2025-11-22;4;0
11;2025-11-22;5;163
11;2025-11-22;6;798
11;2025-11-22;7;711
11;2025-11-22;8;979
11;2025-11-22;9;1108
11;2025-11-22;10;1257
11;2025-11-22;11;1604
11;2025-11-22;12;1784
11;2025-11-22;13;1707
11;2025-11-22;14;1755
11;2025-11-22;15;1690
11;2025-11-22;16;1727
11;2025-11-22;17;1750
11;2025-11-22;18;1486
11;2025-11-22;19;1441
11;2025-11-22;20;1031
11;2025-11-22;21;721
11;2025-11-22;22;447
11;2025-11-22;23;293
11;2025-11-23;0;106
11;2025-11-23;1;0
11;2025-11-23;2;0
11;2025-11-23;3;0
11;2025-11-23;4;0
11;2025-11-23;5;98
11;2025-11-23;6;526
11;2025-11-23;7;502
11;2025-11-23;8;679
11;2025-11-23;9;935
11;2025-11-23;10;1011
11;2025-11-23;11;1429
11;2025-11-23;12;1592
11;2025-11-23;13;1535
11;2025-11-23;14;1639
11;2025-11-23;15;1637
11;2025-11-23;16;1588
11;2025-11-23;17;1687
11;2025-11-23;18;1358
11;2025-11-23;19;1155
11;2025-11-23;20;897
11;2025-11-23;21;644
11;2025-11-23;22;379
11;2025-11-23;23;250
11;2025-11-24;0;71
11;2025-11-24;1;0
11;2025-11-24;2;0
11;2025-11-24;3;0
11;2025-11-24;4;0
11;2025-11-24;5;247
11;2025-11-24;6;1318
11;2025-11-24;7;2291
11;2025-11-24;8;2960
11;2025-11-24;9;2297
11;2025-11-24;10;1729
11;2025-11-24;11;1775
11;2025-11-24;12;1682
11;2025-11-24;13;1800
11;2025-11-24;14;1821
11;2025-11-24;15;1980
11;2025-11-24;16;2176
11;2025-11-24;17;2704
11;2025-11-24;18;2964
11;2025-11-24;19;2270
11;2025-11-24;20;1359
11;2025-11-24;21;795
11;2025-11-24;22;386
11;2025-11-24;23;206
11;2025-11-25;0;60
11;2025-11-25;1;0
11;2025-11-25;2;0
11;2025-11-25;3;0
11;2025-11-25;4;0
11;2025-11-25;5;231
11;2025-11-25;6;1333
11;2025-11-25;7;2374
11;2025-11-25;8;3217
11;2025-11-25;9;2386
11;2025-11-25;10;1853
11;2025-11-25;11;1721
11;2025-11-25;12;1798
11;2025-11-25;13;1908
11;2025-11-25;14;1932
11;2025-11-25;15;1942
11;2025-11-25;16;2159
11;2025-11-25;17;2763
11;2025-11-25;18;2972
11;2025-11-25;19;2266
11;2025-11-25;20;1463
11;2025-11-25;21;817
11;2025-11-25;22;412
11;2025-11-25;23;208
11;2025-11-26;0;58
11;2025-11-26;1;0
11;2025-11-26;2;0
11;2025-11-26;3;0
11;2025-11-26;4;0
11;2025-11-26;5;254
11;2025-11-26;6;1236
11;2025-11-26;7;2379
11;2025-11-26;8;3055
11;2025-11-26;9;2251
11;2025-11-26;10;1815
11;2025-11-26;11;1876
11;2025-11-26;12;1851
11;2025-11-26;13;1992
11;2025-11-26;14;1966
11;2025-11-26;15;1948
11;2025-11-26;16;2048
11;2025-11-26;17;2762
11;2025-11-26;18;3024
11;2025-11-26;19;2234
11;2025-11-26;20;1435
11;2025-11-26;21;835
11;2025-11-26;22;401
11;2025-11-26;23;223
11;2025-11-27;0;61
11;2025-11-27;1;0
11;2025-11-27;2;0
11;2025-11-27;3;0
11;2025-11-27;4;0
11;2025-11-27;5;229
11;2025-11-27;6;1278
11;2025-11-27;7;2315
11;2025-11-27;8;2947
11;2025-11-27;9;2362
11;2025-11-27;10;1931
11;2025-11-27;11;1807
11;2025-11-27;12;1900
11;2025-11-27;13;1958
11;2025-11-27;14;1933
11;2025-11-27;15;1953
11;2025-11-27;16;2196
11;2025-11-27;17;2659
11;2025-11-27;18;3078
11;2025-11-27;19;2205
11;2025-11-27;20;1441
11;2025-11-27;21;848
11;2025-11-27;22;436
11;2025-11-27;23;233
11;2025-11-28;0;66
11;2025-11-28;1;0
11;2025-11-28;2;0
11;2025-11-28;3;0
11;2025-11-28;4;0
11;2025-11-28;5;245
11;2025-11-28;6;1290
11;2025-11-28;7;2284
11;2025-11-28;8;3045
11;2025-11-28;9;2260
11;2025-11-28;10;1859
11;2025-11-28;11;1755
11;2025-11-28;12;1876
11;2025-11-28;13;1862
11;2025-11-28;14;1968
11;2025-11-28;15;2160
11;2025-11-28;16;2343
11;2025-11-28;17;2792
11;2025-11-28;18;2424
11;2025-11-28;19;1909
11;2025-11-28;20;1355
11;2025-11-28;21;838
11;2025-11-28;22;435
11;2025-11-28;23;295
11;2025-11-29;0;101
11;2025-11-29;1;0
11;2025-11-29;2;0
11;2025-11-29;3;0
11;2025-11-29;4;0
11;2025-11-29;5;163
11;2025-11-29;6;798
11;2025-11-29;7;711
11;2025-11-29;8;979
11;2025-11-29;9;1108
11;2025-11-29;10;1257
11;2025-11-29;11;1604
11;2025-11-29;12;1784
11;2025-11-29;13;1707
11;2025-11-29;14;1755
11;2025-11-29;15;1690
11;2025-11-29;16;1727
11;2025-11-29;17;1750
11;2025-11-29;18;1486
11;2025-11-29;19;1441
11;2025-11-29;20;1031
11;2025-11-29;21;721
11;2025-11-29;22;447
11;2025-11-29;23;293
11;2025-11-30;0;106
11;2025-11-30;1;0
11;2025-11-30;2;0
11;2025-11-30;3;0
11;2025-11-30;4;0
11;2025-11-30;5;98
11;2025-11-30;6;526
11;2025-11-30;7;502
11;2025-11-30;8;679
11;2025-11-30;9;935
11;2025-11-30;10;1011
11;2025-11-30;11;1429
11;2025-11-30;12;1592
11;2025-11-30;13;1535
11;2025-11-30;14;1639
11;2025-11-30;15;1637
11;2025-11-30;16;1588
11;2025-11-30;17;1687
11;2025-11-30;18;1358
11;2025-11-30;19;1155
11;2025-11-30;20;897
11;2025-11-30;21;644
11;2025-11-30;22;379
11;2025-11-30;23;250
11;2025-12-01;0;71
11;2025-12-01;1;0
11;2025-12-01;2;0
11;2025-12-01;3;0
11;2025-12-01;4;0
11;2025-12-01;5;247
11;2025-12-01;6;1318
11;2025-12-01;7;2291
11;2025-12-01;8;2960
11;2025-12-01;9;2297
11;2025-12-01;10;1729
11;2025-12-01;11;1775
11;2025-12-01;12;1682
11;2025-12-01;13;1800
11;2025-12-01;14;1821
11;2025-12-01;15;1980
11;2025-12-01;16;2176
11;2025-12-01;17;2704
11;2025-12-01;18;2964
11;2025-12-01;19;2270
11;2025-12-01;20;1359
11;2025-12-01;21;795
11;2025-12-01;22;386
11;2025-12-01;23;206
11;2025-12-02;0;60
11;2025-12-02;1;0
11;2025-12-02;2;0
11;2025-12-02;3;0
11;2025-12-02;4;0
11;2025-12-02;5;231
11;2025-12-02;6;1333
11;2025-12-02;7;2374
11;2025-12-02;8;3217
11;2025-12-02;9;2386
11;2025-12-02;10;1853
11;2025-12-02;11;1721
11;2025-12-02;12;1798
11;2025-12-02;13;1908
11;2025-12-02;14;1932
11;2025-12-02;15;1942
11;2025-12-02;16;2159
11;2025-12-02;17;2763
11;2025-12-02;18;2972
11;2025-12-02;19;2266
11;2025-12-02;20;1463
11;2025-12-02;21;817
11;2025-12-02;22;412
11;2025-12-02;23;208
11;2025-12-03;0;58
11;2025-12-03;1;0
11;2025-12-03;2;0
11;2025-12-03;3;0
11;2025-12-03;4;0
11;2025-12-03;5;254
11;2025-12-03;6;1236
11;2025-12-03;7;2379
11;2025-12-03;8;3055
11;2025-12-03;9;2251
11;2025-12-03;10;1815
11;2025-12-03;11;1876
11;2025-12-03;12;1851
11;2025-12-03;13;1992
11;2025-12-03;14;1966
11;2025-12-03;15;1948
11;2025-12-03;16;2048
11;2025-12-03;17;2762
11;2025-12-03;18;3024
11;2025-12-03;19;2234
11;2025-12-03;20;1435
11;2025-12-03;21;835
11;2025-12-03;22;401
11;2025-12-03;23;223
11;2025-12-04;0;61
11;2025-12-04;1;0
11;2025-12-04;2;0
11;2025-12-04;3;0
11;2025-12-04;4;0
11;2025-12-04;5;229
11;2025-12-04;6;1278
11;2025-12-04;7;2315
11;2025-12-04;8;2947
11;2025-12-04;9;2362
11;2025-12-04;10;1931
11;2025-12-04;11;1807
11;2025-12-04;12;1900
11;2025-12-04;13;1958
11;2025-12-04;14;1933
11;2025-12-04;15;1953
11;2025-12-04;16;2196
11;2025-12-04;17;2659
11;2025-12-04;18;3078
11;2025-12-04;19;2205
11;2025-12-04;20;1441
11;2025-12-04;21;848
11;2025-12-04;22;436
11;2025-12-04;23;233
11;2025-12-05;0;66
11;2025-12-05;1;0
11;2025-12-05;2;0
11;2025-12-05;3;0
11;2025-12-05;4;0
11;2025-12-05;5;245
11;2025-12-05;6;1290
11;2025-12-05;7;2284
11;2025-12-05;8;3045
11;2025-12-05;9;2260
11;2025-12-05;10;1859
11;2025-12-05;11;1755
11;2025-12-05;12;1876
11;2025-12-05;13;1862
11;2025-12-05;14;1968
11;2025-12-05;15;2160
11;2025-12-05;16;2343
11;2025-12-05;17;2792
11;2025-12-05;18;2424
11;2025-12-05;19;1909
11;2025-12-05;20;1355
11;2025-12-05;21;838
11;2025-12-05;22;435
11;2025-12-05;23;295
11;2025-12-06;0;101
11;2025-12-06;1;0
11;2025-12-06;2;0
11;2025-12-06;3;0
11;2025-12-06;4;0
11;2025-12-06;5;163
11;2025-12-06;6;798
11;2025-12-06;7;711
11;2025-12-06;8;979
11;2025-12-06;9;1108
11;2025-12-06;10;1257
11;2025-12-06;11;1604
11;2025-12-06;12;1784
11;2025-12-06;13;1707
11;2025-12-06;14;1755
11;2025-12-06;15;1690
11;2025-12-06;16;1727
11;2025-12-06;17;1750
11;2025-12-06;18;1486
11;2025-12-06;19;1441
11;2025-12-06;20;1031
11;2025-12-06;21;721
11;2025-12-06;22;447
11;2025-12-06;23;293
11;2025-12-07;0;106
11;2025-12-07;1;0
11;2025-12-07;2;0
11;2025-12-07;3;0
11;2025-12-07;4;0
11;2025-12-07;5;98
11;2025-12-07;6;526
11;2025-12-07;7;502
11;2025-12-07;8;679
11;2025-12-07;9;935
11;2025-12-07;10;1011
11;2025-12-07;11;1429
11;2025-12-07;12;1592
11;2025-12-07;13;1535
11;2025-12-07;14;1639
11;2025-12-07;15;1637
11;2025-12-07;16;1588
11;2025-12-07;17;1687
11;2025-12-07;18;1358
11;2025-12-07;19;1155
11;2025-12-07;20;897
11;2025-12-07;21;644
11;2025-12-07;22;379
11;2025-12-07;23;250
11;2025-12-08;0;71
11;2025-12-08;1;0
11;2025-12-08;2;0
11;2025-12-08;3;0
11;2025-12-08;4;0
11;2025-12-08;5;247
11;2025-12-08;6;1318
11;2025-12-08;7;2291
11;2025-12-08;8;2960
11;2025-12-08;9;2297
11;2025-12-08;10;1729
11;2025-12-08;11;1775
11;2025-12-08;12;1682
11;2025-12-08;13;1800
11;2025-12-08;14;1821
11;2025-12-08;15;1980
11;2025-12-08;16;2176
11;2025-12-08;17;2704
11;2025-12-08;18;2964
11;2025-12-08;19;2270
11;2025-12-08;20;1359
11;2025-12-08;21;795
11;2025-12-08;22;386
11;2025-12-08;23;206
11;2025-12-09;0;60
11;2025-12-09;1;0
11;2025-12-09;2;0
11;2025-12-09;3;0
11;2025-12-09;4;0
11;2025-12-09;5;231
11;2025-12-09;6;1333
11;2025-12-09;7;2374
11;2025-12-09;8;3217
11;2025-12-09;9;2386
11;2025-12-09;10;1853
11;2025-12-09;11;1721
11;2025-12-09;12;1798
11;2025-12-09;13;1908
11;2025-12-09;14;1932
11;2025-12-09;15;1942
11;2025-12-09;16;2159
11;2025-12-09;17;2763
11;2025-12-09;18;2972
11;2025-12-09;19;2266
11;2025-12-09;20;1463
11;2025-12-09;21;817
11;2025-12-09;22;412
11;2025-12-09;23;208
11;2025-12-10;0;58
11;2025-12-10;1;0
11;2025-12-10;2;0
11;2025-12-10;3;0
11;2025-12-10;4;0
11;2025-12-10;5;254
11;2025-12-10;6;1236
11;2025-12-10;7;2379
11;2025-12-10;8;3055
11;2025-12-10;9;2251
11;2025-12-10;10;1815
11;2025-12-10;11;1876
11;2025-12-10;12;1851
11;2025-12-10;13;1992
11;2025-12-10;14;1966
11;2025-12-10;15;1948
11;2025-12-10;16;2048
11;2025-12-10;17;2762
11;2025-12-10;18;3024
11;2025-12-10;19;2234
11;2025-12-10;20;1435
11;2025-12-10;21;835
11;2025-12-10;22;401
11;2025-12-10;23;223
11;2025-12-11;0;61
11;2025-12-11;1;0
11;2025-12-11;2;0
11;2025-12-11;3;0
11;2025-12-11;4;0
11;2025-12-11;5;229
11;2025-12-11;6;1278
11;2025-12-11;7;2315
11;2025-12-11;8;2947
11;2025-12-11;9;2362
11;2025-12-11;10;1931
11;2025-12-11;11;1807
11;2025-12-11;12;1900
11;2025-12-11;13;1958
11;2025-12-11;14;1933
11;2025-12-11;15;1953
11;2025-12-11;16;2196
11;2025-12-11;17;2659
11;2025-12-11;18;3078
11;2025-12-11;19;2205
11;2025-12-11;20;1441
11;2025-12-11;21;848
11;2025-12-11;22;436
11;2025-12-11;23;233
11;2025-12-12;0;66
11;2025-12-12;1;0
11;2025-12-12;2;0
11;2025-12-12;3;0
11;2025-12-12;4;0
11;2025-12-12;5;245
11;2025-12-12;6;1290
11;2025-12-12;7;2284
11;2025-12-12;8;3045
11;2025-12-12;9;2260
11;2025-12-12;10;1859
11;2025-12-12;11;1755
11;2025-12-12;12;1876
11;2025-12-12;13;1862
11;2025-12-12;14;1968
11;2025-12-12;15;2160
11;2025-12-12;16;2343
11;2025-12-12;17;2792
11;2025-12-12;18;2424
11;2025-12-12;19;1909
11;2025-12-12;20;1355
11;2025-12-12;21;838
11;2025-12-12;22;435
11;2025-12-12;23;295
11;2025-12-13;0;101
11;2025-12-13;1;0
11;2025-12-13;2;0
11;2025-12-13;3;0
11;2025-12-13;4;0
11;2025-12-13;5;163
11;2025-12-13;6;798
11;2025-12-13;7;711
11;2025-12-13;8;979
11;2025-12-13;9;1108
11;2025-12-13;10;1257
11;2025-12-13;11;1604
11;2025-12-13;12;1784
11;2025-12-13;13;1707
11;2025-12-13;14;1755
11;2025-12-13;15;1690
11;2025-12-13;16;1727
11;2025-12-13;17;1750
11;2025-12-13;18;1486
11;2025-12-13;19;1441
11;2025-12-13;20;1031
11;2025-12-13;21;721
11;2025-12-13;22;447
11;2025-12-13;23;293
11;2025-12-14;0;106
11;2025-12-14;1;0
11;2025-12-14;2;0
11;2025-12-14;3;0
11;2025-12-14;4;0
11;2025-12-14;5;98
11;2025-12-14;6;526
11;2025-12-14;7;502
11;2025-12-14;8;679
11;2025-12-14;9;935
11;2025-12-14;10;1011
11;2025-12-14;11;1429
11;2025-12-14;12;1592
11;2025-12-14;13;1535
11;2025-12-14;14;1639
11;2025-12-14;15;1637
11;2025-12-14;16;1588
11;2025-12-14;17;1687
11;2025-12-14;18;1358
11;2025-12-14;19;1155
11;2025-12-14;20;897
11;2025-12-14;21;644
11;2025-12-14;22;379
11;2025-12-14;23;250
11;2025-12-15;0;71
11;2025-12-15;1;0
11;2025-12-15;2;0
11;2025-12-15;3;0
11;2025-12-15;4;0
11;2025-12-15;5;247
11;2025-12-15;6;1318
11;2025-12-15;7;2291
11;2025-12-15;8;2960
11;2025-12-15;9;2297
11;2025-12-15;10;1729
11;2025-12-15;11;1775
11;2025-12-15;12;1682
11;2025-12-15;13;1800
11;2025-12-15;14;1821
11;2025-12-15;15;1980
11;2025-12-15;16;2176
11;2025-12-15;17;2704
11;2025-12-15;18;2964
11;2025-12-15;19;2270
11;2025-12-15;20;1359
11;2025-12-15;21;795
11;2025-12-15;22;386
11;2025-12-15;23;206
11;2025-12-16;0;60
11;2025-12-16;1;0
11;2025-12-16;2;0
11;2025-12-16;3;0
11;2025-12-16;4;0
11;2025-12-16;5;231
11;2025-12-16;6;1333
11;2025-12-16;7;2374
11;2025-12-16;8;3217
11;2025-12-16;9;2386
11;2025-12-16;10;1853
11;2025-12-16;11;1721
11;2025-12-16;12;1798
11;2025-12-16;13;1908
11;2025-12-16;14;1932
11;2025-12-16;15;1942
11;2025-12-16;16;2159
11;2025-12-16;17;2763
11;2025-12-16;18;2972
11;2025-12-16;19;2266
11;2025-12-16;20;1463
11;2025-12-16;21;817
11;2025-12-16;22;412
11;2025-12-16;23;208
11;2025-12-17;0;58
11;2025-12-17;1;0
11;2025-12-17;2;0
11;2025-12-17;3;0
11;2025-12-17;4;0
11;2025-12-17;5;254
11;2025-12-17;6;1236
11;2025-12-17;7;2379
11;2025-12-17;8;3055
11;2025-12-17;9;2251
11;2025-12-17;10;1815
11;2025-12-17;11;1876
11;2025-12-17;12;1851
11;2025-12-17;13;1992
11;2025-12-17;14;1966
11;2025-12-17;15;1948
11;2025-12-17;16;2048
11;2025-12-17;17;2762
11;2025-12-17;18;3024
11;2025-12-17;19;2234
11;2025-12-17;20;1435
11;2025-12-17;21;835
11;2025-12-17;22;401
11;2025-12-17;23;223
11;2025-12-18;0;61
11;2025-12-18;1;0
11;2025-12-18;2;0
11;2025-12-18;3;0
11;2025-12-18;4;0
11;2025-12-18;5;229
11;2025-12-18;6;1278
11;2025-12-18;7;2315
11;2025-12-18;8;2947
11;2025-12-18;9;2362
11;2025-12-18;10;1931
11;2025-12-18;11;1807
11;2025-12-18;12;1900
11;2025-12-18;13;1958
11;2025-12-18;14;1933
11;2025-12-18;15;1953
11;2025-12-18;16;2196
11;2025-12-18;17;2659
11;2025-12-18;18;3078
11;2025-12-18;19;2205
11;2025-12-18;20;1441
11;2025-12-18;21;848
11;2025-12-18;22;436
11;2025-12-18;23;233
11;2025-12-19;0;66
11;2025-12-19;1;0
11;2025-12-19;2;0
11;2025-12-19;3;0
11;2025-12-19;4;0
11;2025-12-19;5;245
11;2025-12-19;6;1290
11;2025-12-19;7;2284
11;2025-12-19;8;3045
11;2025-12-19;9;2260
11;2025-12-19;10;1859
11;2025-12-19;11;1755
11;2025-12-19;12;1876
11;2025-12-19;13;1862
11;2025-12-19;14;1968
11;2025-12-19;15;2160
11;2025-12-19;16;2343
11;2025-12-19;17;2792
11;2025-12-19;18;2424
11;2025-12-19;19;1909
11;2025-12-19;20;1355
11;2025-12-19;21;838
11;2025-12-19;22;435
11;2025-12-19;23;295
11;2025-12-20;0;101
11;2025-12-20;1;0
11;2025-12-20;2;0
11;2025-12-20;3;0
11;2025-12-20;4;0
11;2025-12-20;5;163
11;2025-12-20;6;798
11;2025-12-20;7;711
11;2025-12-20;8;979
11;2025-12-20;9;1108
11;2025-12-20;10;1257
11;2025-12-20;11;1604
11;2025-12-20;12;1784
11;2025-12-20;13;1707
11;2025-12-20;14;1755
11;2025-12-20;15;1690
11;2025-12-20;16;1727
11;2025-12-20;17;1750
11;2025-12-20;18;1486
11;2025-12-20;19;1441
11;2025-12-20;20;1031
11;2025-12-20;21;721
11;2025-12-20;22;447
11;2025-12-20;23;293
11;2025-12-21;0;106
11;2025-12-21;1;0
11;2025-12-21;2;0
11;2025-12-21;3;0
11;2025-12-21;4;0
11;2025-12-21;5;98
11;2025-12-21;6;526
11;2025-12-21;7;502
11;2025-12-21;8;679
11;2025-12-21;9;935
11;2025-12-21;10;1011
11;2025-12-21;11;1429
11;2025-12-21;12;1592
11;2025-12-21;13;1535
11;2025-12-21;14;1639
11;2025-12-21;15;1637
11;2025-12-21;16;1588
11;2025-12-21;17;1687
11;2025-12-21;18;1358
11;2025-12-21;19;1155
11;2025-12-21;20;897
11;2025-12-21;21;644
11;2025-12-21;22;379
11;2025-12-21;23;250
11;2025-12-22;0;71
11;2025-12-22;1;0
11;2025-12-22;2;0
11;2025-12-22;3;0
11;2025-12-22;4;0
11;2025-12-22;5;247
11;2025-12-22;6;1318
11;2025-12-22;7;2291
11;2025-12-22;8;2960
11;2025-12-22;9;2297
11;2025-12-22;10;1729
11;2025-12-22;11;1775
11;2025-12-22;12;1682
11;2025-12-22;13;1800
11;2025-12-22;14;1821
11;2025-12-22;15;1980
11;2025-12-22;16;2176
11;2025-12-22;17;2704
11;2025-12-22;18;2964
11;2025-12-22;19;2270
11;2025-12-22;20;1359
11;2025-12-22;21;795
11;2025-12-22;22;386
11;2025-12-22;23;206
11;2025-12-23;0;60
11;2025-12-23;1;0
11;2025-12-23;2;0
11;2025-12-23;3;0
11;2025-12-23;4;0
11;2025-12-23;5;231
11;2025-12-23;6;1333
11;2025-12-23;7;2374
11;2025-12-23;8;3217
11;2025-12-23;9;2386
11;2025-12-23;10;1853
11;2025-12-23;11;1721
11;2025-12-23;12;1798
11;2025-12-23;13;1908
11;2025-12-23;14;1932
11;2025-12-23;15;1942
11;2025-12-23;16;2159
11;2025-12-23;17;2763
11;2025-12-23;18;2972
11;2025-12-23;19;2266
11;2025-12-23;20;1463
11;2025-12-23;21;817
11;2025-12-23;22;412
11;2025-12-23;23;208
11;2025-12-24;0;58
11;2025-12-24;1;0
11;2025-12-24;2;0
11;2025-12-24;3;0
11;2025-12-24;4;0
11;2025-12-24;5;254
11;2025-12-24;6;1236
11;2025-12-24;7;2379
11;2025-12-24;8;3055
11;2025-12-24;9;2251
11;2025-12-24;10;1815
11;2025-12-24;11;1876
11;2025-12-24;12;1851
11;2025-12-24;13;1992
11;2025-12-24;14;1966
11;2025-12-24;15;1948
11;2025-12-24;16;2048
11;2025-12-24;17;2762
11;2025-12-24;18;3024
11;2025-12-24;19;2234
11;2025-12-24;20;1435
11;2025-12-24;21;835
11;2025-12-24;22;401
11;2025-12-24;23;223
11;2025-12-25;0;61
11;2025-12-25;1;0
11;2025-12-25;2;0
11;2025-12-25;3;0
11;2025-12-25;4;0
11;2025-12-25;5;229
11;2025-12-25;6;1278
11;2025-12-25;7;2315
11;2025-12-25;8;2947
11;2025-12-25;9;2362
11;2025-12-25;10;1931
11;2025-12-25;11;1807
11;2025-12-25;12;1900
11;2025-12-25;13;1958
11;2025-12-25;14;1933
11;2025-12-25;15;1953
11;2025-12-25;16;2196
11;2025-12-25;17;2659
11;2025-12-25;18;3078
11;2025-12-25;19;2205
11;2025-12-25;20;1441
11;2025-12-25;21;848
11;2025-12-25;22;436
11;2025-12-25;23;233
11;2025-12-26;0;66
11;2025-12-26;1;0
11;2025-12-26;2;0
11;2025-12-26;3;0
11;2025-12-26;4;0
11;2025-12-26;5;245
11;2025-12-26;6;1290
11;2025-12-26;7;2284
11;2025-12-26;8;3045
11;2025-12-26;9;2260
11;2025-12-26;10;1859
11;2025-12-26;11;1755
11;2025-12-26;12;1876
11;2025-12-26;13;1862
11;2025-12-26;14;1968
11;2025-12-26;15;2160
11;2025-12-26;16;2343
11;2025-12-26;17;2792
11;2025-12-26;18;2424
11;2025-12-26;19;1909
11;2025-12-26;20;1355
11;2025-12-26;21;838
11;2025-12-26;22;435
11;2025-12-26;23;295
11;2025-12-27;0;101
11;2025-12-27;1;0
11;2025-12-27;2;0
11;2025-12-27;3;0
11;2025-12-27;4;0
11;2025-12-27;5;163
11;2025-12-27;6;798
11;2025-12-27;7;711
11;2025-12-27;8;979
11;2025-12-27;9;1108
11;2025-12-27;10;1257
11;2025-12-27;11;1604
11;2025-12-27;12;1784
11;2025-12-27;13;1707
11;2025-12-27;14;1755
11;2025-12-27;15;1690
11;2025-12-27;16;1727
11;2025-12-27;17;1750
11;2025-12-27;18;1486
11;2025-12-27;19;1441
11;2025-12-27;20;1031
11;2025-12-27;21;721
11;2025-12-27;22;447
11;2025-12-27;23;293
11;2025-12-28;0;106
11;2025-12-28;1;0
11;2025-12-28;2;0
11;2025-12-28;3;0
11;2025-12-28;4;0
11;2025-12-28;5;98
11;2025-12-28;6;526
11;2025-12-28;7;502
11;2025-12-28;8;679
11;2025-12-28;9;935
11;2025-12-28;10;1011
11;2025-12-28;11;1429
11;2025-12-28;12;1592
11;2025-12-28;13;1535
11;2025-12-28;14;1639
11;2025-12-28;15;1637
11;2025-12-28;16;1588
11;2025-12-28;17;1687
11;2025-12-28;18;1358
11;2025-12-28;19;1155
11;2025-12-28;20;897
11;2025-12-28;21;644
11;2025-12-28;22;379
11;2025-12-28;23;250
11;2025-12-29;0;71
11;2025-12-29;1;0
11;2025-12-29;2;0
11;2025-12-29;3;0
11;2025-12-29;4;0
11;2025-12-29;5;247
11;2025-12-29;6;1318
11;2025-12-29;7;2291
11;2025-12-29;8;2960
11;2025-12-29;9;2297
11;2025-12-29;10;1729
11;2025-12-29;11;1775
11;2025-12-29;12;1682
11;2025-12-29;13;1800
11;2025-12-29;14;1821
11;2025-12-29;15;1980
11;2025-12-29;16;2176
11;2025-12-29;17;2704
11;2025-12-29;18;2964
11;2025-12-29;19;2270
11;2025-12-29;20;1359
11;2025-12-29;21;795
11;2025-12-29;22;386
11;2025-12-29;23;206
11;2025-12-30;0;60
11;2025-12-30;1;0
11;2025-12-30;2;0
11;2025-12-30;3;0
11;2025-12-30;4;0
11;2025-12-30;5;231
11;2025-12-30;6;1333
11;2025-12-30;7;2374
11;2025-12-30;8;3217
11;2025-12-30;9;2386
11;2025-12-30;10;1853
11;2025-12-30;11;1721
11;2025-12-30;12;1798
11;2025-12-30;13;1908
11;2025-12-30;14;1932
11;2025-12-30;15;1942
11;2025-12-30;16;2159
11;2025-12-30;17;2763
11;2025-12-30;18;2972
11;2025-12-30;19;2266
11;2025-12-30;20;1463
11;2025-12-30;21;817
11;2025-12-30;22;412
11;2025-12-30;23;208
11;2025-12-31;0;104
11;2025-12-31;1;0
11;2025-12-31;2;0
11;2025-12-31;3;0
11;2025-12-31;4;0
11;2025-12-31;5;96
11;2025-12-31;6;515
11;2025-12-31;7;492
11;2025-12-31;8;666
11;2025-12-31;9;917
11;2025-12-31;10;991
11;2025-12-31;11;1400
11;2025-12-31;12;1560
11;2025-12-31;13;1505
11;2025-12-31;14;1607
11;2025-12-31;15;1605
11;2025-12-31;16;1557
11;2025-12-31;17;1653
11;2025-12-31;18;1331
11;2025-12-31;19;1132
11;2025-12-31;20;879
11;2025-12-31;21;631
11;2025-12-31;22;372
11;2025-12-31;23;245
12;2025-11-01;0;50
12;2025-11-01;1;0
12;2025-11-01;2;0
12;2025-11-01;3;0
12;2025-11-01;4;0
12;2025-11-01;5;234
12;2025-11-01;6;1350
12;2025-11-01;7;2608
12;2025-11-01;8;3231
12;2025-11-01;9;2298
12;2025-11-01;10;1800
12;2025-11-01;11;1804
12;2025-11-01;12;1884
12;2025-11-01;13;1973
12;2025-11-01;14;1927
12;2025-11-01;15;2230
12;2025-11-01;16;2778
12;2025-11-01;17;2838
12;2025-11-01;18;2462
12;2025-11-01;19;2118
12;2025-11-01;20;1346
12;2025-11-01;21;946
12;2025-11-01;22;484
12;2025-11-01;23;291
12;2025-11-02;0;84
12;2025-11-02;1;0
12;2025-11-02;2;0
12;2025-11-02;3;0
12;2025-11-02;4;0
12;2025-11-02;5;134
12;2025-11-02;6;561
12;2025-11-02;7;693
12;2025-11-02;8;753
12;2025-11-02;9;949
12;2025-11-02;10;1171
12;2025-11-02;11;1298
12;2025-11-02;12;1364
12;2025-11-02;13;1584
12;2025-11-02;14;1516
12;2025-11-02;15;1422
12;2025-11-02;16;1533
12;2025-11-02;17;1536
12;2025-11-02;18;1382
12;2025-11-02;19;1089
12;2025-11-02;20;830
12;2025-11-02;21;622
12;2025-11-02;22;414
12;2025-11-02;23;220
12;2025-11-03;0;81
12;2025-11-03;1;0
12;2025-11-03;2;0
12;2025-11-03;3;0
12;2025-11-03;4;0
12;2025-11-03;5;128
12;2025-11-03;6;536
12;2025-11-03;7;663
12;2025-11-03;8;720
12;2025-11-03;9;908
12;2025-11-03;10;1121
12;2025-11-03;11;1242
12;2025-11-03;12;1304
12;2025-11-03;13;1515
12;2025-11-03;14;1450
12;2025-11-03;15;1360
12;2025-11-03;16;1467
12;2025-11-03;17;1469
12;2025-11-03;18;1322
12;2025-11-03;19;1041
12;2025-11-03;20;794
12;2025-11-03;21;595
12;2025-11-03;22;396
12;2025-11-03;23;210
12;2025-11-04;0;83
12;2025-11-04;1;0
12;2025-11-04;2;0
12;2025-11-04;3;0
12;2025-11-04;4;0
12;2025-11-04;5;132
12;2025-11-04;6;552
12;2025-11-04;7;683
12;2025-11-04;8;742
12;2025-11-04;9;935
12;2025-11-04;10;1154
12;2025-11-04;11;1279
12;2025-11-04;12;1343
12;2025-11-04;13;1561
12;2025-11-04;14;1493
12;2025-11-04;15;1401
12;2025-11-04;16;1511
12;2025-11-04;17;1513
12;2025-11-04;18;1361
12;2025-11-04;19;1073
12;2025-11-04;20;818
12;2025-11-04;21;613
12;2025-11-04;22;408
12;2025-11-04;23;217
12;2025-11-05;0;60
12;2025-11-05;1;0
12;2025-11-05;2;0
12;2025-11-05;3;0
12;2025-11-05;4;0
12;2025-11-05;5;247
12;2025-11-05;6;1486
12;2025-11-05;7;2730
12;2025-11-05;8;3666
12;2025-11-05;9;2573
12;2025-11-05;10;2120
12;2025-11-05;11;1951
12;2025-11-05;12;2050
12;2025-11-05;13;2007
12;2025-11-05;14;1985
12;2025-11-05;15;2201
12;2025-11-05;16;2685
12;2025-11-05;17;3006
12;2025-11-05;18;3199
12;2025-11-05;19;2560
12;2025-11-05;20;1507
12;2025-11-05;21;1020
12;2025-11-05;22;520
12;2025-11-05;23;269
12;2025-11-06;0;51
12;2025-11-06;1;0
12;2025-11-06;2;0
12;2025-11-06;3;0
12;2025-11-06;4;0
12;2025-11-06;5;248
12;2025-11-06;6;1433
12;2025-11-06;7;2790
12;2025-11-06;8;3652
12;2025-11-06;9;2458
12;2025-11-06;10;2019
12;2025-11-06;11;2030
12;2025-11-06;12;2029
12;2025-11-06;13;2045
12;2025-11-06;14;2022
12;2025-11-06;15;2267
12;2025-11-06;16;2754
12;2025-11-06;17;3113
12;2025-11-06;18;3208
12;2025-11-06;19;2543
12;2025-11-06;20;1612
12;2025-11-06;21;955
12;2025-11-06;22;492
12;2025-11-06;23;265
12;2025-11-07;0;54
12;2025-11-07;1;0
12;2025-11-07;2;0
12;2025-11-07;3;0
12;2025-11-07;4;0
12;2025-11-07;5;251
12;2025-11-07;6;1449
12;2025-11-07;7;2799
12;2025-11-07;8;3468
12;2025-11-07;9;2467
12;2025-11-07;10;1932
12;2025-11-07;11;1936
12;2025-11-07;12;2022
12;2025-11-07;13;2118
12;2025-11-07;14;2068
12;2025-11-07;15;2393
12;2025-11-07;16;2982
12;2025-11-07;17;3046
12;2025-11-07;18;2642
12;2025-11-07;19;2274
12;2025-11-07;20;1445
12;2025-11-07;21;1016
12;2025-11-07;22;520
12;2025-11-07;23;312
12;2025-11-08;0;77
12;2025-11-08;1;0
12;2025-11-08;2;0
12;2025-11-08;3;0
12;2025-11-08;4;0
12;2025-11-08;5;192
12;2025-11-08;6;884
12;2025-11-08;7;916
12;2025-11-08;8;1035
12;2025-11-08;9;1220
12;2025-11-08;10;1420
12;2025-11-08;11;1470
12;2025-11-08;12;1458
12;2025-11-08;13;1681
12;2025-11-08;14;1588
12;2025-11-08;15;1501
12;2025-11-08;16;1601
12;2025-11-08;17;1545
12;2025-11-08;18;1462
12;2025-11-08;19;1403
12;2025-11-08;20;972
12;2025-11-08;21;764
12;2025-11-08;22;407
12;2025-11-08;23;290
12;2025-11-09;0;84
12;2025-11-09;1;0
12;2025-11-09;2;0
12;2025-11-09;3;0
12;2025-11-09;4;0
12;2025-11-09;5;134
12;2025-11-09;6;561
12;2025-11-09;7;693
12;2025-11-09;8;753
12;2025-11-09;9;949
12;2025-11-09;10;1171
12;2025-11-09;11;1298
12;2025-11-09;12;1364
12;2025-11-09;13;1584
12;2025-11-09;14;1516
12;2025-11-09;15;1422
12;2025-11-09;16;1533
12;2025-11-09;17;1536
12;2025-11-09;18;1382
12;2025-11-09;19;1089
12;2025-11-09;20;830
12;2025-11-09;21;622
12;2025-11-09;22;414
12;2025-11-09;23;220
12;2025-11-10;0;63
12;2025-11-10;1;0
12;2025-11-10;2;0
12;2025-11-10;3;0
12;2025-11-10;4;0
12;2025-11-10;5;248
12;2025-11-10;6;1420
12;2025-11-10;7;2686
12;2025-11-10;8;3623
12;2025-11-10;9;2465
12;2025-11-10;10;1914
12;2025-11-10;11;1862
12;2025-11-10;12;2009
12;2025-11-10;13;1906
12;2025-11-10;14;1892
12;2025-11-10;15;2211
12;2025-11-10;16;2659
12;2025-11-10;17;2996
12;2025-11-10;18;3208
12;2025-11-10;19;2510
12;2025-11-10;20;1611
12;2025-11-10;21;953
12;2025-11-10;22;464
12;2025-11-10;23;233
12;2025-11-11;0;48
12;2025-11-11;1;0
12;2025-11-11;2;0
12;2025-11-11;3;0
12;2025-11-11;4;0
12;2025-11-11;5;259
12;2025-11-11;6;1466
12;2025-11-11;7;2844
12;2025-11-11;8;3741
12;2025-11-11;9;2535
12;2025-11-11;10;2043
12;2025-11-11;11;2028
12;2025-11-11;12;2056
12;2025-11-11;13;2071
12;2025-11-11;14;1972
12;2025-11-11;15;2219
12;2025-11-11;16;2671
12;2025-11-11;17;3091
12;2025-11-11;18;3284
12;2025-11-11;19;2512
12;2025-11-11;20;1534
12;2025-11-11;21;947
12;2025-11-11;22;475
12;2025-11-11;23;244
12;2025-11-12;0;60
12;2025-11-12;1;0
12;2025-11-12;2;0
12;2025-11-12;3;0
12;2025-11-12;4;0
12;2025-11-12;5;247
12;2025-11-12;6;1486
12;2025-11-12;7;2730
12;2025-11-12;8;3666
12;2025-11-12;9;2573
12;2025-11-12;10;2120
12;2025-11-12;11;1951
12;2025-11-12;12;2050
12;2025-11-12;13;2007
12;2025-11-12;14;1985
12;2025-11-12;15;2201
12;2025-11-12;16;2685
12;2025-11-12;17;3006
12;2025-11-12;18;3199
12;2025-11-12;19;2560
12;2025-11-12;20;1507
12;2025-11-12;21;1020
12;2025-11-12;22;520
12;2025-11-12;23;269
12;2025-11-13;0;51
12;2025-11-13;1;0
12;2025-11-13;2;0
12;2025-11-13;3;0
12;2025-11-13;4;0
12;2025-11-13;5;248
12;2025-11-13;6;1433
12;2025-11-13;7;2790
12;2025-11-13;8;3652
12;2025-11-13;9;2458
12;2025-11-13;10;2019
12;2025-11-13;11;2030
12;2025-11-13;12;2029
12;2025-11-13;13;2045
12;2025-11-13;14;2022
12;2025-11-13;15;2267
12;2025-11-13;16;2754
12;2025-11-13;17;3113
12;2025-11-13;18;3208
12;2025-11-13;19;2543
12;2025-11-13;20;1612
12;2025-11-13;21;955
12;2025-11-13;22;492
12;2025-11-13;23;265
12;2025-11-14;0;54
12;2025-11-14;1;0
12;2025-11-14;2;0
12;2025-11-14;3;0
12;2025-11-14;4;0
12;2025-11-14;5;251
12;2025-11-14;6;1449
12;2025-11-14;7;2799
12;2025-11-14;8;3468
12;2025-11-14;9;2467
12;2025-11-14;10;1932
12;2025-11-14;11;1936
12;2025-11-14;12;2022
12;2025-11-14;13;2118
12;2025-11-14;14;2068
12;2025-11-14;15;2393
12;2025-11-14;16;2982
12;2025-11-14;17;3046
12;2025-11-14;18;2642
12;2025-11-14;19;2274
12;2025-11-14;20;1445
12;2025-11-14;21;1016
12;2025-11-14;22;520
12;2025-11-14;23;312
12;2025-11-15;0;77
12;2025-11-15;1;0
12;2025-11-15;2;0
12;2025-11-15;3;0
12;2025-11-15;4;0
12;2025-11-15;5;192
12;2025-11-15;6;884
12;2025-11-15;7;916
12;2025-11-15;8;1035
12;2025-11-15;9;1220
12;2025-11-15;10;1420
12;2025-11-15;11;1470
12;2025-11-15;12;1458
12;2025-11-15;13;1681
12;2025-11-15;14;1588
12;2025-11-15;15;1501
12;2025-11-15;16;1601
12;2025-11-15;17;1545
12;2025-11-15;18;1462
12;2025-11-15;19;1403
12;2025-11-15;20;972
12;2025-11-15;21;764
12;2025-11-15;22;407
12;2025-11-15;23;290
12;2025-11-16;0;84
12;2025-11-16;1;0
12;2025-11-16;2;0
12;2025-11-16;3;0
12;2025-11-16;4;0
12;2025-11-16;5;134
12;2025-11-16;6;561
12;2025-11-16;7;693
12;2025-11-16;8;753
12;2025-11-16;9;949
12;2025-11-16;10;1171
12;2025-11-16;11;1298
12;2025-11-16;12;1364
12;2025-11-16;13;1584
12;2025-11-16;14;1516
12;2025-11-16;15;1422
12;2025-11-16;16;1533
12;2025-11-16;17;1536
12;2025-11-16;18;1382
12;2025-11-16;19;1089
12;2025-11-16;20;830
12;2025-11-16;21;622
12;2025-11-16;22;414
12;2025-11-16;23;220
12;2025-11-17;0;63
12;2025-11-17;1;0
12;2025-11-17;2;0
12;2025-11-17;3;0
12;2025-11-17;4;0
12;2025-11-17;5;248
12;2025-11-17;6;1420
12;2025-11-17;7;2686
12;2025-11-17;8;3623
12;2025-11-17;9;2465
12;2025-11-17;10;1914
12;2025-11-17;11;1862
12;2025-11-17;12;2009
12;2025-11-17;13;1906
12;2025-11-17;14;1892
12;2025-11-17;15;2211
12;2025-11-17;16;2659
12;2025-11-17;17;2996
12;2025-11-17;18;3208
12;2025-11-17;19;2510
12;2025-11-17;20;1611
12;2025-11-17;21;953
12;2025-11-17;22;464
12;2025-11-17;23;233
12;2025-11-18;0;48
12;2025-11-18;1;0
12;2025-11-18;2;0
12;2025-11-18;3;0
12;2025-11-18;4;0
12;2025-11-18;5;259
12;2025-11-18;6;1466
12;2025-11-18;7;2844
12;2025-11-18;8;3741
12;2025-11-18;9;2535
12;2025-11-18;10;2043
12;2025-11-18;11;2028
12;2025-11-18;12;2056
12;2025-11-18;13;2071
12;2025-11-18;14;1972
12;2025-11-18;15;2219
12;2025-11-18;16;2671
12;2025-11-18;17;3091
12;2025-11-18;18;3284
12;2025-11-18;19;2512
12;2025-11-18;20;1534
12;2025-11-18;21;947
12;2025-11-18;22;475
12;2025-11-18;23;244
12;2025-11-19;0;60
12;2025-11-19;1;0
12;2025-11-19;2;0
12;2025-11-19;3;0
12;2025-11-19;4;0
12;2025-11-19;5;247
12;2025-11-19;6;1486
12;2025-11-19;7;2730
12;2025-11-19;8;3666
12;2025-11-19;9;2573
12;2025-11-19;10;2120
12;2025-11-19;11;1951
12;2025-11-19;12;2050
12;2025-11-19;13;2007
12;2025-11-19;14;1985
12;2025-11-19;15;2201
12;2025-11-19;16;2685
12;2025-11-19;17;3006
12;2025-11-19;18;3199
12;2025-11-19;19;2560
12;2025-11-19;20;1507
12;2025-11-19;21;1020
12;2025-11-19;22;520
12;2025-11-19;23;269
12;2025-11-20;0;51
12;2025-11-20;1;0
12;2025-11-20;2;0
12;2025-11-20;3;0
12;2025-11-20;4;0
12;2025-11-20;5;248
12;2025-11-20;6;1433
12;2025-11-20;7;2790
12;2025-11-20;8;3652
12;2025-11-20;9;2458
12;2025-11-20;10;2019
12;2025-11-20;11;2030
12;2025-11-20;12;2029
12;2025-11-20;13;2045
12;2025-11-20;14;2022
12;2025-11-20;15;2267
12;2025-11-20;16;2754
12;2025-11-20;17;3113
12;2025-11-20;18;3208
12;2025-11-20;19;2543
12;2025-11-20;20;1612
12;2025-11-20;21;955
12;2025-11-20;22;492
12;2025-11-20;23;265
12;2025-11-21;0;54
12;2025-11-21;1;0
12;2025-11-21;2;0
12;2025-11-21;3;0
12;2025-11-21;4;0
12;2025-11-21;5;251
12;2025-11-21;6;1449
12;2025-11-21;7;2799
12;2025-11-21;8;3468
12;2025-11-21;9;2467
12;2025-11-21;10;1932
12;2025-11-21;11;1936
12;2025-11-21;12;2022
12;2025-11-21;13;2118
12;2025-11-21;14;2068
12;2025-11-21;15;2393
12;2025-11-21;16;2982
12;2025-11-21;17;3046
12;2025-11-21;18;2642
12;2025-11-21;19;2274
12;2025-11-21;20;1445
12;2025-11-21;21;1016
12;2025-11-21;22;520
12;2025-11-21;23;312
12;2025-11-22;0;77
12;2025-11-22;1;0
12;2025-11-22;2;0
12;2025-11-22;3;0
12;2025-11-22;4;0
12;2025-11-22;5;192
12;2025-11-22;6;884
12;2025-11-22;7;916
12;2025-11-22;8;1035
12;2025-11-22;9;1220
12;2025-11-22;10;1420
12;2025-11-22;11;1470
12;2025-11-22;12;1458
12;2025-11-22;13;1681
12;2025-11-22;14;1588
12;2025-11-22;15;1501
12;2025-11-22;16;1601
12;2025-11-22;17;1545
12;2025-11-22;18;1462
12;2025-11-22;19;1403
12;2025-11-22;20;972
12;2025-11-22;21;764
12;2025-11-22;22;407
12;2025-11-22;23;290
12;2025-11-23;0;84
12;2025-11-23;1;0
12;2025-11-23;2;0
12;2025-11-23;3;0
12;2025-11-23;4;0
12;2025-11-23;5;134
12;2025-11-23;6;561
12;2025-11-23;7;693
12;2025-11-23;8;753
12;2025-11-23;9;949
12;2025-11-23;10;1171
12;2025-11-23;11;1298
12;2025-11-23;12;1364
12;2025-11-23;13;1584
12;2025-11-23;14;1516
12;2025-11-23;15;1422
12;2025-11-23;16;1533
12;2025-11-23;17;1536
12;2025-11-23;18;1382
12;2025-11-23;19;1089
12;2025-11-23;20;830
12;2025-11-23;21;622
12;2025-11-23;22;414
12;2025-11-23;23;220
12;2025-11-24;0;63
12;2025-11-24;1;0
12;2025-11-24;2;0
12;2025-11-24;3;0
12;2025-11-24;4;0
12;2025-11-24;5;248
12;2025-11-24;6;1420
12;2025-11-24;7;2686
12;2025-11-24;8;3623
12;2025-11-24;9;2465
12;2025-11-24;10;1914
12;2025-11-24;11;1862
12;2025-11-24;12;2009
12;2025-11-24;13;1906
12;2025-11-24;14;1892
12;2025-11-24;15;2211
12;2025-11-24;16;2659
12;2025-11-24;17;2996
12;2025-11-24;18;3208
12;2025-11-24;19;2510
12;2025-11-24;20;1611
12;2025-11-24;21;953
12;2025-11-24;22;464
12;2025-11-24;23;233
12;2025-11-25;0;48
12;2025-11-25;1;0
12;2025-11-25;2;0
12;2025-11-25;3;0
12;2025-11-25;4;0
12;2025-11-25;5;259
12;2025-11-25;6;1466
12;2025-11-25;7;2844
12;2025-11-25;8;3741
12;2025-11-25;9;2535
12;2025-11-25;10;2043
12;2025-11-25;11;2028
12;2025-11-25;12;2056
12;2025-11-25;13;2071
12;2025-11-25;14;1972
12;2025-11-25;15;2219
12;2025-11-25;16;2671
12;2025-11-25;17;3091
12;2025-11-25;18;3284
12;2025-11-25;19;2512
12;2025-11-25;20;1534
12;2025-11-25;21;947
12;2025-11-25;22;475
12;2025-11-25;23;244
12;2025-11-26;0;60
12;2025-11-26;1;0
12;2025-11-26;2;0
12;2025-11-26;3;0
12;2025-11-26;4;0
12;2025-11-26;5;247
12;2025-11-26;6;1486
12;2025-11-26;7;2730
12;2025-11-26;8;3666
12;2025-11-26;9;2573
12;2025-11-26;10;2120
12;2025-11-26;11;1951
12;2025-11-26;12;2050
12;2025-11-26;13;2007
12;2025-11-26;14;1985
12;2025-11-26;15;2201
12;2025-11-26;16;2685
12;2025-11-26;17;3006
12;2025-11-26;18;3199
12;2025-11-26;19;2560
12;2025-11-26;20;1507
12;2025-11-26;21;1020
12;2025-11-26;22;520
12;2025-11-26;23;269
12;2025-11-27;0;51
12;2025-11-27;1;0
12;2025-11-27;2;0
12;2025-11-27;3;0
12;2025-11-27;4;0
12;2025-11-27;5;248
12;2025-11-27;6;1433
12;2025-11-27;7;2790
12;2025-11-27;8;3652
12;2025-11-27;9;2458
12;2025-11-27;10;2019
12;2025-11-27;11;2030
12;2025-11-27;12;2029
12;2025-11-27;13;2045
12;2025-11-27;14;2022
12;2025-11-27;15;2267
12;2025-11-27;16;2754
12;2025-11-27;17;3113
12;2025-11-27;18;3208
12;2025-11-27;19;2543
12;2025-11-27;20;1612
12;2025-11-27;21;955
12;2025-11-27;22;492
12;2025-11-27;23;265
12;2025-11-28;0;54
12;2025-11-28;1;0
12;2025-11-28;2;0
12;2025-11-28;3;0
12;2025-11-28;4;0
12;2025-11-28;5;251
12;2025-11-28;6;1449
12;2025-11-28;7;2799
12;2025-11-28;8;3468
12;2025-11-28;9;2467
12;2025-11-28;10;1932
12;2025-11-28;11;1936
12;2025-11-28;12;2022
12;2025-11-28;13;2118
12;2025-11-28;14;2068
12;2025-11-28;15;2393
12;2025-11-28;16;2982
12;2025-11-28;17;3046
12;2025-11-28;18;2642
12;2025-11-28;19;2274
12;2025-11-28;20;1445
12;2025-11-28;21;1016
12;2025-11-28;22;520
12;2025-11-28;23;312
12;2025-11-29;0;77
12;2025-11-29;1;0
12;2025-11-29;2;0
12;2025-11-29;3;0
12;2025-11-29;4;0
12;2025-11-29;5;192
12;2025-11-29;6;884
12;2025-11-29;7;916
12;2025-11-29;8;1035
12;2025-11-29;9;1220
12;2025-11-29;10;1420
12;2025-11-29;11;1470
12;2025-11-29;12;1458
12;2025-11-29;13;1681
12;2025-11-29;14;1588
12;2025-11-29;15;1501
12;2025-11-29;16;1601
12;2025-11-29;17;1545
12;2025-11-29;18;1462
12;2025-11-29;19;1403
12;2025-11-29;20;972
12;2025-11-29;21;764
12;2025-11-29;22;407
12;2025-11-29;23;290
12;2025-11-30;0;84
12;2025-11-30;1;0
12;2025-11-30;2;0
12;2025-11-30;3;0
12;2025-11-30;4;0
12;2025-11-30;5;134
12;2025-11-30;6;561
12;2025-11-30;7;693
12;2025-11-30;8;753
12;2025-11-30;9;949
12;2025-11-30;10;1171
12;2025-11-30;11;1298
12;2025-11-30;12;1364
12;2025-11-30;13;1584
12;2025-11-30;14;1516
12;2025-11-30;15;1422
12;2025-11-30;16;1533
12;2025-11-30;17;1536
12;2025-11-30;18;1382
12;2025-11-30;19;1089
12;2025-11-30;20;830
12;2025-11-30;21;622
12;2025-11-30;22;414
12;2025-11-30;23;220
12;2025-12-01;0;63
12;2025-12-01;1;0
12;2025-12-01;2;0
12;2025-12-01;3;0
12;2025-12-01;4;0
12;2025-12-01;5;248
12;2025-12-01;6;1420
12;2025-12-01;7;2686
12;2025-12-01;8;3623
12;2025-12-01;9;2465
12;2025-12-01;10;1914
12;2025-12-01;11;1862
12;2025-12-01;12;2009
12;2025-12-01;13;1906
12;2025-12-01;14;1892
12;2025-12-01;15;2211
12;2025-12-01;16;2659
12;2025-12-01;17;2996
12;2025-12-01;18;3208
12;2025-12-01;19;2510
12;2025-12-01;20;1611
12;2025-12-01;21;953
12;2025-12-01;22;464
12;2025-12-01;23;233
12;2025-12-02;0;48
12;2025-12-02;1;0
12;2025-12-02;2;0
12;2025-12-02;3;0
12;2025-12-02;4;0
12;2025-12-02;5;259
12;2025-12-02;6;1466
12;2025-12-02;7;2844
12;2025-12-02;8;3741
12;2025-12-02;9;2535
12;2025-12-02;10;2043
12;2025-12-02;11;2028
12;2025-12-02;12;2056
12;2025-12-02;13;2071
12;2025-12-02;14;1972
12;2025-12-02;15;2219
12;2025-12-02;16;2671
12;2025-12-02;17;3091
12;2025-12-02;18;3284
12;2025-12-02;19;2512
12;2025-12-02;20;1534
12;2025-12-02;21;947
12;2025-12-02;22;475
12;2025-12-02;23;244
12;2025-12-03;0;60
12;2025-12-03;1;0
12;2025-12-03;2;0
12;2025-12-03;3;0
12;2025-12-03;4;0
12;2025-12-03;5;247
12;2025-12-03;6;1486
12;2025-12-03;7;2730
12;2025-12-03;8;3666
12;2025-12-03;9;2573
12;2025-12-03;10;2120
12;2025-12-03;11;1951
12;2025-12-03;12;2050
12;2025-12-03;13;2007
12;2025-12-03;14;1985
12;2025-12-03;15;2201
12;2025-12-03;16;2685
12;2025-12-03;17;3006
12;2025-12-03;18;3199
12;2025-12-03;19;2560
12;2025-12-03;20;1507
12;2025-12-03;21;1020
12;2025-12-03;22;520
12;2025-12-03;23;269
12;2025-12-04;0;51
12;2025-12-04;1;0
12;2025-12-04;2;0
12;2025-12-04;3;0
12;2025-12-04;4;0
12;2025-12-04;5;248
12;2025-12-04;6;1433
12;2025-12-04;7;2790
12;2025-12-04;8;3652
12;2025-12-04;9;2458
12;2025-12-04;10;2019
12;2025-12-04;11;2030
12;2025-12-04;12;2029
12;2025-12-04;13;2045
12;2025-12-04;14;2022
12;2025-12-04;15;2267
12;2025-12-04;16;2754
12;2025-12-04;17;3113
12;2025-12-04;18;3208
12;2025-12-04;19;2543
12;2025-12-04;20;1612
12;2025-12-04;21;955
12;2025-12-04;22;492
12;2025-12-04;23;265
12;2025-12-05;0;54
12;2025-12-05;1;0
12;2025-12-05;2;0
12;2025-12-05;3;0
12;2025-12-05;4;0
12;2025-12-05;5;251
12;2025-12-05;6;1449
12;2025-12-05;7;2799
12;2025-12-05;8;3468
12;2025-12-05;9;2467
12;2025-12-05;10;1932
12;2025-12-05;11;1936
12;2025-12-05;12;2022
12;2025-12-05;13;2118
12;2025-12-05;14;2068
12;2025-12-05;15;2393
12;2025-12-05;16;2982
12;2025-12-05;17;3046
12;2025-12-05;18;2642
12;2025-12-05;19;2274
12;2025-12-05;20;1445
12;2025-12-05;21;1016
12;2025-12-05;22;520
12;2025-12-05;23;312
12;2025-12-06;0;77
12;2025-12-06;1;0
12;2025-12-06;2;0
12;2025-12-06;3;0
12;2025-12-06;4;0
12;2025-12-06;5;192
12;2025-12-06;6;884
12;2025-12-06;7;916
12;2025-12-06;8;1035
12;2025-12-06;9;1220
12;2025-12-06;10;1420
12;2025-12-06;11;1470
12;2025-12-06;12;1458
12;2025-12-06;13;1681
12;2025-12-06;14;1588
12;2025-12-06;15;1501
12;2025-12-06;16;1601
12;2025-12-06;17;1545
12;2025-12-06;18;1462
12;2025-12-06;19;1403
12;2025-12-06;20;972
12;2025-12-06;21;764
12;2025-12-06;22;407
12;2025-12-06;23;290
12;2025-12-07;0;84
12;2025-12-07;1;0
12;2025-12-07;2;0
12;2025-12-07;3;0
12;2025-12-07;4;0
12;2025-12-07;5;134
12;2025-12-07;6;561
12;2025-12-07;7;693
12;2025-12-07;8;753
12;2025-12-07;9;949
12;2025-12-07;10;1171
12;2025-12-07;11;1298
12;2025-12-07;12;1364
12;2025-12-07;13;1584
12;2025-12-07;14;1516
12;2025-12-07;15;1422
12;2025-12-07;16;1533
12;2025-12-07;17;1536
12;2025-12-07;18;1382
12;2025-12-07;19;1089
12;2025-12-07;20;830
12;2025-12-07;21;622
12;2025-12-07;22;414
12;2025-12-07;23;220
12;2025-12-08;0;63
12;2025-12-08;1;0
12;2025-12-08;2;0
12;2025-12-08;3;0
12;2025-12-08;4;0
12;2025-12-08;5;248
12;2025-12-08;6;1420
12;2025-12-08;7;2686
12;2025-12-08;8;3623
12;2025-12-08;9;2465
12;2025-12-08;10;1914
12;2025-12-08;11;1862
12;2025-12-08;12;2009
12;2025-12-08;13;1906
12;2025-12-08;14;1892
12;2025-12-08;15;2211
12;2025-12-08;16;2659
12;2025-12-08;17;2996
12;2025-12-08;18;3208
12;2025-12-08;19;2510
12;2025-12-08;20;1611
12;2025-12-08;21;953
12;2025-12-08;22;464
12;2025-12-08;23;233
12;2025-12-09;0;48
12;2025-12-09;1;0
12;2025-12-09;2;0
12;2025-12-09;3;0
12;2025-12-09;4;0
12;2025-12-09;5;259
12;2025-12-09;6;1466
12;2025-12-09;7;2844
12;2025-12-09;8;3741
12;2025-12-09;9;2535
12;2025-12-09;10;2043
12;2025-12-09;11;2028
12;2025-12-09;12;2056
12;2025-12-09;13;2071
12;2025-12-09;14;1972
12;2025-12-09;15;2219
12;2025-12-09;16;2671
12;2025-12-09;17;3091
12;2025-12-09;18;3284
12;2025-12-09;19;2512
12;2025-12-09;20;1534
12;2025-12-09;21;947
12;2025-12-09;22;475
12;2025-12-09;23;244
12;2025-12-10;0;60
12;2025-12-10;1;0
12;2025-12-10;2;0
12;2025-12-10;3;0
12;2025-12-10;4;0
12;2025-12-10;5;247
12;2025-12-10;6;1486
12;2025-12-10;7;2730
12;2025-12-10;8;3666
12;2025-12-10;9;2573
12;2025-12-10;10;2120
12;2025-12-10;11;1951
12;2025-12-10;12;2050
12;2025-12-10;13;2007
12;2025-12-10;14;1985
12;2025-12-10;15;2201
12;2025-12-10;16;2685
12;2025-12-10;17;3006
12;2025-12-10;18;3199
12;2025-12-10;19;2560
12;2025-12-10;20;1507
12;2025-12-10;21;1020
12;2025-12-10;22;520
12;2025-12-10;23;269
12;2025-12-11;0;51
12;2025-12-11;1;0
12;2025-12-11;2;0
12;2025-12-11;3;0
12;2025-12-11;4;0
12;2025-12-11;5;248
12;2025-12-11;6;1433
12;2025-12-11;7;2790
12;2025-12-11;8;3652
12;2025-12-11;9;2458
12;2025-12-11;10;2019
12;2025-12-11;11;2030
12;2025-12-11;12;2029
12;2025-12-11;13;2045
12;2025-12-11;14;2022
12;2025-12-11;15;2267
12;2025-12-11;16;2754
12;2025-12-11;17;3113
12;2025-12-11;18;3208
12;2025-12-11;19;2543
12;2025-12-11;20;1612
12;2025-12-11;21;955
12;2025-12-11;22;492
12;2025-12-11;23;265
12;2025-12-12;0;54
12;2025-12-12;1;0
12;2025-12-12;2;0
12;2025-12-12;3;0
12;2025-12-12;4;0
12;2025-12-12;5;251
12;2025-12-12;6;1449
12;2025-12-12;7;2799
12;2025-12-12;8;3468
12;2025-12-12;9;2467
12;2025-12-12;10;1932
12;2025-12-12;11;1936
12;2025-12-12;12;2022
12;2025-12-12;13;2118
12;2025-12-12;14;2068
12;2025-12-12;15;2393
12;2025-12-12;16;2982
12;2025-12-12;17;3046
12;2025-12-12;18;2642
12;2025-12-12;19;2274
12;2025-12-12;20;1445
12;2025-12-12;21;1016
12;2025-12-12;22;520
12;2025-12-12;23;312
12;2025-12-13;0;77
12;2025-12-13;1;0
12;2025-12-13;2;0
12;2025-12-13;3;0
12;2025-12-13;4;0
12;2025-12-13;5;192
12;2025-12-13;6;884
12;2025-12-13;7;916
12;2025-12-13;8;1035
12;2025-12-13;9;1220
12;2025-12-13;10;1420
12;2025-12-13;11;1470
12;2025-12-13;12;1458
12;2025-12-13;13;1681
12;2025-12-13;14;1588
12;2025-12-13;15;1501
12;2025-12-13;16;1601
12;2025-12-13;17;1545
12;2025-12-13;18;1462
12;2025-12-13;19;1403
12;2025-12-13;20;972
12;2025-12-13;21;764
12;2025-12-13;22;407
12;2025-12-13;23;290
12;2025-12-14;0;84
12;2025-12-14;1;0
12;2025-12-14;2;0
12;2025-12-14;3;0
12;2025-12-14;4;0
12;2025-12-14;5;134
12;2025-12-14;6;561
12;2025-12-14;7;693
12;2025-12-14;8;753
12;2025-12-14;9;949
12;2025-12-14;10;1171
12;2025-12-14;11;1298
12;2025-12-14;12;1364
12;2025-12-14;13;1584
12;2025-12-14;14;1516
12;2025-12-14;15;1422
12;2025-12-14;16;1533
12;2025-12-14;17;1536
12;2025-12-14;18;1382
12;2025-12-14;19;1089
12;2025-12-14;20;830
12;2025-12-14;21;622
12;2025-12-14;22;414
12;2025-12-14;23;220
12;2025-12-15;0;63
12;2025-12-15;1;0
12;2025-12-15;2;0
12;2025-12-15;3;0
12;2025-12-15;4;0
12;2025-12-15;5;248
12;2025-12-15;6;1420
12;2025-12-15;7;2686
12;2025-12-15;8;3623
12;2025-12-15;9;2465
12;2025-12-15;10;1914
12;2025-12-15;11;1862
12;2025-12-15;12;2009
12;2025-12-15;13;1906
12;2025-12-15;14;1892
12;2025-12-15;15;2211
12;2025-12-15;16;2659
12;2025-12-15;17;2996
12;2025-12-15;18;3208
12;2025-12-15;19;2510
12;2025-12-15;20;1611
12;2025-12-15;21;953
12;2025-12-15;22;464
12;2025-12-15;23;233
12;2025-12-16;0;48
12;2025-12-16;1;0
12;2025-12-16;2;0
12;2025-12-16;3;0
12;2025-12-16;4;0
12;2025-12-16;5;259
12;2025-12-16;6;1466
12;2025-12-16;7;2844
12;2025-12-16;8;3741
12;2025-12-16;9;2535
12;2025-12-16;10;2043
12;2025-12-16;11;2028
12;2025-12-16;12;2056
12;2025-12-16;13;2071
12;2025-12-16;14;1972
12;2025-12-16;15;2219
12;2025-12-16;16;2671
12;2025-12-16;17;3091
12;2025-12-16;18;3284
12;2025-12-16;19;2512
12;2025-12-16;20;1534
12;2025-12-16;21;947
12;2025-12-16;22;475
12;2025-12-16;23;244
12;2025-12-17;0;60
12;2025-12-17;1;0
12;2025-12-17;2;0
12;2025-12-17;3;0
12;2025-12-17;4;0
12;2025-12-17;5;247
12;2025-12-17;6;1486
12;2025-12-17;7;2730
12;2025-12-17;8;3666
12;2025-12-17;9;2573
12;2025-12-17;10;2120
12;2025-12-17;11;1951
12;2025-12-17;12;2050
12;2025-12-17;13;2007
12;2025-12-17;14;1985
12;2025-12-17;15;2201
12;2025-12-17;16;2685
12;2025-12-17;17;3006
12;2025-12-17;18;3199
12;2025-12-17;19;2560
12;2025-12-17;20;1507
12;2025-12-17;21;1020
12;2025-12-17;22;520
12;2025-12-17;23;269
12;2025-12-18;0;51
12;2025-12-18;1;0
12;2025-12-18;2;0
12;2025-12-18;3;0
12;2025-12-18;4;0
12;2025-12-18;5;248
12;2025-12-18;6;1433
12;2025-12-18;7;2790
12;2025-12-18;8;3652
12;2025-12-18;9;2458
12;2025-12-18;10;2019
12;2025-12-18;11;2030
12;2025-12-18;12;2029
12;2025-12-18;13;2045
12;2025-12-18;14;2022
12;2025-12-18;15;2267
12;2025-12-18;16;2754
12;2025-12-18;17;3113
12;2025-12-18;18;3208
12;2025-12-18;19;2543
12;2025-12-18;20;1612
12;2025-12-18;21;955
12;2025-12-18;22;492
12;2025-12-18;23;265
12;2025-12-19;0;54
12;2025-12-19;1;0
12;2025-12-19;2;0
12;2025-12-19;3;0
12;2025-12-19;4;0
12;2025-12-19;5;251
12;2025-12-19;6;1449
12;2025-12-19;7;2799
12;2025-12-19;8;3468
12;2025-12-19;9;2467
12;2025-12-19;10;1932
12;2025-12-19;11;1936
12;2025-12-19;12;2022
12;2025-12-19;13;2118
12;2025-12-19;14;2068
12;2025-12-19;15;2393
12;2025-12-19;16;2982
12;2025-12-19;17;3046
12;2025-12-19;18;2642
12;2025-12-19;19;2274
12;2025-12-19;20;1445
12;2025-12-19;21;1016
12;2025-12-19;22;520
12;2025-12-19;23;312
12;2025-12-20;0;77
12;2025-12-20;1;0
12;2025-12-20;2;0
12;2025-12-20;3;0
12;2025-12-20;4;0
12;2025-12-20;5;192
12;2025-12-20;6;884
12;2025-12-20;7;916
12;2025-12-20;8;1035
12;2025-12-20;9;1220
12;2025-12-20;10;1420
12;2025-12-20;11;1470
12;2025-12-20;12;1458
12;2025-12-20;13;1681
12;2025-12-20;14;1588
12;2025-12-20;15;1501
12;2025-12-20;16;1601
12;2025-12-20;17;1545
12;2025-12-20;18;1462
12;2025-12-20;19;1403
12;2025-12-20;20;972
12;2025-12-20;21;764
12;2025-12-20;22;407
12;2025-12-20;23;290
12;2025-12-21;0;84
12;2025-12-21;1;0
12;2025-12-21;2;0
12;2025-12-21;3;0
12;2025-12-21;4;0
12;2025-12-21;5;134
12;2025-12-21;6;561
12;2025-12-21;7;693
12;2025-12-21;8;753
12;2025-12-21;9;949
12;2025-12-21;10;1171
12;2025-12-21;11;1298
12;2025-12-21;12;1364
12;2025-12-21;13;1584
12;2025-12-21;14;1516
12;2025-12-21;15;1422
12;2025-12-21;16;1533
12;2025-12-21;17;1536
12;2025-12-21;18;1382
12;2025-12-21;19;1089
12;2025-12-21;20;830
12;2025-12-21;21;622
12;2025-12-21;22;414
12;2025-12-21;23;220
12;2025-12-22;0;63
12;2025-12-22;1;0
12;2025-12-22;2;0
12;2025-12-22;3;0
12;2025-12-22;4;0
12;2025-12-22;5;248
12;2025-12-22;6;1420
12;2025-12-22;7;2686
12;2025-12-22;8;3623
12;2025-12-22;9;2465
12;2025-12-22;10;1914
12;2025-12-22;11;1862
12;2025-12-22;12;2009
12;2025-12-22;13;1906
12;2025-12-22;14;1892
12;2025-12-22;15;2211
12;2025-12-22;16;2659
12;2025-12-22;17;2996
12;2025-12-22;18;3208
12;2025-12-22;19;2510
12;2025-12-22;20;1611
12;2025-12-22;21;953
12;2025-12-22;22;464
12;2025-12-22;23;233
12;2025-12-23;0;48
12;2025-12-23;1;0
12;2025-12-23;2;0
12;2025-12-23;3;0
12;2025-12-23;4;0
12;2025-12-23;5;259
12;2025-12-23;6;1466
12;2025-12-23;7;2844
12;2025-12-23;8;3741
12;2025-12-23;9;2535
12;2025-12-23;10;2043
12;2025-12-23;11;2028
12;2025-12-23;12;2056
12;2025-12-23;13;2071
12;2025-12-23;14;1972
12;2025-12-23;15;2219
12;2025-12-23;16;2671
12;2025-12-23;17;3091
12;2025-12-23;18;3284
12;2025-12-23;19;2512
12;2025-12-23;20;1534
12;2025-12-23;21;947
12;2025-12-23;22;475
12;2025-12-23;23;244
12;2025-12-24;0;60
12;2025-12-24;1;0
12;2025-12-24;2;0
12;2025-12-24;3;0
12;2025-12-24;4;0
12;2025-12-24;5;247
12;2025-12-24;6;1486
12;2025-12-24;7;2730
12;2025-12-24;8;3666
12;2025-12-24;9;2573
12;2025-12-24;10;2120
12;2025-12-24;11;1951
12;2025-12-24;12;2050
12;2025-12-24;13;2007
12;2025-12-24;14;1985
12;2025-12-24;15;2201
12;2025-12-24;16;2685
12;2025-12-24;17;3006
12;2025-12-24;18;3199
12;2025-12-24;19;2560
12;2025-12-24;20;1507
12;2025-12-24;21;1020
12;2025-12-24;22;520
12;2025-12-24;23;269
12;2025-12-25;0;51
12;2025-12-25;1;0
12;2025-12-25;2;0
12;2025-12-25;3;0
12;2025-12-25;4;0
12;2025-12-25;5;248
12;2025-12-25;6;1433
12;2025-12-25;7;2790
12;2025-12-25;8;3652
12;2025-12-25;9;2458
12;2025-12-25;10;2019
12;2025-12-25;11;2030
12;2025-12-25;12;2029
12;2025-12-25;13;2045
12;2025-12-25;14;2022
12;2025-12-25;15;2267
12;2025-12-25;16;2754
12;2025-12-25;17;3113
12;2025-12-25;18;3208
12;2025-12-25;19;2543
12;2025-12-25;20;1612
12;2025-12-25;21;955
12;2025-12-25;22;492
12;2025-12-25;23;265
12;2025-12-26;0;54
12;2025-12-26;1;0
12;2025-12-26;2;0
12;2025-12-26;3;0
12;2025-12-26;4;0
12;2025-12-26;5;251
12;2025-12-26;6;1449
12;2025-12-26;7;2799
12;2025-12-26;8;3468
12;2025-12-26;9;2467
12;2025-12-26;10;1932
12;2025-12-26;11;1936
12;2025-12-26;12;2022
12;2025-12-26;13;2118
12;2025-12-26;14;2068
12;2025-12-26;15;2393
12;2025-12-26;16;2982
12;2025-12-26;17;3046
12;2025-12-26;18;2642
12;2025-12-26;19;2274
12;2025-12-26;20;1445
12;2025-12-26;21;1016
12;2025-12-26;22;520
12;2025-12-26;23;312
12;2025-12-27;0;77
12;2025-12-27;1;0
12;2025-12-27;2;0
12;2025-12-27;3;0
12;2025-12-27;4;0
12;2025-12-27;5;192
12;2025-12-27;6;884
12;2025-12-27;7;916
12;2025-12-27;8;1035
12;2025-12-27;9;1220
12;2025-12-27;10;1420
12;2025-12-27;11;1470
12;2025-12-27;12;1458
12;2025-12-27;13;1681
12;2025-12-27;14;1588
12;2025-12-27;15;1501
12;2025-12-27;16;1601
12;2025-12-27;17;1545
12;2025-12-27;18;1462
12;2025-12-27;19;1403
12;2025-12-27;20;972
12;2025-12-27;21;764
12;2025-12-27;22;407
12;2025-12-27;23;290
12;2025-12-28;0;84
12;2025-12-28;1;0
12;2025-12-28;2;0
12;2025-12-28;3;0
12;2025-12-28;4;0
12;2025-12-28;5;134
12;2025-12-28;6;561
12;2025-12-28;7;693
12;2025-12-28;8;753
12;2025-12-28;9;949
12;2025-12-28;10;1171
12;2025-12-28;11;1298
12;2025-12-28;12;1364
12;2025-12-28;13;1584
12;2025-12-28;14;1516
12;2025-12-28;15;1422
12;2025-12-28;16;1533
12;2025-12-28;17;1536
12;2025-12-28;18;1382
12;2025-12-28;19;1089
12;2025-12-28;20;830
12;2025-12-28;21;622
12;2025-12-28;22;414
12;2025-12-28;23;220
12;2025-12-29;0;63
12;2025-12-29;1;0
12;2025-12-29;2;0
12;2025-12-29;3;0
12;2025-12-29;4;0
12;2025-12-29;5;248
12;2025-12-29;6;1420
12;2025-12-29;7;2686
12;2025-12-29;8;3623
12;2025-12-29;9;2465
12;2025-12-29;10;1914
12;2025-12-29;11;1862
12;2025-12-29;12;2009
12;2025-12-29;13;1906
12;2025-12-29;14;1892
12;2025-12-29;15;2211
12;2025-12-29;16;2659
12;2025-12-29;17;2996
12;2025-12-29;18;3208
12;2025-12-29;19;2510
12;2025-12-29;20;1611
12;2025-12-29;21;953
12;2025-12-29;22;464
12;2025-12-29;23;233
12;2025-12-30;0;48
12;2025-12-30;1;0
12;2025-12-30;2;0
12;2025-12-30;3;0
12;2025-12-30;4;0
12;2025-12-30;5;259
12;2025-12-30;6;1466
12;2025-12-30;7;2844
12;2025-12-30;8;3741
12;2025-12-30;9;2535
12;2025-12-30;10;2043
12;2025-12-30;11;2028
12;2025-12-30;12;2056
12;2025-12-30;13;2071
12;2025-12-30;14;1972
12;2025-12-30;15;2219
12;2025-12-30;16;2671
12;2025-12-30;17;3091
12;2025-12-30;18;3284
12;2025-12-30;19;2512
12;2025-12-30;20;1534
12;2025-12-30;21;947
12;2025-12-30;22;475
12;2025-12-30;23;244
12;2025-12-31;0;83
12;2025-12-31;1;0
12;2025-12-31;2;0
12;2025-12-31;3;0
12;2025-12-31;4;0
12;2025-12-31;5;131
12;2025-12-31;6;550
12;2025-12-31;7;679
12;2025-12-31;8;738
12;2025-12-31;9;931
12;2025-12-31;10;1148
12;2025-12-31;11;1272
12;2025-12-31;12;1337
12;2025-12-31;13;1553
12;2025-12-31;14;1486
12;2025-12-31;15;1394
12;2025-12-31;16;1503
12;2025-12-31;17;1506
12;2025-12-31;18;1354
12;2025-12-31;19;1067
12;2025-12-31;20;814
12;2025-12-31;21;610
12;2025-12-31;22;406
12;2025-12-31;23;216
17;2025-11-01;0;132
17;2025-11-01;1;0
17;2025-11-01;2;0
17;2025-11-01;3;0
17;2025-11-01;4;0
17;2025-11-01;5;208
17;2025-11-01;6;1401
17;2025-11-01;7;3763
17;2025-11-01;8;4773
17;2025-11-01;9;3367
17;2025-11-01;10;2686
17;2025-11-01;11;2744
17;2025-11-01;12;2750
17;2025-11-01;13;2841
17;2025-11-01;14;2908
17;2025-11-01;15;3205
17;2025-11-01;16;3771
17;2025-11-01;17;4224
17;2025-11-01;18;4001
17;2025-11-01;19;2986
17;2025-11-01;20;2134
17;2025-11-01;21;1423
17;2025-11-01;22;818
17;2025-11-01;23;423
17;2025-11-02;0;181
17;2025-11-02;1;0
17;2025-11-02;2;0
17;2025-11-02;3;0
17;2025-11-02;4;0
17;2025-11-02;5;77
17;2025-11-02;6;439
17;2025-11-02;7;834
17;2025-11-02;8;1255
17;2025-11-02;9;1706
17;2025-11-02;10;1970
17;2025-11-02;11;2505
17;2025-11-02;12;2885
17;2025-11-02;13;3144
17;2025-11-02;14;3245
17;2025-11-02;15;3253
17;2025-11-02;16;3216
17;2025-11-02;17;3096
17;2025-11-02;18;2716
17;2025-11-02;19;2203
17;2025-11-02;20;1673
17;2025-11-02;21;1197
17;2025-11-02;22;757
17;2025-11-02;23;331
17;2025-11-03;0;173
17;2025-11-03;1;0
17;2025-11-03;2;0
17;2025-11-03;3;0
17;2025-11-03;4;0
17;2025-11-03;5;73
17;2025-11-03;6;420
17;2025-11-03;7;798
17;2025-11-03;8;1201
17;2025-11-03;9;1632
17;2025-11-03;10;1884
17;2025-11-03;11;2397
17;2025-11-03;12;2760
17;2025-11-03;13;3008
17;2025-11-03;14;3105
17;2025-11-03;15;3112
17;2025-11-03;16;3076
17;2025-11-03;17;2962
17;2025-11-03;18;2598
17;2025-11-03;19;2108
17;2025-11-03;20;1601
17;2025-11-03;21;1145
17;2025-11-03;22;724
17;2025-11-03;23;316
17;2025-11-04;0;178
17;2025-11-04;1;0
17;2025-11-04;2;0
17;2025-11-04;3;0
17;2025-11-04;4;0
17;2025-11-04;5;76
17;2025-11-04;6;432
17;2025-11-04;7;822
17;2025-11-04;8;1237
17;2025-11-04;9;1681
17;2025-11-04;10;1941
17;2025-11-04;11;2469
17;2025-11-04;12;2842
17;2025-11-04;13;3098
17;2025-11-04;14;3197
17;2025-11-04;15;3205
17;2025-11-04;16;3168
17;2025-11-04;17;3051
17;2025-11-04;18;2676
17;2025-11-04;19;2171
17;2025-11-04;20;1648
17;2025-11-04;21;1179
17;2025-11-04;22;746
17;2025-11-04;23;326
17;2025-11-05;0;123
17;2025-11-05;1;0
17;2025-11-05;2;0
17;2025-11-05;3;0
17;2025-11-05;4;0
17;2025-11-05;5;240
17;2025-11-05;6;1548
17;2025-11-05;7;4151
17;2025-11-05;8;5344
17;2025-11-05;9;3782
17;2025-11-05;10;2992
17;2025-11-05;11;2963
17;2025-11-05;12;3020
17;2025-11-05;13;3055
17;2025-11-05;14;3119
17;2025-11-05;15;3302
17;2025-11-05;16;3647
17;2025-11-05;17;4502
17;2025-11-05;18;4894
17;2025-11-05;19;3465
17;2025-11-05;20;2385
17;2025-11-05;21;1492
17;2025-11-05;22;798
17;2025-11-05;23;387
17;2025-11-06;0;141
17;2025-11-06;1;0
17;2025-11-06;2;0
17;2025-11-06;3;0
17;2025-11-06;4;0
17;2025-11-06;5;236
17;2025-11-06;6;1552
17;2025-11-06;7;4178
17;2025-11-06;8;5362
17;2025-11-06;9;3790
17;2025-11-06;10;3002
17;2025-11-06;11;2939
17;2025-11-06;12;3048
17;2025-11-06;13;3096
17;2025-11-06;14;3112
17;2025-11-06;15;3264
17;2025-11-06;16;3693
17;2025-11-06;17;4510
17;2025-11-06;18;4959
17;2025-11-06;19;3443
17;2025-11-06;20;2388
17;2025-11-06;21;1508
17;2025-11-06;22;804
17;2025-11-06;23;398
17;2025-11-07;0;141
17;2025-11-07;1;0
17;2025-11-07;2;0
17;2025-11-07;3;0
17;2025-11-07;4;0
17;2025-11-07;5;223
17;2025-11-07;6;1504
17;2025-11-07;7;4038
17;2025-11-07;8;5122
17;2025-11-07;9;3614
17;2025-11-07;10;2883
17;2025-11-07;11;2945
17;2025-11-07;12;2951
17;2025-11-07;13;3049
17;2025-11-07;14;3122
17;2025-11-07;15;3440
17;2025-11-07;16;4047
17;2025-11-07;17;4533
17;2025-11-07;18;4294
17;2025-11-07;19;3204
17;2025-11-07;20;2291
17;2025-11-07;21;1528
17;2025-11-07;22;878
17;2025-11-07;23;454
17;2025-11-08;0;191
17;2025-11-08;1;0
17;2025-11-08;2;0
17;2025-11-08;3;0
17;2025-11-08;4;0
17;2025-11-08;5;92
17;2025-11-08;6;555
17;2025-11-08;7;1178
17;2025-11-08;8;1669
17;2025-11-08;9;2106
17;2025-11-08;10;2338
17;2025-11-08;11;2772
17;2025-11-08;12;3062
17;2025-11-08;13;3242
17;2025-11-08;14;3233
17;2025-11-08;15;3283
17;2025-11-08;16;3287
17;2025-11-08;17;3094
17;2025-11-08;18;2834
17;2025-11-08;19;2318
17;2025-11-08;20;1783
17;2025-11-08;21;1292
17;2025-11-08;22;830
17;2025-11-08;23;425
17;2025-11-09;0;181
17;2025-11-09;1;0
17;2025-11-09;2;0
17;2025-11-09;3;0
17;2025-11-09;4;0
17;2025-11-09;5;77
17;2025-11-09;6;439
17;2025-11-09;7;834
17;2025-11-09;8;1255
17;2025-11-09;9;1706
17;2025-11-09;10;1970
17;2025-11-09;11;2505
17;2025-11-09;12;2885
17;2025-11-09;13;3144
17;2025-11-09;14;3245
17;2025-11-09;15;3253
17;2025-11-09;16;3216
17;2025-11-09;17;3096
17;2025-11-09;18;2716
17;2025-11-09;19;2203
17;2025-11-09;20;1673
17;2025-11-09;21;1197
17;2025-11-09;22;757
17;2025-11-09;23;331
17;2025-11-10;0;114
17;2025-11-10;1;0
17;2025-11-10;2;0
17;2025-11-10;3;0
17;2025-11-10;4;0
17;2025-11-10;5;228
17;2025-11-10;6;1538
17;2025-11-10;7;4174
17;2025-11-10;8;5420
17;2025-11-10;9;3778
17;2025-11-10;10;2905
17;2025-11-10;11;2836
17;2025-11-10;12;2879
17;2025-11-10;13;2931
17;2025-11-10;14;2981
17;2025-11-10;15;3188
17;2025-11-10;16;3569
17;2025-11-10;17;4355
17;2025-11-10;18;4795
17;2025-11-10;19;3441
17;2025-11-10;20;2299
17;2025-11-10;21;1381
17;2025-11-10;22;745
17;2025-11-10;23;328
17;2025-11-11;0;109
17;2025-11-11;1;0
17;2025-11-11;2;0
17;2025-11-11;3;0
17;2025-11-11;4;0
17;2025-11-11;5;229
17;2025-11-11;6;1571
17;2025-11-11;7;4273
17;2025-11-11;8;5515
17;2025-11-11;9;3863
17;2025-11-11;10;2989
17;2025-11-11;11;2892
17;2025-11-11;12;2999
17;2025-11-11;13;3007
17;2025-11-11;14;3168
17;2025-11-11;15;3244
17;2025-11-11;16;3591
17;2025-11-11;17;4584
17;2025-11-11;18;4985
17;2025-11-11;19;3507
17;2025-11-11;20;2391
17;2025-11-11;21;1465
17;2025-11-11;22;759
17;2025-11-11;23;358
17;2025-11-12;0;123
17;2025-11-12;1;0
17;2025-11-12;2;0
17;2025-11-12;3;0
17;2025-11-12;4;0
17;2025-11-12;5;240
17;2025-11-12;6;1548
17;2025-11-12;7;4151
17;2025-11-12;8;5344
17;2025-11-12;9;3782
17;2025-11-12;10;2992
17;2025-11-12;11;2963
17;2025-11-12;12;3020
17;2025-11-12;13;3055
17;2025-11-12;14;3119
17;2025-11-12;15;3302
17;2025-11-12;16;3647
17;2025-11-12;17;4502
17;2025-11-12;18;4894
17;2025-11-12;19;3465
17;2025-11-12;20;2385
17;2025-11-12;21;1492
17;2025-11-12;22;798
17;2025-11-12;23;387
17;2025-11-13;0;141
17;2025-11-13;1;0
17;2025-11-13;2;0
17;2025-11-13;3;0
17;2025-11-13;4;0
17;2025-11-13;5;236
17;2025-11-13;6;1552
17;2025-11-13;7;4178
17;2025-11-13;8;5362
17;2025-11-13;9;3790
17;2025-11-13;10;3002
17;2025-11-13;11;2939
17;2025-11-13;12;3048
17;2025-11-13;13;3096
17;2025-11-13;14;3112
17;2025-11-13;15;3264
17;2025-11-13;16;3693
17;2025-11-13;17;4510
17;2025-11-13;18;4959
17;2025-11-13;19;3443
17;2025-11-13;20;2388
17;2025-11-13;21;1508
17;2025-11-13;22;804
17;2025-11-13;23;398
17;2025-11-14;0;141
17;2025-11-14;1;0
17;2025-11-14;2;0
17;2025-11-14;3;0
17;2025-11-14;4;0
17;2025-11-14;5;223
17;2025-11-14;6;1504
17;2025-11-14;7;4038
17;2025-11-14;8;5122
17;2025-11-14;9;3614
17;2025-11-14;10;2883
17;2025-11-14;11;2945
17;2025-11-14;12;2951
17;2025-11-14;13;3049
17;2025-11-14;14;3122
17;2025-11-14;15;3440
17;2025-11-14;16;4047
17;2025-11-14;17;4533
17;2025-11-14;18;4294
17;2025-11-14;19;3204
17;2025-11-14;20;2291
17;2025-11-14;21;1528
17;2025-11-14;22;878
17;2025-11-14;23;454
17;2025-11-15;0;191
17;2025-11-15;1;0
17;2025-11-15;2;0
17;2025-11-15;3;0
17;2025-11-15;4;0
17;2025-11-15;5;92
17;2025-11-15;6;555
17;2025-11-15;7;1178
17;2025-11-15;8;1669
17;2025-11-15;9;2106
17;2025-11-15;10;2338
17;2025-11-15;11;2772
17;2025-11-15;12;3062
17;2025-11-15;13;3242
17;2025-11-15;14;3233
17;2025-11-15;15;3283
17;2025-11-15;16;3287
17;2025-11-15;17;3094
17;2025-11-15;18;2834
17;2025-11-15;19;2318
17;2025-11-15;20;1783
17;2025-11-15;21;1292
17;2025-11-15;22;830
17;2025-11-15;23;425
17;2025-11-16;0;181
17;2025-11-16;1;0
17;2025-11-16;2;0
17;2025-11-16;3;0
17;2025-11-16;4;0
17;2025-11-16;5;77
17;2025-11-16;6;439
17;2025-11-16;7;834
17;2025-11-16;8;1255
17;2025-11-16;9;1706
17;2025-11-16;10;1970
17;2025-11-16;11;2505
17;2025-11-16;12;2885
17;2025-11-16;13;3144
17;2025-11-16;14;3245
17;2025-11-16;15;3253
17;2025-11-16;16;3216
17;2025-11-16;17;3096
17;2025-11-16;18;2716
17;2025-11-16;19;2203
17;2025-11-16;20;1673
17;2025-11-16;21;1197
17;2025-11-16;22;757
17;2025-11-16;23;331
17;2025-11-17;0;114
17;2025-11-17;1;0
17;2025-11-17;2;0
17;2025-11-17;3;0
17;2025-11-17;4;0
17;2025-11-17;5;228
17;2025-11-17;6;1538
17;2025-11-17;7;4174
17;2025-11-17;8;5420
17;2025-11-17;9;3778
17;2025-11-17;10;2905
17;2025-11-17;11;2836
17;2025-11-17;12;2879
17;2025-11-17;13;2931
17;2025-11-17;14;2981
17;2025-11-17;15;3188
17;2025-11-17;16;3569
17;2025-11-17;17;4355
17;2025-11-17;18;4795
17;2025-11-17;19;3441
17;2025-11-17;20;2299
17;2025-11-17;21;1381
17;2025-11-17;22;745
17;2025-11-17;23;328
17;2025-11-18;0;109
17;2025-11-18;1;0
17;2025-11-18;2;0
17;2025-11-18;3;0
17;2025-11-18;4;0
17;2025-11-18;5;229
17;2025-11-18;6;1571
17;2025-11-18;7;4273
17;2025-11-18;8;5515
17;2025-11-18;9;3863
17;2025-11-18;10;2989
17;2025-11-18;11;2892
17;2025-11-18;12;2999
17;2025-11-18;13;3007
17;2025-11-18;14;3168
17;2025-11-18;15;3244
17;2025-11-18;16;3591
17;2025-11-18;17;4584
17;2025-11-18;18;4985
17;2025-11-18;19;3507
17;2025-11-18;20;2391
17;2025-11-18;21;1465
17;2025-11-18;22;759
17;2025-11-18;23;358
17;2025-11-19;0;123
17;2025-11-19;1;0
17;2025-11-19;2;0
17;2025-11-19;3;0
17;2025-11-19;4;0
17;2025-11-19;5;240
17;2025-11-19;6;1548
17;2025-11-19;7;4151
17;2025-11-19;8;5344
17;2025-11-19;9;3782
17;2025-11-19;10;2992
17;2025-11-19;11;2963
17;2025-11-19;12;3020
17;2025-11-19;13;3055
17;2025-11-19;14;3119
17;2025-11-19;15;3302
17;2025-11-19;16;3647
17;2025-11-19;17;4502
17;2025-11-19;18;4894
17;2025-11-19;19;3465
17;2025-11-19;20;2385
17;2025-11-19;21;1492
17;2025-11-19;22;798
17;2025-11-19;23;387
17;2025-11-20;0;141
17;2025-11-20;1;0
17;2025-11-20;2;0
17;2025-11-20;3;0
17;2025-11-20;4;0
17;2025-11-20;5;236
17;2025-11-20;6;1552
17;2025-11-20;7;4178
17;2025-11-20;8;5362
17;2025-11-20;9;3790
17;2025-11-20;10;3002
17;2025-11-20;11;2939
17;2025-11-20;12;3048
17;2025-11-20;13;3096
17;2025-11-20;14;3112
17;2025-11-20;15;3264
17;2025-11-20;16;3693
17;2025-11-20;17;4510
17;2025-11-20;18;4959
17;2025-11-20;19;3443
17;2025-11-20;20;2388
17;2025-11-20;21;1508
17;2025-11-20;22;804
17;2025-11-20;23;398
17;2025-11-21;0;141
17;2025-11-21;1;0
17;2025-11-21;2;0
17;2025-11-21;3;0
17;2025-11-21;4;0
17;2025-11-21;5;223
17;2025-11-21;6;1504
17;2025-11-21;7;4038
17;2025-11-21;8;5122
17;2025-11-21;9;3614
17;2025-11-21;10;2883
17;2025-11-21;11;2945
17;2025-11-21;12;2951
17;2025-11-21;13;3049
17;2025-11-21;14;3122
17;2025-11-21;15;3440
17;2025-11-21;16;4047
17;2025-11-21;17;4533
17;2025-11-21;18;4294
17;2025-11-21;19;3204
17;2025-11-21;20;2291
17;2025-11-21;21;1528
17;2025-11-21;22;878
17;2025-11-21;23;454
17;2025-11-22;0;191
17;2025-11-22;1;0
17;2025-11-22;2;0
17;2025-11-22;3;0
17;2025-11-22;4;0
17;2025-11-22;5;92
17;2025-11-22;6;555
17;2025-11-22;7;1178
17;2025-11-22;8;1669
17;2025-11-22;9;2106
17;2025-11-22;10;2338
17;2025-11-22;11;2772
17;2025-11-22;12;3062
17;2025-11-22;13;3242
17;2025-11-22;14;3233
17;2025-11-22;15;3283
17;2025-11-22;16;3287
17;2025-11-22;17;3094
17;2025-11-22;18;2834
17;2025-11-22;19;2318
17;2025-11-22;20;1783
17;2025-11-22;21;1292
17;2025-11-22;22;830
17;2025-11-22;23;425
17;2025-11-23;0;181
17;2025-11-23;1;0
17;2025-11-23;2;0
17;2025-11-23;3;0
17;2025-11-23;4;0
17;2025-11-23;5;77
17;2025-11-23;6;439
17;2025-11-23;7;834
17;2025-11-23;8;1255
17;2025-11-23;9;1706
17;2025-11-23;10;1970
17;2025-11-23;11;2505
17;2025-11-23;12;2885
17;2025-11-23;13;3144
17;2025-11-23;14;3245
17;2025-11-23;15;3253
17;2025-11-23;16;3216
17;2025-11-23;17;3096
17;2025-11-23;18;2716
17;2025-11-23;19;2203
17;2025-11-23;20;1673
17;2025-11-23;21;1197
17;2025-11-23;22;757
17;2025-11-23;23;331
17;2025-11-24;0;114
17;2025-11-24;1;0
17;2025-11-24;2;0
17;2025-11-24;3;0
17;2025-11-24;4;0
17;2025-11-24;5;228
17;2025-11-24;6;1538
17;2025-11-24;7;4174
17;2025-11-24;8;5420
17;2025-11-24;9;3778
17;2025-11-24;10;2905
17;2025-11-24;11;2836
17;2025-11-24;12;2879
17;2025-11-24;13;2931
17;2025-11-24;14;2981
17;2025-11-24;15;3188
17;2025-11-24;16;3569
17;2025-11-24;17;4355
17;2025-11-24;18;4795
17;2025-11-24;19;3441
17;2025-11-24;20;2299
17;2025-11-24;21;1381
17;2025-11-24;22;745
17;2025-11-24;23;328
17;2025-11-25;0;109
17;2025-11-25;1;0
17;2025-11-25;2;0
17;2025-11-25;3;0
17;2025-11-25;4;0
17;2025-11-25;5;229
17;2025-11-25;6;1571
17;2025-11-25;7;4273
17;2025-11-25;8;5515
17;2025-11-25;9;3863
17;2025-11-25;10;2989
17;2025-11-25;11;2892
17;2025-11-25;12;2999
17;2025-11-25;13;3007
17;2025-11-25;14;3168
17;2025-11-25;15;3244
17;2025-11-25;16;3591
17;2025-11-25;17;4584
17;2025-11-25;18;4985
17;2025-11-25;19;3507
17;2025-11-25;20;2391
17;2025-11-25;21;1465
17;2025-11-25;22;759
17;2025-11-25;23;358
17;2025-11-26;0;123
17;2025-11-26;1;0
17;2025-11-26;2;0
17;2025-11-26;3;0
17;2025-11-26;4;0
17;2025-11-26;5;240
17;2025-11-26;6;1548
17;2025-11-26;7;4151
17;2025-11-26;8;5344
17;2025-11-26;9;3782
17;2025-11-26;10;2992
17;2025-11-26;11;2963
17;2025-11-26;12;3020
17;2025-11-26;13;3055
17;2025-11-26;14;3119
17;2025-11-26;15;3302
17;2025-11-26;16;3647
17;2025-11-26;17;4502
17;2025-11-26;18;4894
17;2025-11-26;19;3465
17;2025-11-26;20;2385
17;2025-11-26;21;1492
17;2025-11-26;22;798
17;2025-11-26;23;387
17;2025-11-27;0;141
17;2025-11-27;1;0
17;2025-11-27;2;0
17;2025-11-27;3;0
17;2025-11-27;4;0
17;2025-11-27;5;236
17;2025-11-27;6;1552
17;2025-11-27;7;4178
17;2025-11-27;8;5362
17;2025-11-27;9;3790
17;2025-11-27;10;3002
17;2025-11-27;11;2939
17;2025-11-27;12;3048
17;2025-11-27;13;3096
17;2025-11-27;14;3112
17;2025-11-27;15;3264
17;2025-11-27;16;3693
17;2025-11-27;17;4510
17;2025-11-27;18;4959
17;2025-11-27;19;3443
17;2025-11-27;20;2388
17;2025-11-27;21;1508
17;2025-11-27;22;804
17;2025-11-27;23;398
17;2025-11-28;0;141
17;2025-11-28;1;0
17;2025-11-28;2;0
17;2025-11-28;3;0
17;2025-11-28;4;0
17;2025-11-28;5;223
17;2025-11-28;6;1504
17;2025-11-28;7;4038
17;2025-11-28;8;5122
17;2025-11-28;9;3614
17;2025-11-28;10;2883
17;2025-11-28;11;2945
17;2025-11-28;12;2951
17;2025-11-28;13;3049
17;2025-11-28;14;3122
17;2025-11-28;15;3440
17;2025-11-28;16;4047
17;2025-11-28;17;4533
17;2025-11-28;18;4294
17;2025-11-28;19;3204
17;2025-11-28;20;2291
17;2025-11-28;21;1528
17;2025-11-28;22;878
17;2025-11-28;23;454
17;2025-11-29;0;191
17;2025-11-29;1;0
17;2025-11-29;2;0
17;2025-11-29;3;0
17;2025-11-29;4;0
17;2025-11-29;5;92
17;2025-11-29;6;555
17;2025-11-29;7;1178
17;2025-11-29;8;1669
17;2025-11-29;9;2106
17;2025-11-29;10;2338
17;2025-11-29;11;2772
17;2025-11-29;12;3062
17;2025-11-29;13;3242
17;2025-11-29;14;3233
17;2025-11-29;15;3283
17;2025-11-29;16;3287
17;2025-11-29;17;3094
17;2025-11-29;18;2834
17;2025-11-29;19;2318
17;2025-11-29;20;1783
17;2025-11-29;21;1292
17;2025-11-29;22;830
17;2025-11-29;23;425
17;2025-11-30;0;181
17;2025-11-30;1;0
17;2025-11-30;2;0
17;2025-11-30;3;0
17;2025-11-30;4;0
17;2025-11-30;5;77
17;2025-11-30;6;439
17;2025-11-30;7;834
17;2025-11-30;8;1255
17;2025-11-30;9;1706
17;2025-11-30;10;1970
17;2025-11-30;11;2505
17;2025-11-30;12;2885
17;2025-11-30;13;3144
17;2025-11-30;14;3245
17;2025-11-30;15;3253
17;2025-11-30;16;3216
17;2025-11-30;17;3096
17;2025-11-30;18;2716
17;2025-11-30;19;2203
17;2025-11-30;20;1673
17;2025-11-30;21;1197
17;2025-11-30;22;757
17;2025-11-30;23;331
17;2025-12-01;0;114
17;2025-12-01;1;0
17;2025-12-01;2;0
17;2025-12-01;3;0
17;2025-12-01;4;0
17;2025-12-01;5;228
17;2025-12-01;6;1538
17;2025-12-01;7;4174
17;2025-12-01;8;5420
17;2025-12-01;9;3778
17;2025-12-01;10;2905
17;2025-12-01;11;2836
17;2025-12-01;12;2879
17;2025-12-01;13;2931
17;2025-12-01;14;2981
17;2025-12-01;15;3188
17;2025-12-01;16;3569
17;2025-12-01;17;4355
17;2025-12-01;18;4795
17;2025-12-01;19;3441
17;2025-12-01;20;2299
17;2025-12-01;21;1381
17;2025-12-01;22;745
17;2025-12-01;23;328
17;2025-12-02;0;109
17;2025-12-02;1;0
17;2025-12-02;2;0
17;2025-12-02;3;0
17;2025-12-02;4;0
17;2025-12-02;5;229
17;2025-12-02;6;1571
17;2025-12-02;7;4273
17;2025-12-02;8;5515
17;2025-12-02;9;3863
17;2025-12-02;10;2989
17;2025-12-02;11;2892
17;2025-12-02;12;2999
17;2025-12-02;13;3007
17;2025-12-02;14;3168
17;2025-12-02;15;3244
17;2025-12-02;16;3591
17;2025-12-02;17;4584
17;2025-12-02;18;4985
17;2025-12-02;19;3507
17;2025-12-02;20;2391
17;2025-12-02;21;1465
17;2025-12-02;22;759
17;2025-12-02;23;358
17;2025-12-03;0;123
17;2025-12-03;1;0
17;2025-12-03;2;0
17;2025-12-03;3;0
17;2025-12-03;4;0
17;2025-12-03;5;240
17;2025-12-03;6;1548
17;2025-12-03;7;4151
17;2025-12-03;8;5344
17;2025-12-03;9;3782
17;2025-12-03;10;2992
17;2025-12-03;11;2963
17;2025-12-03;12;3020
17;2025-12-03;13;3055
17;2025-12-03;14;3119
17;2025-12-03;15;3302
17;2025-12-03;16;3647
17;2025-12-03;17;4502
17;2025-12-03;18;4894
17;2025-12-03;19;3465
17;2025-12-03;20;2385
17;2025-12-03;21;1492
17;2025-12-03;22;798
17;2025-12-03;23;387
17;2025-12-04;0;141
17;2025-12-04;1;0
17;2025-12-04;2;0
17;2025-12-04;3;0
17;2025-12-04;4;0
17;2025-12-04;5;236
17;2025-12-04;6;1552
17;2025-12-04;7;4178
17;2025-12-04;8;5362
17;2025-12-04;9;3790
17;2025-12-04;10;3002
17;2025-12-04;11;2939
17;2025-12-04;12;3048
17;2025-12-04;13;3096
17;2025-12-04;14;3112
17;2025-12-04;15;3264
17;2025-12-04;16;3693
17;2025-12-04;17;4510
17;2025-12-04;18;4959
17;2025-12-04;19;3443
17;2025-12-04;20;2388
17;2025-12-04;21;1508
17;2025-12-04;22;804
17;2025-12-04;23;398
17;2025-12-05;0;141
17;2025-12-05;1;0
17;2025-12-05;2;0
17;2025-12-05;3;0
17;2025-12-05;4;0
17;2025-12-05;5;223
17;2025-12-05;6;1504
17;2025-12-05;7;4038
17;2025-12-05;8;5122
17;2025-12-05;9;3614
17;2025-12-05;10;2883
17;2025-12-05;11;2945
17;2025-12-05;12;2951
17;2025-12-05;13;3049
17;2025-12-05;14;3122
17;2025-12-05;15;3440
17;2025-12-05;16;4047
17;2025-12-05;17;4533
17;2025-12-05;18;4294
17;2025-12-05;19;3204
17;2025-12-05;20;2291
17;2025-12-05;21;1528
17;2025-12-05;22;878
17;2025-12-05;23;454
17;2025-12-06;0;191
17;2025-12-06;1;0
17;2025-12-06;2;0
17;2025-12-06;3;0
17;2025-12-06;4;0
17;2025-12-06;5;92
17;2025-12-06;6;555
17;2025-12-06;7;1178
17;2025-12-06;8;1669
17;2025-12-06;9;2106
17;2025-12-06;10;2338
17;2025-12-06;11;2772
17;2025-12-06;12;3062
17;2025-12-06;13;3242
17;2025-12-06;14;3233
17;2025-12-06;15;3283
17;2025-12-06;16;3287
17;2025-12-06;17;3094
17;2025-12-06;18;2834
17;2025-12-06;19;2318
17;2025-12-06;20;1783
17;2025-12-06;21;1292
17;2025-12-06;22;830
17;2025-12-06;23;425
17;2025-12-07;0;181
17;2025-12-07;1;0
17;2025-12-07;2;0
17;2025-12-07;3;0
17;2025-12-07;4;0
17;2025-12-07;5;77
17;2025-12-07;6;439
17;2025-12-07;7;834
17;2025-12-07;8;1255
17;2025-12-07;9;1706
17;2025-12-07;10;1970
17;2025-12-07;11;2505
17;2025-12-07;12;2885
17;2025-12-07;13;3144
17;2025-12-07;14;3245
17;2025-12-07;15;3253
17;2025-12-07;16;3216
17;2025-12-07;17;3096
17;2025-12-07;18;2716
17;2025-12-07;19;2203
17;2025-12-07;20;1673
17;2025-12-07;21;1197
17;2025-12-07;22;757
17;2025-12-07;23;331
17;2025-12-08;0;114
17;2025-12-08;1;0
17;2025-12-08;2;0
17;2025-12-08;3;0
17;2025-12-08;4;0
17;2025-12-08;5;228
17;2025-12-08;6;1538
17;2025-12-08;7;4174
17;2025-12-08;8;5420
17;2025-12-08;9;3778
17;2025-12-08;10;2905
17;2025-12-08;11;2836
17;2025-12-08;12;2879
17;2025-12-08;13;2931
17;2025-12-08;14;2981
17;2025-12-08;15;3188
17;2025-12-08;16;3569
17;2025-12-08;17;4355
17;2025-12-08;18;4795
17;2025-12-08;19;3441
17;2025-12-08;20;2299
17;2025-12-08;21;1381
17;2025-12-08;22;745
17;2025-12-08;23;328
17;2025-12-09;0;109
17;2025-12-09;1;0
17;2025-12-09;2;0
17;2025-12-09;3;0
17;2025-12-09;4;0
17;2025-12-09;5;229
17;2025-12-09;6;1571
17;2025-12-09;7;4273
17;2025-12-09;8;5515
17;2025-12-09;9;3863
17;2025-12-09;10;2989
17;2025-12-09;11;2892
17;2025-12-09;12;2999
17;2025-12-09;13;3007
17;2025-12-09;14;3168
17;2025-12-09;15;3244
17;2025-12-09;16;3591
17;2025-12-09;17;4584
17;2025-12-09;18;4985
17;2025-12-09;19;3507
17;2025-12-09;20;2391
17;2025-12-09;21;1465
17;2025-12-09;22;759
17;2025-12-09;23;358
17;2025-12-10;0;123
17;2025-12-10;1;0
17;2025-12-10;2;0
17;2025-12-10;3;0
17;2025-12-10;4;0
17;2025-12-10;5;240
17;2025-12-10;6;1548
17;2025-12-10;7;4151
17;2025-12-10;8;5344
17;2025-12-10;9;3782
17;2025-12-10;10;2992
17;2025-12-10;11;2963
17;2025-12-10;12;3020
17;2025-12-10;13;3055
17;2025-12-10;14;3119
17;2025-12-10;15;3302
17;2025-12-10;16;3647
17;2025-12-10;17;4502
17;2025-12-10;18;4894
17;2025-12-10;19;3465
17;2025-12-10;20;2385
17;2025-12-10;21;1492
17;2025-12-10;22;798
17;2025-12-10;23;387
17;2025-12-11;0;141
17;2025-12-11;1;0
17;2025-12-11;2;0
17;2025-12-11;3;0
17;2025-12-11;4;0
17;2025-12-11;5;236
17;2025-12-11;6;1552
17;2025-12-11;7;4178
17;2025-12-11;8;5362
17;2025-12-11;9;3790
17;2025-12-11;10;3002
17;2025-12-11;11;2939
17;2025-12-11;12;3048
17;2025-12-11;13;3096
17;2025-12-11;14;3112
17;2025-12-11;15;3264
17;2025-12-11;16;3693
17;2025-12-11;17;4510
17;2025-12-11;18;4959
17;2025-12-11;19;3443
17;2025-12-11;20;2388
17;2025-12-11;21;1508
17;2025-12-11;22;804
17;2025-12-11;23;398
17;2025-12-12;0;141
17;2025-12-12;1;0
17;2025-12-12;2;0
17;2025-12-12;3;0
17;2025-12-12;4;0
17;2025-12-12;5;223
17;2025-12-12;6;1504
17;2025-12-12;7;4038
17;2025-12-12;8;5122
17;2025-12-12;9;3614
17;2025-12-12;10;2883
17;2025-12-12;11;2945
17;2025-12-12;12;2951
17;2025-12-12;13;3049
17;2025-12-12;14;3122
17;2025-12-12;15;3440
17;2025-12-12;16;4047
17;2025-12-12;17;4533
17;2025-12-12;18;4294
17;2025-12-12;19;3204
17;2025-12-12;20;2291
17;2025-12-12;21;1528
17;2025-12-12;22;878
17;2025-12-12;23;454
17;2025-12-13;0;191
17;2025-12-13;1;0
17;2025-12-13;2;0
17;2025-12-13;3;0
17;2025-12-13;4;0
17;2025-12-13;5;92
17;2025-12-13;6;555
17;2025-12-13;7;1178
17;2025-12-13;8;1669
17;2025-12-13;9;2106
17;2025-12-13;10;2338
17;2025-12-13;11;2772
17;2025-12-13;12;3062
17;2025-12-13;13;3242
17;2025-12-13;14;3233
17;2025-12-13;15;3283
17;2025-12-13;16;3287
17;2025-12-13;17;3094
17;2025-12-13;18;2834
17;2025-12-13;19;2318
17;2025-12-13;20;1783
17;2025-12-13;21;1292
17;2025-12-13;22;830
17;2025-12-13;23;425
17;2025-12-14;0;181
17;2025-12-14;1;0
17;2025-12-14;2;0
17;2025-12-14;3;0
17;2025-12-14;4;0
17;2025-12-14;5;77
17;2025-12-14;6;439
17;2025-12-14;7;834
17;2025-12-14;8;1255
17;2025-12-14;9;1706
17;2025-12-14;10;1970
17;2025-12-14;11;2505
17;2025-12-14;12;2885
17;2025-12-14;13;3144
17;2025-12-14;14;3245
17;2025-12-14;15;3253
17;2025-12-14;16;3216
17;2025-12-14;17;3096
17;2025-12-14;18;2716
17;2025-12-14;19;2203
17;2025-12-14;20;1673
17;2025-12-14;21;1197
17;2025-12-14;22;757
17;2025-12-14;23;331
17;2025-12-15;0;114
17;2025-12-15;1;0
17;2025-12-15;2;0
17;2025-12-15;3;0
17;2025-12-15;4;0
17;2025-12-15;5;228
17;2025-12-15;6;1538
17;2025-12-15;7;4174
17;2025-12-15;8;5420
17;2025-12-15;9;3778
17;2025-12-15;10;2905
17;2025-12-15;11;2836
17;2025-12-15;12;2879
17;2025-12-15;13;2931
17;2025-12-15;14;2981
17;2025-12-15;15;3188
17;2025-12-15;16;3569
17;2025-12-15;17;4355
17;2025-12-15;18;4795
17;2025-12-15;19;3441
17;2025-12-15;20;2299
17;2025-12-15;21;1381
17;2025-12-15;22;745
17;2025-12-15;23;328
17;2025-12-16;0;109
17;2025-12-16;1;0
17;2025-12-16;2;0
17;2025-12-16;3;0
17;2025-12-16;4;0
17;2025-12-16;5;229
17;2025-12-16;6;1571
17;2025-12-16;7;4273
17;2025-12-16;8;5515
17;2025-12-16;9;3863
17;2025-12-16;10;2989
17;2025-12-16;11;2892
17;2025-12-16;12;2999
17;2025-12-16;13;3007
17;2025-12-16;14;3168
17;2025-12-16;15;3244
17;2025-12-16;16;3591
17;2025-12-16;17;4584
17;2025-12-16;18;4985
17;2025-12-16;19;3507
17;2025-12-16;20;2391
17;2025-12-16;21;1465
17;2025-12-16;22;759
17;2025-12-16;23;358
17;2025-12-17;0;123
17;2025-12-17;1;0
17;2025-12-17;2;0
17;2025-12-17;3;0
17;2025-12-17;4;0
17;2025-12-17;5;240
17;2025-12-17;6;1548
17;2025-12-17;7;4151
17;2025-12-17;8;5344
17;2025-12-17;9;3782
17;2025-12-17;10;2992
17;2025-12-17;11;2963
17;2025-12-17;12;3020
17;2025-12-17;13;3055
17;2025-12-17;14;3119
17;2025-12-17;15;3302
17;2025-12-17;16;3647
17;2025-12-17;17;4502
17;2025-12-17;18;4894
17;2025-12-17;19;3465
17;2025-12-17;20;2385
17;2025-12-17;21;1492
17;2025-12-17;22;798
17;2025-12-17;23;387
17;2025-12-18;0;141
17;2025-12-18;1;0
17;2025-12-18;2;0
17;2025-12-18;3;0
17;2025-12-18;4;0
17;2025-12-18;5;236
17;2025-12-18;6;1552
17;2025-12-18;7;4178
17;2025-12-18;8;5362
17;2025-12-18;9;3790
17;2025-12-18;10;3002
17;2025-12-18;11;2939
17;2025-12-18;12;3048
17;2025-12-18;13;3096
17;2025-12-18;14;3112
17;2025-12-18;15;3264
17;2025-12-18;16;3693
17;2025-12-18;17;4510
17;2025-12-18;18;4959
17;2025-12-18;19;3443
17;2025-12-18;20;2388
17;2025-12-18;21;1508
17;2025-12-18;22;804
17;2025-12-18;23;398
17;2025-12-19;0;141
17;2025-12-19;1;0
17;2025-12-19;2;0
17;2025-12-19;3;0
17;2025-12-19;4;0
17;2025-12-19;5;223
17;2025-12-19;6;1504
17;2025-12-19;7;4038
17;2025-12-19;8;5122
17;2025-12-19;9;3614
17;2025-12-19;10;2883
17;2025-12-19;11;2945
17;2025-12-19;12;2951
17;2025-12-19;13;3049
17;2025-12-19;14;3122
17;2025-12-19;15;3440
17;2025-12-19;16;4047
17;2025-12-19;17;4533
17;2025-12-19;18;4294
17;2025-12-19;19;3204
17;2025-12-19;20;2291
17;2025-12-19;21;1528
17;2025-12-19;22;878
17;2025-12-19;23;454
17;2025-12-20;0;191
17;2025-12-20;1;0
17;2025-12-20;2;0
17;2025-12-20;3;0
17;2025-12-20;4;0
17;2025-12-20;5;92
17;2025-12-20;6;555
17;2025-12-20;7;1178
17;2025-12-20;8;1669
17;2025-12-20;9;2106
17;2025-12-20;10;2338
17;2025-12-20;11;2772
17;2025-12-20;12;3062
17;2025-12-20;13;3242
17;2025-12-20;14;3233
17;2025-12-20;15;3283
17;2025-12-20;16;3287
17;2025-12-20;17;3094
17;2025-12-20;18;2834
17;2025-12-20;19;2318
17;2025-12-20;20;1783
17;2025-12-20;21;1292
17;2025-12-20;22;830
17;2025-12-20;23;425
17;2025-12-21;0;181
17;2025-12-21;1;0
17;2025-12-21;2;0
17;2025-12-21;3;0
17;2025-12-21;4;0
17;2025-12-21;5;77
17;2025-12-21;6;439
17;2025-12-21;7;834
17;2025-12-21;8;1255
17;2025-12-21;9;1706
17;2025-12-21;10;1970
17;2025-12-21;11;2505
17;2025-12-21;12;2885
17;2025-12-21;13;3144
17;2025-12-21;14;3245
17;2025-12-21;15;3253
17;2025-12-21;16;3216
17;2025-12-21;17;3096
17;2025-12-21;18;2716
17;2025-12-21;19;2203
17;2025-12-21;20;1673
17;2025-12-21;21;1197
17;2025-12-21;22;757
17;2025-12-21;23;331
17;2025-12-22;0;114
17;2025-12-22;1;0
17;2025-12-22;2;0
17;2025-12-22;3;0
17;2025-12-22;4;0
17;2025-12-22;5;228
17;2025-12-22;6;1538
17;2025-12-22;7;4174
17;2025-12-22;8;5420
17;2025-12-22;9;3778
17;2025-12-22;10;2905
17;2025-12-22;11;2836
17;2025-12-22;12;2879
17;2025-12-22;13;2931
17;2025-12-22;14;2981
17;2025-12-22;15;3188
17;2025-12-22;16;3569
17;2025-12-22;17;4355
17;2025-12-22;18;4795
17;2025-12-22;19;3441
17;2025-12-22;20;2299
17;2025-12-22;21;1381
17;2025-12-22;22;745
17;2025-12-22;23;328
17;2025-12-23;0;109
17;2025-12-23;1;0
17;2025-12-23;2;0
17;2025-12-23;3;0
17;2025-12-23;4;0
17;2025-12-23;5;229
17;2025-12-23;6;1571
17;2025-12-23;7;4273
17;2025-12-23;8;5515
17;2025-12-23;9;3863
17;2025-12-23;10;2989
17;2025-12-23;11;2892
17;2025-12-23;12;2999
17;2025-12-23;13;3007
17;2025-12-23;14;3168
17;2025-12-23;15;3244
17;2025-12-23;16;3591
17;2025-12-23;17;4584
17;2025-12-23;18;4985
17;2025-12-23;19;3507
17;2025-12-23;20;2391
17;2025-12-23;21;1465
17;2025-12-23;22;759
17;2025-12-23;23;358
17;2025-12-24;0;123
17;2025-12-24;1;0
17;2025-12-24;2;0
17;2025-12-24;3;0
17;2025-12-24;4;0
17;2025-12-24;5;240
17;2025-12-24;6;1548
17;2025-12-24;7;4151
17;2025-12-24;8;5344
17;2025-12-24;9;3782
17;2025-12-24;10;2992
17;2025-12-24;11;2963
17;2025-12-24;12;3020
17;2025-12-24;13;3055
17;2025-12-24;14;3119
17;2025-12-24;15;3302
17;2025-12-24;16;3647
17;2025-12-24;17;4502
17;2025-12-24;18;4894
17;2025-12-24;19;3465
17;2025-12-24;20;2385
17;2025-12-24;21;1492
17;2025-12-24;22;798
17;2025-12-24;23;387
17;2025-12-25;0;141
17;2025-12-25;1;0
17;2025-12-25;2;0
17;2025-12-25;3;0
17;2025-12-25;4;0
17;2025-12-25;5;236
17;2025-12-25;6;1552
17;2025-12-25;7;4178
17;2025-12-25;8;5362
17;2025-12-25;9;3790
17;2025-12-25;10;3002
17;2025-12-25;11;2939
17;2025-12-25;12;3048
17;2025-12-25;13;3096
17;2025-12-25;14;3112
17;2025-12-25;15;3264
17;2025-12-25;16;3693
17;2025-12-25;17;4510
17;2025-12-25;18;4959
17;2025-12-25;19;3443
17;2025-12-25;20;2388
17;2025-12-25;21;1508
17;2025-12-25;22;804
17;2025-12-25;23;398
17;2025-12-26;0;141
17;2025-12-26;1;0
17;2025-12-26;2;0
17;2025-12-26;3;0
17;2025-12-26;4;0
17;2025-12-26;5;223
17;2025-12-26;6;1504
17;2025-12-26;7;4038
17;2025-12-26;8;5122
17;2025-12-26;9;3614
17;2025-12-26;10;2883
17;2025-12-26;11;2945
17;2025-12-26;12;2951
17;2025-12-26;13;3049
17;2025-12-26;14;3122
17;2025-12-26;15;3440
17;2025-12-26;16;4047
17;2025-12-26;17;4533
17;2025-12-26;18;4294
17;2025-12-26;19;3204
17;2025-12-26;20;2291
17;2025-12-26;21;1528
17;2025-12-26;22;878
17;2025-12-26;23;454
17;2025-12-27;0;191
17;2025-12-27;1;0
17;2025-12-27;2;0
17;2025-12-27;3;0
17;2025-12-27;4;0
17;2025-12-27;5;92
17;2025-12-27;6;555
17;2025-12-27;7;1178
17;2025-12-27;8;1669
17;2025-12-27;9;2106
17;2025-12-27;10;2338
17;2025-12-27;11;2772
17;2025-12-27;12;3062
17;2025-12-27;13;3242
17;2025-12-27;14;3233
17;2025-12-27;15;3283
17;2025-12-27;16;3287
17;2025-12-27;17;3094
17;2025-12-27;18;2834
17;2025-12-27;19;2318
17;2025-12-27;20;1783
17;2025-12-27;21;1292
17;2025-12-27;22;830
17;2025-12-27;23;425
17;2025-12-28;0;181
17;2025-12-28;1;0
17;2025-12-28;2;0
17;2025-12-28;3;0
17;2025-12-28;4;0
17;2025-12-28;5;77
17;2025-12-28;6;439
17;2025-12-28;7;834
17;2025-12-28;8;1255
17;2025-12-28;9;1706
17;2025-12-28;10;1970
17;2025-12-28;11;2505
17;2025-12-28;12;2885
17;2025-12-28;13;3144
17;2025-12-28;14;3245
17;2025-12-28;15;3253
17;2025-12-28;16;3216
17;2025-12-28;17;3096
17;2025-12-28;18;2716
17;2025-12-28;19;2203
17;2025-12-28;20;1673
17;2025-12-28;21;1197
17;2025-12-28;22;757
17;2025-12-28;23;331
17;2025-12-29;0;114
17;2025-12-29;1;0
17;2025-12-29;2;0
17;2025-12-29;3;0
17;2025-12-29;4;0
17;2025-12-29;5;228
17;2025-12-29;6;1538
17;2025-12-29;7;4174
17;2025-12-29;8;5420
17;2025-12-29;9;3778
17;2025-12-29;10;2905
17;2025-12-29;11;2836
17;2025-12-29;12;2879
17;2025-12-29;13;2931
17;2025-12-29;14;2981
17;2025-12-29;15;3188
17;2025-12-29;16;3569
17;2025-12-29;17;4355
17;2025-12-29;18;4795
17;2025-12-29;19;3441
17;2025-12-29;20;2299
17;2025-12-29;21;1381
17;2025-12-29;22;745
17;2025-12-29;23;328
17;2025-12-30;0;109
17;2025-12-30;1;0
17;2025-12-30;2;0
17;2025-12-30;3;0
17;2025-12-30;4;0
17;2025-12-30;5;229
17;2025-12-30;6;1571
17;2025-12-30;7;4273
17;2025-12-30;8;5515
17;2025-12-30;9;3863
17;2025-12-30;10;2989
17;2025-12-30;11;2892
17;2025-12-30;12;2999
17;2025-12-30;13;3007
17;2025-12-30;14;3168
17;2025-12-30;15;3244
17;2025-12-30;16;3591
17;2025-12-30;17;4584
17;2025-12-30;18;4985
17;2025-12-30;19;3507
17;2025-12-30;20;2391
17;2025-12-30;21;1465
17;2025-12-30;22;759
17;2025-12-30;23;358
17;2025-12-31;0;177
17;2025-12-31;1;0
17;2025-12-31;2;0
17;2025-12-31;3;0
17;2025-12-31;4;0
17;2025-12-31;5;75
17;2025-12-31;6;430
17;2025-12-31;7;818
17;2025-12-31;8;1230
17;2025-12-31;9;1673
17;2025-12-31;10;1931
17;2025-12-31;11;2456
17;2025-12-31;12;2828
17;2025-12-31;13;3082
17;2025-12-31;14;3181
17;2025-12-31;15;3189
17;2025-12-31;16;3152
17;2025-12-31;17;3035
17;2025-12-31;18;2662
17;2025-12-31;19;2159
17;2025-12-31;20;1640
17;2025-12-31;21;1173
17;2025-12-31;22;742
17;2025-12-31;23;324
25;2025-11-01;0;0
25;2025-11-01;1;0
25;2025-11-01;2;0
25;2025-11-01;3;0
25;2025-11-01;4;0
25;2025-11-01;5;7
25;2025-11-01;6;190
25;2025-11-01;7;520
25;2025-11-01;8;806
25;2025-11-01;9;414
25;2025-11-01;10;341
25;2025-11-01;11;415
25;2025-11-01;12;401
25;2025-11-01;13;508
25;2025-11-01;14;474
25;2025-11-01;15;574
25;2025-11-01;16;730
25;2025-11-01;17;722
25;2025-11-01;18;638
25;2025-11-01;19;491
25;2025-11-01;20;301
25;2025-11-01;21;203
25;2025-11-01;22;117
25;2025-11-01;23;10
25;2025-11-02;0;13
25;2025-11-02;1;0
25;2025-11-02;2;0
25;2025-11-02;3;0
25;2025-11-02;4;0
25;2025-11-02;5;3
25;2025-11-02;6;58
25;2025-11-02;7;103
25;2025-11-02;8;189
25;2025-11-02;9;222
25;2025-11-02;10;224
25;2025-11-02;11;290
25;2025-11-02;12;360
25;2025-11-02;13;470
25;2025-11-02;14;500
25;2025-11-02;15;621
25;2025-11-02;16;532
25;2025-11-02;17;507
25;2025-11-02;18;451
25;2025-11-02;19;356
25;2025-11-02;20;251
25;2025-11-02;21;198
25;2025-11-02;22;116
25;2025-11-02;23;39
25;2025-11-03;0;13
25;2025-11-03;1;0
25;2025-11-03;2;0
25;2025-11-03;3;0
25;2025-11-03;4;0
25;2025-11-03;5;3
25;2025-11-03;6;55
25;2025-11-03;7;99
25;2025-11-03;8;181
25;2025-11-03;9;212
25;2025-11-03;10;214
25;2025-11-03;11;278
25;2025-11-03;12;345
25;2025-11-03;13;449
25;2025-11-03;14;478
25;2025-11-03;15;594
25;2025-11-03;16;509
25;2025-11-03;17;485
25;2025-11-03;18;431
25;2025-11-03;19;341
25;2025-11-03;20;240
25;2025-11-03;21;189
25;2025-11-03;22;111
25;2025-11-03;23;38
25;2025-11-04;0;13
25;2025-11-04;1;0
25;2025-11-04;2;0
25;2025-11-04;3;0
25;2025-11-04;4;0
25;2025-11-04;5;3
25;2025-11-04;6;57
25;2025-11-04;7;101
25;2025-11-04;8;186
25;2025-11-04;9;219
25;2025-11-04;10;221
25;2025-11-04;11;286
25;2025-11-04;12;355
25;2025-11-04;13;463
25;2025-11-04;14;492
25;2025-11-04;15;612
25;2025-11-04;16;525
25;2025-11-04;17;499
25;2025-11-04;18;444
25;2025-11-04;19;351
25;2025-11-04;20;247
25;2025-11-04;21;195
25;2025-11-04;22;114
25;2025-11-04;23;39
25;2025-11-05;0;0
25;2025-11-05;1;0
25;2025-11-05;2;0
25;2025-11-05;3;0
25;2025-11-05;4;0
25;2025-11-05;5;8
25;2025-11-05;6;177
25;2025-11-05;7;561
25;2025-11-05;8;929
25;2025-11-05;9;483
25;2025-11-05;10;375
25;2025-11-05;11;440
25;2025-11-05;12;434
25;2025-11-05;13;571
25;2025-11-05;14;464
25;2025-11-05;15;563
25;2025-11-05;16;672
25;2025-11-05;17;799
25;2025-11-05;18;850
25;2025-11-05;19;567
25;2025-11-05;20;348
25;2025-11-05;21;225
25;2025-11-05;22;115
25;2025-11-05;23;6
25;2025-11-06;0;0
25;2025-11-06;1;0
25;2025-11-06;2;0
25;2025-11-06;3;0
25;2025-11-06;4;0
25;2025-11-06;5;8
25;2025-11-06;6;191
25;2025-11-06;7;562
25;2025-11-06;8;972
25;2025-11-06;9;477
25;2025-11-06;10;380
25;2025-11-06;11;430
25;2025-11-06;12;424
25;2025-11-06;13;557
25;2025-11-06;14;523
25;2025-11-06;15;594
25;2025-11-06;16;701
25;2025-11-06;17;777
25;2025-11-06;18;801
25;2025-11-06;19;564
25;2025-11-06;20;316
25;2025-11-06;21;219
25;2025-11-06;22;118
25;2025-11-06;23;6
25;2025-11-07;0;0
25;2025-11-07;1;0
25;2025-11-07;2;0
25;2025-11-07;3;0
25;2025-11-07;4;0
25;2025-11-07;5;7
25;2025-11-07;6;203
25;2025-11-07;7;558
25;2025-11-07;8;865
25;2025-11-07;9;444
25;2025-11-07;10;366
25;2025-11-07;11;445
25;2025-11-07;12;430
25;2025-11-07;13;546
25;2025-11-07;14;509
25;2025-11-07;15;616
25;2025-11-07;16;784
25;2025-11-07;17;775
25;2025-11-07;18;685
25;2025-11-07;19;527
25;2025-11-07;20;323
25;2025-11-07;21;218
25;2025-11-07;22;125
25;2025-11-07;23;11
25;2025-11-08;0;0
25;2025-11-08;1;0
25;2025-11-08;2;0
25;2025-11-08;3;0
25;2025-11-08;4;0
25;2025-11-08;5;5
25;2025-11-08;6;71
25;2025-11-08;7;140
25;2025-11-08;8;326
25;2025-11-08;9;315
25;2025-11-08;10;306
25;2025-11-08;11;384
25;2025-11-08;12;393
25;2025-11-08;13;591
25;2025-11-08;14;591
25;2025-11-08;15;685
25;2025-11-08;16;593
25;2025-11-08;17;521
25;2025-11-08;18;511
25;2025-11-08;19;434
25;2025-11-08;20;277
25;2025-11-08;21;214
25;2025-11-08;22;136
25;2025-11-08;23;52
25;2025-11-09;0;13
25;2025-11-09;1;0
25;2025-11-09;2;0
25;2025-11-09;3;0
25;2025-11-09;4;0
25;2025-11-09;5;3
25;2025-11-09;6;58
25;2025-11-09;7;103
25;2025-11-09;8;189
25;2025-11-09;9;222
25;2025-11-09;10;224
25;2025-11-09;11;290
25;2025-11-09;12;360
25;2025-11-09;13;470
25;2025-11-09;14;500
25;2025-11-09;15;621
25;2025-11-09;16;532
25;2025-11-09;17;507
25;2025-11-09;18;451
25;2025-11-09;19;356
25;2025-11-09;20;251
25;2025-11-09;21;198
25;2025-11-09;22;116
25;2025-11-09;23;39
25;2025-11-10;0;8
25;2025-11-10;1;0
25;2025-11-10;2;0
25;2025-11-10;3;0
25;2025-11-10;4;0
25;2025-11-10;5;6
25;2025-11-10;6;186
25;2025-11-10;7;540
25;2025-11-10;8;974
25;2025-11-10;9;515
25;2025-11-10;10;346
25;2025-11-10;11;403
25;2025-11-10;12;392
25;2025-11-10;13;549
25;2025-11-10;14;443
25;2025-11-10;15;521
25;2025-11-10;16;698
25;2025-11-10;17;744
25;2025-11-10;18;851
25;2025-11-10;19;558
25;2025-11-10;20;317
25;2025-11-10;21;218
25;2025-11-10;22;101
25;2025-11-10;23;8
25;2025-11-11;0;0
25;2025-11-11;1;0
25;2025-11-11;2;0
25;2025-11-11;3;0
25;2025-11-11;4;0
25;2025-11-11;5;6
25;2025-11-11;6;188
25;2025-11-11;7;585
25;2025-11-11;8;990
25;2025-11-11;9;506
25;2025-11-11;10;388
25;2025-11-11;11;458
25;2025-11-11;12;422
25;2025-11-11;13;518
25;2025-11-11;14;480
25;2025-11-11;15;573
25;2025-11-11;16;715
25;2025-11-11;17;757
25;2025-11-11;18;795
25;2025-11-11;19;570
25;2025-11-11;20;343
25;2025-11-11;21;221
25;2025-11-11;22;109
25;2025-11-11;23;6
25;2025-11-12;0;0
25;2025-11-12;1;0
25;2025-11-12;2;0
25;2025-11-12;3;0
25;2025-11-12;4;0
25;2025-11-12;5;8
25;2025-11-12;6;177
25;2025-11-12;7;561
25;2025-11-12;8;929
25;2025-11-12;9;483
25;2025-11-12;10;375
25;2025-11-12;11;440
25;2025-11-12;12;434
25;2025-11-12;13;571
25;2025-11-12;14;464
25;2025-11-12;15;563
25;2025-11-12;16;672
25;2025-11-12;17;799
25;2025-11-12;18;850
25;2025-11-12;19;567
25;2025-11-12;20;348
25;2025-11-12;21;225
25;2025-11-12;22;115
25;2025-11-12;23;6
25;2025-11-13;0;0
25;2025-11-13;1;0
25;2025-11-13;2;0
25;2025-11-13;3;0
25;2025-11-13;4;0
25;2025-11-13;5;8
25;2025-11-13;6;191
25;2025-11-13;7;562
25;2025-11-13;8;972
25;2025-11-13;9;477
25;2025-11-13;10;380
25;2025-11-13;11;430
25;2025-11-13;12;424
25;2025-11-13;13;557
25;2025-11-13;14;523
25;2025-11-13;15;594
25;2025-11-13;16;701
25;2025-11-13;17;777
25;2025-11-13;18;801
25;2025-11-13;19;564
25;2025-11-13;20;316
25;2025-11-13;21;219
25;2025-11-13;22;118
25;2025-11-13;23;6
25;2025-11-14;0;0
25;2025-11-14;1;0
25;2025-11-14;2;0
25;2025-11-14;3;0
25;2025-11-14;4;0
25;2025-11-14;5;7
25;2025-11-14;6;203
25;2025-11-14;7;558
25;2025-11-14;8;865
25;2025-11-14;9;444
25;2025-11-14;10;366
25;2025-11-14;11;445
25;2025-11-14;12;430
25;2025-11-14;13;546
25;2025-11-14;14;509
25;2025-11-14;15;616
25;2025-11-14;16;784
25;2025-11-14;17;775
25;2025-11-14;18;685
25;2025-11-14;19;527
25;2025-11-14;20;323
25;2025-11-14;21;218
25;2025-11-14;22;125
25;2025-11-14;23;11
25;2025-11-15;0;0
25;2025-11-15;1;0
25;2025-11-15;2;0
25;2025-11-15;3;0
25;2025-11-15;4;0
25;2025-11-15;5;5
25;2025-11-15;6;71
25;2025-11-15;7;140
25;2025-11-15;8;326
25;2025-11-15;9;315
25;2025-11-15;10;306
25;2025-11-15;11;384
25;2025-11-15;12;393
25;2025-11-15;13;591
25;2025-11-15;14;591
25;2025-11-15;15;685
25;2025-11-15;16;593
25;2025-11-15;17;521
25;2025-11-15;18;511
25;2025-11-15;19;434
25;2025-11-15;20;277
25;2025-11-15;21;214
25;2025-11-15;22;136
25;2025-11-15;23;52
25;2025-11-16;0;13
25;2025-11-16;1;0
25;2025-11-16;2;0
25;2025-11-16;3;0
25;2025-11-16;4;0
25;2025-11-16;5;3
25;2025-11-16;6;58
25;2025-11-16;7;103
25;2025-11-16;8;189
25;2025-11-16;9;222
25;2025-11-16;10;224
25;2025-11-16;11;290
25;2025-11-16;12;360
25;2025-11-16;13;470
25;2025-11-16;14;500
25;2025-11-16;15;621
25;2025-11-16;16;532
25;2025-11-16;17;507
25;2025-11-16;18;451
25;2025-11-16;19;356
25;2025-11-16;20;251
25;2025-11-16;21;198
25;2025-11-16;22;116
25;2025-11-16;23;39
25;2025-11-17;0;8
25;2025-11-17;1;0
25;2025-11-17;2;0
25;2025-11-17;3;0
25;2025-11-17;4;0
25;2025-11-17;5;6
25;2025-11-17;6;186
25;2025-11-17;7;540
25;2025-11-17;8;974
25;2025-11-17;9;515
25;2025-11-17;10;346
25;2025-11-17;11;403
25;2025-11-17;12;392
25;2025-11-17;13;549
25;2025-11-17;14;443
25;2025-11-17;15;521
25;2025-11-17;16;698
25;2025-11-17;17;744
25;2025-11-17;18;851
25;2025-11-17;19;558
25;2025-11-17;20;317
25;2025-11-17;21;218
25;2025-11-17;22;101
25;2025-11-17;23;8
25;2025-11-18;0;0
25;2025-11-18;1;0
25;2025-11-18;2;0
25;2025-11-18;3;0
25;2025-11-18;4;0
25;2025-11-18;5;6
25;2025-11-18;6;188
25;2025-11-18;7;585
25;2025-11-18;8;990
25;2025-11-18;9;506
25;2025-11-18;10;388
25;2025-11-18;11;458
25;2025-11-18;12;422
25;2025-11-18;13;518
25;2025-11-18;14;480
25;2025-11-18;15;573
25;2025-11-18;16;715
25;2025-11-18;17;757
25;2025-11-18;18;795
25;2025-11-18;19;570
25;2025-11-18;20;343
25;2025-11-18;21;221
25;2025-11-18;22;109
25;2025-11-18;23;6
25;2025-11-19;0;0
25;2025-11-19;1;0
25;2025-11-19;2;0
25;2025-11-19;3;0
25;2025-11-19;4;0
25;2025-11-19;5;8
25;2025-11-19;6;177
25;2025-11-19;7;561
25;2025-11-19;8;929
25;2025-11-19;9;483
25;2025-11-19;10;375
25;2025-11-19;11;440
25;2025-11-19;12;434
25;2025-11-19;13;571
25;2025-11-19;14;464
25;2025-11-19;15;563
25;2025-11-19;16;672
25;2025-11-19;17;799
25;2025-11-19;18;850
25;2025-11-19;19;567
25;2025-11-19;20;348
25;2025-11-19;21;225
25;2025-11-19;22;115
25;2025-11-19;23;6
25;2025-11-20;0;0
25;2025-11-20;1;0
25;2025-11-20;2;0
25;2025-11-20;3;0
25;2025-11-20;4;0
25;2025-11-20;5;8
25;2025-11-20;6;191
25;2025-11-20;7;562
25;2025-11-20;8;972
25;2025-11-20;9;477
25;2025-11-20;10;380
25;2025-11-20;11;430
25;2025-11-20;12;424
25;2025-11-20;13;557
25;2025-11-20;14;523
25;2025-11-20;15;594
25;2025-11-20;16;701
25;2025-11-20;17;777
25;2025-11-20;18;801
25;2025-11-20;19;564
25;2025-11-20;20;316
25;2025-11-20;21;219
25;2025-11-20;22;118
25;2025-11-20;23;6
25;2025-11-21;0;0
25;2025-11-21;1;0
25;2025-11-21;2;0
25;2025-11-21;3;0
25;2025-11-21;4;0
25;2025-11-21;5;7
25;2025-11-21;6;203
25;2025-11-21;7;558
25;2025-11-21;8;865
25;2025-11-21;9;444
25;2025-11-21;10;366
25;2025-11-21;11;445
25;2025-11-21;12;430
25;2025-11-21;13;546
25;2025-11-21;14;509
25;2025-11-21;15;616
25;2025-11-21;16;784
25;2025-11-21;17;775
25;2025-11-21;18;685
25;2025-11-21;19;527
25;2025-11-21;20;323
25;2025-11-21;21;218
25;2025-11-21;22;125
25;2025-11-21;23;11
25;2025-11-22;0;0
25;2025-11-22;1;0
25;2025-11-22;2;0
25;2025-11-22;3;0
25;2025-11-22;4;0
25;2025-11-22;5;5
25;2025-11-22;6;71
25;2025-11-22;7;140
25;2025-11-22;8;326
25;2025-11-22;9;315
25;2025-11-22;10;306
25;2025-11-22;11;384
25;2025-11-22;12;393
25;2025-11-22;13;591
25;2025-11-22;14;591
25;2025-11-22;15;685
25;2025-11-22;16;593
25;2025-11-22;17;521
25;2025-11-22;18;511
25;2025-11-22;19;434
25;2025-11-22;20;277
25;2025-11-22;21;214
25;2025-11-22;22;136
25;2025-11-22;23;52
25;2025-11-23;0;13
25;2025-11-23;1;0
25;2025-11-23;2;0
25;2025-11-23;3;0
25;2025-11-23;4;0
25;2025-11-23;5;3
25;2025-11-23;6;58
25;2025-11-23;7;103
25;2025-11-23;8;189
25;2025-11-23;9;222
25;2025-11-23;10;224
25;2025-11-23;11;290
25;2025-11-23;12;360
25;2025-11-23;13;470
25;2025-11-23;14;500
25;2025-11-23;15;621
25;2025-11-23;16;532
25;2025-11-23;17;507
25;2025-11-23;18;451
25;2025-11-23;19;356
25;2025-11-23;20;251
25;2025-11-23;21;198
25;2025-11-23;22;116
25;2025-11-23;23;39
25;2025-11-24;0;8
25;2025-11-24;1;0
25;2025-11-24;2;0
25;2025-11-24;3;0
25;2025-11-24;4;0
25;2025-11-24;5;6
25;2025-11-24;6;186
25;2025-11-24;7;540
25;2025-11-24;8;974
25;2025-11-24;9;515
25;2025-11-24;10;346
25;2025-11-24;11;403
25;2025-11-24;12;392
25;2025-11-24;13;549
25;2025-11-24;14;443
25;2025-11-24;15;521
25;2025-11-24;16;698
25;2025-11-24;17;744
25;2025-11-24;18;851
25;2025-11-24;19;558
25;2025-11-24;20;317
25;2025-11-24;21;218
25;2025-11-24;22;101
25;2025-11-24;23;8
25;2025-11-25;0;0
25;2025-11-25;1;0
25;2025-11-25;2;0
25;2025-11-25;3;0
25;2025-11-25;4;0
25;2025-11-25;5;6
25;2025-11-25;6;188
25;2025-11-25;7;585
25;2025-11-25;8;990
25;2025-11-25;9;506
25;2025-11-25;10;388
25;2025-11-25;11;458
25;2025-11-25;12;422
25;2025-11-25;13;518
25;2025-11-25;14;480
25;2025-11-25;15;573
25;2025-11-25;16;715
25;2025-11-25;17;757
25;2025-11-25;18;795
25;2025-11-25;19;570
25;2025-11-25;20;343
25;2025-11-25;21;221
25;2025-11-25;22;109
25;2025-11-25;23;6
25;2025-11-26;0;0
25;2025-11-26;1;0
25;2025-11-26;2;0
25;2025-11-26;3;0
25;2025-11-26;4;0
25;2025-11-26;5;8
25;2025-11-26;6;177
25;2025-11-26;7;561
25;2025-11-26;8;929
25;2025-11-26;9;483
25;2025-11-26;10;375
25;2025-11-26;11;440
25;2025-11-26;12;434
25;2025-11-26;13;571
25;2025-11-26;14;464
25;2025-11-26;15;563
25;2025-11-26;16;672
25;2025-11-26;17;799
25;2025-11-26;18;850
25;2025-11-26;19;567
25;2025-11-26;20;348
25;2025-11-26;21;225
25;2025-11-26;22;115
25;2025-11-26;23;6
25;2025-11-27;0;0
25;2025-11-27;1;0
25;2025-11-27;2;0
25;2025-11-27;3;0
25;2025-11-27;4;0
25;2025-11-27;5;8
25;2025-11-27;6;191
25;2025-11-27;7;562
25;2025-11-27;8;972
25;2025-11-27;9;477
25;2025-11-27;10;380
25;2025-11-27;11;430
25;2025-11-27;12;424
25;2025-11-27;13;557
25;2025-11-27;14;523
25;2025-11-27;15;594
25;2025-11-27;16;701
25;2025-11-27;17;777
25;2025-11-27;18;801
25;2025-11-27;19;564
25;2025-11-27;20;316
25;2025-11-27;21;219
25;2025-11-27;22;118
25;2025-11-27;23;6
25;2025-11-28;0;0
25;2025-11-28;1;0
25;2025-11-28;2;0
25;2025-11-28;3;0
25;2025-11-28;4;0
25;2025-11-28;5;7
25;2025-11-28;6;203
25;2025-11-28;7;558
25;2025-11-28;8;865
25;2025-11-28;9;444
25;2025-11-28;10;366
25;2025-11-28;11;445
25;2025-11-28;12;430
25;2025-11-28;13;546
25;2025-11-28;14;509
25;2025-11-28;15;616
25;2025-11-28;16;784
25;2025-11-28;17;775
25;2025-11-28;18;685
25;2025-11-28;19;527
25;2025-11-28;20;323
25;2025-11-28;21;218
25;2025-11-28;22;125
25;2025-11-28;23;11
25;2025-11-29;0;0
25;2025-11-29;1;0
25;2025-11-29;2;0
25;2025-11-29;3;0
25;2025-11-29;4;0
25;2025-11-29;5;5
25;2025-11-29;6;71
25;2025-11-29;7;140
25;2025-11-29;8;326
25;2025-11-29;9;315
25;2025-11-29;10;306
25;2025-11-29;11;384
25;2025-11-29;12;393
25;2025-11-29;13;591
25;2025-11-29;14;591
25;2025-11-29;15;685
25;2025-11-29;16;593
25;2025-11-29;17;521
25;2025-11-29;18;511
25;2025-11-29;19;434
25;2025-11-29;20;277
25;2025-11-29;21;214
25;2025-11-29;22;136
25;2025-11-29;23;52
25;2025-11-30;0;13
25;2025-11-30;1;0
25;2025-11-30;2;0
25;2025-11-30;3;0
25;2025-11-30;4;0
25;2025-11-30;5;3
25;2025-11-30;6;58
25;2025-11-30;7;103
25;2025-11-30;8;189
25;2025-11-30;9;222
25;2025-11-30;10;224
25;2025-11-30;11;290
25;2025-11-30;12;360
25;2025-11-30;13;470
25;2025-11-30;14;500
25;2025-11-30;15;621
25;2025-11-30;16;532
25;2025-11-30;17;507
25;2025-11-30;18;451
25;2025-11-30;19;356
25;2025-11-30;20;251
25;2025-11-30;21;198
25;2025-11-30;22;116
25;2025-11-30;23;39
25;2025-12-01;0;8
25;2025-12-01;1;0
25;2025-12-01;2;0
25;2025-12-01;3;0
25;2025-12-01;4;0
25;2025-12-01;5;6
25;2025-12-01;6;186
25;2025-12-01;7;540
25;2025-12-01;8;974
25;2025-12-01;9;515
25;2025-12-01;10;346
25;2025-12-01;11;403
25;2025-12-01;12;392
25;2025-12-01;13;549
25;2025-12-01;14;443
25;2025-12-01;15;521
25;2025-12-01;16;698
25;2025-12-01;17;744
25;2025-12-01;18;851
25;2025-12-01;19;558
25;2025-12-01;20;317
25;2025-12-01;21;218
25;2025-12-01;22;101
25;2025-12-01;23;8
25;2025-12-02;0;0
25;2025-12-02;1;0
25;2025-12-02;2;0
25;2025-12-02;3;0
25;2025-12-02;4;0
25;2025-12-02;5;6
25;2025-12-02;6;188
25;2025-12-02;7;585
25;2025-12-02;8;990
25;2025-12-02;9;506
25;2025-12-02;10;388
25;2025-12-02;11;458
25;2025-12-02;12;422
25;2025-12-02;13;518
25;2025-12-02;14;480
25;2025-12-02;15;573
25;2025-12-02;16;715
25;2025-12-02;17;757
25;2025-12-02;18;795
25;2025-12-02;19;570
25;2025-12-02;20;343
25;2025-12-02;21;221
25;2025-12-02;22;109
25;2025-12-02;23;6
25;2025-12-03;0;0
25;2025-12-03;1;0
25;2025-12-03;2;0
25;2025-12-03;3;0
25;2025-12-03;4;0
25;2025-12-03;5;8
25;2025-12-03;6;177
25;2025-12-03;7;561
25;2025-12-03;8;929
25;2025-12-03;9;483
25;2025-12-03;10;375
25;2025-12-03;11;440
25;2025-12-03;12;434
25;2025-12-03;13;571
25;2025-12-03;14;464
25;2025-12-03;15;563
25;2025-12-03;16;672
25;2025-12-03;17;799
25;2025-12-03;18;850
25;2025-12-03;19;567
25;2025-12-03;20;348
25;2025-12-03;21;225
25;2025-12-03;22;115
25;2025-12-03;23;6
25;2025-12-04;0;0
25;2025-12-04;1;0
25;2025-12-04;2;0
25;2025-12-04;3;0
25;2025-12-04;4;0
25;2025-12-04;5;8
25;2025-12-04;6;191
25;2025-12-04;7;562
25;2025-12-04;8;972
25;2025-12-04;9;477
25;2025-12-04;10;380
25;2025-12-04;11;430
25;2025-12-04;12;424
25;2025-12-04;13;557
25;2025-12-04;14;523
25;2025-12-04;15;594
25;2025-12-04;16;701
25;2025-12-04;17;777
25;2025-12-04;18;801
25;2025-12-04;19;564
25;2025-12-04;20;316
25;2025-12-04;21;219
25;2025-12-04;22;118
25;2025-12-04;23;6
25;2025-12-05;0;0
25;2025-12-05;1;0
25;2025-12-05;2;0
25;2025-12-05;3;0
25;2025-12-05;4;0
25;2025-12-05;5;7
25;2025-12-05;6;203
25;2025-12-05;7;558
25;2025-12-05;8;865
25;2025-12-05;9;444
25;2025-12-05;10;366
25;2025-12-05;11;445
25;2025-12-05;12;430
25;2025-12-05;13;546
25;2025-12-05;14;509
25;2025-12-05;15;616
25;2025-12-05;16;784
25;2025-12-05;17;775
25;2025-12-05;18;685
25;2025-12-05;19;527
25;2025-12-05;20;323
25;2025-12-05;21;218
25;2025-12-05;22;125
25;2025-12-05;23;11
25;2025-12-06;0;0
25;2025-12-06;1;0
25;2025-12-06;2;0
25;2025-12-06;3;0
25;2025-12-06;4;0
25;2025-12-06;5;5
25;2025-12-06;6;71
25;2025-12-06;7;140
25;2025-12-06;8;326
25;2025-12-06;9;315
25;2025-12-06;10;306
25;2025-12-06;11;384
25;2025-12-06;12;393
25;2025-12-06;13;591
25;2025-12-06;14;591
25;2025-12-06;15;685
25;2025-12-06;16;593
25;2025-12-06;17;521
25;2025-12-06;18;511
25;2025-12-06;19;434
25;2025-12-06;20;277
25;2025-12-06;21;214
25;2025-12-06;22;136
25;2025-12-06;23;52
25;2025-12-07;0;13
25;2025-12-07;1;0
25;2025-12-07;2;0
25;2025-12-07;3;0
25;2025-12-07;4;0
25;2025-12-07;5;3
25;2025-12-07;6;58
25;2025-12-07;7;103
25;2025-12-07;8;189
25;2025-12-07;9;222
25;2025-12-07;10;224
25;2025-12-07;11;290
25;2025-12-07;12;360
25;2025-12-07;13;470
25;2025-12-07;14;500
25;2025-12-07;15;621
25;2025-12-07;16;532
25;2025-12-07;17;507
25;2025-12-07;18;451
25;2025-12-07;19;356
25;2025-12-07;20;251
25;2025-12-07;21;198
25;2025-12-07;22;116
25;2025-12-07;23;39
25;2025-12-08;0;8
25;2025-12-08;1;0
25;2025-12-08;2;0
25;2025-12-08;3;0
25;2025-12-08;4;0
25;2025-12-08;5;6
25;2025-12-08;6;186
25;2025-12-08;7;540
25;2025-12-08;8;974
25;2025-12-08;9;515
25;2025-12-08;10;346
25;2025-12-08;11;403
25;2025-12-08;12;392
25;2025-12-08;13;549
25;2025-12-08;14;443
25;2025-12-08;15;521
25;2025-12-08;16;698
25;2025-12-08;17;744
25;2025-12-08;18;851
25;2025-12-08;19;558
25;2025-12-08;20;317
25;2025-12-08;21;218
25;2025-12-08;22;101
25;2025-12-08;23;8
25;2025-12-09;0;0
25;2025-12-09;1;0
25;2025-12-09;2;0
25;2025-12-09;3;0
25;2025-12-09;4;0
25;2025-12-09;5;6
25;2025-12-09;6;188
25;2025-12-09;7;585
25;2025-12-09;8;990
25;2025-12-09;9;506
25;2025-12-09;10;388
25;2025-12-09;11;458
25;2025-12-09;12;422
25;2025-12-09;13;518
25;2025-12-09;14;480
25;2025-12-09;15;573
25;2025-12-09;16;715
25;2025-12-09;17;757
25;2025-12-09;18;795
25;2025-12-09;19;570
25;2025-12-09;20;343
25;2025-12-09;21;221
25;2025-12-09;22;109
25;2025-12-09;23;6
25;2025-12-10;0;0
25;2025-12-10;1;0
25;2025-12-10;2;0
25;2025-12-10;3;0
25;2025-12-10;4;0
25;2025-12-10;5;8
25;2025-12-10;6;177
25;2025-12-10;7;561
25;2025-12-10;8;929
25;2025-12-10;9;483
25;2025-12-10;10;375
25;2025-12-10;11;440
25;2025-12-10;12;434
25;2025-12-10;13;571
25;2025-12-10;14;464
25;2025-12-10;15;563
25;2025-12-10;16;672
25;2025-12-10;17;799
25;2025-12-10;18;850
25;2025-12-10;19;567
25;2025-12-10;20;348
25;2025-12-10;21;225
25;2025-12-10;22;115
25;2025-12-10;23;6
25;2025-12-11;0;0
25;2025-12-11;1;0
25;2025-12-11;2;0
25;2025-12-11;3;0
25;2025-12-11;4;0
25;2025-12-11;5;8
25;2025-12-11;6;191
25;2025-12-11;7;562
25;2025-12-11;8;972
25;2025-12-11;9;477
25;2025-12-11;10;380
25;2025-12-11;11;430
25;2025-12-11;12;424
25;2025-12-11;13;557
25;2025-12-11;14;523
25;2025-12-11;15;594
25;2025-12-11;16;701
25;2025-12-11;17;777
25;2025-12-11;18;801
25;2025-12-11;19;564
25;2025-12-11;20;316
25;2025-12-11;21;219
25;2025-12-11;22;118
25;2025-12-11;23;6
25;2025-12-12;0;0
25;2025-12-12;1;0
25;2025-12-12;2;0
25;2025-12-12;3;0
25;2025-12-12;4;0
25;2025-12-12;5;7
25;2025-12-12;6;203
25;2025-12-12;7;558
25;2025-12-12;8;865
25;2025-12-12;9;444
25;2025-12-12;10;366
25;2025-12-12;11;445
25;2025-12-12;12;430
25;2025-12-12;13;546
25;2025-12-12;14;509
25;2025-12-12;15;616
25;2025-12-12;16;784
25;2025-12-12;17;775
25;2025-12-12;18;685
25;2025-12-12;19;527
25;2025-12-12;20;323
25;2025-12-12;21;218
25;2025-12-12;22;125
25;2025-12-12;23;11
25;2025-12-13;0;0
25;2025-12-13;1;0
25;2025-12-13;2;0
25;2025-12-13;3;0
25;2025-12-13;4;0
25;2025-12-13;5;5
25;2025-12-13;6;71
25;2025-12-13;7;140
25;2025-12-13;8;326
25;2025-12-13;9;315
25;2025-12-13;10;306
25;2025-12-13;11;384
25;2025-12-13;12;393
25;2025-12-13;13;591
25;2025-12-13;14;591
25;2025-12-13;15;685
25;2025-12-13;16;593
25;2025-12-13;17;521
25;2025-12-13;18;511
25;2025-12-13;19;434
25;2025-12-13;20;277
25;2025-12-13;21;214
25;2025-12-13;22;136
25;2025-12-13;23;52
25;2025-12-14;0;13
25;2025-12-14;1;0
25;2025-12-14;2;0
25;2025-12-14;3;0
25;2025-12-14;4;0
25;2025-12-14;5;3
25;2025-12-14;6;58
25;2025-12-14;7;103
25;2025-12-14;8;189
25;2025-12-14;9;222
25;2025-12-14;10;224
25;2025-12-14;11;290
25;2025-12-14;12;360
25;2025-12-14;13;470
25;2025-12-14;14;500
25;2025-12-14;15;621
25;2025-12-14;16;532
25;2025-12-14;17;507
25;2025-12-14;18;451
25;2025-12-14;19;356
25;2025-12-14;20;251
25;2025-12-14;21;198
25;2025-12-14;22;116
25;2025-12-14;23;39
25;2025-12-15;0;8
25;2025-12-15;1;0
25;2025-12-15;2;0
25;2025-12-15;3;0
25;2025-12-15;4;0
25;2025-12-15;5;6
25;2025-12-15;6;186
25;2025-12-15;7;540
25;2025-12-15;8;974
25;2025-12-15;9;515
25;2025-12-15;10;346
25;2025-12-15;11;403
25;2025-12-15;12;392
25;2025-12-15;13;549
25;2025-12-15;14;443
25;2025-12-15;15;521
25;2025-12-15;16;698
25;2025-12-15;17;744
25;2025-12-15;18;851
25;2025-12-15;19;558
25;2025-12-15;20;317
25;2025-12-15;21;218
25;2025-12-15;22;101
25;2025-12-15;23;8
25;2025-12-16;0;0
25;2025-12-16;1;0
25;2025-12-16;2;0
25;2025-12-16;3;0
25;2025-12-16;4;0
25;2025-12-16;5;6
25;2025-12-16;6;188
25;2025-12-16;7;585
25;2025-12-16;8;990
25;2025-12-16;9;506
25;2025-12-16;10;388
25;2025-12-16;11;458
25;2025-12-16;12;422
25;2025-12-16;13;518
25;2025-12-16;14;480
25;2025-12-16;15;573
25;2025-12-16;16;715
25;2025-12-16;17;757
25;2025-12-16;18;795
25;2025-12-16;19;570
25;2025-12-16;20;343
25;2025-12-16;21;221
25;2025-12-16;22;109
25;2025-12-16;23;6
25;2025-12-17;0;0
25;2025-12-17;1;0
25;2025-12-17;2;0
25;2025-12-17;3;0
25;2025-12-17;4;0
25;2025-12-17;5;8
25;2025-12-17;6;177
25;2025-12-17;7;561
25;2025-12-17;8;929
25;2025-12-17;9;483
25;2025-12-17;10;375
25;2025-12-17;11;440
25;2025-12-17;12;434
25;2025-12-17;13;571
25;2025-12-17;14;464
25;2025-12-17;15;563
25;2025-12-17;16;672
25;2025-12-17;17;799
25;2025-12-17;18;850
25;2025-12-17;19;567
25;2025-12-17;20;348
25;2025-12-17;21;225
25;2025-12-17;22;115
25;2025-12-17;23;6
25;2025-12-18;0;0
25;2025-12-18;1;0
25;2025-12-18;2;0
25;2025-12-18;3;0
25;2025-12-18;4;0
25;2025-12-18;5;8
25;2025-12-18;6;191
25;2025-12-18;7;562
25;2025-12-18;8;972
25;2025-12-18;9;477
25;2025-12-18;10;380
25;2025-12-18;11;430
25;2025-12-18;12;424
25;2025-12-18;13;557
25;2025-12-18;14;523
25;2025-12-18;15;594
25;2025-12-18;16;701
25;2025-12-18;17;777
25;2025-12-18;18;801
25;2025-12-18;19;564
25;2025-12-18;20;316
25;2025-12-18;21;219
25;2025-12-18;22;118
25;2025-12-18;23;6
25;2025-12-19;0;0
25;2025-12-19;1;0
25;2025-12-19;2;0
25;2025-12-19;3;0
25;2025-12-19;4;0
25;2025-12-19;5;7
25;2025-12-19;6;203
25;2025-12-19;7;558
25;2025-12-19;8;865
25;2025-12-19;9;444
25;2025-12-19;10;366
25;2025-12-19;11;445
25;2025-12-19;12;430
25;2025-12-19;13;546
25;2025-12-19;14;509
25;2025-12-19;15;616
25;2025-12-19;16;784
25;2025-12-19;17;775
25;2025-12-19;18;685
25;2025-12-19;19;527
25;2025-12-19;20;323
25;2025-12-19;21;218
25;2025-12-19;22;125
25;2025-12-19;23;11
25;2025-12-20;0;0
25;2025-12-20;1;0
25;2025-12-20;2;0
25;2025-12-20;3;0
25;2025-12-20;4;0
25;2025-12-20;5;5
25;2025-12-20;6;71
25;2025-12-20;7;140
25;2025-12-20;8;326
25;2025-12-20;9;315
25;2025-12-20;10;306
25;2025-12-20;11;384
25;2025-12-20;12;393
25;2025-12-20;13;591
25;2025-12-20;14;591
25;2025-12-20;15;685
25;2025-12-20;16;593
25;2025-12-20;17;521
25;2025-12-20;18;511
25;2025-12-20;19;434
25;2025-12-20;20;277
25;2025-12-20;21;214
25;2025-12-20;22;136
25;2025-12-20;23;52
25;2025-12-21;0;13
25;2025-12-21;1;0
25;2025-12-21;2;0
25;2025-12-21;3;0
25;2025-12-21;4;0
25;2025-12-21;5;3
25;2025-12-21;6;58
25;2025-12-21;7;103
25;2025-12-21;8;189
25;2025-12-21;9;222
25;2025-12-21;10;224
25;2025-12-21;11;290
25;2025-12-21;12;360
25;2025-12-21;13;470
25;2025-12-21;14;500
25;2025-12-21;15;621
25;2025-12-21;16;532
25;2025-12-21;17;507
25;2025-12-21;18;451
25;2025-12-21;19;356
25;2025-12-21;20;251
25;2025-12-21;21;198
25;2025-12-21;22;116
25;2025-12-21;23;39
25;2025-12-22;0;8
25;2025-12-22;1;0
25;2025-12-22;2;0
25;2025-12-22;3;0
25;2025-12-22;4;0
25;2025-12-22;5;6
25;2025-12-22;6;186
25;2025-12-22;7;540
25;2025-12-22;8;974
25;2025-12-22;9;515
25;2025-12-22;10;346
25;2025-12-22;11;403
25;2025-12-22;12;392
25;2025-12-22;13;549
25;2025-12-22;14;443
25;2025-12-22;15;521
25;2025-12-22;16;698
25;2025-12-22;17;744
25;2025-12-22;18;851
25;2025-12-22;19;558
25;2025-12-22;20;317
25;2025-12-22;21;218
25;2025-12-22;22;101
25;2025-12-22;23;8
25;2025-12-23;0;0
25;2025-12-23;1;0
25;2025-12-23;2;0
25;2025-12-23;3;0
25;2025-12-23;4;0
25;2025-12-23;5;6
25;2025-12-23;6;188
25;2025-12-23;7;585
25;2025-12-23;8;990
25;2025-12-23;9;506
25;2025-12-23;10;388
25;2025-12-23;11;458
25;2025-12-23;12;422
25;2025-12-23;13;518
25;2025-12-23;14;480
25;2025-12-23;15;573
25;2025-12-23;16;715
25;2025-12-23;17;757
25;2025-12-23;18;795
25;2025-12-23;19;570
25;2025-12-23;20;343
25;2025-12-23;21;221
25;2025-12-23;22;109
25;2025-12-23;23;6
25;2025-12-24;0;0
25;2025-12-24;1;0
25;2025-12-24;2;0
25;2025-12-24;3;0
25;2025-12-24;4;0
25;2025-12-24;5;8
25;2025-12-24;6;177
25;2025-12-24;7;561
25;2025-12-24;8;929
25;2025-12-24;9;483
25;2025-12-24;10;375
25;2025-12-24;11;440
25;2025-12-24;12;434
25;2025-12-24;13;571
25;2025-12-24;14;464
25;2025-12-24;15;563
25;2025-12-24;16;672
25;2025-12-24;17;799
25;2025-12-24;18;850
25;2025-12-24;19;567
25;2025-12-24;20;348
25;2025-12-24;21;225
25;2025-12-24;22;115
25;2025-12-24;23;6
25;2025-12-25;0;0
25;2025-12-25;1;0
25;2025-12-25;2;0
25;2025-12-25;3;0
25;2025-12-25;4;0
25;2025-12-25;5;8
25;2025-12-25;6;191
25;2025-12-25;7;562
25;2025-12-25;8;972
25;2025-12-25;9;477
25;2025-12-25;10;380
25;2025-12-25;11;430
25;2025-12-25;12;424
25;2025-12-25;13;557
25;2025-12-25;14;523
25;2025-12-25;15;594
25;2025-12-25;16;701
25;2025-12-25;17;777
25;2025-12-25;18;801
25;2025-12-25;19;564
25;2025-12-25;20;316
25;2025-12-25;21;219
25;2025-12-25;22;118
25;2025-12-25;23;6
25;2025-12-26;0;0
25;2025-12-26;1;0
25;2025-12-26;2;0
25;2025-12-26;3;0
25;2025-12-26;4;0
25;2025-12-26;5;7
25;2025-12-26;6;203
25;2025-12-26;7;558
25;2025-12-26;8;865
25;2025-12-26;9;444
25;2025-12-26;10;366
25;2025-12-26;11;445
25;2025-12-26;12;430
25;2025-12-26;13;546
25;2025-12-26;14;509
25;2025-12-26;15;616
25;2025-12-26;16;784
25;2025-12-26;17;775
25;2025-12-26;18;685
25;2025-12-26;19;527
25;2025-12-26;20;323
25;2025-12-26;21;218
25;2025-12-26;22;125
25;2025-12-26;23;11
25;2025-12-27;0;0
25;2025-12-27;1;0
25;2025-12-27;2;0
25;2025-12-27;3;0
25;2025-12-27;4;0
25;2025-12-27;5;5
25;2025-12-27;6;71
25;2025-12-27;7;140
25;2025-12-27;8;326
25;2025-12-27;9;315
25;2025-12-27;10;306
25;2025-12-27;11;384
25;2025-12-27;12;393
25;2025-12-27;13;591
25;2025-12-27;14;591
25;2025-12-27;15;685
25;2025-12-27;16;593
25;2025-12-27;17;521
25;2025-12-27;18;511
25;2025-12-27;19;434
25;2025-12-27;20;277
25;2025-12-27;21;214
25;2025-12-27;22;136
25;2025-12-27;23;52
25;2025-12-28;0;13
25;2025-12-28;1;0
25;2025-12-28;2;0
25;2025-12-28;3;0
25;2025-12-28;4;0
25;2025-12-28;5;3
25;2025-12-28;6;58
25;2025-12-28;7;103
25;2025-12-28;8;189
25;2025-12-28;9;222
25;2025-12-28;10;224
25;2025-12-28;11;290
25;2025-12-28;12;360
25;2025-12-28;13;470
25;2025-12-28;14;500
25;2025-12-28;15;621
25;2025-12-28;16;532
25;2025-12-28;17;507
25;2025-12-28;18;451
25;2025-12-28;19;356
25;2025-12-28;20;251
25;2025-12-28;21;198
25;2025-12-28;22;116
25;2025-12-28;23;39
25;2025-12-29;0;8
25;2025-12-29;1;0
25;2025-12-29;2;0
25;2025-12-29;3;0
25;2025-12-29;4;0
25;2025-12-29;5;6
25;2025-12-29;6;186
25;2025-12-29;7;540
25;2025-12-29;8;974
25;2025-12-29;9;515
25;2025-12-29;10;346
25;2025-12-29;11;403
25;2025-12-29;12;392
25;2025-12-29;13;549
25;2025-12-29;14;443
25;2025-12-29;15;521
25;2025-12-29;16;698
25;2025-12-29;17;744
25;2025-12-29;18;851
25;2025-12-29;19;558
25;2025-12-29;20;317
25;2025-12-29;21;218
25;2025-12-29;22;101
25;2025-12-29;23;8
25;2025-12-30;0;0
25;2025-12-30;1;0
25;2025-12-30;2;0
25;2025-12-30;3;0
25;2025-12-30;4;0
25;2025-12-30;5;6
25;2025-12-30;6;188
25;2025-12-30;7;585
25;2025-12-30;8;990
25;2025-12-30;9;506
25;2025-12-30;10;388
25;2025-12-30;11;458
25;2025-12-30;12;422
25;2025-12-30;13;518
25;2025-12-30;14;480
25;2025-12-30;15;573
25;2025-12-30;16;715
25;2025-12-30;17;757
25;2025-12-30;18;795
25;2025-12-30;19;570
25;2025-12-30;20;343
25;2025-12-30;21;221
25;2025-12-30;22;109
25;2025-12-30;23;6
25;2025-12-31;0;13
25;2025-12-31;1;0
25;2025-12-31;2;0
25;2025-12-31;3;0
25;2025-12-31;4;0
25;2025-12-31;5;3
25;2025-12-31;6;57
25;2025-12-31;7;101
25;2025-12-31;8;185
25;2025-12-31;9;218
25;2025-12-31;10;220
25;2025-12-31;11;285
25;2025-12-31;12;353
25;2025-12-31;13;460
25;2025-12-31;14;490
25;2025-12-31;15;609
25;2025-12-31;16;522
25;2025-12-31;17;497
25;2025-12-31;18;442
25;2025-12-31;19;349
25;2025-12-31;20;246
25;2025-12-31;21;194
25;2025-12-31;22;114
25;2025-12-31;23;39
26;2025-11-01;0;33
26;2025-11-01;1;0
26;2025-11-01;2;0
26;2025-11-01;3;0
26;2025-11-01;4;0
26;2025-11-01;5;55
26;2025-11-01;6;470
26;2025-11-01;7;1003
26;2025-11-01;8;1974
26;2025-11-01;9;1306
26;2025-11-01;10;1156
26;2025-11-01;11;997
26;2025-11-01;12;1047
26;2025-11-01;13;1101
26;2025-11-01;14;1216
26;2025-11-01;15;1300
26;2025-11-01;16;1529
26;2025-11-01;17;1619
26;2025-11-01;18;1320
26;2025-11-01;19;1019
26;2025-11-01;20;665
26;2025-11-01;21;454
26;2025-11-01;22;211
26;2025-11-01;23;152
26;2025-11-02;0;54
26;2025-11-02;1;0
26;2025-11-02;2;0
26;2025-11-02;3;0
26;2025-11-02;4;0
26;2025-11-02;5;21
26;2025-11-02;6;167
26;2025-11-02;7;275
26;2025-11-02;8;391
26;2025-11-02;9;535
26;2025-11-02;10;589
26;2025-11-02;11;802
26;2025-11-02;12;842
26;2025-11-02;13;901
26;2025-11-02;14;887
26;2025-11-02;15;819
26;2025-11-02;16;832
26;2025-11-02;17;822
26;2025-11-02;18;772
26;2025-11-02;19;587
26;2025-11-02;20;450
26;2025-11-02;21;307
26;2025-11-02;22;204
26;2025-11-02;23;117
26;2025-11-03;0;52
26;2025-11-03;1;0
26;2025-11-03;2;0
26;2025-11-03;3;0
26;2025-11-03;4;0
26;2025-11-03;5;20
26;2025-11-03;6;160
26;2025-11-03;7;263
26;2025-11-03;8;374
26;2025-11-03;9;512
26;2025-11-03;10;563
26;2025-11-03;11;767
26;2025-11-03;12;805
26;2025-11-03;13;862
26;2025-11-03;14;848
26;2025-11-03;15;783
26;2025-11-03;16;796
26;2025-11-03;17;786
26;2025-11-03;18;739
26;2025-11-03;19;562
26;2025-11-03;20;430
26;2025-11-03;21;294
26;2025-11-03;22;195
26;2025-11-03;23;112
26;2025-11-04;0;53
26;2025-11-04;1;0
26;2025-11-04;2;0
26;2025-11-04;3;0
26;2025-11-04;4;0
26;2025-11-04;5;20
26;2025-11-04;6;164
26;2025-11-04;7;271
26;2025-11-04;8;385
26;2025-11-04;9;528
26;2025-11-04;10;580
26;2025-11-04;11;790
26;2025-11-04;12;829
26;2025-11-04;13;888
26;2025-11-04;14;874
26;2025-11-04;15;807
26;2025-11-04;16;819
26;2025-11-04;17;810
26;2025-11-04;18;761
26;2025-11-04;19;578
26;2025-11-04;20;443
26;2025-11-04;21;302
26;2025-11-04;22;201
26;2025-11-04;23;115
26;2025-11-05;0;35
26;2025-11-05;1;0
26;2025-11-05;2;0
26;2025-11-05;3;0
26;2025-11-05;4;0
26;2025-11-05;5;67
26;2025-11-05;6;485
26;2025-11-05;7;1103
26;2025-11-05;8;2190
26;2025-11-05;9;1453
26;2025-11-05;10;1186
26;2025-11-05;11;1080
26;2025-11-05;12;1125
26;2025-11-05;13;1168
26;2025-11-05;14;1312
26;2025-11-05;15;1334
26;2025-11-05;16;1458
26;2025-11-05;17;1629
26;2025-11-05;18;1832
26;2025-11-05;19;1241
26;2025-11-05;20;778
26;2025-11-05;21;505
26;2025-11-05;22;231
26;2025-11-05;23;131
26;2025-11-06;0;39
26;2025-11-06;1;0
26;2025-11-06;2;0
26;2025-11-06;3;0
26;2025-11-06;4;0
26;2025-11-06;5;58
26;2025-11-06;6;483
26;2025-11-06;7;1080
26;2025-11-06;8;2173
26;2025-11-06;9;1487
26;2025-11-06;10;1172
26;2025-11-06;11;1121
26;2025-11-06;12;1125
26;2025-11-06;13;1160
26;2025-11-06;14;1274
26;2025-11-06;15;1342
26;2025-11-06;16;1484
26;2025-11-06;17;1668
26;2025-11-06;18;1908
26;2025-11-06;19;1251
26;2025-11-06;20;752
26;2025-11-06;21;473
26;2025-11-06;22;241
26;2025-11-06;23;130
26;2025-11-07;0;35
26;2025-11-07;1;0
26;2025-11-07;2;0
26;2025-11-07;3;0
26;2025-11-07;4;0
26;2025-11-07;5;59
26;2025-11-07;6;505
26;2025-11-07;7;1077
26;2025-11-07;8;2119
26;2025-11-07;9;1401
26;2025-11-07;10;1241
26;2025-11-07;11;1070
26;2025-11-07;12;1124
26;2025-11-07;13;1182
26;2025-11-07;14;1305
26;2025-11-07;15;1395
26;2025-11-07;16;1642
26;2025-11-07;17;1737
26;2025-11-07;18;1417
26;2025-11-07;19;1094
26;2025-11-07;20;714
26;2025-11-07;21;487
26;2025-11-07;22;226
26;2025-11-07;23;163
26;2025-11-08;0;46
26;2025-11-08;1;0
26;2025-11-08;2;0
26;2025-11-08;3;0
26;2025-11-08;4;0
26;2025-11-08;5;40
26;2025-11-08;6;260
26;2025-11-08;7;382
26;2025-11-08;8;611
26;2025-11-08;9;687
26;2025-11-08;10;818
26;2025-11-08;11;995
26;2025-11-08;12;1032
26;2025-11-08;13;1036
26;2025-11-08;14;1031
26;2025-11-08;15;991
26;2025-11-08;16;997
26;2025-11-08;17;929
26;2025-11-08;18;881
26;2025-11-08;19;820
26;2025-11-08;20;554
26;2025-11-08;21;366
26;2025-11-08;22;223
26;2025-11-08;23;150
26;2025-11-09;0;54
26;2025-11-09;1;0
26;2025-11-09;2;0
26;2025-11-09;3;0
26;2025-11-09;4;0
26;2025-11-09;5;21
26;2025-11-09;6;167
26;2025-11-09;7;275
26;2025-11-09;8;391
26;2025-11-09;9;535
26;2025-11-09;10;589
26;2025-11-09;11;802
26;2025-11-09;12;842
26;2025-11-09;13;901
26;2025-11-09;14;887
26;2025-11-09;15;819
26;2025-11-09;16;832
26;2025-11-09;17;822
26;2025-11-09;18;772
26;2025-11-09;19;587
26;2025-11-09;20;450
26;2025-11-09;21;307
26;2025-11-09;22;204
26;2025-11-09;23;117
26;2025-11-10;0;27
26;2025-11-10;1;0
26;2025-11-10;2;0
26;2025-11-10;3;0
26;2025-11-10;4;0
26;2025-11-10;5;67
26;2025-11-10;6;501
26;2025-11-10;7;1103
26;2025-11-10;8;2105
26;2025-11-10;9;1413
26;2025-11-10;10;1172
26;2025-11-10;11;1023
26;2025-11-10;12;1047
26;2025-11-10;13;1148
26;2025-11-10;14;1192
26;2025-11-10;15;1305
26;2025-11-10;16;1469
26;2025-11-10;17;1666
26;2025-11-10;18;1868
26;2025-11-10;19;1218
26;2025-11-10;20;765
26;2025-11-10;21;445
26;2025-11-10;22;212
26;2025-11-10;23;107
26;2025-11-11;0;31
26;2025-11-11;1;0
26;2025-11-11;2;0
26;2025-11-11;3;0
26;2025-11-11;4;0
26;2025-11-11;5;60
26;2025-11-11;6;502
26;2025-11-11;7;1103
26;2025-11-11;8;2226
26;2025-11-11;9;1445
26;2025-11-11;10;1195
26;2025-11-11;11;1110
26;2025-11-11;12;1128
26;2025-11-11;13;1137
26;2025-11-11;14;1189
26;2025-11-11;15;1304
26;2025-11-11;16;1456
26;2025-11-11;17;1758
26;2025-11-11;18;1886
26;2025-11-11;19;1332
26;2025-11-11;20;779
26;2025-11-11;21;474
26;2025-11-11;22;217
26;2025-11-11;23;117
26;2025-11-12;0;35
26;2025-11-12;1;0
26;2025-11-12;2;0
26;2025-11-12;3;0
26;2025-11-12;4;0
26;2025-11-12;5;67
26;2025-11-12;6;485
26;2025-11-12;7;1103
26;2025-11-12;8;2190
26;2025-11-12;9;1453
26;2025-11-12;10;1186
26;2025-11-12;11;1080
26;2025-11-12;12;1125
26;2025-11-12;13;1168
26;2025-11-12;14;1312
26;2025-11-12;15;1334
26;2025-11-12;16;1458
26;2025-11-12;17;1629
26;2025-11-12;18;1832
26;2025-11-12;19;1241
26;2025-11-12;20;778
26;2025-11-12;21;505
26;2025-11-12;22;231
26;2025-11-12;23;131
26;2025-11-13;0;39
26;2025-11-13;1;0
26;2025-11-13;2;0
26;2025-11-13;3;0
26;2025-11-13;4;0
26;2025-11-13;5;58
26;2025-11-13;6;483
26;2025-11-13;7;1080
26;2025-11-13;8;2173
26;2025-11-13;9;1487
26;2025-11-13;10;1172
26;2025-11-13;11;1121
26;2025-11-13;12;1125
26;2025-11-13;13;1160
26;2025-11-13;14;1274
26;2025-11-13;15;1342
26;2025-11-13;16;1484
26;2025-11-13;17;1668
26;2025-11-13;18;1908
26;2025-11-13;19;1251
26;2025-11-13;20;752
26;2025-11-13;21;473
26;2025-11-13;22;241
26;2025-11-13;23;130
26;2025-11-14;0;35
26;2025-11-14;1;0
26;2025-11-14;2;0
26;2025-11-14;3;0
26;2025-11-14;4;0
26;2025-11-14;5;59
26;2025-11-14;6;505
26;2025-11-14;7;1077
26;2025-11-14;8;2119
26;2025-11-14;9;1401
26;2025-11-14;10;1241
26;2025-11-14;11;1070
26;2025-11-14;12;1124
26;2025-11-14;13;1182
26;2025-11-14;14;1305
26;2025-11-14;15;1395
26;2025-11-14;16;1642
26;2025-11-14;17;1737
26;2025-11-14;18;1417
26;2025-11-14;19;1094
26;2025-11-14;20;714
26;2025-11-14;21;487
26;2025-11-14;22;226
26;2025-11-14;23;163
26;2025-11-15;0;46
26;2025-11-15;1;0
26;2025-11-15;2;0
26;2025-11-15;3;0
26;2025-11-15;4;0
26;2025-11-15;5;40
26;2025-11-15;6;260
26;2025-11-15;7;382
26;2025-11-15;8;611
26;2025-11-15;9;687
26;2025-11-15;10;818
26;2025-11-15;11;995
26;2025-11-15;12;1032
26;2025-11-15;13;1036
26;2025-11-15;14;1031
26;2025-11-15;15;991
26;2025-11-15;16;997
26;2025-11-15;17;929
26;2025-11-15;18;881
26;2025-11-15;19;820
26;2025-11-15;20;554
26;2025-11-15;21;366
26;2025-11-15;22;223
26;2025-11-15;23;150
26;2025-11-16;0;54
26;2025-11-16;1;0
26;2025-11-16;2;0
26;2025-11-16;3;0
26;2025-11-16;4;0
26;2025-11-16;5;21
26;2025-11-16;6;167
26;2025-11-16;7;275
26;2025-11-16;8;391
26;2025-11-16;9;535
26;2025-11-16;10;589
26;2025-11-16;11;802
26;2025-11-16;12;842
26;2025-11-16;13;901
26;2025-11-16;14;887
26;2025-11-16;15;819
26;2025-11-16;16;832
26;2025-11-16;17;822
26;2025-11-16;18;772
26;2025-11-16;19;587
26;2025-11-16;20;450
26;2025-11-16;21;307
26;2025-11-16;22;204
26;2025-11-16;23;117
26;2025-11-17;0;27
26;2025-11-17;1;0
26;2025-11-17;2;0
26;2025-11-17;3;0
26;2025-11-17;4;0
26;2025-11-17;5;67
26;2025-11-17;6;501
26;2025-11-17;7;1103
26;2025-11-17;8;2105
26;2025-11-17;9;1413
26;2025-11-17;10;1172
26;2025-11-17;11;1023
26;2025-11-17;12;1047
26;2025-11-17;13;1148
26;2025-11-17;14;1192
26;2025-11-17;15;1305
26;2025-11-17;16;1469
26;2025-11-17;17;1666
26;2025-11-17;18;1868
26;2025-11-17;19;1218
26;2025-11-17;20;765
26;2025-11-17;21;445
26;2025-11-17;22;212
26;2025-11-17;23;107
26;2025-11-18;0;31
26;2025-11-18;1;0
26;2025-11-18;2;0
26;2025-11-18;3;0
26;2025-11-18;4;0
26;2025-11-18;5;60
26;2025-11-18;6;502
26;2025-11-18;7;1103
26;2025-11-18;8;2226
26;2025-11-18;9;1445
26;2025-11-18;10;1195
26;2025-11-18;11;1110
26;2025-11-18;12;1128
26;2025-11-18;13;1137
26;2025-11-18;14;1189
26;2025-11-18;15;1304
26;2025-11-18;16;1456
26;2025-11-18;17;1758
26;2025-11-18;18;1886
26;2025-11-18;19;1332
26;2025-11-18;20;779
26;2025-11-18;21;474
26;2025-11-18;22;217
26;2025-11-18;23;117
26;2025-11-19;0;35
26;2025-11-19;1;0
26;2025-11-19;2;0
26;2025-11-19;3;0
26;2025-11-19;4;0
26;2025-11-19;5;67
26;2025-11-19;6;485
26;2025-11-19;7;1103
26;2025-11-19;8;2190
26;2025-11-19;9;1453
26;2025-11-19;10;1186
26;2025-11-19;11;1080
26;2025-11-19;12;1125
26;2025-11-19;13;1168
26;2025-11-19;14;1312
26;2025-11-19;15;1334
26;2025-11-19;16;1458
26;2025-11-19;17;1629
26;2025-11-19;18;1832
26;2025-11-19;19;1241
26;2025-11-19;20;778
26;2025-11-19;21;505
26;2025-11-19;22;231
26;2025-11-19;23;131
26;2025-11-20;0;39
26;2025-11-20;1;0
26;2025-11-20;2;0
26;2025-11-20;3;0
26;2025-11-20;4;0
26;2025-11-20;5;58
26;2025-11-20;6;483
26;2025-11-20;7;1080
26;2025-11-20;8;2173
26;2025-11-20;9;1487
26;2025-11-20;10;1172
26;2025-11-20;11;1121
26;2025-11-20;12;1125
26;2025-11-20;13;1160
26;2025-11-20;14;1274
26;2025-11-20;15;1342
26;2025-11-20;16;1484
26;2025-11-20;17;1668
26;2025-11-20;18;1908
26;2025-11-20;19;1251
26;2025-11-20;20;752
26;2025-11-20;21;473
26;2025-11-20;22;241
26;2025-11-20;23;130
26;2025-11-21;0;35
26;2025-11-21;1;0
26;2025-11-21;2;0
26;2025-11-21;3;0
26;2025-11-21;4;0
26;2025-11-21;5;59
26;2025-11-21;6;505
26;2025-11-21;7;1077
26;2025-11-21;8;2119
26;2025-11-21;9;1401
26;2025-11-21;10;1241
26;2025-11-21;11;1070
26;2025-11-21;12;1124
26;2025-11-21;13;1182
26;2025-11-21;14;1305
26;2025-11-21;15;1395
26;2025-11-21;16;1642
26;2025-11-21;17;1737
26;2025-11-21;18;1417
26;2025-11-21;19;1094
26;2025-11-21;20;714
26;2025-11-21;21;487
26;2025-11-21;22;226
26;2025-11-21;23;163
26;2025-11-22;0;46
26;2025-11-22;1;0
26;2025-11-22;2;0
26;2025-11-22;3;0
26;2025-11-22;4;0
26;2025-11-22;5;40
26;2025-11-22;6;260
26;2025-11-22;7;382
26;2025-11-22;8;611
26;2025-11-22;9;687
26;2025-11-22;10;818
26;2025-11-22;11;995
26;2025-11-22;12;1032
26;2025-11-22;13;1036
26;2025-11-22;14;1031
26;2025-11-22;15;991
26;2025-11-22;16;997
26;2025-11-22;17;929
26;2025-11-22;18;881
26;2025-11-22;19;820
26;2025-11-22;20;554
26;2025-11-22;21;366
26;2025-11-22;22;223
26;2025-11-22;23;150
26;2025-11-23;0;54
26;2025-11-23;1;0
26;2025-11-23;2;0
26;2025-11-23;3;0
26;2025-11-23;4;0
26;2025-11-23;5;21
26;2025-11-23;6;167
26;2025-11-23;7;275
26;2025-11-23;8;391
26;2025-11-23;9;535
26;2025-11-23;10;589
26;2025-11-23;11;802
26;2025-11-23;12;842
26;2025-11-23;13;901
26;2025-11-23;14;887
26;2025-11-23;15;819
26;2025-11-23;16;832
26;2025-11-23;17;822
26;2025-11-23;18;772
26;2025-11-23;19;587
26;2025-11-23;20;450
26;2025-11-23;21;307
26;2025-11-23;22;204
26;2025-11-23;23;117
26;2025-11-24;0;27
26;2025-11-24;1;0
26;2025-11-24;2;0
26;2025-11-24;3;0
26;2025-11-24;4;0
26;2025-11-24;5;67
26;2025-11-24;6;501
26;2025-11-24;7;1103
26;2025-11-24;8;2105
26;2025-11-24;9;1413
26;2025-11-24;10;1172
26;2025-11-24;11;1023
26;2025-11-24;12;1047
26;2025-11-24;13;1148
26;2025-11-24;14;1192
26;2025-11-24;15;1305
26;2025-11-24;16;1469
26;2025-11-24;17;1666
26;2025-11-24;18;1868
26;2025-11-24;19;1218
26;2025-11-24;20;765
26;2025-11-24;21;445
26;2025-11-24;22;212
26;2025-11-24;23;107
26;2025-11-25;0;31
26;2025-11-25;1;0
26;2025-11-25;2;0
26;2025-11-25;3;0
26;2025-11-25;4;0
26;2025-11-25;5;60
26;2025-11-25;6;502
26;2025-11-25;7;1103
26;2025-11-25;8;2226
26;2025-11-25;9;1445
26;2025-11-25;10;1195
26;2025-11-25;11;1110
26;2025-11-25;12;1128
26;2025-11-25;13;1137
26;2025-11-25;14;1189
26;2025-11-25;15;1304
26;2025-11-25;16;1456
26;2025-11-25;17;1758
26;2025-11-25;18;1886
26;2025-11-25;19;1332
26;2025-11-25;20;779
26;2025-11-25;21;474
26;2025-11-25;22;217
26;2025-11-25;23;117
26;2025-11-26;0;35
26;2025-11-26;1;0
26;2025-11-26;2;0
26;2025-11-26;3;0
26;2025-11-26;4;0
26;2025-11-26;5;67
26;2025-11-26;6;485
26;2025-11-26;7;1103
26;2025-11-26;8;2190
26;2025-11-26;9;1453
26;2025-11-26;10;1186
26;2025-11-26;11;1080
26;2025-11-26;12;1125
26;2025-11-26;13;1168
26;2025-11-26;14;1312
26;2025-11-26;15;1334
26;2025-11-26;16;1458
26;2025-11-26;17;1629
26;2025-11-26;18;1832
26;2025-11-26;19;1241
26;2025-11-26;20;778
26;2025-11-26;21;505
26;2025-11-26;22;231
26;2025-11-26;23;131
26;2025-11-27;0;39
26;2025-11-27;1;0
26;2025-11-27;2;0
26;2025-11-27;3;0
26;2025-11-27;4;0
26;2025-11-27;5;58
26;2025-11-27;6;483
26;2025-11-27;7;1080
26;2025-11-27;8;2173
26;2025-11-27;9;1487
26;2025-11-27;10;1172
26;2025-11-27;11;1121
26;2025-11-27;12;1125
26;2025-11-27;13;1160
26;2025-11-27;14;1274
26;2025-11-27;15;1342
26;2025-11-27;16;1484
26;2025-11-27;17;1668
26;2025-11-27;18;1908
26;2025-11-27;19;1251
26;2025-11-27;20;752
26;2025-11-27;21;473
26;2025-11-27;22;241
26;2025-11-27;23;130
26;2025-11-28;0;35
26;2025-11-28;1;0
26;2025-11-28;2;0
26;2025-11-28;3;0
26;2025-11-28;4;0
26;2025-11-28;5;59
26;2025-11-28;6;505
26;2025-11-28;7;1077
26;2025-11-28;8;2119
26;2025-11-28;9;1401
26;2025-11-28;10;1241
26;2025-11-28;11;1070
26;2025-11-28;12;1124
26;2025-11-28;13;1182
26;2025-11-28;14;1305
26;2025-11-28;15;1395
26;2025-11-28;16;1642
26;2025-11-28;17;1737
26;2025-11-28;18;1417
26;2025-11-28;19;1094
26;2025-11-28;20;714
26;2025-11-28;21;487
26;2025-11-28;22;226
26;2025-11-28;23;163
26;2025-11-29;0;46
26;2025-11-29;1;0
26;2025-11-29;2;0
26;2025-11-29;3;0
26;2025-11-29;4;0
26;2025-11-29;5;40
26;2025-11-29;6;260
26;2025-11-29;7;382
26;2025-11-29;8;611
26;2025-11-29;9;687
26;2025-11-29;10;818
26;2025-11-29;11;995
26;2025-11-29;12;1032
26;2025-11-29;13;1036
26;2025-11-29;14;1031
26;2025-11-29;15;991
26;2025-11-29;16;997
26;2025-11-29;17;929
26;2025-11-29;18;881
26;2025-11-29;19;820
26;2025-11-29;20;554
26;2025-11-29;21;366
26;2025-11-29;22;223
26;2025-11-29;23;150
26;2025-11-30;0;54
26;2025-11-30;1;0
26;2025-11-30;2;0
26;2025-11-30;3;0
26;2025-11-30;4;0
26;2025-11-30;5;21
26;2025-11-30;6;167
26;2025-11-30;7;275
26;2025-11-30;8;391
26;2025-11-30;9;535
26;2025-11-30;10;589
26;2025-11-30;11;802
26;2025-11-30;12;842
26;2025-11-30;13;901
26;2025-11-30;14;887
26;2025-11-30;15;819
26;2025-11-30;16;832
26;2025-11-30;17;822
26;2025-11-30;18;772
26;2025-11-30;19;587
26;2025-11-30;20;450
26;2025-11-30;21;307
26;2025-11-30;22;204
26;2025-11-30;23;117
26;2025-12-01;0;27
26;2025-12-01;1;0
26;2025-12-01;2;0
26;2025-12-01;3;0
26;2025-12-01;4;0
26;2025-12-01;5;67
26;2025-12-01;6;501
26;2025-12-01;7;1103
26;2025-12-01;8;2105
26;2025-12-01;9;1413
26;2025-12-01;10;1172
26;2025-12-01;11;1023
26;2025-12-01;12;1047
26;2025-12-01;13;1148
26;2025-12-01;14;1192
26;2025-12-01;15;1305
26;2025-12-01;16;1469
26;2025-12-01;17;1666
26;2025-12-01;18;1868
26;2025-12-01;19;1218
26;2025-12-01;20;765
26;2025-12-01;21;445
26;2025-12-01;22;212
26;2025-12-01;23;107
26;2025-12-02;0;31
26;2025-12-02;1;0
26;2025-12-02;2;0
26;2025-12-02;3;0
26;2025-12-02;4;0
26;2025-12-02;5;60
26;2025-12-02;6;502
26;2025-12-02;7;1103
26;2025-12-02;8;2226
26;2025-12-02;9;1445
26;2025-12-02;10;1195
26;2025-12-02;11;1110
26;2025-12-02;12;1128
26;2025-12-02;13;1137
26;2025-12-02;14;1189
26;2025-12-02;15;1304
26;2025-12-02;16;1456
26;2025-12-02;17;1758
26;2025-12-02;18;1886
26;2025-12-02;19;1332
26;2025-12-02;20;779
26;2025-12-02;21;474
26;2025-12-02;22;217
26;2025-12-02;23;117
26;2025-12-03;0;35
26;2025-12-03;1;0
26;2025-12-03;2;0
26;2025-12-03;3;0
26;2025-12-03;4;0
26;2025-12-03;5;67
26;2025-12-03;6;485
26;2025-12-03;7;1103
26;2025-12-03;8;2190
26;2025-12-03;9;1453
26;2025-12-03;10;1186
26;2025-12-03;11;1080
26;2025-12-03;12;1125
26;2025-12-03;13;1168
26;2025-12-03;14;1312
26;2025-12-03;15;1334
26;2025-12-03;16;1458
26;2025-12-03;17;1629
26;2025-12-03;18;1832
26;2025-12-03;19;1241
26;2025-12-03;20;778
26;2025-12-03;21;505
26;2025-12-03;22;231
26;2025-12-03;23;131
26;2025-12-04;0;39
26;2025-12-04;1;0
26;2025-12-04;2;0
26;2025-12-04;3;0
26;2025-12-04;4;0
26;2025-12-04;5;58
26;2025-12-04;6;483
26;2025-12-04;7;1080
26;2025-12-04;8;2173
26;2025-12-04;9;1487
26;2025-12-04;10;1172
26;2025-12-04;11;1121
26;2025-12-04;12;1125
26;2025-12-04;13;1160
26;2025-12-04;14;1274
26;2025-12-04;15;1342
26;2025-12-04;16;1484
26;2025-12-04;17;1668
26;2025-12-04;18;1908
26;2025-12-04;19;1251
26;2025-12-04;20;752
26;2025-12-04;21;473
26;2025-12-04;22;241
26;2025-12-04;23;130
26;2025-12-05;0;35
26;2025-12-05;1;0
26;2025-12-05;2;0
26;2025-12-05;3;0
26;2025-12-05;4;0
26;2025-12-05;5;59
26;2025-12-05;6;505
26;2025-12-05;7;1077
26;2025-12-05;8;2119
26;2025-12-05;9;1401
26;2025-12-05;10;1241
26;2025-12-05;11;1070
26;2025-12-05;12;1124
26;2025-12-05;13;1182
26;2025-12-05;14;1305
26;2025-12-05;15;1395
26;2025-12-05;16;1642
26;2025-12-05;17;1737
26;2025-12-05;18;1417
26;2025-12-05;19;1094
26;2025-12-05;20;714
26;2025-12-05;21;487
26;2025-12-05;22;226
26;2025-12-05;23;163
26;2025-12-06;0;46
26;2025-12-06;1;0
26;2025-12-06;2;0
26;2025-12-06;3;0
26;2025-12-06;4;0
26;2025-12-06;5;40
26;2025-12-06;6;260
26;2025-12-06;7;382
26;2025-12-06;8;611
26;2025-12-06;9;687
26;2025-12-06;10;818
26;2025-12-06;11;995
26;2025-12-06;12;1032
26;2025-12-06;13;1036
26;2025-12-06;14;1031
26;2025-12-06;15;991
26;2025-12-06;16;997
26;2025-12-06;17;929
26;2025-12-06;18;881
26;2025-12-06;19;820
26;2025-12-06;20;554
26;2025-12-06;21;366
26;2025-12-06;22;223
26;2025-12-06;23;150
26;2025-12-07;0;54
26;2025-12-07;1;0
26;2025-12-07;2;0
26;2025-12-07;3;0
26;2025-12-07;4;0
26;2025-12-07;5;21
26;2025-12-07;6;167
26;2025-12-07;7;275
26;2025-12-07;8;391
26;2025-12-07;9;535
26;2025-12-07;10;589
26;2025-12-07;11;802
26;2025-12-07;12;842
26;2025-12-07;13;901
26;2025-12-07;14;887
26;2025-12-07;15;819
26;2025-12-07;16;832
26;2025-12-07;17;822
26;2025-12-07;18;772
26;2025-12-07;19;587
26;2025-12-07;20;450
26;2025-12-07;21;307
26;2025-12-07;22;204
26;2025-12-07;23;117
26;2025-12-08;0;27
26;2025-12-08;1;0
26;2025-12-08;2;0
26;2025-12-08;3;0
26;2025-12-08;4;0
26;2025-12-08;5;67
26;2025-12-08;6;501
26;2025-12-08;7;1103
26;2025-12-08;8;2105
26;2025-12-08;9;1413
26;2025-12-08;10;1172
26;2025-12-08;11;1023
26;2025-12-08;12;1047
26;2025-12-08;13;1148
26;2025-12-08;14;1192
26;2025-12-08;15;1305
26;2025-12-08;16;1469
26;2025-12-08;17;1666
26;2025-12-08;18;1868
26;2025-12-08;19;1218
26;2025-12-08;20;765
26;2025-12-08;21;445
26;2025-12-08;22;212
26;2025-12-08;23;107
26;2025-12-09;0;31
26;2025-12-09;1;0
26;2025-12-09;2;0
26;2025-12-09;3;0
26;2025-12-09;4;0
26;2025-12-09;5;60
26;2025-12-09;6;502
26;2025-12-09;7;1103
26;2025-12-09;8;2226
26;2025-12-09;9;1445
26;2025-12-09;10;1195
26;2025-12-09;11;1110
26;2025-12-09;12;1128
26;2025-12-09;13;1137
26;2025-12-09;14;1189
26;2025-12-09;15;1304
26;2025-12-09;16;1456
26;2025-12-09;17;1758
26;2025-12-09;18;1886
26;2025-12-09;19;1332
26;2025-12-09;20;779
26;2025-12-09;21;474
26;2025-12-09;22;217
26;2025-12-09;23;117
26;2025-12-10;0;35
26;2025-12-10;1;0
26;2025-12-10;2;0
26;2025-12-10;3;0
26;2025-12-10;4;0
26;2025-12-10;5;67
26;2025-12-10;6;485
26;2025-12-10;7;1103
26;2025-12-10;8;2190
26;2025-12-10;9;1453
26;2025-12-10;10;1186
26;2025-12-10;11;1080
26;2025-12-10;12;1125
26;2025-12-10;13;1168
26;2025-12-10;14;1312
26;2025-12-10;15;1334
26;2025-12-10;16;1458
26;2025-12-10;17;1629
26;2025-12-10;18;1832
26;2025-12-10;19;1241
26;2025-12-10;20;778
26;2025-12-10;21;505
26;2025-12-10;22;231
26;2025-12-10;23;131
26;2025-12-11;0;39
26;2025-12-11;1;0
26;2025-12-11;2;0
26;2025-12-11;3;0
26;2025-12-11;4;0
26;2025-12-11;5;58
26;2025-12-11;6;483
26;2025-12-11;7;1080
26;2025-12-11;8;2173
26;2025-12-11;9;1487
26;2025-12-11;10;1172
26;2025-12-11;11;1121
26;2025-12-11;12;1125
26;2025-12-11;13;1160
26;2025-12-11;14;1274
26;2025-12-11;15;1342
26;2025-12-11;16;1484
26;2025-12-11;17;1668
26;2025-12-11;18;1908
26;2025-12-11;19;1251
26;2025-12-11;20;752
26;2025-12-11;21;473
26;2025-12-11;22;241
26;2025-12-11;23;130
26;2025-12-12;0;35
26;2025-12-12;1;0
26;2025-12-12;2;0
26;2025-12-12;3;0
26;2025-12-12;4;0
26;2025-12-12;5;59
26;2025-12-12;6;505
26;2025-12-12;7;1077
26;2025-12-12;8;2119
26;2025-12-12;9;1401
26;2025-12-12;10;1241
26;2025-12-12;11;1070
26;2025-12-12;12;1124
26;2025-12-12;13;1182
26;2025-12-12;14;1305
26;2025-12-12;15;1395
26;2025-12-12;16;1642
26;2025-12-12;17;1737
26;2025-12-12;18;1417
26;2025-12-12;19;1094
26;2025-12-12;20;714
26;2025-12-12;21;487
26;2025-12-12;22;226
26;2025-12-12;23;163
26;2025-12-13;0;46
26;2025-12-13;1;0
26;2025-12-13;2;0
26;2025-12-13;3;0
26;2025-12-13;4;0
26;2025-12-13;5;40
26;2025-12-13;6;260
26;2025-12-13;7;382
26;2025-12-13;8;611
26;2025-12-13;9;687
26;2025-12-13;10;818
26;2025-12-13;11;995
26;2025-12-13;12;1032
26;2025-12-13;13;1036
26;2025-12-13;14;1031
26;2025-12-13;15;991
26;2025-12-13;16;997
26;2025-12-13;17;929
26;2025-12-13;18;881
26;2025-12-13;19;820
26;2025-12-13;20;554
26;2025-12-13;21;366
26;2025-12-13;22;223
26;2025-12-13;23;150
26;2025-12-14;0;54
26;2025-12-14;1;0
26;2025-12-14;2;0
26;2025-12-14;3;0
26;2025-12-14;4;0
26;2025-12-14;5;21
26;2025-12-14;6;167
26;2025-12-14;7;275
26;2025-12-14;8;391
26;2025-12-14;9;535
26;2025-12-14;10;589
26;2025-12-14;11;802
26;2025-12-14;12;842
26;2025-12-14;13;901
26;2025-12-14;14;887
26;2025-12-14;15;819
26;2025-12-14;16;832
26;2025-12-14;17;822
26;2025-12-14;18;772
26;2025-12-14;19;587
26;2025-12-14;20;450
26;2025-12-14;21;307
26;2025-12-14;22;204
26;2025-12-14;23;117
26;2025-12-15;0;27
26;2025-12-15;1;0
26;2025-12-15;2;0
26;2025-12-15;3;0
26;2025-12-15;4;0
26;2025-12-15;5;67
26;2025-12-15;6;501
26;2025-12-15;7;1103
26;2025-12-15;8;2105
26;2025-12-15;9;1413
26;2025-12-15;10;1172
26;2025-12-15;11;1023
26;2025-12-15;12;1047
26;2025-12-15;13;1148
26;2025-12-15;14;1192
26;2025-12-15;15;1305
26;2025-12-15;16;1469
26;2025-12-15;17;1666
26;2025-12-15;18;1868
26;2025-12-15;19;1218
26;2025-12-15;20;765
26;2025-12-15;21;445
26;2025-12-15;22;212
26;2025-12-15;23;107
26;2025-12-16;0;31
26;2025-12-16;1;0
26;2025-12-16;2;0
26;2025-12-16;3;0
26;2025-12-16;4;0
26;2025-12-16;5;60
26;2025-12-16;6;502
26;2025-12-16;7;1103
26;2025-12-16;8;2226
26;2025-12-16;9;1445
26;2025-12-16;10;1195
26;2025-12-16;11;1110
26;2025-12-16;12;1128
26;2025-12-16;13;1137
26;2025-12-16;14;1189
26;2025-12-16;15;1304
26;2025-12-16;16;1456
26;2025-12-16;17;1758
26;2025-12-16;18;1886
26;2025-12-16;19;1332
26;2025-12-16;20;779
26;2025-12-16;21;474
26;2025-12-16;22;217
26;2025-12-16;23;117
26;2025-12-17;0;35
26;2025-12-17;1;0
26;2025-12-17;2;0
26;2025-12-17;3;0
26;2025-12-17;4;0
26;2025-12-17;5;67
26;2025-12-17;6;485
26;2025-12-17;7;1103
26;2025-12-17;8;2190
26;2025-12-17;9;1453
26;2025-12-17;10;1186
26;2025-12-17;11;1080
26;2025-12-17;12;1125
26;2025-12-17;13;1168
26;2025-12-17;14;1312
26;2025-12-17;15;1334
26;2025-12-17;16;1458
26;2025-12-17;17;1629
26;2025-12-17;18;1832
26;2025-12-17;19;1241
26;2025-12-17;20;778
26;2025-12-17;21;505
26;2025-12-17;22;231
26;2025-12-17;23;131
26;2025-12-18;0;39
26;2025-12-18;1;0
26;2025-12-18;2;0
26;2025-12-18;3;0
26;2025-12-18;4;0
26;2025-12-18;5;58
26;2025-12-18;6;483
26;2025-12-18;7;1080
26;2025-12-18;8;2173
26;2025-12-18;9;1487
26;2025-12-18;10;1172
26;2025-12-18;11;1121
26;2025-12-18;12;1125
26;2025-12-18;13;1160
26;2025-12-18;14;1274
26;2025-12-18;15;1342
26;2025-12-18;16;1484
26;2025-12-18;17;1668
26;2025-12-18;18;1908
26;2025-12-18;19;1251
26;2025-12-18;20;752
26;2025-12-18;21;473
26;2025-12-18;22;241
26;2025-12-18;23;130
26;2025-12-19;0;35
26;2025-12-19;1;0
26;2025-12-19;2;0
26;2025-12-19;3;0
26;2025-12-19;4;0
26;2025-12-19;5;59
26;2025-12-19;6;505
26;2025-12-19;7;1077
26;2025-12-19;8;2119
26;2025-12-19;9;1401
26;2025-12-19;10;1241
26;2025-12-19;11;1070
26;2025-12-19;12;1124
26;2025-12-19;13;1182
26;2025-12-19;14;1305
26;2025-12-19;15;1395
26;2025-12-19;16;1642
26;2025-12-19;17;1737
26;2025-12-19;18;1417
26;2025-12-19;19;1094
26;2025-12-19;20;714
26;2025-12-19;21;487
26;2025-12-19;22;226
26;2025-12-19;23;163
26;2025-12-20;0;46
26;2025-12-20;1;0
26;2025-12-20;2;0
26;2025-12-20;3;0
26;2025-12-20;4;0
26;2025-12-20;5;40
26;2025-12-20;6;260
26;2025-12-20;7;382
26;2025-12-20;8;611
26;2025-12-20;9;687
26;2025-12-20;10;818
26;2025-12-20;11;995
26;2025-12-20;12;1032
26;2025-12-20;13;1036
26;2025-12-20;14;1031
26;2025-12-20;15;991
26;2025-12-20;16;997
26;2025-12-20;17;929
26;2025-12-20;18;881
26;2025-12-20;19;820
26;2025-12-20;20;554
26;2025-12-20;21;366
26;2025-12-20;22;223
26;2025-12-20;23;150
26;2025-12-21;0;54
26;2025-12-21;1;0
26;2025-12-21;2;0
26;2025-12-21;3;0
26;2025-12-21;4;0
26;2025-12-21;5;21
26;2025-12-21;6;167
26;2025-12-21;7;275
26;2025-12-21;8;391
26;2025-12-21;9;535
26;2025-12-21;10;589
26;2025-12-21;11;802
26;2025-12-21;12;842
26;2025-12-21;13;901
26;2025-12-21;14;887
26;2025-12-21;15;819
26;2025-12-21;16;832
26;2025-12-21;17;822
26;2025-12-21;18;772
26;2025-12-21;19;587
26;2025-12-21;20;450
26;2025-12-21;21;307
26;2025-12-21;22;204
26;2025-12-21;23;117
26;2025-12-22;0;27
26;2025-12-22;1;0
26;2025-12-22;2;0
26;2025-12-22;3;0
26;2025-12-22;4;0
26;2025-12-22;5;67
26;2025-12-22;6;501
26;2025-12-22;7;1103
26;2025-12-22;8;2105
26;2025-12-22;9;1413
26;2025-12-22;10;1172
26;2025-12-22;11;1023
26;2025-12-22;12;1047
26;2025-12-22;13;1148
26;2025-12-22;14;1192
26;2025-12-22;15;1305
26;2025-12-22;16;1469
26;2025-12-22;17;1666
26;2025-12-22;18;1868
26;2025-12-22;19;1218
26;2025-12-22;20;765
26;2025-12-22;21;445
26;2025-12-22;22;212
26;2025-12-22;23;107
26;2025-12-23;0;31
26;2025-12-23;1;0
26;2025-12-23;2;0
26;2025-12-23;3;0
26;2025-12-23;4;0
26;2025-12-23;5;60
26;2025-12-23;6;502
26;2025-12-23;7;1103
26;2025-12-23;8;2226
26;2025-12-23;9;1445
26;2025-12-23;10;1195
26;2025-12-23;11;1110
26;2025-12-23;12;1128
26;2025-12-23;13;1137
26;2025-12-23;14;1189
26;2025-12-23;15;1304
26;2025-12-23;16;1456
26;2025-12-23;17;1758
26;2025-12-23;18;1886
26;2025-12-23;19;1332
26;2025-12-23;20;779
26;2025-12-23;21;474
26;2025-12-23;22;217
26;2025-12-23;23;117
26;2025-12-24;0;35
26;2025-12-24;1;0
26;2025-12-24;2;0
26;2025-12-24;3;0
26;2025-12-24;4;0
26;2025-12-24;5;67
26;2025-12-24;6;485
26;2025-12-24;7;1103
26;2025-12-24;8;2190
26;2025-12-24;9;1453
26;2025-12-24;10;1186
26;2025-12-24;11;1080
26;2025-12-24;12;1125
26;2025-12-24;13;1168
26;2025-12-24;14;1312
26;2025-12-24;15;1334
26;2025-12-24;16;1458
26;2025-12-24;17;1629
26;2025-12-24;18;1832
26;2025-12-24;19;1241
26;2025-12-24;20;778
26;2025-12-24;21;505
26;2025-12-24;22;231
26;2025-12-24;23;131
26;2025-12-25;0;39
26;2025-12-25;1;0
26;2025-12-25;2;0
26;2025-12-25;3;0
26;2025-12-25;4;0
26;2025-12-25;5;58
26;2025-12-25;6;483
26;2025-12-25;7;1080
26;2025-12-25;8;2173
26;2025-12-25;9;1487
26;2025-12-25;10;1172
26;2025-12-25;11;1121
26;2025-12-25;12;1125
26;2025-12-25;13;1160
26;2025-12-25;14;1274
26;2025-12-25;15;1342
26;2025-12-25;16;1484
26;2025-12-25;17;1668
26;2025-12-25;18;1908
26;2025-12-25;19;1251
26;2025-12-25;20;752
26;2025-12-25;21;473
26;2025-12-25;22;241
26;2025-12-25;23;130
26;2025-12-26;0;35
26;2025-12-26;1;0
26;2025-12-26;2;0
26;2025-12-26;3;0
26;2025-12-26;4;0
26;2025-12-26;5;59
26;2025-12-26;6;505
26;2025-12-26;7;1077
26;2025-12-26;8;2119
26;2025-12-26;9;1401
26;2025-12-26;10;1241
26;2025-12-26;11;1070
26;2025-12-26;12;1124
26;2025-12-26;13;1182
26;2025-12-26;14;1305
26;2025-12-26;15;1395
26;2025-12-26;16;1642
26;2025-12-26;17;1737
26;2025-12-26;18;1417
26;2025-12-26;19;1094
26;2025-12-26;20;714
26;2025-12-26;21;487
26;2025-12-26;22;226
26;2025-12-26;23;163
26;2025-12-27;0;46
26;2025-12-27;1;0
26;2025-12-27;2;0
26;2025-12-27;3;0
26;2025-12-27;4;0
26;2025-12-27;5;40
26;2025-12-27;6;260
26;2025-12-27;7;382
26;2025-12-27;8;611
26;2025-12-27;9;687
26;2025-12-27;10;818
26;2025-12-27;11;995
26;2025-12-27;12;1032
26;2025-12-27;13;1036
26;2025-12-27;14;1031
26;2025-12-27;15;991
26;2025-12-27;16;997
26;2025-12-27;17;929
26;2025-12-27;18;881
26;2025-12-27;19;820
26;2025-12-27;20;554
26;2025-12-27;21;366
26;2025-12-27;22;223
26;2025-12-27;23;150
26;2025-12-28;0;54
26;2025-12-28;1;0
26;2025-12-28;2;0
26;2025-12-28;3;0
26;2025-12-28;4;0
26;2025-12-28;5;21
26;2025-12-28;6;167
26;2025-12-28;7;275
26;2025-12-28;8;391
26;2025-12-28;9;535
26;2025-12-28;10;589
26;2025-12-28;11;802
26;2025-12-28;12;842
26;2025-12-28;13;901
26;2025-12-28;14;887
26;2025-12-28;15;819
26;2025-12-28;16;832
26;2025-12-28;17;822
26;2025-12-28;18;772
26;2025-12-28;19;587
26;2025-12-28;20;450
26;2025-12-28;21;307
26;2025-12-28;22;204
26;2025-12-28;23;117
26;2025-12-29;0;27
26;2025-12-29;1;0
26;2025-12-29;2;0
26;2025-12-29;3;0
26;2025-12-29;4;0
26;2025-12-29;5;67
26;2025-12-29;6;501
26;2025-12-29;7;1103
26;2025-12-29;8;2105
26;2025-12-29;9;1413
26;2025-12-29;10;1172
26;2025-12-29;11;1023
26;2025-12-29;12;1047
26;2025-12-29;13;1148
26;2025-12-29;14;1192
26;2025-12-29;15;1305
26;2025-12-29;16;1469
26;2025-12-29;17;1666
26;2025-12-29;18;1868
26;2025-12-29;19;1218
26;2025-12-29;20;765
26;2025-12-29;21;445
26;2025-12-29;22;212
26;2025-12-29;23;107
26;2025-12-30;0;31
26;2025-12-30;1;0
26;2025-12-30;2;0
26;2025-12-30;3;0
26;2025-12-30;4;0
26;2025-12-30;5;60
26;2025-12-30;6;502
26;2025-12-30;7;1103
26;2025-12-30;8;2226
26;2025-12-30;9;1445
26;2025-12-30;10;1195
26;2025-12-30;11;1110
26;2025-12-30;12;1128
26;2025-12-30;13;1137
26;2025-12-30;14;1189
26;2025-12-30;15;1304
26;2025-12-30;16;1456
26;2025-12-30;17;1758
26;2025-12-30;18;1886
26;2025-12-30;19;1332
26;2025-12-30;20;779
26;2025-12-30;21;474
26;2025-12-30;22;217
26;2025-12-30;23;117
26;2025-12-31;0;53
26;2025-12-31;1;0
26;2025-12-31;2;0
26;2025-12-31;3;0
26;2025-12-31;4;0
26;2025-12-31;5;20
26;2025-12-31;6;164
26;2025-12-31;7;269
26;2025-12-31;8;383
26;2025-12-31;9;525
26;2025-12-31;10;577
26;2025-12-31;11;786
26;2025-12-31;12;825
26;2025-12-31;13;883
26;2025-12-31;14;869
26;2025-12-31;15;803
26;2025-12-31;16;815
26;2025-12-31;17;806
26;2025-12-31;18;757
26;2025-12-31;19;575
26;2025-12-31;20;441
26;2025-12-31;21;301
26;2025-12-31;22;200
26;2025-12-31;23;114
28;2025-11-01;0;0
28;2025-11-01;1;0
28;2025-11-01;2;0
28;2025-11-01;3;0
28;2025-11-01;4;0
28;2025-11-01;5;54
28;2025-11-01;6;252
28;2025-11-01;7;749
28;2025-11-01;8;1170
28;2025-11-01;9;756
28;2025-11-01;10;555
28;2025-11-01;11;526
28;2025-11-01;12;697
28;2025-11-01;13;681
28;2025-11-01;14;647
28;2025-11-01;15;700
28;2025-11-01;16;875
28;2025-11-01;17;919
28;2025-11-01;18;788
28;2025-11-01;19;595
28;2025-11-01;20;436
28;2025-11-01;21;307
28;2025-11-01;22;130
28;2025-11-01;23;16
28;2025-11-02;0;0
28;2025-11-02;1;0
28;2025-11-02;2;0
28;2025-11-02;3;0
28;2025-11-02;4;0
28;2025-11-02;5;24
28;2025-11-02;6;89
28;2025-11-02;7;167
28;2025-11-02;8;263
28;2025-11-02;9;334
28;2025-11-02;10;387
28;2025-11-02;11;429
28;2025-11-02;12;475
28;2025-11-02;13;534
28;2025-11-02;14;551
28;2025-11-02;15;546
28;2025-11-02;16;498
28;2025-11-02;17;512
28;2025-11-02;18;447
28;2025-11-02;19;382
28;2025-11-02;20;306
28;2025-11-02;21;256
28;2025-11-02;22;116
28;2025-11-02;23;11
28;2025-11-03;0;0
28;2025-11-03;1;0
28;2025-11-03;2;0
28;2025-11-03;3;0
28;2025-11-03;4;0
28;2025-11-03;5;23
28;2025-11-03;6;86
28;2025-11-03;7;160
28;2025-11-03;8;252
28;2025-11-03;9;320
28;2025-11-03;10;370
28;2025-11-03;11;410
28;2025-11-03;12;455
28;2025-11-03;13;511
28;2025-11-03;14;527
28;2025-11-03;15;522
28;2025-11-03;16;477
28;2025-11-03;17;490
28;2025-11-03;18;427
28;2025-11-03;19;365
28;2025-11-03;20;293
28;2025-11-03;21;244
28;2025-11-03;22;111
28;2025-11-03;23;11
28;2025-11-04;0;0
28;2025-11-04;1;0
28;2025-11-04;2;0
28;2025-11-04;3;0
28;2025-11-04;4;0
28;2025-11-04;5;23
28;2025-11-04;6;88
28;2025-11-04;7;164
28;2025-11-04;8;259
28;2025-11-04;9;329
28;2025-11-04;10;381
28;2025-11-04;11;422
28;2025-11-04;12;468
28;2025-11-04;13;526
28;2025-11-04;14;543
28;2025-11-04;15;538
28;2025-11-04;16;491
28;2025-11-04;17;505
28;2025-11-04;18;440
28;2025-11-04;19;376
28;2025-11-04;20;301
28;2025-11-04;21;252
28;2025-11-04;22;114
28;2025-11-04;23;11
28;2025-11-05;0;0
28;2025-11-05;1;0
28;2025-11-05;2;0
28;2025-11-05;3;0
28;2025-11-05;4;0
28;2025-11-05;5;58
28;2025-11-05;6;274
28;2025-11-05;7;790
28;2025-11-05;8;1229
28;2025-11-05;9;850
28;2025-11-05;10;621
28;2025-11-05;11;579
28;2025-11-05;12;704
28;2025-11-05;13;752
28;2025-11-05;14;660
28;2025-11-05;15;709
28;2025-11-05;16;922
28;2025-11-05;17;995
28;2025-11-05;18;982
28;2025-11-05;19;743
28;2025-11-05;20;521
28;2025-11-05;21;317
28;2025-11-05;22;133
28;2025-11-05;23;12
28;2025-11-06;0;0
28;2025-11-06;1;0
28;2025-11-06;2;0
28;2025-11-06;3;0
28;2025-11-06;4;0
28;2025-11-06;5;57
28;2025-11-06;6;272
28;2025-11-06;7;809
28;2025-11-06;8;1295
28;2025-11-06;9;839
28;2025-11-06;10;607
28;2025-11-06;11;540
28;2025-11-06;12;677
28;2025-11-06;13;714
28;2025-11-06;14;660
28;2025-11-06;15;718
28;2025-11-06;16;897
28;2025-11-06;17;1018
28;2025-11-06;18;1028
28;2025-11-06;19;756
28;2025-11-06;20;539
28;2025-11-06;21;323
28;2025-11-06;22;132
28;2025-11-06;23;13
28;2025-11-07;0;0
28;2025-11-07;1;0
28;2025-11-07;2;0
28;2025-11-07;3;0
28;2025-11-07;4;0
28;2025-11-07;5;57
28;2025-11-07;6;270
28;2025-11-07;7;804
28;2025-11-07;8;1256
28;2025-11-07;9;811
28;2025-11-07;10;596
28;2025-11-07;11;564
28;2025-11-07;12;748
28;2025-11-07;13;730
28;2025-11-07;14;694
28;2025-11-07;15;752
28;2025-11-07;16;939
28;2025-11-07;17;986
28;2025-11-07;18;846
28;2025-11-07;19;638
28;2025-11-07;20;468
28;2025-11-07;21;329
28;2025-11-07;22;140
28;2025-11-07;23;18
28;2025-11-08;0;0
28;2025-11-08;1;0
28;2025-11-08;2;0
28;2025-11-08;3;0
28;2025-11-08;4;0
28;2025-11-08;5;27
28;2025-11-08;6;107
28;2025-11-08;7;240
28;2025-11-08;8;416
28;2025-11-08;9;478
28;2025-11-08;10;490
28;2025-11-08;11;500
28;2025-11-08;12;585
28;2025-11-08;13;611
28;2025-11-08;14;625
28;2025-11-08;15;598
28;2025-11-08;16;559
28;2025-11-08;17;566
28;2025-11-08;18;509
28;2025-11-08;19;438
28;2025-11-08;20;325
28;2025-11-08;21;271
28;2025-11-08;22;137
28;2025-11-08;23;19
28;2025-11-09;0;0
28;2025-11-09;1;0
28;2025-11-09;2;0
28;2025-11-09;3;0
28;2025-11-09;4;0
28;2025-11-09;5;24
28;2025-11-09;6;89
28;2025-11-09;7;167
28;2025-11-09;8;263
28;2025-11-09;9;334
28;2025-11-09;10;387
28;2025-11-09;11;429
28;2025-11-09;12;475
28;2025-11-09;13;534
28;2025-11-09;14;551
28;2025-11-09;15;546
28;2025-11-09;16;498
28;2025-11-09;17;512
28;2025-11-09;18;447
28;2025-11-09;19;382
28;2025-11-09;20;306
28;2025-11-09;21;256
28;2025-11-09;22;116
28;2025-11-09;23;11
28;2025-11-10;0;0
28;2025-11-10;1;0
28;2025-11-10;2;0
28;2025-11-10;3;0
28;2025-11-10;4;0
28;2025-11-10;5;58
28;2025-11-10;6;267
28;2025-11-10;7;828
28;2025-11-10;8;1266
28;2025-11-10;9;855
28;2025-11-10;10;601
28;2025-11-10;11;526
28;2025-11-10;12;668
28;2025-11-10;13;673
28;2025-11-10;14;642
28;2025-11-10;15;661
28;2025-11-10;16;900
28;2025-11-10;17;987
28;2025-11-10;18;965
28;2025-11-10;19;721
28;2025-11-10;20;507
28;2025-11-10;21;311
28;2025-11-10;22;119
28;2025-11-10;23;10
28;2025-11-11;0;0
28;2025-11-11;1;0
28;2025-11-11;2;0
28;2025-11-11;3;0
28;2025-11-11;4;0
28;2025-11-11;5;56
28;2025-11-11;6;267
28;2025-11-11;7;862
28;2025-11-11;8;1330
28;2025-11-11;9;863
28;2025-11-11;10;668
28;2025-11-11;11;584
28;2025-11-11;12;683
28;2025-11-11;13;719
28;2025-11-11;14;670
28;2025-11-11;15;711
28;2025-11-11;16;822
28;2025-11-11;17;994
28;2025-11-11;18;970
28;2025-11-11;19;721
28;2025-11-11;20;525
28;2025-11-11;21;320
28;2025-11-11;22;131
28;2025-11-11;23;15
28;2025-11-12;0;0
28;2025-11-12;1;0
28;2025-11-12;2;0
28;2025-11-12;3;0
28;2025-11-12;4;0
28;2025-11-12;5;58
28;2025-11-12;6;274
28;2025-11-12;7;790
28;2025-11-12;8;1229
28;2025-11-12;9;850
28;2025-11-12;10;621
28;2025-11-12;11;579
28;2025-11-12;12;704
28;2025-11-12;13;752
28;2025-11-12;14;660
28;2025-11-12;15;709
28;2025-11-12;16;922
28;2025-11-12;17;995
28;2025-11-12;18;982
28;2025-11-12;19;743
28;2025-11-12;20;521
28;2025-11-12;21;317
28;2025-11-12;22;133
28;2025-11-12;23;12
28;2025-11-13;0;0
28;2025-11-13;1;0
28;2025-11-13;2;0
28;2025-11-13;3;0
28;2025-11-13;4;0
28;2025-11-13;5;57
28;2025-11-13;6;272
28;2025-11-13;7;809
28;2025-11-13;8;1295
28;2025-11-13;9;839
28;2025-11-13;10;607
28;2025-11-13;11;540
28;2025-11-13;12;677
28;2025-11-13;13;714
28;2025-11-13;14;660
28;2025-11-13;15;718
28;2025-11-13;16;897
28;2025-11-13;17;1018
28;2025-11-13;18;1028
28;2025-11-13;19;756
28;2025-11-13;20;539
28;2025-11-13;21;323
28;2025-11-13;22;132
28;2025-11-13;23;13
28;2025-11-14;0;0
28;2025-11-14;1;0
28;2025-11-14;2;0
28;2025-11-14;3;0
28;2025-11-14;4;0
28;2025-11-14;5;57
28;2025-11-14;6;270
28;2025-11-14;7;804
28;2025-11-14;8;1256
28;2025-11-14;9;811
28;2025-11-14;10;596
28;2025-11-14;11;564
28;2025-11-14;12;748
28;2025-11-14;13;730
28;2025-11-14;14;694
28;2025-11-14;15;752
28;2025-11-14;16;939
28;2025-11-14;17;986
28;2025-11-14;18;846
28;2025-11-14;19;638
28;2025-11-14;20;468
28;2025-11-14;21;329
28;2025-11-14;22;140
28;2025-11-14;23;18
28;2025-11-15;0;0
28;2025-11-15;1;0
28;2025-11-15;2;0
28;2025-11-15;3;0
28;2025-11-15;4;0
28;2025-11-15;5;27
28;2025-11-15;6;107
28;2025-11-15;7;240
28;2025-11-15;8;416
28;2025-11-15;9;478
28;2025-11-15;10;490
28;2025-11-15;11;500
28;2025-11-15;12;585
28;2025-11-15;13;611
28;2025-11-15;14;625
28;2025-11-15;15;598
28;2025-11-15;16;559
28;2025-11-15;17;566
28;2025-11-15;18;509
28;2025-11-15;19;438
28;2025-11-15;20;325
28;2025-11-15;21;271
28;2025-11-15;22;137
28;2025-11-15;23;19
28;2025-11-16;0;0
28;2025-11-16;1;0
28;2025-11-16;2;0
28;2025-11-16;3;0
28;2025-11-16;4;0
28;2025-11-16;5;24
28;2025-11-16;6;89
28;2025-11-16;7;167
28;2025-11-16;8;263
28;2025-11-16;9;334
28;2025-11-16;10;387
28;2025-11-16;11;429
28;2025-11-16;12;475
28;2025-11-16;13;534
28;2025-11-16;14;551
28;2025-11-16;15;546
28;2025-11-16;16;498
28;2025-11-16;17;512
28;2025-11-16;18;447
28;2025-11-16;19;382
28;2025-11-16;20;306
28;2025-11-16;21;256
28;2025-11-16;22;116
28;2025-11-16;23;11
28;2025-11-17;0;0
28;2025-11-17;1;0
28;2025-11-17;2;0
28;2025-11-17;3;0
28;2025-11-17;4;0
28;2025-11-17;5;58
28;2025-11-17;6;267
28;2025-11-17;7;828
28;2025-11-17;8;1266
28;2025-11-17;9;855
28;2025-11-17;10;601
28;2025-11-17;11;526
28;2025-11-17;12;668
28;2025-11-17;13;673
28;2025-11-17;14;642
28;2025-11-17;15;661
28;2025-11-17;16;900
28;2025-11-17;17;987
28;2025-11-17;18;965
28;2025-11-17;19;721
28;2025-11-17;20;507
28;2025-11-17;21;311
28;2025-11-17;22;119
28;2025-11-17;23;10
28;2025-11-18;0;0
28;2025-11-18;1;0
28;2025-11-18;2;0
28;2025-11-18;3;0
28;2025-11-18;4;0
28;2025-11-18;5;56
28;2025-11-18;6;267
28;2025-11-18;7;862
28;2025-11-18;8;1330
28;2025-11-18;9;863
28;2025-11-18;10;668
28;2025-11-18;11;584
28;2025-11-18;12;683
28;2025-11-18;13;719
28;2025-11-18;14;670
28;2025-11-18;15;711
28;2025-11-18;16;822
28;2025-11-18;17;994
28;2025-11-18;18;970
28;2025-11-18;19;721
28;2025-11-18;20;525
28;2025-11-18;21;320
28;2025-11-18;22;131
28;2025-11-18;23;15
28;2025-11-19;0;0
28;2025-11-19;1;0
28;2025-11-19;2;0
28;2025-11-19;3;0
28;2025-11-19;4;0
28;2025-11-19;5;58
28;2025-11-19;6;274
28;2025-11-19;7;790
28;2025-11-19;8;1229
28;2025-11-19;9;850
28;2025-11-19;10;621
28;2025-11-19;11;579
28;2025-11-19;12;704
28;2025-11-19;13;752
28;2025-11-19;14;660
28;2025-11-19;15;709
28;2025-11-19;16;922
28;2025-11-19;17;995
28;2025-11-19;18;982
28;2025-11-19;19;743
28;2025-11-19;20;521
28;2025-11-19;21;317
28;2025-11-19;22;133
28;2025-11-19;23;12
28;2025-11-20;0;0
28;2025-11-20;1;0
28;2025-11-20;2;0
28;2025-11-20;3;0
28;2025-11-20;4;0
28;2025-11-20;5;57
28;2025-11-20;6;272
28;2025-11-20;7;809
28;2025-11-20;8;1295
28;2025-11-20;9;839
28;2025-11-20;10;607
28;2025-11-20;11;540
28;2025-11-20;12;677
28;2025-11-20;13;714
28;2025-11-20;14;660
28;2025-11-20;15;718
28;2025-11-20;16;897
28;2025-11-20;17;1018
28;2025-11-20;18;1028
28;2025-11-20;19;756
28;2025-11-20;20;539
28;2025-11-20;21;323
28;2025-11-20;22;132
28;2025-11-20;23;13
28;2025-11-21;0;0
28;2025-11-21;1;0
28;2025-11-21;2;0
28;2025-11-21;3;0
28;2025-11-21;4;0
28;2025-11-21;5;57
28;2025-11-21;6;270
28;2025-11-21;7;804
28;2025-11-21;8;1256
28;2025-11-21;9;811
28;2025-11-21;10;596
28;2025-11-21;11;564
28;2025-11-21;12;748
28;2025-11-21;13;730
28;2025-11-21;14;694
28;2025-11-21;15;752
28;2025-11-21;16;939
28;2025-11-21;17;986
28;2025-11-21;18;846
28;2025-11-21;19;638
28;2025-11-21;20;468
28;2025-11-21;21;329
28;2025-11-21;22;140
28;2025-11-21;23;18
28;2025-11-22;0;0
28;2025-11-22;1;0
28;2025-11-22;2;0
28;2025-11-22;3;0
28;2025-11-22;4;0
28;2025-11-22;5;27
28;2025-11-22;6;107
28;2025-11-22;7;240
28;2025-11-22;8;416
28;2025-11-22;9;478
28;2025-11-22;10;490
28;2025-11-22;11;500
28;2025-11-22;12;585
28;2025-11-22;13;611
28;2025-11-22;14;625
28;2025-11-22;15;598
28;2025-11-22;16;559
28;2025-11-22;17;566
28;2025-11-22;18;509
28;2025-11-22;19;438
28;2025-11-22;20;325
28;2025-11-22;21;271
28;2025-11-22;22;137
28;2025-11-22;23;19
28;2025-11-23;0;0
28;2025-11-23;1;0
28;2025-11-23;2;0
28;2025-11-23;3;0
28;2025-11-23;4;0
28;2025-11-23;5;24
28;2025-11-23;6;89
28;2025-11-23;7;167
28;2025-11-23;8;263
28;2025-11-23;9;334
28;2025-11-23;10;387
28;2025-11-23;11;429
28;2025-11-23;12;475
28;2025-11-23;13;534
28;2025-11-23;14;551
28;2025-11-23;15;546
28;2025-11-23;16;498
28;2025-11-23;17;512
28;2025-11-23;18;447
28;2025-11-23;19;382
28;2025-11-23;20;306
28;2025-11-23;21;256
28;2025-11-23;22;116
28;2025-11-23;23;11
28;2025-11-24;0;0
28;2025-11-24;1;0
28;2025-11-24;2;0
28;2025-11-24;3;0
28;2025-11-24;4;0
28;2025-11-24;5;58
28;2025-11-24;6;267
28;2025-11-24;7;828
28;2025-11-24;8;1266
28;2025-11-24;9;855
28;2025-11-24;10;601
28;2025-11-24;11;526
28;2025-11-24;12;668
28;2025-11-24;13;673
28;2025-11-24;14;642
28;2025-11-24;15;661
28;2025-11-24;16;900
28;2025-11-24;17;987
28;2025-11-24;18;965
28;2025-11-24;19;721
28;2025-11-24;20;507
28;2025-11-24;21;311
28;2025-11-24;22;119
28;2025-11-24;23;10
28;2025-11-25;0;0
28;2025-11-25;1;0
28;2025-11-25;2;0
28;2025-11-25;3;0
28;2025-11-25;4;0
28;2025-11-25;5;56
28;2025-11-25;6;267
28;2025-11-25;7;862
28;2025-11-25;8;1330
28;2025-11-25;9;863
28;2025-11-25;10;668
28;2025-11-25;11;584
28;2025-11-25;12;683
28;2025-11-25;13;719
28;2025-11-25;14;670
28;2025-11-25;15;711
28;2025-11-25;16;822
28;2025-11-25;17;994
28;2025-11-25;18;970
28;2025-11-25;19;721
28;2025-11-25;20;525
28;2025-11-25;21;320
28;2025-11-25;22;131
28;2025-11-25;23;15
28;2025-11-26;0;0
28;2025-11-26;1;0
28;2025-11-26;2;0
28;2025-11-26;3;0
28;2025-11-26;4;0
28;2025-11-26;5;58
28;2025-11-26;6;274
28;2025-11-26;7;790
28;2025-11-26;8;1229
28;2025-11-26;9;850
28;2025-11-26;10;621
28;2025-11-26;11;579
28;2025-11-26;12;704
28;2025-11-26;13;752
28;2025-11-26;14;660
28;2025-11-26;15;709
28;2025-11-26;16;922
28;2025-11-26;17;995
28;2025-11-26;18;982
28;2025-11-26;19;743
28;2025-11-26;20;521
28;2025-11-26;21;317
28;2025-11-26;22;133
28;2025-11-26;23;12
28;2025-11-27;0;0
28;2025-11-27;1;0
28;2025-11-27;2;0
28;2025-11-27;3;0
28;2025-11-27;4;0
28;2025-11-27;5;57
28;2025-11-27;6;272
28;2025-11-27;7;809
28;2025-11-27;8;1295
28;2025-11-27;9;839
28;2025-11-27;10;607
28;2025-11-27;11;540
28;2025-11-27;12;677
28;2025-11-27;13;714
28;2025-11-27;14;660
28;2025-11-27;15;718
28;2025-11-27;16;897
28;2025-11-27;17;1018
28;2025-11-27;18;1028
28;2025-11-27;19;756
28;2025-11-27;20;539
28;2025-11-27;21;323
28;2025-11-27;22;132
28;2025-11-27;23;13
28;2025-11-28;0;0
28;2025-11-28;1;0
28;2025-11-28;2;0
28;2025-11-28;3;0
28;2025-11-28;4;0
28;2025-11-28;5;57
28;2025-11-28;6;270
28;2025-11-28;7;804
28;2025-11-28;8;1256
28;2025-11-28;9;811
28;2025-11-28;10;596
28;2025-11-28;11;564
28;2025-11-28;12;748
28;2025-11-28;13;730
28;2025-11-28;14;694
28;2025-11-28;15;752
28;2025-11-28;16;939
28;2025-11-28;17;986
28;2025-11-28;18;846
28;2025-11-28;19;638
28;2025-11-28;20;468
28;2025-11-28;21;329
28;2025-11-28;22;140
28;2025-11-28;23;18
28;2025-11-29;0;0
28;2025-11-29;1;0
28;2025-11-29;2;0
28;2025-11-29;3;0
28;2025-11-29;4;0
28;2025-11-29;5;27
28;2025-11-29;6;107
28;2025-11-29;7;240
28;2025-11-29;8;416
28;2025-11-29;9;478
28;2025-11-29;10;490
28;2025-11-29;11;500
28;2025-11-29;12;585
28;2025-11-29;13;611
28;2025-11-29;14;625
28;2025-11-29;15;598
28;2025-11-29;16;559
28;2025-11-29;17;566
28;2025-11-29;18;509
28;2025-11-29;19;438
28;2025-11-29;20;325
28;2025-11-29;21;271
28;2025-11-29;22;137
28;2025-11-29;23;19
28;2025-11-30;0;0
28;2025-11-30;1;0
28;2025-11-30;2;0
28;2025-11-30;3;0
28;2025-11-30;4;0
28;2025-11-30;5;24
28;2025-11-30;6;89
28;2025-11-30;7;167
28;2025-11-30;8;263
28;2025-11-30;9;334
28;2025-11-30;10;387
28;2025-11-30;11;429
28;2025-11-30;12;475
28;2025-11-30;13;534
28;2025-11-30;14;551
28;2025-11-30;15;546
28;2025-11-30;16;498
28;2025-11-30;17;512
28;2025-11-30;18;447
28;2025-11-30;19;382
28;2025-11-30;20;306
28;2025-11-30;21;256
28;2025-11-30;22;116
28;2025-11-30;23;11
28;2025-12-01;0;0
28;2025-12-01;1;0
28;2025-12-01;2;0
28;2025-12-01;3;0
28;2025-12-01;4;0
28;2025-12-01;5;58
28;2025-12-01;6;267
28;2025-12-01;7;828
28;2025-12-01;8;1266
28;2025-12-01;9;855
28;2025-12-01;10;601
28;2025-12-01;11;526
28;2025-12-01;12;668
28;2025-12-01;13;673
28;2025-12-01;14;642
28;2025-12-01;15;661
28;2025-12-01;16;900
28;2025-12-01;17;987
28;2025-12-01;18;965
28;2025-12-01;19;721
28;2025-12-01;20;507
28;2025-12-01;21;311
28;2025-12-01;22;119
28;2025-12-01;23;10
28;2025-12-02;0;0
28;2025-12-02;1;0
28;2025-12-02;2;0
28;2025-12-02;3;0
28;2025-12-02;4;0
28;2025-12-02;5;56
28;2025-12-02;6;267
28;2025-12-02;7;862
28;2025-12-02;8;1330
28;2025-12-02;9;863
28;2025-12-02;10;668
28;2025-12-02;11;584
28;2025-12-02;12;683
28;2025-12-02;13;719
28;2025-12-02;14;670
28;2025-12-02;15;711
28;2025-12-02;16;822
28;2025-12-02;17;994
28;2025-12-02;18;970
28;2025-12-02;19;721
28;2025-12-02;20;525
28;2025-12-02;21;320
28;2025-12-02;22;131
28;2025-12-02;23;15
28;2025-12-03;0;0
28;2025-12-03;1;0
28;2025-12-03;2;0
28;2025-12-03;3;0
28;2025-12-03;4;0
28;2025-12-03;5;58
28;2025-12-03;6;274
28;2025-12-03;7;790
28;2025-12-03;8;1229
28;2025-12-03;9;850
28;2025-12-03;10;621
28;2025-12-03;11;579
28;2025-12-03;12;704
28;2025-12-03;13;752
28;2025-12-03;14;660
28;2025-12-03;15;709
28;2025-12-03;16;922
28;2025-12-03;17;995
28;2025-12-03;18;982
28;2025-12-03;19;743
28;2025-12-03;20;521
28;2025-12-03;21;317
28;2025-12-03;22;133
28;2025-12-03;23;12
28;2025-12-04;0;0
28;2025-12-04;1;0
28;2025-12-04;2;0
28;2025-12-04;3;0
28;2025-12-04;4;0
28;2025-12-04;5;57
28;2025-12-04;6;272
28;2025-12-04;7;809
28;2025-12-04;8;1295
28;2025-12-04;9;839
28;2025-12-04;10;607
28;2025-12-04;11;540
28;2025-12-04;12;677
28;2025-12-04;13;714
28;2025-12-04;14;660
28;2025-12-04;15;718
28;2025-12-04;16;897
28;2025-12-04;17;1018
28;2025-12-04;18;1028
28;2025-12-04;19;756
28;2025-12-04;20;539
28;2025-12-04;21;323
28;2025-12-04;22;132
28;2025-12-04;23;13
28;2025-12-05;0;0
28;2025-12-05;1;0
28;2025-12-05;2;0
28;2025-12-05;3;0
28;2025-12-05;4;0
28;2025-12-05;5;57
28;2025-12-05;6;270
28;2025-12-05;7;804
28;2025-12-05;8;1256
28;2025-12-05;9;811
28;2025-12-05;10;596
28;2025-12-05;11;564
28;2025-12-05;12;748
28;2025-12-05;13;730
28;2025-12-05;14;694
28;2025-12-05;15;752
28;2025-12-05;16;939
28;2025-12-05;17;986
28;2025-12-05;18;846
28;2025-12-05;19;638
28;2025-12-05;20;468
28;2025-12-05;21;329
28;2025-12-05;22;140
28;2025-12-05;23;18
28;2025-12-06;0;0
28;2025-12-06;1;0
28;2025-12-06;2;0
28;2025-12-06;3;0
28;2025-12-06;4;0
28;2025-12-06;5;27
28;2025-12-06;6;107
28;2025-12-06;7;240
28;2025-12-06;8;416
28;2025-12-06;9;478
28;2025-12-06;10;490
28;2025-12-06;11;500
28;2025-12-06;12;585
28;2025-12-06;13;611
28;2025-12-06;14;625
28;2025-12-06;15;598
28;2025-12-06;16;559
28;2025-12-06;17;566
28;2025-12-06;18;509
28;2025-12-06;19;438
28;2025-12-06;20;325
28;2025-12-06;21;271
28;2025-12-06;22;137
28;2025-12-06;23;19
28;2025-12-07;0;0
28;2025-12-07;1;0
28;2025-12-07;2;0
28;2025-12-07;3;0
28;2025-12-07;4;0
28;2025-12-07;5;24
28;2025-12-07;6;89
28;2025-12-07;7;167
28;2025-12-07;8;263
28;2025-12-07;9;334
28;2025-12-07;10;387
28;2025-12-07;11;429
28;2025-12-07;12;475
28;2025-12-07;13;534
28;2025-12-07;14;551
28;2025-12-07;15;546
28;2025-12-07;16;498
28;2025-12-07;17;512
28;2025-12-07;18;447
28;2025-12-07;19;382
28;2025-12-07;20;306
28;2025-12-07;21;256
28;2025-12-07;22;116
28;2025-12-07;23;11
28;2025-12-08;0;0
28;2025-12-08;1;0
28;2025-12-08;2;0
28;2025-12-08;3;0
28;2025-12-08;4;0
28;2025-12-08;5;58
28;2025-12-08;6;267
28;2025-12-08;7;828
28;2025-12-08;8;1266
28;2025-12-08;9;855
28;2025-12-08;10;601
28;2025-12-08;11;526
28;2025-12-08;12;668
28;2025-12-08;13;673
28;2025-12-08;14;642
28;2025-12-08;15;661
28;2025-12-08;16;900
28;2025-12-08;17;987
28;2025-12-08;18;965
28;2025-12-08;19;721
28;2025-12-08;20;507
28;2025-12-08;21;311
28;2025-12-08;22;119
28;2025-12-08;23;10
28;2025-12-09;0;0
28;2025-12-09;1;0
28;2025-12-09;2;0
28;2025-12-09;3;0
28;2025-12-09;4;0
28;2025-12-09;5;56
28;2025-12-09;6;267
28;2025-12-09;7;862
28;2025-12-09;8;1330
28;2025-12-09;9;863
28;2025-12-09;10;668
28;2025-12-09;11;584
28;2025-12-09;12;683
28;2025-12-09;13;719
28;2025-12-09;14;670
28;2025-12-09;15;711
28;2025-12-09;16;822
28;2025-12-09;17;994
28;2025-12-09;18;970
28;2025-12-09;19;721
28;2025-12-09;20;525
28;2025-12-09;21;320
28;2025-12-09;22;131
28;2025-12-09;23;15
28;2025-12-10;0;0
28;2025-12-10;1;0
28;2025-12-10;2;0
28;2025-12-10;3;0
28;2025-12-10;4;0
28;2025-12-10;5;58
28;2025-12-10;6;274
28;2025-12-10;7;790
28;2025-12-10;8;1229
28;2025-12-10;9;850
28;2025-12-10;10;621
28;2025-12-10;11;579
28;2025-12-10;12;704
28;2025-12-10;13;752
28;2025-12-10;14;660
28;2025-12-10;15;709
28;2025-12-10;16;922
28;2025-12-10;17;995
28;2025-12-10;18;982
28;2025-12-10;19;743
28;2025-12-10;20;521
28;2025-12-10;21;317
28;2025-12-10;22;133
28;2025-12-10;23;12
28;2025-12-11;0;0
28;2025-12-11;1;0
28;2025-12-11;2;0
28;2025-12-11;3;0
28;2025-12-11;4;0
28;2025-12-11;5;57
28;2025-12-11;6;272
28;2025-12-11;7;809
28;2025-12-11;8;1295
28;2025-12-11;9;839
28;2025-12-11;10;607
28;2025-12-11;11;540
28;2025-12-11;12;677
28;2025-12-11;13;714
28;2025-12-11;14;660
28;2025-12-11;15;718
28;2025-12-11;16;897
28;2025-12-11;17;1018
28;2025-12-11;18;1028
28;2025-12-11;19;756
28;2025-12-11;20;539
28;2025-12-11;21;323
28;2025-12-11;22;132
28;2025-12-11;23;13
28;2025-12-12;0;0
28;2025-12-12;1;0
28;2025-12-12;2;0
28;2025-12-12;3;0
28;2025-12-12;4;0
28;2025-12-12;5;57
28;2025-12-12;6;270
28;2025-12-12;7;804
28;2025-12-12;8;1256
28;2025-12-12;9;811
28;2025-12-12;10;596
28;2025-12-12;11;564
28;2025-12-12;12;748
28;2025-12-12;13;730
28;2025-12-12;14;694
28;2025-12-12;15;752
28;2025-12-12;16;939
28;2025-12-12;17;986
28;2025-12-12;18;846
28;2025-12-12;19;638
28;2025-12-12;20;468
28;2025-12-12;21;329
28;2025-12-12;22;140
28;2025-12-12;23;18
28;2025-12-13;0;0
28;2025-12-13;1;0
28;2025-12-13;2;0
28;2025-12-13;3;0
28;2025-12-13;4;0
28;2025-12-13;5;27
28;2025-12-13;6;107
28;2025-12-13;7;240
28;2025-12-13;8;416
28;2025-12-13;9;478
28;2025-12-13;10;490
28;2025-12-13;11;500
28;2025-12-13;12;585
28;2025-12-13;13;611
28;2025-12-13;14;625
28;2025-12-13;15;598
28;2025-12-13;16;559
28;2025-12-13;17;566
28;2025-12-13;18;509
28;2025-12-13;19;438
28;2025-12-13;20;325
28;2025-12-13;21;271
28;2025-12-13;22;137
28;2025-12-13;23;19
28;2025-12-14;0;0
28;2025-12-14;1;0
28;2025-12-14;2;0
28;2025-12-14;3;0
28;2025-12-14;4;0
28;2025-12-14;5;24
28;2025-12-14;6;89
28;2025-12-14;7;167
28;2025-12-14;8;263
28;2025-12-14;9;334
28;2025-12-14;10;387
28;2025-12-14;11;429
28;2025-12-14;12;475
28;2025-12-14;13;534
28;2025-12-14;14;551
28;2025-12-14;15;546
28;2025-12-14;16;498
28;2025-12-14;17;512
28;2025-12-14;18;447
28;2025-12-14;19;382
28;2025-12-14;20;306
28;2025-12-14;21;256
28;2025-12-14;22;116
28;2025-12-14;23;11
28;2025-12-15;0;0
28;2025-12-15;1;0
28;2025-12-15;2;0
28;2025-12-15;3;0
28;2025-12-15;4;0
28;2025-12-15;5;58
28;2025-12-15;6;267
28;2025-12-15;7;828
28;2025-12-15;8;1266
28;2025-12-15;9;855
28;2025-12-15;10;601
28;2025-12-15;11;526
28;2025-12-15;12;668
28;2025-12-15;13;673
28;2025-12-15;14;642
28;2025-12-15;15;661
28;2025-12-15;16;900
28;2025-12-15;17;987
28;2025-12-15;18;965
28;2025-12-15;19;721
28;2025-12-15;20;507
28;2025-12-15;21;311
28;2025-12-15;22;119
28;2025-12-15;23;10
28;2025-12-16;0;0
28;2025-12-16;1;0
28;2025-12-16;2;0
28;2025-12-16;3;0
28;2025-12-16;4;0
28;2025-12-16;5;56
28;2025-12-16;6;267
28;2025-12-16;7;862
28;2025-12-16;8;1330
28;2025-12-16;9;863
28;2025-12-16;10;668
28;2025-12-16;11;584
28;2025-12-16;12;683
28;2025-12-16;13;719
28;2025-12-16;14;670
28;2025-12-16;15;711
28;2025-12-16;16;822
28;2025-12-16;17;994
28;2025-12-16;18;970
28;2025-12-16;19;721
28;2025-12-16;20;525
28;2025-12-16;21;320
28;2025-12-16;22;131
28;2025-12-16;23;15
28;2025-12-17;0;0
28;2025-12-17;1;0
28;2025-12-17;2;0
28;2025-12-17;3;0
28;2025-12-17;4;0
28;2025-12-17;5;58
28;2025-12-17;6;274
28;2025-12-17;7;790
28;2025-12-17;8;1229
28;2025-12-17;9;850
28;2025-12-17;10;621
28;2025-12-17;11;579
28;2025-12-17;12;704
28;2025-12-17;13;752
28;2025-12-17;14;660
28;2025-12-17;15;709
28;2025-12-17;16;922
28;2025-12-17;17;995
28;2025-12-17;18;982
28;2025-12-17;19;743
28;2025-12-17;20;521
28;2025-12-17;21;317
28;2025-12-17;22;133
28;2025-12-17;23;12
28;2025-12-18;0;0
28;2025-12-18;1;0
28;2025-12-18;2;0
28;2025-12-18;3;0
28;2025-12-18;4;0
28;2025-12-18;5;57
28;2025-12-18;6;272
28;2025-12-18;7;809
28;2025-12-18;8;1295
28;2025-12-18;9;839
28;2025-12-18;10;607
28;2025-12-18;11;540
28;2025-12-18;12;677
28;2025-12-18;13;714
28;2025-12-18;14;660
28;2025-12-18;15;718
28;2025-12-18;16;897
28;2025-12-18;17;1018
28;2025-12-18;18;1028
28;2025-12-18;19;756
28;2025-12-18;20;539
28;2025-12-18;21;323
28;2025-12-18;22;132
28;2025-12-18;23;13
28;2025-12-19;0;0
28;2025-12-19;1;0
28;2025-12-19;2;0
28;2025-12-19;3;0
28;2025-12-19;4;0
28;2025-12-19;5;57
28;2025-12-19;6;270
28;2025-12-19;7;804
28;2025-12-19;8;1256
28;2025-12-19;9;811
28;2025-12-19;10;596
28;2025-12-19;11;564
28;2025-12-19;12;748
28;2025-12-19;13;730
28;2025-12-19;14;694
28;2025-12-19;15;752
28;2025-12-19;16;939
28;2025-12-19;17;986
28;2025-12-19;18;846
28;2025-12-19;19;638
28;2025-12-19;20;468
28;2025-12-19;21;329
28;2025-12-19;22;140
28;2025-12-19;23;18
28;2025-12-20;0;0
28;2025-12-20;1;0
28;2025-12-20;2;0
28;2025-12-20;3;0
28;2025-12-20;4;0
28;2025-12-20;5;27
28;2025-12-20;6;107
28;2025-12-20;7;240
28;2025-12-20;8;416
28;2025-12-20;9;478
28;2025-12-20;10;490
28;2025-12-20;11;500
28;2025-12-20;12;585
28;2025-12-20;13;611
28;2025-12-20;14;625
28;2025-12-20;15;598
28;2025-12-20;16;559
28;2025-12-20;17;566
28;2025-12-20;18;509
28;2025-12-20;19;438
28;2025-12-20;20;325
28;2025-12-20;21;271
28;2025-12-20;22;137
28;2025-12-20;23;19
28;2025-12-21;0;0
28;2025-12-21;1;0
28;2025-12-21;2;0
28;2025-12-21;3;0
28;2025-12-21;4;0
28;2025-12-21;5;24
28;2025-12-21;6;89
28;2025-12-21;7;167
28;2025-12-21;8;263
28;2025-12-21;9;334
28;2025-12-21;10;387
28;2025-12-21;11;429
28;2025-12-21;12;475
28;2025-12-21;13;534
28;2025-12-21;14;551
28;2025-12-21;15;546
28;2025-12-21;16;498
28;2025-12-21;17;512
28;2025-12-21;18;447
28;2025-12-21;19;382
28;2025-12-21;20;306
28;2025-12-21;21;256
28;2025-12-21;22;116
28;2025-12-21;23;11
28;2025-12-22;0;0
28;2025-12-22;1;0
28;2025-12-22;2;0
28;2025-12-22;3;0
28;2025-12-22;4;0
28;2025-12-22;5;58
28;2025-12-22;6;267
28;2025-12-22;7;828
28;2025-12-22;8;1266
28;2025-12-22;9;855
28;2025-12-22;10;601
28;2025-12-22;11;526
28;2025-12-22;12;668
28;2025-12-22;13;673
28;2025-12-22;14;642
28;2025-12-22;15;661
28;2025-12-22;16;900
28;2025-12-22;17;987
28;2025-12-22;18;965
28;2025-12-22;19;721
28;2025-12-22;20;507
28;2025-12-22;21;311
28;2025-12-22;22;119
28;2025-12-22;23;10
28;2025-12-23;0;0
28;2025-12-23;1;0
28;2025-12-23;2;0
28;2025-12-23;3;0
28;2025-12-23;4;0
28;2025-12-23;5;56
28;2025-12-23;6;267
28;2025-12-23;7;862
28;2025-12-23;8;1330
28;2025-12-23;9;863
28;2025-12-23;10;668
28;2025-12-23;11;584
28;2025-12-23;12;683
28;2025-12-23;13;719
28;2025-12-23;14;670
28;2025-12-23;15;711
28;2025-12-23;16;822
28;2025-12-23;17;994
28;2025-12-23;18;970
28;2025-12-23;19;721
28;2025-12-23;20;525
28;2025-12-23;21;320
28;2025-12-23;22;131
28;2025-12-23;23;15
28;2025-12-24;0;0
28;2025-12-24;1;0
28;2025-12-24;2;0
28;2025-12-24;3;0
28;2025-12-24;4;0
28;2025-12-24;5;58
28;2025-12-24;6;274
28;2025-12-24;7;790
28;2025-12-24;8;1229
28;2025-12-24;9;850
28;2025-12-24;10;621
28;2025-12-24;11;579
28;2025-12-24;12;704
28;2025-12-24;13;752
28;2025-12-24;14;660
28;2025-12-24;15;709
28;2025-12-24;16;922
28;2025-12-24;17;995
28;2025-12-24;18;982
28;2025-12-24;19;743
28;2025-12-24;20;521
28;2025-12-24;21;317
28;2025-12-24;22;133
28;2025-12-24;23;12
28;2025-12-25;0;0
28;2025-12-25;1;0
28;2025-12-25;2;0
28;2025-12-25;3;0
28;2025-12-25;4;0
28;2025-12-25;5;57
28;2025-12-25;6;272
28;2025-12-25;7;809
28;2025-12-25;8;1295
28;2025-12-25;9;839
28;2025-12-25;10;607
28;2025-12-25;11;540
28;2025-12-25;12;677
28;2025-12-25;13;714
28;2025-12-25;14;660
28;2025-12-25;15;718
28;2025-12-25;16;897
28;2025-12-25;17;1018
28;2025-12-25;18;1028
28;2025-12-25;19;756
28;2025-12-25;20;539
28;2025-12-25;21;323
28;2025-12-25;22;132
28;2025-12-25;23;13
28;2025-12-26;0;0
28;2025-12-26;1;0
28;2025-12-26;2;0
28;2025-12-26;3;0
28;2025-12-26;4;0
28;2025-12-26;5;57
28;2025-12-26;6;270
28;2025-12-26;7;804
28;2025-12-26;8;1256
28;2025-12-26;9;811
28;2025-12-26;10;596
28;2025-12-26;11;564
28;2025-12-26;12;748
28;2025-12-26;13;730
28;2025-12-26;14;694
28;2025-12-26;15;752
28;2025-12-26;16;939
28;2025-12-26;17;986
28;2025-12-26;18;846
28;2025-12-26;19;638
28;2025-12-26;20;468
28;2025-12-26;21;329
28;2025-12-26;22;140
28;2025-12-26;23;18
28;2025-12-27;0;0
28;2025-12-27;1;0
28;2025-12-27;2;0
28;2025-12-27;3;0
28;2025-12-27;4;0
28;2025-12-27;5;27
28;2025-12-27;6;107
28;2025-12-27;7;240
28;2025-12-27;8;416
28;2025-12-27;9;478
28;2025-12-27;10;490
28;2025-12-27;11;500
28;2025-12-27;12;585
28;2025-12-27;13;611
28;2025-12-27;14;625
28;2025-12-27;15;598
28;2025-12-27;16;559
28;2025-12-27;17;566
28;2025-12-27;18;509
28;2025-12-27;19;438
28;2025-12-27;20;325
28;2025-12-27;21;271
28;2025-12-27;22;137
28;2025-12-27;23;19
28;2025-12-28;0;0
28;2025-12-28;1;0
28;2025-12-28;2;0
28;2025-12-28;3;0
28;2025-12-28;4;0
28;2025-12-28;5;24
28;2025-12-28;6;89
28;2025-12-28;7;167
28;2025-12-28;8;263
28;2025-12-28;9;334
28;2025-12-28;10;387
28;2025-12-28;11;429
28;2025-12-28;12;475
28;2025-12-28;13;534
28;2025-12-28;14;551
28;2025-12-28;15;546
28;2025-12-28;16;498
28;2025-12-28;17;512
28;2025-12-28;18;447
28;2025-12-28;19;382
28;2025-12-28;20;306
28;2025-12-28;21;256
28;2025-12-28;22;116
28;2025-12-28;23;11
28;2025-12-29;0;0
28;2025-12-29;1;0
28;2025-12-29;2;0
28;2025-12-29;3;0
28;2025-12-29;4;0
28;2025-12-29;5;58
28;2025-12-29;6;267
28;2025-12-29;7;828
28;2025-12-29;8;1266
28;2025-12-29;9;855
28;2025-12-29;10;601
28;2025-12-29;11;526
28;2025-12-29;12;668
28;2025-12-29;13;673
28;2025-12-29;14;642
28;2025-12-29;15;661
28;2025-12-29;16;900
28;2025-12-29;17;987
28;2025-12-29;18;965
28;2025-12-29;19;721
28;2025-12-29;20;507
28;2025-12-29;21;311
28;2025-12-29;22;119
28;2025-12-29;23;10
28;2025-12-30;0;0
28;2025-12-30;1;0
28;2025-12-30;2;0
28;2025-12-30;3;0
28;2025-12-30;4;0
28;2025-12-30;5;56
28;2025-12-30;6;267
28;2025-12-30;7;862
28;2025-12-30;8;1330
28;2025-12-30;9;863
28;2025-12-30;10;668
28;2025-12-30;11;584
28;2025-12-30;12;683
28;2025-12-30;13;719
28;2025-12-30;14;670
28;2025-12-30;15;711
28;2025-12-30;16;822
28;2025-12-30;17;994
28;2025-12-30;18;970
28;2025-12-30;19;721
28;2025-12-30;20;525
28;2025-12-30;21;320
28;2025-12-30;22;131
28;2025-12-30;23;15
28;2025-12-31;0;0
28;2025-12-31;1;0
28;2025-12-31;2;0
28;2025-12-31;3;0
28;2025-12-31;4;0
28;2025-12-31;5;23
28;2025-12-31;6;88
28;2025-12-31;7;164
28;2025-12-31;8;258
28;2025-12-31;9;328
28;2025-12-31;10;379
28;2025-12-31;11;420
28;2025-12-31;12;466
28;2025-12-31;13;524
28;2025-12-31;14;540
28;2025-12-31;15;535
28;2025-12-31;16;489
28;2025-12-31;17;502
28;2025-12-31;18;438
28;2025-12-31;19;374
28;2025-12-31;20;300
28;2025-12-31;21;250
28;2025-12-31;22;114
28;2025-12-31;23;11
50;2025-11-01;0;0
50;2025-11-01;1;0
50;2025-11-01;2;0
50;2025-11-01;3;0
50;2025-11-01;4;0
50;2025-11-01;5;0
50;2025-11-01;6;0
50;2025-11-01;7;0
50;2025-11-01;8;0
50;2025-11-01;9;0
50;2025-11-01;10;0
50;2025-11-01;11;0
50;2025-11-01;12;0
50;2025-11-01;13;0
50;2025-11-01;14;0
50;2025-11-01;15;0
50;2025-11-01;16;0
50;2025-11-01;17;0
50;2025-11-01;18;0
50;2025-11-01;19;0
50;2025-11-01;20;0
50;2025-11-01;21;0
50;2025-11-01;22;0
50;2025-11-01;23;0
50;2025-11-02;0;0
50;2025-11-02;1;0
50;2025-11-02;2;0
50;2025-11-02;3;0
50;2025-11-02;4;0
50;2025-11-02;5;0
50;2025-11-02;6;0
50;2025-11-02;7;0
50;2025-11-02;8;0
50;2025-11-02;9;0
50;2025-11-02;10;0
50;2025-11-02;11;0
50;2025-11-02;12;0
50;2025-11-02;13;0
50;2025-11-02;14;0
50;2025-11-02;15;0
50;2025-11-02;16;0
50;2025-11-02;17;0
50;2025-11-02;18;0
50;2025-11-02;19;0
50;2025-11-02;20;0
50;2025-11-02;21;0
50;2025-11-02;22;0
50;2025-11-02;23;0
50;2025-11-03;0;54
50;2025-11-03;1;0
50;2025-11-03;2;0
50;2025-11-03;3;0
50;2025-11-03;4;0
50;2025-11-03;5;22
50;2025-11-03;6;143
50;2025-11-03;7;269
50;2025-11-03;8;387
50;2025-11-03;9;489
50;2025-11-03;10;527
50;2025-11-03;11;664
50;2025-11-03;12;767
50;2025-11-03;13;807
50;2025-11-03;14;830
50;2025-11-03;15;779
50;2025-11-03;16;780
50;2025-11-03;17;764
50;2025-11-03;18;706
50;2025-11-03;19;596
50;2025-11-03;20;492
50;2025-11-03;21;390
50;2025-11-03;22;239
50;2025-11-03;23;126
50;2025-11-04;0;56
50;2025-11-04;1;0
50;2025-11-04;2;0
50;2025-11-04;3;0
50;2025-11-04;4;0
50;2025-11-04;5;22
50;2025-11-04;6;147
50;2025-11-04;7;277
50;2025-11-04;8;398
50;2025-11-04;9;503
50;2025-11-04;10;543
50;2025-11-04;11;684
50;2025-11-04;12;790
50;2025-11-04;13;831
50;2025-11-04;14;855
50;2025-11-04;15;803
50;2025-11-04;16;804
50;2025-11-04;17;787
50;2025-11-04;18;727
50;2025-11-04;19;614
50;2025-11-04;20;506
50;2025-11-04;21;402
50;2025-11-04;22;246
50;2025-11-04;23;130
50;2025-11-05;0;29
50;2025-11-05;1;0
50;2025-11-05;2;0
50;2025-11-05;3;0
50;2025-11-05;4;0
50;2025-11-05;5;52
50;2025-11-05;6;532
50;2025-11-05;7;1767
50;2025-11-05;8;2818
50;2025-11-05;9;2130
50;2025-11-05;10;1670
50;2025-11-05;11;1579
50;2025-11-05;12;1442
50;2025-11-05;13;1479
50;2025-11-05;14;1445
50;2025-11-05;15;1689
50;2025-11-05;16;1712
50;2025-11-05;17;2365
50;2025-11-05;18;2427
50;2025-11-05;19;1563
50;2025-11-05;20;934
50;2025-11-05;21;649
50;2025-11-05;22;289
50;2025-11-05;23;141
50;2025-11-06;0;39
50;2025-11-06;1;0
50;2025-11-06;2;0
50;2025-11-06;3;0
50;2025-11-06;4;0
50;2025-11-06;5;53
50;2025-11-06;6;529
50;2025-11-06;7;1760
50;2025-11-06;8;2763
50;2025-11-06;9;2174
50;2025-11-06;10;1703
50;2025-11-06;11;1571
50;2025-11-06;12;1489
50;2025-11-06;13;1446
50;2025-11-06;14;1467
50;2025-11-06;15;1670
50;2025-11-06;16;1705
50;2025-11-06;17;2359
50;2025-11-06;18;2522
50;2025-11-06;19;1466
50;2025-11-06;20;953
50;2025-11-06;21;695
50;2025-11-06;22;288
50;2025-11-06;23;162
50;2025-11-07;0;36
50;2025-11-07;1;0
50;2025-11-07;2;0
50;2025-11-07;3;0
50;2025-11-07;4;0
50;2025-11-07;5;53
50;2025-11-07;6;552
50;2025-11-07;7;1785
50;2025-11-07;8;2744
50;2025-11-07;9;2108
50;2025-11-07;10;1566
50;2025-11-07;11;1623
50;2025-11-07;12;1528
50;2025-11-07;13;1530
50;2025-11-07;14;1513
50;2025-11-07;15;1776
50;2025-11-07;16;2210
50;2025-11-07;17;2205
50;2025-11-07;18;1777
50;2025-11-07;19;1290
50;2025-11-07;20;881
50;2025-11-07;21;591
50;2025-11-07;22;303
50;2025-11-07;23;182
50;2025-11-08;0;0
50;2025-11-08;1;0
50;2025-11-08;2;0
50;2025-11-08;3;0
50;2025-11-08;4;0
50;2025-11-08;5;0
50;2025-11-08;6;0
50;2025-11-08;7;0
50;2025-11-08;8;0
50;2025-11-08;9;0
50;2025-11-08;10;0
50;2025-11-08;11;0
50;2025-11-08;12;0
50;2025-11-08;13;0
50;2025-11-08;14;0
50;2025-11-08;15;0
50;2025-11-08;16;0
50;2025-11-08;17;0
50;2025-11-08;18;0
50;2025-11-08;19;0
50;2025-11-08;20;0
50;2025-11-08;21;0
50;2025-11-08;22;0
50;2025-11-08;23;0
50;2025-11-09;0;0
50;2025-11-09;1;0
50;2025-11-09;2;0
50;2025-11-09;3;0
50;2025-11-09;4;0
50;2025-11-09;5;0
50;2025-11-09;6;0
50;2025-11-09;7;0
50;2025-11-09;8;0
50;2025-11-09;9;0
50;2025-11-09;10;0
50;2025-11-09;11;0
50;2025-11-09;12;0
50;2025-11-09;13;0
50;2025-11-09;14;0
50;2025-11-09;15;0
50;2025-11-09;16;0
50;2025-11-09;17;0
50;2025-11-09;18;0
50;2025-11-09;19;0
50;2025-11-09;20;0
50;2025-11-09;21;0
50;2025-11-09;22;0
50;2025-11-09;23;0
50;2025-11-10;0;15
50;2025-11-10;1;0
50;2025-11-10;2;0
50;2025-11-10;3;0
50;2025-11-10;4;0
50;2025-11-10;5;53
50;2025-11-10;6;512
50;2025-11-10;7;1740
50;2025-11-10;8;2799
50;2025-11-10;9;2198
50;2025-11-10;10;1644
50;2025-11-10;11;1514
50;2025-11-10;12;1357
50;2025-11-10;13;1460
50;2025-11-10;14;1394
50;2025-11-10;15;1623
50;2025-11-10;16;1664
50;2025-11-10;17;2242
50;2025-11-10;18;2516
50;2025-11-10;19;1450
50;2025-11-10;20;900
50;2025-11-10;21;612
50;2025-11-10;22;259
50;2025-11-10;23;120
50;2025-11-11;0;29
50;2025-11-11;1;0
50;2025-11-11;2;0
50;2025-11-11;3;0
50;2025-11-11;4;0
50;2025-11-11;5;54
50;2025-11-11;6;569
50;2025-11-11;7;1844
50;2025-11-11;8;2908
50;2025-11-11;9;2216
50;2025-11-11;10;1695
50;2025-11-11;11;1504
50;2025-11-11;12;1452
50;2025-11-11;13;1469
50;2025-11-11;14;1384
50;2025-11-11;15;1686
50;2025-11-11;16;1703
50;2025-11-11;17;2401
50;2025-11-11;18;2499
50;2025-11-11;19;1479
50;2025-11-11;20;929
50;2025-11-11;21;634
50;2025-11-11;22;260
50;2025-11-11;23;136
50;2025-11-12;0;29
50;2025-11-12;1;0
50;2025-11-12;2;0
50;2025-11-12;3;0
50;2025-11-12;4;0
50;2025-11-12;5;52
50;2025-11-12;6;532
50;2025-11-12;7;1767
50;2025-11-12;8;2818
50;2025-11-12;9;2130
50;2025-11-12;10;1670
50;2025-11-12;11;1579
50;2025-11-12;12;1442
50;2025-11-12;13;1479
50;2025-11-12;14;1445
50;2025-11-12;15;1689
50;2025-11-12;16;1712
50;2025-11-12;17;2365
50;2025-11-12;18;2427
50;2025-11-12;19;1563
50;2025-11-12;20;934
50;2025-11-12;21;649
50;2025-11-12;22;289
50;2025-11-12;23;141
50;2025-11-13;0;39
50;2025-11-13;1;0
50;2025-11-13;2;0
50;2025-11-13;3;0
50;2025-11-13;4;0
50;2025-11-13;5;53
50;2025-11-13;6;529
50;2025-11-13;7;1760
50;2025-11-13;8;2763
50;2025-11-13;9;2174
50;2025-11-13;10;1703
50;2025-11-13;11;1571
50;2025-11-13;12;1489
50;2025-11-13;13;1446
50;2025-11-13;14;1467
50;2025-11-13;15;1670
50;2025-11-13;16;1705
50;2025-11-13;17;2359
50;2025-11-13;18;2522
50;2025-11-13;19;1466
50;2025-11-13;20;953
50;2025-11-13;21;695
50;2025-11-13;22;288
50;2025-11-13;23;162
50;2025-11-14;0;36
50;2025-11-14;1;0
50;2025-11-14;2;0
50;2025-11-14;3;0
50;2025-11-14;4;0
50;2025-11-14;5;53
50;2025-11-14;6;552
50;2025-11-14;7;1785
50;2025-11-14;8;2744
50;2025-11-14;9;2108
50;2025-11-14;10;1566
50;2025-11-14;11;1623
50;2025-11-14;12;1528
50;2025-11-14;13;1530
50;2025-11-14;14;1513
50;2025-11-14;15;1776
50;2025-11-14;16;2210
50;2025-11-14;17;2205
50;2025-11-14;18;1777
50;2025-11-14;19;1290
50;2025-11-14;20;881
50;2025-11-14;21;591
50;2025-11-14;22;303
50;2025-11-14;23;182
50;2025-11-15;0;69
50;2025-11-15;1;0
50;2025-11-15;2;0
50;2025-11-15;3;0
50;2025-11-15;4;0
50;2025-11-15;5;29
50;2025-11-15;6;194
50;2025-11-15;7;430
50;2025-11-15;8;655
50;2025-11-15;9;706
50;2025-11-15;10;685
50;2025-11-15;11;893
50;2025-11-15;12;916
50;2025-11-15;13;938
50;2025-11-15;14;947
50;2025-11-15;15;901
50;2025-11-15;16;883
50;2025-11-15;17;875
50;2025-11-15;18;761
50;2025-11-15;19;692
50;2025-11-15;20;521
50;2025-11-15;21;445
50;2025-11-15;22;259
50;2025-11-15;23;154
50;2025-11-16;0;57
50;2025-11-16;1;0
50;2025-11-16;2;0
50;2025-11-16;3;0
50;2025-11-16;4;0
50;2025-11-16;5;23
50;2025-11-16;6;150
50;2025-11-16;7;281
50;2025-11-16;8;404
50;2025-11-16;9;511
50;2025-11-16;10;551
50;2025-11-16;11;695
50;2025-11-16;12;802
50;2025-11-16;13;844
50;2025-11-16;14;868
50;2025-11-16;15;815
50;2025-11-16;16;816
50;2025-11-16;17;798
50;2025-11-16;18;738
50;2025-11-16;19;623
50;2025-11-16;20;514
50;2025-11-16;21;408
50;2025-11-16;22;249
50;2025-11-16;23;131
50;2025-11-17;0;15
50;2025-11-17;1;0
50;2025-11-17;2;0
50;2025-11-17;3;0
50;2025-11-17;4;0
50;2025-11-17;5;53
50;2025-11-17;6;512
50;2025-11-17;7;1740
50;2025-11-17;8;2799
50;2025-11-17;9;2198
50;2025-11-17;10;1644
50;2025-11-17;11;1514
50;2025-11-17;12;1357
50;2025-11-17;13;1460
50;2025-11-17;14;1394
50;2025-11-17;15;1623
50;2025-11-17;16;1664
50;2025-11-17;17;2242
50;2025-11-17;18;2516
50;2025-11-17;19;1450
50;2025-11-17;20;900
50;2025-11-17;21;612
50;2025-11-17;22;259
50;2025-11-17;23;120
50;2025-11-18;0;29
50;2025-11-18;1;0
50;2025-11-18;2;0
50;2025-11-18;3;0
50;2025-11-18;4;0
50;2025-11-18;5;54
50;2025-11-18;6;569
50;2025-11-18;7;1844
50;2025-11-18;8;2908
50;2025-11-18;9;2216
50;2025-11-18;10;1695
50;2025-11-18;11;1504
50;2025-11-18;12;1452
50;2025-11-18;13;1469
50;2025-11-18;14;1384
50;2025-11-18;15;1686
50;2025-11-18;16;1703
50;2025-11-18;17;2401
50;2025-11-18;18;2499
50;2025-11-18;19;1479
50;2025-11-18;20;929
50;2025-11-18;21;634
50;2025-11-18;22;260
50;2025-11-18;23;136
50;2025-11-19;0;29
50;2025-11-19;1;0
50;2025-11-19;2;0
50;2025-11-19;3;0
50;2025-11-19;4;0
50;2025-11-19;5;52
50;2025-11-19;6;532
50;2025-11-19;7;1767
50;2025-11-19;8;2818
50;2025-11-19;9;2130
50;2025-11-19;10;1670
50;2025-11-19;11;1579
50;2025-11-19;12;1442
50;2025-11-19;13;1479
50;2025-11-19;14;1445
50;2025-11-19;15;1689
50;2025-11-19;16;1712
50;2025-11-19;17;2365
50;2025-11-19;18;2427
50;2025-11-19;19;1563
50;2025-11-19;20;934
50;2025-11-19;21;649
50;2025-11-19;22;289
50;2025-11-19;23;141
50;2025-11-20;0;39
50;2025-11-20;1;0
50;2025-11-20;2;0
50;2025-11-20;3;0
50;2025-11-20;4;0
50;2025-11-20;5;53
50;2025-11-20;6;529
50;2025-11-20;7;1760
50;2025-11-20;8;2763
50;2025-11-20;9;2174
50;2025-11-20;10;1703
50;2025-11-20;11;1571
50;2025-11-20;12;1489
50;2025-11-20;13;1446
50;2025-11-20;14;1467
50;2025-11-20;15;1670
50;2025-11-20;16;1705
50;2025-11-20;17;2359
50;2025-11-20;18;2522
50;2025-11-20;19;1466
50;2025-11-20;20;953
50;2025-11-20;21;695
50;2025-11-20;22;288
50;2025-11-20;23;162
50;2025-11-21;0;36
50;2025-11-21;1;0
50;2025-11-21;2;0
50;2025-11-21;3;0
50;2025-11-21;4;0
50;2025-11-21;5;53
50;2025-11-21;6;552
50;2025-11-21;7;1785
50;2025-11-21;8;2744
50;2025-11-21;9;2108
50;2025-11-21;10;1566
50;2025-11-21;11;1623
50;2025-11-21;12;1528
50;2025-11-21;13;1530
50;2025-11-21;14;1513
50;2025-11-21;15;1776
50;2025-11-21;16;2210
50;2025-11-21;17;2205
50;2025-11-21;18;1777
50;2025-11-21;19;1290
50;2025-11-21;20;881
50;2025-11-21;21;591
50;2025-11-21;22;303
50;2025-11-21;23;182
50;2025-11-22;0;69
50;2025-11-22;1;0
50;2025-11-22;2;0
50;2025-11-22;3;0
50;2025-11-22;4;0
50;2025-11-22;5;29
50;2025-11-22;6;194
50;2025-11-22;7;430
50;2025-11-22;8;655
50;2025-11-22;9;706
50;2025-11-22;10;685
50;2025-11-22;11;893
50;2025-11-22;12;916
50;2025-11-22;13;938
50;2025-11-22;14;947
50;2025-11-22;15;901
50;2025-11-22;16;883
50;2025-11-22;17;875
50;2025-11-22;18;761
50;2025-11-22;19;692
50;2025-11-22;20;521
50;2025-11-22;21;445
50;2025-11-22;22;259
50;2025-11-22;23;154
50;2025-11-23;0;57
50;2025-11-23;1;0
50;2025-11-23;2;0
50;2025-11-23;3;0
50;2025-11-23;4;0
50;2025-11-23;5;23
50;2025-11-23;6;150
50;2025-11-23;7;281
50;2025-11-23;8;404
50;2025-11-23;9;511
50;2025-11-23;10;551
50;2025-11-23;11;695
50;2025-11-23;12;802
50;2025-11-23;13;844
50;2025-11-23;14;868
50;2025-11-23;15;815
50;2025-11-23;16;816
50;2025-11-23;17;798
50;2025-11-23;18;738
50;2025-11-23;19;623
50;2025-11-23;20;514
50;2025-11-23;21;408
50;2025-11-23;22;249
50;2025-11-23;23;131
50;2025-11-24;0;15
50;2025-11-24;1;0
50;2025-11-24;2;0
50;2025-11-24;3;0
50;2025-11-24;4;0
50;2025-11-24;5;53
50;2025-11-24;6;512
50;2025-11-24;7;1740
50;2025-11-24;8;2799
50;2025-11-24;9;2198
50;2025-11-24;10;1644
50;2025-11-24;11;1514
50;2025-11-24;12;1357
50;2025-11-24;13;1460
50;2025-11-24;14;1394
50;2025-11-24;15;1623
50;2025-11-24;16;1664
50;2025-11-24;17;2242
50;2025-11-24;18;2516
50;2025-11-24;19;1450
50;2025-11-24;20;900
50;2025-11-24;21;612
50;2025-11-24;22;259
50;2025-11-24;23;120
50;2025-11-25;0;29
50;2025-11-25;1;0
50;2025-11-25;2;0
50;2025-11-25;3;0
50;2025-11-25;4;0
50;2025-11-25;5;54
50;2025-11-25;6;569
50;2025-11-25;7;1844
50;2025-11-25;8;2908
50;2025-11-25;9;2216
50;2025-11-25;10;1695
50;2025-11-25;11;1504
50;2025-11-25;12;1452
50;2025-11-25;13;1469
50;2025-11-25;14;1384
50;2025-11-25;15;1686
50;2025-11-25;16;1703
50;2025-11-25;17;2401
50;2025-11-25;18;2499
50;2025-11-25;19;1479
50;2025-11-25;20;929
50;2025-11-25;21;634
50;2025-11-25;22;260
50;2025-11-25;23;136
50;2025-11-26;0;29
50;2025-11-26;1;0
50;2025-11-26;2;0
50;2025-11-26;3;0
50;2025-11-26;4;0
50;2025-11-26;5;52
50;2025-11-26;6;532
50;2025-11-26;7;1767
50;2025-11-26;8;2818
50;2025-11-26;9;2130
50;2025-11-26;10;1670
50;2025-11-26;11;1579
50;2025-11-26;12;1442
50;2025-11-26;13;1479
50;2025-11-26;14;1445
50;2025-11-26;15;1689
50;2025-11-26;16;1712
50;2025-11-26;17;2365
50;2025-11-26;18;2427
50;2025-11-26;19;1563
50;2025-11-26;20;934
50;2025-11-26;21;649
50;2025-11-26;22;289
50;2025-11-26;23;141
50;2025-11-27;0;39
50;2025-11-27;1;0
50;2025-11-27;2;0
50;2025-11-27;3;0
50;2025-11-27;4;0
50;2025-11-27;5;53
50;2025-11-27;6;529
50;2025-11-27;7;1760
50;2025-11-27;8;2763
50;2025-11-27;9;2174
50;2025-11-27;10;1703
50;2025-11-27;11;1571
50;2025-11-27;12;1489
50;2025-11-27;13;1446
50;2025-11-27;14;1467
50;2025-11-27;15;1670
50;2025-11-27;16;1705
50;2025-11-27;17;2359
50;2025-11-27;18;2522
50;2025-11-27;19;1466
50;2025-11-27;20;953
50;2025-11-27;21;695
50;2025-11-27;22;288
50;2025-11-27;23;162
50;2025-11-28;0;36
50;2025-11-28;1;0
50;2025-11-28;2;0
50;2025-11-28;3;0
50;2025-11-28;4;0
50;2025-11-28;5;53
50;2025-11-28;6;552
50;2025-11-28;7;1785
50;2025-11-28;8;2744
50;2025-11-28;9;2108
50;2025-11-28;10;1566
50;2025-11-28;11;1623
50;2025-11-28;12;1528
50;2025-11-28;13;1530
50;2025-11-28;14;1513
50;2025-11-28;15;1776
50;2025-11-28;16;2210
50;2025-11-28;17;2205
50;2025-11-28;18;1777
50;2025-11-28;19;1290
50;2025-11-28;20;881
50;2025-11-28;21;591
50;2025-11-28;22;303
50;2025-11-28;23;182
50;2025-11-29;0;69
50;2025-11-29;1;0
50;2025-11-29;2;0
50;2025-11-29;3;0
50;2025-11-29;4;0
50;2025-11-29;5;29
50;2025-11-29;6;194
50;2025-11-29;7;430
50;2025-11-29;8;655
50;2025-11-29;9;706
50;2025-11-29;10;685
50;2025-11-29;11;893
50;2025-11-29;12;916
50;2025-11-29;13;938
50;2025-11-29;14;947
50;2025-11-29;15;901
50;2025-11-29;16;883
50;2025-11-29;17;875
50;2025-11-29;18;761
50;2025-11-29;19;692
50;2025-11-29;20;521
50;2025-11-29;21;445
50;2025-11-29;22;259
50;2025-11-29;23;154
50;2025-11-30;0;57
50;2025-11-30;1;0
50;2025-11-30;2;0
50;2025-11-30;3;0
50;2025-11-30;4;0
50;2025-11-30;5;23
50;2025-11-30;6;150
50;2025-11-30;7;281
50;2025-11-30;8;404
50;2025-11-30;9;511
50;2025-11-30;10;551
50;2025-11-30;11;695
50;2025-11-30;12;802
50;2025-11-30;13;844
50;2025-11-30;14;868
50;2025-11-30;15;815
50;2025-11-30;16;816
50;2025-11-30;17;798
50;2025-11-30;18;738
50;2025-11-30;19;623
50;2025-11-30;20;514
50;2025-11-30;21;408
50;2025-11-30;22;249
50;2025-11-30;23;131
50;2025-12-01;0;15
50;2025-12-01;1;0
50;2025-12-01;2;0
50;2025-12-01;3;0
50;2025-12-01;4;0
50;2025-12-01;5;53
50;2025-12-01;6;512
50;2025-12-01;7;1740
50;2025-12-01;8;2799
50;2025-12-01;9;2198
50;2025-12-01;10;1644
50;2025-12-01;11;1514
50;2025-12-01;12;1357
50;2025-12-01;13;1460
50;2025-12-01;14;1394
50;2025-12-01;15;1623
50;2025-12-01;16;1664
50;2025-12-01;17;2242
50;2025-12-01;18;2516
50;2025-12-01;19;1450
50;2025-12-01;20;900
50;2025-12-01;21;612
50;2025-12-01;22;259
50;2025-12-01;23;120
50;2025-12-02;0;29
50;2025-12-02;1;0
50;2025-12-02;2;0
50;2025-12-02;3;0
50;2025-12-02;4;0
50;2025-12-02;5;54
50;2025-12-02;6;569
50;2025-12-02;7;1844
50;2025-12-02;8;2908
50;2025-12-02;9;2216
50;2025-12-02;10;1695
50;2025-12-02;11;1504
50;2025-12-02;12;1452
50;2025-12-02;13;1469
50;2025-12-02;14;1384
50;2025-12-02;15;1686
50;2025-12-02;16;1703
50;2025-12-02;17;2401
50;2025-12-02;18;2499
50;2025-12-02;19;1479
50;2025-12-02;20;929
50;2025-12-02;21;634
50;2025-12-02;22;260
50;2025-12-02;23;136
50;2025-12-03;0;29
50;2025-12-03;1;0
50;2025-12-03;2;0
50;2025-12-03;3;0
50;2025-12-03;4;0
50;2025-12-03;5;52
50;2025-12-03;6;532
50;2025-12-03;7;1767
50;2025-12-03;8;2818
50;2025-12-03;9;2130
50;2025-12-03;10;1670
50;2025-12-03;11;1579
50;2025-12-03;12;1442
50;2025-12-03;13;1479
50;2025-12-03;14;1445
50;2025-12-03;15;1689
50;2025-12-03;16;1712
50;2025-12-03;17;2365
50;2025-12-03;18;2427
50;2025-12-03;19;1563
50;2025-12-03;20;934
50;2025-12-03;21;649
50;2025-12-03;22;289
50;2025-12-03;23;141
50;2025-12-04;0;39
50;2025-12-04;1;0
50;2025-12-04;2;0
50;2025-12-04;3;0
50;2025-12-04;4;0
50;2025-12-04;5;53
50;2025-12-04;6;529
50;2025-12-04;7;1760
50;2025-12-04;8;2763
50;2025-12-04;9;2174
50;2025-12-04;10;1703
50;2025-12-04;11;1571
50;2025-12-04;12;1489
50;2025-12-04;13;1446
50;2025-12-04;14;1467
50;2025-12-04;15;1670
50;2025-12-04;16;1705
50;2025-12-04;17;2359
50;2025-12-04;18;2522
50;2025-12-04;19;1466
50;2025-12-04;20;953
50;2025-12-04;21;695
50;2025-12-04;22;288
50;2025-12-04;23;162
50;2025-12-05;0;36
50;2025-12-05;1;0
50;2025-12-05;2;0
50;2025-12-05;3;0
50;2025-12-05;4;0
50;2025-12-05;5;53
50;2025-12-05;6;552
50;2025-12-05;7;1785
50;2025-12-05;8;2744
50;2025-12-05;9;2108
50;2025-12-05;10;1566
50;2025-12-05;11;1623
50;2025-12-05;12;1528
50;2025-12-05;13;1530
50;2025-12-05;14;1513
50;2025-12-05;15;1776
50;2025-12-05;16;2210
50;2025-12-05;17;2205
50;2025-12-05;18;1777
50;2025-12-05;19;1290
50;2025-12-05;20;881
50;2025-12-05;21;591
50;2025-12-05;22;303
50;2025-12-05;23;182
50;2025-12-06;0;69
50;2025-12-06;1;0
50;2025-12-06;2;0
50;2025-12-06;3;0
50;2025-12-06;4;0
50;2025-12-06;5;29
50;2025-12-06;6;194
50;2025-12-06;7;430
50;2025-12-06;8;655
50;2025-12-06;9;706
50;2025-12-06;10;685
50;2025-12-06;11;893
50;2025-12-06;12;916
50;2025-12-06;13;938
50;2025-12-06;14;947
50;2025-12-06;15;901
50;2025-12-06;16;883
50;2025-12-06;17;875
50;2025-12-06;18;761
50;2025-12-06;19;692
50;2025-12-06;20;521
50;2025-12-06;21;445
50;2025-12-06;22;259
50;2025-12-06;23;154
50;2025-12-07;0;57
50;2025-12-07;1;0
50;2025-12-07;2;0
50;2025-12-07;3;0
50;2025-12-07;4;0
50;2025-12-07;5;23
50;2025-12-07;6;150
50;2025-12-07;7;281
50;2025-12-07;8;404
50;2025-12-07;9;511
50;2025-12-07;10;551
50;2025-12-07;11;695
50;2025-12-07;12;802
50;2025-12-07;13;844
50;2025-12-07;14;868
50;2025-12-07;15;815
50;2025-12-07;16;816
50;2025-12-07;17;798
50;2025-12-07;18;738
50;2025-12-07;19;623
50;2025-12-07;20;514
50;2025-12-07;21;408
50;2025-12-07;22;249
50;2025-12-07;23;131
50;2025-12-08;0;15
50;2025-12-08;1;0
50;2025-12-08;2;0
50;2025-12-08;3;0
50;2025-12-08;4;0
50;2025-12-08;5;53
50;2025-12-08;6;512
50;2025-12-08;7;1740
50;2025-12-08;8;2799
50;2025-12-08;9;2198
50;2025-12-08;10;1644
50;2025-12-08;11;1514
50;2025-12-08;12;1357
50;2025-12-08;13;1460
50;2025-12-08;14;1394
50;2025-12-08;15;1623
50;2025-12-08;16;1664
50;2025-12-08;17;2242
50;2025-12-08;18;2516
50;2025-12-08;19;1450
50;2025-12-08;20;900
50;2025-12-08;21;612
50;2025-12-08;22;259
50;2025-12-08;23;120
50;2025-12-09;0;29
50;2025-12-09;1;0
50;2025-12-09;2;0
50;2025-12-09;3;0
50;2025-12-09;4;0
50;2025-12-09;5;54
50;2025-12-09;6;569
50;2025-12-09;7;1844
50;2025-12-09;8;2908
50;2025-12-09;9;2216
50;2025-12-09;10;1695
50;2025-12-09;11;1504
50;2025-12-09;12;1452
50;2025-12-09;13;1469
50;2025-12-09;14;1384
50;2025-12-09;15;1686
50;2025-12-09;16;1703
50;2025-12-09;17;2401
50;2025-12-09;18;2499
50;2025-12-09;19;1479
50;2025-12-09;20;929
50;2025-12-09;21;634
50;2025-12-09;22;260
50;2025-12-09;23;136
50;2025-12-10;0;29
50;2025-12-10;1;0
50;2025-12-10;2;0
50;2025-12-10;3;0
50;2025-12-10;4;0
50;2025-12-10;5;52
50;2025-12-10;6;532
50;2025-12-10;7;1767
50;2025-12-10;8;2818
50;2025-12-10;9;2130
50;2025-12-10;10;1670
50;2025-12-10;11;1579
50;2025-12-10;12;1442
50;2025-12-10;13;1479
50;2025-12-10;14;1445
50;2025-12-10;15;1689
50;2025-12-10;16;1712
50;2025-12-10;17;2365
50;2025-12-10;18;2427
50;2025-12-10;19;1563
50;2025-12-10;20;934
50;2025-12-10;21;649
50;2025-12-10;22;289
50;2025-12-10;23;141
50;2025-12-11;0;39
50;2025-12-11;1;0
50;2025-12-11;2;0
50;2025-12-11;3;0
50;2025-12-11;4;0
50;2025-12-11;5;53
50;2025-12-11;6;529
50;2025-12-11;7;1760
50;2025-12-11;8;2763
50;2025-12-11;9;2174
50;2025-12-11;10;1703
50;2025-12-11;11;1571
50;2025-12-11;12;1489
50;2025-12-11;13;1446
50;2025-12-11;14;1467
50;2025-12-11;15;1670
50;2025-12-11;16;1705
50;2025-12-11;17;2359
50;2025-12-11;18;2522
50;2025-12-11;19;1466
50;2025-12-11;20;953
50;2025-12-11;21;695
50;2025-12-11;22;288
50;2025-12-11;23;162
50;2025-12-12;0;36
50;2025-12-12;1;0
50;2025-12-12;2;0
50;2025-12-12;3;0
50;2025-12-12;4;0
50;2025-12-12;5;53
50;2025-12-12;6;552
50;2025-12-12;7;1785
50;2025-12-12;8;2744
50;2025-12-12;9;2108
50;2025-12-12;10;1566
50;2025-12-12;11;1623
50;2025-12-12;12;1528
50;2025-12-12;13;1530
50;2025-12-12;14;1513
50;2025-12-12;15;1776
50;2025-12-12;16;2210
50;2025-12-12;17;2205
50;2025-12-12;18;1777
50;2025-12-12;19;1290
50;2025-12-12;20;881
50;2025-12-12;21;591
50;2025-12-12;22;303
50;2025-12-12;23;182
50;2025-12-13;0;69
50;2025-12-13;1;0
50;2025-12-13;2;0
50;2025-12-13;3;0
50;2025-12-13;4;0
50;2025-12-13;5;29
50;2025-12-13;6;194
50;2025-12-13;7;430
50;2025-12-13;8;655
50;2025-12-13;9;706
50;2025-12-13;10;685
50;2025-12-13;11;893
50;2025-12-13;12;916
50;2025-12-13;13;938
50;2025-12-13;14;947
50;2025-12-13;15;901
50;2025-12-13;16;883
50;2025-12-13;17;875
50;2025-12-13;18;761
50;2025-12-13;19;692
50;2025-12-13;20;521
50;2025-12-13;21;445
50;2025-12-13;22;259
50;2025-12-13;23;154
50;2025-12-14;0;57
50;2025-12-14;1;0
50;2025-12-14;2;0
50;2025-12-14;3;0
50;2025-12-14;4;0
50;2025-12-14;5;23
50;2025-12-14;6;150
50;2025-12-14;7;281
50;2025-12-14;8;404
50;2025-12-14;9;511
50;2025-12-14;10;551
50;2025-12-14;11;695
50;2025-12-14;12;802
50;2025-12-14;13;844
50;2025-12-14;14;868
50;2025-12-14;15;815
50;2025-12-14;16;816
50;2025-12-14;17;798
50;2025-12-14;18;738
50;2025-12-14;19;623
50;2025-12-14;20;514
50;2025-12-14;21;408
50;2025-12-14;22;249
50;2025-12-14;23;131
50;2025-12-15;0;15
50;2025-12-15;1;0
50;2025-12-15;2;0
50;2025-12-15;3;0
50;2025-12-15;4;0
50;2025-12-15;5;53
50;2025-12-15;6;512
50;2025-12-15;7;1740
50;2025-12-15;8;2799
50;2025-12-15;9;2198
50;2025-12-15;10;1644
50;2025-12-15;11;1514
50;2025-12-15;12;1357
50;2025-12-15;13;1460
50;2025-12-15;14;1394
50;2025-12-15;15;1623
50;2025-12-15;16;1664
50;2025-12-15;17;2242
50;2025-12-15;18;2516
50;2025-12-15;19;1450
50;2025-12-15;20;900
50;2025-12-15;21;612
50;2025-12-15;22;259
50;2025-12-15;23;120
50;2025-12-16;0;29
50;2025-12-16;1;0
50;2025-12-16;2;0
50;2025-12-16;3;0
50;2025-12-16;4;0
50;2025-12-16;5;54
50;2025-12-16;6;569
50;2025-12-16;7;1844
50;2025-12-16;8;2908
50;2025-12-16;9;2216
50;2025-12-16;10;1695
50;2025-12-16;11;1504
50;2025-12-16;12;1452
50;2025-12-16;13;1469
50;2025-12-16;14;1384
50;2025-12-16;15;1686
50;2025-12-16;16;1703
50;2025-12-16;17;2401
50;2025-12-16;18;2499
50;2025-12-16;19;1479
50;2025-12-16;20;929
50;2025-12-16;21;634
50;2025-12-16;22;260
50;2025-12-16;23;136
50;2025-12-17;0;29
50;2025-12-17;1;0
50;2025-12-17;2;0
50;2025-12-17;3;0
50;2025-12-17;4;0
50;2025-12-17;5;52
50;2025-12-17;6;532
50;2025-12-17;7;1767
50;2025-12-17;8;2818
50;2025-12-17;9;2130
50;2025-12-17;10;1670
50;2025-12-17;11;1579
50;2025-12-17;12;1442
50;2025-12-17;13;1479
50;2025-12-17;14;1445
50;2025-12-17;15;1689
50;2025-12-17;16;1712
50;2025-12-17;17;2365
50;2025-12-17;18;2427
50;2025-12-17;19;1563
50;2025-12-17;20;934
50;2025-12-17;21;649
50;2025-12-17;22;289
50;2025-12-17;23;141
50;2025-12-18;0;39
50;2025-12-18;1;0
50;2025-12-18;2;0
50;2025-12-18;3;0
50;2025-12-18;4;0
50;2025-12-18;5;53
50;2025-12-18;6;529
50;2025-12-18;7;1760
50;2025-12-18;8;2763
50;2025-12-18;9;2174
50;2025-12-18;10;1703
50;2025-12-18;11;1571
50;2025-12-18;12;1489
50;2025-12-18;13;1446
50;2025-12-18;14;1467
50;2025-12-18;15;1670
50;2025-12-18;16;1705
50;2025-12-18;17;2359
50;2025-12-18;18;2522
50;2025-12-18;19;1466
50;2025-12-18;20;953
50;2025-12-18;21;695
50;2025-12-18;22;288
50;2025-12-18;23;162
50;2025-12-19;0;36
50;2025-12-19;1;0
50;2025-12-19;2;0
50;2025-12-19;3;0
50;2025-12-19;4;0
50;2025-12-19;5;53
50;2025-12-19;6;552
50;2025-12-19;7;1785
50;2025-12-19;8;2744
50;2025-12-19;9;2108
50;2025-12-19;10;1566
50;2025-12-19;11;1623
50;2025-12-19;12;1528
50;2025-12-19;13;1530
50;2025-12-19;14;1513
50;2025-12-19;15;1776
50;2025-12-19;16;2210
50;2025-12-19;17;2205
50;2025-12-19;18;1777
50;2025-12-19;19;1290
50;2025-12-19;20;881
50;2025-12-19;21;591
50;2025-12-19;22;303
50;2025-12-19;23;182
50;2025-12-20;0;69
50;2025-12-20;1;0
50;2025-12-20;2;0
50;2025-12-20;3;0
50;2025-12-20;4;0
50;2025-12-20;5;29
50;2025-12-20;6;194
50;2025-12-20;7;430
50;2025-12-20;8;655
50;2025-12-20;9;706
50;2025-12-20;10;685
50;2025-12-20;11;893
50;2025-12-20;12;916
50;2025-12-20;13;938
50;2025-12-20;14;947
50;2025-12-20;15;901
50;2025-12-20;16;883
50;2025-12-20;17;875
50;2025-12-20;18;761
50;2025-12-20;19;692
50;2025-12-20;20;521
50;2025-12-20;21;445
50;2025-12-20;22;259
50;2025-12-20;23;154
50;2025-12-21;0;57
50;2025-12-21;1;0
50;2025-12-21;2;0
50;2025-12-21;3;0
50;2025-12-21;4;0
50;2025-12-21;5;23
50;2025-12-21;6;150
50;2025-12-21;7;281
50;2025-12-21;8;404
50;2025-12-21;9;511
50;2025-12-21;10;551
50;2025-12-21;11;695
50;2025-12-21;12;802
50;2025-12-21;13;844
50;2025-12-21;14;868
50;2025-12-21;15;815
50;2025-12-21;16;816
50;2025-12-21;17;798
50;2025-12-21;18;738
50;2025-12-21;19;623
50;2025-12-21;20;514
50;2025-12-21;21;408
50;2025-12-21;22;249
50;2025-12-21;23;131
50;2025-12-22;0;15
50;2025-12-22;1;0
50;2025-12-22;2;0
50;2025-12-22;3;0
50;2025-12-22;4;0
50;2025-12-22;5;53
50;2025-12-22;6;512
50;2025-12-22;7;1740
50;2025-12-22;8;2799
50;2025-12-22;9;2198
50;2025-12-22;10;1644
50;2025-12-22;11;1514
50;2025-12-22;12;1357
50;2025-12-22;13;1460
50;2025-12-22;14;1394
50;2025-12-22;15;1623
50;2025-12-22;16;1664
50;2025-12-22;17;2242
50;2025-12-22;18;2516
50;2025-12-22;19;1450
50;2025-12-22;20;900
50;2025-12-22;21;612
50;2025-12-22;22;259
50;2025-12-22;23;120
50;2025-12-23;0;29
50;2025-12-23;1;0
50;2025-12-23;2;0
50;2025-12-23;3;0
50;2025-12-23;4;0
50;2025-12-23;5;54
50;2025-12-23;6;569
50;2025-12-23;7;1844
50;2025-12-23;8;2908
50;2025-12-23;9;2216
50;2025-12-23;10;1695
50;2025-12-23;11;1504
50;2025-12-23;12;1452
50;2025-12-23;13;1469
50;2025-12-23;14;1384
50;2025-12-23;15;1686
50;2025-12-23;16;1703
50;2025-12-23;17;2401
50;2025-12-23;18;2499
50;2025-12-23;19;1479
50;2025-12-23;20;929
50;2025-12-23;21;634
50;2025-12-23;22;260
50;2025-12-23;23;136
50;2025-12-24;0;29
50;2025-12-24;1;0
50;2025-12-24;2;0
50;2025-12-24;3;0
50;2025-12-24;4;0
50;2025-12-24;5;52
50;2025-12-24;6;532
50;2025-12-24;7;1767
50;2025-12-24;8;2818
50;2025-12-24;9;2130
50;2025-12-24;10;1670
50;2025-12-24;11;1579
50;2025-12-24;12;1442
50;2025-12-24;13;1479
50;2025-12-24;14;1445
50;2025-12-24;15;1689
50;2025-12-24;16;1712
50;2025-12-24;17;2365
50;2025-12-24;18;2427
50;2025-12-24;19;1563
50;2025-12-24;20;934
50;2025-12-24;21;649
50;2025-12-24;22;289
50;2025-12-24;23;141
50;2025-12-25;0;39
50;2025-12-25;1;0
50;2025-12-25;2;0
50;2025-12-25;3;0
50;2025-12-25;4;0
50;2025-12-25;5;53
50;2025-12-25;6;529
50;2025-12-25;7;1760
50;2025-12-25;8;2763
50;2025-12-25;9;2174
50;2025-12-25;10;1703
50;2025-12-25;11;1571
50;2025-12-25;12;1489
50;2025-12-25;13;1446
50;2025-12-25;14;1467
50;2025-12-25;15;1670
50;2025-12-25;16;1705
50;2025-12-25;17;2359
50;2025-12-25;18;2522
50;2025-12-25;19;1466
50;2025-12-25;20;953
50;2025-12-25;21;695
50;2025-12-25;22;288
50;2025-12-25;23;162
50;2025-12-26;0;36
50;2025-12-26;1;0
50;2025-12-26;2;0
50;2025-12-26;3;0
50;2025-12-26;4;0
50;2025-12-26;5;53
50;2025-12-26;6;552
50;2025-12-26;7;1785
50;2025-12-26;8;2744
50;2025-12-26;9;2108
50;2025-12-26;10;1566
50;2025-12-26;11;1623
50;2025-12-26;12;1528
50;2025-12-26;13;1530
50;2025-12-26;14;1513
50;2025-12-26;15;1776
50;2025-12-26;16;2210
50;2025-12-26;17;2205
50;2025-12-26;18;1777
50;2025-12-26;19;1290
50;2025-12-26;20;881
50;2025-12-26;21;591
50;2025-12-26;22;303
50;2025-12-26;23;182
50;2025-12-27;0;69
50;2025-12-27;1;0
50;2025-12-27;2;0
50;2025-12-27;3;0
50;2025-12-27;4;0
50;2025-12-27;5;29
50;2025-12-27;6;194
50;2025-12-27;7;430
50;2025-12-27;8;655
50;2025-12-27;9;706
50;2025-12-27;10;685
50;2025-12-27;11;893
50;2025-12-27;12;916
50;2025-12-27;13;938
50;2025-12-27;14;947
50;2025-12-27;15;901
50;2025-12-27;16;883
50;2025-12-27;17;875
50;2025-12-27;18;761
50;2025-12-27;19;692
50;2025-12-27;20;521
50;2025-12-27;21;445
50;2025-12-27;22;259
50;2025-12-27;23;154
50;2025-12-28;0;57
50;2025-12-28;1;0
50;2025-12-28;2;0
50;2025-12-28;3;0
50;2025-12-28;4;0
50;2025-12-28;5;23
50;2025-12-28;6;150
50;2025-12-28;7;281
50;2025-12-28;8;404
50;2025-12-28;9;511
50;2025-12-28;10;551
50;2025-12-28;11;695
50;2025-12-28;12;802
50;2025-12-28;13;844
50;2025-12-28;14;868
50;2025-12-28;15;815
50;2025-12-28;16;816
50;2025-12-28;17;798
50;2025-12-28;18;738
50;2025-12-28;19;623
50;2025-12-28;20;514
50;2025-12-28;21;408
50;2025-12-28;22;249
50;2025-12-28;23;131
50;2025-12-29;0;15
50;2025-12-29;1;0
50;2025-12-29;2;0
50;2025-12-29;3;0
50;2025-12-29;4;0
50;2025-12-29;5;53
50;2025-12-29;6;512
50;2025-12-29;7;1740
50;2025-12-29;8;2799
50;2025-12-29;9;2198
50;2025-12-29;10;1644
50;2025-12-29;11;1514
50;2025-12-29;12;1357
50;2025-12-29;13;1460
50;2025-12-29;14;1394
50;2025-12-29;15;1623
50;2025-12-29;16;1664
50;2025-12-29;17;2242
50;2025-12-29;18;2516
50;2025-12-29;19;1450
50;2025-12-29;20;900
50;2025-12-29;21;612
50;2025-12-29;22;259
50;2025-12-29;23;120
50;2025-12-30;0;29
50;2025-12-30;1;0
50;2025-12-30;2;0
50;2025-12-30;3;0
50;2025-12-30;4;0
50;2025-12-30;5;54
50;2025-12-30;6;569
50;2025-12-30;7;1844
50;2025-12-30;8;2908
50;2025-12-30;9;2216
50;2025-12-30;10;1695
50;2025-12-30;11;1504
50;2025-12-30;12;1452
50;2025-12-30;13;1469
50;2025-12-30;14;1384
50;2025-12-30;15;1686
50;2025-12-30;16;1703
50;2025-12-30;17;2401
50;2025-12-30;18;2499
50;2025-12-30;19;1479
50;2025-12-30;20;929
50;2025-12-30;21;634
50;2025-12-30;22;260
50;2025-12-30;23;136
50;2025-12-31;0;55
50;2025-12-31;1;0
50;2025-12-31;2;0
50;2025-12-31;3;0
50;2025-12-31;4;0
50;2025-12-31;5;22
50;2025-12-31;6;147
50;2025-12-31;7;275
50;2025-12-31;8;396
50;2025-12-31;9;501
50;2025-12-31;10;540
50;2025-12-31;11;681
50;2025-12-31;12;786
50;2025-12-31;13;827
50;2025-12-31;14;851
50;2025-12-31;15;798
50;2025-12-31;16;800
50;2025-12-31;17;783
50;2025-12-31;18;723
50;2025-12-31;19;610
50;2025-12-31;20;504
50;2025-12-31;21;400
50;2025-12-31;22;244
50;2025-12-31;23;129
