route;date;hour;prediction
1;2025-11-01;0;8
1;2025-11-01;1;0
1;2025-11-01;2;0
1;2025-11-01;3;0
1;2025-11-01;4;0
1;2025-11-01;5;31
1;2025-11-01;6;166
1;2025-11-01;7;324
1;2025-11-01;8;434
1;2025-11-01;9;683
1;2025-11-01;10;781
1;2025-11-01;11;724
1;2025-11-01;12;890
1;2025-11-01;13;905
1;2025-11-01;14;835
1;2025-11-01;15;739
1;2025-11-01;16;689
1;2025-11-01;17;650
1;2025-11-01;18;595
1;2025-11-01;19;543
1;2025-11-01;20;407
1;2025-11-01;21;300
1;2025-11-01;22;144
1;2025-11-01;23;38
1;2025-11-02;0;2
1;2025-11-02;1;0
1;2025-11-02;2;0
1;2025-11-02;3;0
1;2025-11-02;4;0
1;2025-11-02;5;23
1;2025-11-02;6;127
1;2025-11-02;7;254
1;2025-11-02;8;352
1;2025-11-02;9;574
1;2025-11-02;10;670
1;2025-11-02;11;668
1;2025-11-02;12;795
1;2025-11-02;13;834
1;2025-11-02;14;735
1;2025-11-02;15;668
1;2025-11-02;16;618
1;2025-11-02;17;578
1;2025-11-02;18;535
1;2025-11-02;19;460
1;2025-11-02;20;358
1;2025-11-02;21;272
1;2025-11-02;22;116
1;2025-11-02;23;33
1;2025-11-03;0;0
1;2025-11-03;1;0
1;2025-11-03;2;0
1;2025-11-03;3;0
1;2025-11-03;4;0
1;2025-11-03;5;82
1;2025-11-03;6;510
1;2025-11-03;7;1332
1;2025-11-03;8;1707
1;2025-11-03;9;1303
1;2025-11-03;10;1154
1;2025-11-03;11;1183
1;2025-11-03;12;1218
1;2025-11-03;13;1221
1;2025-11-03;14;1172
1;2025-11-03;15;1308
1;2025-11-03;16;1351
1;2025-11-03;17;1602
1;2025-11-03;18;1693
1;2025-11-03;19;1315
1;2025-11-03;20;846
1;2025-11-03;21;457
1;2025-11-03;22;228
1;2025-11-03;23;40
1;2025-11-04;0;4
1;2025-11-04;1;0
1;2025-11-04;2;0
1;2025-11-04;3;0
1;2025-11-04;4;0
1;2025-11-04;5;86
1;2025-11-04;6;521
1;2025-11-04;7;1398
1;2025-11-04;8;1759
1;2025-11-04;9;1416
1;2025-11-04;10;1287
1;2025-11-04;11;1277
1;2025-11-04;12;1270
1;2025-11-04;13;1288
1;2025-11-04;14;1184
1;2025-11-04;15;1308
1;2025-11-04;16;1335
1;2025-11-04;17;1572
1;2025-11-04;18;1667
1;2025-11-04;19;1321
1;2025-11-04;20;874
1;2025-11-04;21;474
1;2025-11-04;22;239
1;2025-11-04;23;45
1;2025-11-05;0;5
1;2025-11-05;1;0
1;2025-11-05;2;0
1;2025-11-05;3;0
1;2025-11-05;4;0
1;2025-11-05;5;89
1;2025-11-05;6;534
1;2025-11-05;7;1396
1;2025-11-05;8;1853
1;2025-11-05;9;1441
1;2025-11-05;10;1302
1;2025-11-05;11;1315
1;2025-11-05;12;1330
1;2025-11-05;13;1375
1;2025-11-05;14;1280
1;2025-11-05;15;1403
1;2025-11-05;16;1413
1;2025-11-05;17;1679
1;2025-11-05;18;1763
1;2025-11-05;19;1370
1;2025-11-05;20;902
1;2025-11-05;21;484
1;2025-11-05;22;249
1;2025-11-05;23;45
1;2025-11-06;0;6
1;2025-11-06;1;0
1;2025-11-06;2;0
1;2025-11-06;3;0
1;2025-11-06;4;0
1;2025-11-06;5;82
1;2025-11-06;6;508
1;2025-11-06;7;1373
1;2025-11-06;8;1788
1;2025-11-06;9;1414
1;2025-11-06;10;1329
1;2025-11-06;11;1308
1;2025-11-06;12;1355
1;2025-11-06;13;1344
1;2025-11-06;14;1292
1;2025-11-06;15;1383
1;2025-11-06;16;1418
1;2025-11-06;17;1653
1;2025-11-06;18;1735
1;2025-11-06;19;1347
1;2025-11-06;20;893
1;2025-11-06;21;481
1;2025-11-06;22;242
1;2025-11-06;23;51
1;2025-11-07;0;6
1;2025-11-07;1;0
1;2025-11-07;2;0
1;2025-11-07;3;0
1;2025-11-07;4;0
1;2025-11-07;5;89
1;2025-11-07;6;508
1;2025-11-07;7;1383
1;2025-11-07;8;1761
1;2025-11-07;9;1388
1;2025-11-07;10;1281
1;2025-11-07;11;1337
1;2025-11-07;12;1327
1;2025-11-07;13;1360
1;2025-11-07;14;1283
1;2025-11-07;15;1430
1;2025-11-07;16;1493
1;2025-11-07;17;1647
1;2025-11-07;18;1504
1;2025-11-07;19;1171
1;2025-11-07;20;820
1;2025-11-07;21;498
1;2025-11-07;22;246
1;2025-11-07;23;57
1;2025-11-08;0;8
1;2025-11-08;1;0
1;2025-11-08;2;0
1;2025-11-08;3;0
1;2025-11-08;4;0
1;2025-11-08;5;29
1;2025-11-08;6;166
1;2025-11-08;7;324
1;2025-11-08;8;434
1;2025-11-08;9;683
1;2025-11-08;10;781
1;2025-11-08;11;724
1;2025-11-08;12;890
1;2025-11-08;13;905
1;2025-11-08;14;835
1;2025-11-08;15;739
1;2025-11-08;16;689
1;2025-11-08;17;650
1;2025-11-08;18;595
1;2025-11-08;19;543
1;2025-11-08;20;407
1;2025-11-08;21;300
1;2025-11-08;22;139
1;2025-11-08;23;37
1;2025-11-09;0;2
1;2025-11-09;1;0
1;2025-11-09;2;0
1;2025-11-09;3;0
1;2025-11-09;4;0
1;2025-11-09;5;23
1;2025-11-09;6;127
1;2025-11-09;7;254
1;2025-11-09;8;352
1;2025-11-09;9;574
1;2025-11-09;10;670
1;2025-11-09;11;668
1;2025-11-09;12;795
1;2025-11-09;13;834
1;2025-11-09;14;735
1;2025-11-09;15;668
1;2025-11-09;16;618
1;2025-11-09;17;578
1;2025-11-09;18;535
1;2025-11-09;19;460
1;2025-11-09;20;358
1;2025-11-09;21;272
1;2025-11-09;22;116
1;2025-11-09;23;33
1;2025-11-10;0;0
1;2025-11-10;1;0
1;2025-11-10;2;0
1;2025-11-10;3;0
1;2025-11-10;4;0
1;2025-11-10;5;82
1;2025-11-10;6;518
1;2025-11-10;7;1426
1;2025-11-10;8;1827
1;2025-11-10;9;1382
1;2025-11-10;10;1230
1;2025-11-10;11;1241
1;2025-11-10;12;1304
1;2025-11-10;13;1307
1;2025-11-10;14;1254
1;2025-11-10;15;1400
1;2025-11-10;16;1446
1;2025-11-10;17;1714
1;2025-11-10;18;1812
1;2025-11-10;19;1407
1;2025-11-10;20;891
1;2025-11-10;21;465
1;2025-11-10;22;228
1;2025-11-10;23;40
1;2025-11-11;0;4
1;2025-11-11;1;0
1;2025-11-11;2;0
1;2025-11-11;3;0
1;2025-11-11;4;0
1;2025-11-11;5;86
1;2025-11-11;6;542
1;2025-11-11;7;1477
1;2025-11-11;8;1859
1;2025-11-11;9;1496
1;2025-11-11;10;1351
1;2025-11-11;11;1338
1;2025-11-11;12;1342
1;2025-11-11;13;1362
1;2025-11-11;14;1251
1;2025-11-11;15;1382
1;2025-11-11;16;1411
1;2025-11-11;17;1661
1;2025-11-11;18;1762
1;2025-11-11;19;1396
1;2025-11-11;20;901
1;2025-11-11;21;491
1;2025-11-11;22;239
1;2025-11-11;23;45
1;2025-11-12;0;5
1;2025-11-12;1;0
1;2025-11-12;2;0
1;2025-11-12;3;0
1;2025-11-12;4;0
1;2025-11-12;5;90
1;2025-11-12;6;540
1;2025-11-12;7;1412
1;2025-11-12;8;1874
1;2025-11-12;9;1441
1;2025-11-12;10;1317
1;2025-11-12;11;1330
1;2025-11-12;12;1346
1;2025-11-12;13;1391
1;2025-11-12;14;1295
1;2025-11-12;15;1419
1;2025-11-12;16;1429
1;2025-11-12;17;1698
1;2025-11-12;18;1783
1;2025-11-12;19;1386
1;2025-11-12;20;912
1;2025-11-12;21;484
1;2025-11-12;22;249
1;2025-11-12;23;45
1;2025-11-13;0;6
1;2025-11-13;1;0
1;2025-11-13;2;0
1;2025-11-13;3;0
1;2025-11-13;4;0
1;2025-11-13;5;82
1;2025-11-13;6;508
1;2025-11-13;7;1396
1;2025-11-13;8;1818
1;2025-11-13;9;1437
1;2025-11-13;10;1339
1;2025-11-13;11;1326
1;2025-11-13;12;1377
1;2025-11-13;13;1366
1;2025-11-13;14;1313
1;2025-11-13;15;1406
1;2025-11-13;16;1442
1;2025-11-13;17;1680
1;2025-11-13;18;1764
1;2025-11-13;19;1352
1;2025-11-13;20;907
1;2025-11-13;21;481
1;2025-11-13;22;242
1;2025-11-13;23;51
1;2025-11-14;0;6
1;2025-11-14;1;0
1;2025-11-14;2;0
1;2025-11-14;3;0
1;2025-11-14;4;0
1;2025-11-14;5;91
1;2025-11-14;6;514
1;2025-11-14;7;1410
1;2025-11-14;8;1795
1;2025-11-14;9;1415
1;2025-11-14;10;1306
1;2025-11-14;11;1363
1;2025-11-14;12;1353
1;2025-11-14;13;1386
1;2025-11-14;14;1308
1;2025-11-14;15;1458
1;2025-11-14;16;1522
1;2025-11-14;17;1679
1;2025-11-14;18;1533
1;2025-11-14;19;1193
1;2025-11-14;20;821
1;2025-11-14;21;498
1;2025-11-14;22;246
1;2025-11-14;23;57
1;2025-11-15;0;8
1;2025-11-15;1;0
1;2025-11-15;2;0
1;2025-11-15;3;0
1;2025-11-15;4;0
1;2025-11-15;5;30
1;2025-11-15;6;166
1;2025-11-15;7;324
1;2025-11-15;8;434
1;2025-11-15;9;683
1;2025-11-15;10;781
1;2025-11-15;11;724
1;2025-11-15;12;890
1;2025-11-15;13;905
1;2025-11-15;14;835
1;2025-11-15;15;739
1;2025-11-15;16;689
1;2025-11-15;17;650
1;2025-11-15;18;595
1;2025-11-15;19;543
1;2025-11-15;20;407
1;2025-11-15;21;300
1;2025-11-15;22;142
1;2025-11-15;23;37
1;2025-11-16;0;2
1;2025-11-16;1;0
1;2025-11-16;2;0
1;2025-11-16;3;0
1;2025-11-16;4;0
1;2025-11-16;5;24
1;2025-11-16;6;127
1;2025-11-16;7;255
1;2025-11-16;8;353
1;2025-11-16;9;576
1;2025-11-16;10;673
1;2025-11-16;11;670
1;2025-11-16;12;798
1;2025-11-16;13;836
1;2025-11-16;14;737
1;2025-11-16;15;670
1;2025-11-16;16;620
1;2025-11-16;17;580
1;2025-11-16;18;537
1;2025-11-16;19;461
1;2025-11-16;20;359
1;2025-11-16;21;273
1;2025-11-16;22;116
1;2025-11-16;23;33
1;2025-11-17;0;0
1;2025-11-17;1;0
1;2025-11-17;2;0
1;2025-11-17;3;0
1;2025-11-17;4;0
1;2025-11-17;5;82
1;2025-11-17;6;518
1;2025-11-17;7;1462
1;2025-11-17;8;1872
1;2025-11-17;9;1382
1;2025-11-17;10;1230
1;2025-11-17;11;1241
1;2025-11-17;12;1318
1;2025-11-17;13;1339
1;2025-11-17;14;1286
1;2025-11-17;15;1435
1;2025-11-17;16;1482
1;2025-11-17;17;1757
1;2025-11-17;18;1858
1;2025-11-17;19;1423
1;2025-11-17;20;891
1;2025-11-17;21;465
1;2025-11-17;22;228
1;2025-11-17;23;40
1;2025-11-18;0;4
1;2025-11-18;1;0
1;2025-11-18;2;0
1;2025-11-18;3;0
1;2025-11-18;4;0
1;2025-11-18;5;86
1;2025-11-18;6;542
1;2025-11-18;7;1509
1;2025-11-18;8;1899
1;2025-11-18;9;1510
1;2025-11-18;10;1351
1;2025-11-18;11;1338
1;2025-11-18;12;1372
1;2025-11-18;13;1391
1;2025-11-18;14;1278
1;2025-11-18;15;1412
1;2025-11-18;16;1441
1;2025-11-18;17;1697
1;2025-11-18;18;1800
1;2025-11-18;19;1427
1;2025-11-18;20;901
1;2025-11-18;21;491
1;2025-11-18;22;239
1;2025-11-18;23;45
1;2025-11-19;0;5
1;2025-11-19;1;0
1;2025-11-19;2;0
1;2025-11-19;3;0
1;2025-11-19;4;0
1;2025-11-19;5;91
1;2025-11-19;6;549
1;2025-11-19;7;1434
1;2025-11-19;8;1904
1;2025-11-19;9;1441
1;2025-11-19;10;1323
1;2025-11-19;11;1334
1;2025-11-19;12;1362
1;2025-11-19;13;1413
1;2025-11-19;14;1315
1;2025-11-19;15;1441
1;2025-11-19;16;1451
1;2025-11-19;17;1725
1;2025-11-19;18;1811
1;2025-11-19;19;1393
1;2025-11-19;20;927
1;2025-11-19;21;484
1;2025-11-19;22;249
1;2025-11-19;23;45
1;2025-11-20;0;6
1;2025-11-20;1;0
1;2025-11-20;2;0
1;2025-11-20;3;0
1;2025-11-20;4;0
1;2025-11-20;5;82
1;2025-11-20;6;508
1;2025-11-20;7;1429
1;2025-11-20;8;1861
1;2025-11-20;9;1465
1;2025-11-20;10;1339
1;2025-11-20;11;1326
1;2025-11-20;12;1409
1;2025-11-20;13;1398
1;2025-11-20;14;1344
1;2025-11-20;15;1439
1;2025-11-20;16;1475
1;2025-11-20;17;1719
1;2025-11-20;18;1805
1;2025-11-20;19;1352
1;2025-11-20;20;910
1;2025-11-20;21;481
1;2025-11-20;22;242
1;2025-11-20;23;51
1;2025-11-21;0;6
1;2025-11-21;1;0
1;2025-11-21;2;0
1;2025-11-21;3;0
1;2025-11-21;4;0
1;2025-11-21;5;93
1;2025-11-21;6;514
1;2025-11-21;7;1439
1;2025-11-21;8;1832
1;2025-11-21;9;1427
1;2025-11-21;10;1333
1;2025-11-21;11;1391
1;2025-11-21;12;1370
1;2025-11-21;13;1415
1;2025-11-21;14;1335
1;2025-11-21;15;1488
1;2025-11-21;16;1554
1;2025-11-21;17;1714
1;2025-11-21;18;1565
1;2025-11-21;19;1218
1;2025-11-21;20;821
1;2025-11-21;21;498
1;2025-11-21;22;246
1;2025-11-21;23;57
1;2025-11-22;0;8
1;2025-11-22;1;0
1;2025-11-22;2;0
1;2025-11-22;3;0
1;2025-11-22;4;0
1;2025-11-22;5;31
1;2025-11-22;6;166
1;2025-11-22;7;339
1;2025-11-22;8;466
1;2025-11-22;9;733
1;2025-11-22;10;839
1;2025-11-22;11;777
1;2025-11-22;12;956
1;2025-11-22;13;971
1;2025-11-22;14;896
1;2025-11-22;15;794
1;2025-11-22;16;739
1;2025-11-22;17;697
1;2025-11-22;18;638
1;2025-11-22;19;583
1;2025-11-22;20;426
1;2025-11-22;21;319
1;2025-11-22;22;144
1;2025-11-22;23;38
1;2025-11-23;0;2
1;2025-11-23;1;0
1;2025-11-23;2;0
1;2025-11-23;3;0
1;2025-11-23;4;0
1;2025-11-23;5;25
1;2025-11-23;6;133
1;2025-11-23;7;266
1;2025-11-23;8;369
1;2025-11-23;9;602
1;2025-11-23;10;703
1;2025-11-23;11;700
1;2025-11-23;12;834
1;2025-11-23;13;874
1;2025-11-23;14;770
1;2025-11-23;15;701
1;2025-11-23;16;648
1;2025-11-23;17;606
1;2025-11-23;18;561
1;2025-11-23;19;482
1;2025-11-23;20;372
1;2025-11-23;21;286
1;2025-11-23;22;116
1;2025-11-23;23;33
1;2025-11-24;0;0
1;2025-11-24;1;0
1;2025-11-24;2;0
1;2025-11-24;3;0
1;2025-11-24;4;0
1;2025-11-24;5;82
1;2025-11-24;6;518
1;2025-11-24;7;1457
1;2025-11-24;8;1867
1;2025-11-24;9;1382
1;2025-11-24;10;1230
1;2025-11-24;11;1241
1;2025-11-24;12;1318
1;2025-11-24;13;1335
1;2025-11-24;14;1282
1;2025-11-24;15;1431
1;2025-11-24;16;1478
1;2025-11-24;17;1752
1;2025-11-24;18;1852
1;2025-11-24;19;1423
1;2025-11-24;20;891
1;2025-11-24;21;465
1;2025-11-24;22;228
1;2025-11-24;23;40
1;2025-11-25;0;4
1;2025-11-25;1;0
1;2025-11-25;2;0
1;2025-11-25;3;0
1;2025-11-25;4;0
1;2025-11-25;5;86
1;2025-11-25;6;542
1;2025-11-25;7;1510
1;2025-11-25;8;1900
1;2025-11-25;9;1510
1;2025-11-25;10;1351
1;2025-11-25;11;1338
1;2025-11-25;12;1372
1;2025-11-25;13;1392
1;2025-11-25;14;1279
1;2025-11-25;15;1413
1;2025-11-25;16;1442
1;2025-11-25;17;1698
1;2025-11-25;18;1801
1;2025-11-25;19;1427
1;2025-11-25;20;901
1;2025-11-25;21;491
1;2025-11-25;22;239
1;2025-11-25;23;45
1;2025-11-26;0;5
1;2025-11-26;1;0
1;2025-11-26;2;0
1;2025-11-26;3;0
1;2025-11-26;4;0
1;2025-11-26;5;91
1;2025-11-26;6;553
1;2025-11-26;7;1445
1;2025-11-26;8;1918
1;2025-11-26;9;1441
1;2025-11-26;10;1323
1;2025-11-26;11;1334
1;2025-11-26;12;1362
1;2025-11-26;13;1424
1;2025-11-26;14;1325
1;2025-11-26;15;1452
1;2025-11-26;16;1462
1;2025-11-26;17;1738
1;2025-11-26;18;1822
1;2025-11-26;19;1393
1;2025-11-26;20;928
1;2025-11-26;21;484
1;2025-11-26;22;249
1;2025-11-26;23;45
1;2025-11-27;0;6
1;2025-11-27;1;0
1;2025-11-27;2;0
1;2025-11-27;3;0
1;2025-11-27;4;0
1;2025-11-27;5;82
1;2025-11-27;6;508
1;2025-11-27;7;1420
1;2025-11-27;8;1849
1;2025-11-27;9;1461
1;2025-11-27;10;1339
1;2025-11-27;11;1326
1;2025-11-27;12;1401
1;2025-11-27;13;1390
1;2025-11-27;14;1336
1;2025-11-27;15;1430
1;2025-11-27;16;1466
1;2025-11-27;17;1709
1;2025-11-27;18;1794
1;2025-11-27;19;1352
1;2025-11-27;20;910
1;2025-11-27;21;481
1;2025-11-27;22;242
1;2025-11-27;23;51
1;2025-11-28;0;6
1;2025-11-28;1;0
1;2025-11-28;2;0
1;2025-11-28;3;0
1;2025-11-28;4;0
1;2025-11-28;5;92
1;2025-11-28;6;514
1;2025-11-28;7;1424
1;2025-11-28;8;1812
1;2025-11-28;9;1427
1;2025-11-28;10;1319
1;2025-11-28;11;1376
1;2025-11-28;12;1366
1;2025-11-28;13;1400
1;2025-11-28;14;1321
1;2025-11-28;15;1472
1;2025-11-28;16;1537
1;2025-11-28;17;1696
1;2025-11-28;18;1548
1;2025-11-28;19;1205
1;2025-11-28;20;821
1;2025-11-28;21;498
1;2025-11-28;22;246
1;2025-11-28;23;57
1;2025-11-29;0;8
1;2025-11-29;1;0
1;2025-11-29;2;0
1;2025-11-29;3;0
1;2025-11-29;4;0
1;2025-11-29;5;31
1;2025-11-29;6;166
1;2025-11-29;7;339
1;2025-11-29;8;470
1;2025-11-29;9;739
1;2025-11-29;10;845
1;2025-11-29;11;783
1;2025-11-29;12;963
1;2025-11-29;13;978
1;2025-11-29;14;903
1;2025-11-29;15;800
1;2025-11-29;16;745
1;2025-11-29;17;703
1;2025-11-29;18;643
1;2025-11-29;19;584
1;2025-11-29;20;426
1;2025-11-29;21;319
1;2025-11-29;22;144
1;2025-11-29;23;38
1;2025-11-30;0;2
1;2025-11-30;1;0
1;2025-11-30;2;0
1;2025-11-30;3;0
1;2025-11-30;4;0
1;2025-11-30;5;25
1;2025-11-30;6;132
1;2025-11-30;7;265
1;2025-11-30;8;368
1;2025-11-30;9;600
1;2025-11-30;10;701
1;2025-11-30;11;698
1;2025-11-30;12;831
1;2025-11-30;13;871
1;2025-11-30;14;768
1;2025-11-30;15;699
1;2025-11-30;16;646
1;2025-11-30;17;604
1;2025-11-30;18;559
1;2025-11-30;19;480
1;2025-11-30;20;372
1;2025-11-30;21;285
1;2025-11-30;22;116
1;2025-11-30;23;33
1;2025-12-01;0;0
1;2025-12-01;1;0
1;2025-12-01;2;0
1;2025-12-01;3;0
1;2025-12-01;4;0
1;2025-12-01;5;82
1;2025-12-01;6;518
1;2025-12-01;7;1440
1;2025-12-01;8;1845
1;2025-12-01;9;1382
1;2025-12-01;10;1230
1;2025-12-01;11;1241
1;2025-12-01;12;1317
1;2025-12-01;13;1320
1;2025-12-01;14;1267
1;2025-12-01;15;1414
1;2025-12-01;16;1460
1;2025-12-01;17;1731
1;2025-12-01;18;1830
1;2025-12-01;19;1421
1;2025-12-01;20;891
1;2025-12-01;21;465
1;2025-12-01;22;228
1;2025-12-01;23;40
1;2025-12-02;0;4
1;2025-12-02;1;0
1;2025-12-02;2;0
1;2025-12-02;3;0
1;2025-12-02;4;0
1;2025-12-02;5;86
1;2025-12-02;6;542
1;2025-12-02;7;1498
1;2025-12-02;8;1885
1;2025-12-02;9;1510
1;2025-12-02;10;1351
1;2025-12-02;11;1338
1;2025-12-02;12;1361
1;2025-12-02;13;1381
1;2025-12-02;14;1269
1;2025-12-02;15;1402
1;2025-12-02;16;1431
1;2025-12-02;17;1684
1;2025-12-02;18;1787
1;2025-12-02;19;1416
1;2025-12-02;20;901
1;2025-12-02;21;491
1;2025-12-02;22;239
1;2025-12-02;23;45
1;2025-12-03;0;5
1;2025-12-03;1;0
1;2025-12-03;2;0
1;2025-12-03;3;0
1;2025-12-03;4;0
1;2025-12-03;5;90
1;2025-12-03;6;542
1;2025-12-03;7;1416
1;2025-12-03;8;1879
1;2025-12-03;9;1441
1;2025-12-03;10;1320
1;2025-12-03;11;1333
1;2025-12-03;12;1349
1;2025-12-03;13;1394
1;2025-12-03;14;1298
1;2025-12-03;15;1423
1;2025-12-03;16;1433
1;2025-12-03;17;1703
1;2025-12-03;18;1788
1;2025-12-03;19;1390
1;2025-12-03;20;915
1;2025-12-03;21;484
1;2025-12-03;22;249
1;2025-12-03;23;45
1;2025-12-04;0;6
1;2025-12-04;1;0
1;2025-12-04;2;0
1;2025-12-04;3;0
1;2025-12-04;4;0
1;2025-12-04;5;82
1;2025-12-04;6;508
1;2025-12-04;7;1398
1;2025-12-04;8;1821
1;2025-12-04;9;1440
1;2025-12-04;10;1339
1;2025-12-04;11;1326
1;2025-12-04;12;1380
1;2025-12-04;13;1369
1;2025-12-04;14;1316
1;2025-12-04;15;1408
1;2025-12-04;16;1444
1;2025-12-04;17;1683
1;2025-12-04;18;1767
1;2025-12-04;19;1352
1;2025-12-04;20;909
1;2025-12-04;21;481
1;2025-12-04;22;242
1;2025-12-04;23;51
1;2025-12-05;0;6
1;2025-12-05;1;0
1;2025-12-05;2;0
1;2025-12-05;3;0
1;2025-12-05;4;0
1;2025-12-05;5;92
1;2025-12-05;6;514
1;2025-12-05;7;1425
1;2025-12-05;8;1814
1;2025-12-05;9;1427
1;2025-12-05;10;1320
1;2025-12-05;11;1377
1;2025-12-05;12;1367
1;2025-12-05;13;1401
1;2025-12-05;14;1322
1;2025-12-05;15;1473
1;2025-12-05;16;1538
1;2025-12-05;17;1697
1;2025-12-05;18;1549
1;2025-12-05;19;1206
1;2025-12-05;20;821
1;2025-12-05;21;498
1;2025-12-05;22;246
1;2025-12-05;23;57
1;2025-12-06;0;8
1;2025-12-06;1;0
1;2025-12-06;2;0
1;2025-12-06;3;0
1;2025-12-06;4;0
1;2025-12-06;5;31
1;2025-12-06;6;166
1;2025-12-06;7;339
1;2025-12-06;8;464
1;2025-12-06;9;730
1;2025-12-06;10;835
1;2025-12-06;11;773
1;2025-12-06;12;951
1;2025-12-06;13;966
1;2025-12-06;14;892
1;2025-12-06;15;790
1;2025-12-06;16;735
1;2025-12-06;17;694
1;2025-12-06;18;635
1;2025-12-06;19;580
1;2025-12-06;20;426
1;2025-12-06;21;319
1;2025-12-06;22;144
1;2025-12-06;23;38
1;2025-12-07;0;2
1;2025-12-07;1;0
1;2025-12-07;2;0
1;2025-12-07;3;0
1;2025-12-07;4;0
1;2025-12-07;5;24
1;2025-12-07;6;131
1;2025-12-07;7;263
1;2025-12-07;8;364
1;2025-12-07;9;594
1;2025-12-07;10;694
1;2025-12-07;11;692
1;2025-12-07;12;823
1;2025-12-07;13;863
1;2025-12-07;14;761
1;2025-12-07;15;692
1;2025-12-07;16;640
1;2025-12-07;17;599
1;2025-12-07;18;554
1;2025-12-07;19;476
1;2025-12-07;20;370
1;2025-12-07;21;282
1;2025-12-07;22;116
1;2025-12-07;23;33
1;2025-12-08;0;0
1;2025-12-08;1;0
1;2025-12-08;2;0
1;2025-12-08;3;0
1;2025-12-08;4;0
1;2025-12-08;5;82
1;2025-12-08;6;518
1;2025-12-08;7;1406
1;2025-12-08;8;1802
1;2025-12-08;9;1376
1;2025-12-08;10;1219
1;2025-12-08;11;1241
1;2025-12-08;12;1286
1;2025-12-08;13;1289
1;2025-12-08;14;1237
1;2025-12-08;15;1381
1;2025-12-08;16;1426
1;2025-12-08;17;1691
1;2025-12-08;18;1788
1;2025-12-08;19;1388
1;2025-12-08;20;891
1;2025-12-08;21;465
1;2025-12-08;22;228
1;2025-12-08;23;40
1;2025-12-09;0;4
1;2025-12-09;1;0
1;2025-12-09;2;0
1;2025-12-09;3;0
1;2025-12-09;4;0
1;2025-12-09;5;86
1;2025-12-09;6;542
1;2025-12-09;7;1466
1;2025-12-09;8;1845
1;2025-12-09;9;1486
1;2025-12-09;10;1351
1;2025-12-09;11;1338
1;2025-12-09;12;1333
1;2025-12-09;13;1352
1;2025-12-09;14;1242
1;2025-12-09;15;1372
1;2025-12-09;16;1400
1;2025-12-09;17;1649
1;2025-12-09;18;1749
1;2025-12-09;19;1386
1;2025-12-09;20;901
1;2025-12-09;21;491
1;2025-12-09;22;239
1;2025-12-09;23;45
1;2025-12-10;0;5
1;2025-12-10;1;0
1;2025-12-10;2;0
1;2025-12-10;3;0
1;2025-12-10;4;0
1;2025-12-10;5;90
1;2025-12-10;6;539
1;2025-12-10;7;1409
1;2025-12-10;8;1870
1;2025-12-10;9;1441
1;2025-12-10;10;1314
1;2025-12-10;11;1327
1;2025-12-10;12;1343
1;2025-12-10;13;1388
1;2025-12-10;14;1292
1;2025-12-10;15;1416
1;2025-12-10;16;1426
1;2025-12-10;17;1695
1;2025-12-10;18;1779
1;2025-12-10;19;1383
1;2025-12-10;20;910
1;2025-12-10;21;484
1;2025-12-10;22;249
1;2025-12-10;23;45
1;2025-12-11;0;6
1;2025-12-11;1;0
1;2025-12-11;2;0
1;2025-12-11;3;0
1;2025-12-11;4;0
1;2025-12-11;5;82
1;2025-12-11;6;508
1;2025-12-11;7;1379
1;2025-12-11;8;1795
1;2025-12-11;9;1419
1;2025-12-11;10;1335
1;2025-12-11;11;1313
1;2025-12-11;12;1360
1;2025-12-11;13;1349
1;2025-12-11;14;1297
1;2025-12-11;15;1388
1;2025-12-11;16;1424
1;2025-12-11;17;1659
1;2025-12-11;18;1742
1;2025-12-11;19;1352
1;2025-12-11;20;896
1;2025-12-11;21;481
1;2025-12-11;22;242
1;2025-12-11;23;51
1;2025-12-12;0;6
1;2025-12-12;1;0
1;2025-12-12;2;0
1;2025-12-12;3;0
1;2025-12-12;4;0
1;2025-12-12;5;89
1;2025-12-12;6;507
1;2025-12-12;7;1381
1;2025-12-12;8;1758
1;2025-12-12;9;1386
1;2025-12-12;10;1279
1;2025-12-12;11;1334
1;2025-12-12;12;1325
1;2025-12-12;13;1357
1;2025-12-12;14;1281
1;2025-12-12;15;1428
1;2025-12-12;16;1491
1;2025-12-12;17;1644
1;2025-12-12;18;1501
1;2025-12-12;19;1169
1;2025-12-12;20;819
1;2025-12-12;21;498
1;2025-12-12;22;246
1;2025-12-12;23;57
1;2025-12-13;0;8
1;2025-12-13;1;0
1;2025-12-13;2;0
1;2025-12-13;3;0
1;2025-12-13;4;0
1;2025-12-13;5;31
1;2025-12-13;6;166
1;2025-12-13;7;336
1;2025-12-13;8;450
1;2025-12-13;9;709
1;2025-12-13;10;810
1;2025-12-13;11;751
1;2025-12-13;12;923
1;2025-12-13;13;938
1;2025-12-13;14;866
1;2025-12-13;15;767
1;2025-12-13;16;714
1;2025-12-13;17;674
1;2025-12-13;18;617
1;2025-12-13;19;564
1;2025-12-13;20;422
1;2025-12-13;21;311
1;2025-12-13;22;144
1;2025-12-13;23;38
1;2025-12-14;0;2
1;2025-12-14;1;0
1;2025-12-14;2;0
1;2025-12-14;3;0
1;2025-12-14;4;0
1;2025-12-14;5;24
1;2025-12-14;6;130
1;2025-12-14;7;261
1;2025-12-14;8;362
1;2025-12-14;9;590
1;2025-12-14;10;689
1;2025-12-14;11;687
1;2025-12-14;12;817
1;2025-12-14;13;857
1;2025-12-14;14;756
1;2025-12-14;15;687
1;2025-12-14;16;636
1;2025-12-14;17;594
1;2025-12-14;18;550
1;2025-12-14;19;473
1;2025-12-14;20;368
1;2025-12-14;21;280
1;2025-12-14;22;116
1;2025-12-14;23;33
1;2025-12-15;0;0
1;2025-12-15;1;0
1;2025-12-15;2;0
1;2025-12-15;3;0
1;2025-12-15;4;0
1;2025-12-15;5;82
1;2025-12-15;6;518
1;2025-12-15;7;1375
1;2025-12-15;8;1761
1;2025-12-15;9;1345
1;2025-12-15;10;1191
1;2025-12-15;11;1220
1;2025-12-15;12;1257
1;2025-12-15;13;1260
1;2025-12-15;14;1209
1;2025-12-15;15;1350
1;2025-12-15;16;1394
1;2025-12-15;17;1652
1;2025-12-15;18;1747
1;2025-12-15;19;1356
1;2025-12-15;20;873
1;2025-12-15;21;465
1;2025-12-15;22;228
1;2025-12-15;23;40
1;2025-12-16;0;4
1;2025-12-16;1;0
1;2025-12-16;2;0
1;2025-12-16;3;0
1;2025-12-16;4;0
1;2025-12-16;5;86
1;2025-12-16;6;532
1;2025-12-16;7;1425
1;2025-12-16;8;1794
1;2025-12-16;9;1444
1;2025-12-16;10;1313
1;2025-12-16;11;1302
1;2025-12-16;12;1296
1;2025-12-16;13;1314
1;2025-12-16;14;1208
1;2025-12-16;15;1334
1;2025-12-16;16;1361
1;2025-12-16;17;1603
1;2025-12-16;18;1700
1;2025-12-16;19;1348
1;2025-12-16;20;891
1;2025-12-16;21;483
1;2025-12-16;22;239
1;2025-12-16;23;45
1;2025-12-17;0;5
1;2025-12-17;1;0
1;2025-12-17;2;0
1;2025-12-17;3;0
1;2025-12-17;4;0
1;2025-12-17;5;87
1;2025-12-17;6;520
1;2025-12-17;7;1360
1;2025-12-17;8;1805
1;2025-12-17;9;1411
1;2025-12-17;10;1268
1;2025-12-17;11;1281
1;2025-12-17;12;1296
1;2025-12-17;13;1340
1;2025-12-17;14;1247
1;2025-12-17;15;1367
1;2025-12-17;16;1376
1;2025-12-17;17;1636
1;2025-12-17;18;1717
1;2025-12-17;19;1335
1;2025-12-17;20;879
1;2025-12-17;21;483
1;2025-12-17;22;249
1;2025-12-17;23;45
1;2025-12-18;0;6
1;2025-12-18;1;0
1;2025-12-18;2;0
1;2025-12-18;3;0
1;2025-12-18;4;0
1;2025-12-18;5;82
1;2025-12-18;6;508
1;2025-12-18;7;1338
1;2025-12-18;8;1742
1;2025-12-18;9;1377
1;2025-12-18;10;1295
1;2025-12-18;11;1274
1;2025-12-18;12;1320
1;2025-12-18;13;1310
1;2025-12-18;14;1259
1;2025-12-18;15;1347
1;2025-12-18;16;1382
1;2025-12-18;17;1610
1;2025-12-18;18;1691
1;2025-12-18;19;1312
1;2025-12-18;20;870
1;2025-12-18;21;481
1;2025-12-18;22;242
1;2025-12-18;23;51
1;2025-12-19;0;6
1;2025-12-19;1;0
1;2025-12-19;2;0
1;2025-12-19;3;0
1;2025-12-19;4;0
1;2025-12-19;5;84
1;2025-12-19;6;481
1;2025-12-19;7;1311
1;2025-12-19;8;1669
1;2025-12-19;9;1316
1;2025-12-19;10;1214
1;2025-12-19;11;1267
1;2025-12-19;12;1258
1;2025-12-19;13;1289
1;2025-12-19;14;1216
1;2025-12-19;15;1356
1;2025-12-19;16;1416
1;2025-12-19;17;1561
1;2025-12-19;18;1426
1;2025-12-19;19;1110
1;2025-12-19;20;777
1;2025-12-19;21;488
1;2025-12-19;22;246
1;2025-12-19;23;57
1;2025-12-20;0;7
1;2025-12-20;1;0
1;2025-12-20;2;0
1;2025-12-20;3;0
1;2025-12-20;4;0
1;2025-12-20;5;28
1;2025-12-20;6;166
1;2025-12-20;7;324
1;2025-12-20;8;434
1;2025-12-20;9;683
1;2025-12-20;10;781
1;2025-12-20;11;724
1;2025-12-20;12;890
1;2025-12-20;13;905
1;2025-12-20;14;835
1;2025-12-20;15;739
1;2025-12-20;16;689
1;2025-12-20;17;650
1;2025-12-20;18;595
1;2025-12-20;19;543
1;2025-12-20;20;407
1;2025-12-20;21;300
1;2025-12-20;22;139
1;2025-12-20;23;32
1;2025-12-21;0;2
1;2025-12-21;1;0
1;2025-12-21;2;0
1;2025-12-21;3;0
1;2025-12-21;4;0
1;2025-12-21;5;23
1;2025-12-21;6;127
1;2025-12-21;7;254
1;2025-12-21;8;352
1;2025-12-21;9;574
1;2025-12-21;10;670
1;2025-12-21;11;668
1;2025-12-21;12;795
1;2025-12-21;13;834
1;2025-12-21;14;735
1;2025-12-21;15;668
1;2025-12-21;16;618
1;2025-12-21;17;578
1;2025-12-21;18;535
1;2025-12-21;19;460
1;2025-12-21;20;358
1;2025-12-21;21;272
1;2025-12-21;22;116
1;2025-12-21;23;31
1;2025-12-22;0;0
1;2025-12-22;1;0
1;2025-12-22;2;0
1;2025-12-22;3;0
1;2025-12-22;4;0
1;2025-12-22;5;82
1;2025-12-22;6;516
1;2025-12-22;7;1346
1;2025-12-22;8;1725
1;2025-12-22;9;1317
1;2025-12-22;10;1166
1;2025-12-22;11;1195
1;2025-12-22;12;1231
1;2025-12-22;13;1234
1;2025-12-22;14;1184
1;2025-12-22;15;1322
1;2025-12-22;16;1365
1;2025-12-22;17;1618
1;2025-12-22;18;1711
1;2025-12-22;19;1328
1;2025-12-22;20;855
1;2025-12-22;21;462
1;2025-12-22;22;228
1;2025-12-22;23;40
1;2025-12-23;0;4
1;2025-12-23;1;0
1;2025-12-23;2;0
1;2025-12-23;3;0
1;2025-12-23;4;0
1;2025-12-23;5;86
1;2025-12-23;6;533
1;2025-12-23;7;1428
1;2025-12-23;8;1797
1;2025-12-23;9;1447
1;2025-12-23;10;1316
1;2025-12-23;11;1305
1;2025-12-23;12;1298
1;2025-12-23;13;1317
1;2025-12-23;14;1210
1;2025-12-23;15;1337
1;2025-12-23;16;1364
1;2025-12-23;17;1606
1;2025-12-23;18;1704
1;2025-12-23;19;1350
1;2025-12-23;20;893
1;2025-12-23;21;484
1;2025-12-23;22;239
1;2025-12-23;23;45
1;2025-12-24;0;5
1;2025-12-24;1;0
1;2025-12-24;2;0
1;2025-12-24;3;0
1;2025-12-24;4;0
1;2025-12-24;5;84
1;2025-12-24;6;504
1;2025-12-24;7;1319
1;2025-12-24;8;1750
1;2025-12-24;9;1368
1;2025-12-24;10;1230
1;2025-12-24;11;1242
1;2025-12-24;12;1257
1;2025-12-24;13;1299
1;2025-12-24;14;1209
1;2025-12-24;15;1325
1;2025-12-24;16;1334
1;2025-12-24;17;1586
1;2025-12-24;18;1665
1;2025-12-24;19;1294
1;2025-12-24;20;852
1;2025-12-24;21;468
1;2025-12-24;22;239
1;2025-12-24;23;42
1;2025-12-25;0;4
1;2025-12-25;1;0
1;2025-12-25;2;0
1;2025-12-25;3;0
1;2025-12-25;4;0
1;2025-12-25;5;79
1;2025-12-25;6;487
1;2025-12-25;7;1283
1;2025-12-25;8;1670
1;2025-12-25;9;1320
1;2025-12-25;10;1242
1;2025-12-25;11;1221
1;2025-12-25;12;1265
1;2025-12-25;13;1255
1;2025-12-25;14;1207
1;2025-12-25;15;1292
1;2025-12-25;16;1325
1;2025-12-25;17;1544
1;2025-12-25;18;1621
1;2025-12-25;19;1258
1;2025-12-25;20;834
1;2025-12-25;21;477
1;2025-12-25;22;224
1;2025-12-25;23;45
1;2025-12-26;0;4
1;2025-12-26;1;0
1;2025-12-26;2;0
1;2025-12-26;3;0
1;2025-12-26;4;0
1;2025-12-26;5;83
1;2025-12-26;6;470
1;2025-12-26;7;1281
1;2025-12-26;8;1631
1;2025-12-26;9;1286
1;2025-12-26;10;1187
1;2025-12-26;11;1238
1;2025-12-26;12;1230
1;2025-12-26;13;1259
1;2025-12-26;14;1188
1;2025-12-26;15;1325
1;2025-12-26;16;1383
1;2025-12-26;17;1526
1;2025-12-26;18;1393
1;2025-12-26;19;1084
1;2025-12-26;20;760
1;2025-12-26;21;477
1;2025-12-26;22;235
1;2025-12-26;23;48
1;2025-12-27;0;6
1;2025-12-27;1;0
1;2025-12-27;2;0
1;2025-12-27;3;0
1;2025-12-27;4;0
1;2025-12-27;5;28
1;2025-12-27;6;166
1;2025-12-27;7;324
1;2025-12-27;8;434
1;2025-12-27;9;683
1;2025-12-27;10;781
1;2025-12-27;11;724
1;2025-12-27;12;890
1;2025-12-27;13;905
1;2025-12-27;14;835
1;2025-12-27;15;739
1;2025-12-27;16;689
1;2025-12-27;17;650
1;2025-12-27;18;595
1;2025-12-27;19;543
1;2025-12-27;20;407
1;2025-12-27;21;300
1;2025-12-27;22;139
1;2025-12-27;23;30
1;2025-12-28;0;2
1;2025-12-28;1;0
1;2025-12-28;2;0
1;2025-12-28;3;0
1;2025-12-28;4;0
1;2025-12-28;5;23
1;2025-12-28;6;127
1;2025-12-28;7;254
1;2025-12-28;8;352
1;2025-12-28;9;574
1;2025-12-28;10;670
1;2025-12-28;11;668
1;2025-12-28;12;795
1;2025-12-28;13;834
1;2025-12-28;14;735
1;2025-12-28;15;668
1;2025-12-28;16;618
1;2025-12-28;17;578
1;2025-12-28;18;535
1;2025-12-28;19;460
1;2025-12-28;20;358
1;2025-12-28;21;272
1;2025-12-28;22;116
1;2025-12-28;23;31
1;2025-12-29;0;0
1;2025-12-29;1;0
1;2025-12-29;2;0
1;2025-12-29;3;0
1;2025-12-29;4;0
1;2025-12-29;5;80
1;2025-12-29;6;510
1;2025-12-29;7;1332
1;2025-12-29;8;1707
1;2025-12-29;9;1303
1;2025-12-29;10;1154
1;2025-12-29;11;1183
1;2025-12-29;12;1218
1;2025-12-29;13;1221
1;2025-12-29;14;1172
1;2025-12-29;15;1308
1;2025-12-29;16;1351
1;2025-12-29;17;1602
1;2025-12-29;18;1693
1;2025-12-29;19;1315
1;2025-12-29;20;846
1;2025-12-29;21;457
1;2025-12-29;22;194
1;2025-12-29;23;35
1;2025-12-30;0;3
1;2025-12-30;1;0
1;2025-12-30;2;0
1;2025-12-30;3;0
1;2025-12-30;4;0
1;2025-12-30;5;84
1;2025-12-30;6;521
1;2025-12-30;7;1398
1;2025-12-30;8;1759
1;2025-12-30;9;1416
1;2025-12-30;10;1287
1;2025-12-30;11;1277
1;2025-12-30;12;1270
1;2025-12-30;13;1288
1;2025-12-30;14;1184
1;2025-12-30;15;1308
1;2025-12-30;16;1335
1;2025-12-30;17;1572
1;2025-12-30;18;1667
1;2025-12-30;19;1321
1;2025-12-30;20;874
1;2025-12-30;21;474
1;2025-12-30;22;219
1;2025-12-30;23;42
1;2025-12-31;0;3
1;2025-12-31;1;0
1;2025-12-31;2;0
1;2025-12-31;3;0
1;2025-12-31;4;0
1;2025-12-31;5;51
1;2025-12-31;6;306
1;2025-12-31;7;801
1;2025-12-31;8;1063
1;2025-12-31;9;831
1;2025-12-31;10;747
1;2025-12-31;11;754
1;2025-12-31;12;862
1;2025-12-31;13;912
1;2025-12-31;14;815
1;2025-12-31;15;804
1;2025-12-31;16;810
1;2025-12-31;17;963
1;2025-12-31;18;1011
1;2025-12-31;19;786
1;2025-12-31;20;517
1;2025-12-31;21;289
1;2025-12-31;22;151
1;2025-12-31;23;31
5;2025-11-01;0;0
5;2025-11-01;1;0
5;2025-11-01;2;0
5;2025-11-01;3;0
5;2025-11-01;4;0
5;2025-11-01;5;0
5;2025-11-01;6;0
5;2025-11-01;7;0
5;2025-11-01;8;0
5;2025-11-01;9;0
5;2025-11-01;10;0
5;2025-11-01;11;0
5;2025-11-01;12;0
5;2025-11-01;13;0
5;2025-11-01;14;0
5;2025-11-01;15;0
5;2025-11-01;16;0
5;2025-11-01;17;0
5;2025-11-01;18;0
5;2025-11-01;19;0
5;2025-11-01;20;0
5;2025-11-01;21;0
5;2025-11-01;22;0
5;2025-11-01;23;0
5;2025-11-02;0;0
5;2025-11-02;1;0
5;2025-11-02;2;0
5;2025-11-02;3;0
5;2025-11-02;4;0
5;2025-11-02;5;0
5;2025-11-02;6;0
5;2025-11-02;7;0
5;2025-11-02;8;0
5;2025-11-02;9;0
5;2025-11-02;10;0
5;2025-11-02;11;0
5;2025-11-02;12;0
5;2025-11-02;13;0
5;2025-11-02;14;0
5;2025-11-02;15;0
5;2025-11-02;16;0
5;2025-11-02;17;0
5;2025-11-02;18;0
5;2025-11-02;19;0
5;2025-11-02;20;0
5;2025-11-02;21;0
5;2025-11-02;22;0
5;2025-11-02;23;0
5;2025-11-03;0;0
5;2025-11-03;1;0
5;2025-11-03;2;0
5;2025-11-03;3;0
5;2025-11-03;4;0
5;2025-11-03;5;0
5;2025-11-03;6;0
5;2025-11-03;7;0
5;2025-11-03;8;0
5;2025-11-03;9;0
5;2025-11-03;10;0
5;2025-11-03;11;0
5;2025-11-03;12;0
5;2025-11-03;13;0
5;2025-11-03;14;0
5;2025-11-03;15;0
5;2025-11-03;16;0
5;2025-11-03;17;0
5;2025-11-03;18;0
5;2025-11-03;19;0
5;2025-11-03;20;0
5;2025-11-03;21;0
5;2025-11-03;22;0
5;2025-11-03;23;0
5;2025-11-04;0;0
5;2025-11-04;1;0
5;2025-11-04;2;0
5;2025-11-04;3;0
5;2025-11-04;4;0
5;2025-11-04;5;0
5;2025-11-04;6;0
5;2025-11-04;7;0
5;2025-11-04;8;0
5;2025-11-04;9;0
5;2025-11-04;10;0
5;2025-11-04;11;0
5;2025-11-04;12;0
5;2025-11-04;13;0
5;2025-11-04;14;0
5;2025-11-04;15;0
5;2025-11-04;16;0
5;2025-11-04;17;0
5;2025-11-04;18;0
5;2025-11-04;19;0
5;2025-11-04;20;0
5;2025-11-04;21;0
5;2025-11-04;22;0
5;2025-11-04;23;0
5;2025-11-05;0;0
5;2025-11-05;1;0
5;2025-11-05;2;0
5;2025-11-05;3;0
5;2025-11-05;4;0
5;2025-11-05;5;0
5;2025-11-05;6;0
5;2025-11-05;7;0
5;2025-11-05;8;0
5;2025-11-05;9;0
5;2025-11-05;10;0
5;2025-11-05;11;0
5;2025-11-05;12;0
5;2025-11-05;13;0
5;2025-11-05;14;0
5;2025-11-05;15;0
5;2025-11-05;16;0
5;2025-11-05;17;0
5;2025-11-05;18;0
5;2025-11-05;19;0
5;2025-11-05;20;0
5;2025-11-05;21;0
5;2025-11-05;22;0
5;2025-11-05;23;0
5;2025-11-06;0;0
5;2025-11-06;1;0
5;2025-11-06;2;0
5;2025-11-06;3;0
5;2025-11-06;4;0
5;2025-11-06;5;0
5;2025-11-06;6;0
5;2025-11-06;7;0
5;2025-11-06;8;0
5;2025-11-06;9;0
5;2025-11-06;10;0
5;2025-11-06;11;0
5;2025-11-06;12;0
5;2025-11-06;13;0
5;2025-11-06;14;0
5;2025-11-06;15;0
5;2025-11-06;16;0
5;2025-11-06;17;0
5;2025-11-06;18;0
5;2025-11-06;19;0
5;2025-11-06;20;0
5;2025-11-06;21;0
5;2025-11-06;22;0
5;2025-11-06;23;0
5;2025-11-07;0;0
5;2025-11-07;1;0
5;2025-11-07;2;0
5;2025-11-07;3;0
5;2025-11-07;4;0
5;2025-11-07;5;0
5;2025-11-07;6;0
5;2025-11-07;7;0
5;2025-11-07;8;0
5;2025-11-07;9;0
5;2025-11-07;10;0
5;2025-11-07;11;0
5;2025-11-07;12;0
5;2025-11-07;13;0
5;2025-11-07;14;0
5;2025-11-07;15;0
5;2025-11-07;16;0
5;2025-11-07;17;0
5;2025-11-07;18;0
5;2025-11-07;19;0
5;2025-11-07;20;0
5;2025-11-07;21;0
5;2025-11-07;22;0
5;2025-11-07;23;0
5;2025-11-08;0;0
5;2025-11-08;1;0
5;2025-11-08;2;0
5;2025-11-08;3;0
5;2025-11-08;4;0
5;2025-11-08;5;0
5;2025-11-08;6;0
5;2025-11-08;7;0
5;2025-11-08;8;0
5;2025-11-08;9;0
5;2025-11-08;10;0
5;2025-11-08;11;0
5;2025-11-08;12;0
5;2025-11-08;13;0
5;2025-11-08;14;0
5;2025-11-08;15;0
5;2025-11-08;16;0
5;2025-11-08;17;0
5;2025-11-08;18;0
5;2025-11-08;19;0
5;2025-11-08;20;0
5;2025-11-08;21;0
5;2025-11-08;22;0
5;2025-11-08;23;0
5;2025-11-09;0;0
5;2025-11-09;1;0
5;2025-11-09;2;0
5;2025-11-09;3;0
5;2025-11-09;4;0
5;2025-11-09;5;0
5;2025-11-09;6;0
5;2025-11-09;7;0
5;2025-11-09;8;0
5;2025-11-09;9;0
5;2025-11-09;10;0
5;2025-11-09;11;0
5;2025-11-09;12;0
5;2025-11-09;13;0
5;2025-11-09;14;0
5;2025-11-09;15;0
5;2025-11-09;16;0
5;2025-11-09;17;0
5;2025-11-09;18;0
5;2025-11-09;19;0
5;2025-11-09;20;0
5;2025-11-09;21;0
5;2025-11-09;22;0
5;2025-11-09;23;0
5;2025-11-10;0;0
5;2025-11-10;1;0
5;2025-11-10;2;0
5;2025-11-10;3;0
5;2025-11-10;4;0
5;2025-11-10;5;0
5;2025-11-10;6;0
5;2025-11-10;7;0
5;2025-11-10;8;0
5;2025-11-10;9;0
5;2025-11-10;10;0
5;2025-11-10;11;0
5;2025-11-10;12;0
5;2025-11-10;13;0
5;2025-11-10;14;0
5;2025-11-10;15;0
5;2025-11-10;16;0
5;2025-11-10;17;0
5;2025-11-10;18;0
5;2025-11-10;19;0
5;2025-11-10;20;0
5;2025-11-10;21;0
5;2025-11-10;22;0
5;2025-11-10;23;0
5;2025-11-11;0;0
5;2025-11-11;1;0
5;2025-11-11;2;0
5;2025-11-11;3;0
5;2025-11-11;4;0
5;2025-11-11;5;0
5;2025-11-11;6;0
5;2025-11-11;7;0
5;2025-11-11;8;0
5;2025-11-11;9;0
5;2025-11-11;10;0
5;2025-11-11;11;0
5;2025-11-11;12;0
5;2025-11-11;13;0
5;2025-11-11;14;0
5;2025-11-11;15;0
5;2025-11-11;16;0
5;2025-11-11;17;0
5;2025-11-11;18;0
5;2025-11-11;19;0
5;2025-11-11;20;0
5;2025-11-11;21;0
5;2025-11-11;22;0
5;2025-11-11;23;0
5;2025-11-12;0;0
5;2025-11-12;1;0
5;2025-11-12;2;0
5;2025-11-12;3;0
5;2025-11-12;4;0
5;2025-11-12;5;0
5;2025-11-12;6;0
5;2025-11-12;7;0
5;2025-11-12;8;0
5;2025-11-12;9;0
5;2025-11-12;10;0
5;2025-11-12;11;0
5;2025-11-12;12;0
5;2025-11-12;13;0
5;2025-11-12;14;0
5;2025-11-12;15;0
5;2025-11-12;16;0
5;2025-11-12;17;0
5;2025-11-12;18;0
5;2025-11-12;19;0
5;2025-11-12;20;0
5;2025-11-12;21;0
5;2025-11-12;22;0
5;2025-11-12;23;0
5;2025-11-13;0;0
5;2025-11-13;1;0
5;2025-11-13;2;0
5;2025-11-13;3;0
5;2025-11-13;4;0
5;2025-11-13;5;0
5;2025-11-13;6;0
5;2025-11-13;7;0
5;2025-11-13;8;0
5;2025-11-13;9;0
5;2025-11-13;10;0
5;2025-11-13;11;0
5;2025-11-13;12;0
5;2025-11-13;13;0
5;2025-11-13;14;0
5;2025-11-13;15;0
5;2025-11-13;16;0
5;2025-11-13;17;0
5;2025-11-13;18;0
5;2025-11-13;19;0
5;2025-11-13;20;0
5;2025-11-13;21;0
5;2025-11-13;22;0
5;2025-11-13;23;0
5;2025-11-14;0;0
5;2025-11-14;1;0
5;2025-11-14;2;0
5;2025-11-14;3;0
5;2025-11-14;4;0
5;2025-11-14;5;0
5;2025-11-14;6;0
5;2025-11-14;7;0
5;2025-11-14;8;0
5;2025-11-14;9;0
5;2025-11-14;10;0
5;2025-11-14;11;0
5;2025-11-14;12;0
5;2025-11-14;13;0
5;2025-11-14;14;0
5;2025-11-14;15;0
5;2025-11-14;16;0
5;2025-11-14;17;0
5;2025-11-14;18;0
5;2025-11-14;19;0
5;2025-11-14;20;0
5;2025-11-14;21;0
5;2025-11-14;22;0
5;2025-11-14;23;0
5;2025-11-15;0;0
5;2025-11-15;1;0
5;2025-11-15;2;0
5;2025-11-15;3;0
5;2025-11-15;4;0
5;2025-11-15;5;0
5;2025-11-15;6;0
5;2025-11-15;7;0
5;2025-11-15;8;0
5;2025-11-15;9;0
5;2025-11-15;10;0
5;2025-11-15;11;0
5;2025-11-15;12;0
5;2025-11-15;13;0
5;2025-11-15;14;0
5;2025-11-15;15;0
5;2025-11-15;16;0
5;2025-11-15;17;0
5;2025-11-15;18;0
5;2025-11-15;19;0
5;2025-11-15;20;0
5;2025-11-15;21;0
5;2025-11-15;22;0
5;2025-11-15;23;0
5;2025-11-16;0;0
5;2025-11-16;1;0
5;2025-11-16;2;0
5;2025-11-16;3;0
5;2025-11-16;4;0
5;2025-11-16;5;0
5;2025-11-16;6;0
5;2025-11-16;7;0
5;2025-11-16;8;0
5;2025-11-16;9;0
5;2025-11-16;10;0
5;2025-11-16;11;0
5;2025-11-16;12;0
5;2025-11-16;13;0
5;2025-11-16;14;0
5;2025-11-16;15;0
5;2025-11-16;16;0
5;2025-11-16;17;0
5;2025-11-16;18;0
5;2025-11-16;19;0
5;2025-11-16;20;0
5;2025-11-16;21;0
5;2025-11-16;22;0
5;2025-11-16;23;0
5;2025-11-17;0;0
5;2025-11-17;1;0
5;2025-11-17;2;0
5;2025-11-17;3;0
5;2025-11-17;4;0
5;2025-11-17;5;0
5;2025-11-17;6;0
5;2025-11-17;7;0
5;2025-11-17;8;0
5;2025-11-17;9;0
5;2025-11-17;10;0
5;2025-11-17;11;0
5;2025-11-17;12;0
5;2025-11-17;13;0
5;2025-11-17;14;0
5;2025-11-17;15;0
5;2025-11-17;16;0
5;2025-11-17;17;0
5;2025-11-17;18;0
5;2025-11-17;19;0
5;2025-11-17;20;0
5;2025-11-17;21;0
5;2025-11-17;22;0
5;2025-11-17;23;0
5;2025-11-18;0;0
5;2025-11-18;1;0
5;2025-11-18;2;0
5;2025-11-18;3;0
5;2025-11-18;4;0
5;2025-11-18;5;0
5;2025-11-18;6;0
5;2025-11-18;7;0
5;2025-11-18;8;0
5;2025-11-18;9;0
5;2025-11-18;10;0
5;2025-11-18;11;0
5;2025-11-18;12;0
5;2025-11-18;13;0
5;2025-11-18;14;0
5;2025-11-18;15;0
5;2025-11-18;16;0
5;2025-11-18;17;0
5;2025-11-18;18;0
5;2025-11-18;19;0
5;2025-11-18;20;0
5;2025-11-18;21;0
5;2025-11-18;22;0
5;2025-11-18;23;0
5;2025-11-19;0;0
5;2025-11-19;1;0
5;2025-11-19;2;0
5;2025-11-19;3;0
5;2025-11-19;4;0
5;2025-11-19;5;0
5;2025-11-19;6;0
5;2025-11-19;7;0
5;2025-11-19;8;0
5;2025-11-19;9;0
5;2025-11-19;10;0
5;2025-11-19;11;0
5;2025-11-19;12;0
5;2025-11-19;13;0
5;2025-11-19;14;0
5;2025-11-19;15;0
5;2025-11-19;16;0
5;2025-11-19;17;0
5;2025-11-19;18;0
5;2025-11-19;19;0
5;2025-11-19;20;0
5;2025-11-19;21;0
5;2025-11-19;22;0
5;2025-11-19;23;0
5;2025-11-20;0;0
5;2025-11-20;1;0
5;2025-11-20;2;0
5;2025-11-20;3;0
5;2025-11-20;4;0
5;2025-11-20;5;0
5;2025-11-20;6;0
5;2025-11-20;7;0
5;2025-11-20;8;0
5;2025-11-20;9;0
5;2025-11-20;10;0
5;2025-11-20;11;0
5;2025-11-20;12;0
5;2025-11-20;13;0
5;2025-11-20;14;0
5;2025-11-20;15;0
5;2025-11-20;16;0
5;2025-11-20;17;0
5;2025-11-20;18;0
5;2025-11-20;19;0
5;2025-11-20;20;0
5;2025-11-20;21;0
5;2025-11-20;22;0
5;2025-11-20;23;0
5;2025-11-21;0;0
5;2025-11-21;1;0
5;2025-11-21;2;0
5;2025-11-21;3;0
5;2025-11-21;4;0
5;2025-11-21;5;0
5;2025-11-21;6;0
5;2025-11-21;7;0
5;2025-11-21;8;0
5;2025-11-21;9;0
5;2025-11-21;10;0
5;2025-11-21;11;0
5;2025-11-21;12;0
5;2025-11-21;13;0
5;2025-11-21;14;0
5;2025-11-21;15;0
5;2025-11-21;16;0
5;2025-11-21;17;0
5;2025-11-21;18;0
5;2025-11-21;19;0
5;2025-11-21;20;0
5;2025-11-21;21;0
5;2025-11-21;22;0
5;2025-11-21;23;0
5;2025-11-22;0;0
5;2025-11-22;1;0
5;2025-11-22;2;0
5;2025-11-22;3;0
5;2025-11-22;4;0
5;2025-11-22;5;0
5;2025-11-22;6;0
5;2025-11-22;7;0
5;2025-11-22;8;0
5;2025-11-22;9;0
5;2025-11-22;10;0
5;2025-11-22;11;0
5;2025-11-22;12;0
5;2025-11-22;13;0
5;2025-11-22;14;0
5;2025-11-22;15;0
5;2025-11-22;16;0
5;2025-11-22;17;0
5;2025-11-22;18;0
5;2025-11-22;19;0
5;2025-11-22;20;0
5;2025-11-22;21;0
5;2025-11-22;22;0
5;2025-11-22;23;0
5;2025-11-23;0;0
5;2025-11-23;1;0
5;2025-11-23;2;0
5;2025-11-23;3;0
5;2025-11-23;4;0
5;2025-11-23;5;0
5;2025-11-23;6;0
5;2025-11-23;7;0
5;2025-11-23;8;0
5;2025-11-23;9;0
5;2025-11-23;10;0
5;2025-11-23;11;0
5;2025-11-23;12;0
5;2025-11-23;13;0
5;2025-11-23;14;0
5;2025-11-23;15;0
5;2025-11-23;16;0
5;2025-11-23;17;0
5;2025-11-23;18;0
5;2025-11-23;19;0
5;2025-11-23;20;0
5;2025-11-23;21;0
5;2025-11-23;22;0
5;2025-11-23;23;0
5;2025-11-24;0;0
5;2025-11-24;1;0
5;2025-11-24;2;0
5;2025-11-24;3;0
5;2025-11-24;4;0
5;2025-11-24;5;0
5;2025-11-24;6;0
5;2025-11-24;7;0
5;2025-11-24;8;0
5;2025-11-24;9;0
5;2025-11-24;10;0
5;2025-11-24;11;0
5;2025-11-24;12;0
5;2025-11-24;13;0
5;2025-11-24;14;0
5;2025-11-24;15;0
5;2025-11-24;16;0
5;2025-11-24;17;0
5;2025-11-24;18;0
5;2025-11-24;19;0
5;2025-11-24;20;0
5;2025-11-24;21;0
5;2025-11-24;22;0
5;2025-11-24;23;0
5;2025-11-25;0;0
5;2025-11-25;1;0
5;2025-11-25;2;0
5;2025-11-25;3;0
5;2025-11-25;4;0
5;2025-11-25;5;0
5;2025-11-25;6;0
5;2025-11-25;7;0
5;2025-11-25;8;0
5;2025-11-25;9;0
5;2025-11-25;10;0
5;2025-11-25;11;0
5;2025-11-25;12;0
5;2025-11-25;13;0
5;2025-11-25;14;0
5;2025-11-25;15;0
5;2025-11-25;16;0
5;2025-11-25;17;0
5;2025-11-25;18;0
5;2025-11-25;19;0
5;2025-11-25;20;0
5;2025-11-25;21;0
5;2025-11-25;22;0
5;2025-11-25;23;0
5;2025-11-26;0;0
5;2025-11-26;1;0
5;2025-11-26;2;0
5;2025-11-26;3;0
5;2025-11-26;4;0
5;2025-11-26;5;0
5;2025-11-26;6;0
5;2025-11-26;7;0
5;2025-11-26;8;0
5;2025-11-26;9;0
5;2025-11-26;10;0
5;2025-11-26;11;0
5;2025-11-26;12;0
5;2025-11-26;13;0
5;2025-11-26;14;0
5;2025-11-26;15;0
5;2025-11-26;16;0
5;2025-11-26;17;0
5;2025-11-26;18;0
5;2025-11-26;19;0
5;2025-11-26;20;0
5;2025-11-26;21;0
5;2025-11-26;22;0
5;2025-11-26;23;0
5;2025-11-27;0;0
5;2025-11-27;1;0
5;2025-11-27;2;0
5;2025-11-27;3;0
5;2025-11-27;4;0
5;2025-11-27;5;0
5;2025-11-27;6;0
5;2025-11-27;7;0
5;2025-11-27;8;0
5;2025-11-27;9;0
5;2025-11-27;10;0
5;2025-11-27;11;0
5;2025-11-27;12;0
5;2025-11-27;13;0
5;2025-11-27;14;0
5;2025-11-27;15;0
5;2025-11-27;16;0
5;2025-11-27;17;0
5;2025-11-27;18;0
5;2025-11-27;19;0
5;2025-11-27;20;0
5;2025-11-27;21;0
5;2025-11-27;22;0
5;2025-11-27;23;0
5;2025-11-28;0;0
5;2025-11-28;1;0
5;2025-11-28;2;0
5;2025-11-28;3;0
5;2025-11-28;4;0
5;2025-11-28;5;0
5;2025-11-28;6;0
5;2025-11-28;7;0
5;2025-11-28;8;0
5;2025-11-28;9;0
5;2025-11-28;10;0
5;2025-11-28;11;0
5;2025-11-28;12;0
5;2025-11-28;13;0
5;2025-11-28;14;0
5;2025-11-28;15;0
5;2025-11-28;16;0
5;2025-11-28;17;0
5;2025-11-28;18;0
5;2025-11-28;19;0
5;2025-11-28;20;0
5;2025-11-28;21;0
5;2025-11-28;22;0
5;2025-11-28;23;0
5;2025-11-29;0;0
5;2025-11-29;1;0
5;2025-11-29;2;0
5;2025-11-29;3;0
5;2025-11-29;4;0
5;2025-11-29;5;0
5;2025-11-29;6;0
5;2025-11-29;7;0
5;2025-11-29;8;0
5;2025-11-29;9;0
5;2025-11-29;10;0
5;2025-11-29;11;0
5;2025-11-29;12;0
5;2025-11-29;13;0
5;2025-11-29;14;0
5;2025-11-29;15;0
5;2025-11-29;16;0
5;2025-11-29;17;0
5;2025-11-29;18;0
5;2025-11-29;19;0
5;2025-11-29;20;0
5;2025-11-29;21;0
5;2025-11-29;22;0
5;2025-11-29;23;0
5;2025-11-30;0;0
5;2025-11-30;1;0
5;2025-11-30;2;0
5;2025-11-30;3;0
5;2025-11-30;4;0
5;2025-11-30;5;0
5;2025-11-30;6;0
5;2025-11-30;7;0
5;2025-11-30;8;0
5;2025-11-30;9;0
5;2025-11-30;10;0
5;2025-11-30;11;0
5;2025-11-30;12;0
5;2025-11-30;13;0
5;2025-11-30;14;0
5;2025-11-30;15;0
5;2025-11-30;16;0
5;2025-11-30;17;0
5;2025-11-30;18;0
5;2025-11-30;19;0
5;2025-11-30;20;0
5;2025-11-30;21;0
5;2025-11-30;22;0
5;2025-11-30;23;0
5;2025-12-01;0;0
5;2025-12-01;1;0
5;2025-12-01;2;0
5;2025-12-01;3;0
5;2025-12-01;4;0
5;2025-12-01;5;0
5;2025-12-01;6;0
5;2025-12-01;7;0
5;2025-12-01;8;0
5;2025-12-01;9;0
5;2025-12-01;10;0
5;2025-12-01;11;0
5;2025-12-01;12;0
5;2025-12-01;13;0
5;2025-12-01;14;0
5;2025-12-01;15;0
5;2025-12-01;16;0
5;2025-12-01;17;0
5;2025-12-01;18;0
5;2025-12-01;19;0
5;2025-12-01;20;0
5;2025-12-01;21;0
5;2025-12-01;22;0
5;2025-12-01;23;0
5;2025-12-02;0;0
5;2025-12-02;1;0
5;2025-12-02;2;0
5;2025-12-02;3;0
5;2025-12-02;4;0
5;2025-12-02;5;0
5;2025-12-02;6;0
5;2025-12-02;7;0
5;2025-12-02;8;0
5;2025-12-02;9;0
5;2025-12-02;10;0
5;2025-12-02;11;0
5;2025-12-02;12;0
5;2025-12-02;13;0
5;2025-12-02;14;0
5;2025-12-02;15;0
5;2025-12-02;16;0
5;2025-12-02;17;0
5;2025-12-02;18;0
5;2025-12-02;19;0
5;2025-12-02;20;0
5;2025-12-02;21;0
5;2025-12-02;22;0
5;2025-12-02;23;0
5;2025-12-03;0;0
5;2025-12-03;1;0
5;2025-12-03;2;0
5;2025-12-03;3;0
5;2025-12-03;4;0
5;2025-12-03;5;0
5;2025-12-03;6;0
5;2025-12-03;7;0
5;2025-12-03;8;0
5;2025-12-03;9;0
5;2025-12-03;10;0
5;2025-12-03;11;0
5;2025-12-03;12;0
5;2025-12-03;13;0
5;2025-12-03;14;0
5;2025-12-03;15;0
5;2025-12-03;16;0
5;2025-12-03;17;0
5;2025-12-03;18;0
5;2025-12-03;19;0
5;2025-12-03;20;0
5;2025-12-03;21;0
5;2025-12-03;22;0
5;2025-12-03;23;0
5;2025-12-04;0;0
5;2025-12-04;1;0
5;2025-12-04;2;0
5;2025-12-04;3;0
5;2025-12-04;4;0
5;2025-12-04;5;0
5;2025-12-04;6;0
5;2025-12-04;7;0
5;2025-12-04;8;0
5;2025-12-04;9;0
5;2025-12-04;10;0
5;2025-12-04;11;0
5;2025-12-04;12;0
5;2025-12-04;13;0
5;2025-12-04;14;0
5;2025-12-04;15;0
5;2025-12-04;16;0
5;2025-12-04;17;0
5;2025-12-04;18;0
5;2025-12-04;19;0
5;2025-12-04;20;0
5;2025-12-04;21;0
5;2025-12-04;22;0
5;2025-12-04;23;0
5;2025-12-05;0;0
5;2025-12-05;1;0
5;2025-12-05;2;0
5;2025-12-05;3;0
5;2025-12-05;4;0
5;2025-12-05;5;0
5;2025-12-05;6;0
5;2025-12-05;7;0
5;2025-12-05;8;0
5;2025-12-05;9;0
5;2025-12-05;10;0
5;2025-12-05;11;0
5;2025-12-05;12;0
5;2025-12-05;13;0
5;2025-12-05;14;0
5;2025-12-05;15;0
5;2025-12-05;16;0
5;2025-12-05;17;0
5;2025-12-05;18;0
5;2025-12-05;19;0
5;2025-12-05;20;0
5;2025-12-05;21;0
5;2025-12-05;22;0
5;2025-12-05;23;0
5;2025-12-06;0;0
5;2025-12-06;1;0
5;2025-12-06;2;0
5;2025-12-06;3;0
5;2025-12-06;4;0
5;2025-12-06;5;0
5;2025-12-06;6;0
5;2025-12-06;7;0
5;2025-12-06;8;0
5;2025-12-06;9;0
5;2025-12-06;10;0
5;2025-12-06;11;0
5;2025-12-06;12;0
5;2025-12-06;13;0
5;2025-12-06;14;0
5;2025-12-06;15;0
5;2025-12-06;16;0
5;2025-12-06;17;0
5;2025-12-06;18;0
5;2025-12-06;19;0
5;2025-12-06;20;0
5;2025-12-06;21;0
5;2025-12-06;22;0
5;2025-12-06;23;0
5;2025-12-07;0;0
5;2025-12-07;1;0
5;2025-12-07;2;0
5;2025-12-07;3;0
5;2025-12-07;4;0
5;2025-12-07;5;0
5;2025-12-07;6;0
5;2025-12-07;7;0
5;2025-12-07;8;0
5;2025-12-07;9;0
5;2025-12-07;10;0
5;2025-12-07;11;0
5;2025-12-07;12;0
5;2025-12-07;13;0
5;2025-12-07;14;0
5;2025-12-07;15;0
5;2025-12-07;16;0
5;2025-12-07;17;0
5;2025-12-07;18;0
5;2025-12-07;19;0
5;2025-12-07;20;0
5;2025-12-07;21;0
5;2025-12-07;22;0
5;2025-12-07;23;0
5;2025-12-08;0;0
5;2025-12-08;1;0
5;2025-12-08;2;0
5;2025-12-08;3;0
5;2025-12-08;4;0
5;2025-12-08;5;0
5;2025-12-08;6;0
5;2025-12-08;7;0
5;2025-12-08;8;0
5;2025-12-08;9;0
5;2025-12-08;10;0
5;2025-12-08;11;0
5;2025-12-08;12;0
5;2025-12-08;13;0
5;2025-12-08;14;0
5;2025-12-08;15;0
5;2025-12-08;16;0
5;2025-12-08;17;0
5;2025-12-08;18;0
5;2025-12-08;19;0
5;2025-12-08;20;0
5;2025-12-08;21;0
5;2025-12-08;22;0
5;2025-12-08;23;0
5;2025-12-09;0;0
5;2025-12-09;1;0
5;2025-12-09;2;0
5;2025-12-09;3;0
5;2025-12-09;4;0
5;2025-12-09;5;0
5;2025-12-09;6;0
5;2025-12-09;7;0
5;2025-12-09;8;0
5;2025-12-09;9;0
5;2025-12-09;10;0
5;2025-12-09;11;0
5;2025-12-09;12;0
5;2025-12-09;13;0
5;2025-12-09;14;0
5;2025-12-09;15;0
5;2025-12-09;16;0
5;2025-12-09;17;0
5;2025-12-09;18;0
5;2025-12-09;19;0
5;2025-12-09;20;0
5;2025-12-09;21;0
5;2025-12-09;22;0
5;2025-12-09;23;0
5;2025-12-10;0;0
5;2025-12-10;1;0
5;2025-12-10;2;0
5;2025-12-10;3;0
5;2025-12-10;4;0
5;2025-12-10;5;0
5;2025-12-10;6;0
5;2025-12-10;7;0
5;2025-12-10;8;0
5;2025-12-10;9;0
5;2025-12-10;10;0
5;2025-12-10;11;0
5;2025-12-10;12;0
5;2025-12-10;13;0
5;2025-12-10;14;0
5;2025-12-10;15;0
5;2025-12-10;16;0
5;2025-12-10;17;0
5;2025-12-10;18;0
5;2025-12-10;19;0
5;2025-12-10;20;0
5;2025-12-10;21;0
5;2025-12-10;22;0
5;2025-12-10;23;0
5;2025-12-11;0;0
5;2025-12-11;1;0
5;2025-12-11;2;0
5;2025-12-11;3;0
5;2025-12-11;4;0
5;2025-12-11;5;0
5;2025-12-11;6;0
5;2025-12-11;7;0
5;2025-12-11;8;0
5;2025-12-11;9;0
5;2025-12-11;10;0
5;2025-12-11;11;0
5;2025-12-11;12;0
5;2025-12-11;13;0
5;2025-12-11;14;0
5;2025-12-11;15;0
5;2025-12-11;16;0
5;2025-12-11;17;0
5;2025-12-11;18;0
5;2025-12-11;19;0
5;2025-12-11;20;0
5;2025-12-11;21;0
5;2025-12-11;22;0
5;2025-12-11;23;0
5;2025-12-12;0;0
5;2025-12-12;1;0
5;2025-12-12;2;0
5;2025-12-12;3;0
5;2025-12-12;4;0
5;2025-12-12;5;0
5;2025-12-12;6;0
5;2025-12-12;7;0
5;2025-12-12;8;0
5;2025-12-12;9;0
5;2025-12-12;10;0
5;2025-12-12;11;0
5;2025-12-12;12;0
5;2025-12-12;13;0
5;2025-12-12;14;0
5;2025-12-12;15;0
5;2025-12-12;16;0
5;2025-12-12;17;0
5;2025-12-12;18;0
5;2025-12-12;19;0
5;2025-12-12;20;0
5;2025-12-12;21;0
5;2025-12-12;22;0
5;2025-12-12;23;0
5;2025-12-13;0;0
5;2025-12-13;1;0
5;2025-12-13;2;0
5;2025-12-13;3;0
5;2025-12-13;4;0
5;2025-12-13;5;0
5;2025-12-13;6;0
5;2025-12-13;7;0
5;2025-12-13;8;0
5;2025-12-13;9;0
5;2025-12-13;10;0
5;2025-12-13;11;0
5;2025-12-13;12;0
5;2025-12-13;13;0
5;2025-12-13;14;0
5;2025-12-13;15;0
5;2025-12-13;16;0
5;2025-12-13;17;0
5;2025-12-13;18;0
5;2025-12-13;19;0
5;2025-12-13;20;0
5;2025-12-13;21;0
5;2025-12-13;22;0
5;2025-12-13;23;0
5;2025-12-14;0;0
5;2025-12-14;1;0
5;2025-12-14;2;0
5;2025-12-14;3;0
5;2025-12-14;4;0
5;2025-12-14;5;0
5;2025-12-14;6;0
5;2025-12-14;7;0
5;2025-12-14;8;0
5;2025-12-14;9;0
5;2025-12-14;10;0
5;2025-12-14;11;0
5;2025-12-14;12;0
5;2025-12-14;13;0
5;2025-12-14;14;0
5;2025-12-14;15;0
5;2025-12-14;16;0
5;2025-12-14;17;0
5;2025-12-14;18;0
5;2025-12-14;19;0
5;2025-12-14;20;0
5;2025-12-14;21;0
5;2025-12-14;22;0
5;2025-12-14;23;0
5;2025-12-15;0;0
5;2025-12-15;1;0
5;2025-12-15;2;0
5;2025-12-15;3;0
5;2025-12-15;4;0
5;2025-12-15;5;0
5;2025-12-15;6;0
5;2025-12-15;7;0
5;2025-12-15;8;0
5;2025-12-15;9;0
5;2025-12-15;10;0
5;2025-12-15;11;0
5;2025-12-15;12;0
5;2025-12-15;13;0
5;2025-12-15;14;0
5;2025-12-15;15;0
5;2025-12-15;16;0
5;2025-12-15;17;0
5;2025-12-15;18;0
5;2025-12-15;19;0
5;2025-12-15;20;0
5;2025-12-15;21;0
5;2025-12-15;22;0
5;2025-12-15;23;0
5;2025-12-16;0;0
5;2025-12-16;1;0
5;2025-12-16;2;0
5;2025-12-16;3;0
5;2025-12-16;4;0
5;2025-12-16;5;0
5;2025-12-16;6;0
5;2025-12-16;7;0
5;2025-12-16;8;0
5;2025-12-16;9;0
5;2025-12-16;10;0
5;2025-12-16;11;0
5;2025-12-16;12;0
5;2025-12-16;13;0
5;2025-12-16;14;0
5;2025-12-16;15;0
5;2025-12-16;16;0
5;2025-12-16;17;0
5;2025-12-16;18;0
5;2025-12-16;19;0
5;2025-12-16;20;0
5;2025-12-16;21;0
5;2025-12-16;22;0
5;2025-12-16;23;0
5;2025-12-17;0;0
5;2025-12-17;1;0
5;2025-12-17;2;0
5;2025-12-17;3;0
5;2025-12-17;4;0
5;2025-12-17;5;0
5;2025-12-17;6;0
5;2025-12-17;7;0
5;2025-12-17;8;0
5;2025-12-17;9;0
5;2025-12-17;10;0
5;2025-12-17;11;0
5;2025-12-17;12;0
5;2025-12-17;13;0
5;2025-12-17;14;0
5;2025-12-17;15;0
5;2025-12-17;16;0
5;2025-12-17;17;0
5;2025-12-17;18;0
5;2025-12-17;19;0
5;2025-12-17;20;0
5;2025-12-17;21;0
5;2025-12-17;22;0
5;2025-12-17;23;0
5;2025-12-18;0;0
5;2025-12-18;1;0
5;2025-12-18;2;0
5;2025-12-18;3;0
5;2025-12-18;4;0
5;2025-12-18;5;0
5;2025-12-18;6;0
5;2025-12-18;7;0
5;2025-12-18;8;0
5;2025-12-18;9;0
5;2025-12-18;10;0
5;2025-12-18;11;0
5;2025-12-18;12;0
5;2025-12-18;13;0
5;2025-12-18;14;0
5;2025-12-18;15;0
5;2025-12-18;16;0
5;2025-12-18;17;0
5;2025-12-18;18;0
5;2025-12-18;19;0
5;2025-12-18;20;0
5;2025-12-18;21;0
5;2025-12-18;22;0
5;2025-12-18;23;0
5;2025-12-19;0;0
5;2025-12-19;1;0
5;2025-12-19;2;0
5;2025-12-19;3;0
5;2025-12-19;4;0
5;2025-12-19;5;0
5;2025-12-19;6;0
5;2025-12-19;7;0
5;2025-12-19;8;0
5;2025-12-19;9;0
5;2025-12-19;10;0
5;2025-12-19;11;0
5;2025-12-19;12;0
5;2025-12-19;13;0
5;2025-12-19;14;0
5;2025-12-19;15;0
5;2025-12-19;16;0
5;2025-12-19;17;0
5;2025-12-19;18;0
5;2025-12-19;19;0
5;2025-12-19;20;0
5;2025-12-19;21;0
5;2025-12-19;22;0
5;2025-12-19;23;0
5;2025-12-20;0;0
5;2025-12-20;1;0
5;2025-12-20;2;0
5;2025-12-20;3;0
5;2025-12-20;4;0
5;2025-12-20;5;0
5;2025-12-20;6;0
5;2025-12-20;7;0
5;2025-12-20;8;0
5;2025-12-20;9;0
5;2025-12-20;10;0
5;2025-12-20;11;0
5;2025-12-20;12;0
5;2025-12-20;13;0
5;2025-12-20;14;0
5;2025-12-20;15;0
5;2025-12-20;16;0
5;2025-12-20;17;0
5;2025-12-20;18;0
5;2025-12-20;19;0
5;2025-12-20;20;0
5;2025-12-20;21;0
5;2025-12-20;22;0
5;2025-12-20;23;0
5;2025-12-21;0;0
5;2025-12-21;1;0
5;2025-12-21;2;0
5;2025-12-21;3;0
5;2025-12-21;4;0
5;2025-12-21;5;0
5;2025-12-21;6;0
5;2025-12-21;7;0
5;2025-12-21;8;0
5;2025-12-21;9;0
5;2025-12-21;10;0
5;2025-12-21;11;0
5;2025-12-21;12;0
5;2025-12-21;13;0
5;2025-12-21;14;0
5;2025-12-21;15;0
5;2025-12-21;16;0
5;2025-12-21;17;0
5;2025-12-21;18;0
5;2025-12-21;19;0
5;2025-12-21;20;0
5;2025-12-21;21;0
5;2025-12-21;22;0
5;2025-12-21;23;0
5;2025-12-22;0;0
5;2025-12-22;1;0
5;2025-12-22;2;0
5;2025-12-22;3;0
5;2025-12-22;4;0
5;2025-12-22;5;0
5;2025-12-22;6;0
5;2025-12-22;7;0
5;2025-12-22;8;0
5;2025-12-22;9;0
5;2025-12-22;10;0
5;2025-12-22;11;0
5;2025-12-22;12;0
5;2025-12-22;13;0
5;2025-12-22;14;0
5;2025-12-22;15;0
5;2025-12-22;16;0
5;2025-12-22;17;0
5;2025-12-22;18;0
5;2025-12-22;19;0
5;2025-12-22;20;0
5;2025-12-22;21;0
5;2025-12-22;22;0
5;2025-12-22;23;0
5;2025-12-23;0;0
5;2025-12-23;1;0
5;2025-12-23;2;0
5;2025-12-23;3;0
5;2025-12-23;4;0
5;2025-12-23;5;0
5;2025-12-23;6;0
5;2025-12-23;7;0
5;2025-12-23;8;0
5;2025-12-23;9;0
5;2025-12-23;10;0
5;2025-12-23;11;0
5;2025-12-23;12;0
5;2025-12-23;13;0
5;2025-12-23;14;0
5;2025-12-23;15;0
5;2025-12-23;16;0
5;2025-12-23;17;0
5;2025-12-23;18;0
5;2025-12-23;19;0
5;2025-12-23;20;0
5;2025-12-23;21;0
5;2025-12-23;22;0
5;2025-12-23;23;0
5;2025-12-24;0;0
5;2025-12-24;1;0
5;2025-12-24;2;0
5;2025-12-24;3;0
5;2025-12-24;4;0
5;2025-12-24;5;0
5;2025-12-24;6;0
5;2025-12-24;7;0
5;2025-12-24;8;0
5;2025-12-24;9;0
5;2025-12-24;10;0
5;2025-12-24;11;0
5;2025-12-24;12;0
5;2025-12-24;13;0
5;2025-12-24;14;0
5;2025-12-24;15;0
5;2025-12-24;16;0
5;2025-12-24;17;0
5;2025-12-24;18;0
5;2025-12-24;19;0
5;2025-12-24;20;0
5;2025-12-24;21;0
5;2025-12-24;22;0
5;2025-12-24;23;0
5;2025-12-25;0;0
5;2025-12-25;1;0
5;2025-12-25;2;0
5;2025-12-25;3;0
5;2025-12-25;4;0
5;2025-12-25;5;0
5;2025-12-25;6;0
5;2025-12-25;7;0
5;2025-12-25;8;0
5;2025-12-25;9;0
5;2025-12-25;10;0
5;2025-12-25;11;0
5;2025-12-25;12;0
5;2025-12-25;13;0
5;2025-12-25;14;0
5;2025-12-25;15;0
5;2025-12-25;16;0
5;2025-12-25;17;0
5;2025-12-25;18;0
5;2025-12-25;19;0
5;2025-12-25;20;0
5;2025-12-25;21;0
5;2025-12-25;22;0
5;2025-12-25;23;0
5;2025-12-26;0;0
5;2025-12-26;1;0
5;2025-12-26;2;0
5;2025-12-26;3;0
5;2025-12-26;4;0
5;2025-12-26;5;0
5;2025-12-26;6;0
5;2025-12-26;7;0
5;2025-12-26;8;0
5;2025-12-26;9;0
5;2025-12-26;10;0
5;2025-12-26;11;0
5;2025-12-26;12;0
5;2025-12-26;13;0
5;2025-12-26;14;0
5;2025-12-26;15;0
5;2025-12-26;16;0
5;2025-12-26;17;0
5;2025-12-26;18;0
5;2025-12-26;19;0
5;2025-12-26;20;0
5;2025-12-26;21;0
5;2025-12-26;22;0
5;2025-12-26;23;0
5;2025-12-27;0;0
5;2025-12-27;1;0
5;2025-12-27;2;0
5;2025-12-27;3;0
5;2025-12-27;4;0
5;2025-12-27;5;0
5;2025-12-27;6;0
5;2025-12-27;7;0
5;2025-12-27;8;0
5;2025-12-27;9;0
5;2025-12-27;10;0
5;2025-12-27;11;0
5;2025-12-27;12;0
5;2025-12-27;13;0
5;2025-12-27;14;0
5;2025-12-27;15;0
5;2025-12-27;16;0
5;2025-12-27;17;0
5;2025-12-27;18;0
5;2025-12-27;19;0
5;2025-12-27;20;0
5;2025-12-27;21;0
5;2025-12-27;22;0
5;2025-12-27;23;0
5;2025-12-28;0;0
5;2025-12-28;1;0
5;2025-12-28;2;0
5;2025-12-28;3;0
5;2025-12-28;4;0
5;2025-12-28;5;0
5;2025-12-28;6;0
5;2025-12-28;7;0
5;2025-12-28;8;0
5;2025-12-28;9;0
5;2025-12-28;10;0
5;2025-12-28;11;0
5;2025-12-28;12;0
5;2025-12-28;13;0
5;2025-12-28;14;0
5;2025-12-28;15;0
5;2025-12-28;16;0
5;2025-12-28;17;0
5;2025-12-28;18;0
5;2025-12-28;19;0
5;2025-12-28;20;0
5;2025-12-28;21;0
5;2025-12-28;22;0
5;2025-12-28;23;0
5;2025-12-29;0;0
5;2025-12-29;1;0
5;2025-12-29;2;0
5;2025-12-29;3;0
5;2025-12-29;4;0
5;2025-12-29;5;0
5;2025-12-29;6;0
5;2025-12-29;7;0
5;2025-12-29;8;0
5;2025-12-29;9;0
5;2025-12-29;10;0
5;2025-12-29;11;0
5;2025-12-29;12;0
5;2025-12-29;13;0
5;2025-12-29;14;0
5;2025-12-29;15;0
5;2025-12-29;16;0
5;2025-12-29;17;0
5;2025-12-29;18;0
5;2025-12-29;19;0
5;2025-12-29;20;0
5;2025-12-29;21;0
5;2025-12-29;22;0
5;2025-12-29;23;0
5;2025-12-30;0;0
5;2025-12-30;1;0
5;2025-12-30;2;0
5;2025-12-30;3;0
5;2025-12-30;4;0
5;2025-12-30;5;0
5;2025-12-30;6;0
5;2025-12-30;7;0
5;2025-12-30;8;0
5;2025-12-30;9;0
5;2025-12-30;10;0
5;2025-12-30;11;0
5;2025-12-30;12;0
5;2025-12-30;13;0
5;2025-12-30;14;0
5;2025-12-30;15;0
5;2025-12-30;16;0
5;2025-12-30;17;0
5;2025-12-30;18;0
5;2025-12-30;19;0
5;2025-12-30;20;0
5;2025-12-30;21;0
5;2025-12-30;22;0
5;2025-12-30;23;0
5;2025-12-31;0;0
5;2025-12-31;1;0
5;2025-12-31;2;0
5;2025-12-31;3;0
5;2025-12-31;4;0
5;2025-12-31;5;0
5;2025-12-31;6;0
5;2025-12-31;7;0
5;2025-12-31;8;0
5;2025-12-31;9;0
5;2025-12-31;10;0
5;2025-12-31;11;0
5;2025-12-31;12;0
5;2025-12-31;13;0
5;2025-12-31;14;0
5;2025-12-31;15;0
5;2025-12-31;16;0
5;2025-12-31;17;0
5;2025-12-31;18;0
5;2025-12-31;19;0
5;2025-12-31;20;0
5;2025-12-31;21;0
5;2025-12-31;22;0
5;2025-12-31;23;0
7;2025-11-01;0;69
7;2025-11-01;1;0
7;2025-11-01;2;0
7;2025-11-01;3;0
7;2025-11-01;4;0
7;2025-11-01;5;38
7;2025-11-01;6;287
7;2025-11-01;7;447
7;2025-11-01;8;705
7;2025-11-01;9;760
7;2025-11-01;10;819
7;2025-11-01;11;954
7;2025-11-01;12;1073
7;2025-11-01;13;1097
7;2025-11-01;14;1138
7;2025-11-01;15;1067
7;2025-11-01;16;1012
7;2025-11-01;17;989
7;2025-11-01;18;973
7;2025-11-01;19;941
7;2025-11-01;20;708
7;2025-11-01;21;550
7;2025-11-01;22;310
7;2025-11-01;23;201
7;2025-11-02;0;106
7;2025-11-02;1;0
7;2025-11-02;2;0
7;2025-11-02;3;0
7;2025-11-02;4;0
7;2025-11-02;5;27
7;2025-11-02;6;191
7;2025-11-02;7;299
7;2025-11-02;8;488
7;2025-11-02;9;600
7;2025-11-02;10;644
7;2025-11-02;11;817
7;2025-11-02;12;898
7;2025-11-02;13;933
7;2025-11-02;14;1002
7;2025-11-02;15;959
7;2025-11-02;16;883
7;2025-11-02;17;932
7;2025-11-02;18;856
7;2025-11-02;19;739
7;2025-11-02;20;612
7;2025-11-02;21;484
7;2025-11-02;22;278
7;2025-11-02;23;169
7;2025-11-03;0;78
7;2025-11-03;1;0
7;2025-11-03;2;0
7;2025-11-03;3;0
7;2025-11-03;4;0
7;2025-11-03;5;116
7;2025-11-03;6;672
7;2025-11-03;7;1492
7;2025-11-03;8;2207
7;2025-11-03;9;1674
7;2025-11-03;10;1403
7;2025-11-03;11;1261
7;2025-11-03;12;1337
7;2025-11-03;13;1346
7;2025-11-03;14;1380
7;2025-11-03;15;1509
7;2025-11-03;16;1614
7;2025-11-03;17;2079
7;2025-11-03;18;2366
7;2025-11-03;19;1600
7;2025-11-03;20;1025
7;2025-11-03;21;563
7;2025-11-03;22;294
7;2025-11-03;23;177
7;2025-11-04;0;60
7;2025-11-04;1;0
7;2025-11-04;2;0
7;2025-11-04;3;0
7;2025-11-04;4;0
7;2025-11-04;5;122
7;2025-11-04;6;691
7;2025-11-04;7;1527
7;2025-11-04;8;2264
7;2025-11-04;9;1711
7;2025-11-04;10;1491
7;2025-11-04;11;1358
7;2025-11-04;12;1418
7;2025-11-04;13;1412
7;2025-11-04;14;1431
7;2025-11-04;15;1577
7;2025-11-04;16;1631
7;2025-11-04;17;2092
7;2025-11-04;18;2406
7;2025-11-04;19;1691
7;2025-11-04;20;1058
7;2025-11-04;21;627
7;2025-11-04;22;325
7;2025-11-04;23;185
7;2025-11-05;0;59
7;2025-11-05;1;0
7;2025-11-05;2;0
7;2025-11-05;3;0
7;2025-11-05;4;0
7;2025-11-05;5;118
7;2025-11-05;6;669
7;2025-11-05;7;1516
7;2025-11-05;8;2378
7;2025-11-05;9;1794
7;2025-11-05;10;1568
7;2025-11-05;11;1405
7;2025-11-05;12;1469
7;2025-11-05;13;1469
7;2025-11-05;14;1520
7;2025-11-05;15;1668
7;2025-11-05;16;1733
7;2025-11-05;17;2252
7;2025-11-05;18;2468
7;2025-11-05;19;1682
7;2025-11-05;20;1063
7;2025-11-05;21;635
7;2025-11-05;22;350
7;2025-11-05;23;200
7;2025-11-06;0;70
7;2025-11-06;1;0
7;2025-11-06;2;0
7;2025-11-06;3;0
7;2025-11-06;4;0
7;2025-11-06;5;116
7;2025-11-06;6;669
7;2025-11-06;7;1512
7;2025-11-06;8;2292
7;2025-11-06;9;1728
7;2025-11-06;10;1463
7;2025-11-06;11;1378
7;2025-11-06;12;1442
7;2025-11-06;13;1453
7;2025-11-06;14;1526
7;2025-11-06;15;1565
7;2025-11-06;16;1700
7;2025-11-06;17;2123
7;2025-11-06;18;2494
7;2025-11-06;19;1634
7;2025-11-06;20;1060
7;2025-11-06;21;631
7;2025-11-06;22;337
7;2025-11-06;23;199
7;2025-11-07;0;69
7;2025-11-07;1;0
7;2025-11-07;2;0
7;2025-11-07;3;0
7;2025-11-07;4;0
7;2025-11-07;5;110
7;2025-11-07;6;618
7;2025-11-07;7;1424
7;2025-11-07;8;2072
7;2025-11-07;9;1602
7;2025-11-07;10;1400
7;2025-11-07;11;1372
7;2025-11-07;12;1459
7;2025-11-07;13;1533
7;2025-11-07;14;1566
7;2025-11-07;15;1649
7;2025-11-07;16;1828
7;2025-11-07;17;2028
7;2025-11-07;18;1886
7;2025-11-07;19;1429
7;2025-11-07;20;992
7;2025-11-07;21;615
7;2025-11-07;22;357
7;2025-11-07;23;230
7;2025-11-08;0;97
7;2025-11-08;1;0
7;2025-11-08;2;0
7;2025-11-08;3;0
7;2025-11-08;4;0
7;2025-11-08;5;38
7;2025-11-08;6;287
7;2025-11-08;7;414
7;2025-11-08;8;705
7;2025-11-08;9;760
7;2025-11-08;10;819
7;2025-11-08;11;954
7;2025-11-08;12;1073
7;2025-11-08;13;1097
7;2025-11-08;14;1138
7;2025-11-08;15;1067
7;2025-11-08;16;1012
7;2025-11-08;17;989
7;2025-11-08;18;973
7;2025-11-08;19;941
7;2025-11-08;20;702
7;2025-11-08;21;521
7;2025-11-08;22;291
7;2025-11-08;23;201
7;2025-11-09;0;106
7;2025-11-09;1;0
7;2025-11-09;2;0
7;2025-11-09;3;0
7;2025-11-09;4;0
7;2025-11-09;5;27
7;2025-11-09;6;191
7;2025-11-09;7;299
7;2025-11-09;8;488
7;2025-11-09;9;600
7;2025-11-09;10;644
7;2025-11-09;11;817
7;2025-11-09;12;898
7;2025-11-09;13;933
7;2025-11-09;14;1002
7;2025-11-09;15;959
7;2025-11-09;16;883
7;2025-11-09;17;932
7;2025-11-09;18;856
7;2025-11-09;19;739
7;2025-11-09;20;612
7;2025-11-09;21;484
7;2025-11-09;22;278
7;2025-11-09;23;169
7;2025-11-10;0;72
7;2025-11-10;1;0
7;2025-11-10;2;0
7;2025-11-10;3;0
7;2025-11-10;4;0
7;2025-11-10;5;116
7;2025-11-10;6;672
7;2025-11-10;7;1606
7;2025-11-10;8;2382
7;2025-11-10;9;1757
7;2025-11-10;10;1507
7;2025-11-10;11;1327
7;2025-11-10;12;1443
7;2025-11-10;13;1454
7;2025-11-10;14;1488
7;2025-11-10;15;1629
7;2025-11-10;16;1743
7;2025-11-10;17;2245
7;2025-11-10;18;2525
7;2025-11-10;19;1706
7;2025-11-10;20;1071
7;2025-11-10;21;563
7;2025-11-10;22;302
7;2025-11-10;23;175
7;2025-11-11;0;57
7;2025-11-11;1;0
7;2025-11-11;2;0
7;2025-11-11;3;0
7;2025-11-11;4;0
7;2025-11-11;5;122
7;2025-11-11;6;691
7;2025-11-11;7;1611
7;2025-11-11;8;2387
7;2025-11-11;9;1776
7;2025-11-11;10;1548
7;2025-11-11;11;1432
7;2025-11-11;12;1495
7;2025-11-11;13;1489
7;2025-11-11;14;1509
7;2025-11-11;15;1663
7;2025-11-11;16;1720
7;2025-11-11;17;2206
7;2025-11-11;18;2529
7;2025-11-11;19;1753
7;2025-11-11;20;1091
7;2025-11-11;21;646
7;2025-11-11;22;325
7;2025-11-11;23;187
7;2025-11-12;0;59
7;2025-11-12;1;0
7;2025-11-12;2;0
7;2025-11-12;3;0
7;2025-11-12;4;0
7;2025-11-12;5;118
7;2025-11-12;6;669
7;2025-11-12;7;1516
7;2025-11-12;8;2406
7;2025-11-12;9;1794
7;2025-11-12;10;1586
7;2025-11-12;11;1419
7;2025-11-12;12;1486
7;2025-11-12;13;1484
7;2025-11-12;14;1537
7;2025-11-12;15;1687
7;2025-11-12;16;1753
7;2025-11-12;17;2278
7;2025-11-12;18;2497
7;2025-11-12;19;1682
7;2025-11-12;20;1063
7;2025-11-12;21;635
7;2025-11-12;22;350
7;2025-11-12;23;200
7;2025-11-13;0;70
7;2025-11-13;1;0
7;2025-11-13;2;0
7;2025-11-13;3;0
7;2025-11-13;4;0
7;2025-11-13;5;116
7;2025-11-13;6;669
7;2025-11-13;7;1543
7;2025-11-13;8;2338
7;2025-11-13;9;1763
7;2025-11-13;10;1492
7;2025-11-13;11;1406
7;2025-11-13;12;1471
7;2025-11-13;13;1482
7;2025-11-13;14;1557
7;2025-11-13;15;1597
7;2025-11-13;16;1734
7;2025-11-13;17;2166
7;2025-11-13;18;2544
7;2025-11-13;19;1634
7;2025-11-13;20;1060
7;2025-11-13;21;631
7;2025-11-13;22;337
7;2025-11-13;23;199
7;2025-11-14;0;69
7;2025-11-14;1;0
7;2025-11-14;2;0
7;2025-11-14;3;0
7;2025-11-14;4;0
7;2025-11-14;5;110
7;2025-11-14;6;632
7;2025-11-14;7;1478
7;2025-11-14;8;2151
7;2025-11-14;9;1663
7;2025-11-14;10;1453
7;2025-11-14;11;1424
7;2025-11-14;12;1515
7;2025-11-14;13;1592
7;2025-11-14;14;1626
7;2025-11-14;15;1713
7;2025-11-14;16;1898
7;2025-11-14;17;2105
7;2025-11-14;18;1958
7;2025-11-14;19;1443
7;2025-11-14;20;1020
7;2025-11-14;21;615
7;2025-11-14;22;357
7;2025-11-14;23;230
7;2025-11-15;0;97
7;2025-11-15;1;0
7;2025-11-15;2;0
7;2025-11-15;3;0
7;2025-11-15;4;0
7;2025-11-15;5;38
7;2025-11-15;6;287
7;2025-11-15;7;414
7;2025-11-15;8;705
7;2025-11-15;9;760
7;2025-11-15;10;819
7;2025-11-15;11;954
7;2025-11-15;12;1073
7;2025-11-15;13;1097
7;2025-11-15;14;1138
7;2025-11-15;15;1067
7;2025-11-15;16;1012
7;2025-11-15;17;989
7;2025-11-15;18;973
7;2025-11-15;19;941
7;2025-11-15;20;702
7;2025-11-15;21;521
7;2025-11-15;22;291
7;2025-11-15;23;201
7;2025-11-16;0;106
7;2025-11-16;1;0
7;2025-11-16;2;0
7;2025-11-16;3;0
7;2025-11-16;4;0
7;2025-11-16;5;27
7;2025-11-16;6;191
7;2025-11-16;7;299
7;2025-11-16;8;488
7;2025-11-16;9;600
7;2025-11-16;10;644
7;2025-11-16;11;817
7;2025-11-16;12;898
7;2025-11-16;13;933
7;2025-11-16;14;1002
7;2025-11-16;15;959
7;2025-11-16;16;883
7;2025-11-16;17;932
7;2025-11-16;18;856
7;2025-11-16;19;739
7;2025-11-16;20;612
7;2025-11-16;21;484
7;2025-11-16;22;278
7;2025-11-16;23;169
7;2025-11-17;0;72
7;2025-11-17;1;0
7;2025-11-17;2;0
7;2025-11-17;3;0
7;2025-11-17;4;0
7;2025-11-17;5;116
7;2025-11-17;6;672
7;2025-11-17;7;1606
7;2025-11-17;8;2442
7;2025-11-17;9;1757
7;2025-11-17;10;1507
7;2025-11-17;11;1327
7;2025-11-17;12;1480
7;2025-11-17;13;1464
7;2025-11-17;14;1488
7;2025-11-17;15;1671
7;2025-11-17;16;1757
7;2025-11-17;17;2255
7;2025-11-17;18;2525
7;2025-11-17;19;1706
7;2025-11-17;20;1071
7;2025-11-17;21;563
7;2025-11-17;22;302
7;2025-11-17;23;175
7;2025-11-18;0;57
7;2025-11-18;1;0
7;2025-11-18;2;0
7;2025-11-18;3;0
7;2025-11-18;4;0
7;2025-11-18;5;122
7;2025-11-18;6;691
7;2025-11-18;7;1617
7;2025-11-18;8;2434
7;2025-11-18;9;1776
7;2025-11-18;10;1548
7;2025-11-18;11;1467
7;2025-11-18;12;1549
7;2025-11-18;13;1526
7;2025-11-18;14;1564
7;2025-11-18;15;1723
7;2025-11-18;16;1765
7;2025-11-18;17;2286
7;2025-11-18;18;2529
7;2025-11-18;19;1753
7;2025-11-18;20;1091
7;2025-11-18;21;646
7;2025-11-18;22;325
7;2025-11-18;23;187
7;2025-11-19;0;59
7;2025-11-19;1;0
7;2025-11-19;2;0
7;2025-11-19;3;0
7;2025-11-19;4;0
7;2025-11-19;5;118
7;2025-11-19;6;669
7;2025-11-19;7;1516
7;2025-11-19;8;2455
7;2025-11-19;9;1794
7;2025-11-19;10;1618
7;2025-11-19;11;1419
7;2025-11-19;12;1517
7;2025-11-19;13;1484
7;2025-11-19;14;1569
7;2025-11-19;15;1722
7;2025-11-19;16;1789
7;2025-11-19;17;2308
7;2025-11-19;18;2547
7;2025-11-19;19;1682
7;2025-11-19;20;1063
7;2025-11-19;21;635
7;2025-11-19;22;350
7;2025-11-19;23;200
7;2025-11-20;0;70
7;2025-11-20;1;0
7;2025-11-20;2;0
7;2025-11-20;3;0
7;2025-11-20;4;0
7;2025-11-20;5;116
7;2025-11-20;6;669
7;2025-11-20;7;1581
7;2025-11-20;8;2397
7;2025-11-20;9;1807
7;2025-11-20;10;1530
7;2025-11-20;11;1441
7;2025-11-20;12;1508
7;2025-11-20;13;1502
7;2025-11-20;14;1596
7;2025-11-20;15;1637
7;2025-11-20;16;1778
7;2025-11-20;17;2220
7;2025-11-20;18;2608
7;2025-11-20;19;1634
7;2025-11-20;20;1060
7;2025-11-20;21;631
7;2025-11-20;22;337
7;2025-11-20;23;199
7;2025-11-21;0;69
7;2025-11-21;1;0
7;2025-11-21;2;0
7;2025-11-21;3;0
7;2025-11-21;4;0
7;2025-11-21;5;110
7;2025-11-21;6;632
7;2025-11-21;7;1514
7;2025-11-21;8;2225
7;2025-11-21;9;1720
7;2025-11-21;10;1503
7;2025-11-21;11;1470
7;2025-11-21;12;1567
7;2025-11-21;13;1646
7;2025-11-21;14;1682
7;2025-11-21;15;1771
7;2025-11-21;16;1963
7;2025-11-21;17;2177
7;2025-11-21;18;2025
7;2025-11-21;19;1443
7;2025-11-21;20;1020
7;2025-11-21;21;615
7;2025-11-21;22;357
7;2025-11-21;23;230
7;2025-11-22;0;97
7;2025-11-22;1;0
7;2025-11-22;2;0
7;2025-11-22;3;0
7;2025-11-22;4;0
7;2025-11-22;5;38
7;2025-11-22;6;287
7;2025-11-22;7;414
7;2025-11-22;8;705
7;2025-11-22;9;760
7;2025-11-22;10;819
7;2025-11-22;11;954
7;2025-11-22;12;1073
7;2025-11-22;13;1097
7;2025-11-22;14;1138
7;2025-11-22;15;1067
7;2025-11-22;16;1012
7;2025-11-22;17;989
7;2025-11-22;18;973
7;2025-11-22;19;941
7;2025-11-22;20;702
7;2025-11-22;21;521
7;2025-11-22;22;291
7;2025-11-22;23;201
7;2025-11-23;0;106
7;2025-11-23;1;0
7;2025-11-23;2;0
7;2025-11-23;3;0
7;2025-11-23;4;0
7;2025-11-23;5;27
7;2025-11-23;6;191
7;2025-11-23;7;299
7;2025-11-23;8;488
7;2025-11-23;9;600
7;2025-11-23;10;644
7;2025-11-23;11;817
7;2025-11-23;12;898
7;2025-11-23;13;933
7;2025-11-23;14;1002
7;2025-11-23;15;959
7;2025-11-23;16;883
7;2025-11-23;17;932
7;2025-11-23;18;856
7;2025-11-23;19;739
7;2025-11-23;20;612
7;2025-11-23;21;484
7;2025-11-23;22;278
7;2025-11-23;23;169
7;2025-11-24;0;72
7;2025-11-24;1;0
7;2025-11-24;2;0
7;2025-11-24;3;0
7;2025-11-24;4;0
7;2025-11-24;5;116
7;2025-11-24;6;672
7;2025-11-24;7;1606
7;2025-11-24;8;2442
7;2025-11-24;9;1757
7;2025-11-24;10;1507
7;2025-11-24;11;1327
7;2025-11-24;12;1491
7;2025-11-24;13;1464
7;2025-11-24;14;1488
7;2025-11-24;15;1684
7;2025-11-24;16;1757
7;2025-11-24;17;2255
7;2025-11-24;18;2525
7;2025-11-24;19;1706
7;2025-11-24;20;1071
7;2025-11-24;21;563
7;2025-11-24;22;302
7;2025-11-24;23;175
7;2025-11-25;0;57
7;2025-11-25;1;0
7;2025-11-25;2;0
7;2025-11-25;3;0
7;2025-11-25;4;0
7;2025-11-25;5;122
7;2025-11-25;6;691
7;2025-11-25;7;1617
7;2025-11-25;8;2434
7;2025-11-25;9;1776
7;2025-11-25;10;1548
7;2025-11-25;11;1467
7;2025-11-25;12;1557
7;2025-11-25;13;1526
7;2025-11-25;14;1572
7;2025-11-25;15;1732
7;2025-11-25;16;1765
7;2025-11-25;17;2291
7;2025-11-25;18;2529
7;2025-11-25;19;1753
7;2025-11-25;20;1091
7;2025-11-25;21;646
7;2025-11-25;22;325
7;2025-11-25;23;187
7;2025-11-26;0;59
7;2025-11-26;1;0
7;2025-11-26;2;0
7;2025-11-26;3;0
7;2025-11-26;4;0
7;2025-11-26;5;118
7;2025-11-26;6;669
7;2025-11-26;7;1516
7;2025-11-26;8;2463
7;2025-11-26;9;1794
7;2025-11-26;10;1639
7;2025-11-26;11;1419
7;2025-11-26;12;1536
7;2025-11-26;13;1484
7;2025-11-26;14;1588
7;2025-11-26;15;1743
7;2025-11-26;16;1800
7;2025-11-26;17;2308
7;2025-11-26;18;2547
7;2025-11-26;19;1682
7;2025-11-26;20;1063
7;2025-11-26;21;635
7;2025-11-26;22;350
7;2025-11-26;23;200
7;2025-11-27;0;70
7;2025-11-27;1;0
7;2025-11-27;2;0
7;2025-11-27;3;0
7;2025-11-27;4;0
7;2025-11-27;5;116
7;2025-11-27;6;669
7;2025-11-27;7;1594
7;2025-11-27;8;2416
7;2025-11-27;9;1808
7;2025-11-27;10;1542
7;2025-11-27;11;1453
7;2025-11-27;12;1520
7;2025-11-27;13;1502
7;2025-11-27;14;1609
7;2025-11-27;15;1650
7;2025-11-27;16;1792
7;2025-11-27;17;2237
7;2025-11-27;18;2614
7;2025-11-27;19;1634
7;2025-11-27;20;1060
7;2025-11-27;21;631
7;2025-11-27;22;337
7;2025-11-27;23;199
7;2025-11-28;0;69
7;2025-11-28;1;0
7;2025-11-28;2;0
7;2025-11-28;3;0
7;2025-11-28;4;0
7;2025-11-28;5;110
7;2025-11-28;6;632
7;2025-11-28;7;1514
7;2025-11-28;8;2229
7;2025-11-28;9;1723
7;2025-11-28;10;1506
7;2025-11-28;11;1470
7;2025-11-28;12;1570
7;2025-11-28;13;1646
7;2025-11-28;14;1685
7;2025-11-28;15;1775
7;2025-11-28;16;1967
7;2025-11-28;17;2181
7;2025-11-28;18;2029
7;2025-11-28;19;1443
7;2025-11-28;20;1020
7;2025-11-28;21;615
7;2025-11-28;22;357
7;2025-11-28;23;230
7;2025-11-29;0;97
7;2025-11-29;1;0
7;2025-11-29;2;0
7;2025-11-29;3;0
7;2025-11-29;4;0
7;2025-11-29;5;38
7;2025-11-29;6;287
7;2025-11-29;7;414
7;2025-11-29;8;705
7;2025-11-29;9;760
7;2025-11-29;10;819
7;2025-11-29;11;954
7;2025-11-29;12;1073
7;2025-11-29;13;1097
7;2025-11-29;14;1138
7;2025-11-29;15;1067
7;2025-11-29;16;1012
7;2025-11-29;17;989
7;2025-11-29;18;973
7;2025-11-29;19;941
7;2025-11-29;20;702
7;2025-11-29;21;521
7;2025-11-29;22;291
7;2025-11-29;23;201
7;2025-11-30;0;106
7;2025-11-30;1;0
7;2025-11-30;2;0
7;2025-11-30;3;0
7;2025-11-30;4;0
7;2025-11-30;5;27
7;2025-11-30;6;191
7;2025-11-30;7;299
7;2025-11-30;8;488
7;2025-11-30;9;600
7;2025-11-30;10;644
7;2025-11-30;11;817
7;2025-11-30;12;898
7;2025-11-30;13;933
7;2025-11-30;14;1002
7;2025-11-30;15;959
7;2025-11-30;16;883
7;2025-11-30;17;932
7;2025-11-30;18;856
7;2025-11-30;19;739
7;2025-11-30;20;612
7;2025-11-30;21;484
7;2025-11-30;22;278
7;2025-11-30;23;169
7;2025-12-01;0;72
7;2025-12-01;1;0
7;2025-12-01;2;0
7;2025-12-01;3;0
7;2025-12-01;4;0
7;2025-12-01;5;116
7;2025-12-01;6;672
7;2025-12-01;7;1606
7;2025-12-01;8;2442
7;2025-12-01;9;1757
7;2025-12-01;10;1507
7;2025-12-01;11;1327
7;2025-12-01;12;1491
7;2025-12-01;13;1464
7;2025-12-01;14;1488
7;2025-12-01;15;1684
7;2025-12-01;16;1757
7;2025-12-01;17;2255
7;2025-12-01;18;2525
7;2025-12-01;19;1706
7;2025-12-01;20;1071
7;2025-12-01;21;563
7;2025-12-01;22;302
7;2025-12-01;23;175
7;2025-12-02;0;57
7;2025-12-02;1;0
7;2025-12-02;2;0
7;2025-12-02;3;0
7;2025-12-02;4;0
7;2025-12-02;5;122
7;2025-12-02;6;691
7;2025-12-02;7;1617
7;2025-12-02;8;2434
7;2025-12-02;9;1776
7;2025-12-02;10;1548
7;2025-12-02;11;1467
7;2025-12-02;12;1551
7;2025-12-02;13;1526
7;2025-12-02;14;1566
7;2025-12-02;15;1726
7;2025-12-02;16;1765
7;2025-12-02;17;2290
7;2025-12-02;18;2529
7;2025-12-02;19;1753
7;2025-12-02;20;1091
7;2025-12-02;21;646
7;2025-12-02;22;325
7;2025-12-02;23;187
7;2025-12-03;0;59
7;2025-12-03;1;0
7;2025-12-03;2;0
7;2025-12-03;3;0
7;2025-12-03;4;0
7;2025-12-03;5;118
7;2025-12-03;6;669
7;2025-12-03;7;1516
7;2025-12-03;8;2451
7;2025-12-03;9;1794
7;2025-12-03;10;1616
7;2025-12-03;11;1419
7;2025-12-03;12;1514
7;2025-12-03;13;1484
7;2025-12-03;14;1566
7;2025-12-03;15;1719
7;2025-12-03;16;1786
7;2025-12-03;17;2308
7;2025-12-03;18;2544
7;2025-12-03;19;1682
7;2025-12-03;20;1063
7;2025-12-03;21;635
7;2025-12-03;22;350
7;2025-12-03;23;200
7;2025-12-04;0;70
7;2025-12-04;1;0
7;2025-12-04;2;0
7;2025-12-04;3;0
7;2025-12-04;4;0
7;2025-12-04;5;116
7;2025-12-04;6;669
7;2025-12-04;7;1575
7;2025-12-04;8;2388
7;2025-12-04;9;1801
7;2025-12-04;10;1524
7;2025-12-04;11;1436
7;2025-12-04;12;1502
7;2025-12-04;13;1502
7;2025-12-04;14;1590
7;2025-12-04;15;1631
7;2025-12-04;16;1771
7;2025-12-04;17;2212
7;2025-12-04;18;2598
7;2025-12-04;19;1634
7;2025-12-04;20;1060
7;2025-12-04;21;631
7;2025-12-04;22;337
7;2025-12-04;23;199
7;2025-12-05;0;69
7;2025-12-05;1;0
7;2025-12-05;2;0
7;2025-12-05;3;0
7;2025-12-05;4;0
7;2025-12-05;5;110
7;2025-12-05;6;632
7;2025-12-05;7;1514
7;2025-12-05;8;2207
7;2025-12-05;9;1706
7;2025-12-05;10;1491
7;2025-12-05;11;1461
7;2025-12-05;12;1554
7;2025-12-05;13;1633
7;2025-12-05;14;1668
7;2025-12-05;15;1757
7;2025-12-05;16;1947
7;2025-12-05;17;2160
7;2025-12-05;18;2009
7;2025-12-05;19;1443
7;2025-12-05;20;1020
7;2025-12-05;21;615
7;2025-12-05;22;357
7;2025-12-05;23;230
7;2025-12-06;0;97
7;2025-12-06;1;0
7;2025-12-06;2;0
7;2025-12-06;3;0
7;2025-12-06;4;0
7;2025-12-06;5;38
7;2025-12-06;6;287
7;2025-12-06;7;414
7;2025-12-06;8;705
7;2025-12-06;9;760
7;2025-12-06;10;819
7;2025-12-06;11;954
7;2025-12-06;12;1073
7;2025-12-06;13;1097
7;2025-12-06;14;1138
7;2025-12-06;15;1067
7;2025-12-06;16;1012
7;2025-12-06;17;989
7;2025-12-06;18;973
7;2025-12-06;19;941
7;2025-12-06;20;702
7;2025-12-06;21;521
7;2025-12-06;22;291
7;2025-12-06;23;201
7;2025-12-07;0;106
7;2025-12-07;1;0
7;2025-12-07;2;0
7;2025-12-07;3;0
7;2025-12-07;4;0
7;2025-12-07;5;27
7;2025-12-07;6;191
7;2025-12-07;7;299
7;2025-12-07;8;488
7;2025-12-07;9;600
7;2025-12-07;10;644
7;2025-12-07;11;817
7;2025-12-07;12;898
7;2025-12-07;13;933
7;2025-12-07;14;1002
7;2025-12-07;15;959
7;2025-12-07;16;883
7;2025-12-07;17;932
7;2025-12-07;18;856
7;2025-12-07;19;739
7;2025-12-07;20;612
7;2025-12-07;21;484
7;2025-12-07;22;278
7;2025-12-07;23;169
7;2025-12-08;0;72
7;2025-12-08;1;0
7;2025-12-08;2;0
7;2025-12-08;3;0
7;2025-12-08;4;0
7;2025-12-08;5;116
7;2025-12-08;6;672
7;2025-12-08;7;1606
7;2025-12-08;8;2402
7;2025-12-08;9;1757
7;2025-12-08;10;1507
7;2025-12-08;11;1327
7;2025-12-08;12;1455
7;2025-12-08;13;1464
7;2025-12-08;14;1488
7;2025-12-08;15;1643
7;2025-12-08;16;1757
7;2025-12-08;17;2255
7;2025-12-08;18;2525
7;2025-12-08;19;1706
7;2025-12-08;20;1071
7;2025-12-08;21;563
7;2025-12-08;22;302
7;2025-12-08;23;175
7;2025-12-09;0;57
7;2025-12-09;1;0
7;2025-12-09;2;0
7;2025-12-09;3;0
7;2025-12-09;4;0
7;2025-12-09;5;122
7;2025-12-09;6;691
7;2025-12-09;7;1617
7;2025-12-09;8;2434
7;2025-12-09;9;1776
7;2025-12-09;10;1548
7;2025-12-09;11;1464
7;2025-12-09;12;1529
7;2025-12-09;13;1523
7;2025-12-09;14;1544
7;2025-12-09;15;1701
7;2025-12-09;16;1759
7;2025-12-09;17;2257
7;2025-12-09;18;2529
7;2025-12-09;19;1753
7;2025-12-09;20;1091
7;2025-12-09;21;646
7;2025-12-09;22;325
7;2025-12-09;23;187
7;2025-12-10;0;59
7;2025-12-10;1;0
7;2025-12-10;2;0
7;2025-12-10;3;0
7;2025-12-10;4;0
7;2025-12-10;5;118
7;2025-12-10;6;669
7;2025-12-10;7;1516
7;2025-12-10;8;2449
7;2025-12-10;9;1794
7;2025-12-10;10;1614
7;2025-12-10;11;1419
7;2025-12-10;12;1513
7;2025-12-10;13;1484
7;2025-12-10;14;1565
7;2025-12-10;15;1718
7;2025-12-10;16;1785
7;2025-12-10;17;2308
7;2025-12-10;18;2542
7;2025-12-10;19;1682
7;2025-12-10;20;1063
7;2025-12-10;21;635
7;2025-12-10;22;350
7;2025-12-10;23;200
7;2025-12-11;0;70
7;2025-12-11;1;0
7;2025-12-11;2;0
7;2025-12-11;3;0
7;2025-12-11;4;0
7;2025-12-11;5;116
7;2025-12-11;6;669
7;2025-12-11;7;1573
7;2025-12-11;8;2384
7;2025-12-11;9;1798
7;2025-12-11;10;1521
7;2025-12-11;11;1433
7;2025-12-11;12;1500
7;2025-12-11;13;1502
7;2025-12-11;14;1587
7;2025-12-11;15;1628
7;2025-12-11;16;1768
7;2025-12-11;17;2208
7;2025-12-11;18;2594
7;2025-12-11;19;1634
7;2025-12-11;20;1060
7;2025-12-11;21;631
7;2025-12-11;22;337
7;2025-12-11;23;199
7;2025-12-12;0;69
7;2025-12-12;1;0
7;2025-12-12;2;0
7;2025-12-12;3;0
7;2025-12-12;4;0
7;2025-12-12;5;110
7;2025-12-12;6;632
7;2025-12-12;7;1504
7;2025-12-12;8;2188
7;2025-12-12;9;1692
7;2025-12-12;10;1478
7;2025-12-12;11;1449
7;2025-12-12;12;1541
7;2025-12-12;13;1619
7;2025-12-12;14;1654
7;2025-12-12;15;1742
7;2025-12-12;16;1931
7;2025-12-12;17;2141
7;2025-12-12;18;1992
7;2025-12-12;19;1443
7;2025-12-12;20;1020
7;2025-12-12;21;615
7;2025-12-12;22;357
7;2025-12-12;23;230
7;2025-12-13;0;97
7;2025-12-13;1;0
7;2025-12-13;2;0
7;2025-12-13;3;0
7;2025-12-13;4;0
7;2025-12-13;5;38
7;2025-12-13;6;287
7;2025-12-13;7;414
7;2025-12-13;8;705
7;2025-12-13;9;760
7;2025-12-13;10;819
7;2025-12-13;11;954
7;2025-12-13;12;1073
7;2025-12-13;13;1097
7;2025-12-13;14;1138
7;2025-12-13;15;1067
7;2025-12-13;16;1012
7;2025-12-13;17;989
7;2025-12-13;18;973
7;2025-12-13;19;941
7;2025-12-13;20;702
7;2025-12-13;21;521
7;2025-12-13;22;291
7;2025-12-13;23;201
7;2025-12-14;0;106
7;2025-12-14;1;0
7;2025-12-14;2;0
7;2025-12-14;3;0
7;2025-12-14;4;0
7;2025-12-14;5;27
7;2025-12-14;6;191
7;2025-12-14;7;299
7;2025-12-14;8;488
7;2025-12-14;9;600
7;2025-12-14;10;644
7;2025-12-14;11;817
7;2025-12-14;12;898
7;2025-12-14;13;933
7;2025-12-14;14;1002
7;2025-12-14;15;959
7;2025-12-14;16;883
7;2025-12-14;17;932
7;2025-12-14;18;856
7;2025-12-14;19;739
7;2025-12-14;20;612
7;2025-12-14;21;484
7;2025-12-14;22;278
7;2025-12-14;23;169
7;2025-12-15;0;72
7;2025-12-15;1;0
7;2025-12-15;2;0
7;2025-12-15;3;0
7;2025-12-15;4;0
7;2025-12-15;5;116
7;2025-12-15;6;672
7;2025-12-15;7;1592
7;2025-12-15;8;2356
7;2025-12-15;9;1757
7;2025-12-15;10;1498
7;2025-12-15;11;1327
7;2025-12-15;12;1427
7;2025-12-15;13;1437
7;2025-12-15;14;1473
7;2025-12-15;15;1611
7;2025-12-15;16;1723
7;2025-12-15;17;2219
7;2025-12-15;18;2525
7;2025-12-15;19;1706
7;2025-12-15;20;1071
7;2025-12-15;21;563
7;2025-12-15;22;302
7;2025-12-15;23;175
7;2025-12-16;0;57
7;2025-12-16;1;0
7;2025-12-16;2;0
7;2025-12-16;3;0
7;2025-12-16;4;0
7;2025-12-16;5;122
7;2025-12-16;6;691
7;2025-12-16;7;1614
7;2025-12-16;8;2392
7;2025-12-16;9;1776
7;2025-12-16;10;1548
7;2025-12-16;11;1434
7;2025-12-16;12;1498
7;2025-12-16;13;1491
7;2025-12-16;14;1512
7;2025-12-16;15;1666
7;2025-12-16;16;1723
7;2025-12-16;17;2211
7;2025-12-16;18;2529
7;2025-12-16;19;1753
7;2025-12-16;20;1091
7;2025-12-16;21;646
7;2025-12-16;22;325
7;2025-12-16;23;187
7;2025-12-17;0;59
7;2025-12-17;1;0
7;2025-12-17;2;0
7;2025-12-17;3;0
7;2025-12-17;4;0
7;2025-12-17;5;118
7;2025-12-17;6;669
7;2025-12-17;7;1516
7;2025-12-17;8;2398
7;2025-12-17;9;1794
7;2025-12-17;10;1580
7;2025-12-17;11;1416
7;2025-12-17;12;1481
7;2025-12-17;13;1481
7;2025-12-17;14;1532
7;2025-12-17;15;1681
7;2025-12-17;16;1747
7;2025-12-17;17;2270
7;2025-12-17;18;2488
7;2025-12-17;19;1682
7;2025-12-17;20;1063
7;2025-12-17;21;635
7;2025-12-17;22;350
7;2025-12-17;23;200
7;2025-12-18;0;70
7;2025-12-18;1;0
7;2025-12-18;2;0
7;2025-12-18;3;0
7;2025-12-18;4;0
7;2025-12-18;5;116
7;2025-12-18;6;669
7;2025-12-18;7;1522
7;2025-12-18;8;2307
7;2025-12-18;9;1739
7;2025-12-18;10;1472
7;2025-12-18;11;1387
7;2025-12-18;12;1451
7;2025-12-18;13;1462
7;2025-12-18;14;1536
7;2025-12-18;15;1575
7;2025-12-18;16;1711
7;2025-12-18;17;2136
7;2025-12-18;18;2510
7;2025-12-18;19;1634
7;2025-12-18;20;1060
7;2025-12-18;21;631
7;2025-12-18;22;337
7;2025-12-18;23;199
7;2025-12-19;0;69
7;2025-12-19;1;0
7;2025-12-19;2;0
7;2025-12-19;3;0
7;2025-12-19;4;0
7;2025-12-19;5;110
7;2025-12-19;6;632
7;2025-12-19;7;1458
7;2025-12-19;8;2122
7;2025-12-19;9;1640
7;2025-12-19;10;1433
7;2025-12-19;11;1405
7;2025-12-19;12;1494
7;2025-12-19;13;1570
7;2025-12-19;14;1604
7;2025-12-19;15;1689
7;2025-12-19;16;1872
7;2025-12-19;17;2076
7;2025-12-19;18;1931
7;2025-12-19;19;1443
7;2025-12-19;20;1015
7;2025-12-19;21;615
7;2025-12-19;22;357
7;2025-12-19;23;230
7;2025-12-20;0;97
7;2025-12-20;1;0
7;2025-12-20;2;0
7;2025-12-20;3;0
7;2025-12-20;4;0
7;2025-12-20;5;38
7;2025-12-20;6;287
7;2025-12-20;7;414
7;2025-12-20;8;705
7;2025-12-20;9;760
7;2025-12-20;10;819
7;2025-12-20;11;954
7;2025-12-20;12;1073
7;2025-12-20;13;1097
7;2025-12-20;14;1138
7;2025-12-20;15;1067
7;2025-12-20;16;1012
7;2025-12-20;17;989
7;2025-12-20;18;973
7;2025-12-20;19;941
7;2025-12-20;20;702
7;2025-12-20;21;521
7;2025-12-20;22;291
7;2025-12-20;23;201
7;2025-12-21;0;106
7;2025-12-21;1;0
7;2025-12-21;2;0
7;2025-12-21;3;0
7;2025-12-21;4;0
7;2025-12-21;5;27
7;2025-12-21;6;191
7;2025-12-21;7;299
7;2025-12-21;8;488
7;2025-12-21;9;600
7;2025-12-21;10;644
7;2025-12-21;11;817
7;2025-12-21;12;898
7;2025-12-21;13;933
7;2025-12-21;14;1002
7;2025-12-21;15;959
7;2025-12-21;16;883
7;2025-12-21;17;932
7;2025-12-21;18;856
7;2025-12-21;19;739
7;2025-12-21;20;612
7;2025-12-21;21;484
7;2025-12-21;22;278
7;2025-12-21;23;169
7;2025-12-22;0;72
7;2025-12-22;1;0
7;2025-12-22;2;0
7;2025-12-22;3;0
7;2025-12-22;4;0
7;2025-12-22;5;116
7;2025-12-22;6;672
7;2025-12-22;7;1522
7;2025-12-22;8;2252
7;2025-12-22;9;1708
7;2025-12-22;10;1432
7;2025-12-22;11;1287
7;2025-12-22;12;1364
7;2025-12-22;13;1374
7;2025-12-22;14;1408
7;2025-12-22;15;1540
7;2025-12-22;16;1647
7;2025-12-22;17;2122
7;2025-12-22;18;2415
7;2025-12-22;19;1633
7;2025-12-22;20;1046
7;2025-12-22;21;563
7;2025-12-22;22;300
7;2025-12-22;23;175
7;2025-12-23;0;57
7;2025-12-23;1;0
7;2025-12-23;2;0
7;2025-12-23;3;0
7;2025-12-23;4;0
7;2025-12-23;5;122
7;2025-12-23;6;691
7;2025-12-23;7;1556
7;2025-12-23;8;2306
7;2025-12-23;9;1744
7;2025-12-23;10;1519
7;2025-12-23;11;1383
7;2025-12-23;12;1444
7;2025-12-23;13;1438
7;2025-12-23;14;1458
7;2025-12-23;15;1607
7;2025-12-23;16;1662
7;2025-12-23;17;2132
7;2025-12-23;18;2451
7;2025-12-23;19;1723
7;2025-12-23;20;1078
7;2025-12-23;21;639
7;2025-12-23;22;325
7;2025-12-23;23;187
7;2025-12-24;0;59
7;2025-12-24;1;0
7;2025-12-24;2;0
7;2025-12-24;3;0
7;2025-12-24;4;0
7;2025-12-24;5;118
7;2025-12-24;6;665
7;2025-12-24;7;1478
7;2025-12-24;8;2285
7;2025-12-24;9;1741
7;2025-12-24;10;1506
7;2025-12-24;11;1350
7;2025-12-24;12;1412
7;2025-12-24;13;1411
7;2025-12-24;14;1460
7;2025-12-24;15;1602
7;2025-12-24;16;1665
7;2025-12-24;17;2164
7;2025-12-24;18;2371
7;2025-12-24;19;1622
7;2025-12-24;20;1060
7;2025-12-24;21;633
7;2025-12-24;22;348
7;2025-12-24;23;199
7;2025-12-25;0;70
7;2025-12-25;1;0
7;2025-12-25;2;0
7;2025-12-25;3;0
7;2025-12-25;4;0
7;2025-12-25;5;116
7;2025-12-25;6;669
7;2025-12-25;7;1459
7;2025-12-25;8;2211
7;2025-12-25;9;1667
7;2025-12-25;10;1411
7;2025-12-25;11;1329
7;2025-12-25;12;1391
7;2025-12-25;13;1401
7;2025-12-25;14;1472
7;2025-12-25;15;1510
7;2025-12-25;16;1640
7;2025-12-25;17;2048
7;2025-12-25;18;2405
7;2025-12-25;19;1617
7;2025-12-25;20;1031
7;2025-12-25;21;631
7;2025-12-25;22;337
7;2025-12-25;23;199
7;2025-12-26;0;69
7;2025-12-26;1;0
7;2025-12-26;2;0
7;2025-12-26;3;0
7;2025-12-26;4;0
7;2025-12-26;5;110
7;2025-12-26;6;612
7;2025-12-26;7;1410
7;2025-12-26;8;2052
7;2025-12-26;9;1586
7;2025-12-26;10;1386
7;2025-12-26;11;1358
7;2025-12-26;12;1445
7;2025-12-26;13;1518
7;2025-12-26;14;1551
7;2025-12-26;15;1633
7;2025-12-26;16;1811
7;2025-12-26;17;2008
7;2025-12-26;18;1868
7;2025-12-26;19;1415
7;2025-12-26;20;982
7;2025-12-26;21;615
7;2025-12-26;22;357
7;2025-12-26;23;228
7;2025-12-27;0;97
7;2025-12-27;1;0
7;2025-12-27;2;0
7;2025-12-27;3;0
7;2025-12-27;4;0
7;2025-12-27;5;38
7;2025-12-27;6;287
7;2025-12-27;7;414
7;2025-12-27;8;705
7;2025-12-27;9;760
7;2025-12-27;10;819
7;2025-12-27;11;954
7;2025-12-27;12;1073
7;2025-12-27;13;1097
7;2025-12-27;14;1138
7;2025-12-27;15;1067
7;2025-12-27;16;1012
7;2025-12-27;17;989
7;2025-12-27;18;973
7;2025-12-27;19;941
7;2025-12-27;20;702
7;2025-12-27;21;521
7;2025-12-27;22;291
7;2025-12-27;23;201
7;2025-12-28;0;106
7;2025-12-28;1;0
7;2025-12-28;2;0
7;2025-12-28;3;0
7;2025-12-28;4;0
7;2025-12-28;5;27
7;2025-12-28;6;191
7;2025-12-28;7;299
7;2025-12-28;8;488
7;2025-12-28;9;600
7;2025-12-28;10;644
7;2025-12-28;11;817
7;2025-12-28;12;898
7;2025-12-28;13;933
7;2025-12-28;14;1002
7;2025-12-28;15;959
7;2025-12-28;16;883
7;2025-12-28;17;932
7;2025-12-28;18;856
7;2025-12-28;19;739
7;2025-12-28;20;612
7;2025-12-28;21;484
7;2025-12-28;22;278
7;2025-12-28;23;169
7;2025-12-29;0;72
7;2025-12-29;1;0
7;2025-12-29;2;0
7;2025-12-29;3;0
7;2025-12-29;4;0
7;2025-12-29;5;116
7;2025-12-29;6;672
7;2025-12-29;7;1494
7;2025-12-29;8;2211
7;2025-12-29;9;1677
7;2025-12-29;10;1405
7;2025-12-29;11;1264
7;2025-12-29;12;1339
7;2025-12-29;13;1349
7;2025-12-29;14;1382
7;2025-12-29;15;1512
7;2025-12-29;16;1617
7;2025-12-29;17;2083
7;2025-12-29;18;2370
7;2025-12-29;19;1603
7;2025-12-29;20;1027
7;2025-12-29;21;563
7;2025-12-29;22;294
7;2025-12-29;23;175
7;2025-12-30;0;56
7;2025-12-30;1;0
7;2025-12-30;2;0
7;2025-12-30;3;0
7;2025-12-30;4;0
7;2025-12-30;5;120
7;2025-12-30;6;681
7;2025-12-30;7;1527
7;2025-12-30;8;2264
7;2025-12-30;9;1711
7;2025-12-30;10;1491
7;2025-12-30;11;1358
7;2025-12-30;12;1418
7;2025-12-30;13;1412
7;2025-12-30;14;1431
7;2025-12-30;15;1577
7;2025-12-30;16;1631
7;2025-12-30;17;2092
7;2025-12-30;18;2406
7;2025-12-30;19;1691
7;2025-12-30;20;1058
7;2025-12-30;21;627
7;2025-12-30;22;321
7;2025-12-30;23;185
7;2025-12-31;0;59
7;2025-12-31;1;0
7;2025-12-31;2;0
7;2025-12-31;3;0
7;2025-12-31;4;0
7;2025-12-31;5;114
7;2025-12-31;6;645
7;2025-12-31;7;1423
7;2025-12-31;8;2201
7;2025-12-31;9;1677
7;2025-12-31;10;1451
7;2025-12-31;11;1300
7;2025-12-31;12;1360
7;2025-12-31;13;1359
7;2025-12-31;14;1406
7;2025-12-31;15;1543
7;2025-12-31;16;1604
7;2025-12-31;17;2084
7;2025-12-31;18;2284
7;2025-12-31;19;1563
7;2025-12-31;20;1024
7;2025-12-31;21;612
7;2025-12-31;22;337
7;2025-12-31;23;192
11;2025-11-01;0;102
11;2025-11-01;1;0
11;2025-11-01;2;0
11;2025-11-01;3;0
11;2025-11-01;4;0
11;2025-11-01;5;181
11;2025-11-01;6;798
11;2025-11-01;7;708
11;2025-11-01;8;957
11;2025-11-01;9;1116
11;2025-11-01;10;1212
11;2025-11-01;11;1585
11;2025-11-01;12;1743
11;2025-11-01;13;1659
11;2025-11-01;14;1686
11;2025-11-01;15;1688
11;2025-11-01;16;1716
11;2025-11-01;17;1744
11;2025-11-01;18;1535
11;2025-11-01;19;1482
11;2025-11-01;20;1152
11;2025-11-01;21;801
11;2025-11-01;22;464
11;2025-11-01;23;318
11;2025-11-02;0;111
11;2025-11-02;1;0
11;2025-11-02;2;0
11;2025-11-02;3;0
11;2025-11-02;4;0
11;2025-11-02;5;101
11;2025-11-02;6;522
11;2025-11-02;7;519
11;2025-11-02;8;675
11;2025-11-02;9;909
11;2025-11-02;10;1020
11;2025-11-02;11;1414
11;2025-11-02;12;1548
11;2025-11-02;13;1470
11;2025-11-02;14;1531
11;2025-11-02;15;1599
11;2025-11-02;16;1549
11;2025-11-02;17;1637
11;2025-11-02;18;1363
11;2025-11-02;19;1160
11;2025-11-02;20;962
11;2025-11-02;21;694
11;2025-11-02;22;407
11;2025-11-02;23;257
11;2025-11-03;0;81
11;2025-11-03;1;0
11;2025-11-03;2;0
11;2025-11-03;3;0
11;2025-11-03;4;0
11;2025-11-03;5;265
11;2025-11-03;6;1328
11;2025-11-03;7;2193
11;2025-11-03;8;2876
11;2025-11-03;9;2242
11;2025-11-03;10;1694
11;2025-11-03;11;1727
11;2025-11-03;12;1661
11;2025-11-03;13;1767
11;2025-11-03;14;1756
11;2025-11-03;15;1882
11;2025-11-03;16;2109
11;2025-11-03;17;2633
11;2025-11-03;18;3014
11;2025-11-03;19;2274
11;2025-11-03;20;1515
11;2025-11-03;21;872
11;2025-11-03;22;442
11;2025-11-03;23;230
11;2025-11-04;0;68
11;2025-11-04;1;0
11;2025-11-04;2;0
11;2025-11-04;3;0
11;2025-11-04;4;0
11;2025-11-04;5;252
11;2025-11-04;6;1333
11;2025-11-04;7;2269
11;2025-11-04;8;2983
11;2025-11-04;9;2313
11;2025-11-04;10;1778
11;2025-11-04;11;1730
11;2025-11-04;12;1723
11;2025-11-04;13;1847
11;2025-11-04;14;1857
11;2025-11-04;15;1921
11;2025-11-04;16;2132
11;2025-11-04;17;2691
11;2025-11-04;18;2995
11;2025-11-04;19;2277
11;2025-11-04;20;1529
11;2025-11-04;21;898
11;2025-11-04;22;453
11;2025-11-04;23;244
11;2025-11-05;0;67
11;2025-11-05;1;0
11;2025-11-05;2;0
11;2025-11-05;3;0
11;2025-11-05;4;0
11;2025-11-05;5;258
11;2025-11-05;6;1267
11;2025-11-05;7;2265
11;2025-11-05;8;3002
11;2025-11-05;9;2252
11;2025-11-05;10;1805
11;2025-11-05;11;1828
11;2025-11-05;12;1851
11;2025-11-05;13;1940
11;2025-11-05;14;1892
11;2025-11-05;15;1949
11;2025-11-05;16;2049
11;2025-11-05;17;2704
11;2025-11-05;18;3017
11;2025-11-05;19;2255
11;2025-11-05;20;1528
11;2025-11-05;21;911
11;2025-11-05;22;469
11;2025-11-05;23;256
11;2025-11-06;0;73
11;2025-11-06;1;0
11;2025-11-06;2;0
11;2025-11-06;3;0
11;2025-11-06;4;0
11;2025-11-06;5;257
11;2025-11-06;6;1284
11;2025-11-06;7;2219
11;2025-11-06;8;2830
11;2025-11-06;9;2326
11;2025-11-06;10;1879
11;2025-11-06;11;1795
11;2025-11-06;12;1844
11;2025-11-06;13;1951
11;2025-11-06;14;1915
11;2025-11-06;15;1953
11;2025-11-06;16;2164
11;2025-11-06;17;2659
11;2025-11-06;18;3015
11;2025-11-06;19;2215
11;2025-11-06;20;1498
11;2025-11-06;21;922
11;2025-11-06;22;489
11;2025-11-06;23;267
11;2025-11-07;0;78
11;2025-11-07;1;0
11;2025-11-07;2;0
11;2025-11-07;3;0
11;2025-11-07;4;0
11;2025-11-07;5;253
11;2025-11-07;6;1289
11;2025-11-07;7;2147
11;2025-11-07;8;2800
11;2025-11-07;9;2238
11;2025-11-07;10;1814
11;2025-11-07;11;1755
11;2025-11-07;12;1851
11;2025-11-07;13;1862
11;2025-11-07;14;1968
11;2025-11-07;15;2139
11;2025-11-07;16;2343
11;2025-11-07;17;2790
11;2025-11-07;18;2424
11;2025-11-07;19;2015
11;2025-11-07;20;1446
11;2025-11-07;21;919
11;2025-11-07;22;493
11;2025-11-07;23;305
11;2025-11-08;0;102
11;2025-11-08;1;0
11;2025-11-08;2;0
11;2025-11-08;3;0
11;2025-11-08;4;0
11;2025-11-08;5;179
11;2025-11-08;6;796
11;2025-11-08;7;706
11;2025-11-08;8;955
11;2025-11-08;9;1108
11;2025-11-08;10;1210
11;2025-11-08;11;1582
11;2025-11-08;12;1746
11;2025-11-08;13;1656
11;2025-11-08;14;1683
11;2025-11-08;15;1685
11;2025-11-08;16;1712
11;2025-11-08;17;1740
11;2025-11-08;18;1516
11;2025-11-08;19;1464
11;2025-11-08;20;1138
11;2025-11-08;21;801
11;2025-11-08;22;464
11;2025-11-08;23;318
11;2025-11-09;0;110
11;2025-11-09;1;0
11;2025-11-09;2;0
11;2025-11-09;3;0
11;2025-11-09;4;0
11;2025-11-09;5;101
11;2025-11-09;6;521
11;2025-11-09;7;514
11;2025-11-09;8;673
11;2025-11-09;9;906
11;2025-11-09;10;1010
11;2025-11-09;11;1410
11;2025-11-09;12;1543
11;2025-11-09;13;1465
11;2025-11-09;14;1527
11;2025-11-09;15;1594
11;2025-11-09;16;1545
11;2025-11-09;17;1632
11;2025-11-09;18;1354
11;2025-11-09;19;1151
11;2025-11-09;20;953
11;2025-11-09;21;688
11;2025-11-09;22;403
11;2025-11-09;23;255
11;2025-11-10;0;80
11;2025-11-10;1;0
11;2025-11-10;2;0
11;2025-11-10;3;0
11;2025-11-10;4;0
11;2025-11-10;5;265
11;2025-11-10;6;1328
11;2025-11-10;7;2205
11;2025-11-10;8;2892
11;2025-11-10;9;2255
11;2025-11-10;10;1704
11;2025-11-10;11;1736
11;2025-11-10;12;1670
11;2025-11-10;13;1777
11;2025-11-10;14;1766
11;2025-11-10;15;1893
11;2025-11-10;16;2121
11;2025-11-10;17;2648
11;2025-11-10;18;3014
11;2025-11-10;19;2274
11;2025-11-10;20;1515
11;2025-11-10;21;872
11;2025-11-10;22;442
11;2025-11-10;23;227
11;2025-11-11;0;67
11;2025-11-11;1;0
11;2025-11-11;2;0
11;2025-11-11;3;0
11;2025-11-11;4;0
11;2025-11-11;5;252
11;2025-11-11;6;1333
11;2025-11-11;7;2299
11;2025-11-11;8;3023
11;2025-11-11;9;2344
11;2025-11-11;10;1802
11;2025-11-11;11;1730
11;2025-11-11;12;1746
11;2025-11-11;13;1872
11;2025-11-11;14;1882
11;2025-11-11;15;1941
11;2025-11-11;16;2157
11;2025-11-11;17;2727
11;2025-11-11;18;2995
11;2025-11-11;19;2277
11;2025-11-11;20;1529
11;2025-11-11;21;898
11;2025-11-11;22;453
11;2025-11-11;23;241
11;2025-11-12;0;67
11;2025-11-12;1;0
11;2025-11-12;2;0
11;2025-11-12;3;0
11;2025-11-12;4;0
11;2025-11-12;5;258
11;2025-11-12;6;1267
11;2025-11-12;7;2270
11;2025-11-12;8;3010
11;2025-11-12;9;2252
11;2025-11-12;10;1810
11;2025-11-12;11;1833
11;2025-11-12;12;1852
11;2025-11-12;13;1945
11;2025-11-12;14;1897
11;2025-11-12;15;1949
11;2025-11-12;16;2049
11;2025-11-12;17;2711
11;2025-11-12;18;3024
11;2025-11-12;19;2255
11;2025-11-12;20;1528
11;2025-11-12;21;911
11;2025-11-12;22;469
11;2025-11-12;23;256
11;2025-11-13;0;73
11;2025-11-13;1;0
11;2025-11-13;2;0
11;2025-11-13;3;0
11;2025-11-13;4;0
11;2025-11-13;5;257
11;2025-11-13;6;1284
11;2025-11-13;7;2228
11;2025-11-13;8;2841
11;2025-11-13;9;2335
11;2025-11-13;10;1887
11;2025-11-13;11;1802
11;2025-11-13;12;1852
11;2025-11-13;13;1959
11;2025-11-13;14;1923
11;2025-11-13;15;1953
11;2025-11-13;16;2173
11;2025-11-13;17;2659
11;2025-11-13;18;3028
11;2025-11-13;19;2215
11;2025-11-13;20;1498
11;2025-11-13;21;922
11;2025-11-13;22;489
11;2025-11-13;23;267
11;2025-11-14;0;78
11;2025-11-14;1;0
11;2025-11-14;2;0
11;2025-11-14;3;0
11;2025-11-14;4;0
11;2025-11-14;5;253
11;2025-11-14;6;1289
11;2025-11-14;7;2158
11;2025-11-14;8;2814
11;2025-11-14;9;2250
11;2025-11-14;10;1823
11;2025-11-14;11;1755
11;2025-11-14;12;1860
11;2025-11-14;13;1862
11;2025-11-14;14;1968
11;2025-11-14;15;2150
11;2025-11-14;16;2343
11;2025-11-14;17;2791
11;2025-11-14;18;2424
11;2025-11-14;19;2015
11;2025-11-14;20;1446
11;2025-11-14;21;919
11;2025-11-14;22;493
11;2025-11-14;23;305
11;2025-11-15;0;102
11;2025-11-15;1;0
11;2025-11-15;2;0
11;2025-11-15;3;0
11;2025-11-15;4;0
11;2025-11-15;5;179
11;2025-11-15;6;798
11;2025-11-15;7;711
11;2025-11-15;8;965
11;2025-11-15;9;1108
11;2025-11-15;10;1221
11;2025-11-15;11;1597
11;2025-11-15;12;1763
11;2025-11-15;13;1672
11;2025-11-15;14;1699
11;2025-11-15;15;1690
11;2025-11-15;16;1727
11;2025-11-15;17;1750
11;2025-11-15;18;1516
11;2025-11-15;19;1464
11;2025-11-15;20;1138
11;2025-11-15;21;801
11;2025-11-15;22;464
11;2025-11-15;23;318
11;2025-11-16;0;111
11;2025-11-16;1;0
11;2025-11-16;2;0
11;2025-11-16;3;0
11;2025-11-16;4;0
11;2025-11-16;5;101
11;2025-11-16;6;521
11;2025-11-16;7;519
11;2025-11-16;8;673
11;2025-11-16;9;907
11;2025-11-16;10;1020
11;2025-11-16;11;1410
11;2025-11-16;12;1544
11;2025-11-16;13;1466
11;2025-11-16;14;1527
11;2025-11-16;15;1595
11;2025-11-16;16;1545
11;2025-11-16;17;1633
11;2025-11-16;18;1363
11;2025-11-16;19;1160
11;2025-11-16;20;962
11;2025-11-16;21;694
11;2025-11-16;22;407
11;2025-11-16;23;257
11;2025-11-17;0;80
11;2025-11-17;1;0
11;2025-11-17;2;0
11;2025-11-17;3;0
11;2025-11-17;4;0
11;2025-11-17;5;265
11;2025-11-17;6;1328
11;2025-11-17;7;2247
11;2025-11-17;8;2946
11;2025-11-17;9;2297
11;2025-11-17;10;1729
11;2025-11-17;11;1769
11;2025-11-17;12;1683
11;2025-11-17;13;1800
11;2025-11-17;14;1798
11;2025-11-17;15;1928
11;2025-11-17;16;2161
11;2025-11-17;17;2698
11;2025-11-17;18;3014
11;2025-11-17;19;2274
11;2025-11-17;20;1515
11;2025-11-17;21;872
11;2025-11-17;22;442
11;2025-11-17;23;227
11;2025-11-18;0;67
11;2025-11-18;1;0
11;2025-11-18;2;0
11;2025-11-18;3;0
11;2025-11-18;4;0
11;2025-11-18;5;252
11;2025-11-18;6;1333
11;2025-11-18;7;2324
11;2025-11-18;8;3055
11;2025-11-18;9;2369
11;2025-11-18;10;1821
11;2025-11-18;11;1730
11;2025-11-18;12;1765
11;2025-11-18;13;1892
11;2025-11-18;14;1903
11;2025-11-18;15;1941
11;2025-11-18;16;2157
11;2025-11-18;17;2757
11;2025-11-18;18;2995
11;2025-11-18;19;2277
11;2025-11-18;20;1529
11;2025-11-18;21;898
11;2025-11-18;22;453
11;2025-11-18;23;241
11;2025-11-19;0;67
11;2025-11-19;1;0
11;2025-11-19;2;0
11;2025-11-19;3;0
11;2025-11-19;4;0
11;2025-11-19;5;258
11;2025-11-19;6;1267
11;2025-11-19;7;2278
11;2025-11-19;8;3020
11;2025-11-19;9;2252
11;2025-11-19;10;1816
11;2025-11-19;11;1839
11;2025-11-19;12;1852
11;2025-11-19;13;1952
11;2025-11-19;14;1903
11;2025-11-19;15;1949
11;2025-11-19;16;2049
11;2025-11-19;17;2720
11;2025-11-19;18;3025
11;2025-11-19;19;2255
11;2025-11-19;20;1528
11;2025-11-19;21;911
11;2025-11-19;22;469
11;2025-11-19;23;256
11;2025-11-20;0;73
11;2025-11-20;1;0
11;2025-11-20;2;0
11;2025-11-20;3;0
11;2025-11-20;4;0
11;2025-11-20;5;257
11;2025-11-20;6;1284
11;2025-11-20;7;2252
11;2025-11-20;8;2872
11;2025-11-20;9;2361
11;2025-11-20;10;1907
11;2025-11-20;11;1807
11;2025-11-20;12;1872
11;2025-11-20;13;1959
11;2025-11-20;14;1933
11;2025-11-20;15;1953
11;2025-11-20;16;2196
11;2025-11-20;17;2659
11;2025-11-20;18;3061
11;2025-11-20;19;2215
11;2025-11-20;20;1498
11;2025-11-20;21;922
11;2025-11-20;22;489
11;2025-11-20;23;267
11;2025-11-21;0;78
11;2025-11-21;1;0
11;2025-11-21;2;0
11;2025-11-21;3;0
11;2025-11-21;4;0
11;2025-11-21;5;253
11;2025-11-21;6;1289
11;2025-11-21;7;2187
11;2025-11-21;8;2851
11;2025-11-21;9;2260
11;2025-11-21;10;1848
11;2025-11-21;11;1755
11;2025-11-21;12;1876
11;2025-11-21;13;1862
11;2025-11-21;14;1968
11;2025-11-21;15;2160
11;2025-11-21;16;2343
11;2025-11-21;17;2791
11;2025-11-21;18;2424
11;2025-11-21;19;2015
11;2025-11-21;20;1446
11;2025-11-21;21;919
11;2025-11-21;22;493
11;2025-11-21;23;305
11;2025-11-22;0;102
11;2025-11-22;1;0
11;2025-11-22;2;0
11;2025-11-22;3;0
11;2025-11-22;4;0
11;2025-11-22;5;179
11;2025-11-22;6;798
11;2025-11-22;7;711
11;2025-11-22;8;979
11;2025-11-22;9;1108
11;2025-11-22;10;1257
11;2025-11-22;11;1604
11;2025-11-22;12;1784
11;2025-11-22;13;1707
11;2025-11-22;14;1755
11;2025-11-22;15;1690
11;2025-11-22;16;1727
11;2025-11-22;17;1750
11;2025-11-22;18;1516
11;2025-11-22;19;1464
11;2025-11-22;20;1138
11;2025-11-22;21;801
11;2025-11-22;22;464
11;2025-11-22;23;318
11;2025-11-23;0;111
11;2025-11-23;1;0
11;2025-11-23;2;0
11;2025-11-23;3;0
11;2025-11-23;4;0
11;2025-11-23;5;101
11;2025-11-23;6;524
11;2025-11-23;7;519
11;2025-11-23;8;677
11;2025-11-23;9;920
11;2025-11-23;10;1020
11;2025-11-23;11;1424
11;2025-11-23;12;1566
11;2025-11-23;13;1487
11;2025-11-23;14;1549
11;2025-11-23;15;1617
11;2025-11-23;16;1567
11;2025-11-23;17;1656
11;2025-11-23;18;1363
11;2025-11-23;19;1160
11;2025-11-23;20;962
11;2025-11-23;21;694
11;2025-11-23;22;407
11;2025-11-23;23;257
11;2025-11-24;0;80
11;2025-11-24;1;0
11;2025-11-24;2;0
11;2025-11-24;3;0
11;2025-11-24;4;0
11;2025-11-24;5;265
11;2025-11-24;6;1328
11;2025-11-24;7;2264
11;2025-11-24;8;2960
11;2025-11-24;9;2297
11;2025-11-24;10;1729
11;2025-11-24;11;1775
11;2025-11-24;12;1683
11;2025-11-24;13;1800
11;2025-11-24;14;1813
11;2025-11-24;15;1943
11;2025-11-24;16;2177
11;2025-11-24;17;2705
11;2025-11-24;18;3014
11;2025-11-24;19;2274
11;2025-11-24;20;1515
11;2025-11-24;21;872
11;2025-11-24;22;442
11;2025-11-24;23;227
11;2025-11-25;0;67
11;2025-11-25;1;0
11;2025-11-25;2;0
11;2025-11-25;3;0
11;2025-11-25;4;0
11;2025-11-25;5;252
11;2025-11-25;6;1333
11;2025-11-25;7;2336
11;2025-11-25;8;3071
11;2025-11-25;9;2382
11;2025-11-25;10;1831
11;2025-11-25;11;1730
11;2025-11-25;12;1774
11;2025-11-25;13;1902
11;2025-11-25;14;1912
11;2025-11-25;15;1941
11;2025-11-25;16;2157
11;2025-11-25;17;2761
11;2025-11-25;18;2995
11;2025-11-25;19;2277
11;2025-11-25;20;1529
11;2025-11-25;21;898
11;2025-11-25;22;453
11;2025-11-25;23;241
11;2025-11-26;0;67
11;2025-11-26;1;0
11;2025-11-26;2;0
11;2025-11-26;3;0
11;2025-11-26;4;0
11;2025-11-26;5;258
11;2025-11-26;6;1267
11;2025-11-26;7;2298
11;2025-11-26;8;3046
11;2025-11-26;9;2252
11;2025-11-26;10;1816
11;2025-11-26;11;1855
11;2025-11-26;12;1852
11;2025-11-26;13;1968
11;2025-11-26;14;1919
11;2025-11-26;15;1949
11;2025-11-26;16;2049
11;2025-11-26;17;2743
11;2025-11-26;18;3025
11;2025-11-26;19;2255
11;2025-11-26;20;1528
11;2025-11-26;21;911
11;2025-11-26;22;469
11;2025-11-26;23;256
11;2025-11-27;0;73
11;2025-11-27;1;0
11;2025-11-27;2;0
11;2025-11-27;3;0
11;2025-11-27;4;0
11;2025-11-27;5;257
11;2025-11-27;6;1284
11;2025-11-27;7;2266
11;2025-11-27;8;2890
11;2025-11-27;9;2362
11;2025-11-27;10;1919
11;2025-11-27;11;1807
11;2025-11-27;12;1883
11;2025-11-27;13;1959
11;2025-11-27;14;1933
11;2025-11-27;15;1953
11;2025-11-27;16;2196
11;2025-11-27;17;2659
11;2025-11-27;18;3078
11;2025-11-27;19;2215
11;2025-11-27;20;1498
11;2025-11-27;21;922
11;2025-11-27;22;489
11;2025-11-27;23;267
11;2025-11-28;0;78
11;2025-11-28;1;0
11;2025-11-28;2;0
11;2025-11-28;3;0
11;2025-11-28;4;0
11;2025-11-28;5;253
11;2025-11-28;6;1289
11;2025-11-28;7;2191
11;2025-11-28;8;2858
11;2025-11-28;9;2260
11;2025-11-28;10;1852
11;2025-11-28;11;1755
11;2025-11-28;12;1876
11;2025-11-28;13;1862
11;2025-11-28;14;1968
11;2025-11-28;15;2160
11;2025-11-28;16;2343
11;2025-11-28;17;2791
11;2025-11-28;18;2424
11;2025-11-28;19;2015
11;2025-11-28;20;1446
11;2025-11-28;21;919
11;2025-11-28;22;493
11;2025-11-28;23;305
11;2025-11-29;0;102
11;2025-11-29;1;0
11;2025-11-29;2;0
11;2025-11-29;3;0
11;2025-11-29;4;0
11;2025-11-29;5;179
11;2025-11-29;6;798
11;2025-11-29;7;711
11;2025-11-29;8;979
11;2025-11-29;9;1108
11;2025-11-29;10;1257
11;2025-11-29;11;1604
11;2025-11-29;12;1784
11;2025-11-29;13;1707
11;2025-11-29;14;1755
11;2025-11-29;15;1690
11;2025-11-29;16;1727
11;2025-11-29;17;1750
11;2025-11-29;18;1516
11;2025-11-29;19;1464
11;2025-11-29;20;1138
11;2025-11-29;21;801
11;2025-11-29;22;464
11;2025-11-29;23;318
11;2025-11-30;0;111
11;2025-11-30;1;0
11;2025-11-30;2;0
11;2025-11-30;3;0
11;2025-11-30;4;0
11;2025-11-30;5;101
11;2025-11-30;6;524
11;2025-11-30;7;519
11;2025-11-30;8;677
11;2025-11-30;9;925
11;2025-11-30;10;1020
11;2025-11-30;11;1424
11;2025-11-30;12;1574
11;2025-11-30;13;1495
11;2025-11-30;14;1558
11;2025-11-30;15;1626
11;2025-11-30;16;1576
11;2025-11-30;17;1665
11;2025-11-30;18;1363
11;2025-11-30;19;1160
11;2025-11-30;20;962
11;2025-11-30;21;694
11;2025-11-30;22;407
11;2025-11-30;23;257
11;2025-12-01;0;80
11;2025-12-01;1;0
11;2025-12-01;2;0
11;2025-12-01;3;0
11;2025-12-01;4;0
11;2025-12-01;5;265
11;2025-12-01;6;1328
11;2025-12-01;7;2277
11;2025-12-01;8;2960
11;2025-12-01;9;2297
11;2025-12-01;10;1729
11;2025-12-01;11;1775
11;2025-12-01;12;1683
11;2025-12-01;13;1800
11;2025-12-01;14;1822
11;2025-12-01;15;1955
11;2025-12-01;16;2177
11;2025-12-01;17;2705
11;2025-12-01;18;3014
11;2025-12-01;19;2274
11;2025-12-01;20;1515
11;2025-12-01;21;872
11;2025-12-01;22;442
11;2025-12-01;23;227
11;2025-12-02;0;67
11;2025-12-02;1;0
11;2025-12-02;2;0
11;2025-12-02;3;0
11;2025-12-02;4;0
11;2025-12-02;5;252
11;2025-12-02;6;1333
11;2025-12-02;7;2320
11;2025-12-02;8;3050
11;2025-12-02;9;2365
11;2025-12-02;10;1818
11;2025-12-02;11;1730
11;2025-12-02;12;1762
11;2025-12-02;13;1889
11;2025-12-02;14;1899
11;2025-12-02;15;1941
11;2025-12-02;16;2157
11;2025-12-02;17;2752
11;2025-12-02;18;2995
11;2025-12-02;19;2277
11;2025-12-02;20;1529
11;2025-12-02;21;898
11;2025-12-02;22;453
11;2025-12-02;23;241
11;2025-12-03;0;67
11;2025-12-03;1;0
11;2025-12-03;2;0
11;2025-12-03;3;0
11;2025-12-03;4;0
11;2025-12-03;5;258
11;2025-12-03;6;1267
11;2025-12-03;7;2280
11;2025-12-03;8;3024
11;2025-12-03;9;2252
11;2025-12-03;10;1816
11;2025-12-03;11;1841
11;2025-12-03;12;1852
11;2025-12-03;13;1954
11;2025-12-03;14;1905
11;2025-12-03;15;1949
11;2025-12-03;16;2049
11;2025-12-03;17;2723
11;2025-12-03;18;3025
11;2025-12-03;19;2255
11;2025-12-03;20;1528
11;2025-12-03;21;911
11;2025-12-03;22;469
11;2025-12-03;23;256
11;2025-12-04;0;73
11;2025-12-04;1;0
11;2025-12-04;2;0
11;2025-12-04;3;0
11;2025-12-04;4;0
11;2025-12-04;5;257
11;2025-12-04;6;1284
11;2025-12-04;7;2246
11;2025-12-04;8;2865
11;2025-12-04;9;2355
11;2025-12-04;10;1902
11;2025-12-04;11;1807
11;2025-12-04;12;1867
11;2025-12-04;13;1959
11;2025-12-04;14;1933
11;2025-12-04;15;1953
11;2025-12-04;16;2191
11;2025-12-04;17;2659
11;2025-12-04;18;3053
11;2025-12-04;19;2215
11;2025-12-04;20;1498
11;2025-12-04;21;922
11;2025-12-04;22;489
11;2025-12-04;23;267
11;2025-12-05;0;78
11;2025-12-05;1;0
11;2025-12-05;2;0
11;2025-12-05;3;0
11;2025-12-05;4;0
11;2025-12-05;5;253
11;2025-12-05;6;1289
11;2025-12-05;7;2172
11;2025-12-05;8;2832
11;2025-12-05;9;2260
11;2025-12-05;10;1835
11;2025-12-05;11;1755
11;2025-12-05;12;1872
11;2025-12-05;13;1862
11;2025-12-05;14;1968
11;2025-12-05;15;2160
11;2025-12-05;16;2343
11;2025-12-05;17;2791
11;2025-12-05;18;2424
11;2025-12-05;19;2015
11;2025-12-05;20;1446
11;2025-12-05;21;919
11;2025-12-05;22;493
11;2025-12-05;23;305
11;2025-12-06;0;102
11;2025-12-06;1;0
11;2025-12-06;2;0
11;2025-12-06;3;0
11;2025-12-06;4;0
11;2025-12-06;5;179
11;2025-12-06;6;798
11;2025-12-06;7;711
11;2025-12-06;8;979
11;2025-12-06;9;1108
11;2025-12-06;10;1257
11;2025-12-06;11;1604
11;2025-12-06;12;1784
11;2025-12-06;13;1707
11;2025-12-06;14;1752
11;2025-12-06;15;1690
11;2025-12-06;16;1727
11;2025-12-06;17;1750
11;2025-12-06;18;1516
11;2025-12-06;19;1464
11;2025-12-06;20;1138
11;2025-12-06;21;801
11;2025-12-06;22;464
11;2025-12-06;23;318
11;2025-12-07;0;111
11;2025-12-07;1;0
11;2025-12-07;2;0
11;2025-12-07;3;0
11;2025-12-07;4;0
11;2025-12-07;5;101
11;2025-12-07;6;524
11;2025-12-07;7;519
11;2025-12-07;8;677
11;2025-12-07;9;932
11;2025-12-07;10;1020
11;2025-12-07;11;1424
11;2025-12-07;12;1587
11;2025-12-07;13;1512
11;2025-12-07;14;1575
11;2025-12-07;15;1632
11;2025-12-07;16;1583
11;2025-12-07;17;1681
11;2025-12-07;18;1363
11;2025-12-07;19;1160
11;2025-12-07;20;962
11;2025-12-07;21;694
11;2025-12-07;22;407
11;2025-12-07;23;257
11;2025-12-08;0;80
11;2025-12-08;1;0
11;2025-12-08;2;0
11;2025-12-08;3;0
11;2025-12-08;4;0
11;2025-12-08;5;265
11;2025-12-08;6;1328
11;2025-12-08;7;2250
11;2025-12-08;8;2951
11;2025-12-08;9;2297
11;2025-12-08;10;1729
11;2025-12-08;11;1772
11;2025-12-08;12;1683
11;2025-12-08;13;1800
11;2025-12-08;14;1802
11;2025-12-08;15;1932
11;2025-12-08;16;2164
11;2025-12-08;17;2702
11;2025-12-08;18;3014
11;2025-12-08;19;2274
11;2025-12-08;20;1515
11;2025-12-08;21;872
11;2025-12-08;22;442
11;2025-12-08;23;227
11;2025-12-09;0;67
11;2025-12-09;1;0
11;2025-12-09;2;0
11;2025-12-09;3;0
11;2025-12-09;4;0
11;2025-12-09;5;252
11;2025-12-09;6;1333
11;2025-12-09;7;2327
11;2025-12-09;8;3059
11;2025-12-09;9;2373
11;2025-12-09;10;1824
11;2025-12-09;11;1730
11;2025-12-09;12;1768
11;2025-12-09;13;1895
11;2025-12-09;14;1905
11;2025-12-09;15;1941
11;2025-12-09;16;2157
11;2025-12-09;17;2760
11;2025-12-09;18;2995
11;2025-12-09;19;2277
11;2025-12-09;20;1529
11;2025-12-09;21;898
11;2025-12-09;22;453
11;2025-12-09;23;241
11;2025-12-10;0;67
11;2025-12-10;1;0
11;2025-12-10;2;0
11;2025-12-10;3;0
11;2025-12-10;4;0
11;2025-12-10;5;258
11;2025-12-10;6;1267
11;2025-12-10;7;2281
11;2025-12-10;8;3024
11;2025-12-10;9;2252
11;2025-12-10;10;1816
11;2025-12-10;11;1841
11;2025-12-10;12;1852
11;2025-12-10;13;1954
11;2025-12-10;14;1905
11;2025-12-10;15;1949
11;2025-12-10;16;2049
11;2025-12-10;17;2723
11;2025-12-10;18;3025
11;2025-12-10;19;2255
11;2025-12-10;20;1528
11;2025-12-10;21;911
11;2025-12-10;22;469
11;2025-12-10;23;256
11;2025-12-11;0;73
11;2025-12-11;1;0
11;2025-12-11;2;0
11;2025-12-11;3;0
11;2025-12-11;4;0
11;2025-12-11;5;257
11;2025-12-11;6;1284
11;2025-12-11;7;2244
11;2025-12-11;8;2862
11;2025-12-11;9;2352
11;2025-12-11;10;1901
11;2025-12-11;11;1807
11;2025-12-11;12;1865
11;2025-12-11;13;1959
11;2025-12-11;14;1933
11;2025-12-11;15;1953
11;2025-12-11;16;2189
11;2025-12-11;17;2659
11;2025-12-11;18;3050
11;2025-12-11;19;2215
11;2025-12-11;20;1498
11;2025-12-11;21;922
11;2025-12-11;22;489
11;2025-12-11;23;267
11;2025-12-12;0;78
11;2025-12-12;1;0
11;2025-12-12;2;0
11;2025-12-12;3;0
11;2025-12-12;4;0
11;2025-12-12;5;253
11;2025-12-12;6;1289
11;2025-12-12;7;2152
11;2025-12-12;8;2806
11;2025-12-12;9;2244
11;2025-12-12;10;1819
11;2025-12-12;11;1755
11;2025-12-12;12;1855
11;2025-12-12;13;1862
11;2025-12-12;14;1968
11;2025-12-12;15;2145
11;2025-12-12;16;2343
11;2025-12-12;17;2791
11;2025-12-12;18;2424
11;2025-12-12;19;2015
11;2025-12-12;20;1446
11;2025-12-12;21;919
11;2025-12-12;22;493
11;2025-12-12;23;305
11;2025-12-13;0;102
11;2025-12-13;1;0
11;2025-12-13;2;0
11;2025-12-13;3;0
11;2025-12-13;4;0
11;2025-12-13;5;179
11;2025-12-13;6;798
11;2025-12-13;7;711
11;2025-12-13;8;979
11;2025-12-13;9;1108
11;2025-12-13;10;1257
11;2025-12-13;11;1604
11;2025-12-13;12;1784
11;2025-12-13;13;1707
11;2025-12-13;14;1753
11;2025-12-13;15;1690
11;2025-12-13;16;1727
11;2025-12-13;17;1750
11;2025-12-13;18;1516
11;2025-12-13;19;1464
11;2025-12-13;20;1138
11;2025-12-13;21;801
11;2025-12-13;22;464
11;2025-12-13;23;318
11;2025-12-14;0;111
11;2025-12-14;1;0
11;2025-12-14;2;0
11;2025-12-14;3;0
11;2025-12-14;4;0
11;2025-12-14;5;101
11;2025-12-14;6;524
11;2025-12-14;7;519
11;2025-12-14;8;677
11;2025-12-14;9;932
11;2025-12-14;10;1020
11;2025-12-14;11;1424
11;2025-12-14;12;1586
11;2025-12-14;13;1507
11;2025-12-14;14;1570
11;2025-12-14;15;1632
11;2025-12-14;16;1583
11;2025-12-14;17;1678
11;2025-12-14;18;1363
11;2025-12-14;19;1160
11;2025-12-14;20;962
11;2025-12-14;21;694
11;2025-12-14;22;407
11;2025-12-14;23;257
11;2025-12-15;0;80
11;2025-12-15;1;0
11;2025-12-15;2;0
11;2025-12-15;3;0
11;2025-12-15;4;0
11;2025-12-15;5;265
11;2025-12-15;6;1328
11;2025-12-15;7;2219
11;2025-12-15;8;2910
11;2025-12-15;9;2268
11;2025-12-15;10;1714
11;2025-12-15;11;1747
11;2025-12-15;12;1680
11;2025-12-15;13;1788
11;2025-12-15;14;1776
11;2025-12-15;15;1904
11;2025-12-15;16;2134
11;2025-12-15;17;2664
11;2025-12-15;18;3014
11;2025-12-15;19;2274
11;2025-12-15;20;1515
11;2025-12-15;21;872
11;2025-12-15;22;442
11;2025-12-15;23;227
11;2025-12-16;0;67
11;2025-12-16;1;0
11;2025-12-16;2;0
11;2025-12-16;3;0
11;2025-12-16;4;0
11;2025-12-16;5;252
11;2025-12-16;6;1333
11;2025-12-16;7;2292
11;2025-12-16;8;3014
11;2025-12-16;9;2337
11;2025-12-16;10;1796
11;2025-12-16;11;1730
11;2025-12-16;12;1741
11;2025-12-16;13;1866
11;2025-12-16;14;1877
11;2025-12-16;15;1941
11;2025-12-16;16;2154
11;2025-12-16;17;2719
11;2025-12-16;18;2995
11;2025-12-16;19;2277
11;2025-12-16;20;1529
11;2025-12-16;21;898
11;2025-12-16;22;453
11;2025-12-16;23;241
11;2025-12-17;0;67
11;2025-12-17;1;0
11;2025-12-17;2;0
11;2025-12-17;3;0
11;2025-12-17;4;0
11;2025-12-17;5;258
11;2025-12-17;6;1267
11;2025-12-17;7;2248
11;2025-12-17;8;2981
11;2025-12-17;9;2252
11;2025-12-17;10;1792
11;2025-12-17;11;1815
11;2025-12-17;12;1838
11;2025-12-17;13;1926
11;2025-12-17;14;1878
11;2025-12-17;15;1943
11;2025-12-17;16;2049
11;2025-12-17;17;2684
11;2025-12-17;18;2995
11;2025-12-17;19;2255
11;2025-12-17;20;1528
11;2025-12-17;21;911
11;2025-12-17;22;469
11;2025-12-17;23;256
11;2025-12-18;0;73
11;2025-12-18;1;0
11;2025-12-18;2;0
11;2025-12-18;3;0
11;2025-12-18;4;0
11;2025-12-18;5;257
11;2025-12-18;6;1284
11;2025-12-18;7;2201
11;2025-12-18;8;2807
11;2025-12-18;9;2307
11;2025-12-18;10;1864
11;2025-12-18;11;1781
11;2025-12-18;12;1830
11;2025-12-18;13;1936
11;2025-12-18;14;1900
11;2025-12-18;15;1953
11;2025-12-18;16;2147
11;2025-12-18;17;2659
11;2025-12-18;18;2992
11;2025-12-18;19;2215
11;2025-12-18;20;1498
11;2025-12-18;21;922
11;2025-12-18;22;489
11;2025-12-18;23;267
11;2025-12-19;0;77
11;2025-12-19;1;0
11;2025-12-19;2;0
11;2025-12-19;3;0
11;2025-12-19;4;0
11;2025-12-19;5;250
11;2025-12-19;6;1252
11;2025-12-19;7;2056
11;2025-12-19;8;2681
11;2025-12-19;9;2143
11;2025-12-19;10;1737
11;2025-12-19;11;1734
11;2025-12-19;12;1772
11;2025-12-19;13;1822
11;2025-12-19;14;1898
11;2025-12-19;15;2049
11;2025-12-19;16;2269
11;2025-12-19;17;2671
11;2025-12-19;18;2394
11;2025-12-19;19;1994
11;2025-12-19;20;1431
11;2025-12-19;21;909
11;2025-12-19;22;488
11;2025-12-19;23;302
11;2025-12-20;0;101
11;2025-12-20;1;0
11;2025-12-20;2;0
11;2025-12-20;3;0
11;2025-12-20;4;0
11;2025-12-20;5;163
11;2025-12-20;6;788
11;2025-12-20;7;699
11;2025-12-20;8;946
11;2025-12-20;9;1102
11;2025-12-20;10;1198
11;2025-12-20;11;1566
11;2025-12-20;12;1729
11;2025-12-20;13;1640
11;2025-12-20;14;1666
11;2025-12-20;15;1668
11;2025-12-20;16;1696
11;2025-12-20;17;1723
11;2025-12-20;18;1486
11;2025-12-20;19;1441
11;2025-12-20;20;1031
11;2025-12-20;21;721
11;2025-12-20;22;447
11;2025-12-20;23;293
11;2025-12-21;0;106
11;2025-12-21;1;0
11;2025-12-21;2;0
11;2025-12-21;3;0
11;2025-12-21;4;0
11;2025-12-21;5;98
11;2025-12-21;6;521
11;2025-12-21;7;500
11;2025-12-21;8;673
11;2025-12-21;9;906
11;2025-12-21;10;1008
11;2025-12-21;11;1410
11;2025-12-21;12;1543
11;2025-12-21;13;1465
11;2025-12-21;14;1527
11;2025-12-21;15;1594
11;2025-12-21;16;1545
11;2025-12-21;17;1632
11;2025-12-21;18;1354
11;2025-12-21;19;1151
11;2025-12-21;20;895
11;2025-12-21;21;642
11;2025-12-21;22;378
11;2025-12-21;23;249
11;2025-12-22;0;77
11;2025-12-22;1;0
11;2025-12-22;2;0
11;2025-12-22;3;0
11;2025-12-22;4;0
11;2025-12-22;5;253
11;2025-12-22;6;1318
11;2025-12-22;7;2193
11;2025-12-22;8;2876
11;2025-12-22;9;2242
11;2025-12-22;10;1694
11;2025-12-22;11;1727
11;2025-12-22;12;1661
11;2025-12-22;13;1767
11;2025-12-22;14;1756
11;2025-12-22;15;1882
11;2025-12-22;16;2109
11;2025-12-22;17;2633
11;2025-12-22;18;2965
11;2025-12-22;19;2271
11;2025-12-22;20;1449
11;2025-12-22;21;834
11;2025-12-22;22;423
11;2025-12-22;23;217
11;2025-12-23;0;66
11;2025-12-23;1;0
11;2025-12-23;2;0
11;2025-12-23;3;0
11;2025-12-23;4;0
11;2025-12-23;5;248
11;2025-12-23;6;1332
11;2025-12-23;7;2269
11;2025-12-23;8;2983
11;2025-12-23;9;2313
11;2025-12-23;10;1778
11;2025-12-23;11;1719
11;2025-12-23;12;1723
11;2025-12-23;13;1847
11;2025-12-23;14;1857
11;2025-12-23;15;1921
11;2025-12-23;16;2132
11;2025-12-23;17;2691
11;2025-12-23;18;2970
11;2025-12-23;19;2264
11;2025-12-23;20;1501
11;2025-12-23;21;881
11;2025-12-23;22;445
11;2025-12-23;23;236
11;2025-12-24;0;61
11;2025-12-24;1;0
11;2025-12-24;2;0
11;2025-12-24;3;0
11;2025-12-24;4;0
11;2025-12-24;5;254
11;2025-12-24;6;1236
11;2025-12-24;7;2213
11;2025-12-24;8;2934
11;2025-12-24;9;2221
11;2025-12-24;10;1764
11;2025-12-24;11;1786
11;2025-12-24;12;1809
11;2025-12-24;13;1896
11;2025-12-24;14;1849
11;2025-12-24;15;1913
11;2025-12-24;16;2049
11;2025-12-24;17;2642
11;2025-12-24;18;2948
11;2025-12-24;19;2235
11;2025-12-24;20;1435
11;2025-12-24;21;836
11;2025-12-24;22;425
11;2025-12-24;23;232
11;2025-12-25;0;61
11;2025-12-25;1;0
11;2025-12-25;2;0
11;2025-12-25;3;0
11;2025-12-25;4;0
11;2025-12-25;5;229
11;2025-12-25;6;1279
11;2025-12-25;7;2149
11;2025-12-25;8;2740
11;2025-12-25;9;2252
11;2025-12-25;10;1820
11;2025-12-25;11;1738
11;2025-12-25;12;1786
11;2025-12-25;13;1890
11;2025-12-25;14;1855
11;2025-12-25;15;1914
11;2025-12-25;16;2096
11;2025-12-25;17;2597
11;2025-12-25;18;2920
11;2025-12-25;19;2205
11;2025-12-25;20;1441
11;2025-12-25;21;848
11;2025-12-25;22;436
11;2025-12-25;23;233
11;2025-12-26;0;66
11;2025-12-26;1;0
11;2025-12-26;2;0
11;2025-12-26;3;0
11;2025-12-26;4;0
11;2025-12-26;5;245
11;2025-12-26;6;1252
11;2025-12-26;7;2056
11;2025-12-26;8;2681
11;2025-12-26;9;2143
11;2025-12-26;10;1737
11;2025-12-26;11;1734
11;2025-12-26;12;1772
11;2025-12-26;13;1822
11;2025-12-26;14;1898
11;2025-12-26;15;2049
11;2025-12-26;16;2269
11;2025-12-26;17;2671
11;2025-12-26;18;2394
11;2025-12-26;19;1909
11;2025-12-26;20;1355
11;2025-12-26;21;838
11;2025-12-26;22;435
11;2025-12-26;23;295
11;2025-12-27;0;101
11;2025-12-27;1;0
11;2025-12-27;2;0
11;2025-12-27;3;0
11;2025-12-27;4;0
11;2025-12-27;5;163
11;2025-12-27;6;788
11;2025-12-27;7;699
11;2025-12-27;8;946
11;2025-12-27;9;1102
11;2025-12-27;10;1198
11;2025-12-27;11;1566
11;2025-12-27;12;1729
11;2025-12-27;13;1640
11;2025-12-27;14;1666
11;2025-12-27;15;1668
11;2025-12-27;16;1696
11;2025-12-27;17;1723
11;2025-12-27;18;1486
11;2025-12-27;19;1441
11;2025-12-27;20;1031
11;2025-12-27;21;721
11;2025-12-27;22;447
11;2025-12-27;23;293
11;2025-12-28;0;106
11;2025-12-28;1;0
11;2025-12-28;2;0
11;2025-12-28;3;0
11;2025-12-28;4;0
11;2025-12-28;5;98
11;2025-12-28;6;521
11;2025-12-28;7;500
11;2025-12-28;8;673
11;2025-12-28;9;906
11;2025-12-28;10;1008
11;2025-12-28;11;1410
11;2025-12-28;12;1543
11;2025-12-28;13;1465
11;2025-12-28;14;1527
11;2025-12-28;15;1594
11;2025-12-28;16;1545
11;2025-12-28;17;1632
11;2025-12-28;18;1354
11;2025-12-28;19;1151
11;2025-12-28;20;895
11;2025-12-28;21;642
11;2025-12-28;22;378
11;2025-12-28;23;249
11;2025-12-29;0;71
11;2025-12-29;1;0
11;2025-12-29;2;0
11;2025-12-29;3;0
11;2025-12-29;4;0
11;2025-12-29;5;247
11;2025-12-29;6;1318
11;2025-12-29;7;2193
11;2025-12-29;8;2876
11;2025-12-29;9;2242
11;2025-12-29;10;1694
11;2025-12-29;11;1727
11;2025-12-29;12;1661
11;2025-12-29;13;1767
11;2025-12-29;14;1756
11;2025-12-29;15;1882
11;2025-12-29;16;2109
11;2025-12-29;17;2633
11;2025-12-29;18;2965
11;2025-12-29;19;2271
11;2025-12-29;20;1359
11;2025-12-29;21;795
11;2025-12-29;22;387
11;2025-12-29;23;206
11;2025-12-30;0;60
11;2025-12-30;1;0
11;2025-12-30;2;0
11;2025-12-30;3;0
11;2025-12-30;4;0
11;2025-12-30;5;231
11;2025-12-30;6;1332
11;2025-12-30;7;2269
11;2025-12-30;8;2983
11;2025-12-30;9;2313
11;2025-12-30;10;1778
11;2025-12-30;11;1719
11;2025-12-30;12;1723
11;2025-12-30;13;1847
11;2025-12-30;14;1857
11;2025-12-30;15;1921
11;2025-12-30;16;2132
11;2025-12-30;17;2691
11;2025-12-30;18;2970
11;2025-12-30;19;2264
11;2025-12-30;20;1462
11;2025-12-30;21;816
11;2025-12-30;22;412
11;2025-12-30;23;207
11;2025-12-31;0;67
11;2025-12-31;1;0
11;2025-12-31;2;0
11;2025-12-31;3;0
11;2025-12-31;4;0
11;2025-12-31;5;160
11;2025-12-31;6;786
11;2025-12-31;7;1372
11;2025-12-31;8;1819
11;2025-12-31;9;1377
11;2025-12-31;10;1094
11;2025-12-31;11;1413
11;2025-12-31;12;1574
11;2025-12-31;13;1519
11;2025-12-31;14;1621
11;2025-12-31;15;1619
11;2025-12-31;16;1571
11;2025-12-31;17;1668
11;2025-12-31;18;1828
11;2025-12-31;19;1398
11;2025-12-31;20;947
11;2025-12-31;21;637
11;2025-12-31;22;375
11;2025-12-31;23;247
12;2025-11-01;0;83
12;2025-11-01;1;0
12;2025-11-01;2;0
12;2025-11-01;3;0
12;2025-11-01;4;0
12;2025-11-01;5;224
12;2025-11-01;6;875
12;2025-11-01;7;917
12;2025-11-01;8;988
12;2025-11-01;9;1144
12;2025-11-01;10;1365
12;2025-11-01;11;1454
12;2025-11-01;12;1419
12;2025-11-01;13;1660
12;2025-11-01;14;1559
12;2025-11-01;15;1450
12;2025-11-01;16;1516
12;2025-11-01;17;1468
12;2025-11-01;18;1429
12;2025-11-01;19;1441
12;2025-11-01;20;1027
12;2025-11-01;21;732
12;2025-11-01;22;451
12;2025-11-01;23;289
12;2025-11-02;0;89
12;2025-11-02;1;0
12;2025-11-02;2;0
12;2025-11-02;3;0
12;2025-11-02;4;0
12;2025-11-02;5;141
12;2025-11-02;6;559
12;2025-11-02;7;651
12;2025-11-02;8;748
12;2025-11-02;9;932
12;2025-11-02;10;1142
12;2025-11-02;11;1269
12;2025-11-02;12;1321
12;2025-11-02;13;1520
12;2025-11-02;14;1468
12;2025-11-02;15;1346
12;2025-11-02;16;1458
12;2025-11-02;17;1531
12;2025-11-02;18;1296
12;2025-11-02;19;1046
12;2025-11-02;20;809
12;2025-11-02;21;620
12;2025-11-02;22;413
12;2025-11-02;23;226
12;2025-11-03;0;72
12;2025-11-03;1;0
12;2025-11-03;2;0
12;2025-11-03;3;0
12;2025-11-03;4;0
12;2025-11-03;5;264
12;2025-11-03;6;1377
12;2025-11-03;7;2495
12;2025-11-03;8;3250
12;2025-11-03;9;2304
12;2025-11-03;10;1886
12;2025-11-03;11;1819
12;2025-11-03;12;1900
12;2025-11-03;13;1836
12;2025-11-03;14;1774
12;2025-11-03;15;2042
12;2025-11-03;16;2470
12;2025-11-03;17;2781
12;2025-11-03;18;3018
12;2025-11-03;19;2417
12;2025-11-03;20;1549
12;2025-11-03;21;924
12;2025-11-03;22;484
12;2025-11-03;23;244
12;2025-11-04;0;52
12;2025-11-04;1;0
12;2025-11-04;2;0
12;2025-11-04;3;0
12;2025-11-04;4;0
12;2025-11-04;5;273
12;2025-11-04;6;1429
12;2025-11-04;7;2605
12;2025-11-04;8;3425
12;2025-11-04;9;2402
12;2025-11-04;10;1994
12;2025-11-04;11;1921
12;2025-11-04;12;1926
12;2025-11-04;13;1927
12;2025-11-04;14;1895
12;2025-11-04;15;2082
12;2025-11-04;16;2581
12;2025-11-04;17;2903
12;2025-11-04;18;3091
12;2025-11-04;19;2514
12;2025-11-04;20;1552
12;2025-11-04;21;953
12;2025-11-04;22;520
12;2025-11-04;23;251
12;2025-11-05;0;60
12;2025-11-05;1;0
12;2025-11-05;2;0
12;2025-11-05;3;0
12;2025-11-05;4;0
12;2025-11-05;5;262
12;2025-11-05;6;1458
12;2025-11-05;7;2600
12;2025-11-05;8;3327
12;2025-11-05;9;2460
12;2025-11-05;10;2056
12;2025-11-05;11;1951
12;2025-11-05;12;2007
12;2025-11-05;13;1990
12;2025-11-05;14;1960
12;2025-11-05;15;2193
12;2025-11-05;16;2652
12;2025-11-05;17;2943
12;2025-11-05;18;3143
12;2025-11-05;19;2519
12;2025-11-05;20;1547
12;2025-11-05;21;1021
12;2025-11-05;22;531
12;2025-11-05;23;269
12;2025-11-06;0;55
12;2025-11-06;1;0
12;2025-11-06;2;0
12;2025-11-06;3;0
12;2025-11-06;4;0
12;2025-11-06;5;256
12;2025-11-06;6;1405
12;2025-11-06;7;2561
12;2025-11-06;8;3290
12;2025-11-06;9;2344
12;2025-11-06;10;1981
12;2025-11-06;11;1952
12;2025-11-06;12;2009
12;2025-11-06;13;1981
12;2025-11-06;14;1941
12;2025-11-06;15;2145
12;2025-11-06;16;2625
12;2025-11-06;17;2923
12;2025-11-06;18;3128
12;2025-11-06;19;2519
12;2025-11-06;20;1612
12;2025-11-06;21;955
12;2025-11-06;22;531
12;2025-11-06;23;273
12;2025-11-07;0;62
12;2025-11-07;1;0
12;2025-11-07;2;0
12;2025-11-07;3;0
12;2025-11-07;4;0
12;2025-11-07;5;253
12;2025-11-07;6;1386
12;2025-11-07;7;2490
12;2025-11-07;8;3194
12;2025-11-07;9;2282
12;2025-11-07;10;1916
12;2025-11-07;11;1935
12;2025-11-07;12;1947
12;2025-11-07;13;1959
12;2025-11-07;14;1998
12;2025-11-07;15;2311
12;2025-11-07;16;2855
12;2025-11-07;17;2862
12;2025-11-07;18;2537
12;2025-11-07;19;2226
12;2025-11-07;20;1444
12;2025-11-07;21;1015
12;2025-11-07;22;548
12;2025-11-07;23;312
12;2025-11-08;0;83
12;2025-11-08;1;0
12;2025-11-08;2;0
12;2025-11-08;3;0
12;2025-11-08;4;0
12;2025-11-08;5;215
12;2025-11-08;6;861
12;2025-11-08;7;902
12;2025-11-08;8;972
12;2025-11-08;9;1126
12;2025-11-08;10;1343
12;2025-11-08;11;1431
12;2025-11-08;12;1396
12;2025-11-08;13;1633
12;2025-11-08;14;1534
12;2025-11-08;15;1426
12;2025-11-08;16;1491
12;2025-11-08;17;1444
12;2025-11-08;18;1406
12;2025-11-08;19;1403
12;2025-11-08;20;986
12;2025-11-08;21;720
12;2025-11-08;22;433
12;2025-11-08;23;285
12;2025-11-09;0;89
12;2025-11-09;1;0
12;2025-11-09;2;0
12;2025-11-09;3;0
12;2025-11-09;4;0
12;2025-11-09;5;141
12;2025-11-09;6;554
12;2025-11-09;7;645
12;2025-11-09;8;740
12;2025-11-09;9;923
12;2025-11-09;10;1131
12;2025-11-09;11;1257
12;2025-11-09;12;1308
12;2025-11-09;13;1505
12;2025-11-09;14;1454
12;2025-11-09;15;1333
12;2025-11-09;16;1444
12;2025-11-09;17;1517
12;2025-11-09;18;1283
12;2025-11-09;19;1036
12;2025-11-09;20;801
12;2025-11-09;21;620
12;2025-11-09;22;411
12;2025-11-09;23;226
12;2025-11-10;0;70
12;2025-11-10;1;0
12;2025-11-10;2;0
12;2025-11-10;3;0
12;2025-11-10;4;0
12;2025-11-10;5;264
12;2025-11-10;6;1395
12;2025-11-10;7;2527
12;2025-11-10;8;3292
12;2025-11-10;9;2334
12;2025-11-10;10;1911
12;2025-11-10;11;1843
12;2025-11-10;12;1925
12;2025-11-10;13;1860
12;2025-11-10;14;1797
12;2025-11-10;15;2069
12;2025-11-10;16;2502
12;2025-11-10;17;2817
12;2025-11-10;18;3057
12;2025-11-10;19;2448
12;2025-11-10;20;1569
12;2025-11-10;21;936
12;2025-11-10;22;484
12;2025-11-10;23;244
12;2025-11-11;0;51
12;2025-11-11;1;0
12;2025-11-11;2;0
12;2025-11-11;3;0
12;2025-11-11;4;0
12;2025-11-11;5;273
12;2025-11-11;6;1465
12;2025-11-11;7;2674
12;2025-11-11;8;3515
12;2025-11-11;9;2465
12;2025-11-11;10;2041
12;2025-11-11;11;1972
12;2025-11-11;12;1976
12;2025-11-11;13;1977
12;2025-11-11;14;1945
12;2025-11-11;15;2136
12;2025-11-11;16;2649
12;2025-11-11;17;2980
12;2025-11-11;18;3172
12;2025-11-11;19;2514
12;2025-11-11;20;1552
12;2025-11-11;21;953
12;2025-11-11;22;520
12;2025-11-11;23;251
12;2025-11-12;0;60
12;2025-11-12;1;0
12;2025-11-12;2;0
12;2025-11-12;3;0
12;2025-11-12;4;0
12;2025-11-12;5;262
12;2025-11-12;6;1468
12;2025-11-12;7;2618
12;2025-11-12;8;3350
12;2025-11-12;9;2478
12;2025-11-12;10;2071
12;2025-11-12;11;1951
12;2025-11-12;12;2021
12;2025-11-12;13;2004
12;2025-11-12;14;1974
12;2025-11-12;15;2201
12;2025-11-12;16;2671
12;2025-11-12;17;2963
12;2025-11-12;18;3165
12;2025-11-12;19;2537
12;2025-11-12;20;1547
12;2025-11-12;21;1021
12;2025-11-12;22;531
12;2025-11-12;23;269
12;2025-11-13;0;55
12;2025-11-13;1;0
12;2025-11-13;2;0
12;2025-11-13;3;0
12;2025-11-13;4;0
12;2025-11-13;5;256
12;2025-11-13;6;1413
12;2025-11-13;7;2575
12;2025-11-13;8;3308
12;2025-11-13;9;2357
12;2025-11-13;10;1991
12;2025-11-13;11;1963
12;2025-11-13;12;2020
12;2025-11-13;13;1992
12;2025-11-13;14;1951
12;2025-11-13;15;2157
12;2025-11-13;16;2639
12;2025-11-13;17;2939
12;2025-11-13;18;3145
12;2025-11-13;19;2533
12;2025-11-13;20;1612
12;2025-11-13;21;955
12;2025-11-13;22;531
12;2025-11-13;23;273
12;2025-11-14;0;62
12;2025-11-14;1;0
12;2025-11-14;2;0
12;2025-11-14;3;0
12;2025-11-14;4;0
12;2025-11-14;5;253
12;2025-11-14;6;1393
12;2025-11-14;7;2502
12;2025-11-14;8;3209
12;2025-11-14;9;2293
12;2025-11-14;10;1925
12;2025-11-14;11;1935
12;2025-11-14;12;1956
12;2025-11-14;13;1968
12;2025-11-14;14;2007
12;2025-11-14;15;2322
12;2025-11-14;16;2868
12;2025-11-14;17;2875
12;2025-11-14;18;2548
12;2025-11-14;19;2236
12;2025-11-14;20;1444
12;2025-11-14;21;1015
12;2025-11-14;22;548
12;2025-11-14;23;312
12;2025-11-15;0;83
12;2025-11-15;1;0
12;2025-11-15;2;0
12;2025-11-15;3;0
12;2025-11-15;4;0
12;2025-11-15;5;215
12;2025-11-15;6;868
12;2025-11-15;7;909
12;2025-11-15;8;980
12;2025-11-15;9;1135
12;2025-11-15;10;1354
12;2025-11-15;11;1443
12;2025-11-15;12;1407
12;2025-11-15;13;1647
12;2025-11-15;14;1546
12;2025-11-15;15;1438
12;2025-11-15;16;1504
12;2025-11-15;17;1456
12;2025-11-15;18;1418
12;2025-11-15;19;1403
12;2025-11-15;20;986
12;2025-11-15;21;726
12;2025-11-15;22;433
12;2025-11-15;23;287
12;2025-11-16;0;89
12;2025-11-16;1;0
12;2025-11-16;2;0
12;2025-11-16;3;0
12;2025-11-16;4;0
12;2025-11-16;5;141
12;2025-11-16;6;556
12;2025-11-16;7;647
12;2025-11-16;8;743
12;2025-11-16;9;926
12;2025-11-16;10;1135
12;2025-11-16;11;1261
12;2025-11-16;12;1312
12;2025-11-16;13;1510
12;2025-11-16;14;1459
12;2025-11-16;15;1337
12;2025-11-16;16;1448
12;2025-11-16;17;1522
12;2025-11-16;18;1287
12;2025-11-16;19;1039
12;2025-11-16;20;804
12;2025-11-16;21;620
12;2025-11-16;22;412
12;2025-11-16;23;226
12;2025-11-17;0;70
12;2025-11-17;1;0
12;2025-11-17;2;0
12;2025-11-17;3;0
12;2025-11-17;4;0
12;2025-11-17;5;264
12;2025-11-17;6;1420
12;2025-11-17;7;2607
12;2025-11-17;8;3397
12;2025-11-17;9;2408
12;2025-11-17;10;1914
12;2025-11-17;11;1862
12;2025-11-17;12;1986
12;2025-11-17;13;1906
12;2025-11-17;14;1854
12;2025-11-17;15;2134
12;2025-11-17;16;2581
12;2025-11-17;17;2906
12;2025-11-17;18;3154
12;2025-11-17;19;2510
12;2025-11-17;20;1611
12;2025-11-17;21;952
12;2025-11-17;22;484
12;2025-11-17;23;244
12;2025-11-18;0;51
12;2025-11-18;1;0
12;2025-11-18;2;0
12;2025-11-18;3;0
12;2025-11-18;4;0
12;2025-11-18;5;273
12;2025-11-18;6;1465
12;2025-11-18;7;2717
12;2025-11-18;8;3571
12;2025-11-18;9;2505
12;2025-11-18;10;2041
12;2025-11-18;11;2004
12;2025-11-18;12;2008
12;2025-11-18;13;2009
12;2025-11-18;14;1970
12;2025-11-18;15;2171
12;2025-11-18;16;2668
12;2025-11-18;17;3028
12;2025-11-18;18;3223
12;2025-11-18;19;2514
12;2025-11-18;20;1552
12;2025-11-18;21;953
12;2025-11-18;22;520
12;2025-11-18;23;251
12;2025-11-19;0;60
12;2025-11-19;1;0
12;2025-11-19;2;0
12;2025-11-19;3;0
12;2025-11-19;4;0
12;2025-11-19;5;262
12;2025-11-19;6;1480
12;2025-11-19;7;2640
12;2025-11-19;8;3378
12;2025-11-19;9;2498
12;2025-11-19;10;2088
12;2025-11-19;11;1951
12;2025-11-19;12;2038
12;2025-11-19;13;2008
12;2025-11-19;14;1986
12;2025-11-19;15;2201
12;2025-11-19;16;2686
12;2025-11-19;17;2988
12;2025-11-19;18;3192
12;2025-11-19;19;2558
12;2025-11-19;20;1547
12;2025-11-19;21;1021
12;2025-11-19;22;531
12;2025-11-19;23;269
12;2025-11-20;0;55
12;2025-11-20;1;0
12;2025-11-20;2;0
12;2025-11-20;3;0
12;2025-11-20;4;0
12;2025-11-20;5;256
12;2025-11-20;6;1432
12;2025-11-20;7;2610
12;2025-11-20;8;3353
12;2025-11-20;9;2388
12;2025-11-20;10;2018
12;2025-11-20;11;1989
12;2025-11-20;12;2028
12;2025-11-20;13;2018
12;2025-11-20;14;1978
12;2025-11-20;15;2186
12;2025-11-20;16;2675
12;2025-11-20;17;2979
12;2025-11-20;18;3187
12;2025-11-20;19;2543
12;2025-11-20;20;1612
12;2025-11-20;21;955
12;2025-11-20;22;531
12;2025-11-20;23;273
12;2025-11-21;0;62
12;2025-11-21;1;0
12;2025-11-21;2;0
12;2025-11-21;3;0
12;2025-11-21;4;0
12;2025-11-21;5;253
12;2025-11-21;6;1417
12;2025-11-21;7;2546
12;2025-11-21;8;3266
12;2025-11-21;9;2333
12;2025-11-21;10;1932
12;2025-11-21;11;1935
12;2025-11-21;12;1990
12;2025-11-21;13;2003
12;2025-11-21;14;2042
12;2025-11-21;15;2363
12;2025-11-21;16;2919
12;2025-11-21;17;2926
12;2025-11-21;18;2593
12;2025-11-21;19;2273
12;2025-11-21;20;1444
12;2025-11-21;21;1015
12;2025-11-21;22;548
12;2025-11-21;23;312
12;2025-11-22;0;83
12;2025-11-22;1;0
12;2025-11-22;2;0
12;2025-11-22;3;0
12;2025-11-22;4;0
12;2025-11-22;5;215
12;2025-11-22;6;884
12;2025-11-22;7;916
12;2025-11-22;8;1008
12;2025-11-22;9;1168
12;2025-11-22;10;1394
12;2025-11-22;11;1470
12;2025-11-22;12;1448
12;2025-11-22;13;1681
12;2025-11-22;14;1588
12;2025-11-22;15;1480
12;2025-11-22;16;1548
12;2025-11-22;17;1499
12;2025-11-22;18;1459
12;2025-11-22;19;1403
12;2025-11-22;20;986
12;2025-11-22;21;748
12;2025-11-22;22;433
12;2025-11-22;23;290
12;2025-11-23;0;89
12;2025-11-23;1;0
12;2025-11-23;2;0
12;2025-11-23;3;0
12;2025-11-23;4;0
12;2025-11-23;5;141
12;2025-11-23;6;559
12;2025-11-23;7;658
12;2025-11-23;8;750
12;2025-11-23;9;942
12;2025-11-23;10;1154
12;2025-11-23;11;1283
12;2025-11-23;12;1335
12;2025-11-23;13;1536
12;2025-11-23;14;1483
12;2025-11-23;15;1360
12;2025-11-23;16;1473
12;2025-11-23;17;1531
12;2025-11-23;18;1309
12;2025-11-23;19;1057
12;2025-11-23;20;817
12;2025-11-23;21;620
12;2025-11-23;22;413
12;2025-11-23;23;226
12;2025-11-24;0;70
12;2025-11-24;1;0
12;2025-11-24;2;0
12;2025-11-24;3;0
12;2025-11-24;4;0
12;2025-11-24;5;264
12;2025-11-24;6;1420
12;2025-11-24;7;2578
12;2025-11-24;8;3359
12;2025-11-24;9;2381
12;2025-11-24;10;1914
12;2025-11-24;11;1862
12;2025-11-24;12;1964
12;2025-11-24;13;1898
12;2025-11-24;14;1833
12;2025-11-24;15;2111
12;2025-11-24;16;2553
12;2025-11-24;17;2874
12;2025-11-24;18;3119
12;2025-11-24;19;2498
12;2025-11-24;20;1601
12;2025-11-24;21;952
12;2025-11-24;22;484
12;2025-11-24;23;244
12;2025-11-25;0;51
12;2025-11-25;1;0
12;2025-11-25;2;0
12;2025-11-25;3;0
12;2025-11-25;4;0
12;2025-11-25;5;273
12;2025-11-25;6;1465
12;2025-11-25;7;2708
12;2025-11-25;8;3559
12;2025-11-25;9;2497
12;2025-11-25;10;2041
12;2025-11-25;11;1997
12;2025-11-25;12;2001
12;2025-11-25;13;2002
12;2025-11-25;14;1969
12;2025-11-25;15;2164
12;2025-11-25;16;2668
12;2025-11-25;17;3018
12;2025-11-25;18;3212
12;2025-11-25;19;2514
12;2025-11-25;20;1552
12;2025-11-25;21;953
12;2025-11-25;22;520
12;2025-11-25;23;251
12;2025-11-26;0;60
12;2025-11-26;1;0
12;2025-11-26;2;0
12;2025-11-26;3;0
12;2025-11-26;4;0
12;2025-11-26;5;262
12;2025-11-26;6;1486
12;2025-11-26;7;2658
12;2025-11-26;8;3400
12;2025-11-26;9;2515
12;2025-11-26;10;2102
12;2025-11-26;11;1951
12;2025-11-26;12;2050
12;2025-11-26;13;2008
12;2025-11-26;14;1986
12;2025-11-26;15;2201
12;2025-11-26;16;2686
12;2025-11-26;17;3007
12;2025-11-26;18;3199
12;2025-11-26;19;2560
12;2025-11-26;20;1547
12;2025-11-26;21;1021
12;2025-11-26;22;531
12;2025-11-26;23;269
12;2025-11-27;0;55
12;2025-11-27;1;0
12;2025-11-27;2;0
12;2025-11-27;3;0
12;2025-11-27;4;0
12;2025-11-27;5;256
12;2025-11-27;6;1424
12;2025-11-27;7;2596
12;2025-11-27;8;3334
12;2025-11-27;9;2375
12;2025-11-27;10;2007
12;2025-11-27;11;1979
12;2025-11-27;12;2028
12;2025-11-27;13;2007
12;2025-11-27;14;1967
12;2025-11-27;15;2174
12;2025-11-27;16;2660
12;2025-11-27;17;2962
12;2025-11-27;18;3169
12;2025-11-27;19;2543
12;2025-11-27;20;1612
12;2025-11-27;21;955
12;2025-11-27;22;531
12;2025-11-27;23;273
12;2025-11-28;0;62
12;2025-11-28;1;0
12;2025-11-28;2;0
12;2025-11-28;3;0
12;2025-11-28;4;0
12;2025-11-28;5;253
12;2025-11-28;6;1390
12;2025-11-28;7;2497
12;2025-11-28;8;3203
12;2025-11-28;9;2289
12;2025-11-28;10;1922
12;2025-11-28;11;1935
12;2025-11-28;12;1952
12;2025-11-28;13;1965
12;2025-11-28;14;2003
12;2025-11-28;15;2318
12;2025-11-28;16;2863
12;2025-11-28;17;2870
12;2025-11-28;18;2544
12;2025-11-28;19;2232
12;2025-11-28;20;1444
12;2025-11-28;21;1015
12;2025-11-28;22;548
12;2025-11-28;23;312
12;2025-11-29;0;83
12;2025-11-29;1;0
12;2025-11-29;2;0
12;2025-11-29;3;0
12;2025-11-29;4;0
12;2025-11-29;5;215
12;2025-11-29;6;884
12;2025-11-29;7;916
12;2025-11-29;8;1006
12;2025-11-29;9;1166
12;2025-11-29;10;1391
12;2025-11-29;11;1470
12;2025-11-29;12;1446
12;2025-11-29;13;1681
12;2025-11-29;14;1588
12;2025-11-29;15;1478
12;2025-11-29;16;1545
12;2025-11-29;17;1496
12;2025-11-29;18;1457
12;2025-11-29;19;1403
12;2025-11-29;20;986
12;2025-11-29;21;746
12;2025-11-29;22;433
12;2025-11-29;23;290
12;2025-11-30;0;89
12;2025-11-30;1;0
12;2025-11-30;2;0
12;2025-11-30;3;0
12;2025-11-30;4;0
12;2025-11-30;5;141
12;2025-11-30;6;556
12;2025-11-30;7;647
12;2025-11-30;8;743
12;2025-11-30;9;926
12;2025-11-30;10;1135
12;2025-11-30;11;1261
12;2025-11-30;12;1312
12;2025-11-30;13;1510
12;2025-11-30;14;1459
12;2025-11-30;15;1337
12;2025-11-30;16;1448
12;2025-11-30;17;1522
12;2025-11-30;18;1287
12;2025-11-30;19;1040
12;2025-11-30;20;804
12;2025-11-30;21;620
12;2025-11-30;22;412
12;2025-11-30;23;226
12;2025-12-01;0;70
12;2025-12-01;1;0
12;2025-12-01;2;0
12;2025-12-01;3;0
12;2025-12-01;4;0
12;2025-12-01;5;262
12;2025-12-01;6;1377
12;2025-12-01;7;2495
12;2025-12-01;8;3250
12;2025-12-01;9;2304
12;2025-12-01;10;1886
12;2025-12-01;11;1819
12;2025-12-01;12;1900
12;2025-12-01;13;1836
12;2025-12-01;14;1774
12;2025-12-01;15;2042
12;2025-12-01;16;2470
12;2025-12-01;17;2781
12;2025-12-01;18;3018
12;2025-12-01;19;2417
12;2025-12-01;20;1549
12;2025-12-01;21;924
12;2025-12-01;22;481
12;2025-12-01;23;242
12;2025-12-02;0;51
12;2025-12-02;1;0
12;2025-12-02;2;0
12;2025-12-02;3;0
12;2025-12-02;4;0
12;2025-12-02;5;273
12;2025-12-02;6;1461
12;2025-12-02;7;2663
12;2025-12-02;8;3501
12;2025-12-02;9;2456
12;2025-12-02;10;2039
12;2025-12-02;11;1964
12;2025-12-02;12;1969
12;2025-12-02;13;1970
12;2025-12-02;14;1937
12;2025-12-02;15;2128
12;2025-12-02;16;2639
12;2025-12-02;17;2968
12;2025-12-02;18;3160
12;2025-12-02;19;2514
12;2025-12-02;20;1552
12;2025-12-02;21;953
12;2025-12-02;22;520
12;2025-12-02;23;251
12;2025-12-03;0;60
12;2025-12-03;1;0
12;2025-12-03;2;0
12;2025-12-03;3;0
12;2025-12-03;4;0
12;2025-12-03;5;262
12;2025-12-03;6;1442
12;2025-12-03;7;2571
12;2025-12-03;8;3290
12;2025-12-03;9;2433
12;2025-12-03;10;2033
12;2025-12-03;11;1951
12;2025-12-03;12;1984
12;2025-12-03;13;1968
12;2025-12-03;14;1939
12;2025-12-03;15;2169
12;2025-12-03;16;2623
12;2025-12-03;17;2910
12;2025-12-03;18;3108
12;2025-12-03;19;2491
12;2025-12-03;20;1547
12;2025-12-03;21;1014
12;2025-12-03;22;531
12;2025-12-03;23;269
12;2025-12-04;0;55
12;2025-12-04;1;0
12;2025-12-04;2;0
12;2025-12-04;3;0
12;2025-12-04;4;0
12;2025-12-04;5;256
12;2025-12-04;6;1400
12;2025-12-04;7;2551
12;2025-12-04;8;3277
12;2025-12-04;9;2334
12;2025-12-04;10;1972
12;2025-12-04;11;1944
12;2025-12-04;12;2001
12;2025-12-04;13;1973
12;2025-12-04;14;1933
12;2025-12-04;15;2137
12;2025-12-04;16;2614
12;2025-12-04;17;2911
12;2025-12-04;18;3115
12;2025-12-04;19;2509
12;2025-12-04;20;1612
12;2025-12-04;21;955
12;2025-12-04;22;531
12;2025-12-04;23;273
12;2025-12-05;0;62
12;2025-12-05;1;0
12;2025-12-05;2;0
12;2025-12-05;3;0
12;2025-12-05;4;0
12;2025-12-05;5;253
12;2025-12-05;6;1384
12;2025-12-05;7;2487
12;2025-12-05;8;3190
12;2025-12-05;9;2279
12;2025-12-05;10;1914
12;2025-12-05;11;1935
12;2025-12-05;12;1944
12;2025-12-05;13;1957
12;2025-12-05;14;1995
12;2025-12-05;15;2308
12;2025-12-05;16;2851
12;2025-12-05;17;2858
12;2025-12-05;18;2533
12;2025-12-05;19;2223
12;2025-12-05;20;1444
12;2025-12-05;21;1015
12;2025-12-05;22;548
12;2025-12-05;23;312
12;2025-12-06;0;83
12;2025-12-06;1;0
12;2025-12-06;2;0
12;2025-12-06;3;0
12;2025-12-06;4;0
12;2025-12-06;5;215
12;2025-12-06;6;871
12;2025-12-06;7;913
12;2025-12-06;8;983
12;2025-12-06;9;1139
12;2025-12-06;10;1359
12;2025-12-06;11;1448
12;2025-12-06;12;1412
12;2025-12-06;13;1653
12;2025-12-06;14;1552
12;2025-12-06;15;1443
12;2025-12-06;16;1509
12;2025-12-06;17;1461
12;2025-12-06;18;1423
12;2025-12-06;19;1403
12;2025-12-06;20;986
12;2025-12-06;21;729
12;2025-12-06;22;433
12;2025-12-06;23;288
12;2025-12-07;0;89
12;2025-12-07;1;0
12;2025-12-07;2;0
12;2025-12-07;3;0
12;2025-12-07;4;0
12;2025-12-07;5;141
12;2025-12-07;6;556
12;2025-12-07;7;647
12;2025-12-07;8;742
12;2025-12-07;9;926
12;2025-12-07;10;1135
12;2025-12-07;11;1261
12;2025-12-07;12;1312
12;2025-12-07;13;1510
12;2025-12-07;14;1458
12;2025-12-07;15;1337
12;2025-12-07;16;1448
12;2025-12-07;17;1522
12;2025-12-07;18;1287
12;2025-12-07;19;1039
12;2025-12-07;20;804
12;2025-12-07;21;620
12;2025-12-07;22;412
12;2025-12-07;23;226
12;2025-12-08;0;70
12;2025-12-08;1;0
12;2025-12-08;2;0
12;2025-12-08;3;0
12;2025-12-08;4;0
12;2025-12-08;5;264
12;2025-12-08;6;1389
12;2025-12-08;7;2516
12;2025-12-08;8;3279
12;2025-12-08;9;2324
12;2025-12-08;10;1903
12;2025-12-08;11;1835
12;2025-12-08;12;1917
12;2025-12-08;13;1852
12;2025-12-08;14;1789
12;2025-12-08;15;2060
12;2025-12-08;16;2492
12;2025-12-08;17;2805
12;2025-12-08;18;3045
12;2025-12-08;19;2438
12;2025-12-08;20;1563
12;2025-12-08;21;932
12;2025-12-08;22;484
12;2025-12-08;23;244
12;2025-12-09;0;51
12;2025-12-09;1;0
12;2025-12-09;2;0
12;2025-12-09;3;0
12;2025-12-09;4;0
12;2025-12-09;5;273
12;2025-12-09;6;1431
12;2025-12-09;7;2607
12;2025-12-09;8;3427
12;2025-12-09;9;2404
12;2025-12-09;10;1996
12;2025-12-09;11;1923
12;2025-12-09;12;1927
12;2025-12-09;13;1928
12;2025-12-09;14;1896
12;2025-12-09;15;2083
12;2025-12-09;16;2583
12;2025-12-09;17;2906
12;2025-12-09;18;3093
12;2025-12-09;19;2514
12;2025-12-09;20;1552
12;2025-12-09;21;953
12;2025-12-09;22;520
12;2025-12-09;23;251
12;2025-12-10;0;60
12;2025-12-10;1;0
12;2025-12-10;2;0
12;2025-12-10;3;0
12;2025-12-10;4;0
12;2025-12-10;5;262
12;2025-12-10;6;1431
12;2025-12-10;7;2553
12;2025-12-10;8;3266
12;2025-12-10;9;2416
12;2025-12-10;10;2019
12;2025-12-10;11;1951
12;2025-12-10;12;1970
12;2025-12-10;13;1954
12;2025-12-10;14;1925
12;2025-12-10;15;2153
12;2025-12-10;16;2604
12;2025-12-10;17;2889
12;2025-12-10;18;3086
12;2025-12-10;19;2473
12;2025-12-10;20;1547
12;2025-12-10;21;1007
12;2025-12-10;22;531
12;2025-12-10;23;269
12;2025-12-11;0;55
12;2025-12-11;1;0
12;2025-12-11;2;0
12;2025-12-11;3;0
12;2025-12-11;4;0
12;2025-12-11;5;256
12;2025-12-11;6;1381
12;2025-12-11;7;2516
12;2025-12-11;8;3232
12;2025-12-11;9;2302
12;2025-12-11;10;1945
12;2025-12-11;11;1918
12;2025-12-11;12;1974
12;2025-12-11;13;1946
12;2025-12-11;14;1906
12;2025-12-11;15;2107
12;2025-12-11;16;2578
12;2025-12-11;17;2871
12;2025-12-11;18;3072
12;2025-12-11;19;2475
12;2025-12-11;20;1605
12;2025-12-11;21;955
12;2025-12-11;22;531
12;2025-12-11;23;273
12;2025-12-12;0;62
12;2025-12-12;1;0
12;2025-12-12;2;0
12;2025-12-12;3;0
12;2025-12-12;4;0
12;2025-12-12;5;253
12;2025-12-12;6;1350
12;2025-12-12;7;2425
12;2025-12-12;8;3110
12;2025-12-12;9;2222
12;2025-12-12;10;1866
12;2025-12-12;11;1894
12;2025-12-12;12;1895
12;2025-12-12;13;1908
12;2025-12-12;14;1945
12;2025-12-12;15;2250
12;2025-12-12;16;2780
12;2025-12-12;17;2786
12;2025-12-12;18;2470
12;2025-12-12;19;2167
12;2025-12-12;20;1444
12;2025-12-12;21;1015
12;2025-12-12;22;548
12;2025-12-12;23;311
12;2025-12-13;0;83
12;2025-12-13;1;0
12;2025-12-13;2;0
12;2025-12-13;3;0
12;2025-12-13;4;0
12;2025-12-13;5;215
12;2025-12-13;6;845
12;2025-12-13;7;885
12;2025-12-13;8;953
12;2025-12-13;9;1104
12;2025-12-13;10;1317
12;2025-12-13;11;1404
12;2025-12-13;12;1369
12;2025-12-13;13;1602
12;2025-12-13;14;1505
12;2025-12-13;15;1399
12;2025-12-13;16;1463
12;2025-12-13;17;1417
12;2025-12-13;18;1379
12;2025-12-13;19;1391
12;2025-12-13;20;986
12;2025-12-13;21;707
12;2025-12-13;22;433
12;2025-12-13;23;279
12;2025-12-14;0;89
12;2025-12-14;1;0
12;2025-12-14;2;0
12;2025-12-14;3;0
12;2025-12-14;4;0
12;2025-12-14;5;141
12;2025-12-14;6;547
12;2025-12-14;7;637
12;2025-12-14;8;731
12;2025-12-14;9;911
12;2025-12-14;10;1116
12;2025-12-14;11;1241
12;2025-12-14;12;1291
12;2025-12-14;13;1486
12;2025-12-14;14;1435
12;2025-12-14;15;1315
12;2025-12-14;16;1425
12;2025-12-14;17;1498
12;2025-12-14;18;1266
12;2025-12-14;19;1023
12;2025-12-14;20;791
12;2025-12-14;21;616
12;2025-12-14;22;406
12;2025-12-14;23;226
12;2025-12-15;0;69
12;2025-12-15;1;0
12;2025-12-15;2;0
12;2025-12-15;3;0
12;2025-12-15;4;0
12;2025-12-15;5;258
12;2025-12-15;6;1377
12;2025-12-15;7;2495
12;2025-12-15;8;3250
12;2025-12-15;9;2304
12;2025-12-15;10;1886
12;2025-12-15;11;1819
12;2025-12-15;12;1900
12;2025-12-15;13;1836
12;2025-12-15;14;1774
12;2025-12-15;15;2042
12;2025-12-15;16;2470
12;2025-12-15;17;2781
12;2025-12-15;18;3018
12;2025-12-15;19;2417
12;2025-12-15;20;1549
12;2025-12-15;21;924
12;2025-12-15;22;474
12;2025-12-15;23;238
12;2025-12-16;0;50
12;2025-12-16;1;0
12;2025-12-16;2;0
12;2025-12-16;3;0
12;2025-12-16;4;0
12;2025-12-16;5;267
12;2025-12-16;6;1429
12;2025-12-16;7;2605
12;2025-12-16;8;3425
12;2025-12-16;9;2402
12;2025-12-16;10;1994
12;2025-12-16;11;1921
12;2025-12-16;12;1926
12;2025-12-16;13;1927
12;2025-12-16;14;1895
12;2025-12-16;15;2082
12;2025-12-16;16;2581
12;2025-12-16;17;2903
12;2025-12-16;18;3091
12;2025-12-16;19;2510
12;2025-12-16;20;1533
12;2025-12-16;21;946
12;2025-12-16;22;508
12;2025-12-16;23;245
12;2025-12-17;0;59
12;2025-12-17;1;0
12;2025-12-17;2;0
12;2025-12-17;3;0
12;2025-12-17;4;0
12;2025-12-17;5;258
12;2025-12-17;6;1403
12;2025-12-17;7;2503
12;2025-12-17;8;3203
12;2025-12-17;9;2369
12;2025-12-17;10;1979
12;2025-12-17;11;1914
12;2025-12-17;12;1932
12;2025-12-17;13;1915
12;2025-12-17;14;1887
12;2025-12-17;15;2111
12;2025-12-17;16;2553
12;2025-12-17;17;2833
12;2025-12-17;18;3026
12;2025-12-17;19;2425
12;2025-12-17;20;1524
12;2025-12-17;21;987
12;2025-12-17;22;523
12;2025-12-17;23;265
12;2025-12-18;0;55
12;2025-12-18;1;0
12;2025-12-18;2;0
12;2025-12-18;3;0
12;2025-12-18;4;0
12;2025-12-18;5;254
12;2025-12-18;6;1332
12;2025-12-18;7;2427
12;2025-12-18;8;3117
12;2025-12-18;9;2221
12;2025-12-18;10;1876
12;2025-12-18;11;1850
12;2025-12-18;12;1904
12;2025-12-18;13;1877
12;2025-12-18;14;1839
12;2025-12-18;15;2032
12;2025-12-18;16;2487
12;2025-12-18;17;2770
12;2025-12-18;18;2963
12;2025-12-18;19;2387
12;2025-12-18;20;1548
12;2025-12-18;21;951
12;2025-12-18;22;528
12;2025-12-18;23;272
12;2025-12-19;0;61
12;2025-12-19;1;0
12;2025-12-19;2;0
12;2025-12-19;3;0
12;2025-12-19;4;0
12;2025-12-19;5;251
12;2025-12-19;6;1318
12;2025-12-19;7;2369
12;2025-12-19;8;3038
12;2025-12-19;9;2171
12;2025-12-19;10;1823
12;2025-12-19;11;1850
12;2025-12-19;12;1852
12;2025-12-19;13;1864
12;2025-12-19;14;1900
12;2025-12-19;15;2198
12;2025-12-19;16;2716
12;2025-12-19;17;2722
12;2025-12-19;18;2413
12;2025-12-19;19;2117
12;2025-12-19;20;1438
12;2025-12-19;21;994
12;2025-12-19;22;537
12;2025-12-19;23;304
12;2025-12-20;0;77
12;2025-12-20;1;0
12;2025-12-20;2;0
12;2025-12-20;3;0
12;2025-12-20;4;0
12;2025-12-20;5;192
12;2025-12-20;6;841
12;2025-12-20;7;881
12;2025-12-20;8;949
12;2025-12-20;9;1099
12;2025-12-20;10;1311
12;2025-12-20;11;1397
12;2025-12-20;12;1363
12;2025-12-20;13;1595
12;2025-12-20;14;1498
12;2025-12-20;15;1393
12;2025-12-20;16;1456
12;2025-12-20;17;1410
12;2025-12-20;18;1373
12;2025-12-20;19;1384
12;2025-12-20;20;972
12;2025-12-20;21;703
12;2025-12-20;22;407
12;2025-12-20;23;278
12;2025-12-21;0;84
12;2025-12-21;1;0
12;2025-12-21;2;0
12;2025-12-21;3;0
12;2025-12-21;4;0
12;2025-12-21;5;133
12;2025-12-21;6;541
12;2025-12-21;7;630
12;2025-12-21;8;723
12;2025-12-21;9;901
12;2025-12-21;10;1104
12;2025-12-21;11;1227
12;2025-12-21;12;1277
12;2025-12-21;13;1470
12;2025-12-21;14;1420
12;2025-12-21;15;1301
12;2025-12-21;16;1410
12;2025-12-21;17;1482
12;2025-12-21;18;1253
12;2025-12-21;19;1012
12;2025-12-21;20;782
12;2025-12-21;21;609
12;2025-12-21;22;401
12;2025-12-21;23;219
12;2025-12-22;0;68
12;2025-12-22;1;0
12;2025-12-22;2;0
12;2025-12-22;3;0
12;2025-12-22;4;0
12;2025-12-22;5;255
12;2025-12-22;6;1377
12;2025-12-22;7;2495
12;2025-12-22;8;3250
12;2025-12-22;9;2304
12;2025-12-22;10;1886
12;2025-12-22;11;1819
12;2025-12-22;12;1900
12;2025-12-22;13;1836
12;2025-12-22;14;1774
12;2025-12-22;15;2042
12;2025-12-22;16;2470
12;2025-12-22;17;2781
12;2025-12-22;18;3018
12;2025-12-22;19;2417
12;2025-12-22;20;1549
12;2025-12-22;21;924
12;2025-12-22;22;469
12;2025-12-22;23;236
12;2025-12-23;0;49
12;2025-12-23;1;0
12;2025-12-23;2;0
12;2025-12-23;3;0
12;2025-12-23;4;0
12;2025-12-23;5;261
12;2025-12-23;6;1429
12;2025-12-23;7;2605
12;2025-12-23;8;3425
12;2025-12-23;9;2402
12;2025-12-23;10;1994
12;2025-12-23;11;1921
12;2025-12-23;12;1926
12;2025-12-23;13;1927
12;2025-12-23;14;1895
12;2025-12-23;15;2082
12;2025-12-23;16;2581
12;2025-12-23;17;2903
12;2025-12-23;18;3091
12;2025-12-23;19;2510
12;2025-12-23;20;1533
12;2025-12-23;21;946
12;2025-12-23;22;498
12;2025-12-23;23;244
12;2025-12-24;0;59
12;2025-12-24;1;0
12;2025-12-24;2;0
12;2025-12-24;3;0
12;2025-12-24;4;0
12;2025-12-24;5;247
12;2025-12-24;6;1403
12;2025-12-24;7;2503
12;2025-12-24;8;3203
12;2025-12-24;9;2369
12;2025-12-24;10;1979
12;2025-12-24;11;1914
12;2025-12-24;12;1932
12;2025-12-24;13;1915
12;2025-12-24;14;1887
12;2025-12-24;15;2111
12;2025-12-24;16;2553
12;2025-12-24;17;2833
12;2025-12-24;18;3026
12;2025-12-24;19;2425
12;2025-12-24;20;1507
12;2025-12-24;21;987
12;2025-12-24;22;520
12;2025-12-24;23;265
12;2025-12-25;0;51
12;2025-12-25;1;0
12;2025-12-25;2;0
12;2025-12-25;3;0
12;2025-12-25;4;0
12;2025-12-25;5;248
12;2025-12-25;6;1332
12;2025-12-25;7;2427
12;2025-12-25;8;3117
12;2025-12-25;9;2221
12;2025-12-25;10;1876
12;2025-12-25;11;1850
12;2025-12-25;12;1904
12;2025-12-25;13;1877
12;2025-12-25;14;1839
12;2025-12-25;15;2032
12;2025-12-25;16;2487
12;2025-12-25;17;2770
12;2025-12-25;18;2963
12;2025-12-25;19;2387
12;2025-12-25;20;1548
12;2025-12-25;21;951
12;2025-12-25;22;492
12;2025-12-25;23;265
12;2025-12-26;0;54
12;2025-12-26;1;0
12;2025-12-26;2;0
12;2025-12-26;3;0
12;2025-12-26;4;0
12;2025-12-26;5;251
12;2025-12-26;6;1318
12;2025-12-26;7;2369
12;2025-12-26;8;3038
12;2025-12-26;9;2171
12;2025-12-26;10;1823
12;2025-12-26;11;1850
12;2025-12-26;12;1852
12;2025-12-26;13;1864
12;2025-12-26;14;1900
12;2025-12-26;15;2198
12;2025-12-26;16;2716
12;2025-12-26;17;2722
12;2025-12-26;18;2413
12;2025-12-26;19;2117
12;2025-12-26;20;1438
12;2025-12-26;21;994
12;2025-12-26;22;519
12;2025-12-26;23;304
12;2025-12-27;0;77
12;2025-12-27;1;0
12;2025-12-27;2;0
12;2025-12-27;3;0
12;2025-12-27;4;0
12;2025-12-27;5;192
12;2025-12-27;6;841
12;2025-12-27;7;881
12;2025-12-27;8;949
12;2025-12-27;9;1099
12;2025-12-27;10;1311
12;2025-12-27;11;1397
12;2025-12-27;12;1363
12;2025-12-27;13;1595
12;2025-12-27;14;1498
12;2025-12-27;15;1393
12;2025-12-27;16;1456
12;2025-12-27;17;1410
12;2025-12-27;18;1373
12;2025-12-27;19;1384
12;2025-12-27;20;972
12;2025-12-27;21;703
12;2025-12-27;22;407
12;2025-12-27;23;278
12;2025-12-28;0;84
12;2025-12-28;1;0
12;2025-12-28;2;0
12;2025-12-28;3;0
12;2025-12-28;4;0
12;2025-12-28;5;133
12;2025-12-28;6;541
12;2025-12-28;7;630
12;2025-12-28;8;723
12;2025-12-28;9;901
12;2025-12-28;10;1104
12;2025-12-28;11;1227
12;2025-12-28;12;1277
12;2025-12-28;13;1470
12;2025-12-28;14;1420
12;2025-12-28;15;1301
12;2025-12-28;16;1410
12;2025-12-28;17;1482
12;2025-12-28;18;1253
12;2025-12-28;19;1012
12;2025-12-28;20;782
12;2025-12-28;21;609
12;2025-12-28;22;401
12;2025-12-28;23;219
12;2025-12-29;0;63
12;2025-12-29;1;0
12;2025-12-29;2;0
12;2025-12-29;3;0
12;2025-12-29;4;0
12;2025-12-29;5;248
12;2025-12-29;6;1377
12;2025-12-29;7;2495
12;2025-12-29;8;3250
12;2025-12-29;9;2304
12;2025-12-29;10;1886
12;2025-12-29;11;1819
12;2025-12-29;12;1900
12;2025-12-29;13;1836
12;2025-12-29;14;1774
12;2025-12-29;15;2042
12;2025-12-29;16;2470
12;2025-12-29;17;2781
12;2025-12-29;18;3018
12;2025-12-29;19;2417
12;2025-12-29;20;1549
12;2025-12-29;21;924
12;2025-12-29;22;464
12;2025-12-29;23;232
12;2025-12-30;0;48
12;2025-12-30;1;0
12;2025-12-30;2;0
12;2025-12-30;3;0
12;2025-12-30;4;0
12;2025-12-30;5;259
12;2025-12-30;6;1429
12;2025-12-30;7;2605
12;2025-12-30;8;3425
12;2025-12-30;9;2402
12;2025-12-30;10;1994
12;2025-12-30;11;1921
12;2025-12-30;12;1926
12;2025-12-30;13;1927
12;2025-12-30;14;1895
12;2025-12-30;15;2082
12;2025-12-30;16;2581
12;2025-12-30;17;2903
12;2025-12-30;18;3091
12;2025-12-30;19;2510
12;2025-12-30;20;1533
12;2025-12-30;21;946
12;2025-12-30;22;475
12;2025-12-30;23;244
12;2025-12-31;0;59
12;2025-12-31;1;0
12;2025-12-31;2;0
12;2025-12-31;3;0
12;2025-12-31;4;0
12;2025-12-31;5;153
12;2025-12-31;6;821
12;2025-12-31;7;1464
12;2025-12-31;8;1873
12;2025-12-31;9;1385
12;2025-12-31;10;1158
12;2025-12-31;11;1283
12;2025-12-31;12;1348
12;2025-12-31;13;1566
12;2025-12-31;14;1499
12;2025-12-31;15;1406
12;2025-12-31;16;1516
12;2025-12-31;17;1657
12;2025-12-31;18;1770
12;2025-12-31;19;1418
12;2025-12-31;20;905
12;2025-12-31;21;615
12;2025-12-31;22;409
12;2025-12-31;23;217
17;2025-11-01;0;196
17;2025-11-01;1;0
17;2025-11-01;2;0
17;2025-11-01;3;0
17;2025-11-01;4;0
17;2025-11-01;5;93
17;2025-11-01;6;560
17;2025-11-01;7;1159
17;2025-11-01;8;1650
17;2025-11-01;9;2046
17;2025-11-01;10;2282
17;2025-11-01;11;2675
17;2025-11-01;12;2742
17;2025-11-01;13;2861
17;2025-11-01;14;2900
17;2025-11-01;15;3196
17;2025-11-01;16;3206
17;2025-11-01;17;3123
17;2025-11-01;18;2873
17;2025-11-01;19;2468
17;2025-11-01;20;1972
17;2025-11-01;21;1419
17;2025-11-01;22;862
17;2025-11-01;23;438
17;2025-11-02;0;182
17;2025-11-02;1;0
17;2025-11-02;2;0
17;2025-11-02;3;0
17;2025-11-02;4;0
17;2025-11-02;5;76
17;2025-11-02;6;437
17;2025-11-02;7;801
17;2025-11-02;8;1241
17;2025-11-02;9;1667
17;2025-11-02;10;1925
17;2025-11-02;11;2396
17;2025-11-02;12;2748
17;2025-11-02;13;2985
17;2025-11-02;14;3036
17;2025-11-02;15;3051
17;2025-11-02;16;3004
17;2025-11-02;17;2898
17;2025-11-02;18;2611
17;2025-11-02;19;2191
17;2025-11-02;20;1668
17;2025-11-02;21;1193
17;2025-11-02;22;755
17;2025-11-02;23;330
17;2025-11-03;0;115
17;2025-11-03;1;0
17;2025-11-03;2;0
17;2025-11-03;3;0
17;2025-11-03;4;0
17;2025-11-03;5;219
17;2025-11-03;6;1420
17;2025-11-03;7;3703
17;2025-11-03;8;4901
17;2025-11-03;9;3501
17;2025-11-03;10;2709
17;2025-11-03;11;2681
17;2025-11-03;12;2784
17;2025-11-03;13;2931
17;2025-11-03;14;2929
17;2025-11-03;15;3095
17;2025-11-03;16;3314
17;2025-11-03;17;4162
17;2025-11-03;18;4740
17;2025-11-03;19;3337
17;2025-11-03;20;2294
17;2025-11-03;21;1427
17;2025-11-03;22;798
17;2025-11-03;23;342
17;2025-11-04;0;129
17;2025-11-04;1;0
17;2025-11-04;2;0
17;2025-11-04;3;0
17;2025-11-04;4;0
17;2025-11-04;5;223
17;2025-11-04;6;1458
17;2025-11-04;7;3802
17;2025-11-04;8;5012
17;2025-11-04;9;3618
17;2025-11-04;10;2813
17;2025-11-04;11;2731
17;2025-11-04;12;2864
17;2025-11-04;13;2964
17;2025-11-04;14;3042
17;2025-11-04;15;3120
17;2025-11-04;16;3362
17;2025-11-04;17;4262
17;2025-11-04;18;4787
17;2025-11-04;19;3444
17;2025-11-04;20;2390
17;2025-11-04;21;1498
17;2025-11-04;22;837
17;2025-11-04;23;367
17;2025-11-05;0;128
17;2025-11-05;1;0
17;2025-11-05;2;0
17;2025-11-05;3;0
17;2025-11-05;4;0
17;2025-11-05;5;237
17;2025-11-05;6;1524
17;2025-11-05;7;3915
17;2025-11-05;8;5151
17;2025-11-05;9;3729
17;2025-11-05;10;2974
17;2025-11-05;11;2928
17;2025-11-05;12;2989
17;2025-11-05;13;3056
17;2025-11-05;14;3102
17;2025-11-05;15;3220
17;2025-11-05;16;3563
17;2025-11-05;17;4363
17;2025-11-05;18;4882
17;2025-11-05;19;3466
17;2025-11-05;20;2386
17;2025-11-05;21;1516
17;2025-11-05;22;870
17;2025-11-05;23;401
17;2025-11-06;0;142
17;2025-11-06;1;0
17;2025-11-06;2;0
17;2025-11-06;3;0
17;2025-11-06;4;0
17;2025-11-06;5;231
17;2025-11-06;6;1483
17;2025-11-06;7;3794
17;2025-11-06;8;5004
17;2025-11-06;9;3677
17;2025-11-06;10;2944
17;2025-11-06;11;2902
17;2025-11-06;12;3008
17;2025-11-06;13;3068
17;2025-11-06;14;3096
17;2025-11-06;15;3215
17;2025-11-06;16;3639
17;2025-11-06;17;4399
17;2025-11-06;18;4915
17;2025-11-06;19;3443
17;2025-11-06;20;2388
17;2025-11-06;21;1562
17;2025-11-06;22;912
17;2025-11-06;23;421
17;2025-11-07;0;153
17;2025-11-07;1;0
17;2025-11-07;2;0
17;2025-11-07;3;0
17;2025-11-07;4;0
17;2025-11-07;5;223
17;2025-11-07;6;1440
17;2025-11-07;7;3693
17;2025-11-07;8;4840
17;2025-11-07;9;3575
17;2025-11-07;10;2882
17;2025-11-07;11;2933
17;2025-11-07;12;2951
17;2025-11-07;13;3048
17;2025-11-07;14;3121
17;2025-11-07;15;3439
17;2025-11-07;16;4023
17;2025-11-07;17;4454
17;2025-11-07;18;4293
17;2025-11-07;19;3204
17;2025-11-07;20;2291
17;2025-11-07;21;1577
17;2025-11-07;22;944
17;2025-11-07;23;472
17;2025-11-08;0;196
17;2025-11-08;1;0
17;2025-11-08;2;0
17;2025-11-08;3;0
17;2025-11-08;4;0
17;2025-11-08;5;92
17;2025-11-08;6;555
17;2025-11-08;7;1178
17;2025-11-08;8;1669
17;2025-11-08;9;2079
17;2025-11-08;10;2318
17;2025-11-08;11;2718
17;2025-11-08;12;3005
17;2025-11-08;13;3199
17;2025-11-08;14;3233
17;2025-11-08;15;3282
17;2025-11-08;16;3258
17;2025-11-08;17;3094
17;2025-11-08;18;2834
17;2025-11-08;19;2319
17;2025-11-08;20;1792
17;2025-11-08;21;1316
17;2025-11-08;22;862
17;2025-11-08;23;438
17;2025-11-09;0;182
17;2025-11-09;1;0
17;2025-11-09;2;0
17;2025-11-09;3;0
17;2025-11-09;4;0
17;2025-11-09;5;76
17;2025-11-09;6;437
17;2025-11-09;7;799
17;2025-11-09;8;1238
17;2025-11-09;9;1664
17;2025-11-09;10;1921
17;2025-11-09;11;2391
17;2025-11-09;12;2742
17;2025-11-09;13;2979
17;2025-11-09;14;3030
17;2025-11-09;15;3045
17;2025-11-09;16;2998
17;2025-11-09;17;2892
17;2025-11-09;18;2606
17;2025-11-09;19;2186
17;2025-11-09;20;1668
17;2025-11-09;21;1193
17;2025-11-09;22;755
17;2025-11-09;23;330
17;2025-11-10;0;114
17;2025-11-10;1;0
17;2025-11-10;2;0
17;2025-11-10;3;0
17;2025-11-10;4;0
17;2025-11-10;5;228
17;2025-11-10;6;1484
17;2025-11-10;7;3871
17;2025-11-10;8;5123
17;2025-11-10;9;3660
17;2025-11-10;10;2832
17;2025-11-10;11;2802
17;2025-11-10;12;2854
17;2025-11-10;13;2921
17;2025-11-10;14;2920
17;2025-11-10;15;3084
17;2025-11-10;16;3464
17;2025-11-10;17;4351
17;2025-11-10;18;4795
17;2025-11-10;19;3441
17;2025-11-10;20;2299
17;2025-11-10;21;1427
17;2025-11-10;22;798
17;2025-11-10;23;342
17;2025-11-11;0;123
17;2025-11-11;1;0
17;2025-11-11;2;0
17;2025-11-11;3;0
17;2025-11-11;4;0
17;2025-11-11;5;229
17;2025-11-11;6;1543
17;2025-11-11;7;4023
17;2025-11-11;8;5305
17;2025-11-11;9;3829
17;2025-11-11;10;2978
17;2025-11-11;11;2890
17;2025-11-11;12;2939
17;2025-11-11;13;2979
17;2025-11-11;14;3058
17;2025-11-11;15;3136
17;2025-11-11;16;3558
17;2025-11-11;17;4511
17;2025-11-11;18;4981
17;2025-11-11;19;3504
17;2025-11-11;20;2390
17;2025-11-11;21;1498
17;2025-11-11;22;837
17;2025-11-11;23;367
17;2025-11-12;0;128
17;2025-11-12;1;0
17;2025-11-12;2;0
17;2025-11-12;3;0
17;2025-11-12;4;0
17;2025-11-12;5;238
17;2025-11-12;6;1535
17;2025-11-12;7;3942
17;2025-11-12;8;5186
17;2025-11-12;9;3755
17;2025-11-12;10;2993
17;2025-11-12;11;2948
17;2025-11-12;12;3010
17;2025-11-12;13;3056
17;2025-11-12;14;3120
17;2025-11-12;15;3242
17;2025-11-12;16;3587
17;2025-11-12;17;4393
17;2025-11-12;18;4895
17;2025-11-12;19;3466
17;2025-11-12;20;2386
17;2025-11-12;21;1516
17;2025-11-12;22;870
17;2025-11-12;23;401
17;2025-11-13;0;142
17;2025-11-13;1;0
17;2025-11-13;2;0
17;2025-11-13;3;0
17;2025-11-13;4;0
17;2025-11-13;5;234
17;2025-11-13;6;1497
17;2025-11-13;7;3832
17;2025-11-13;8;5053
17;2025-11-13;9;3713
17;2025-11-13;10;2973
17;2025-11-13;11;2931
17;2025-11-13;12;3037
17;2025-11-13;13;3096
17;2025-11-13;14;3112
17;2025-11-13;15;3246
17;2025-11-13;16;3675
17;2025-11-13;17;4442
17;2025-11-13;18;4959
17;2025-11-13;19;3443
17;2025-11-13;20;2388
17;2025-11-13;21;1562
17;2025-11-13;22;912
17;2025-11-13;23;421
17;2025-11-14;0;153
17;2025-11-14;1;0
17;2025-11-14;2;0
17;2025-11-14;3;0
17;2025-11-14;4;0
17;2025-11-14;5;223
17;2025-11-14;6;1456
17;2025-11-14;7;3734
17;2025-11-14;8;4893
17;2025-11-14;9;3613
17;2025-11-14;10;2882
17;2025-11-14;11;2944
17;2025-11-14;12;2951
17;2025-11-14;13;3048
17;2025-11-14;14;3121
17;2025-11-14;15;3439
17;2025-11-14;16;4046
17;2025-11-14;17;4503
17;2025-11-14;18;4293
17;2025-11-14;19;3204
17;2025-11-14;20;2291
17;2025-11-14;21;1577
17;2025-11-14;22;944
17;2025-11-14;23;472
17;2025-11-15;0;196
17;2025-11-15;1;0
17;2025-11-15;2;0
17;2025-11-15;3;0
17;2025-11-15;4;0
17;2025-11-15;5;92
17;2025-11-15;6;555
17;2025-11-15;7;1176
17;2025-11-15;8;1669
17;2025-11-15;9;2077
17;2025-11-15;10;2316
17;2025-11-15;11;2716
17;2025-11-15;12;3002
17;2025-11-15;13;3196
17;2025-11-15;14;3233
17;2025-11-15;15;3279
17;2025-11-15;16;3255
17;2025-11-15;17;3094
17;2025-11-15;18;2834
17;2025-11-15;19;2319
17;2025-11-15;20;1792
17;2025-11-15;21;1316
17;2025-11-15;22;862
17;2025-11-15;23;438
17;2025-11-16;0;182
17;2025-11-16;1;0
17;2025-11-16;2;0
17;2025-11-16;3;0
17;2025-11-16;4;0
17;2025-11-16;5;76
17;2025-11-16;6;437
17;2025-11-16;7;804
17;2025-11-16;8;1245
17;2025-11-16;9;1673
17;2025-11-16;10;1932
17;2025-11-16;11;2405
17;2025-11-16;12;2758
17;2025-11-16;13;2996
17;2025-11-16;14;3047
17;2025-11-16;15;3063
17;2025-11-16;16;3015
17;2025-11-16;17;2909
17;2025-11-16;18;2621
17;2025-11-16;19;2196
17;2025-11-16;20;1668
17;2025-11-16;21;1193
17;2025-11-16;22;755
17;2025-11-16;23;330
17;2025-11-17;0;114
17;2025-11-17;1;0
17;2025-11-17;2;0
17;2025-11-17;3;0
17;2025-11-17;4;0
17;2025-11-17;5;228
17;2025-11-17;6;1504
17;2025-11-17;7;3924
17;2025-11-17;8;5193
17;2025-11-17;9;3710
17;2025-11-17;10;2870
17;2025-11-17;11;2836
17;2025-11-17;12;2879
17;2025-11-17;13;2931
17;2025-11-17;14;2959
17;2025-11-17;15;3126
17;2025-11-17;16;3511
17;2025-11-17;17;4355
17;2025-11-17;18;4795
17;2025-11-17;19;3441
17;2025-11-17;20;2299
17;2025-11-17;21;1427
17;2025-11-17;22;798
17;2025-11-17;23;342
17;2025-11-18;0;123
17;2025-11-18;1;0
17;2025-11-18;2;0
17;2025-11-18;3;0
17;2025-11-18;4;0
17;2025-11-18;5;229
17;2025-11-18;6;1544
17;2025-11-18;7;4028
17;2025-11-18;8;5311
17;2025-11-18;9;3833
17;2025-11-18;10;2981
17;2025-11-18;11;2890
17;2025-11-18;12;2942
17;2025-11-18;13;2982
17;2025-11-18;14;3061
17;2025-11-18;15;3139
17;2025-11-18;16;3562
17;2025-11-18;17;4516
17;2025-11-18;18;4981
17;2025-11-18;19;3504
17;2025-11-18;20;2390
17;2025-11-18;21;1498
17;2025-11-18;22;837
17;2025-11-18;23;367
17;2025-11-19;0;128
17;2025-11-19;1;0
17;2025-11-19;2;0
17;2025-11-19;3;0
17;2025-11-19;4;0
17;2025-11-19;5;239
17;2025-11-19;6;1540
17;2025-11-19;7;3957
17;2025-11-19;8;5206
17;2025-11-19;9;3769
17;2025-11-19;10;2993
17;2025-11-19;11;2960
17;2025-11-19;12;3021
17;2025-11-19;13;3056
17;2025-11-19;14;3120
17;2025-11-19;15;3255
17;2025-11-19;16;3601
17;2025-11-19;17;4410
17;2025-11-19;18;4895
17;2025-11-19;19;3466
17;2025-11-19;20;2386
17;2025-11-19;21;1516
17;2025-11-19;22;870
17;2025-11-19;23;401
17;2025-11-20;0;142
17;2025-11-20;1;0
17;2025-11-20;2;0
17;2025-11-20;3;0
17;2025-11-20;4;0
17;2025-11-20;5;236
17;2025-11-20;6;1510
17;2025-11-20;7;3863
17;2025-11-20;8;5095
17;2025-11-20;9;3744
17;2025-11-20;10;2998
17;2025-11-20;11;2938
17;2025-11-20;12;3048
17;2025-11-20;13;3096
17;2025-11-20;14;3112
17;2025-11-20;15;3264
17;2025-11-20;16;3693
17;2025-11-20;17;4479
17;2025-11-20;18;4959
17;2025-11-20;19;3443
17;2025-11-20;20;2388
17;2025-11-20;21;1562
17;2025-11-20;22;912
17;2025-11-20;23;421
17;2025-11-21;0;153
17;2025-11-21;1;0
17;2025-11-21;2;0
17;2025-11-21;3;0
17;2025-11-21;4;0
17;2025-11-21;5;223
17;2025-11-21;6;1475
17;2025-11-21;7;3782
17;2025-11-21;8;4957
17;2025-11-21;9;3613
17;2025-11-21;10;2882
17;2025-11-21;11;2944
17;2025-11-21;12;2951
17;2025-11-21;13;3048
17;2025-11-21;14;3121
17;2025-11-21;15;3439
17;2025-11-21;16;4046
17;2025-11-21;17;4532
17;2025-11-21;18;4293
17;2025-11-21;19;3204
17;2025-11-21;20;2291
17;2025-11-21;21;1577
17;2025-11-21;22;944
17;2025-11-21;23;472
17;2025-11-22;0;196
17;2025-11-22;1;0
17;2025-11-22;2;0
17;2025-11-22;3;0
17;2025-11-22;4;0
17;2025-11-22;5;92
17;2025-11-22;6;555
17;2025-11-22;7;1178
17;2025-11-22;8;1669
17;2025-11-22;9;2107
17;2025-11-22;10;2338
17;2025-11-22;11;2772
17;2025-11-22;12;3062
17;2025-11-22;13;3243
17;2025-11-22;14;3233
17;2025-11-22;15;3283
17;2025-11-22;16;3288
17;2025-11-22;17;3094
17;2025-11-22;18;2834
17;2025-11-22;19;2319
17;2025-11-22;20;1792
17;2025-11-22;21;1316
17;2025-11-22;22;862
17;2025-11-22;23;438
17;2025-11-23;0;182
17;2025-11-23;1;0
17;2025-11-23;2;0
17;2025-11-23;3;0
17;2025-11-23;4;0
17;2025-11-23;5;77
17;2025-11-23;6;437
17;2025-11-23;7;811
17;2025-11-23;8;1251
17;2025-11-23;9;1687
17;2025-11-23;10;1948
17;2025-11-23;11;2425
17;2025-11-23;12;2782
17;2025-11-23;13;3022
17;2025-11-23;14;3073
17;2025-11-23;15;3088
17;2025-11-23;16;3041
17;2025-11-23;17;2933
17;2025-11-23;18;2643
17;2025-11-23;19;2196
17;2025-11-23;20;1668
17;2025-11-23;21;1193
17;2025-11-23;22;755
17;2025-11-23;23;330
17;2025-11-24;0;114
17;2025-11-24;1;0
17;2025-11-24;2;0
17;2025-11-24;3;0
17;2025-11-24;4;0
17;2025-11-24;5;228
17;2025-11-24;6;1509
17;2025-11-24;7;3937
17;2025-11-24;8;5209
17;2025-11-24;9;3721
17;2025-11-24;10;2879
17;2025-11-24;11;2836
17;2025-11-24;12;2879
17;2025-11-24;13;2931
17;2025-11-24;14;2969
17;2025-11-24;15;3136
17;2025-11-24;16;3522
17;2025-11-24;17;4355
17;2025-11-24;18;4795
17;2025-11-24;19;3441
17;2025-11-24;20;2299
17;2025-11-24;21;1427
17;2025-11-24;22;798
17;2025-11-24;23;342
17;2025-11-25;0;123
17;2025-11-25;1;0
17;2025-11-25;2;0
17;2025-11-25;3;0
17;2025-11-25;4;0
17;2025-11-25;5;229
17;2025-11-25;6;1552
17;2025-11-25;7;4048
17;2025-11-25;8;5337
17;2025-11-25;9;3852
17;2025-11-25;10;2987
17;2025-11-25;11;2890
17;2025-11-25;12;2957
17;2025-11-25;13;2997
17;2025-11-25;14;3077
17;2025-11-25;15;3155
17;2025-11-25;16;3579
17;2025-11-25;17;4538
17;2025-11-25;18;4981
17;2025-11-25;19;3504
17;2025-11-25;20;2390
17;2025-11-25;21;1498
17;2025-11-25;22;837
17;2025-11-25;23;367
17;2025-11-26;0;128
17;2025-11-26;1;0
17;2025-11-26;2;0
17;2025-11-26;3;0
17;2025-11-26;4;0
17;2025-11-26;5;240
17;2025-11-26;6;1549
17;2025-11-26;7;3980
17;2025-11-26;8;5236
17;2025-11-26;9;3784
17;2025-11-26;10;2993
17;2025-11-26;11;2964
17;2025-11-26;12;3021
17;2025-11-26;13;3056
17;2025-11-26;14;3120
17;2025-11-26;15;3274
17;2025-11-26;16;3622
17;2025-11-26;17;4435
17;2025-11-26;18;4895
17;2025-11-26;19;3466
17;2025-11-26;20;2386
17;2025-11-26;21;1516
17;2025-11-26;22;870
17;2025-11-26;23;401
17;2025-11-27;0;142
17;2025-11-27;1;0
17;2025-11-27;2;0
17;2025-11-27;3;0
17;2025-11-27;4;0
17;2025-11-27;5;236
17;2025-11-27;6;1512
17;2025-11-27;7;3870
17;2025-11-27;8;5104
17;2025-11-27;9;3751
17;2025-11-27;10;3002
17;2025-11-27;11;2938
17;2025-11-27;12;3048
17;2025-11-27;13;3096
17;2025-11-27;14;3112
17;2025-11-27;15;3264
17;2025-11-27;16;3693
17;2025-11-27;17;4487
17;2025-11-27;18;4959
17;2025-11-27;19;3443
17;2025-11-27;20;2388
17;2025-11-27;21;1562
17;2025-11-27;22;912
17;2025-11-27;23;421
17;2025-11-28;0;153
17;2025-11-28;1;0
17;2025-11-28;2;0
17;2025-11-28;3;0
17;2025-11-28;4;0
17;2025-11-28;5;223
17;2025-11-28;6;1470
17;2025-11-28;7;3771
17;2025-11-28;8;4943
17;2025-11-28;9;3613
17;2025-11-28;10;2882
17;2025-11-28;11;2944
17;2025-11-28;12;2951
17;2025-11-28;13;3048
17;2025-11-28;14;3121
17;2025-11-28;15;3439
17;2025-11-28;16;4046
17;2025-11-28;17;4532
17;2025-11-28;18;4293
17;2025-11-28;19;3204
17;2025-11-28;20;2291
17;2025-11-28;21;1577
17;2025-11-28;22;944
17;2025-11-28;23;472
17;2025-11-29;0;196
17;2025-11-29;1;0
17;2025-11-29;2;0
17;2025-11-29;3;0
17;2025-11-29;4;0
17;2025-11-29;5;92
17;2025-11-29;6;555
17;2025-11-29;7;1178
17;2025-11-29;8;1669
17;2025-11-29;9;2107
17;2025-11-29;10;2338
17;2025-11-29;11;2772
17;2025-11-29;12;3062
17;2025-11-29;13;3243
17;2025-11-29;14;3233
17;2025-11-29;15;3283
17;2025-11-29;16;3288
17;2025-11-29;17;3094
17;2025-11-29;18;2834
17;2025-11-29;19;2319
17;2025-11-29;20;1792
17;2025-11-29;21;1316
17;2025-11-29;22;862
17;2025-11-29;23;438
17;2025-11-30;0;182
17;2025-11-30;1;0
17;2025-11-30;2;0
17;2025-11-30;3;0
17;2025-11-30;4;0
17;2025-11-30;5;77
17;2025-11-30;6;437
17;2025-11-30;7;818
17;2025-11-30;8;1251
17;2025-11-30;9;1701
17;2025-11-30;10;1964
17;2025-11-30;11;2448
17;2025-11-30;12;2808
17;2025-11-30;13;3050
17;2025-11-30;14;3101
17;2025-11-30;15;3117
17;2025-11-30;16;3069
17;2025-11-30;17;2961
17;2025-11-30;18;2668
17;2025-11-30;19;2196
17;2025-11-30;20;1668
17;2025-11-30;21;1193
17;2025-11-30;22;755
17;2025-11-30;23;330
17;2025-12-01;0;114
17;2025-12-01;1;0
17;2025-12-01;2;0
17;2025-12-01;3;0
17;2025-12-01;4;0
17;2025-12-01;5;228
17;2025-12-01;6;1516
17;2025-12-01;7;3955
17;2025-12-01;8;5234
17;2025-12-01;9;3739
17;2025-12-01;10;2893
17;2025-12-01;11;2836
17;2025-12-01;12;2879
17;2025-12-01;13;2931
17;2025-12-01;14;2981
17;2025-12-01;15;3151
17;2025-12-01;16;3539
17;2025-12-01;17;4355
17;2025-12-01;18;4795
17;2025-12-01;19;3441
17;2025-12-01;20;2299
17;2025-12-01;21;1427
17;2025-12-01;22;798
17;2025-12-01;23;342
17;2025-12-02;0;123
17;2025-12-02;1;0
17;2025-12-02;2;0
17;2025-12-02;3;0
17;2025-12-02;4;0
17;2025-12-02;5;229
17;2025-12-02;6;1555
17;2025-12-02;7;4056
17;2025-12-02;8;5348
17;2025-12-02;9;3860
17;2025-12-02;10;2987
17;2025-12-02;11;2890
17;2025-12-02;12;2963
17;2025-12-02;13;3003
17;2025-12-02;14;3083
17;2025-12-02;15;3161
17;2025-12-02;16;3587
17;2025-12-02;17;4547
17;2025-12-02;18;4981
17;2025-12-02;19;3504
17;2025-12-02;20;2390
17;2025-12-02;21;1498
17;2025-12-02;22;837
17;2025-12-02;23;367
17;2025-12-03;0;128
17;2025-12-03;1;0
17;2025-12-03;2;0
17;2025-12-03;3;0
17;2025-12-03;4;0
17;2025-12-03;5;240
17;2025-12-03;6;1543
17;2025-12-03;7;3964
17;2025-12-03;8;5215
17;2025-12-03;9;3776
17;2025-12-03;10;2993
17;2025-12-03;11;2964
17;2025-12-03;12;3021
17;2025-12-03;13;3056
17;2025-12-03;14;3120
17;2025-12-03;15;3261
17;2025-12-03;16;3607
17;2025-12-03;17;4418
17;2025-12-03;18;4895
17;2025-12-03;19;3466
17;2025-12-03;20;2386
17;2025-12-03;21;1516
17;2025-12-03;22;870
17;2025-12-03;23;401
17;2025-12-04;0;142
17;2025-12-04;1;0
17;2025-12-04;2;0
17;2025-12-04;3;0
17;2025-12-04;4;0
17;2025-12-04;5;236
17;2025-12-04;6;1510
17;2025-12-04;7;3863
17;2025-12-04;8;5095
17;2025-12-04;9;3744
17;2025-12-04;10;2998
17;2025-12-04;11;2938
17;2025-12-04;12;3048
17;2025-12-04;13;3096
17;2025-12-04;14;3112
17;2025-12-04;15;3264
17;2025-12-04;16;3693
17;2025-12-04;17;4479
17;2025-12-04;18;4959
17;2025-12-04;19;3443
17;2025-12-04;20;2388
17;2025-12-04;21;1562
17;2025-12-04;22;912
17;2025-12-04;23;421
17;2025-12-05;0;153
17;2025-12-05;1;0
17;2025-12-05;2;0
17;2025-12-05;3;0
17;2025-12-05;4;0
17;2025-12-05;5;223
17;2025-12-05;6;1476
17;2025-12-05;7;3785
17;2025-12-05;8;4961
17;2025-12-05;9;3613
17;2025-12-05;10;2882
17;2025-12-05;11;2944
17;2025-12-05;12;2951
17;2025-12-05;13;3048
17;2025-12-05;14;3121
17;2025-12-05;15;3439
17;2025-12-05;16;4046
17;2025-12-05;17;4532
17;2025-12-05;18;4293
17;2025-12-05;19;3204
17;2025-12-05;20;2291
17;2025-12-05;21;1577
17;2025-12-05;22;944
17;2025-12-05;23;472
17;2025-12-06;0;196
17;2025-12-06;1;0
17;2025-12-06;2;0
17;2025-12-06;3;0
17;2025-12-06;4;0
17;2025-12-06;5;92
17;2025-12-06;6;555
17;2025-12-06;7;1178
17;2025-12-06;8;1669
17;2025-12-06;9;2107
17;2025-12-06;10;2338
17;2025-12-06;11;2772
17;2025-12-06;12;3062
17;2025-12-06;13;3243
17;2025-12-06;14;3233
17;2025-12-06;15;3283
17;2025-12-06;16;3288
17;2025-12-06;17;3094
17;2025-12-06;18;2834
17;2025-12-06;19;2319
17;2025-12-06;20;1792
17;2025-12-06;21;1316
17;2025-12-06;22;862
17;2025-12-06;23;438
17;2025-12-07;0;182
17;2025-12-07;1;0
17;2025-12-07;2;0
17;2025-12-07;3;0
17;2025-12-07;4;0
17;2025-12-07;5;77
17;2025-12-07;6;437
17;2025-12-07;7;816
17;2025-12-07;8;1251
17;2025-12-07;9;1698
17;2025-12-07;10;1961
17;2025-12-07;11;2441
17;2025-12-07;12;2800
17;2025-12-07;13;3041
17;2025-12-07;14;3093
17;2025-12-07;15;3109
17;2025-12-07;16;3061
17;2025-12-07;17;2953
17;2025-12-07;18;2660
17;2025-12-07;19;2196
17;2025-12-07;20;1668
17;2025-12-07;21;1193
17;2025-12-07;22;755
17;2025-12-07;23;330
17;2025-12-08;0;114
17;2025-12-08;1;0
17;2025-12-08;2;0
17;2025-12-08;3;0
17;2025-12-08;4;0
17;2025-12-08;5;228
17;2025-12-08;6;1501
17;2025-12-08;7;3916
17;2025-12-08;8;5182
17;2025-12-08;9;3702
17;2025-12-08;10;2865
17;2025-12-08;11;2835
17;2025-12-08;12;2879
17;2025-12-08;13;2931
17;2025-12-08;14;2953
17;2025-12-08;15;3120
17;2025-12-08;16;3504
17;2025-12-08;17;4355
17;2025-12-08;18;4795
17;2025-12-08;19;3441
17;2025-12-08;20;2299
17;2025-12-08;21;1427
17;2025-12-08;22;798
17;2025-12-08;23;342
17;2025-12-09;0;123
17;2025-12-09;1;0
17;2025-12-09;2;0
17;2025-12-09;3;0
17;2025-12-09;4;0
17;2025-12-09;5;229
17;2025-12-09;6;1550
17;2025-12-09;7;4042
17;2025-12-09;8;5329
17;2025-12-09;9;3846
17;2025-12-09;10;2987
17;2025-12-09;11;2890
17;2025-12-09;12;2953
17;2025-12-09;13;2992
17;2025-12-09;14;3072
17;2025-12-09;15;3150
17;2025-12-09;16;3574
17;2025-12-09;17;4531
17;2025-12-09;18;4981
17;2025-12-09;19;3504
17;2025-12-09;20;2390
17;2025-12-09;21;1498
17;2025-12-09;22;837
17;2025-12-09;23;367
17;2025-12-10;0;128
17;2025-12-10;1;0
17;2025-12-10;2;0
17;2025-12-10;3;0
17;2025-12-10;4;0
17;2025-12-10;5;240
17;2025-12-10;6;1544
17;2025-12-10;7;3965
17;2025-12-10;8;5217
17;2025-12-10;9;3777
17;2025-12-10;10;2993
17;2025-12-10;11;2964
17;2025-12-10;12;3021
17;2025-12-10;13;3056
17;2025-12-10;14;3120
17;2025-12-10;15;3262
17;2025-12-10;16;3609
17;2025-12-10;17;4420
17;2025-12-10;18;4895
17;2025-12-10;19;3466
17;2025-12-10;20;2386
17;2025-12-10;21;1516
17;2025-12-10;22;870
17;2025-12-10;23;401
17;2025-12-11;0;142
17;2025-12-11;1;0
17;2025-12-11;2;0
17;2025-12-11;3;0
17;2025-12-11;4;0
17;2025-12-11;5;235
17;2025-12-11;6;1505
17;2025-12-11;7;3853
17;2025-12-11;8;5081
17;2025-12-11;9;3734
17;2025-12-11;10;2989
17;2025-12-11;11;2938
17;2025-12-11;12;3048
17;2025-12-11;13;3096
17;2025-12-11;14;3112
17;2025-12-11;15;3264
17;2025-12-11;16;3693
17;2025-12-11;17;4466
17;2025-12-11;18;4959
17;2025-12-11;19;3443
17;2025-12-11;20;2388
17;2025-12-11;21;1562
17;2025-12-11;22;912
17;2025-12-11;23;421
17;2025-12-12;0;153
17;2025-12-12;1;0
17;2025-12-12;2;0
17;2025-12-12;3;0
17;2025-12-12;4;0
17;2025-12-12;5;223
17;2025-12-12;6;1468
17;2025-12-12;7;3765
17;2025-12-12;8;4935
17;2025-12-12;9;3613
17;2025-12-12;10;2882
17;2025-12-12;11;2944
17;2025-12-12;12;2951
17;2025-12-12;13;3048
17;2025-12-12;14;3121
17;2025-12-12;15;3439
17;2025-12-12;16;4046
17;2025-12-12;17;4532
17;2025-12-12;18;4293
17;2025-12-12;19;3204
17;2025-12-12;20;2291
17;2025-12-12;21;1577
17;2025-12-12;22;944
17;2025-12-12;23;472
17;2025-12-13;0;196
17;2025-12-13;1;0
17;2025-12-13;2;0
17;2025-12-13;3;0
17;2025-12-13;4;0
17;2025-12-13;5;92
17;2025-12-13;6;555
17;2025-12-13;7;1178
17;2025-12-13;8;1669
17;2025-12-13;9;2107
17;2025-12-13;10;2338
17;2025-12-13;11;2772
17;2025-12-13;12;3062
17;2025-12-13;13;3243
17;2025-12-13;14;3233
17;2025-12-13;15;3283
17;2025-12-13;16;3288
17;2025-12-13;17;3094
17;2025-12-13;18;2834
17;2025-12-13;19;2319
17;2025-12-13;20;1792
17;2025-12-13;21;1316
17;2025-12-13;22;862
17;2025-12-13;23;438
17;2025-12-14;0;182
17;2025-12-14;1;0
17;2025-12-14;2;0
17;2025-12-14;3;0
17;2025-12-14;4;0
17;2025-12-14;5;77
17;2025-12-14;6;437
17;2025-12-14;7;817
17;2025-12-14;8;1251
17;2025-12-14;9;1700
17;2025-12-14;10;1963
17;2025-12-14;11;2444
17;2025-12-14;12;2803
17;2025-12-14;13;3045
17;2025-12-14;14;3096
17;2025-12-14;15;3112
17;2025-12-14;16;3064
17;2025-12-14;17;2956
17;2025-12-14;18;2663
17;2025-12-14;19;2196
17;2025-12-14;20;1668
17;2025-12-14;21;1193
17;2025-12-14;22;755
17;2025-12-14;23;330
17;2025-12-15;0;114
17;2025-12-15;1;0
17;2025-12-15;2;0
17;2025-12-15;3;0
17;2025-12-15;4;0
17;2025-12-15;5;228
17;2025-12-15;6;1499
17;2025-12-15;7;3911
17;2025-12-15;8;5175
17;2025-12-15;9;3697
17;2025-12-15;10;2861
17;2025-12-15;11;2831
17;2025-12-15;12;2879
17;2025-12-15;13;2931
17;2025-12-15;14;2949
17;2025-12-15;15;3116
17;2025-12-15;16;3499
17;2025-12-15;17;4355
17;2025-12-15;18;4795
17;2025-12-15;19;3441
17;2025-12-15;20;2299
17;2025-12-15;21;1427
17;2025-12-15;22;798
17;2025-12-15;23;342
17;2025-12-16;0;123
17;2025-12-16;1;0
17;2025-12-16;2;0
17;2025-12-16;3;0
17;2025-12-16;4;0
17;2025-12-16;5;229
17;2025-12-16;6;1540
17;2025-12-16;7;4017
17;2025-12-16;8;5297
17;2025-12-16;9;3823
17;2025-12-16;10;2973
17;2025-12-16;11;2886
17;2025-12-16;12;2935
17;2025-12-16;13;2974
17;2025-12-16;14;3053
17;2025-12-16;15;3131
17;2025-12-16;16;3552
17;2025-12-16;17;4504
17;2025-12-16;18;4981
17;2025-12-16;19;3504
17;2025-12-16;20;2390
17;2025-12-16;21;1498
17;2025-12-16;22;837
17;2025-12-16;23;367
17;2025-12-17;0;128
17;2025-12-17;1;0
17;2025-12-17;2;0
17;2025-12-17;3;0
17;2025-12-17;4;0
17;2025-12-17;5;238
17;2025-12-17;6;1532
17;2025-12-17;7;3935
17;2025-12-17;8;5177
17;2025-12-17;9;3748
17;2025-12-17;10;2989
17;2025-12-17;11;2943
17;2025-12-17;12;3005
17;2025-12-17;13;3056
17;2025-12-17;14;3118
17;2025-12-17;15;3237
17;2025-12-17;16;3581
17;2025-12-17;17;4386
17;2025-12-17;18;4895
17;2025-12-17;19;3466
17;2025-12-17;20;2386
17;2025-12-17;21;1516
17;2025-12-17;22;870
17;2025-12-17;23;401
17;2025-12-18;0;142
17;2025-12-18;1;0
17;2025-12-18;2;0
17;2025-12-18;3;0
17;2025-12-18;4;0
17;2025-12-18;5;234
17;2025-12-18;6;1497
17;2025-12-18;7;3831
17;2025-12-18;8;5053
17;2025-12-18;9;3713
17;2025-12-18;10;2973
17;2025-12-18;11;2931
17;2025-12-18;12;3037
17;2025-12-18;13;3096
17;2025-12-18;14;3112
17;2025-12-18;15;3246
17;2025-12-18;16;3675
17;2025-12-18;17;4442
17;2025-12-18;18;4959
17;2025-12-18;19;3443
17;2025-12-18;20;2388
17;2025-12-18;21;1562
17;2025-12-18;22;912
17;2025-12-18;23;421
17;2025-12-19;0;153
17;2025-12-19;1;0
17;2025-12-19;2;0
17;2025-12-19;3;0
17;2025-12-19;4;0
17;2025-12-19;5;223
17;2025-12-19;6;1458
17;2025-12-19;7;3739
17;2025-12-19;8;4901
17;2025-12-19;9;3613
17;2025-12-19;10;2882
17;2025-12-19;11;2944
17;2025-12-19;12;2951
17;2025-12-19;13;3048
17;2025-12-19;14;3121
17;2025-12-19;15;3439
17;2025-12-19;16;4046
17;2025-12-19;17;4511
17;2025-12-19;18;4293
17;2025-12-19;19;3204
17;2025-12-19;20;2291
17;2025-12-19;21;1577
17;2025-12-19;22;944
17;2025-12-19;23;472
17;2025-12-20;0;196
17;2025-12-20;1;0
17;2025-12-20;2;0
17;2025-12-20;3;0
17;2025-12-20;4;0
17;2025-12-20;5;91
17;2025-12-20;6;549
17;2025-12-20;7;1135
17;2025-12-20;8;1617
17;2025-12-20;9;2005
17;2025-12-20;10;2236
17;2025-12-20;11;2621
17;2025-12-20;12;2897
17;2025-12-20;13;3084
17;2025-12-20;14;3126
17;2025-12-20;15;3165
17;2025-12-20;16;3141
17;2025-12-20;17;3060
17;2025-12-20;18;2815
17;2025-12-20;19;2319
17;2025-12-20;20;1792
17;2025-12-20;21;1316
17;2025-12-20;22;862
17;2025-12-20;23;438
17;2025-12-21;0;182
17;2025-12-21;1;0
17;2025-12-21;2;0
17;2025-12-21;3;0
17;2025-12-21;4;0
17;2025-12-21;5;76
17;2025-12-21;6;437
17;2025-12-21;7;804
17;2025-12-21;8;1245
17;2025-12-21;9;1672
17;2025-12-21;10;1931
17;2025-12-21;11;2403
17;2025-12-21;12;2757
17;2025-12-21;13;2995
17;2025-12-21;14;3046
17;2025-12-21;15;3061
17;2025-12-21;16;3014
17;2025-12-21;17;2907
17;2025-12-21;18;2620
17;2025-12-21;19;2196
17;2025-12-21;20;1668
17;2025-12-21;21;1193
17;2025-12-21;22;755
17;2025-12-21;23;330
17;2025-12-22;0;114
17;2025-12-22;1;0
17;2025-12-22;2;0
17;2025-12-22;3;0
17;2025-12-22;4;0
17;2025-12-22;5;228
17;2025-12-22;6;1498
17;2025-12-22;7;3907
17;2025-12-22;8;5170
17;2025-12-22;9;3693
17;2025-12-22;10;2858
17;2025-12-22;11;2828
17;2025-12-22;12;2879
17;2025-12-22;13;2931
17;2025-12-22;14;2946
17;2025-12-22;15;3113
17;2025-12-22;16;3496
17;2025-12-22;17;4355
17;2025-12-22;18;4795
17;2025-12-22;19;3441
17;2025-12-22;20;2299
17;2025-12-22;21;1427
17;2025-12-22;22;798
17;2025-12-22;23;342
17;2025-12-23;0;123
17;2025-12-23;1;0
17;2025-12-23;2;0
17;2025-12-23;3;0
17;2025-12-23;4;0
17;2025-12-23;5;229
17;2025-12-23;6;1556
17;2025-12-23;7;4059
17;2025-12-23;8;5352
17;2025-12-23;9;3860
17;2025-12-23;10;2987
17;2025-12-23;11;2890
17;2025-12-23;12;2965
17;2025-12-23;13;3004
17;2025-12-23;14;3085
17;2025-12-23;15;3164
17;2025-12-23;16;3588
17;2025-12-23;17;4551
17;2025-12-23;18;4981
17;2025-12-23;19;3504
17;2025-12-23;20;2390
17;2025-12-23;21;1498
17;2025-12-23;22;837
17;2025-12-23;23;367
17;2025-12-24;0;128
17;2025-12-24;1;0
17;2025-12-24;2;0
17;2025-12-24;3;0
17;2025-12-24;4;0
17;2025-12-24;5;238
17;2025-12-24;6;1533
17;2025-12-24;7;3938
17;2025-12-24;8;5182
17;2025-12-24;9;3752
17;2025-12-24;10;2992
17;2025-12-24;11;2946
17;2025-12-24;12;3007
17;2025-12-24;13;3056
17;2025-12-24;14;3120
17;2025-12-24;15;3240
17;2025-12-24;16;3584
17;2025-12-24;17;4390
17;2025-12-24;18;4895
17;2025-12-24;19;3466
17;2025-12-24;20;2386
17;2025-12-24;21;1516
17;2025-12-24;22;870
17;2025-12-24;23;401
17;2025-12-25;0;142
17;2025-12-25;1;0
17;2025-12-25;2;0
17;2025-12-25;3;0
17;2025-12-25;4;0
17;2025-12-25;5;231
17;2025-12-25;6;1482
17;2025-12-25;7;3793
17;2025-12-25;8;5002
17;2025-12-25;9;3675
17;2025-12-25;10;2943
17;2025-12-25;11;2901
17;2025-12-25;12;3006
17;2025-12-25;13;3066
17;2025-12-25;14;3095
17;2025-12-25;15;3213
17;2025-12-25;16;3638
17;2025-12-25;17;4397
17;2025-12-25;18;4913
17;2025-12-25;19;3443
17;2025-12-25;20;2388
17;2025-12-25;21;1562
17;2025-12-25;22;912
17;2025-12-25;23;421
17;2025-12-26;0;153
17;2025-12-26;1;0
17;2025-12-26;2;0
17;2025-12-26;3;0
17;2025-12-26;4;0
17;2025-12-26;5;223
17;2025-12-26;6;1436
17;2025-12-26;7;3682
17;2025-12-26;8;4826
17;2025-12-26;9;3565
17;2025-12-26;10;2876
17;2025-12-26;11;2925
17;2025-12-26;12;2951
17;2025-12-26;13;3048
17;2025-12-26;14;3121
17;2025-12-26;15;3439
17;2025-12-26;16;4012
17;2025-12-26;17;4442
17;2025-12-26;18;4293
17;2025-12-26;19;3204
17;2025-12-26;20;2291
17;2025-12-26;21;1577
17;2025-12-26;22;944
17;2025-12-26;23;472
17;2025-12-27;0;196
17;2025-12-27;1;0
17;2025-12-27;2;0
17;2025-12-27;3;0
17;2025-12-27;4;0
17;2025-12-27;5;92
17;2025-12-27;6;555
17;2025-12-27;7;1178
17;2025-12-27;8;1669
17;2025-12-27;9;2107
17;2025-12-27;10;2338
17;2025-12-27;11;2768
17;2025-12-27;12;3060
17;2025-12-27;13;3243
17;2025-12-27;14;3233
17;2025-12-27;15;3283
17;2025-12-27;16;3288
17;2025-12-27;17;3094
17;2025-12-27;18;2834
17;2025-12-27;19;2319
17;2025-12-27;20;1792
17;2025-12-27;21;1316
17;2025-12-27;22;862
17;2025-12-27;23;438
17;2025-12-28;0;182
17;2025-12-28;1;0
17;2025-12-28;2;0
17;2025-12-28;3;0
17;2025-12-28;4;0
17;2025-12-28;5;77
17;2025-12-28;6;437
17;2025-12-28;7;832
17;2025-12-28;8;1251
17;2025-12-28;9;1701
17;2025-12-28;10;1964
17;2025-12-28;11;2489
17;2025-12-28;12;2855
17;2025-12-28;13;3101
17;2025-12-28;14;3154
17;2025-12-28;15;3170
17;2025-12-28;16;3121
17;2025-12-28;17;3011
17;2025-12-28;18;2707
17;2025-12-28;19;2196
17;2025-12-28;20;1668
17;2025-12-28;21;1193
17;2025-12-28;22;755
17;2025-12-28;23;330
17;2025-12-29;0;114
17;2025-12-29;1;0
17;2025-12-29;2;0
17;2025-12-29;3;0
17;2025-12-29;4;0
17;2025-12-29;5;228
17;2025-12-29;6;1491
17;2025-12-29;7;3889
17;2025-12-29;8;5147
17;2025-12-29;9;3677
17;2025-12-29;10;2845
17;2025-12-29;11;2815
17;2025-12-29;12;2867
17;2025-12-29;13;2931
17;2025-12-29;14;2933
17;2025-12-29;15;3099
17;2025-12-29;16;3480
17;2025-12-29;17;4355
17;2025-12-29;18;4795
17;2025-12-29;19;3441
17;2025-12-29;20;2299
17;2025-12-29;21;1427
17;2025-12-29;22;798
17;2025-12-29;23;342
17;2025-12-30;0;123
17;2025-12-30;1;0
17;2025-12-30;2;0
17;2025-12-30;3;0
17;2025-12-30;4;0
17;2025-12-30;5;229
17;2025-12-30;6;1537
17;2025-12-30;7;4008
17;2025-12-30;8;5284
17;2025-12-30;9;3814
17;2025-12-30;10;2966
17;2025-12-30;11;2879
17;2025-12-30;12;2928
17;2025-12-30;13;2967
17;2025-12-30;14;3046
17;2025-12-30;15;3123
17;2025-12-30;16;3544
17;2025-12-30;17;4493
17;2025-12-30;18;4981
17;2025-12-30;19;3504
17;2025-12-30;20;2390
17;2025-12-30;21;1498
17;2025-12-30;22;837
17;2025-12-30;23;367
17;2025-12-31;0;136
17;2025-12-31;1;0
17;2025-12-31;2;0
17;2025-12-31;3;0
17;2025-12-31;4;0
17;2025-12-31;5;220
17;2025-12-31;6;1420
17;2025-12-31;7;3647
17;2025-12-31;8;4798
17;2025-12-31;9;3474
17;2025-12-31;10;2770
17;2025-12-31;11;2728
17;2025-12-31;12;2853
17;2025-12-31;13;3031
17;2025-12-31;14;3061
17;2025-12-31;15;3178
17;2025-12-31;16;3319
17;2025-12-31;17;4065
17;2025-12-31;18;4547
17;2025-12-31;19;3298
17;2025-12-31;20;2309
17;2025-12-31;21;1516
17;2025-12-31;22;870
17;2025-12-31;23;401
25;2025-11-01;0;3
25;2025-11-01;1;0
25;2025-11-01;2;0
25;2025-11-01;3;0
25;2025-11-01;4;0
25;2025-11-01;5;4
25;2025-11-01;6;69
25;2025-11-01;7;149
25;2025-11-01;8;310
25;2025-11-01;9;302
25;2025-11-01;10;297
25;2025-11-01;11;389
25;2025-11-01;12;400
25;2025-11-01;13;508
25;2025-11-01;14;484
25;2025-11-01;15;573
25;2025-11-01;16;598
25;2025-11-01;17;518
25;2025-11-01;18;521
25;2025-11-01;19;454
25;2025-11-01;20;300
25;2025-11-01;21;221
25;2025-11-01;22;139
25;2025-11-01;23;55
25;2025-11-02;0;18
25;2025-11-02;1;0
25;2025-11-02;2;0
25;2025-11-02;3;0
25;2025-11-02;4;0
25;2025-11-02;5;3
25;2025-11-02;6;58
25;2025-11-02;7;103
25;2025-11-02;8;189
25;2025-11-02;9;222
25;2025-11-02;10;224
25;2025-11-02;11;290
25;2025-11-02;12;360
25;2025-11-02;13;468
25;2025-11-02;14;499
25;2025-11-02;15;614
25;2025-11-02;16;519
25;2025-11-02;17;492
25;2025-11-02;18;450
25;2025-11-02;19;356
25;2025-11-02;20;250
25;2025-11-02;21;198
25;2025-11-02;22;116
25;2025-11-02;23;39
25;2025-11-03;0;13
25;2025-11-03;1;0
25;2025-11-03;2;0
25;2025-11-03;3;0
25;2025-11-03;4;0
25;2025-11-03;5;5
25;2025-11-03;6;149
25;2025-11-03;7;467
25;2025-11-03;8;771
25;2025-11-03;9;412
25;2025-11-03;10;298
25;2025-11-03;11;328
25;2025-11-03;12;348
25;2025-11-03;13;454
25;2025-11-03;14;439
25;2025-11-03;15;512
25;2025-11-03;16;558
25;2025-11-03;17;621
25;2025-11-03;18;701
25;2025-11-03;19;438
25;2025-11-03;20;288
25;2025-11-03;21;195
25;2025-11-03;22;112
25;2025-11-03;23;15
25;2025-11-04;0;4
25;2025-11-04;1;0
25;2025-11-04;2;0
25;2025-11-04;3;0
25;2025-11-04;4;0
25;2025-11-04;5;5
25;2025-11-04;6;152
25;2025-11-04;7;483
25;2025-11-04;8;769
25;2025-11-04;9;433
25;2025-11-04;10;331
25;2025-11-04;11;367
25;2025-11-04;12;359
25;2025-11-04;13;467
25;2025-11-04;14;464
25;2025-11-04;15;559
25;2025-11-04;16;559
25;2025-11-04;17;601
25;2025-11-04;18;687
25;2025-11-04;19;473
25;2025-11-04;20;307
25;2025-11-04;21;197
25;2025-11-04;22;115
25;2025-11-04;23;14
25;2025-11-05;0;2
25;2025-11-05;1;0
25;2025-11-05;2;0
25;2025-11-05;3;0
25;2025-11-05;4;0
25;2025-11-05;5;6
25;2025-11-05;6;177
25;2025-11-05;7;552
25;2025-11-05;8;920
25;2025-11-05;9;484
25;2025-11-05;10;376
25;2025-11-05;11;431
25;2025-11-05;12;435
25;2025-11-05;13;542
25;2025-11-05;14;465
25;2025-11-05;15;563
25;2025-11-05;16;659
25;2025-11-05;17;766
25;2025-11-05;18;842
25;2025-11-05;19;557
25;2025-11-05;20;349
25;2025-11-05;21;225
25;2025-11-05;22;119
25;2025-11-05;23;10
25;2025-11-06;0;3
25;2025-11-06;1;0
25;2025-11-06;2;0
25;2025-11-06;3;0
25;2025-11-06;4;0
25;2025-11-06;5;7
25;2025-11-06;6;176
25;2025-11-06;7;539
25;2025-11-06;8;910
25;2025-11-06;9;478
25;2025-11-06;10;381
25;2025-11-06;11;416
25;2025-11-06;12;424
25;2025-11-06;13;506
25;2025-11-06;14;502
25;2025-11-06;15;578
25;2025-11-06;16;681
25;2025-11-06;17;764
25;2025-11-06;18;802
25;2025-11-06;19;557
25;2025-11-06;20;316
25;2025-11-06;21;219
25;2025-11-06;22;122
25;2025-11-06;23;13
25;2025-11-07;0;3
25;2025-11-07;1;0
25;2025-11-07;2;0
25;2025-11-07;3;0
25;2025-11-07;4;0
25;2025-11-07;5;6
25;2025-11-07;6;178
25;2025-11-07;7;527
25;2025-11-07;8;845
25;2025-11-07;9;445
25;2025-11-07;10;366
25;2025-11-07;11;426
25;2025-11-07;12;431
25;2025-11-07;13;533
25;2025-11-07;14;510
25;2025-11-07;15;617
25;2025-11-07;16;740
25;2025-11-07;17;768
25;2025-11-07;18;672
25;2025-11-07;19;518
25;2025-11-07;20;323
25;2025-11-07;21;218
25;2025-11-07;22;132
25;2025-11-07;23;18
25;2025-11-08;0;3
25;2025-11-08;1;0
25;2025-11-08;2;0
25;2025-11-08;3;0
25;2025-11-08;4;0
25;2025-11-08;5;4
25;2025-11-08;6;69
25;2025-11-08;7;141
25;2025-11-08;8;310
25;2025-11-08;9;302
25;2025-11-08;10;297
25;2025-11-08;11;385
25;2025-11-08;12;394
25;2025-11-08;13;543
25;2025-11-08;14;574
25;2025-11-08;15;666
25;2025-11-08;16;594
25;2025-11-08;17;518
25;2025-11-08;18;512
25;2025-11-08;19;435
25;2025-11-08;20;277
25;2025-11-08;21;221
25;2025-11-08;22;139
25;2025-11-08;23;55
25;2025-11-09;0;18
25;2025-11-09;1;0
25;2025-11-09;2;0
25;2025-11-09;3;0
25;2025-11-09;4;0
25;2025-11-09;5;3
25;2025-11-09;6;57
25;2025-11-09;7;103
25;2025-11-09;8;189
25;2025-11-09;9;222
25;2025-11-09;10;224
25;2025-11-09;11;290
25;2025-11-09;12;360
25;2025-11-09;13;458
25;2025-11-09;14;499
25;2025-11-09;15;601
25;2025-11-09;16;508
25;2025-11-09;17;482
25;2025-11-09;18;450
25;2025-11-09;19;356
25;2025-11-09;20;250
25;2025-11-09;21;198
25;2025-11-09;22;116
25;2025-11-09;23;39
25;2025-11-10;0;11
25;2025-11-10;1;0
25;2025-11-10;2;0
25;2025-11-10;3;0
25;2025-11-10;4;0
25;2025-11-10;5;6
25;2025-11-10;6;176
25;2025-11-10;7;541
25;2025-11-10;8;914
25;2025-11-10;9;488
25;2025-11-10;10;346
25;2025-11-10;11;389
25;2025-11-10;12;393
25;2025-11-10;13;517
25;2025-11-10;14;435
25;2025-11-10;15;507
25;2025-11-10;16;662
25;2025-11-10;17;736
25;2025-11-10;18;831
25;2025-11-10;19;519
25;2025-11-10;20;318
25;2025-11-10;21;218
25;2025-11-10;22;101
25;2025-11-10;23;13
25;2025-11-11;0;3
25;2025-11-11;1;0
25;2025-11-11;2;0
25;2025-11-11;3;0
25;2025-11-11;4;0
25;2025-11-11;5;6
25;2025-11-11;6;184
25;2025-11-11;7;582
25;2025-11-11;8;927
25;2025-11-11;9;506
25;2025-11-11;10;388
25;2025-11-11;11;443
25;2025-11-11;12;422
25;2025-11-11;13;494
25;2025-11-11;14;467
25;2025-11-11;15;563
25;2025-11-11;16;674
25;2025-11-11;17;724
25;2025-11-11;18;796
25;2025-11-11;19;570
25;2025-11-11;20;343
25;2025-11-11;21;222
25;2025-11-11;22;109
25;2025-11-11;23;12
25;2025-11-12;0;2
25;2025-11-12;1;0
25;2025-11-12;2;0
25;2025-11-12;3;0
25;2025-11-12;4;0
25;2025-11-12;5;6
25;2025-11-12;6;177
25;2025-11-12;7;555
25;2025-11-12;8;926
25;2025-11-12;9;484
25;2025-11-12;10;376
25;2025-11-12;11;434
25;2025-11-12;12;435
25;2025-11-12;13;546
25;2025-11-12;14;465
25;2025-11-12;15;564
25;2025-11-12;16;663
25;2025-11-12;17;770
25;2025-11-12;18;847
25;2025-11-12;19;560
25;2025-11-12;20;349
25;2025-11-12;21;225
25;2025-11-12;22;119
25;2025-11-12;23;10
25;2025-11-13;0;3
25;2025-11-13;1;0
25;2025-11-13;2;0
25;2025-11-13;3;0
25;2025-11-13;4;0
25;2025-11-13;5;7
25;2025-11-13;6;176
25;2025-11-13;7;539
25;2025-11-13;8;909
25;2025-11-13;9;478
25;2025-11-13;10;381
25;2025-11-13;11;415
25;2025-11-13;12;424
25;2025-11-13;13;506
25;2025-11-13;14;501
25;2025-11-13;15;578
25;2025-11-13;16;680
25;2025-11-13;17;763
25;2025-11-13;18;802
25;2025-11-13;19;557
25;2025-11-13;20;316
25;2025-11-13;21;219
25;2025-11-13;22;122
25;2025-11-13;23;13
25;2025-11-14;0;3
25;2025-11-14;1;0
25;2025-11-14;2;0
25;2025-11-14;3;0
25;2025-11-14;4;0
25;2025-11-14;5;6
25;2025-11-14;6;179
25;2025-11-14;7;530
25;2025-11-14;8;849
25;2025-11-14;9;445
25;2025-11-14;10;366
25;2025-11-14;11;428
25;2025-11-14;12;431
25;2025-11-14;13;536
25;2025-11-14;14;510
25;2025-11-14;15;617
25;2025-11-14;16;744
25;2025-11-14;17;772
25;2025-11-14;18;676
25;2025-11-14;19;521
25;2025-11-14;20;323
25;2025-11-14;21;218
25;2025-11-14;22;132
25;2025-11-14;23;18
25;2025-11-15;0;3
25;2025-11-15;1;0
25;2025-11-15;2;0
25;2025-11-15;3;0
25;2025-11-15;4;0
25;2025-11-15;5;4
25;2025-11-15;6;68
25;2025-11-15;7;141
25;2025-11-15;8;308
25;2025-11-15;9;300
25;2025-11-15;10;295
25;2025-11-15;11;385
25;2025-11-15;12;394
25;2025-11-15;13;540
25;2025-11-15;14;571
25;2025-11-15;15;663
25;2025-11-15;16;594
25;2025-11-15;17;515
25;2025-11-15;18;512
25;2025-11-15;19;435
25;2025-11-15;20;277
25;2025-11-15;21;221
25;2025-11-15;22;139
25;2025-11-15;23;55
25;2025-11-16;0;18
25;2025-11-16;1;0
25;2025-11-16;2;0
25;2025-11-16;3;0
25;2025-11-16;4;0
25;2025-11-16;5;3
25;2025-11-16;6;57
25;2025-11-16;7;103
25;2025-11-16;8;189
25;2025-11-16;9;222
25;2025-11-16;10;224
25;2025-11-16;11;290
25;2025-11-16;12;360
25;2025-11-16;13;458
25;2025-11-16;14;499
25;2025-11-16;15;601
25;2025-11-16;16;508
25;2025-11-16;17;482
25;2025-11-16;18;450
25;2025-11-16;19;356
25;2025-11-16;20;250
25;2025-11-16;21;198
25;2025-11-16;22;116
25;2025-11-16;23;39
25;2025-11-17;0;11
25;2025-11-17;1;0
25;2025-11-17;2;0
25;2025-11-17;3;0
25;2025-11-17;4;0
25;2025-11-17;5;6
25;2025-11-17;6;181
25;2025-11-17;7;541
25;2025-11-17;8;939
25;2025-11-17;9;502
25;2025-11-17;10;346
25;2025-11-17;11;400
25;2025-11-17;12;393
25;2025-11-17;13;532
25;2025-11-17;14;444
25;2025-11-17;15;521
25;2025-11-17;16;680
25;2025-11-17;17;745
25;2025-11-17;18;852
25;2025-11-17;19;533
25;2025-11-17;20;318
25;2025-11-17;21;218
25;2025-11-17;22;101
25;2025-11-17;23;13
25;2025-11-18;0;3
25;2025-11-18;1;0
25;2025-11-18;2;0
25;2025-11-18;3;0
25;2025-11-18;4;0
25;2025-11-18;5;6
25;2025-11-18;6;187
25;2025-11-18;7;586
25;2025-11-18;8;944
25;2025-11-18;9;506
25;2025-11-18;10;388
25;2025-11-18;11;451
25;2025-11-18;12;422
25;2025-11-18;13;503
25;2025-11-18;14;476
25;2025-11-18;15;573
25;2025-11-18;16;686
25;2025-11-18;17;738
25;2025-11-18;18;796
25;2025-11-18;19;570
25;2025-11-18;20;343
25;2025-11-18;21;222
25;2025-11-18;22;109
25;2025-11-18;23;12
25;2025-11-19;0;2
25;2025-11-19;1;0
25;2025-11-19;2;0
25;2025-11-19;3;0
25;2025-11-19;4;0
25;2025-11-19;5;7
25;2025-11-19;6;177
25;2025-11-19;7;562
25;2025-11-19;8;931
25;2025-11-19;9;484
25;2025-11-19;10;376
25;2025-11-19;11;441
25;2025-11-19;12;435
25;2025-11-19;13;556
25;2025-11-19;14;465
25;2025-11-19;15;564
25;2025-11-19;16;673
25;2025-11-19;17;784
25;2025-11-19;18;851
25;2025-11-19;19;568
25;2025-11-19;20;349
25;2025-11-19;21;225
25;2025-11-19;22;119
25;2025-11-19;23;10
25;2025-11-20;0;3
25;2025-11-20;1;0
25;2025-11-20;2;0
25;2025-11-20;3;0
25;2025-11-20;4;0
25;2025-11-20;5;7
25;2025-11-20;6;181
25;2025-11-20;7;554
25;2025-11-20;8;934
25;2025-11-20;9;478
25;2025-11-20;10;381
25;2025-11-20;11;427
25;2025-11-20;12;424
25;2025-11-20;13;520
25;2025-11-20;14;516
25;2025-11-20;15;594
25;2025-11-20;16;699
25;2025-11-20;17;778
25;2025-11-20;18;802
25;2025-11-20;19;564
25;2025-11-20;20;316
25;2025-11-20;21;219
25;2025-11-20;22;122
25;2025-11-20;23;13
25;2025-11-21;0;3
25;2025-11-21;1;0
25;2025-11-21;2;0
25;2025-11-21;3;0
25;2025-11-21;4;0
25;2025-11-21;5;6
25;2025-11-21;6;186
25;2025-11-21;7;551
25;2025-11-21;8;867
25;2025-11-21;9;445
25;2025-11-21;10;366
25;2025-11-21;11;445
25;2025-11-21;12;431
25;2025-11-21;13;546
25;2025-11-21;14;510
25;2025-11-21;15;617
25;2025-11-21;16;773
25;2025-11-21;17;776
25;2025-11-21;18;686
25;2025-11-21;19;528
25;2025-11-21;20;323
25;2025-11-21;21;218
25;2025-11-21;22;132
25;2025-11-21;23;18
25;2025-11-22;0;3
25;2025-11-22;1;0
25;2025-11-22;2;0
25;2025-11-22;3;0
25;2025-11-22;4;0
25;2025-11-22;5;4
25;2025-11-22;6;71
25;2025-11-22;7;141
25;2025-11-22;8;324
25;2025-11-22;9;315
25;2025-11-22;10;307
25;2025-11-22;11;385
25;2025-11-22;12;394
25;2025-11-22;13;567
25;2025-11-22;14;592
25;2025-11-22;15;686
25;2025-11-22;16;594
25;2025-11-22;17;522
25;2025-11-22;18;512
25;2025-11-22;19;435
25;2025-11-22;20;277
25;2025-11-22;21;221
25;2025-11-22;22;139
25;2025-11-22;23;55
25;2025-11-23;0;18
25;2025-11-23;1;0
25;2025-11-23;2;0
25;2025-11-23;3;0
25;2025-11-23;4;0
25;2025-11-23;5;3
25;2025-11-23;6;58
25;2025-11-23;7;103
25;2025-11-23;8;189
25;2025-11-23;9;222
25;2025-11-23;10;224
25;2025-11-23;11;290
25;2025-11-23;12;360
25;2025-11-23;13;469
25;2025-11-23;14;499
25;2025-11-23;15;617
25;2025-11-23;16;522
25;2025-11-23;17;495
25;2025-11-23;18;450
25;2025-11-23;19;356
25;2025-11-23;20;250
25;2025-11-23;21;198
25;2025-11-23;22;116
25;2025-11-23;23;39
25;2025-11-24;0;11
25;2025-11-24;1;0
25;2025-11-24;2;0
25;2025-11-24;3;0
25;2025-11-24;4;0
25;2025-11-24;5;6
25;2025-11-24;6;185
25;2025-11-24;7;541
25;2025-11-24;8;957
25;2025-11-24;9;512
25;2025-11-24;10;346
25;2025-11-24;11;403
25;2025-11-24;12;393
25;2025-11-24;13;542
25;2025-11-24;14;444
25;2025-11-24;15;522
25;2025-11-24;16;693
25;2025-11-24;17;745
25;2025-11-24;18;852
25;2025-11-24;19;544
25;2025-11-24;20;318
25;2025-11-24;21;218
25;2025-11-24;22;101
25;2025-11-24;23;13
25;2025-11-25;0;3
25;2025-11-25;1;0
25;2025-11-25;2;0
25;2025-11-25;3;0
25;2025-11-25;4;0
25;2025-11-25;5;6
25;2025-11-25;6;188
25;2025-11-25;7;586
25;2025-11-25;8;960
25;2025-11-25;9;506
25;2025-11-25;10;388
25;2025-11-25;11;459
25;2025-11-25;12;422
25;2025-11-25;13;512
25;2025-11-25;14;480
25;2025-11-25;15;573
25;2025-11-25;16;698
25;2025-11-25;17;750
25;2025-11-25;18;796
25;2025-11-25;19;570
25;2025-11-25;20;343
25;2025-11-25;21;222
25;2025-11-25;22;109
25;2025-11-25;23;12
25;2025-11-26;0;2
25;2025-11-26;1;0
25;2025-11-26;2;0
25;2025-11-26;3;0
25;2025-11-26;4;0
25;2025-11-26;5;7
25;2025-11-26;6;177
25;2025-11-26;7;562
25;2025-11-26;8;931
25;2025-11-26;9;484
25;2025-11-26;10;376
25;2025-11-26;11;441
25;2025-11-26;12;435
25;2025-11-26;13;565
25;2025-11-26;14;465
25;2025-11-26;15;564
25;2025-11-26;16;673
25;2025-11-26;17;798
25;2025-11-26;18;851
25;2025-11-26;19;568
25;2025-11-26;20;349
25;2025-11-26;21;225
25;2025-11-26;22;119
25;2025-11-26;23;10
25;2025-11-27;0;3
25;2025-11-27;1;0
25;2025-11-27;2;0
25;2025-11-27;3;0
25;2025-11-27;4;0
25;2025-11-27;5;7
25;2025-11-27;6;183
25;2025-11-27;7;561
25;2025-11-27;8;947
25;2025-11-27;9;478
25;2025-11-27;10;381
25;2025-11-27;11;431
25;2025-11-27;12;424
25;2025-11-27;13;527
25;2025-11-27;14;522
25;2025-11-27;15;595
25;2025-11-27;16;702
25;2025-11-27;17;778
25;2025-11-27;18;802
25;2025-11-27;19;564
25;2025-11-27;20;316
25;2025-11-27;21;219
25;2025-11-27;22;122
25;2025-11-27;23;13
25;2025-11-28;0;3
25;2025-11-28;1;0
25;2025-11-28;2;0
25;2025-11-28;3;0
25;2025-11-28;4;0
25;2025-11-28;5;6
25;2025-11-28;6;187
25;2025-11-28;7;554
25;2025-11-28;8;867
25;2025-11-28;9;445
25;2025-11-28;10;366
25;2025-11-28;11;446
25;2025-11-28;12;431
25;2025-11-28;13;546
25;2025-11-28;14;510
25;2025-11-28;15;617
25;2025-11-28;16;777
25;2025-11-28;17;776
25;2025-11-28;18;686
25;2025-11-28;19;528
25;2025-11-28;20;323
25;2025-11-28;21;218
25;2025-11-28;22;132
25;2025-11-28;23;18
25;2025-11-29;0;3
25;2025-11-29;1;0
25;2025-11-29;2;0
25;2025-11-29;3;0
25;2025-11-29;4;0
25;2025-11-29;5;4
25;2025-11-29;6;71
25;2025-11-29;7;141
25;2025-11-29;8;323
25;2025-11-29;9;314
25;2025-11-29;10;307
25;2025-11-29;11;385
25;2025-11-29;12;394
25;2025-11-29;13;565
25;2025-11-29;14;592
25;2025-11-29;15;686
25;2025-11-29;16;594
25;2025-11-29;17;522
25;2025-11-29;18;512
25;2025-11-29;19;435
25;2025-11-29;20;277
25;2025-11-29;21;221
25;2025-11-29;22;139
25;2025-11-29;23;55
25;2025-11-30;0;18
25;2025-11-30;1;0
25;2025-11-30;2;0
25;2025-11-30;3;0
25;2025-11-30;4;0
25;2025-11-30;5;3
25;2025-11-30;6;58
25;2025-11-30;7;103
25;2025-11-30;8;189
25;2025-11-30;9;222
25;2025-11-30;10;224
25;2025-11-30;11;290
25;2025-11-30;12;360
25;2025-11-30;13;465
25;2025-11-30;14;499
25;2025-11-30;15;610
25;2025-11-30;16;516
25;2025-11-30;17;489
25;2025-11-30;18;450
25;2025-11-30;19;356
25;2025-11-30;20;250
25;2025-11-30;21;198
25;2025-11-30;22;116
25;2025-11-30;23;39
25;2025-12-01;0;11
25;2025-12-01;1;0
25;2025-12-01;2;0
25;2025-12-01;3;0
25;2025-12-01;4;0
25;2025-12-01;5;6
25;2025-12-01;6;184
25;2025-12-01;7;541
25;2025-12-01;8;955
25;2025-12-01;9;510
25;2025-12-01;10;346
25;2025-12-01;11;403
25;2025-12-01;12;393
25;2025-12-01;13;541
25;2025-12-01;14;444
25;2025-12-01;15;522
25;2025-12-01;16;691
25;2025-12-01;17;745
25;2025-12-01;18;852
25;2025-12-01;19;542
25;2025-12-01;20;318
25;2025-12-01;21;218
25;2025-12-01;22;101
25;2025-12-01;23;13
25;2025-12-02;0;3
25;2025-12-02;1;0
25;2025-12-02;2;0
25;2025-12-02;3;0
25;2025-12-02;4;0
25;2025-12-02;5;6
25;2025-12-02;6;188
25;2025-12-02;7;586
25;2025-12-02;8;952
25;2025-12-02;9;506
25;2025-12-02;10;388
25;2025-12-02;11;455
25;2025-12-02;12;422
25;2025-12-02;13;507
25;2025-12-02;14;480
25;2025-12-02;15;573
25;2025-12-02;16;692
25;2025-12-02;17;744
25;2025-12-02;18;796
25;2025-12-02;19;570
25;2025-12-02;20;343
25;2025-12-02;21;222
25;2025-12-02;22;109
25;2025-12-02;23;12
25;2025-12-03;0;2
25;2025-12-03;1;0
25;2025-12-03;2;0
25;2025-12-03;3;0
25;2025-12-03;4;0
25;2025-12-03;5;7
25;2025-12-03;6;177
25;2025-12-03;7;562
25;2025-12-03;8;931
25;2025-12-03;9;484
25;2025-12-03;10;376
25;2025-12-03;11;441
25;2025-12-03;12;435
25;2025-12-03;13;564
25;2025-12-03;14;465
25;2025-12-03;15;564
25;2025-12-03;16;673
25;2025-12-03;17;796
25;2025-12-03;18;851
25;2025-12-03;19;568
25;2025-12-03;20;349
25;2025-12-03;21;225
25;2025-12-03;22;119
25;2025-12-03;23;10
25;2025-12-04;0;3
25;2025-12-04;1;0
25;2025-12-04;2;0
25;2025-12-04;3;0
25;2025-12-04;4;0
25;2025-12-04;5;7
25;2025-12-04;6;184
25;2025-12-04;7;562
25;2025-12-04;8;948
25;2025-12-04;9;478
25;2025-12-04;10;381
25;2025-12-04;11;431
25;2025-12-04;12;424
25;2025-12-04;13;527
25;2025-12-04;14;523
25;2025-12-04;15;595
25;2025-12-04;16;702
25;2025-12-04;17;778
25;2025-12-04;18;802
25;2025-12-04;19;564
25;2025-12-04;20;316
25;2025-12-04;21;219
25;2025-12-04;22;122
25;2025-12-04;23;13
25;2025-12-05;0;3
25;2025-12-05;1;0
25;2025-12-05;2;0
25;2025-12-05;3;0
25;2025-12-05;4;0
25;2025-12-05;5;6
25;2025-12-05;6;188
25;2025-12-05;7;558
25;2025-12-05;8;867
25;2025-12-05;9;445
25;2025-12-05;10;366
25;2025-12-05;11;446
25;2025-12-05;12;431
25;2025-12-05;13;546
25;2025-12-05;14;510
25;2025-12-05;15;617
25;2025-12-05;16;783
25;2025-12-05;17;776
25;2025-12-05;18;686
25;2025-12-05;19;528
25;2025-12-05;20;323
25;2025-12-05;21;218
25;2025-12-05;22;132
25;2025-12-05;23;18
25;2025-12-06;0;3
25;2025-12-06;1;0
25;2025-12-06;2;0
25;2025-12-06;3;0
25;2025-12-06;4;0
25;2025-12-06;5;4
25;2025-12-06;6;71
25;2025-12-06;7;141
25;2025-12-06;8;326
25;2025-12-06;9;316
25;2025-12-06;10;307
25;2025-12-06;11;385
25;2025-12-06;12;394
25;2025-12-06;13;571
25;2025-12-06;14;592
25;2025-12-06;15;686
25;2025-12-06;16;594
25;2025-12-06;17;522
25;2025-12-06;18;512
25;2025-12-06;19;435
25;2025-12-06;20;277
25;2025-12-06;21;221
25;2025-12-06;22;139
25;2025-12-06;23;55
25;2025-12-07;0;18
25;2025-12-07;1;0
25;2025-12-07;2;0
25;2025-12-07;3;0
25;2025-12-07;4;0
25;2025-12-07;5;3
25;2025-12-07;6;58
25;2025-12-07;7;103
25;2025-12-07;8;189
25;2025-12-07;9;222
25;2025-12-07;10;224
25;2025-12-07;11;290
25;2025-12-07;12;360
25;2025-12-07;13;467
25;2025-12-07;14;499
25;2025-12-07;15;612
25;2025-12-07;16;518
25;2025-12-07;17;491
25;2025-12-07;18;450
25;2025-12-07;19;356
25;2025-12-07;20;250
25;2025-12-07;21;198
25;2025-12-07;22;116
25;2025-12-07;23;39
25;2025-12-08;0;11
25;2025-12-08;1;0
25;2025-12-08;2;0
25;2025-12-08;3;0
25;2025-12-08;4;0
25;2025-12-08;5;6
25;2025-12-08;6;182
25;2025-12-08;7;541
25;2025-12-08;8;946
25;2025-12-08;9;506
25;2025-12-08;10;346
25;2025-12-08;11;403
25;2025-12-08;12;393
25;2025-12-08;13;536
25;2025-12-08;14;444
25;2025-12-08;15;522
25;2025-12-08;16;685
25;2025-12-08;17;745
25;2025-12-08;18;852
25;2025-12-08;19;537
25;2025-12-08;20;318
25;2025-12-08;21;218
25;2025-12-08;22;101
25;2025-12-08;23;13
25;2025-12-09;0;3
25;2025-12-09;1;0
25;2025-12-09;2;0
25;2025-12-09;3;0
25;2025-12-09;4;0
25;2025-12-09;5;6
25;2025-12-09;6;188
25;2025-12-09;7;586
25;2025-12-09;8;953
25;2025-12-09;9;506
25;2025-12-09;10;388
25;2025-12-09;11;455
25;2025-12-09;12;422
25;2025-12-09;13;508
25;2025-12-09;14;480
25;2025-12-09;15;573
25;2025-12-09;16;693
25;2025-12-09;17;744
25;2025-12-09;18;796
25;2025-12-09;19;570
25;2025-12-09;20;343
25;2025-12-09;21;222
25;2025-12-09;22;109
25;2025-12-09;23;12
25;2025-12-10;0;2
25;2025-12-10;1;0
25;2025-12-10;2;0
25;2025-12-10;3;0
25;2025-12-10;4;0
25;2025-12-10;5;7
25;2025-12-10;6;177
25;2025-12-10;7;562
25;2025-12-10;8;931
25;2025-12-10;9;484
25;2025-12-10;10;376
25;2025-12-10;11;441
25;2025-12-10;12;435
25;2025-12-10;13;564
25;2025-12-10;14;465
25;2025-12-10;15;564
25;2025-12-10;16;673
25;2025-12-10;17;796
25;2025-12-10;18;851
25;2025-12-10;19;568
25;2025-12-10;20;349
25;2025-12-10;21;225
25;2025-12-10;22;119
25;2025-12-10;23;10
25;2025-12-11;0;3
25;2025-12-11;1;0
25;2025-12-11;2;0
25;2025-12-11;3;0
25;2025-12-11;4;0
25;2025-12-11;5;7
25;2025-12-11;6;184
25;2025-12-11;7;562
25;2025-12-11;8;948
25;2025-12-11;9;478
25;2025-12-11;10;381
25;2025-12-11;11;431
25;2025-12-11;12;424
25;2025-12-11;13;528
25;2025-12-11;14;523
25;2025-12-11;15;595
25;2025-12-11;16;702
25;2025-12-11;17;778
25;2025-12-11;18;802
25;2025-12-11;19;564
25;2025-12-11;20;316
25;2025-12-11;21;219
25;2025-12-11;22;122
25;2025-12-11;23;13
25;2025-12-12;0;3
25;2025-12-12;1;0
25;2025-12-12;2;0
25;2025-12-12;3;0
25;2025-12-12;4;0
25;2025-12-12;5;6
25;2025-12-12;6;188
25;2025-12-12;7;557
25;2025-12-12;8;867
25;2025-12-12;9;445
25;2025-12-12;10;366
25;2025-12-12;11;446
25;2025-12-12;12;431
25;2025-12-12;13;546
25;2025-12-12;14;510
25;2025-12-12;15;617
25;2025-12-12;16;781
25;2025-12-12;17;776
25;2025-12-12;18;686
25;2025-12-12;19;528
25;2025-12-12;20;323
25;2025-12-12;21;218
25;2025-12-12;22;132
25;2025-12-12;23;18
25;2025-12-13;0;3
25;2025-12-13;1;0
25;2025-12-13;2;0
25;2025-12-13;3;0
25;2025-12-13;4;0
25;2025-12-13;5;4
25;2025-12-13;6;71
25;2025-12-13;7;141
25;2025-12-13;8;326
25;2025-12-13;9;316
25;2025-12-13;10;307
25;2025-12-13;11;385
25;2025-12-13;12;394
25;2025-12-13;13;570
25;2025-12-13;14;592
25;2025-12-13;15;686
25;2025-12-13;16;594
25;2025-12-13;17;522
25;2025-12-13;18;512
25;2025-12-13;19;435
25;2025-12-13;20;277
25;2025-12-13;21;221
25;2025-12-13;22;139
25;2025-12-13;23;55
25;2025-12-14;0;18
25;2025-12-14;1;0
25;2025-12-14;2;0
25;2025-12-14;3;0
25;2025-12-14;4;0
25;2025-12-14;5;3
25;2025-12-14;6;58
25;2025-12-14;7;103
25;2025-12-14;8;189
25;2025-12-14;9;222
25;2025-12-14;10;224
25;2025-12-14;11;290
25;2025-12-14;12;360
25;2025-12-14;13;469
25;2025-12-14;14;499
25;2025-12-14;15;619
25;2025-12-14;16;523
25;2025-12-14;17;496
25;2025-12-14;18;450
25;2025-12-14;19;356
25;2025-12-14;20;250
25;2025-12-14;21;198
25;2025-12-14;22;116
25;2025-12-14;23;39
25;2025-12-15;0;11
25;2025-12-15;1;0
25;2025-12-15;2;0
25;2025-12-15;3;0
25;2025-12-15;4;0
25;2025-12-15;5;6
25;2025-12-15;6;182
25;2025-12-15;7;541
25;2025-12-15;8;944
25;2025-12-15;9;505
25;2025-12-15;10;346
25;2025-12-15;11;402
25;2025-12-15;12;393
25;2025-12-15;13;535
25;2025-12-15;14;444
25;2025-12-15;15;522
25;2025-12-15;16;684
25;2025-12-15;17;745
25;2025-12-15;18;852
25;2025-12-15;19;536
25;2025-12-15;20;318
25;2025-12-15;21;218
25;2025-12-15;22;101
25;2025-12-15;23;13
25;2025-12-16;0;3
25;2025-12-16;1;0
25;2025-12-16;2;0
25;2025-12-16;3;0
25;2025-12-16;4;0
25;2025-12-16;5;6
25;2025-12-16;6;187
25;2025-12-16;7;586
25;2025-12-16;8;942
25;2025-12-16;9;506
25;2025-12-16;10;388
25;2025-12-16;11;450
25;2025-12-16;12;422
25;2025-12-16;13;502
25;2025-12-16;14;475
25;2025-12-16;15;573
25;2025-12-16;16;685
25;2025-12-16;17;736
25;2025-12-16;18;796
25;2025-12-16;19;570
25;2025-12-16;20;343
25;2025-12-16;21;222
25;2025-12-16;22;109
25;2025-12-16;23;12
25;2025-12-17;0;2
25;2025-12-17;1;0
25;2025-12-17;2;0
25;2025-12-17;3;0
25;2025-12-17;4;0
25;2025-12-17;5;6
25;2025-12-17;6;177
25;2025-12-17;7;562
25;2025-12-17;8;931
25;2025-12-17;9;484
25;2025-12-17;10;376
25;2025-12-17;11;440
25;2025-12-17;12;435
25;2025-12-17;13;554
25;2025-12-17;14;465
25;2025-12-17;15;564
25;2025-12-17;16;673
25;2025-12-17;17;782
25;2025-12-17;18;851
25;2025-12-17;19;568
25;2025-12-17;20;349
25;2025-12-17;21;225
25;2025-12-17;22;119
25;2025-12-17;23;10
25;2025-12-18;0;3
25;2025-12-18;1;0
25;2025-12-18;2;0
25;2025-12-18;3;0
25;2025-12-18;4;0
25;2025-12-18;5;7
25;2025-12-18;6;179
25;2025-12-18;7;547
25;2025-12-18;8;923
25;2025-12-18;9;478
25;2025-12-18;10;381
25;2025-12-18;11;422
25;2025-12-18;12;424
25;2025-12-18;13;514
25;2025-12-18;14;509
25;2025-12-18;15;587
25;2025-12-18;16;691
25;2025-12-18;17;775
25;2025-12-18;18;802
25;2025-12-18;19;564
25;2025-12-18;20;316
25;2025-12-18;21;219
25;2025-12-18;22;122
25;2025-12-18;23;13
25;2025-12-19;0;3
25;2025-12-19;1;0
25;2025-12-19;2;0
25;2025-12-19;3;0
25;2025-12-19;4;0
25;2025-12-19;5;6
25;2025-12-19;6;185
25;2025-12-19;7;548
25;2025-12-19;8;867
25;2025-12-19;9;445
25;2025-12-19;10;366
25;2025-12-19;11;442
25;2025-12-19;12;431
25;2025-12-19;13;546
25;2025-12-19;14;510
25;2025-12-19;15;617
25;2025-12-19;16;769
25;2025-12-19;17;776
25;2025-12-19;18;686
25;2025-12-19;19;528
25;2025-12-19;20;323
25;2025-12-19;21;218
25;2025-12-19;22;132
25;2025-12-19;23;18
25;2025-12-20;0;3
25;2025-12-20;1;0
25;2025-12-20;2;0
25;2025-12-20;3;0
25;2025-12-20;4;0
25;2025-12-20;5;4
25;2025-12-20;6;70
25;2025-12-20;7;141
25;2025-12-20;8;317
25;2025-12-20;9;309
25;2025-12-20;10;304
25;2025-12-20;11;385
25;2025-12-20;12;394
25;2025-12-20;13;555
25;2025-12-20;14;587
25;2025-12-20;15;682
25;2025-12-20;16;594
25;2025-12-20;17;522
25;2025-12-20;18;512
25;2025-12-20;19;435
25;2025-12-20;20;277
25;2025-12-20;21;221
25;2025-12-20;22;139
25;2025-12-20;23;55
25;2025-12-21;0;18
25;2025-12-21;1;0
25;2025-12-21;2;0
25;2025-12-21;3;0
25;2025-12-21;4;0
25;2025-12-21;5;3
25;2025-12-21;6;58
25;2025-12-21;7;103
25;2025-12-21;8;189
25;2025-12-21;9;222
25;2025-12-21;10;224
25;2025-12-21;11;290
25;2025-12-21;12;360
25;2025-12-21;13;464
25;2025-12-21;14;499
25;2025-12-21;15;609
25;2025-12-21;16;515
25;2025-12-21;17;488
25;2025-12-21;18;450
25;2025-12-21;19;356
25;2025-12-21;20;250
25;2025-12-21;21;198
25;2025-12-21;22;116
25;2025-12-21;23;39
25;2025-12-22;0;11
25;2025-12-22;1;0
25;2025-12-22;2;0
25;2025-12-22;3;0
25;2025-12-22;4;0
25;2025-12-22;5;6
25;2025-12-22;6;179
25;2025-12-22;7;541
25;2025-12-22;8;927
25;2025-12-22;9;496
25;2025-12-22;10;346
25;2025-12-22;11;395
25;2025-12-22;12;393
25;2025-12-22;13;525
25;2025-12-22;14;442
25;2025-12-22;15;515
25;2025-12-22;16;671
25;2025-12-22;17;745
25;2025-12-22;18;843
25;2025-12-22;19;527
25;2025-12-22;20;318
25;2025-12-22;21;218
25;2025-12-22;22;101
25;2025-12-22;23;13
25;2025-12-23;0;3
25;2025-12-23;1;0
25;2025-12-23;2;0
25;2025-12-23;3;0
25;2025-12-23;4;0
25;2025-12-23;5;6
25;2025-12-23;6;185
25;2025-12-23;7;586
25;2025-12-23;8;933
25;2025-12-23;9;506
25;2025-12-23;10;388
25;2025-12-23;11;446
25;2025-12-23;12;422
25;2025-12-23;13;497
25;2025-12-23;14;471
25;2025-12-23;15;567
25;2025-12-23;16;678
25;2025-12-23;17;729
25;2025-12-23;18;796
25;2025-12-23;19;570
25;2025-12-23;20;343
25;2025-12-23;21;222
25;2025-12-23;22;109
25;2025-12-23;23;12
25;2025-12-24;0;2
25;2025-12-24;1;0
25;2025-12-24;2;0
25;2025-12-24;3;0
25;2025-12-24;4;0
25;2025-12-24;5;6
25;2025-12-24;6;177
25;2025-12-24;7;552
25;2025-12-24;8;920
25;2025-12-24;9;484
25;2025-12-24;10;376
25;2025-12-24;11;431
25;2025-12-24;12;435
25;2025-12-24;13;542
25;2025-12-24;14;465
25;2025-12-24;15;563
25;2025-12-24;16;659
25;2025-12-24;17;765
25;2025-12-24;18;841
25;2025-12-24;19;556
25;2025-12-24;20;349
25;2025-12-24;21;225
25;2025-12-24;22;119
25;2025-12-24;23;10
25;2025-12-25;0;3
25;2025-12-25;1;0
25;2025-12-25;2;0
25;2025-12-25;3;0
25;2025-12-25;4;0
25;2025-12-25;5;7
25;2025-12-25;6;175
25;2025-12-25;7;535
25;2025-12-25;8;903
25;2025-12-25;9;478
25;2025-12-25;10;381
25;2025-12-25;11;413
25;2025-12-25;12;424
25;2025-12-25;13;503
25;2025-12-25;14;498
25;2025-12-25;15;574
25;2025-12-25;16;676
25;2025-12-25;17;758
25;2025-12-25;18;802
25;2025-12-25;19;553
25;2025-12-25;20;316
25;2025-12-25;21;219
25;2025-12-25;22;122
25;2025-12-25;23;13
25;2025-12-26;0;3
25;2025-12-26;1;0
25;2025-12-26;2;0
25;2025-12-26;3;0
25;2025-12-26;4;0
25;2025-12-26;5;6
25;2025-12-26;6;179
25;2025-12-26;7;530
25;2025-12-26;8;849
25;2025-12-26;9;445
25;2025-12-26;10;366
25;2025-12-26;11;428
25;2025-12-26;12;431
25;2025-12-26;13;536
25;2025-12-26;14;510
25;2025-12-26;15;617
25;2025-12-26;16;744
25;2025-12-26;17;772
25;2025-12-26;18;676
25;2025-12-26;19;521
25;2025-12-26;20;323
25;2025-12-26;21;218
25;2025-12-26;22;132
25;2025-12-26;23;18
25;2025-12-27;0;3
25;2025-12-27;1;0
25;2025-12-27;2;0
25;2025-12-27;3;0
25;2025-12-27;4;0
25;2025-12-27;5;4
25;2025-12-27;6;70
25;2025-12-27;7;141
25;2025-12-27;8;313
25;2025-12-27;9;305
25;2025-12-27;10;300
25;2025-12-27;11;385
25;2025-12-27;12;394
25;2025-12-27;13;549
25;2025-12-27;14;580
25;2025-12-27;15;673
25;2025-12-27;16;594
25;2025-12-27;17;522
25;2025-12-27;18;512
25;2025-12-27;19;435
25;2025-12-27;20;277
25;2025-12-27;21;221
25;2025-12-27;22;139
25;2025-12-27;23;55
25;2025-12-28;0;18
25;2025-12-28;1;0
25;2025-12-28;2;0
25;2025-12-28;3;0
25;2025-12-28;4;0
25;2025-12-28;5;3
25;2025-12-28;6;57
25;2025-12-28;7;103
25;2025-12-28;8;189
25;2025-12-28;9;222
25;2025-12-28;10;224
25;2025-12-28;11;290
25;2025-12-28;12;360
25;2025-12-28;13;460
25;2025-12-28;14;499
25;2025-12-28;15;604
25;2025-12-28;16;510
25;2025-12-28;17;484
25;2025-12-28;18;450
25;2025-12-28;19;356
25;2025-12-28;20;250
25;2025-12-28;21;198
25;2025-12-28;22;116
25;2025-12-28;23;39
25;2025-12-29;0;11
25;2025-12-29;1;0
25;2025-12-29;2;0
25;2025-12-29;3;0
25;2025-12-29;4;0
25;2025-12-29;5;6
25;2025-12-29;6;172
25;2025-12-29;7;540
25;2025-12-29;8;891
25;2025-12-29;9;476
25;2025-12-29;10;345
25;2025-12-29;11;379
25;2025-12-29;12;391
25;2025-12-29;13;505
25;2025-12-29;14;424
25;2025-12-29;15;495
25;2025-12-29;16;645
25;2025-12-29;17;717
25;2025-12-29;18;811
25;2025-12-29;19;506
25;2025-12-29;20;318
25;2025-12-29;21;218
25;2025-12-29;22;101
25;2025-12-29;23;13
25;2025-12-30;0;3
25;2025-12-30;1;0
25;2025-12-30;2;0
25;2025-12-30;3;0
25;2025-12-30;4;0
25;2025-12-30;5;6
25;2025-12-30;6;175
25;2025-12-30;7;554
25;2025-12-30;8;882
25;2025-12-30;9;497
25;2025-12-30;10;379
25;2025-12-30;11;421
25;2025-12-30;12;406
25;2025-12-30;13;470
25;2025-12-30;14;445
25;2025-12-30;15;536
25;2025-12-30;16;642
25;2025-12-30;17;690
25;2025-12-30;18;789
25;2025-12-30;19;543
25;2025-12-30;20;343
25;2025-12-30;21;222
25;2025-12-30;22;109
25;2025-12-30;23;12
25;2025-12-31;0;3
25;2025-12-31;1;0
25;2025-12-31;2;0
25;2025-12-31;3;0
25;2025-12-31;4;0
25;2025-12-31;5;5
25;2025-12-31;6;156
25;2025-12-31;7;467
25;2025-12-31;8;777
25;2025-12-31;9;419
25;2025-12-31;10;331
25;2025-12-31;11;364
25;2025-12-31;12;375
25;2025-12-31;13;465
25;2025-12-31;14;442
25;2025-12-31;15;531
25;2025-12-31;16;557
25;2025-12-31;17;647
25;2025-12-31;18;711
25;2025-12-31;19;470
25;2025-12-31;20;325
25;2025-12-31;21;220
25;2025-12-31;22;119
25;2025-12-31;23;12
26;2025-11-01;0;45
26;2025-11-01;1;0
26;2025-11-01;2;0
26;2025-11-01;3;0
26;2025-11-01;4;0
26;2025-11-01;5;36
26;2025-11-01;6;273
26;2025-11-01;7;366
26;2025-11-01;8;548
26;2025-11-01;9;653
26;2025-11-01;10;757
26;2025-11-01;11;919
26;2025-11-01;12;946
26;2025-11-01;13;955
26;2025-11-01;14;953
26;2025-11-01;15;886
26;2025-11-01;16;893
26;2025-11-01;17;864
26;2025-11-01;18;837
26;2025-11-01;19;793
26;2025-11-01;20;558
26;2025-11-01;21;377
26;2025-11-01;22;233
26;2025-11-01;23;150
26;2025-11-02;0;54
26;2025-11-02;1;0
26;2025-11-02;2;0
26;2025-11-02;3;0
26;2025-11-02;4;0
26;2025-11-02;5;23
26;2025-11-02;6;165
26;2025-11-02;7;269
26;2025-11-02;8;390
26;2025-11-02;9;532
26;2025-11-02;10;587
26;2025-11-02;11;776
26;2025-11-02;12;813
26;2025-11-02;13;837
26;2025-11-02;14;816
26;2025-11-02;15;774
26;2025-11-02;16;769
26;2025-11-02;17;777
26;2025-11-02;18;727
26;2025-11-02;19;585
26;2025-11-02;20;449
26;2025-11-02;21;306
26;2025-11-02;22;206
26;2025-11-02;23;116
26;2025-11-03;0;34
26;2025-11-03;1;0
26;2025-11-03;2;0
26;2025-11-03;3;0
26;2025-11-03;4;0
26;2025-11-03;5;58
26;2025-11-03;6;501
26;2025-11-03;7;980
26;2025-11-03;8;1850
26;2025-11-03;9;1319
26;2025-11-03;10;1103
26;2025-11-03;11;958
26;2025-11-03;12;1000
26;2025-11-03;13;1062
26;2025-11-03;14;1036
26;2025-11-03;15;1130
26;2025-11-03;16;1284
26;2025-11-03;17;1499
26;2025-11-03;18;1724
26;2025-11-03;19;1183
26;2025-11-03;20;743
26;2025-11-03;21;432
26;2025-11-03;22;226
26;2025-11-03;23;113
26;2025-11-04;0;33
26;2025-11-04;1;0
26;2025-11-04;2;0
26;2025-11-04;3;0
26;2025-11-04;4;0
26;2025-11-04;5;61
26;2025-11-04;6;510
26;2025-11-04;7;1017
26;2025-11-04;8;1920
26;2025-11-04;9;1380
26;2025-11-04;10;1118
26;2025-11-04;11;1022
26;2025-11-04;12;1041
26;2025-11-04;13;1050
26;2025-11-04;14;1078
26;2025-11-04;15;1154
26;2025-11-04;16;1318
26;2025-11-04;17;1554
26;2025-11-04;18;1739
26;2025-11-04;19;1233
26;2025-11-04;20;771
26;2025-11-04;21;453
26;2025-11-04;22;236
26;2025-11-04;23;119
26;2025-11-05;0;35
26;2025-11-05;1;0
26;2025-11-05;2;0
26;2025-11-05;3;0
26;2025-11-05;4;0
26;2025-11-05;5;65
26;2025-11-05;6;486
26;2025-11-05;7;1045
26;2025-11-05;8;1979
26;2025-11-05;9;1446
26;2025-11-05;10;1187
26;2025-11-05;11;1072
26;2025-11-05;12;1123
26;2025-11-05;13;1156
26;2025-11-05;14;1204
26;2025-11-05;15;1244
26;2025-11-05;16;1373
26;2025-11-05;17;1593
26;2025-11-05;18;1786
26;2025-11-05;19;1241
26;2025-11-05;20;778
26;2025-11-05;21;505
26;2025-11-05;22;250
26;2025-11-05;23;132
26;2025-11-06;0;39
26;2025-11-06;1;0
26;2025-11-06;2;0
26;2025-11-06;3;0
26;2025-11-06;4;0
26;2025-11-06;5;58
26;2025-11-06;6;485
26;2025-11-06;7;1036
26;2025-11-06;8;1946
26;2025-11-06;9;1408
26;2025-11-06;10;1155
26;2025-11-06;11;1089
26;2025-11-06;12;1109
26;2025-11-06;13;1117
26;2025-11-06;14;1165
26;2025-11-06;15;1240
26;2025-11-06;16;1388
26;2025-11-06;17;1602
26;2025-11-06;18;1830
26;2025-11-06;19;1251
26;2025-11-06;20;752
26;2025-11-06;21;473
26;2025-11-06;22;249
26;2025-11-06;23;133
26;2025-11-07;0;37
26;2025-11-07;1;0
26;2025-11-07;2;0
26;2025-11-07;3;0
26;2025-11-07;4;0
26;2025-11-07;5;59
26;2025-11-07;6;505
26;2025-11-07;7;998
26;2025-11-07;8;1854
26;2025-11-07;9;1353
26;2025-11-07;10;1144
26;2025-11-07;11;1037
26;2025-11-07;12;1111
26;2025-11-07;13;1158
26;2025-11-07;14;1184
26;2025-11-07;15;1293
26;2025-11-07;16;1543
26;2025-11-07;17;1621
26;2025-11-07;18;1379
26;2025-11-07;19;1094
26;2025-11-07;20;714
26;2025-11-07;21;487
26;2025-11-07;22;248
26;2025-11-07;23;163
26;2025-11-08;0;46
26;2025-11-08;1;0
26;2025-11-08;2;0
26;2025-11-08;3;0
26;2025-11-08;4;0
26;2025-11-08;5;36
26;2025-11-08;6;265
26;2025-11-08;7;363
26;2025-11-08;8;545
26;2025-11-08;9;649
26;2025-11-08;10;753
26;2025-11-08;11;914
26;2025-11-08;12;940
26;2025-11-08;13;950
26;2025-11-08;14;948
26;2025-11-08;15;881
26;2025-11-08;16;888
26;2025-11-08;17;859
26;2025-11-08;18;833
26;2025-11-08;19;788
26;2025-11-08;20;554
26;2025-11-08;21;367
26;2025-11-08;22;233
26;2025-11-08;23;149
26;2025-11-09;0;54
26;2025-11-09;1;0
26;2025-11-09;2;0
26;2025-11-09;3;0
26;2025-11-09;4;0
26;2025-11-09;5;23
26;2025-11-09;6;166
26;2025-11-09;7;270
26;2025-11-09;8;390
26;2025-11-09;9;534
26;2025-11-09;10;587
26;2025-11-09;11;779
26;2025-11-09;12;817
26;2025-11-09;13;841
26;2025-11-09;14;819
26;2025-11-09;15;777
26;2025-11-09;16;772
26;2025-11-09;17;781
26;2025-11-09;18;730
26;2025-11-09;19;585
26;2025-11-09;20;449
26;2025-11-09;21;306
26;2025-11-09;22;206
26;2025-11-09;23;116
26;2025-11-10;0;32
26;2025-11-10;1;0
26;2025-11-10;2;0
26;2025-11-10;3;0
26;2025-11-10;4;0
26;2025-11-10;5;62
26;2025-11-10;6;501
26;2025-11-10;7;1049
26;2025-11-10;8;1980
26;2025-11-10;9;1412
26;2025-11-10;10;1173
26;2025-11-10;11;1023
26;2025-11-10;12;1048
26;2025-11-10;13;1137
26;2025-11-10;14;1109
26;2025-11-10;15;1210
26;2025-11-10;16;1375
26;2025-11-10;17;1605
26;2025-11-10;18;1846
26;2025-11-10;19;1219
26;2025-11-10;20;765
26;2025-11-10;21;445
26;2025-11-10;22;226
26;2025-11-10;23;110
26;2025-11-11;0;31
26;2025-11-11;1;0
26;2025-11-11;2;0
26;2025-11-11;3;0
26;2025-11-11;4;0
26;2025-11-11;5;61
26;2025-11-11;6;510
26;2025-11-11;7;1097
26;2025-11-11;8;2072
26;2025-11-11;9;1444
26;2025-11-11;10;1194
26;2025-11-11;11;1103
26;2025-11-11;12;1123
26;2025-11-11;13;1133
26;2025-11-11;14;1164
26;2025-11-11;15;1246
26;2025-11-11;16;1422
26;2025-11-11;17;1677
26;2025-11-11;18;1876
26;2025-11-11;19;1331
26;2025-11-11;20;779
26;2025-11-11;21;474
26;2025-11-11;22;236
26;2025-11-11;23;119
26;2025-11-12;0;35
26;2025-11-12;1;0
26;2025-11-12;2;0
26;2025-11-12;3;0
26;2025-11-12;4;0
26;2025-11-12;5;66
26;2025-11-12;6;486
26;2025-11-12;7;1064
26;2025-11-12;8;2015
26;2025-11-12;9;1454
26;2025-11-12;10;1187
26;2025-11-12;11;1081
26;2025-11-12;12;1126
26;2025-11-12;13;1169
26;2025-11-12;14;1226
26;2025-11-12;15;1266
26;2025-11-12;16;1398
26;2025-11-12;17;1622
26;2025-11-12;18;1818
26;2025-11-12;19;1241
26;2025-11-12;20;778
26;2025-11-12;21;505
26;2025-11-12;22;250
26;2025-11-12;23;132
26;2025-11-13;0;39
26;2025-11-13;1;0
26;2025-11-13;2;0
26;2025-11-13;3;0
26;2025-11-13;4;0
26;2025-11-13;5;58
26;2025-11-13;6;485
26;2025-11-13;7;1054
26;2025-11-13;8;1982
26;2025-11-13;9;1434
26;2025-11-13;10;1172
26;2025-11-13;11;1109
26;2025-11-13;12;1125
26;2025-11-13;13;1138
26;2025-11-13;14;1186
26;2025-11-13;15;1263
26;2025-11-13;16;1413
26;2025-11-13;17;1631
26;2025-11-13;18;1863
26;2025-11-13;19;1251
26;2025-11-13;20;752
26;2025-11-13;21;473
26;2025-11-13;22;249
26;2025-11-13;23;133
26;2025-11-14;0;37
26;2025-11-14;1;0
26;2025-11-14;2;0
26;2025-11-14;3;0
26;2025-11-14;4;0
26;2025-11-14;5;59
26;2025-11-14;6;505
26;2025-11-14;7;1021
26;2025-11-14;8;1898
26;2025-11-14;9;1384
26;2025-11-14;10;1170
26;2025-11-14;11;1062
26;2025-11-14;12;1124
26;2025-11-14;13;1182
26;2025-11-14;14;1211
26;2025-11-14;15;1323
26;2025-11-14;16;1579
26;2025-11-14;17;1659
26;2025-11-14;18;1411
26;2025-11-14;19;1094
26;2025-11-14;20;714
26;2025-11-14;21;487
26;2025-11-14;22;248
26;2025-11-14;23;163
26;2025-11-15;0;46
26;2025-11-15;1;0
26;2025-11-15;2;0
26;2025-11-15;3;0
26;2025-11-15;4;0
26;2025-11-15;5;37
26;2025-11-15;6;265
26;2025-11-15;7;369
26;2025-11-15;8;553
26;2025-11-15;9;659
26;2025-11-15;10;764
26;2025-11-15;11;927
26;2025-11-15;12;954
26;2025-11-15;13;964
26;2025-11-15;14;962
26;2025-11-15;15;893
26;2025-11-15;16;901
26;2025-11-15;17;872
26;2025-11-15;18;845
26;2025-11-15;19;800
26;2025-11-15;20;554
26;2025-11-15;21;367
26;2025-11-15;22;233
26;2025-11-15;23;150
26;2025-11-16;0;54
26;2025-11-16;1;0
26;2025-11-16;2;0
26;2025-11-16;3;0
26;2025-11-16;4;0
26;2025-11-16;5;23
26;2025-11-16;6;166
26;2025-11-16;7;271
26;2025-11-16;8;390
26;2025-11-16;9;534
26;2025-11-16;10;587
26;2025-11-16;11;781
26;2025-11-16;12;819
26;2025-11-16;13;842
26;2025-11-16;14;821
26;2025-11-16;15;779
26;2025-11-16;16;773
26;2025-11-16;17;782
26;2025-11-16;18;731
26;2025-11-16;19;585
26;2025-11-16;20;449
26;2025-11-16;21;306
26;2025-11-16;22;206
26;2025-11-16;23;116
26;2025-11-17;0;32
26;2025-11-17;1;0
26;2025-11-17;2;0
26;2025-11-17;3;0
26;2025-11-17;4;0
26;2025-11-17;5;64
26;2025-11-17;6;501
26;2025-11-17;7;1082
26;2025-11-17;8;2042
26;2025-11-17;9;1414
26;2025-11-17;10;1173
26;2025-11-17;11;1023
26;2025-11-17;12;1048
26;2025-11-17;13;1149
26;2025-11-17;14;1144
26;2025-11-17;15;1248
26;2025-11-17;16;1418
26;2025-11-17;17;1655
26;2025-11-17;18;1869
26;2025-11-17;19;1219
26;2025-11-17;20;765
26;2025-11-17;21;445
26;2025-11-17;22;226
26;2025-11-17;23;110
26;2025-11-18;0;31
26;2025-11-18;1;0
26;2025-11-18;2;0
26;2025-11-18;3;0
26;2025-11-18;4;0
26;2025-11-18;5;61
26;2025-11-18;6;510
26;2025-11-18;7;1102
26;2025-11-18;8;2088
26;2025-11-18;9;1444
26;2025-11-18;10;1194
26;2025-11-18;11;1109
26;2025-11-18;12;1127
26;2025-11-18;13;1136
26;2025-11-18;14;1173
26;2025-11-18;15;1256
26;2025-11-18;16;1433
26;2025-11-18;17;1691
26;2025-11-18;18;1885
26;2025-11-18;19;1331
26;2025-11-18;20;779
26;2025-11-18;21;474
26;2025-11-18;22;236
26;2025-11-18;23;119
26;2025-11-19;0;35
26;2025-11-19;1;0
26;2025-11-19;2;0
26;2025-11-19;3;0
26;2025-11-19;4;0
26;2025-11-19;5;67
26;2025-11-19;6;486
26;2025-11-19;7;1073
26;2025-11-19;8;2030
26;2025-11-19;9;1454
26;2025-11-19;10;1187
26;2025-11-19;11;1081
26;2025-11-19;12;1126
26;2025-11-19;13;1169
26;2025-11-19;14;1235
26;2025-11-19;15;1276
26;2025-11-19;16;1409
26;2025-11-19;17;1630
26;2025-11-19;18;1833
26;2025-11-19;19;1241
26;2025-11-19;20;778
26;2025-11-19;21;505
26;2025-11-19;22;250
26;2025-11-19;23;132
26;2025-11-20;0;39
26;2025-11-20;1;0
26;2025-11-20;2;0
26;2025-11-20;3;0
26;2025-11-20;4;0
26;2025-11-20;5;58
26;2025-11-20;6;485
26;2025-11-20;7;1060
26;2025-11-20;8;1992
26;2025-11-20;9;1441
26;2025-11-20;10;1172
26;2025-11-20;11;1114
26;2025-11-20;12;1125
26;2025-11-20;13;1144
26;2025-11-20;14;1192
26;2025-11-20;15;1269
26;2025-11-20;16;1420
26;2025-11-20;17;1640
26;2025-11-20;18;1873
26;2025-11-20;19;1251
26;2025-11-20;20;752
26;2025-11-20;21;473
26;2025-11-20;22;249
26;2025-11-20;23;133
26;2025-11-21;0;37
26;2025-11-21;1;0
26;2025-11-21;2;0
26;2025-11-21;3;0
26;2025-11-21;4;0
26;2025-11-21;5;59
26;2025-11-21;6;505
26;2025-11-21;7;1016
26;2025-11-21;8;1888
26;2025-11-21;9;1377
26;2025-11-21;10;1164
26;2025-11-21;11;1056
26;2025-11-21;12;1124
26;2025-11-21;13;1179
26;2025-11-21;14;1205
26;2025-11-21;15;1316
26;2025-11-21;16;1571
26;2025-11-21;17;1650
26;2025-11-21;18;1404
26;2025-11-21;19;1094
26;2025-11-21;20;714
26;2025-11-21;21;487
26;2025-11-21;22;248
26;2025-11-21;23;163
26;2025-11-22;0;46
26;2025-11-22;1;0
26;2025-11-22;2;0
26;2025-11-22;3;0
26;2025-11-22;4;0
26;2025-11-22;5;38
26;2025-11-22;6;265
26;2025-11-22;7;382
26;2025-11-22;8;577
26;2025-11-22;9;687
26;2025-11-22;10;797
26;2025-11-22;11;968
26;2025-11-22;12;996
26;2025-11-22;13;1005
26;2025-11-22;14;1003
26;2025-11-22;15;932
26;2025-11-22;16;940
26;2025-11-22;17;910
26;2025-11-22;18;882
26;2025-11-22;19;820
26;2025-11-22;20;554
26;2025-11-22;21;367
26;2025-11-22;22;233
26;2025-11-22;23;150
26;2025-11-23;0;54
26;2025-11-23;1;0
26;2025-11-23;2;0
26;2025-11-23;3;0
26;2025-11-23;4;0
26;2025-11-23;5;23
26;2025-11-23;6;166
26;2025-11-23;7;274
26;2025-11-23;8;390
26;2025-11-23;9;534
26;2025-11-23;10;587
26;2025-11-23;11;790
26;2025-11-23;12;828
26;2025-11-23;13;852
26;2025-11-23;14;830
26;2025-11-23;15;788
26;2025-11-23;16;782
26;2025-11-23;17;791
26;2025-11-23;18;740
26;2025-11-23;19;585
26;2025-11-23;20;449
26;2025-11-23;21;306
26;2025-11-23;22;206
26;2025-11-23;23;116
26;2025-11-24;0;32
26;2025-11-24;1;0
26;2025-11-24;2;0
26;2025-11-24;3;0
26;2025-11-24;4;0
26;2025-11-24;5;63
26;2025-11-24;6;501
26;2025-11-24;7;1065
26;2025-11-24;8;2011
26;2025-11-24;9;1414
26;2025-11-24;10;1173
26;2025-11-24;11;1023
26;2025-11-24;12;1048
26;2025-11-24;13;1149
26;2025-11-24;14;1126
26;2025-11-24;15;1228
26;2025-11-24;16;1396
26;2025-11-24;17;1630
26;2025-11-24;18;1869
26;2025-11-24;19;1219
26;2025-11-24;20;765
26;2025-11-24;21;445
26;2025-11-24;22;226
26;2025-11-24;23;110
26;2025-11-25;0;31
26;2025-11-25;1;0
26;2025-11-25;2;0
26;2025-11-25;3;0
26;2025-11-25;4;0
26;2025-11-25;5;61
26;2025-11-25;6;510
26;2025-11-25;7;1099
26;2025-11-25;8;2075
26;2025-11-25;9;1444
26;2025-11-25;10;1194
26;2025-11-25;11;1104
26;2025-11-25;12;1125
26;2025-11-25;13;1135
26;2025-11-25;14;1165
26;2025-11-25;15;1248
26;2025-11-25;16;1424
26;2025-11-25;17;1680
26;2025-11-25;18;1879
26;2025-11-25;19;1331
26;2025-11-25;20;779
26;2025-11-25;21;474
26;2025-11-25;22;236
26;2025-11-25;23;119
26;2025-11-26;0;35
26;2025-11-26;1;0
26;2025-11-26;2;0
26;2025-11-26;3;0
26;2025-11-26;4;0
26;2025-11-26;5;66
26;2025-11-26;6;486
26;2025-11-26;7;1061
26;2025-11-26;8;2008
26;2025-11-26;9;1454
26;2025-11-26;10;1187
26;2025-11-26;11;1081
26;2025-11-26;12;1126
26;2025-11-26;13;1169
26;2025-11-26;14;1222
26;2025-11-26;15;1262
26;2025-11-26;16;1394
26;2025-11-26;17;1616
26;2025-11-26;18;1813
26;2025-11-26;19;1241
26;2025-11-26;20;778
26;2025-11-26;21;505
26;2025-11-26;22;250
26;2025-11-26;23;132
26;2025-11-27;0;39
26;2025-11-27;1;0
26;2025-11-27;2;0
26;2025-11-27;3;0
26;2025-11-27;4;0
26;2025-11-27;5;58
26;2025-11-27;6;485
26;2025-11-27;7;1049
26;2025-11-27;8;1971
26;2025-11-27;9;1426
26;2025-11-27;10;1170
26;2025-11-27;11;1103
26;2025-11-27;12;1123
26;2025-11-27;13;1132
26;2025-11-27;14;1180
26;2025-11-27;15;1256
26;2025-11-27;16;1406
26;2025-11-27;17;1623
26;2025-11-27;18;1853
26;2025-11-27;19;1251
26;2025-11-27;20;752
26;2025-11-27;21;473
26;2025-11-27;22;249
26;2025-11-27;23;133
26;2025-11-28;0;37
26;2025-11-28;1;0
26;2025-11-28;2;0
26;2025-11-28;3;0
26;2025-11-28;4;0
26;2025-11-28;5;59
26;2025-11-28;6;505
26;2025-11-28;7;1001
26;2025-11-28;8;1860
26;2025-11-28;9;1356
26;2025-11-28;10;1147
26;2025-11-28;11;1040
26;2025-11-28;12;1114
26;2025-11-28;13;1161
26;2025-11-28;14;1187
26;2025-11-28;15;1297
26;2025-11-28;16;1547
26;2025-11-28;17;1625
26;2025-11-28;18;1383
26;2025-11-28;19;1094
26;2025-11-28;20;714
26;2025-11-28;21;487
26;2025-11-28;22;248
26;2025-11-28;23;163
26;2025-11-29;0;46
26;2025-11-29;1;0
26;2025-11-29;2;0
26;2025-11-29;3;0
26;2025-11-29;4;0
26;2025-11-29;5;38
26;2025-11-29;6;265
26;2025-11-29;7;380
26;2025-11-29;8;570
26;2025-11-29;9;679
26;2025-11-29;10;787
26;2025-11-29;11;955
26;2025-11-29;12;983
26;2025-11-29;13;993
26;2025-11-29;14;991
26;2025-11-29;15;920
26;2025-11-29;16;928
26;2025-11-29;17;898
26;2025-11-29;18;870
26;2025-11-29;19;820
26;2025-11-29;20;554
26;2025-11-29;21;367
26;2025-11-29;22;233
26;2025-11-29;23;150
26;2025-11-30;0;54
26;2025-11-30;1;0
26;2025-11-30;2;0
26;2025-11-30;3;0
26;2025-11-30;4;0
26;2025-11-30;5;23
26;2025-11-30;6;166
26;2025-11-30;7;271
26;2025-11-30;8;390
26;2025-11-30;9;534
26;2025-11-30;10;587
26;2025-11-30;11;781
26;2025-11-30;12;819
26;2025-11-30;13;843
26;2025-11-30;14;821
26;2025-11-30;15;779
26;2025-11-30;16;774
26;2025-11-30;17;782
26;2025-11-30;18;731
26;2025-11-30;19;585
26;2025-11-30;20;449
26;2025-11-30;21;306
26;2025-11-30;22;206
26;2025-11-30;23;116
26;2025-12-01;0;32
26;2025-12-01;1;0
26;2025-12-01;2;0
26;2025-12-01;3;0
26;2025-12-01;4;0
26;2025-12-01;5;62
26;2025-12-01;6;501
26;2025-12-01;7;1045
26;2025-12-01;8;1973
26;2025-12-01;9;1406
26;2025-12-01;10;1173
26;2025-12-01;11;1021
26;2025-12-01;12;1048
26;2025-12-01;13;1132
26;2025-12-01;14;1105
26;2025-12-01;15;1205
26;2025-12-01;16;1370
26;2025-12-01;17;1599
26;2025-12-01;18;1839
26;2025-12-01;19;1219
26;2025-12-01;20;765
26;2025-12-01;21;445
26;2025-12-01;22;226
26;2025-12-01;23;110
26;2025-12-02;0;31
26;2025-12-02;1;0
26;2025-12-02;2;0
26;2025-12-02;3;0
26;2025-12-02;4;0
26;2025-12-02;5;61
26;2025-12-02;6;510
26;2025-12-02;7;1076
26;2025-12-02;8;2032
26;2025-12-02;9;1444
26;2025-12-02;10;1184
26;2025-12-02;11;1082
26;2025-12-02;12;1102
26;2025-12-02;13;1112
26;2025-12-02;14;1142
26;2025-12-02;15;1222
26;2025-12-02;16;1395
26;2025-12-02;17;1646
26;2025-12-02;18;1841
26;2025-12-02;19;1306
26;2025-12-02;20;779
26;2025-12-02;21;474
26;2025-12-02;22;236
26;2025-12-02;23;119
26;2025-12-03;0;34
26;2025-12-03;1;0
26;2025-12-03;2;0
26;2025-12-03;3;0
26;2025-12-03;4;0
26;2025-12-03;5;62
26;2025-12-03;6;486
26;2025-12-03;7;1004
26;2025-12-03;8;1900
26;2025-12-03;9;1389
26;2025-12-03;10;1144
26;2025-12-03;11;1029
26;2025-12-03;12;1078
26;2025-12-03;13;1110
26;2025-12-03;14;1156
26;2025-12-03;15;1194
26;2025-12-03;16;1319
26;2025-12-03;17;1530
26;2025-12-03;18;1715
26;2025-12-03;19;1218
26;2025-12-03;20;773
26;2025-12-03;21;493
26;2025-12-03;22;250
26;2025-12-03;23;132
26;2025-12-04;0;39
26;2025-12-04;1;0
26;2025-12-04;2;0
26;2025-12-04;3;0
26;2025-12-04;4;0
26;2025-12-04;5;58
26;2025-12-04;6;485
26;2025-12-04;7;985
26;2025-12-04;8;1851
26;2025-12-04;9;1339
26;2025-12-04;10;1098
26;2025-12-04;11;1035
26;2025-12-04;12;1054
26;2025-12-04;13;1062
26;2025-12-04;14;1107
26;2025-12-04;15;1179
26;2025-12-04;16;1320
26;2025-12-04;17;1523
26;2025-12-04;18;1740
26;2025-12-04;19;1209
26;2025-12-04;20;752
26;2025-12-04;21;473
26;2025-12-04;22;249
26;2025-12-04;23;133
26;2025-12-05;0;37
26;2025-12-05;1;0
26;2025-12-05;2;0
26;2025-12-05;3;0
26;2025-12-05;4;0
26;2025-12-05;5;57
26;2025-12-05;6;492
26;2025-12-05;7;936
26;2025-12-05;8;1739
26;2025-12-05;9;1268
26;2025-12-05;10;1072
26;2025-12-05;11;973
26;2025-12-05;12;1042
26;2025-12-05;13;1086
26;2025-12-05;14;1110
26;2025-12-05;15;1212
26;2025-12-05;16;1447
26;2025-12-05;17;1520
26;2025-12-05;18;1293
26;2025-12-05;19;1025
26;2025-12-05;20;704
26;2025-12-05;21;456
26;2025-12-05;22;248
26;2025-12-05;23;159
26;2025-12-06;0;45
26;2025-12-06;1;0
26;2025-12-06;2;0
26;2025-12-06;3;0
26;2025-12-06;4;0
26;2025-12-06;5;35
26;2025-12-06;6;264
26;2025-12-06;7;355
26;2025-12-06;8;533
26;2025-12-06;9;635
26;2025-12-06;10;736
26;2025-12-06;11;893
26;2025-12-06;12;919
26;2025-12-06;13;928
26;2025-12-06;14;927
26;2025-12-06;15;861
26;2025-12-06;16;868
26;2025-12-06;17;840
26;2025-12-06;18;814
26;2025-12-06;19;770
26;2025-12-06;20;542
26;2025-12-06;21;366
26;2025-12-06;22;231
26;2025-12-06;23;146
26;2025-12-07;0;53
26;2025-12-07;1;0
26;2025-12-07;2;0
26;2025-12-07;3;0
26;2025-12-07;4;0
26;2025-12-07;5;23
26;2025-12-07;6;157
26;2025-12-07;7;257
26;2025-12-07;8;378
26;2025-12-07;9;507
26;2025-12-07;10;560
26;2025-12-07;11;739
26;2025-12-07;12;775
26;2025-12-07;13;798
26;2025-12-07;14;777
26;2025-12-07;15;737
26;2025-12-07;16;732
26;2025-12-07;17;741
26;2025-12-07;18;692
26;2025-12-07;19;565
26;2025-12-07;20;429
26;2025-12-07;21;306
26;2025-12-07;22;206
26;2025-12-07;23;112
26;2025-12-08;0;31
26;2025-12-08;1;0
26;2025-12-08;2;0
26;2025-12-08;3;0
26;2025-12-08;4;0
26;2025-12-08;5;58
26;2025-12-08;6;501
26;2025-12-08;7;980
26;2025-12-08;8;1850
26;2025-12-08;9;1319
26;2025-12-08;10;1103
26;2025-12-08;11;958
26;2025-12-08;12;1000
26;2025-12-08;13;1062
26;2025-12-08;14;1036
26;2025-12-08;15;1130
26;2025-12-08;16;1284
26;2025-12-08;17;1499
26;2025-12-08;18;1724
26;2025-12-08;19;1183
26;2025-12-08;20;743
26;2025-12-08;21;432
26;2025-12-08;22;225
26;2025-12-08;23;109
26;2025-12-09;0;31
26;2025-12-09;1;0
26;2025-12-09;2;0
26;2025-12-09;3;0
26;2025-12-09;4;0
26;2025-12-09;5;60
26;2025-12-09;6;504
26;2025-12-09;7;1017
26;2025-12-09;8;1920
26;2025-12-09;9;1380
26;2025-12-09;10;1118
26;2025-12-09;11;1022
26;2025-12-09;12;1041
26;2025-12-09;13;1050
26;2025-12-09;14;1078
26;2025-12-09;15;1154
26;2025-12-09;16;1318
26;2025-12-09;17;1554
26;2025-12-09;18;1739
26;2025-12-09;19;1233
26;2025-12-09;20;771
26;2025-12-09;21;453
26;2025-12-09;22;233
26;2025-12-09;23;118
26;2025-12-10;0;33
26;2025-12-10;1;0
26;2025-12-10;2;0
26;2025-12-10;3;0
26;2025-12-10;4;0
26;2025-12-10;5;61
26;2025-12-10;6;485
26;2025-12-10;7;973
26;2025-12-10;8;1842
26;2025-12-10;9;1346
26;2025-12-10;10;1109
26;2025-12-10;11;997
26;2025-12-10;12;1045
26;2025-12-10;13;1076
26;2025-12-10;14;1120
26;2025-12-10;15;1157
26;2025-12-10;16;1278
26;2025-12-10;17;1482
26;2025-12-10;18;1662
26;2025-12-10;19;1180
26;2025-12-10;20;749
26;2025-12-10;21;478
26;2025-12-10;22;250
26;2025-12-10;23;132
26;2025-12-11;0;39
26;2025-12-11;1;0
26;2025-12-11;2;0
26;2025-12-11;3;0
26;2025-12-11;4;0
26;2025-12-11;5;57
26;2025-12-11;6;485
26;2025-12-11;7;954
26;2025-12-11;8;1794
26;2025-12-11;9;1298
26;2025-12-11;10;1064
26;2025-12-11;11;1004
26;2025-12-11;12;1022
26;2025-12-11;13;1030
26;2025-12-11;14;1073
26;2025-12-11;15;1143
26;2025-12-11;16;1279
26;2025-12-11;17;1476
26;2025-12-11;18;1686
26;2025-12-11;19;1172
26;2025-12-11;20;742
26;2025-12-11;21;467
26;2025-12-11;22;249
26;2025-12-11;23;133
26;2025-12-12;0;36
26;2025-12-12;1;0
26;2025-12-12;2;0
26;2025-12-12;3;0
26;2025-12-12;4;0
26;2025-12-12;5;55
26;2025-12-12;6;479
26;2025-12-12;7;910
26;2025-12-12;8;1691
26;2025-12-12;9;1234
26;2025-12-12;10;1043
26;2025-12-12;11;946
26;2025-12-12;12;1013
26;2025-12-12;13;1056
26;2025-12-12;14;1080
26;2025-12-12;15;1179
26;2025-12-12;16;1407
26;2025-12-12;17;1478
26;2025-12-12;18;1258
26;2025-12-12;19;997
26;2025-12-12;20;685
26;2025-12-12;21;444
26;2025-12-12;22;245
26;2025-12-12;23;155
26;2025-12-13;0;45
26;2025-12-13;1;0
26;2025-12-13;2;0
26;2025-12-13;3;0
26;2025-12-13;4;0
26;2025-12-13;5;35
26;2025-12-13;6;260
26;2025-12-13;7;355
26;2025-12-13;8;533
26;2025-12-13;9;635
26;2025-12-13;10;736
26;2025-12-13;11;893
26;2025-12-13;12;919
26;2025-12-13;13;928
26;2025-12-13;14;927
26;2025-12-13;15;861
26;2025-12-13;16;868
26;2025-12-13;17;840
26;2025-12-13;18;814
26;2025-12-13;19;770
26;2025-12-13;20;542
26;2025-12-13;21;366
26;2025-12-13;22;224
26;2025-12-13;23;146
26;2025-12-14;0;52
26;2025-12-14;1;0
26;2025-12-14;2;0
26;2025-12-14;3;0
26;2025-12-14;4;0
26;2025-12-14;5;23
26;2025-12-14;6;156
26;2025-12-14;7;254
26;2025-12-14;8;374
26;2025-12-14;9;502
26;2025-12-14;10;554
26;2025-12-14;11;733
26;2025-12-14;12;768
26;2025-12-14;13;791
26;2025-12-14;14;770
26;2025-12-14;15;731
26;2025-12-14;16;726
26;2025-12-14;17;734
26;2025-12-14;18;686
26;2025-12-14;19;560
26;2025-12-14;20;425
26;2025-12-14;21;305
26;2025-12-14;22;206
26;2025-12-14;23;111
26;2025-12-15;0;30
26;2025-12-15;1;0
26;2025-12-15;2;0
26;2025-12-15;3;0
26;2025-12-15;4;0
26;2025-12-15;5;58
26;2025-12-15;6;501
26;2025-12-15;7;980
26;2025-12-15;8;1850
26;2025-12-15;9;1319
26;2025-12-15;10;1103
26;2025-12-15;11;958
26;2025-12-15;12;1000
26;2025-12-15;13;1062
26;2025-12-15;14;1036
26;2025-12-15;15;1130
26;2025-12-15;16;1284
26;2025-12-15;17;1499
26;2025-12-15;18;1724
26;2025-12-15;19;1183
26;2025-12-15;20;743
26;2025-12-15;21;432
26;2025-12-15;22;212
26;2025-12-15;23;107
26;2025-12-16;0;31
26;2025-12-16;1;0
26;2025-12-16;2;0
26;2025-12-16;3;0
26;2025-12-16;4;0
26;2025-12-16;5;60
26;2025-12-16;6;502
26;2025-12-16;7;1017
26;2025-12-16;8;1920
26;2025-12-16;9;1380
26;2025-12-16;10;1118
26;2025-12-16;11;1022
26;2025-12-16;12;1041
26;2025-12-16;13;1050
26;2025-12-16;14;1078
26;2025-12-16;15;1154
26;2025-12-16;16;1318
26;2025-12-16;17;1554
26;2025-12-16;18;1739
26;2025-12-16;19;1233
26;2025-12-16;20;771
26;2025-12-16;21;453
26;2025-12-16;22;219
26;2025-12-16;23;117
26;2025-12-17;0;33
26;2025-12-17;1;0
26;2025-12-17;2;0
26;2025-12-17;3;0
26;2025-12-17;4;0
26;2025-12-17;5;60
26;2025-12-17;6;482
26;2025-12-17;7;967
26;2025-12-17;8;1831
26;2025-12-17;9;1339
26;2025-12-17;10;1102
26;2025-12-17;11;992
26;2025-12-17;12;1039
26;2025-12-17;13;1070
26;2025-12-17;14;1114
26;2025-12-17;15;1151
26;2025-12-17;16;1271
26;2025-12-17;17;1474
26;2025-12-17;18;1653
26;2025-12-17;19;1173
26;2025-12-17;20;745
26;2025-12-17;21;475
26;2025-12-17;22;235
26;2025-12-17;23;131
26;2025-12-18;0;39
26;2025-12-18;1;0
26;2025-12-18;2;0
26;2025-12-18;3;0
26;2025-12-18;4;0
26;2025-12-18;5;57
26;2025-12-18;6;484
26;2025-12-18;7;950
26;2025-12-18;8;1785
26;2025-12-18;9;1292
26;2025-12-18;10;1059
26;2025-12-18;11;999
26;2025-12-18;12;1017
26;2025-12-18;13;1025
26;2025-12-18;14;1068
26;2025-12-18;15;1138
26;2025-12-18;16;1273
26;2025-12-18;17;1469
26;2025-12-18;18;1678
26;2025-12-18;19;1166
26;2025-12-18;20;739
26;2025-12-18;21;465
26;2025-12-18;22;241
26;2025-12-18;23;130
26;2025-12-19;0;35
26;2025-12-19;1;0
26;2025-12-19;2;0
26;2025-12-19;3;0
26;2025-12-19;4;0
26;2025-12-19;5;55
26;2025-12-19;6;479
26;2025-12-19;7;910
26;2025-12-19;8;1691
26;2025-12-19;9;1234
26;2025-12-19;10;1043
26;2025-12-19;11;946
26;2025-12-19;12;1013
26;2025-12-19;13;1056
26;2025-12-19;14;1080
26;2025-12-19;15;1179
26;2025-12-19;16;1407
26;2025-12-19;17;1478
26;2025-12-19;18;1258
26;2025-12-19;19;997
26;2025-12-19;20;685
26;2025-12-19;21;444
26;2025-12-19;22;231
26;2025-12-19;23;155
26;2025-12-20;0;45
26;2025-12-20;1;0
26;2025-12-20;2;0
26;2025-12-20;3;0
26;2025-12-20;4;0
26;2025-12-20;5;35
26;2025-12-20;6;260
26;2025-12-20;7;355
26;2025-12-20;8;533
26;2025-12-20;9;635
26;2025-12-20;10;736
26;2025-12-20;11;893
26;2025-12-20;12;919
26;2025-12-20;13;928
26;2025-12-20;14;927
26;2025-12-20;15;861
26;2025-12-20;16;868
26;2025-12-20;17;840
26;2025-12-20;18;814
26;2025-12-20;19;770
26;2025-12-20;20;542
26;2025-12-20;21;366
26;2025-12-20;22;223
26;2025-12-20;23;146
26;2025-12-21;0;52
26;2025-12-21;1;0
26;2025-12-21;2;0
26;2025-12-21;3;0
26;2025-12-21;4;0
26;2025-12-21;5;22
26;2025-12-21;6;156
26;2025-12-21;7;254
26;2025-12-21;8;374
26;2025-12-21;9;502
26;2025-12-21;10;554
26;2025-12-21;11;733
26;2025-12-21;12;768
26;2025-12-21;13;791
26;2025-12-21;14;770
26;2025-12-21;15;731
26;2025-12-21;16;726
26;2025-12-21;17;734
26;2025-12-21;18;686
26;2025-12-21;19;560
26;2025-12-21;20;425
26;2025-12-21;21;305
26;2025-12-21;22;204
26;2025-12-21;23;111
26;2025-12-22;0;28
26;2025-12-22;1;0
26;2025-12-22;2;0
26;2025-12-22;3;0
26;2025-12-22;4;0
26;2025-12-22;5;58
26;2025-12-22;6;501
26;2025-12-22;7;980
26;2025-12-22;8;1850
26;2025-12-22;9;1319
26;2025-12-22;10;1103
26;2025-12-22;11;958
26;2025-12-22;12;1000
26;2025-12-22;13;1062
26;2025-12-22;14;1036
26;2025-12-22;15;1130
26;2025-12-22;16;1284
26;2025-12-22;17;1499
26;2025-12-22;18;1724
26;2025-12-22;19;1183
26;2025-12-22;20;743
26;2025-12-22;21;432
26;2025-12-22;22;212
26;2025-12-22;23;107
26;2025-12-23;0;31
26;2025-12-23;1;0
26;2025-12-23;2;0
26;2025-12-23;3;0
26;2025-12-23;4;0
26;2025-12-23;5;60
26;2025-12-23;6;502
26;2025-12-23;7;1017
26;2025-12-23;8;1920
26;2025-12-23;9;1380
26;2025-12-23;10;1118
26;2025-12-23;11;1022
26;2025-12-23;12;1041
26;2025-12-23;13;1050
26;2025-12-23;14;1078
26;2025-12-23;15;1154
26;2025-12-23;16;1318
26;2025-12-23;17;1554
26;2025-12-23;18;1739
26;2025-12-23;19;1233
26;2025-12-23;20;771
26;2025-12-23;21;453
26;2025-12-23;22;217
26;2025-12-23;23;117
26;2025-12-24;0;33
26;2025-12-24;1;0
26;2025-12-24;2;0
26;2025-12-24;3;0
26;2025-12-24;4;0
26;2025-12-24;5;60
26;2025-12-24;6;482
26;2025-12-24;7;967
26;2025-12-24;8;1831
26;2025-12-24;9;1339
26;2025-12-24;10;1102
26;2025-12-24;11;992
26;2025-12-24;12;1039
26;2025-12-24;13;1070
26;2025-12-24;14;1114
26;2025-12-24;15;1151
26;2025-12-24;16;1271
26;2025-12-24;17;1474
26;2025-12-24;18;1653
26;2025-12-24;19;1173
26;2025-12-24;20;745
26;2025-12-24;21;475
26;2025-12-24;22;231
26;2025-12-24;23;131
26;2025-12-25;0;39
26;2025-12-25;1;0
26;2025-12-25;2;0
26;2025-12-25;3;0
26;2025-12-25;4;0
26;2025-12-25;5;57
26;2025-12-25;6;484
26;2025-12-25;7;950
26;2025-12-25;8;1785
26;2025-12-25;9;1292
26;2025-12-25;10;1059
26;2025-12-25;11;999
26;2025-12-25;12;1017
26;2025-12-25;13;1025
26;2025-12-25;14;1068
26;2025-12-25;15;1138
26;2025-12-25;16;1273
26;2025-12-25;17;1469
26;2025-12-25;18;1678
26;2025-12-25;19;1166
26;2025-12-25;20;739
26;2025-12-25;21;465
26;2025-12-25;22;241
26;2025-12-25;23;130
26;2025-12-26;0;35
26;2025-12-26;1;0
26;2025-12-26;2;0
26;2025-12-26;3;0
26;2025-12-26;4;0
26;2025-12-26;5;55
26;2025-12-26;6;479
26;2025-12-26;7;910
26;2025-12-26;8;1691
26;2025-12-26;9;1234
26;2025-12-26;10;1043
26;2025-12-26;11;946
26;2025-12-26;12;1013
26;2025-12-26;13;1056
26;2025-12-26;14;1080
26;2025-12-26;15;1179
26;2025-12-26;16;1407
26;2025-12-26;17;1478
26;2025-12-26;18;1258
26;2025-12-26;19;997
26;2025-12-26;20;685
26;2025-12-26;21;444
26;2025-12-26;22;226
26;2025-12-26;23;155
26;2025-12-27;0;45
26;2025-12-27;1;0
26;2025-12-27;2;0
26;2025-12-27;3;0
26;2025-12-27;4;0
26;2025-12-27;5;35
26;2025-12-27;6;260
26;2025-12-27;7;355
26;2025-12-27;8;533
26;2025-12-27;9;635
26;2025-12-27;10;736
26;2025-12-27;11;893
26;2025-12-27;12;919
26;2025-12-27;13;928
26;2025-12-27;14;927
26;2025-12-27;15;861
26;2025-12-27;16;868
26;2025-12-27;17;840
26;2025-12-27;18;814
26;2025-12-27;19;770
26;2025-12-27;20;542
26;2025-12-27;21;366
26;2025-12-27;22;223
26;2025-12-27;23;146
26;2025-12-28;0;52
26;2025-12-28;1;0
26;2025-12-28;2;0
26;2025-12-28;3;0
26;2025-12-28;4;0
26;2025-12-28;5;21
26;2025-12-28;6;156
26;2025-12-28;7;254
26;2025-12-28;8;374
26;2025-12-28;9;502
26;2025-12-28;10;554
26;2025-12-28;11;733
26;2025-12-28;12;768
26;2025-12-28;13;791
26;2025-12-28;14;770
26;2025-12-28;15;731
26;2025-12-28;16;726
26;2025-12-28;17;734
26;2025-12-28;18;686
26;2025-12-28;19;560
26;2025-12-28;20;425
26;2025-12-28;21;305
26;2025-12-28;22;204
26;2025-12-28;23;111
26;2025-12-29;0;27
26;2025-12-29;1;0
26;2025-12-29;2;0
26;2025-12-29;3;0
26;2025-12-29;4;0
26;2025-12-29;5;58
26;2025-12-29;6;501
26;2025-12-29;7;980
26;2025-12-29;8;1850
26;2025-12-29;9;1319
26;2025-12-29;10;1103
26;2025-12-29;11;958
26;2025-12-29;12;1000
26;2025-12-29;13;1062
26;2025-12-29;14;1036
26;2025-12-29;15;1130
26;2025-12-29;16;1284
26;2025-12-29;17;1499
26;2025-12-29;18;1724
26;2025-12-29;19;1183
26;2025-12-29;20;743
26;2025-12-29;21;432
26;2025-12-29;22;212
26;2025-12-29;23;107
26;2025-12-30;0;31
26;2025-12-30;1;0
26;2025-12-30;2;0
26;2025-12-30;3;0
26;2025-12-30;4;0
26;2025-12-30;5;60
26;2025-12-30;6;502
26;2025-12-30;7;1017
26;2025-12-30;8;1920
26;2025-12-30;9;1380
26;2025-12-30;10;1118
26;2025-12-30;11;1022
26;2025-12-30;12;1041
26;2025-12-30;13;1050
26;2025-12-30;14;1078
26;2025-12-30;15;1154
26;2025-12-30;16;1318
26;2025-12-30;17;1554
26;2025-12-30;18;1739
26;2025-12-30;19;1233
26;2025-12-30;20;771
26;2025-12-30;21;453
26;2025-12-30;22;217
26;2025-12-30;23;117
26;2025-12-31;0;33
26;2025-12-31;1;0
26;2025-12-31;2;0
26;2025-12-31;3;0
26;2025-12-31;4;0
26;2025-12-31;5;46
26;2025-12-31;6;370
26;2025-12-31;7;743
26;2025-12-31;8;1407
26;2025-12-31;9;1028
26;2025-12-31;10;847
26;2025-12-31;11;793
26;2025-12-31;12;833
26;2025-12-31;13;891
26;2025-12-31;14;877
26;2025-12-31;15;884
26;2025-12-31;16;976
26;2025-12-31;17;1132
26;2025-12-31;18;1270
26;2025-12-31;19;901
26;2025-12-31;20;572
26;2025-12-31;21;365
26;2025-12-31;22;202
26;2025-12-31;23;115
28;2025-11-01;0;3
28;2025-11-01;1;0
28;2025-11-01;2;0
28;2025-11-01;3;0
28;2025-11-01;4;0
28;2025-11-01;5;26
28;2025-11-01;6;100
28;2025-11-01;7;210
28;2025-11-01;8;333
28;2025-11-01;9;420
28;2025-11-01;10;435
28;2025-11-01;11;441
28;2025-11-01;12;513
28;2025-11-01;13;540
28;2025-11-01;14;540
28;2025-11-01;15;533
28;2025-11-01;16;502
28;2025-11-01;17;511
28;2025-11-01;18;456
28;2025-11-01;19;395
28;2025-11-01;20;308
28;2025-11-01;21;277
28;2025-11-01;22;136
28;2025-11-01;23;24
28;2025-11-02;0;6
28;2025-11-02;1;0
28;2025-11-02;2;0
28;2025-11-02;3;0
28;2025-11-02;4;0
28;2025-11-02;5;22
28;2025-11-02;6;87
28;2025-11-02;7;149
28;2025-11-02;8;246
28;2025-11-02;9;323
28;2025-11-02;10;358
28;2025-11-02;11;392
28;2025-11-02;12;440
28;2025-11-02;13;500
28;2025-11-02;14;493
28;2025-11-02;15;498
28;2025-11-02;16;471
28;2025-11-02;17;462
28;2025-11-02;18;428
28;2025-11-02;19;372
28;2025-11-02;20;305
28;2025-11-02;21;252
28;2025-11-02;22;115
28;2025-11-02;23;14
28;2025-11-03;0;2
28;2025-11-03;1;0
28;2025-11-03;2;0
28;2025-11-03;3;0
28;2025-11-03;4;0
28;2025-11-03;5;54
28;2025-11-03;6;247
28;2025-11-03;7;679
28;2025-11-03;8;1039
28;2025-11-03;9;768
28;2025-11-03;10;546
28;2025-11-03;11;501
28;2025-11-03;12;598
28;2025-11-03;13;618
28;2025-11-03;14;562
28;2025-11-03;15;586
28;2025-11-03;16;752
28;2025-11-03;17;856
28;2025-11-03;18;871
28;2025-11-03;19;673
28;2025-11-03;20;459
28;2025-11-03;21;287
28;2025-11-03;22;122
28;2025-11-03;23;15
28;2025-11-04;0;2
28;2025-11-04;1;0
28;2025-11-04;2;0
28;2025-11-04;3;0
28;2025-11-04;4;0
28;2025-11-04;5;51
28;2025-11-04;6;246
28;2025-11-04;7;708
28;2025-11-04;8;1074
28;2025-11-04;9;789
28;2025-11-04;10;584
28;2025-11-04;11;526
28;2025-11-04;12;613
28;2025-11-04;13;651
28;2025-11-04;14;585
28;2025-11-04;15;593
28;2025-11-04;16;731
28;2025-11-04;17;857
28;2025-11-04;18;855
28;2025-11-04;19;676
28;2025-11-04;20;484
28;2025-11-04;21;304
28;2025-11-04;22;134
28;2025-11-04;23;17
28;2025-11-05;0;2
28;2025-11-05;1;0
28;2025-11-05;2;0
28;2025-11-05;3;0
28;2025-11-05;4;0
28;2025-11-05;5;58
28;2025-11-05;6;267
28;2025-11-05;7;732
28;2025-11-05;8;1125
28;2025-11-05;9;797
28;2025-11-05;10;586
28;2025-11-05;11;579
28;2025-11-05;12;662
28;2025-11-05;13;692
28;2025-11-05;14;618
28;2025-11-05;15;669
28;2025-11-05;16;810
28;2025-11-05;17;913
28;2025-11-05;18;929
28;2025-11-05;19;717
28;2025-11-05;20;507
28;2025-11-05;21;317
28;2025-11-05;22;142
28;2025-11-05;23;17
28;2025-11-06;0;3
28;2025-11-06;1;0
28;2025-11-06;2;0
28;2025-11-06;3;0
28;2025-11-06;4;0
28;2025-11-06;5;57
28;2025-11-06;6;268
28;2025-11-06;7;736
28;2025-11-06;8;1103
28;2025-11-06;9;813
28;2025-11-06;10;592
28;2025-11-06;11;540
28;2025-11-06;12;659
28;2025-11-06;13;682
28;2025-11-06;14;625
28;2025-11-06;15;648
28;2025-11-06;16;788
28;2025-11-06;17;926
28;2025-11-06;18;939
28;2025-11-06;19;709
28;2025-11-06;20;518
28;2025-11-06;21;323
28;2025-11-06;22;139
28;2025-11-06;23;18
28;2025-11-07;0;2
28;2025-11-07;1;0
28;2025-11-07;2;0
28;2025-11-07;3;0
28;2025-11-07;4;0
28;2025-11-07;5;54
28;2025-11-07;6;255
28;2025-11-07;7;709
28;2025-11-07;8;1059
28;2025-11-07;9;770
28;2025-11-07;10;584
28;2025-11-07;11;564
28;2025-11-07;12;669
28;2025-11-07;13;679
28;2025-11-07;14;647
28;2025-11-07;15;677
28;2025-11-07;16;866
28;2025-11-07;17;908
28;2025-11-07;18;786
28;2025-11-07;19;632
28;2025-11-07;20;468
28;2025-11-07;21;329
28;2025-11-07;22;143
28;2025-11-07;23;19
28;2025-11-08;0;3
28;2025-11-08;1;0
28;2025-11-08;2;0
28;2025-11-08;3;0
28;2025-11-08;4;0
28;2025-11-08;5;26
28;2025-11-08;6;99
28;2025-11-08;7;208
28;2025-11-08;8;330
28;2025-11-08;9;415
28;2025-11-08;10;431
28;2025-11-08;11;436
28;2025-11-08;12;508
28;2025-11-08;13;535
28;2025-11-08;14;534
28;2025-11-08;15;527
28;2025-11-08;16;497
28;2025-11-08;17;505
28;2025-11-08;18;451
28;2025-11-08;19;391
28;2025-11-08;20;305
28;2025-11-08;21;271
28;2025-11-08;22;136
28;2025-11-08;23;24
28;2025-11-09;0;6
28;2025-11-09;1;0
28;2025-11-09;2;0
28;2025-11-09;3;0
28;2025-11-09;4;0
28;2025-11-09;5;22
28;2025-11-09;6;86
28;2025-11-09;7;148
28;2025-11-09;8;245
28;2025-11-09;9;322
28;2025-11-09;10;356
28;2025-11-09;11;391
28;2025-11-09;12;438
28;2025-11-09;13;498
28;2025-11-09;14;491
28;2025-11-09;15;496
28;2025-11-09;16;469
28;2025-11-09;17;460
28;2025-11-09;18;426
28;2025-11-09;19;370
28;2025-11-09;20;305
28;2025-11-09;21;251
28;2025-11-09;22;114
28;2025-11-09;23;14
28;2025-11-10;0;2
28;2025-11-10;1;0
28;2025-11-10;2;0
28;2025-11-10;3;0
28;2025-11-10;4;0
28;2025-11-10;5;58
28;2025-11-10;6;267
28;2025-11-10;7;733
28;2025-11-10;8;1121
28;2025-11-10;9;829
28;2025-11-10;10;589
28;2025-11-10;11;526
28;2025-11-10;12;646
28;2025-11-10;13;668
28;2025-11-10;14;606
28;2025-11-10;15;632
28;2025-11-10;16;812
28;2025-11-10;17;925
28;2025-11-10;18;941
28;2025-11-10;19;722
28;2025-11-10;20;496
28;2025-11-10;21;310
28;2025-11-10;22;122
28;2025-11-10;23;15
28;2025-11-11;0;2
28;2025-11-11;1;0
28;2025-11-11;2;0
28;2025-11-11;3;0
28;2025-11-11;4;0
28;2025-11-11;5;55
28;2025-11-11;6;266
28;2025-11-11;7;764
28;2025-11-11;8;1158
28;2025-11-11;9;851
28;2025-11-11;10;630
28;2025-11-11;11;567
28;2025-11-11;12;661
28;2025-11-11;13;702
28;2025-11-11;14;632
28;2025-11-11;15;640
28;2025-11-11;16;788
28;2025-11-11;17;925
28;2025-11-11;18;922
28;2025-11-11;19;720
28;2025-11-11;20;523
28;2025-11-11;21;320
28;2025-11-11;22;134
28;2025-11-11;23;17
28;2025-11-12;0;2
28;2025-11-12;1;0
28;2025-11-12;2;0
28;2025-11-12;3;0
28;2025-11-12;4;0
28;2025-11-12;5;58
28;2025-11-12;6;273
28;2025-11-12;7;748
28;2025-11-12;8;1151
28;2025-11-12;9;815
28;2025-11-12;10;600
28;2025-11-12;11;579
28;2025-11-12;12;677
28;2025-11-12;13;708
28;2025-11-12;14;632
28;2025-11-12;15;685
28;2025-11-12;16;829
28;2025-11-12;17;934
28;2025-11-12;18;950
28;2025-11-12;19;734
28;2025-11-12;20;519
28;2025-11-12;21;317
28;2025-11-12;22;142
28;2025-11-12;23;17
28;2025-11-13;0;3
28;2025-11-13;1;0
28;2025-11-13;2;0
28;2025-11-13;3;0
28;2025-11-13;4;0
28;2025-11-13;5;57
28;2025-11-13;6;272
28;2025-11-13;7;755
28;2025-11-13;8;1132
28;2025-11-13;9;835
28;2025-11-13;10;607
28;2025-11-13;11;540
28;2025-11-13;12;677
28;2025-11-13;13;701
28;2025-11-13;14;642
28;2025-11-13;15;666
28;2025-11-13;16;809
28;2025-11-13;17;950
28;2025-11-13;18;964
28;2025-11-13;19;728
28;2025-11-13;20;532
28;2025-11-13;21;323
28;2025-11-13;22;139
28;2025-11-13;23;18
28;2025-11-14;0;2
28;2025-11-14;1;0
28;2025-11-14;2;0
28;2025-11-14;3;0
28;2025-11-14;4;0
28;2025-11-14;5;56
28;2025-11-14;6;263
28;2025-11-14;7;730
28;2025-11-14;8;1091
28;2025-11-14;9;794
28;2025-11-14;10;596
28;2025-11-14;11;564
28;2025-11-14;12;689
28;2025-11-14;13;700
28;2025-11-14;14;666
28;2025-11-14;15;697
28;2025-11-14;16;893
28;2025-11-14;17;936
28;2025-11-14;18;810
28;2025-11-14;19;638
28;2025-11-14;20;468
28;2025-11-14;21;329
28;2025-11-14;22;143
28;2025-11-14;23;19
28;2025-11-15;0;3
28;2025-11-15;1;0
28;2025-11-15;2;0
28;2025-11-15;3;0
28;2025-11-15;4;0
28;2025-11-15;5;26
28;2025-11-15;6;100
28;2025-11-15;7;210
28;2025-11-15;8;334
28;2025-11-15;9;420
28;2025-11-15;10;436
28;2025-11-15;11;441
28;2025-11-15;12;514
28;2025-11-15;13;541
28;2025-11-15;14;541
28;2025-11-15;15;534
28;2025-11-15;16;503
28;2025-11-15;17;511
28;2025-11-15;18;456
28;2025-11-15;19;396
28;2025-11-15;20;309
28;2025-11-15;21;274
28;2025-11-15;22;137
28;2025-11-15;23;24
28;2025-11-16;0;6
28;2025-11-16;1;0
28;2025-11-16;2;0
28;2025-11-16;3;0
28;2025-11-16;4;0
28;2025-11-16;5;22
28;2025-11-16;6;88
28;2025-11-16;7;151
28;2025-11-16;8;249
28;2025-11-16;9;328
28;2025-11-16;10;363
28;2025-11-16;11;397
28;2025-11-16;12;446
28;2025-11-16;13;507
28;2025-11-16;14;499
28;2025-11-16;15;505
28;2025-11-16;16;477
28;2025-11-16;17;468
28;2025-11-16;18;433
28;2025-11-16;19;377
28;2025-11-16;20;305
28;2025-11-16;21;255
28;2025-11-16;22;116
28;2025-11-16;23;14
28;2025-11-17;0;2
28;2025-11-17;1;0
28;2025-11-17;2;0
28;2025-11-17;3;0
28;2025-11-17;4;0
28;2025-11-17;5;58
28;2025-11-17;6;267
28;2025-11-17;7;753
28;2025-11-17;8;1152
28;2025-11-17;9;851
28;2025-11-17;10;601
28;2025-11-17;11;526
28;2025-11-17;12;664
28;2025-11-17;13;673
28;2025-11-17;14;623
28;2025-11-17;15;650
28;2025-11-17;16;835
28;2025-11-17;17;950
28;2025-11-17;18;965
28;2025-11-17;19;722
28;2025-11-17;20;507
28;2025-11-17;21;311
28;2025-11-17;22;122
28;2025-11-17;23;15
28;2025-11-18;0;2
28;2025-11-18;1;0
28;2025-11-18;2;0
28;2025-11-18;3;0
28;2025-11-18;4;0
28;2025-11-18;5;56
28;2025-11-18;6;267
28;2025-11-18;7;785
28;2025-11-18;8;1190
28;2025-11-18;9;862
28;2025-11-18;10;647
28;2025-11-18;11;583
28;2025-11-18;12;679
28;2025-11-18;13;719
28;2025-11-18;14;649
28;2025-11-18;15;657
28;2025-11-18;16;810
28;2025-11-18;17;950
28;2025-11-18;18;947
28;2025-11-18;19;720
28;2025-11-18;20;525
28;2025-11-18;21;320
28;2025-11-18;22;134
28;2025-11-18;23;17
28;2025-11-19;0;2
28;2025-11-19;1;0
28;2025-11-19;2;0
28;2025-11-19;3;0
28;2025-11-19;4;0
28;2025-11-19;5;58
28;2025-11-19;6;274
28;2025-11-19;7;761
28;2025-11-19;8;1170
28;2025-11-19;9;828
28;2025-11-19;10;610
28;2025-11-19;11;579
28;2025-11-19;12;688
28;2025-11-19;13;720
28;2025-11-19;14;642
28;2025-11-19;15;696
28;2025-11-19;16;842
28;2025-11-19;17;950
28;2025-11-19;18;966
28;2025-11-19;19;743
28;2025-11-19;20;521
28;2025-11-19;21;317
28;2025-11-19;22;142
28;2025-11-19;23;17
28;2025-11-20;0;3
28;2025-11-20;1;0
28;2025-11-20;2;0
28;2025-11-20;3;0
28;2025-11-20;4;0
28;2025-11-20;5;57
28;2025-11-20;6;272
28;2025-11-20;7;760
28;2025-11-20;8;1139
28;2025-11-20;9;839
28;2025-11-20;10;607
28;2025-11-20;11;540
28;2025-11-20;12;677
28;2025-11-20;13;705
28;2025-11-20;14;646
28;2025-11-20;15;670
28;2025-11-20;16;814
28;2025-11-20;17;956
28;2025-11-20;18;970
28;2025-11-20;19;733
28;2025-11-20;20;535
28;2025-11-20;21;323
28;2025-11-20;22;139
28;2025-11-20;23;18
28;2025-11-21;0;2
28;2025-11-21;1;0
28;2025-11-21;2;0
28;2025-11-21;3;0
28;2025-11-21;4;0
28;2025-11-21;5;56
28;2025-11-21;6;264
28;2025-11-21;7;731
28;2025-11-21;8;1093
28;2025-11-21;9;795
28;2025-11-21;10;596
28;2025-11-21;11;564
28;2025-11-21;12;690
28;2025-11-21;13;701
28;2025-11-21;14;668
28;2025-11-21;15;698
28;2025-11-21;16;894
28;2025-11-21;17;937
28;2025-11-21;18;811
28;2025-11-21;19;638
28;2025-11-21;20;468
28;2025-11-21;21;329
28;2025-11-21;22;143
28;2025-11-21;23;19
28;2025-11-22;0;3
28;2025-11-22;1;0
28;2025-11-22;2;0
28;2025-11-22;3;0
28;2025-11-22;4;0
28;2025-11-22;5;27
28;2025-11-22;6;105
28;2025-11-22;7;222
28;2025-11-22;8;352
28;2025-11-22;9;444
28;2025-11-22;10;460
28;2025-11-22;11;466
28;2025-11-22;12;542
28;2025-11-22;13;571
28;2025-11-22;14;571
28;2025-11-22;15;563
28;2025-11-22;16;531
28;2025-11-22;17;540
28;2025-11-22;18;481
28;2025-11-22;19;418
28;2025-11-22;20;325
28;2025-11-22;21;274
28;2025-11-22;22;137
28;2025-11-22;23;24
28;2025-11-23;0;6
28;2025-11-23;1;0
28;2025-11-23;2;0
28;2025-11-23;3;0
28;2025-11-23;4;0
28;2025-11-23;5;22
28;2025-11-23;6;88
28;2025-11-23;7;152
28;2025-11-23;8;251
28;2025-11-23;9;330
28;2025-11-23;10;365
28;2025-11-23;11;400
28;2025-11-23;12;449
28;2025-11-23;13;510
28;2025-11-23;14;502
28;2025-11-23;15;508
28;2025-11-23;16;480
28;2025-11-23;17;471
28;2025-11-23;18;436
28;2025-11-23;19;379
28;2025-11-23;20;305
28;2025-11-23;21;255
28;2025-11-23;22;116
28;2025-11-23;23;14
28;2025-11-24;0;2
28;2025-11-24;1;0
28;2025-11-24;2;0
28;2025-11-24;3;0
28;2025-11-24;4;0
28;2025-11-24;5;58
28;2025-11-24;6;267
28;2025-11-24;7;742
28;2025-11-24;8;1134
28;2025-11-24;9;838
28;2025-11-24;10;596
28;2025-11-24;11;526
28;2025-11-24;12;653
28;2025-11-24;13;673
28;2025-11-24;14;613
28;2025-11-24;15;639
28;2025-11-24;16;821
28;2025-11-24;17;935
28;2025-11-24;18;951
28;2025-11-24;19;722
28;2025-11-24;20;502
28;2025-11-24;21;311
28;2025-11-24;22;122
28;2025-11-24;23;15
28;2025-11-25;0;2
28;2025-11-25;1;0
28;2025-11-25;2;0
28;2025-11-25;3;0
28;2025-11-25;4;0
28;2025-11-25;5;56
28;2025-11-25;6;267
28;2025-11-25;7;778
28;2025-11-25;8;1179
28;2025-11-25;9;862
28;2025-11-25;10;642
28;2025-11-25;11;577
28;2025-11-25;12;673
28;2025-11-25;13;715
28;2025-11-25;14;643
28;2025-11-25;15;651
28;2025-11-25;16;802
28;2025-11-25;17;941
28;2025-11-25;18;939
28;2025-11-25;19;720
28;2025-11-25;20;525
28;2025-11-25;21;320
28;2025-11-25;22;134
28;2025-11-25;23;17
28;2025-11-26;0;2
28;2025-11-26;1;0
28;2025-11-26;2;0
28;2025-11-26;3;0
28;2025-11-26;4;0
28;2025-11-26;5;58
28;2025-11-26;6;274
28;2025-11-26;7;758
28;2025-11-26;8;1165
28;2025-11-26;9;825
28;2025-11-26;10;607
28;2025-11-26;11;579
28;2025-11-26;12;686
28;2025-11-26;13;717
28;2025-11-26;14;640
28;2025-11-26;15;693
28;2025-11-26;16;839
28;2025-11-26;17;946
28;2025-11-26;18;962
28;2025-11-26;19;743
28;2025-11-26;20;521
28;2025-11-26;21;317
28;2025-11-26;22;142
28;2025-11-26;23;17
28;2025-11-27;0;3
28;2025-11-27;1;0
28;2025-11-27;2;0
28;2025-11-27;3;0
28;2025-11-27;4;0
28;2025-11-27;5;57
28;2025-11-27;6;272
28;2025-11-27;7;759
28;2025-11-27;8;1136
28;2025-11-27;9;838
28;2025-11-27;10;607
28;2025-11-27;11;540
28;2025-11-27;12;677
28;2025-11-27;13;703
28;2025-11-27;14;645
28;2025-11-27;15;668
28;2025-11-27;16;812
28;2025-11-27;17;954
28;2025-11-27;18;968
28;2025-11-27;19;731
28;2025-11-27;20;534
28;2025-11-27;21;323
28;2025-11-27;22;139
28;2025-11-27;23;18
28;2025-11-28;0;2
28;2025-11-28;1;0
28;2025-11-28;2;0
28;2025-11-28;3;0
28;2025-11-28;4;0
28;2025-11-28;5;56
28;2025-11-28;6;263
28;2025-11-28;7;729
28;2025-11-28;8;1089
28;2025-11-28;9;792
28;2025-11-28;10;596
28;2025-11-28;11;564
28;2025-11-28;12;688
28;2025-11-28;13;698
28;2025-11-28;14;665
28;2025-11-28;15;696
28;2025-11-28;16;891
28;2025-11-28;17;934
28;2025-11-28;18;808
28;2025-11-28;19;638
28;2025-11-28;20;468
28;2025-11-28;21;329
28;2025-11-28;22;143
28;2025-11-28;23;19
28;2025-11-29;0;3
28;2025-11-29;1;0
28;2025-11-29;2;0
28;2025-11-29;3;0
28;2025-11-29;4;0
28;2025-11-29;5;27
28;2025-11-29;6;107
28;2025-11-29;7;224
28;2025-11-29;8;356
28;2025-11-29;9;448
28;2025-11-29;10;465
28;2025-11-29;11;471
28;2025-11-29;12;548
28;2025-11-29;13;577
28;2025-11-29;14;577
28;2025-11-29;15;569
28;2025-11-29;16;536
28;2025-11-29;17;545
28;2025-11-29;18;486
28;2025-11-29;19;422
28;2025-11-29;20;325
28;2025-11-29;21;274
28;2025-11-29;22;137
28;2025-11-29;23;24
28;2025-11-30;0;6
28;2025-11-30;1;0
28;2025-11-30;2;0
28;2025-11-30;3;0
28;2025-11-30;4;0
28;2025-11-30;5;22
28;2025-11-30;6;87
28;2025-11-30;7;150
28;2025-11-30;8;248
28;2025-11-30;9;326
28;2025-11-30;10;361
28;2025-11-30;11;395
28;2025-11-30;12;443
28;2025-11-30;13;504
28;2025-11-30;14;496
28;2025-11-30;15;502
28;2025-11-30;16;474
28;2025-11-30;17;466
28;2025-11-30;18;431
28;2025-11-30;19;375
28;2025-11-30;20;305
28;2025-11-30;21;254
28;2025-11-30;22;116
28;2025-11-30;23;14
28;2025-12-01;0;2
28;2025-12-01;1;0
28;2025-12-01;2;0
28;2025-12-01;3;0
28;2025-12-01;4;0
28;2025-12-01;5;58
28;2025-12-01;6;267
28;2025-12-01;7;736
28;2025-12-01;8;1126
28;2025-12-01;9;832
28;2025-12-01;10;591
28;2025-12-01;11;526
28;2025-12-01;12;648
28;2025-12-01;13;670
28;2025-12-01;14;609
28;2025-12-01;15;634
28;2025-12-01;16;815
28;2025-12-01;17;928
28;2025-12-01;18;944
28;2025-12-01;19;722
28;2025-12-01;20;498
28;2025-12-01;21;311
28;2025-12-01;22;122
28;2025-12-01;23;15
28;2025-12-02;0;2
28;2025-12-02;1;0
28;2025-12-02;2;0
28;2025-12-02;3;0
28;2025-12-02;4;0
28;2025-12-02;5;54
28;2025-12-02;6;261
28;2025-12-02;7;751
28;2025-12-02;8;1139
28;2025-12-02;9;837
28;2025-12-02;10;620
28;2025-12-02;11;558
28;2025-12-02;12;650
28;2025-12-02;13;691
28;2025-12-02;14;621
28;2025-12-02;15;629
28;2025-12-02;16;775
28;2025-12-02;17;910
28;2025-12-02;18;907
28;2025-12-02;19;717
28;2025-12-02;20;514
28;2025-12-02;21;320
28;2025-12-02;22;134
28;2025-12-02;23;17
28;2025-12-03;0;2
28;2025-12-03;1;0
28;2025-12-03;2;0
28;2025-12-03;3;0
28;2025-12-03;4;0
28;2025-12-03;5;58
28;2025-12-03;6;259
28;2025-12-03;7;708
28;2025-12-03;8;1089
28;2025-12-03;9;771
28;2025-12-03;10;567
28;2025-12-03;11;563
28;2025-12-03;12;641
28;2025-12-03;13;670
28;2025-12-03;14;598
28;2025-12-03;15;648
28;2025-12-03;16;784
28;2025-12-03;17;884
28;2025-12-03;18;899
28;2025-12-03;19;694
28;2025-12-03;20;491
28;2025-12-03;21;317
28;2025-12-03;22;142
28;2025-12-03;23;17
28;2025-12-04;0;3
28;2025-12-04;1;0
28;2025-12-04;2;0
28;2025-12-04;3;0
28;2025-12-04;4;0
28;2025-12-04;5;57
28;2025-12-04;6;259
28;2025-12-04;7;714
28;2025-12-04;8;1069
28;2025-12-04;9;789
28;2025-12-04;10;574
28;2025-12-04;11;535
28;2025-12-04;12;639
28;2025-12-04;13;662
28;2025-12-04;14;606
28;2025-12-04;15;629
28;2025-12-04;16;764
28;2025-12-04;17;897
28;2025-12-04;18;911
28;2025-12-04;19;688
28;2025-12-04;20;503
28;2025-12-04;21;323
28;2025-12-04;22;139
28;2025-12-04;23;18
28;2025-12-05;0;2
28;2025-12-05;1;0
28;2025-12-05;2;0
28;2025-12-05;3;0
28;2025-12-05;4;0
28;2025-12-05;5;53
28;2025-12-05;6;249
28;2025-12-05;7;692
28;2025-12-05;8;1034
28;2025-12-05;9;752
28;2025-12-05;10;570
28;2025-12-05;11;551
28;2025-12-05;12;653
28;2025-12-05;13;663
28;2025-12-05;14;631
28;2025-12-05;15;661
28;2025-12-05;16;846
28;2025-12-05;17;886
28;2025-12-05;18;767
28;2025-12-05;19;617
28;2025-12-05;20;468
28;2025-12-05;21;321
28;2025-12-05;22;143
28;2025-12-05;23;19
28;2025-12-06;0;3
28;2025-12-06;1;0
28;2025-12-06;2;0
28;2025-12-06;3;0
28;2025-12-06;4;0
28;2025-12-06;5;27
28;2025-12-06;6;102
28;2025-12-06;7;214
28;2025-12-06;8;340
28;2025-12-06;9;428
28;2025-12-06;10;444
28;2025-12-06;11;449
28;2025-12-06;12;523
28;2025-12-06;13;551
28;2025-12-06;14;551
28;2025-12-06;15;543
28;2025-12-06;16;512
28;2025-12-06;17;521
28;2025-12-06;18;464
28;2025-12-06;19;403
28;2025-12-06;20;315
28;2025-12-06;21;274
28;2025-12-06;22;137
28;2025-12-06;23;24
28;2025-12-07;0;6
28;2025-12-07;1;0
28;2025-12-07;2;0
28;2025-12-07;3;0
28;2025-12-07;4;0
28;2025-12-07;5;21
28;2025-12-07;6;82
28;2025-12-07;7;142
28;2025-12-07;8;234
28;2025-12-07;9;308
28;2025-12-07;10;341
28;2025-12-07;11;374
28;2025-12-07;12;419
28;2025-12-07;13;476
28;2025-12-07;14;469
28;2025-12-07;15;475
28;2025-12-07;16;449
28;2025-12-07;17;440
28;2025-12-07;18;407
28;2025-12-07;19;354
28;2025-12-07;20;295
28;2025-12-07;21;240
28;2025-12-07;22;109
28;2025-12-07;23;14
28;2025-12-08;0;1
28;2025-12-08;1;0
28;2025-12-08;2;0
28;2025-12-08;3;0
28;2025-12-08;4;0
28;2025-12-08;5;54
28;2025-12-08;6;247
28;2025-12-08;7;679
28;2025-12-08;8;1039
28;2025-12-08;9;768
28;2025-12-08;10;546
28;2025-12-08;11;501
28;2025-12-08;12;598
28;2025-12-08;13;618
28;2025-12-08;14;562
28;2025-12-08;15;586
28;2025-12-08;16;752
28;2025-12-08;17;856
28;2025-12-08;18;871
28;2025-12-08;19;673
28;2025-12-08;20;459
28;2025-12-08;21;287
28;2025-12-08;22;120
28;2025-12-08;23;15
28;2025-12-09;0;2
28;2025-12-09;1;0
28;2025-12-09;2;0
28;2025-12-09;3;0
28;2025-12-09;4;0
28;2025-12-09;5;51
28;2025-12-09;6;247
28;2025-12-09;7;709
28;2025-12-09;8;1074
28;2025-12-09;9;789
28;2025-12-09;10;585
28;2025-12-09;11;526
28;2025-12-09;12;613
28;2025-12-09;13;651
28;2025-12-09;14;586
28;2025-12-09;15;593
28;2025-12-09;16;731
28;2025-12-09;17;858
28;2025-12-09;18;855
28;2025-12-09;19;676
28;2025-12-09;20;485
28;2025-12-09;21;304
28;2025-12-09;22;134
28;2025-12-09;23;17
28;2025-12-10;0;2
28;2025-12-10;1;0
28;2025-12-10;2;0
28;2025-12-10;3;0
28;2025-12-10;4;0
28;2025-12-10;5;58
28;2025-12-10;6;251
28;2025-12-10;7;687
28;2025-12-10;8;1056
28;2025-12-10;9;748
28;2025-12-10;10;550
28;2025-12-10;11;546
28;2025-12-10;12;621
28;2025-12-10;13;650
28;2025-12-10;14;580
28;2025-12-10;15;628
28;2025-12-10;16;761
28;2025-12-10;17;858
28;2025-12-10;18;872
28;2025-12-10;19;674
28;2025-12-10;20;476
28;2025-12-10;21;312
28;2025-12-10;22;142
28;2025-12-10;23;17
28;2025-12-11;0;3
28;2025-12-11;1;0
28;2025-12-11;2;0
28;2025-12-11;3;0
28;2025-12-11;4;0
28;2025-12-11;5;55
28;2025-12-11;6;252
28;2025-12-11;7;693
28;2025-12-11;8;1038
28;2025-12-11;9;766
28;2025-12-11;10;558
28;2025-12-11;11;519
28;2025-12-11;12;621
28;2025-12-11;13;643
28;2025-12-11;14;589
28;2025-12-11;15;611
28;2025-12-11;16;742
28;2025-12-11;17;872
28;2025-12-11;18;885
28;2025-12-11;19;668
28;2025-12-11;20;488
28;2025-12-11;21;318
28;2025-12-11;22;139
28;2025-12-11;23;18
28;2025-12-12;0;2
28;2025-12-12;1;0
28;2025-12-12;2;0
28;2025-12-12;3;0
28;2025-12-12;4;0
28;2025-12-12;5;51
28;2025-12-12;6;239
28;2025-12-12;7;662
28;2025-12-12;8;989
28;2025-12-12;9;719
28;2025-12-12;10;545
28;2025-12-12;11;527
28;2025-12-12;12;624
28;2025-12-12;13;634
28;2025-12-12;14;604
28;2025-12-12;15;632
28;2025-12-12;16;809
28;2025-12-12;17;848
28;2025-12-12;18;734
28;2025-12-12;19;590
28;2025-12-12;20;450
28;2025-12-12;21;307
28;2025-12-12;22;143
28;2025-12-12;23;19
28;2025-12-13;0;3
28;2025-12-13;1;0
28;2025-12-13;2;0
28;2025-12-13;3;0
28;2025-12-13;4;0
28;2025-12-13;5;26
28;2025-12-13;6;99
28;2025-12-13;7;208
28;2025-12-13;8;330
28;2025-12-13;9;415
28;2025-12-13;10;431
28;2025-12-13;11;436
28;2025-12-13;12;508
28;2025-12-13;13;535
28;2025-12-13;14;534
28;2025-12-13;15;527
28;2025-12-13;16;497
28;2025-12-13;17;505
28;2025-12-13;18;451
28;2025-12-13;19;391
28;2025-12-13;20;305
28;2025-12-13;21;274
28;2025-12-13;22;136
28;2025-12-13;23;24
28;2025-12-14;0;6
28;2025-12-14;1;0
28;2025-12-14;2;0
28;2025-12-14;3;0
28;2025-12-14;4;0
28;2025-12-14;5;21
28;2025-12-14;6;82
28;2025-12-14;7;141
28;2025-12-14;8;233
28;2025-12-14;9;306
28;2025-12-14;10;339
28;2025-12-14;11;371
28;2025-12-14;12;416
28;2025-12-14;13;473
28;2025-12-14;14;466
28;2025-12-14;15;471
28;2025-12-14;16;446
28;2025-12-14;17;437
28;2025-12-14;18;405
28;2025-12-14;19;352
28;2025-12-14;20;293
28;2025-12-14;21;238
28;2025-12-14;22;109
28;2025-12-14;23;14
28;2025-12-15;0;1
28;2025-12-15;1;0
28;2025-12-15;2;0
28;2025-12-15;3;0
28;2025-12-15;4;0
28;2025-12-15;5;54
28;2025-12-15;6;247
28;2025-12-15;7;679
28;2025-12-15;8;1039
28;2025-12-15;9;768
28;2025-12-15;10;546
28;2025-12-15;11;501
28;2025-12-15;12;598
28;2025-12-15;13;618
28;2025-12-15;14;562
28;2025-12-15;15;586
28;2025-12-15;16;752
28;2025-12-15;17;856
28;2025-12-15;18;871
28;2025-12-15;19;673
28;2025-12-15;20;459
28;2025-12-15;21;287
28;2025-12-15;22;119
28;2025-12-15;23;14
28;2025-12-16;0;2
28;2025-12-16;1;0
28;2025-12-16;2;0
28;2025-12-16;3;0
28;2025-12-16;4;0
28;2025-12-16;5;51
28;2025-12-16;6;246
28;2025-12-16;7;708
28;2025-12-16;8;1074
28;2025-12-16;9;789
28;2025-12-16;10;584
28;2025-12-16;11;526
28;2025-12-16;12;613
28;2025-12-16;13;651
28;2025-12-16;14;585
28;2025-12-16;15;593
28;2025-12-16;16;731
28;2025-12-16;17;857
28;2025-12-16;18;855
28;2025-12-16;19;676
28;2025-12-16;20;484
28;2025-12-16;21;304
28;2025-12-16;22;131
28;2025-12-16;23;16
28;2025-12-17;0;2
28;2025-12-17;1;0
28;2025-12-17;2;0
28;2025-12-17;3;0
28;2025-12-17;4;0
28;2025-12-17;5;57
28;2025-12-17;6;249
28;2025-12-17;7;682
28;2025-12-17;8;1048
28;2025-12-17;9;742
28;2025-12-17;10;546
28;2025-12-17;11;542
28;2025-12-17;12;617
28;2025-12-17;13;645
28;2025-12-17;14;576
28;2025-12-17;15;623
28;2025-12-17;16;755
28;2025-12-17;17;851
28;2025-12-17;18;866
28;2025-12-17;19;668
28;2025-12-17;20;473
28;2025-12-17;21;310
28;2025-12-17;22;135
28;2025-12-17;23;17
28;2025-12-18;0;3
28;2025-12-18;1;0
28;2025-12-18;2;0
28;2025-12-18;3;0
28;2025-12-18;4;0
28;2025-12-18;5;54
28;2025-12-18;6;248
28;2025-12-18;7;682
28;2025-12-18;8;1022
28;2025-12-18;9;754
28;2025-12-18;10;549
28;2025-12-18;11;511
28;2025-12-18;12;611
28;2025-12-18;13;633
28;2025-12-18;14;580
28;2025-12-18;15;601
28;2025-12-18;16;731
28;2025-12-18;17;858
28;2025-12-18;18;871
28;2025-12-18;19;658
28;2025-12-18;20;481
28;2025-12-18;21;313
28;2025-12-18;22;132
28;2025-12-18;23;17
28;2025-12-19;0;2
28;2025-12-19;1;0
28;2025-12-19;2;0
28;2025-12-19;3;0
28;2025-12-19;4;0
28;2025-12-19;5;50
28;2025-12-19;6;235
28;2025-12-19;7;651
28;2025-12-19;8;973
28;2025-12-19;9;708
28;2025-12-19;10;537
28;2025-12-19;11;519
28;2025-12-19;12;615
28;2025-12-19;13;624
28;2025-12-19;14;594
28;2025-12-19;15;622
28;2025-12-19;16;796
28;2025-12-19;17;834
28;2025-12-19;18;722
28;2025-12-19;19;581
28;2025-12-19;20;443
28;2025-12-19;21;302
28;2025-12-19;22;140
28;2025-12-19;23;18
28;2025-12-20;0;2
28;2025-12-20;1;0
28;2025-12-20;2;0
28;2025-12-20;3;0
28;2025-12-20;4;0
28;2025-12-20;5;26
28;2025-12-20;6;99
28;2025-12-20;7;208
28;2025-12-20;8;330
28;2025-12-20;9;415
28;2025-12-20;10;431
28;2025-12-20;11;436
28;2025-12-20;12;508
28;2025-12-20;13;535
28;2025-12-20;14;534
28;2025-12-20;15;527
28;2025-12-20;16;497
28;2025-12-20;17;505
28;2025-12-20;18;451
28;2025-12-20;19;391
28;2025-12-20;20;305
28;2025-12-20;21;271
28;2025-12-20;22;136
28;2025-12-20;23;22
28;2025-12-21;0;6
28;2025-12-21;1;0
28;2025-12-21;2;0
28;2025-12-21;3;0
28;2025-12-21;4;0
28;2025-12-21;5;21
28;2025-12-21;6;82
28;2025-12-21;7;141
28;2025-12-21;8;233
28;2025-12-21;9;306
28;2025-12-21;10;339
28;2025-12-21;11;371
28;2025-12-21;12;416
28;2025-12-21;13;473
28;2025-12-21;14;466
28;2025-12-21;15;471
28;2025-12-21;16;446
28;2025-12-21;17;437
28;2025-12-21;18;405
28;2025-12-21;19;352
28;2025-12-21;20;293
28;2025-12-21;21;238
28;2025-12-21;22;109
28;2025-12-21;23;14
28;2025-12-22;0;1
28;2025-12-22;1;0
28;2025-12-22;2;0
28;2025-12-22;3;0
28;2025-12-22;4;0
28;2025-12-22;5;54
28;2025-12-22;6;247
28;2025-12-22;7;679
28;2025-12-22;8;1039
28;2025-12-22;9;768
28;2025-12-22;10;546
28;2025-12-22;11;501
28;2025-12-22;12;598
28;2025-12-22;13;618
28;2025-12-22;14;562
28;2025-12-22;15;586
28;2025-12-22;16;752
28;2025-12-22;17;856
28;2025-12-22;18;871
28;2025-12-22;19;673
28;2025-12-22;20;459
28;2025-12-22;21;287
28;2025-12-22;22;119
28;2025-12-22;23;14
28;2025-12-23;0;2
28;2025-12-23;1;0
28;2025-12-23;2;0
28;2025-12-23;3;0
28;2025-12-23;4;0
28;2025-12-23;5;51
28;2025-12-23;6;246
28;2025-12-23;7;708
28;2025-12-23;8;1074
28;2025-12-23;9;789
28;2025-12-23;10;584
28;2025-12-23;11;526
28;2025-12-23;12;613
28;2025-12-23;13;651
28;2025-12-23;14;585
28;2025-12-23;15;593
28;2025-12-23;16;731
28;2025-12-23;17;857
28;2025-12-23;18;855
28;2025-12-23;19;676
28;2025-12-23;20;484
28;2025-12-23;21;304
28;2025-12-23;22;131
28;2025-12-23;23;15
28;2025-12-24;0;2
28;2025-12-24;1;0
28;2025-12-24;2;0
28;2025-12-24;3;0
28;2025-12-24;4;0
28;2025-12-24;5;57
28;2025-12-24;6;249
28;2025-12-24;7;682
28;2025-12-24;8;1048
28;2025-12-24;9;742
28;2025-12-24;10;546
28;2025-12-24;11;542
28;2025-12-24;12;617
28;2025-12-24;13;645
28;2025-12-24;14;576
28;2025-12-24;15;623
28;2025-12-24;16;755
28;2025-12-24;17;851
28;2025-12-24;18;866
28;2025-12-24;19;668
28;2025-12-24;20;473
28;2025-12-24;21;310
28;2025-12-24;22;134
28;2025-12-24;23;15
28;2025-12-25;0;3
28;2025-12-25;1;0
28;2025-12-25;2;0
28;2025-12-25;3;0
28;2025-12-25;4;0
28;2025-12-25;5;54
28;2025-12-25;6;248
28;2025-12-25;7;682
28;2025-12-25;8;1022
28;2025-12-25;9;754
28;2025-12-25;10;549
28;2025-12-25;11;511
28;2025-12-25;12;611
28;2025-12-25;13;633
28;2025-12-25;14;580
28;2025-12-25;15;601
28;2025-12-25;16;731
28;2025-12-25;17;858
28;2025-12-25;18;871
28;2025-12-25;19;658
28;2025-12-25;20;481
28;2025-12-25;21;313
28;2025-12-25;22;132
28;2025-12-25;23;16
28;2025-12-26;0;1
28;2025-12-26;1;0
28;2025-12-26;2;0
28;2025-12-26;3;0
28;2025-12-26;4;0
28;2025-12-26;5;50
28;2025-12-26;6;235
28;2025-12-26;7;651
28;2025-12-26;8;973
28;2025-12-26;9;708
28;2025-12-26;10;537
28;2025-12-26;11;519
28;2025-12-26;12;615
28;2025-12-26;13;624
28;2025-12-26;14;594
28;2025-12-26;15;622
28;2025-12-26;16;796
28;2025-12-26;17;834
28;2025-12-26;18;722
28;2025-12-26;19;581
28;2025-12-26;20;443
28;2025-12-26;21;302
28;2025-12-26;22;140
28;2025-12-26;23;18
28;2025-12-27;0;2
28;2025-12-27;1;0
28;2025-12-27;2;0
28;2025-12-27;3;0
28;2025-12-27;4;0
28;2025-12-27;5;26
28;2025-12-27;6;99
28;2025-12-27;7;208
28;2025-12-27;8;330
28;2025-12-27;9;415
28;2025-12-27;10;431
28;2025-12-27;11;436
28;2025-12-27;12;508
28;2025-12-27;13;535
28;2025-12-27;14;534
28;2025-12-27;15;527
28;2025-12-27;16;497
28;2025-12-27;17;505
28;2025-12-27;18;451
28;2025-12-27;19;391
28;2025-12-27;20;305
28;2025-12-27;21;271
28;2025-12-27;22;136
28;2025-12-27;23;21
28;2025-12-28;0;6
28;2025-12-28;1;0
28;2025-12-28;2;0
28;2025-12-28;3;0
28;2025-12-28;4;0
28;2025-12-28;5;21
28;2025-12-28;6;82
28;2025-12-28;7;141
28;2025-12-28;8;233
28;2025-12-28;9;306
28;2025-12-28;10;339
28;2025-12-28;11;371
28;2025-12-28;12;416
28;2025-12-28;13;473
28;2025-12-28;14;466
28;2025-12-28;15;471
28;2025-12-28;16;446
28;2025-12-28;17;437
28;2025-12-28;18;405
28;2025-12-28;19;352
28;2025-12-28;20;293
28;2025-12-28;21;238
28;2025-12-28;22;109
28;2025-12-28;23;13
28;2025-12-29;0;1
28;2025-12-29;1;0
28;2025-12-29;2;0
28;2025-12-29;3;0
28;2025-12-29;4;0
28;2025-12-29;5;54
28;2025-12-29;6;247
28;2025-12-29;7;679
28;2025-12-29;8;1039
28;2025-12-29;9;768
28;2025-12-29;10;546
28;2025-12-29;11;501
28;2025-12-29;12;598
28;2025-12-29;13;618
28;2025-12-29;14;562
28;2025-12-29;15;586
28;2025-12-29;16;752
28;2025-12-29;17;856
28;2025-12-29;18;871
28;2025-12-29;19;673
28;2025-12-29;20;459
28;2025-12-29;21;287
28;2025-12-29;22;119
28;2025-12-29;23;12
28;2025-12-30;0;2
28;2025-12-30;1;0
28;2025-12-30;2;0
28;2025-12-30;3;0
28;2025-12-30;4;0
28;2025-12-30;5;51
28;2025-12-30;6;246
28;2025-12-30;7;708
28;2025-12-30;8;1074
28;2025-12-30;9;789
28;2025-12-30;10;584
28;2025-12-30;11;526
28;2025-12-30;12;613
28;2025-12-30;13;651
28;2025-12-30;14;585
28;2025-12-30;15;593
28;2025-12-30;16;731
28;2025-12-30;17;857
28;2025-12-30;18;855
28;2025-12-30;19;676
28;2025-12-30;20;484
28;2025-12-30;21;304
28;2025-12-30;22;131
28;2025-12-30;23;15
28;2025-12-31;0;1
28;2025-12-31;1;0
28;2025-12-31;2;0
28;2025-12-31;3;0
28;2025-12-31;4;0
28;2025-12-31;5;40
28;2025-12-31;6;176
28;2025-12-31;7;481
28;2025-12-31;8;740
28;2025-12-31;9;524
28;2025-12-31;10;385
28;2025-12-31;11;424
28;2025-12-31;12;470
28;2025-12-31;13;528
28;2025-12-31;14;545
28;2025-12-31;15;540
28;2025-12-31;16;533
28;2025-12-31;17;601
28;2025-12-31;18;611
28;2025-12-31;19;472
28;2025-12-31;20;334
28;2025-12-31;21;253
28;2025-12-31;22;115
28;2025-12-31;23;12
50;2025-11-01;0;33
50;2025-11-01;1;0
50;2025-11-01;2;0
50;2025-11-01;3;0
50;2025-11-01;4;0
50;2025-11-01;5;33
50;2025-11-01;6;183
50;2025-11-01;7;361
50;2025-11-01;8;517
50;2025-11-01;9;557
50;2025-11-01;10;549
50;2025-11-01;11;659
50;2025-11-01;12;677
50;2025-11-01;13;705
50;2025-11-01;14;708
50;2025-11-01;15;675
50;2025-11-01;16;659
50;2025-11-01;17;667
50;2025-11-01;18;617
50;2025-11-01;19;554
50;2025-11-01;20;445
50;2025-11-01;21;361
50;2025-11-01;22;209
50;2025-11-01;23;144
50;2025-11-02;0;29
50;2025-11-02;1;0
50;2025-11-02;2;0
50;2025-11-02;3;0
50;2025-11-02;4;0
50;2025-11-02;5;16
50;2025-11-02;6;106
50;2025-11-02;7;193
50;2025-11-02;8;320
50;2025-11-02;9;341
50;2025-11-02;10;402
50;2025-11-02;11;546
50;2025-11-02;12;582
50;2025-11-02;13;640
50;2025-11-02;14;666
50;2025-11-02;15;609
50;2025-11-02;16;622
50;2025-11-02;17;619
50;2025-11-02;18;582
50;2025-11-02;19;505
50;2025-11-02;20;427
50;2025-11-02;21;339
50;2025-11-02;22;206
50;2025-11-02;23;112
50;2025-11-03;0;36
50;2025-11-03;1;0
50;2025-11-03;2;0
50;2025-11-03;3;0
50;2025-11-03;4;0
50;2025-11-03;5;57
50;2025-11-03;6;530
50;2025-11-03;7;1682
50;2025-11-03;8;2532
50;2025-11-03;9;1991
50;2025-11-03;10;1489
50;2025-11-03;11;1403
50;2025-11-03;12;1288
50;2025-11-03;13;1296
50;2025-11-03;14;1264
50;2025-11-03;15;1408
50;2025-11-03;16;1491
50;2025-11-03;17;2116
50;2025-11-03;18;2332
50;2025-11-03;19;1429
50;2025-11-03;20;893
50;2025-11-03;21;586
50;2025-11-03;22;305
50;2025-11-03;23;137
50;2025-11-04;0;39
50;2025-11-04;1;0
50;2025-11-04;2;0
50;2025-11-04;3;0
50;2025-11-04;4;0
50;2025-11-04;5;63
50;2025-11-04;6;579
50;2025-11-04;7;1749
50;2025-11-04;8;2609
50;2025-11-04;9;2027
50;2025-11-04;10;1570
50;2025-11-04;11;1433
50;2025-11-04;12;1352
50;2025-11-04;13;1331
50;2025-11-04;14;1278
50;2025-11-04;15;1434
50;2025-11-04;16;1513
50;2025-11-04;17;2221
50;2025-11-04;18;2388
50;2025-11-04;19;1435
50;2025-11-04;20;932
50;2025-11-04;21;630
50;2025-11-04;22;315
50;2025-11-04;23;146
50;2025-11-05;0;39
50;2025-11-05;1;0
50;2025-11-05;2;0
50;2025-11-05;3;0
50;2025-11-05;4;0
50;2025-11-05;5;62
50;2025-11-05;6;545
50;2025-11-05;7;1768
50;2025-11-05;8;2658
50;2025-11-05;9;2117
50;2025-11-05;10;1613
50;2025-11-05;11;1523
50;2025-11-05;12;1424
50;2025-11-05;13;1435
50;2025-11-05;14;1409
50;2025-11-05;15;1543
50;2025-11-05;16;1694
50;2025-11-05;17;2283
50;2025-11-05;18;2396
50;2025-11-05;19;1535
50;2025-11-05;20;935
50;2025-11-05;21;650
50;2025-11-05;22;316
50;2025-11-05;23;152
50;2025-11-06;0;44
50;2025-11-06;1;0
50;2025-11-06;2;0
50;2025-11-06;3;0
50;2025-11-06;4;0
50;2025-11-06;5;64
50;2025-11-06;6;529
50;2025-11-06;7;1760
50;2025-11-06;8;2604
50;2025-11-06;9;2059
50;2025-11-06;10;1604
50;2025-11-06;11;1510
50;2025-11-06;12;1409
50;2025-11-06;13;1392
50;2025-11-06;14;1332
50;2025-11-06;15;1486
50;2025-11-06;16;1663
50;2025-11-06;17;2246
50;2025-11-06;18;2461
50;2025-11-06;19;1467
50;2025-11-06;20;954
50;2025-11-06;21;696
50;2025-11-06;22;318
50;2025-11-06;23;174
50;2025-11-07;0;49
50;2025-11-07;1;0
50;2025-11-07;2;0
50;2025-11-07;3;0
50;2025-11-07;4;0
50;2025-11-07;5;61
50;2025-11-07;6;552
50;2025-11-07;7;1700
50;2025-11-07;8;2578
50;2025-11-07;9;1962
50;2025-11-07;10;1539
50;2025-11-07;11;1531
50;2025-11-07;12;1477
50;2025-11-07;13;1465
50;2025-11-07;14;1400
50;2025-11-07;15;1684
50;2025-11-07;16;1998
50;2025-11-07;17;2094
50;2025-11-07;18;1777
50;2025-11-07;19;1271
50;2025-11-07;20;881
50;2025-11-07;21;591
50;2025-11-07;22;323
50;2025-11-07;23;182
50;2025-11-08;0;66
50;2025-11-08;1;0
50;2025-11-08;2;0
50;2025-11-08;3;0
50;2025-11-08;4;0
50;2025-11-08;5;29
50;2025-11-08;6;183
50;2025-11-08;7;361
50;2025-11-08;8;517
50;2025-11-08;9;557
50;2025-11-08;10;549
50;2025-11-08;11;659
50;2025-11-08;12;677
50;2025-11-08;13;705
50;2025-11-08;14;708
50;2025-11-08;15;675
50;2025-11-08;16;659
50;2025-11-08;17;667
50;2025-11-08;18;553
50;2025-11-08;19;398
50;2025-11-08;20;425
50;2025-11-08;21;286
50;2025-11-08;22;164
50;2025-11-08;23;144
50;2025-11-09;0;29
50;2025-11-09;1;0
50;2025-11-09;2;0
50;2025-11-09;3;0
50;2025-11-09;4;0
50;2025-11-09;5;16
50;2025-11-09;6;106
50;2025-11-09;7;193
50;2025-11-09;8;320
50;2025-11-09;9;341
50;2025-11-09;10;402
50;2025-11-09;11;546
50;2025-11-09;12;582
50;2025-11-09;13;640
50;2025-11-09;14;666
50;2025-11-09;15;609
50;2025-11-09;16;622
50;2025-11-09;17;619
50;2025-11-09;18;582
50;2025-11-09;19;505
50;2025-11-09;20;427
50;2025-11-09;21;339
50;2025-11-09;22;206
50;2025-11-09;23;112
50;2025-11-10;0;36
50;2025-11-10;1;0
50;2025-11-10;2;0
50;2025-11-10;3;0
50;2025-11-10;4;0
50;2025-11-10;5;57
50;2025-11-10;6;530
50;2025-11-10;7;1740
50;2025-11-10;8;2700
50;2025-11-10;9;2124
50;2025-11-10;10;1588
50;2025-11-10;11;1496
50;2025-11-10;12;1357
50;2025-11-10;13;1382
50;2025-11-10;14;1348
50;2025-11-10;15;1502
50;2025-11-10;16;1590
50;2025-11-10;17;2243
50;2025-11-10;18;2487
50;2025-11-10;19;1451
50;2025-11-10;20;900
50;2025-11-10;21;612
50;2025-11-10;22;284
50;2025-11-10;23;137
50;2025-11-11;0;39
50;2025-11-11;1;0
50;2025-11-11;2;0
50;2025-11-11;3;0
50;2025-11-11;4;0
50;2025-11-11;5;63
50;2025-11-11;6;579
50;2025-11-11;7;1843
50;2025-11-11;8;2754
50;2025-11-11;9;2139
50;2025-11-11;10;1657
50;2025-11-11;11;1504
50;2025-11-11;12;1427
50;2025-11-11;13;1405
50;2025-11-11;14;1348
50;2025-11-11;15;1513
50;2025-11-11;16;1597
50;2025-11-11;17;2344
50;2025-11-11;18;2498
50;2025-11-11;19;1478
50;2025-11-11;20;932
50;2025-11-11;21;634
50;2025-11-11;22;298
50;2025-11-11;23;146
50;2025-11-12;0;39
50;2025-11-12;1;0
50;2025-11-12;2;0
50;2025-11-12;3;0
50;2025-11-12;4;0
50;2025-11-12;5;62
50;2025-11-12;6;545
50;2025-11-12;7;1768
50;2025-11-12;8;2680
50;2025-11-12;9;2131
50;2025-11-12;10;1626
50;2025-11-12;11;1536
50;2025-11-12;12;1435
50;2025-11-12;13;1446
50;2025-11-12;14;1421
50;2025-11-12;15;1555
50;2025-11-12;16;1708
50;2025-11-12;17;2302
50;2025-11-12;18;2416
50;2025-11-12;19;1547
50;2025-11-12;20;935
50;2025-11-12;21;650
50;2025-11-12;22;316
50;2025-11-12;23;152
50;2025-11-13;0;44
50;2025-11-13;1;0
50;2025-11-13;2;0
50;2025-11-13;3;0
50;2025-11-13;4;0
50;2025-11-13;5;64
50;2025-11-13;6;529
50;2025-11-13;7;1760
50;2025-11-13;8;2622
50;2025-11-13;9;2073
50;2025-11-13;10;1615
50;2025-11-13;11;1521
50;2025-11-13;12;1419
50;2025-11-13;13;1402
50;2025-11-13;14;1342
50;2025-11-13;15;1496
50;2025-11-13;16;1675
50;2025-11-13;17;2262
50;2025-11-13;18;2478
50;2025-11-13;19;1467
50;2025-11-13;20;954
50;2025-11-13;21;696
50;2025-11-13;22;318
50;2025-11-13;23;174
50;2025-11-14;0;49
50;2025-11-14;1;0
50;2025-11-14;2;0
50;2025-11-14;3;0
50;2025-11-14;4;0
50;2025-11-14;5;61
50;2025-11-14;6;552
50;2025-11-14;7;1703
50;2025-11-14;8;2583
50;2025-11-14;9;1965
50;2025-11-14;10;1542
50;2025-11-14;11;1533
50;2025-11-14;12;1480
50;2025-11-14;13;1467
50;2025-11-14;14;1402
50;2025-11-14;15;1687
50;2025-11-14;16;2001
50;2025-11-14;17;2098
50;2025-11-14;18;1777
50;2025-11-14;19;1273
50;2025-11-14;20;881
50;2025-11-14;21;591
50;2025-11-14;22;323
50;2025-11-14;23;182
50;2025-11-15;0;66
50;2025-11-15;1;0
50;2025-11-15;2;0
50;2025-11-15;3;0
50;2025-11-15;4;0
50;2025-11-15;5;29
50;2025-11-15;6;183
50;2025-11-15;7;361
50;2025-11-15;8;517
50;2025-11-15;9;557
50;2025-11-15;10;549
50;2025-11-15;11;659
50;2025-11-15;12;677
50;2025-11-15;13;705
50;2025-11-15;14;708
50;2025-11-15;15;675
50;2025-11-15;16;659
50;2025-11-15;17;667
50;2025-11-15;18;553
50;2025-11-15;19;398
50;2025-11-15;20;425
50;2025-11-15;21;286
50;2025-11-15;22;164
50;2025-11-15;23;144
50;2025-11-16;0;29
50;2025-11-16;1;0
50;2025-11-16;2;0
50;2025-11-16;3;0
50;2025-11-16;4;0
50;2025-11-16;5;16
50;2025-11-16;6;106
50;2025-11-16;7;193
50;2025-11-16;8;320
50;2025-11-16;9;341
50;2025-11-16;10;402
50;2025-11-16;11;546
50;2025-11-16;12;582
50;2025-11-16;13;640
50;2025-11-16;14;666
50;2025-11-16;15;609
50;2025-11-16;16;622
50;2025-11-16;17;619
50;2025-11-16;18;582
50;2025-11-16;19;505
50;2025-11-16;20;427
50;2025-11-16;21;339
50;2025-11-16;22;206
50;2025-11-16;23;112
50;2025-11-17;0;36
50;2025-11-17;1;0
50;2025-11-17;2;0
50;2025-11-17;3;0
50;2025-11-17;4;0
50;2025-11-17;5;57
50;2025-11-17;6;530
50;2025-11-17;7;1740
50;2025-11-17;8;2746
50;2025-11-17;9;2159
50;2025-11-17;10;1614
50;2025-11-17;11;1515
50;2025-11-17;12;1357
50;2025-11-17;13;1406
50;2025-11-17;14;1370
50;2025-11-17;15;1527
50;2025-11-17;16;1616
50;2025-11-17;17;2243
50;2025-11-17;18;2517
50;2025-11-17;19;1451
50;2025-11-17;20;900
50;2025-11-17;21;612
50;2025-11-17;22;284
50;2025-11-17;23;137
50;2025-11-18;0;39
50;2025-11-18;1;0
50;2025-11-18;2;0
50;2025-11-18;3;0
50;2025-11-18;4;0
50;2025-11-18;5;63
50;2025-11-18;6;579
50;2025-11-18;7;1843
50;2025-11-18;8;2788
50;2025-11-18;9;2166
50;2025-11-18;10;1677
50;2025-11-18;11;1504
50;2025-11-18;12;1445
50;2025-11-18;13;1422
50;2025-11-18;14;1365
50;2025-11-18;15;1532
50;2025-11-18;16;1617
50;2025-11-18;17;2373
50;2025-11-18;18;2498
50;2025-11-18;19;1478
50;2025-11-18;20;932
50;2025-11-18;21;634
50;2025-11-18;22;298
50;2025-11-18;23;146
50;2025-11-19;0;39
50;2025-11-19;1;0
50;2025-11-19;2;0
50;2025-11-19;3;0
50;2025-11-19;4;0
50;2025-11-19;5;62
50;2025-11-19;6;545
50;2025-11-19;7;1768
50;2025-11-19;8;2692
50;2025-11-19;9;2131
50;2025-11-19;10;1633
50;2025-11-19;11;1543
50;2025-11-19;12;1442
50;2025-11-19;13;1453
50;2025-11-19;14;1427
50;2025-11-19;15;1562
50;2025-11-19;16;1713
50;2025-11-19;17;2313
50;2025-11-19;18;2427
50;2025-11-19;19;1554
50;2025-11-19;20;935
50;2025-11-19;21;650
50;2025-11-19;22;316
50;2025-11-19;23;152
50;2025-11-20;0;44
50;2025-11-20;1;0
50;2025-11-20;2;0
50;2025-11-20;3;0
50;2025-11-20;4;0
50;2025-11-20;5;64
50;2025-11-20;6;529
50;2025-11-20;7;1760
50;2025-11-20;8;2619
50;2025-11-20;9;2071
50;2025-11-20;10;1613
50;2025-11-20;11;1519
50;2025-11-20;12;1418
50;2025-11-20;13;1401
50;2025-11-20;14;1340
50;2025-11-20;15;1495
50;2025-11-20;16;1673
50;2025-11-20;17;2259
50;2025-11-20;18;2475
50;2025-11-20;19;1467
50;2025-11-20;20;954
50;2025-11-20;21;696
50;2025-11-20;22;318
50;2025-11-20;23;174
50;2025-11-21;0;49
50;2025-11-21;1;0
50;2025-11-21;2;0
50;2025-11-21;3;0
50;2025-11-21;4;0
50;2025-11-21;5;61
50;2025-11-21;6;552
50;2025-11-21;7;1705
50;2025-11-21;8;2586
50;2025-11-21;9;1968
50;2025-11-21;10;1544
50;2025-11-21;11;1535
50;2025-11-21;12;1482
50;2025-11-21;13;1469
50;2025-11-21;14;1404
50;2025-11-21;15;1689
50;2025-11-21;16;2004
50;2025-11-21;17;2100
50;2025-11-21;18;1777
50;2025-11-21;19;1274
50;2025-11-21;20;881
50;2025-11-21;21;591
50;2025-11-21;22;323
50;2025-11-21;23;182
50;2025-11-22;0;66
50;2025-11-22;1;0
50;2025-11-22;2;0
50;2025-11-22;3;0
50;2025-11-22;4;0
50;2025-11-22;5;29
50;2025-11-22;6;183
50;2025-11-22;7;361
50;2025-11-22;8;517
50;2025-11-22;9;557
50;2025-11-22;10;549
50;2025-11-22;11;659
50;2025-11-22;12;677
50;2025-11-22;13;705
50;2025-11-22;14;708
50;2025-11-22;15;675
50;2025-11-22;16;659
50;2025-11-22;17;667
50;2025-11-22;18;553
50;2025-11-22;19;398
50;2025-11-22;20;425
50;2025-11-22;21;286
50;2025-11-22;22;164
50;2025-11-22;23;144
50;2025-11-23;0;29
50;2025-11-23;1;0
50;2025-11-23;2;0
50;2025-11-23;3;0
50;2025-11-23;4;0
50;2025-11-23;5;16
50;2025-11-23;6;106
50;2025-11-23;7;193
50;2025-11-23;8;320
50;2025-11-23;9;341
50;2025-11-23;10;402
50;2025-11-23;11;546
50;2025-11-23;12;582
50;2025-11-23;13;640
50;2025-11-23;14;666
50;2025-11-23;15;609
50;2025-11-23;16;622
50;2025-11-23;17;619
50;2025-11-23;18;582
50;2025-11-23;19;505
50;2025-11-23;20;427
50;2025-11-23;21;339
50;2025-11-23;22;206
50;2025-11-23;23;112
50;2025-11-24;0;36
50;2025-11-24;1;0
50;2025-11-24;2;0
50;2025-11-24;3;0
50;2025-11-24;4;0
50;2025-11-24;5;57
50;2025-11-24;6;530
50;2025-11-24;7;1740
50;2025-11-24;8;2755
50;2025-11-24;9;2167
50;2025-11-24;10;1620
50;2025-11-24;11;1515
50;2025-11-24;12;1357
50;2025-11-24;13;1410
50;2025-11-24;14;1375
50;2025-11-24;15;1532
50;2025-11-24;16;1622
50;2025-11-24;17;2243
50;2025-11-24;18;2517
50;2025-11-24;19;1451
50;2025-11-24;20;900
50;2025-11-24;21;612
50;2025-11-24;22;284
50;2025-11-24;23;137
50;2025-11-25;0;39
50;2025-11-25;1;0
50;2025-11-25;2;0
50;2025-11-25;3;0
50;2025-11-25;4;0
50;2025-11-25;5;63
50;2025-11-25;6;579
50;2025-11-25;7;1843
50;2025-11-25;8;2791
50;2025-11-25;9;2168
50;2025-11-25;10;1679
50;2025-11-25;11;1504
50;2025-11-25;12;1446
50;2025-11-25;13;1424
50;2025-11-25;14;1367
50;2025-11-25;15;1533
50;2025-11-25;16;1619
50;2025-11-25;17;2375
50;2025-11-25;18;2498
50;2025-11-25;19;1478
50;2025-11-25;20;932
50;2025-11-25;21;634
50;2025-11-25;22;298
50;2025-11-25;23;146
50;2025-11-26;0;39
50;2025-11-26;1;0
50;2025-11-26;2;0
50;2025-11-26;3;0
50;2025-11-26;4;0
50;2025-11-26;5;62
50;2025-11-26;6;545
50;2025-11-26;7;1768
50;2025-11-26;8;2707
50;2025-11-26;9;2131
50;2025-11-26;10;1642
50;2025-11-26;11;1551
50;2025-11-26;12;1443
50;2025-11-26;13;1461
50;2025-11-26;14;1435
50;2025-11-26;15;1571
50;2025-11-26;16;1713
50;2025-11-26;17;2326
50;2025-11-26;18;2429
50;2025-11-26;19;1563
50;2025-11-26;20;935
50;2025-11-26;21;650
50;2025-11-26;22;316
50;2025-11-26;23;152
50;2025-11-27;0;44
50;2025-11-27;1;0
50;2025-11-27;2;0
50;2025-11-27;3;0
50;2025-11-27;4;0
50;2025-11-27;5;64
50;2025-11-27;6;529
50;2025-11-27;7;1760
50;2025-11-27;8;2648
50;2025-11-27;9;2094
50;2025-11-27;10;1631
50;2025-11-27;11;1536
50;2025-11-27;12;1433
50;2025-11-27;13;1416
50;2025-11-27;14;1355
50;2025-11-27;15;1511
50;2025-11-27;16;1691
50;2025-11-27;17;2284
50;2025-11-27;18;2503
50;2025-11-27;19;1467
50;2025-11-27;20;954
50;2025-11-27;21;696
50;2025-11-27;22;318
50;2025-11-27;23;174
50;2025-11-28;0;49
50;2025-11-28;1;0
50;2025-11-28;2;0
50;2025-11-28;3;0
50;2025-11-28;4;0
50;2025-11-28;5;61
50;2025-11-28;6;552
50;2025-11-28;7;1709
50;2025-11-28;8;2591
50;2025-11-28;9;1972
50;2025-11-28;10;1547
50;2025-11-28;11;1538
50;2025-11-28;12;1485
50;2025-11-28;13;1472
50;2025-11-28;14;1407
50;2025-11-28;15;1692
50;2025-11-28;16;2008
50;2025-11-28;17;2104
50;2025-11-28;18;1777
50;2025-11-28;19;1277
50;2025-11-28;20;881
50;2025-11-28;21;591
50;2025-11-28;22;323
50;2025-11-28;23;182
50;2025-11-29;0;66
50;2025-11-29;1;0
50;2025-11-29;2;0
50;2025-11-29;3;0
50;2025-11-29;4;0
50;2025-11-29;5;29
50;2025-11-29;6;183
50;2025-11-29;7;361
50;2025-11-29;8;517
50;2025-11-29;9;557
50;2025-11-29;10;549
50;2025-11-29;11;659
50;2025-11-29;12;677
50;2025-11-29;13;705
50;2025-11-29;14;708
50;2025-11-29;15;675
50;2025-11-29;16;659
50;2025-11-29;17;667
50;2025-11-29;18;553
50;2025-11-29;19;398
50;2025-11-29;20;425
50;2025-11-29;21;286
50;2025-11-29;22;164
50;2025-11-29;23;144
50;2025-11-30;0;29
50;2025-11-30;1;0
50;2025-11-30;2;0
50;2025-11-30;3;0
50;2025-11-30;4;0
50;2025-11-30;5;16
50;2025-11-30;6;106
50;2025-11-30;7;193
50;2025-11-30;8;320
50;2025-11-30;9;341
50;2025-11-30;10;402
50;2025-11-30;11;546
50;2025-11-30;12;582
50;2025-11-30;13;640
50;2025-11-30;14;666
50;2025-11-30;15;609
50;2025-11-30;16;622
50;2025-11-30;17;619
50;2025-11-30;18;582
50;2025-11-30;19;505
50;2025-11-30;20;427
50;2025-11-30;21;339
50;2025-11-30;22;206
50;2025-11-30;23;112
50;2025-12-01;0;36
50;2025-12-01;1;0
50;2025-12-01;2;0
50;2025-12-01;3;0
50;2025-12-01;4;0
50;2025-12-01;5;57
50;2025-12-01;6;530
50;2025-12-01;7;1740
50;2025-12-01;8;2763
50;2025-12-01;9;2173
50;2025-12-01;10;1624
50;2025-12-01;11;1515
50;2025-12-01;12;1357
50;2025-12-01;13;1414
50;2025-12-01;14;1379
50;2025-12-01;15;1536
50;2025-12-01;16;1627
50;2025-12-01;17;2243
50;2025-12-01;18;2517
50;2025-12-01;19;1451
50;2025-12-01;20;900
50;2025-12-01;21;612
50;2025-12-01;22;284
50;2025-12-01;23;137
50;2025-12-02;0;39
50;2025-12-02;1;0
50;2025-12-02;2;0
50;2025-12-02;3;0
50;2025-12-02;4;0
50;2025-12-02;5;63
50;2025-12-02;6;579
50;2025-12-02;7;1843
50;2025-12-02;8;2789
50;2025-12-02;9;2167
50;2025-12-02;10;1678
50;2025-12-02;11;1504
50;2025-12-02;12;1446
50;2025-12-02;13;1423
50;2025-12-02;14;1366
50;2025-12-02;15;1533
50;2025-12-02;16;1618
50;2025-12-02;17;2374
50;2025-12-02;18;2498
50;2025-12-02;19;1478
50;2025-12-02;20;932
50;2025-12-02;21;634
50;2025-12-02;22;298
50;2025-12-02;23;146
50;2025-12-03;0;39
50;2025-12-03;1;0
50;2025-12-03;2;0
50;2025-12-03;3;0
50;2025-12-03;4;0
50;2025-12-03;5;62
50;2025-12-03;6;545
50;2025-12-03;7;1768
50;2025-12-03;8;2673
50;2025-12-03;9;2129
50;2025-12-03;10;1622
50;2025-12-03;11;1532
50;2025-12-03;12;1432
50;2025-12-03;13;1443
50;2025-12-03;14;1417
50;2025-12-03;15;1551
50;2025-12-03;16;1704
50;2025-12-03;17;2296
50;2025-12-03;18;2410
50;2025-12-03;19;1543
50;2025-12-03;20;935
50;2025-12-03;21;650
50;2025-12-03;22;316
50;2025-12-03;23;152
50;2025-12-04;0;44
50;2025-12-04;1;0
50;2025-12-04;2;0
50;2025-12-04;3;0
50;2025-12-04;4;0
50;2025-12-04;5;64
50;2025-12-04;6;529
50;2025-12-04;7;1760
50;2025-12-04;8;2599
50;2025-12-04;9;2055
50;2025-12-04;10;1601
50;2025-12-04;11;1507
50;2025-12-04;12;1407
50;2025-12-04;13;1390
50;2025-12-04;14;1330
50;2025-12-04;15;1483
50;2025-12-04;16;1660
50;2025-12-04;17;2242
50;2025-12-04;18;2457
50;2025-12-04;19;1467
50;2025-12-04;20;954
50;2025-12-04;21;696
50;2025-12-04;22;318
50;2025-12-04;23;174
50;2025-12-05;0;49
50;2025-12-05;1;0
50;2025-12-05;2;0
50;2025-12-05;3;0
50;2025-12-05;4;0
50;2025-12-05;5;61
50;2025-12-05;6;552
50;2025-12-05;7;1708
50;2025-12-05;8;2590
50;2025-12-05;9;1971
50;2025-12-05;10;1546
50;2025-12-05;11;1538
50;2025-12-05;12;1484
50;2025-12-05;13;1471
50;2025-12-05;14;1406
50;2025-12-05;15;1691
50;2025-12-05;16;2007
50;2025-12-05;17;2104
50;2025-12-05;18;1777
50;2025-12-05;19;1276
50;2025-12-05;20;881
50;2025-12-05;21;591
50;2025-12-05;22;323
50;2025-12-05;23;182
50;2025-12-06;0;66
50;2025-12-06;1;0
50;2025-12-06;2;0
50;2025-12-06;3;0
50;2025-12-06;4;0
50;2025-12-06;5;29
50;2025-12-06;6;183
50;2025-12-06;7;361
50;2025-12-06;8;517
50;2025-12-06;9;557
50;2025-12-06;10;549
50;2025-12-06;11;659
50;2025-12-06;12;677
50;2025-12-06;13;705
50;2025-12-06;14;708
50;2025-12-06;15;675
50;2025-12-06;16;659
50;2025-12-06;17;667
50;2025-12-06;18;553
50;2025-12-06;19;398
50;2025-12-06;20;425
50;2025-12-06;21;286
50;2025-12-06;22;164
50;2025-12-06;23;144
50;2025-12-07;0;29
50;2025-12-07;1;0
50;2025-12-07;2;0
50;2025-12-07;3;0
50;2025-12-07;4;0
50;2025-12-07;5;16
50;2025-12-07;6;106
50;2025-12-07;7;193
50;2025-12-07;8;320
50;2025-12-07;9;341
50;2025-12-07;10;402
50;2025-12-07;11;546
50;2025-12-07;12;582
50;2025-12-07;13;640
50;2025-12-07;14;666
50;2025-12-07;15;609
50;2025-12-07;16;622
50;2025-12-07;17;619
50;2025-12-07;18;582
50;2025-12-07;19;505
50;2025-12-07;20;427
50;2025-12-07;21;339
50;2025-12-07;22;206
50;2025-12-07;23;112
50;2025-12-08;0;36
50;2025-12-08;1;0
50;2025-12-08;2;0
50;2025-12-08;3;0
50;2025-12-08;4;0
50;2025-12-08;5;57
50;2025-12-08;6;530
50;2025-12-08;7;1740
50;2025-12-08;8;2722
50;2025-12-08;9;2141
50;2025-12-08;10;1600
50;2025-12-08;11;1508
50;2025-12-08;12;1357
50;2025-12-08;13;1393
50;2025-12-08;14;1358
50;2025-12-08;15;1514
50;2025-12-08;16;1602
50;2025-12-08;17;2243
50;2025-12-08;18;2507
50;2025-12-08;19;1451
50;2025-12-08;20;900
50;2025-12-08;21;612
50;2025-12-08;22;284
50;2025-12-08;23;137
50;2025-12-09;0;39
50;2025-12-09;1;0
50;2025-12-09;2;0
50;2025-12-09;3;0
50;2025-12-09;4;0
50;2025-12-09;5;63
50;2025-12-09;6;579
50;2025-12-09;7;1843
50;2025-12-09;8;2755
50;2025-12-09;9;2140
50;2025-12-09;10;1657
50;2025-12-09;11;1504
50;2025-12-09;12;1428
50;2025-12-09;13;1405
50;2025-12-09;14;1349
50;2025-12-09;15;1513
50;2025-12-09;16;1598
50;2025-12-09;17;2345
50;2025-12-09;18;2498
50;2025-12-09;19;1478
50;2025-12-09;20;932
50;2025-12-09;21;634
50;2025-12-09;22;298
50;2025-12-09;23;146
50;2025-12-10;0;39
50;2025-12-10;1;0
50;2025-12-10;2;0
50;2025-12-10;3;0
50;2025-12-10;4;0
50;2025-12-10;5;62
50;2025-12-10;6;545
50;2025-12-10;7;1768
50;2025-12-10;8;2676
50;2025-12-10;9;2131
50;2025-12-10;10;1623
50;2025-12-10;11;1533
50;2025-12-10;12;1433
50;2025-12-10;13;1444
50;2025-12-10;14;1419
50;2025-12-10;15;1553
50;2025-12-10;16;1706
50;2025-12-10;17;2299
50;2025-12-10;18;2412
50;2025-12-10;19;1545
50;2025-12-10;20;935
50;2025-12-10;21;650
50;2025-12-10;22;316
50;2025-12-10;23;152
50;2025-12-11;0;44
50;2025-12-11;1;0
50;2025-12-11;2;0
50;2025-12-11;3;0
50;2025-12-11;4;0
50;2025-12-11;5;64
50;2025-12-11;6;529
50;2025-12-11;7;1760
50;2025-12-11;8;2583
50;2025-12-11;9;2042
50;2025-12-11;10;1591
50;2025-12-11;11;1498
50;2025-12-11;12;1398
50;2025-12-11;13;1381
50;2025-12-11;14;1321
50;2025-12-11;15;1474
50;2025-12-11;16;1649
50;2025-12-11;17;2228
50;2025-12-11;18;2441
50;2025-12-11;19;1467
50;2025-12-11;20;954
50;2025-12-11;21;696
50;2025-12-11;22;318
50;2025-12-11;23;174
50;2025-12-12;0;49
50;2025-12-12;1;0
50;2025-12-12;2;0
50;2025-12-12;3;0
50;2025-12-12;4;0
50;2025-12-12;5;61
50;2025-12-12;6;552
50;2025-12-12;7;1672
50;2025-12-12;8;2535
50;2025-12-12;9;1929
50;2025-12-12;10;1513
50;2025-12-12;11;1505
50;2025-12-12;12;1453
50;2025-12-12;13;1440
50;2025-12-12;14;1376
50;2025-12-12;15;1655
50;2025-12-12;16;1964
50;2025-12-12;17;2059
50;2025-12-12;18;1748
50;2025-12-12;19;1249
50;2025-12-12;20;868
50;2025-12-12;21;591
50;2025-12-12;22;323
50;2025-12-12;23;182
50;2025-12-13;0;66
50;2025-12-13;1;0
50;2025-12-13;2;0
50;2025-12-13;3;0
50;2025-12-13;4;0
50;2025-12-13;5;29
50;2025-12-13;6;183
50;2025-12-13;7;361
50;2025-12-13;8;517
50;2025-12-13;9;557
50;2025-12-13;10;549
50;2025-12-13;11;659
50;2025-12-13;12;677
50;2025-12-13;13;705
50;2025-12-13;14;708
50;2025-12-13;15;675
50;2025-12-13;16;659
50;2025-12-13;17;667
50;2025-12-13;18;553
50;2025-12-13;19;398
50;2025-12-13;20;425
50;2025-12-13;21;286
50;2025-12-13;22;164
50;2025-12-13;23;144
50;2025-12-14;0;29
50;2025-12-14;1;0
50;2025-12-14;2;0
50;2025-12-14;3;0
50;2025-12-14;4;0
50;2025-12-14;5;16
50;2025-12-14;6;106
50;2025-12-14;7;193
50;2025-12-14;8;320
50;2025-12-14;9;341
50;2025-12-14;10;402
50;2025-12-14;11;546
50;2025-12-14;12;582
50;2025-12-14;13;640
50;2025-12-14;14;666
50;2025-12-14;15;609
50;2025-12-14;16;622
50;2025-12-14;17;619
50;2025-12-14;18;582
50;2025-12-14;19;505
50;2025-12-14;20;427
50;2025-12-14;21;339
50;2025-12-14;22;206
50;2025-12-14;23;112
50;2025-12-15;0;36
50;2025-12-15;1;0
50;2025-12-15;2;0
50;2025-12-15;3;0
50;2025-12-15;4;0
50;2025-12-15;5;57
50;2025-12-15;6;530
50;2025-12-15;7;1740
50;2025-12-15;8;2706
50;2025-12-15;9;2128
50;2025-12-15;10;1591
50;2025-12-15;11;1499
50;2025-12-15;12;1357
50;2025-12-15;13;1385
50;2025-12-15;14;1351
50;2025-12-15;15;1505
50;2025-12-15;16;1593
50;2025-12-15;17;2243
50;2025-12-15;18;2492
50;2025-12-15;19;1451
50;2025-12-15;20;900
50;2025-12-15;21;612
50;2025-12-15;22;284
50;2025-12-15;23;137
50;2025-12-16;0;39
50;2025-12-16;1;0
50;2025-12-16;2;0
50;2025-12-16;3;0
50;2025-12-16;4;0
50;2025-12-16;5;63
50;2025-12-16;6;579
50;2025-12-16;7;1821
50;2025-12-16;8;2716
50;2025-12-16;9;2110
50;2025-12-16;10;1634
50;2025-12-16;11;1491
50;2025-12-16;12;1408
50;2025-12-16;13;1386
50;2025-12-16;14;1330
50;2025-12-16;15;1492
50;2025-12-16;16;1575
50;2025-12-16;17;2312
50;2025-12-16;18;2486
50;2025-12-16;19;1478
50;2025-12-16;20;932
50;2025-12-16;21;634
50;2025-12-16;22;298
50;2025-12-16;23;146
50;2025-12-17;0;39
50;2025-12-17;1;0
50;2025-12-17;2;0
50;2025-12-17;3;0
50;2025-12-17;4;0
50;2025-12-17;5;62
50;2025-12-17;6;545
50;2025-12-17;7;1748
50;2025-12-17;8;2619
50;2025-12-17;9;2087
50;2025-12-17;10;1589
50;2025-12-17;11;1501
50;2025-12-17;12;1403
50;2025-12-17;13;1414
50;2025-12-17;14;1389
50;2025-12-17;15;1520
50;2025-12-17;16;1670
50;2025-12-17;17;2250
50;2025-12-17;18;2361
50;2025-12-17;19;1512
50;2025-12-17;20;935
50;2025-12-17;21;650
50;2025-12-17;22;316
50;2025-12-17;23;152
50;2025-12-18;0;44
50;2025-12-18;1;0
50;2025-12-18;2;0
50;2025-12-18;3;0
50;2025-12-18;4;0
50;2025-12-18;5;64
50;2025-12-18;6;529
50;2025-12-18;7;1713
50;2025-12-18;8;2512
50;2025-12-18;9;1986
50;2025-12-18;10;1548
50;2025-12-18;11;1457
50;2025-12-18;12;1360
50;2025-12-18;13;1343
50;2025-12-18;14;1285
50;2025-12-18;15;1433
50;2025-12-18;16;1604
50;2025-12-18;17;2167
50;2025-12-18;18;2374
50;2025-12-18;19;1467
50;2025-12-18;20;954
50;2025-12-18;21;696
50;2025-12-18;22;318
50;2025-12-18;23;174
50;2025-12-19;0;49
50;2025-12-19;1;0
50;2025-12-19;2;0
50;2025-12-19;3;0
50;2025-12-19;4;0
50;2025-12-19;5;61
50;2025-12-19;6;552
50;2025-12-19;7;1660
50;2025-12-19;8;2518
50;2025-12-19;9;1916
50;2025-12-19;10;1503
50;2025-12-19;11;1495
50;2025-12-19;12;1443
50;2025-12-19;13;1430
50;2025-12-19;14;1367
50;2025-12-19;15;1644
50;2025-12-19;16;1951
50;2025-12-19;17;2045
50;2025-12-19;18;1736
50;2025-12-19;19;1241
50;2025-12-19;20;862
50;2025-12-19;21;591
50;2025-12-19;22;323
50;2025-12-19;23;182
50;2025-12-20;0;66
50;2025-12-20;1;0
50;2025-12-20;2;0
50;2025-12-20;3;0
50;2025-12-20;4;0
50;2025-12-20;5;29
50;2025-12-20;6;183
50;2025-12-20;7;361
50;2025-12-20;8;517
50;2025-12-20;9;557
50;2025-12-20;10;549
50;2025-12-20;11;659
50;2025-12-20;12;677
50;2025-12-20;13;705
50;2025-12-20;14;708
50;2025-12-20;15;675
50;2025-12-20;16;659
50;2025-12-20;17;667
50;2025-12-20;18;553
50;2025-12-20;19;398
50;2025-12-20;20;425
50;2025-12-20;21;286
50;2025-12-20;22;164
50;2025-12-20;23;144
50;2025-12-21;0;29
50;2025-12-21;1;0
50;2025-12-21;2;0
50;2025-12-21;3;0
50;2025-12-21;4;0
50;2025-12-21;5;16
50;2025-12-21;6;106
50;2025-12-21;7;193
50;2025-12-21;8;320
50;2025-12-21;9;341
50;2025-12-21;10;402
50;2025-12-21;11;546
50;2025-12-21;12;582
50;2025-12-21;13;640
50;2025-12-21;14;666
50;2025-12-21;15;609
50;2025-12-21;16;622
50;2025-12-21;17;619
50;2025-12-21;18;582
50;2025-12-21;19;505
50;2025-12-21;20;427
50;2025-12-21;21;339
50;2025-12-21;22;206
50;2025-12-21;23;112
50;2025-12-22;0;36
50;2025-12-22;1;0
50;2025-12-22;2;0
50;2025-12-22;3;0
50;2025-12-22;4;0
50;2025-12-22;5;57
50;2025-12-22;6;530
50;2025-12-22;7;1721
50;2025-12-22;8;2590
50;2025-12-22;9;2037
50;2025-12-22;10;1523
50;2025-12-22;11;1435
50;2025-12-22;12;1317
50;2025-12-22;13;1326
50;2025-12-22;14;1293
50;2025-12-22;15;1440
50;2025-12-22;16;1525
50;2025-12-22;17;2164
50;2025-12-22;18;2385
50;2025-12-22;19;1451
50;2025-12-22;20;900
50;2025-12-22;21;599
50;2025-12-22;22;284
50;2025-12-22;23;137
50;2025-12-23;0;39
50;2025-12-23;1;0
50;2025-12-23;2;0
50;2025-12-23;3;0
50;2025-12-23;4;0
50;2025-12-23;5;63
50;2025-12-23;6;579
50;2025-12-23;7;1772
50;2025-12-23;8;2643
50;2025-12-23;9;2053
50;2025-12-23;10;1590
50;2025-12-23;11;1451
50;2025-12-23;12;1370
50;2025-12-23;13;1348
50;2025-12-23;14;1294
50;2025-12-23;15;1452
50;2025-12-23;16;1533
50;2025-12-23;17;2249
50;2025-12-23;18;2418
50;2025-12-23;19;1453
50;2025-12-23;20;932
50;2025-12-23;21;634
50;2025-12-23;22;298
50;2025-12-23;23;146
50;2025-12-24;0;39
50;2025-12-24;1;0
50;2025-12-24;2;0
50;2025-12-24;3;0
50;2025-12-24;4;0
50;2025-12-24;5;62
50;2025-12-24;6;542
50;2025-12-24;7;1670
50;2025-12-24;8;2503
50;2025-12-24;9;1994
50;2025-12-24;10;1518
50;2025-12-24;11;1434
50;2025-12-24;12;1340
50;2025-12-24;13;1351
50;2025-12-24;14;1327
50;2025-12-24;15;1452
50;2025-12-24;16;1595
50;2025-12-24;17;2150
50;2025-12-24;18;2256
50;2025-12-24;19;1445
50;2025-12-24;20;896
50;2025-12-24;21;626
50;2025-12-24;22;315
50;2025-12-24;23;152
50;2025-12-25;0;42
50;2025-12-25;1;0
50;2025-12-25;2;0
50;2025-12-25;3;0
50;2025-12-25;4;0
50;2025-12-25;5;60
50;2025-12-25;6;524
50;2025-12-25;7;1636
50;2025-12-25;8;2400
50;2025-12-25;9;1897
50;2025-12-25;10;1478
50;2025-12-25;11;1391
50;2025-12-25;12;1299
50;2025-12-25;13;1283
50;2025-12-25;14;1228
50;2025-12-25;15;1369
50;2025-12-25;16;1532
50;2025-12-25;17;2070
50;2025-12-25;18;2268
50;2025-12-25;19;1409
50;2025-12-25;20;930
50;2025-12-25;21;670
50;2025-12-25;22;299
50;2025-12-25;23;164
50;2025-12-26;0;45
50;2025-12-26;1;0
50;2025-12-26;2;0
50;2025-12-26;3;0
50;2025-12-26;4;0
50;2025-12-26;5;55
50;2025-12-26;6;529
50;2025-12-26;7;1552
50;2025-12-26;8;2354
50;2025-12-26;9;1791
50;2025-12-26;10;1405
50;2025-12-26;11;1397
50;2025-12-26;12;1349
50;2025-12-26;13;1337
50;2025-12-26;14;1278
50;2025-12-26;15;1537
50;2025-12-26;16;1824
50;2025-12-26;17;1912
50;2025-12-26;18;1623
50;2025-12-26;19;1160
50;2025-12-26;20;806
50;2025-12-26;21;575
50;2025-12-26;22;303
50;2025-12-26;23;182
50;2025-12-27;0;66
50;2025-12-27;1;0
50;2025-12-27;2;0
50;2025-12-27;3;0
50;2025-12-27;4;0
50;2025-12-27;5;29
50;2025-12-27;6;183
50;2025-12-27;7;361
50;2025-12-27;8;517
50;2025-12-27;9;557
50;2025-12-27;10;549
50;2025-12-27;11;659
50;2025-12-27;12;677
50;2025-12-27;13;705
50;2025-12-27;14;708
50;2025-12-27;15;675
50;2025-12-27;16;659
50;2025-12-27;17;667
50;2025-12-27;18;553
50;2025-12-27;19;398
50;2025-12-27;20;425
50;2025-12-27;21;286
50;2025-12-27;22;164
50;2025-12-27;23;144
50;2025-12-28;0;29
50;2025-12-28;1;0
50;2025-12-28;2;0
50;2025-12-28;3;0
50;2025-12-28;4;0
50;2025-12-28;5;16
50;2025-12-28;6;106
50;2025-12-28;7;193
50;2025-12-28;8;320
50;2025-12-28;9;341
50;2025-12-28;10;402
50;2025-12-28;11;546
50;2025-12-28;12;582
50;2025-12-28;13;640
50;2025-12-28;14;666
50;2025-12-28;15;609
50;2025-12-28;16;622
50;2025-12-28;17;619
50;2025-12-28;18;582
50;2025-12-28;19;505
50;2025-12-28;20;427
50;2025-12-28;21;339
50;2025-12-28;22;206
50;2025-12-28;23;112
50;2025-12-29;0;34
50;2025-12-29;1;0
50;2025-12-29;2;0
50;2025-12-29;3;0
50;2025-12-29;4;0
50;2025-12-29;5;54
50;2025-12-29;6;512
50;2025-12-29;7;1682
50;2025-12-29;8;2532
50;2025-12-29;9;1991
50;2025-12-29;10;1489
50;2025-12-29;11;1403
50;2025-12-29;12;1288
50;2025-12-29;13;1296
50;2025-12-29;14;1264
50;2025-12-29;15;1408
50;2025-12-29;16;1491
50;2025-12-29;17;2116
50;2025-12-29;18;2332
50;2025-12-29;19;1429
50;2025-12-29;20;893
50;2025-12-29;21;586
50;2025-12-29;22;269
50;2025-12-29;23;129
50;2025-12-30;0;38
50;2025-12-30;1;0
50;2025-12-30;2;0
50;2025-12-30;3;0
50;2025-12-30;4;0
50;2025-12-30;5;60
50;2025-12-30;6;569
50;2025-12-30;7;1749
50;2025-12-30;8;2609
50;2025-12-30;9;2027
50;2025-12-30;10;1570
50;2025-12-30;11;1433
50;2025-12-30;12;1352
50;2025-12-30;13;1331
50;2025-12-30;14;1278
50;2025-12-30;15;1434
50;2025-12-30;16;1513
50;2025-12-30;17;2221
50;2025-12-30;18;2388
50;2025-12-30;19;1435
50;2025-12-30;20;928
50;2025-12-30;21;630
50;2025-12-30;22;288
50;2025-12-30;23;141
50;2025-12-31;0;37
50;2025-12-31;1;0
50;2025-12-31;2;0
50;2025-12-31;3;0
50;2025-12-31;4;0
50;2025-12-31;5;58
50;2025-12-31;6;509
50;2025-12-31;7;1560
50;2025-12-31;8;2338
50;2025-12-31;9;1862
50;2025-12-31;10;1418
50;2025-12-31;11;1340
50;2025-12-31;12;1252
50;2025-12-31;13;1262
50;2025-12-31;14;1239
50;2025-12-31;15;1357
50;2025-12-31;16;1490
50;2025-12-31;17;2008
50;2025-12-31;18;2107
50;2025-12-31;19;1350
50;2025-12-31;20;837
50;2025-12-31;21;585
50;2025-12-31;22;316
50;2025-12-31;23;142
