route;date;hour;prediction
1;2025-11-01;0;3
1;2025-11-01;1;0
1;2025-11-01;2;0
1;2025-11-01;3;0
1;2025-11-01;4;0
1;2025-11-01;5;69
1;2025-11-01;6;365
1;2025-11-01;7;1152
1;2025-11-01;8;1426
1;2025-11-01;9;1055
1;2025-11-01;10;998
1;2025-11-01;11;1037
1;2025-11-01;12;1013
1;2025-11-01;13;1066
1;2025-11-01;14;1000
1;2025-11-01;15;1124
1;2025-11-01;16;1204
1;2025-11-01;17;1344
1;2025-11-01;18;1147
1;2025-11-01;19;925
1;2025-11-01;20;603
1;2025-11-01;21;355
1;2025-11-01;22;154
1;2025-11-01;23;30
1;2025-11-02;0;0
1;2025-11-02;1;0
1;2025-11-02;2;0
1;2025-11-02;3;0
1;2025-11-02;4;0
1;2025-11-02;5;24
1;2025-11-02;6;134
1;2025-11-02;7;287
1;2025-11-02;8;390
1;2025-11-02;9;663
1;2025-11-02;10;733
1;2025-11-02;11;735
1;2025-11-02;12;863
1;2025-11-02;13;912
1;2025-11-02;14;808
1;2025-11-02;15;719
1;2025-11-02;16;670
1;2025-11-02;17;630
1;2025-11-02;18;582
1;2025-11-02;19;487
1;2025-11-02;20;366
1;2025-11-02;21;282
1;2025-11-02;22;109
1;2025-11-02;23;28
1;2025-11-03;0;1
1;2025-11-03;1;0
1;2025-11-03;2;0
1;2025-11-03;3;0
1;2025-11-03;4;0
1;2025-11-03;5;23
1;2025-11-03;6;131
1;2025-11-03;7;285
1;2025-11-03;8;383
1;2025-11-03;9;628
1;2025-11-03;10;729
1;2025-11-03;11;686
1;2025-11-03;12;827
1;2025-11-03;13;877
1;2025-11-03;14;789
1;2025-11-03;15;685
1;2025-11-03;16;644
1;2025-11-03;17;591
1;2025-11-03;18;539
1;2025-11-03;19;472
1;2025-11-03;20;349
1;2025-11-03;21;264
1;2025-11-03;22;107
1;2025-11-03;23;24
1;2025-11-04;0;1
1;2025-11-04;1;0
1;2025-11-04;2;0
1;2025-11-04;3;0
1;2025-11-04;4;0
1;2025-11-04;5;22
1;2025-11-04;6;129
1;2025-11-04;7;281
1;2025-11-04;8;377
1;2025-11-04;9;619
1;2025-11-04;10;718
1;2025-11-04;11;676
1;2025-11-04;12;814
1;2025-11-04;13;863
1;2025-11-04;14;777
1;2025-11-04;15;674
1;2025-11-04;16;634
1;2025-11-04;17;581
1;2025-11-04;18;531
1;2025-11-04;19;464
1;2025-11-04;20;343
1;2025-11-04;21;260
1;2025-11-04;22;105
1;2025-11-04;23;24
1;2025-11-05;0;3
1;2025-11-05;1;0
1;2025-11-05;2;0
1;2025-11-05;3;0
1;2025-11-05;4;0
1;2025-11-05;5;89
1;2025-11-05;6;554
1;2025-11-05;7;1566
1;2025-11-05;8;2013
1;2025-11-05;9;1449
1;2025-11-05;10;1343
1;2025-11-05;11;1307
1;2025-11-05;12;1357
1;2025-11-05;13;1458
1;2025-11-05;14;1347
1;2025-11-05;15;1515
1;2025-11-05;16;1537
1;2025-11-05;17;1802
1;2025-11-05;18;1891
1;2025-11-05;19;1449
1;2025-11-05;20;927
1;2025-11-05;21;475
1;2025-11-05;22;217
1;2025-11-05;23;34
1;2025-11-06;0;3
1;2025-11-06;1;0
1;2025-11-06;2;0
1;2025-11-06;3;0
1;2025-11-06;4;0
1;2025-11-06;5;78
1;2025-11-06;6;480
1;2025-11-06;7;1519
1;2025-11-06;8;1988
1;2025-11-06;9;1418
1;2025-11-06;10;1312
1;2025-11-06;11;1301
1;2025-11-06;12;1386
1;2025-11-06;13;1435
1;2025-11-06;14;1365
1;2025-11-06;15;1511
1;2025-11-06;16;1507
1;2025-11-06;17;1776
1;2025-11-06;18;1779
1;2025-11-06;19;1356
1;2025-11-06;20;889
1;2025-11-06;21;461
1;2025-11-06;22;198
1;2025-11-06;23;36
1;2025-11-07;0;4
1;2025-11-07;1;0
1;2025-11-07;2;0
1;2025-11-07;3;0
1;2025-11-07;4;0
1;2025-11-07;5;90
1;2025-11-07;6;479
1;2025-11-07;7;1513
1;2025-11-07;8;1872
1;2025-11-07;9;1385
1;2025-11-07;10;1311
1;2025-11-07;11;1362
1;2025-11-07;12;1330
1;2025-11-07;13;1400
1;2025-11-07;14;1313
1;2025-11-07;15;1476
1;2025-11-07;16;1580
1;2025-11-07;17;1764
1;2025-11-07;18;1506
1;2025-11-07;19;1214
1;2025-11-07;20;791
1;2025-11-07;21;467
1;2025-11-07;22;202
1;2025-11-07;23;40
1;2025-11-08;0;2
1;2025-11-08;1;0
1;2025-11-08;2;0
1;2025-11-08;3;0
1;2025-11-08;4;0
1;2025-11-08;5;26
1;2025-11-08;6;155
1;2025-11-08;7;342
1;2025-11-08;8;456
1;2025-11-08;9;726
1;2025-11-08;10;875
1;2025-11-08;11;782
1;2025-11-08;12;964
1;2025-11-08;13;1025
1;2025-11-08;14;933
1;2025-11-08;15;795
1;2025-11-08;16;753
1;2025-11-08;17;676
1;2025-11-08;18;611
1;2025-11-08;19;555
1;2025-11-08;20;404
1;2025-11-08;21;302
1;2025-11-08;22;127
1;2025-11-08;23;26
1;2025-11-09;0;0
1;2025-11-09;1;0
1;2025-11-09;2;0
1;2025-11-09;3;0
1;2025-11-09;4;0
1;2025-11-09;5;24
1;2025-11-09;6;132
1;2025-11-09;7;282
1;2025-11-09;8;382
1;2025-11-09;9;650
1;2025-11-09;10;719
1;2025-11-09;11;721
1;2025-11-09;12;846
1;2025-11-09;13;895
1;2025-11-09;14;793
1;2025-11-09;15;705
1;2025-11-09;16;657
1;2025-11-09;17;618
1;2025-11-09;18;570
1;2025-11-09;19;477
1;2025-11-09;20;359
1;2025-11-09;21;276
1;2025-11-09;22;107
1;2025-11-09;23;27
1;2025-11-10;0;0
1;2025-11-10;1;0
1;2025-11-10;2;0
1;2025-11-10;3;0
1;2025-11-10;4;0
1;2025-11-10;5;76
1;2025-11-10;6;499
1;2025-11-10;7;1535
1;2025-11-10;8;1958
1;2025-11-10;9;1389
1;2025-11-10;10;1234
1;2025-11-10;11;1218
1;2025-11-10;12;1312
1;2025-11-10;13;1370
1;2025-11-10;14;1349
1;2025-11-10;15;1489
1;2025-11-10;16;1574
1;2025-11-10;17;1807
1;2025-11-10;18;1923
1;2025-11-10;19;1436
1;2025-11-10;20;896
1;2025-11-10;21;438
1;2025-11-10;22;174
1;2025-11-10;23;39
1;2025-11-11;0;6
1;2025-11-11;1;0
1;2025-11-11;2;0
1;2025-11-11;3;0
1;2025-11-11;4;0
1;2025-11-11;5;78
1;2025-11-11;6;516
1;2025-11-11;7;1652
1;2025-11-11;8;2050
1;2025-11-11;9;1522
1;2025-11-11;10;1383
1;2025-11-11;11;1345
1;2025-11-11;12;1364
1;2025-11-11;13;1400
1;2025-11-11;14;1344
1;2025-11-11;15;1462
1;2025-11-11;16;1545
1;2025-11-11;17;1871
1;2025-11-11;18;1897
1;2025-11-11;19;1455
1;2025-11-11;20;902
1;2025-11-11;21;498
1;2025-11-11;22;212
1;2025-11-11;23;37
1;2025-11-12;0;3
1;2025-11-12;1;0
1;2025-11-12;2;0
1;2025-11-12;3;0
1;2025-11-12;4;0
1;2025-11-12;5;87
1;2025-11-12;6;543
1;2025-11-12;7;1536
1;2025-11-12;8;1974
1;2025-11-12;9;1422
1;2025-11-12;10;1317
1;2025-11-12;11;1282
1;2025-11-12;12;1331
1;2025-11-12;13;1430
1;2025-11-12;14;1321
1;2025-11-12;15;1486
1;2025-11-12;16;1507
1;2025-11-12;17;1768
1;2025-11-12;18;1855
1;2025-11-12;19;1421
1;2025-11-12;20;909
1;2025-11-12;21;466
1;2025-11-12;22;212
1;2025-11-12;23;33
1;2025-11-13;0;4
1;2025-11-13;1;0
1;2025-11-13;2;0
1;2025-11-13;3;0
1;2025-11-13;4;0
1;2025-11-13;5;80
1;2025-11-13;6;491
1;2025-11-13;7;1556
1;2025-11-13;8;2038
1;2025-11-13;9;1453
1;2025-11-13;10;1345
1;2025-11-13;11;1334
1;2025-11-13;12;1421
1;2025-11-13;13;1470
1;2025-11-13;14;1398
1;2025-11-13;15;1549
1;2025-11-13;16;1544
1;2025-11-13;17;1820
1;2025-11-13;18;1823
1;2025-11-13;19;1390
1;2025-11-13;20;911
1;2025-11-13;21;472
1;2025-11-13;22;203
1;2025-11-13;23;37
1;2025-11-14;0;4
1;2025-11-14;1;0
1;2025-11-14;2;0
1;2025-11-14;3;0
1;2025-11-14;4;0
1;2025-11-14;5;92
1;2025-11-14;6;487
1;2025-11-14;7;1538
1;2025-11-14;8;1904
1;2025-11-14;9;1408
1;2025-11-14;10;1333
1;2025-11-14;11;1384
1;2025-11-14;12;1353
1;2025-11-14;13;1423
1;2025-11-14;14;1335
1;2025-11-14;15;1501
1;2025-11-14;16;1607
1;2025-11-14;17;1793
1;2025-11-14;18;1531
1;2025-11-14;19;1234
1;2025-11-14;20;805
1;2025-11-14;21;474
1;2025-11-14;22;206
1;2025-11-14;23;40
1;2025-11-15;0;2
1;2025-11-15;1;0
1;2025-11-15;2;0
1;2025-11-15;3;0
1;2025-11-15;4;0
1;2025-11-15;5;24
1;2025-11-15;6;144
1;2025-11-15;7;319
1;2025-11-15;8;425
1;2025-11-15;9;677
1;2025-11-15;10;816
1;2025-11-15;11;730
1;2025-11-15;12;899
1;2025-11-15;13;956
1;2025-11-15;14;870
1;2025-11-15;15;741
1;2025-11-15;16;702
1;2025-11-15;17;630
1;2025-11-15;18;570
1;2025-11-15;19;517
1;2025-11-15;20;377
1;2025-11-15;21;282
1;2025-11-15;22;119
1;2025-11-15;23;24
1;2025-11-16;0;0
1;2025-11-16;1;0
1;2025-11-16;2;0
1;2025-11-16;3;0
1;2025-11-16;4;0
1;2025-11-16;5;24
1;2025-11-16;6;134
1;2025-11-16;7;286
1;2025-11-16;8;388
1;2025-11-16;9;660
1;2025-11-16;10;730
1;2025-11-16;11;732
1;2025-11-16;12;859
1;2025-11-16;13;908
1;2025-11-16;14;805
1;2025-11-16;15;715
1;2025-11-16;16;667
1;2025-11-16;17;627
1;2025-11-16;18;579
1;2025-11-16;19;484
1;2025-11-16;20;364
1;2025-11-16;21;281
1;2025-11-16;22;108
1;2025-11-16;23;28
1;2025-11-17;0;0
1;2025-11-17;1;0
1;2025-11-17;2;0
1;2025-11-17;3;0
1;2025-11-17;4;0
1;2025-11-17;5;74
1;2025-11-17;6;487
1;2025-11-17;7;1499
1;2025-11-17;8;1912
1;2025-11-17;9;1356
1;2025-11-17;10;1205
1;2025-11-17;11;1189
1;2025-11-17;12;1281
1;2025-11-17;13;1338
1;2025-11-17;14;1317
1;2025-11-17;15;1454
1;2025-11-17;16;1537
1;2025-11-17;17;1765
1;2025-11-17;18;1878
1;2025-11-17;19;1403
1;2025-11-17;20;875
1;2025-11-17;21;428
1;2025-11-17;22;170
1;2025-11-17;23;38
1;2025-11-18;0;6
1;2025-11-18;1;0
1;2025-11-18;2;0
1;2025-11-18;3;0
1;2025-11-18;4;0
1;2025-11-18;5;74
1;2025-11-18;6;487
1;2025-11-18;7;1560
1;2025-11-18;8;1937
1;2025-11-18;9;1437
1;2025-11-18;10;1307
1;2025-11-18;11;1270
1;2025-11-18;12;1289
1;2025-11-18;13;1322
1;2025-11-18;14;1269
1;2025-11-18;15;1381
1;2025-11-18;16;1459
1;2025-11-18;17;1767
1;2025-11-18;18;1792
1;2025-11-18;19;1374
1;2025-11-18;20;852
1;2025-11-18;21;471
1;2025-11-18;22;200
1;2025-11-18;23;35
1;2025-11-19;0;3
1;2025-11-19;1;0
1;2025-11-19;2;0
1;2025-11-19;3;0
1;2025-11-19;4;0
1;2025-11-19;5;90
1;2025-11-19;6;557
1;2025-11-19;7;1576
1;2025-11-19;8;2026
1;2025-11-19;9;1459
1;2025-11-19;10;1352
1;2025-11-19;11;1316
1;2025-11-19;12;1365
1;2025-11-19;13;1467
1;2025-11-19;14;1355
1;2025-11-19;15;1525
1;2025-11-19;16;1546
1;2025-11-19;17;1814
1;2025-11-19;18;1903
1;2025-11-19;19;1458
1;2025-11-19;20;932
1;2025-11-19;21;478
1;2025-11-19;22;218
1;2025-11-19;23;34
1;2025-11-20;0;4
1;2025-11-20;1;0
1;2025-11-20;2;0
1;2025-11-20;3;0
1;2025-11-20;4;0
1;2025-11-20;5;81
1;2025-11-20;6;496
1;2025-11-20;7;1569
1;2025-11-20;8;2054
1;2025-11-20;9;1465
1;2025-11-20;10;1356
1;2025-11-20;11;1345
1;2025-11-20;12;1433
1;2025-11-20;13;1482
1;2025-11-20;14;1410
1;2025-11-20;15;1561
1;2025-11-20;16;1557
1;2025-11-20;17;1835
1;2025-11-20;18;1838
1;2025-11-20;19;1401
1;2025-11-20;20;918
1;2025-11-20;21;476
1;2025-11-20;22;204
1;2025-11-20;23;38
1;2025-11-21;0;4
1;2025-11-21;1;0
1;2025-11-21;2;0
1;2025-11-21;3;0
1;2025-11-21;4;0
1;2025-11-21;5;92
1;2025-11-21;6;490
1;2025-11-21;7;1549
1;2025-11-21;8;1917
1;2025-11-21;9;1418
1;2025-11-21;10;1342
1;2025-11-21;11;1394
1;2025-11-21;12;1362
1;2025-11-21;13;1433
1;2025-11-21;14;1345
1;2025-11-21;15;1512
1;2025-11-21;16;1618
1;2025-11-21;17;1807
1;2025-11-21;18;1542
1;2025-11-21;19;1243
1;2025-11-21;20;810
1;2025-11-21;21;478
1;2025-11-21;22;207
1;2025-11-21;23;41
1;2025-11-22;0;2
1;2025-11-22;1;0
1;2025-11-22;2;0
1;2025-11-22;3;0
1;2025-11-22;4;0
1;2025-11-22;5;25
1;2025-11-22;6;153
1;2025-11-22;7;337
1;2025-11-22;8;449
1;2025-11-22;9;715
1;2025-11-22;10;862
1;2025-11-22;11;771
1;2025-11-22;12;950
1;2025-11-22;13;1010
1;2025-11-22;14;920
1;2025-11-22;15;783
1;2025-11-22;16;742
1;2025-11-22;17;666
1;2025-11-22;18;602
1;2025-11-22;19;547
1;2025-11-22;20;398
1;2025-11-22;21;298
1;2025-11-22;22;125
1;2025-11-22;23;26
1;2025-11-23;0;0
1;2025-11-23;1;0
1;2025-11-23;2;0
1;2025-11-23;3;0
1;2025-11-23;4;0
1;2025-11-23;5;24
1;2025-11-23;6;133
1;2025-11-23;7;283
1;2025-11-23;8;384
1;2025-11-23;9;654
1;2025-11-23;10;724
1;2025-11-23;11;726
1;2025-11-23;12;851
1;2025-11-23;13;900
1;2025-11-23;14;798
1;2025-11-23;15;709
1;2025-11-23;16;661
1;2025-11-23;17;622
1;2025-11-23;18;574
1;2025-11-23;19;480
1;2025-11-23;20;361
1;2025-11-23;21;278
1;2025-11-23;22;107
1;2025-11-23;23;28
1;2025-11-24;0;0
1;2025-11-24;1;0
1;2025-11-24;2;0
1;2025-11-24;3;0
1;2025-11-24;4;0
1;2025-11-24;5;73
1;2025-11-24;6;480
1;2025-11-24;7;1477
1;2025-11-24;8;1883
1;2025-11-24;9;1336
1;2025-11-24;10;1187
1;2025-11-24;11;1172
1;2025-11-24;12;1262
1;2025-11-24;13;1318
1;2025-11-24;14;1297
1;2025-11-24;15;1432
1;2025-11-24;16;1514
1;2025-11-24;17;1738
1;2025-11-24;18;1850
1;2025-11-24;19;1381
1;2025-11-24;20;862
1;2025-11-24;21;421
1;2025-11-24;22;167
1;2025-11-24;23;37
1;2025-11-25;0;6
1;2025-11-25;1;0
1;2025-11-25;2;0
1;2025-11-25;3;0
1;2025-11-25;4;0
1;2025-11-25;5;78
1;2025-11-25;6;516
1;2025-11-25;7;1652
1;2025-11-25;8;2050
1;2025-11-25;9;1521
1;2025-11-25;10;1383
1;2025-11-25;11;1344
1;2025-11-25;12;1364
1;2025-11-25;13;1400
1;2025-11-25;14;1344
1;2025-11-25;15;1462
1;2025-11-25;16;1545
1;2025-11-25;17;1870
1;2025-11-25;18;1897
1;2025-11-25;19;1455
1;2025-11-25;20;902
1;2025-11-25;21;498
1;2025-11-25;22;212
1;2025-11-25;23;37
1;2025-11-26;0;3
1;2025-11-26;1;0
1;2025-11-26;2;0
1;2025-11-26;3;0
1;2025-11-26;4;0
1;2025-11-26;5;85
1;2025-11-26;6;530
1;2025-11-26;7;1500
1;2025-11-26;8;1929
1;2025-11-26;9;1389
1;2025-11-26;10;1287
1;2025-11-26;11;1253
1;2025-11-26;12;1300
1;2025-11-26;13;1397
1;2025-11-26;14;1290
1;2025-11-26;15;1452
1;2025-11-26;16;1472
1;2025-11-26;17;1727
1;2025-11-26;18;1812
1;2025-11-26;19;1388
1;2025-11-26;20;888
1;2025-11-26;21;455
1;2025-11-26;22;208
1;2025-11-26;23;33
1;2025-11-27;0;3
1;2025-11-27;1;0
1;2025-11-27;2;0
1;2025-11-27;3;0
1;2025-11-27;4;0
1;2025-11-27;5;78
1;2025-11-27;6;479
1;2025-11-27;7;1518
1;2025-11-27;8;1988
1;2025-11-27;9;1418
1;2025-11-27;10;1312
1;2025-11-27;11;1301
1;2025-11-27;12;1386
1;2025-11-27;13;1435
1;2025-11-27;14;1364
1;2025-11-27;15;1511
1;2025-11-27;16;1507
1;2025-11-27;17;1776
1;2025-11-27;18;1779
1;2025-11-27;19;1356
1;2025-11-27;20;888
1;2025-11-27;21;461
1;2025-11-27;22;198
1;2025-11-27;23;36
1;2025-11-28;0;4
1;2025-11-28;1;0
1;2025-11-28;2;0
1;2025-11-28;3;0
1;2025-11-28;4;0
1;2025-11-28;5;91
1;2025-11-28;6;482
1;2025-11-28;7;1524
1;2025-11-28;8;1887
1;2025-11-28;9;1396
1;2025-11-28;10;1321
1;2025-11-28;11;1372
1;2025-11-28;12;1340
1;2025-11-28;13;1410
1;2025-11-28;14;1323
1;2025-11-28;15;1487
1;2025-11-28;16;1592
1;2025-11-28;17;1777
1;2025-11-28;18;1517
1;2025-11-28;19;1223
1;2025-11-28;20;797
1;2025-11-28;21;470
1;2025-11-28;22;204
1;2025-11-28;23;40
1;2025-11-29;0;3
1;2025-11-29;1;0
1;2025-11-29;2;0
1;2025-11-29;3;0
1;2025-11-29;4;0
1;2025-11-29;5;26
1;2025-11-29;6;159
1;2025-11-29;7;352
1;2025-11-29;8;470
1;2025-11-29;9;747
1;2025-11-29;10;901
1;2025-11-29;11;805
1;2025-11-29;12;992
1;2025-11-29;13;1055
1;2025-11-29;14;961
1;2025-11-29;15;818
1;2025-11-29;16;775
1;2025-11-29;17;696
1;2025-11-29;18;629
1;2025-11-29;19;571
1;2025-11-29;20;416
1;2025-11-29;21;311
1;2025-11-29;22;131
1;2025-11-29;23;27
1;2025-11-30;0;0
1;2025-11-30;1;0
1;2025-11-30;2;0
1;2025-11-30;3;0
1;2025-11-30;4;0
1;2025-11-30;5;24
1;2025-11-30;6;134
1;2025-11-30;7;286
1;2025-11-30;8;388
1;2025-11-30;9;660
1;2025-11-30;10;730
1;2025-11-30;11;732
1;2025-11-30;12;859
1;2025-11-30;13;908
1;2025-11-30;14;805
1;2025-11-30;15;715
1;2025-11-30;16;667
1;2025-11-30;17;628
1;2025-11-30;18;579
1;2025-11-30;19;484
1;2025-11-30;20;364
1;2025-11-30;21;281
1;2025-11-30;22;108
1;2025-11-30;23;28
1;2025-12-01;0;1
1;2025-12-01;1;0
1;2025-12-01;2;0
1;2025-12-01;3;0
1;2025-12-01;4;0
1;2025-12-01;5;89
1;2025-12-01;6;590
1;2025-12-01;7;1552
1;2025-12-01;8;1855
1;2025-12-01;9;1437
1;2025-12-01;10;1267
1;2025-12-01;11;1348
1;2025-12-01;12;1419
1;2025-12-01;13;1407
1;2025-12-01;14;1318
1;2025-12-01;15;1591
1;2025-12-01;16;1549
1;2025-12-01;17;1747
1;2025-12-01;18;1843
1;2025-12-01;19;1379
1;2025-12-01;20;873
1;2025-12-01;21;511
1;2025-12-01;22;247
1;2025-12-01;23;51
1;2025-12-02;0;4
1;2025-12-02;1;0
1;2025-12-02;2;0
1;2025-12-02;3;0
1;2025-12-02;4;0
1;2025-12-02;5;111
1;2025-12-02;6;652
1;2025-12-02;7;1630
1;2025-12-02;8;1933
1;2025-12-02;9;1512
1;2025-12-02;10;1385
1;2025-12-02;11;1481
1;2025-12-02;12;1490
1;2025-12-02;13;1484
1;2025-12-02;14;1386
1;2025-12-02;15;1615
1;2025-12-02;16;1522
1;2025-12-02;17;1705
1;2025-12-02;18;1779
1;2025-12-02;19;1383
1;2025-12-02;20;890
1;2025-12-02;21;544
1;2025-12-02;22;242
1;2025-12-02;23;63
1;2025-12-03;0;7
1;2025-12-03;1;0
1;2025-12-03;2;0
1;2025-12-03;3;0
1;2025-12-03;4;0
1;2025-12-03;5;108
1;2025-12-03;6;626
1;2025-12-03;7;1553
1;2025-12-03;8;1880
1;2025-12-03;9;1519
1;2025-12-03;10;1286
1;2025-12-03;11;1423
1;2025-12-03;12;1503
1;2025-12-03;13;1538
1;2025-12-03;14;1397
1;2025-12-03;15;1571
1;2025-12-03;16;1562
1;2025-12-03;17;1801
1;2025-12-03;18;1793
1;2025-12-03;19;1344
1;2025-12-03;20;897
1;2025-12-03;21;486
1;2025-12-03;22;254
1;2025-12-03;23;55
1;2025-12-04;0;6
1;2025-12-04;1;0
1;2025-12-04;2;0
1;2025-12-04;3;0
1;2025-12-04;4;0
1;2025-12-04;5;111
1;2025-12-04;6;596
1;2025-12-04;7;1502
1;2025-12-04;8;1809
1;2025-12-04;9;1491
1;2025-12-04;10;1339
1;2025-12-04;11;1414
1;2025-12-04;12;1455
1;2025-12-04;13;1480
1;2025-12-04;14;1480
1;2025-12-04;15;1632
1;2025-12-04;16;1606
1;2025-12-04;17;1772
1;2025-12-04;18;1842
1;2025-12-04;19;1415
1;2025-12-04;20;901
1;2025-12-04;21;516
1;2025-12-04;22;253
1;2025-12-04;23;67
1;2025-12-05;0;8
1;2025-12-05;1;0
1;2025-12-05;2;0
1;2025-12-05;3;0
1;2025-12-05;4;0
1;2025-12-05;5;99
1;2025-12-05;6;585
1;2025-12-05;7;1570
1;2025-12-05;8;1831
1;2025-12-05;9;1417
1;2025-12-05;10;1294
1;2025-12-05;11;1468
1;2025-12-05;12;1452
1;2025-12-05;13;1509
1;2025-12-05;14;1440
1;2025-12-05;15;1613
1;2025-12-05;16;1651
1;2025-12-05;17;1730
1;2025-12-05;18;1602
1;2025-12-05;19;1164
1;2025-12-05;20;834
1;2025-12-05;21;531
1;2025-12-05;22;272
1;2025-12-05;23;70
1;2025-12-06;0;12
1;2025-12-06;1;0
1;2025-12-06;2;0
1;2025-12-06;3;0
1;2025-12-06;4;0
1;2025-12-06;5;31
1;2025-12-06;6;166
1;2025-12-06;7;318
1;2025-12-06;8;419
1;2025-12-06;9;729
1;2025-12-06;10;831
1;2025-12-06;11;849
1;2025-12-06;12;1059
1;2025-12-06;13;1059
1;2025-12-06;14;995
1;2025-12-06;15;866
1;2025-12-06;16;773
1;2025-12-06;17;705
1;2025-12-06;18;594
1;2025-12-06;19;530
1;2025-12-06;20;406
1;2025-12-06;21;296
1;2025-12-06;22;144
1;2025-12-06;23;52
1;2025-12-07;0;0
1;2025-12-07;1;0
1;2025-12-07;2;0
1;2025-12-07;3;0
1;2025-12-07;4;0
1;2025-12-07;5;22
1;2025-12-07;6;125
1;2025-12-07;7;241
1;2025-12-07;8;339
1;2025-12-07;9;572
1;2025-12-07;10;707
1;2025-12-07;11;733
1;2025-12-07;12;914
1;2025-12-07;13;1031
1;2025-12-07;14;856
1;2025-12-07;15;793
1;2025-12-07;16;698
1;2025-12-07;17;642
1;2025-12-07;18;541
1;2025-12-07;19;450
1;2025-12-07;20;386
1;2025-12-07;21;274
1;2025-12-07;22;122
1;2025-12-07;23;38
1;2025-12-08;0;1
1;2025-12-08;1;0
1;2025-12-08;2;0
1;2025-12-08;3;0
1;2025-12-08;4;0
1;2025-12-08;5;89
1;2025-12-08;6;591
1;2025-12-08;7;1554
1;2025-12-08;8;1856
1;2025-12-08;9;1438
1;2025-12-08;10;1269
1;2025-12-08;11;1349
1;2025-12-08;12;1421
1;2025-12-08;13;1408
1;2025-12-08;14;1319
1;2025-12-08;15;1592
1;2025-12-08;16;1551
1;2025-12-08;17;1749
1;2025-12-08;18;1845
1;2025-12-08;19;1380
1;2025-12-08;20;874
1;2025-12-08;21;511
1;2025-12-08;22;247
1;2025-12-08;23;51
1;2025-12-09;0;4
1;2025-12-09;1;0
1;2025-12-09;2;0
1;2025-12-09;3;0
1;2025-12-09;4;0
1;2025-12-09;5;110
1;2025-12-09;6;647
1;2025-12-09;7;1617
1;2025-12-09;8;1917
1;2025-12-09;9;1500
1;2025-12-09;10;1373
1;2025-12-09;11;1468
1;2025-12-09;12;1478
1;2025-12-09;13;1472
1;2025-12-09;14;1375
1;2025-12-09;15;1601
1;2025-12-09;16;1509
1;2025-12-09;17;1690
1;2025-12-09;18;1764
1;2025-12-09;19;1372
1;2025-12-09;20;882
1;2025-12-09;21;540
1;2025-12-09;22;240
1;2025-12-09;23;62
1;2025-12-10;0;7
1;2025-12-10;1;0
1;2025-12-10;2;0
1;2025-12-10;3;0
1;2025-12-10;4;0
1;2025-12-10;5;106
1;2025-12-10;6;614
1;2025-12-10;7;1524
1;2025-12-10;8;1846
1;2025-12-10;9;1491
1;2025-12-10;10;1262
1;2025-12-10;11;1397
1;2025-12-10;12;1476
1;2025-12-10;13;1510
1;2025-12-10;14;1372
1;2025-12-10;15;1542
1;2025-12-10;16;1534
1;2025-12-10;17;1768
1;2025-12-10;18;1760
1;2025-12-10;19;1319
1;2025-12-10;20;881
1;2025-12-10;21;477
1;2025-12-10;22;249
1;2025-12-10;23;54
1;2025-12-11;0;5
1;2025-12-11;1;0
1;2025-12-11;2;0
1;2025-12-11;3;0
1;2025-12-11;4;0
1;2025-12-11;5;107
1;2025-12-11;6;577
1;2025-12-11;7;1454
1;2025-12-11;8;1750
1;2025-12-11;9;1442
1;2025-12-11;10;1296
1;2025-12-11;11;1368
1;2025-12-11;12;1408
1;2025-12-11;13;1432
1;2025-12-11;14;1432
1;2025-12-11;15;1580
1;2025-12-11;16;1554
1;2025-12-11;17;1715
1;2025-12-11;18;1783
1;2025-12-11;19;1369
1;2025-12-11;20;872
1;2025-12-11;21;500
1;2025-12-11;22;245
1;2025-12-11;23;65
1;2025-12-12;0;8
1;2025-12-12;1;0
1;2025-12-12;2;0
1;2025-12-12;3;0
1;2025-12-12;4;0
1;2025-12-12;5;95
1;2025-12-12;6;562
1;2025-12-12;7;1509
1;2025-12-12;8;1759
1;2025-12-12;9;1361
1;2025-12-12;10;1244
1;2025-12-12;11;1410
1;2025-12-12;12;1395
1;2025-12-12;13;1450
1;2025-12-12;14;1384
1;2025-12-12;15;1550
1;2025-12-12;16;1586
1;2025-12-12;17;1663
1;2025-12-12;18;1539
1;2025-12-12;19;1118
1;2025-12-12;20;802
1;2025-12-12;21;510
1;2025-12-12;22;261
1;2025-12-12;23;67
1;2025-12-13;0;12
1;2025-12-13;1;0
1;2025-12-13;2;0
1;2025-12-13;3;0
1;2025-12-13;4;0
1;2025-12-13;5;32
1;2025-12-13;6;166
1;2025-12-13;7;319
1;2025-12-13;8;420
1;2025-12-13;9;732
1;2025-12-13;10;834
1;2025-12-13;11;853
1;2025-12-13;12;1063
1;2025-12-13;13;1063
1;2025-12-13;14;999
1;2025-12-13;15;869
1;2025-12-13;16;776
1;2025-12-13;17;708
1;2025-12-13;18;597
1;2025-12-13;19;532
1;2025-12-13;20;408
1;2025-12-13;21;297
1;2025-12-13;22;144
1;2025-12-13;23;52
1;2025-12-14;0;0
1;2025-12-14;1;0
1;2025-12-14;2;0
1;2025-12-14;3;0
1;2025-12-14;4;0
1;2025-12-14;5;22
1;2025-12-14;6;125
1;2025-12-14;7;241
1;2025-12-14;8;339
1;2025-12-14;9;572
1;2025-12-14;10;708
1;2025-12-14;11;733
1;2025-12-14;12;914
1;2025-12-14;13;1031
1;2025-12-14;14;856
1;2025-12-14;15;793
1;2025-12-14;16;698
1;2025-12-14;17;642
1;2025-12-14;18;541
1;2025-12-14;19;450
1;2025-12-14;20;386
1;2025-12-14;21;275
1;2025-12-14;22;122
1;2025-12-14;23;38
1;2025-12-15;0;1
1;2025-12-15;1;0
1;2025-12-15;2;0
1;2025-12-15;3;0
1;2025-12-15;4;0
1;2025-12-15;5;88
1;2025-12-15;6;587
1;2025-12-15;7;1544
1;2025-12-15;8;1845
1;2025-12-15;9;1429
1;2025-12-15;10;1261
1;2025-12-15;11;1341
1;2025-12-15;12;1412
1;2025-12-15;13;1400
1;2025-12-15;14;1311
1;2025-12-15;15;1583
1;2025-12-15;16;1541
1;2025-12-15;17;1739
1;2025-12-15;18;1834
1;2025-12-15;19;1372
1;2025-12-15;20;869
1;2025-12-15;21;508
1;2025-12-15;22;246
1;2025-12-15;23;50
1;2025-12-16;0;4
1;2025-12-16;1;0
1;2025-12-16;2;0
1;2025-12-16;3;0
1;2025-12-16;4;0
1;2025-12-16;5;108
1;2025-12-16;6;635
1;2025-12-16;7;1586
1;2025-12-16;8;1881
1;2025-12-16;9;1471
1;2025-12-16;10;1347
1;2025-12-16;11;1441
1;2025-12-16;12;1450
1;2025-12-16;13;1444
1;2025-12-16;14;1349
1;2025-12-16;15;1571
1;2025-12-16;16;1480
1;2025-12-16;17;1659
1;2025-12-16;18;1731
1;2025-12-16;19;1346
1;2025-12-16;20;866
1;2025-12-16;21;530
1;2025-12-16;22;235
1;2025-12-16;23;61
1;2025-12-17;0;7
1;2025-12-17;1;0
1;2025-12-17;2;0
1;2025-12-17;3;0
1;2025-12-17;4;0
1;2025-12-17;5;108
1;2025-12-17;6;626
1;2025-12-17;7;1555
1;2025-12-17;8;1883
1;2025-12-17;9;1521
1;2025-12-17;10;1288
1;2025-12-17;11;1425
1;2025-12-17;12;1505
1;2025-12-17;13;1540
1;2025-12-17;14;1399
1;2025-12-17;15;1573
1;2025-12-17;16;1564
1;2025-12-17;17;1803
1;2025-12-17;18;1796
1;2025-12-17;19;1346
1;2025-12-17;20;898
1;2025-12-17;21;487
1;2025-12-17;22;254
1;2025-12-17;23;55
1;2025-12-18;0;6
1;2025-12-18;1;0
1;2025-12-18;2;0
1;2025-12-18;3;0
1;2025-12-18;4;0
1;2025-12-18;5;110
1;2025-12-18;6;594
1;2025-12-18;7;1497
1;2025-12-18;8;1803
1;2025-12-18;9;1486
1;2025-12-18;10;1335
1;2025-12-18;11;1409
1;2025-12-18;12;1450
1;2025-12-18;13;1475
1;2025-12-18;14;1475
1;2025-12-18;15;1627
1;2025-12-18;16;1600
1;2025-12-18;17;1766
1;2025-12-18;18;1836
1;2025-12-18;19;1410
1;2025-12-18;20;898
1;2025-12-18;21;515
1;2025-12-18;22;252
1;2025-12-18;23;67
1;2025-12-19;0;8
1;2025-12-19;1;0
1;2025-12-19;2;0
1;2025-12-19;3;0
1;2025-12-19;4;0
1;2025-12-19;5;99
1;2025-12-19;6;585
1;2025-12-19;7;1572
1;2025-12-19;8;1833
1;2025-12-19;9;1418
1;2025-12-19;10;1295
1;2025-12-19;11;1469
1;2025-12-19;12;1453
1;2025-12-19;13;1511
1;2025-12-19;14;1442
1;2025-12-19;15;1615
1;2025-12-19;16;1652
1;2025-12-19;17;1732
1;2025-12-19;18;1603
1;2025-12-19;19;1165
1;2025-12-19;20;835
1;2025-12-19;21;531
1;2025-12-19;22;272
1;2025-12-19;23;70
1;2025-12-20;0;12
1;2025-12-20;1;0
1;2025-12-20;2;0
1;2025-12-20;3;0
1;2025-12-20;4;0
1;2025-12-20;5;31
1;2025-12-20;6;165
1;2025-12-20;7;317
1;2025-12-20;8;417
1;2025-12-20;9;726
1;2025-12-20;10;828
1;2025-12-20;11;846
1;2025-12-20;12;1055
1;2025-12-20;13;1055
1;2025-12-20;14;991
1;2025-12-20;15;862
1;2025-12-20;16;770
1;2025-12-20;17;702
1;2025-12-20;18;592
1;2025-12-20;19;528
1;2025-12-20;20;404
1;2025-12-20;21;295
1;2025-12-20;22;143
1;2025-12-20;23;52
1;2025-12-21;0;0
1;2025-12-21;1;0
1;2025-12-21;2;0
1;2025-12-21;3;0
1;2025-12-21;4;0
1;2025-12-21;5;22
1;2025-12-21;6;123
1;2025-12-21;7;238
1;2025-12-21;8;335
1;2025-12-21;9;564
1;2025-12-21;10;698
1;2025-12-21;11;723
1;2025-12-21;12;902
1;2025-12-21;13;1017
1;2025-12-21;14;845
1;2025-12-21;15;782
1;2025-12-21;16;689
1;2025-12-21;17;633
1;2025-12-21;18;534
1;2025-12-21;19;444
1;2025-12-21;20;381
1;2025-12-21;21;271
1;2025-12-21;22;121
1;2025-12-21;23;38
1;2025-12-22;0;1
1;2025-12-22;1;0
1;2025-12-22;2;0
1;2025-12-22;3;0
1;2025-12-22;4;0
1;2025-12-22;5;87
1;2025-12-22;6;575
1;2025-12-22;7;1512
1;2025-12-22;8;1807
1;2025-12-22;9;1400
1;2025-12-22;10;1235
1;2025-12-22;11;1313
1;2025-12-22;12;1383
1;2025-12-22;13;1371
1;2025-12-22;14;1284
1;2025-12-22;15;1550
1;2025-12-22;16;1509
1;2025-12-22;17;1702
1;2025-12-22;18;1795
1;2025-12-22;19;1344
1;2025-12-22;20;851
1;2025-12-22;21;498
1;2025-12-22;22;241
1;2025-12-22;23;49
1;2025-12-23;0;4
1;2025-12-23;1;0
1;2025-12-23;2;0
1;2025-12-23;3;0
1;2025-12-23;4;0
1;2025-12-23;5;111
1;2025-12-23;6;651
1;2025-12-23;7;1627
1;2025-12-23;8;1929
1;2025-12-23;9;1509
1;2025-12-23;10;1382
1;2025-12-23;11;1478
1;2025-12-23;12;1487
1;2025-12-23;13;1481
1;2025-12-23;14;1383
1;2025-12-23;15;1612
1;2025-12-23;16;1519
1;2025-12-23;17;1701
1;2025-12-23;18;1775
1;2025-12-23;19;1380
1;2025-12-23;20;888
1;2025-12-23;21;543
1;2025-12-23;22;242
1;2025-12-23;23;63
1;2025-12-24;0;7
1;2025-12-24;1;0
1;2025-12-24;2;0
1;2025-12-24;3;0
1;2025-12-24;4;0
1;2025-12-24;5;107
1;2025-12-24;6;621
1;2025-12-24;7;1542
1;2025-12-24;8;1867
1;2025-12-24;9;1508
1;2025-12-24;10;1277
1;2025-12-24;11;1413
1;2025-12-24;12;1493
1;2025-12-24;13;1527
1;2025-12-24;14;1388
1;2025-12-24;15;1560
1;2025-12-24;16;1551
1;2025-12-24;17;1788
1;2025-12-24;18;1780
1;2025-12-24;19;1334
1;2025-12-24;20;891
1;2025-12-24;21;482
1;2025-12-24;22;252
1;2025-12-24;23;55
1;2025-12-25;0;5
1;2025-12-25;1;0
1;2025-12-25;2;0
1;2025-12-25;3;0
1;2025-12-25;4;0
1;2025-12-25;5;107
1;2025-12-25;6;577
1;2025-12-25;7;1454
1;2025-12-25;8;1751
1;2025-12-25;9;1443
1;2025-12-25;10;1296
1;2025-12-25;11;1368
1;2025-12-25;12;1408
1;2025-12-25;13;1432
1;2025-12-25;14;1432
1;2025-12-25;15;1580
1;2025-12-25;16;1554
1;2025-12-25;17;1715
1;2025-12-25;18;1783
1;2025-12-25;19;1369
1;2025-12-25;20;872
1;2025-12-25;21;500
1;2025-12-25;22;245
1;2025-12-25;23;65
1;2025-12-26;0;8
1;2025-12-26;1;0
1;2025-12-26;2;0
1;2025-12-26;3;0
1;2025-12-26;4;0
1;2025-12-26;5;94
1;2025-12-26;6;556
1;2025-12-26;7;1493
1;2025-12-26;8;1741
1;2025-12-26;9;1347
1;2025-12-26;10;1231
1;2025-12-26;11;1396
1;2025-12-26;12;1381
1;2025-12-26;13;1435
1;2025-12-26;14;1370
1;2025-12-26;15;1534
1;2025-12-26;16;1570
1;2025-12-26;17;1645
1;2025-12-26;18;1523
1;2025-12-26;19;1107
1;2025-12-26;20;794
1;2025-12-26;21;505
1;2025-12-26;22;259
1;2025-12-26;23;67
1;2025-12-27;0;12
1;2025-12-27;1;0
1;2025-12-27;2;0
1;2025-12-27;3;0
1;2025-12-27;4;0
1;2025-12-27;5;31
1;2025-12-27;6;164
1;2025-12-27;7;316
1;2025-12-27;8;416
1;2025-12-27;9;723
1;2025-12-27;10;825
1;2025-12-27;11;843
1;2025-12-27;12;1051
1;2025-12-27;13;1051
1;2025-12-27;14;987
1;2025-12-27;15;859
1;2025-12-27;16;767
1;2025-12-27;17;700
1;2025-12-27;18;590
1;2025-12-27;19;526
1;2025-12-27;20;403
1;2025-12-27;21;294
1;2025-12-27;22;143
1;2025-12-27;23;52
1;2025-12-28;0;0
1;2025-12-28;1;0
1;2025-12-28;2;0
1;2025-12-28;3;0
1;2025-12-28;4;0
1;2025-12-28;5;22
1;2025-12-28;6;121
1;2025-12-28;7;233
1;2025-12-28;8;328
1;2025-12-28;9;553
1;2025-12-28;10;684
1;2025-12-28;11;709
1;2025-12-28;12;884
1;2025-12-28;13;997
1;2025-12-28;14;828
1;2025-12-28;15;767
1;2025-12-28;16;675
1;2025-12-28;17;621
1;2025-12-28;18;523
1;2025-12-28;19;436
1;2025-12-28;20;373
1;2025-12-28;21;266
1;2025-12-28;22;118
1;2025-12-28;23;37
1;2025-12-29;0;1
1;2025-12-29;1;0
1;2025-12-29;2;0
1;2025-12-29;3;0
1;2025-12-29;4;0
1;2025-12-29;5;87
1;2025-12-29;6;575
1;2025-12-29;7;1511
1;2025-12-29;8;1805
1;2025-12-29;9;1398
1;2025-12-29;10;1234
1;2025-12-29;11;1312
1;2025-12-29;12;1382
1;2025-12-29;13;1369
1;2025-12-29;14;1283
1;2025-12-29;15;1549
1;2025-12-29;16;1508
1;2025-12-29;17;1701
1;2025-12-29;18;1794
1;2025-12-29;19;1342
1;2025-12-29;20;850
1;2025-12-29;21;497
1;2025-12-29;22;240
1;2025-12-29;23;49
1;2025-12-30;0;4
1;2025-12-30;1;0
1;2025-12-30;2;0
1;2025-12-30;3;0
1;2025-12-30;4;0
1;2025-12-30;5;107
1;2025-12-30;6;631
1;2025-12-30;7;1577
1;2025-12-30;8;1870
1;2025-12-30;9;1463
1;2025-12-30;10;1340
1;2025-12-30;11;1432
1;2025-12-30;12;1442
1;2025-12-30;13;1436
1;2025-12-30;14;1341
1;2025-12-30;15;1562
1;2025-12-30;16;1472
1;2025-12-30;17;1649
1;2025-12-30;18;1721
1;2025-12-30;19;1338
1;2025-12-30;20;861
1;2025-12-30;21;527
1;2025-12-30;22;234
1;2025-12-30;23;61
1;2025-12-31;0;5
1;2025-12-31;1;0
1;2025-12-31;2;0
1;2025-12-31;3;0
1;2025-12-31;4;0
1;2025-12-31;5;24
1;2025-12-31;6;130
1;2025-12-31;7;249
1;2025-12-31;8;338
1;2025-12-31;9;580
1;2025-12-31;10;686
1;2025-12-31;11;705
1;2025-12-31;12;880
1;2025-12-31;13;931
1;2025-12-31;14;825
1;2025-12-31;15;739
1;2025-12-31;16;656
1;2025-12-31;17;600
1;2025-12-31;18;506
1;2025-12-31;19;437
1;2025-12-31;20;353
1;2025-12-31;21;254
1;2025-12-31;22;119
1;2025-12-31;23;40
5;2025-11-01;0;0
5;2025-11-01;1;0
5;2025-11-01;2;0
5;2025-11-01;3;0
5;2025-11-01;4;0
5;2025-11-01;5;0
5;2025-11-01;6;0
5;2025-11-01;7;0
5;2025-11-01;8;0
5;2025-11-01;9;0
5;2025-11-01;10;0
5;2025-11-01;11;0
5;2025-11-01;12;0
5;2025-11-01;13;0
5;2025-11-01;14;0
5;2025-11-01;15;0
5;2025-11-01;16;0
5;2025-11-01;17;0
5;2025-11-01;18;0
5;2025-11-01;19;0
5;2025-11-01;20;0
5;2025-11-01;21;0
5;2025-11-01;22;0
5;2025-11-01;23;0
5;2025-11-02;0;0
5;2025-11-02;1;0
5;2025-11-02;2;0
5;2025-11-02;3;0
5;2025-11-02;4;0
5;2025-11-02;5;0
5;2025-11-02;6;0
5;2025-11-02;7;0
5;2025-11-02;8;0
5;2025-11-02;9;0
5;2025-11-02;10;0
5;2025-11-02;11;0
5;2025-11-02;12;0
5;2025-11-02;13;0
5;2025-11-02;14;0
5;2025-11-02;15;0
5;2025-11-02;16;0
5;2025-11-02;17;0
5;2025-11-02;18;0
5;2025-11-02;19;0
5;2025-11-02;20;0
5;2025-11-02;21;0
5;2025-11-02;22;0
5;2025-11-02;23;0
5;2025-11-03;0;0
5;2025-11-03;1;0
5;2025-11-03;2;0
5;2025-11-03;3;0
5;2025-11-03;4;0
5;2025-11-03;5;0
5;2025-11-03;6;0
5;2025-11-03;7;0
5;2025-11-03;8;0
5;2025-11-03;9;0
5;2025-11-03;10;0
5;2025-11-03;11;0
5;2025-11-03;12;0
5;2025-11-03;13;0
5;2025-11-03;14;0
5;2025-11-03;15;0
5;2025-11-03;16;0
5;2025-11-03;17;0
5;2025-11-03;18;0
5;2025-11-03;19;0
5;2025-11-03;20;0
5;2025-11-03;21;0
5;2025-11-03;22;0
5;2025-11-03;23;0
5;2025-11-04;0;0
5;2025-11-04;1;0
5;2025-11-04;2;0
5;2025-11-04;3;0
5;2025-11-04;4;0
5;2025-11-04;5;0
5;2025-11-04;6;0
5;2025-11-04;7;0
5;2025-11-04;8;0
5;2025-11-04;9;0
5;2025-11-04;10;0
5;2025-11-04;11;0
5;2025-11-04;12;0
5;2025-11-04;13;0
5;2025-11-04;14;0
5;2025-11-04;15;0
5;2025-11-04;16;0
5;2025-11-04;17;0
5;2025-11-04;18;0
5;2025-11-04;19;0
5;2025-11-04;20;0
5;2025-11-04;21;0
5;2025-11-04;22;0
5;2025-11-04;23;0
5;2025-11-05;0;0
5;2025-11-05;1;0
5;2025-11-05;2;0
5;2025-11-05;3;0
5;2025-11-05;4;0
5;2025-11-05;5;0
5;2025-11-05;6;0
5;2025-11-05;7;0
5;2025-11-05;8;0
5;2025-11-05;9;0
5;2025-11-05;10;0
5;2025-11-05;11;0
5;2025-11-05;12;0
5;2025-11-05;13;0
5;2025-11-05;14;0
5;2025-11-05;15;0
5;2025-11-05;16;0
5;2025-11-05;17;0
5;2025-11-05;18;0
5;2025-11-05;19;0
5;2025-11-05;20;0
5;2025-11-05;21;0
5;2025-11-05;22;0
5;2025-11-05;23;0
5;2025-11-06;0;0
5;2025-11-06;1;0
5;2025-11-06;2;0
5;2025-11-06;3;0
5;2025-11-06;4;0
5;2025-11-06;5;0
5;2025-11-06;6;0
5;2025-11-06;7;0
5;2025-11-06;8;0
5;2025-11-06;9;0
5;2025-11-06;10;0
5;2025-11-06;11;0
5;2025-11-06;12;0
5;2025-11-06;13;0
5;2025-11-06;14;0
5;2025-11-06;15;0
5;2025-11-06;16;0
5;2025-11-06;17;0
5;2025-11-06;18;0
5;2025-11-06;19;0
5;2025-11-06;20;0
5;2025-11-06;21;0
5;2025-11-06;22;0
5;2025-11-06;23;0
5;2025-11-07;0;0
5;2025-11-07;1;0
5;2025-11-07;2;0
5;2025-11-07;3;0
5;2025-11-07;4;0
5;2025-11-07;5;0
5;2025-11-07;6;0
5;2025-11-07;7;0
5;2025-11-07;8;0
5;2025-11-07;9;0
5;2025-11-07;10;0
5;2025-11-07;11;0
5;2025-11-07;12;0
5;2025-11-07;13;0
5;2025-11-07;14;0
5;2025-11-07;15;0
5;2025-11-07;16;0
5;2025-11-07;17;0
5;2025-11-07;18;0
5;2025-11-07;19;0
5;2025-11-07;20;0
5;2025-11-07;21;0
5;2025-11-07;22;0
5;2025-11-07;23;0
5;2025-11-08;0;0
5;2025-11-08;1;0
5;2025-11-08;2;0
5;2025-11-08;3;0
5;2025-11-08;4;0
5;2025-11-08;5;0
5;2025-11-08;6;0
5;2025-11-08;7;0
5;2025-11-08;8;0
5;2025-11-08;9;0
5;2025-11-08;10;0
5;2025-11-08;11;0
5;2025-11-08;12;0
5;2025-11-08;13;0
5;2025-11-08;14;0
5;2025-11-08;15;0
5;2025-11-08;16;0
5;2025-11-08;17;0
5;2025-11-08;18;0
5;2025-11-08;19;0
5;2025-11-08;20;0
5;2025-11-08;21;0
5;2025-11-08;22;0
5;2025-11-08;23;0
5;2025-11-09;0;0
5;2025-11-09;1;0
5;2025-11-09;2;0
5;2025-11-09;3;0
5;2025-11-09;4;0
5;2025-11-09;5;0
5;2025-11-09;6;0
5;2025-11-09;7;0
5;2025-11-09;8;0
5;2025-11-09;9;0
5;2025-11-09;10;0
5;2025-11-09;11;0
5;2025-11-09;12;0
5;2025-11-09;13;0
5;2025-11-09;14;0
5;2025-11-09;15;0
5;2025-11-09;16;0
5;2025-11-09;17;0
5;2025-11-09;18;0
5;2025-11-09;19;0
5;2025-11-09;20;0
5;2025-11-09;21;0
5;2025-11-09;22;0
5;2025-11-09;23;0
5;2025-11-10;0;0
5;2025-11-10;1;0
5;2025-11-10;2;0
5;2025-11-10;3;0
5;2025-11-10;4;0
5;2025-11-10;5;0
5;2025-11-10;6;0
5;2025-11-10;7;0
5;2025-11-10;8;0
5;2025-11-10;9;0
5;2025-11-10;10;0
5;2025-11-10;11;0
5;2025-11-10;12;0
5;2025-11-10;13;0
5;2025-11-10;14;0
5;2025-11-10;15;0
5;2025-11-10;16;0
5;2025-11-10;17;0
5;2025-11-10;18;0
5;2025-11-10;19;0
5;2025-11-10;20;0
5;2025-11-10;21;0
5;2025-11-10;22;0
5;2025-11-10;23;0
5;2025-11-11;0;0
5;2025-11-11;1;0
5;2025-11-11;2;0
5;2025-11-11;3;0
5;2025-11-11;4;0
5;2025-11-11;5;0
5;2025-11-11;6;0
5;2025-11-11;7;0
5;2025-11-11;8;0
5;2025-11-11;9;0
5;2025-11-11;10;0
5;2025-11-11;11;0
5;2025-11-11;12;0
5;2025-11-11;13;0
5;2025-11-11;14;0
5;2025-11-11;15;0
5;2025-11-11;16;0
5;2025-11-11;17;0
5;2025-11-11;18;0
5;2025-11-11;19;0
5;2025-11-11;20;0
5;2025-11-11;21;0
5;2025-11-11;22;0
5;2025-11-11;23;0
5;2025-11-12;0;0
5;2025-11-12;1;0
5;2025-11-12;2;0
5;2025-11-12;3;0
5;2025-11-12;4;0
5;2025-11-12;5;0
5;2025-11-12;6;0
5;2025-11-12;7;0
5;2025-11-12;8;0
5;2025-11-12;9;0
5;2025-11-12;10;0
5;2025-11-12;11;0
5;2025-11-12;12;0
5;2025-11-12;13;0
5;2025-11-12;14;0
5;2025-11-12;15;0
5;2025-11-12;16;0
5;2025-11-12;17;0
5;2025-11-12;18;0
5;2025-11-12;19;0
5;2025-11-12;20;0
5;2025-11-12;21;0
5;2025-11-12;22;0
5;2025-11-12;23;0
5;2025-11-13;0;0
5;2025-11-13;1;0
5;2025-11-13;2;0
5;2025-11-13;3;0
5;2025-11-13;4;0
5;2025-11-13;5;0
5;2025-11-13;6;0
5;2025-11-13;7;0
5;2025-11-13;8;0
5;2025-11-13;9;0
5;2025-11-13;10;0
5;2025-11-13;11;0
5;2025-11-13;12;0
5;2025-11-13;13;0
5;2025-11-13;14;0
5;2025-11-13;15;0
5;2025-11-13;16;0
5;2025-11-13;17;0
5;2025-11-13;18;0
5;2025-11-13;19;0
5;2025-11-13;20;0
5;2025-11-13;21;0
5;2025-11-13;22;0
5;2025-11-13;23;0
5;2025-11-14;0;0
5;2025-11-14;1;0
5;2025-11-14;2;0
5;2025-11-14;3;0
5;2025-11-14;4;0
5;2025-11-14;5;0
5;2025-11-14;6;0
5;2025-11-14;7;0
5;2025-11-14;8;0
5;2025-11-14;9;0
5;2025-11-14;10;0
5;2025-11-14;11;0
5;2025-11-14;12;0
5;2025-11-14;13;0
5;2025-11-14;14;0
5;2025-11-14;15;0
5;2025-11-14;16;0
5;2025-11-14;17;0
5;2025-11-14;18;0
5;2025-11-14;19;0
5;2025-11-14;20;0
5;2025-11-14;21;0
5;2025-11-14;22;0
5;2025-11-14;23;0
5;2025-11-15;0;0
5;2025-11-15;1;0
5;2025-11-15;2;0
5;2025-11-15;3;0
5;2025-11-15;4;0
5;2025-11-15;5;0
5;2025-11-15;6;0
5;2025-11-15;7;0
5;2025-11-15;8;0
5;2025-11-15;9;0
5;2025-11-15;10;0
5;2025-11-15;11;0
5;2025-11-15;12;0
5;2025-11-15;13;0
5;2025-11-15;14;0
5;2025-11-15;15;0
5;2025-11-15;16;0
5;2025-11-15;17;0
5;2025-11-15;18;0
5;2025-11-15;19;0
5;2025-11-15;20;0
5;2025-11-15;21;0
5;2025-11-15;22;0
5;2025-11-15;23;0
5;2025-11-16;0;0
5;2025-11-16;1;0
5;2025-11-16;2;0
5;2025-11-16;3;0
5;2025-11-16;4;0
5;2025-11-16;5;0
5;2025-11-16;6;0
5;2025-11-16;7;0
5;2025-11-16;8;0
5;2025-11-16;9;0
5;2025-11-16;10;0
5;2025-11-16;11;0
5;2025-11-16;12;0
5;2025-11-16;13;0
5;2025-11-16;14;0
5;2025-11-16;15;0
5;2025-11-16;16;0
5;2025-11-16;17;0
5;2025-11-16;18;0
5;2025-11-16;19;0
5;2025-11-16;20;0
5;2025-11-16;21;0
5;2025-11-16;22;0
5;2025-11-16;23;0
5;2025-11-17;0;0
5;2025-11-17;1;0
5;2025-11-17;2;0
5;2025-11-17;3;0
5;2025-11-17;4;0
5;2025-11-17;5;0
5;2025-11-17;6;0
5;2025-11-17;7;0
5;2025-11-17;8;0
5;2025-11-17;9;0
5;2025-11-17;10;0
5;2025-11-17;11;0
5;2025-11-17;12;0
5;2025-11-17;13;0
5;2025-11-17;14;0
5;2025-11-17;15;0
5;2025-11-17;16;0
5;2025-11-17;17;0
5;2025-11-17;18;0
5;2025-11-17;19;0
5;2025-11-17;20;0
5;2025-11-17;21;0
5;2025-11-17;22;0
5;2025-11-17;23;0
5;2025-11-18;0;0
5;2025-11-18;1;0
5;2025-11-18;2;0
5;2025-11-18;3;0
5;2025-11-18;4;0
5;2025-11-18;5;0
5;2025-11-18;6;0
5;2025-11-18;7;0
5;2025-11-18;8;0
5;2025-11-18;9;0
5;2025-11-18;10;0
5;2025-11-18;11;0
5;2025-11-18;12;0
5;2025-11-18;13;0
5;2025-11-18;14;0
5;2025-11-18;15;0
5;2025-11-18;16;0
5;2025-11-18;17;0
5;2025-11-18;18;0
5;2025-11-18;19;0
5;2025-11-18;20;0
5;2025-11-18;21;0
5;2025-11-18;22;0
5;2025-11-18;23;0
5;2025-11-19;0;0
5;2025-11-19;1;0
5;2025-11-19;2;0
5;2025-11-19;3;0
5;2025-11-19;4;0
5;2025-11-19;5;0
5;2025-11-19;6;0
5;2025-11-19;7;0
5;2025-11-19;8;0
5;2025-11-19;9;0
5;2025-11-19;10;0
5;2025-11-19;11;0
5;2025-11-19;12;0
5;2025-11-19;13;0
5;2025-11-19;14;0
5;2025-11-19;15;0
5;2025-11-19;16;0
5;2025-11-19;17;0
5;2025-11-19;18;0
5;2025-11-19;19;0
5;2025-11-19;20;0
5;2025-11-19;21;0
5;2025-11-19;22;0
5;2025-11-19;23;0
5;2025-11-20;0;0
5;2025-11-20;1;0
5;2025-11-20;2;0
5;2025-11-20;3;0
5;2025-11-20;4;0
5;2025-11-20;5;0
5;2025-11-20;6;0
5;2025-11-20;7;0
5;2025-11-20;8;0
5;2025-11-20;9;0
5;2025-11-20;10;0
5;2025-11-20;11;0
5;2025-11-20;12;0
5;2025-11-20;13;0
5;2025-11-20;14;0
5;2025-11-20;15;0
5;2025-11-20;16;0
5;2025-11-20;17;0
5;2025-11-20;18;0
5;2025-11-20;19;0
5;2025-11-20;20;0
5;2025-11-20;21;0
5;2025-11-20;22;0
5;2025-11-20;23;0
5;2025-11-21;0;0
5;2025-11-21;1;0
5;2025-11-21;2;0
5;2025-11-21;3;0
5;2025-11-21;4;0
5;2025-11-21;5;0
5;2025-11-21;6;0
5;2025-11-21;7;0
5;2025-11-21;8;0
5;2025-11-21;9;0
5;2025-11-21;10;0
5;2025-11-21;11;0
5;2025-11-21;12;0
5;2025-11-21;13;0
5;2025-11-21;14;0
5;2025-11-21;15;0
5;2025-11-21;16;0
5;2025-11-21;17;0
5;2025-11-21;18;0
5;2025-11-21;19;0
5;2025-11-21;20;0
5;2025-11-21;21;0
5;2025-11-21;22;0
5;2025-11-21;23;0
5;2025-11-22;0;0
5;2025-11-22;1;0
5;2025-11-22;2;0
5;2025-11-22;3;0
5;2025-11-22;4;0
5;2025-11-22;5;0
5;2025-11-22;6;0
5;2025-11-22;7;0
5;2025-11-22;8;0
5;2025-11-22;9;0
5;2025-11-22;10;0
5;2025-11-22;11;0
5;2025-11-22;12;0
5;2025-11-22;13;0
5;2025-11-22;14;0
5;2025-11-22;15;0
5;2025-11-22;16;0
5;2025-11-22;17;0
5;2025-11-22;18;0
5;2025-11-22;19;0
5;2025-11-22;20;0
5;2025-11-22;21;0
5;2025-11-22;22;0
5;2025-11-22;23;0
5;2025-11-23;0;0
5;2025-11-23;1;0
5;2025-11-23;2;0
5;2025-11-23;3;0
5;2025-11-23;4;0
5;2025-11-23;5;0
5;2025-11-23;6;0
5;2025-11-23;7;0
5;2025-11-23;8;0
5;2025-11-23;9;0
5;2025-11-23;10;0
5;2025-11-23;11;0
5;2025-11-23;12;0
5;2025-11-23;13;0
5;2025-11-23;14;0
5;2025-11-23;15;0
5;2025-11-23;16;0
5;2025-11-23;17;0
5;2025-11-23;18;0
5;2025-11-23;19;0
5;2025-11-23;20;0
5;2025-11-23;21;0
5;2025-11-23;22;0
5;2025-11-23;23;0
5;2025-11-24;0;0
5;2025-11-24;1;0
5;2025-11-24;2;0
5;2025-11-24;3;0
5;2025-11-24;4;0
5;2025-11-24;5;0
5;2025-11-24;6;0
5;2025-11-24;7;0
5;2025-11-24;8;0
5;2025-11-24;9;0
5;2025-11-24;10;0
5;2025-11-24;11;0
5;2025-11-24;12;0
5;2025-11-24;13;0
5;2025-11-24;14;0
5;2025-11-24;15;0
5;2025-11-24;16;0
5;2025-11-24;17;0
5;2025-11-24;18;0
5;2025-11-24;19;0
5;2025-11-24;20;0
5;2025-11-24;21;0
5;2025-11-24;22;0
5;2025-11-24;23;0
5;2025-11-25;0;0
5;2025-11-25;1;0
5;2025-11-25;2;0
5;2025-11-25;3;0
5;2025-11-25;4;0
5;2025-11-25;5;0
5;2025-11-25;6;0
5;2025-11-25;7;0
5;2025-11-25;8;0
5;2025-11-25;9;0
5;2025-11-25;10;0
5;2025-11-25;11;0
5;2025-11-25;12;0
5;2025-11-25;13;0
5;2025-11-25;14;0
5;2025-11-25;15;0
5;2025-11-25;16;0
5;2025-11-25;17;0
5;2025-11-25;18;0
5;2025-11-25;19;0
5;2025-11-25;20;0
5;2025-11-25;21;0
5;2025-11-25;22;0
5;2025-11-25;23;0
5;2025-11-26;0;0
5;2025-11-26;1;0
5;2025-11-26;2;0
5;2025-11-26;3;0
5;2025-11-26;4;0
5;2025-11-26;5;0
5;2025-11-26;6;0
5;2025-11-26;7;0
5;2025-11-26;8;0
5;2025-11-26;9;0
5;2025-11-26;10;0
5;2025-11-26;11;0
5;2025-11-26;12;0
5;2025-11-26;13;0
5;2025-11-26;14;0
5;2025-11-26;15;0
5;2025-11-26;16;0
5;2025-11-26;17;0
5;2025-11-26;18;0
5;2025-11-26;19;0
5;2025-11-26;20;0
5;2025-11-26;21;0
5;2025-11-26;22;0
5;2025-11-26;23;0
5;2025-11-27;0;0
5;2025-11-27;1;0
5;2025-11-27;2;0
5;2025-11-27;3;0
5;2025-11-27;4;0
5;2025-11-27;5;0
5;2025-11-27;6;0
5;2025-11-27;7;0
5;2025-11-27;8;0
5;2025-11-27;9;0
5;2025-11-27;10;0
5;2025-11-27;11;0
5;2025-11-27;12;0
5;2025-11-27;13;0
5;2025-11-27;14;0
5;2025-11-27;15;0
5;2025-11-27;16;0
5;2025-11-27;17;0
5;2025-11-27;18;0
5;2025-11-27;19;0
5;2025-11-27;20;0
5;2025-11-27;21;0
5;2025-11-27;22;0
5;2025-11-27;23;0
5;2025-11-28;0;0
5;2025-11-28;1;0
5;2025-11-28;2;0
5;2025-11-28;3;0
5;2025-11-28;4;0
5;2025-11-28;5;0
5;2025-11-28;6;0
5;2025-11-28;7;0
5;2025-11-28;8;0
5;2025-11-28;9;0
5;2025-11-28;10;0
5;2025-11-28;11;0
5;2025-11-28;12;0
5;2025-11-28;13;0
5;2025-11-28;14;0
5;2025-11-28;15;0
5;2025-11-28;16;0
5;2025-11-28;17;0
5;2025-11-28;18;0
5;2025-11-28;19;0
5;2025-11-28;20;0
5;2025-11-28;21;0
5;2025-11-28;22;0
5;2025-11-28;23;0
5;2025-11-29;0;0
5;2025-11-29;1;0
5;2025-11-29;2;0
5;2025-11-29;3;0
5;2025-11-29;4;0
5;2025-11-29;5;0
5;2025-11-29;6;0
5;2025-11-29;7;0
5;2025-11-29;8;0
5;2025-11-29;9;0
5;2025-11-29;10;0
5;2025-11-29;11;0
5;2025-11-29;12;0
5;2025-11-29;13;0
5;2025-11-29;14;0
5;2025-11-29;15;0
5;2025-11-29;16;0
5;2025-11-29;17;0
5;2025-11-29;18;0
5;2025-11-29;19;0
5;2025-11-29;20;0
5;2025-11-29;21;0
5;2025-11-29;22;0
5;2025-11-29;23;0
5;2025-11-30;0;0
5;2025-11-30;1;0
5;2025-11-30;2;0
5;2025-11-30;3;0
5;2025-11-30;4;0
5;2025-11-30;5;0
5;2025-11-30;6;0
5;2025-11-30;7;0
5;2025-11-30;8;0
5;2025-11-30;9;0
5;2025-11-30;10;0
5;2025-11-30;11;0
5;2025-11-30;12;0
5;2025-11-30;13;0
5;2025-11-30;14;0
5;2025-11-30;15;0
5;2025-11-30;16;0
5;2025-11-30;17;0
5;2025-11-30;18;0
5;2025-11-30;19;0
5;2025-11-30;20;0
5;2025-11-30;21;0
5;2025-11-30;22;0
5;2025-11-30;23;0
5;2025-12-01;0;0
5;2025-12-01;1;0
5;2025-12-01;2;0
5;2025-12-01;3;0
5;2025-12-01;4;0
5;2025-12-01;5;0
5;2025-12-01;6;0
5;2025-12-01;7;0
5;2025-12-01;8;0
5;2025-12-01;9;0
5;2025-12-01;10;0
5;2025-12-01;11;0
5;2025-12-01;12;0
5;2025-12-01;13;0
5;2025-12-01;14;0
5;2025-12-01;15;0
5;2025-12-01;16;0
5;2025-12-01;17;0
5;2025-12-01;18;0
5;2025-12-01;19;0
5;2025-12-01;20;0
5;2025-12-01;21;0
5;2025-12-01;22;0
5;2025-12-01;23;0
5;2025-12-02;0;0
5;2025-12-02;1;0
5;2025-12-02;2;0
5;2025-12-02;3;0
5;2025-12-02;4;0
5;2025-12-02;5;0
5;2025-12-02;6;0
5;2025-12-02;7;0
5;2025-12-02;8;0
5;2025-12-02;9;0
5;2025-12-02;10;0
5;2025-12-02;11;0
5;2025-12-02;12;0
5;2025-12-02;13;0
5;2025-12-02;14;0
5;2025-12-02;15;0
5;2025-12-02;16;0
5;2025-12-02;17;0
5;2025-12-02;18;0
5;2025-12-02;19;0
5;2025-12-02;20;0
5;2025-12-02;21;0
5;2025-12-02;22;0
5;2025-12-02;23;0
5;2025-12-03;0;0
5;2025-12-03;1;0
5;2025-12-03;2;0
5;2025-12-03;3;0
5;2025-12-03;4;0
5;2025-12-03;5;0
5;2025-12-03;6;0
5;2025-12-03;7;0
5;2025-12-03;8;0
5;2025-12-03;9;0
5;2025-12-03;10;0
5;2025-12-03;11;0
5;2025-12-03;12;0
5;2025-12-03;13;0
5;2025-12-03;14;0
5;2025-12-03;15;0
5;2025-12-03;16;0
5;2025-12-03;17;0
5;2025-12-03;18;0
5;2025-12-03;19;0
5;2025-12-03;20;0
5;2025-12-03;21;0
5;2025-12-03;22;0
5;2025-12-03;23;0
5;2025-12-04;0;0
5;2025-12-04;1;0
5;2025-12-04;2;0
5;2025-12-04;3;0
5;2025-12-04;4;0
5;2025-12-04;5;0
5;2025-12-04;6;0
5;2025-12-04;7;0
5;2025-12-04;8;0
5;2025-12-04;9;0
5;2025-12-04;10;0
5;2025-12-04;11;0
5;2025-12-04;12;0
5;2025-12-04;13;0
5;2025-12-04;14;0
5;2025-12-04;15;0
5;2025-12-04;16;0
5;2025-12-04;17;0
5;2025-12-04;18;0
5;2025-12-04;19;0
5;2025-12-04;20;0
5;2025-12-04;21;0
5;2025-12-04;22;0
5;2025-12-04;23;0
5;2025-12-05;0;0
5;2025-12-05;1;0
5;2025-12-05;2;0
5;2025-12-05;3;0
5;2025-12-05;4;0
5;2025-12-05;5;0
5;2025-12-05;6;0
5;2025-12-05;7;0
5;2025-12-05;8;0
5;2025-12-05;9;0
5;2025-12-05;10;0
5;2025-12-05;11;0
5;2025-12-05;12;0
5;2025-12-05;13;0
5;2025-12-05;14;0
5;2025-12-05;15;0
5;2025-12-05;16;0
5;2025-12-05;17;0
5;2025-12-05;18;0
5;2025-12-05;19;0
5;2025-12-05;20;0
5;2025-12-05;21;0
5;2025-12-05;22;0
5;2025-12-05;23;0
5;2025-12-06;0;0
5;2025-12-06;1;0
5;2025-12-06;2;0
5;2025-12-06;3;0
5;2025-12-06;4;0
5;2025-12-06;5;0
5;2025-12-06;6;0
5;2025-12-06;7;0
5;2025-12-06;8;0
5;2025-12-06;9;0
5;2025-12-06;10;0
5;2025-12-06;11;0
5;2025-12-06;12;0
5;2025-12-06;13;0
5;2025-12-06;14;0
5;2025-12-06;15;0
5;2025-12-06;16;0
5;2025-12-06;17;0
5;2025-12-06;18;0
5;2025-12-06;19;0
5;2025-12-06;20;0
5;2025-12-06;21;0
5;2025-12-06;22;0
5;2025-12-06;23;0
5;2025-12-07;0;0
5;2025-12-07;1;0
5;2025-12-07;2;0
5;2025-12-07;3;0
5;2025-12-07;4;0
5;2025-12-07;5;0
5;2025-12-07;6;0
5;2025-12-07;7;0
5;2025-12-07;8;0
5;2025-12-07;9;0
5;2025-12-07;10;0
5;2025-12-07;11;0
5;2025-12-07;12;0
5;2025-12-07;13;0
5;2025-12-07;14;0
5;2025-12-07;15;0
5;2025-12-07;16;0
5;2025-12-07;17;0
5;2025-12-07;18;0
5;2025-12-07;19;0
5;2025-12-07;20;0
5;2025-12-07;21;0
5;2025-12-07;22;0
5;2025-12-07;23;0
5;2025-12-08;0;0
5;2025-12-08;1;0
5;2025-12-08;2;0
5;2025-12-08;3;0
5;2025-12-08;4;0
5;2025-12-08;5;0
5;2025-12-08;6;0
5;2025-12-08;7;0
5;2025-12-08;8;0
5;2025-12-08;9;0
5;2025-12-08;10;0
5;2025-12-08;11;0
5;2025-12-08;12;0
5;2025-12-08;13;0
5;2025-12-08;14;0
5;2025-12-08;15;0
5;2025-12-08;16;0
5;2025-12-08;17;0
5;2025-12-08;18;0
5;2025-12-08;19;0
5;2025-12-08;20;0
5;2025-12-08;21;0
5;2025-12-08;22;0
5;2025-12-08;23;0
5;2025-12-09;0;0
5;2025-12-09;1;0
5;2025-12-09;2;0
5;2025-12-09;3;0
5;2025-12-09;4;0
5;2025-12-09;5;0
5;2025-12-09;6;0
5;2025-12-09;7;0
5;2025-12-09;8;0
5;2025-12-09;9;0
5;2025-12-09;10;0
5;2025-12-09;11;0
5;2025-12-09;12;0
5;2025-12-09;13;0
5;2025-12-09;14;0
5;2025-12-09;15;0
5;2025-12-09;16;0
5;2025-12-09;17;0
5;2025-12-09;18;0
5;2025-12-09;19;0
5;2025-12-09;20;0
5;2025-12-09;21;0
5;2025-12-09;22;0
5;2025-12-09;23;0
5;2025-12-10;0;0
5;2025-12-10;1;0
5;2025-12-10;2;0
5;2025-12-10;3;0
5;2025-12-10;4;0
5;2025-12-10;5;0
5;2025-12-10;6;0
5;2025-12-10;7;0
5;2025-12-10;8;0
5;2025-12-10;9;0
5;2025-12-10;10;0
5;2025-12-10;11;0
5;2025-12-10;12;0
5;2025-12-10;13;0
5;2025-12-10;14;0
5;2025-12-10;15;0
5;2025-12-10;16;0
5;2025-12-10;17;0
5;2025-12-10;18;0
5;2025-12-10;19;0
5;2025-12-10;20;0
5;2025-12-10;21;0
5;2025-12-10;22;0
5;2025-12-10;23;0
5;2025-12-11;0;0
5;2025-12-11;1;0
5;2025-12-11;2;0
5;2025-12-11;3;0
5;2025-12-11;4;0
5;2025-12-11;5;0
5;2025-12-11;6;0
5;2025-12-11;7;0
5;2025-12-11;8;0
5;2025-12-11;9;0
5;2025-12-11;10;0
5;2025-12-11;11;0
5;2025-12-11;12;0
5;2025-12-11;13;0
5;2025-12-11;14;0
5;2025-12-11;15;0
5;2025-12-11;16;0
5;2025-12-11;17;0
5;2025-12-11;18;0
5;2025-12-11;19;0
5;2025-12-11;20;0
5;2025-12-11;21;0
5;2025-12-11;22;0
5;2025-12-11;23;0
5;2025-12-12;0;0
5;2025-12-12;1;0
5;2025-12-12;2;0
5;2025-12-12;3;0
5;2025-12-12;4;0
5;2025-12-12;5;0
5;2025-12-12;6;0
5;2025-12-12;7;0
5;2025-12-12;8;0
5;2025-12-12;9;0
5;2025-12-12;10;0
5;2025-12-12;11;0
5;2025-12-12;12;0
5;2025-12-12;13;0
5;2025-12-12;14;0
5;2025-12-12;15;0
5;2025-12-12;16;0
5;2025-12-12;17;0
5;2025-12-12;18;0
5;2025-12-12;19;0
5;2025-12-12;20;0
5;2025-12-12;21;0
5;2025-12-12;22;0
5;2025-12-12;23;0
5;2025-12-13;0;0
5;2025-12-13;1;0
5;2025-12-13;2;0
5;2025-12-13;3;0
5;2025-12-13;4;0
5;2025-12-13;5;0
5;2025-12-13;6;0
5;2025-12-13;7;0
5;2025-12-13;8;0
5;2025-12-13;9;0
5;2025-12-13;10;0
5;2025-12-13;11;0
5;2025-12-13;12;0
5;2025-12-13;13;0
5;2025-12-13;14;0
5;2025-12-13;15;0
5;2025-12-13;16;0
5;2025-12-13;17;0
5;2025-12-13;18;0
5;2025-12-13;19;0
5;2025-12-13;20;0
5;2025-12-13;21;0
5;2025-12-13;22;0
5;2025-12-13;23;0
5;2025-12-14;0;0
5;2025-12-14;1;0
5;2025-12-14;2;0
5;2025-12-14;3;0
5;2025-12-14;4;0
5;2025-12-14;5;0
5;2025-12-14;6;0
5;2025-12-14;7;0
5;2025-12-14;8;0
5;2025-12-14;9;0
5;2025-12-14;10;0
5;2025-12-14;11;0
5;2025-12-14;12;0
5;2025-12-14;13;0
5;2025-12-14;14;0
5;2025-12-14;15;0
5;2025-12-14;16;0
5;2025-12-14;17;0
5;2025-12-14;18;0
5;2025-12-14;19;0
5;2025-12-14;20;0
5;2025-12-14;21;0
5;2025-12-14;22;0
5;2025-12-14;23;0
5;2025-12-15;0;0
5;2025-12-15;1;0
5;2025-12-15;2;0
5;2025-12-15;3;0
5;2025-12-15;4;0
5;2025-12-15;5;0
5;2025-12-15;6;0
5;2025-12-15;7;0
5;2025-12-15;8;0
5;2025-12-15;9;0
5;2025-12-15;10;0
5;2025-12-15;11;0
5;2025-12-15;12;0
5;2025-12-15;13;0
5;2025-12-15;14;0
5;2025-12-15;15;0
5;2025-12-15;16;0
5;2025-12-15;17;0
5;2025-12-15;18;0
5;2025-12-15;19;0
5;2025-12-15;20;0
5;2025-12-15;21;0
5;2025-12-15;22;0
5;2025-12-15;23;0
5;2025-12-16;0;0
5;2025-12-16;1;0
5;2025-12-16;2;0
5;2025-12-16;3;0
5;2025-12-16;4;0
5;2025-12-16;5;0
5;2025-12-16;6;0
5;2025-12-16;7;0
5;2025-12-16;8;0
5;2025-12-16;9;0
5;2025-12-16;10;0
5;2025-12-16;11;0
5;2025-12-16;12;0
5;2025-12-16;13;0
5;2025-12-16;14;0
5;2025-12-16;15;0
5;2025-12-16;16;0
5;2025-12-16;17;0
5;2025-12-16;18;0
5;2025-12-16;19;0
5;2025-12-16;20;0
5;2025-12-16;21;0
5;2025-12-16;22;0
5;2025-12-16;23;0
5;2025-12-17;0;0
5;2025-12-17;1;0
5;2025-12-17;2;0
5;2025-12-17;3;0
5;2025-12-17;4;0
5;2025-12-17;5;0
5;2025-12-17;6;0
5;2025-12-17;7;0
5;2025-12-17;8;0
5;2025-12-17;9;0
5;2025-12-17;10;0
5;2025-12-17;11;0
5;2025-12-17;12;0
5;2025-12-17;13;0
5;2025-12-17;14;0
5;2025-12-17;15;0
5;2025-12-17;16;0
5;2025-12-17;17;0
5;2025-12-17;18;0
5;2025-12-17;19;0
5;2025-12-17;20;0
5;2025-12-17;21;0
5;2025-12-17;22;0
5;2025-12-17;23;0
5;2025-12-18;0;0
5;2025-12-18;1;0
5;2025-12-18;2;0
5;2025-12-18;3;0
5;2025-12-18;4;0
5;2025-12-18;5;0
5;2025-12-18;6;0
5;2025-12-18;7;0
5;2025-12-18;8;0
5;2025-12-18;9;0
5;2025-12-18;10;0
5;2025-12-18;11;0
5;2025-12-18;12;0
5;2025-12-18;13;0
5;2025-12-18;14;0
5;2025-12-18;15;0
5;2025-12-18;16;0
5;2025-12-18;17;0
5;2025-12-18;18;0
5;2025-12-18;19;0
5;2025-12-18;20;0
5;2025-12-18;21;0
5;2025-12-18;22;0
5;2025-12-18;23;0
5;2025-12-19;0;0
5;2025-12-19;1;0
5;2025-12-19;2;0
5;2025-12-19;3;0
5;2025-12-19;4;0
5;2025-12-19;5;0
5;2025-12-19;6;0
5;2025-12-19;7;0
5;2025-12-19;8;0
5;2025-12-19;9;0
5;2025-12-19;10;0
5;2025-12-19;11;0
5;2025-12-19;12;0
5;2025-12-19;13;0
5;2025-12-19;14;0
5;2025-12-19;15;0
5;2025-12-19;16;0
5;2025-12-19;17;0
5;2025-12-19;18;0
5;2025-12-19;19;0
5;2025-12-19;20;0
5;2025-12-19;21;0
5;2025-12-19;22;0
5;2025-12-19;23;0
5;2025-12-20;0;0
5;2025-12-20;1;0
5;2025-12-20;2;0
5;2025-12-20;3;0
5;2025-12-20;4;0
5;2025-12-20;5;0
5;2025-12-20;6;0
5;2025-12-20;7;0
5;2025-12-20;8;0
5;2025-12-20;9;0
5;2025-12-20;10;0
5;2025-12-20;11;0
5;2025-12-20;12;0
5;2025-12-20;13;0
5;2025-12-20;14;0
5;2025-12-20;15;0
5;2025-12-20;16;0
5;2025-12-20;17;0
5;2025-12-20;18;0
5;2025-12-20;19;0
5;2025-12-20;20;0
5;2025-12-20;21;0
5;2025-12-20;22;0
5;2025-12-20;23;0
5;2025-12-21;0;0
5;2025-12-21;1;0
5;2025-12-21;2;0
5;2025-12-21;3;0
5;2025-12-21;4;0
5;2025-12-21;5;0
5;2025-12-21;6;0
5;2025-12-21;7;0
5;2025-12-21;8;0
5;2025-12-21;9;0
5;2025-12-21;10;0
5;2025-12-21;11;0
5;2025-12-21;12;0
5;2025-12-21;13;0
5;2025-12-21;14;0
5;2025-12-21;15;0
5;2025-12-21;16;0
5;2025-12-21;17;0
5;2025-12-21;18;0
5;2025-12-21;19;0
5;2025-12-21;20;0
5;2025-12-21;21;0
5;2025-12-21;22;0
5;2025-12-21;23;0
5;2025-12-22;0;0
5;2025-12-22;1;0
5;2025-12-22;2;0
5;2025-12-22;3;0
5;2025-12-22;4;0
5;2025-12-22;5;0
5;2025-12-22;6;0
5;2025-12-22;7;0
5;2025-12-22;8;0
5;2025-12-22;9;0
5;2025-12-22;10;0
5;2025-12-22;11;0
5;2025-12-22;12;0
5;2025-12-22;13;0
5;2025-12-22;14;0
5;2025-12-22;15;0
5;2025-12-22;16;0
5;2025-12-22;17;0
5;2025-12-22;18;0
5;2025-12-22;19;0
5;2025-12-22;20;0
5;2025-12-22;21;0
5;2025-12-22;22;0
5;2025-12-22;23;0
5;2025-12-23;0;0
5;2025-12-23;1;0
5;2025-12-23;2;0
5;2025-12-23;3;0
5;2025-12-23;4;0
5;2025-12-23;5;0
5;2025-12-23;6;0
5;2025-12-23;7;0
5;2025-12-23;8;0
5;2025-12-23;9;0
5;2025-12-23;10;0
5;2025-12-23;11;0
5;2025-12-23;12;0
5;2025-12-23;13;0
5;2025-12-23;14;0
5;2025-12-23;15;0
5;2025-12-23;16;0
5;2025-12-23;17;0
5;2025-12-23;18;0
5;2025-12-23;19;0
5;2025-12-23;20;0
5;2025-12-23;21;0
5;2025-12-23;22;0
5;2025-12-23;23;0
5;2025-12-24;0;0
5;2025-12-24;1;0
5;2025-12-24;2;0
5;2025-12-24;3;0
5;2025-12-24;4;0
5;2025-12-24;5;0
5;2025-12-24;6;0
5;2025-12-24;7;0
5;2025-12-24;8;0
5;2025-12-24;9;0
5;2025-12-24;10;0
5;2025-12-24;11;0
5;2025-12-24;12;0
5;2025-12-24;13;0
5;2025-12-24;14;0
5;2025-12-24;15;0
5;2025-12-24;16;0
5;2025-12-24;17;0
5;2025-12-24;18;0
5;2025-12-24;19;0
5;2025-12-24;20;0
5;2025-12-24;21;0
5;2025-12-24;22;0
5;2025-12-24;23;0
5;2025-12-25;0;0
5;2025-12-25;1;0
5;2025-12-25;2;0
5;2025-12-25;3;0
5;2025-12-25;4;0
5;2025-12-25;5;0
5;2025-12-25;6;0
5;2025-12-25;7;0
5;2025-12-25;8;0
5;2025-12-25;9;0
5;2025-12-25;10;0
5;2025-12-25;11;0
5;2025-12-25;12;0
5;2025-12-25;13;0
5;2025-12-25;14;0
5;2025-12-25;15;0
5;2025-12-25;16;0
5;2025-12-25;17;0
5;2025-12-25;18;0
5;2025-12-25;19;0
5;2025-12-25;20;0
5;2025-12-25;21;0
5;2025-12-25;22;0
5;2025-12-25;23;0
5;2025-12-26;0;0
5;2025-12-26;1;0
5;2025-12-26;2;0
5;2025-12-26;3;0
5;2025-12-26;4;0
5;2025-12-26;5;0
5;2025-12-26;6;0
5;2025-12-26;7;0
5;2025-12-26;8;0
5;2025-12-26;9;0
5;2025-12-26;10;0
5;2025-12-26;11;0
5;2025-12-26;12;0
5;2025-12-26;13;0
5;2025-12-26;14;0
5;2025-12-26;15;0
5;2025-12-26;16;0
5;2025-12-26;17;0
5;2025-12-26;18;0
5;2025-12-26;19;0
5;2025-12-26;20;0
5;2025-12-26;21;0
5;2025-12-26;22;0
5;2025-12-26;23;0
5;2025-12-27;0;0
5;2025-12-27;1;0
5;2025-12-27;2;0
5;2025-12-27;3;0
5;2025-12-27;4;0
5;2025-12-27;5;0
5;2025-12-27;6;0
5;2025-12-27;7;0
5;2025-12-27;8;0
5;2025-12-27;9;0
5;2025-12-27;10;0
5;2025-12-27;11;0
5;2025-12-27;12;0
5;2025-12-27;13;0
5;2025-12-27;14;0
5;2025-12-27;15;0
5;2025-12-27;16;0
5;2025-12-27;17;0
5;2025-12-27;18;0
5;2025-12-27;19;0
5;2025-12-27;20;0
5;2025-12-27;21;0
5;2025-12-27;22;0
5;2025-12-27;23;0
5;2025-12-28;0;0
5;2025-12-28;1;0
5;2025-12-28;2;0
5;2025-12-28;3;0
5;2025-12-28;4;0
5;2025-12-28;5;0
5;2025-12-28;6;0
5;2025-12-28;7;0
5;2025-12-28;8;0
5;2025-12-28;9;0
5;2025-12-28;10;0
5;2025-12-28;11;0
5;2025-12-28;12;0
5;2025-12-28;13;0
5;2025-12-28;14;0
5;2025-12-28;15;0
5;2025-12-28;16;0
5;2025-12-28;17;0
5;2025-12-28;18;0
5;2025-12-28;19;0
5;2025-12-28;20;0
5;2025-12-28;21;0
5;2025-12-28;22;0
5;2025-12-28;23;0
5;2025-12-29;0;0
5;2025-12-29;1;0
5;2025-12-29;2;0
5;2025-12-29;3;0
5;2025-12-29;4;0
5;2025-12-29;5;0
5;2025-12-29;6;0
5;2025-12-29;7;0
5;2025-12-29;8;0
5;2025-12-29;9;0
5;2025-12-29;10;0
5;2025-12-29;11;0
5;2025-12-29;12;0
5;2025-12-29;13;0
5;2025-12-29;14;0
5;2025-12-29;15;0
5;2025-12-29;16;0
5;2025-12-29;17;0
5;2025-12-29;18;0
5;2025-12-29;19;0
5;2025-12-29;20;0
5;2025-12-29;21;0
5;2025-12-29;22;0
5;2025-12-29;23;0
5;2025-12-30;0;0
5;2025-12-30;1;0
5;2025-12-30;2;0
5;2025-12-30;3;0
5;2025-12-30;4;0
5;2025-12-30;5;0
5;2025-12-30;6;0
5;2025-12-30;7;0
5;2025-12-30;8;0
5;2025-12-30;9;0
5;2025-12-30;10;0
5;2025-12-30;11;0
5;2025-12-30;12;0
5;2025-12-30;13;0
5;2025-12-30;14;0
5;2025-12-30;15;0
5;2025-12-30;16;0
5;2025-12-30;17;0
5;2025-12-30;18;0
5;2025-12-30;19;0
5;2025-12-30;20;0
5;2025-12-30;21;0
5;2025-12-30;22;0
5;2025-12-30;23;0
5;2025-12-31;0;0
5;2025-12-31;1;0
5;2025-12-31;2;0
5;2025-12-31;3;0
5;2025-12-31;4;0
5;2025-12-31;5;0
5;2025-12-31;6;0
5;2025-12-31;7;0
5;2025-12-31;8;0
5;2025-12-31;9;0
5;2025-12-31;10;0
5;2025-12-31;11;0
5;2025-12-31;12;0
5;2025-12-31;13;0
5;2025-12-31;14;0
5;2025-12-31;15;0
5;2025-12-31;16;0
5;2025-12-31;17;0
5;2025-12-31;18;0
5;2025-12-31;19;0
5;2025-12-31;20;0
5;2025-12-31;21;0
5;2025-12-31;22;0
5;2025-12-31;23;0
7;2025-11-01;0;32
7;2025-11-01;1;0
7;2025-11-01;2;0
7;2025-11-01;3;0
7;2025-11-01;4;0
7;2025-11-01;5;48
7;2025-11-01;6;281
7;2025-11-01;7;728
7;2025-11-01;8;1137
7;2025-11-01;9;800
7;2025-11-01;10;765
7;2025-11-01;11;693
7;2025-11-01;12;770
7;2025-11-01;13;792
7;2025-11-01;14;803
7;2025-11-01;15;886
7;2025-11-01;16;919
7;2025-11-01;17;1056
7;2025-11-01;18;970
7;2025-11-01;19;637
7;2025-11-01;20;473
7;2025-11-01;21;281
7;2025-11-01;22;154
7;2025-11-01;23;111
7;2025-11-02;0;73
7;2025-11-02;1;0
7;2025-11-02;2;0
7;2025-11-02;3;0
7;2025-11-02;4;0
7;2025-11-02;5;19
7;2025-11-02;6;139
7;2025-11-02;7;219
7;2025-11-02;8;351
7;2025-11-02;9;429
7;2025-11-02;10;483
7;2025-11-02;11;613
7;2025-11-02;12;667
7;2025-11-02;13;701
7;2025-11-02;14;752
7;2025-11-02;15;718
7;2025-11-02;16;659
7;2025-11-02;17;695
7;2025-11-02;18;626
7;2025-11-02;19;551
7;2025-11-02;20;454
7;2025-11-02;21;360
7;2025-11-02;22;207
7;2025-11-02;23;122
7;2025-11-03;0;100
7;2025-11-03;1;0
7;2025-11-03;2;0
7;2025-11-03;3;0
7;2025-11-03;4;0
7;2025-11-03;5;33
7;2025-11-03;6;245
7;2025-11-03;7;389
7;2025-11-03;8;613
7;2025-11-03;9;720
7;2025-11-03;10;797
7;2025-11-03;11;961
7;2025-11-03;12;1050
7;2025-11-03;13;1094
7;2025-11-03;14;1158
7;2025-11-03;15;1087
7;2025-11-03;16;1015
7;2025-11-03;17;1020
7;2025-11-03;18;957
7;2025-11-03;19;903
7;2025-11-03;20;706
7;2025-11-03;21;570
7;2025-11-03;22;318
7;2025-11-03;23;196
7;2025-11-04;0;99
7;2025-11-04;1;0
7;2025-11-04;2;0
7;2025-11-04;3;0
7;2025-11-04;4;0
7;2025-11-04;5;32
7;2025-11-04;6;241
7;2025-11-04;7;383
7;2025-11-04;8;604
7;2025-11-04;9;709
7;2025-11-04;10;785
7;2025-11-04;11;947
7;2025-11-04;12;1034
7;2025-11-04;13;1078
7;2025-11-04;14;1140
7;2025-11-04;15;1071
7;2025-11-04;16;1000
7;2025-11-04;17;1005
7;2025-11-04;18;942
7;2025-11-04;19;889
7;2025-11-04;20;695
7;2025-11-04;21;561
7;2025-11-04;22;313
7;2025-11-04;23;193
7;2025-11-05;0;65
7;2025-11-05;1;0
7;2025-11-05;2;0
7;2025-11-05;3;0
7;2025-11-05;4;0
7;2025-11-05;5;114
7;2025-11-05;6;632
7;2025-11-05;7;1638
7;2025-11-05;8;2651
7;2025-11-05;9;1923
7;2025-11-05;10;1784
7;2025-11-05;11;1601
7;2025-11-05;12;1765
7;2025-11-05;13;1634
7;2025-11-05;14;1755
7;2025-11-05;15;1890
7;2025-11-05;16;1951
7;2025-11-05;17;2537
7;2025-11-05;18;2761
7;2025-11-05;19;1755
7;2025-11-05;20;1155
7;2025-11-05;21;686
7;2025-11-05;22;353
7;2025-11-05;23;210
7;2025-11-06;0;67
7;2025-11-06;1;0
7;2025-11-06;2;0
7;2025-11-06;3;0
7;2025-11-06;4;0
7;2025-11-06;5;112
7;2025-11-06;6;641
7;2025-11-06;7;1678
7;2025-11-06;8;2642
7;2025-11-06;9;1846
7;2025-11-06;10;1608
7;2025-11-06;11;1526
7;2025-11-06;12;1622
7;2025-11-06;13;1589
7;2025-11-06;14;1816
7;2025-11-06;15;1806
7;2025-11-06;16;1847
7;2025-11-06;17;2332
7;2025-11-06;18;2731
7;2025-11-06;19;1701
7;2025-11-06;20;1065
7;2025-11-06;21;626
7;2025-11-06;22;335
7;2025-11-06;23;220
7;2025-11-07;0;71
7;2025-11-07;1;0
7;2025-11-07;2;0
7;2025-11-07;3;0
7;2025-11-07;4;0
7;2025-11-07;5;106
7;2025-11-07;6;615
7;2025-11-07;7;1593
7;2025-11-07;8;2489
7;2025-11-07;9;1751
7;2025-11-07;10;1674
7;2025-11-07;11;1519
7;2025-11-07;12;1687
7;2025-11-07;13;1734
7;2025-11-07;14;1758
7;2025-11-07;15;1940
7;2025-11-07;16;2012
7;2025-11-07;17;2312
7;2025-11-07;18;2124
7;2025-11-07;19;1396
7;2025-11-07;20;1035
7;2025-11-07;21;616
7;2025-11-07;22;338
7;2025-11-07;23;244
7;2025-11-08;0;63
7;2025-11-08;1;0
7;2025-11-08;2;0
7;2025-11-08;3;0
7;2025-11-08;4;0
7;2025-11-08;5;26
7;2025-11-08;6;193
7;2025-11-08;7;309
7;2025-11-08;8;482
7;2025-11-08;9;550
7;2025-11-08;10;600
7;2025-11-08;11;695
7;2025-11-08;12;762
7;2025-11-08;13;787
7;2025-11-08;14;823
7;2025-11-08;15;762
7;2025-11-08;16;722
7;2025-11-08;17;695
7;2025-11-08;18;676
7;2025-11-08;19;676
7;2025-11-08;20;506
7;2025-11-08;21;415
7;2025-11-08;22;226
7;2025-11-08;23;144
7;2025-11-09;0;72
7;2025-11-09;1;0
7;2025-11-09;2;0
7;2025-11-09;3;0
7;2025-11-09;4;0
7;2025-11-09;5;19
7;2025-11-09;6;136
7;2025-11-09;7;214
7;2025-11-09;8;343
7;2025-11-09;9;419
7;2025-11-09;10;472
7;2025-11-09;11;600
7;2025-11-09;12;652
7;2025-11-09;13;686
7;2025-11-09;14;736
7;2025-11-09;15;702
7;2025-11-09;16;645
7;2025-11-09;17;680
7;2025-11-09;18;613
7;2025-11-09;19;539
7;2025-11-09;20;445
7;2025-11-09;21;352
7;2025-11-09;22;203
7;2025-11-09;23;120
7;2025-11-10;0;61
7;2025-11-10;1;0
7;2025-11-10;2;0
7;2025-11-10;3;0
7;2025-11-10;4;0
7;2025-11-10;5;97
7;2025-11-10;6;634
7;2025-11-10;7;1666
7;2025-11-10;8;2617
7;2025-11-10;9;1823
7;2025-11-10;10;1604
7;2025-11-10;11;1435
7;2025-11-10;12;1627
7;2025-11-10;13;1622
7;2025-11-10;14;1657
7;2025-11-10;15;1884
7;2025-11-10;16;1913
7;2025-11-10;17;2469
7;2025-11-10;18;2631
7;2025-11-10;19;1834
7;2025-11-10;20;1120
7;2025-11-10;21;595
7;2025-11-10;22;308
7;2025-11-10;23;166
7;2025-11-11;0;56
7;2025-11-11;1;0
7;2025-11-11;2;0
7;2025-11-11;3;0
7;2025-11-11;4;0
7;2025-11-11;5;117
7;2025-11-11;6;664
7;2025-11-11;7;1775
7;2025-11-11;8;2649
7;2025-11-11;9;1929
7;2025-11-11;10;1704
7;2025-11-11;11;1647
7;2025-11-11;12;1761
7;2025-11-11;13;1708
7;2025-11-11;14;1744
7;2025-11-11;15;1947
7;2025-11-11;16;1964
7;2025-11-11;17;2413
7;2025-11-11;18;2757
7;2025-11-11;19;1884
7;2025-11-11;20;1194
7;2025-11-11;21;682
7;2025-11-11;22;355
7;2025-11-11;23;220
7;2025-11-12;0;63
7;2025-11-12;1;0
7;2025-11-12;2;0
7;2025-11-12;3;0
7;2025-11-12;4;0
7;2025-11-12;5;112
7;2025-11-12;6;618
7;2025-11-12;7;1603
7;2025-11-12;8;2594
7;2025-11-12;9;1882
7;2025-11-12;10;1746
7;2025-11-12;11;1566
7;2025-11-12;12;1727
7;2025-11-12;13;1599
7;2025-11-12;14;1717
7;2025-11-12;15;1850
7;2025-11-12;16;1909
7;2025-11-12;17;2482
7;2025-11-12;18;2702
7;2025-11-12;19;1717
7;2025-11-12;20;1130
7;2025-11-12;21;672
7;2025-11-12;22;346
7;2025-11-12;23;206
7;2025-11-13;0;69
7;2025-11-13;1;0
7;2025-11-13;2;0
7;2025-11-13;3;0
7;2025-11-13;4;0
7;2025-11-13;5;115
7;2025-11-13;6;661
7;2025-11-13;7;1729
7;2025-11-13;8;2724
7;2025-11-13;9;1903
7;2025-11-13;10;1658
7;2025-11-13;11;1573
7;2025-11-13;12;1672
7;2025-11-13;13;1638
7;2025-11-13;14;1872
7;2025-11-13;15;1862
7;2025-11-13;16;1904
7;2025-11-13;17;2404
7;2025-11-13;18;2815
7;2025-11-13;19;1753
7;2025-11-13;20;1098
7;2025-11-13;21;645
7;2025-11-13;22;345
7;2025-11-13;23;227
7;2025-11-14;0;72
7;2025-11-14;1;0
7;2025-11-14;2;0
7;2025-11-14;3;0
7;2025-11-14;4;0
7;2025-11-14;5;108
7;2025-11-14;6;625
7;2025-11-14;7;1619
7;2025-11-14;8;2530
7;2025-11-14;9;1780
7;2025-11-14;10;1701
7;2025-11-14;11;1543
7;2025-11-14;12;1714
7;2025-11-14;13;1762
7;2025-11-14;14;1787
7;2025-11-14;15;1972
7;2025-11-14;16;2044
7;2025-11-14;17;2349
7;2025-11-14;18;2158
7;2025-11-14;19;1419
7;2025-11-14;20;1052
7;2025-11-14;21;626
7;2025-11-14;22;344
7;2025-11-14;23;248
7;2025-11-15;0;99
7;2025-11-15;1;0
7;2025-11-15;2;0
7;2025-11-15;3;0
7;2025-11-15;4;0
7;2025-11-15;5;40
7;2025-11-15;6;300
7;2025-11-15;7;480
7;2025-11-15;8;750
7;2025-11-15;9;855
7;2025-11-15;10;933
7;2025-11-15;11;1081
7;2025-11-15;12;1185
7;2025-11-15;13;1225
7;2025-11-15;14;1280
7;2025-11-15;15;1185
7;2025-11-15;16;1124
7;2025-11-15;17;1080
7;2025-11-15;18;1051
7;2025-11-15;19;1052
7;2025-11-15;20;787
7;2025-11-15;21;645
7;2025-11-15;22;351
7;2025-11-15;23;225
7;2025-11-16;0;121
7;2025-11-16;1;0
7;2025-11-16;2;0
7;2025-11-16;3;0
7;2025-11-16;4;0
7;2025-11-16;5;32
7;2025-11-16;6;230
7;2025-11-16;7;362
7;2025-11-16;8;580
7;2025-11-16;9;709
7;2025-11-16;10;798
7;2025-11-16;11;1014
7;2025-11-16;12;1103
7;2025-11-16;13;1160
7;2025-11-16;14;1244
7;2025-11-16;15;1187
7;2025-11-16;16;1090
7;2025-11-16;17;1149
7;2025-11-16;18;1036
7;2025-11-16;19;911
7;2025-11-16;20;752
7;2025-11-16;21;595
7;2025-11-16;22;343
7;2025-11-16;23;202
7;2025-11-17;0;59
7;2025-11-17;1;0
7;2025-11-17;2;0
7;2025-11-17;3;0
7;2025-11-17;4;0
7;2025-11-17;5;94
7;2025-11-17;6;616
7;2025-11-17;7;1620
7;2025-11-17;8;2545
7;2025-11-17;9;1773
7;2025-11-17;10;1559
7;2025-11-17;11;1396
7;2025-11-17;12;1582
7;2025-11-17;13;1578
7;2025-11-17;14;1611
7;2025-11-17;15;1832
7;2025-11-17;16;1860
7;2025-11-17;17;2400
7;2025-11-17;18;2558
7;2025-11-17;19;1783
7;2025-11-17;20;1089
7;2025-11-17;21;578
7;2025-11-17;22;300
7;2025-11-17;23;161
7;2025-11-18;0;52
7;2025-11-18;1;0
7;2025-11-18;2;0
7;2025-11-18;3;0
7;2025-11-18;4;0
7;2025-11-18;5;110
7;2025-11-18;6;626
7;2025-11-18;7;1672
7;2025-11-18;8;2495
7;2025-11-18;9;1817
7;2025-11-18;10;1605
7;2025-11-18;11;1551
7;2025-11-18;12;1659
7;2025-11-18;13;1609
7;2025-11-18;14;1642
7;2025-11-18;15;1834
7;2025-11-18;16;1849
7;2025-11-18;17;2272
7;2025-11-18;18;2597
7;2025-11-18;19;1774
7;2025-11-18;20;1125
7;2025-11-18;21;643
7;2025-11-18;22;334
7;2025-11-18;23;207
7;2025-11-19;0;65
7;2025-11-19;1;0
7;2025-11-19;2;0
7;2025-11-19;3;0
7;2025-11-19;4;0
7;2025-11-19;5;115
7;2025-11-19;6;635
7;2025-11-19;7;1645
7;2025-11-19;8;2662
7;2025-11-19;9;1932
7;2025-11-19;10;1792
7;2025-11-19;11;1608
7;2025-11-19;12;1772
7;2025-11-19;13;1641
7;2025-11-19;14;1762
7;2025-11-19;15;1898
7;2025-11-19;16;1959
7;2025-11-19;17;2548
7;2025-11-19;18;2773
7;2025-11-19;19;1762
7;2025-11-19;20;1160
7;2025-11-19;21;689
7;2025-11-19;22;355
7;2025-11-19;23;211
7;2025-11-20;0;70
7;2025-11-20;1;0
7;2025-11-20;2;0
7;2025-11-20;3;0
7;2025-11-20;4;0
7;2025-11-20;5;116
7;2025-11-20;6;664
7;2025-11-20;7;1739
7;2025-11-20;8;2739
7;2025-11-20;9;1913
7;2025-11-20;10;1667
7;2025-11-20;11;1582
7;2025-11-20;12;1681
7;2025-11-20;13;1647
7;2025-11-20;14;1882
7;2025-11-20;15;1873
7;2025-11-20;16;1915
7;2025-11-20;17;2417
7;2025-11-20;18;2831
7;2025-11-20;19;1763
7;2025-11-20;20;1104
7;2025-11-20;21;648
7;2025-11-20;22;347
7;2025-11-20;23;228
7;2025-11-21;0;72
7;2025-11-21;1;0
7;2025-11-21;2;0
7;2025-11-21;3;0
7;2025-11-21;4;0
7;2025-11-21;5;108
7;2025-11-21;6;628
7;2025-11-21;7;1627
7;2025-11-21;8;2542
7;2025-11-21;9;1788
7;2025-11-21;10;1710
7;2025-11-21;11;1551
7;2025-11-21;12;1723
7;2025-11-21;13;1771
7;2025-11-21;14;1796
7;2025-11-21;15;1982
7;2025-11-21;16;2054
7;2025-11-21;17;2361
7;2025-11-21;18;2169
7;2025-11-21;19;1426
7;2025-11-21;20;1057
7;2025-11-21;21;629
7;2025-11-21;22;345
7;2025-11-21;23;249
7;2025-11-22;0;104
7;2025-11-22;1;0
7;2025-11-22;2;0
7;2025-11-22;3;0
7;2025-11-22;4;0
7;2025-11-22;5;42
7;2025-11-22;6;316
7;2025-11-22;7;505
7;2025-11-22;8;789
7;2025-11-22;9;899
7;2025-11-22;10;982
7;2025-11-22;11;1137
7;2025-11-22;12;1247
7;2025-11-22;13;1288
7;2025-11-22;14;1347
7;2025-11-22;15;1247
7;2025-11-22;16;1182
7;2025-11-22;17;1136
7;2025-11-22;18;1106
7;2025-11-22;19;1107
7;2025-11-22;20;828
7;2025-11-22;21;679
7;2025-11-22;22;369
7;2025-11-22;23;236
7;2025-11-23;0;120
7;2025-11-23;1;0
7;2025-11-23;2;0
7;2025-11-23;3;0
7;2025-11-23;4;0
7;2025-11-23;5;31
7;2025-11-23;6;228
7;2025-11-23;7;358
7;2025-11-23;8;575
7;2025-11-23;9;702
7;2025-11-23;10;790
7;2025-11-23;11;1004
7;2025-11-23;12;1092
7;2025-11-23;13;1148
7;2025-11-23;14;1232
7;2025-11-23;15;1175
7;2025-11-23;16;1079
7;2025-11-23;17;1138
7;2025-11-23;18;1026
7;2025-11-23;19;902
7;2025-11-23;20;744
7;2025-11-23;21;589
7;2025-11-23;22;339
7;2025-11-23;23;200
7;2025-11-24;0;58
7;2025-11-24;1;0
7;2025-11-24;2;0
7;2025-11-24;3;0
7;2025-11-24;4;0
7;2025-11-24;5;92
7;2025-11-24;6;607
7;2025-11-24;7;1596
7;2025-11-24;8;2507
7;2025-11-24;9;1746
7;2025-11-24;10;1536
7;2025-11-24;11;1375
7;2025-11-24;12;1558
7;2025-11-24;13;1554
7;2025-11-24;14;1587
7;2025-11-24;15;1805
7;2025-11-24;16;1832
7;2025-11-24;17;2364
7;2025-11-24;18;2519
7;2025-11-24;19;1756
7;2025-11-24;20;1072
7;2025-11-24;21;570
7;2025-11-24;22;295
7;2025-11-24;23;159
7;2025-11-25;0;55
7;2025-11-25;1;0
7;2025-11-25;2;0
7;2025-11-25;3;0
7;2025-11-25;4;0
7;2025-11-25;5;117
7;2025-11-25;6;661
7;2025-11-25;7;1766
7;2025-11-25;8;2636
7;2025-11-25;9;1920
7;2025-11-25;10;1695
7;2025-11-25;11;1639
7;2025-11-25;12;1752
7;2025-11-25;13;1699
7;2025-11-25;14;1735
7;2025-11-25;15;1938
7;2025-11-25;16;1954
7;2025-11-25;17;2401
7;2025-11-25;18;2743
7;2025-11-25;19;1874
7;2025-11-25;20;1188
7;2025-11-25;21;679
7;2025-11-25;22;353
7;2025-11-25;23;219
7;2025-11-26;0;62
7;2025-11-26;1;0
7;2025-11-26;2;0
7;2025-11-26;3;0
7;2025-11-26;4;0
7;2025-11-26;5;109
7;2025-11-26;6;603
7;2025-11-26;7;1564
7;2025-11-26;8;2531
7;2025-11-26;9;1837
7;2025-11-26;10;1704
7;2025-11-26;11;1529
7;2025-11-26;12;1685
7;2025-11-26;13;1560
7;2025-11-26;14;1676
7;2025-11-26;15;1805
7;2025-11-26;16;1863
7;2025-11-26;17;2423
7;2025-11-26;18;2637
7;2025-11-26;19;1675
7;2025-11-26;20;1103
7;2025-11-26;21;655
7;2025-11-26;22;337
7;2025-11-26;23;201
7;2025-11-27;0;67
7;2025-11-27;1;0
7;2025-11-27;2;0
7;2025-11-27;3;0
7;2025-11-27;4;0
7;2025-11-27;5;112
7;2025-11-27;6;641
7;2025-11-27;7;1678
7;2025-11-27;8;2642
7;2025-11-27;9;1846
7;2025-11-27;10;1608
7;2025-11-27;11;1526
7;2025-11-27;12;1622
7;2025-11-27;13;1589
7;2025-11-27;14;1816
7;2025-11-27;15;1806
7;2025-11-27;16;1847
7;2025-11-27;17;2332
7;2025-11-27;18;2731
7;2025-11-27;19;1701
7;2025-11-27;20;1065
7;2025-11-27;21;626
7;2025-11-27;22;335
7;2025-11-27;23;220
7;2025-11-28;0;71
7;2025-11-28;1;0
7;2025-11-28;2;0
7;2025-11-28;3;0
7;2025-11-28;4;0
7;2025-11-28;5;106
7;2025-11-28;6;618
7;2025-11-28;7;1602
7;2025-11-28;8;2503
7;2025-11-28;9;1761
7;2025-11-28;10;1683
7;2025-11-28;11;1527
7;2025-11-28;12;1696
7;2025-11-28;13;1743
7;2025-11-28;14;1768
7;2025-11-28;15;1951
7;2025-11-28;16;2023
7;2025-11-28;17;2324
7;2025-11-28;18;2135
7;2025-11-28;19;1404
7;2025-11-28;20;1041
7;2025-11-28;21;619
7;2025-11-28;22;340
7;2025-11-28;23;245
7;2025-11-29;0;109
7;2025-11-29;1;0
7;2025-11-29;2;0
7;2025-11-29;3;0
7;2025-11-29;4;0
7;2025-11-29;5;44
7;2025-11-29;6;331
7;2025-11-29;7;530
7;2025-11-29;8;827
7;2025-11-29;9;943
7;2025-11-29;10;1030
7;2025-11-29;11;1192
7;2025-11-29;12;1308
7;2025-11-29;13;1351
7;2025-11-29;14;1413
7;2025-11-29;15;1307
7;2025-11-29;16;1240
7;2025-11-29;17;1192
7;2025-11-29;18;1160
7;2025-11-29;19;1161
7;2025-11-29;20;869
7;2025-11-29;21;712
7;2025-11-29;22;387
7;2025-11-29;23;248
7;2025-11-30;0;121
7;2025-11-30;1;0
7;2025-11-30;2;0
7;2025-11-30;3;0
7;2025-11-30;4;0
7;2025-11-30;5;32
7;2025-11-30;6;230
7;2025-11-30;7;361
7;2025-11-30;8;579
7;2025-11-30;9;707
7;2025-11-30;10;796
7;2025-11-30;11;1011
7;2025-11-30;12;1100
7;2025-11-30;13;1157
7;2025-11-30;14;1241
7;2025-11-30;15;1184
7;2025-11-30;16;1088
7;2025-11-30;17;1146
7;2025-11-30;18;1034
7;2025-11-30;19;909
7;2025-11-30;20;750
7;2025-11-30;21;594
7;2025-11-30;22;342
7;2025-11-30;23;202
7;2025-12-01;0;81
7;2025-12-01;1;0
7;2025-12-01;2;0
7;2025-12-01;3;0
7;2025-12-01;4;0
7;2025-12-01;5;166
7;2025-12-01;6;873
7;2025-12-01;7;1771
7;2025-12-01;8;2588
7;2025-12-01;9;2078
7;2025-12-01;10;1624
7;2025-12-01;11;1375
7;2025-12-01;12;1434
7;2025-12-01;13;1464
7;2025-12-01;14;1565
7;2025-12-01;15;1723
7;2025-12-01;16;2001
7;2025-12-01;17;2548
7;2025-12-01;18;2778
7;2025-12-01;19;1990
7;2025-12-01;20;1137
7;2025-12-01;21;567
7;2025-12-01;22;261
7;2025-12-01;23;170
7;2025-12-02;0;52
7;2025-12-02;1;0
7;2025-12-02;2;0
7;2025-12-02;3;0
7;2025-12-02;4;0
7;2025-12-02;5;162
7;2025-12-02;6;952
7;2025-12-02;7;1830
7;2025-12-02;8;2869
7;2025-12-02;9;2113
7;2025-12-02;10;1780
7;2025-12-02;11;1448
7;2025-12-02;12;1468
7;2025-12-02;13;1599
7;2025-12-02;14;1725
7;2025-12-02;15;1846
7;2025-12-02;16;1983
7;2025-12-02;17;2628
7;2025-12-02;18;2820
7;2025-12-02;19;2025
7;2025-12-02;20;1070
7;2025-12-02;21;688
7;2025-12-02;22;332
7;2025-12-02;23;174
7;2025-12-03;0;59
7;2025-12-03;1;0
7;2025-12-03;2;0
7;2025-12-03;3;0
7;2025-12-03;4;0
7;2025-12-03;5;146
7;2025-12-03;6;846
7;2025-12-03;7;1798
7;2025-12-03;8;2809
7;2025-12-03;9;2195
7;2025-12-03;10;1768
7;2025-12-03;11;1439
7;2025-12-03;12;1467
7;2025-12-03;13;1561
7;2025-12-03;14;1629
7;2025-12-03;15;1825
7;2025-12-03;16;2021
7;2025-12-03;17;2594
7;2025-12-03;18;2759
7;2025-12-03;19;1892
7;2025-12-03;20;1241
7;2025-12-03;21;642
7;2025-12-03;22;329
7;2025-12-03;23;200
7;2025-12-04;0;61
7;2025-12-04;1;0
7;2025-12-04;2;0
7;2025-12-04;3;0
7;2025-12-04;4;0
7;2025-12-04;5;146
7;2025-12-04;6;913
7;2025-12-04;7;1809
7;2025-12-04;8;2711
7;2025-12-04;9;2173
7;2025-12-04;10;1648
7;2025-12-04;11;1422
7;2025-12-04;12;1498
7;2025-12-04;13;1548
7;2025-12-04;14;1708
7;2025-12-04;15;1768
7;2025-12-04;16;1982
7;2025-12-04;17;2484
7;2025-12-04;18;2967
7;2025-12-04;19;1985
7;2025-12-04;20;1097
7;2025-12-04;21;698
7;2025-12-04;22;299
7;2025-12-04;23;176
7;2025-12-05;0;57
7;2025-12-05;1;0
7;2025-12-05;2;0
7;2025-12-05;3;0
7;2025-12-05;4;0
7;2025-12-05;5;152
7;2025-12-05;6;805
7;2025-12-05;7;1763
7;2025-12-05;8;2486
7;2025-12-05;9;2002
7;2025-12-05;10;1601
7;2025-12-05;11;1514
7;2025-12-05;12;1543
7;2025-12-05;13;1745
7;2025-12-05;14;1780
7;2025-12-05;15;1884
7;2025-12-05;16;2283
7;2025-12-05;17;2491
7;2025-12-05;18;2224
7;2025-12-05;19;1733
7;2025-12-05;20;1112
7;2025-12-05;21;644
7;2025-12-05;22;333
7;2025-12-05;23;200
7;2025-12-06;0;87
7;2025-12-06;1;0
7;2025-12-06;2;0
7;2025-12-06;3;0
7;2025-12-06;4;0
7;2025-12-06;5;34
7;2025-12-06;6;296
7;2025-12-06;7;496
7;2025-12-06;8;763
7;2025-12-06;9;955
7;2025-12-06;10;977
7;2025-12-06;11;1270
7;2025-12-06;12;1463
7;2025-12-06;13;1373
7;2025-12-06;14;1468
7;2025-12-06;15;1321
7;2025-12-06;16;1318
7;2025-12-06;17;1204
7;2025-12-06;18;1126
7;2025-12-06;19;1123
7;2025-12-06;20;829
7;2025-12-06;21;672
7;2025-12-06;22;345
7;2025-12-06;23;248
7;2025-12-07;0;110
7;2025-12-07;1;0
7;2025-12-07;2;0
7;2025-12-07;3;0
7;2025-12-07;4;0
7;2025-12-07;5;20
7;2025-12-07;6;225
7;2025-12-07;7;342
7;2025-12-07;8;573
7;2025-12-07;9;678
7;2025-12-07;10;825
7;2025-12-07;11;1111
7;2025-12-07;12;1208
7;2025-12-07;13;1255
7;2025-12-07;14;1307
7;2025-12-07;15;1258
7;2025-12-07;16;1180
7;2025-12-07;17;1200
7;2025-12-07;18;992
7;2025-12-07;19;800
7;2025-12-07;20;704
7;2025-12-07;21;546
7;2025-12-07;22;309
7;2025-12-07;23;175
7;2025-12-08;0;82
7;2025-12-08;1;0
7;2025-12-08;2;0
7;2025-12-08;3;0
7;2025-12-08;4;0
7;2025-12-08;5;166
7;2025-12-08;6;874
7;2025-12-08;7;1774
7;2025-12-08;8;2592
7;2025-12-08;9;2081
7;2025-12-08;10;1626
7;2025-12-08;11;1377
7;2025-12-08;12;1436
7;2025-12-08;13;1466
7;2025-12-08;14;1567
7;2025-12-08;15;1726
7;2025-12-08;16;2004
7;2025-12-08;17;2552
7;2025-12-08;18;2782
7;2025-12-08;19;1993
7;2025-12-08;20;1139
7;2025-12-08;21;568
7;2025-12-08;22;261
7;2025-12-08;23;170
7;2025-12-09;0;51
7;2025-12-09;1;0
7;2025-12-09;2;0
7;2025-12-09;3;0
7;2025-12-09;4;0
7;2025-12-09;5;160
7;2025-12-09;6;942
7;2025-12-09;7;1811
7;2025-12-09;8;2838
7;2025-12-09;9;2091
7;2025-12-09;10;1762
7;2025-12-09;11;1432
7;2025-12-09;12;1453
7;2025-12-09;13;1582
7;2025-12-09;14;1707
7;2025-12-09;15;1827
7;2025-12-09;16;1962
7;2025-12-09;17;2600
7;2025-12-09;18;2790
7;2025-12-09;19;2003
7;2025-12-09;20;1058
7;2025-12-09;21;681
7;2025-12-09;22;329
7;2025-12-09;23;172
7;2025-12-10;0;58
7;2025-12-10;1;0
7;2025-12-10;2;0
7;2025-12-10;3;0
7;2025-12-10;4;0
7;2025-12-10;5;143
7;2025-12-10;6;829
7;2025-12-10;7;1760
7;2025-12-10;8;2751
7;2025-12-10;9;2149
7;2025-12-10;10;1731
7;2025-12-10;11;1409
7;2025-12-10;12;1436
7;2025-12-10;13;1529
7;2025-12-10;14;1595
7;2025-12-10;15;1787
7;2025-12-10;16;1979
7;2025-12-10;17;2540
7;2025-12-10;18;2701
7;2025-12-10;19;1853
7;2025-12-10;20;1215
7;2025-12-10;21;628
7;2025-12-10;22;323
7;2025-12-10;23;196
7;2025-12-11;0;59
7;2025-12-11;1;0
7;2025-12-11;2;0
7;2025-12-11;3;0
7;2025-12-11;4;0
7;2025-12-11;5;141
7;2025-12-11;6;880
7;2025-12-11;7;1744
7;2025-12-11;8;2614
7;2025-12-11;9;2096
7;2025-12-11;10;1589
7;2025-12-11;11;1371
7;2025-12-11;12;1445
7;2025-12-11;13;1493
7;2025-12-11;14;1647
7;2025-12-11;15;1705
7;2025-12-11;16;1911
7;2025-12-11;17;2396
7;2025-12-11;18;2861
7;2025-12-11;19;1914
7;2025-12-11;20;1058
7;2025-12-11;21;673
7;2025-12-11;22;288
7;2025-12-11;23;170
7;2025-12-12;0;55
7;2025-12-12;1;0
7;2025-12-12;2;0
7;2025-12-12;3;0
7;2025-12-12;4;0
7;2025-12-12;5;146
7;2025-12-12;6;772
7;2025-12-12;7;1691
7;2025-12-12;8;2385
7;2025-12-12;9;1921
7;2025-12-12;10;1536
7;2025-12-12;11;1452
7;2025-12-12;12;1481
7;2025-12-12;13;1674
7;2025-12-12;14;1708
7;2025-12-12;15;1807
7;2025-12-12;16;2190
7;2025-12-12;17;2389
7;2025-12-12;18;2134
7;2025-12-12;19;1663
7;2025-12-12;20;1066
7;2025-12-12;21;618
7;2025-12-12;22;320
7;2025-12-12;23;191
7;2025-12-13;0;88
7;2025-12-13;1;0
7;2025-12-13;2;0
7;2025-12-13;3;0
7;2025-12-13;4;0
7;2025-12-13;5;34
7;2025-12-13;6;297
7;2025-12-13;7;498
7;2025-12-13;8;766
7;2025-12-13;9;958
7;2025-12-13;10;980
7;2025-12-13;11;1274
7;2025-12-13;12;1468
7;2025-12-13;13;1378
7;2025-12-13;14;1473
7;2025-12-13;15;1325
7;2025-12-13;16;1323
7;2025-12-13;17;1208
7;2025-12-13;18;1130
7;2025-12-13;19;1127
7;2025-12-13;20;832
7;2025-12-13;21;675
7;2025-12-13;22;346
7;2025-12-13;23;249
7;2025-12-14;0;110
7;2025-12-14;1;0
7;2025-12-14;2;0
7;2025-12-14;3;0
7;2025-12-14;4;0
7;2025-12-14;5;20
7;2025-12-14;6;225
7;2025-12-14;7;342
7;2025-12-14;8;573
7;2025-12-14;9;677
7;2025-12-14;10;824
7;2025-12-14;11;1110
7;2025-12-14;12;1208
7;2025-12-14;13;1254
7;2025-12-14;14;1306
7;2025-12-14;15;1257
7;2025-12-14;16;1179
7;2025-12-14;17;1199
7;2025-12-14;18;992
7;2025-12-14;19;799
7;2025-12-14;20;704
7;2025-12-14;21;546
7;2025-12-14;22;309
7;2025-12-14;23;174
7;2025-12-15;0;81
7;2025-12-15;1;0
7;2025-12-15;2;0
7;2025-12-15;3;0
7;2025-12-15;4;0
7;2025-12-15;5;164
7;2025-12-15;6;865
7;2025-12-15;7;1756
7;2025-12-15;8;2567
7;2025-12-15;9;2061
7;2025-12-15;10;1610
7;2025-12-15;11;1364
7;2025-12-15;12;1422
7;2025-12-15;13;1452
7;2025-12-15;14;1552
7;2025-12-15;15;1709
7;2025-12-15;16;1984
7;2025-12-15;17;2526
7;2025-12-15;18;2754
7;2025-12-15;19;1973
7;2025-12-15;20;1127
7;2025-12-15;21;562
7;2025-12-15;22;259
7;2025-12-15;23;169
7;2025-12-16;0;50
7;2025-12-16;1;0
7;2025-12-16;2;0
7;2025-12-16;3;0
7;2025-12-16;4;0
7;2025-12-16;5;157
7;2025-12-16;6;924
7;2025-12-16;7;1777
7;2025-12-16;8;2785
7;2025-12-16;9;2051
7;2025-12-16;10;1728
7;2025-12-16;11;1405
7;2025-12-16;12;1425
7;2025-12-16;13;1552
7;2025-12-16;14;1675
7;2025-12-16;15;1793
7;2025-12-16;16;1925
7;2025-12-16;17;2551
7;2025-12-16;18;2738
7;2025-12-16;19;1966
7;2025-12-16;20;1038
7;2025-12-16;21;668
7;2025-12-16;22;323
7;2025-12-16;23;169
7;2025-12-17;0;59
7;2025-12-17;1;0
7;2025-12-17;2;0
7;2025-12-17;3;0
7;2025-12-17;4;0
7;2025-12-17;5;146
7;2025-12-17;6;848
7;2025-12-17;7;1802
7;2025-12-17;8;2816
7;2025-12-17;9;2200
7;2025-12-17;10;1772
7;2025-12-17;11;1442
7;2025-12-17;12;1470
7;2025-12-17;13;1565
7;2025-12-17;14;1632
7;2025-12-17;15;1829
7;2025-12-17;16;2026
7;2025-12-17;17;2600
7;2025-12-17;18;2765
7;2025-12-17;19;1897
7;2025-12-17;20;1244
7;2025-12-17;21;643
7;2025-12-17;22;330
7;2025-12-17;23;201
7;2025-12-18;0;61
7;2025-12-18;1;0
7;2025-12-18;2;0
7;2025-12-18;3;0
7;2025-12-18;4;0
7;2025-12-18;5;145
7;2025-12-18;6;907
7;2025-12-18;7;1797
7;2025-12-18;8;2692
7;2025-12-18;9;2158
7;2025-12-18;10;1637
7;2025-12-18;11;1412
7;2025-12-18;12;1488
7;2025-12-18;13;1538
7;2025-12-18;14;1697
7;2025-12-18;15;1756
7;2025-12-18;16;1968
7;2025-12-18;17;2467
7;2025-12-18;18;2947
7;2025-12-18;19;1971
7;2025-12-18;20;1089
7;2025-12-18;21;693
7;2025-12-18;22;296
7;2025-12-18;23;175
7;2025-12-19;0;58
7;2025-12-19;1;0
7;2025-12-19;2;0
7;2025-12-19;3;0
7;2025-12-19;4;0
7;2025-12-19;5;152
7;2025-12-19;6;806
7;2025-12-19;7;1765
7;2025-12-19;8;2489
7;2025-12-19;9;2005
7;2025-12-19;10;1603
7;2025-12-19;11;1516
7;2025-12-19;12;1545
7;2025-12-19;13;1748
7;2025-12-19;14;1782
7;2025-12-19;15;1886
7;2025-12-19;16;2286
7;2025-12-19;17;2494
7;2025-12-19;18;2227
7;2025-12-19;19;1736
7;2025-12-19;20;1113
7;2025-12-19;21;645
7;2025-12-19;22;334
7;2025-12-19;23;200
7;2025-12-20;0;87
7;2025-12-20;1;0
7;2025-12-20;2;0
7;2025-12-20;3;0
7;2025-12-20;4;0
7;2025-12-20;5;33
7;2025-12-20;6;293
7;2025-12-20;7;492
7;2025-12-20;8;757
7;2025-12-20;9;948
7;2025-12-20;10;969
7;2025-12-20;11;1260
7;2025-12-20;12;1452
7;2025-12-20;13;1363
7;2025-12-20;14;1457
7;2025-12-20;15;1311
7;2025-12-20;16;1309
7;2025-12-20;17;1195
7;2025-12-20;18;1118
7;2025-12-20;19;1114
7;2025-12-20;20;823
7;2025-12-20;21;667
7;2025-12-20;22;343
7;2025-12-20;23;247
7;2025-12-21;0;108
7;2025-12-21;1;0
7;2025-12-21;2;0
7;2025-12-21;3;0
7;2025-12-21;4;0
7;2025-12-21;5;20
7;2025-12-21;6;221
7;2025-12-21;7;337
7;2025-12-21;8;564
7;2025-12-21;9;667
7;2025-12-21;10;811
7;2025-12-21;11;1092
7;2025-12-21;12;1189
7;2025-12-21;13;1234
7;2025-12-21;14;1286
7;2025-12-21;15;1237
7;2025-12-21;16;1161
7;2025-12-21;17;1181
7;2025-12-21;18;976
7;2025-12-21;19;787
7;2025-12-21;20;693
7;2025-12-21;21;538
7;2025-12-21;22;304
7;2025-12-21;23;172
7;2025-12-22;0;79
7;2025-12-22;1;0
7;2025-12-22;2;0
7;2025-12-22;3;0
7;2025-12-22;4;0
7;2025-12-22;5;161
7;2025-12-22;6;849
7;2025-12-22;7;1723
7;2025-12-22;8;2519
7;2025-12-22;9;2022
7;2025-12-22;10;1580
7;2025-12-22;11;1338
7;2025-12-22;12;1395
7;2025-12-22;13;1425
7;2025-12-22;14;1523
7;2025-12-22;15;1677
7;2025-12-22;16;1947
7;2025-12-22;17;2479
7;2025-12-22;18;2703
7;2025-12-22;19;1937
7;2025-12-22;20;1106
7;2025-12-22;21;552
7;2025-12-22;22;254
7;2025-12-22;23;166
7;2025-12-23;0;51
7;2025-12-23;1;0
7;2025-12-23;2;0
7;2025-12-23;3;0
7;2025-12-23;4;0
7;2025-12-23;5;160
7;2025-12-23;6;944
7;2025-12-23;7;1815
7;2025-12-23;8;2845
7;2025-12-23;9;2096
7;2025-12-23;10;1766
7;2025-12-23;11;1436
7;2025-12-23;12;1456
7;2025-12-23;13;1586
7;2025-12-23;14;1711
7;2025-12-23;15;1831
7;2025-12-23;16;1967
7;2025-12-23;17;2606
7;2025-12-23;18;2797
7;2025-12-23;19;2008
7;2025-12-23;20;1061
7;2025-12-23;21;683
7;2025-12-23;22;330
7;2025-12-23;23;173
7;2025-12-24;0;58
7;2025-12-24;1;0
7;2025-12-24;2;0
7;2025-12-24;3;0
7;2025-12-24;4;0
7;2025-12-24;5;144
7;2025-12-24;6;834
7;2025-12-24;7;1772
7;2025-12-24;8;2769
7;2025-12-24;9;2164
7;2025-12-24;10;1743
7;2025-12-24;11;1418
7;2025-12-24;12;1446
7;2025-12-24;13;1539
7;2025-12-24;14;1605
7;2025-12-24;15;1799
7;2025-12-24;16;1992
7;2025-12-24;17;2557
7;2025-12-24;18;2719
7;2025-12-24;19;1865
7;2025-12-24;20;1223
7;2025-12-24;21;632
7;2025-12-24;22;325
7;2025-12-24;23;197
7;2025-12-25;0;59
7;2025-12-25;1;0
7;2025-12-25;2;0
7;2025-12-25;3;0
7;2025-12-25;4;0
7;2025-12-25;5;141
7;2025-12-25;6;881
7;2025-12-25;7;1746
7;2025-12-25;8;2615
7;2025-12-25;9;2097
7;2025-12-25;10;1590
7;2025-12-25;11;1372
7;2025-12-25;12;1445
7;2025-12-25;13;1494
7;2025-12-25;14;1648
7;2025-12-25;15;1706
7;2025-12-25;16;1912
7;2025-12-25;17;2397
7;2025-12-25;18;2863
7;2025-12-25;19;1915
7;2025-12-25;20;1058
7;2025-12-25;21;674
7;2025-12-25;22;288
7;2025-12-25;23;170
7;2025-12-26;0;55
7;2025-12-26;1;0
7;2025-12-26;2;0
7;2025-12-26;3;0
7;2025-12-26;4;0
7;2025-12-26;5;144
7;2025-12-26;6;764
7;2025-12-26;7;1672
7;2025-12-26;8;2358
7;2025-12-26;9;1899
7;2025-12-26;10;1519
7;2025-12-26;11;1435
7;2025-12-26;12;1464
7;2025-12-26;13;1655
7;2025-12-26;14;1688
7;2025-12-26;15;1786
7;2025-12-26;16;2165
7;2025-12-26;17;2362
7;2025-12-26;18;2109
7;2025-12-26;19;1644
7;2025-12-26;20;1054
7;2025-12-26;21;611
7;2025-12-26;22;316
7;2025-12-26;23;189
7;2025-12-27;0;86
7;2025-12-27;1;0
7;2025-12-27;2;0
7;2025-12-27;3;0
7;2025-12-27;4;0
7;2025-12-27;5;33
7;2025-12-27;6;293
7;2025-12-27;7;492
7;2025-12-27;8;756
7;2025-12-27;9;946
7;2025-12-27;10;968
7;2025-12-27;11;1258
7;2025-12-27;12;1450
7;2025-12-27;13;1361
7;2025-12-27;14;1455
7;2025-12-27;15;1309
7;2025-12-27;16;1307
7;2025-12-27;17;1194
7;2025-12-27;18;1116
7;2025-12-27;19;1113
7;2025-12-27;20;822
7;2025-12-27;21;666
7;2025-12-27;22;342
7;2025-12-27;23;246
7;2025-12-28;0;106
7;2025-12-28;1;0
7;2025-12-28;2;0
7;2025-12-28;3;0
7;2025-12-28;4;0
7;2025-12-28;5;20
7;2025-12-28;6;217
7;2025-12-28;7;330
7;2025-12-28;8;553
7;2025-12-28;9;654
7;2025-12-28;10;795
7;2025-12-28;11;1071
7;2025-12-28;12;1165
7;2025-12-28;13;1210
7;2025-12-28;14;1260
7;2025-12-28;15;1213
7;2025-12-28;16;1138
7;2025-12-28;17;1157
7;2025-12-28;18;957
7;2025-12-28;19;771
7;2025-12-28;20;679
7;2025-12-28;21;527
7;2025-12-28;22;298
7;2025-12-28;23;168
7;2025-12-29;0;79
7;2025-12-29;1;0
7;2025-12-29;2;0
7;2025-12-29;3;0
7;2025-12-29;4;0
7;2025-12-29;5;161
7;2025-12-29;6;849
7;2025-12-29;7;1722
7;2025-12-29;8;2517
7;2025-12-29;9;2021
7;2025-12-29;10;1579
7;2025-12-29;11;1337
7;2025-12-29;12;1394
7;2025-12-29;13;1424
7;2025-12-29;14;1522
7;2025-12-29;15;1676
7;2025-12-29;16;1946
7;2025-12-29;17;2478
7;2025-12-29;18;2701
7;2025-12-29;19;1936
7;2025-12-29;20;1106
7;2025-12-29;21;552
7;2025-12-29;22;254
7;2025-12-29;23;166
7;2025-12-30;0;50
7;2025-12-30;1;0
7;2025-12-30;2;0
7;2025-12-30;3;0
7;2025-12-30;4;0
7;2025-12-30;5;156
7;2025-12-30;6;918
7;2025-12-30;7;1765
7;2025-12-30;8;2767
7;2025-12-30;9;2038
7;2025-12-30;10;1717
7;2025-12-30;11;1396
7;2025-12-30;12;1416
7;2025-12-30;13;1542
7;2025-12-30;14;1663
7;2025-12-30;15;1781
7;2025-12-30;16;1912
7;2025-12-30;17;2534
7;2025-12-30;18;2720
7;2025-12-30;19;1953
7;2025-12-30;20;1032
7;2025-12-30;21;664
7;2025-12-30;22;321
7;2025-12-30;23;168
7;2025-12-31;0;86
7;2025-12-31;1;0
7;2025-12-31;2;0
7;2025-12-31;3;0
7;2025-12-31;4;0
7;2025-12-31;5;24
7;2025-12-31;6;228
7;2025-12-31;7;368
7;2025-12-31;8;586
7;2025-12-31;9;716
7;2025-12-31;10;789
7;2025-12-31;11;1042
7;2025-12-31;12;1170
7;2025-12-31;13;1150
7;2025-12-31;14;1215
7;2025-12-31;15;1128
7;2025-12-31;16;1094
7;2025-12-31;17;1052
7;2025-12-31;18;927
7;2025-12-31;19;843
7;2025-12-31;20;672
7;2025-12-31;21;534
7;2025-12-31;22;286
7;2025-12-31;23;185
11;2025-11-01;0;50
11;2025-11-01;1;0
11;2025-11-01;2;0
11;2025-11-01;3;0
11;2025-11-01;4;0
11;2025-11-01;5;187
11;2025-11-01;6;1038
11;2025-11-01;7;1883
11;2025-11-01;8;2478
11;2025-11-01;9;1794
11;2025-11-01;10;1470
11;2025-11-01;11;1427
11;2025-11-01;12;1426
11;2025-11-01;13;1422
11;2025-11-01;14;1547
11;2025-11-01;15;1680
11;2025-11-01;16;1849
11;2025-11-01;17;2259
11;2025-11-01;18;1883
11;2025-11-01;19;1561
11;2025-11-01;20;1098
11;2025-11-01;21;659
11;2025-11-01;22;334
11;2025-11-01;23;258
11;2025-11-02;0;121
11;2025-11-02;1;0
11;2025-11-02;2;0
11;2025-11-02;3;0
11;2025-11-02;4;0
11;2025-11-02;5;102
11;2025-11-02;6;601
11;2025-11-02;7;560
11;2025-11-02;8;783
11;2025-11-02;9;1040
11;2025-11-02;10;1134
11;2025-11-02;11;1630
11;2025-11-02;12;1763
11;2025-11-02;13;1718
11;2025-11-02;14;1785
11;2025-11-02;15;1818
11;2025-11-02;16;1761
11;2025-11-02;17;1932
11;2025-11-02;18;1489
11;2025-11-02;19;1253
11;2025-11-02;20;960
11;2025-11-02;21;686
11;2025-11-02;22;419
11;2025-11-02;23;272
11;2025-11-03;0;99
11;2025-11-03;1;0
11;2025-11-03;2;0
11;2025-11-03;3;0
11;2025-11-03;4;0
11;2025-11-03;5;127
11;2025-11-03;6;683
11;2025-11-03;7;613
11;2025-11-03;8;866
11;2025-11-03;9;1007
11;2025-11-03;10;1127
11;2025-11-03;11;1486
11;2025-11-03;12;1664
11;2025-11-03;13;1600
11;2025-11-03;14;1664
11;2025-11-03;15;1617
11;2025-11-03;16;1604
11;2025-11-03;17;1710
11;2025-11-03;18;1383
11;2025-11-03;19;1304
11;2025-11-03;20;914
11;2025-11-03;21;658
11;2025-11-03;22;394
11;2025-11-03;23;257
11;2025-11-04;0;98
11;2025-11-04;1;0
11;2025-11-04;2;0
11;2025-11-04;3;0
11;2025-11-04;4;0
11;2025-11-04;5;126
11;2025-11-04;6;675
11;2025-11-04;7;606
11;2025-11-04;8;856
11;2025-11-04;9;995
11;2025-11-04;10;1113
11;2025-11-04;11;1469
11;2025-11-04;12;1645
11;2025-11-04;13;1581
11;2025-11-04;14;1645
11;2025-11-04;15;1598
11;2025-11-04;16;1585
11;2025-11-04;17;1689
11;2025-11-04;18;1366
11;2025-11-04;19;1289
11;2025-11-04;20;903
11;2025-11-04;21;651
11;2025-11-04;22;389
11;2025-11-04;23;254
11;2025-11-05;0;62
11;2025-11-05;1;0
11;2025-11-05;2;0
11;2025-11-05;3;0
11;2025-11-05;4;0
11;2025-11-05;5;266
11;2025-11-05;6;1362
11;2025-11-05;7;2674
11;2025-11-05;8;3436
11;2025-11-05;9;2487
11;2025-11-05;10;1972
11;2025-11-05;11;2076
11;2025-11-05;12;2039
11;2025-11-05;13;2197
11;2025-11-05;14;2189
11;2025-11-05;15;2095
11;2025-11-05;16;2209
11;2025-11-05;17;2911
11;2025-11-05;18;3317
11;2025-11-05;19;2442
11;2025-11-05;20;1569
11;2025-11-05;21;870
11;2025-11-05;22;427
11;2025-11-05;23;255
11;2025-11-06;0;63
11;2025-11-06;1;0
11;2025-11-06;2;0
11;2025-11-06;3;0
11;2025-11-06;4;0
11;2025-11-06;5;234
11;2025-11-06;6;1391
11;2025-11-06;7;2475
11;2025-11-06;8;3149
11;2025-11-06;9;2398
11;2025-11-06;10;2146
11;2025-11-06;11;1908
11;2025-11-06;12;2107
11;2025-11-06;13;2088
11;2025-11-06;14;2071
11;2025-11-06;15;1989
11;2025-11-06;16;2262
11;2025-11-06;17;2782
11;2025-11-06;18;3271
11;2025-11-06;19;2376
11;2025-11-06;20;1534
11;2025-11-06;21;891
11;2025-11-06;22;448
11;2025-11-06;23;257
11;2025-11-07;0;66
11;2025-11-07;1;0
11;2025-11-07;2;0
11;2025-11-07;3;0
11;2025-11-07;4;0
11;2025-11-07;5;246
11;2025-11-07;6;1364
11;2025-11-07;7;2474
11;2025-11-07;8;3256
11;2025-11-07;9;2358
11;2025-11-07;10;1932
11;2025-11-07;11;1876
11;2025-11-07;12;1874
11;2025-11-07;13;1869
11;2025-11-07;14;2033
11;2025-11-07;15;2207
11;2025-11-07;16;2430
11;2025-11-07;17;2969
11;2025-11-07;18;2475
11;2025-11-07;19;2051
11;2025-11-07;20;1443
11;2025-11-07;21;867
11;2025-11-07;22;438
11;2025-11-07;23;339
11;2025-11-08;0;101
11;2025-11-08;1;0
11;2025-11-08;2;0
11;2025-11-08;3;0
11;2025-11-08;4;0
11;2025-11-08;5;179
11;2025-11-08;6;908
11;2025-11-08;7;796
11;2025-11-08;8;1131
11;2025-11-08;9;1196
11;2025-11-08;10;1364
11;2025-11-08;11;1675
11;2025-11-08;12;1933
11;2025-11-08;13;1837
11;2025-11-08;14;1913
11;2025-11-08;15;1780
11;2025-11-08;16;1806
11;2025-11-08;17;1873
11;2025-11-08;18;1583
11;2025-11-08;19;1634
11;2025-11-08;20;1070
11;2025-11-08;21;775
11;2025-11-08;22;456
11;2025-11-08;23;298
11;2025-11-09;0;118
11;2025-11-09;1;0
11;2025-11-09;2;0
11;2025-11-09;3;0
11;2025-11-09;4;0
11;2025-11-09;5;100
11;2025-11-09;6;590
11;2025-11-09;7;550
11;2025-11-09;8;768
11;2025-11-09;9;1020
11;2025-11-09;10;1112
11;2025-11-09;11;1598
11;2025-11-09;12;1729
11;2025-11-09;13;1685
11;2025-11-09;14;1750
11;2025-11-09;15;1783
11;2025-11-09;16;1727
11;2025-11-09;17;1895
11;2025-11-09;18;1460
11;2025-11-09;19;1229
11;2025-11-09;20;941
11;2025-11-09;21;673
11;2025-11-09;22;410
11;2025-11-09;23;267
11;2025-11-10;0;76
11;2025-11-10;1;0
11;2025-11-10;2;0
11;2025-11-10;3;0
11;2025-11-10;4;0
11;2025-11-10;5;252
11;2025-11-10;6;1449
11;2025-11-10;7;2503
11;2025-11-10;8;3217
11;2025-11-10;9;2496
11;2025-11-10;10;1932
11;2025-11-10;11;1944
11;2025-11-10;12;1843
11;2025-11-10;13;1929
11;2025-11-10;14;1929
11;2025-11-10;15;2087
11;2025-11-10;16;2316
11;2025-11-10;17;2876
11;2025-11-10;18;3268
11;2025-11-10;19;2469
11;2025-11-10;20;1436
11;2025-11-10;21;852
11;2025-11-10;22;394
11;2025-11-10;23;233
11;2025-11-11;0;60
11;2025-11-11;1;0
11;2025-11-11;2;0
11;2025-11-11;3;0
11;2025-11-11;4;0
11;2025-11-11;5;244
11;2025-11-11;6;1497
11;2025-11-11;7;2712
11;2025-11-11;8;3606
11;2025-11-11;9;2595
11;2025-11-11;10;2073
11;2025-11-11;11;1939
11;2025-11-11;12;1924
11;2025-11-11;13;2051
11;2025-11-11;14;2067
11;2025-11-11;15;2064
11;2025-11-11;16;2306
11;2025-11-11;17;2977
11;2025-11-11;18;3236
11;2025-11-11;19;2499
11;2025-11-11;20;1578
11;2025-11-11;21;871
11;2025-11-11;22;429
11;2025-11-11;23;233
11;2025-11-12;0;61
11;2025-11-12;1;0
11;2025-11-12;2;0
11;2025-11-12;3;0
11;2025-11-12;4;0
11;2025-11-12;5;259
11;2025-11-12;6;1330
11;2025-11-12;7;2612
11;2025-11-12;8;3356
11;2025-11-12;9;2429
11;2025-11-12;10;1926
11;2025-11-12;11;2027
11;2025-11-12;12;1991
11;2025-11-12;13;2146
11;2025-11-12;14;2138
11;2025-11-12;15;2046
11;2025-11-12;16;2158
11;2025-11-12;17;2843
11;2025-11-12;18;3239
11;2025-11-12;19;2385
11;2025-11-12;20;1532
11;2025-11-12;21;850
11;2025-11-12;22;417
11;2025-11-12;23;249
11;2025-11-13;0;64
11;2025-11-13;1;0
11;2025-11-13;2;0
11;2025-11-13;3;0
11;2025-11-13;4;0
11;2025-11-13;5;241
11;2025-11-13;6;1429
11;2025-11-13;7;2544
11;2025-11-13;8;3237
11;2025-11-13;9;2465
11;2025-11-13;10;2206
11;2025-11-13;11;1962
11;2025-11-13;12;2166
11;2025-11-13;13;2146
11;2025-11-13;14;2129
11;2025-11-13;15;2044
11;2025-11-13;16;2325
11;2025-11-13;17;2860
11;2025-11-13;18;3362
11;2025-11-13;19;2442
11;2025-11-13;20;1577
11;2025-11-13;21;916
11;2025-11-13;22;461
11;2025-11-13;23;264
11;2025-11-14;0;67
11;2025-11-14;1;0
11;2025-11-14;2;0
11;2025-11-14;3;0
11;2025-11-14;4;0
11;2025-11-14;5;250
11;2025-11-14;6;1384
11;2025-11-14;7;2512
11;2025-11-14;8;3305
11;2025-11-14;9;2393
11;2025-11-14;10;1962
11;2025-11-14;11;1904
11;2025-11-14;12;1902
11;2025-11-14;13;1898
11;2025-11-14;14;2064
11;2025-11-14;15;2241
11;2025-11-14;16;2467
11;2025-11-14;17;3014
11;2025-11-14;18;2513
11;2025-11-14;19;2082
11;2025-11-14;20;1465
11;2025-11-14;21;880
11;2025-11-14;22;445
11;2025-11-14;23;344
11;2025-11-15;0;94
11;2025-11-15;1;0
11;2025-11-15;2;0
11;2025-11-15;3;0
11;2025-11-15;4;0
11;2025-11-15;5;168
11;2025-11-15;6;850
11;2025-11-15;7;745
11;2025-11-15;8;1059
11;2025-11-15;9;1120
11;2025-11-15;10;1277
11;2025-11-15;11;1568
11;2025-11-15;12;1810
11;2025-11-15;13;1720
11;2025-11-15;14;1791
11;2025-11-15;15;1667
11;2025-11-15;16;1691
11;2025-11-15;17;1753
11;2025-11-15;18;1482
11;2025-11-15;19;1530
11;2025-11-15;20;1001
11;2025-11-15;21;726
11;2025-11-15;22;427
11;2025-11-15;23;279
11;2025-11-16;0;121
11;2025-11-16;1;0
11;2025-11-16;2;0
11;2025-11-16;3;0
11;2025-11-16;4;0
11;2025-11-16;5;102
11;2025-11-16;6;602
11;2025-11-16;7;561
11;2025-11-16;8;783
11;2025-11-16;9;1040
11;2025-11-16;10;1135
11;2025-11-16;11;1630
11;2025-11-16;12;1763
11;2025-11-16;13;1719
11;2025-11-16;14;1785
11;2025-11-16;15;1819
11;2025-11-16;16;1762
11;2025-11-16;17;1933
11;2025-11-16;18;1490
11;2025-11-16;19;1254
11;2025-11-16;20;960
11;2025-11-16;21;687
11;2025-11-16;22;419
11;2025-11-16;23;273
11;2025-11-17;0;74
11;2025-11-17;1;0
11;2025-11-17;2;0
11;2025-11-17;3;0
11;2025-11-17;4;0
11;2025-11-17;5;245
11;2025-11-17;6;1410
11;2025-11-17;7;2435
11;2025-11-17;8;3130
11;2025-11-17;9;2428
11;2025-11-17;10;1879
11;2025-11-17;11;1891
11;2025-11-17;12;1793
11;2025-11-17;13;1877
11;2025-11-17;14;1876
11;2025-11-17;15;2030
11;2025-11-17;16;2253
11;2025-11-17;17;2797
11;2025-11-17;18;3179
11;2025-11-17;19;2401
11;2025-11-17;20;1397
11;2025-11-17;21;829
11;2025-11-17;22;384
11;2025-11-17;23;227
11;2025-11-18;0;56
11;2025-11-18;1;0
11;2025-11-18;2;0
11;2025-11-18;3;0
11;2025-11-18;4;0
11;2025-11-18;5;229
11;2025-11-18;6;1407
11;2025-11-18;7;2549
11;2025-11-18;8;3389
11;2025-11-18;9;2438
11;2025-11-18;10;1948
11;2025-11-18;11;1822
11;2025-11-18;12;1808
11;2025-11-18;13;1928
11;2025-11-18;14;1943
11;2025-11-18;15;1939
11;2025-11-18;16;2167
11;2025-11-18;17;2798
11;2025-11-18;18;3041
11;2025-11-18;19;2349
11;2025-11-18;20;1483
11;2025-11-18;21;818
11;2025-11-18;22;404
11;2025-11-18;23;219
11;2025-11-19;0;63
11;2025-11-19;1;0
11;2025-11-19;2;0
11;2025-11-19;3;0
11;2025-11-19;4;0
11;2025-11-19;5;267
11;2025-11-19;6;1369
11;2025-11-19;7;2688
11;2025-11-19;8;3454
11;2025-11-19;9;2500
11;2025-11-19;10;1982
11;2025-11-19;11;2087
11;2025-11-19;12;2049
11;2025-11-19;13;2209
11;2025-11-19;14;2200
11;2025-11-19;15;2106
11;2025-11-19;16;2221
11;2025-11-19;17;2926
11;2025-11-19;18;3334
11;2025-11-19;19;2455
11;2025-11-19;20;1577
11;2025-11-19;21;875
11;2025-11-19;22;429
11;2025-11-19;23;257
11;2025-11-20;0;65
11;2025-11-20;1;0
11;2025-11-20;2;0
11;2025-11-20;3;0
11;2025-11-20;4;0
11;2025-11-20;5;243
11;2025-11-20;6;1444
11;2025-11-20;7;2569
11;2025-11-20;8;3270
11;2025-11-20;9;2490
11;2025-11-20;10;2228
11;2025-11-20;11;1981
11;2025-11-20;12;2187
11;2025-11-20;13;2167
11;2025-11-20;14;2150
11;2025-11-20;15;2064
11;2025-11-20;16;2348
11;2025-11-20;17;2889
11;2025-11-20;18;3396
11;2025-11-20;19;2467
11;2025-11-20;20;1592
11;2025-11-20;21;925
11;2025-11-20;22;465
11;2025-11-20;23;267
11;2025-11-21;0;68
11;2025-11-21;1;0
11;2025-11-21;2;0
11;2025-11-21;3;0
11;2025-11-21;4;0
11;2025-11-21;5;251
11;2025-11-21;6;1392
11;2025-11-21;7;2526
11;2025-11-21;8;3324
11;2025-11-21;9;2407
11;2025-11-21;10;1973
11;2025-11-21;11;1915
11;2025-11-21;12;1913
11;2025-11-21;13;1908
11;2025-11-21;14;2075
11;2025-11-21;15;2253
11;2025-11-21;16;2481
11;2025-11-21;17;3031
11;2025-11-21;18;2527
11;2025-11-21;19;2094
11;2025-11-21;20;1473
11;2025-11-21;21;885
11;2025-11-21;22;448
11;2025-11-21;23;346
11;2025-11-22;0;99
11;2025-11-22;1;0
11;2025-11-22;2;0
11;2025-11-22;3;0
11;2025-11-22;4;0
11;2025-11-22;5;176
11;2025-11-22;6;894
11;2025-11-22;7;783
11;2025-11-22;8;1114
11;2025-11-22;9;1177
11;2025-11-22;10;1343
11;2025-11-22;11;1649
11;2025-11-22;12;1904
11;2025-11-22;13;1809
11;2025-11-22;14;1884
11;2025-11-22;15;1753
11;2025-11-22;16;1778
11;2025-11-22;17;1844
11;2025-11-22;18;1559
11;2025-11-22;19;1609
11;2025-11-22;20;1053
11;2025-11-22;21;763
11;2025-11-22;22;449
11;2025-11-22;23;293
11;2025-11-23;0;119
11;2025-11-23;1;0
11;2025-11-23;2;0
11;2025-11-23;3;0
11;2025-11-23;4;0
11;2025-11-23;5;100
11;2025-11-23;6;593
11;2025-11-23;7;553
11;2025-11-23;8;772
11;2025-11-23;9;1025
11;2025-11-23;10;1119
11;2025-11-23;11;1607
11;2025-11-23;12;1739
11;2025-11-23;13;1695
11;2025-11-23;14;1760
11;2025-11-23;15;1793
11;2025-11-23;16;1737
11;2025-11-23;17;1906
11;2025-11-23;18;1469
11;2025-11-23;19;1236
11;2025-11-23;20;946
11;2025-11-23;21;677
11;2025-11-23;22;413
11;2025-11-23;23;269
11;2025-11-24;0;73
11;2025-11-24;1;0
11;2025-11-24;2;0
11;2025-11-24;3;0
11;2025-11-24;4;0
11;2025-11-24;5;241
11;2025-11-24;6;1386
11;2025-11-24;7;2395
11;2025-11-24;8;3078
11;2025-11-24;9;2388
11;2025-11-24;10;1848
11;2025-11-24;11;1860
11;2025-11-24;12;1763
11;2025-11-24;13;1846
11;2025-11-24;14;1846
11;2025-11-24;15;1997
11;2025-11-24;16;2216
11;2025-11-24;17;2751
11;2025-11-24;18;3127
11;2025-11-24;19;2362
11;2025-11-24;20;1374
11;2025-11-24;21;815
11;2025-11-24;22;377
11;2025-11-24;23;223
11;2025-11-25;0;59
11;2025-11-25;1;0
11;2025-11-25;2;0
11;2025-11-25;3;0
11;2025-11-25;4;0
11;2025-11-25;5;242
11;2025-11-25;6;1488
11;2025-11-25;7;2695
11;2025-11-25;8;3584
11;2025-11-25;9;2579
11;2025-11-25;10;2060
11;2025-11-25;11;1926
11;2025-11-25;12;1912
11;2025-11-25;13;2038
11;2025-11-25;14;2055
11;2025-11-25;15;2051
11;2025-11-25;16;2292
11;2025-11-25;17;2958
11;2025-11-25;18;3216
11;2025-11-25;19;2483
11;2025-11-25;20;1568
11;2025-11-25;21;865
11;2025-11-25;22;427
11;2025-11-25;23;232
11;2025-11-26;0;59
11;2025-11-26;1;0
11;2025-11-26;2;0
11;2025-11-26;3;0
11;2025-11-26;4;0
11;2025-11-26;5;253
11;2025-11-26;6;1297
11;2025-11-26;7;2546
11;2025-11-26;8;3272
11;2025-11-26;9;2368
11;2025-11-26;10;1877
11;2025-11-26;11;1976
11;2025-11-26;12;1941
11;2025-11-26;13;2092
11;2025-11-26;14;2084
11;2025-11-26;15;1995
11;2025-11-26;16;2103
11;2025-11-26;17;2772
11;2025-11-26;18;3158
11;2025-11-26;19;2325
11;2025-11-26;20;1494
11;2025-11-26;21;829
11;2025-11-26;22;406
11;2025-11-26;23;243
11;2025-11-27;0;63
11;2025-11-27;1;0
11;2025-11-27;2;0
11;2025-11-27;3;0
11;2025-11-27;4;0
11;2025-11-27;5;234
11;2025-11-27;6;1391
11;2025-11-27;7;2476
11;2025-11-27;8;3151
11;2025-11-27;9;2399
11;2025-11-27;10;2147
11;2025-11-27;11;1909
11;2025-11-27;12;2108
11;2025-11-27;13;2089
11;2025-11-27;14;2072
11;2025-11-27;15;1989
11;2025-11-27;16;2262
11;2025-11-27;17;2784
11;2025-11-27;18;3272
11;2025-11-27;19;2377
11;2025-11-27;20;1534
11;2025-11-27;21;891
11;2025-11-27;22;448
11;2025-11-27;23;257
11;2025-11-28;0;67
11;2025-11-28;1;0
11;2025-11-28;2;0
11;2025-11-28;3;0
11;2025-11-28;4;0
11;2025-11-28;5;247
11;2025-11-28;6;1370
11;2025-11-28;7;2486
11;2025-11-28;8;3272
11;2025-11-28;9;2369
11;2025-11-28;10;1942
11;2025-11-28;11;1885
11;2025-11-28;12;1883
11;2025-11-28;13;1878
11;2025-11-28;14;2043
11;2025-11-28;15;2218
11;2025-11-28;16;2442
11;2025-11-28;17;2983
11;2025-11-28;18;2487
11;2025-11-28;19;2061
11;2025-11-28;20;1450
11;2025-11-28;21;871
11;2025-11-28;22;441
11;2025-11-28;23;340
11;2025-11-29;0;104
11;2025-11-29;1;0
11;2025-11-29;2;0
11;2025-11-29;3;0
11;2025-11-29;4;0
11;2025-11-29;5;185
11;2025-11-29;6;939
11;2025-11-29;7;822
11;2025-11-29;8;1169
11;2025-11-29;9;1236
11;2025-11-29;10;1410
11;2025-11-29;11;1731
11;2025-11-29;12;1998
11;2025-11-29;13;1898
11;2025-11-29;14;1977
11;2025-11-29;15;1840
11;2025-11-29;16;1866
11;2025-11-29;17;1936
11;2025-11-29;18;1636
11;2025-11-29;19;1689
11;2025-11-29;20;1105
11;2025-11-29;21;801
11;2025-11-29;22;471
11;2025-11-29;23;308
11;2025-11-30;0;120
11;2025-11-30;1;0
11;2025-11-30;2;0
11;2025-11-30;3;0
11;2025-11-30;4;0
11;2025-11-30;5;101
11;2025-11-30;6;599
11;2025-11-30;7;558
11;2025-11-30;8;780
11;2025-11-30;9;1036
11;2025-11-30;10;1130
11;2025-11-30;11;1623
11;2025-11-30;12;1756
11;2025-11-30;13;1712
11;2025-11-30;14;1778
11;2025-11-30;15;1811
11;2025-11-30;16;1754
11;2025-11-30;17;1925
11;2025-11-30;18;1483
11;2025-11-30;19;1248
11;2025-11-30;20;956
11;2025-11-30;21;684
11;2025-11-30;22;417
11;2025-11-30;23;271
11;2025-12-01;0;85
11;2025-12-01;1;0
11;2025-12-01;2;0
11;2025-12-01;3;0
11;2025-12-01;4;0
11;2025-12-01;5;276
11;2025-12-01;6;1317
11;2025-12-01;7;2449
11;2025-12-01;8;3265
11;2025-12-01;9;2534
11;2025-12-01;10;1870
11;2025-12-01;11;1899
11;2025-12-01;12;1835
11;2025-12-01;13;2070
11;2025-12-01;14;2013
11;2025-12-01;15;2279
11;2025-12-01;16;2475
11;2025-12-01;17;2986
11;2025-12-01;18;3346
11;2025-12-01;19;2344
11;2025-12-01;20;1549
11;2025-12-01;21;926
11;2025-12-01;22;447
11;2025-12-01;23;182
11;2025-12-02;0;63
11;2025-12-02;1;0
11;2025-12-02;2;0
11;2025-12-02;3;0
11;2025-12-02;4;0
11;2025-12-02;5;264
11;2025-12-02;6;1357
11;2025-12-02;7;2591
11;2025-12-02;8;3425
11;2025-12-02;9;2659
11;2025-12-02;10;1915
11;2025-12-02;11;1945
11;2025-12-02;12;1916
11;2025-12-02;13;2241
11;2025-12-02;14;2115
11;2025-12-02;15;2323
11;2025-12-02;16;2522
11;2025-12-02;17;3027
11;2025-12-02;18;3403
11;2025-12-02;19;2471
11;2025-12-02;20;1588
11;2025-12-02;21;964
11;2025-12-02;22;474
11;2025-12-02;23;228
11;2025-12-03;0;83
11;2025-12-03;1;0
11;2025-12-03;2;0
11;2025-12-03;3;0
11;2025-12-03;4;0
11;2025-12-03;5;299
11;2025-12-03;6;1344
11;2025-12-03;7;2597
11;2025-12-03;8;3493
11;2025-12-03;9;2618
11;2025-12-03;10;1917
11;2025-12-03;11;2052
11;2025-12-03;12;2071
11;2025-12-03;13;2094
11;2025-12-03;14;2064
11;2025-12-03;15;2238
11;2025-12-03;16;2382
11;2025-12-03;17;3087
11;2025-12-03;18;3396
11;2025-12-03;19;2328
11;2025-12-03;20;1539
11;2025-12-03;21;979
11;2025-12-03;22;482
11;2025-12-03;23;226
11;2025-12-04;0;75
11;2025-12-04;1;0
11;2025-12-04;2;0
11;2025-12-04;3;0
11;2025-12-04;4;0
11;2025-12-04;5;288
11;2025-12-04;6;1321
11;2025-12-04;7;2513
11;2025-12-04;8;3397
11;2025-12-04;9;2790
11;2025-12-04;10;2095
11;2025-12-04;11;1896
11;2025-12-04;12;1906
11;2025-12-04;13;2278
11;2025-12-04;14;2136
11;2025-12-04;15;2264
11;2025-12-04;16;2552
11;2025-12-04;17;3032
11;2025-12-04;18;3455
11;2025-12-04;19;2405
11;2025-12-04;20;1501
11;2025-12-04;21;932
11;2025-12-04;22;484
11;2025-12-04;23;232
11;2025-12-05;0;93
11;2025-12-05;1;0
11;2025-12-05;2;0
11;2025-12-05;3;0
11;2025-12-05;4;0
11;2025-12-05;5;277
11;2025-12-05;6;1348
11;2025-12-05;7;2405
11;2025-12-05;8;3148
11;2025-12-05;9;2617
11;2025-12-05;10;1914
11;2025-12-05;11;1902
11;2025-12-05;12;1930
11;2025-12-05;13;2129
11;2025-12-05;14;2167
11;2025-12-05;15;2446
11;2025-12-05;16;2781
11;2025-12-05;17;3130
11;2025-12-05;18;2746
11;2025-12-05;19;2201
11;2025-12-05;20;1459
11;2025-12-05;21;944
11;2025-12-05;22;484
11;2025-12-05;23;281
11;2025-12-06;0;117
11;2025-12-06;1;0
11;2025-12-06;2;0
11;2025-12-06;3;0
11;2025-12-06;4;0
11;2025-12-06;5;175
11;2025-12-06;6;734
11;2025-12-06;7;722
11;2025-12-06;8;1023
11;2025-12-06;9;1266
11;2025-12-06;10;1355
11;2025-12-06;11;1846
11;2025-12-06;12;2077
11;2025-12-06;13;1954
11;2025-12-06;14;1990
11;2025-12-06;15;2005
11;2025-12-06;16;2027
11;2025-12-06;17;1977
11;2025-12-06;18;1628
11;2025-12-06;19;1458
11;2025-12-06;20;1196
11;2025-12-06;21;818
11;2025-12-06;22;496
11;2025-12-06;23;351
11;2025-12-07;0;130
11;2025-12-07;1;0
11;2025-12-07;2;0
11;2025-12-07;3;0
11;2025-12-07;4;0
11;2025-12-07;5;100
11;2025-12-07;6;510
11;2025-12-07;7;567
11;2025-12-07;8;734
11;2025-12-07;9;1029
11;2025-12-07;10;1098
11;2025-12-07;11;1645
11;2025-12-07;12;1834
11;2025-12-07;13;1741
11;2025-12-07;14;1926
11;2025-12-07;15;1971
11;2025-12-07;16;1938
11;2025-12-07;17;1864
11;2025-12-07;18;1461
11;2025-12-07;19;1214
11;2025-12-07;20;974
11;2025-12-07;21;706
11;2025-12-07;22;416
11;2025-12-07;23;294
11;2025-12-08;0;85
11;2025-12-08;1;0
11;2025-12-08;2;0
11;2025-12-08;3;0
11;2025-12-08;4;0
11;2025-12-08;5;277
11;2025-12-08;6;1319
11;2025-12-08;7;2452
11;2025-12-08;8;3269
11;2025-12-08;9;2537
11;2025-12-08;10;1872
11;2025-12-08;11;1901
11;2025-12-08;12;1837
11;2025-12-08;13;2072
11;2025-12-08;14;2016
11;2025-12-08;15;2281
11;2025-12-08;16;2477
11;2025-12-08;17;2990
11;2025-12-08;18;3350
11;2025-12-08;19;2347
11;2025-12-08;20;1550
11;2025-12-08;21;927
11;2025-12-08;22;447
11;2025-12-08;23;183
11;2025-12-09;0;62
11;2025-12-09;1;0
11;2025-12-09;2;0
11;2025-12-09;3;0
11;2025-12-09;4;0
11;2025-12-09;5;260
11;2025-12-09;6;1338
11;2025-12-09;7;2556
11;2025-12-09;8;3379
11;2025-12-09;9;2623
11;2025-12-09;10;1889
11;2025-12-09;11;1919
11;2025-12-09;12;1890
11;2025-12-09;13;2211
11;2025-12-09;14;2087
11;2025-12-09;15;2292
11;2025-12-09;16;2488
11;2025-12-09;17;2986
11;2025-12-09;18;3357
11;2025-12-09;19;2437
11;2025-12-09;20;1567
11;2025-12-09;21;951
11;2025-12-09;22;468
11;2025-12-09;23;225
11;2025-12-10;0;81
11;2025-12-10;1;0
11;2025-12-10;2;0
11;2025-12-10;3;0
11;2025-12-10;4;0
11;2025-12-10;5;292
11;2025-12-10;6;1313
11;2025-12-10;7;2538
11;2025-12-10;8;3412
11;2025-12-10;9;2557
11;2025-12-10;10;1873
11;2025-12-10;11;2005
11;2025-12-10;12;2023
11;2025-12-10;13;2046
11;2025-12-10;14;2016
11;2025-12-10;15;2186
11;2025-12-10;16;2327
11;2025-12-10;17;3016
11;2025-12-10;18;3317
11;2025-12-10;19;2275
11;2025-12-10;20;1503
11;2025-12-10;21;956
11;2025-12-10;22;471
11;2025-12-10;23;221
11;2025-12-11;0;72
11;2025-12-11;1;0
11;2025-12-11;2;0
11;2025-12-11;3;0
11;2025-12-11;4;0
11;2025-12-11;5;278
11;2025-12-11;6;1273
11;2025-12-11;7;2422
11;2025-12-11;8;3274
11;2025-12-11;9;2689
11;2025-12-11;10;2019
11;2025-12-11;11;1827
11;2025-12-11;12;1837
11;2025-12-11;13;2196
11;2025-12-11;14;2059
11;2025-12-11;15;2182
11;2025-12-11;16;2460
11;2025-12-11;17;2922
11;2025-12-11;18;3330
11;2025-12-11;19;2318
11;2025-12-11;20;1447
11;2025-12-11;21;898
11;2025-12-11;22;467
11;2025-12-11;23;224
11;2025-12-12;0;89
11;2025-12-12;1;0
11;2025-12-12;2;0
11;2025-12-12;3;0
11;2025-12-12;4;0
11;2025-12-12;5;265
11;2025-12-12;6;1290
11;2025-12-12;7;2302
11;2025-12-12;8;3013
11;2025-12-12;9;2505
11;2025-12-12;10;1832
11;2025-12-12;11;1821
11;2025-12-12;12;1848
11;2025-12-12;13;2038
11;2025-12-12;14;2075
11;2025-12-12;15;2341
11;2025-12-12;16;2662
11;2025-12-12;17;2996
11;2025-12-12;18;2628
11;2025-12-12;19;2107
11;2025-12-12;20;1397
11;2025-12-12;21;903
11;2025-12-12;22;463
11;2025-12-12;23;269
11;2025-12-13;0;117
11;2025-12-13;1;0
11;2025-12-13;2;0
11;2025-12-13;3;0
11;2025-12-13;4;0
11;2025-12-13;5;176
11;2025-12-13;6;737
11;2025-12-13;7;725
11;2025-12-13;8;1027
11;2025-12-13;9;1271
11;2025-12-13;10;1361
11;2025-12-13;11;1854
11;2025-12-13;12;2086
11;2025-12-13;13;1963
11;2025-12-13;14;1999
11;2025-12-13;15;2013
11;2025-12-13;16;2036
11;2025-12-13;17;1986
11;2025-12-13;18;1634
11;2025-12-13;19;1464
11;2025-12-13;20;1201
11;2025-12-13;21;822
11;2025-12-13;22;498
11;2025-12-13;23;353
11;2025-12-14;0;131
11;2025-12-14;1;0
11;2025-12-14;2;0
11;2025-12-14;3;0
11;2025-12-14;4;0
11;2025-12-14;5;100
11;2025-12-14;6;511
11;2025-12-14;7;568
11;2025-12-14;8;735
11;2025-12-14;9;1031
11;2025-12-14;10;1099
11;2025-12-14;11;1648
11;2025-12-14;12;1836
11;2025-12-14;13;1743
11;2025-12-14;14;1929
11;2025-12-14;15;1974
11;2025-12-14;16;1940
11;2025-12-14;17;1867
11;2025-12-14;18;1463
11;2025-12-14;19;1215
11;2025-12-14;20;976
11;2025-12-14;21;707
11;2025-12-14;22;416
11;2025-12-14;23;294
11;2025-12-15;0;84
11;2025-12-15;1;0
11;2025-12-15;2;0
11;2025-12-15;3;0
11;2025-12-15;4;0
11;2025-12-15;5;274
11;2025-12-15;6;1305
11;2025-12-15;7;2427
11;2025-12-15;8;3235
11;2025-12-15;9;2511
11;2025-12-15;10;1853
11;2025-12-15;11;1882
11;2025-12-15;12;1818
11;2025-12-15;13;2051
11;2025-12-15;14;1995
11;2025-12-15;15;2258
11;2025-12-15;16;2452
11;2025-12-15;17;2959
11;2025-12-15;18;3316
11;2025-12-15;19;2323
11;2025-12-15;20;1535
11;2025-12-15;21;918
11;2025-12-15;22;442
11;2025-12-15;23;181
11;2025-12-16;0;61
11;2025-12-16;1;0
11;2025-12-16;2;0
11;2025-12-16;3;0
11;2025-12-16;4;0
11;2025-12-16;5;255
11;2025-12-16;6;1313
11;2025-12-16;7;2507
11;2025-12-16;8;3314
11;2025-12-16;9;2573
11;2025-12-16;10;1853
11;2025-12-16;11;1882
11;2025-12-16;12;1854
11;2025-12-16;13;2169
11;2025-12-16;14;2047
11;2025-12-16;15;2248
11;2025-12-16;16;2440
11;2025-12-16;17;2929
11;2025-12-16;18;3293
11;2025-12-16;19;2391
11;2025-12-16;20;1537
11;2025-12-16;21;933
11;2025-12-16;22;459
11;2025-12-16;23;220
11;2025-12-17;0;83
11;2025-12-17;1;0
11;2025-12-17;2;0
11;2025-12-17;3;0
11;2025-12-17;4;0
11;2025-12-17;5;299
11;2025-12-17;6;1346
11;2025-12-17;7;2602
11;2025-12-17;8;3499
11;2025-12-17;9;2623
11;2025-12-17;10;1921
11;2025-12-17;11;2056
11;2025-12-17;12;2075
11;2025-12-17;13;2098
11;2025-12-17;14;2068
11;2025-12-17;15;2242
11;2025-12-17;16;2387
11;2025-12-17;17;3093
11;2025-12-17;18;3402
11;2025-12-17;19;2333
11;2025-12-17;20;1542
11;2025-12-17;21;981
11;2025-12-17;22;483
11;2025-12-17;23;227
11;2025-12-18;0;74
11;2025-12-18;1;0
11;2025-12-18;2;0
11;2025-12-18;3;0
11;2025-12-18;4;0
11;2025-12-18;5;286
11;2025-12-18;6;1310
11;2025-12-18;7;2493
11;2025-12-18;8;3370
11;2025-12-18;9;2769
11;2025-12-18;10;2079
11;2025-12-18;11;1881
11;2025-12-18;12;1891
11;2025-12-18;13;2260
11;2025-12-18;14;2120
11;2025-12-18;15;2247
11;2025-12-18;16;2532
11;2025-12-18;17;3009
11;2025-12-18;18;3429
11;2025-12-18;19;2386
11;2025-12-18;20;1490
11;2025-12-18;21;924
11;2025-12-18;22;481
11;2025-12-18;23;230
11;2025-12-19;0;93
11;2025-12-19;1;0
11;2025-12-19;2;0
11;2025-12-19;3;0
11;2025-12-19;4;0
11;2025-12-19;5;277
11;2025-12-19;6;1349
11;2025-12-19;7;2407
11;2025-12-19;8;3150
11;2025-12-19;9;2619
11;2025-12-19;10;1915
11;2025-12-19;11;1904
11;2025-12-19;12;1932
11;2025-12-19;13;2130
11;2025-12-19;14;2169
11;2025-12-19;15;2448
11;2025-12-19;16;2783
11;2025-12-19;17;3132
11;2025-12-19;18;2748
11;2025-12-19;19;2203
11;2025-12-19;20;1460
11;2025-12-19;21;944
11;2025-12-19;22;485
11;2025-12-19;23;282
11;2025-12-20;0;116
11;2025-12-20;1;0
11;2025-12-20;2;0
11;2025-12-20;3;0
11;2025-12-20;4;0
11;2025-12-20;5;174
11;2025-12-20;6;728
11;2025-12-20;7;716
11;2025-12-20;8;1014
11;2025-12-20;9;1256
11;2025-12-20;10;1344
11;2025-12-20;11;1831
11;2025-12-20;12;2060
11;2025-12-20;13;1939
11;2025-12-20;14;1974
11;2025-12-20;15;1989
11;2025-12-20;16;2011
11;2025-12-20;17;1961
11;2025-12-20;18;1614
11;2025-12-20;19;1446
11;2025-12-20;20;1186
11;2025-12-20;21;811
11;2025-12-20;22;492
11;2025-12-20;23;349
11;2025-12-21;0;128
11;2025-12-21;1;0
11;2025-12-21;2;0
11;2025-12-21;3;0
11;2025-12-21;4;0
11;2025-12-21;5;98
11;2025-12-21;6;501
11;2025-12-21;7;557
11;2025-12-21;8;721
11;2025-12-21;9;1011
11;2025-12-21;10;1078
11;2025-12-21;11;1616
11;2025-12-21;12;1801
11;2025-12-21;13;1710
11;2025-12-21;14;1892
11;2025-12-21;15;1936
11;2025-12-21;16;1903
11;2025-12-21;17;1831
11;2025-12-21;18;1435
11;2025-12-21;19;1192
11;2025-12-21;20;957
11;2025-12-21;21;693
11;2025-12-21;22;408
11;2025-12-21;23;289
11;2025-12-22;0;83
11;2025-12-22;1;0
11;2025-12-22;2;0
11;2025-12-22;3;0
11;2025-12-22;4;0
11;2025-12-22;5;268
11;2025-12-22;6;1278
11;2025-12-22;7;2377
11;2025-12-22;8;3169
11;2025-12-22;9;2459
11;2025-12-22;10;1815
11;2025-12-22;11;1843
11;2025-12-22;12;1781
11;2025-12-22;13;2009
11;2025-12-22;14;1954
11;2025-12-22;15;2212
11;2025-12-22;16;2402
11;2025-12-22;17;2899
11;2025-12-22;18;3248
11;2025-12-22;19;2275
11;2025-12-22;20;1503
11;2025-12-22;21;899
11;2025-12-22;22;433
11;2025-12-22;23;177
11;2025-12-23;0;62
11;2025-12-23;1;0
11;2025-12-23;2;0
11;2025-12-23;3;0
11;2025-12-23;4;0
11;2025-12-23;5;262
11;2025-12-23;6;1350
11;2025-12-23;7;2578
11;2025-12-23;8;3407
11;2025-12-23;9;2645
11;2025-12-23;10;1905
11;2025-12-23;11;1935
11;2025-12-23;12;1906
11;2025-12-23;13;2230
11;2025-12-23;14;2105
11;2025-12-23;15;2312
11;2025-12-23;16;2509
11;2025-12-23;17;3011
11;2025-12-23;18;3386
11;2025-12-23;19;2458
11;2025-12-23;20;1580
11;2025-12-23;21;959
11;2025-12-23;22;472
11;2025-12-23;23;226
11;2025-12-24;0;82
11;2025-12-24;1;0
11;2025-12-24;2;0
11;2025-12-24;3;0
11;2025-12-24;4;0
11;2025-12-24;5;295
11;2025-12-24;6;1327
11;2025-12-24;7;2565
11;2025-12-24;8;3449
11;2025-12-24;9;2585
11;2025-12-24;10;1893
11;2025-12-24;11;2026
11;2025-12-24;12;2045
11;2025-12-24;13;2067
11;2025-12-24;14;2038
11;2025-12-24;15;2209
11;2025-12-24;16;2352
11;2025-12-24;17;3048
11;2025-12-24;18;3353
11;2025-12-24;19;2299
11;2025-12-24;20;1519
11;2025-12-24;21;967
11;2025-12-24;22;476
11;2025-12-24;23;224
11;2025-12-25;0;72
11;2025-12-25;1;0
11;2025-12-25;2;0
11;2025-12-25;3;0
11;2025-12-25;4;0
11;2025-12-25;5;278
11;2025-12-25;6;1272
11;2025-12-25;7;2420
11;2025-12-25;8;3271
11;2025-12-25;9;2687
11;2025-12-25;10;2017
11;2025-12-25;11;1826
11;2025-12-25;12;1836
11;2025-12-25;13;2194
11;2025-12-25;14;2057
11;2025-12-25;15;2180
11;2025-12-25;16;2458
11;2025-12-25;17;2920
11;2025-12-25;18;3328
11;2025-12-25;19;2316
11;2025-12-25;20;1446
11;2025-12-25;21;897
11;2025-12-25;22;466
11;2025-12-25;23;224
11;2025-12-26;0;88
11;2025-12-26;1;0
11;2025-12-26;2;0
11;2025-12-26;3;0
11;2025-12-26;4;0
11;2025-12-26;5;262
11;2025-12-26;6;1273
11;2025-12-26;7;2272
11;2025-12-26;8;2974
11;2025-12-26;9;2472
11;2025-12-26;10;1808
11;2025-12-26;11;1797
11;2025-12-26;12;1824
11;2025-12-26;13;2011
11;2025-12-26;14;2048
11;2025-12-26;15;2311
11;2025-12-26;16;2628
11;2025-12-26;17;2957
11;2025-12-26;18;2594
11;2025-12-26;19;2080
11;2025-12-26;20;1379
11;2025-12-26;21;891
11;2025-12-26;22;457
11;2025-12-26;23;266
11;2025-12-27;0;115
11;2025-12-27;1;0
11;2025-12-27;2;0
11;2025-12-27;3;0
11;2025-12-27;4;0
11;2025-12-27;5;173
11;2025-12-27;6;725
11;2025-12-27;7;714
11;2025-12-27;8;1011
11;2025-12-27;9;1251
11;2025-12-27;10;1339
11;2025-12-27;11;1824
11;2025-12-27;12;2053
11;2025-12-27;13;1931
11;2025-12-27;14;1967
11;2025-12-27;15;1981
11;2025-12-27;16;2003
11;2025-12-27;17;1954
11;2025-12-27;18;1608
11;2025-12-27;19;1441
11;2025-12-27;20;1182
11;2025-12-27;21;808
11;2025-12-27;22;490
11;2025-12-27;23;347
11;2025-12-28;0;125
11;2025-12-28;1;0
11;2025-12-28;2;0
11;2025-12-28;3;0
11;2025-12-28;4;0
11;2025-12-28;5;96
11;2025-12-28;6;490
11;2025-12-28;7;544
11;2025-12-28;8;704
11;2025-12-28;9;988
11;2025-12-28;10;1054
11;2025-12-28;11;1579
11;2025-12-28;12;1760
11;2025-12-28;13;1671
11;2025-12-28;14;1848
11;2025-12-28;15;1892
11;2025-12-28;16;1860
11;2025-12-28;17;1789
11;2025-12-28;18;1402
11;2025-12-28;19;1165
11;2025-12-28;20;935
11;2025-12-28;21;677
11;2025-12-28;22;399
11;2025-12-28;23;282
11;2025-12-29;0;82
11;2025-12-29;1;0
11;2025-12-29;2;0
11;2025-12-29;3;0
11;2025-12-29;4;0
11;2025-12-29;5;267
11;2025-12-29;6;1275
11;2025-12-29;7;2371
11;2025-12-29;8;3160
11;2025-12-29;9;2452
11;2025-12-29;10;1810
11;2025-12-29;11;1838
11;2025-12-29;12;1776
11;2025-12-29;13;2003
11;2025-12-29;14;1949
11;2025-12-29;15;2205
11;2025-12-29;16;2395
11;2025-12-29;17;2890
11;2025-12-29;18;3238
11;2025-12-29;19;2269
11;2025-12-29;20;1499
11;2025-12-29;21;896
11;2025-12-29;22;432
11;2025-12-29;23;177
11;2025-12-30;0;60
11;2025-12-30;1;0
11;2025-12-30;2;0
11;2025-12-30;3;0
11;2025-12-30;4;0
11;2025-12-30;5;253
11;2025-12-30;6;1301
11;2025-12-30;7;2485
11;2025-12-30;8;3285
11;2025-12-30;9;2550
11;2025-12-30;10;1837
11;2025-12-30;11;1866
11;2025-12-30;12;1838
11;2025-12-30;13;2150
11;2025-12-30;14;2029
11;2025-12-30;15;2229
11;2025-12-30;16;2419
11;2025-12-30;17;2903
11;2025-12-30;18;3264
11;2025-12-30;19;2370
11;2025-12-30;20;1523
11;2025-12-30;21;925
11;2025-12-30;22;455
11;2025-12-30;23;218
11;2025-12-31;0;109
11;2025-12-31;1;0
11;2025-12-31;2;0
11;2025-12-31;3;0
11;2025-12-31;4;0
11;2025-12-31;5;123
11;2025-12-31;6;553
11;2025-12-31;7;572
11;2025-12-31;8;781
11;2025-12-31;9;1019
11;2025-12-31;10;1089
11;2025-12-31;11;1548
11;2025-12-31;12;1734
11;2025-12-31;13;1638
11;2025-12-31;14;1734
11;2025-12-31;15;1760
11;2025-12-31;16;1756
11;2025-12-31;17;1702
11;2025-12-31;18;1369
11;2025-12-31;19;1186
11;2025-12-31;20;963
11;2025-12-31;21;676
11;2025-12-31;22;405
11;2025-12-31;23;286
12;2025-11-01;0;40
12;2025-11-01;1;0
12;2025-11-01;2;0
12;2025-11-01;3;0
12;2025-11-01;4;0
12;2025-11-01;5;197
12;2025-11-01;6;1148
12;2025-11-01;7;2161
12;2025-11-01;8;2683
12;2025-11-01;9;1890
12;2025-11-01;10;1436
12;2025-11-01;11;1379
12;2025-11-01;12;1439
12;2025-11-01;13;1555
12;2025-11-01;14;1531
12;2025-11-01;15;1731
12;2025-11-01;16;2209
12;2025-11-01;17;2288
12;2025-11-01;18;1902
12;2025-11-01;19;1720
12;2025-11-01;20;1083
12;2025-11-01;21;815
12;2025-11-01;22;394
12;2025-11-01;23;242
12;2025-11-02;0;89
12;2025-11-02;1;0
12;2025-11-02;2;0
12;2025-11-02;3;0
12;2025-11-02;4;0
12;2025-11-02;5;137
12;2025-11-02;6;600
12;2025-11-02;7;774
12;2025-11-02;8;786
12;2025-11-02;9;989
12;2025-11-02;10;1203
12;2025-11-02;11;1350
12;2025-11-02;12;1405
12;2025-11-02;13;1593
12;2025-11-02;14;1566
12;2025-11-02;15;1516
12;2025-11-02;16;1592
12;2025-11-02;17;1653
12;2025-11-02;18;1472
12;2025-11-02;19;1121
12;2025-11-02;20;863
12;2025-11-02;21;640
12;2025-11-02;22;413
12;2025-11-02;23;224
12;2025-11-03;0;69
12;2025-11-03;1;0
12;2025-11-03;2;0
12;2025-11-03;3;0
12;2025-11-03;4;0
12;2025-11-03;5;151
12;2025-11-03;6;674
12;2025-11-03;7;778
12;2025-11-03;8;835
12;2025-11-03;9;1006
12;2025-11-03;10;1181
12;2025-11-03;11;1253
12;2025-11-03;12;1274
12;2025-11-03;13;1444
12;2025-11-03;14;1395
12;2025-11-03;15;1333
12;2025-11-03;16;1422
12;2025-11-03;17;1419
12;2025-11-03;18;1327
12;2025-11-03;19;1159
12;2025-11-03;20;822
12;2025-11-03;21;642
12;2025-11-03;22;369
12;2025-11-03;23;231
12;2025-11-04;0;68
12;2025-11-04;1;0
12;2025-11-04;2;0
12;2025-11-04;3;0
12;2025-11-04;4;0
12;2025-11-04;5;150
12;2025-11-04;6;667
12;2025-11-04;7;771
12;2025-11-04;8;826
12;2025-11-04;9;996
12;2025-11-04;10;1169
12;2025-11-04;11;1241
12;2025-11-04;12;1261
12;2025-11-04;13;1430
12;2025-11-04;14;1381
12;2025-11-04;15;1319
12;2025-11-04;16;1407
12;2025-11-04;17;1404
12;2025-11-04;18;1313
12;2025-11-04;19;1148
12;2025-11-04;20;814
12;2025-11-04;21;636
12;2025-11-04;22;366
12;2025-11-04;23;228
12;2025-11-05;0;64
12;2025-11-05;1;0
12;2025-11-05;2;0
12;2025-11-05;3;0
12;2025-11-05;4;0
12;2025-11-05;5;273
12;2025-11-05;6;1622
12;2025-11-05;7;2939
12;2025-11-05;8;3849
12;2025-11-05;9;2743
12;2025-11-05;10;2209
12;2025-11-05;11;2014
12;2025-11-05;12;2121
12;2025-11-05;13;2037
12;2025-11-05;14;1979
12;2025-11-05;15;2295
12;2025-11-05;16;2813
12;2025-11-05;17;3083
12;2025-11-05;18;3315
12;2025-11-05;19;2690
12;2025-11-05;20;1583
12;2025-11-05;21;1082
12;2025-11-05;22;538
12;2025-11-05;23;287
12;2025-11-06;0;50
12;2025-11-06;1;0
12;2025-11-06;2;0
12;2025-11-06;3;0
12;2025-11-06;4;0
12;2025-11-06;5;256
12;2025-11-06;6;1509
12;2025-11-06;7;2877
12;2025-11-06;8;3739
12;2025-11-06;9;2476
12;2025-11-06;10;2006
12;2025-11-06;11;1912
12;2025-11-06;12;1991
12;2025-11-06;13;2049
12;2025-11-06;14;1949
12;2025-11-06;15;2245
12;2025-11-06;16;2721
12;2025-11-06;17;3091
12;2025-11-06;18;3293
12;2025-11-06;19;2601
12;2025-11-06;20;1636
12;2025-11-06;21;992
12;2025-11-06;22;511
12;2025-11-06;23;265
12;2025-11-07;0;52
12;2025-11-07;1;0
12;2025-11-07;2;0
12;2025-11-07;3;0
12;2025-11-07;4;0
12;2025-11-07;5;261
12;2025-11-07;6;1517
12;2025-11-07;7;2857
12;2025-11-07;8;3545
12;2025-11-07;9;2497
12;2025-11-07;10;1898
12;2025-11-07;11;1823
12;2025-11-07;12;1902
12;2025-11-07;13;2056
12;2025-11-07;14;2023
12;2025-11-07;15;2288
12;2025-11-07;16;2920
12;2025-11-07;17;3024
12;2025-11-07;18;2514
12;2025-11-07;19;2274
12;2025-11-07;20;1431
12;2025-11-07;21;1077
12;2025-11-07;22;521
12;2025-11-07;23;319
12;2025-11-08;0;66
12;2025-11-08;1;0
12;2025-11-08;2;0
12;2025-11-08;3;0
12;2025-11-08;4;0
12;2025-11-08;5;198
12;2025-11-08;6;897
12;2025-11-08;7;959
12;2025-11-08;8;1071
12;2025-11-08;9;1249
12;2025-11-08;10;1428
12;2025-11-08;11;1445
12;2025-11-08;12;1437
12;2025-11-08;13;1630
12;2025-11-08;14;1549
12;2025-11-08;15;1460
12;2025-11-08;16;1582
12;2025-11-08;17;1517
12;2025-11-08;18;1489
12;2025-11-08;19;1459
12;2025-11-08;20;970
12;2025-11-08;21;790
12;2025-11-08;22;411
12;2025-11-08;23;289
12;2025-11-09;0;87
12;2025-11-09;1;0
12;2025-11-09;2;0
12;2025-11-09;3;0
12;2025-11-09;4;0
12;2025-11-09;5;135
12;2025-11-09;6;588
12;2025-11-09;7;759
12;2025-11-09;8;771
12;2025-11-09;9;970
12;2025-11-09;10;1180
12;2025-11-09;11;1323
12;2025-11-09;12;1377
12;2025-11-09;13;1562
12;2025-11-09;14;1535
12;2025-11-09;15;1487
12;2025-11-09;16;1561
12;2025-11-09;17;1621
12;2025-11-09;18;1443
12;2025-11-09;19;1099
12;2025-11-09;20;846
12;2025-11-09;21;628
12;2025-11-09;22;405
12;2025-11-09;23;220
12;2025-11-10;0;68
12;2025-11-10;1;0
12;2025-11-10;2;0
12;2025-11-10;3;0
12;2025-11-10;4;0
12;2025-11-10;5;244
12;2025-11-10;6;1511
12;2025-11-10;7;2859
12;2025-11-10;8;3700
12;2025-11-10;9;2474
12;2025-11-10;10;1993
12;2025-11-10;11;1954
12;2025-11-10;12;2063
12;2025-11-10;13;1963
12;2025-11-10;14;1876
12;2025-11-10;15;2228
12;2025-11-10;16;2688
12;2025-11-10;17;3083
12;2025-11-10;18;3269
12;2025-11-10;19;2586
12;2025-11-10;20;1675
12;2025-11-10;21;1026
12;2025-11-10;22;486
12;2025-11-10;23;239
12;2025-11-11;0;46
12;2025-11-11;1;0
12;2025-11-11;2;0
12;2025-11-11;3;0
12;2025-11-11;4;0
12;2025-11-11;5;285
12;2025-11-11;6;1590
12;2025-11-11;7;2995
12;2025-11-11;8;3983
12;2025-11-11;9;2598
12;2025-11-11;10;2123
12;2025-11-11;11;2053
12;2025-11-11;12;2083
12;2025-11-11;13;2175
12;2025-11-11;14;2059
12;2025-11-11;15;2268
12;2025-11-11;16;2748
12;2025-11-11;17;3187
12;2025-11-11;18;3449
12;2025-11-11;19;2633
12;2025-11-11;20;1607
12;2025-11-11;21;1043
12;2025-11-11;22;487
12;2025-11-11;23;262
12;2025-11-12;0;63
12;2025-11-12;1;0
12;2025-11-12;2;0
12;2025-11-12;3;0
12;2025-11-12;4;0
12;2025-11-12;5;268
12;2025-11-12;6;1593
12;2025-11-12;7;2887
12;2025-11-12;8;3782
12;2025-11-12;9;2695
12;2025-11-12;10;2170
12;2025-11-12;11;1979
12;2025-11-12;12;2084
12;2025-11-12;13;2002
12;2025-11-12;14;1944
12;2025-11-12;15;2255
12;2025-11-12;16;2764
12;2025-11-12;17;3029
12;2025-11-12;18;3257
12;2025-11-12;19;2643
12;2025-11-12;20;1555
12;2025-11-12;21;1063
12;2025-11-12;22;529
12;2025-11-12;23;282
12;2025-11-13;0;51
12;2025-11-13;1;0
12;2025-11-13;2;0
12;2025-11-13;3;0
12;2025-11-13;4;0
12;2025-11-13;5;263
12;2025-11-13;6;1548
12;2025-11-13;7;2951
12;2025-11-13;8;3835
12;2025-11-13;9;2540
12;2025-11-13;10;2058
12;2025-11-13;11;1961
12;2025-11-13;12;2042
12;2025-11-13;13;2101
12;2025-11-13;14;1999
12;2025-11-13;15;2303
12;2025-11-13;16;2791
12;2025-11-13;17;3171
12;2025-11-13;18;3378
12;2025-11-13;19;2668
12;2025-11-13;20;1679
12;2025-11-13;21;1018
12;2025-11-13;22;524
12;2025-11-13;23;272
12;2025-11-14;0;53
12;2025-11-14;1;0
12;2025-11-14;2;0
12;2025-11-14;3;0
12;2025-11-14;4;0
12;2025-11-14;5;264
12;2025-11-14;6;1540
12;2025-11-14;7;2900
12;2025-11-14;8;3599
12;2025-11-14;9;2535
12;2025-11-14;10;1927
12;2025-11-14;11;1850
12;2025-11-14;12;1931
12;2025-11-14;13;2087
12;2025-11-14;14;2053
12;2025-11-14;15;2323
12;2025-11-14;16;2964
12;2025-11-14;17;3069
12;2025-11-14;18;2552
12;2025-11-14;19;2308
12;2025-11-14;20;1453
12;2025-11-14;21;1093
12;2025-11-14;22;529
12;2025-11-14;23;324
12;2025-11-15;0;61
12;2025-11-15;1;0
12;2025-11-15;2;0
12;2025-11-15;3;0
12;2025-11-15;4;0
12;2025-11-15;5;185
12;2025-11-15;6;836
12;2025-11-15;7;894
12;2025-11-15;8;998
12;2025-11-15;9;1164
12;2025-11-15;10;1331
12;2025-11-15;11;1347
12;2025-11-15;12;1340
12;2025-11-15;13;1519
12;2025-11-15;14;1444
12;2025-11-15;15;1361
12;2025-11-15;16;1475
12;2025-11-15;17;1414
12;2025-11-15;18;1388
12;2025-11-15;19;1360
12;2025-11-15;20;904
12;2025-11-15;21;736
12;2025-11-15;22;384
12;2025-11-15;23;270
12;2025-11-16;0;89
12;2025-11-16;1;0
12;2025-11-16;2;0
12;2025-11-16;3;0
12;2025-11-16;4;0
12;2025-11-16;5;137
12;2025-11-16;6;599
12;2025-11-16;7;773
12;2025-11-16;8;785
12;2025-11-16;9;989
12;2025-11-16;10;1202
12;2025-11-16;11;1349
12;2025-11-16;12;1403
12;2025-11-16;13;1592
12;2025-11-16;14;1565
12;2025-11-16;15;1515
12;2025-11-16;16;1591
12;2025-11-16;17;1652
12;2025-11-16;18;1470
12;2025-11-16;19;1120
12;2025-11-16;20;862
12;2025-11-16;21;640
12;2025-11-16;22;413
12;2025-11-16;23;224
12;2025-11-17;0;66
12;2025-11-17;1;0
12;2025-11-17;2;0
12;2025-11-17;3;0
12;2025-11-17;4;0
12;2025-11-17;5;238
12;2025-11-17;6;1473
12;2025-11-17;7;2787
12;2025-11-17;8;3607
12;2025-11-17;9;2411
12;2025-11-17;10;1943
12;2025-11-17;11;1905
12;2025-11-17;12;2011
12;2025-11-17;13;1913
12;2025-11-17;14;1829
12;2025-11-17;15;2172
12;2025-11-17;16;2620
12;2025-11-17;17;3006
12;2025-11-17;18;3186
12;2025-11-17;19;2521
12;2025-11-17;20;1633
12;2025-11-17;21;1000
12;2025-11-17;22;474
12;2025-11-17;23;233
12;2025-11-18;0;44
12;2025-11-18;1;0
12;2025-11-18;2;0
12;2025-11-18;3;0
12;2025-11-18;4;0
12;2025-11-18;5;269
12;2025-11-18;6;1496
12;2025-11-18;7;2819
12;2025-11-18;8;3749
12;2025-11-18;9;2445
12;2025-11-18;10;1999
12;2025-11-18;11;1932
12;2025-11-18;12;1961
12;2025-11-18;13;2047
12;2025-11-18;14;1938
12;2025-11-18;15;2135
12;2025-11-18;16;2586
12;2025-11-18;17;2999
12;2025-11-18;18;3247
12;2025-11-18;19;2478
12;2025-11-18;20;1512
12;2025-11-18;21;981
12;2025-11-18;22;459
12;2025-11-18;23;247
12;2025-11-19;0;64
12;2025-11-19;1;0
12;2025-11-19;2;0
12;2025-11-19;3;0
12;2025-11-19;4;0
12;2025-11-19;5;274
12;2025-11-19;6;1627
12;2025-11-19;7;2948
12;2025-11-19;8;3862
12;2025-11-19;9;2752
12;2025-11-19;10;2216
12;2025-11-19;11;2021
12;2025-11-19;12;2128
12;2025-11-19;13;2044
12;2025-11-19;14;1985
12;2025-11-19;15;2303
12;2025-11-19;16;2823
12;2025-11-19;17;3093
12;2025-11-19;18;3326
12;2025-11-19;19;2698
12;2025-11-19;20;1588
12;2025-11-19;21;1086
12;2025-11-19;22;540
12;2025-11-19;23;288
12;2025-11-20;0;51
12;2025-11-20;1;0
12;2025-11-20;2;0
12;2025-11-20;3;0
12;2025-11-20;4;0
12;2025-11-20;5;265
12;2025-11-20;6;1560
12;2025-11-20;7;2974
12;2025-11-20;8;3864
12;2025-11-20;9;2559
12;2025-11-20;10;2073
12;2025-11-20;11;1976
12;2025-11-20;12;2057
12;2025-11-20;13;2117
12;2025-11-20;14;2014
12;2025-11-20;15;2321
12;2025-11-20;16;2812
12;2025-11-20;17;3195
12;2025-11-20;18;3404
12;2025-11-20;19;2688
12;2025-11-20;20;1691
12;2025-11-20;21;1025
12;2025-11-20;22;528
12;2025-11-20;23;274
12;2025-11-21;0;53
12;2025-11-21;1;0
12;2025-11-21;2;0
12;2025-11-21;3;0
12;2025-11-21;4;0
12;2025-11-21;5;266
12;2025-11-21;6;1546
12;2025-11-21;7;2911
12;2025-11-21;8;3613
12;2025-11-21;9;2545
12;2025-11-21;10;1935
12;2025-11-21;11;1858
12;2025-11-21;12;1939
12;2025-11-21;13;2095
12;2025-11-21;14;2062
12;2025-11-21;15;2332
12;2025-11-21;16;2976
12;2025-11-21;17;3082
12;2025-11-21;18;2563
12;2025-11-21;19;2317
12;2025-11-21;20;1459
12;2025-11-21;21;1097
12;2025-11-21;22;531
12;2025-11-21;23;325
12;2025-11-22;0;65
12;2025-11-22;1;0
12;2025-11-22;2;0
12;2025-11-22;3;0
12;2025-11-22;4;0
12;2025-11-22;5;195
12;2025-11-22;6;884
12;2025-11-22;7;945
12;2025-11-22;8;1055
12;2025-11-22;9;1231
12;2025-11-22;10;1407
12;2025-11-22;11;1425
12;2025-11-22;12;1417
12;2025-11-22;13;1607
12;2025-11-22;14;1527
12;2025-11-22;15;1439
12;2025-11-22;16;1559
12;2025-11-22;17;1495
12;2025-11-22;18;1468
12;2025-11-22;19;1438
12;2025-11-22;20;956
12;2025-11-22;21;779
12;2025-11-22;22;406
12;2025-11-22;23;285
12;2025-11-23;0;87
12;2025-11-23;1;0
12;2025-11-23;2;0
12;2025-11-23;3;0
12;2025-11-23;4;0
12;2025-11-23;5;136
12;2025-11-23;6;591
12;2025-11-23;7;764
12;2025-11-23;8;775
12;2025-11-23;9;976
12;2025-11-23;10;1187
12;2025-11-23;11;1331
12;2025-11-23;12;1385
12;2025-11-23;13;1571
12;2025-11-23;14;1545
12;2025-11-23;15;1496
12;2025-11-23;16;1570
12;2025-11-23;17;1631
12;2025-11-23;18;1452
12;2025-11-23;19;1106
12;2025-11-23;20;851
12;2025-11-23;21;632
12;2025-11-23;22;408
12;2025-11-23;23;221
12;2025-11-24;0;65
12;2025-11-24;1;0
12;2025-11-24;2;0
12;2025-11-24;3;0
12;2025-11-24;4;0
12;2025-11-24;5;234
12;2025-11-24;6;1448
12;2025-11-24;7;2738
12;2025-11-24;8;3544
12;2025-11-24;9;2369
12;2025-11-24;10;1909
12;2025-11-24;11;1871
12;2025-11-24;12;1976
12;2025-11-24;13;1880
12;2025-11-24;14;1797
12;2025-11-24;15;2134
12;2025-11-24;16;2574
12;2025-11-24;17;2953
12;2025-11-24;18;3130
12;2025-11-24;19;2477
12;2025-11-24;20;1604
12;2025-11-24;21;983
12;2025-11-24;22;465
12;2025-11-24;23;229
12;2025-11-25;0;46
12;2025-11-25;1;0
12;2025-11-25;2;0
12;2025-11-25;3;0
12;2025-11-25;4;0
12;2025-11-25;5;284
12;2025-11-25;6;1585
12;2025-11-25;7;2985
12;2025-11-25;8;3971
12;2025-11-25;9;2590
12;2025-11-25;10;2117
12;2025-11-25;11;2046
12;2025-11-25;12;2077
12;2025-11-25;13;2168
12;2025-11-25;14;2053
12;2025-11-25;15;2261
12;2025-11-25;16;2739
12;2025-11-25;17;3177
12;2025-11-25;18;3439
12;2025-11-25;19;2624
12;2025-11-25;20;1602
12;2025-11-25;21;1040
12;2025-11-25;22;486
12;2025-11-25;23;261
12;2025-11-26;0;61
12;2025-11-26;1;0
12;2025-11-26;2;0
12;2025-11-26;3;0
12;2025-11-26;4;0
12;2025-11-26;5;260
12;2025-11-26;6;1546
12;2025-11-26;7;2803
12;2025-11-26;8;3671
12;2025-11-26;9;2616
12;2025-11-26;10;2106
12;2025-11-26;11;1921
12;2025-11-26;12;2023
12;2025-11-26;13;1943
12;2025-11-26;14;1887
12;2025-11-26;15;2189
12;2025-11-26;16;2683
12;2025-11-26;17;2940
12;2025-11-26;18;3161
12;2025-11-26;19;2565
12;2025-11-26;20;1509
12;2025-11-26;21;1032
12;2025-11-26;22;513
12;2025-11-26;23;274
12;2025-11-27;0;49
12;2025-11-27;1;0
12;2025-11-27;2;0
12;2025-11-27;3;0
12;2025-11-27;4;0
12;2025-11-27;5;255
12;2025-11-27;6;1505
12;2025-11-27;7;2869
12;2025-11-27;8;3728
12;2025-11-27;9;2469
12;2025-11-27;10;2000
12;2025-11-27;11;1907
12;2025-11-27;12;1985
12;2025-11-27;13;2043
12;2025-11-27;14;1943
12;2025-11-27;15;2239
12;2025-11-27;16;2713
12;2025-11-27;17;3083
12;2025-11-27;18;3284
12;2025-11-27;19;2593
12;2025-11-27;20;1632
12;2025-11-27;21;989
12;2025-11-27;22;510
12;2025-11-27;23;264
12;2025-11-28;0;52
12;2025-11-28;1;0
12;2025-11-28;2;0
12;2025-11-28;3;0
12;2025-11-28;4;0
12;2025-11-28;5;261
12;2025-11-28;6;1521
12;2025-11-28;7;2865
12;2025-11-28;8;3555
12;2025-11-28;9;2504
12;2025-11-28;10;1904
12;2025-11-28;11;1828
12;2025-11-28;12;1908
12;2025-11-28;13;2061
12;2025-11-28;14;2028
12;2025-11-28;15;2294
12;2025-11-28;16;2928
12;2025-11-28;17;3032
12;2025-11-28;18;2521
12;2025-11-28;19;2280
12;2025-11-28;20;1436
12;2025-11-28;21;1080
12;2025-11-28;22;522
12;2025-11-28;23;320
12;2025-11-29;0;68
12;2025-11-29;1;0
12;2025-11-29;2;0
12;2025-11-29;3;0
12;2025-11-29;4;0
12;2025-11-29;5;205
12;2025-11-29;6;926
12;2025-11-29;7;990
12;2025-11-29;8;1105
12;2025-11-29;9;1289
12;2025-11-29;10;1474
12;2025-11-29;11;1492
12;2025-11-29;12;1484
12;2025-11-29;13;1683
12;2025-11-29;14;1599
12;2025-11-29;15;1507
12;2025-11-29;16;1633
12;2025-11-29;17;1566
12;2025-11-29;18;1537
12;2025-11-29;19;1506
12;2025-11-29;20;1001
12;2025-11-29;21;815
12;2025-11-29;22;425
12;2025-11-29;23;298
12;2025-11-30;0;88
12;2025-11-30;1;0
12;2025-11-30;2;0
12;2025-11-30;3;0
12;2025-11-30;4;0
12;2025-11-30;5;137
12;2025-11-30;6;596
12;2025-11-30;7;770
12;2025-11-30;8;782
12;2025-11-30;9;984
12;2025-11-30;10;1197
12;2025-11-30;11;1343
12;2025-11-30;12;1397
12;2025-11-30;13;1585
12;2025-11-30;14;1558
12;2025-11-30;15;1508
12;2025-11-30;16;1584
12;2025-11-30;17;1645
12;2025-11-30;18;1464
12;2025-11-30;19;1115
12;2025-11-30;20;858
12;2025-11-30;21;637
12;2025-11-30;22;411
12;2025-11-30;23;223
12;2025-12-01;0;70
12;2025-12-01;1;0
12;2025-12-01;2;0
12;2025-12-01;3;0
12;2025-12-01;4;0
12;2025-12-01;5;272
12;2025-12-01;6;1407
12;2025-12-01;7;2830
12;2025-12-01;8;3772
12;2025-12-01;9;2510
12;2025-12-01;10;2032
12;2025-12-01;11;1982
12;2025-12-01;12;2106
12;2025-12-01;13;2016
12;2025-12-01;14;2048
12;2025-12-01;15;2358
12;2025-12-01;16;2887
12;2025-12-01;17;3176
12;2025-12-01;18;3413
12;2025-12-01;19;2557
12;2025-12-01;20;1555
12;2025-12-01;21;921
12;2025-12-01;22;457
12;2025-12-01;23;225
12;2025-12-02;0;54
12;2025-12-02;1;0
12;2025-12-02;2;0
12;2025-12-02;3;0
12;2025-12-02;4;0
12;2025-12-02;5;272
12;2025-12-02;6;1371
12;2025-12-02;7;2912
12;2025-12-02;8;3920
12;2025-12-02;9;2540
12;2025-12-02;10;2186
12;2025-12-02;11;2118
12;2025-12-02;12;2174
12;2025-12-02;13;2173
12;2025-12-02;14;2329
12;2025-12-02;15;2450
12;2025-12-02;16;3108
12;2025-12-02;17;3307
12;2025-12-02;18;3403
12;2025-12-02;19;2678
12;2025-12-02;20;1533
12;2025-12-02;21;901
12;2025-12-02;22;471
12;2025-12-02;23;245
12;2025-12-03;0;49
12;2025-12-03;1;0
12;2025-12-03;2;0
12;2025-12-03;3;0
12;2025-12-03;4;0
12;2025-12-03;5;256
12;2025-12-03;6;1409
12;2025-12-03;7;2901
12;2025-12-03;8;3678
12;2025-12-03;9;2518
12;2025-12-03;10;2216
12;2025-12-03;11;2081
12;2025-12-03;12;2127
12;2025-12-03;13;2117
12;2025-12-03;14;2246
12;2025-12-03;15;2482
12;2025-12-03;16;2987
12;2025-12-03;17;3265
12;2025-12-03;18;3485
12;2025-12-03;19;2689
12;2025-12-03;20;1660
12;2025-12-03;21;981
12;2025-12-03;22;509
12;2025-12-03;23;272
12;2025-12-04;0;55
12;2025-12-04;1;0
12;2025-12-04;2;0
12;2025-12-04;3;0
12;2025-12-04;4;0
12;2025-12-04;5;245
12;2025-12-04;6;1331
12;2025-12-04;7;2856
12;2025-12-04;8;3687
12;2025-12-04;9;2452
12;2025-12-04;10;2141
12;2025-12-04;11;2123
12;2025-12-04;12;2242
12;2025-12-04;13;2139
12;2025-12-04;14;2324
12;2025-12-04;15;2457
12;2025-12-04;16;3025
12;2025-12-04;17;3342
12;2025-12-04;18;3407
12;2025-12-04;19;2655
12;2025-12-04;20;1598
12;2025-12-04;21;946
12;2025-12-04;22;495
12;2025-12-04;23;284
12;2025-12-05;0;64
12;2025-12-05;1;0
12;2025-12-05;2;0
12;2025-12-05;3;0
12;2025-12-05;4;0
12;2025-12-05;5;227
12;2025-12-05;6;1260
12;2025-12-05;7;2667
12;2025-12-05;8;3613
12;2025-12-05;9;2436
12;2025-12-05;10;2077
12;2025-12-05;11;2093
12;2025-12-05;12;2176
12;2025-12-05;13;2152
12;2025-12-05;14;2305
12;2025-12-05;15;2636
12;2025-12-05;16;3351
12;2025-12-05;17;3243
12;2025-12-05;18;2790
12;2025-12-05;19;2253
12;2025-12-05;20;1472
12;2025-12-05;21;988
12;2025-12-05;22;508
12;2025-12-05;23;299
12;2025-12-06;0;102
12;2025-12-06;1;0
12;2025-12-06;2;0
12;2025-12-06;3;0
12;2025-12-06;4;0
12;2025-12-06;5;172
12;2025-12-06;6;750
12;2025-12-06;7;854
12;2025-12-06;8;960
12;2025-12-06;9;1166
12;2025-12-06;10;1463
12;2025-12-06;11;1702
12;2025-12-06;12;1623
12;2025-12-06;13;1927
12;2025-12-06;14;1796
12;2025-12-06;15;1658
12;2025-12-06;16;1702
12;2025-12-06;17;1579
12;2025-12-06;18;1570
12;2025-12-06;19;1366
12;2025-12-06;20;928
12;2025-12-06;21;659
12;2025-12-06;22;431
12;2025-12-06;23;278
12;2025-12-07;0;101
12;2025-12-07;1;0
12;2025-12-07;2;0
12;2025-12-07;3;0
12;2025-12-07;4;0
12;2025-12-07;5;121
12;2025-12-07;6;526
12;2025-12-07;7;601
12;2025-12-07;8;724
12;2025-12-07;9;1020
12;2025-12-07;10;1242
12;2025-12-07;11;1479
12;2025-12-07;12;1556
12;2025-12-07;13;1867
12;2025-12-07;14;1690
12;2025-12-07;15;1604
12;2025-12-07;16;1645
12;2025-12-07;17;1659
12;2025-12-07;18;1342
12;2025-12-07;19;1067
12;2025-12-07;20;766
12;2025-12-07;21;609
12;2025-12-07;22;412
12;2025-12-07;23;226
12;2025-12-08;0;70
12;2025-12-08;1;0
12;2025-12-08;2;0
12;2025-12-08;3;0
12;2025-12-08;4;0
12;2025-12-08;5;272
12;2025-12-08;6;1408
12;2025-12-08;7;2833
12;2025-12-08;8;3776
12;2025-12-08;9;2513
12;2025-12-08;10;2034
12;2025-12-08;11;1984
12;2025-12-08;12;2109
12;2025-12-08;13;2019
12;2025-12-08;14;2050
12;2025-12-08;15;2361
12;2025-12-08;16;2890
12;2025-12-08;17;3180
12;2025-12-08;18;3417
12;2025-12-08;19;2559
12;2025-12-08;20;1557
12;2025-12-08;21;922
12;2025-12-08;22;457
12;2025-12-08;23;225
12;2025-12-09;0;53
12;2025-12-09;1;0
12;2025-12-09;2;0
12;2025-12-09;3;0
12;2025-12-09;4;0
12;2025-12-09;5;270
12;2025-12-09;6;1360
12;2025-12-09;7;2888
12;2025-12-09;8;3888
12;2025-12-09;9;2519
12;2025-12-09;10;2168
12;2025-12-09;11;2100
12;2025-12-09;12;2157
12;2025-12-09;13;2155
12;2025-12-09;14;2310
12;2025-12-09;15;2430
12;2025-12-09;16;3083
12;2025-12-09;17;3280
12;2025-12-09;18;3375
12;2025-12-09;19;2656
12;2025-12-09;20;1520
12;2025-12-09;21;893
12;2025-12-09;22;467
12;2025-12-09;23;243
12;2025-12-10;0;48
12;2025-12-10;1;0
12;2025-12-10;2;0
12;2025-12-10;3;0
12;2025-12-10;4;0
12;2025-12-10;5;252
12;2025-12-10;6;1385
12;2025-12-10;7;2852
12;2025-12-10;8;3616
12;2025-12-10;9;2475
12;2025-12-10;10;2179
12;2025-12-10;11;2046
12;2025-12-10;12;2091
12;2025-12-10;13;2081
12;2025-12-10;14;2208
12;2025-12-10;15;2440
12;2025-12-10;16;2937
12;2025-12-10;17;3210
12;2025-12-10;18;3426
12;2025-12-10;19;2644
12;2025-12-10;20;1632
12;2025-12-10;21;964
12;2025-12-10;22;500
12;2025-12-10;23;267
12;2025-12-11;0;53
12;2025-12-11;1;0
12;2025-12-11;2;0
12;2025-12-11;3;0
12;2025-12-11;4;0
12;2025-12-11;5;237
12;2025-12-11;6;1285
12;2025-12-11;7;2759
12;2025-12-11;8;3561
12;2025-12-11;9;2368
12;2025-12-11;10;2067
12;2025-12-11;11;2051
12;2025-12-11;12;2165
12;2025-12-11;13;2066
12;2025-12-11;14;2245
12;2025-12-11;15;2373
12;2025-12-11;16;2922
12;2025-12-11;17;3227
12;2025-12-11;18;3291
12;2025-12-11;19;2564
12;2025-12-11;20;1543
12;2025-12-11;21;914
12;2025-12-11;22;478
12;2025-12-11;23;274
12;2025-12-12;0;61
12;2025-12-12;1;0
12;2025-12-12;2;0
12;2025-12-12;3;0
12;2025-12-12;4;0
12;2025-12-12;5;218
12;2025-12-12;6;1210
12;2025-12-12;7;2561
12;2025-12-12;8;3470
12;2025-12-12;9;2339
12;2025-12-12;10;1995
12;2025-12-12;11;2010
12;2025-12-12;12;2090
12;2025-12-12;13;2066
12;2025-12-12;14;2214
12;2025-12-12;15;2531
12;2025-12-12;16;3218
12;2025-12-12;17;3114
12;2025-12-12;18;2680
12;2025-12-12;19;2163
12;2025-12-12;20;1413
12;2025-12-12;21;948
12;2025-12-12;22;487
12;2025-12-12;23;287
12;2025-12-13;0;102
12;2025-12-13;1;0
12;2025-12-13;2;0
12;2025-12-13;3;0
12;2025-12-13;4;0
12;2025-12-13;5;173
12;2025-12-13;6;753
12;2025-12-13;7;857
12;2025-12-13;8;963
12;2025-12-13;9;1170
12;2025-12-13;10;1468
12;2025-12-13;11;1707
12;2025-12-13;12;1628
12;2025-12-13;13;1934
12;2025-12-13;14;1802
12;2025-12-13;15;1664
12;2025-12-13;16;1707
12;2025-12-13;17;1585
12;2025-12-13;18;1575
12;2025-12-13;19;1371
12;2025-12-13;20;931
12;2025-12-13;21;661
12;2025-12-13;22;433
12;2025-12-13;23;279
12;2025-12-14;0;102
12;2025-12-14;1;0
12;2025-12-14;2;0
12;2025-12-14;3;0
12;2025-12-14;4;0
12;2025-12-14;5;122
12;2025-12-14;6;527
12;2025-12-14;7;602
12;2025-12-14;8;726
12;2025-12-14;9;1023
12;2025-12-14;10;1245
12;2025-12-14;11;1482
12;2025-12-14;12;1560
12;2025-12-14;13;1871
12;2025-12-14;14;1695
12;2025-12-14;15;1608
12;2025-12-14;16;1649
12;2025-12-14;17;1663
12;2025-12-14;18;1345
12;2025-12-14;19;1070
12;2025-12-14;20;768
12;2025-12-14;21;610
12;2025-12-14;22;413
12;2025-12-14;23;227
12;2025-12-15;0;70
12;2025-12-15;1;0
12;2025-12-15;2;0
12;2025-12-15;3;0
12;2025-12-15;4;0
12;2025-12-15;5;270
12;2025-12-15;6;1397
12;2025-12-15;7;2812
12;2025-12-15;8;3748
12;2025-12-15;9;2494
12;2025-12-15;10;2019
12;2025-12-15;11;1969
12;2025-12-15;12;2093
12;2025-12-15;13;2003
12;2025-12-15;14;2035
12;2025-12-15;15;2343
12;2025-12-15;16;2869
12;2025-12-15;17;3156
12;2025-12-15;18;3391
12;2025-12-15;19;2540
12;2025-12-15;20;1545
12;2025-12-15;21;915
12;2025-12-15;22;454
12;2025-12-15;23;223
12;2025-12-16;0;52
12;2025-12-16;1;0
12;2025-12-16;2;0
12;2025-12-16;3;0
12;2025-12-16;4;0
12;2025-12-16;5;265
12;2025-12-16;6;1335
12;2025-12-16;7;2834
12;2025-12-16;8;3816
12;2025-12-16;9;2472
12;2025-12-16;10;2128
12;2025-12-16;11;2061
12;2025-12-16;12;2117
12;2025-12-16;13;2115
12;2025-12-16;14;2268
12;2025-12-16;15;2385
12;2025-12-16;16;3026
12;2025-12-16;17;3220
12;2025-12-16;18;3312
12;2025-12-16;19;2607
12;2025-12-16;20;1492
12;2025-12-16;21;877
12;2025-12-16;22;459
12;2025-12-16;23;238
12;2025-12-17;0;49
12;2025-12-17;1;0
12;2025-12-17;2;0
12;2025-12-17;3;0
12;2025-12-17;4;0
12;2025-12-17;5;257
12;2025-12-17;6;1412
12;2025-12-17;7;2908
12;2025-12-17;8;3688
12;2025-12-17;9;2524
12;2025-12-17;10;2222
12;2025-12-17;11;2086
12;2025-12-17;12;2132
12;2025-12-17;13;2122
12;2025-12-17;14;2252
12;2025-12-17;15;2488
12;2025-12-17;16;2995
12;2025-12-17;17;3273
12;2025-12-17;18;3494
12;2025-12-17;19;2696
12;2025-12-17;20;1664
12;2025-12-17;21;983
12;2025-12-17;22;510
12;2025-12-17;23;273
12;2025-12-18;0;54
12;2025-12-18;1;0
12;2025-12-18;2;0
12;2025-12-18;3;0
12;2025-12-18;4;0
12;2025-12-18;5;244
12;2025-12-18;6;1322
12;2025-12-18;7;2839
12;2025-12-18;8;3665
12;2025-12-18;9;2437
12;2025-12-18;10;2128
12;2025-12-18;11;2110
12;2025-12-18;12;2228
12;2025-12-18;13;2126
12;2025-12-18;14;2310
12;2025-12-18;15;2442
12;2025-12-18;16;3007
12;2025-12-18;17;3321
12;2025-12-18;18;3387
12;2025-12-18;19;2639
12;2025-12-18;20;1588
12;2025-12-18;21;941
12;2025-12-18;22;492
12;2025-12-18;23;282
12;2025-12-19;0;64
12;2025-12-19;1;0
12;2025-12-19;2;0
12;2025-12-19;3;0
12;2025-12-19;4;0
12;2025-12-19;5;227
12;2025-12-19;6;1261
12;2025-12-19;7;2671
12;2025-12-19;8;3619
12;2025-12-19;9;2439
12;2025-12-19;10;2081
12;2025-12-19;11;2096
12;2025-12-19;12;2179
12;2025-12-19;13;2155
12;2025-12-19;14;2309
12;2025-12-19;15;2640
12;2025-12-19;16;3356
12;2025-12-19;17;3248
12;2025-12-19;18;2795
12;2025-12-19;19;2256
12;2025-12-19;20;1474
12;2025-12-19;21;989
12;2025-12-19;22;508
12;2025-12-19;23;299
12;2025-12-20;0;101
12;2025-12-20;1;0
12;2025-12-20;2;0
12;2025-12-20;3;0
12;2025-12-20;4;0
12;2025-12-20;5;171
12;2025-12-20;6;745
12;2025-12-20;7;848
12;2025-12-20;8;953
12;2025-12-20;9;1157
12;2025-12-20;10;1453
12;2025-12-20;11;1689
12;2025-12-20;12;1611
12;2025-12-20;13;1913
12;2025-12-20;14;1783
12;2025-12-20;15;1646
12;2025-12-20;16;1689
12;2025-12-20;17;1568
12;2025-12-20;18;1559
12;2025-12-20;19;1356
12;2025-12-20;20;922
12;2025-12-20;21;654
12;2025-12-20;22;428
12;2025-12-20;23;276
12;2025-12-21;0;100
12;2025-12-21;1;0
12;2025-12-21;2;0
12;2025-12-21;3;0
12;2025-12-21;4;0
12;2025-12-21;5;119
12;2025-12-21;6;518
12;2025-12-21;7;591
12;2025-12-21;8;713
12;2025-12-21;9;1005
12;2025-12-21;10;1223
12;2025-12-21;11;1455
12;2025-12-21;12;1532
12;2025-12-21;13;1837
12;2025-12-21;14;1664
12;2025-12-21;15;1579
12;2025-12-21;16;1619
12;2025-12-21;17;1633
12;2025-12-21;18;1321
12;2025-12-21;19;1050
12;2025-12-21;20;754
12;2025-12-21;21;599
12;2025-12-21;22;405
12;2025-12-21;23;223
12;2025-12-22;0;69
12;2025-12-22;1;0
12;2025-12-22;2;0
12;2025-12-22;3;0
12;2025-12-22;4;0
12;2025-12-22;5;265
12;2025-12-22;6;1372
12;2025-12-22;7;2760
12;2025-12-22;8;3679
12;2025-12-22;9;2448
12;2025-12-22;10;1982
12;2025-12-22;11;1932
12;2025-12-22;12;2054
12;2025-12-22;13;1966
12;2025-12-22;14;1997
12;2025-12-22;15;2300
12;2025-12-22;16;2816
12;2025-12-22;17;3098
12;2025-12-22;18;3329
12;2025-12-22;19;2493
12;2025-12-22;20;1517
12;2025-12-22;21;898
12;2025-12-22;22;445
12;2025-12-22;23;219
12;2025-12-23;0;53
12;2025-12-23;1;0
12;2025-12-23;2;0
12;2025-12-23;3;0
12;2025-12-23;4;0
12;2025-12-23;5;270
12;2025-12-23;6;1361
12;2025-12-23;7;2891
12;2025-12-23;8;3892
12;2025-12-23;9;2522
12;2025-12-23;10;2170
12;2025-12-23;11;2102
12;2025-12-23;12;2159
12;2025-12-23;13;2157
12;2025-12-23;14;2313
12;2025-12-23;15;2433
12;2025-12-23;16;3086
12;2025-12-23;17;3284
12;2025-12-23;18;3378
12;2025-12-23;19;2658
12;2025-12-23;20;1522
12;2025-12-23;21;894
12;2025-12-23;22;468
12;2025-12-23;23;243
12;2025-12-24;0;48
12;2025-12-24;1;0
12;2025-12-24;2;0
12;2025-12-24;3;0
12;2025-12-24;4;0
12;2025-12-24;5;254
12;2025-12-24;6;1396
12;2025-12-24;7;2874
12;2025-12-24;8;3645
12;2025-12-24;9;2495
12;2025-12-24;10;2196
12;2025-12-24;11;2062
12;2025-12-24;12;2107
12;2025-12-24;13;2097
12;2025-12-24;14;2226
12;2025-12-24;15;2459
12;2025-12-24;16;2960
12;2025-12-24;17;3235
12;2025-12-24;18;3453
12;2025-12-24;19;2665
12;2025-12-24;20;1645
12;2025-12-24;21;972
12;2025-12-24;22;504
12;2025-12-24;23;269
12;2025-12-25;0;53
12;2025-12-25;1;0
12;2025-12-25;2;0
12;2025-12-25;3;0
12;2025-12-25;4;0
12;2025-12-25;5;237
12;2025-12-25;6;1285
12;2025-12-25;7;2758
12;2025-12-25;8;3560
12;2025-12-25;9;2367
12;2025-12-25;10;2067
12;2025-12-25;11;2050
12;2025-12-25;12;2165
12;2025-12-25;13;2065
12;2025-12-25;14;2244
12;2025-12-25;15;2373
12;2025-12-25;16;2921
12;2025-12-25;17;3226
12;2025-12-25;18;3290
12;2025-12-25;19;2563
12;2025-12-25;20;1542
12;2025-12-25;21;914
12;2025-12-25;22;478
12;2025-12-25;23;274
12;2025-12-26;0;60
12;2025-12-26;1;0
12;2025-12-26;2;0
12;2025-12-26;3;0
12;2025-12-26;4;0
12;2025-12-26;5;215
12;2025-12-26;6;1195
12;2025-12-26;7;2529
12;2025-12-26;8;3427
12;2025-12-26;9;2310
12;2025-12-26;10;1970
12;2025-12-26;11;1985
12;2025-12-26;12;2064
12;2025-12-26;13;2041
12;2025-12-26;14;2186
12;2025-12-26;15;2500
12;2025-12-26;16;3178
12;2025-12-26;17;3076
12;2025-12-26;18;2646
12;2025-12-26;19;2136
12;2025-12-26;20;1396
12;2025-12-26;21;937
12;2025-12-26;22;481
12;2025-12-26;23;284
12;2025-12-27;0;101
12;2025-12-27;1;0
12;2025-12-27;2;0
12;2025-12-27;3;0
12;2025-12-27;4;0
12;2025-12-27;5;170
12;2025-12-27;6;742
12;2025-12-27;7;844
12;2025-12-27;8;949
12;2025-12-27;9;1153
12;2025-12-27;10;1447
12;2025-12-27;11;1683
12;2025-12-27;12;1605
12;2025-12-27;13;1906
12;2025-12-27;14;1776
12;2025-12-27;15;1640
12;2025-12-27;16;1683
12;2025-12-27;17;1562
12;2025-12-27;18;1553
12;2025-12-27;19;1351
12;2025-12-27;20;918
12;2025-12-27;21;651
12;2025-12-27;22;427
12;2025-12-27;23;275
12;2025-12-28;0;98
12;2025-12-28;1;0
12;2025-12-28;2;0
12;2025-12-28;3;0
12;2025-12-28;4;0
12;2025-12-28;5;117
12;2025-12-28;6;507
12;2025-12-28;7;579
12;2025-12-28;8;698
12;2025-12-28;9;983
12;2025-12-28;10;1197
12;2025-12-28;11;1425
12;2025-12-28;12;1499
12;2025-12-28;13;1798
12;2025-12-28;14;1629
12;2025-12-28;15;1545
12;2025-12-28;16;1585
12;2025-12-28;17;1598
12;2025-12-28;18;1293
12;2025-12-28;19;1028
12;2025-12-28;20;738
12;2025-12-28;21;586
12;2025-12-28;22;397
12;2025-12-28;23;218
12;2025-12-29;0;69
12;2025-12-29;1;0
12;2025-12-29;2;0
12;2025-12-29;3;0
12;2025-12-29;4;0
12;2025-12-29;5;265
12;2025-12-29;6;1370
12;2025-12-29;7;2758
12;2025-12-29;8;3675
12;2025-12-29;9;2445
12;2025-12-29;10;1980
12;2025-12-29;11;1931
12;2025-12-29;12;2052
12;2025-12-29;13;1965
12;2025-12-29;14;1995
12;2025-12-29;15;2298
12;2025-12-29;16;2813
12;2025-12-29;17;3095
12;2025-12-29;18;3325
12;2025-12-29;19;2491
12;2025-12-29;20;1515
12;2025-12-29;21;897
12;2025-12-29;22;445
12;2025-12-29;23;219
12;2025-12-30;0;52
12;2025-12-30;1;0
12;2025-12-30;2;0
12;2025-12-30;3;0
12;2025-12-30;4;0
12;2025-12-30;5;263
12;2025-12-30;6;1326
12;2025-12-30;7;2817
12;2025-12-30;8;3793
12;2025-12-30;9;2457
12;2025-12-30;10;2114
12;2025-12-30;11;2049
12;2025-12-30;12;2104
12;2025-12-30;13;2102
12;2025-12-30;14;2254
12;2025-12-30;15;2371
12;2025-12-30;16;3007
12;2025-12-30;17;3200
12;2025-12-30;18;3292
12;2025-12-30;19;2590
12;2025-12-30;20;1483
12;2025-12-30;21;871
12;2025-12-30;22;456
12;2025-12-30;23;237
12;2025-12-31;0;90
12;2025-12-31;1;0
12;2025-12-31;2;0
12;2025-12-31;3;0
12;2025-12-31;4;0
12;2025-12-31;5;131
12;2025-12-31;6;570
12;2025-12-31;7;650
12;2025-12-31;8;751
12;2025-12-31;9;973
12;2025-12-31;10;1205
12;2025-12-31;11;1416
12;2025-12-31;12;1413
12;2025-12-31;13;1686
12;2025-12-31;14;1550
12;2025-12-31;15;1449
12;2025-12-31;16;1487
12;2025-12-31;17;1437
12;2025-12-31;18;1297
12;2025-12-31;19;1085
12;2025-12-31;20;755
12;2025-12-31;21;564
12;2025-12-31;22;375
12;2025-12-31;23;225
17;2025-11-01;0;107
17;2025-11-01;1;0
17;2025-11-01;2;0
17;2025-11-01;3;0
17;2025-11-01;4;0
17;2025-11-01;5;166
17;2025-11-01;6;1149
17;2025-11-01;7;3142
17;2025-11-01;8;3918
17;2025-11-01;9;2781
17;2025-11-01;10;2204
17;2025-11-01;11;2247
17;2025-11-01;12;2231
17;2025-11-01;13;2317
17;2025-11-01;14;2365
17;2025-11-01;15;2585
17;2025-11-01;16;3028
17;2025-11-01;17;3447
17;2025-11-01;18;3232
17;2025-11-01;19;2475
17;2025-11-01;20;1760
17;2025-11-01;21;1180
17;2025-11-01;22;634
17;2025-11-01;23;359
17;2025-11-02;0;191
17;2025-11-02;1;0
17;2025-11-02;2;0
17;2025-11-02;3;0
17;2025-11-02;4;0
17;2025-11-02;5;79
17;2025-11-02;6;448
17;2025-11-02;7;866
17;2025-11-02;8;1255
17;2025-11-02;9;1708
17;2025-11-02;10;1979
17;2025-11-02;11;2519
17;2025-11-02;12;2827
17;2025-11-02;13;3160
17;2025-11-02;14;3276
17;2025-11-02;15;3211
17;2025-11-02;16;3171
17;2025-11-02;17;3082
17;2025-11-02;18;2719
17;2025-11-02;19;2207
17;2025-11-02;20;1662
17;2025-11-02;21;1172
17;2025-11-02;22;717
17;2025-11-02;23;324
17;2025-11-03;0;176
17;2025-11-03;1;0
17;2025-11-03;2;0
17;2025-11-03;3;0
17;2025-11-03;4;0
17;2025-11-03;5;80
17;2025-11-03;6;474
17;2025-11-03;7;977
17;2025-11-03;8;1377
17;2025-11-03;9;1781
17;2025-11-03;10;2008
17;2025-11-03;11;2426
17;2025-11-03;12;2686
17;2025-11-03;13;2929
17;2025-11-03;14;2974
17;2025-11-03;15;2958
17;2025-11-03;16;2938
17;2025-11-03;17;2817
17;2025-11-03;18;2524
17;2025-11-03;19;2089
17;2025-11-03;20;1594
17;2025-11-03;21;1130
17;2025-11-03;22;701
17;2025-11-03;23;344
17;2025-11-04;0;174
17;2025-11-04;1;0
17;2025-11-04;2;0
17;2025-11-04;3;0
17;2025-11-04;4;0
17;2025-11-04;5;79
17;2025-11-04;6;469
17;2025-11-04;7;965
17;2025-11-04;8;1361
17;2025-11-04;9;1760
17;2025-11-04;10;1984
17;2025-11-04;11;2398
17;2025-11-04;12;2655
17;2025-11-04;13;2894
17;2025-11-04;14;2939
17;2025-11-04;15;2924
17;2025-11-04;16;2904
17;2025-11-04;17;2784
17;2025-11-04;18;2495
17;2025-11-04;19;2064
17;2025-11-04;20;1575
17;2025-11-04;21;1117
17;2025-11-04;22;693
17;2025-11-04;23;340
17;2025-11-05;0;123
17;2025-11-05;1;0
17;2025-11-05;2;0
17;2025-11-05;3;0
17;2025-11-05;4;0
17;2025-11-05;5;236
17;2025-11-05;6;1645
17;2025-11-05;7;4484
17;2025-11-05;8;5570
17;2025-11-05;9;3762
17;2025-11-05;10;3090
17;2025-11-05;11;3092
17;2025-11-05;12;3169
17;2025-11-05;13;3189
17;2025-11-05;14;3284
17;2025-11-05;15;3446
17;2025-11-05;16;3776
17;2025-11-05;17;4707
17;2025-11-05;18;5092
17;2025-11-05;19;3608
17;2025-11-05;20;2472
17;2025-11-05;21;1565
17;2025-11-05;22;799
17;2025-11-05;23;396
17;2025-11-06;0;139
17;2025-11-06;1;0
17;2025-11-06;2;0
17;2025-11-06;3;0
17;2025-11-06;4;0
17;2025-11-06;5;230
17;2025-11-06;6;1555
17;2025-11-06;7;4350
17;2025-11-06;8;5423
17;2025-11-06;9;3818
17;2025-11-06;10;3031
17;2025-11-06;11;2965
17;2025-11-06;12;3033
17;2025-11-06;13;3081
17;2025-11-06;14;3114
17;2025-11-06;15;3298
17;2025-11-06;16;3722
17;2025-11-06;17;4544
17;2025-11-06;18;4835
17;2025-11-06;19;3446
17;2025-11-06;20;2404
17;2025-11-06;21;1517
17;2025-11-06;22;779
17;2025-11-06;23;395
17;2025-11-07;0;141
17;2025-11-07;1;0
17;2025-11-07;2;0
17;2025-11-07;3;0
17;2025-11-07;4;0
17;2025-11-07;5;220
17;2025-11-07;6;1517
17;2025-11-07;7;4149
17;2025-11-07;8;5174
17;2025-11-07;9;3672
17;2025-11-07;10;2910
17;2025-11-07;11;2967
17;2025-11-07;12;2945
17;2025-11-07;13;3060
17;2025-11-07;14;3123
17;2025-11-07;15;3414
17;2025-11-07;16;3998
17;2025-11-07;17;4552
17;2025-11-07;18;4267
17;2025-11-07;19;3268
17;2025-11-07;20;2324
17;2025-11-07;21;1559
17;2025-11-07;22;837
17;2025-11-07;23;474
17;2025-11-08;0;193
17;2025-11-08;1;0
17;2025-11-08;2;0
17;2025-11-08;3;0
17;2025-11-08;4;0
17;2025-11-08;5;96
17;2025-11-08;6;581
17;2025-11-08;7;1252
17;2025-11-08;8;1733
17;2025-11-08;9;2160
17;2025-11-08;10;2384
17;2025-11-08;11;2758
17;2025-11-08;12;3017
17;2025-11-08;13;3216
17;2025-11-08;14;3201
17;2025-11-08;15;3230
17;2025-11-08;16;3226
17;2025-11-08;17;3053
17;2025-11-08;18;2776
17;2025-11-08;19;2338
17;2025-11-08;20;1805
17;2025-11-08;21;1287
17;2025-11-08;22;807
17;2025-11-08;23;423
17;2025-11-09;0;188
17;2025-11-09;1;0
17;2025-11-09;2;0
17;2025-11-09;3;0
17;2025-11-09;4;0
17;2025-11-09;5;78
17;2025-11-09;6;442
17;2025-11-09;7;853
17;2025-11-09;8;1237
17;2025-11-09;9;1684
17;2025-11-09;10;1950
17;2025-11-09;11;2483
17;2025-11-09;12;2785
17;2025-11-09;13;3114
17;2025-11-09;14;3228
17;2025-11-09;15;3164
17;2025-11-09;16;3124
17;2025-11-09;17;3037
17;2025-11-09;18;2679
17;2025-11-09;19;2175
17;2025-11-09;20;1638
17;2025-11-09;21;1155
17;2025-11-09;22;706
17;2025-11-09;23;319
17;2025-11-10;0;126
17;2025-11-10;1;0
17;2025-11-10;2;0
17;2025-11-10;3;0
17;2025-11-10;4;0
17;2025-11-10;5;231
17;2025-11-10;6;1593
17;2025-11-10;7;4382
17;2025-11-10;8;5573
17;2025-11-10;9;3910
17;2025-11-10;10;2993
17;2025-11-10;11;2932
17;2025-11-10;12;2946
17;2025-11-10;13;3049
17;2025-11-10;14;3095
17;2025-11-10;15;3312
17;2025-11-10;16;3691
17;2025-11-10;17;4497
17;2025-11-10;18;4882
17;2025-11-10;19;3340
17;2025-11-10;20;2323
17;2025-11-10;21;1432
17;2025-11-10;22;726
17;2025-11-10;23;335
17;2025-11-11;0;116
17;2025-11-11;1;0
17;2025-11-11;2;0
17;2025-11-11;3;0
17;2025-11-11;4;0
17;2025-11-11;5;238
17;2025-11-11;6;1656
17;2025-11-11;7;4566
17;2025-11-11;8;5768
17;2025-11-11;9;3991
17;2025-11-11;10;3090
17;2025-11-11;11;3034
17;2025-11-11;12;3062
17;2025-11-11;13;3161
17;2025-11-11;14;3309
17;2025-11-11;15;3288
17;2025-11-11;16;3684
17;2025-11-11;17;4784
17;2025-11-11;18;5178
17;2025-11-11;19;3608
17;2025-11-11;20;2471
17;2025-11-11;21;1504
17;2025-11-11;22;755
17;2025-11-11;23;370
17;2025-11-12;0;121
17;2025-11-12;1;0
17;2025-11-12;2;0
17;2025-11-12;3;0
17;2025-11-12;4;0
17;2025-11-12;5;232
17;2025-11-12;6;1615
17;2025-11-12;7;4403
17;2025-11-12;8;5469
17;2025-11-12;9;3694
17;2025-11-12;10;3034
17;2025-11-12;11;3036
17;2025-11-12;12;3112
17;2025-11-12;13;3131
17;2025-11-12;14;3225
17;2025-11-12;15;3383
17;2025-11-12;16;3707
17;2025-11-12;17;4622
17;2025-11-12;18;5000
17;2025-11-12;19;3543
17;2025-11-12;20;2427
17;2025-11-12;21;1537
17;2025-11-12;22;785
17;2025-11-12;23;389
17;2025-11-13;0;142
17;2025-11-13;1;0
17;2025-11-13;2;0
17;2025-11-13;3;0
17;2025-11-13;4;0
17;2025-11-13;5;237
17;2025-11-13;6;1596
17;2025-11-13;7;4466
17;2025-11-13;8;5567
17;2025-11-13;9;3919
17;2025-11-13;10;3111
17;2025-11-13;11;3043
17;2025-11-13;12;3113
17;2025-11-13;13;3162
17;2025-11-13;14;3196
17;2025-11-13;15;3386
17;2025-11-13;16;3821
17;2025-11-13;17;4665
17;2025-11-13;18;4964
17;2025-11-13;19;3538
17;2025-11-13;20;2468
17;2025-11-13;21;1558
17;2025-11-13;22;800
17;2025-11-13;23;405
17;2025-11-14;0;143
17;2025-11-14;1;0
17;2025-11-14;2;0
17;2025-11-14;3;0
17;2025-11-14;4;0
17;2025-11-14;5;223
17;2025-11-14;6;1538
17;2025-11-14;7;4206
17;2025-11-14;8;5245
17;2025-11-14;9;3723
17;2025-11-14;10;2950
17;2025-11-14;11;3008
17;2025-11-14;12;2986
17;2025-11-14;13;3102
17;2025-11-14;14;3166
17;2025-11-14;15;3461
17;2025-11-14;16;4054
17;2025-11-14;17;4615
17;2025-11-14;18;4326
17;2025-11-14;19;3313
17;2025-11-14;20;2356
17;2025-11-14;21;1580
17;2025-11-14;22;848
17;2025-11-14;23;481
17;2025-11-15;0;180
17;2025-11-15;1;0
17;2025-11-15;2;0
17;2025-11-15;3;0
17;2025-11-15;4;0
17;2025-11-15;5;89
17;2025-11-15;6;542
17;2025-11-15;7;1168
17;2025-11-15;8;1617
17;2025-11-15;9;2016
17;2025-11-15;10;2225
17;2025-11-15;11;2574
17;2025-11-15;12;2816
17;2025-11-15;13;3001
17;2025-11-15;14;2988
17;2025-11-15;15;3014
17;2025-11-15;16;3011
17;2025-11-15;17;2849
17;2025-11-15;18;2590
17;2025-11-15;19;2182
17;2025-11-15;20;1685
17;2025-11-15;21;1201
17;2025-11-15;22;753
17;2025-11-15;23;395
17;2025-11-16;0;191
17;2025-11-16;1;0
17;2025-11-16;2;0
17;2025-11-16;3;0
17;2025-11-16;4;0
17;2025-11-16;5;79
17;2025-11-16;6;449
17;2025-11-16;7;867
17;2025-11-16;8;1256
17;2025-11-16;9;1710
17;2025-11-16;10;1981
17;2025-11-16;11;2522
17;2025-11-16;12;2830
17;2025-11-16;13;3163
17;2025-11-16;14;3280
17;2025-11-16;15;3215
17;2025-11-16;16;3174
17;2025-11-16;17;3085
17;2025-11-16;18;2722
17;2025-11-16;19;2210
17;2025-11-16;20;1664
17;2025-11-16;21;1173
17;2025-11-16;22;717
17;2025-11-16;23;324
17;2025-11-17;0;123
17;2025-11-17;1;0
17;2025-11-17;2;0
17;2025-11-17;3;0
17;2025-11-17;4;0
17;2025-11-17;5;226
17;2025-11-17;6;1554
17;2025-11-17;7;4274
17;2025-11-17;8;5436
17;2025-11-17;9;3813
17;2025-11-17;10;2919
17;2025-11-17;11;2859
17;2025-11-17;12;2874
17;2025-11-17;13;2974
17;2025-11-17;14;3019
17;2025-11-17;15;3230
17;2025-11-17;16;3600
17;2025-11-17;17;4386
17;2025-11-17;18;4761
17;2025-11-17;19;3258
17;2025-11-17;20;2265
17;2025-11-17;21;1397
17;2025-11-17;22;708
17;2025-11-17;23;327
17;2025-11-18;0;110
17;2025-11-18;1;0
17;2025-11-18;2;0
17;2025-11-18;3;0
17;2025-11-18;4;0
17;2025-11-18;5;225
17;2025-11-18;6;1568
17;2025-11-18;7;4322
17;2025-11-18;8;5459
17;2025-11-18;9;3778
17;2025-11-18;10;2924
17;2025-11-18;11;2871
17;2025-11-18;12;2898
17;2025-11-18;13;2991
17;2025-11-18;14;3132
17;2025-11-18;15;3112
17;2025-11-18;16;3486
17;2025-11-18;17;4528
17;2025-11-18;18;4901
17;2025-11-18;19;3415
17;2025-11-18;20;2338
17;2025-11-18;21;1424
17;2025-11-18;22;714
17;2025-11-18;23;350
17;2025-11-19;0;123
17;2025-11-19;1;0
17;2025-11-19;2;0
17;2025-11-19;3;0
17;2025-11-19;4;0
17;2025-11-19;5;237
17;2025-11-19;6;1650
17;2025-11-19;7;4500
17;2025-11-19;8;5589
17;2025-11-19;9;3775
17;2025-11-19;10;3100
17;2025-11-19;11;3103
17;2025-11-19;12;3180
17;2025-11-19;13;3199
17;2025-11-19;14;3295
17;2025-11-19;15;3457
17;2025-11-19;16;3788
17;2025-11-19;17;4723
17;2025-11-19;18;5110
17;2025-11-19;19;3621
17;2025-11-19;20;2480
17;2025-11-19;21;1570
17;2025-11-19;22;802
17;2025-11-19;23;397
17;2025-11-20;0;143
17;2025-11-20;1;0
17;2025-11-20;2;0
17;2025-11-20;3;0
17;2025-11-20;4;0
17;2025-11-20;5;238
17;2025-11-20;6;1608
17;2025-11-20;7;4499
17;2025-11-20;8;5608
17;2025-11-20;9;3948
17;2025-11-20;10;3134
17;2025-11-20;11;3066
17;2025-11-20;12;3136
17;2025-11-20;13;3186
17;2025-11-20;14;3220
17;2025-11-20;15;3411
17;2025-11-20;16;3849
17;2025-11-20;17;4699
17;2025-11-20;18;5000
17;2025-11-20;19;3564
17;2025-11-20;20;2486
17;2025-11-20;21;1569
17;2025-11-20;22;806
17;2025-11-20;23;408
17;2025-11-21;0;143
17;2025-11-21;1;0
17;2025-11-21;2;0
17;2025-11-21;3;0
17;2025-11-21;4;0
17;2025-11-21;5;224
17;2025-11-21;6;1544
17;2025-11-21;7;4224
17;2025-11-21;8;5267
17;2025-11-21;9;3738
17;2025-11-21;10;2963
17;2025-11-21;11;3020
17;2025-11-21;12;2999
17;2025-11-21;13;3115
17;2025-11-21;14;3180
17;2025-11-21;15;3475
17;2025-11-21;16;4071
17;2025-11-21;17;4634
17;2025-11-21;18;4344
17;2025-11-21;19;3327
17;2025-11-21;20;2366
17;2025-11-21;21;1587
17;2025-11-21;22;852
17;2025-11-21;23;483
17;2025-11-22;0;190
17;2025-11-22;1;0
17;2025-11-22;2;0
17;2025-11-22;3;0
17;2025-11-22;4;0
17;2025-11-22;5;94
17;2025-11-22;6;571
17;2025-11-22;7;1230
17;2025-11-22;8;1703
17;2025-11-22;9;2122
17;2025-11-22;10;2343
17;2025-11-22;11;2710
17;2025-11-22;12;2965
17;2025-11-22;13;3160
17;2025-11-22;14;3146
17;2025-11-22;15;3173
17;2025-11-22;16;3170
17;2025-11-22;17;2999
17;2025-11-22;18;2727
17;2025-11-22;19;2297
17;2025-11-22;20;1774
17;2025-11-22;21;1265
17;2025-11-22;22;793
17;2025-11-22;23;416
17;2025-11-23;0;189
17;2025-11-23;1;0
17;2025-11-23;2;0
17;2025-11-23;3;0
17;2025-11-23;4;0
17;2025-11-23;5;78
17;2025-11-23;6;444
17;2025-11-23;7;858
17;2025-11-23;8;1243
17;2025-11-23;9;1693
17;2025-11-23;10;1961
17;2025-11-23;11;2496
17;2025-11-23;12;2801
17;2025-11-23;13;3131
17;2025-11-23;14;3246
17;2025-11-23;15;3182
17;2025-11-23;16;3141
17;2025-11-23;17;3053
17;2025-11-23;18;2694
17;2025-11-23;19;2187
17;2025-11-23;20;1647
17;2025-11-23;21;1161
17;2025-11-23;22;710
17;2025-11-23;23;321
17;2025-11-24;0;121
17;2025-11-24;1;0
17;2025-11-24;2;0
17;2025-11-24;3;0
17;2025-11-24;4;0
17;2025-11-24;5;222
17;2025-11-24;6;1529
17;2025-11-24;7;4205
17;2025-11-24;8;5348
17;2025-11-24;9;3752
17;2025-11-24;10;2872
17;2025-11-24;11;2813
17;2025-11-24;12;2827
17;2025-11-24;13;2926
17;2025-11-24;14;2970
17;2025-11-24;15;3178
17;2025-11-24;16;3542
17;2025-11-24;17;4316
17;2025-11-24;18;4685
17;2025-11-24;19;3205
17;2025-11-24;20;2229
17;2025-11-24;21;1374
17;2025-11-24;22;697
17;2025-11-24;23;322
17;2025-11-25;0;116
17;2025-11-25;1;0
17;2025-11-25;2;0
17;2025-11-25;3;0
17;2025-11-25;4;0
17;2025-11-25;5;238
17;2025-11-25;6;1653
17;2025-11-25;7;4556
17;2025-11-25;8;5755
17;2025-11-25;9;3982
17;2025-11-25;10;3083
17;2025-11-25;11;3027
17;2025-11-25;12;3055
17;2025-11-25;13;3153
17;2025-11-25;14;3301
17;2025-11-25;15;3280
17;2025-11-25;16;3675
17;2025-11-25;17;4773
17;2025-11-25;18;5166
17;2025-11-25;19;3600
17;2025-11-25;20;2465
17;2025-11-25;21;1501
17;2025-11-25;22;753
17;2025-11-25;23;369
17;2025-11-26;0;118
17;2025-11-26;1;0
17;2025-11-26;2;0
17;2025-11-26;3;0
17;2025-11-26;4;0
17;2025-11-26;5;226
17;2025-11-26;6;1575
17;2025-11-26;7;4294
17;2025-11-26;8;5334
17;2025-11-26;9;3602
17;2025-11-26;10;2959
17;2025-11-26;11;2961
17;2025-11-26;12;3035
17;2025-11-26;13;3053
17;2025-11-26;14;3145
17;2025-11-26;15;3299
17;2025-11-26;16;3615
17;2025-11-26;17;4507
17;2025-11-26;18;4876
17;2025-11-26;19;3455
17;2025-11-26;20;2367
17;2025-11-26;21;1499
17;2025-11-26;22;765
17;2025-11-26;23;379
17;2025-11-27;0;138
17;2025-11-27;1;0
17;2025-11-27;2;0
17;2025-11-27;3;0
17;2025-11-27;4;0
17;2025-11-27;5;229
17;2025-11-27;6;1548
17;2025-11-27;7;4332
17;2025-11-27;8;5400
17;2025-11-27;9;3802
17;2025-11-27;10;3018
17;2025-11-27;11;2952
17;2025-11-27;12;3020
17;2025-11-27;13;3068
17;2025-11-27;14;3101
17;2025-11-27;15;3285
17;2025-11-27;16;3707
17;2025-11-27;17;4525
17;2025-11-27;18;4815
17;2025-11-27;19;3432
17;2025-11-27;20;2394
17;2025-11-27;21;1511
17;2025-11-27;22;776
17;2025-11-27;23;393
17;2025-11-28;0;141
17;2025-11-28;1;0
17;2025-11-28;2;0
17;2025-11-28;3;0
17;2025-11-28;4;0
17;2025-11-28;5;220
17;2025-11-28;6;1519
17;2025-11-28;7;4155
17;2025-11-28;8;5182
17;2025-11-28;9;3678
17;2025-11-28;10;2915
17;2025-11-28;11;2971
17;2025-11-28;12;2950
17;2025-11-28;13;3064
17;2025-11-28;14;3128
17;2025-11-28;15;3419
17;2025-11-28;16;4005
17;2025-11-28;17;4559
17;2025-11-28;18;4274
17;2025-11-28;19;3273
17;2025-11-28;20;2327
17;2025-11-28;21;1561
17;2025-11-28;22;838
17;2025-11-28;23;475
17;2025-11-29;0;198
17;2025-11-29;1;0
17;2025-11-29;2;0
17;2025-11-29;3;0
17;2025-11-29;4;0
17;2025-11-29;5;98
17;2025-11-29;6;596
17;2025-11-29;7;1283
17;2025-11-29;8;1777
17;2025-11-29;9;2214
17;2025-11-29;10;2445
17;2025-11-29;11;2828
17;2025-11-29;12;3094
17;2025-11-29;13;3297
17;2025-11-29;14;3282
17;2025-11-29;15;3311
17;2025-11-29;16;3308
17;2025-11-29;17;3130
17;2025-11-29;18;2846
17;2025-11-29;19;2397
17;2025-11-29;20;1851
17;2025-11-29;21;1320
17;2025-11-29;22;828
17;2025-11-29;23;434
17;2025-11-30;0;191
17;2025-11-30;1;0
17;2025-11-30;2;0
17;2025-11-30;3;0
17;2025-11-30;4;0
17;2025-11-30;5;79
17;2025-11-30;6;448
17;2025-11-30;7;865
17;2025-11-30;8;1253
17;2025-11-30;9;1706
17;2025-11-30;10;1976
17;2025-11-30;11;2516
17;2025-11-30;12;2823
17;2025-11-30;13;3156
17;2025-11-30;14;3272
17;2025-11-30;15;3207
17;2025-11-30;16;3167
17;2025-11-30;17;3078
17;2025-11-30;18;2715
17;2025-11-30;19;2204
17;2025-11-30;20;1660
17;2025-11-30;21;1170
17;2025-11-30;22;716
17;2025-11-30;23;323
17;2025-12-01;0;105
17;2025-12-01;1;0
17;2025-12-01;2;0
17;2025-12-01;3;0
17;2025-12-01;4;0
17;2025-12-01;5;249
17;2025-12-01;6;1574
17;2025-12-01;7;4219
17;2025-12-01;8;5681
17;2025-12-01;9;3769
17;2025-12-01;10;2860
17;2025-12-01;11;2909
17;2025-12-01;12;2905
17;2025-12-01;13;3039
17;2025-12-01;14;3065
17;2025-12-01;15;3358
17;2025-12-01;16;3801
17;2025-12-01;17;4705
17;2025-12-01;18;5265
17;2025-12-01;19;3662
17;2025-12-01;20;2455
17;2025-12-01;21;1416
17;2025-12-01;22;820
17;2025-12-01;23;340
17;2025-12-02;0;121
17;2025-12-02;1;0
17;2025-12-02;2;0
17;2025-12-02;3;0
17;2025-12-02;4;0
17;2025-12-02;5;261
17;2025-12-02;6;1660
17;2025-12-02;7;4356
17;2025-12-02;8;5855
17;2025-12-02;9;4061
17;2025-12-02;10;3089
17;2025-12-02;11;2995
17;2025-12-02;12;3137
17;2025-12-02;13;3204
17;2025-12-02;14;3282
17;2025-12-02;15;3513
17;2025-12-02;16;3851
17;2025-12-02;17;4741
17;2025-12-02;18;5187
17;2025-12-02;19;3710
17;2025-12-02;20;2561
17;2025-12-02;21;1519
17;2025-12-02;22;808
17;2025-12-02;23;354
17;2025-12-03;0;118
17;2025-12-03;1;0
17;2025-12-03;2;0
17;2025-12-03;3;0
17;2025-12-03;4;0
17;2025-12-03;5;262
17;2025-12-03;6;1611
17;2025-12-03;7;4272
17;2025-12-03;8;5701
17;2025-12-03;9;3914
17;2025-12-03;10;3018
17;2025-12-03;11;3088
17;2025-12-03;12;3120
17;2025-12-03;13;3267
17;2025-12-03;14;3302
17;2025-12-03;15;3481
17;2025-12-03;16;3914
17;2025-12-03;17;4763
17;2025-12-03;18;5229
17;2025-12-03;19;3687
17;2025-12-03;20;2511
17;2025-12-03;21;1563
17;2025-12-03;22;863
17;2025-12-03;23;391
17;2025-12-04;0;126
17;2025-12-04;1;0
17;2025-12-04;2;0
17;2025-12-04;3;0
17;2025-12-04;4;0
17;2025-12-04;5;254
17;2025-12-04;6;1631
17;2025-12-04;7;4206
17;2025-12-04;8;5595
17;2025-12-04;9;3935
17;2025-12-04;10;3142
17;2025-12-04;11;3064
17;2025-12-04;12;3205
17;2025-12-04;13;3224
17;2025-12-04;14;3304
17;2025-12-04;15;3501
17;2025-12-04;16;3941
17;2025-12-04;17;4635
17;2025-12-04;18;5200
17;2025-12-04;19;3697
17;2025-12-04;20;2531
17;2025-12-04;21;1554
17;2025-12-04;22;898
17;2025-12-04;23;406
17;2025-12-05;0;146
17;2025-12-05;1;0
17;2025-12-05;2;0
17;2025-12-05;3;0
17;2025-12-05;4;0
17;2025-12-05;5;237
17;2025-12-05;6;1547
17;2025-12-05;7;4014
17;2025-12-05;8;5384
17;2025-12-05;9;3763
17;2025-12-05;10;2964
17;2025-12-05;11;2982
17;2025-12-05;12;3127
17;2025-12-05;13;3193
17;2025-12-05;14;3275
17;2025-12-05;15;3729
17;2025-12-05;16;4447
17;2025-12-05;17;4838
17;2025-12-05;18;4537
17;2025-12-05;19;3290
17;2025-12-05;20;2413
17;2025-12-05;21;1608
17;2025-12-05;22;967
17;2025-12-05;23;467
17;2025-12-06;0;188
17;2025-12-06;1;0
17;2025-12-06;2;0
17;2025-12-06;3;0
17;2025-12-06;4;0
17;2025-12-06;5;83
17;2025-12-06;6;511
17;2025-12-06;7;1062
17;2025-12-06;8;1579
17;2025-12-06;9;2075
17;2025-12-06;10;2289
17;2025-12-06;11;2811
17;2025-12-06;12;3209
17;2025-12-06;13;3420
17;2025-12-06;14;3509
17;2025-12-06;15;3454
17;2025-12-06;16;3453
17;2025-12-06;17;3281
17;2025-12-06;18;2885
17;2025-12-06;19;2367
17;2025-12-06;20;1850
17;2025-12-06;21;1345
17;2025-12-06;22;912
17;2025-12-06;23;430
17;2025-12-07;0;182
17;2025-12-07;1;0
17;2025-12-07;2;0
17;2025-12-07;3;0
17;2025-12-07;4;0
17;2025-12-07;5;67
17;2025-12-07;6;431
17;2025-12-07;7;750
17;2025-12-07;8;1251
17;2025-12-07;9;1706
17;2025-12-07;10;1938
17;2025-12-07;11;2487
17;2025-12-07;12;2967
17;2025-12-07;13;3285
17;2025-12-07;14;3370
17;2025-12-07;15;3374
17;2025-12-07;16;3248
17;2025-12-07;17;3077
17;2025-12-07;18;2662
17;2025-12-07;19;2137
17;2025-12-07;20;1680
17;2025-12-07;21;1187
17;2025-12-07;22;784
17;2025-12-07;23;331
17;2025-12-08;0;105
17;2025-12-08;1;0
17;2025-12-08;2;0
17;2025-12-08;3;0
17;2025-12-08;4;0
17;2025-12-08;5;250
17;2025-12-08;6;1575
17;2025-12-08;7;4223
17;2025-12-08;8;5686
17;2025-12-08;9;3772
17;2025-12-08;10;2863
17;2025-12-08;11;2912
17;2025-12-08;12;2908
17;2025-12-08;13;3042
17;2025-12-08;14;3068
17;2025-12-08;15;3362
17;2025-12-08;16;3804
17;2025-12-08;17;4709
17;2025-12-08;18;5269
17;2025-12-08;19;3666
17;2025-12-08;20;2457
17;2025-12-08;21;1417
17;2025-12-08;22;820
17;2025-12-08;23;341
17;2025-12-09;0;120
17;2025-12-09;1;0
17;2025-12-09;2;0
17;2025-12-09;3;0
17;2025-12-09;4;0
17;2025-12-09;5;258
17;2025-12-09;6;1646
17;2025-12-09;7;4321
17;2025-12-09;8;5807
17;2025-12-09;9;4029
17;2025-12-09;10;3064
17;2025-12-09;11;2971
17;2025-12-09;12;3111
17;2025-12-09;13;3178
17;2025-12-09;14;3255
17;2025-12-09;15;3485
17;2025-12-09;16;3819
17;2025-12-09;17;4702
17;2025-12-09;18;5144
17;2025-12-09;19;3680
17;2025-12-09;20;2540
17;2025-12-09;21;1506
17;2025-12-09;22;801
17;2025-12-09;23;351
17;2025-12-10;0;115
17;2025-12-10;1;0
17;2025-12-10;2;0
17;2025-12-10;3;0
17;2025-12-10;4;0
17;2025-12-10;5;257
17;2025-12-10;6;1582
17;2025-12-10;7;4194
17;2025-12-10;8;5596
17;2025-12-10;9;3842
17;2025-12-10;10;2963
17;2025-12-10;11;3031
17;2025-12-10;12;3063
17;2025-12-10;13;3207
17;2025-12-10;14;3241
17;2025-12-10;15;3416
17;2025-12-10;16;3841
17;2025-12-10;17;4675
17;2025-12-10;18;5132
17;2025-12-10;19;3619
17;2025-12-10;20;2465
17;2025-12-10;21;1534
17;2025-12-10;22;848
17;2025-12-10;23;384
17;2025-12-11;0;122
17;2025-12-11;1;0
17;2025-12-11;2;0
17;2025-12-11;3;0
17;2025-12-11;4;0
17;2025-12-11;5;244
17;2025-12-11;6;1571
17;2025-12-11;7;4052
17;2025-12-11;8;5390
17;2025-12-11;9;3791
17;2025-12-11;10;3027
17;2025-12-11;11;2952
17;2025-12-11;12;3088
17;2025-12-11;13;3106
17;2025-12-11;14;3183
17;2025-12-11;15;3373
17;2025-12-11;16;3797
17;2025-12-11;17;4466
17;2025-12-11;18;5010
17;2025-12-11;19;3562
17;2025-12-11;20;2439
17;2025-12-11;21;1497
17;2025-12-11;22;865
17;2025-12-11;23;391
17;2025-12-12;0;140
17;2025-12-12;1;0
17;2025-12-12;2;0
17;2025-12-12;3;0
17;2025-12-12;4;0
17;2025-12-12;5;228
17;2025-12-12;6;1486
17;2025-12-12;7;3855
17;2025-12-12;8;5171
17;2025-12-12;9;3614
17;2025-12-12;10;2846
17;2025-12-12;11;2864
17;2025-12-12;12;3003
17;2025-12-12;13;3067
17;2025-12-12;14;3145
17;2025-12-12;15;3581
17;2025-12-12;16;4271
17;2025-12-12;17;4646
17;2025-12-12;18;4357
17;2025-12-12;19;3159
17;2025-12-12;20;2317
17;2025-12-12;21;1544
17;2025-12-12;22;929
17;2025-12-12;23;448
17;2025-12-13;0;189
17;2025-12-13;1;0
17;2025-12-13;2;0
17;2025-12-13;3;0
17;2025-12-13;4;0
17;2025-12-13;5;83
17;2025-12-13;6;512
17;2025-12-13;7;1065
17;2025-12-13;8;1584
17;2025-12-13;9;2082
17;2025-12-13;10;2296
17;2025-12-13;11;2821
17;2025-12-13;12;3219
17;2025-12-13;13;3431
17;2025-12-13;14;3520
17;2025-12-13;15;3465
17;2025-12-13;16;3464
17;2025-12-13;17;3292
17;2025-12-13;18;2894
17;2025-12-13;19;2374
17;2025-12-13;20;1856
17;2025-12-13;21;1350
17;2025-12-13;22;915
17;2025-12-13;23;431
17;2025-12-14;0;182
17;2025-12-14;1;0
17;2025-12-14;2;0
17;2025-12-14;3;0
17;2025-12-14;4;0
17;2025-12-14;5;68
17;2025-12-14;6;432
17;2025-12-14;7;752
17;2025-12-14;8;1254
17;2025-12-14;9;1709
17;2025-12-14;10;1942
17;2025-12-14;11;2491
17;2025-12-14;12;2973
17;2025-12-14;13;3291
17;2025-12-14;14;3376
17;2025-12-14;15;3380
17;2025-12-14;16;3254
17;2025-12-14;17;3083
17;2025-12-14;18;2667
17;2025-12-14;19;2141
17;2025-12-14;20;1683
17;2025-12-14;21;1189
17;2025-12-14;22;786
17;2025-12-14;23;332
17;2025-12-15;0;104
17;2025-12-15;1;0
17;2025-12-15;2;0
17;2025-12-15;3;0
17;2025-12-15;4;0
17;2025-12-15;5;248
17;2025-12-15;6;1565
17;2025-12-15;7;4195
17;2025-12-15;8;5648
17;2025-12-15;9;3747
17;2025-12-15;10;2844
17;2025-12-15;11;2893
17;2025-12-15;12;2889
17;2025-12-15;13;3021
17;2025-12-15;14;3047
17;2025-12-15;15;3339
17;2025-12-15;16;3779
17;2025-12-15;17;4678
17;2025-12-15;18;5235
17;2025-12-15;19;3641
17;2025-12-15;20;2441
17;2025-12-15;21;1408
17;2025-12-15;22;815
17;2025-12-15;23;338
17;2025-12-16;0;118
17;2025-12-16;1;0
17;2025-12-16;2;0
17;2025-12-16;3;0
17;2025-12-16;4;0
17;2025-12-16;5;254
17;2025-12-16;6;1615
17;2025-12-16;7;4240
17;2025-12-16;8;5699
17;2025-12-16;9;3953
17;2025-12-16;10;3007
17;2025-12-16;11;2915
17;2025-12-16;12;3053
17;2025-12-16;13;3119
17;2025-12-16;14;3194
17;2025-12-16;15;3420
17;2025-12-16;16;3748
17;2025-12-16;17;4615
17;2025-12-16;18;5048
17;2025-12-16;19;3612
17;2025-12-16;20;2493
17;2025-12-16;21;1478
17;2025-12-16;22;786
17;2025-12-16;23;345
17;2025-12-17;0;118
17;2025-12-17;1;0
17;2025-12-17;2;0
17;2025-12-17;3;0
17;2025-12-17;4;0
17;2025-12-17;5;262
17;2025-12-17;6;1614
17;2025-12-17;7;4279
17;2025-12-17;8;5711
17;2025-12-17;9;3921
17;2025-12-17;10;3023
17;2025-12-17;11;3093
17;2025-12-17;12;3126
17;2025-12-17;13;3273
17;2025-12-17;14;3307
17;2025-12-17;15;3486
17;2025-12-17;16;3920
17;2025-12-17;17;4771
17;2025-12-17;18;5237
17;2025-12-17;19;3693
17;2025-12-17;20;2515
17;2025-12-17;21;1566
17;2025-12-17;22;865
17;2025-12-17;23;392
17;2025-12-18;0;125
17;2025-12-18;1;0
17;2025-12-18;2;0
17;2025-12-18;3;0
17;2025-12-18;4;0
17;2025-12-18;5;252
17;2025-12-18;6;1620
17;2025-12-18;7;4178
17;2025-12-18;8;5558
17;2025-12-18;9;3909
17;2025-12-18;10;3121
17;2025-12-18;11;3044
17;2025-12-18;12;3184
17;2025-12-18;13;3202
17;2025-12-18;14;3282
17;2025-12-18;15;3478
17;2025-12-18;16;3915
17;2025-12-18;17;4604
17;2025-12-18;18;5165
17;2025-12-18;19;3673
17;2025-12-18;20;2514
17;2025-12-18;21;1543
17;2025-12-18;22;892
17;2025-12-18;23;404
17;2025-12-19;0;146
17;2025-12-19;1;0
17;2025-12-19;2;0
17;2025-12-19;3;0
17;2025-12-19;4;0
17;2025-12-19;5;237
17;2025-12-19;6;1549
17;2025-12-19;7;4018
17;2025-12-19;8;5390
17;2025-12-19;9;3767
17;2025-12-19;10;2967
17;2025-12-19;11;2986
17;2025-12-19;12;3130
17;2025-12-19;13;3197
17;2025-12-19;14;3279
17;2025-12-19;15;3733
17;2025-12-19;16;4452
17;2025-12-19;17;4843
17;2025-12-19;18;4541
17;2025-12-19;19;3293
17;2025-12-19;20;2416
17;2025-12-19;21;1609
17;2025-12-19;22;968
17;2025-12-19;23;467
17;2025-12-20;0;187
17;2025-12-20;1;0
17;2025-12-20;2;0
17;2025-12-20;3;0
17;2025-12-20;4;0
17;2025-12-20;5;83
17;2025-12-20;6;509
17;2025-12-20;7;1057
17;2025-12-20;8;1573
17;2025-12-20;9;2067
17;2025-12-20;10;2279
17;2025-12-20;11;2800
17;2025-12-20;12;3196
17;2025-12-20;13;3406
17;2025-12-20;14;3495
17;2025-12-20;15;3440
17;2025-12-20;16;3439
17;2025-12-20;17;3268
17;2025-12-20;18;2873
17;2025-12-20;19;2357
17;2025-12-20;20;1842
17;2025-12-20;21;1340
17;2025-12-20;22;909
17;2025-12-20;23;428
17;2025-12-21;0;180
17;2025-12-21;1;0
17;2025-12-21;2;0
17;2025-12-21;3;0
17;2025-12-21;4;0
17;2025-12-21;5;67
17;2025-12-21;6;425
17;2025-12-21;7;740
17;2025-12-21;8;1233
17;2025-12-21;9;1682
17;2025-12-21;10;1910
17;2025-12-21;11;2451
17;2025-12-21;12;2924
17;2025-12-21;13;3238
17;2025-12-21;14;3321
17;2025-12-21;15;3325
17;2025-12-21;16;3201
17;2025-12-21;17;3033
17;2025-12-21;18;2623
17;2025-12-21;19;2106
17;2025-12-21;20;1656
17;2025-12-21;21;1170
17;2025-12-21;22;773
17;2025-12-21;23;327
17;2025-12-22;0;102
17;2025-12-22;1;0
17;2025-12-22;2;0
17;2025-12-22;3;0
17;2025-12-22;4;0
17;2025-12-22;5;243
17;2025-12-22;6;1531
17;2025-12-22;7;4106
17;2025-12-22;8;5528
17;2025-12-22;9;3668
17;2025-12-22;10;2784
17;2025-12-22;11;2831
17;2025-12-22;12;2828
17;2025-12-22;13;2957
17;2025-12-22;14;2983
17;2025-12-22;15;3268
17;2025-12-22;16;3699
17;2025-12-22;17;4578
17;2025-12-22;18;5123
17;2025-12-22;19;3564
17;2025-12-22;20;2389
17;2025-12-22;21;1378
17;2025-12-22;22;798
17;2025-12-22;23;331
17;2025-12-23;0;120
17;2025-12-23;1;0
17;2025-12-23;2;0
17;2025-12-23;3;0
17;2025-12-23;4;0
17;2025-12-23;5;259
17;2025-12-23;6;1652
17;2025-12-23;7;4337
17;2025-12-23;8;5829
17;2025-12-23;9;4044
17;2025-12-23;10;3075
17;2025-12-23;11;2982
17;2025-12-23;12;3123
17;2025-12-23;13;3190
17;2025-12-23;14;3267
17;2025-12-23;15;3498
17;2025-12-23;16;3834
17;2025-12-23;17;4720
17;2025-12-23;18;5164
17;2025-12-23;19;3694
17;2025-12-23;20;2550
17;2025-12-23;21;1512
17;2025-12-23;22;804
17;2025-12-23;23;353
17;2025-12-24;0;117
17;2025-12-24;1;0
17;2025-12-24;2;0
17;2025-12-24;3;0
17;2025-12-24;4;0
17;2025-12-24;5;260
17;2025-12-24;6;1602
17;2025-12-24;7;4248
17;2025-12-24;8;5668
17;2025-12-24;9;3891
17;2025-12-24;10;3001
17;2025-12-24;11;3070
17;2025-12-24;12;3102
17;2025-12-24;13;3248
17;2025-12-24;14;3282
17;2025-12-24;15;3460
17;2025-12-24;16;3891
17;2025-12-24;17;4735
17;2025-12-24;18;5198
17;2025-12-24;19;3666
17;2025-12-24;20;2496
17;2025-12-24;21;1554
17;2025-12-24;22;858
17;2025-12-24;23;389
17;2025-12-25;0;121
17;2025-12-25;1;0
17;2025-12-25;2;0
17;2025-12-25;3;0
17;2025-12-25;4;0
17;2025-12-25;5;244
17;2025-12-25;6;1570
17;2025-12-25;7;4051
17;2025-12-25;8;5388
17;2025-12-25;9;3789
17;2025-12-25;10;3025
17;2025-12-25;11;2951
17;2025-12-25;12;3086
17;2025-12-25;13;3104
17;2025-12-25;14;3181
17;2025-12-25;15;3372
17;2025-12-25;16;3795
17;2025-12-25;17;4464
17;2025-12-25;18;5007
17;2025-12-25;19;3560
17;2025-12-25;20;2438
17;2025-12-25;21;1496
17;2025-12-25;22;865
17;2025-12-25;23;391
17;2025-12-26;0;139
17;2025-12-26;1;0
17;2025-12-26;2;0
17;2025-12-26;3;0
17;2025-12-26;4;0
17;2025-12-26;5;225
17;2025-12-26;6;1470
17;2025-12-26;7;3813
17;2025-12-26;8;5114
17;2025-12-26;9;3575
17;2025-12-26;10;2815
17;2025-12-26;11;2833
17;2025-12-26;12;2970
17;2025-12-26;13;3033
17;2025-12-26;14;3111
17;2025-12-26;15;3542
17;2025-12-26;16;4224
17;2025-12-26;17;4596
17;2025-12-26;18;4309
17;2025-12-26;19;3125
17;2025-12-26;20;2292
17;2025-12-26;21;1527
17;2025-12-26;22;919
17;2025-12-26;23;443
17;2025-12-27;0;187
17;2025-12-27;1;0
17;2025-12-27;2;0
17;2025-12-27;3;0
17;2025-12-27;4;0
17;2025-12-27;5;82
17;2025-12-27;6;507
17;2025-12-27;7;1053
17;2025-12-27;8;1567
17;2025-12-27;9;2059
17;2025-12-27;10;2271
17;2025-12-27;11;2790
17;2025-12-27;12;3184
17;2025-12-27;13;3394
17;2025-12-27;14;3482
17;2025-12-27;15;3427
17;2025-12-27;16;3426
17;2025-12-27;17;3256
17;2025-12-27;18;2862
17;2025-12-27;19;2349
17;2025-12-27;20;1835
17;2025-12-27;21;1335
17;2025-12-27;22;905
17;2025-12-27;23;426
17;2025-12-28;0;176
17;2025-12-28;1;0
17;2025-12-28;2;0
17;2025-12-28;3;0
17;2025-12-28;4;0
17;2025-12-28;5;65
17;2025-12-28;6;416
17;2025-12-28;7;724
17;2025-12-28;8;1208
17;2025-12-28;9;1647
17;2025-12-28;10;1871
17;2025-12-28;11;2400
17;2025-12-28;12;2864
17;2025-12-28;13;3172
17;2025-12-28;14;3253
17;2025-12-28;15;3257
17;2025-12-28;16;3135
17;2025-12-28;17;2971
17;2025-12-28;18;2570
17;2025-12-28;19;2063
17;2025-12-28;20;1622
17;2025-12-28;21;1146
17;2025-12-28;22;757
17;2025-12-28;23;320
17;2025-12-29;0;102
17;2025-12-29;1;0
17;2025-12-29;2;0
17;2025-12-29;3;0
17;2025-12-29;4;0
17;2025-12-29;5;242
17;2025-12-29;6;1528
17;2025-12-29;7;4098
17;2025-12-29;8;5518
17;2025-12-29;9;3661
17;2025-12-29;10;2778
17;2025-12-29;11;2826
17;2025-12-29;12;2822
17;2025-12-29;13;2952
17;2025-12-29;14;2977
17;2025-12-29;15;3262
17;2025-12-29;16;3692
17;2025-12-29;17;4570
17;2025-12-29;18;5114
17;2025-12-29;19;3557
17;2025-12-29;20;2384
17;2025-12-29;21;1375
17;2025-12-29;22;796
17;2025-12-29;23;331
17;2025-12-30;0;116
17;2025-12-30;1;0
17;2025-12-30;2;0
17;2025-12-30;3;0
17;2025-12-30;4;0
17;2025-12-30;5;251
17;2025-12-30;6;1600
17;2025-12-30;7;4199
17;2025-12-30;8;5643
17;2025-12-30;9;3915
17;2025-12-30;10;2977
17;2025-12-30;11;2887
17;2025-12-30;12;3023
17;2025-12-30;13;3088
17;2025-12-30;14;3163
17;2025-12-30;15;3386
17;2025-12-30;16;3711
17;2025-12-30;17;4570
17;2025-12-30;18;4999
17;2025-12-30;19;3576
17;2025-12-30;20;2468
17;2025-12-30;21;1464
17;2025-12-30;22;779
17;2025-12-30;23;342
17;2025-12-31;0;168
17;2025-12-31;1;0
17;2025-12-31;2;0
17;2025-12-31;3;0
17;2025-12-31;4;0
17;2025-12-31;5;68
17;2025-12-31;6;428
17;2025-12-31;7;826
17;2025-12-31;8;1288
17;2025-12-31;9;1720
17;2025-12-31;10;1922
17;2025-12-31;11;2407
17;2025-12-31;12;2805
17;2025-12-31;13;3044
17;2025-12-31;14;3122
17;2025-12-31;15;3099
17;2025-12-31;16;3043
17;2025-12-31;17;2887
17;2025-12-31;18;2519
17;2025-12-31;19;2046
17;2025-12-31;20;1603
17;2025-12-31;21;1151
17;2025-12-31;22;771
17;2025-12-31;23;346
25;2025-11-01;0;0
25;2025-11-01;1;0
25;2025-11-01;2;0
25;2025-11-01;3;0
25;2025-11-01;4;0
25;2025-11-01;5;8
25;2025-11-01;6;148
25;2025-11-01;7;388
25;2025-11-01;8;600
25;2025-11-01;9;306
25;2025-11-01;10;260
25;2025-11-01;11;315
25;2025-11-01;12;299
25;2025-11-01;13;406
25;2025-11-01;14;352
25;2025-11-01;15;447
25;2025-11-01;16;559
25;2025-11-01;17;561
25;2025-11-01;18;516
25;2025-11-01;19;415
25;2025-11-01;20;247
25;2025-11-01;21;151
25;2025-11-01;22;82
25;2025-11-01;23;13
25;2025-11-02;0;14
25;2025-11-02;1;0
25;2025-11-02;2;0
25;2025-11-02;3;0
25;2025-11-02;4;0
25;2025-11-02;5;6
25;2025-11-02;6;77
25;2025-11-02;7;105
25;2025-11-02;8;184
25;2025-11-02;9;213
25;2025-11-02;10;219
25;2025-11-02;11;291
25;2025-11-02;12;375
25;2025-11-02;13;481
25;2025-11-02;14;530
25;2025-11-02;15;664
25;2025-11-02;16;545
25;2025-11-02;17;533
25;2025-11-02;18;467
25;2025-11-02;19;349
25;2025-11-02;20;233
25;2025-11-02;21;175
25;2025-11-02;22;99
25;2025-11-02;23;35
25;2025-11-03;0;9
25;2025-11-03;1;0
25;2025-11-03;2;0
25;2025-11-03;3;0
25;2025-11-03;4;0
25;2025-11-03;5;8
25;2025-11-03;6;74
25;2025-11-03;7;104
25;2025-11-03;8;219
25;2025-11-03;9;223
25;2025-11-03;10;221
25;2025-11-03;11;288
25;2025-11-03;12;333
25;2025-11-03;13;468
25;2025-11-03;14;489
25;2025-11-03;15;590
25;2025-11-03;16;515
25;2025-11-03;17;467
25;2025-11-03;18;441
25;2025-11-03;19;346
25;2025-11-03;20;223
25;2025-11-03;21;168
25;2025-11-03;22;105
25;2025-11-03;23;35
25;2025-11-04;0;9
25;2025-11-04;1;0
25;2025-11-04;2;0
25;2025-11-04;3;0
25;2025-11-04;4;0
25;2025-11-04;5;8
25;2025-11-04;6;73
25;2025-11-04;7;103
25;2025-11-04;8;216
25;2025-11-04;9;220
25;2025-11-04;10;218
25;2025-11-04;11;284
25;2025-11-04;12;328
25;2025-11-04;13;462
25;2025-11-04;14;482
25;2025-11-04;15;582
25;2025-11-04;16;507
25;2025-11-04;17;460
25;2025-11-04;18;435
25;2025-11-04;19;341
25;2025-11-04;20;220
25;2025-11-04;21;166
25;2025-11-04;22;103
25;2025-11-04;23;35
25;2025-11-05;0;1
25;2025-11-05;1;0
25;2025-11-05;2;0
25;2025-11-05;3;0
25;2025-11-05;4;0
25;2025-11-05;5;12
25;2025-11-05;6;196
25;2025-11-05;7;519
25;2025-11-05;8;894
25;2025-11-05;9;465
25;2025-11-05;10;368
25;2025-11-05;11;423
25;2025-11-05;12;413
25;2025-11-05;13;561
25;2025-11-05;14;409
25;2025-11-05;15;551
25;2025-11-05;16;627
25;2025-11-05;17;772
25;2025-11-05;18;827
25;2025-11-05;19;585
25;2025-11-05;20;324
25;2025-11-05;21;230
25;2025-11-05;22;100
25;2025-11-05;23;8
25;2025-11-06;0;1
25;2025-11-06;1;0
25;2025-11-06;2;0
25;2025-11-06;3;0
25;2025-11-06;4;0
25;2025-11-06;5;13
25;2025-11-06;6;199
25;2025-11-06;7;526
25;2025-11-06;8;864
25;2025-11-06;9;434
25;2025-11-06;10;363
25;2025-11-06;11;396
25;2025-11-06;12;401
25;2025-11-06;13;532
25;2025-11-06;14;509
25;2025-11-06;15;585
25;2025-11-06;16;652
25;2025-11-06;17;704
25;2025-11-06;18;738
25;2025-11-06;19;533
25;2025-11-06;20;306
25;2025-11-06;21;212
25;2025-11-06;22;89
25;2025-11-06;23;4
25;2025-11-07;0;0
25;2025-11-07;1;0
25;2025-11-07;2;0
25;2025-11-07;3;0
25;2025-11-07;4;0
25;2025-11-07;5;10
25;2025-11-07;6;190
25;2025-11-07;7;497
25;2025-11-07;8;767
25;2025-11-07;9;392
25;2025-11-07;10;333
25;2025-11-07;11;403
25;2025-11-07;12;383
25;2025-11-07;13;520
25;2025-11-07;14;450
25;2025-11-07;15;572
25;2025-11-07;16;715
25;2025-11-07;17;718
25;2025-11-07;18;660
25;2025-11-07;19;531
25;2025-11-07;20;316
25;2025-11-07;21;194
25;2025-11-07;22;104
25;2025-11-07;23;17
25;2025-11-08;0;6
25;2025-11-08;1;0
25;2025-11-08;2;0
25;2025-11-08;3;0
25;2025-11-08;4;0
25;2025-11-08;5;11
25;2025-11-08;6;88
25;2025-11-08;7;128
25;2025-11-08;8;307
25;2025-11-08;9;288
25;2025-11-08;10;278
25;2025-11-08;11;355
25;2025-11-08;12;373
25;2025-11-08;13;571
25;2025-11-08;14;568
25;2025-11-08;15;663
25;2025-11-08;16;611
25;2025-11-08;17;516
25;2025-11-08;18;524
25;2025-11-08;19;428
25;2025-11-08;20;267
25;2025-11-08;21;203
25;2025-11-08;22;136
25;2025-11-08;23;44
25;2025-11-09;0;14
25;2025-11-09;1;0
25;2025-11-09;2;0
25;2025-11-09;3;0
25;2025-11-09;4;0
25;2025-11-09;5;6
25;2025-11-09;6;75
25;2025-11-09;7;103
25;2025-11-09;8;180
25;2025-11-09;9;208
25;2025-11-09;10;214
25;2025-11-09;11;284
25;2025-11-09;12;366
25;2025-11-09;13;469
25;2025-11-09;14;517
25;2025-11-09;15;647
25;2025-11-09;16;532
25;2025-11-09;17;520
25;2025-11-09;18;455
25;2025-11-09;19;340
25;2025-11-09;20;228
25;2025-11-09;21;171
25;2025-11-09;22;97
25;2025-11-09;23;34
25;2025-11-10;0;8
25;2025-11-10;1;0
25;2025-11-10;2;0
25;2025-11-10;3;0
25;2025-11-10;4;0
25;2025-11-10;5;11
25;2025-11-10;6;183
25;2025-11-10;7;518
25;2025-11-10;8;891
25;2025-11-10;9;490
25;2025-11-10;10;327
25;2025-11-10;11;393
25;2025-11-10;12;381
25;2025-11-10;13;550
25;2025-11-10;14;430
25;2025-11-10;15;472
25;2025-11-10;16;659
25;2025-11-10;17;737
25;2025-11-10;18;805
25;2025-11-10;19;538
25;2025-11-10;20;306
25;2025-11-10;21;198
25;2025-11-10;22;100
25;2025-11-10;23;16
25;2025-11-11;0;7
25;2025-11-11;1;0
25;2025-11-11;2;0
25;2025-11-11;3;0
25;2025-11-11;4;0
25;2025-11-11;5;10
25;2025-11-11;6;198
25;2025-11-11;7;543
25;2025-11-11;8;986
25;2025-11-11;9;467
25;2025-11-11;10;362
25;2025-11-11;11;420
25;2025-11-11;12;406
25;2025-11-11;13;506
25;2025-11-11;14;464
25;2025-11-11;15;534
25;2025-11-11;16;683
25;2025-11-11;17;727
25;2025-11-11;18;778
25;2025-11-11;19;543
25;2025-11-11;20;333
25;2025-11-11;21;214
25;2025-11-11;22;91
25;2025-11-11;23;9
25;2025-11-12;0;1
25;2025-11-12;1;0
25;2025-11-12;2;0
25;2025-11-12;3;0
25;2025-11-12;4;0
25;2025-11-12;5;12
25;2025-11-12;6;191
25;2025-11-12;7;505
25;2025-11-12;8;870
25;2025-11-12;9;452
25;2025-11-12;10;358
25;2025-11-12;11;412
25;2025-11-12;12;402
25;2025-11-12;13;546
25;2025-11-12;14;398
25;2025-11-12;15;537
25;2025-11-12;16;611
25;2025-11-12;17;751
25;2025-11-12;18;805
25;2025-11-12;19;569
25;2025-11-12;20;315
25;2025-11-12;21;223
25;2025-11-12;22;97
25;2025-11-12;23;8
25;2025-11-13;0;1
25;2025-11-13;1;0
25;2025-11-13;2;0
25;2025-11-13;3;0
25;2025-11-13;4;0
25;2025-11-13;5;13
25;2025-11-13;6;204
25;2025-11-13;7;539
25;2025-11-13;8;886
25;2025-11-13;9;445
25;2025-11-13;10;372
25;2025-11-13;11;406
25;2025-11-13;12;411
25;2025-11-13;13;545
25;2025-11-13;14;522
25;2025-11-13;15;600
25;2025-11-13;16;669
25;2025-11-13;17;722
25;2025-11-13;18;756
25;2025-11-13;19;547
25;2025-11-13;20;314
25;2025-11-13;21;218
25;2025-11-13;22;92
25;2025-11-13;23;4
25;2025-11-14;0;0
25;2025-11-14;1;0
25;2025-11-14;2;0
25;2025-11-14;3;0
25;2025-11-14;4;0
25;2025-11-14;5;10
25;2025-11-14;6;192
25;2025-11-14;7;504
25;2025-11-14;8;778
25;2025-11-14;9;397
25;2025-11-14;10;338
25;2025-11-14;11;409
25;2025-11-14;12;388
25;2025-11-14;13;527
25;2025-11-14;14;457
25;2025-11-14;15;580
25;2025-11-14;16;725
25;2025-11-14;17;728
25;2025-11-14;18;669
25;2025-11-14;19;539
25;2025-11-14;20;321
25;2025-11-14;21;197
25;2025-11-14;22;106
25;2025-11-14;23;17
25;2025-11-15;0;6
25;2025-11-15;1;0
25;2025-11-15;2;0
25;2025-11-15;3;0
25;2025-11-15;4;0
25;2025-11-15;5;10
25;2025-11-15;6;82
25;2025-11-15;7;119
25;2025-11-15;8;286
25;2025-11-15;9;268
25;2025-11-15;10;258
25;2025-11-15;11;330
25;2025-11-15;12;347
25;2025-11-15;13;531
25;2025-11-15;14;528
25;2025-11-15;15;617
25;2025-11-15;16;568
25;2025-11-15;17;480
25;2025-11-15;18;487
25;2025-11-15;19;398
25;2025-11-15;20;249
25;2025-11-15;21;189
25;2025-11-15;22;126
25;2025-11-15;23;41
25;2025-11-16;0;14
25;2025-11-16;1;0
25;2025-11-16;2;0
25;2025-11-16;3;0
25;2025-11-16;4;0
25;2025-11-16;5;6
25;2025-11-16;6;77
25;2025-11-16;7;105
25;2025-11-16;8;184
25;2025-11-16;9;212
25;2025-11-16;10;218
25;2025-11-16;11;290
25;2025-11-16;12;374
25;2025-11-16;13;479
25;2025-11-16;14;528
25;2025-11-16;15;662
25;2025-11-16;16;543
25;2025-11-16;17;531
25;2025-11-16;18;465
25;2025-11-16;19;347
25;2025-11-16;20;233
25;2025-11-16;21;174
25;2025-11-16;22;99
25;2025-11-16;23;35
25;2025-11-17;0;8
25;2025-11-17;1;0
25;2025-11-17;2;0
25;2025-11-17;3;0
25;2025-11-17;4;0
25;2025-11-17;5;11
25;2025-11-17;6;179
25;2025-11-17;7;505
25;2025-11-17;8;868
25;2025-11-17;9;477
25;2025-11-17;10;318
25;2025-11-17;11;382
25;2025-11-17;12;371
25;2025-11-17;13;536
25;2025-11-17;14;419
25;2025-11-17;15;460
25;2025-11-17;16;642
25;2025-11-17;17;718
25;2025-11-17;18;784
25;2025-11-17;19;524
25;2025-11-17;20;298
25;2025-11-17;21;192
25;2025-11-17;22;97
25;2025-11-17;23;16
25;2025-11-18;0;6
25;2025-11-18;1;0
25;2025-11-18;2;0
25;2025-11-18;3;0
25;2025-11-18;4;0
25;2025-11-18;5;10
25;2025-11-18;6;186
25;2025-11-18;7;510
25;2025-11-18;8;927
25;2025-11-18;9;439
25;2025-11-18;10;341
25;2025-11-18;11;394
25;2025-11-18;12;382
25;2025-11-18;13;475
25;2025-11-18;14;436
25;2025-11-18;15;502
25;2025-11-18;16;642
25;2025-11-18;17;683
25;2025-11-18;18;732
25;2025-11-18;19;510
25;2025-11-18;20;313
25;2025-11-18;21;201
25;2025-11-18;22;86
25;2025-11-18;23;8
25;2025-11-19;0;1
25;2025-11-19;1;0
25;2025-11-19;2;0
25;2025-11-19;3;0
25;2025-11-19;4;0
25;2025-11-19;5;12
25;2025-11-19;6;196
25;2025-11-19;7;520
25;2025-11-19;8;896
25;2025-11-19;9;466
25;2025-11-19;10;368
25;2025-11-19;11;424
25;2025-11-19;12;414
25;2025-11-19;13;562
25;2025-11-19;14;410
25;2025-11-19;15;553
25;2025-11-19;16;629
25;2025-11-19;17;774
25;2025-11-19;18;829
25;2025-11-19;19;586
25;2025-11-19;20;325
25;2025-11-19;21;230
25;2025-11-19;22;100
25;2025-11-19;23;8
25;2025-11-20;0;1
25;2025-11-20;1;0
25;2025-11-20;2;0
25;2025-11-20;3;0
25;2025-11-20;4;0
25;2025-11-20;5;14
25;2025-11-20;6;206
25;2025-11-20;7;545
25;2025-11-20;8;897
25;2025-11-20;9;450
25;2025-11-20;10;377
25;2025-11-20;11;411
25;2025-11-20;12;416
25;2025-11-20;13;552
25;2025-11-20;14;528
25;2025-11-20;15;607
25;2025-11-20;16;677
25;2025-11-20;17;730
25;2025-11-20;18;765
25;2025-11-20;19;553
25;2025-11-20;20;318
25;2025-11-20;21;220
25;2025-11-20;22;93
25;2025-11-20;23;4
25;2025-11-21;0;0
25;2025-11-21;1;0
25;2025-11-21;2;0
25;2025-11-21;3;0
25;2025-11-21;4;0
25;2025-11-21;5;10
25;2025-11-21;6;194
25;2025-11-21;7;509
25;2025-11-21;8;785
25;2025-11-21;9;401
25;2025-11-21;10;341
25;2025-11-21;11;412
25;2025-11-21;12;392
25;2025-11-21;13;532
25;2025-11-21;14;461
25;2025-11-21;15;585
25;2025-11-21;16;732
25;2025-11-21;17;735
25;2025-11-21;18;675
25;2025-11-21;19;543
25;2025-11-21;20;324
25;2025-11-21;21;198
25;2025-11-21;22;107
25;2025-11-21;23;17
25;2025-11-22;0;6
25;2025-11-22;1;0
25;2025-11-22;2;0
25;2025-11-22;3;0
25;2025-11-22;4;0
25;2025-11-22;5;11
25;2025-11-22;6;87
25;2025-11-22;7;127
25;2025-11-22;8;303
25;2025-11-22;9;284
25;2025-11-22;10;274
25;2025-11-22;11;350
25;2025-11-22;12;368
25;2025-11-22;13;563
25;2025-11-22;14;560
25;2025-11-22;15;654
25;2025-11-22;16;602
25;2025-11-22;17;509
25;2025-11-22;18;517
25;2025-11-22;19;422
25;2025-11-22;20;264
25;2025-11-22;21;200
25;2025-11-22;22;134
25;2025-11-22;23;44
25;2025-11-23;0;14
25;2025-11-23;1;0
25;2025-11-23;2;0
25;2025-11-23;3;0
25;2025-11-23;4;0
25;2025-11-23;5;6
25;2025-11-23;6;76
25;2025-11-23;7;104
25;2025-11-23;8;182
25;2025-11-23;9;210
25;2025-11-23;10;216
25;2025-11-23;11;287
25;2025-11-23;12;370
25;2025-11-23;13;475
25;2025-11-23;14;523
25;2025-11-23;15;655
25;2025-11-23;16;538
25;2025-11-23;17;526
25;2025-11-23;18;460
25;2025-11-23;19;344
25;2025-11-23;20;230
25;2025-11-23;21;173
25;2025-11-23;22;98
25;2025-11-23;23;34
25;2025-11-24;0;8
25;2025-11-24;1;0
25;2025-11-24;2;0
25;2025-11-24;3;0
25;2025-11-24;4;0
25;2025-11-24;5;11
25;2025-11-24;6;176
25;2025-11-24;7;498
25;2025-11-24;8;855
25;2025-11-24;9;470
25;2025-11-24;10;313
25;2025-11-24;11;377
25;2025-11-24;12;365
25;2025-11-24;13;528
25;2025-11-24;14;413
25;2025-11-24;15;453
25;2025-11-24;16;633
25;2025-11-24;17;707
25;2025-11-24;18;773
25;2025-11-24;19;516
25;2025-11-24;20;294
25;2025-11-24;21;190
25;2025-11-24;22;96
25;2025-11-24;23;16
25;2025-11-25;0;7
25;2025-11-25;1;0
25;2025-11-25;2;0
25;2025-11-25;3;0
25;2025-11-25;4;0
25;2025-11-25;5;10
25;2025-11-25;6;198
25;2025-11-25;7;542
25;2025-11-25;8;985
25;2025-11-25;9;466
25;2025-11-25;10;362
25;2025-11-25;11;419
25;2025-11-25;12;406
25;2025-11-25;13;505
25;2025-11-25;14;463
25;2025-11-25;15;533
25;2025-11-25;16;682
25;2025-11-25;17;726
25;2025-11-25;18;777
25;2025-11-25;19;542
25;2025-11-25;20;332
25;2025-11-25;21;213
25;2025-11-25;22;91
25;2025-11-25;23;9
25;2025-11-26;0;1
25;2025-11-26;1;0
25;2025-11-26;2;0
25;2025-11-26;3;0
25;2025-11-26;4;0
25;2025-11-26;5;12
25;2025-11-26;6;186
25;2025-11-26;7;494
25;2025-11-26;8;851
25;2025-11-26;9;442
25;2025-11-26;10;350
25;2025-11-26;11;403
25;2025-11-26;12;394
25;2025-11-26;13;534
25;2025-11-26;14;390
25;2025-11-26;15;525
25;2025-11-26;16;597
25;2025-11-26;17;735
25;2025-11-26;18;788
25;2025-11-26;19;556
25;2025-11-26;20;308
25;2025-11-26;21;219
25;2025-11-26;22;95
25;2025-11-26;23;7
25;2025-11-27;0;1
25;2025-11-27;1;0
25;2025-11-27;2;0
25;2025-11-27;3;0
25;2025-11-27;4;0
25;2025-11-27;5;13
25;2025-11-27;6;199
25;2025-11-27;7;526
25;2025-11-27;8;864
25;2025-11-27;9;434
25;2025-11-27;10;363
25;2025-11-27;11;396
25;2025-11-27;12;401
25;2025-11-27;13;532
25;2025-11-27;14;509
25;2025-11-27;15;585
25;2025-11-27;16;652
25;2025-11-27;17;704
25;2025-11-27;18;737
25;2025-11-27;19;533
25;2025-11-27;20;306
25;2025-11-27;21;212
25;2025-11-27;22;89
25;2025-11-27;23;4
25;2025-11-28;0;0
25;2025-11-28;1;0
25;2025-11-28;2;0
25;2025-11-28;3;0
25;2025-11-28;4;0
25;2025-11-28;5;10
25;2025-11-28;6;191
25;2025-11-28;7;501
25;2025-11-28;8;774
25;2025-11-28;9;395
25;2025-11-28;10;335
25;2025-11-28;11;406
25;2025-11-28;12;386
25;2025-11-28;13;524
25;2025-11-28;14;454
25;2025-11-28;15;576
25;2025-11-28;16;721
25;2025-11-28;17;724
25;2025-11-28;18;665
25;2025-11-28;19;535
25;2025-11-28;20;319
25;2025-11-28;21;195
25;2025-11-28;22;105
25;2025-11-28;23;17
25;2025-11-29;0;7
25;2025-11-29;1;0
25;2025-11-29;2;0
25;2025-11-29;3;0
25;2025-11-29;4;0
25;2025-11-29;5;11
25;2025-11-29;6;92
25;2025-11-29;7;133
25;2025-11-29;8;319
25;2025-11-29;9;298
25;2025-11-29;10;288
25;2025-11-29;11;368
25;2025-11-29;12;387
25;2025-11-29;13;592
25;2025-11-29;14;589
25;2025-11-29;15;688
25;2025-11-29;16;634
25;2025-11-29;17;536
25;2025-11-29;18;544
25;2025-11-29;19;444
25;2025-11-29;20;277
25;2025-11-29;21;211
25;2025-11-29;22;141
25;2025-11-29;23;46
25;2025-11-30;0;14
25;2025-11-30;1;0
25;2025-11-30;2;0
25;2025-11-30;3;0
25;2025-11-30;4;0
25;2025-11-30;5;6
25;2025-11-30;6;77
25;2025-11-30;7;105
25;2025-11-30;8;183
25;2025-11-30;9;211
25;2025-11-30;10;218
25;2025-11-30;11;289
25;2025-11-30;12;373
25;2025-11-30;13;478
25;2025-11-30;14;527
25;2025-11-30;15;660
25;2025-11-30;16;542
25;2025-11-30;17;530
25;2025-11-30;18;463
25;2025-11-30;19;346
25;2025-11-30;20;232
25;2025-11-30;21;174
25;2025-11-30;22;98
25;2025-11-30;23;34
25;2025-12-01;0;11
25;2025-12-01;1;0
25;2025-12-01;2;0
25;2025-12-01;3;0
25;2025-12-01;4;0
25;2025-12-01;5;1
25;2025-12-01;6;176
25;2025-12-01;7;588
25;2025-12-01;8;967
25;2025-12-01;9;466
25;2025-12-01;10;308
25;2025-12-01;11;353
25;2025-12-01;12;371
25;2025-12-01;13;481
25;2025-12-01;14;418
25;2025-12-01;15;508
25;2025-12-01;16;723
25;2025-12-01;17;786
25;2025-12-01;18;875
25;2025-12-01;19;498
25;2025-12-01;20;291
25;2025-12-01;21;188
25;2025-12-01;22;123
25;2025-12-01;23;15
25;2025-12-02;0;4
25;2025-12-02;1;0
25;2025-12-02;2;0
25;2025-12-02;3;0
25;2025-12-02;4;0
25;2025-12-02;5;3
25;2025-12-02;6;178
25;2025-12-02;7;651
25;2025-12-02;8;936
25;2025-12-02;9;515
25;2025-12-02;10;345
25;2025-12-02;11;407
25;2025-12-02;12;394
25;2025-12-02;13;434
25;2025-12-02;14;437
25;2025-12-02;15;524
25;2025-12-02;16;743
25;2025-12-02;17;765
25;2025-12-02;18;845
25;2025-12-02;19;548
25;2025-12-02;20;316
25;2025-12-02;21;189
25;2025-12-02;22;147
25;2025-12-02;23;9
25;2025-12-03;0;0
25;2025-12-03;1;0
25;2025-12-03;2;0
25;2025-12-03;3;0
25;2025-12-03;4;0
25;2025-12-03;5;1
25;2025-12-03;6;196
25;2025-12-03;7;560
25;2025-12-03;8;957
25;2025-12-03;9;478
25;2025-12-03;10;355
25;2025-12-03;11;407
25;2025-12-03;12;414
25;2025-12-03;13;522
25;2025-12-03;14;444
25;2025-12-03;15;500
25;2025-12-03;16;730
25;2025-12-03;17;797
25;2025-12-03;18;853
25;2025-12-03;19;492
25;2025-12-03;20;327
25;2025-12-03;21;191
25;2025-12-03;22;124
25;2025-12-03;23;5
25;2025-12-04;0;2
25;2025-12-04;1;0
25;2025-12-04;2;0
25;2025-12-04;3;0
25;2025-12-04;4;0
25;2025-12-04;5;2
25;2025-12-04;6;166
25;2025-12-04;7;606
25;2025-12-04;8;979
25;2025-12-04;9;488
25;2025-12-04;10;368
25;2025-12-04;11;388
25;2025-12-04;12;421
25;2025-12-04;13;477
25;2025-12-04;14;470
25;2025-12-04;15;527
25;2025-12-04;16;710
25;2025-12-04;17;774
25;2025-12-04;18;866
25;2025-12-04;19;483
25;2025-12-04;20;331
25;2025-12-04;21;188
25;2025-12-04;22;152
25;2025-12-04;23;11
25;2025-12-05;0;1
25;2025-12-05;1;0
25;2025-12-05;2;0
25;2025-12-05;3;0
25;2025-12-05;4;0
25;2025-12-05;5;0
25;2025-12-05;6;169
25;2025-12-05;7;573
25;2025-12-05;8;928
25;2025-12-05;9;438
25;2025-12-05;10;359
25;2025-12-05;11;374
25;2025-12-05;12;412
25;2025-12-05;13;465
25;2025-12-05;14;470
25;2025-12-05;15;575
25;2025-12-05;16;779
25;2025-12-05;17;830
25;2025-12-05;18;665
25;2025-12-05;19;446
25;2025-12-05;20;314
25;2025-12-05;21;192
25;2025-12-05;22;154
25;2025-12-05;23;15
25;2025-12-06;0;5
25;2025-12-06;1;0
25;2025-12-06;2;0
25;2025-12-06;3;0
25;2025-12-06;4;0
25;2025-12-06;5;1
25;2025-12-06;6;61
25;2025-12-06;7;158
25;2025-12-06;8;327
25;2025-12-06;9;304
25;2025-12-06;10;337
25;2025-12-06;11;393
25;2025-12-06;12;434
25;2025-12-06;13;572
25;2025-12-06;14;562
25;2025-12-06;15;684
25;2025-12-06;16;592
25;2025-12-06;17;546
25;2025-12-06;18;463
25;2025-12-06;19;427
25;2025-12-06;20;264
25;2025-12-06;21;236
25;2025-12-06;22;159
25;2025-12-06;23;71
25;2025-12-07;0;22
25;2025-12-07;1;0
25;2025-12-07;2;0
25;2025-12-07;3;0
25;2025-12-07;4;0
25;2025-12-07;5;1
25;2025-12-07;6;59
25;2025-12-07;7;120
25;2025-12-07;8;221
25;2025-12-07;9;245
25;2025-12-07;10;247
25;2025-12-07;11;345
25;2025-12-07;12;416
25;2025-12-07;13;494
25;2025-12-07;14;502
25;2025-12-07;15;583
25;2025-12-07;16;527
25;2025-12-07;17;467
25;2025-12-07;18;409
25;2025-12-07;19;342
25;2025-12-07;20;237
25;2025-12-07;21;212
25;2025-12-07;22;125
25;2025-12-07;23;52
25;2025-12-08;0;11
25;2025-12-08;1;0
25;2025-12-08;2;0
25;2025-12-08;3;0
25;2025-12-08;4;0
25;2025-12-08;5;1
25;2025-12-08;6;177
25;2025-12-08;7;589
25;2025-12-08;8;968
25;2025-12-08;9;466
25;2025-12-08;10;308
25;2025-12-08;11;354
25;2025-12-08;12;372
25;2025-12-08;13;481
25;2025-12-08;14;418
25;2025-12-08;15;508
25;2025-12-08;16;723
25;2025-12-08;17;787
25;2025-12-08;18;875
25;2025-12-08;19;498
25;2025-12-08;20;291
25;2025-12-08;21;188
25;2025-12-08;22;123
25;2025-12-08;23;15
25;2025-12-09;0;3
25;2025-12-09;1;0
25;2025-12-09;2;0
25;2025-12-09;3;0
25;2025-12-09;4;0
25;2025-12-09;5;3
25;2025-12-09;6;176
25;2025-12-09;7;643
25;2025-12-09;8;925
25;2025-12-09;9;509
25;2025-12-09;10;341
25;2025-12-09;11;402
25;2025-12-09;12;389
25;2025-12-09;13;429
25;2025-12-09;14;432
25;2025-12-09;15;518
25;2025-12-09;16;734
25;2025-12-09;17;756
25;2025-12-09;18;835
25;2025-12-09;19;541
25;2025-12-09;20;312
25;2025-12-09;21;187
25;2025-12-09;22;145
25;2025-12-09;23;9
25;2025-12-10;0;0
25;2025-12-10;1;0
25;2025-12-10;2;0
25;2025-12-10;3;0
25;2025-12-10;4;0
25;2025-12-10;5;1
25;2025-12-10;6;192
25;2025-12-10;7;548
25;2025-12-10;8;936
25;2025-12-10;9;467
25;2025-12-10;10;347
25;2025-12-10;11;398
25;2025-12-10;12;405
25;2025-12-10;13;511
25;2025-12-10;14;434
25;2025-12-10;15;489
25;2025-12-10;16;714
25;2025-12-10;17;780
25;2025-12-10;18;834
25;2025-12-10;19;481
25;2025-12-10;20;320
25;2025-12-10;21;186
25;2025-12-10;22;121
25;2025-12-10;23;5
25;2025-12-11;0;2
25;2025-12-11;1;0
25;2025-12-11;2;0
25;2025-12-11;3;0
25;2025-12-11;4;0
25;2025-12-11;5;2
25;2025-12-11;6;160
25;2025-12-11;7;584
25;2025-12-11;8;943
25;2025-12-11;9;470
25;2025-12-11;10;354
25;2025-12-11;11;373
25;2025-12-11;12;405
25;2025-12-11;13;460
25;2025-12-11;14;453
25;2025-12-11;15;507
25;2025-12-11;16;684
25;2025-12-11;17;745
25;2025-12-11;18;834
25;2025-12-11;19;465
25;2025-12-11;20;319
25;2025-12-11;21;181
25;2025-12-11;22;146
25;2025-12-11;23;11
25;2025-12-12;0;1
25;2025-12-12;1;0
25;2025-12-12;2;0
25;2025-12-12;3;0
25;2025-12-12;4;0
25;2025-12-12;5;0
25;2025-12-12;6;162
25;2025-12-12;7;549
25;2025-12-12;8;890
25;2025-12-12;9;420
25;2025-12-12;10;344
25;2025-12-12;11;359
25;2025-12-12;12;395
25;2025-12-12;13;446
25;2025-12-12;14;450
25;2025-12-12;15;551
25;2025-12-12;16;747
25;2025-12-12;17;796
25;2025-12-12;18;638
25;2025-12-12;19;428
25;2025-12-12;20;301
25;2025-12-12;21;184
25;2025-12-12;22;147
25;2025-12-12;23;14
25;2025-12-13;0;5
25;2025-12-13;1;0
25;2025-12-13;2;0
25;2025-12-13;3;0
25;2025-12-13;4;0
25;2025-12-13;5;1
25;2025-12-13;6;61
25;2025-12-13;7;159
25;2025-12-13;8;328
25;2025-12-13;9;305
25;2025-12-13;10;339
25;2025-12-13;11;394
25;2025-12-13;12;436
25;2025-12-13;13;575
25;2025-12-13;14;564
25;2025-12-13;15;687
25;2025-12-13;16;594
25;2025-12-13;17;548
25;2025-12-13;18;465
25;2025-12-13;19;429
25;2025-12-13;20;265
25;2025-12-13;21;237
25;2025-12-13;22;160
25;2025-12-13;23;72
25;2025-12-14;0;22
25;2025-12-14;1;0
25;2025-12-14;2;0
25;2025-12-14;3;0
25;2025-12-14;4;0
25;2025-12-14;5;1
25;2025-12-14;6;59
25;2025-12-14;7;121
25;2025-12-14;8;222
25;2025-12-14;9;246
25;2025-12-14;10;248
25;2025-12-14;11;346
25;2025-12-14;12;416
25;2025-12-14;13;495
25;2025-12-14;14;503
25;2025-12-14;15;584
25;2025-12-14;16;528
25;2025-12-14;17;468
25;2025-12-14;18;410
25;2025-12-14;19;342
25;2025-12-14;20;237
25;2025-12-14;21;213
25;2025-12-14;22;126
25;2025-12-14;23;52
25;2025-12-15;0;11
25;2025-12-15;1;0
25;2025-12-15;2;0
25;2025-12-15;3;0
25;2025-12-15;4;0
25;2025-12-15;5;1
25;2025-12-15;6;175
25;2025-12-15;7;583
25;2025-12-15;8;958
25;2025-12-15;9;461
25;2025-12-15;10;305
25;2025-12-15;11;350
25;2025-12-15;12;368
25;2025-12-15;13;476
25;2025-12-15;14;414
25;2025-12-15;15;503
25;2025-12-15;16;716
25;2025-12-15;17;779
25;2025-12-15;18;866
25;2025-12-15;19;493
25;2025-12-15;20;288
25;2025-12-15;21;186
25;2025-12-15;22;122
25;2025-12-15;23;15
25;2025-12-16;0;3
25;2025-12-16;1;0
25;2025-12-16;2;0
25;2025-12-16;3;0
25;2025-12-16;4;0
25;2025-12-16;5;3
25;2025-12-16;6;172
25;2025-12-16;7;632
25;2025-12-16;8;909
25;2025-12-16;9;500
25;2025-12-16;10;335
25;2025-12-16;11;395
25;2025-12-16;12;382
25;2025-12-16;13;421
25;2025-12-16;14;424
25;2025-12-16;15;509
25;2025-12-16;16;721
25;2025-12-16;17;743
25;2025-12-16;18;821
25;2025-12-16;19;532
25;2025-12-16;20;306
25;2025-12-16;21;183
25;2025-12-16;22;143
25;2025-12-16;23;9
25;2025-12-17;0;0
25;2025-12-17;1;0
25;2025-12-17;2;0
25;2025-12-17;3;0
25;2025-12-17;4;0
25;2025-12-17;5;1
25;2025-12-17;6;196
25;2025-12-17;7;561
25;2025-12-17;8;959
25;2025-12-17;9;479
25;2025-12-17;10;356
25;2025-12-17;11;408
25;2025-12-17;12;415
25;2025-12-17;13;523
25;2025-12-17;14;445
25;2025-12-17;15;501
25;2025-12-17;16;731
25;2025-12-17;17;799
25;2025-12-17;18;855
25;2025-12-17;19;493
25;2025-12-17;20;328
25;2025-12-17;21;191
25;2025-12-17;22;124
25;2025-12-17;23;5
25;2025-12-18;0;2
25;2025-12-18;1;0
25;2025-12-18;2;0
25;2025-12-18;3;0
25;2025-12-18;4;0
25;2025-12-18;5;2
25;2025-12-18;6;165
25;2025-12-18;7;601
25;2025-12-18;8;971
25;2025-12-18;9;484
25;2025-12-18;10;365
25;2025-12-18;11;384
25;2025-12-18;12;417
25;2025-12-18;13;473
25;2025-12-18;14;466
25;2025-12-18;15;522
25;2025-12-18;16;704
25;2025-12-18;17;767
25;2025-12-18;18;859
25;2025-12-18;19;478
25;2025-12-18;20;328
25;2025-12-18;21;186
25;2025-12-18;22;150
25;2025-12-18;23;11
25;2025-12-19;0;1
25;2025-12-19;1;0
25;2025-12-19;2;0
25;2025-12-19;3;0
25;2025-12-19;4;0
25;2025-12-19;5;0
25;2025-12-19;6;169
25;2025-12-19;7;574
25;2025-12-19;8;930
25;2025-12-19;9;439
25;2025-12-19;10;359
25;2025-12-19;11;375
25;2025-12-19;12;413
25;2025-12-19;13;466
25;2025-12-19;14;471
25;2025-12-19;15;576
25;2025-12-19;16;781
25;2025-12-19;17;832
25;2025-12-19;18;667
25;2025-12-19;19;447
25;2025-12-19;20;315
25;2025-12-19;21;193
25;2025-12-19;22;154
25;2025-12-19;23;15
25;2025-12-20;0;5
25;2025-12-20;1;0
25;2025-12-20;2;0
25;2025-12-20;3;0
25;2025-12-20;4;0
25;2025-12-20;5;1
25;2025-12-20;6;61
25;2025-12-20;7;157
25;2025-12-20;8;324
25;2025-12-20;9;301
25;2025-12-20;10;335
25;2025-12-20;11;390
25;2025-12-20;12;430
25;2025-12-20;13;568
25;2025-12-20;14;557
25;2025-12-20;15;679
25;2025-12-20;16;587
25;2025-12-20;17;542
25;2025-12-20;18;459
25;2025-12-20;19;424
25;2025-12-20;20;262
25;2025-12-20;21;234
25;2025-12-20;22;158
25;2025-12-20;23;71
25;2025-12-21;0;22
25;2025-12-21;1;0
25;2025-12-21;2;0
25;2025-12-21;3;0
25;2025-12-21;4;0
25;2025-12-21;5;1
25;2025-12-21;6;58
25;2025-12-21;7;119
25;2025-12-21;8;218
25;2025-12-21;9;242
25;2025-12-21;10;244
25;2025-12-21;11;340
25;2025-12-21;12;409
25;2025-12-21;13;487
25;2025-12-21;14;494
25;2025-12-21;15;574
25;2025-12-21;16;519
25;2025-12-21;17;460
25;2025-12-21;18;403
25;2025-12-21;19;337
25;2025-12-21;20;233
25;2025-12-21;21;209
25;2025-12-21;22;123
25;2025-12-21;23;51
25;2025-12-22;0;10
25;2025-12-22;1;0
25;2025-12-22;2;0
25;2025-12-22;3;0
25;2025-12-22;4;0
25;2025-12-22;5;1
25;2025-12-22;6;172
25;2025-12-22;7;572
25;2025-12-22;8;941
25;2025-12-22;9;453
25;2025-12-22;10;299
25;2025-12-22;11;344
25;2025-12-22;12;361
25;2025-12-22;13;467
25;2025-12-22;14;407
25;2025-12-22;15;494
25;2025-12-22;16;703
25;2025-12-22;17;765
25;2025-12-22;18;851
25;2025-12-22;19;484
25;2025-12-22;20;283
25;2025-12-22;21;182
25;2025-12-22;22;120
25;2025-12-22;23;14
25;2025-12-23;0;4
25;2025-12-23;1;0
25;2025-12-23;2;0
25;2025-12-23;3;0
25;2025-12-23;4;0
25;2025-12-23;5;3
25;2025-12-23;6;177
25;2025-12-23;7;649
25;2025-12-23;8;933
25;2025-12-23;9;514
25;2025-12-23;10;344
25;2025-12-23;11;406
25;2025-12-23;12;392
25;2025-12-23;13;432
25;2025-12-23;14;435
25;2025-12-23;15;522
25;2025-12-23;16;740
25;2025-12-23;17;763
25;2025-12-23;18;843
25;2025-12-23;19;546
25;2025-12-23;20;315
25;2025-12-23;21;188
25;2025-12-23;22;147
25;2025-12-23;23;9
25;2025-12-24;0;0
25;2025-12-24;1;0
25;2025-12-24;2;0
25;2025-12-24;3;0
25;2025-12-24;4;0
25;2025-12-24;5;1
25;2025-12-24;6;193
25;2025-12-24;7;553
25;2025-12-24;8;944
25;2025-12-24;9;472
25;2025-12-24;10;350
25;2025-12-24;11;401
25;2025-12-24;12;408
25;2025-12-24;13;515
25;2025-12-24;14;438
25;2025-12-24;15;493
25;2025-12-24;16;720
25;2025-12-24;17;787
25;2025-12-24;18;842
25;2025-12-24;19;485
25;2025-12-24;20;323
25;2025-12-24;21;188
25;2025-12-24;22;122
25;2025-12-24;23;5
25;2025-12-25;0;2
25;2025-12-25;1;0
25;2025-12-25;2;0
25;2025-12-25;3;0
25;2025-12-25;4;0
25;2025-12-25;5;2
25;2025-12-25;6;160
25;2025-12-25;7;584
25;2025-12-25;8;944
25;2025-12-25;9;471
25;2025-12-25;10;355
25;2025-12-25;11;374
25;2025-12-25;12;406
25;2025-12-25;13;460
25;2025-12-25;14;453
25;2025-12-25;15;508
25;2025-12-25;16;685
25;2025-12-25;17;746
25;2025-12-25;18;835
25;2025-12-25;19;465
25;2025-12-25;20;319
25;2025-12-25;21;181
25;2025-12-25;22;146
25;2025-12-25;23;11
25;2025-12-26;0;1
25;2025-12-26;1;0
25;2025-12-26;2;0
25;2025-12-26;3;0
25;2025-12-26;4;0
25;2025-12-26;5;0
25;2025-12-26;6;159
25;2025-12-26;7;542
25;2025-12-26;8;878
25;2025-12-26;9;414
25;2025-12-26;10;339
25;2025-12-26;11;354
25;2025-12-26;12;389
25;2025-12-26;13;439
25;2025-12-26;14;444
25;2025-12-26;15;543
25;2025-12-26;16;737
25;2025-12-26;17;785
25;2025-12-26;18;629
25;2025-12-26;19;422
25;2025-12-26;20;297
25;2025-12-26;21;182
25;2025-12-26;22;145
25;2025-12-26;23;14
25;2025-12-27;0;5
25;2025-12-27;1;0
25;2025-12-27;2;0
25;2025-12-27;3;0
25;2025-12-27;4;0
25;2025-12-27;5;1
25;2025-12-27;6;61
25;2025-12-27;7;157
25;2025-12-27;8;323
25;2025-12-27;9;301
25;2025-12-27;10;334
25;2025-12-27;11;389
25;2025-12-27;12;429
25;2025-12-27;13;567
25;2025-12-27;14;556
25;2025-12-27;15;678
25;2025-12-27;16;586
25;2025-12-27;17;541
25;2025-12-27;18;458
25;2025-12-27;19;423
25;2025-12-27;20;261
25;2025-12-27;21;234
25;2025-12-27;22;158
25;2025-12-27;23;71
25;2025-12-28;0;21
25;2025-12-28;1;0
25;2025-12-28;2;0
25;2025-12-28;3;0
25;2025-12-28;4;0
25;2025-12-28;5;1
25;2025-12-28;6;57
25;2025-12-28;7;116
25;2025-12-28;8;213
25;2025-12-28;9;237
25;2025-12-28;10;239
25;2025-12-28;11;333
25;2025-12-28;12;401
25;2025-12-28;13;477
25;2025-12-28;14;484
25;2025-12-28;15;562
25;2025-12-28;16;508
25;2025-12-28;17;450
25;2025-12-28;18;395
25;2025-12-28;19;330
25;2025-12-28;20;228
25;2025-12-28;21;205
25;2025-12-28;22;121
25;2025-12-28;23;50
25;2025-12-29;0;10
25;2025-12-29;1;0
25;2025-12-29;2;0
25;2025-12-29;3;0
25;2025-12-29;4;0
25;2025-12-29;5;1
25;2025-12-29;6;172
25;2025-12-29;7;572
25;2025-12-29;8;941
25;2025-12-29;9;453
25;2025-12-29;10;299
25;2025-12-29;11;344
25;2025-12-29;12;361
25;2025-12-29;13;467
25;2025-12-29;14;407
25;2025-12-29;15;494
25;2025-12-29;16;703
25;2025-12-29;17;765
25;2025-12-29;18;851
25;2025-12-29;19;484
25;2025-12-29;20;283
25;2025-12-29;21;182
25;2025-12-29;22;120
25;2025-12-29;23;14
25;2025-12-30;0;3
25;2025-12-30;1;0
25;2025-12-30;2;0
25;2025-12-30;3;0
25;2025-12-30;4;0
25;2025-12-30;5;3
25;2025-12-30;6;172
25;2025-12-30;7;628
25;2025-12-30;8;904
25;2025-12-30;9;498
25;2025-12-30;10;333
25;2025-12-30;11;393
25;2025-12-30;12;380
25;2025-12-30;13;419
25;2025-12-30;14;422
25;2025-12-30;15;506
25;2025-12-30;16;717
25;2025-12-30;17;739
25;2025-12-30;18;816
25;2025-12-30;19;529
25;2025-12-30;20;305
25;2025-12-30;21;182
25;2025-12-30;22;142
25;2025-12-30;23;9
25;2025-12-31;0;12
25;2025-12-31;1;0
25;2025-12-31;2;0
25;2025-12-31;3;0
25;2025-12-31;4;0
25;2025-12-31;5;1
25;2025-12-31;6;52
25;2025-12-31;7;122
25;2025-12-31;8;241
25;2025-12-31;9;241
25;2025-12-31;10;257
25;2025-12-31;11;323
25;2025-12-31;12;372
25;2025-12-31;13;467
25;2025-12-31;14;466
25;2025-12-31;15;556
25;2025-12-31;16;490
25;2025-12-31;17;444
25;2025-12-31;18;382
25;2025-12-31;19;337
25;2025-12-31;20;219
25;2025-12-31;21;196
25;2025-12-31;22;125
25;2025-12-31;23;54
26;2025-11-01;0;26
26;2025-11-01;1;0
26;2025-11-01;2;0
26;2025-11-01;3;0
26;2025-11-01;4;0
26;2025-11-01;5;45
26;2025-11-01;6;371
26;2025-11-01;7;809
26;2025-11-01;8;1616
26;2025-11-01;9;1024
26;2025-11-01;10;920
26;2025-11-01;11;786
26;2025-11-01;12;830
26;2025-11-01;13;877
26;2025-11-01;14;1006
26;2025-11-01;15;1029
26;2025-11-01;16;1203
26;2025-11-01;17;1298
26;2025-11-01;18;1056
26;2025-11-01;19;827
26;2025-11-01;20;523
26;2025-11-01;21;366
26;2025-11-01;22;175
26;2025-11-01;23;121
26;2025-11-02;0;61
26;2025-11-02;1;0
26;2025-11-02;2;0
26;2025-11-02;3;0
26;2025-11-02;4;0
26;2025-11-02;5;18
26;2025-11-02;6;161
26;2025-11-02;7;283
26;2025-11-02;8;383
26;2025-11-02;9;550
26;2025-11-02;10;616
26;2025-11-02;11;830
26;2025-11-02;12;850
26;2025-11-02;13;915
26;2025-11-02;14;892
26;2025-11-02;15;819
26;2025-11-02;16;825
26;2025-11-02;17;840
26;2025-11-02;18;779
26;2025-11-02;19;593
26;2025-11-02;20;454
26;2025-11-02;21;312
26;2025-11-02;22;195
26;2025-11-02;23;120
26;2025-11-03;0;47
26;2025-11-03;1;0
26;2025-11-03;2;0
26;2025-11-03;3;0
26;2025-11-03;4;0
26;2025-11-03;5;25
26;2025-11-03;6;175
26;2025-11-03;7;288
26;2025-11-03;8;437
26;2025-11-03;9;522
26;2025-11-03;10;605
26;2025-11-03;11;767
26;2025-11-03;12;786
26;2025-11-03;13;813
26;2025-11-03;14;816
26;2025-11-03;15;760
26;2025-11-03;16;766
26;2025-11-03;17;749
26;2025-11-03;18;699
26;2025-11-03;19;591
26;2025-11-03;20;426
26;2025-11-03;21;288
26;2025-11-03;22;177
26;2025-11-03;23;117
26;2025-11-04;0;46
26;2025-11-04;1;0
26;2025-11-04;2;0
26;2025-11-04;3;0
26;2025-11-04;4;0
26;2025-11-04;5;24
26;2025-11-04;6;172
26;2025-11-04;7;284
26;2025-11-04;8;431
26;2025-11-04;9;514
26;2025-11-04;10;596
26;2025-11-04;11;756
26;2025-11-04;12;774
26;2025-11-04;13;801
26;2025-11-04;14;804
26;2025-11-04;15;748
26;2025-11-04;16;754
26;2025-11-04;17;738
26;2025-11-04;18;689
26;2025-11-04;19;582
26;2025-11-04;20;419
26;2025-11-04;21;284
26;2025-11-04;22;174
26;2025-11-04;23;116
26;2025-11-05;0;38
26;2025-11-05;1;0
26;2025-11-05;2;0
26;2025-11-05;3;0
26;2025-11-05;4;0
26;2025-11-05;5;75
26;2025-11-05;6;476
26;2025-11-05;7;1122
26;2025-11-05;8;2297
26;2025-11-05;9;1454
26;2025-11-05;10;1186
26;2025-11-05;11;1059
26;2025-11-05;12;1137
26;2025-11-05;13;1200
26;2025-11-05;14;1374
26;2025-11-05;15;1419
26;2025-11-05;16;1470
26;2025-11-05;17;1661
26;2025-11-05;18;1840
26;2025-11-05;19;1257
26;2025-11-05;20;797
26;2025-11-05;21;526
26;2025-11-05;22;236
26;2025-11-05;23;136
26;2025-11-06;0;38
26;2025-11-06;1;0
26;2025-11-06;2;0
26;2025-11-06;3;0
26;2025-11-06;4;0
26;2025-11-06;5;63
26;2025-11-06;6;464
26;2025-11-06;7;1053
26;2025-11-06;8;2210
26;2025-11-06;9;1436
26;2025-11-06;10;1118
26;2025-11-06;11;1065
26;2025-11-06;12;1098
26;2025-11-06;13;1137
26;2025-11-06;14;1288
26;2025-11-06;15;1338
26;2025-11-06;16;1422
26;2025-11-06;17;1641
26;2025-11-06;18;1849
26;2025-11-06;19;1189
26;2025-11-06;20;737
26;2025-11-06;21;457
26;2025-11-06;22;228
26;2025-11-06;23;125
26;2025-11-07;0;34
26;2025-11-07;1;0
26;2025-11-07;2;0
26;2025-11-07;3;0
26;2025-11-07;4;0
26;2025-11-07;5;59
26;2025-11-07;6;485
26;2025-11-07;7;1056
26;2025-11-07;8;2109
26;2025-11-07;9;1336
26;2025-11-07;10;1200
26;2025-11-07;11;1025
26;2025-11-07;12;1083
26;2025-11-07;13;1144
26;2025-11-07;14;1313
26;2025-11-07;15;1342
26;2025-11-07;16;1569
26;2025-11-07;17;1693
26;2025-11-07;18;1377
26;2025-11-07;19;1079
26;2025-11-07;20;683
26;2025-11-07;21;477
26;2025-11-07;22;228
26;2025-11-07;23;158
26;2025-11-08;0;49
26;2025-11-08;1;0
26;2025-11-08;2;0
26;2025-11-08;3;0
26;2025-11-08;4;0
26;2025-11-08;5;39
26;2025-11-08;6;246
26;2025-11-08;7;388
26;2025-11-08;8;633
26;2025-11-08;9;668
26;2025-11-08;10;795
26;2025-11-08;11;963
26;2025-11-08;12;986
26;2025-11-08;13;987
26;2025-11-08;14;1014
26;2025-11-08;15;956
26;2025-11-08;16;964
26;2025-11-08;17;912
26;2025-11-08;18;856
26;2025-11-08;19;785
26;2025-11-08;20;540
26;2025-11-08;21;361
26;2025-11-08;22;218
26;2025-11-08;23;154
26;2025-11-09;0;60
26;2025-11-09;1;0
26;2025-11-09;2;0
26;2025-11-09;3;0
26;2025-11-09;4;0
26;2025-11-09;5;18
26;2025-11-09;6;157
26;2025-11-09;7;277
26;2025-11-09;8;374
26;2025-11-09;9;537
26;2025-11-09;10;602
26;2025-11-09;11;810
26;2025-11-09;12;830
26;2025-11-09;13;894
26;2025-11-09;14;871
26;2025-11-09;15;799
26;2025-11-09;16;806
26;2025-11-09;17;820
26;2025-11-09;18;761
26;2025-11-09;19;579
26;2025-11-09;20;443
26;2025-11-09;21;305
26;2025-11-09;22;191
26;2025-11-09;23;117
26;2025-11-10;0;30
26;2025-11-10;1;0
26;2025-11-10;2;0
26;2025-11-10;3;0
26;2025-11-10;4;0
26;2025-11-10;5;69
26;2025-11-10;6;477
26;2025-11-10;7;1140
26;2025-11-10;8;2134
26;2025-11-10;9;1412
26;2025-11-10;10;1180
26;2025-11-10;11;993
26;2025-11-10;12;1030
26;2025-11-10;13;1154
26;2025-11-10;14;1223
26;2025-11-10;15;1327
26;2025-11-10;16;1443
26;2025-11-10;17;1690
26;2025-11-10;18;1892
26;2025-11-10;19;1201
26;2025-11-10;20;786
26;2025-11-10;21;459
26;2025-11-10;22;217
26;2025-11-10;23;113
26;2025-11-11;0;32
26;2025-11-11;1;0
26;2025-11-11;2;0
26;2025-11-11;3;0
26;2025-11-11;4;0
26;2025-11-11;5;63
26;2025-11-11;6;486
26;2025-11-11;7;1112
26;2025-11-11;8;2270
26;2025-11-11;9;1463
26;2025-11-11;10;1230
26;2025-11-11;11;1131
26;2025-11-11;12;1142
26;2025-11-11;13;1126
26;2025-11-11;14;1254
26;2025-11-11;15;1334
26;2025-11-11;16;1484
26;2025-11-11;17;1815
26;2025-11-11;18;1950
26;2025-11-11;19;1338
26;2025-11-11;20;773
26;2025-11-11;21;474
26;2025-11-11;22;221
26;2025-11-11;23;117
26;2025-11-12;0;37
26;2025-11-12;1;0
26;2025-11-12;2;0
26;2025-11-12;3;0
26;2025-11-12;4;0
26;2025-11-12;5;73
26;2025-11-12;6;465
26;2025-11-12;7;1097
26;2025-11-12;8;2247
26;2025-11-12;9;1422
26;2025-11-12;10;1160
26;2025-11-12;11;1035
26;2025-11-12;12;1112
26;2025-11-12;13;1173
26;2025-11-12;14;1343
26;2025-11-12;15;1388
26;2025-11-12;16;1438
26;2025-11-12;17;1625
26;2025-11-12;18;1800
26;2025-11-12;19;1229
26;2025-11-12;20;779
26;2025-11-12;21;515
26;2025-11-12;22;231
26;2025-11-12;23;133
26;2025-11-13;0;39
26;2025-11-13;1;0
26;2025-11-13;2;0
26;2025-11-13;3;0
26;2025-11-13;4;0
26;2025-11-13;5;64
26;2025-11-13;6;478
26;2025-11-13;7;1085
26;2025-11-13;8;2277
26;2025-11-13;9;1479
26;2025-11-13;10;1152
26;2025-11-13;11;1097
26;2025-11-13;12;1131
26;2025-11-13;13;1171
26;2025-11-13;14;1326
26;2025-11-13;15;1378
26;2025-11-13;16;1464
26;2025-11-13;17;1690
26;2025-11-13;18;1905
26;2025-11-13;19;1224
26;2025-11-13;20;759
26;2025-11-13;21;470
26;2025-11-13;22;234
26;2025-11-13;23;129
26;2025-11-14;0;35
26;2025-11-14;1;0
26;2025-11-14;2;0
26;2025-11-14;3;0
26;2025-11-14;4;0
26;2025-11-14;5;60
26;2025-11-14;6;492
26;2025-11-14;7;1073
26;2025-11-14;8;2144
26;2025-11-14;9;1358
26;2025-11-14;10;1220
26;2025-11-14;11;1042
26;2025-11-14;12;1100
26;2025-11-14;13;1163
26;2025-11-14;14;1334
26;2025-11-14;15;1364
26;2025-11-14;16;1595
26;2025-11-14;17;1721
26;2025-11-14;18;1400
26;2025-11-14;19;1096
26;2025-11-14;20;694
26;2025-11-14;21;485
26;2025-11-14;22;232
26;2025-11-14;23;161
26;2025-11-15;0;46
26;2025-11-15;1;0
26;2025-11-15;2;0
26;2025-11-15;3;0
26;2025-11-15;4;0
26;2025-11-15;5;37
26;2025-11-15;6;230
26;2025-11-15;7;362
26;2025-11-15;8;590
26;2025-11-15;9;623
26;2025-11-15;10;741
26;2025-11-15;11;898
26;2025-11-15;12;920
26;2025-11-15;13;920
26;2025-11-15;14;946
26;2025-11-15;15;892
26;2025-11-15;16;899
26;2025-11-15;17;851
26;2025-11-15;18;798
26;2025-11-15;19;732
26;2025-11-15;20;504
26;2025-11-15;21;337
26;2025-11-15;22;203
26;2025-11-15;23;143
26;2025-11-16;0;61
26;2025-11-16;1;0
26;2025-11-16;2;0
26;2025-11-16;3;0
26;2025-11-16;4;0
26;2025-11-16;5;18
26;2025-11-16;6;160
26;2025-11-16;7;282
26;2025-11-16;8;382
26;2025-11-16;9;548
26;2025-11-16;10;613
26;2025-11-16;11;826
26;2025-11-16;12;846
26;2025-11-16;13;911
26;2025-11-16;14;888
26;2025-11-16;15;815
26;2025-11-16;16;821
26;2025-11-16;17;836
26;2025-11-16;18;776
26;2025-11-16;19;591
26;2025-11-16;20;452
26;2025-11-16;21;311
26;2025-11-16;22;195
26;2025-11-16;23;119
26;2025-11-17;0;30
26;2025-11-17;1;0
26;2025-11-17;2;0
26;2025-11-17;3;0
26;2025-11-17;4;0
26;2025-11-17;5;67
26;2025-11-17;6;464
26;2025-11-17;7;1109
26;2025-11-17;8;2075
26;2025-11-17;9;1373
26;2025-11-17;10;1148
26;2025-11-17;11;966
26;2025-11-17;12;1001
26;2025-11-17;13;1122
26;2025-11-17;14;1190
26;2025-11-17;15;1290
26;2025-11-17;16;1404
26;2025-11-17;17;1644
26;2025-11-17;18;1840
26;2025-11-17;19;1168
26;2025-11-17;20;764
26;2025-11-17;21;446
26;2025-11-17;22;211
26;2025-11-17;23;110
26;2025-11-18;0;30
26;2025-11-18;1;0
26;2025-11-18;2;0
26;2025-11-18;3;0
26;2025-11-18;4;0
26;2025-11-18;5;59
26;2025-11-18;6;456
26;2025-11-18;7;1044
26;2025-11-18;8;2132
26;2025-11-18;9;1374
26;2025-11-18;10;1155
26;2025-11-18;11;1062
26;2025-11-18;12;1072
26;2025-11-18;13;1057
26;2025-11-18;14;1178
26;2025-11-18;15;1253
26;2025-11-18;16;1394
26;2025-11-18;17;1704
26;2025-11-18;18;1831
26;2025-11-18;19;1256
26;2025-11-18;20;726
26;2025-11-18;21;445
26;2025-11-18;22;207
26;2025-11-18;23;110
26;2025-11-19;0;38
26;2025-11-19;1;0
26;2025-11-19;2;0
26;2025-11-19;3;0
26;2025-11-19;4;0
26;2025-11-19;5;75
26;2025-11-19;6;478
26;2025-11-19;7;1127
26;2025-11-19;8;2308
26;2025-11-19;9;1461
26;2025-11-19;10;1192
26;2025-11-19;11;1064
26;2025-11-19;12;1143
26;2025-11-19;13;1206
26;2025-11-19;14;1380
26;2025-11-19;15;1426
26;2025-11-19;16;1477
26;2025-11-19;17;1670
26;2025-11-19;18;1849
26;2025-11-19;19;1263
26;2025-11-19;20;801
26;2025-11-19;21;529
26;2025-11-19;22;237
26;2025-11-19;23;137
26;2025-11-20;0;40
26;2025-11-20;1;0
26;2025-11-20;2;0
26;2025-11-20;3;0
26;2025-11-20;4;0
26;2025-11-20;5;65
26;2025-11-20;6;483
26;2025-11-20;7;1096
26;2025-11-20;8;2300
26;2025-11-20;9;1495
26;2025-11-20;10;1164
26;2025-11-20;11;1108
26;2025-11-20;12;1143
26;2025-11-20;13;1183
26;2025-11-20;14;1340
26;2025-11-20;15;1392
26;2025-11-20;16;1480
26;2025-11-20;17;1708
26;2025-11-20;18;1925
26;2025-11-20;19;1237
26;2025-11-20;20;767
26;2025-11-20;21;475
26;2025-11-20;22;237
26;2025-11-20;23;130
26;2025-11-21;0;35
26;2025-11-21;1;0
26;2025-11-21;2;0
26;2025-11-21;3;0
26;2025-11-21;4;0
26;2025-11-21;5;61
26;2025-11-21;6;496
26;2025-11-21;7;1080
26;2025-11-21;8;2158
26;2025-11-21;9;1367
26;2025-11-21;10;1228
26;2025-11-21;11;1049
26;2025-11-21;12;1108
26;2025-11-21;13;1170
26;2025-11-21;14;1343
26;2025-11-21;15;1373
26;2025-11-21;16;1606
26;2025-11-21;17;1732
26;2025-11-21;18;1409
26;2025-11-21;19;1103
26;2025-11-21;20;699
26;2025-11-21;21;488
26;2025-11-21;22;233
26;2025-11-21;23;162
26;2025-11-22;0;48
26;2025-11-22;1;0
26;2025-11-22;2;0
26;2025-11-22;3;0
26;2025-11-22;4;0
26;2025-11-22;5;39
26;2025-11-22;6;243
26;2025-11-22;7;383
26;2025-11-22;8;624
26;2025-11-22;9;659
26;2025-11-22;10;784
26;2025-11-22;11;950
26;2025-11-22;12;973
26;2025-11-22;13;974
26;2025-11-22;14;1000
26;2025-11-22;15;943
26;2025-11-22;16;951
26;2025-11-22;17;900
26;2025-11-22;18;844
26;2025-11-22;19;775
26;2025-11-22;20;533
26;2025-11-22;21;356
26;2025-11-22;22;215
26;2025-11-22;23;152
26;2025-11-23;0;60
26;2025-11-23;1;0
26;2025-11-23;2;0
26;2025-11-23;3;0
26;2025-11-23;4;0
26;2025-11-23;5;18
26;2025-11-23;6;158
26;2025-11-23;7;279
26;2025-11-23;8;378
26;2025-11-23;9;542
26;2025-11-23;10;607
26;2025-11-23;11;818
26;2025-11-23;12;837
26;2025-11-23;13;902
26;2025-11-23;14;879
26;2025-11-23;15;807
26;2025-11-23;16;813
26;2025-11-23;17;828
26;2025-11-23;18;768
26;2025-11-23;19;585
26;2025-11-23;20;448
26;2025-11-23;21;307
26;2025-11-23;22;193
26;2025-11-23;23;118
26;2025-11-24;0;29
26;2025-11-24;1;0
26;2025-11-24;2;0
26;2025-11-24;3;0
26;2025-11-24;4;0
26;2025-11-24;5;66
26;2025-11-24;6;458
26;2025-11-24;7;1094
26;2025-11-24;8;2047
26;2025-11-24;9;1355
26;2025-11-24;10;1132
26;2025-11-24;11;953
26;2025-11-24;12;988
26;2025-11-24;13;1107
26;2025-11-24;14;1174
26;2025-11-24;15;1273
26;2025-11-24;16;1385
26;2025-11-24;17;1622
26;2025-11-24;18;1815
26;2025-11-24;19;1152
26;2025-11-24;20;754
26;2025-11-24;21;440
26;2025-11-24;22;208
26;2025-11-24;23;109
26;2025-11-25;0;32
26;2025-11-25;1;0
26;2025-11-25;2;0
26;2025-11-25;3;0
26;2025-11-25;4;0
26;2025-11-25;5;63
26;2025-11-25;6;484
26;2025-11-25;7;1108
26;2025-11-25;8;2262
26;2025-11-25;9;1457
26;2025-11-25;10;1225
26;2025-11-25;11;1126
26;2025-11-25;12;1138
26;2025-11-25;13;1121
26;2025-11-25;14;1250
26;2025-11-25;15;1329
26;2025-11-25;16;1479
26;2025-11-25;17;1808
26;2025-11-25;18;1943
26;2025-11-25;19;1333
26;2025-11-25;20;770
26;2025-11-25;21;473
26;2025-11-25;22;220
26;2025-11-25;23;117
26;2025-11-26;0;36
26;2025-11-26;1;0
26;2025-11-26;2;0
26;2025-11-26;3;0
26;2025-11-26;4;0
26;2025-11-26;5;71
26;2025-11-26;6;454
26;2025-11-26;7;1071
26;2025-11-26;8;2193
26;2025-11-26;9;1388
26;2025-11-26;10;1133
26;2025-11-26;11;1011
26;2025-11-26;12;1086
26;2025-11-26;13;1146
26;2025-11-26;14;1312
26;2025-11-26;15;1355
26;2025-11-26;16;1404
26;2025-11-26;17;1587
26;2025-11-26;18;1757
26;2025-11-26;19;1200
26;2025-11-26;20;761
26;2025-11-26;21;502
26;2025-11-26;22;226
26;2025-11-26;23;130
26;2025-11-27;0;38
26;2025-11-27;1;0
26;2025-11-27;2;0
26;2025-11-27;3;0
26;2025-11-27;4;0
26;2025-11-27;5;63
26;2025-11-27;6;464
26;2025-11-27;7;1055
26;2025-11-27;8;2214
26;2025-11-27;9;1439
26;2025-11-27;10;1120
26;2025-11-27;11;1067
26;2025-11-27;12;1100
26;2025-11-27;13;1139
26;2025-11-27;14;1290
26;2025-11-27;15;1340
26;2025-11-27;16;1424
26;2025-11-27;17;1644
26;2025-11-27;18;1853
26;2025-11-27;19;1191
26;2025-11-27;20;738
26;2025-11-27;21;457
26;2025-11-27;22;228
26;2025-11-27;23;125
26;2025-11-28;0;34
26;2025-11-28;1;0
26;2025-11-28;2;0
26;2025-11-28;3;0
26;2025-11-28;4;0
26;2025-11-28;5;60
26;2025-11-28;6;488
26;2025-11-28;7;1063
26;2025-11-28;8;2124
26;2025-11-28;9;1345
26;2025-11-28;10;1209
26;2025-11-28;11;1033
26;2025-11-28;12;1091
26;2025-11-28;13;1152
26;2025-11-28;14;1323
26;2025-11-28;15;1352
26;2025-11-28;16;1581
26;2025-11-28;17;1706
26;2025-11-28;18;1387
26;2025-11-28;19;1086
26;2025-11-28;20;688
26;2025-11-28;21;481
26;2025-11-28;22;230
26;2025-11-28;23;159
26;2025-11-29;0;51
26;2025-11-29;1;0
26;2025-11-29;2;0
26;2025-11-29;3;0
26;2025-11-29;4;0
26;2025-11-29;5;41
26;2025-11-29;6;255
26;2025-11-29;7;402
26;2025-11-29;8;655
26;2025-11-29;9;692
26;2025-11-29;10;823
26;2025-11-29;11;997
26;2025-11-29;12;1021
26;2025-11-29;13;1022
26;2025-11-29;14;1050
26;2025-11-29;15;990
26;2025-11-29;16;998
26;2025-11-29;17;945
26;2025-11-29;18;886
26;2025-11-29;19;813
26;2025-11-29;20;560
26;2025-11-29;21;374
26;2025-11-29;22;225
26;2025-11-29;23;159
26;2025-11-30;0;61
26;2025-11-30;1;0
26;2025-11-30;2;0
26;2025-11-30;3;0
26;2025-11-30;4;0
26;2025-11-30;5;18
26;2025-11-30;6;159
26;2025-11-30;7;281
26;2025-11-30;8;381
26;2025-11-30;9;546
26;2025-11-30;10;611
26;2025-11-30;11;824
26;2025-11-30;12;843
26;2025-11-30;13;908
26;2025-11-30;14;886
26;2025-11-30;15;813
26;2025-11-30;16;819
26;2025-11-30;17;834
26;2025-11-30;18;774
26;2025-11-30;19;589
26;2025-11-30;20;451
26;2025-11-30;21;310
26;2025-11-30;22;194
26;2025-11-30;23;119
26;2025-12-01;0;32
26;2025-12-01;1;0
26;2025-12-01;2;0
26;2025-12-01;3;0
26;2025-12-01;4;0
26;2025-12-01;5;65
26;2025-12-01;6;524
26;2025-12-01;7;1110
26;2025-12-01;8;2052
26;2025-12-01;9;1502
26;2025-12-01;10;1212
26;2025-12-01;11;1067
26;2025-12-01;12;1123
26;2025-12-01;13;1225
26;2025-12-01;14;1132
26;2025-12-01;15;1257
26;2025-12-01;16;1490
26;2025-12-01;17;1711
26;2025-12-01;18;1945
26;2025-12-01;19;1336
26;2025-12-01;20;812
26;2025-12-01;21;408
26;2025-12-01;22;201
26;2025-12-01;23;106
26;2025-12-02;0;31
26;2025-12-02;1;0
26;2025-12-02;2;0
26;2025-12-02;3;0
26;2025-12-02;4;0
26;2025-12-02;5;58
26;2025-12-02;6;533
26;2025-12-02;7;1127
26;2025-12-02;8;2137
26;2025-12-02;9;1566
26;2025-12-02;10;1223
26;2025-12-02;11;1161
26;2025-12-02;12;1168
26;2025-12-02;13;1229
26;2025-12-02;14;1179
26;2025-12-02;15;1400
26;2025-12-02;16;1555
26;2025-12-02;17;1732
26;2025-12-02;18;1950
26;2025-12-02;19;1389
26;2025-12-02;20;846
26;2025-12-02;21;471
26;2025-12-02;22;234
26;2025-12-02;23;113
26;2025-12-03;0;30
26;2025-12-03;1;0
26;2025-12-03;2;0
26;2025-12-03;3;0
26;2025-12-03;4;0
26;2025-12-03;5;66
26;2025-12-03;6;547
26;2025-12-03;7;1151
26;2025-12-03;8;2147
26;2025-12-03;9;1557
26;2025-12-03;10;1267
26;2025-12-03;11;1150
26;2025-12-03;12;1180
26;2025-12-03;13;1229
26;2025-12-03;14;1241
26;2025-12-03;15;1364
26;2025-12-03;16;1485
26;2025-12-03;17;1738
26;2025-12-03;18;1893
26;2025-12-03;19;1333
26;2025-12-03;20;749
26;2025-12-03;21;494
26;2025-12-03;22;247
26;2025-12-03;23;122
26;2025-12-04;0;33
26;2025-12-04;1;0
26;2025-12-04;2;0
26;2025-12-04;3;0
26;2025-12-04;4;0
26;2025-12-04;5;67
26;2025-12-04;6;532
26;2025-12-04;7;1114
26;2025-12-04;8;2122
26;2025-12-04;9;1502
26;2025-12-04;10;1243
26;2025-12-04;11;1133
26;2025-12-04;12;1167
26;2025-12-04;13;1227
26;2025-12-04;14;1203
26;2025-12-04;15;1373
26;2025-12-04;16;1518
26;2025-12-04;17;1735
26;2025-12-04;18;1968
26;2025-12-04;19;1352
26;2025-12-04;20;802
26;2025-12-04;21;462
26;2025-12-04;22;228
26;2025-12-04;23;121
26;2025-12-05;0;33
26;2025-12-05;1;0
26;2025-12-05;2;0
26;2025-12-05;3;0
26;2025-12-05;4;0
26;2025-12-05;5;61
26;2025-12-05;6;530
26;2025-12-05;7;1062
26;2025-12-05;8;2006
26;2025-12-05;9;1506
26;2025-12-05;10;1205
26;2025-12-05;11;1103
26;2025-12-05;12;1195
26;2025-12-05;13;1241
26;2025-12-05;14;1193
26;2025-12-05;15;1481
26;2025-12-05;16;1675
26;2025-12-05;17;1777
26;2025-12-05;18;1534
26;2025-12-05;19;1186
26;2025-12-05;20;793
26;2025-12-05;21;453
26;2025-12-05;22;229
26;2025-12-05;23;148
26;2025-12-06;0;43
26;2025-12-06;1;0
26;2025-12-06;2;0
26;2025-12-06;3;0
26;2025-12-06;4;0
26;2025-12-06;5;35
26;2025-12-06;6;271
26;2025-12-06;7;355
26;2025-12-06;8;538
26;2025-12-06;9;699
26;2025-12-06;10;785
26;2025-12-06;11;1011
26;2025-12-06;12;1087
26;2025-12-06;13;1065
26;2025-12-06;14;1105
26;2025-12-06;15;1007
26;2025-12-06;16;1000
26;2025-12-06;17;946
26;2025-12-06;18;895
26;2025-12-06;19;793
26;2025-12-06;20;560
26;2025-12-06;21;383
26;2025-12-06;22;228
26;2025-12-06;23;141
26;2025-12-07;0;51
26;2025-12-07;1;0
26;2025-12-07;2;0
26;2025-12-07;3;0
26;2025-12-07;4;0
26;2025-12-07;5;24
26;2025-12-07;6;168
26;2025-12-07;7;233
26;2025-12-07;8;390
26;2025-12-07;9;552
26;2025-12-07;10;586
26;2025-12-07;11;830
26;2025-12-07;12;915
26;2025-12-07;13;985
26;2025-12-07;14;937
26;2025-12-07;15;867
26;2025-12-07;16;838
26;2025-12-07;17;861
26;2025-12-07;18;739
26;2025-12-07;19;571
26;2025-12-07;20;407
26;2025-12-07;21;298
26;2025-12-07;22;214
26;2025-12-07;23;113
26;2025-12-08;0;32
26;2025-12-08;1;0
26;2025-12-08;2;0
26;2025-12-08;3;0
26;2025-12-08;4;0
26;2025-12-08;5;65
26;2025-12-08;6;525
26;2025-12-08;7;1112
26;2025-12-08;8;2057
26;2025-12-08;9;1505
26;2025-12-08;10;1214
26;2025-12-08;11;1069
26;2025-12-08;12;1125
26;2025-12-08;13;1228
26;2025-12-08;14;1135
26;2025-12-08;15;1260
26;2025-12-08;16;1494
26;2025-12-08;17;1715
26;2025-12-08;18;1949
26;2025-12-08;19;1339
26;2025-12-08;20;813
26;2025-12-08;21;409
26;2025-12-08;22;201
26;2025-12-08;23;106
26;2025-12-09;0;31
26;2025-12-09;1;0
26;2025-12-09;2;0
26;2025-12-09;3;0
26;2025-12-09;4;0
26;2025-12-09;5;58
26;2025-12-09;6;527
26;2025-12-09;7;1115
26;2025-12-09;8;2113
26;2025-12-09;9;1548
26;2025-12-09;10;1209
26;2025-12-09;11;1148
26;2025-12-09;12;1155
26;2025-12-09;13;1215
26;2025-12-09;14;1166
26;2025-12-09;15;1384
26;2025-12-09;16;1538
26;2025-12-09;17;1713
26;2025-12-09;18;1928
26;2025-12-09;19;1374
26;2025-12-09;20;837
26;2025-12-09;21;466
26;2025-12-09;22;232
26;2025-12-09;23;111
26;2025-12-10;0;30
26;2025-12-10;1;0
26;2025-12-10;2;0
26;2025-12-10;3;0
26;2025-12-10;4;0
26;2025-12-10;5;64
26;2025-12-10;6;536
26;2025-12-10;7;1128
26;2025-12-10;8;2104
26;2025-12-10;9;1527
26;2025-12-10;10;1242
26;2025-12-10;11;1128
26;2025-12-10;12;1156
26;2025-12-10;13;1205
26;2025-12-10;14;1217
26;2025-12-10;15;1338
26;2025-12-10;16;1456
26;2025-12-10;17;1704
26;2025-12-10;18;1856
26;2025-12-10;19;1307
26;2025-12-10;20;735
26;2025-12-10;21;484
26;2025-12-10;22;243
26;2025-12-10;23;120
26;2025-12-11;0;32
26;2025-12-11;1;0
26;2025-12-11;2;0
26;2025-12-11;3;0
26;2025-12-11;4;0
26;2025-12-11;5;65
26;2025-12-11;6;512
26;2025-12-11;7;1073
26;2025-12-11;8;2044
26;2025-12-11;9;1446
26;2025-12-11;10;1198
26;2025-12-11;11;1092
26;2025-12-11;12;1124
26;2025-12-11;13;1181
26;2025-12-11;14;1159
26;2025-12-11;15;1323
26;2025-12-11;16;1462
26;2025-12-11;17;1671
26;2025-12-11;18;1895
26;2025-12-11;19;1302
26;2025-12-11;20;772
26;2025-12-11;21;445
26;2025-12-11;22;220
26;2025-12-11;23;117
26;2025-12-12;0;31
26;2025-12-12;1;0
26;2025-12-12;2;0
26;2025-12-12;3;0
26;2025-12-12;4;0
26;2025-12-12;5;59
26;2025-12-12;6;508
26;2025-12-12;7;1018
26;2025-12-12;8;1923
26;2025-12-12;9;1444
26;2025-12-12;10;1154
26;2025-12-12;11;1057
26;2025-12-12;12;1145
26;2025-12-12;13;1190
26;2025-12-12;14;1143
26;2025-12-12;15;1419
26;2025-12-12;16;1605
26;2025-12-12;17;1703
26;2025-12-12;18;1470
26;2025-12-12;19;1137
26;2025-12-12;20;760
26;2025-12-12;21;434
26;2025-12-12;22;219
26;2025-12-12;23;141
26;2025-12-13;0;44
26;2025-12-13;1;0
26;2025-12-13;2;0
26;2025-12-13;3;0
26;2025-12-13;4;0
26;2025-12-13;5;35
26;2025-12-13;6;273
26;2025-12-13;7;358
26;2025-12-13;8;542
26;2025-12-13;9;703
26;2025-12-13;10;789
26;2025-12-13;11;1017
26;2025-12-13;12;1093
26;2025-12-13;13;1071
26;2025-12-13;14;1112
26;2025-12-13;15;1013
26;2025-12-13;16;1006
26;2025-12-13;17;952
26;2025-12-13;18;900
26;2025-12-13;19;798
26;2025-12-13;20;564
26;2025-12-13;21;386
26;2025-12-13;22;229
26;2025-12-13;23;142
26;2025-12-14;0;51
26;2025-12-14;1;0
26;2025-12-14;2;0
26;2025-12-14;3;0
26;2025-12-14;4;0
26;2025-12-14;5;24
26;2025-12-14;6;168
26;2025-12-14;7;233
26;2025-12-14;8;390
26;2025-12-14;9;553
26;2025-12-14;10;587
26;2025-12-14;11;832
26;2025-12-14;12;917
26;2025-12-14;13;987
26;2025-12-14;14;939
26;2025-12-14;15;869
26;2025-12-14;16;839
26;2025-12-14;17;863
26;2025-12-14;18;741
26;2025-12-14;19;572
26;2025-12-14;20;408
26;2025-12-14;21;298
26;2025-12-14;22;214
26;2025-12-14;23;113
26;2025-12-15;0;32
26;2025-12-15;1;0
26;2025-12-15;2;0
26;2025-12-15;3;0
26;2025-12-15;4;0
26;2025-12-15;5;65
26;2025-12-15;6;520
26;2025-12-15;7;1101
26;2025-12-15;8;2037
26;2025-12-15;9;1490
26;2025-12-15;10;1203
26;2025-12-15;11;1059
26;2025-12-15;12;1114
26;2025-12-15;13;1216
26;2025-12-15;14;1124
26;2025-12-15;15;1247
26;2025-12-15;16;1479
26;2025-12-15;17;1698
26;2025-12-15;18;1930
26;2025-12-15;19;1326
26;2025-12-15;20;805
26;2025-12-15;21;405
26;2025-12-15;22;199
26;2025-12-15;23;105
26;2025-12-16;0;30
26;2025-12-16;1;0
26;2025-12-16;2;0
26;2025-12-16;3;0
26;2025-12-16;4;0
26;2025-12-16;5;57
26;2025-12-16;6;518
26;2025-12-16;7;1095
26;2025-12-16;8;2076
26;2025-12-16;9;1521
26;2025-12-16;10;1187
26;2025-12-16;11;1128
26;2025-12-16;12;1134
26;2025-12-16;13;1194
26;2025-12-16;14;1146
26;2025-12-16;15;1360
26;2025-12-16;16;1510
26;2025-12-16;17;1682
26;2025-12-16;18;1894
26;2025-12-16;19;1350
26;2025-12-16;20;822
26;2025-12-16;21;458
26;2025-12-16;22;228
26;2025-12-16;23;109
26;2025-12-17;0;30
26;2025-12-17;1;0
26;2025-12-17;2;0
26;2025-12-17;3;0
26;2025-12-17;4;0
26;2025-12-17;5;66
26;2025-12-17;6;549
26;2025-12-17;7;1155
26;2025-12-17;8;2154
26;2025-12-17;9;1562
26;2025-12-17;10;1272
26;2025-12-17;11;1154
26;2025-12-17;12;1184
26;2025-12-17;13;1234
26;2025-12-17;14;1246
26;2025-12-17;15;1369
26;2025-12-17;16;1490
26;2025-12-17;17;1744
26;2025-12-17;18;1900
26;2025-12-17;19;1337
26;2025-12-17;20;752
26;2025-12-17;21;495
26;2025-12-17;22;248
26;2025-12-17;23;122
26;2025-12-18;0;33
26;2025-12-18;1;0
26;2025-12-18;2;0
26;2025-12-18;3;0
26;2025-12-18;4;0
26;2025-12-18;5;67
26;2025-12-18;6;527
26;2025-12-18;7;1104
26;2025-12-18;8;2104
26;2025-12-18;9;1489
26;2025-12-18;10;1233
26;2025-12-18;11;1124
26;2025-12-18;12;1157
26;2025-12-18;13;1216
26;2025-12-18;14;1193
26;2025-12-18;15;1362
26;2025-12-18;16;1505
26;2025-12-18;17;1720
26;2025-12-18;18;1951
26;2025-12-18;19;1340
26;2025-12-18;20;795
26;2025-12-18;21;458
26;2025-12-18;22;226
26;2025-12-18;23;120
26;2025-12-19;0;33
26;2025-12-19;1;0
26;2025-12-19;2;0
26;2025-12-19;3;0
26;2025-12-19;4;0
26;2025-12-19;5;62
26;2025-12-19;6;531
26;2025-12-19;7;1064
26;2025-12-19;8;2010
26;2025-12-19;9;1509
26;2025-12-19;10;1207
26;2025-12-19;11;1105
26;2025-12-19;12;1197
26;2025-12-19;13;1244
26;2025-12-19;14;1195
26;2025-12-19;15;1484
26;2025-12-19;16;1678
26;2025-12-19;17;1780
26;2025-12-19;18;1537
26;2025-12-19;19;1189
26;2025-12-19;20;795
26;2025-12-19;21;454
26;2025-12-19;22;229
26;2025-12-19;23;148
26;2025-12-20;0;43
26;2025-12-20;1;0
26;2025-12-20;2;0
26;2025-12-20;3;0
26;2025-12-20;4;0
26;2025-12-20;5;35
26;2025-12-20;6;270
26;2025-12-20;7;353
26;2025-12-20;8;535
26;2025-12-20;9;695
26;2025-12-20;10;780
26;2025-12-20;11;1005
26;2025-12-20;12;1080
26;2025-12-20;13;1058
26;2025-12-20;14;1099
26;2025-12-20;15;1001
26;2025-12-20;16;994
26;2025-12-20;17;941
26;2025-12-20;18;889
26;2025-12-20;19;788
26;2025-12-20;20;557
26;2025-12-20;21;381
26;2025-12-20;22;227
26;2025-12-20;23;140
26;2025-12-21;0;50
26;2025-12-21;1;0
26;2025-12-21;2;0
26;2025-12-21;3;0
26;2025-12-21;4;0
26;2025-12-21;5;23
26;2025-12-21;6;165
26;2025-12-21;7;229
26;2025-12-21;8;384
26;2025-12-21;9;544
26;2025-12-21;10;577
26;2025-12-21;11;818
26;2025-12-21;12;901
26;2025-12-21;13;970
26;2025-12-21;14;923
26;2025-12-21;15;854
26;2025-12-21;16;825
26;2025-12-21;17;848
26;2025-12-21;18;728
26;2025-12-21;19;562
26;2025-12-21;20;401
26;2025-12-21;21;293
26;2025-12-21;22;211
26;2025-12-21;23;111
26;2025-12-22;0;31
26;2025-12-22;1;0
26;2025-12-22;2;0
26;2025-12-22;3;0
26;2025-12-22;4;0
26;2025-12-22;5;63
26;2025-12-22;6;510
26;2025-12-22;7;1081
26;2025-12-22;8;1999
26;2025-12-22;9;1463
26;2025-12-22;10;1180
26;2025-12-22;11;1039
26;2025-12-22;12;1093
26;2025-12-22;13;1193
26;2025-12-22;14;1103
26;2025-12-22;15;1224
26;2025-12-22;16;1452
26;2025-12-22;17;1667
26;2025-12-22;18;1894
26;2025-12-22;19;1302
26;2025-12-22;20;791
26;2025-12-22;21;397
26;2025-12-22;22;196
26;2025-12-22;23;103
26;2025-12-23;0;31
26;2025-12-23;1;0
26;2025-12-23;2;0
26;2025-12-23;3;0
26;2025-12-23;4;0
26;2025-12-23;5;58
26;2025-12-23;6;533
26;2025-12-23;7;1128
26;2025-12-23;8;2138
26;2025-12-23;9;1567
26;2025-12-23;10;1223
26;2025-12-23;11;1162
26;2025-12-23;12;1169
26;2025-12-23;13;1230
26;2025-12-23;14;1180
26;2025-12-23;15;1401
26;2025-12-23;16;1556
26;2025-12-23;17;1733
26;2025-12-23;18;1951
26;2025-12-23;19;1390
26;2025-12-23;20;847
26;2025-12-23;21;472
26;2025-12-23;22;234
26;2025-12-23;23;113
26;2025-12-24;0;30
26;2025-12-24;1;0
26;2025-12-24;2;0
26;2025-12-24;3;0
26;2025-12-24;4;0
26;2025-12-24;5;65
26;2025-12-24;6;543
26;2025-12-24;7;1142
26;2025-12-24;8;2131
26;2025-12-24;9;1545
26;2025-12-24;10;1258
26;2025-12-24;11;1142
26;2025-12-24;12;1171
26;2025-12-24;13;1220
26;2025-12-24;14;1232
26;2025-12-24;15;1354
26;2025-12-24;16;1474
26;2025-12-24;17;1725
26;2025-12-24;18;1879
26;2025-12-24;19;1323
26;2025-12-24;20;744
26;2025-12-24;21;490
26;2025-12-24;22;246
26;2025-12-24;23;121
26;2025-12-25;0;32
26;2025-12-25;1;0
26;2025-12-25;2;0
26;2025-12-25;3;0
26;2025-12-25;4;0
26;2025-12-25;5;65
26;2025-12-25;6;513
26;2025-12-25;7;1074
26;2025-12-25;8;2046
26;2025-12-25;9;1448
26;2025-12-25;10;1199
26;2025-12-25;11;1093
26;2025-12-25;12;1125
26;2025-12-25;13;1182
26;2025-12-25;14;1160
26;2025-12-25;15;1324
26;2025-12-25;16;1464
26;2025-12-25;17;1673
26;2025-12-25;18;1897
26;2025-12-25;19;1303
26;2025-12-25;20;773
26;2025-12-25;21;446
26;2025-12-25;22;220
26;2025-12-25;23;117
26;2025-12-26;0;31
26;2025-12-26;1;0
26;2025-12-26;2;0
26;2025-12-26;3;0
26;2025-12-26;4;0
26;2025-12-26;5;58
26;2025-12-26;6;501
26;2025-12-26;7;1004
26;2025-12-26;8;1898
26;2025-12-26;9;1425
26;2025-12-26;10;1139
26;2025-12-26;11;1043
26;2025-12-26;12;1130
26;2025-12-26;13;1174
26;2025-12-26;14;1128
26;2025-12-26;15;1401
26;2025-12-26;16;1585
26;2025-12-26;17;1680
26;2025-12-26;18;1451
26;2025-12-26;19;1122
26;2025-12-26;20;750
26;2025-12-26;21;428
26;2025-12-26;22;217
26;2025-12-26;23;140
26;2025-12-27;0;43
26;2025-12-27;1;0
26;2025-12-27;2;0
26;2025-12-27;3;0
26;2025-12-27;4;0
26;2025-12-27;5;35
26;2025-12-27;6;269
26;2025-12-27;7;353
26;2025-12-27;8;535
26;2025-12-27;9;694
26;2025-12-27;10;779
26;2025-12-27;11;1004
26;2025-12-27;12;1079
26;2025-12-27;13;1057
26;2025-12-27;14;1097
26;2025-12-27;15;1000
26;2025-12-27;16;992
26;2025-12-27;17;939
26;2025-12-27;18;888
26;2025-12-27;19;787
26;2025-12-27;20;556
26;2025-12-27;21;381
26;2025-12-27;22;226
26;2025-12-27;23;140
26;2025-12-28;0;49
26;2025-12-28;1;0
26;2025-12-28;2;0
26;2025-12-28;3;0
26;2025-12-28;4;0
26;2025-12-28;5;23
26;2025-12-28;6;162
26;2025-12-28;7;225
26;2025-12-28;8;376
26;2025-12-28;9;533
26;2025-12-28;10;566
26;2025-12-28;11;802
26;2025-12-28;12;884
26;2025-12-28;13;952
26;2025-12-28;14;905
26;2025-12-28;15;838
26;2025-12-28;16;809
26;2025-12-28;17;832
26;2025-12-28;18;714
26;2025-12-28;19;552
26;2025-12-28;20;394
26;2025-12-28;21;288
26;2025-12-28;22;207
26;2025-12-28;23;109
26;2025-12-29;0;31
26;2025-12-29;1;0
26;2025-12-29;2;0
26;2025-12-29;3;0
26;2025-12-29;4;0
26;2025-12-29;5;63
26;2025-12-29;6;510
26;2025-12-29;7;1081
26;2025-12-29;8;1999
26;2025-12-29;9;1463
26;2025-12-29;10;1180
26;2025-12-29;11;1039
26;2025-12-29;12;1093
26;2025-12-29;13;1193
26;2025-12-29;14;1103
26;2025-12-29;15;1224
26;2025-12-29;16;1452
26;2025-12-29;17;1667
26;2025-12-29;18;1894
26;2025-12-29;19;1302
26;2025-12-29;20;791
26;2025-12-29;21;397
26;2025-12-29;22;196
26;2025-12-29;23;103
26;2025-12-30;0;30
26;2025-12-30;1;0
26;2025-12-30;2;0
26;2025-12-30;3;0
26;2025-12-30;4;0
26;2025-12-30;5;56
26;2025-12-30;6;515
26;2025-12-30;7;1088
26;2025-12-30;8;2063
26;2025-12-30;9;1511
26;2025-12-30;10;1180
26;2025-12-30;11;1121
26;2025-12-30;12;1127
26;2025-12-30;13;1186
26;2025-12-30;14;1138
26;2025-12-30;15;1351
26;2025-12-30;16;1501
26;2025-12-30;17;1672
26;2025-12-30;18;1882
26;2025-12-30;19;1341
26;2025-12-30;20;817
26;2025-12-30;21;455
26;2025-12-30;22;226
26;2025-12-30;23;109
26;2025-12-31;0;40
26;2025-12-31;1;0
26;2025-12-31;2;0
26;2025-12-31;3;0
26;2025-12-31;4;0
26;2025-12-31;5;25
26;2025-12-31;6;187
26;2025-12-31;7;250
26;2025-12-31;8;394
26;2025-12-31;9;531
26;2025-12-31;10;582
26;2025-12-31;11;782
26;2025-12-31;12;850
26;2025-12-31;13;870
26;2025-12-31;14;867
26;2025-12-31;15;796
26;2025-12-31;16;780
26;2025-12-31;17;767
26;2025-12-31;18;694
26;2025-12-31;19;579
26;2025-12-31;20;411
26;2025-12-31;21;289
26;2025-12-31;22;187
26;2025-12-31;23;108
28;2025-11-01;0;1
28;2025-11-01;1;0
28;2025-11-01;2;0
28;2025-11-01;3;0
28;2025-11-01;4;0
28;2025-11-01;5;42
28;2025-11-01;6;198
28;2025-11-01;7;601
28;2025-11-01;8;899
28;2025-11-01;9;583
28;2025-11-01;10;437
28;2025-11-01;11;404
28;2025-11-01;12;542
28;2025-11-01;13;516
28;2025-11-01;14;485
28;2025-11-01;15;518
28;2025-11-01;16;674
28;2025-11-01;17;707
28;2025-11-01;18;608
28;2025-11-01;19;469
28;2025-11-01;20;332
28;2025-11-01;21;236
28;2025-11-01;22;98
28;2025-11-01;23;13
28;2025-11-02;0;6
28;2025-11-02;1;0
28;2025-11-02;2;0
28;2025-11-02;3;0
28;2025-11-02;4;0
28;2025-11-02;5;23
28;2025-11-02;6;86
28;2025-11-02;7;169
28;2025-11-02;8;265
28;2025-11-02;9;342
28;2025-11-02;10;388
28;2025-11-02;11;426
28;2025-11-02;12;462
28;2025-11-02;13;541
28;2025-11-02;14;544
28;2025-11-02;15;533
28;2025-11-02;16;489
28;2025-11-02;17;506
28;2025-11-02;18;431
28;2025-11-02;19;383
28;2025-11-02;20;276
28;2025-11-02;21;236
28;2025-11-02;22;104
28;2025-11-02;23;10
28;2025-11-03;0;4
28;2025-11-03;1;0
28;2025-11-03;2;0
28;2025-11-03;3;0
28;2025-11-03;4;0
28;2025-11-03;5;22
28;2025-11-03;6;85
28;2025-11-03;7;180
28;2025-11-03;8;300
28;2025-11-03;9;353
28;2025-11-03;10;383
28;2025-11-03;11;390
28;2025-11-03;12;446
28;2025-11-03;13;488
28;2025-11-03;14;490
28;2025-11-03;15;495
28;2025-11-03;16;463
28;2025-11-03;17;467
28;2025-11-03;18;404
28;2025-11-03;19;347
28;2025-11-03;20;254
28;2025-11-03;21;219
28;2025-11-03;22;101
28;2025-11-03;23;15
28;2025-11-04;0;4
28;2025-11-04;1;0
28;2025-11-04;2;0
28;2025-11-04;3;0
28;2025-11-04;4;0
28;2025-11-04;5;22
28;2025-11-04;6;83
28;2025-11-04;7;177
28;2025-11-04;8;295
28;2025-11-04;9;347
28;2025-11-04;10;377
28;2025-11-04;11;384
28;2025-11-04;12;438
28;2025-11-04;13;480
28;2025-11-04;14;481
28;2025-11-04;15;487
28;2025-11-04;16;455
28;2025-11-04;17;459
28;2025-11-04;18;397
28;2025-11-04;19;341
28;2025-11-04;20;250
28;2025-11-04;21;215
28;2025-11-04;22;99
28;2025-11-04;23;15
28;2025-11-05;0;1
28;2025-11-05;1;0
28;2025-11-05;2;0
28;2025-11-05;3;0
28;2025-11-05;4;0
28;2025-11-05;5;55
28;2025-11-05;6;257
28;2025-11-05;7;780
28;2025-11-05;8;1219
28;2025-11-05;9;831
28;2025-11-05;10;588
28;2025-11-05;11;557
28;2025-11-05;12;707
28;2025-11-05;13;718
28;2025-11-05;14;648
28;2025-11-05;15;705
28;2025-11-05;16;904
28;2025-11-05;17;1015
28;2025-11-05;18;979
28;2025-11-05;19;747
28;2025-11-05;20;515
28;2025-11-05;21;304
28;2025-11-05;22;119
28;2025-11-05;23;13
28;2025-11-06;0;4
28;2025-11-06;1;0
28;2025-11-06;2;0
28;2025-11-06;3;0
28;2025-11-06;4;0
28;2025-11-06;5;54
28;2025-11-06;6;251
28;2025-11-06;7;779
28;2025-11-06;8;1207
28;2025-11-06;9;779
28;2025-11-06;10;556
28;2025-11-06;11;524
28;2025-11-06;12;635
28;2025-11-06;13;673
28;2025-11-06;14;653
28;2025-11-06;15;673
28;2025-11-06;16;857
28;2025-11-06;17;982
28;2025-11-06;18;998
28;2025-11-06;19;719
28;2025-11-06;20;482
28;2025-11-06;21;295
28;2025-11-06;22;118
28;2025-11-06;23;9
28;2025-11-07;0;1
28;2025-11-07;1;0
28;2025-11-07;2;0
28;2025-11-07;3;0
28;2025-11-07;4;0
28;2025-11-07;5;54
28;2025-11-07;6;257
28;2025-11-07;7;778
28;2025-11-07;8;1162
28;2025-11-07;9;754
28;2025-11-07;10;565
28;2025-11-07;11;523
28;2025-11-07;12;700
28;2025-11-07;13;667
28;2025-11-07;14;627
28;2025-11-07;15;670
28;2025-11-07;16;871
28;2025-11-07;17;915
28;2025-11-07;18;787
28;2025-11-07;19;606
28;2025-11-07;20;430
28;2025-11-07;21;305
28;2025-11-07;22;127
28;2025-11-07;23;17
28;2025-11-08;0;2
28;2025-11-08;1;0
28;2025-11-08;2;0
28;2025-11-08;3;0
28;2025-11-08;4;0
28;2025-11-08;5;26
28;2025-11-08;6;104
28;2025-11-08;7;234
28;2025-11-08;8;404
28;2025-11-08;9;447
28;2025-11-08;10;470
28;2025-11-08;11;450
28;2025-11-08;12;537
28;2025-11-08;13;555
28;2025-11-08;14;556
28;2025-11-08;15;578
28;2025-11-08;16;550
28;2025-11-08;17;543
28;2025-11-08;18;476
28;2025-11-08;19;397
28;2025-11-08;20;294
28;2025-11-08;21;255
28;2025-11-08;22;122
28;2025-11-08;23;24
28;2025-11-09;0;6
28;2025-11-09;1;0
28;2025-11-09;2;0
28;2025-11-09;3;0
28;2025-11-09;4;0
28;2025-11-09;5;23
28;2025-11-09;6;84
28;2025-11-09;7;165
28;2025-11-09;8;259
28;2025-11-09;9;335
28;2025-11-09;10;380
28;2025-11-09;11;417
28;2025-11-09;12;452
28;2025-11-09;13;529
28;2025-11-09;14;533
28;2025-11-09;15;521
28;2025-11-09;16;478
28;2025-11-09;17;495
28;2025-11-09;18;422
28;2025-11-09;19;375
28;2025-11-09;20;270
28;2025-11-09;21;231
28;2025-11-09;22;102
28;2025-11-09;23;10
28;2025-11-10;0;1
28;2025-11-10;1;0
28;2025-11-10;2;0
28;2025-11-10;3;0
28;2025-11-10;4;0
28;2025-11-10;5;56
28;2025-11-10;6;241
28;2025-11-10;7;749
28;2025-11-10;8;1201
28;2025-11-10;9;825
28;2025-11-10;10;573
28;2025-11-10;11;512
28;2025-11-10;12;641
28;2025-11-10;13;635
28;2025-11-10;14;617
28;2025-11-10;15;626
28;2025-11-10;16;861
28;2025-11-10;17;951
28;2025-11-10;18;940
28;2025-11-10;19;693
28;2025-11-10;20;474
28;2025-11-10;21;294
28;2025-11-10;22;114
28;2025-11-10;23;9
28;2025-11-11;0;3
28;2025-11-11;1;0
28;2025-11-11;2;0
28;2025-11-11;3;0
28;2025-11-11;4;0
28;2025-11-11;5;55
28;2025-11-11;6;254
28;2025-11-11;7;843
28;2025-11-11;8;1310
28;2025-11-11;9;804
28;2025-11-11;10;620
28;2025-11-11;11;573
28;2025-11-11;12;658
28;2025-11-11;13;688
28;2025-11-11;14;655
28;2025-11-11;15;707
28;2025-11-11;16;782
28;2025-11-11;17;958
28;2025-11-11;18;989
28;2025-11-11;19;692
28;2025-11-11;20;505
28;2025-11-11;21;320
28;2025-11-11;22;126
28;2025-11-11;23;13
28;2025-11-12;0;1
28;2025-11-12;1;0
28;2025-11-12;2;0
28;2025-11-12;3;0
28;2025-11-12;4;0
28;2025-11-12;5;54
28;2025-11-12;6;250
28;2025-11-12;7;761
28;2025-11-12;8;1188
28;2025-11-12;9;810
28;2025-11-12;10;574
28;2025-11-12;11;543
28;2025-11-12;12;690
28;2025-11-12;13;700
28;2025-11-12;14;632
28;2025-11-12;15;687
28;2025-11-12;16;882
28;2025-11-12;17;990
28;2025-11-12;18;955
28;2025-11-12;19;729
28;2025-11-12;20;502
28;2025-11-12;21;297
28;2025-11-12;22;116
28;2025-11-12;23;13
28;2025-11-13;0;4
28;2025-11-13;1;0
28;2025-11-13;2;0
28;2025-11-13;3;0
28;2025-11-13;4;0
28;2025-11-13;5;55
28;2025-11-13;6;256
28;2025-11-13;7;795
28;2025-11-13;8;1231
28;2025-11-13;9;794
28;2025-11-13;10;567
28;2025-11-13;11;534
28;2025-11-13;12;648
28;2025-11-13;13;687
28;2025-11-13;14;666
28;2025-11-13;15;687
28;2025-11-13;16;874
28;2025-11-13;17;1002
28;2025-11-13;18;1018
28;2025-11-13;19;733
28;2025-11-13;20;492
28;2025-11-13;21;301
28;2025-11-13;22;120
28;2025-11-13;23;9
28;2025-11-14;0;1
28;2025-11-14;1;0
28;2025-11-14;2;0
28;2025-11-14;3;0
28;2025-11-14;4;0
28;2025-11-14;5;55
28;2025-11-14;6;260
28;2025-11-14;7;788
28;2025-11-14;8;1178
28;2025-11-14;9;764
28;2025-11-14;10;572
28;2025-11-14;11;530
28;2025-11-14;12;710
28;2025-11-14;13;676
28;2025-11-14;14;635
28;2025-11-14;15;679
28;2025-11-14;16;883
28;2025-11-14;17;927
28;2025-11-14;18;797
28;2025-11-14;19;614
28;2025-11-14;20;435
28;2025-11-14;21;309
28;2025-11-14;22;128
28;2025-11-14;23;17
28;2025-11-15;0;2
28;2025-11-15;1;0
28;2025-11-15;2;0
28;2025-11-15;3;0
28;2025-11-15;4;0
28;2025-11-15;5;24
28;2025-11-15;6;97
28;2025-11-15;7;218
28;2025-11-15;8;376
28;2025-11-15;9;417
28;2025-11-15;10;438
28;2025-11-15;11;419
28;2025-11-15;12;500
28;2025-11-15;13;517
28;2025-11-15;14;518
28;2025-11-15;15;539
28;2025-11-15;16;512
28;2025-11-15;17;506
28;2025-11-15;18;443
28;2025-11-15;19;370
28;2025-11-15;20;274
28;2025-11-15;21;238
28;2025-11-15;22;114
28;2025-11-15;23;22
28;2025-11-16;0;6
28;2025-11-16;1;0
28;2025-11-16;2;0
28;2025-11-16;3;0
28;2025-11-16;4;0
28;2025-11-16;5;23
28;2025-11-16;6;85
28;2025-11-16;7;168
28;2025-11-16;8;263
28;2025-11-16;9;340
28;2025-11-16;10;386
28;2025-11-16;11;423
28;2025-11-16;12;459
28;2025-11-16;13;537
28;2025-11-16;14;541
28;2025-11-16;15;529
28;2025-11-16;16;485
28;2025-11-16;17;502
28;2025-11-16;18;428
28;2025-11-16;19;380
28;2025-11-16;20;274
28;2025-11-16;21;235
28;2025-11-16;22;104
28;2025-11-16;23;10
28;2025-11-17;0;1
28;2025-11-17;1;0
28;2025-11-17;2;0
28;2025-11-17;3;0
28;2025-11-17;4;0
28;2025-11-17;5;55
28;2025-11-17;6;235
28;2025-11-17;7;731
28;2025-11-17;8;1172
28;2025-11-17;9;805
28;2025-11-17;10;559
28;2025-11-17;11;499
28;2025-11-17;12;625
28;2025-11-17;13;619
28;2025-11-17;14;603
28;2025-11-17;15;611
28;2025-11-17;16;840
28;2025-11-17;17;928
28;2025-11-17;18;917
28;2025-11-17;19;677
28;2025-11-17;20;463
28;2025-11-17;21;287
28;2025-11-17;22;112
28;2025-11-17;23;9
28;2025-11-18;0;2
28;2025-11-18;1;0
28;2025-11-18;2;0
28;2025-11-18;3;0
28;2025-11-18;4;0
28;2025-11-18;5;52
28;2025-11-18;6;240
28;2025-11-18;7;796
28;2025-11-18;8;1238
28;2025-11-18;9;760
28;2025-11-18;10;586
28;2025-11-18;11;541
28;2025-11-18;12;622
28;2025-11-18;13;650
28;2025-11-18;14;619
28;2025-11-18;15;668
28;2025-11-18;16;739
28;2025-11-18;17;905
28;2025-11-18;18;934
28;2025-11-18;19;654
28;2025-11-18;20;477
28;2025-11-18;21;302
28;2025-11-18;22;119
28;2025-11-18;23;13
28;2025-11-19;0;1
28;2025-11-19;1;0
28;2025-11-19;2;0
28;2025-11-19;3;0
28;2025-11-19;4;0
28;2025-11-19;5;55
28;2025-11-19;6;257
28;2025-11-19;7;782
28;2025-11-19;8;1221
28;2025-11-19;9;833
28;2025-11-19;10;590
28;2025-11-19;11;558
28;2025-11-19;12;709
28;2025-11-19;13;720
28;2025-11-19;14;649
28;2025-11-19;15;706
28;2025-11-19;16;906
28;2025-11-19;17;1018
28;2025-11-19;18;981
28;2025-11-19;19;749
28;2025-11-19;20;516
28;2025-11-19;21;305
28;2025-11-19;22;119
28;2025-11-19;23;13
28;2025-11-20;0;4
28;2025-11-20;1;0
28;2025-11-20;2;0
28;2025-11-20;3;0
28;2025-11-20;4;0
28;2025-11-20;5;56
28;2025-11-20;6;258
28;2025-11-20;7;801
28;2025-11-20;8;1241
28;2025-11-20;9;801
28;2025-11-20;10;572
28;2025-11-20;11;539
28;2025-11-20;12;653
28;2025-11-20;13;693
28;2025-11-20;14;671
28;2025-11-20;15;692
28;2025-11-20;16;881
28;2025-11-20;17;1010
28;2025-11-20;18;1027
28;2025-11-20;19;739
28;2025-11-20;20;496
28;2025-11-20;21;303
28;2025-11-20;22;121
28;2025-11-20;23;9
28;2025-11-21;0;1
28;2025-11-21;1;0
28;2025-11-21;2;0
28;2025-11-21;3;0
28;2025-11-21;4;0
28;2025-11-21;5;56
28;2025-11-21;6;262
28;2025-11-21;7;793
28;2025-11-21;8;1186
28;2025-11-21;9;769
28;2025-11-21;10;576
28;2025-11-21;11;533
28;2025-11-21;12;714
28;2025-11-21;13;680
28;2025-11-21;14;640
28;2025-11-21;15;684
28;2025-11-21;16;889
28;2025-11-21;17;933
28;2025-11-21;18;803
28;2025-11-21;19;619
28;2025-11-21;20;438
28;2025-11-21;21;311
28;2025-11-21;22;129
28;2025-11-21;23;17
28;2025-11-22;0;2
28;2025-11-22;1;0
28;2025-11-22;2;0
28;2025-11-22;3;0
28;2025-11-22;4;0
28;2025-11-22;5;26
28;2025-11-22;6;103
28;2025-11-22;7;230
28;2025-11-22;8;398
28;2025-11-22;9;441
28;2025-11-22;10;463
28;2025-11-22;11;444
28;2025-11-22;12;529
28;2025-11-22;13;547
28;2025-11-22;14;548
28;2025-11-22;15;570
28;2025-11-22;16;542
28;2025-11-22;17;535
28;2025-11-22;18;469
28;2025-11-22;19;391
28;2025-11-22;20;290
28;2025-11-22;21;251
28;2025-11-22;22;121
28;2025-11-22;23;24
28;2025-11-23;0;6
28;2025-11-23;1;0
28;2025-11-23;2;0
28;2025-11-23;3;0
28;2025-11-23;4;0
28;2025-11-23;5;23
28;2025-11-23;6;84
28;2025-11-23;7;166
28;2025-11-23;8;261
28;2025-11-23;9;337
28;2025-11-23;10;383
28;2025-11-23;11;420
28;2025-11-23;12;455
28;2025-11-23;13;533
28;2025-11-23;14;537
28;2025-11-23;15;525
28;2025-11-23;16;482
28;2025-11-23;17;498
28;2025-11-23;18;425
28;2025-11-23;19;377
28;2025-11-23;20;272
28;2025-11-23;21;233
28;2025-11-23;22;103
28;2025-11-23;23;10
28;2025-11-24;0;1
28;2025-11-24;1;0
28;2025-11-24;2;0
28;2025-11-24;3;0
28;2025-11-24;4;0
28;2025-11-24;5;54
28;2025-11-24;6;232
28;2025-11-24;7;720
28;2025-11-24;8;1155
28;2025-11-24;9;794
28;2025-11-24;10;551
28;2025-11-24;11;492
28;2025-11-24;12;616
28;2025-11-24;13;610
28;2025-11-24;14;594
28;2025-11-24;15;602
28;2025-11-24;16;828
28;2025-11-24;17;915
28;2025-11-24;18;904
28;2025-11-24;19;667
28;2025-11-24;20;456
28;2025-11-24;21;283
28;2025-11-24;22;110
28;2025-11-24;23;9
28;2025-11-25;0;3
28;2025-11-25;1;0
28;2025-11-25;2;0
28;2025-11-25;3;0
28;2025-11-25;4;0
28;2025-11-25;5;55
28;2025-11-25;6;254
28;2025-11-25;7;842
28;2025-11-25;8;1310
28;2025-11-25;9;804
28;2025-11-25;10;620
28;2025-11-25;11;573
28;2025-11-25;12;658
28;2025-11-25;13;688
28;2025-11-25;14;655
28;2025-11-25;15;707
28;2025-11-25;16;782
28;2025-11-25;17;958
28;2025-11-25;18;988
28;2025-11-25;19;692
28;2025-11-25;20;505
28;2025-11-25;21;320
28;2025-11-25;22;126
28;2025-11-25;23;13
28;2025-11-26;0;1
28;2025-11-26;1;0
28;2025-11-26;2;0
28;2025-11-26;3;0
28;2025-11-26;4;0
28;2025-11-26;5;52
28;2025-11-26;6;244
28;2025-11-26;7;743
28;2025-11-26;8;1161
28;2025-11-26;9;792
28;2025-11-26;10;560
28;2025-11-26;11;531
28;2025-11-26;12;673
28;2025-11-26;13;684
28;2025-11-26;14;617
28;2025-11-26;15;671
28;2025-11-26;16;861
28;2025-11-26;17;967
28;2025-11-26;18;933
28;2025-11-26;19;712
28;2025-11-26;20;490
28;2025-11-26;21;290
28;2025-11-26;22;113
28;2025-11-26;23;13
28;2025-11-27;0;4
28;2025-11-27;1;0
28;2025-11-27;2;0
28;2025-11-27;3;0
28;2025-11-27;4;0
28;2025-11-27;5;54
28;2025-11-27;6;250
28;2025-11-27;7;775
28;2025-11-27;8;1201
28;2025-11-27;9;775
28;2025-11-27;10;554
28;2025-11-27;11;521
28;2025-11-27;12;632
28;2025-11-27;13;670
28;2025-11-27;14;650
28;2025-11-27;15;670
28;2025-11-27;16;853
28;2025-11-27;17;978
28;2025-11-27;18;994
28;2025-11-27;19;716
28;2025-11-27;20;480
28;2025-11-27;21;294
28;2025-11-27;22;117
28;2025-11-27;23;9
28;2025-11-28;0;1
28;2025-11-28;1;0
28;2025-11-28;2;0
28;2025-11-28;3;0
28;2025-11-28;4;0
28;2025-11-28;5;55
28;2025-11-28;6;258
28;2025-11-28;7;781
28;2025-11-28;8;1167
28;2025-11-28;9;757
28;2025-11-28;10;567
28;2025-11-28;11;525
28;2025-11-28;12;703
28;2025-11-28;13;670
28;2025-11-28;14;630
28;2025-11-28;15;673
28;2025-11-28;16;875
28;2025-11-28;17;919
28;2025-11-28;18;790
28;2025-11-28;19;609
28;2025-11-28;20;432
28;2025-11-28;21;306
28;2025-11-28;22;127
28;2025-11-28;23;17
28;2025-11-29;0;2
28;2025-11-29;1;0
28;2025-11-29;2;0
28;2025-11-29;3;0
28;2025-11-29;4;0
28;2025-11-29;5;27
28;2025-11-29;6;108
28;2025-11-29;7;241
28;2025-11-29;8;416
28;2025-11-29;9;461
28;2025-11-29;10;484
28;2025-11-29;11;464
28;2025-11-29;12;553
28;2025-11-29;13;572
28;2025-11-29;14;573
28;2025-11-29;15;596
28;2025-11-29;16;566
28;2025-11-29;17;559
28;2025-11-29;18;490
28;2025-11-29;19;409
28;2025-11-29;20;303
28;2025-11-29;21;263
28;2025-11-29;22;126
28;2025-11-29;23;25
28;2025-11-30;0;6
28;2025-11-30;1;0
28;2025-11-30;2;0
28;2025-11-30;3;0
28;2025-11-30;4;0
28;2025-11-30;5;23
28;2025-11-30;6;85
28;2025-11-30;7;168
28;2025-11-30;8;263
28;2025-11-30;9;340
28;2025-11-30;10;386
28;2025-11-30;11;424
28;2025-11-30;12;460
28;2025-11-30;13;538
28;2025-11-30;14;542
28;2025-11-30;15;530
28;2025-11-30;16;486
28;2025-11-30;17;503
28;2025-11-30;18;429
28;2025-11-30;19;381
28;2025-11-30;20;274
28;2025-11-30;21;235
28;2025-11-30;22;104
28;2025-11-30;23;10
28;2025-12-01;0;0
28;2025-12-01;1;0
28;2025-12-01;2;0
28;2025-12-01;3;0
28;2025-12-01;4;0
28;2025-12-01;5;55
28;2025-12-01;6;257
28;2025-12-01;7;803
28;2025-12-01;8;1112
28;2025-12-01;9;849
28;2025-12-01;10;615
28;2025-12-01;11;507
28;2025-12-01;12;653
28;2025-12-01;13;636
28;2025-12-01;14;591
28;2025-12-01;15;660
28;2025-12-01;16;853
28;2025-12-01;17;966
28;2025-12-01;18;1013
28;2025-12-01;19;715
28;2025-12-01;20;477
28;2025-12-01;21;284
28;2025-12-01;22;137
28;2025-12-01;23;26
28;2025-12-02;0;2
28;2025-12-02;1;0
28;2025-12-02;2;0
28;2025-12-02;3;0
28;2025-12-02;4;0
28;2025-12-02;5;48
28;2025-12-02;6;250
28;2025-12-02;7;820
28;2025-12-02;8;1267
28;2025-12-02;9;905
28;2025-12-02;10;676
28;2025-12-02;11;539
28;2025-12-02;12;652
28;2025-12-02;13;726
28;2025-12-02;14;629
28;2025-12-02;15;652
28;2025-12-02;16;835
28;2025-12-02;17;988
28;2025-12-02;18;935
28;2025-12-02;19;743
28;2025-12-02;20;551
28;2025-12-02;21;316
28;2025-12-02;22;151
28;2025-12-02;23;29
28;2025-12-03;0;5
28;2025-12-03;1;0
28;2025-12-03;2;0
28;2025-12-03;3;0
28;2025-12-03;4;0
28;2025-12-03;5;65
28;2025-12-03;6;283
28;2025-12-03;7;859
28;2025-12-03;8;1314
28;2025-12-03;9;866
28;2025-12-03;10;672
28;2025-12-03;11;600
28;2025-12-03;12;610
28;2025-12-03;13;670
28;2025-12-03;14;654
28;2025-12-03;15;698
28;2025-12-03;16;816
28;2025-12-03;17;925
28;2025-12-03;18;988
28;2025-12-03;19;721
28;2025-12-03;20;497
28;2025-12-03;21;327
28;2025-12-03;22;150
28;2025-12-03;23;30
28;2025-12-04;0;4
28;2025-12-04;1;0
28;2025-12-04;2;0
28;2025-12-04;3;0
28;2025-12-04;4;0
28;2025-12-04;5;50
28;2025-12-04;6;270
28;2025-12-04;7;860
28;2025-12-04;8;1214
28;2025-12-04;9;874
28;2025-12-04;10;610
28;2025-12-04;11;539
28;2025-12-04;12;686
28;2025-12-04;13;711
28;2025-12-04;14;626
28;2025-12-04;15;669
28;2025-12-04;16;818
28;2025-12-04;17;972
28;2025-12-04;18;1011
28;2025-12-04;19;730
28;2025-12-04;20;527
28;2025-12-04;21;316
28;2025-12-04;22;152
28;2025-12-04;23;29
28;2025-12-05;0;2
28;2025-12-05;1;0
28;2025-12-05;2;0
28;2025-12-05;3;0
28;2025-12-05;4;0
28;2025-12-05;5;50
28;2025-12-05;6;251
28;2025-12-05;7;783
28;2025-12-05;8;1176
28;2025-12-05;9;816
28;2025-12-05;10;625
28;2025-12-05;11;536
28;2025-12-05;12;627
28;2025-12-05;13;727
28;2025-12-05;14;704
28;2025-12-05;15;716
28;2025-12-05;16;989
28;2025-12-05;17;960
28;2025-12-05;18;813
28;2025-12-05;19;588
28;2025-12-05;20;489
28;2025-12-05;21;290
28;2025-12-05;22;145
28;2025-12-05;23;22
28;2025-12-06;0;1
28;2025-12-06;1;0
28;2025-12-06;2;0
28;2025-12-06;3;0
28;2025-12-06;4;0
28;2025-12-06;5;23
28;2025-12-06;6;95
28;2025-12-06;7;210
28;2025-12-06;8;332
28;2025-12-06;9;473
28;2025-12-06;10;483
28;2025-12-06;11;464
28;2025-12-06;12;551
28;2025-12-06;13;643
28;2025-12-06;14;650
28;2025-12-06;15;561
28;2025-12-06;16;587
28;2025-12-06;17;561
28;2025-12-06;18;498
28;2025-12-06;19;405
28;2025-12-06;20;297
28;2025-12-06;21;277
28;2025-12-06;22;128
28;2025-12-06;23;18
28;2025-12-07;0;2
28;2025-12-07;1;0
28;2025-12-07;2;0
28;2025-12-07;3;0
28;2025-12-07;4;0
28;2025-12-07;5;18
28;2025-12-07;6;87
28;2025-12-07;7;140
28;2025-12-07;8;258
28;2025-12-07;9;335
28;2025-12-07;10;388
28;2025-12-07;11;407
28;2025-12-07;12;489
28;2025-12-07;13;546
28;2025-12-07;14;523
28;2025-12-07;15;534
28;2025-12-07;16;527
28;2025-12-07;17;534
28;2025-12-07;18;453
28;2025-12-07;19;370
28;2025-12-07;20;301
28;2025-12-07;21;245
28;2025-12-07;22;104
28;2025-12-07;23;12
28;2025-12-08;0;0
28;2025-12-08;1;0
28;2025-12-08;2;0
28;2025-12-08;3;0
28;2025-12-08;4;0
28;2025-12-08;5;55
28;2025-12-08;6;258
28;2025-12-08;7;804
28;2025-12-08;8;1114
28;2025-12-08;9;851
28;2025-12-08;10;616
28;2025-12-08;11;507
28;2025-12-08;12;654
28;2025-12-08;13;637
28;2025-12-08;14;591
28;2025-12-08;15;661
28;2025-12-08;16;854
28;2025-12-08;17;968
28;2025-12-08;18;1015
28;2025-12-08;19;716
28;2025-12-08;20;478
28;2025-12-08;21;284
28;2025-12-08;22;137
28;2025-12-08;23;26
28;2025-12-09;0;2
28;2025-12-09;1;0
28;2025-12-09;2;0
28;2025-12-09;3;0
28;2025-12-09;4;0
28;2025-12-09;5;48
28;2025-12-09;6;248
28;2025-12-09;7;812
28;2025-12-09;8;1255
28;2025-12-09;9;896
28;2025-12-09;10;670
28;2025-12-09;11;534
28;2025-12-09;12;646
28;2025-12-09;13;718
28;2025-12-09;14;623
28;2025-12-09;15;646
28;2025-12-09;16;827
28;2025-12-09;17;979
28;2025-12-09;18;926
28;2025-12-09;19;736
28;2025-12-09;20;546
28;2025-12-09;21;313
28;2025-12-09;22;150
28;2025-12-09;23;28
28;2025-12-10;0;5
28;2025-12-10;1;0
28;2025-12-10;2;0
28;2025-12-10;3;0
28;2025-12-10;4;0
28;2025-12-10;5;64
28;2025-12-10;6;278
28;2025-12-10;7;843
28;2025-12-10;8;1290
28;2025-12-10;9;850
28;2025-12-10;10;659
28;2025-12-10;11;589
28;2025-12-10;12;599
28;2025-12-10;13;657
28;2025-12-10;14;641
28;2025-12-10;15;685
28;2025-12-10;16;801
28;2025-12-10;17;908
28;2025-12-10;18;969
28;2025-12-10;19;707
28;2025-12-10;20;487
28;2025-12-10;21;321
28;2025-12-10;22;147
28;2025-12-10;23;30
28;2025-12-11;0;4
28;2025-12-11;1;0
28;2025-12-11;2;0
28;2025-12-11;3;0
28;2025-12-11;4;0
28;2025-12-11;5;49
28;2025-12-11;6;261
28;2025-12-11;7;832
28;2025-12-11;8;1175
28;2025-12-11;9;845
28;2025-12-11;10;590
28;2025-12-11;11;521
28;2025-12-11;12;664
28;2025-12-11;13;688
28;2025-12-11;14;606
28;2025-12-11;15;648
28;2025-12-11;16;791
28;2025-12-11;17;940
28;2025-12-11;18;978
28;2025-12-11;19;706
28;2025-12-11;20;510
28;2025-12-11;21;306
28;2025-12-11;22;147
28;2025-12-11;23;29
28;2025-12-12;0;2
28;2025-12-12;1;0
28;2025-12-12;2;0
28;2025-12-12;3;0
28;2025-12-12;4;0
28;2025-12-12;5;48
28;2025-12-12;6;241
28;2025-12-12;7;753
28;2025-12-12;8;1131
28;2025-12-12;9;785
28;2025-12-12;10;601
28;2025-12-12;11;515
28;2025-12-12;12;603
28;2025-12-12;13;699
28;2025-12-12;14;676
28;2025-12-12;15;689
28;2025-12-12;16;951
28;2025-12-12;17;923
28;2025-12-12;18;782
28;2025-12-12;19;565
28;2025-12-12;20;470
28;2025-12-12;21;279
28;2025-12-12;22;140
28;2025-12-12;23;21
28;2025-12-13;0;1
28;2025-12-13;1;0
28;2025-12-13;2;0
28;2025-12-13;3;0
28;2025-12-13;4;0
28;2025-12-13;5;23
28;2025-12-13;6;96
28;2025-12-13;7;211
28;2025-12-13;8;333
28;2025-12-13;9;475
28;2025-12-13;10;484
28;2025-12-13;11;466
28;2025-12-13;12;553
28;2025-12-13;13;645
28;2025-12-13;14;653
28;2025-12-13;15;563
28;2025-12-13;16;589
28;2025-12-13;17;563
28;2025-12-13;18;499
28;2025-12-13;19;407
28;2025-12-13;20;298
28;2025-12-13;21;278
28;2025-12-13;22;129
28;2025-12-13;23;18
28;2025-12-14;0;2
28;2025-12-14;1;0
28;2025-12-14;2;0
28;2025-12-14;3;0
28;2025-12-14;4;0
28;2025-12-14;5;18
28;2025-12-14;6;87
28;2025-12-14;7;140
28;2025-12-14;8;258
28;2025-12-14;9;336
28;2025-12-14;10;389
28;2025-12-14;11;408
28;2025-12-14;12;490
28;2025-12-14;13;546
28;2025-12-14;14;524
28;2025-12-14;15;534
28;2025-12-14;16;527
28;2025-12-14;17;534
28;2025-12-14;18;453
28;2025-12-14;19;370
28;2025-12-14;20;302
28;2025-12-14;21;246
28;2025-12-14;22;104
28;2025-12-14;23;12
28;2025-12-15;0;0
28;2025-12-15;1;0
28;2025-12-15;2;0
28;2025-12-15;3;0
28;2025-12-15;4;0
28;2025-12-15;5;55
28;2025-12-15;6;256
28;2025-12-15;7;798
28;2025-12-15;8;1105
28;2025-12-15;9;844
28;2025-12-15;10;612
28;2025-12-15;11;503
28;2025-12-15;12;649
28;2025-12-15;13;632
28;2025-12-15;14;587
28;2025-12-15;15;656
28;2025-12-15;16;848
28;2025-12-15;17;960
28;2025-12-15;18;1007
28;2025-12-15;19;711
28;2025-12-15;20;474
28;2025-12-15;21;282
28;2025-12-15;22;136
28;2025-12-15;23;26
28;2025-12-16;0;2
28;2025-12-16;1;0
28;2025-12-16;2;0
28;2025-12-16;3;0
28;2025-12-16;4;0
28;2025-12-16;5;47
28;2025-12-16;6;243
28;2025-12-16;7;797
28;2025-12-16;8;1232
28;2025-12-16;9;880
28;2025-12-16;10;658
28;2025-12-16;11;524
28;2025-12-16;12;634
28;2025-12-16;13;705
28;2025-12-16;14;611
28;2025-12-16;15;634
28;2025-12-16;16;812
28;2025-12-16;17;961
28;2025-12-16;18;909
28;2025-12-16;19;722
28;2025-12-16;20;536
28;2025-12-16;21;307
28;2025-12-16;22;147
28;2025-12-16;23;28
28;2025-12-17;0;5
28;2025-12-17;1;0
28;2025-12-17;2;0
28;2025-12-17;3;0
28;2025-12-17;4;0
28;2025-12-17;5;65
28;2025-12-17;6;284
28;2025-12-17;7;860
28;2025-12-17;8;1316
28;2025-12-17;9;867
28;2025-12-17;10;673
28;2025-12-17;11;601
28;2025-12-17;12;611
28;2025-12-17;13;670
28;2025-12-17;14;654
28;2025-12-17;15;698
28;2025-12-17;16;817
28;2025-12-17;17;926
28;2025-12-17;18;989
28;2025-12-17;19;722
28;2025-12-17;20;497
28;2025-12-17;21;328
28;2025-12-17;22;150
28;2025-12-17;23;30
28;2025-12-18;0;4
28;2025-12-18;1;0
28;2025-12-18;2;0
28;2025-12-18;3;0
28;2025-12-18;4;0
28;2025-12-18;5;50
28;2025-12-18;6;269
28;2025-12-18;7;857
28;2025-12-18;8;1211
28;2025-12-18;9;871
28;2025-12-18;10;608
28;2025-12-18;11;537
28;2025-12-18;12;684
28;2025-12-18;13;709
28;2025-12-18;14;624
28;2025-12-18;15;667
28;2025-12-18;16;816
28;2025-12-18;17;969
28;2025-12-18;18;1008
28;2025-12-18;19;727
28;2025-12-18;20;525
28;2025-12-18;21;315
28;2025-12-18;22;151
28;2025-12-18;23;29
28;2025-12-19;0;2
28;2025-12-19;1;0
28;2025-12-19;2;0
28;2025-12-19;3;0
28;2025-12-19;4;0
28;2025-12-19;5;50
28;2025-12-19;6;252
28;2025-12-19;7;785
28;2025-12-19;8;1179
28;2025-12-19;9;818
28;2025-12-19;10;627
28;2025-12-19;11;537
28;2025-12-19;12;628
28;2025-12-19;13;729
28;2025-12-19;14;705
28;2025-12-19;15;718
28;2025-12-19;16;991
28;2025-12-19;17;963
28;2025-12-19;18;815
28;2025-12-19;19;589
28;2025-12-19;20;490
28;2025-12-19;21;291
28;2025-12-19;22;145
28;2025-12-19;23;22
28;2025-12-20;0;1
28;2025-12-20;1;0
28;2025-12-20;2;0
28;2025-12-20;3;0
28;2025-12-20;4;0
28;2025-12-20;5;23
28;2025-12-20;6;95
28;2025-12-20;7;210
28;2025-12-20;8;331
28;2025-12-20;9;471
28;2025-12-20;10;481
28;2025-12-20;11;463
28;2025-12-20;12;549
28;2025-12-20;13;641
28;2025-12-20;14;648
28;2025-12-20;15;559
28;2025-12-20;16;585
28;2025-12-20;17;560
28;2025-12-20;18;496
28;2025-12-20;19;404
28;2025-12-20;20;296
28;2025-12-20;21;276
28;2025-12-20;22;128
28;2025-12-20;23;18
28;2025-12-21;0;1
28;2025-12-21;1;0
28;2025-12-21;2;0
28;2025-12-21;3;0
28;2025-12-21;4;0
28;2025-12-21;5;18
28;2025-12-21;6;86
28;2025-12-21;7;138
28;2025-12-21;8;255
28;2025-12-21;9;331
28;2025-12-21;10;384
28;2025-12-21;11;403
28;2025-12-21;12;484
28;2025-12-21;13;539
28;2025-12-21;14;517
28;2025-12-21;15;528
28;2025-12-21;16;520
28;2025-12-21;17;527
28;2025-12-21;18;448
28;2025-12-21;19;366
28;2025-12-21;20;298
28;2025-12-21;21;243
28;2025-12-21;22;103
28;2025-12-21;23;11
28;2025-12-22;0;0
28;2025-12-22;1;0
28;2025-12-22;2;0
28;2025-12-22;3;0
28;2025-12-22;4;0
28;2025-12-22;5;54
28;2025-12-22;6;251
28;2025-12-22;7;783
28;2025-12-22;8;1085
28;2025-12-22;9;828
28;2025-12-22;10;600
28;2025-12-22;11;494
28;2025-12-22;12;637
28;2025-12-22;13;621
28;2025-12-22;14;576
28;2025-12-22;15;643
28;2025-12-22;16;832
28;2025-12-22;17;942
28;2025-12-22;18;988
28;2025-12-22;19;697
28;2025-12-22;20;465
28;2025-12-22;21;277
28;2025-12-22;22;134
28;2025-12-22;23;25
28;2025-12-23;0;2
28;2025-12-23;1;0
28;2025-12-23;2;0
28;2025-12-23;3;0
28;2025-12-23;4;0
28;2025-12-23;5;48
28;2025-12-23;6;250
28;2025-12-23;7;817
28;2025-12-23;8;1263
28;2025-12-23;9;902
28;2025-12-23;10;674
28;2025-12-23;11;537
28;2025-12-23;12;650
28;2025-12-23;13;723
28;2025-12-23;14;627
28;2025-12-23;15;650
28;2025-12-23;16;833
28;2025-12-23;17;985
28;2025-12-23;18;932
28;2025-12-23;19;740
28;2025-12-23;20;549
28;2025-12-23;21;315
28;2025-12-23;22;151
28;2025-12-23;23;28
28;2025-12-24;0;5
28;2025-12-24;1;0
28;2025-12-24;2;0
28;2025-12-24;3;0
28;2025-12-24;4;0
28;2025-12-24;5;64
28;2025-12-24;6;281
28;2025-12-24;7;851
28;2025-12-24;8;1302
28;2025-12-24;9;858
28;2025-12-24;10;666
28;2025-12-24;11;595
28;2025-12-24;12;605
28;2025-12-24;13;663
28;2025-12-24;14;647
28;2025-12-24;15;691
28;2025-12-24;16;809
28;2025-12-24;17;916
28;2025-12-24;18;978
28;2025-12-24;19;714
28;2025-12-24;20;492
28;2025-12-24;21;324
28;2025-12-24;22;148
28;2025-12-24;23;30
28;2025-12-25;0;4
28;2025-12-25;1;0
28;2025-12-25;2;0
28;2025-12-25;3;0
28;2025-12-25;4;0
28;2025-12-25;5;49
28;2025-12-25;6;262
28;2025-12-25;7;833
28;2025-12-25;8;1176
28;2025-12-25;9;846
28;2025-12-25;10;590
28;2025-12-25;11;522
28;2025-12-25;12;664
28;2025-12-25;13;688
28;2025-12-25;14;606
28;2025-12-25;15;648
28;2025-12-25;16;792
28;2025-12-25;17;941
28;2025-12-25;18;979
28;2025-12-25;19;707
28;2025-12-25;20;510
28;2025-12-25;21;306
28;2025-12-25;22;147
28;2025-12-25;23;29
28;2025-12-26;0;2
28;2025-12-26;1;0
28;2025-12-26;2;0
28;2025-12-26;3;0
28;2025-12-26;4;0
28;2025-12-26;5;48
28;2025-12-26;6;238
28;2025-12-26;7;744
28;2025-12-26;8;1117
28;2025-12-26;9;775
28;2025-12-26;10;594
28;2025-12-26;11;509
28;2025-12-26;12;595
28;2025-12-26;13;691
28;2025-12-26;14;668
28;2025-12-26;15;680
28;2025-12-26;16;939
28;2025-12-26;17;912
28;2025-12-26;18;772
28;2025-12-26;19;558
28;2025-12-26;20;465
28;2025-12-26;21;275
28;2025-12-26;22;138
28;2025-12-26;23;21
28;2025-12-27;0;1
28;2025-12-27;1;0
28;2025-12-27;2;0
28;2025-12-27;3;0
28;2025-12-27;4;0
28;2025-12-27;5;23
28;2025-12-27;6;95
28;2025-12-27;7;209
28;2025-12-27;8;329
28;2025-12-27;9;469
28;2025-12-27;10;479
28;2025-12-27;11;461
28;2025-12-27;12;547
28;2025-12-27;13;638
28;2025-12-27;14;645
28;2025-12-27;15;556
28;2025-12-27;16;582
28;2025-12-27;17;557
28;2025-12-27;18;494
28;2025-12-27;19;402
28;2025-12-27;20;294
28;2025-12-27;21;275
28;2025-12-27;22;127
28;2025-12-27;23;18
28;2025-12-28;0;1
28;2025-12-28;1;0
28;2025-12-28;2;0
28;2025-12-28;3;0
28;2025-12-28;4;0
28;2025-12-28;5;17
28;2025-12-28;6;84
28;2025-12-28;7;135
28;2025-12-28;8;249
28;2025-12-28;9;324
28;2025-12-28;10;375
28;2025-12-28;11;394
28;2025-12-28;12;473
28;2025-12-28;13;527
28;2025-12-28;14;506
28;2025-12-28;15;516
28;2025-12-28;16;509
28;2025-12-28;17;516
28;2025-12-28;18;438
28;2025-12-28;19;357
28;2025-12-28;20;291
28;2025-12-28;21;237
28;2025-12-28;22;100
28;2025-12-28;23;11
28;2025-12-29;0;0
28;2025-12-29;1;0
28;2025-12-29;2;0
28;2025-12-29;3;0
28;2025-12-29;4;0
28;2025-12-29;5;53
28;2025-12-29;6;250
28;2025-12-29;7;782
28;2025-12-29;8;1083
28;2025-12-29;9;827
28;2025-12-29;10;599
28;2025-12-29;11;493
28;2025-12-29;12;636
28;2025-12-29;13;620
28;2025-12-29;14;575
28;2025-12-29;15;642
28;2025-12-29;16;830
28;2025-12-29;17;941
28;2025-12-29;18;987
28;2025-12-29;19;696
28;2025-12-29;20;464
28;2025-12-29;21;276
28;2025-12-29;22;133
28;2025-12-29;23;25
28;2025-12-30;0;2
28;2025-12-30;1;0
28;2025-12-30;2;0
28;2025-12-30;3;0
28;2025-12-30;4;0
28;2025-12-30;5;46
28;2025-12-30;6;242
28;2025-12-30;7;791
28;2025-12-30;8;1223
28;2025-12-30;9;873
28;2025-12-30;10;653
28;2025-12-30;11;520
28;2025-12-30;12;630
28;2025-12-30;13;700
28;2025-12-30;14;607
28;2025-12-30;15;630
28;2025-12-30;16;806
28;2025-12-30;17;954
28;2025-12-30;18;902
28;2025-12-30;19;717
28;2025-12-30;20;532
28;2025-12-30;21;305
28;2025-12-30;22;146
28;2025-12-30;23;28
28;2025-12-31;0;1
28;2025-12-31;1;0
28;2025-12-31;2;0
28;2025-12-31;3;0
28;2025-12-31;4;0
28;2025-12-31;5;18
28;2025-12-31;6;81
28;2025-12-31;7;155
28;2025-12-31;8;261
28;2025-12-31;9;358
28;2025-12-31;10;385
28;2025-12-31;11;385
28;2025-12-31;12;460
28;2025-12-31;13;525
28;2025-12-31;14;519
28;2025-12-31;15;483
28;2025-12-31;16;492
28;2025-12-31;17;483
28;2025-12-31;18;420
28;2025-12-31;19;342
28;2025-12-31;20;263
28;2025-12-31;21;231
28;2025-12-31;22;103
28;2025-12-31;23;13
50;2025-11-01;0;0
50;2025-11-01;1;0
50;2025-11-01;2;0
50;2025-11-01;3;0
50;2025-11-01;4;0
50;2025-11-01;5;0
50;2025-11-01;6;0
50;2025-11-01;7;0
50;2025-11-01;8;0
50;2025-11-01;9;0
50;2025-11-01;10;0
50;2025-11-01;11;0
50;2025-11-01;12;0
50;2025-11-01;13;0
50;2025-11-01;14;0
50;2025-11-01;15;0
50;2025-11-01;16;0
50;2025-11-01;17;0
50;2025-11-01;18;0
50;2025-11-01;19;0
50;2025-11-01;20;0
50;2025-11-01;21;0
50;2025-11-01;22;0
50;2025-11-01;23;0
50;2025-11-02;0;0
50;2025-11-02;1;0
50;2025-11-02;2;0
50;2025-11-02;3;0
50;2025-11-02;4;0
50;2025-11-02;5;0
50;2025-11-02;6;0
50;2025-11-02;7;0
50;2025-11-02;8;0
50;2025-11-02;9;0
50;2025-11-02;10;0
50;2025-11-02;11;0
50;2025-11-02;12;0
50;2025-11-02;13;0
50;2025-11-02;14;0
50;2025-11-02;15;0
50;2025-11-02;16;0
50;2025-11-02;17;0
50;2025-11-02;18;0
50;2025-11-02;19;0
50;2025-11-02;20;0
50;2025-11-02;21;0
50;2025-11-02;22;0
50;2025-11-02;23;0
50;2025-11-03;0;56
50;2025-11-03;1;0
50;2025-11-03;2;0
50;2025-11-03;3;0
50;2025-11-03;4;0
50;2025-11-03;5;25
50;2025-11-03;6;157
50;2025-11-03;7;312
50;2025-11-03;8;472
50;2025-11-03;9;540
50;2025-11-03;10;553
50;2025-11-03;11;681
50;2025-11-03;12;716
50;2025-11-03;13;763
50;2025-11-03;14;784
50;2025-11-03;15;731
50;2025-11-03;16;720
50;2025-11-03;17;733
50;2025-11-03;18;670
50;2025-11-03;19;598
50;2025-11-03;20;486
50;2025-11-03;21;387
50;2025-11-03;22;229
50;2025-11-03;23;136
50;2025-11-04;0;55
50;2025-11-04;1;0
50;2025-11-04;2;0
50;2025-11-04;3;0
50;2025-11-04;4;0
50;2025-11-04;5;25
50;2025-11-04;6;154
50;2025-11-04;7;308
50;2025-11-04;8;465
50;2025-11-04;9;532
50;2025-11-04;10;544
50;2025-11-04;11;670
50;2025-11-04;12;705
50;2025-11-04;13;751
50;2025-11-04;14;771
50;2025-11-04;15;719
50;2025-11-04;16;709
50;2025-11-04;17;722
50;2025-11-04;18;659
50;2025-11-04;19;588
50;2025-11-04;20;479
50;2025-11-04;21;381
50;2025-11-04;22;225
50;2025-11-04;23;134
50;2025-11-05;0;22
50;2025-11-05;1;0
50;2025-11-05;2;0
50;2025-11-05;3;0
50;2025-11-05;4;0
50;2025-11-05;5;59
50;2025-11-05;6;541
50;2025-11-05;7;1795
50;2025-11-05;8;2779
50;2025-11-05;9;2099
50;2025-11-05;10;1681
50;2025-11-05;11;1542
50;2025-11-05;12;1444
50;2025-11-05;13;1456
50;2025-11-05;14;1448
50;2025-11-05;15;1655
50;2025-11-05;16;1739
50;2025-11-05;17;2355
50;2025-11-05;18;2427
50;2025-11-05;19;1507
50;2025-11-05;20;933
50;2025-11-05;21;650
50;2025-11-05;22;270
50;2025-11-05;23;150
50;2025-11-06;0;34
50;2025-11-06;1;0
50;2025-11-06;2;0
50;2025-11-06;3;0
50;2025-11-06;4;0
50;2025-11-06;5;55
50;2025-11-06;6;490
50;2025-11-06;7;1679
50;2025-11-06;8;2694
50;2025-11-06;9;2070
50;2025-11-06;10;1646
50;2025-11-06;11;1482
50;2025-11-06;12;1428
50;2025-11-06;13;1428
50;2025-11-06;14;1415
50;2025-11-06;15;1594
50;2025-11-06;16;1646
50;2025-11-06;17;2234
50;2025-11-06;18;2374
50;2025-11-06;19;1369
50;2025-11-06;20;923
50;2025-11-06;21;687
50;2025-11-06;22;267
50;2025-11-06;23;151
50;2025-11-07;0;31
50;2025-11-07;1;0
50;2025-11-07;2;0
50;2025-11-07;3;0
50;2025-11-07;4;0
50;2025-11-07;5;52
50;2025-11-07;6;509
50;2025-11-07;7;1734
50;2025-11-07;8;2708
50;2025-11-07;9;2067
50;2025-11-07;10;1474
50;2025-11-07;11;1490
50;2025-11-07;12;1429
50;2025-11-07;13;1504
50;2025-11-07;14;1481
50;2025-11-07;15;1679
50;2025-11-07;16;2202
50;2025-11-07;17;2123
50;2025-11-07;18;1656
50;2025-11-07;19;1228
50;2025-11-07;20;847
50;2025-11-07;21;574
50;2025-11-07;22;285
50;2025-11-07;23;162
50;2025-11-08;0;0
50;2025-11-08;1;0
50;2025-11-08;2;0
50;2025-11-08;3;0
50;2025-11-08;4;0
50;2025-11-08;5;0
50;2025-11-08;6;0
50;2025-11-08;7;0
50;2025-11-08;8;0
50;2025-11-08;9;0
50;2025-11-08;10;0
50;2025-11-08;11;0
50;2025-11-08;12;0
50;2025-11-08;13;0
50;2025-11-08;14;0
50;2025-11-08;15;0
50;2025-11-08;16;0
50;2025-11-08;17;0
50;2025-11-08;18;0
50;2025-11-08;19;0
50;2025-11-08;20;0
50;2025-11-08;21;0
50;2025-11-08;22;0
50;2025-11-08;23;0
50;2025-11-09;0;0
50;2025-11-09;1;0
50;2025-11-09;2;0
50;2025-11-09;3;0
50;2025-11-09;4;0
50;2025-11-09;5;0
50;2025-11-09;6;0
50;2025-11-09;7;0
50;2025-11-09;8;0
50;2025-11-09;9;0
50;2025-11-09;10;0
50;2025-11-09;11;0
50;2025-11-09;12;0
50;2025-11-09;13;0
50;2025-11-09;14;0
50;2025-11-09;15;0
50;2025-11-09;16;0
50;2025-11-09;17;0
50;2025-11-09;18;0
50;2025-11-09;19;0
50;2025-11-09;20;0
50;2025-11-09;21;0
50;2025-11-09;22;0
50;2025-11-09;23;0
50;2025-11-10;0;5
50;2025-11-10;1;0
50;2025-11-10;2;0
50;2025-11-10;3;0
50;2025-11-10;4;0
50;2025-11-10;5;54
50;2025-11-10;6;513
50;2025-11-10;7;1718
50;2025-11-10;8;2807
50;2025-11-10;9;2173
50;2025-11-10;10;1625
50;2025-11-10;11;1472
50;2025-11-10;12;1317
50;2025-11-10;13;1438
50;2025-11-10;14;1420
50;2025-11-10;15;1629
50;2025-11-10;16;1713
50;2025-11-10;17;2224
50;2025-11-10;18;2385
50;2025-11-10;19;1389
50;2025-11-10;20;905
50;2025-11-10;21;602
50;2025-11-10;22;248
50;2025-11-10;23;126
50;2025-11-11;0;23
50;2025-11-11;1;0
50;2025-11-11;2;0
50;2025-11-11;3;0
50;2025-11-11;4;0
50;2025-11-11;5;60
50;2025-11-11;6;546
50;2025-11-11;7;1842
50;2025-11-11;8;2941
50;2025-11-11;9;2256
50;2025-11-11;10;1705
50;2025-11-11;11;1490
50;2025-11-11;12;1438
50;2025-11-11;13;1450
50;2025-11-11;14;1401
50;2025-11-11;15;1671
50;2025-11-11;16;1718
50;2025-11-11;17;2425
50;2025-11-11;18;2457
50;2025-11-11;19;1500
50;2025-11-11;20;937
50;2025-11-11;21;648
50;2025-11-11;22;252
50;2025-11-11;23;139
50;2025-11-12;0;21
50;2025-11-12;1;0
50;2025-11-12;2;0
50;2025-11-12;3;0
50;2025-11-12;4;0
50;2025-11-12;5;58
50;2025-11-12;6;533
50;2025-11-12;7;1767
50;2025-11-12;8;2736
50;2025-11-12;9;2066
50;2025-11-12;10;1655
50;2025-11-12;11;1518
50;2025-11-12;12;1421
50;2025-11-12;13;1434
50;2025-11-12;14;1426
50;2025-11-12;15;1629
50;2025-11-12;16;1712
50;2025-11-12;17;2318
50;2025-11-12;18;2390
50;2025-11-12;19;1483
50;2025-11-12;20;918
50;2025-11-12;21;640
50;2025-11-12;22;265
50;2025-11-12;23;147
50;2025-11-13;0;34
50;2025-11-13;1;0
50;2025-11-13;2;0
50;2025-11-13;3;0
50;2025-11-13;4;0
50;2025-11-13;5;56
50;2025-11-13;6;501
50;2025-11-13;7;1715
50;2025-11-13;8;2753
50;2025-11-13;9;2116
50;2025-11-13;10;1682
50;2025-11-13;11;1514
50;2025-11-13;12;1460
50;2025-11-13;13;1459
50;2025-11-13;14;1446
50;2025-11-13;15;1629
50;2025-11-13;16;1682
50;2025-11-13;17;2283
50;2025-11-13;18;2426
50;2025-11-13;19;1399
50;2025-11-13;20;943
50;2025-11-13;21;702
50;2025-11-13;22;273
50;2025-11-13;23;155
50;2025-11-14;0;31
50;2025-11-14;1;0
50;2025-11-14;2;0
50;2025-11-14;3;0
50;2025-11-14;4;0
50;2025-11-14;5;53
50;2025-11-14;6;517
50;2025-11-14;7;1761
50;2025-11-14;8;2751
50;2025-11-14;9;2099
50;2025-11-14;10;1497
50;2025-11-14;11;1514
50;2025-11-14;12;1452
50;2025-11-14;13;1528
50;2025-11-14;14;1504
50;2025-11-14;15;1705
50;2025-11-14;16;2236
50;2025-11-14;17;2157
50;2025-11-14;18;1682
50;2025-11-14;19;1248
50;2025-11-14;20;860
50;2025-11-14;21;583
50;2025-11-14;22;289
50;2025-11-14;23;164
50;2025-11-15;0;62
50;2025-11-15;1;0
50;2025-11-15;2;0
50;2025-11-15;3;0
50;2025-11-15;4;0
50;2025-11-15;5;29
50;2025-11-15;6;182
50;2025-11-15;7;392
50;2025-11-15;8;589
50;2025-11-15;9;641
50;2025-11-15;10;630
50;2025-11-15;11;766
50;2025-11-15;12;783
50;2025-11-15;13;822
50;2025-11-15;14;826
50;2025-11-15;15;789
50;2025-11-15;16;762
50;2025-11-15;17;780
50;2025-11-15;18;702
50;2025-11-15;19;639
50;2025-11-15;20;510
50;2025-11-15;21;405
50;2025-11-15;22;239
50;2025-11-15;23;155
50;2025-11-16;0;57
50;2025-11-16;1;0
50;2025-11-16;2;0
50;2025-11-16;3;0
50;2025-11-16;4;0
50;2025-11-16;5;25
50;2025-11-16;6;151
50;2025-11-16;7;270
50;2025-11-16;8;411
50;2025-11-16;9;505
50;2025-11-16;10;547
50;2025-11-16;11;683
50;2025-11-16;12;746
50;2025-11-16;13;807
50;2025-11-16;14;849
50;2025-11-16;15;771
50;2025-11-16;16;778
50;2025-11-16;17;787
50;2025-11-16;18;730
50;2025-11-16;19;638
50;2025-11-16;20;530
50;2025-11-16;21;423
50;2025-11-16;22;250
50;2025-11-16;23;134
50;2025-11-17;0;5
50;2025-11-17;1;0
50;2025-11-17;2;0
50;2025-11-17;3;0
50;2025-11-17;4;0
50;2025-11-17;5;53
50;2025-11-17;6;502
50;2025-11-17;7;1682
50;2025-11-17;8;2749
50;2025-11-17;9;2128
50;2025-11-17;10;1591
50;2025-11-17;11;1441
50;2025-11-17;12;1290
50;2025-11-17;13;1408
50;2025-11-17;14;1391
50;2025-11-17;15;1595
50;2025-11-17;16;1677
50;2025-11-17;17;2177
50;2025-11-17;18;2335
50;2025-11-17;19;1360
50;2025-11-17;20;887
50;2025-11-17;21;590
50;2025-11-17;22;243
50;2025-11-17;23;123
50;2025-11-18;0;22
50;2025-11-18;1;0
50;2025-11-18;2;0
50;2025-11-18;3;0
50;2025-11-18;4;0
50;2025-11-18;5;57
50;2025-11-18;6;516
50;2025-11-18;7;1741
50;2025-11-18;8;2780
50;2025-11-18;9;2133
50;2025-11-18;10;1612
50;2025-11-18;11;1408
50;2025-11-18;12;1359
50;2025-11-18;13;1370
50;2025-11-18;14;1325
50;2025-11-18;15;1580
50;2025-11-18;16;1624
50;2025-11-18;17;2292
50;2025-11-18;18;2322
50;2025-11-18;19;1418
50;2025-11-18;20;886
50;2025-11-18;21;612
50;2025-11-18;22;238
50;2025-11-18;23;132
50;2025-11-19;0;22
50;2025-11-19;1;0
50;2025-11-19;2;0
50;2025-11-19;3;0
50;2025-11-19;4;0
50;2025-11-19;5;59
50;2025-11-19;6;543
50;2025-11-19;7;1801
50;2025-11-19;8;2788
50;2025-11-19;9;2106
50;2025-11-19;10;1687
50;2025-11-19;11;1548
50;2025-11-19;12;1449
50;2025-11-19;13;1461
50;2025-11-19;14;1453
50;2025-11-19;15;1660
50;2025-11-19;16;1745
50;2025-11-19;17;2362
50;2025-11-19;18;2436
50;2025-11-19;19;1512
50;2025-11-19;20;936
50;2025-11-19;21;652
50;2025-11-19;22;271
50;2025-11-19;23;150
50;2025-11-20;0;35
50;2025-11-20;1;0
50;2025-11-20;2;0
50;2025-11-20;3;0
50;2025-11-20;4;0
50;2025-11-20;5;56
50;2025-11-20;6;503
50;2025-11-20;7;1722
50;2025-11-20;8;2764
50;2025-11-20;9;2124
50;2025-11-20;10;1689
50;2025-11-20;11;1520
50;2025-11-20;12;1465
50;2025-11-20;13;1465
50;2025-11-20;14;1452
50;2025-11-20;15;1635
50;2025-11-20;16;1689
50;2025-11-20;17;2292
50;2025-11-20;18;2436
50;2025-11-20;19;1405
50;2025-11-20;20;947
50;2025-11-20;21;704
50;2025-11-20;22;274
50;2025-11-20;23;155
50;2025-11-21;0;31
50;2025-11-21;1;0
50;2025-11-21;2;0
50;2025-11-21;3;0
50;2025-11-21;4;0
50;2025-11-21;5;53
50;2025-11-21;6;519
50;2025-11-21;7;1769
50;2025-11-21;8;2762
50;2025-11-21;9;2108
50;2025-11-21;10;1503
50;2025-11-21;11;1520
50;2025-11-21;12;1458
50;2025-11-21;13;1535
50;2025-11-21;14;1511
50;2025-11-21;15;1713
50;2025-11-21;16;2246
50;2025-11-21;17;2166
50;2025-11-21;18;1690
50;2025-11-21;19;1253
50;2025-11-21;20;864
50;2025-11-21;21;586
50;2025-11-21;22;290
50;2025-11-21;23;165
50;2025-11-22;0;65
50;2025-11-22;1;0
50;2025-11-22;2;0
50;2025-11-22;3;0
50;2025-11-22;4;0
50;2025-11-22;5;31
50;2025-11-22;6;191
50;2025-11-22;7;411
50;2025-11-22;8;618
50;2025-11-22;9;674
50;2025-11-22;10;662
50;2025-11-22;11;805
50;2025-11-22;12;822
50;2025-11-22;13;864
50;2025-11-22;14;868
50;2025-11-22;15;829
50;2025-11-22;16;800
50;2025-11-22;17;819
50;2025-11-22;18;737
50;2025-11-22;19;671
50;2025-11-22;20;535
50;2025-11-22;21;425
50;2025-11-22;22;251
50;2025-11-22;23;163
50;2025-11-23;0;57
50;2025-11-23;1;0
50;2025-11-23;2;0
50;2025-11-23;3;0
50;2025-11-23;4;0
50;2025-11-23;5;25
50;2025-11-23;6;151
50;2025-11-23;7;268
50;2025-11-23;8;409
50;2025-11-23;9;503
50;2025-11-23;10;544
50;2025-11-23;11;680
50;2025-11-23;12;742
50;2025-11-23;13;803
50;2025-11-23;14;844
50;2025-11-23;15;767
50;2025-11-23;16;774
50;2025-11-23;17;783
50;2025-11-23;18;726
50;2025-11-23;19;635
50;2025-11-23;20;528
50;2025-11-23;21;421
50;2025-11-23;22;249
50;2025-11-23;23;133
50;2025-11-24;0;5
50;2025-11-24;1;0
50;2025-11-24;2;0
50;2025-11-24;3;0
50;2025-11-24;4;0
50;2025-11-24;5;52
50;2025-11-24;6;493
50;2025-11-24;7;1651
50;2025-11-24;8;2698
50;2025-11-24;9;2089
50;2025-11-24;10;1562
50;2025-11-24;11;1415
50;2025-11-24;12;1266
50;2025-11-24;13;1382
50;2025-11-24;14;1365
50;2025-11-24;15;1566
50;2025-11-24;16;1646
50;2025-11-24;17;2137
50;2025-11-24;18;2293
50;2025-11-24;19;1335
50;2025-11-24;20;870
50;2025-11-24;21;579
50;2025-11-24;22;239
50;2025-11-24;23;121
50;2025-11-25;0;23
50;2025-11-25;1;0
50;2025-11-25;2;0
50;2025-11-25;3;0
50;2025-11-25;4;0
50;2025-11-25;5;60
50;2025-11-25;6;545
50;2025-11-25;7;1839
50;2025-11-25;8;2937
50;2025-11-25;9;2253
50;2025-11-25;10;1703
50;2025-11-25;11;1488
50;2025-11-25;12;1436
50;2025-11-25;13;1448
50;2025-11-25;14;1399
50;2025-11-25;15;1669
50;2025-11-25;16;1715
50;2025-11-25;17;2421
50;2025-11-25;18;2453
50;2025-11-25;19;1498
50;2025-11-25;20;936
50;2025-11-25;21;647
50;2025-11-25;22;251
50;2025-11-25;23;139
50;2025-11-26;0;21
50;2025-11-26;1;0
50;2025-11-26;2;0
50;2025-11-26;3;0
50;2025-11-26;4;0
50;2025-11-26;5;57
50;2025-11-26;6;518
50;2025-11-26;7;1717
50;2025-11-26;8;2660
50;2025-11-26;9;2009
50;2025-11-26;10;1609
50;2025-11-26;11;1476
50;2025-11-26;12;1382
50;2025-11-26;13;1394
50;2025-11-26;14;1386
50;2025-11-26;15;1584
50;2025-11-26;16;1664
50;2025-11-26;17;2253
50;2025-11-26;18;2323
50;2025-11-26;19;1442
50;2025-11-26;20;893
50;2025-11-26;21;622
50;2025-11-26;22;258
50;2025-11-26;23;143
50;2025-11-27;0;34
50;2025-11-27;1;0
50;2025-11-27;2;0
50;2025-11-27;3;0
50;2025-11-27;4;0
50;2025-11-27;5;55
50;2025-11-27;6;489
50;2025-11-27;7;1676
50;2025-11-27;8;2690
50;2025-11-27;9;2067
50;2025-11-27;10;1643
50;2025-11-27;11;1479
50;2025-11-27;12;1426
50;2025-11-27;13;1425
50;2025-11-27;14;1413
50;2025-11-27;15;1591
50;2025-11-27;16;1643
50;2025-11-27;17;2230
50;2025-11-27;18;2370
50;2025-11-27;19;1367
50;2025-11-27;20;921
50;2025-11-27;21;685
50;2025-11-27;22;267
50;2025-11-27;23;151
50;2025-11-28;0;31
50;2025-11-28;1;0
50;2025-11-28;2;0
50;2025-11-28;3;0
50;2025-11-28;4;0
50;2025-11-28;5;52
50;2025-11-28;6;511
50;2025-11-28;7;1742
50;2025-11-28;8;2721
50;2025-11-28;9;2076
50;2025-11-28;10;1481
50;2025-11-28;11;1497
50;2025-11-28;12;1436
50;2025-11-28;13;1512
50;2025-11-28;14;1488
50;2025-11-28;15;1687
50;2025-11-28;16;2212
50;2025-11-28;17;2133
50;2025-11-28;18;1664
50;2025-11-28;19;1234
50;2025-11-28;20;851
50;2025-11-28;21;577
50;2025-11-28;22;286
50;2025-11-28;23;163
50;2025-11-29;0;68
50;2025-11-29;1;0
50;2025-11-29;2;0
50;2025-11-29;3;0
50;2025-11-29;4;0
50;2025-11-29;5;32
50;2025-11-29;6;199
50;2025-11-29;7;429
50;2025-11-29;8;644
50;2025-11-29;9;702
50;2025-11-29;10;689
50;2025-11-29;11;839
50;2025-11-29;12;856
50;2025-11-29;13;900
50;2025-11-29;14;904
50;2025-11-29;15;863
50;2025-11-29;16;834
50;2025-11-29;17;854
50;2025-11-29;18;768
50;2025-11-29;19;699
50;2025-11-29;20;558
50;2025-11-29;21;443
50;2025-11-29;22;261
50;2025-11-29;23;169
50;2025-11-30;0;58
50;2025-11-30;1;0
50;2025-11-30;2;0
50;2025-11-30;3;0
50;2025-11-30;4;0
50;2025-11-30;5;25
50;2025-11-30;6;152
50;2025-11-30;7;271
50;2025-11-30;8;413
50;2025-11-30;9;507
50;2025-11-30;10;549
50;2025-11-30;11;686
50;2025-11-30;12;749
50;2025-11-30;13;811
50;2025-11-30;14;852
50;2025-11-30;15;774
50;2025-11-30;16;781
50;2025-11-30;17;790
50;2025-11-30;18;733
50;2025-11-30;19;641
50;2025-11-30;20;533
50;2025-11-30;21;424
50;2025-11-30;22;251
50;2025-11-30;23;135
50;2025-12-01;0;34
50;2025-12-01;1;0
50;2025-12-01;2;0
50;2025-12-01;3;0
50;2025-12-01;4;0
50;2025-12-01;5;44
50;2025-12-01;6;567
50;2025-12-01;7;1926
50;2025-12-01;8;2722
50;2025-12-01;9;2133
50;2025-12-01;10;1574
50;2025-12-01;11;1610
50;2025-12-01;12;1409
50;2025-12-01;13;1324
50;2025-12-01;14;1313
50;2025-12-01;15;1621
50;2025-12-01;16;1479
50;2025-12-01;17;2383
50;2025-12-01;18;2635
50;2025-12-01;19;1526
50;2025-12-01;20;850
50;2025-12-01;21;576
50;2025-12-01;22;281
50;2025-12-01;23;128
50;2025-12-02;0;35
50;2025-12-02;1;0
50;2025-12-02;2;0
50;2025-12-02;3;0
50;2025-12-02;4;0
50;2025-12-02;5;51
50;2025-12-02;6;607
50;2025-12-02;7;1845
50;2025-12-02;8;2858
50;2025-12-02;9;2178
50;2025-12-02;10;1695
50;2025-12-02;11;1608
50;2025-12-02;12;1565
50;2025-12-02;13;1455
50;2025-12-02;14;1423
50;2025-12-02;15;1744
50;2025-12-02;16;1597
50;2025-12-02;17;2429
50;2025-12-02;18;2663
50;2025-12-02;19;1569
50;2025-12-02;20;871
50;2025-12-02;21;580
50;2025-12-02;22;291
50;2025-12-02;23;127
50;2025-12-03;0;40
50;2025-12-03;1;0
50;2025-12-03;2;0
50;2025-12-03;3;0
50;2025-12-03;4;0
50;2025-12-03;5;44
50;2025-12-03;6;537
50;2025-12-03;7;1721
50;2025-12-03;8;2748
50;2025-12-03;9;2021
50;2025-12-03;10;1631
50;2025-12-03;11;1557
50;2025-12-03;12;1515
50;2025-12-03;13;1433
50;2025-12-03;14;1522
50;2025-12-03;15;1715
50;2025-12-03;16;1752
50;2025-12-03;17;2516
50;2025-12-03;18;2686
50;2025-12-03;19;1516
50;2025-12-03;20;873
50;2025-12-03;21;604
50;2025-12-03;22;279
50;2025-12-03;23;127
50;2025-12-04;0;37
50;2025-12-04;1;0
50;2025-12-04;2;0
50;2025-12-04;3;0
50;2025-12-04;4;0
50;2025-12-04;5;49
50;2025-12-04;6;550
50;2025-12-04;7;1811
50;2025-12-04;8;2672
50;2025-12-04;9;2090
50;2025-12-04;10;1555
50;2025-12-04;11;1630
50;2025-12-04;12;1487
50;2025-12-04;13;1406
50;2025-12-04;14;1407
50;2025-12-04;15;1634
50;2025-12-04;16;1813
50;2025-12-04;17;2376
50;2025-12-04;18;2617
50;2025-12-04;19;1480
50;2025-12-04;20;899
50;2025-12-04;21;607
50;2025-12-04;22;301
50;2025-12-04;23;153
50;2025-12-05;0;44
50;2025-12-05;1;0
50;2025-12-05;2;0
50;2025-12-05;3;0
50;2025-12-05;4;0
50;2025-12-05;5;44
50;2025-12-05;6;575
50;2025-12-05;7;1718
50;2025-12-05;8;2772
50;2025-12-05;9;2056
50;2025-12-05;10;1601
50;2025-12-05;11;1673
50;2025-12-05;12;1634
50;2025-12-05;13;1543
50;2025-12-05;14;1443
50;2025-12-05;15;1860
50;2025-12-05;16;2068
50;2025-12-05;17;2221
50;2025-12-05;18;1968
50;2025-12-05;19;1254
50;2025-12-05;20;767
50;2025-12-05;21;600
50;2025-12-05;22;315
50;2025-12-05;23;178
50;2025-12-06;0;66
50;2025-12-06;1;0
50;2025-12-06;2;0
50;2025-12-06;3;0
50;2025-12-06;4;0
50;2025-12-06;5;32
50;2025-12-06;6;186
50;2025-12-06;7;403
50;2025-12-06;8;624
50;2025-12-06;9;710
50;2025-12-06;10;689
50;2025-12-06;11;879
50;2025-12-06;12;903
50;2025-12-06;13;943
50;2025-12-06;14;958
50;2025-12-06;15;949
50;2025-12-06;16;873
50;2025-12-06;17;880
50;2025-12-06;18;746
50;2025-12-06;19;627
50;2025-12-06;20;491
50;2025-12-06;21;387
50;2025-12-06;22;244
50;2025-12-06;23;143
50;2025-12-07;0;56
50;2025-12-07;1;0
50;2025-12-07;2;0
50;2025-12-07;3;0
50;2025-12-07;4;0
50;2025-12-07;5;19
50;2025-12-07;6;114
50;2025-12-07;7;232
50;2025-12-07;8;344
50;2025-12-07;9;490
50;2025-12-07;10;531
50;2025-12-07;11;713
50;2025-12-07;12;829
50;2025-12-07;13;853
50;2025-12-07;14;945
50;2025-12-07;15;821
50;2025-12-07;16;907
50;2025-12-07;17;822
50;2025-12-07;18;734
50;2025-12-07;19;605
50;2025-12-07;20;497
50;2025-12-07;21;381
50;2025-12-07;22;239
50;2025-12-07;23;113
50;2025-12-08;0;34
50;2025-12-08;1;0
50;2025-12-08;2;0
50;2025-12-08;3;0
50;2025-12-08;4;0
50;2025-12-08;5;44
50;2025-12-08;6;569
50;2025-12-08;7;1931
50;2025-12-08;8;2730
50;2025-12-08;9;2139
50;2025-12-08;10;1579
50;2025-12-08;11;1615
50;2025-12-08;12;1413
50;2025-12-08;13;1328
50;2025-12-08;14;1317
50;2025-12-08;15;1625
50;2025-12-08;16;1484
50;2025-12-08;17;2390
50;2025-12-08;18;2642
50;2025-12-08;19;1531
50;2025-12-08;20;852
50;2025-12-08;21;577
50;2025-12-08;22;281
50;2025-12-08;23;128
50;2025-12-09;0;35
50;2025-12-09;1;0
50;2025-12-09;2;0
50;2025-12-09;3;0
50;2025-12-09;4;0
50;2025-12-09;5;51
50;2025-12-09;6;605
50;2025-12-09;7;1838
50;2025-12-09;8;2847
50;2025-12-09;9;2171
50;2025-12-09;10;1689
50;2025-12-09;11;1602
50;2025-12-09;12;1559
50;2025-12-09;13;1450
50;2025-12-09;14;1417
50;2025-12-09;15;1737
50;2025-12-09;16;1591
50;2025-12-09;17;2420
50;2025-12-09;18;2654
50;2025-12-09;19;1563
50;2025-12-09;20;868
50;2025-12-09;21;578
50;2025-12-09;22;290
50;2025-12-09;23;126
50;2025-12-10;0;40
50;2025-12-10;1;0
50;2025-12-10;2;0
50;2025-12-10;3;0
50;2025-12-10;4;0
50;2025-12-10;5;43
50;2025-12-10;6;529
50;2025-12-10;7;1697
50;2025-12-10;8;2710
50;2025-12-10;9;1992
50;2025-12-10;10;1608
50;2025-12-10;11;1535
50;2025-12-10;12;1493
50;2025-12-10;13;1413
50;2025-12-10;14;1500
50;2025-12-10;15;1691
50;2025-12-10;16;1728
50;2025-12-10;17;2480
50;2025-12-10;18;2648
50;2025-12-10;19;1495
50;2025-12-10;20;861
50;2025-12-10;21;595
50;2025-12-10;22;275
50;2025-12-10;23;125
50;2025-12-11;0;36
50;2025-12-11;1;0
50;2025-12-11;2;0
50;2025-12-11;3;0
50;2025-12-11;4;0
50;2025-12-11;5;48
50;2025-12-11;6;536
50;2025-12-11;7;1763
50;2025-12-11;8;2602
50;2025-12-11;9;2035
50;2025-12-11;10;1514
50;2025-12-11;11;1587
50;2025-12-11;12;1448
50;2025-12-11;13;1369
50;2025-12-11;14;1370
50;2025-12-11;15;1591
50;2025-12-11;16;1766
50;2025-12-11;17;2314
50;2025-12-11;18;2548
50;2025-12-11;19;1441
50;2025-12-11;20;876
50;2025-12-11;21;591
50;2025-12-11;22;293
50;2025-12-11;23;149
50;2025-12-12;0;42
50;2025-12-12;1;0
50;2025-12-12;2;0
50;2025-12-12;3;0
50;2025-12-12;4;0
50;2025-12-12;5;43
50;2025-12-12;6;555
50;2025-12-12;7;1659
50;2025-12-12;8;2676
50;2025-12-12;9;1985
50;2025-12-12;10;1546
50;2025-12-12;11;1615
50;2025-12-12;12;1577
50;2025-12-12;13;1489
50;2025-12-12;14;1393
50;2025-12-12;15;1796
50;2025-12-12;16;1996
50;2025-12-12;17;2144
50;2025-12-12;18;1900
50;2025-12-12;19;1211
50;2025-12-12;20;740
50;2025-12-12;21;579
50;2025-12-12;22;304
50;2025-12-12;23;172
50;2025-12-13;0;66
50;2025-12-13;1;0
50;2025-12-13;2;0
50;2025-12-13;3;0
50;2025-12-13;4;0
50;2025-12-13;5;32
50;2025-12-13;6;186
50;2025-12-13;7;404
50;2025-12-13;8;625
50;2025-12-13;9;711
50;2025-12-13;10;690
50;2025-12-13;11;880
50;2025-12-13;12;904
50;2025-12-13;13;944
50;2025-12-13;14;960
50;2025-12-13;15;951
50;2025-12-13;16;875
50;2025-12-13;17;882
50;2025-12-13;18;747
50;2025-12-13;19;628
50;2025-12-13;20;492
50;2025-12-13;21;388
50;2025-12-13;22;244
50;2025-12-13;23;143
50;2025-12-14;0;56
50;2025-12-14;1;0
50;2025-12-14;2;0
50;2025-12-14;3;0
50;2025-12-14;4;0
50;2025-12-14;5;19
50;2025-12-14;6;114
50;2025-12-14;7;232
50;2025-12-14;8;344
50;2025-12-14;9;490
50;2025-12-14;10;531
50;2025-12-14;11;712
50;2025-12-14;12;828
50;2025-12-14;13;852
50;2025-12-14;14;944
50;2025-12-14;15;821
50;2025-12-14;16;906
50;2025-12-14;17;821
50;2025-12-14;18;733
50;2025-12-14;19;605
50;2025-12-14;20;497
50;2025-12-14;21;381
50;2025-12-14;22;239
50;2025-12-14;23;113
50;2025-12-15;0;34
50;2025-12-15;1;0
50;2025-12-15;2;0
50;2025-12-15;3;0
50;2025-12-15;4;0
50;2025-12-15;5;44
50;2025-12-15;6;566
50;2025-12-15;7;1920
50;2025-12-15;8;2715
50;2025-12-15;9;2127
50;2025-12-15;10;1570
50;2025-12-15;11;1605
50;2025-12-15;12;1405
50;2025-12-15;13;1321
50;2025-12-15;14;1309
50;2025-12-15;15;1616
50;2025-12-15;16;1475
50;2025-12-15;17;2376
50;2025-12-15;18;2627
50;2025-12-15;19;1522
50;2025-12-15;20;847
50;2025-12-15;21;574
50;2025-12-15;22;280
50;2025-12-15;23;128
50;2025-12-16;0;35
50;2025-12-16;1;0
50;2025-12-16;2;0
50;2025-12-16;3;0
50;2025-12-16;4;0
50;2025-12-16;5;50
50;2025-12-16;6;594
50;2025-12-16;7;1804
50;2025-12-16;8;2794
50;2025-12-16;9;2130
50;2025-12-16;10;1657
50;2025-12-16;11;1572
50;2025-12-16;12;1530
50;2025-12-16;13;1423
50;2025-12-16;14;1391
50;2025-12-16;15;1705
50;2025-12-16;16;1562
50;2025-12-16;17;2375
50;2025-12-16;18;2604
50;2025-12-16;19;1534
50;2025-12-16;20;851
50;2025-12-16;21;567
50;2025-12-16;22;284
50;2025-12-16;23;124
50;2025-12-17;0;41
50;2025-12-17;1;0
50;2025-12-17;2;0
50;2025-12-17;3;0
50;2025-12-17;4;0
50;2025-12-17;5;44
50;2025-12-17;6;538
50;2025-12-17;7;1726
50;2025-12-17;8;2756
50;2025-12-17;9;2027
50;2025-12-17;10;1635
50;2025-12-17;11;1562
50;2025-12-17;12;1519
50;2025-12-17;13;1438
50;2025-12-17;14;1526
50;2025-12-17;15;1720
50;2025-12-17;16;1757
50;2025-12-17;17;2523
50;2025-12-17;18;2693
50;2025-12-17;19;1521
50;2025-12-17;20;876
50;2025-12-17;21;606
50;2025-12-17;22;280
50;2025-12-17;23;127
50;2025-12-18;0;37
50;2025-12-18;1;0
50;2025-12-18;2;0
50;2025-12-18;3;0
50;2025-12-18;4;0
50;2025-12-18;5;49
50;2025-12-18;6;550
50;2025-12-18;7;1811
50;2025-12-18;8;2673
50;2025-12-18;9;2091
50;2025-12-18;10;1555
50;2025-12-18;11;1631
50;2025-12-18;12;1488
50;2025-12-18;13;1406
50;2025-12-18;14;1407
50;2025-12-18;15;1635
50;2025-12-18;16;1814
50;2025-12-18;17;2377
50;2025-12-18;18;2618
50;2025-12-18;19;1480
50;2025-12-18;20;900
50;2025-12-18;21;607
50;2025-12-18;22;301
50;2025-12-18;23;153
50;2025-12-19;0;44
50;2025-12-19;1;0
50;2025-12-19;2;0
50;2025-12-19;3;0
50;2025-12-19;4;0
50;2025-12-19;5;44
50;2025-12-19;6;575
50;2025-12-19;7;1721
50;2025-12-19;8;2777
50;2025-12-19;9;2059
50;2025-12-19;10;1604
50;2025-12-19;11;1675
50;2025-12-19;12;1636
50;2025-12-19;13;1545
50;2025-12-19;14;1445
50;2025-12-19;15;1863
50;2025-12-19;16;2071
50;2025-12-19;17;2224
50;2025-12-19;18;1971
50;2025-12-19;19;1256
50;2025-12-19;20;768
50;2025-12-19;21;601
50;2025-12-19;22;316
50;2025-12-19;23;178
50;2025-12-20;0;65
50;2025-12-20;1;0
50;2025-12-20;2;0
50;2025-12-20;3;0
50;2025-12-20;4;0
50;2025-12-20;5;32
50;2025-12-20;6;185
50;2025-12-20;7;402
50;2025-12-20;8;621
50;2025-12-20;9;707
50;2025-12-20;10;686
50;2025-12-20;11;875
50;2025-12-20;12;899
50;2025-12-20;13;939
50;2025-12-20;14;955
50;2025-12-20;15;945
50;2025-12-20;16;870
50;2025-12-20;17;877
50;2025-12-20;18;743
50;2025-12-20;19;624
50;2025-12-20;20;489
50;2025-12-20;21;385
50;2025-12-20;22;243
50;2025-12-20;23;142
50;2025-12-21;0;56
50;2025-12-21;1;0
50;2025-12-21;2;0
50;2025-12-21;3;0
50;2025-12-21;4;0
50;2025-12-21;5;19
50;2025-12-21;6;113
50;2025-12-21;7;230
50;2025-12-21;8;340
50;2025-12-21;9;485
50;2025-12-21;10;526
50;2025-12-21;11;705
50;2025-12-21;12;820
50;2025-12-21;13;844
50;2025-12-21;14;935
50;2025-12-21;15;813
50;2025-12-21;16;898
50;2025-12-21;17;814
50;2025-12-21;18;726
50;2025-12-21;19;599
50;2025-12-21;20;492
50;2025-12-21;21;377
50;2025-12-21;22;236
50;2025-12-21;23;112
50;2025-12-22;0;33
50;2025-12-22;1;0
50;2025-12-22;2;0
50;2025-12-22;3;0
50;2025-12-22;4;0
50;2025-12-22;5;43
50;2025-12-22;6;557
50;2025-12-22;7;1890
50;2025-12-22;8;2672
50;2025-12-22;9;2094
50;2025-12-22;10;1545
50;2025-12-22;11;1580
50;2025-12-22;12;1383
50;2025-12-22;13;1300
50;2025-12-22;14;1289
50;2025-12-22;15;1591
50;2025-12-22;16;1452
50;2025-12-22;17;2339
50;2025-12-22;18;2586
50;2025-12-22;19;1498
50;2025-12-22;20;834
50;2025-12-22;21;565
50;2025-12-22;22;275
50;2025-12-22;23;126
50;2025-12-23;0;35
50;2025-12-23;1;0
50;2025-12-23;2;0
50;2025-12-23;3;0
50;2025-12-23;4;0
50;2025-12-23;5;51
50;2025-12-23;6;607
50;2025-12-23;7;1846
50;2025-12-23;8;2859
50;2025-12-23;9;2180
50;2025-12-23;10;1696
50;2025-12-23;11;1609
50;2025-12-23;12;1566
50;2025-12-23;13;1456
50;2025-12-23;14;1423
50;2025-12-23;15;1745
50;2025-12-23;16;1598
50;2025-12-23;17;2430
50;2025-12-23;18;2665
50;2025-12-23;19;1570
50;2025-12-23;20;871
50;2025-12-23;21;581
50;2025-12-23;22;291
50;2025-12-23;23;127
50;2025-12-24;0;40
50;2025-12-24;1;0
50;2025-12-24;2;0
50;2025-12-24;3;0
50;2025-12-24;4;0
50;2025-12-24;5;44
50;2025-12-24;6;535
50;2025-12-24;7;1714
50;2025-12-24;8;2737
50;2025-12-24;9;2013
50;2025-12-24;10;1624
50;2025-12-24;11;1551
50;2025-12-24;12;1509
50;2025-12-24;13;1427
50;2025-12-24;14;1515
50;2025-12-24;15;1708
50;2025-12-24;16;1745
50;2025-12-24;17;2505
50;2025-12-24;18;2674
50;2025-12-24;19;1510
50;2025-12-24;20;870
50;2025-12-24;21;601
50;2025-12-24;22;278
50;2025-12-24;23;126
50;2025-12-25;0;36
50;2025-12-25;1;0
50;2025-12-25;2;0
50;2025-12-25;3;0
50;2025-12-25;4;0
50;2025-12-25;5;48
50;2025-12-25;6;536
50;2025-12-25;7;1763
50;2025-12-25;8;2602
50;2025-12-25;9;2035
50;2025-12-25;10;1514
50;2025-12-25;11;1587
50;2025-12-25;12;1448
50;2025-12-25;13;1369
50;2025-12-25;14;1370
50;2025-12-25;15;1591
50;2025-12-25;16;1766
50;2025-12-25;17;2314
50;2025-12-25;18;2548
50;2025-12-25;19;1441
50;2025-12-25;20;876
50;2025-12-25;21;591
50;2025-12-25;22;293
50;2025-12-25;23;149
50;2025-12-26;0;42
50;2025-12-26;1;0
50;2025-12-26;2;0
50;2025-12-26;3;0
50;2025-12-26;4;0
50;2025-12-26;5;42
50;2025-12-26;6;549
50;2025-12-26;7;1641
50;2025-12-26;8;2647
50;2025-12-26;9;1963
50;2025-12-26;10;1529
50;2025-12-26;11;1597
50;2025-12-26;12;1560
50;2025-12-26;13;1473
50;2025-12-26;14;1377
50;2025-12-26;15;1776
50;2025-12-26;16;1974
50;2025-12-26;17;2120
50;2025-12-26;18;1879
50;2025-12-26;19;1198
50;2025-12-26;20;732
50;2025-12-26;21;573
50;2025-12-26;22;301
50;2025-12-26;23;170
50;2025-12-27;0;65
50;2025-12-27;1;0
50;2025-12-27;2;0
50;2025-12-27;3;0
50;2025-12-27;4;0
50;2025-12-27;5;32
50;2025-12-27;6;184
50;2025-12-27;7;401
50;2025-12-27;8;620
50;2025-12-27;9;705
50;2025-12-27;10;685
50;2025-12-27;11;873
50;2025-12-27;12;897
50;2025-12-27;13;936
50;2025-12-27;14;952
50;2025-12-27;15;943
50;2025-12-27;16;868
50;2025-12-27;17;875
50;2025-12-27;18;741
50;2025-12-27;19;623
50;2025-12-27;20;488
50;2025-12-27;21;384
50;2025-12-27;22;242
50;2025-12-27;23;142
50;2025-12-28;0;55
50;2025-12-28;1;0
50;2025-12-28;2;0
50;2025-12-28;3;0
50;2025-12-28;4;0
50;2025-12-28;5;18
50;2025-12-28;6;111
50;2025-12-28;7;225
50;2025-12-28;8;334
50;2025-12-28;9;475
50;2025-12-28;10;515
50;2025-12-28;11;691
50;2025-12-28;12;804
50;2025-12-28;13;827
50;2025-12-28;14;916
50;2025-12-28;15;797
50;2025-12-28;16;880
50;2025-12-28;17;797
50;2025-12-28;18;711
50;2025-12-28;19;587
50;2025-12-28;20;482
50;2025-12-28;21;370
50;2025-12-28;22;232
50;2025-12-28;23;110
50;2025-12-29;0;33
50;2025-12-29;1;0
50;2025-12-29;2;0
50;2025-12-29;3;0
50;2025-12-29;4;0
50;2025-12-29;5;43
50;2025-12-29;6;556
50;2025-12-29;7;1886
50;2025-12-29;8;2666
50;2025-12-29;9;2089
50;2025-12-29;10;1542
50;2025-12-29;11;1577
50;2025-12-29;12;1380
50;2025-12-29;13;1297
50;2025-12-29;14;1286
50;2025-12-29;15;1587
50;2025-12-29;16;1449
50;2025-12-29;17;2334
50;2025-12-29;18;2580
50;2025-12-29;19;1495
50;2025-12-29;20;832
50;2025-12-29;21;564
50;2025-12-29;22;275
50;2025-12-29;23;125
50;2025-12-30;0;34
50;2025-12-30;1;0
50;2025-12-30;2;0
50;2025-12-30;3;0
50;2025-12-30;4;0
50;2025-12-30;5;50
50;2025-12-30;6;590
50;2025-12-30;7;1792
50;2025-12-30;8;2776
50;2025-12-30;9;2116
50;2025-12-30;10;1646
50;2025-12-30;11;1562
50;2025-12-30;12;1520
50;2025-12-30;13;1414
50;2025-12-30;14;1382
50;2025-12-30;15;1694
50;2025-12-30;16;1552
50;2025-12-30;17;2360
50;2025-12-30;18;2587
50;2025-12-30;19;1524
50;2025-12-30;20;846
50;2025-12-30;21;564
50;2025-12-30;22;282
50;2025-12-30;23;123
50;2025-12-31;0;54
50;2025-12-31;1;0
50;2025-12-31;2;0
50;2025-12-31;3;0
50;2025-12-31;4;0
50;2025-12-31;5;23
50;2025-12-31;6;134
50;2025-12-31;7;285
50;2025-12-31;8;433
50;2025-12-31;9;536
50;2025-12-31;10;545
50;2025-12-31;11;710
50;2025-12-31;12;771
50;2025-12-31;13;800
50;2025-12-31;14;847
50;2025-12-31;15;789
50;2025-12-31;16;792
50;2025-12-31;17;758
50;2025-12-31;18;659
50;2025-12-31;19;549
50;2025-12-31;20;440
50;2025-12-31;21;342
50;2025-12-31;22;215
50;2025-12-31;23;114
