route;date;hour;prediction
1;2025-11-01;0;3
1;2025-11-01;1;0
1;2025-11-01;2;0
1;2025-11-01;3;0
1;2025-11-01;4;0
1;2025-11-01;5;64
1;2025-11-01;6;375
1;2025-11-01;7;1076
1;2025-11-01;8;1346
1;2025-11-01;9;1019
1;2025-11-01;10;965
1;2025-11-01;11;987
1;2025-11-01;12;980
1;2025-11-01;13;1005
1;2025-11-01;14;971
1;2025-11-01;15;1071
1;2025-11-01;16;1161
1;2025-11-01;17;1265
1;2025-11-01;18;1107
1;2025-11-01;19;855
1;2025-11-01;20;579
1;2025-11-01;21;344
1;2025-11-01;22;160
1;2025-11-01;23;34
1;2025-11-02;0;1
1;2025-11-02;1;0
1;2025-11-02;2;0
1;2025-11-02;3;0
1;2025-11-02;4;0
1;2025-11-02;5;23
1;2025-11-02;6;126
1;2025-11-02;7;269
1;2025-11-02;8;369
1;2025-11-02;9;605
1;2025-11-02;10;685
1;2025-11-02;11;721
1;2025-11-02;12;822
1;2025-11-02;13;858
1;2025-11-02;14;810
1;2025-11-02;15;741
1;2025-11-02;16;694
1;2025-11-02;17;650
1;2025-11-02;18;584
1;2025-11-02;19;496
1;2025-11-02;20;367
1;2025-11-02;21;272
1;2025-11-02;22;130
1;2025-11-02;23;36
1;2025-11-03;0;1
1;2025-11-03;1;0
1;2025-11-03;2;0
1;2025-11-03;3;0
1;2025-11-03;4;0
1;2025-11-03;5;22
1;2025-11-03;6;129
1;2025-11-03;7;267
1;2025-11-03;8;353
1;2025-11-03;9;566
1;2025-11-03;10;651
1;2025-11-03;11;658
1;2025-11-03;12;776
1;2025-11-03;13;812
1;2025-11-03;14;772
1;2025-11-03;15;697
1;2025-11-03;16;655
1;2025-11-03;17;607
1;2025-11-03;18;542
1;2025-11-03;19;474
1;2025-11-03;20;354
1;2025-11-03;21;262
1;2025-11-03;22;134
1;2025-11-03;23;33
1;2025-11-04;0;1
1;2025-11-04;1;0
1;2025-11-04;2;0
1;2025-11-04;3;0
1;2025-11-04;4;0
1;2025-11-04;5;22
1;2025-11-04;6;129
1;2025-11-04;7;265
1;2025-11-04;8;352
1;2025-11-04;9;561
1;2025-11-04;10;645
1;2025-11-04;11;652
1;2025-11-04;12;768
1;2025-11-04;13;804
1;2025-11-04;14;764
1;2025-11-04;15;690
1;2025-11-04;16;649
1;2025-11-04;17;601
1;2025-11-04;18;537
1;2025-11-04;19;469
1;2025-11-04;20;350
1;2025-11-04;21;259
1;2025-11-04;22;133
1;2025-11-04;23;33
1;2025-11-05;0;4
1;2025-11-05;1;0
1;2025-11-05;2;0
1;2025-11-05;3;0
1;2025-11-05;4;0
1;2025-11-05;5;89
1;2025-11-05;6;557
1;2025-11-05;7;1511
1;2025-11-05;8;1937
1;2025-11-05;9;1443
1;2025-11-05;10;1333
1;2025-11-05;11;1320
1;2025-11-05;12;1351
1;2025-11-05;13;1401
1;2025-11-05;14;1340
1;2025-11-05;15;1459
1;2025-11-05;16;1506
1;2025-11-05;17;1763
1;2025-11-05;18;1826
1;2025-11-05;19;1392
1;2025-11-05;20;875
1;2025-11-05;21;483
1;2025-11-05;22;227
1;2025-11-05;23;45
1;2025-11-06;0;4
1;2025-11-06;1;0
1;2025-11-06;2;0
1;2025-11-06;3;0
1;2025-11-06;4;0
1;2025-11-06;5;82
1;2025-11-06;6;511
1;2025-11-06;7;1469
1;2025-11-06;8;1897
1;2025-11-06;9;1412
1;2025-11-06;10;1300
1;2025-11-06;11;1299
1;2025-11-06;12;1348
1;2025-11-06;13;1371
1;2025-11-06;14;1331
1;2025-11-06;15;1437
1;2025-11-06;16;1477
1;2025-11-06;17;1729
1;2025-11-06;18;1756
1;2025-11-06;19;1326
1;2025-11-06;20;847
1;2025-11-06;21;470
1;2025-11-06;22;214
1;2025-11-06;23;46
1;2025-11-07;0;5
1;2025-11-07;1;0
1;2025-11-07;2;0
1;2025-11-07;3;0
1;2025-11-07;4;0
1;2025-11-07;5;89
1;2025-11-07;6;510
1;2025-11-07;7;1458
1;2025-11-07;8;1821
1;2025-11-07;9;1383
1;2025-11-07;10;1306
1;2025-11-07;11;1336
1;2025-11-07;12;1326
1;2025-11-07;13;1361
1;2025-11-07;14;1314
1;2025-11-07;15;1447
1;2025-11-07;16;1569
1;2025-11-07;17;1710
1;2025-11-07;18;1496
1;2025-11-07;19;1153
1;2025-11-07;20;784
1;2025-11-07;21;466
1;2025-11-07;22;221
1;2025-11-07;23;47
1;2025-11-08;0;2
1;2025-11-08;1;0
1;2025-11-08;2;0
1;2025-11-08;3;0
1;2025-11-08;4;0
1;2025-11-08;5;27
1;2025-11-08;6;162
1;2025-11-08;7;332
1;2025-11-08;8;457
1;2025-11-08;9;685
1;2025-11-08;10;787
1;2025-11-08;11;780
1;2025-11-08;12;908
1;2025-11-08;13;943
1;2025-11-08;14;900
1;2025-11-08;15;806
1;2025-11-08;16;758
1;2025-11-08;17;680
1;2025-11-08;18;619
1;2025-11-08;19;562
1;2025-11-08;20;407
1;2025-11-08;21;296
1;2025-11-08;22;148
1;2025-11-08;23;38
1;2025-11-09;0;1
1;2025-11-09;1;0
1;2025-11-09;2;0
1;2025-11-09;3;0
1;2025-11-09;4;0
1;2025-11-09;5;23
1;2025-11-09;6;126
1;2025-11-09;7;269
1;2025-11-09;8;368
1;2025-11-09;9;604
1;2025-11-09;10;684
1;2025-11-09;11;720
1;2025-11-09;12;821
1;2025-11-09;13;857
1;2025-11-09;14;809
1;2025-11-09;15;739
1;2025-11-09;16;692
1;2025-11-09;17;648
1;2025-11-09;18;582
1;2025-11-09;19;494
1;2025-11-09;20;366
1;2025-11-09;21;272
1;2025-11-09;22;132
1;2025-11-09;23;36
1;2025-11-10;0;2
1;2025-11-10;1;0
1;2025-11-10;2;0
1;2025-11-10;3;0
1;2025-11-10;4;0
1;2025-11-10;5;83
1;2025-11-10;6;521
1;2025-11-10;7;1467
1;2025-11-10;8;1861
1;2025-11-10;9;1379
1;2025-11-10;10;1243
1;2025-11-10;11;1239
1;2025-11-10;12;1292
1;2025-11-10;13;1320
1;2025-11-10;14;1304
1;2025-11-10;15;1412
1;2025-11-10;16;1490
1;2025-11-10;17;1729
1;2025-11-10;18;1818
1;2025-11-10;19;1359
1;2025-11-10;20;839
1;2025-11-10;21;450
1;2025-11-10;22;197
1;2025-11-10;23;44
1;2025-11-11;0;5
1;2025-11-11;1;0
1;2025-11-11;2;0
1;2025-11-11;3;0
1;2025-11-11;4;0
1;2025-11-11;5;86
1;2025-11-11;6;545
1;2025-11-11;7;1567
1;2025-11-11;8;1959
1;2025-11-11;9;1486
1;2025-11-11;10;1357
1;2025-11-11;11;1340
1;2025-11-11;12;1358
1;2025-11-11;13;1375
1;2025-11-11;14;1341
1;2025-11-11;15;1433
1;2025-11-11;16;1511
1;2025-11-11;17;1803
1;2025-11-11;18;1841
1;2025-11-11;19;1403
1;2025-11-11;20;865
1;2025-11-11;21;493
1;2025-11-11;22;223
1;2025-11-11;23;45
1;2025-11-12;0;4
1;2025-11-12;1;0
1;2025-11-12;2;0
1;2025-11-12;3;0
1;2025-11-12;4;0
1;2025-11-12;5;89
1;2025-11-12;6;551
1;2025-11-12;7;1489
1;2025-11-12;8;1908
1;2025-11-12;9;1424
1;2025-11-12;10;1313
1;2025-11-12;11;1300
1;2025-11-12;12;1331
1;2025-11-12;13;1380
1;2025-11-12;14;1320
1;2025-11-12;15;1437
1;2025-11-12;16;1483
1;2025-11-12;17;1736
1;2025-11-12;18;1796
1;2025-11-12;19;1373
1;2025-11-12;20;862
1;2025-11-12;21;476
1;2025-11-12;22;224
1;2025-11-12;23;44
1;2025-11-13;0;4
1;2025-11-13;1;0
1;2025-11-13;2;0
1;2025-11-13;3;0
1;2025-11-13;4;0
1;2025-11-13;5;87
1;2025-11-13;6;526
1;2025-11-13;7;1508
1;2025-11-13;8;1947
1;2025-11-13;9;1444
1;2025-11-13;10;1333
1;2025-11-13;11;1332
1;2025-11-13;12;1382
1;2025-11-13;13;1407
1;2025-11-13;14;1365
1;2025-11-13;15;1476
1;2025-11-13;16;1518
1;2025-11-13;17;1774
1;2025-11-13;18;1802
1;2025-11-13;19;1362
1;2025-11-13;20;868
1;2025-11-13;21;482
1;2025-11-13;22;219
1;2025-11-13;23;47
1;2025-11-14;0;5
1;2025-11-14;1;0
1;2025-11-14;2;0
1;2025-11-14;3;0
1;2025-11-14;4;0
1;2025-11-14;5;92
1;2025-11-14;6;517
1;2025-11-14;7;1476
1;2025-11-14;8;1844
1;2025-11-14;9;1399
1;2025-11-14;10;1322
1;2025-11-14;11;1353
1;2025-11-14;12;1342
1;2025-11-14;13;1378
1;2025-11-14;14;1330
1;2025-11-14;15;1465
1;2025-11-14;16;1588
1;2025-11-14;17;1731
1;2025-11-14;18;1514
1;2025-11-14;19;1168
1;2025-11-14;20;794
1;2025-11-14;21;472
1;2025-11-14;22;224
1;2025-11-14;23;47
1;2025-11-15;0;2
1;2025-11-15;1;0
1;2025-11-15;2;0
1;2025-11-15;3;0
1;2025-11-15;4;0
1;2025-11-15;5;26
1;2025-11-15;6;157
1;2025-11-15;7;323
1;2025-11-15;8;447
1;2025-11-15;9;663
1;2025-11-15;10;756
1;2025-11-15;11;746
1;2025-11-15;12;868
1;2025-11-15;13;902
1;2025-11-15;14;860
1;2025-11-15;15;771
1;2025-11-15;16;727
1;2025-11-15;17;652
1;2025-11-15;18;594
1;2025-11-15;19;540
1;2025-11-15;20;391
1;2025-11-15;21;284
1;2025-11-15;22;143
1;2025-11-15;23;36
1;2025-11-16;0;1
1;2025-11-16;1;0
1;2025-11-16;2;0
1;2025-11-16;3;0
1;2025-11-16;4;0
1;2025-11-16;5;23
1;2025-11-16;6;127
1;2025-11-16;7;272
1;2025-11-16;8;372
1;2025-11-16;9;610
1;2025-11-16;10;691
1;2025-11-16;11;727
1;2025-11-16;12;829
1;2025-11-16;13;866
1;2025-11-16;14;816
1;2025-11-16;15;747
1;2025-11-16;16;699
1;2025-11-16;17;654
1;2025-11-16;18;588
1;2025-11-16;19;501
1;2025-11-16;20;370
1;2025-11-16;21;274
1;2025-11-16;22;133
1;2025-11-16;23;35
1;2025-11-17;0;2
1;2025-11-17;1;0
1;2025-11-17;2;0
1;2025-11-17;3;0
1;2025-11-17;4;0
1;2025-11-17;5;82
1;2025-11-17;6;511
1;2025-11-17;7;1443
1;2025-11-17;8;1824
1;2025-11-17;9;1354
1;2025-11-17;10;1217
1;2025-11-17;11;1214
1;2025-11-17;12;1265
1;2025-11-17;13;1292
1;2025-11-17;14;1276
1;2025-11-17;15;1379
1;2025-11-17;16;1456
1;2025-11-17;17;1691
1;2025-11-17;18;1778
1;2025-11-17;19;1331
1;2025-11-17;20;821
1;2025-11-17;21;440
1;2025-11-17;22;192
1;2025-11-17;23;43
1;2025-11-18;0;5
1;2025-11-18;1;0
1;2025-11-18;2;0
1;2025-11-18;3;0
1;2025-11-18;4;0
1;2025-11-18;5;83
1;2025-11-18;6;523
1;2025-11-18;7;1501
1;2025-11-18;8;1873
1;2025-11-18;9;1427
1;2025-11-18;10;1295
1;2025-11-18;11;1276
1;2025-11-18;12;1292
1;2025-11-18;13;1308
1;2025-11-18;14;1276
1;2025-11-18;15;1362
1;2025-11-18;16;1437
1;2025-11-18;17;1718
1;2025-11-18;18;1755
1;2025-11-18;19;1337
1;2025-11-18;20;825
1;2025-11-18;21;471
1;2025-11-18;22;212
1;2025-11-18;23;42
1;2025-11-19;0;4
1;2025-11-19;1;0
1;2025-11-19;2;0
1;2025-11-19;3;0
1;2025-11-19;4;0
1;2025-11-19;5;93
1;2025-11-19;6;565
1;2025-11-19;7;1531
1;2025-11-19;8;1951
1;2025-11-19;9;1453
1;2025-11-19;10;1342
1;2025-11-19;11;1329
1;2025-11-19;12;1360
1;2025-11-19;13;1411
1;2025-11-19;14;1350
1;2025-11-19;15;1469
1;2025-11-19;16;1517
1;2025-11-19;17;1776
1;2025-11-19;18;1839
1;2025-11-19;19;1404
1;2025-11-19;20;881
1;2025-11-19;21;486
1;2025-11-19;22;227
1;2025-11-19;23;45
1;2025-11-20;0;4
1;2025-11-20;1;0
1;2025-11-20;2;0
1;2025-11-20;3;0
1;2025-11-20;4;0
1;2025-11-20;5;88
1;2025-11-20;6;531
1;2025-11-20;7;1522
1;2025-11-20;8;1956
1;2025-11-20;9;1451
1;2025-11-20;10;1339
1;2025-11-20;11;1338
1;2025-11-20;12;1388
1;2025-11-20;13;1413
1;2025-11-20;14;1372
1;2025-11-20;15;1484
1;2025-11-20;16;1525
1;2025-11-20;17;1783
1;2025-11-20;18;1809
1;2025-11-20;19;1372
1;2025-11-20;20;874
1;2025-11-20;21;485
1;2025-11-20;22;219
1;2025-11-20;23;47
1;2025-11-21;0;5
1;2025-11-21;1;0
1;2025-11-21;2;0
1;2025-11-21;3;0
1;2025-11-21;4;0
1;2025-11-21;5;92
1;2025-11-21;6;521
1;2025-11-21;7;1486
1;2025-11-21;8;1848
1;2025-11-21;9;1403
1;2025-11-21;10;1325
1;2025-11-21;11;1356
1;2025-11-21;12;1346
1;2025-11-21;13;1382
1;2025-11-21;14;1334
1;2025-11-21;15;1471
1;2025-11-21;16;1595
1;2025-11-21;17;1738
1;2025-11-21;18;1522
1;2025-11-21;19;1175
1;2025-11-21;20;796
1;2025-11-21;21;474
1;2025-11-21;22;223
1;2025-11-21;23;46
1;2025-11-22;0;2
1;2025-11-22;1;0
1;2025-11-22;2;0
1;2025-11-22;3;0
1;2025-11-22;4;0
1;2025-11-22;5;26
1;2025-11-22;6;160
1;2025-11-22;7;330
1;2025-11-22;8;456
1;2025-11-22;9;679
1;2025-11-22;10;776
1;2025-11-22;11;770
1;2025-11-22;12;895
1;2025-11-22;13;931
1;2025-11-22;14;888
1;2025-11-22;15;796
1;2025-11-22;16;748
1;2025-11-22;17;671
1;2025-11-22;18;610
1;2025-11-22;19;555
1;2025-11-22;20;402
1;2025-11-22;21;292
1;2025-11-22;22;146
1;2025-11-22;23;37
1;2025-11-23;0;1
1;2025-11-23;1;0
1;2025-11-23;2;0
1;2025-11-23;3;0
1;2025-11-23;4;0
1;2025-11-23;5;23
1;2025-11-23;6;127
1;2025-11-23;7;271
1;2025-11-23;8;371
1;2025-11-23;9;609
1;2025-11-23;10;689
1;2025-11-23;11;725
1;2025-11-23;12;827
1;2025-11-23;13;864
1;2025-11-23;14;815
1;2025-11-23;15;746
1;2025-11-23;16;698
1;2025-11-23;17;654
1;2025-11-23;18;587
1;2025-11-23;19;500
1;2025-11-23;20;369
1;2025-11-23;21;274
1;2025-11-23;22;133
1;2025-11-23;23;36
1;2025-11-24;0;2
1;2025-11-24;1;0
1;2025-11-24;2;0
1;2025-11-24;3;0
1;2025-11-24;4;0
1;2025-11-24;5;82
1;2025-11-24;6;510
1;2025-11-24;7;1429
1;2025-11-24;8;1809
1;2025-11-24;9;1345
1;2025-11-24;10;1204
1;2025-11-24;11;1198
1;2025-11-24;12;1249
1;2025-11-24;13;1277
1;2025-11-24;14;1261
1;2025-11-24;15;1363
1;2025-11-24;16;1439
1;2025-11-24;17;1673
1;2025-11-24;18;1759
1;2025-11-24;19;1315
1;2025-11-24;20;812
1;2025-11-24;21;435
1;2025-11-24;22;190
1;2025-11-24;23;42
1;2025-11-25;0;5
1;2025-11-25;1;0
1;2025-11-25;2;0
1;2025-11-25;3;0
1;2025-11-25;4;0
1;2025-11-25;5;88
1;2025-11-25;6;548
1;2025-11-25;7;1582
1;2025-11-25;8;1973
1;2025-11-25;9;1495
1;2025-11-25;10;1365
1;2025-11-25;11;1348
1;2025-11-25;12;1365
1;2025-11-25;13;1384
1;2025-11-25;14;1349
1;2025-11-25;15;1442
1;2025-11-25;16;1521
1;2025-11-25;17;1814
1;2025-11-25;18;1852
1;2025-11-25;19;1413
1;2025-11-25;20;871
1;2025-11-25;21;496
1;2025-11-25;22;224
1;2025-11-25;23;45
1;2025-11-26;0;4
1;2025-11-26;1;0
1;2025-11-26;2;0
1;2025-11-26;3;0
1;2025-11-26;4;0
1;2025-11-26;5;89
1;2025-11-26;6;547
1;2025-11-26;7;1472
1;2025-11-26;8;1883
1;2025-11-26;9;1408
1;2025-11-26;10;1289
1;2025-11-26;11;1274
1;2025-11-26;12;1304
1;2025-11-26;13;1353
1;2025-11-26;14;1294
1;2025-11-26;15;1407
1;2025-11-26;16;1452
1;2025-11-26;17;1704
1;2025-11-26;18;1765
1;2025-11-26;19;1348
1;2025-11-26;20;846
1;2025-11-26;21;467
1;2025-11-26;22;218
1;2025-11-26;23;43
1;2025-11-27;0;4
1;2025-11-27;1;0
1;2025-11-27;2;0
1;2025-11-27;3;0
1;2025-11-27;4;0
1;2025-11-27;5;86
1;2025-11-27;6;517
1;2025-11-27;7;1483
1;2025-11-27;8;1907
1;2025-11-27;9;1418
1;2025-11-27;10;1303
1;2025-11-27;11;1301
1;2025-11-27;12;1350
1;2025-11-27;13;1374
1;2025-11-27;14;1334
1;2025-11-27;15;1440
1;2025-11-27;16;1481
1;2025-11-27;17;1733
1;2025-11-27;18;1759
1;2025-11-27;19;1330
1;2025-11-27;20;848
1;2025-11-27;21;471
1;2025-11-27;22;214
1;2025-11-27;23;46
1;2025-11-28;0;5
1;2025-11-28;1;0
1;2025-11-28;2;0
1;2025-11-28;3;0
1;2025-11-28;4;0
1;2025-11-28;5;91
1;2025-11-28;6;515
1;2025-11-28;7;1473
1;2025-11-28;8;1835
1;2025-11-28;9;1392
1;2025-11-28;10;1314
1;2025-11-28;11;1344
1;2025-11-28;12;1334
1;2025-11-28;13;1370
1;2025-11-28;14;1323
1;2025-11-28;15;1459
1;2025-11-28;16;1581
1;2025-11-28;17;1723
1;2025-11-28;18;1509
1;2025-11-28;19;1164
1;2025-11-28;20;789
1;2025-11-28;21;470
1;2025-11-28;22;222
1;2025-11-28;23;46
1;2025-11-29;0;3
1;2025-11-29;1;0
1;2025-11-29;2;0
1;2025-11-29;3;0
1;2025-11-29;4;0
1;2025-11-29;5;28
1;2025-11-29;6;166
1;2025-11-29;7;341
1;2025-11-29;8;467
1;2025-11-29;9;701
1;2025-11-29;10;807
1;2025-11-29;11;801
1;2025-11-29;12;932
1;2025-11-29;13;969
1;2025-11-29;14;924
1;2025-11-29;15;828
1;2025-11-29;16;779
1;2025-11-29;17;699
1;2025-11-29;18;636
1;2025-11-29;19;578
1;2025-11-29;20;418
1;2025-11-29;21;304
1;2025-11-29;22;152
1;2025-11-29;23;39
1;2025-11-30;0;1
1;2025-11-30;1;0
1;2025-11-30;2;0
1;2025-11-30;3;0
1;2025-11-30;4;0
1;2025-11-30;5;23
1;2025-11-30;6;129
1;2025-11-30;7;274
1;2025-11-30;8;374
1;2025-11-30;9;614
1;2025-11-30;10;697
1;2025-11-30;11;734
1;2025-11-30;12;837
1;2025-11-30;13;875
1;2025-11-30;14;825
1;2025-11-30;15;755
1;2025-11-30;16;707
1;2025-11-30;17;662
1;2025-11-30;18;594
1;2025-11-30;19;505
1;2025-11-30;20;374
1;2025-11-30;21;278
1;2025-11-30;22;135
1;2025-11-30;23;37
1;2025-12-01;0;2
1;2025-12-01;1;0
1;2025-12-01;2;0
1;2025-12-01;3;0
1;2025-12-01;4;0
1;2025-12-01;5;92
1;2025-12-01;6;576
1;2025-12-01;7;1507
1;2025-12-01;8;1844
1;2025-12-01;9;1426
1;2025-12-01;10;1280
1;2025-12-01;11;1324
1;2025-12-01;12;1366
1;2025-12-01;13;1361
1;2025-12-01;14;1311
1;2025-12-01;15;1486
1;2025-12-01;16;1504
1;2025-12-01;17;1729
1;2025-12-01;18;1809
1;2025-12-01;19;1356
1;2025-12-01;20;842
1;2025-12-01;21;493
1;2025-12-01;22;236
1;2025-12-01;23;50
1;2025-12-02;0;5
1;2025-12-02;1;0
1;2025-12-02;2;0
1;2025-12-02;3;0
1;2025-12-02;4;0
1;2025-12-02;5;105
1;2025-12-02;6;622
1;2025-12-02;7;1589
1;2025-12-02;8;1935
1;2025-12-02;9;1507
1;2025-12-02;10;1380
1;2025-12-02;11;1430
1;2025-12-02;12;1442
1;2025-12-02;13;1440
1;2025-12-02;14;1385
1;2025-12-02;15;1533
1;2025-12-02;16;1525
1;2025-12-02;17;1752
1;2025-12-02;18;1814
1;2025-12-02;19;1393
1;2025-12-02;20;874
1;2025-12-02;21;525
1;2025-12-02;22;241
1;2025-12-02;23;58
1;2025-12-03;0;6
1;2025-12-03;1;0
1;2025-12-03;2;0
1;2025-12-03;3;0
1;2025-12-03;4;0
1;2025-12-03;5;103
1;2025-12-03;6;606
1;2025-12-03;7;1539
1;2025-12-03;8;1905
1;2025-12-03;9;1502
1;2025-12-03;10;1326
1;2025-12-03;11;1399
1;2025-12-03;12;1446
1;2025-12-03;13;1464
1;2025-12-03;14;1388
1;2025-12-03;15;1511
1;2025-12-03;16;1544
1;2025-12-03;17;1792
1;2025-12-03;18;1807
1;2025-12-03;19;1365
1;2025-12-03;20;874
1;2025-12-03;21;496
1;2025-12-03;22;248
1;2025-12-03;23;55
1;2025-12-04;0;5
1;2025-12-04;1;0
1;2025-12-04;2;0
1;2025-12-04;3;0
1;2025-12-04;4;0
1;2025-12-04;5;104
1;2025-12-04;6;588
1;2025-12-04;7;1510
1;2025-12-04;8;1863
1;2025-12-04;9;1486
1;2025-12-04;10;1350
1;2025-12-04;11;1391
1;2025-12-04;12;1419
1;2025-12-04;13;1432
1;2025-12-04;14;1426
1;2025-12-04;15;1540
1;2025-12-04;16;1571
1;2025-12-04;17;1777
1;2025-12-04;18;1837
1;2025-12-04;19;1395
1;2025-12-04;20;875
1;2025-12-04;21;511
1;2025-12-04;22;246
1;2025-12-04;23;62
1;2025-12-05;0;7
1;2025-12-05;1;0
1;2025-12-05;2;0
1;2025-12-05;3;0
1;2025-12-05;4;0
1;2025-12-05;5;97
1;2025-12-05;6;576
1;2025-12-05;7;1523
1;2025-12-05;8;1841
1;2025-12-05;9;1426
1;2025-12-05;10;1327
1;2025-12-05;11;1418
1;2025-12-05;12;1415
1;2025-12-05;13;1445
1;2025-12-05;14;1406
1;2025-12-05;15;1550
1;2025-12-05;16;1642
1;2025-12-05;17;1733
1;2025-12-05;18;1581
1;2025-12-05;19;1158
1;2025-12-05;20;822
1;2025-12-05;21;508
1;2025-12-05;22;259
1;2025-12-05;23;62
1;2025-12-06;0;7
1;2025-12-06;1;0
1;2025-12-06;2;0
1;2025-12-06;3;0
1;2025-12-06;4;0
1;2025-12-06;5;31
1;2025-12-06;6;170
1;2025-12-06;7;328
1;2025-12-06;8;447
1;2025-12-06;9;699
1;2025-12-06;10;781
1;2025-12-06;11;830
1;2025-12-06;12;973
1;2025-12-06;13;980
1;2025-12-06;14;949
1;2025-12-06;15;859
1;2025-12-06;16;785
1;2025-12-06;17;710
1;2025-12-06;18;625
1;2025-12-06;19;563
1;2025-12-06;20;417
1;2025-12-06;21;299
1;2025-12-06;22;160
1;2025-12-06;23;52
1;2025-12-07;0;1
1;2025-12-07;1;0
1;2025-12-07;2;0
1;2025-12-07;3;0
1;2025-12-07;4;0
1;2025-12-07;5;22
1;2025-12-07;6;125
1;2025-12-07;7;254
1;2025-12-07;8;352
1;2025-12-07;9;573
1;2025-12-07;10;690
1;2025-12-07;11;739
1;2025-12-07;12;870
1;2025-12-07;13;942
1;2025-12-07;14;856
1;2025-12-07;15;799
1;2025-12-07;16;727
1;2025-12-07;17;674
1;2025-12-07;18;579
1;2025-12-07;19;492
1;2025-12-07;20;387
1;2025-12-07;21;276
1;2025-12-07;22;143
1;2025-12-07;23;43
1;2025-12-08;0;2
1;2025-12-08;1;0
1;2025-12-08;2;0
1;2025-12-08;3;0
1;2025-12-08;4;0
1;2025-12-08;5;92
1;2025-12-08;6;576
1;2025-12-08;7;1509
1;2025-12-08;8;1846
1;2025-12-08;9;1428
1;2025-12-08;10;1282
1;2025-12-08;11;1326
1;2025-12-08;12;1368
1;2025-12-08;13;1363
1;2025-12-08;14;1313
1;2025-12-08;15;1488
1;2025-12-08;16;1506
1;2025-12-08;17;1732
1;2025-12-08;18;1812
1;2025-12-08;19;1357
1;2025-12-08;20;842
1;2025-12-08;21;493
1;2025-12-08;22;235
1;2025-12-08;23;51
1;2025-12-09;0;5
1;2025-12-09;1;0
1;2025-12-09;2;0
1;2025-12-09;3;0
1;2025-12-09;4;0
1;2025-12-09;5;104
1;2025-12-09;6;618
1;2025-12-09;7;1580
1;2025-12-09;8;1925
1;2025-12-09;9;1498
1;2025-12-09;10;1373
1;2025-12-09;11;1423
1;2025-12-09;12;1435
1;2025-12-09;13;1432
1;2025-12-09;14;1377
1;2025-12-09;15;1525
1;2025-12-09;16;1517
1;2025-12-09;17;1742
1;2025-12-09;18;1804
1;2025-12-09;19;1384
1;2025-12-09;20;867
1;2025-12-09;21;520
1;2025-12-09;22;239
1;2025-12-09;23;59
1;2025-12-10;0;6
1;2025-12-10;1;0
1;2025-12-10;2;0
1;2025-12-10;3;0
1;2025-12-10;4;0
1;2025-12-10;5;101
1;2025-12-10;6;595
1;2025-12-10;7;1513
1;2025-12-10;8;1874
1;2025-12-10;9;1482
1;2025-12-10;10;1305
1;2025-12-10;11;1377
1;2025-12-10;12;1423
1;2025-12-10;13;1440
1;2025-12-10;14;1365
1;2025-12-10;15;1486
1;2025-12-10;16;1519
1;2025-12-10;17;1763
1;2025-12-10;18;1778
1;2025-12-10;19;1343
1;2025-12-10;20;860
1;2025-12-10;21;487
1;2025-12-10;22;243
1;2025-12-10;23;55
1;2025-12-11;0;5
1;2025-12-11;1;0
1;2025-12-11;2;0
1;2025-12-11;3;0
1;2025-12-11;4;0
1;2025-12-11;5;101
1;2025-12-11;6;571
1;2025-12-11;7;1466
1;2025-12-11;8;1810
1;2025-12-11;9;1445
1;2025-12-11;10;1308
1;2025-12-11;11;1348
1;2025-12-11;12;1375
1;2025-12-11;13;1387
1;2025-12-11;14;1381
1;2025-12-11;15;1489
1;2025-12-11;16;1519
1;2025-12-11;17;1721
1;2025-12-11;18;1777
1;2025-12-11;19;1349
1;2025-12-11;20;847
1;2025-12-11;21;494
1;2025-12-11;22;238
1;2025-12-11;23;60
1;2025-12-12;0;6
1;2025-12-12;1;0
1;2025-12-12;2;0
1;2025-12-12;3;0
1;2025-12-12;4;0
1;2025-12-12;5;95
1;2025-12-12;6;559
1;2025-12-12;7;1476
1;2025-12-12;8;1788
1;2025-12-12;9;1386
1;2025-12-12;10;1282
1;2025-12-12;11;1369
1;2025-12-12;12;1367
1;2025-12-12;13;1396
1;2025-12-12;14;1358
1;2025-12-12;15;1496
1;2025-12-12;16;1585
1;2025-12-12;17;1673
1;2025-12-12;18;1526
1;2025-12-12;19;1116
1;2025-12-12;20;793
1;2025-12-12;21;490
1;2025-12-12;22;249
1;2025-12-12;23;61
1;2025-12-13;0;7
1;2025-12-13;1;0
1;2025-12-13;2;0
1;2025-12-13;3;0
1;2025-12-13;4;0
1;2025-12-13;5;31
1;2025-12-13;6;171
1;2025-12-13;7;328
1;2025-12-13;8;447
1;2025-12-13;9;700
1;2025-12-13;10;782
1;2025-12-13;11;832
1;2025-12-13;12;975
1;2025-12-13;13;981
1;2025-12-13;14;950
1;2025-12-13;15;860
1;2025-12-13;16;785
1;2025-12-13;17;709
1;2025-12-13;18;625
1;2025-12-13;19;564
1;2025-12-13;20;417
1;2025-12-13;21;299
1;2025-12-13;22;159
1;2025-12-13;23;52
1;2025-12-14;0;1
1;2025-12-14;1;0
1;2025-12-14;2;0
1;2025-12-14;3;0
1;2025-12-14;4;0
1;2025-12-14;5;22
1;2025-12-14;6;125
1;2025-12-14;7;254
1;2025-12-14;8;352
1;2025-12-14;9;574
1;2025-12-14;10;691
1;2025-12-14;11;741
1;2025-12-14;12;871
1;2025-12-14;13;943
1;2025-12-14;14;857
1;2025-12-14;15;800
1;2025-12-14;16;727
1;2025-12-14;17;674
1;2025-12-14;18;579
1;2025-12-14;19;493
1;2025-12-14;20;388
1;2025-12-14;21;276
1;2025-12-14;22;142
1;2025-12-14;23;42
1;2025-12-15;0;2
1;2025-12-15;1;0
1;2025-12-15;2;0
1;2025-12-15;3;0
1;2025-12-15;4;0
1;2025-12-15;5;92
1;2025-12-15;6;573
1;2025-12-15;7;1499
1;2025-12-15;8;1833
1;2025-12-15;9;1419
1;2025-12-15;10;1273
1;2025-12-15;11;1316
1;2025-12-15;12;1358
1;2025-12-15;13;1354
1;2025-12-15;14;1303
1;2025-12-15;15;1475
1;2025-12-15;16;1494
1;2025-12-15;17;1719
1;2025-12-15;18;1797
1;2025-12-15;19;1349
1;2025-12-15;20;838
1;2025-12-15;21;489
1;2025-12-15;22;233
1;2025-12-15;23;51
1;2025-12-16;0;4
1;2025-12-16;1;0
1;2025-12-16;2;0
1;2025-12-16;3;0
1;2025-12-16;4;0
1;2025-12-16;5;102
1;2025-12-16;6;606
1;2025-12-16;7;1549
1;2025-12-16;8;1887
1;2025-12-16;9;1472
1;2025-12-16;10;1345
1;2025-12-16;11;1394
1;2025-12-16;12;1406
1;2025-12-16;13;1403
1;2025-12-16;14;1350
1;2025-12-16;15;1492
1;2025-12-16;16;1485
1;2025-12-16;17;1708
1;2025-12-16;18;1766
1;2025-12-16;19;1358
1;2025-12-16;20;852
1;2025-12-16;21;510
1;2025-12-16;22;234
1;2025-12-16;23;58
1;2025-12-17;0;6
1;2025-12-17;1;0
1;2025-12-17;2;0
1;2025-12-17;3;0
1;2025-12-17;4;0
1;2025-12-17;5;104
1;2025-12-17;6;609
1;2025-12-17;7;1546
1;2025-12-17;8;1915
1;2025-12-17;9;1510
1;2025-12-17;10;1333
1;2025-12-17;11;1406
1;2025-12-17;12;1454
1;2025-12-17;13;1472
1;2025-12-17;14;1395
1;2025-12-17;15;1519
1;2025-12-17;16;1552
1;2025-12-17;17;1801
1;2025-12-17;18;1817
1;2025-12-17;19;1371
1;2025-12-17;20;878
1;2025-12-17;21;498
1;2025-12-17;22;248
1;2025-12-17;23;56
1;2025-12-18;0;5
1;2025-12-18;1;0
1;2025-12-18;2;0
1;2025-12-18;3;0
1;2025-12-18;4;0
1;2025-12-18;5;105
1;2025-12-18;6;589
1;2025-12-18;7;1511
1;2025-12-18;8;1863
1;2025-12-18;9;1486
1;2025-12-18;10;1350
1;2025-12-18;11;1392
1;2025-12-18;12;1419
1;2025-12-18;13;1433
1;2025-12-18;14;1426
1;2025-12-18;15;1540
1;2025-12-18;16;1571
1;2025-12-18;17;1777
1;2025-12-18;18;1835
1;2025-12-18;19;1394
1;2025-12-18;20;875
1;2025-12-18;21;510
1;2025-12-18;22;245
1;2025-12-18;23;62
1;2025-12-19;0;7
1;2025-12-19;1;0
1;2025-12-19;2;0
1;2025-12-19;3;0
1;2025-12-19;4;0
1;2025-12-19;5;98
1;2025-12-19;6;580
1;2025-12-19;7;1529
1;2025-12-19;8;1848
1;2025-12-19;9;1431
1;2025-12-19;10;1332
1;2025-12-19;11;1423
1;2025-12-19;12;1421
1;2025-12-19;13;1451
1;2025-12-19;14;1412
1;2025-12-19;15;1556
1;2025-12-19;16;1648
1;2025-12-19;17;1740
1;2025-12-19;18;1588
1;2025-12-19;19;1163
1;2025-12-19;20;825
1;2025-12-19;21;509
1;2025-12-19;22;259
1;2025-12-19;23;63
1;2025-12-20;0;7
1;2025-12-20;1;0
1;2025-12-20;2;0
1;2025-12-20;3;0
1;2025-12-20;4;0
1;2025-12-20;5;31
1;2025-12-20;6;171
1;2025-12-20;7;329
1;2025-12-20;8;447
1;2025-12-20;9;700
1;2025-12-20;10;782
1;2025-12-20;11;832
1;2025-12-20;12;975
1;2025-12-20;13;982
1;2025-12-20;14;952
1;2025-12-20;15;861
1;2025-12-20;16;787
1;2025-12-20;17;711
1;2025-12-20;18;626
1;2025-12-20;19;565
1;2025-12-20;20;418
1;2025-12-20;21;300
1;2025-12-20;22;160
1;2025-12-20;23;52
1;2025-12-21;0;1
1;2025-12-21;1;0
1;2025-12-21;2;0
1;2025-12-21;3;0
1;2025-12-21;4;0
1;2025-12-21;5;22
1;2025-12-21;6;124
1;2025-12-21;7;252
1;2025-12-21;8;349
1;2025-12-21;9;569
1;2025-12-21;10;685
1;2025-12-21;11;734
1;2025-12-21;12;863
1;2025-12-21;13;935
1;2025-12-21;14;850
1;2025-12-21;15;793
1;2025-12-21;16;722
1;2025-12-21;17;669
1;2025-12-21;18;575
1;2025-12-21;19;488
1;2025-12-21;20;384
1;2025-12-21;21;274
1;2025-12-21;22;142
1;2025-12-21;23;42
1;2025-12-22;0;2
1;2025-12-22;1;0
1;2025-12-22;2;0
1;2025-12-22;3;0
1;2025-12-22;4;0
1;2025-12-22;5;90
1;2025-12-22;6;565
1;2025-12-22;7;1478
1;2025-12-22;8;1808
1;2025-12-22;9;1402
1;2025-12-22;10;1255
1;2025-12-22;11;1298
1;2025-12-22;12;1340
1;2025-12-22;13;1335
1;2025-12-22;14;1286
1;2025-12-22;15;1454
1;2025-12-22;16;1471
1;2025-12-22;17;1695
1;2025-12-22;18;1772
1;2025-12-22;19;1330
1;2025-12-22;20;825
1;2025-12-22;21;482
1;2025-12-22;22;230
1;2025-12-22;23;50
1;2025-12-23;0;5
1;2025-12-23;1;0
1;2025-12-23;2;0
1;2025-12-23;3;0
1;2025-12-23;4;0
1;2025-12-23;5;105
1;2025-12-23;6;622
1;2025-12-23;7;1589
1;2025-12-23;8;1937
1;2025-12-23;9;1507
1;2025-12-23;10;1382
1;2025-12-23;11;1432
1;2025-12-23;12;1444
1;2025-12-23;13;1443
1;2025-12-23;14;1387
1;2025-12-23;15;1535
1;2025-12-23;16;1525
1;2025-12-23;17;1752
1;2025-12-23;18;1812
1;2025-12-23;19;1394
1;2025-12-23;20;873
1;2025-12-23;21;522
1;2025-12-23;22;239
1;2025-12-23;23;58
1;2025-12-24;0;6
1;2025-12-24;1;0
1;2025-12-24;2;0
1;2025-12-24;3;0
1;2025-12-24;4;0
1;2025-12-24;5;104
1;2025-12-24;6;608
1;2025-12-24;7;1540
1;2025-12-24;8;1905
1;2025-12-24;9;1503
1;2025-12-24;10;1328
1;2025-12-24;11;1401
1;2025-12-24;12;1448
1;2025-12-24;13;1467
1;2025-12-24;14;1389
1;2025-12-24;15;1512
1;2025-12-24;16;1543
1;2025-12-24;17;1791
1;2025-12-24;18;1807
1;2025-12-24;19;1366
1;2025-12-24;20;875
1;2025-12-24;21;494
1;2025-12-24;22;246
1;2025-12-24;23;54
1;2025-12-25;0;5
1;2025-12-25;1;0
1;2025-12-25;2;0
1;2025-12-25;3;0
1;2025-12-25;4;0
1;2025-12-25;5;102
1;2025-12-25;6;575
1;2025-12-25;7;1471
1;2025-12-25;8;1812
1;2025-12-25;9;1449
1;2025-12-25;10;1311
1;2025-12-25;11;1351
1;2025-12-25;12;1378
1;2025-12-25;13;1392
1;2025-12-25;14;1384
1;2025-12-25;15;1491
1;2025-12-25;16;1522
1;2025-12-25;17;1724
1;2025-12-25;18;1781
1;2025-12-25;19;1356
1;2025-12-25;20;851
1;2025-12-25;21;495
1;2025-12-25;22;238
1;2025-12-25;23;60
1;2025-12-26;0;6
1;2025-12-26;1;0
1;2025-12-26;2;0
1;2025-12-26;3;0
1;2025-12-26;4;0
1;2025-12-26;5;93
1;2025-12-26;6;561
1;2025-12-26;7;1471
1;2025-12-26;8;1780
1;2025-12-26;9;1383
1;2025-12-26;10;1272
1;2025-12-26;11;1358
1;2025-12-26;12;1356
1;2025-12-26;13;1385
1;2025-12-26;14;1351
1;2025-12-26;15;1488
1;2025-12-26;16;1577
1;2025-12-26;17;1666
1;2025-12-26;18;1537
1;2025-12-26;19;1129
1;2025-12-26;20;797
1;2025-12-26;21;513
1;2025-12-26;22;254
1;2025-12-26;23;62
1;2025-12-27;0;7
1;2025-12-27;1;0
1;2025-12-27;2;0
1;2025-12-27;3;0
1;2025-12-27;4;0
1;2025-12-27;5;30
1;2025-12-27;6;170
1;2025-12-27;7;327
1;2025-12-27;8;445
1;2025-12-27;9;691
1;2025-12-27;10;774
1;2025-12-27;11;816
1;2025-12-27;12;959
1;2025-12-27;13;978
1;2025-12-27;14;949
1;2025-12-27;15;861
1;2025-12-27;16;786
1;2025-12-27;17;711
1;2025-12-27;18;635
1;2025-12-27;19;574
1;2025-12-27;20;425
1;2025-12-27;21;318
1;2025-12-27;22;168
1;2025-12-27;23;55
1;2025-12-28;0;1
1;2025-12-28;1;0
1;2025-12-28;2;0
1;2025-12-28;3;0
1;2025-12-28;4;0
1;2025-12-28;5;22
1;2025-12-28;6;122
1;2025-12-28;7;247
1;2025-12-28;8;344
1;2025-12-28;9;553
1;2025-12-28;10;668
1;2025-12-28;11;709
1;2025-12-28;12;836
1;2025-12-28;13;917
1;2025-12-28;14;835
1;2025-12-28;15;781
1;2025-12-28;16;711
1;2025-12-28;17;658
1;2025-12-28;18;574
1;2025-12-28;19;489
1;2025-12-28;20;385
1;2025-12-28;21;286
1;2025-12-28;22;146
1;2025-12-28;23;44
1;2025-12-29;0;2
1;2025-12-29;1;0
1;2025-12-29;2;0
1;2025-12-29;3;0
1;2025-12-29;4;0
1;2025-12-29;5;90
1;2025-12-29;6;566
1;2025-12-29;7;1472
1;2025-12-29;8;1801
1;2025-12-29;9;1396
1;2025-12-29;10;1249
1;2025-12-29;11;1292
1;2025-12-29;12;1333
1;2025-12-29;13;1329
1;2025-12-29;14;1283
1;2025-12-29;15;1450
1;2025-12-29;16;1469
1;2025-12-29;17;1692
1;2025-12-29;18;1770
1;2025-12-29;19;1328
1;2025-12-29;20;832
1;2025-12-29;21;502
1;2025-12-29;22;230
1;2025-12-29;23;50
1;2025-12-30;0;4
1;2025-12-30;1;0
1;2025-12-30;2;0
1;2025-12-30;3;0
1;2025-12-30;4;0
1;2025-12-30;5;97
1;2025-12-30;6;602
1;2025-12-30;7;1536
1;2025-12-30;8;1875
1;2025-12-30;9;1460
1;2025-12-30;10;1334
1;2025-12-30;11;1382
1;2025-12-30;12;1394
1;2025-12-30;13;1397
1;2025-12-30;14;1346
1;2025-12-30;15;1491
1;2025-12-30;16;1483
1;2025-12-30;17;1705
1;2025-12-30;18;1764
1;2025-12-30;19;1357
1;2025-12-30;20;856
1;2025-12-30;21;530
1;2025-12-30;22;233
1;2025-12-30;23;57
1;2025-12-31;0;4
1;2025-12-31;1;0
1;2025-12-31;2;0
1;2025-12-31;3;0
1;2025-12-31;4;0
1;2025-12-31;5;23
1;2025-12-31;6;128
1;2025-12-31;7;251
1;2025-12-31;8;337
1;2025-12-31;9;551
1;2025-12-31;10;644
1;2025-12-31;11;677
1;2025-12-31;12;814
1;2025-12-31;13;865
1;2025-12-31;14;816
1;2025-12-31;15;753
1;2025-12-31;16;688
1;2025-12-31;17;636
1;2025-12-31;18;556
1;2025-12-31;19;486
1;2025-12-31;20;375
1;2025-12-31;21;281
1;2025-12-31;22;151
1;2025-12-31;23;45
5;2025-11-01;0;0
5;2025-11-01;1;0
5;2025-11-01;2;0
5;2025-11-01;3;0
5;2025-11-01;4;0
5;2025-11-01;5;0
5;2025-11-01;6;0
5;2025-11-01;7;0
5;2025-11-01;8;0
5;2025-11-01;9;0
5;2025-11-01;10;0
5;2025-11-01;11;0
5;2025-11-01;12;0
5;2025-11-01;13;0
5;2025-11-01;14;0
5;2025-11-01;15;0
5;2025-11-01;16;0
5;2025-11-01;17;0
5;2025-11-01;18;0
5;2025-11-01;19;0
5;2025-11-01;20;0
5;2025-11-01;21;0
5;2025-11-01;22;0
5;2025-11-01;23;0
5;2025-11-02;0;0
5;2025-11-02;1;0
5;2025-11-02;2;0
5;2025-11-02;3;0
5;2025-11-02;4;0
5;2025-11-02;5;0
5;2025-11-02;6;0
5;2025-11-02;7;0
5;2025-11-02;8;0
5;2025-11-02;9;0
5;2025-11-02;10;0
5;2025-11-02;11;0
5;2025-11-02;12;0
5;2025-11-02;13;0
5;2025-11-02;14;0
5;2025-11-02;15;0
5;2025-11-02;16;0
5;2025-11-02;17;0
5;2025-11-02;18;0
5;2025-11-02;19;0
5;2025-11-02;20;0
5;2025-11-02;21;0
5;2025-11-02;22;0
5;2025-11-02;23;0
5;2025-11-03;0;0
5;2025-11-03;1;0
5;2025-11-03;2;0
5;2025-11-03;3;0
5;2025-11-03;4;0
5;2025-11-03;5;0
5;2025-11-03;6;0
5;2025-11-03;7;0
5;2025-11-03;8;0
5;2025-11-03;9;0
5;2025-11-03;10;0
5;2025-11-03;11;0
5;2025-11-03;12;0
5;2025-11-03;13;0
5;2025-11-03;14;0
5;2025-11-03;15;0
5;2025-11-03;16;0
5;2025-11-03;17;0
5;2025-11-03;18;0
5;2025-11-03;19;0
5;2025-11-03;20;0
5;2025-11-03;21;0
5;2025-11-03;22;0
5;2025-11-03;23;0
5;2025-11-04;0;0
5;2025-11-04;1;0
5;2025-11-04;2;0
5;2025-11-04;3;0
5;2025-11-04;4;0
5;2025-11-04;5;0
5;2025-11-04;6;0
5;2025-11-04;7;0
5;2025-11-04;8;0
5;2025-11-04;9;0
5;2025-11-04;10;0
5;2025-11-04;11;0
5;2025-11-04;12;0
5;2025-11-04;13;0
5;2025-11-04;14;0
5;2025-11-04;15;0
5;2025-11-04;16;0
5;2025-11-04;17;0
5;2025-11-04;18;0
5;2025-11-04;19;0
5;2025-11-04;20;0
5;2025-11-04;21;0
5;2025-11-04;22;0
5;2025-11-04;23;0
5;2025-11-05;0;0
5;2025-11-05;1;0
5;2025-11-05;2;0
5;2025-11-05;3;0
5;2025-11-05;4;0
5;2025-11-05;5;0
5;2025-11-05;6;0
5;2025-11-05;7;0
5;2025-11-05;8;0
5;2025-11-05;9;0
5;2025-11-05;10;0
5;2025-11-05;11;0
5;2025-11-05;12;0
5;2025-11-05;13;0
5;2025-11-05;14;0
5;2025-11-05;15;0
5;2025-11-05;16;0
5;2025-11-05;17;0
5;2025-11-05;18;0
5;2025-11-05;19;0
5;2025-11-05;20;0
5;2025-11-05;21;0
5;2025-11-05;22;0
5;2025-11-05;23;0
5;2025-11-06;0;0
5;2025-11-06;1;0
5;2025-11-06;2;0
5;2025-11-06;3;0
5;2025-11-06;4;0
5;2025-11-06;5;0
5;2025-11-06;6;0
5;2025-11-06;7;0
5;2025-11-06;8;0
5;2025-11-06;9;0
5;2025-11-06;10;0
5;2025-11-06;11;0
5;2025-11-06;12;0
5;2025-11-06;13;0
5;2025-11-06;14;0
5;2025-11-06;15;0
5;2025-11-06;16;0
5;2025-11-06;17;0
5;2025-11-06;18;0
5;2025-11-06;19;0
5;2025-11-06;20;0
5;2025-11-06;21;0
5;2025-11-06;22;0
5;2025-11-06;23;0
5;2025-11-07;0;0
5;2025-11-07;1;0
5;2025-11-07;2;0
5;2025-11-07;3;0
5;2025-11-07;4;0
5;2025-11-07;5;0
5;2025-11-07;6;0
5;2025-11-07;7;0
5;2025-11-07;8;0
5;2025-11-07;9;0
5;2025-11-07;10;0
5;2025-11-07;11;0
5;2025-11-07;12;0
5;2025-11-07;13;0
5;2025-11-07;14;0
5;2025-11-07;15;0
5;2025-11-07;16;0
5;2025-11-07;17;0
5;2025-11-07;18;0
5;2025-11-07;19;0
5;2025-11-07;20;0
5;2025-11-07;21;0
5;2025-11-07;22;0
5;2025-11-07;23;0
5;2025-11-08;0;0
5;2025-11-08;1;0
5;2025-11-08;2;0
5;2025-11-08;3;0
5;2025-11-08;4;0
5;2025-11-08;5;0
5;2025-11-08;6;0
5;2025-11-08;7;0
5;2025-11-08;8;0
5;2025-11-08;9;0
5;2025-11-08;10;0
5;2025-11-08;11;0
5;2025-11-08;12;0
5;2025-11-08;13;0
5;2025-11-08;14;0
5;2025-11-08;15;0
5;2025-11-08;16;0
5;2025-11-08;17;0
5;2025-11-08;18;0
5;2025-11-08;19;0
5;2025-11-08;20;0
5;2025-11-08;21;0
5;2025-11-08;22;0
5;2025-11-08;23;0
5;2025-11-09;0;0
5;2025-11-09;1;0
5;2025-11-09;2;0
5;2025-11-09;3;0
5;2025-11-09;4;0
5;2025-11-09;5;0
5;2025-11-09;6;0
5;2025-11-09;7;0
5;2025-11-09;8;0
5;2025-11-09;9;0
5;2025-11-09;10;0
5;2025-11-09;11;0
5;2025-11-09;12;0
5;2025-11-09;13;0
5;2025-11-09;14;0
5;2025-11-09;15;0
5;2025-11-09;16;0
5;2025-11-09;17;0
5;2025-11-09;18;0
5;2025-11-09;19;0
5;2025-11-09;20;0
5;2025-11-09;21;0
5;2025-11-09;22;0
5;2025-11-09;23;0
5;2025-11-10;0;0
5;2025-11-10;1;0
5;2025-11-10;2;0
5;2025-11-10;3;0
5;2025-11-10;4;0
5;2025-11-10;5;0
5;2025-11-10;6;0
5;2025-11-10;7;0
5;2025-11-10;8;0
5;2025-11-10;9;0
5;2025-11-10;10;0
5;2025-11-10;11;0
5;2025-11-10;12;0
5;2025-11-10;13;0
5;2025-11-10;14;0
5;2025-11-10;15;0
5;2025-11-10;16;0
5;2025-11-10;17;0
5;2025-11-10;18;0
5;2025-11-10;19;0
5;2025-11-10;20;0
5;2025-11-10;21;0
5;2025-11-10;22;0
5;2025-11-10;23;0
5;2025-11-11;0;0
5;2025-11-11;1;0
5;2025-11-11;2;0
5;2025-11-11;3;0
5;2025-11-11;4;0
5;2025-11-11;5;0
5;2025-11-11;6;0
5;2025-11-11;7;0
5;2025-11-11;8;0
5;2025-11-11;9;0
5;2025-11-11;10;0
5;2025-11-11;11;0
5;2025-11-11;12;0
5;2025-11-11;13;0
5;2025-11-11;14;0
5;2025-11-11;15;0
5;2025-11-11;16;0
5;2025-11-11;17;0
5;2025-11-11;18;0
5;2025-11-11;19;0
5;2025-11-11;20;0
5;2025-11-11;21;0
5;2025-11-11;22;0
5;2025-11-11;23;0
5;2025-11-12;0;0
5;2025-11-12;1;0
5;2025-11-12;2;0
5;2025-11-12;3;0
5;2025-11-12;4;0
5;2025-11-12;5;0
5;2025-11-12;6;0
5;2025-11-12;7;0
5;2025-11-12;8;0
5;2025-11-12;9;0
5;2025-11-12;10;0
5;2025-11-12;11;0
5;2025-11-12;12;0
5;2025-11-12;13;0
5;2025-11-12;14;0
5;2025-11-12;15;0
5;2025-11-12;16;0
5;2025-11-12;17;0
5;2025-11-12;18;0
5;2025-11-12;19;0
5;2025-11-12;20;0
5;2025-11-12;21;0
5;2025-11-12;22;0
5;2025-11-12;23;0
5;2025-11-13;0;0
5;2025-11-13;1;0
5;2025-11-13;2;0
5;2025-11-13;3;0
5;2025-11-13;4;0
5;2025-11-13;5;0
5;2025-11-13;6;0
5;2025-11-13;7;0
5;2025-11-13;8;0
5;2025-11-13;9;0
5;2025-11-13;10;0
5;2025-11-13;11;0
5;2025-11-13;12;0
5;2025-11-13;13;0
5;2025-11-13;14;0
5;2025-11-13;15;0
5;2025-11-13;16;0
5;2025-11-13;17;0
5;2025-11-13;18;0
5;2025-11-13;19;0
5;2025-11-13;20;0
5;2025-11-13;21;0
5;2025-11-13;22;0
5;2025-11-13;23;0
5;2025-11-14;0;0
5;2025-11-14;1;0
5;2025-11-14;2;0
5;2025-11-14;3;0
5;2025-11-14;4;0
5;2025-11-14;5;0
5;2025-11-14;6;0
5;2025-11-14;7;0
5;2025-11-14;8;0
5;2025-11-14;9;0
5;2025-11-14;10;0
5;2025-11-14;11;0
5;2025-11-14;12;0
5;2025-11-14;13;0
5;2025-11-14;14;0
5;2025-11-14;15;0
5;2025-11-14;16;0
5;2025-11-14;17;0
5;2025-11-14;18;0
5;2025-11-14;19;0
5;2025-11-14;20;0
5;2025-11-14;21;0
5;2025-11-14;22;0
5;2025-11-14;23;0
5;2025-11-15;0;0
5;2025-11-15;1;0
5;2025-11-15;2;0
5;2025-11-15;3;0
5;2025-11-15;4;0
5;2025-11-15;5;0
5;2025-11-15;6;0
5;2025-11-15;7;0
5;2025-11-15;8;0
5;2025-11-15;9;0
5;2025-11-15;10;0
5;2025-11-15;11;0
5;2025-11-15;12;0
5;2025-11-15;13;0
5;2025-11-15;14;0
5;2025-11-15;15;0
5;2025-11-15;16;0
5;2025-11-15;17;0
5;2025-11-15;18;0
5;2025-11-15;19;0
5;2025-11-15;20;0
5;2025-11-15;21;0
5;2025-11-15;22;0
5;2025-11-15;23;0
5;2025-11-16;0;0
5;2025-11-16;1;0
5;2025-11-16;2;0
5;2025-11-16;3;0
5;2025-11-16;4;0
5;2025-11-16;5;0
5;2025-11-16;6;0
5;2025-11-16;7;0
5;2025-11-16;8;0
5;2025-11-16;9;0
5;2025-11-16;10;0
5;2025-11-16;11;0
5;2025-11-16;12;0
5;2025-11-16;13;0
5;2025-11-16;14;0
5;2025-11-16;15;0
5;2025-11-16;16;0
5;2025-11-16;17;0
5;2025-11-16;18;0
5;2025-11-16;19;0
5;2025-11-16;20;0
5;2025-11-16;21;0
5;2025-11-16;22;0
5;2025-11-16;23;0
5;2025-11-17;0;0
5;2025-11-17;1;0
5;2025-11-17;2;0
5;2025-11-17;3;0
5;2025-11-17;4;0
5;2025-11-17;5;0
5;2025-11-17;6;0
5;2025-11-17;7;0
5;2025-11-17;8;0
5;2025-11-17;9;0
5;2025-11-17;10;0
5;2025-11-17;11;0
5;2025-11-17;12;0
5;2025-11-17;13;0
5;2025-11-17;14;0
5;2025-11-17;15;0
5;2025-11-17;16;0
5;2025-11-17;17;0
5;2025-11-17;18;0
5;2025-11-17;19;0
5;2025-11-17;20;0
5;2025-11-17;21;0
5;2025-11-17;22;0
5;2025-11-17;23;0
5;2025-11-18;0;0
5;2025-11-18;1;0
5;2025-11-18;2;0
5;2025-11-18;3;0
5;2025-11-18;4;0
5;2025-11-18;5;0
5;2025-11-18;6;0
5;2025-11-18;7;0
5;2025-11-18;8;0
5;2025-11-18;9;0
5;2025-11-18;10;0
5;2025-11-18;11;0
5;2025-11-18;12;0
5;2025-11-18;13;0
5;2025-11-18;14;0
5;2025-11-18;15;0
5;2025-11-18;16;0
5;2025-11-18;17;0
5;2025-11-18;18;0
5;2025-11-18;19;0
5;2025-11-18;20;0
5;2025-11-18;21;0
5;2025-11-18;22;0
5;2025-11-18;23;0
5;2025-11-19;0;0
5;2025-11-19;1;0
5;2025-11-19;2;0
5;2025-11-19;3;0
5;2025-11-19;4;0
5;2025-11-19;5;0
5;2025-11-19;6;0
5;2025-11-19;7;0
5;2025-11-19;8;0
5;2025-11-19;9;0
5;2025-11-19;10;0
5;2025-11-19;11;0
5;2025-11-19;12;0
5;2025-11-19;13;0
5;2025-11-19;14;0
5;2025-11-19;15;0
5;2025-11-19;16;0
5;2025-11-19;17;0
5;2025-11-19;18;0
5;2025-11-19;19;0
5;2025-11-19;20;0
5;2025-11-19;21;0
5;2025-11-19;22;0
5;2025-11-19;23;0
5;2025-11-20;0;0
5;2025-11-20;1;0
5;2025-11-20;2;0
5;2025-11-20;3;0
5;2025-11-20;4;0
5;2025-11-20;5;0
5;2025-11-20;6;0
5;2025-11-20;7;0
5;2025-11-20;8;0
5;2025-11-20;9;0
5;2025-11-20;10;0
5;2025-11-20;11;0
5;2025-11-20;12;0
5;2025-11-20;13;0
5;2025-11-20;14;0
5;2025-11-20;15;0
5;2025-11-20;16;0
5;2025-11-20;17;0
5;2025-11-20;18;0
5;2025-11-20;19;0
5;2025-11-20;20;0
5;2025-11-20;21;0
5;2025-11-20;22;0
5;2025-11-20;23;0
5;2025-11-21;0;0
5;2025-11-21;1;0
5;2025-11-21;2;0
5;2025-11-21;3;0
5;2025-11-21;4;0
5;2025-11-21;5;0
5;2025-11-21;6;0
5;2025-11-21;7;0
5;2025-11-21;8;0
5;2025-11-21;9;0
5;2025-11-21;10;0
5;2025-11-21;11;0
5;2025-11-21;12;0
5;2025-11-21;13;0
5;2025-11-21;14;0
5;2025-11-21;15;0
5;2025-11-21;16;0
5;2025-11-21;17;0
5;2025-11-21;18;0
5;2025-11-21;19;0
5;2025-11-21;20;0
5;2025-11-21;21;0
5;2025-11-21;22;0
5;2025-11-21;23;0
5;2025-11-22;0;0
5;2025-11-22;1;0
5;2025-11-22;2;0
5;2025-11-22;3;0
5;2025-11-22;4;0
5;2025-11-22;5;0
5;2025-11-22;6;0
5;2025-11-22;7;0
5;2025-11-22;8;0
5;2025-11-22;9;0
5;2025-11-22;10;0
5;2025-11-22;11;0
5;2025-11-22;12;0
5;2025-11-22;13;0
5;2025-11-22;14;0
5;2025-11-22;15;0
5;2025-11-22;16;0
5;2025-11-22;17;0
5;2025-11-22;18;0
5;2025-11-22;19;0
5;2025-11-22;20;0
5;2025-11-22;21;0
5;2025-11-22;22;0
5;2025-11-22;23;0
5;2025-11-23;0;0
5;2025-11-23;1;0
5;2025-11-23;2;0
5;2025-11-23;3;0
5;2025-11-23;4;0
5;2025-11-23;5;0
5;2025-11-23;6;0
5;2025-11-23;7;0
5;2025-11-23;8;0
5;2025-11-23;9;0
5;2025-11-23;10;0
5;2025-11-23;11;0
5;2025-11-23;12;0
5;2025-11-23;13;0
5;2025-11-23;14;0
5;2025-11-23;15;0
5;2025-11-23;16;0
5;2025-11-23;17;0
5;2025-11-23;18;0
5;2025-11-23;19;0
5;2025-11-23;20;0
5;2025-11-23;21;0
5;2025-11-23;22;0
5;2025-11-23;23;0
5;2025-11-24;0;0
5;2025-11-24;1;0
5;2025-11-24;2;0
5;2025-11-24;3;0
5;2025-11-24;4;0
5;2025-11-24;5;0
5;2025-11-24;6;0
5;2025-11-24;7;0
5;2025-11-24;8;0
5;2025-11-24;9;0
5;2025-11-24;10;0
5;2025-11-24;11;0
5;2025-11-24;12;0
5;2025-11-24;13;0
5;2025-11-24;14;0
5;2025-11-24;15;0
5;2025-11-24;16;0
5;2025-11-24;17;0
5;2025-11-24;18;0
5;2025-11-24;19;0
5;2025-11-24;20;0
5;2025-11-24;21;0
5;2025-11-24;22;0
5;2025-11-24;23;0
5;2025-11-25;0;0
5;2025-11-25;1;0
5;2025-11-25;2;0
5;2025-11-25;3;0
5;2025-11-25;4;0
5;2025-11-25;5;0
5;2025-11-25;6;0
5;2025-11-25;7;0
5;2025-11-25;8;0
5;2025-11-25;9;0
5;2025-11-25;10;0
5;2025-11-25;11;0
5;2025-11-25;12;0
5;2025-11-25;13;0
5;2025-11-25;14;0
5;2025-11-25;15;0
5;2025-11-25;16;0
5;2025-11-25;17;0
5;2025-11-25;18;0
5;2025-11-25;19;0
5;2025-11-25;20;0
5;2025-11-25;21;0
5;2025-11-25;22;0
5;2025-11-25;23;0
5;2025-11-26;0;0
5;2025-11-26;1;0
5;2025-11-26;2;0
5;2025-11-26;3;0
5;2025-11-26;4;0
5;2025-11-26;5;0
5;2025-11-26;6;0
5;2025-11-26;7;0
5;2025-11-26;8;0
5;2025-11-26;9;0
5;2025-11-26;10;0
5;2025-11-26;11;0
5;2025-11-26;12;0
5;2025-11-26;13;0
5;2025-11-26;14;0
5;2025-11-26;15;0
5;2025-11-26;16;0
5;2025-11-26;17;0
5;2025-11-26;18;0
5;2025-11-26;19;0
5;2025-11-26;20;0
5;2025-11-26;21;0
5;2025-11-26;22;0
5;2025-11-26;23;0
5;2025-11-27;0;0
5;2025-11-27;1;0
5;2025-11-27;2;0
5;2025-11-27;3;0
5;2025-11-27;4;0
5;2025-11-27;5;0
5;2025-11-27;6;0
5;2025-11-27;7;0
5;2025-11-27;8;0
5;2025-11-27;9;0
5;2025-11-27;10;0
5;2025-11-27;11;0
5;2025-11-27;12;0
5;2025-11-27;13;0
5;2025-11-27;14;0
5;2025-11-27;15;0
5;2025-11-27;16;0
5;2025-11-27;17;0
5;2025-11-27;18;0
5;2025-11-27;19;0
5;2025-11-27;20;0
5;2025-11-27;21;0
5;2025-11-27;22;0
5;2025-11-27;23;0
5;2025-11-28;0;0
5;2025-11-28;1;0
5;2025-11-28;2;0
5;2025-11-28;3;0
5;2025-11-28;4;0
5;2025-11-28;5;0
5;2025-11-28;6;0
5;2025-11-28;7;0
5;2025-11-28;8;0
5;2025-11-28;9;0
5;2025-11-28;10;0
5;2025-11-28;11;0
5;2025-11-28;12;0
5;2025-11-28;13;0
5;2025-11-28;14;0
5;2025-11-28;15;0
5;2025-11-28;16;0
5;2025-11-28;17;0
5;2025-11-28;18;0
5;2025-11-28;19;0
5;2025-11-28;20;0
5;2025-11-28;21;0
5;2025-11-28;22;0
5;2025-11-28;23;0
5;2025-11-29;0;0
5;2025-11-29;1;0
5;2025-11-29;2;0
5;2025-11-29;3;0
5;2025-11-29;4;0
5;2025-11-29;5;0
5;2025-11-29;6;0
5;2025-11-29;7;0
5;2025-11-29;8;0
5;2025-11-29;9;0
5;2025-11-29;10;0
5;2025-11-29;11;0
5;2025-11-29;12;0
5;2025-11-29;13;0
5;2025-11-29;14;0
5;2025-11-29;15;0
5;2025-11-29;16;0
5;2025-11-29;17;0
5;2025-11-29;18;0
5;2025-11-29;19;0
5;2025-11-29;20;0
5;2025-11-29;21;0
5;2025-11-29;22;0
5;2025-11-29;23;0
5;2025-11-30;0;0
5;2025-11-30;1;0
5;2025-11-30;2;0
5;2025-11-30;3;0
5;2025-11-30;4;0
5;2025-11-30;5;0
5;2025-11-30;6;0
5;2025-11-30;7;0
5;2025-11-30;8;0
5;2025-11-30;9;0
5;2025-11-30;10;0
5;2025-11-30;11;0
5;2025-11-30;12;0
5;2025-11-30;13;0
5;2025-11-30;14;0
5;2025-11-30;15;0
5;2025-11-30;16;0
5;2025-11-30;17;0
5;2025-11-30;18;0
5;2025-11-30;19;0
5;2025-11-30;20;0
5;2025-11-30;21;0
5;2025-11-30;22;0
5;2025-11-30;23;0
5;2025-12-01;0;0
5;2025-12-01;1;0
5;2025-12-01;2;0
5;2025-12-01;3;0
5;2025-12-01;4;0
5;2025-12-01;5;0
5;2025-12-01;6;0
5;2025-12-01;7;0
5;2025-12-01;8;0
5;2025-12-01;9;0
5;2025-12-01;10;0
5;2025-12-01;11;0
5;2025-12-01;12;0
5;2025-12-01;13;0
5;2025-12-01;14;0
5;2025-12-01;15;0
5;2025-12-01;16;0
5;2025-12-01;17;0
5;2025-12-01;18;0
5;2025-12-01;19;0
5;2025-12-01;20;0
5;2025-12-01;21;0
5;2025-12-01;22;0
5;2025-12-01;23;0
5;2025-12-02;0;0
5;2025-12-02;1;0
5;2025-12-02;2;0
5;2025-12-02;3;0
5;2025-12-02;4;0
5;2025-12-02;5;0
5;2025-12-02;6;0
5;2025-12-02;7;0
5;2025-12-02;8;0
5;2025-12-02;9;0
5;2025-12-02;10;0
5;2025-12-02;11;0
5;2025-12-02;12;0
5;2025-12-02;13;0
5;2025-12-02;14;0
5;2025-12-02;15;0
5;2025-12-02;16;0
5;2025-12-02;17;0
5;2025-12-02;18;0
5;2025-12-02;19;0
5;2025-12-02;20;0
5;2025-12-02;21;0
5;2025-12-02;22;0
5;2025-12-02;23;0
5;2025-12-03;0;0
5;2025-12-03;1;0
5;2025-12-03;2;0
5;2025-12-03;3;0
5;2025-12-03;4;0
5;2025-12-03;5;0
5;2025-12-03;6;0
5;2025-12-03;7;0
5;2025-12-03;8;0
5;2025-12-03;9;0
5;2025-12-03;10;0
5;2025-12-03;11;0
5;2025-12-03;12;0
5;2025-12-03;13;0
5;2025-12-03;14;0
5;2025-12-03;15;0
5;2025-12-03;16;0
5;2025-12-03;17;0
5;2025-12-03;18;0
5;2025-12-03;19;0
5;2025-12-03;20;0
5;2025-12-03;21;0
5;2025-12-03;22;0
5;2025-12-03;23;0
5;2025-12-04;0;0
5;2025-12-04;1;0
5;2025-12-04;2;0
5;2025-12-04;3;0
5;2025-12-04;4;0
5;2025-12-04;5;0
5;2025-12-04;6;0
5;2025-12-04;7;0
5;2025-12-04;8;0
5;2025-12-04;9;0
5;2025-12-04;10;0
5;2025-12-04;11;0
5;2025-12-04;12;0
5;2025-12-04;13;0
5;2025-12-04;14;0
5;2025-12-04;15;0
5;2025-12-04;16;0
5;2025-12-04;17;0
5;2025-12-04;18;0
5;2025-12-04;19;0
5;2025-12-04;20;0
5;2025-12-04;21;0
5;2025-12-04;22;0
5;2025-12-04;23;0
5;2025-12-05;0;0
5;2025-12-05;1;0
5;2025-12-05;2;0
5;2025-12-05;3;0
5;2025-12-05;4;0
5;2025-12-05;5;0
5;2025-12-05;6;0
5;2025-12-05;7;0
5;2025-12-05;8;0
5;2025-12-05;9;0
5;2025-12-05;10;0
5;2025-12-05;11;0
5;2025-12-05;12;0
5;2025-12-05;13;0
5;2025-12-05;14;0
5;2025-12-05;15;0
5;2025-12-05;16;0
5;2025-12-05;17;0
5;2025-12-05;18;0
5;2025-12-05;19;0
5;2025-12-05;20;0
5;2025-12-05;21;0
5;2025-12-05;22;0
5;2025-12-05;23;0
5;2025-12-06;0;0
5;2025-12-06;1;0
5;2025-12-06;2;0
5;2025-12-06;3;0
5;2025-12-06;4;0
5;2025-12-06;5;0
5;2025-12-06;6;0
5;2025-12-06;7;0
5;2025-12-06;8;0
5;2025-12-06;9;0
5;2025-12-06;10;0
5;2025-12-06;11;0
5;2025-12-06;12;0
5;2025-12-06;13;0
5;2025-12-06;14;0
5;2025-12-06;15;0
5;2025-12-06;16;0
5;2025-12-06;17;0
5;2025-12-06;18;0
5;2025-12-06;19;0
5;2025-12-06;20;0
5;2025-12-06;21;0
5;2025-12-06;22;0
5;2025-12-06;23;0
5;2025-12-07;0;0
5;2025-12-07;1;0
5;2025-12-07;2;0
5;2025-12-07;3;0
5;2025-12-07;4;0
5;2025-12-07;5;0
5;2025-12-07;6;0
5;2025-12-07;7;0
5;2025-12-07;8;0
5;2025-12-07;9;0
5;2025-12-07;10;0
5;2025-12-07;11;0
5;2025-12-07;12;0
5;2025-12-07;13;0
5;2025-12-07;14;0
5;2025-12-07;15;0
5;2025-12-07;16;0
5;2025-12-07;17;0
5;2025-12-07;18;0
5;2025-12-07;19;0
5;2025-12-07;20;0
5;2025-12-07;21;0
5;2025-12-07;22;0
5;2025-12-07;23;0
5;2025-12-08;0;0
5;2025-12-08;1;0
5;2025-12-08;2;0
5;2025-12-08;3;0
5;2025-12-08;4;0
5;2025-12-08;5;0
5;2025-12-08;6;0
5;2025-12-08;7;0
5;2025-12-08;8;0
5;2025-12-08;9;0
5;2025-12-08;10;0
5;2025-12-08;11;0
5;2025-12-08;12;0
5;2025-12-08;13;0
5;2025-12-08;14;0
5;2025-12-08;15;0
5;2025-12-08;16;0
5;2025-12-08;17;0
5;2025-12-08;18;0
5;2025-12-08;19;0
5;2025-12-08;20;0
5;2025-12-08;21;0
5;2025-12-08;22;0
5;2025-12-08;23;0
5;2025-12-09;0;0
5;2025-12-09;1;0
5;2025-12-09;2;0
5;2025-12-09;3;0
5;2025-12-09;4;0
5;2025-12-09;5;0
5;2025-12-09;6;0
5;2025-12-09;7;0
5;2025-12-09;8;0
5;2025-12-09;9;0
5;2025-12-09;10;0
5;2025-12-09;11;0
5;2025-12-09;12;0
5;2025-12-09;13;0
5;2025-12-09;14;0
5;2025-12-09;15;0
5;2025-12-09;16;0
5;2025-12-09;17;0
5;2025-12-09;18;0
5;2025-12-09;19;0
5;2025-12-09;20;0
5;2025-12-09;21;0
5;2025-12-09;22;0
5;2025-12-09;23;0
5;2025-12-10;0;0
5;2025-12-10;1;0
5;2025-12-10;2;0
5;2025-12-10;3;0
5;2025-12-10;4;0
5;2025-12-10;5;0
5;2025-12-10;6;0
5;2025-12-10;7;0
5;2025-12-10;8;0
5;2025-12-10;9;0
5;2025-12-10;10;0
5;2025-12-10;11;0
5;2025-12-10;12;0
5;2025-12-10;13;0
5;2025-12-10;14;0
5;2025-12-10;15;0
5;2025-12-10;16;0
5;2025-12-10;17;0
5;2025-12-10;18;0
5;2025-12-10;19;0
5;2025-12-10;20;0
5;2025-12-10;21;0
5;2025-12-10;22;0
5;2025-12-10;23;0
5;2025-12-11;0;0
5;2025-12-11;1;0
5;2025-12-11;2;0
5;2025-12-11;3;0
5;2025-12-11;4;0
5;2025-12-11;5;0
5;2025-12-11;6;0
5;2025-12-11;7;0
5;2025-12-11;8;0
5;2025-12-11;9;0
5;2025-12-11;10;0
5;2025-12-11;11;0
5;2025-12-11;12;0
5;2025-12-11;13;0
5;2025-12-11;14;0
5;2025-12-11;15;0
5;2025-12-11;16;0
5;2025-12-11;17;0
5;2025-12-11;18;0
5;2025-12-11;19;0
5;2025-12-11;20;0
5;2025-12-11;21;0
5;2025-12-11;22;0
5;2025-12-11;23;0
5;2025-12-12;0;0
5;2025-12-12;1;0
5;2025-12-12;2;0
5;2025-12-12;3;0
5;2025-12-12;4;0
5;2025-12-12;5;0
5;2025-12-12;6;0
5;2025-12-12;7;0
5;2025-12-12;8;0
5;2025-12-12;9;0
5;2025-12-12;10;0
5;2025-12-12;11;0
5;2025-12-12;12;0
5;2025-12-12;13;0
5;2025-12-12;14;0
5;2025-12-12;15;0
5;2025-12-12;16;0
5;2025-12-12;17;0
5;2025-12-12;18;0
5;2025-12-12;19;0
5;2025-12-12;20;0
5;2025-12-12;21;0
5;2025-12-12;22;0
5;2025-12-12;23;0
5;2025-12-13;0;0
5;2025-12-13;1;0
5;2025-12-13;2;0
5;2025-12-13;3;0
5;2025-12-13;4;0
5;2025-12-13;5;0
5;2025-12-13;6;0
5;2025-12-13;7;0
5;2025-12-13;8;0
5;2025-12-13;9;0
5;2025-12-13;10;0
5;2025-12-13;11;0
5;2025-12-13;12;0
5;2025-12-13;13;0
5;2025-12-13;14;0
5;2025-12-13;15;0
5;2025-12-13;16;0
5;2025-12-13;17;0
5;2025-12-13;18;0
5;2025-12-13;19;0
5;2025-12-13;20;0
5;2025-12-13;21;0
5;2025-12-13;22;0
5;2025-12-13;23;0
5;2025-12-14;0;0
5;2025-12-14;1;0
5;2025-12-14;2;0
5;2025-12-14;3;0
5;2025-12-14;4;0
5;2025-12-14;5;0
5;2025-12-14;6;0
5;2025-12-14;7;0
5;2025-12-14;8;0
5;2025-12-14;9;0
5;2025-12-14;10;0
5;2025-12-14;11;0
5;2025-12-14;12;0
5;2025-12-14;13;0
5;2025-12-14;14;0
5;2025-12-14;15;0
5;2025-12-14;16;0
5;2025-12-14;17;0
5;2025-12-14;18;0
5;2025-12-14;19;0
5;2025-12-14;20;0
5;2025-12-14;21;0
5;2025-12-14;22;0
5;2025-12-14;23;0
5;2025-12-15;0;0
5;2025-12-15;1;0
5;2025-12-15;2;0
5;2025-12-15;3;0
5;2025-12-15;4;0
5;2025-12-15;5;0
5;2025-12-15;6;0
5;2025-12-15;7;0
5;2025-12-15;8;0
5;2025-12-15;9;0
5;2025-12-15;10;0
5;2025-12-15;11;0
5;2025-12-15;12;0
5;2025-12-15;13;0
5;2025-12-15;14;0
5;2025-12-15;15;0
5;2025-12-15;16;0
5;2025-12-15;17;0
5;2025-12-15;18;0
5;2025-12-15;19;0
5;2025-12-15;20;0
5;2025-12-15;21;0
5;2025-12-15;22;0
5;2025-12-15;23;0
5;2025-12-16;0;0
5;2025-12-16;1;0
5;2025-12-16;2;0
5;2025-12-16;3;0
5;2025-12-16;4;0
5;2025-12-16;5;0
5;2025-12-16;6;0
5;2025-12-16;7;0
5;2025-12-16;8;0
5;2025-12-16;9;0
5;2025-12-16;10;0
5;2025-12-16;11;0
5;2025-12-16;12;0
5;2025-12-16;13;0
5;2025-12-16;14;0
5;2025-12-16;15;0
5;2025-12-16;16;0
5;2025-12-16;17;0
5;2025-12-16;18;0
5;2025-12-16;19;0
5;2025-12-16;20;0
5;2025-12-16;21;0
5;2025-12-16;22;0
5;2025-12-16;23;0
5;2025-12-17;0;0
5;2025-12-17;1;0
5;2025-12-17;2;0
5;2025-12-17;3;0
5;2025-12-17;4;0
5;2025-12-17;5;0
5;2025-12-17;6;0
5;2025-12-17;7;0
5;2025-12-17;8;0
5;2025-12-17;9;0
5;2025-12-17;10;0
5;2025-12-17;11;0
5;2025-12-17;12;0
5;2025-12-17;13;0
5;2025-12-17;14;0
5;2025-12-17;15;0
5;2025-12-17;16;0
5;2025-12-17;17;0
5;2025-12-17;18;0
5;2025-12-17;19;0
5;2025-12-17;20;0
5;2025-12-17;21;0
5;2025-12-17;22;0
5;2025-12-17;23;0
5;2025-12-18;0;0
5;2025-12-18;1;0
5;2025-12-18;2;0
5;2025-12-18;3;0
5;2025-12-18;4;0
5;2025-12-18;5;0
5;2025-12-18;6;0
5;2025-12-18;7;0
5;2025-12-18;8;0
5;2025-12-18;9;0
5;2025-12-18;10;0
5;2025-12-18;11;0
5;2025-12-18;12;0
5;2025-12-18;13;0
5;2025-12-18;14;0
5;2025-12-18;15;0
5;2025-12-18;16;0
5;2025-12-18;17;0
5;2025-12-18;18;0
5;2025-12-18;19;0
5;2025-12-18;20;0
5;2025-12-18;21;0
5;2025-12-18;22;0
5;2025-12-18;23;0
5;2025-12-19;0;0
5;2025-12-19;1;0
5;2025-12-19;2;0
5;2025-12-19;3;0
5;2025-12-19;4;0
5;2025-12-19;5;0
5;2025-12-19;6;0
5;2025-12-19;7;0
5;2025-12-19;8;0
5;2025-12-19;9;0
5;2025-12-19;10;0
5;2025-12-19;11;0
5;2025-12-19;12;0
5;2025-12-19;13;0
5;2025-12-19;14;0
5;2025-12-19;15;0
5;2025-12-19;16;0
5;2025-12-19;17;0
5;2025-12-19;18;0
5;2025-12-19;19;0
5;2025-12-19;20;0
5;2025-12-19;21;0
5;2025-12-19;22;0
5;2025-12-19;23;0
5;2025-12-20;0;0
5;2025-12-20;1;0
5;2025-12-20;2;0
5;2025-12-20;3;0
5;2025-12-20;4;0
5;2025-12-20;5;0
5;2025-12-20;6;0
5;2025-12-20;7;0
5;2025-12-20;8;0
5;2025-12-20;9;0
5;2025-12-20;10;0
5;2025-12-20;11;0
5;2025-12-20;12;0
5;2025-12-20;13;0
5;2025-12-20;14;0
5;2025-12-20;15;0
5;2025-12-20;16;0
5;2025-12-20;17;0
5;2025-12-20;18;0
5;2025-12-20;19;0
5;2025-12-20;20;0
5;2025-12-20;21;0
5;2025-12-20;22;0
5;2025-12-20;23;0
5;2025-12-21;0;0
5;2025-12-21;1;0
5;2025-12-21;2;0
5;2025-12-21;3;0
5;2025-12-21;4;0
5;2025-12-21;5;0
5;2025-12-21;6;0
5;2025-12-21;7;0
5;2025-12-21;8;0
5;2025-12-21;9;0
5;2025-12-21;10;0
5;2025-12-21;11;0
5;2025-12-21;12;0
5;2025-12-21;13;0
5;2025-12-21;14;0
5;2025-12-21;15;0
5;2025-12-21;16;0
5;2025-12-21;17;0
5;2025-12-21;18;0
5;2025-12-21;19;0
5;2025-12-21;20;0
5;2025-12-21;21;0
5;2025-12-21;22;0
5;2025-12-21;23;0
5;2025-12-22;0;0
5;2025-12-22;1;0
5;2025-12-22;2;0
5;2025-12-22;3;0
5;2025-12-22;4;0
5;2025-12-22;5;0
5;2025-12-22;6;0
5;2025-12-22;7;0
5;2025-12-22;8;0
5;2025-12-22;9;0
5;2025-12-22;10;0
5;2025-12-22;11;0
5;2025-12-22;12;0
5;2025-12-22;13;0
5;2025-12-22;14;0
5;2025-12-22;15;0
5;2025-12-22;16;0
5;2025-12-22;17;0
5;2025-12-22;18;0
5;2025-12-22;19;0
5;2025-12-22;20;0
5;2025-12-22;21;0
5;2025-12-22;22;0
5;2025-12-22;23;0
5;2025-12-23;0;0
5;2025-12-23;1;0
5;2025-12-23;2;0
5;2025-12-23;3;0
5;2025-12-23;4;0
5;2025-12-23;5;0
5;2025-12-23;6;0
5;2025-12-23;7;0
5;2025-12-23;8;0
5;2025-12-23;9;0
5;2025-12-23;10;0
5;2025-12-23;11;0
5;2025-12-23;12;0
5;2025-12-23;13;0
5;2025-12-23;14;0
5;2025-12-23;15;0
5;2025-12-23;16;0
5;2025-12-23;17;0
5;2025-12-23;18;0
5;2025-12-23;19;0
5;2025-12-23;20;0
5;2025-12-23;21;0
5;2025-12-23;22;0
5;2025-12-23;23;0
5;2025-12-24;0;0
5;2025-12-24;1;0
5;2025-12-24;2;0
5;2025-12-24;3;0
5;2025-12-24;4;0
5;2025-12-24;5;0
5;2025-12-24;6;0
5;2025-12-24;7;0
5;2025-12-24;8;0
5;2025-12-24;9;0
5;2025-12-24;10;0
5;2025-12-24;11;0
5;2025-12-24;12;0
5;2025-12-24;13;0
5;2025-12-24;14;0
5;2025-12-24;15;0
5;2025-12-24;16;0
5;2025-12-24;17;0
5;2025-12-24;18;0
5;2025-12-24;19;0
5;2025-12-24;20;0
5;2025-12-24;21;0
5;2025-12-24;22;0
5;2025-12-24;23;0
5;2025-12-25;0;0
5;2025-12-25;1;0
5;2025-12-25;2;0
5;2025-12-25;3;0
5;2025-12-25;4;0
5;2025-12-25;5;0
5;2025-12-25;6;0
5;2025-12-25;7;0
5;2025-12-25;8;0
5;2025-12-25;9;0
5;2025-12-25;10;0
5;2025-12-25;11;0
5;2025-12-25;12;0
5;2025-12-25;13;0
5;2025-12-25;14;0
5;2025-12-25;15;0
5;2025-12-25;16;0
5;2025-12-25;17;0
5;2025-12-25;18;0
5;2025-12-25;19;0
5;2025-12-25;20;0
5;2025-12-25;21;0
5;2025-12-25;22;0
5;2025-12-25;23;0
5;2025-12-26;0;0
5;2025-12-26;1;0
5;2025-12-26;2;0
5;2025-12-26;3;0
5;2025-12-26;4;0
5;2025-12-26;5;0
5;2025-12-26;6;0
5;2025-12-26;7;0
5;2025-12-26;8;0
5;2025-12-26;9;0
5;2025-12-26;10;0
5;2025-12-26;11;0
5;2025-12-26;12;0
5;2025-12-26;13;0
5;2025-12-26;14;0
5;2025-12-26;15;0
5;2025-12-26;16;0
5;2025-12-26;17;0
5;2025-12-26;18;0
5;2025-12-26;19;0
5;2025-12-26;20;0
5;2025-12-26;21;0
5;2025-12-26;22;0
5;2025-12-26;23;0
5;2025-12-27;0;0
5;2025-12-27;1;0
5;2025-12-27;2;0
5;2025-12-27;3;0
5;2025-12-27;4;0
5;2025-12-27;5;0
5;2025-12-27;6;0
5;2025-12-27;7;0
5;2025-12-27;8;0
5;2025-12-27;9;0
5;2025-12-27;10;0
5;2025-12-27;11;0
5;2025-12-27;12;0
5;2025-12-27;13;0
5;2025-12-27;14;0
5;2025-12-27;15;0
5;2025-12-27;16;0
5;2025-12-27;17;0
5;2025-12-27;18;0
5;2025-12-27;19;0
5;2025-12-27;20;0
5;2025-12-27;21;0
5;2025-12-27;22;0
5;2025-12-27;23;0
5;2025-12-28;0;0
5;2025-12-28;1;0
5;2025-12-28;2;0
5;2025-12-28;3;0
5;2025-12-28;4;0
5;2025-12-28;5;0
5;2025-12-28;6;0
5;2025-12-28;7;0
5;2025-12-28;8;0
5;2025-12-28;9;0
5;2025-12-28;10;0
5;2025-12-28;11;0
5;2025-12-28;12;0
5;2025-12-28;13;0
5;2025-12-28;14;0
5;2025-12-28;15;0
5;2025-12-28;16;0
5;2025-12-28;17;0
5;2025-12-28;18;0
5;2025-12-28;19;0
5;2025-12-28;20;0
5;2025-12-28;21;0
5;2025-12-28;22;0
5;2025-12-28;23;0
5;2025-12-29;0;0
5;2025-12-29;1;0
5;2025-12-29;2;0
5;2025-12-29;3;0
5;2025-12-29;4;0
5;2025-12-29;5;0
5;2025-12-29;6;0
5;2025-12-29;7;0
5;2025-12-29;8;0
5;2025-12-29;9;0
5;2025-12-29;10;0
5;2025-12-29;11;0
5;2025-12-29;12;0
5;2025-12-29;13;0
5;2025-12-29;14;0
5;2025-12-29;15;0
5;2025-12-29;16;0
5;2025-12-29;17;0
5;2025-12-29;18;0
5;2025-12-29;19;0
5;2025-12-29;20;0
5;2025-12-29;21;0
5;2025-12-29;22;0
5;2025-12-29;23;0
5;2025-12-30;0;0
5;2025-12-30;1;0
5;2025-12-30;2;0
5;2025-12-30;3;0
5;2025-12-30;4;0
5;2025-12-30;5;0
5;2025-12-30;6;0
5;2025-12-30;7;0
5;2025-12-30;8;0
5;2025-12-30;9;0
5;2025-12-30;10;0
5;2025-12-30;11;0
5;2025-12-30;12;0
5;2025-12-30;13;0
5;2025-12-30;14;0
5;2025-12-30;15;0
5;2025-12-30;16;0
5;2025-12-30;17;0
5;2025-12-30;18;0
5;2025-12-30;19;0
5;2025-12-30;20;0
5;2025-12-30;21;0
5;2025-12-30;22;0
5;2025-12-30;23;0
5;2025-12-31;0;0
5;2025-12-31;1;0
5;2025-12-31;2;0
5;2025-12-31;3;0
5;2025-12-31;4;0
5;2025-12-31;5;0
5;2025-12-31;6;0
5;2025-12-31;7;0
5;2025-12-31;8;0
5;2025-12-31;9;0
5;2025-12-31;10;0
5;2025-12-31;11;0
5;2025-12-31;12;0
5;2025-12-31;13;0
5;2025-12-31;14;0
5;2025-12-31;15;0
5;2025-12-31;16;0
5;2025-12-31;17;0
5;2025-12-31;18;0
5;2025-12-31;19;0
5;2025-12-31;20;0
5;2025-12-31;21;0
5;2025-12-31;22;0
5;2025-12-31;23;0
7;2025-11-01;0;30
7;2025-11-01;1;0
7;2025-11-01;2;0
7;2025-11-01;3;0
7;2025-11-01;4;0
7;2025-11-01;5;46
7;2025-11-01;6;291
7;2025-11-01;7;698
7;2025-11-01;8;1069
7;2025-11-01;9;777
7;2025-11-01;10;714
7;2025-11-01;11;670
7;2025-11-01;12;710
7;2025-11-01;13;731
7;2025-11-01;14;741
7;2025-11-01;15;828
7;2025-11-01;16;891
7;2025-11-01;17;994
7;2025-11-01;18;909
7;2025-11-01;19;639
7;2025-11-01;20;456
7;2025-11-01;21;272
7;2025-11-01;22;144
7;2025-11-01;23;103
7;2025-11-02;0;63
7;2025-11-02;1;0
7;2025-11-02;2;0
7;2025-11-02;3;0
7;2025-11-02;4;0
7;2025-11-02;5;22
7;2025-11-02;6;126
7;2025-11-02;7;217
7;2025-11-02;8;328
7;2025-11-02;9;416
7;2025-11-02;10;472
7;2025-11-02;11;596
7;2025-11-02;12;660
7;2025-11-02;13;698
7;2025-11-02;14;726
7;2025-11-02;15;699
7;2025-11-02;16;661
7;2025-11-02;17;674
7;2025-11-02;18;609
7;2025-11-02;19;518
7;2025-11-02;20;411
7;2025-11-02;21;321
7;2025-11-02;22;185
7;2025-11-02;23;111
7;2025-11-03;0;91
7;2025-11-03;1;0
7;2025-11-03;2;0
7;2025-11-03;3;0
7;2025-11-03;4;0
7;2025-11-03;5;36
7;2025-11-03;6;226
7;2025-11-03;7;378
7;2025-11-03;8;551
7;2025-11-03;9;681
7;2025-11-03;10;750
7;2025-11-03;11;923
7;2025-11-03;12;1046
7;2025-11-03;13;1101
7;2025-11-03;14;1139
7;2025-11-03;15;1087
7;2025-11-03;16;1037
7;2025-11-03;17;1034
7;2025-11-03;18;952
7;2025-11-03;19;841
7;2025-11-03;20;662
7;2025-11-03;21;524
7;2025-11-03;22;308
7;2025-11-03;23;186
7;2025-11-04;0;90
7;2025-11-04;1;0
7;2025-11-04;2;0
7;2025-11-04;3;0
7;2025-11-04;4;0
7;2025-11-04;5;36
7;2025-11-04;6;225
7;2025-11-04;7;376
7;2025-11-04;8;552
7;2025-11-04;9;677
7;2025-11-04;10;745
7;2025-11-04;11;917
7;2025-11-04;12;1039
7;2025-11-04;13;1093
7;2025-11-04;14;1132
7;2025-11-04;15;1080
7;2025-11-04;16;1029
7;2025-11-04;17;1027
7;2025-11-04;18;946
7;2025-11-04;19;835
7;2025-11-04;20;658
7;2025-11-04;21;520
7;2025-11-04;22;306
7;2025-11-04;23;183
7;2025-11-05;0;62
7;2025-11-05;1;0
7;2025-11-05;2;0
7;2025-11-05;3;0
7;2025-11-05;4;0
7;2025-11-05;5;114
7;2025-11-05;6;688
7;2025-11-05;7;1637
7;2025-11-05;8;2562
7;2025-11-05;9;1884
7;2025-11-05;10;1700
7;2025-11-05;11;1568
7;2025-11-05;12;1659
7;2025-11-05;13;1599
7;2025-11-05;14;1664
7;2025-11-05;15;1821
7;2025-11-05;16;1908
7;2025-11-05;17;2438
7;2025-11-05;18;2626
7;2025-11-05;19;1740
7;2025-11-05;20;1120
7;2025-11-05;21;662
7;2025-11-05;22;334
7;2025-11-05;23;194
7;2025-11-06;0;64
7;2025-11-06;1;0
7;2025-11-06;2;0
7;2025-11-06;3;0
7;2025-11-06;4;0
7;2025-11-06;5;114
7;2025-11-06;6;689
7;2025-11-06;7;1646
7;2025-11-06;8;2535
7;2025-11-06;9;1834
7;2025-11-06;10;1600
7;2025-11-06;11;1518
7;2025-11-06;12;1576
7;2025-11-06;13;1563
7;2025-11-06;14;1680
7;2025-11-06;15;1765
7;2025-11-06;16;1852
7;2025-11-06;17;2318
7;2025-11-06;18;2618
7;2025-11-06;19;1702
7;2025-11-06;20;1070
7;2025-11-06;21;632
7;2025-11-06;22;324
7;2025-11-06;23;205
7;2025-11-07;0;69
7;2025-11-07;1;0
7;2025-11-07;2;0
7;2025-11-07;3;0
7;2025-11-07;4;0
7;2025-11-07;5;111
7;2025-11-07;6;673
7;2025-11-07;7;1599
7;2025-11-07;8;2435
7;2025-11-07;9;1773
7;2025-11-07;10;1629
7;2025-11-07;11;1527
7;2025-11-07;12;1618
7;2025-11-07;13;1666
7;2025-11-07;14;1688
7;2025-11-07;15;1884
7;2025-11-07;16;2028
7;2025-11-07;17;2262
7;2025-11-07;18;2070
7;2025-11-07;19;1446
7;2025-11-07;20;1040
7;2025-11-07;21;623
7;2025-11-07;22;339
7;2025-11-07;23;239
7;2025-11-08;0;61
7;2025-11-08;1;0
7;2025-11-08;2;0
7;2025-11-08;3;0
7;2025-11-08;4;0
7;2025-11-08;5;29
7;2025-11-08;6;187
7;2025-11-08;7;309
7;2025-11-08;8;463
7;2025-11-08;9;545
7;2025-11-08;10;589
7;2025-11-08;11;701
7;2025-11-08;12;775
7;2025-11-08;13;805
7;2025-11-08;14;824
7;2025-11-08;15;781
7;2025-11-08;16;749
7;2025-11-08;17;716
7;2025-11-08;18;682
7;2025-11-08;19;638
7;2025-11-08;20;478
7;2025-11-08;21;380
7;2025-11-08;22;213
7;2025-11-08;23;138
7;2025-11-09;0;64
7;2025-11-09;1;0
7;2025-11-09;2;0
7;2025-11-09;3;0
7;2025-11-09;4;0
7;2025-11-09;5;22
7;2025-11-09;6;129
7;2025-11-09;7;220
7;2025-11-09;8;333
7;2025-11-09;9;422
7;2025-11-09;10;478
7;2025-11-09;11;605
7;2025-11-09;12;669
7;2025-11-09;13;707
7;2025-11-09;14;736
7;2025-11-09;15;708
7;2025-11-09;16;669
7;2025-11-09;17;682
7;2025-11-09;18;617
7;2025-11-09;19;522
7;2025-11-09;20;417
7;2025-11-09;21;325
7;2025-11-09;22;190
7;2025-11-09;23;113
7;2025-11-10;0;62
7;2025-11-10;1;0
7;2025-11-10;2;0
7;2025-11-10;3;0
7;2025-11-10;4;0
7;2025-11-10;5;115
7;2025-11-10;6;696
7;2025-11-10;7;1655
7;2025-11-10;8;2533
7;2025-11-10;9;1823
7;2025-11-10;10;1591
7;2025-11-10;11;1457
7;2025-11-10;12;1557
7;2025-11-10;13;1558
7;2025-11-10;14;1586
7;2025-11-10;15;1803
7;2025-11-10;16;1878
7;2025-11-10;17;2391
7;2025-11-10;18;2573
7;2025-11-10;19;1781
7;2025-11-10;20;1094
7;2025-11-10;21;608
7;2025-11-10;22;304
7;2025-11-10;23;163
7;2025-11-11;0;56
7;2025-11-11;1;0
7;2025-11-11;2;0
7;2025-11-11;3;0
7;2025-11-11;4;0
7;2025-11-11;5;127
7;2025-11-11;6;730
7;2025-11-11;7;1750
7;2025-11-11;8;2611
7;2025-11-11;9;1921
7;2025-11-11;10;1683
7;2025-11-11;11;1601
7;2025-11-11;12;1664
7;2025-11-11;13;1641
7;2025-11-11;14;1671
7;2025-11-11;15;1874
7;2025-11-11;16;1943
7;2025-11-11;17;2418
7;2025-11-11;18;2691
7;2025-11-11;19;1847
7;2025-11-11;20;1158
7;2025-11-11;21;668
7;2025-11-11;22;337
7;2025-11-11;23;198
7;2025-11-12;0;63
7;2025-11-12;1;0
7;2025-11-12;2;0
7;2025-11-12;3;0
7;2025-11-12;4;0
7;2025-11-12;5;125
7;2025-11-12;6;701
7;2025-11-12;7;1652
7;2025-11-12;8;2580
7;2025-11-12;9;1903
7;2025-11-12;10;1712
7;2025-11-12;11;1568
7;2025-11-12;12;1655
7;2025-11-12;13;1594
7;2025-11-12;14;1664
7;2025-11-12;15;1833
7;2025-11-12;16;1921
7;2025-11-12;17;2457
7;2025-11-12;18;2647
7;2025-11-12;19;1761
7;2025-11-12;20;1130
7;2025-11-12;21;669
7;2025-11-12;22;339
7;2025-11-12;23;199
7;2025-11-13;0;67
7;2025-11-13;1;0
7;2025-11-13;2;0
7;2025-11-13;3;0
7;2025-11-13;4;0
7;2025-11-13;5;127
7;2025-11-13;6;727
7;2025-11-13;7;1725
7;2025-11-13;8;2649
7;2025-11-13;9;1912
7;2025-11-13;10;1671
7;2025-11-13;11;1586
7;2025-11-13;12;1646
7;2025-11-13;13;1633
7;2025-11-13;14;1755
7;2025-11-13;15;1845
7;2025-11-13;16;1936
7;2025-11-13;17;2422
7;2025-11-13;18;2736
7;2025-11-13;19;1787
7;2025-11-13;20;1119
7;2025-11-13;21;660
7;2025-11-13;22;339
7;2025-11-13;23;213
7;2025-11-14;0;72
7;2025-11-14;1;0
7;2025-11-14;2;0
7;2025-11-14;3;0
7;2025-11-14;4;0
7;2025-11-14;5;120
7;2025-11-14;6;696
7;2025-11-14;7;1650
7;2025-11-14;8;2513
7;2025-11-14;9;1831
7;2025-11-14;10;1681
7;2025-11-14;11;1576
7;2025-11-14;12;1670
7;2025-11-14;13;1718
7;2025-11-14;14;1742
7;2025-11-14;15;1944
7;2025-11-14;16;2092
7;2025-11-14;17;2333
7;2025-11-14;18;2135
7;2025-11-14;19;1493
7;2025-11-14;20;1074
7;2025-11-14;21;644
7;2025-11-14;22;351
7;2025-11-14;23;246
7;2025-11-15;0;99
7;2025-11-15;1;0
7;2025-11-15;2;0
7;2025-11-15;3;0
7;2025-11-15;4;0
7;2025-11-15;5;49
7;2025-11-15;6;307
7;2025-11-15;7;515
7;2025-11-15;8;771
7;2025-11-15;9;899
7;2025-11-15;10;955
7;2025-11-15;11;1133
7;2025-11-15;12;1251
7;2025-11-15;13;1299
7;2025-11-15;14;1330
7;2025-11-15;15;1260
7;2025-11-15;16;1214
7;2025-11-15;17;1160
7;2025-11-15;18;1106
7;2025-11-15;19;1040
7;2025-11-15;20;776
7;2025-11-15;21;617
7;2025-11-15;22;348
7;2025-11-15;23;221
7;2025-11-16;0;108
7;2025-11-16;1;0
7;2025-11-16;2;0
7;2025-11-16;3;0
7;2025-11-16;4;0
7;2025-11-16;5;38
7;2025-11-16;6;219
7;2025-11-16;7;373
7;2025-11-16;8;565
7;2025-11-16;9;716
7;2025-11-16;10;812
7;2025-11-16;11;1027
7;2025-11-16;12;1136
7;2025-11-16;13;1200
7;2025-11-16;14;1248
7;2025-11-16;15;1202
7;2025-11-16;16;1138
7;2025-11-16;17;1161
7;2025-11-16;18;1049
7;2025-11-16;19;894
7;2025-11-16;20;710
7;2025-11-16;21;553
7;2025-11-16;22;324
7;2025-11-16;23;192
7;2025-11-17;0;61
7;2025-11-17;1;0
7;2025-11-17;2;0
7;2025-11-17;3;0
7;2025-11-17;4;0
7;2025-11-17;5;115
7;2025-11-17;6;687
7;2025-11-17;7;1645
7;2025-11-17;8;2507
7;2025-11-17;9;1807
7;2025-11-17;10;1569
7;2025-11-17;11;1435
7;2025-11-17;12;1535
7;2025-11-17;13;1536
7;2025-11-17;14;1564
7;2025-11-17;15;1777
7;2025-11-17;16;1852
7;2025-11-17;17;2359
7;2025-11-17;18;2541
7;2025-11-17;19;1762
7;2025-11-17;20;1083
7;2025-11-17;21;602
7;2025-11-17;22;301
7;2025-11-17;23;161
7;2025-11-18;0;54
7;2025-11-18;1;0
7;2025-11-18;2;0
7;2025-11-18;3;0
7;2025-11-18;4;0
7;2025-11-18;5;121
7;2025-11-18;6;705
7;2025-11-18;7;1693
7;2025-11-18;8;2512
7;2025-11-18;9;1861
7;2025-11-18;10;1615
7;2025-11-18;11;1547
7;2025-11-18;12;1610
7;2025-11-18;13;1589
7;2025-11-18;14;1614
7;2025-11-18;15;1801
7;2025-11-18;16;1867
7;2025-11-18;17;2323
7;2025-11-18;18;2585
7;2025-11-18;19;1771
7;2025-11-18;20;1114
7;2025-11-18;21;643
7;2025-11-18;22;325
7;2025-11-18;23;191
7;2025-11-19;0;65
7;2025-11-19;1;0
7;2025-11-19;2;0
7;2025-11-19;3;0
7;2025-11-19;4;0
7;2025-11-19;5;130
7;2025-11-19;6;726
7;2025-11-19;7;1721
7;2025-11-19;8;2674
7;2025-11-19;9;1951
7;2025-11-19;10;1748
7;2025-11-19;11;1601
7;2025-11-19;12;1690
7;2025-11-19;13;1641
7;2025-11-19;14;1719
7;2025-11-19;15;1893
7;2025-11-19;16;1985
7;2025-11-19;17;2538
7;2025-11-19;18;2736
7;2025-11-19;19;1821
7;2025-11-19;20;1167
7;2025-11-19;21;690
7;2025-11-19;22;348
7;2025-11-19;23;202
7;2025-11-20;0;68
7;2025-11-20;1;0
7;2025-11-20;2;0
7;2025-11-20;3;0
7;2025-11-20;4;0
7;2025-11-20;5;132
7;2025-11-20;6;744
7;2025-11-20;7;1769
7;2025-11-20;8;2705
7;2025-11-20;9;1938
7;2025-11-20;10;1682
7;2025-11-20;11;1584
7;2025-11-20;12;1640
7;2025-11-20;13;1640
7;2025-11-20;14;1774
7;2025-11-20;15;1877
7;2025-11-20;16;1969
7;2025-11-20;17;2467
7;2025-11-20;18;2786
7;2025-11-20;19;1822
7;2025-11-20;20;1141
7;2025-11-20;21;671
7;2025-11-20;22;342
7;2025-11-20;23;214
7;2025-11-21;0;73
7;2025-11-21;1;0
7;2025-11-21;2;0
7;2025-11-21;3;0
7;2025-11-21;4;0
7;2025-11-21;5;125
7;2025-11-21;6;709
7;2025-11-21;7;1685
7;2025-11-21;8;2557
7;2025-11-21;9;1849
7;2025-11-21;10;1689
7;2025-11-21;11;1582
7;2025-11-21;12;1677
7;2025-11-21;13;1738
7;2025-11-21;14;1766
7;2025-11-21;15;1973
7;2025-11-21;16;2124
7;2025-11-21;17;2372
7;2025-11-21;18;2173
7;2025-11-21;19;1525
7;2025-11-21;20;1089
7;2025-11-21;21;653
7;2025-11-21;22;355
7;2025-11-21;23;247
7;2025-11-22;0;103
7;2025-11-22;1;0
7;2025-11-22;2;0
7;2025-11-22;3;0
7;2025-11-22;4;0
7;2025-11-22;5;50
7;2025-11-22;6;318
7;2025-11-22;7;530
7;2025-11-22;8;794
7;2025-11-22;9;926
7;2025-11-22;10;992
7;2025-11-22;11;1181
7;2025-11-22;12;1305
7;2025-11-22;13;1359
7;2025-11-22;14;1391
7;2025-11-22;15;1318
7;2025-11-22;16;1266
7;2025-11-22;17;1209
7;2025-11-22;18;1153
7;2025-11-22;19;1082
7;2025-11-22;20;807
7;2025-11-22;21;642
7;2025-11-22;22;362
7;2025-11-22;23;230
7;2025-11-23;0;110
7;2025-11-23;1;0
7;2025-11-23;2;0
7;2025-11-23;3;0
7;2025-11-23;4;0
7;2025-11-23;5;39
7;2025-11-23;6;222
7;2025-11-23;7;380
7;2025-11-23;8;575
7;2025-11-23;9;725
7;2025-11-23;10;822
7;2025-11-23;11;1040
7;2025-11-23;12;1151
7;2025-11-23;13;1220
7;2025-11-23;14;1268
7;2025-11-23;15;1220
7;2025-11-23;16;1155
7;2025-11-23;17;1178
7;2025-11-23;18;1065
7;2025-11-23;19;906
7;2025-11-23;20;719
7;2025-11-23;21;561
7;2025-11-23;22;328
7;2025-11-23;23;195
7;2025-11-24;0;62
7;2025-11-24;1;0
7;2025-11-24;2;0
7;2025-11-24;3;0
7;2025-11-24;4;0
7;2025-11-24;5;117
7;2025-11-24;6;701
7;2025-11-24;7;1666
7;2025-11-24;8;2535
7;2025-11-24;9;1828
7;2025-11-24;10;1574
7;2025-11-24;11;1440
7;2025-11-24;12;1539
7;2025-11-24;13;1551
7;2025-11-24;14;1583
7;2025-11-24;15;1799
7;2025-11-24;16;1874
7;2025-11-24;17;2388
7;2025-11-24;18;2570
7;2025-11-24;19;1777
7;2025-11-24;20;1093
7;2025-11-24;21;608
7;2025-11-24;22;304
7;2025-11-24;23;163
7;2025-11-25;0;58
7;2025-11-25;1;0
7;2025-11-25;2;0
7;2025-11-25;3;0
7;2025-11-25;4;0
7;2025-11-25;5;133
7;2025-11-25;6;756
7;2025-11-25;7;1824
7;2025-11-25;8;2710
7;2025-11-25;9;1983
7;2025-11-25;10;1726
7;2025-11-25;11;1640
7;2025-11-25;12;1704
7;2025-11-25;13;1695
7;2025-11-25;14;1730
7;2025-11-25;15;1941
7;2025-11-25;16;2012
7;2025-11-25;17;2505
7;2025-11-25;18;2788
7;2025-11-25;19;1914
7;2025-11-25;20;1199
7;2025-11-25;21;692
7;2025-11-25;22;349
7;2025-11-25;23;203
7;2025-11-26;0;64
7;2025-11-26;1;0
7;2025-11-26;2;0
7;2025-11-26;3;0
7;2025-11-26;4;0
7;2025-11-26;5;128
7;2025-11-26;6;719
7;2025-11-26;7;1693
7;2025-11-26;8;2632
7;2025-11-26;9;1935
7;2025-11-26;10;1717
7;2025-11-26;11;1572
7;2025-11-26;12;1658
7;2025-11-26;13;1609
7;2025-11-26;14;1685
7;2025-11-26;15;1856
7;2025-11-26;16;1947
7;2025-11-26;17;2490
7;2025-11-26;18;2685
7;2025-11-26;19;1785
7;2025-11-26;20;1143
7;2025-11-26;21;676
7;2025-11-26;22;340
7;2025-11-26;23;198
7;2025-11-27;0;69
7;2025-11-27;1;0
7;2025-11-27;2;0
7;2025-11-27;3;0
7;2025-11-27;4;0
7;2025-11-27;5;131
7;2025-11-27;6;738
7;2025-11-27;7;1758
7;2025-11-27;8;2692
7;2025-11-27;9;1935
7;2025-11-27;10;1671
7;2025-11-27;11;1572
7;2025-11-27;12;1628
7;2025-11-27;13;1627
7;2025-11-27;14;1761
7;2025-11-27;15;1861
7;2025-11-27;16;1953
7;2025-11-27;17;2447
7;2025-11-27;18;2764
7;2025-11-27;19;1801
7;2025-11-27;20;1129
7;2025-11-27;21;667
7;2025-11-27;22;342
7;2025-11-27;23;215
7;2025-11-28;0;74
7;2025-11-28;1;0
7;2025-11-28;2;0
7;2025-11-28;3;0
7;2025-11-28;4;0
7;2025-11-28;5;126
7;2025-11-28;6;714
7;2025-11-28;7;1701
7;2025-11-28;8;2585
7;2025-11-28;9;1868
7;2025-11-28;10;1704
7;2025-11-28;11;1596
7;2025-11-28;12;1692
7;2025-11-28;13;1753
7;2025-11-28;14;1782
7;2025-11-28;15;1991
7;2025-11-28;16;2143
7;2025-11-28;17;2392
7;2025-11-28;18;2191
7;2025-11-28;19;1537
7;2025-11-28;20;1099
7;2025-11-28;21;659
7;2025-11-28;22;358
7;2025-11-28;23;249
7;2025-11-29;0;109
7;2025-11-29;1;0
7;2025-11-29;2;0
7;2025-11-29;3;0
7;2025-11-29;4;0
7;2025-11-29;5;53
7;2025-11-29;6;334
7;2025-11-29;7;552
7;2025-11-29;8;821
7;2025-11-29;9;963
7;2025-11-29;10;1045
7;2025-11-29;11;1245
7;2025-11-29;12;1375
7;2025-11-29;13;1433
7;2025-11-29;14;1467
7;2025-11-29;15;1390
7;2025-11-29;16;1335
7;2025-11-29;17;1275
7;2025-11-29;18;1216
7;2025-11-29;19;1141
7;2025-11-29;20;851
7;2025-11-29;21;675
7;2025-11-29;22;379
7;2025-11-29;23;240
7;2025-11-30;0;112
7;2025-11-30;1;0
7;2025-11-30;2;0
7;2025-11-30;3;0
7;2025-11-30;4;0
7;2025-11-30;5;40
7;2025-11-30;6;227
7;2025-11-30;7;388
7;2025-11-30;8;584
7;2025-11-30;9;738
7;2025-11-30;10;840
7;2025-11-30;11;1062
7;2025-11-30;12;1176
7;2025-11-30;13;1246
7;2025-11-30;14;1297
7;2025-11-30;15;1248
7;2025-11-30;16;1180
7;2025-11-30;17;1204
7;2025-11-30;18;1088
7;2025-11-30;19;924
7;2025-11-30;20;735
7;2025-11-30;21;573
7;2025-11-30;22;335
7;2025-11-30;23;199
7;2025-12-01;0;76
7;2025-12-01;1;0
7;2025-12-01;2;0
7;2025-12-01;3;0
7;2025-12-01;4;0
7;2025-12-01;5;158
7;2025-12-01;6;856
7;2025-12-01;7;1809
7;2025-12-01;8;2663
7;2025-12-01;9;2045
7;2025-12-01;10;1670
7;2025-12-01;11;1487
7;2025-12-01;12;1524
7;2025-12-01;13;1556
7;2025-12-01;14;1623
7;2025-12-01;15;1817
7;2025-12-01;16;2024
7;2025-12-01;17;2561
7;2025-12-01;18;2788
7;2025-12-01;19;1959
7;2025-12-01;20;1162
7;2025-12-01;21;627
7;2025-12-01;22;295
7;2025-12-01;23;172
7;2025-12-02;0;57
7;2025-12-02;1;0
7;2025-12-02;2;0
7;2025-12-02;3;0
7;2025-12-02;4;0
7;2025-12-02;5;158
7;2025-12-02;6;913
7;2025-12-02;7;1876
7;2025-12-02;8;2861
7;2025-12-02;9;2102
7;2025-12-02;10;1787
7;2025-12-02;11;1560
7;2025-12-02;12;1577
7;2025-12-02;13;1661
7;2025-12-02;14;1743
7;2025-12-02;15;1915
7;2025-12-02;16;2049
7;2025-12-02;17;2649
7;2025-12-02;18;2857
7;2025-12-02;19;2011
7;2025-12-02;20;1150
7;2025-12-02;21;703
7;2025-12-02;22;341
7;2025-12-02;23;181
7;2025-12-03;0;64
7;2025-12-03;1;0
7;2025-12-03;2;0
7;2025-12-03;3;0
7;2025-12-03;4;0
7;2025-12-03;5;151
7;2025-12-03;6;859
7;2025-12-03;7;1855
7;2025-12-03;8;2840
7;2025-12-03;9;2151
7;2025-12-03;10;1793
7;2025-12-03;11;1565
7;2025-12-03;12;1586
7;2025-12-03;13;1653
7;2025-12-03;14;1705
7;2025-12-03;15;1916
7;2025-12-03;16;2081
7;2025-12-03;17;2643
7;2025-12-03;18;2817
7;2025-12-03;19;1945
7;2025-12-03;20;1244
7;2025-12-03;21;686
7;2025-12-03;22;344
7;2025-12-03;23;201
7;2025-12-04;0;67
7;2025-12-04;1;0
7;2025-12-04;2;0
7;2025-12-04;3;0
7;2025-12-04;4;0
7;2025-12-04;5;152
7;2025-12-04;6;895
7;2025-12-04;7;1861
7;2025-12-04;8;2780
7;2025-12-04;9;2136
7;2025-12-04;10;1725
7;2025-12-04;11;1552
7;2025-12-04;12;1598
7;2025-12-04;13;1641
7;2025-12-04;14;1741
7;2025-12-04;15;1883
7;2025-12-04;16;2067
7;2025-12-04;17;2580
7;2025-12-04;18;2944
7;2025-12-04;19;1989
7;2025-12-04;20;1169
7;2025-12-04;21;716
7;2025-12-04;22;326
7;2025-12-04;23;193
7;2025-12-05;0;68
7;2025-12-05;1;0
7;2025-12-05;2;0
7;2025-12-05;3;0
7;2025-12-05;4;0
7;2025-12-05;5;152
7;2025-12-05;6;825
7;2025-12-05;7;1813
7;2025-12-05;8;2618
7;2025-12-05;9;2021
7;2025-12-05;10;1690
7;2025-12-05;11;1618
7;2025-12-05;12;1642
7;2025-12-05;13;1785
7;2025-12-05;14;1819
7;2025-12-05;15;1992
7;2025-12-05;16;2318
7;2025-12-05;17;2522
7;2025-12-05;18;2278
7;2025-12-05;19;1739
7;2025-12-05;20;1154
7;2025-12-05;21;680
7;2025-12-05;22;358
7;2025-12-05;23;227
7;2025-12-06;0;98
7;2025-12-06;1;0
7;2025-12-06;2;0
7;2025-12-06;3;0
7;2025-12-06;4;0
7;2025-12-06;5;48
7;2025-12-06;6;318
7;2025-12-06;7;538
7;2025-12-06;8;796
7;2025-12-06;9;979
7;2025-12-06;10;1027
7;2025-12-06;11;1296
7;2025-12-06;12;1468
7;2025-12-06;13;1457
7;2025-12-06;14;1508
7;2025-12-06;15;1409
7;2025-12-06;16;1387
7;2025-12-06;17;1292
7;2025-12-06;18;1209
7;2025-12-06;19;1130
7;2025-12-06;20;838
7;2025-12-06;21;661
7;2025-12-06;22;362
7;2025-12-06;23;246
7;2025-12-07;0;107
7;2025-12-07;1;0
7;2025-12-07;2;0
7;2025-12-07;3;0
7;2025-12-07;4;0
7;2025-12-07;5;34
7;2025-12-07;6;226
7;2025-12-07;7;380
7;2025-12-07;8;583
7;2025-12-07;9;725
7;2025-12-07;10;859
7;2025-12-07;11;1120
7;2025-12-07;12;1239
7;2025-12-07;13;1304
7;2025-12-07;14;1338
7;2025-12-07;15;1294
7;2025-12-07;16;1236
7;2025-12-07;17;1239
7;2025-12-07;18;1074
7;2025-12-07;19;874
7;2025-12-07;20;715
7;2025-12-07;21;551
7;2025-12-07;22;320
7;2025-12-07;23;188
7;2025-12-08;0;77
7;2025-12-08;1;0
7;2025-12-08;2;0
7;2025-12-08;3;0
7;2025-12-08;4;0
7;2025-12-08;5;159
7;2025-12-08;6;861
7;2025-12-08;7;1820
7;2025-12-08;8;2679
7;2025-12-08;9;2057
7;2025-12-08;10;1679
7;2025-12-08;11;1496
7;2025-12-08;12;1533
7;2025-12-08;13;1565
7;2025-12-08;14;1633
7;2025-12-08;15;1828
7;2025-12-08;16;2036
7;2025-12-08;17;2576
7;2025-12-08;18;2804
7;2025-12-08;19;1970
7;2025-12-08;20;1168
7;2025-12-08;21;629
7;2025-12-08;22;298
7;2025-12-08;23;175
7;2025-12-09;0;57
7;2025-12-09;1;0
7;2025-12-09;2;0
7;2025-12-09;3;0
7;2025-12-09;4;0
7;2025-12-09;5;158
7;2025-12-09;6;913
7;2025-12-09;7;1875
7;2025-12-09;8;2858
7;2025-12-09;9;2101
7;2025-12-09;10;1786
7;2025-12-09;11;1558
7;2025-12-09;12;1576
7;2025-12-09;13;1660
7;2025-12-09;14;1740
7;2025-12-09;15;1912
7;2025-12-09;16;2045
7;2025-12-09;17;2645
7;2025-12-09;18;2855
7;2025-12-09;19;2007
7;2025-12-09;20;1146
7;2025-12-09;21;700
7;2025-12-09;22;339
7;2025-12-09;23;184
7;2025-12-10;0;63
7;2025-12-10;1;0
7;2025-12-10;2;0
7;2025-12-10;3;0
7;2025-12-10;4;0
7;2025-12-10;5;149
7;2025-12-10;6;848
7;2025-12-10;7;1832
7;2025-12-10;8;2806
7;2025-12-10;9;2130
7;2025-12-10;10;1772
7;2025-12-10;11;1547
7;2025-12-10;12;1568
7;2025-12-10;13;1632
7;2025-12-10;14;1682
7;2025-12-10;15;1890
7;2025-12-10;16;2053
7;2025-12-10;17;2610
7;2025-12-10;18;2783
7;2025-12-10;19;1920
7;2025-12-10;20;1227
7;2025-12-10;21;676
7;2025-12-10;22;339
7;2025-12-10;23;203
7;2025-12-11;0;66
7;2025-12-11;1;0
7;2025-12-11;2;0
7;2025-12-11;3;0
7;2025-12-11;4;0
7;2025-12-11;5;148
7;2025-12-11;6;870
7;2025-12-11;7;1811
7;2025-12-11;8;2705
7;2025-12-11;9;2085
7;2025-12-11;10;1677
7;2025-12-11;11;1507
7;2025-12-11;12;1552
7;2025-12-11;13;1593
7;2025-12-11;14;1690
7;2025-12-11;15;1827
7;2025-12-11;16;2006
7;2025-12-11;17;2505
7;2025-12-11;18;2858
7;2025-12-11;19;1928
7;2025-12-11;20;1133
7;2025-12-11;21;695
7;2025-12-11;22;318
7;2025-12-11;23;193
7;2025-12-12;0;65
7;2025-12-12;1;0
7;2025-12-12;2;0
7;2025-12-12;3;0
7;2025-12-12;4;0
7;2025-12-12;5;148
7;2025-12-12;6;799
7;2025-12-12;7;1760
7;2025-12-12;8;2540
7;2025-12-12;9;1967
7;2025-12-12;10;1634
7;2025-12-12;11;1562
7;2025-12-12;12;1585
7;2025-12-12;13;1723
7;2025-12-12;14;1756
7;2025-12-12;15;1922
7;2025-12-12;16;2238
7;2025-12-12;17;2434
7;2025-12-12;18;2198
7;2025-12-12;19;1675
7;2025-12-12;20;1112
7;2025-12-12;21;656
7;2025-12-12;22;346
7;2025-12-12;23;225
7;2025-12-13;0;98
7;2025-12-13;1;0
7;2025-12-13;2;0
7;2025-12-13;3;0
7;2025-12-13;4;0
7;2025-12-13;5;47
7;2025-12-13;6;317
7;2025-12-13;7;538
7;2025-12-13;8;795
7;2025-12-13;9;978
7;2025-12-13;10;1025
7;2025-12-13;11;1294
7;2025-12-13;12;1466
7;2025-12-13;13;1454
7;2025-12-13;14;1505
7;2025-12-13;15;1406
7;2025-12-13;16;1385
7;2025-12-13;17;1290
7;2025-12-13;18;1207
7;2025-12-13;19;1128
7;2025-12-13;20;836
7;2025-12-13;21;658
7;2025-12-13;22;359
7;2025-12-13;23;244
7;2025-12-14;0;106
7;2025-12-14;1;0
7;2025-12-14;2;0
7;2025-12-14;3;0
7;2025-12-14;4;0
7;2025-12-14;5;34
7;2025-12-14;6;225
7;2025-12-14;7;379
7;2025-12-14;8;583
7;2025-12-14;9;725
7;2025-12-14;10;857
7;2025-12-14;11;1118
7;2025-12-14;12;1237
7;2025-12-14;13;1302
7;2025-12-14;14;1334
7;2025-12-14;15;1291
7;2025-12-14;16;1234
7;2025-12-14;17;1237
7;2025-12-14;18;1072
7;2025-12-14;19;872
7;2025-12-14;20;713
7;2025-12-14;21;548
7;2025-12-14;22;318
7;2025-12-14;23;188
7;2025-12-15;0;76
7;2025-12-15;1;0
7;2025-12-15;2;0
7;2025-12-15;3;0
7;2025-12-15;4;0
7;2025-12-15;5;159
7;2025-12-15;6;854
7;2025-12-15;7;1803
7;2025-12-15;8;2654
7;2025-12-15;9;2041
7;2025-12-15;10;1664
7;2025-12-15;11;1481
7;2025-12-15;12;1518
7;2025-12-15;13;1550
7;2025-12-15;14;1615
7;2025-12-15;15;1807
7;2025-12-15;16;2015
7;2025-12-15;17;2550
7;2025-12-15;18;2777
7;2025-12-15;19;1952
7;2025-12-15;20;1158
7;2025-12-15;21;621
7;2025-12-15;22;292
7;2025-12-15;23;173
7;2025-12-16;0;56
7;2025-12-16;1;0
7;2025-12-16;2;0
7;2025-12-16;3;0
7;2025-12-16;4;0
7;2025-12-16;5;155
7;2025-12-16;6;891
7;2025-12-16;7;1831
7;2025-12-16;8;2791
7;2025-12-16;9;2057
7;2025-12-16;10;1745
7;2025-12-16;11;1522
7;2025-12-16;12;1539
7;2025-12-16;13;1620
7;2025-12-16;14;1697
7;2025-12-16;15;1865
7;2025-12-16;16;1996
7;2025-12-16;17;2582
7;2025-12-16;18;2788
7;2025-12-16;19;1963
7;2025-12-16;20;1122
7;2025-12-16;21;684
7;2025-12-16;22;331
7;2025-12-16;23;180
7;2025-12-17;0;64
7;2025-12-17;1;0
7;2025-12-17;2;0
7;2025-12-17;3;0
7;2025-12-17;4;0
7;2025-12-17;5;152
7;2025-12-17;6;864
7;2025-12-17;7;1866
7;2025-12-17;8;2859
7;2025-12-17;9;2165
7;2025-12-17;10;1805
7;2025-12-17;11;1576
7;2025-12-17;12;1597
7;2025-12-17;13;1664
7;2025-12-17;14;1716
7;2025-12-17;15;1929
7;2025-12-17;16;2094
7;2025-12-17;17;2660
7;2025-12-17;18;2835
7;2025-12-17;19;1953
7;2025-12-17;20;1248
7;2025-12-17;21;686
7;2025-12-17;22;344
7;2025-12-17;23;204
7;2025-12-18;0;67
7;2025-12-18;1;0
7;2025-12-18;2;0
7;2025-12-18;3;0
7;2025-12-18;4;0
7;2025-12-18;5;154
7;2025-12-18;6;899
7;2025-12-18;7;1867
7;2025-12-18;8;2787
7;2025-12-18;9;2142
7;2025-12-18;10;1731
7;2025-12-18;11;1556
7;2025-12-18;12;1602
7;2025-12-18;13;1646
7;2025-12-18;14;1745
7;2025-12-18;15;1887
7;2025-12-18;16;2072
7;2025-12-18;17;2587
7;2025-12-18;18;2951
7;2025-12-18;19;1992
7;2025-12-18;20;1168
7;2025-12-18;21;714
7;2025-12-18;22;325
7;2025-12-18;23;196
7;2025-12-19;0;67
7;2025-12-19;1;0
7;2025-12-19;2;0
7;2025-12-19;3;0
7;2025-12-19;4;0
7;2025-12-19;5;154
7;2025-12-19;6;831
7;2025-12-19;7;1825
7;2025-12-19;8;2633
7;2025-12-19;9;2032
7;2025-12-19;10;1699
7;2025-12-19;11;1627
7;2025-12-19;12;1651
7;2025-12-19;13;1795
7;2025-12-19;14;1827
7;2025-12-19;15;2002
7;2025-12-19;16;2332
7;2025-12-19;17;2536
7;2025-12-19;18;2291
7;2025-12-19;19;1747
7;2025-12-19;20;1157
7;2025-12-19;21;681
7;2025-12-19;22;357
7;2025-12-19;23;231
7;2025-12-20;0;98
7;2025-12-20;1;0
7;2025-12-20;2;0
7;2025-12-20;3;0
7;2025-12-20;4;0
7;2025-12-20;5;48
7;2025-12-20;6;319
7;2025-12-20;7;541
7;2025-12-20;8;799
7;2025-12-20;9;984
7;2025-12-20;10;1032
7;2025-12-20;11;1302
7;2025-12-20;12;1474
7;2025-12-20;13;1463
7;2025-12-20;14;1513
7;2025-12-20;15;1413
7;2025-12-20;16;1392
7;2025-12-20;17;1297
7;2025-12-20;18;1214
7;2025-12-20;19;1136
7;2025-12-20;20;841
7;2025-12-20;21;662
7;2025-12-20;22;361
7;2025-12-20;23;247
7;2025-12-21;0;106
7;2025-12-21;1;0
7;2025-12-21;2;0
7;2025-12-21;3;0
7;2025-12-21;4;0
7;2025-12-21;5;34
7;2025-12-21;6;224
7;2025-12-21;7;379
7;2025-12-21;8;582
7;2025-12-21;9;724
7;2025-12-21;10;856
7;2025-12-21;11;1115
7;2025-12-21;12;1234
7;2025-12-21;13;1299
7;2025-12-21;14;1333
7;2025-12-21;15;1289
7;2025-12-21;16;1230
7;2025-12-21;17;1234
7;2025-12-21;18;1069
7;2025-12-21;19;869
7;2025-12-21;20;710
7;2025-12-21;21;548
7;2025-12-21;22;318
7;2025-12-21;23;188
7;2025-12-22;0;75
7;2025-12-22;1;0
7;2025-12-22;2;0
7;2025-12-22;3;0
7;2025-12-22;4;0
7;2025-12-22;5;157
7;2025-12-22;6;846
7;2025-12-22;7;1788
7;2025-12-22;8;2631
7;2025-12-22;9;2025
7;2025-12-22;10;1651
7;2025-12-22;11;1470
7;2025-12-22;12;1506
7;2025-12-22;13;1537
7;2025-12-22;14;1601
7;2025-12-22;15;1791
7;2025-12-22;16;1996
7;2025-12-22;17;2526
7;2025-12-22;18;2753
7;2025-12-22;19;1935
7;2025-12-22;20;1147
7;2025-12-22;21;617
7;2025-12-22;22;291
7;2025-12-22;23;173
7;2025-12-23;0;58
7;2025-12-23;1;0
7;2025-12-23;2;0
7;2025-12-23;3;0
7;2025-12-23;4;0
7;2025-12-23;5;160
7;2025-12-23;6;921
7;2025-12-23;7;1891
7;2025-12-23;8;2884
7;2025-12-23;9;2120
7;2025-12-23;10;1800
7;2025-12-23;11;1572
7;2025-12-23;12;1589
7;2025-12-23;13;1675
7;2025-12-23;14;1757
7;2025-12-23;15;1930
7;2025-12-23;16;2065
7;2025-12-23;17;2669
7;2025-12-23;18;2880
7;2025-12-23;19;2026
7;2025-12-23;20;1157
7;2025-12-23;21;704
7;2025-12-23;22;340
7;2025-12-23;23;183
7;2025-12-24;0;64
7;2025-12-24;1;0
7;2025-12-24;2;0
7;2025-12-24;3;0
7;2025-12-24;4;0
7;2025-12-24;5;153
7;2025-12-24;6;865
7;2025-12-24;7;1867
7;2025-12-24;8;2859
7;2025-12-24;9;2169
7;2025-12-24;10;1805
7;2025-12-24;11;1574
7;2025-12-24;12;1596
7;2025-12-24;13;1663
7;2025-12-24;14;1713
7;2025-12-24;15;1925
7;2025-12-24;16;2092
7;2025-12-24;17;2658
7;2025-12-24;18;2835
7;2025-12-24;19;1957
7;2025-12-24;20;1251
7;2025-12-24;21;688
7;2025-12-24;22;345
7;2025-12-24;23;205
7;2025-12-25;0;66
7;2025-12-25;1;0
7;2025-12-25;2;0
7;2025-12-25;3;0
7;2025-12-25;4;0
7;2025-12-25;5;149
7;2025-12-25;6;879
7;2025-12-25;7;1827
7;2025-12-25;8;2724
7;2025-12-25;9;2103
7;2025-12-25;10;1691
7;2025-12-25;11;1519
7;2025-12-25;12;1565
7;2025-12-25;13;1606
7;2025-12-25;14;1701
7;2025-12-25;15;1837
7;2025-12-25;16;2018
7;2025-12-25;17;2521
7;2025-12-25;18;2880
7;2025-12-25;19;1948
7;2025-12-25;20;1143
7;2025-12-25;21;700
7;2025-12-25;22;319
7;2025-12-25;23;194
7;2025-12-26;0;65
7;2025-12-26;1;0
7;2025-12-26;2;0
7;2025-12-26;3;0
7;2025-12-26;4;0
7;2025-12-26;5;146
7;2025-12-26;6;810
7;2025-12-26;7;1759
7;2025-12-26;8;2541
7;2025-12-26;9;1970
7;2025-12-26;10;1621
7;2025-12-26;11;1552
7;2025-12-26;12;1577
7;2025-12-26;13;1719
7;2025-12-26;14;1764
7;2025-12-26;15;1931
7;2025-12-26;16;2248
7;2025-12-26;17;2446
7;2025-12-26;18;2233
7;2025-12-26;19;1709
7;2025-12-26;20;1128
7;2025-12-26;21;694
7;2025-12-26;22;357
7;2025-12-26;23;232
7;2025-12-27;0;99
7;2025-12-27;1;0
7;2025-12-27;2;0
7;2025-12-27;3;0
7;2025-12-27;4;0
7;2025-12-27;5;46
7;2025-12-27;6;320
7;2025-12-27;7;534
7;2025-12-27;8;793
7;2025-12-27;9;970
7;2025-12-27;10;1017
7;2025-12-27;11;1273
7;2025-12-27;12;1449
7;2025-12-27;13;1463
7;2025-12-27;14;1523
7;2025-12-27;15;1424
7;2025-12-27;16;1402
7;2025-12-27;17;1306
7;2025-12-27;18;1238
7;2025-12-27;19;1160
7;2025-12-27;20;856
7;2025-12-27;21;696
7;2025-12-27;22;379
7;2025-12-27;23;257
7;2025-12-28;0;105
7;2025-12-28;1;0
7;2025-12-28;2;0
7;2025-12-28;3;0
7;2025-12-28;4;0
7;2025-12-28;5;33
7;2025-12-28;6;223
7;2025-12-28;7;368
7;2025-12-28;8;570
7;2025-12-28;9;699
7;2025-12-28;10;830
7;2025-12-28;11;1074
7;2025-12-28;12;1191
7;2025-12-28;13;1277
7;2025-12-28;14;1317
7;2025-12-28;15;1274
7;2025-12-28;16;1219
7;2025-12-28;17;1222
7;2025-12-28;18;1072
7;2025-12-28;19;876
7;2025-12-28;20;713
7;2025-12-28;21;568
7;2025-12-28;22;327
7;2025-12-28;23;194
7;2025-12-29;0;76
7;2025-12-29;1;0
7;2025-12-29;2;0
7;2025-12-29;3;0
7;2025-12-29;4;0
7;2025-12-29;5;156
7;2025-12-29;6;849
7;2025-12-29;7;1770
7;2025-12-29;8;2618
7;2025-12-29;9;2013
7;2025-12-29;10;1637
7;2025-12-29;11;1457
7;2025-12-29;12;1496
7;2025-12-29;13;1530
7;2025-12-29;14;1607
7;2025-12-29;15;1797
7;2025-12-29;16;2004
7;2025-12-29;17;2537
7;2025-12-29;18;2765
7;2025-12-29;19;1946
7;2025-12-29;20;1166
7;2025-12-29;21;650
7;2025-12-29;22;295
7;2025-12-29;23;175
7;2025-12-30;0;57
7;2025-12-30;1;0
7;2025-12-30;2;0
7;2025-12-30;3;0
7;2025-12-30;4;0
7;2025-12-30;5;146
7;2025-12-30;6;891
7;2025-12-30;7;1818
7;2025-12-30;8;2786
7;2025-12-30;9;2051
7;2025-12-30;10;1733
7;2025-12-30;11;1511
7;2025-12-30;12;1531
7;2025-12-30;13;1623
7;2025-12-30;14;1716
7;2025-12-30;15;1890
7;2025-12-30;16;2022
7;2025-12-30;17;2615
7;2025-12-30;18;2823
7;2025-12-30;19;1991
7;2025-12-30;20;1147
7;2025-12-30;21;723
7;2025-12-30;22;338
7;2025-12-30;23;183
7;2025-12-31;0;91
7;2025-12-31;1;0
7;2025-12-31;2;0
7;2025-12-31;3;0
7;2025-12-31;4;0
7;2025-12-31;5;31
7;2025-12-31;6;229
7;2025-12-31;7;383
7;2025-12-31;8;572
7;2025-12-31;9;714
7;2025-12-31;10;791
7;2025-12-31;11;1015
7;2025-12-31;12;1169
7;2025-12-31;13;1222
7;2025-12-31;14;1273
7;2025-12-31;15;1215
7;2025-12-31;16;1181
7;2025-12-31;17;1154
7;2025-12-31;18;1045
7;2025-12-31;19;915
7;2025-12-31;20;718
7;2025-12-31;21;581
7;2025-12-31;22;336
7;2025-12-31;23;209
11;2025-11-01;0;52
11;2025-11-01;1;0
11;2025-11-01;2;0
11;2025-11-01;3;0
11;2025-11-01;4;0
11;2025-11-01;5;174
11;2025-11-01;6;943
11;2025-11-01;7;1733
11;2025-11-01;8;2251
11;2025-11-01;9;1696
11;2025-11-01;10;1397
11;2025-11-01;11;1376
11;2025-11-01;12;1377
11;2025-11-01;13;1396
11;2025-11-01;14;1465
11;2025-11-01;15;1614
11;2025-11-01;16;1823
11;2025-11-01;17;2108
11;2025-11-01;18;1817
11;2025-11-01;19;1474
11;2025-11-01;20;1032
11;2025-11-01;21;626
11;2025-11-01;22;315
11;2025-11-01;23;229
11;2025-11-02;0;111
11;2025-11-02;1;0
11;2025-11-02;2;0
11;2025-11-02;3;0
11;2025-11-02;4;0
11;2025-11-02;5;109
11;2025-11-02;6;561
11;2025-11-02;7;527
11;2025-11-02;8;732
11;2025-11-02;9;972
11;2025-11-02;10;1104
11;2025-11-02;11;1500
11;2025-11-02;12;1653
11;2025-11-02;13;1674
11;2025-11-02;14;1714
11;2025-11-02;15;1719
11;2025-11-02;16;1672
11;2025-11-02;17;1754
11;2025-11-02;18;1440
11;2025-11-02;19;1208
11;2025-11-02;20;914
11;2025-11-02;21;648
11;2025-11-02;22;392
11;2025-11-02;23;256
11;2025-11-03;0;96
11;2025-11-03;1;0
11;2025-11-03;2;0
11;2025-11-03;3;0
11;2025-11-03;4;0
11;2025-11-03;5;122
11;2025-11-03;6;600
11;2025-11-03;7;558
11;2025-11-03;8;754
11;2025-11-03;9;931
11;2025-11-03;10;1053
11;2025-11-03;11;1366
11;2025-11-03;12;1564
11;2025-11-03;13;1574
11;2025-11-03;14;1615
11;2025-11-03;15;1579
11;2025-11-03;16;1553
11;2025-11-03;17;1606
11;2025-11-03;18;1354
11;2025-11-03;19;1205
11;2025-11-03;20;893
11;2025-11-03;21;644
11;2025-11-03;22;399
11;2025-11-03;23;252
11;2025-11-04;0;95
11;2025-11-04;1;0
11;2025-11-04;2;0
11;2025-11-04;3;0
11;2025-11-04;4;0
11;2025-11-04;5;121
11;2025-11-04;6;595
11;2025-11-04;7;553
11;2025-11-04;8;753
11;2025-11-04;9;922
11;2025-11-04;10;1042
11;2025-11-04;11;1352
11;2025-11-04;12;1548
11;2025-11-04;13;1558
11;2025-11-04;14;1598
11;2025-11-04;15;1563
11;2025-11-04;16;1537
11;2025-11-04;17;1589
11;2025-11-04;18;1340
11;2025-11-04;19;1192
11;2025-11-04;20;883
11;2025-11-04;21;637
11;2025-11-04;22;395
11;2025-11-04;23;247
11;2025-11-05;0;63
11;2025-11-05;1;0
11;2025-11-05;2;0
11;2025-11-05;3;0
11;2025-11-05;4;0
11;2025-11-05;5;250
11;2025-11-05;6;1292
11;2025-11-05;7;2453
11;2025-11-05;8;3172
11;2025-11-05;9;2375
11;2025-11-05;10;1923
11;2025-11-05;11;1971
11;2025-11-05;12;1951
11;2025-11-05;13;2034
11;2025-11-05;14;2033
11;2025-11-05;15;2034
11;2025-11-05;16;2194
11;2025-11-05;17;2811
11;2025-11-05;18;3092
11;2025-11-05;19;2284
11;2025-11-05;20;1472
11;2025-11-05;21;853
11;2025-11-05;22;422
11;2025-11-05;23;237
11;2025-11-06;0;63
11;2025-11-06;1;0
11;2025-11-06;2;0
11;2025-11-06;3;0
11;2025-11-06;4;0
11;2025-11-06;5;231
11;2025-11-06;6;1293
11;2025-11-06;7;2340
11;2025-11-06;8;3001
11;2025-11-06;9;2313
11;2025-11-06;10;1988
11;2025-11-06;11;1871
11;2025-11-06;12;1968
11;2025-11-06;13;1965
11;2025-11-06;14;1959
11;2025-11-06;15;1967
11;2025-11-06;16;2216
11;2025-11-06;17;2729
11;2025-11-06;18;3065
11;2025-11-06;19;2240
11;2025-11-06;20;1446
11;2025-11-06;21;858
11;2025-11-06;22;431
11;2025-11-06;23;243
11;2025-11-07;0;69
11;2025-11-07;1;0
11;2025-11-07;2;0
11;2025-11-07;3;0
11;2025-11-07;4;0
11;2025-11-07;5;238
11;2025-11-07;6;1284
11;2025-11-07;7;2328
11;2025-11-07;8;3021
11;2025-11-07;9;2276
11;2025-11-07;10;1879
11;2025-11-07;11;1850
11;2025-11-07;12;1852
11;2025-11-07;13;1877
11;2025-11-07;14;1970
11;2025-11-07;15;2165
11;2025-11-07;16;2445
11;2025-11-07;17;2827
11;2025-11-07;18;2436
11;2025-11-07;19;1967
11;2025-11-07;20;1387
11;2025-11-07;21;842
11;2025-11-07;22;432
11;2025-11-07;23;311
11;2025-11-08;0;101
11;2025-11-08;1;0
11;2025-11-08;2;0
11;2025-11-08;3;0
11;2025-11-08;4;0
11;2025-11-08;5;166
11;2025-11-08;6;815
11;2025-11-08;7;731
11;2025-11-08;8;1011
11;2025-11-08;9;1157
11;2025-11-08;10;1295
11;2025-11-08;11;1616
11;2025-11-08;12;1830
11;2025-11-08;13;1811
11;2025-11-08;14;1850
11;2025-11-08;15;1769
11;2025-11-08;16;1759
11;2025-11-08;17;1777
11;2025-11-08;18;1554
11;2025-11-08;19;1476
11;2025-11-08;20;1024
11;2025-11-08;21;732
11;2025-11-08;22;438
11;2025-11-08;23;291
11;2025-11-09;0;110
11;2025-11-09;1;0
11;2025-11-09;2;0
11;2025-11-09;3;0
11;2025-11-09;4;0
11;2025-11-09;5;109
11;2025-11-09;6;552
11;2025-11-09;7;525
11;2025-11-09;8;729
11;2025-11-09;9;968
11;2025-11-09;10;1099
11;2025-11-09;11;1492
11;2025-11-09;12;1644
11;2025-11-09;13;1665
11;2025-11-09;14;1705
11;2025-11-09;15;1706
11;2025-11-09;16;1659
11;2025-11-09;17;1740
11;2025-11-09;18;1428
11;2025-11-09;19;1194
11;2025-11-09;20;908
11;2025-11-09;21;645
11;2025-11-09;22;395
11;2025-11-09;23;254
11;2025-11-10;0;72
11;2025-11-10;1;0
11;2025-11-10;2;0
11;2025-11-10;3;0
11;2025-11-10;4;0
11;2025-11-10;5;246
11;2025-11-10;6;1307
11;2025-11-10;7;2353
11;2025-11-10;8;3045
11;2025-11-10;9;2351
11;2025-11-10;10;1852
11;2025-11-10;11;1855
11;2025-11-10;12;1800
11;2025-11-10;13;1844
11;2025-11-10;14;1846
11;2025-11-10;15;2000
11;2025-11-10;16;2215
11;2025-11-10;17;2762
11;2025-11-10;18;3065
11;2025-11-10;19;2286
11;2025-11-10;20;1388
11;2025-11-10;21;826
11;2025-11-10;22;395
11;2025-11-10;23;213
11;2025-11-11;0;58
11;2025-11-11;1;0
11;2025-11-11;2;0
11;2025-11-11;3;0
11;2025-11-11;4;0
11;2025-11-11;5;240
11;2025-11-11;6;1354
11;2025-11-11;7;2500
11;2025-11-11;8;3291
11;2025-11-11;9;2445
11;2025-11-11;10;1965
11;2025-11-11;11;1898
11;2025-11-11;12;1885
11;2025-11-11;13;1951
11;2025-11-11;14;1963
11;2025-11-11;15;2024
11;2025-11-11;16;2247
11;2025-11-11;17;2859
11;2025-11-11;18;3087
11;2025-11-11;19;2338
11;2025-11-11;20;1481
11;2025-11-11;21;851
11;2025-11-11;22;419
11;2025-11-11;23;221
11;2025-11-12;0;63
11;2025-11-12;1;0
11;2025-11-12;2;0
11;2025-11-12;3;0
11;2025-11-12;4;0
11;2025-11-12;5;249
11;2025-11-12;6;1256
11;2025-11-12;7;2411
11;2025-11-12;8;3117
11;2025-11-12;9;2335
11;2025-11-12;10;1888
11;2025-11-12;11;1933
11;2025-11-12;12;1915
11;2025-11-12;13;1994
11;2025-11-12;14;1994
11;2025-11-12;15;1997
11;2025-11-12;16;2156
11;2025-11-12;17;2765
11;2025-11-12;18;3043
11;2025-11-12;19;2254
11;2025-11-12;20;1448
11;2025-11-12;21;840
11;2025-11-12;22;416
11;2025-11-12;23;233
11;2025-11-13;0;65
11;2025-11-13;1;0
11;2025-11-13;2;0
11;2025-11-13;3;0
11;2025-11-13;4;0
11;2025-11-13;5;240
11;2025-11-13;6;1308
11;2025-11-13;7;2390
11;2025-11-13;8;3067
11;2025-11-13;9;2363
11;2025-11-13;10;2029
11;2025-11-13;11;1910
11;2025-11-13;12;2008
11;2025-11-13;13;2006
11;2025-11-13;14;2002
11;2025-11-13;15;2010
11;2025-11-13;16;2264
11;2025-11-13;17;2788
11;2025-11-13;18;3134
11;2025-11-13;19;2296
11;2025-11-13;20;1476
11;2025-11-13;21;875
11;2025-11-13;22;439
11;2025-11-13;23;247
11;2025-11-14;0;70
11;2025-11-14;1;0
11;2025-11-14;2;0
11;2025-11-14;3;0
11;2025-11-14;4;0
11;2025-11-14;5;243
11;2025-11-14;6;1297
11;2025-11-14;7;2347
11;2025-11-14;8;3047
11;2025-11-14;9;2296
11;2025-11-14;10;1894
11;2025-11-14;11;1865
11;2025-11-14;12;1866
11;2025-11-14;13;1891
11;2025-11-14;14;1985
11;2025-11-14;15;2182
11;2025-11-14;16;2464
11;2025-11-14;17;2849
11;2025-11-14;18;2455
11;2025-11-14;19;1982
11;2025-11-14;20;1397
11;2025-11-14;21;848
11;2025-11-14;22;435
11;2025-11-14;23;310
11;2025-11-15;0;97
11;2025-11-15;1;0
11;2025-11-15;2;0
11;2025-11-15;3;0
11;2025-11-15;4;0
11;2025-11-15;5;158
11;2025-11-15;6;771
11;2025-11-15;7;715
11;2025-11-15;8;994
11;2025-11-15;9;1127
11;2025-11-15;10;1236
11;2025-11-15;11;1536
11;2025-11-15;12;1740
11;2025-11-15;13;1722
11;2025-11-15;14;1760
11;2025-11-15;15;1682
11;2025-11-15;16;1679
11;2025-11-15;17;1696
11;2025-11-15;18;1484
11;2025-11-15;19;1417
11;2025-11-15;20;977
11;2025-11-15;21;700
11;2025-11-15;22;420
11;2025-11-15;23;276
11;2025-11-16;0;111
11;2025-11-16;1;0
11;2025-11-16;2;0
11;2025-11-16;3;0
11;2025-11-16;4;0
11;2025-11-16;5;109
11;2025-11-16;6;560
11;2025-11-16;7;526
11;2025-11-16;8;731
11;2025-11-16;9;970
11;2025-11-16;10;1102
11;2025-11-16;11;1497
11;2025-11-16;12;1650
11;2025-11-16;13;1672
11;2025-11-16;14;1709
11;2025-11-16;15;1714
11;2025-11-16;16;1668
11;2025-11-16;17;1750
11;2025-11-16;18;1438
11;2025-11-16;19;1210
11;2025-11-16;20;915
11;2025-11-16;21;647
11;2025-11-16;22;397
11;2025-11-16;23;255
11;2025-11-17;0;70
11;2025-11-17;1;0
11;2025-11-17;2;0
11;2025-11-17;3;0
11;2025-11-17;4;0
11;2025-11-17;5;240
11;2025-11-17;6;1278
11;2025-11-17;7;2311
11;2025-11-17;8;2980
11;2025-11-17;9;2299
11;2025-11-17;10;1772
11;2025-11-17;11;1774
11;2025-11-17;12;1735
11;2025-11-17;13;1798
11;2025-11-17;14;1801
11;2025-11-17;15;1949
11;2025-11-17;16;2160
11;2025-11-17;17;2695
11;2025-11-17;18;2993
11;2025-11-17;19;2234
11;2025-11-17;20;1356
11;2025-11-17;21;807
11;2025-11-17;22;386
11;2025-11-17;23;208
11;2025-11-18;0;55
11;2025-11-18;1;0
11;2025-11-18;2;0
11;2025-11-18;3;0
11;2025-11-18;4;0
11;2025-11-18;5;229
11;2025-11-18;6;1307
11;2025-11-18;7;2391
11;2025-11-18;8;3132
11;2025-11-18;9;2337
11;2025-11-18;10;1831
11;2025-11-18;11;1765
11;2025-11-18;12;1765
11;2025-11-18;13;1850
11;2025-11-18;14;1864
11;2025-11-18;15;1924
11;2025-11-18;16;2137
11;2025-11-18;17;2718
11;2025-11-18;18;2929
11;2025-11-18;19;2217
11;2025-11-18;20;1409
11;2025-11-18;21;809
11;2025-11-18;22;400
11;2025-11-18;23;211
11;2025-11-19;0;64
11;2025-11-19;1;0
11;2025-11-19;2;0
11;2025-11-19;3;0
11;2025-11-19;4;0
11;2025-11-19;5;255
11;2025-11-19;6;1285
11;2025-11-19;7;2476
11;2025-11-19;8;3192
11;2025-11-19;9;2376
11;2025-11-19;10;1862
11;2025-11-19;11;1910
11;2025-11-19;12;1910
11;2025-11-19;13;2032
11;2025-11-19;14;2036
11;2025-11-19;15;2039
11;2025-11-19;16;2202
11;2025-11-19;17;2822
11;2025-11-19;18;3109
11;2025-11-19;19;2302
11;2025-11-19;20;1476
11;2025-11-19;21;855
11;2025-11-19;22;421
11;2025-11-19;23;236
11;2025-11-20;0;65
11;2025-11-20;1;0
11;2025-11-20;2;0
11;2025-11-20;3;0
11;2025-11-20;4;0
11;2025-11-20;5;242
11;2025-11-20;6;1315
11;2025-11-20;7;2413
11;2025-11-20;8;3086
11;2025-11-20;9;2365
11;2025-11-20;10;1972
11;2025-11-20;11;1854
11;2025-11-20;12;1970
11;2025-11-20;13;2009
11;2025-11-20;14;2007
11;2025-11-20;15;2016
11;2025-11-20;16;2271
11;2025-11-20;17;2799
11;2025-11-20;18;3148
11;2025-11-20;19;2309
11;2025-11-20;20;1484
11;2025-11-20;21;877
11;2025-11-20;22;438
11;2025-11-20;23;246
11;2025-11-21;0;70
11;2025-11-21;1;0
11;2025-11-21;2;0
11;2025-11-21;3;0
11;2025-11-21;4;0
11;2025-11-21;5;243
11;2025-11-21;6;1287
11;2025-11-21;7;2365
11;2025-11-21;8;3061
11;2025-11-21;9;2294
11;2025-11-21;10;1837
11;2025-11-21;11;1809
11;2025-11-21;12;1828
11;2025-11-21;13;1890
11;2025-11-21;14;1987
11;2025-11-21;15;2194
11;2025-11-21;16;2473
11;2025-11-21;17;2860
11;2025-11-21;18;2469
11;2025-11-21;19;2000
11;2025-11-21;20;1400
11;2025-11-21;21;851
11;2025-11-21;22;435
11;2025-11-21;23;308
11;2025-11-22;0;100
11;2025-11-22;1;0
11;2025-11-22;2;0
11;2025-11-22;3;0
11;2025-11-22;4;0
11;2025-11-22;5;161
11;2025-11-22;6;786
11;2025-11-22;7;722
11;2025-11-22;8;1005
11;2025-11-22;9;1138
11;2025-11-22;10;1260
11;2025-11-22;11;1573
11;2025-11-22;12;1781
11;2025-11-22;13;1768
11;2025-11-22;14;1806
11;2025-11-22;15;1727
11;2025-11-22;16;1718
11;2025-11-22;17;1736
11;2025-11-22;18;1518
11;2025-11-22;19;1448
11;2025-11-22;20;1000
11;2025-11-22;21;715
11;2025-11-22;22;429
11;2025-11-22;23;282
11;2025-11-23;0;110
11;2025-11-23;1;0
11;2025-11-23;2;0
11;2025-11-23;3;0
11;2025-11-23;4;0
11;2025-11-23;5;108
11;2025-11-23;6;556
11;2025-11-23;7;524
11;2025-11-23;8;727
11;2025-11-23;9;961
11;2025-11-23;10;1091
11;2025-11-23;11;1483
11;2025-11-23;12;1635
11;2025-11-23;13;1660
11;2025-11-23;14;1699
11;2025-11-23;15;1703
11;2025-11-23;16;1657
11;2025-11-23;17;1738
11;2025-11-23;18;1427
11;2025-11-23;19;1198
11;2025-11-23;20;906
11;2025-11-23;21;643
11;2025-11-23;22;394
11;2025-11-23;23;255
11;2025-11-24;0;70
11;2025-11-24;1;0
11;2025-11-24;2;0
11;2025-11-24;3;0
11;2025-11-24;4;0
11;2025-11-24;5;237
11;2025-11-24;6;1268
11;2025-11-24;7;2280
11;2025-11-24;8;2934
11;2025-11-24;9;2268
11;2025-11-24;10;1730
11;2025-11-24;11;1730
11;2025-11-24;12;1697
11;2025-11-24;13;1772
11;2025-11-24;14;1777
11;2025-11-24;15;1927
11;2025-11-24;16;2130
11;2025-11-24;17;2658
11;2025-11-24;18;2949
11;2025-11-24;19;2197
11;2025-11-24;20;1334
11;2025-11-24;21;793
11;2025-11-24;22;379
11;2025-11-24;23;205
11;2025-11-25;0;58
11;2025-11-25;1;0
11;2025-11-25;2;0
11;2025-11-25;3;0
11;2025-11-25;4;0
11;2025-11-25;5;240
11;2025-11-25;6;1353
11;2025-11-25;7;2509
11;2025-11-25;8;3293
11;2025-11-25;9;2437
11;2025-11-25;10;1901
11;2025-11-25;11;1833
11;2025-11-25;12;1839
11;2025-11-25;13;1945
11;2025-11-25;14;1961
11;2025-11-25;15;2026
11;2025-11-25;16;2245
11;2025-11-25;17;2855
11;2025-11-25;18;3083
11;2025-11-25;19;2336
11;2025-11-25;20;1480
11;2025-11-25;21;850
11;2025-11-25;22;419
11;2025-11-25;23;219
11;2025-11-26;0;61
11;2025-11-26;1;0
11;2025-11-26;2;0
11;2025-11-26;3;0
11;2025-11-26;4;0
11;2025-11-26;5;243
11;2025-11-26;6;1233
11;2025-11-26;7;2367
11;2025-11-26;8;3056
11;2025-11-26;9;2285
11;2025-11-26;10;1778
11;2025-11-26;11;1822
11;2025-11-26;12;1822
11;2025-11-26;13;1938
11;2025-11-26;14;1941
11;2025-11-26;15;1949
11;2025-11-26;16;2100
11;2025-11-26;17;2694
11;2025-11-26;18;2968
11;2025-11-26;19;2195
11;2025-11-26;20;1407
11;2025-11-26;21;815
11;2025-11-26;22;402
11;2025-11-26;23;224
11;2025-11-27;0;64
11;2025-11-27;1;0
11;2025-11-27;2;0
11;2025-11-27;3;0
11;2025-11-27;4;0
11;2025-11-27;5;234
11;2025-11-27;6;1273
11;2025-11-27;7;2340
11;2025-11-27;8;2996
11;2025-11-27;9;2297
11;2025-11-27;10;1910
11;2025-11-27;11;1794
11;2025-11-27;12;1908
11;2025-11-27;13;1944
11;2025-11-27;14;1943
11;2025-11-27;15;1955
11;2025-11-27;16;2197
11;2025-11-27;17;2709
11;2025-11-27;18;3047
11;2025-11-27;19;2227
11;2025-11-27;20;1432
11;2025-11-27;21;850
11;2025-11-27;22;426
11;2025-11-27;23;239
11;2025-11-28;0;70
11;2025-11-28;1;0
11;2025-11-28;2;0
11;2025-11-28;3;0
11;2025-11-28;4;0
11;2025-11-28;5;240
11;2025-11-28;6;1268
11;2025-11-28;7;2333
11;2025-11-28;8;3026
11;2025-11-28;9;2266
11;2025-11-28;10;1812
11;2025-11-28;11;1784
11;2025-11-28;12;1803
11;2025-11-28;13;1864
11;2025-11-28;14;1960
11;2025-11-28;15;2164
11;2025-11-28;16;2438
11;2025-11-28;17;2820
11;2025-11-28;18;2434
11;2025-11-28;19;1970
11;2025-11-28;20;1381
11;2025-11-28;21;839
11;2025-11-28;22;430
11;2025-11-28;23;304
11;2025-11-29;0;103
11;2025-11-29;1;0
11;2025-11-29;2;0
11;2025-11-29;3;0
11;2025-11-29;4;0
11;2025-11-29;5;168
11;2025-11-29;6;816
11;2025-11-29;7;742
11;2025-11-29;8;1021
11;2025-11-29;9;1163
11;2025-11-29;10;1307
11;2025-11-29;11;1632
11;2025-11-29;12;1847
11;2025-11-29;13;1834
11;2025-11-29;14;1874
11;2025-11-29;15;1792
11;2025-11-29;16;1783
11;2025-11-29;17;1801
11;2025-11-29;18;1576
11;2025-11-29;19;1503
11;2025-11-29;20;1036
11;2025-11-29;21;740
11;2025-11-29;22;443
11;2025-11-29;23;291
11;2025-11-30;0;111
11;2025-11-30;1;0
11;2025-11-30;2;0
11;2025-11-30;3;0
11;2025-11-30;4;0
11;2025-11-30;5;109
11;2025-11-30;6;561
11;2025-11-30;7;528
11;2025-11-30;8;730
11;2025-11-30;9;966
11;2025-11-30;10;1099
11;2025-11-30;11;1495
11;2025-11-30;12;1647
11;2025-11-30;13;1673
11;2025-11-30;14;1713
11;2025-11-30;15;1717
11;2025-11-30;16;1670
11;2025-11-30;17;1752
11;2025-11-30;18;1438
11;2025-11-30;19;1205
11;2025-11-30;20;913
11;2025-11-30;21;648
11;2025-11-30;22;397
11;2025-11-30;23;256
11;2025-12-01;0;77
11;2025-12-01;1;0
11;2025-12-01;2;0
11;2025-12-01;3;0
11;2025-12-01;4;0
11;2025-12-01;5;258
11;2025-12-01;6;1251
11;2025-12-01;7;2349
11;2025-12-01;8;3088
11;2025-12-01;9;2371
11;2025-12-01;10;1773
11;2025-12-01;11;1784
11;2025-12-01;12;1765
11;2025-12-01;13;1915
11;2025-12-01;14;1893
11;2025-12-01;15;2103
11;2025-12-01;16;2299
11;2025-12-01;17;2825
11;2025-12-01;18;3113
11;2025-12-01;19;2236
11;2025-12-01;20;1444
11;2025-12-01;21;862
11;2025-12-01;22;419
11;2025-12-01;23;188
11;2025-12-02;0;61
11;2025-12-02;1;0
11;2025-12-02;2;0
11;2025-12-02;3;0
11;2025-12-02;4;0
11;2025-12-02;5;250
11;2025-12-02;6;1293
11;2025-12-02;7;2463
11;2025-12-02;8;3225
11;2025-12-02;9;2477
11;2025-12-02;10;1834
11;2025-12-02;11;1845
11;2025-12-02;12;1843
11;2025-12-02;13;2044
11;2025-12-02;14;1993
11;2025-12-02;15;2159
11;2025-12-02;16;2357
11;2025-12-02;17;2893
11;2025-12-02;18;3177
11;2025-12-02;19;2333
11;2025-12-02;20;1490
11;2025-12-02;21;897
11;2025-12-02;22;442
11;2025-12-02;23;216
11;2025-12-03;0;74
11;2025-12-03;1;0
11;2025-12-03;2;0
11;2025-12-03;3;0
11;2025-12-03;4;0
11;2025-12-03;5;270
11;2025-12-03;6;1276
11;2025-12-03;7;2438
11;2025-12-03;8;3221
11;2025-12-03;9;2438
11;2025-12-03;10;1836
11;2025-12-03;11;1898
11;2025-12-03;12;1924
11;2025-12-03;13;1983
11;2025-12-03;14;1976
11;2025-12-03;15;2111
11;2025-12-03;16;2283
11;2025-12-03;17;2905
11;2025-12-03;18;3145
11;2025-12-03;19;2246
11;2025-12-03;20;1461
11;2025-12-03;21;906
11;2025-12-03;22;447
11;2025-12-03;23;219
11;2025-12-04;0;71
11;2025-12-04;1;0
11;2025-12-04;2;0
11;2025-12-04;3;0
11;2025-12-04;4;0
11;2025-12-04;5;264
11;2025-12-04;6;1260
11;2025-12-04;7;2393
11;2025-12-04;8;3160
11;2025-12-04;9;2514
11;2025-12-04;10;1915
11;2025-12-04;11;1820
11;2025-12-04;12;1845
11;2025-12-04;13;2067
11;2025-12-04;14;2008
11;2025-12-04;15;2122
11;2025-12-04;16;2374
11;2025-12-04;17;2875
11;2025-12-04;18;3186
11;2025-12-04;19;2281
11;2025-12-04;20;1441
11;2025-12-04;21;882
11;2025-12-04;22;448
11;2025-12-04;23;229
11;2025-12-05;0;83
11;2025-12-05;1;0
11;2025-12-05;2;0
11;2025-12-05;3;0
11;2025-12-05;4;0
11;2025-12-05;5;257
11;2025-12-05;6;1271
11;2025-12-05;7;2320
11;2025-12-05;8;2997
11;2025-12-05;9;2408
11;2025-12-05;10;1819
11;2025-12-05;11;1814
11;2025-12-05;12;1847
11;2025-12-05;13;2007
11;2025-12-05;14;2044
11;2025-12-05;15;2301
11;2025-12-05;16;2633
11;2025-12-05;17;2925
11;2025-12-05;18;2590
11;2025-12-05;19;2062
11;2025-12-05;20;1400
11;2025-12-05;21;880
11;2025-12-05;22;453
11;2025-12-05;23;278
11;2025-12-06;0;109
11;2025-12-06;1;0
11;2025-12-06;2;0
11;2025-12-06;3;0
11;2025-12-06;4;0
11;2025-12-06;5;163
11;2025-12-06;6;721
11;2025-12-06;7;696
11;2025-12-06;8;955
11;2025-12-06;9;1181
11;2025-12-06;10;1284
11;2025-12-06;11;1690
11;2025-12-06;12;1888
11;2025-12-06;13;1864
11;2025-12-06;14;1884
11;2025-12-06;15;1873
11;2025-12-06;16;1861
11;2025-12-06;17;1824
11;2025-12-06;18;1575
11;2025-12-06;19;1396
11;2025-12-06;20;1081
11;2025-12-06;21;750
11;2025-12-06;22;457
11;2025-12-06;23;315
11;2025-12-07;0;115
11;2025-12-07;1;0
11;2025-12-07;2;0
11;2025-12-07;3;0
11;2025-12-07;4;0
11;2025-12-07;5;108
11;2025-12-07;6;518
11;2025-12-07;7;529
11;2025-12-07;8;706
11;2025-12-07;9;958
11;2025-12-07;10;1082
11;2025-12-07;11;1502
11;2025-12-07;12;1680
11;2025-12-07;13;1683
11;2025-12-07;14;1779
11;2025-12-07;15;1790
11;2025-12-07;16;1753
11;2025-12-07;17;1720
11;2025-12-07;18;1426
11;2025-12-07;19;1189
11;2025-12-07;20;920
11;2025-12-07;21;656
11;2025-12-07;22;396
11;2025-12-07;23;268
11;2025-12-08;0;77
11;2025-12-08;1;0
11;2025-12-08;2;0
11;2025-12-08;3;0
11;2025-12-08;4;0
11;2025-12-08;5;258
11;2025-12-08;6;1249
11;2025-12-08;7;2345
11;2025-12-08;8;3082
11;2025-12-08;9;2367
11;2025-12-08;10;1770
11;2025-12-08;11;1781
11;2025-12-08;12;1762
11;2025-12-08;13;1912
11;2025-12-08;14;1890
11;2025-12-08;15;2099
11;2025-12-08;16;2295
11;2025-12-08;17;2820
11;2025-12-08;18;3107
11;2025-12-08;19;2232
11;2025-12-08;20;1441
11;2025-12-08;21;860
11;2025-12-08;22;419
11;2025-12-08;23;189
11;2025-12-09;0;60
11;2025-12-09;1;0
11;2025-12-09;2;0
11;2025-12-09;3;0
11;2025-12-09;4;0
11;2025-12-09;5;248
11;2025-12-09;6;1282
11;2025-12-09;7;2444
11;2025-12-09;8;3199
11;2025-12-09;9;2458
11;2025-12-09;10;1820
11;2025-12-09;11;1830
11;2025-12-09;12;1829
11;2025-12-09;13;2028
11;2025-12-09;14;1975
11;2025-12-09;15;2140
11;2025-12-09;16;2337
11;2025-12-09;17;2868
11;2025-12-09;18;3152
11;2025-12-09;19;2314
11;2025-12-09;20;1479
11;2025-12-09;21;890
11;2025-12-09;22;440
11;2025-12-09;23;217
11;2025-12-10;0;72
11;2025-12-10;1;0
11;2025-12-10;2;0
11;2025-12-10;3;0
11;2025-12-10;4;0
11;2025-12-10;5;263
11;2025-12-10;6;1248
11;2025-12-10;7;2388
11;2025-12-10;8;3156
11;2025-12-10;9;2389
11;2025-12-10;10;1800
11;2025-12-10;11;1860
11;2025-12-10;12;1886
11;2025-12-10;13;1942
11;2025-12-10;14;1933
11;2025-12-10;15;2065
11;2025-12-10;16;2234
11;2025-12-10;17;2844
11;2025-12-10;18;3082
11;2025-12-10;19;2201
11;2025-12-10;20;1431
11;2025-12-10;21;888
11;2025-12-10;22;439
11;2025-12-10;23;219
11;2025-12-11;0;69
11;2025-12-11;1;0
11;2025-12-11;2;0
11;2025-12-11;3;0
11;2025-12-11;4;0
11;2025-12-11;5;254
11;2025-12-11;6;1219
11;2025-12-11;7;2317
11;2025-12-11;8;3058
11;2025-12-11;9;2437
11;2025-12-11;10;1852
11;2025-12-11;11;1758
11;2025-12-11;12;1783
11;2025-12-11;13;1995
11;2025-12-11;14;1938
11;2025-12-11;15;2047
11;2025-12-11;16;2292
11;2025-12-11;17;2777
11;2025-12-11;18;3078
11;2025-12-11;19;2201
11;2025-12-11;20;1393
11;2025-12-11;21;854
11;2025-12-11;22;436
11;2025-12-11;23;225
11;2025-12-12;0;79
11;2025-12-12;1;0
11;2025-12-12;2;0
11;2025-12-12;3;0
11;2025-12-12;4;0
11;2025-12-12;5;247
11;2025-12-12;6;1226
11;2025-12-12;7;2243
11;2025-12-12;8;2897
11;2025-12-12;9;2331
11;2025-12-12;10;1753
11;2025-12-12;11;1745
11;2025-12-12;12;1778
11;2025-12-12;13;1931
11;2025-12-12;14;1966
11;2025-12-12;15;2212
11;2025-12-12;16;2532
11;2025-12-12;17;2814
11;2025-12-12;18;2490
11;2025-12-12;19;1982
11;2025-12-12;20;1347
11;2025-12-12;21;849
11;2025-12-12;22;438
11;2025-12-12;23;272
11;2025-12-13;0;108
11;2025-12-13;1;0
11;2025-12-13;2;0
11;2025-12-13;3;0
11;2025-12-13;4;0
11;2025-12-13;5;161
11;2025-12-13;6;717
11;2025-12-13;7;693
11;2025-12-13;8;952
11;2025-12-13;9;1176
11;2025-12-13;10;1277
11;2025-12-13;11;1681
11;2025-12-13;12;1879
11;2025-12-13;13;1856
11;2025-12-13;14;1874
11;2025-12-13;15;1863
11;2025-12-13;16;1852
11;2025-12-13;17;1814
11;2025-12-13;18;1567
11;2025-12-13;19;1393
11;2025-12-13;20;1078
11;2025-12-13;21;745
11;2025-12-13;22;453
11;2025-12-13;23;313
11;2025-12-14;0;114
11;2025-12-14;1;0
11;2025-12-14;2;0
11;2025-12-14;3;0
11;2025-12-14;4;0
11;2025-12-14;5;109
11;2025-12-14;6;515
11;2025-12-14;7;527
11;2025-12-14;8;703
11;2025-12-14;9;955
11;2025-12-14;10;1076
11;2025-12-14;11;1494
11;2025-12-14;12;1671
11;2025-12-14;13;1675
11;2025-12-14;14;1768
11;2025-12-14;15;1779
11;2025-12-14;16;1743
11;2025-12-14;17;1710
11;2025-12-14;18;1418
11;2025-12-14;19;1185
11;2025-12-14;20;916
11;2025-12-14;21;652
11;2025-12-14;22;393
11;2025-12-14;23;267
11;2025-12-15;0;76
11;2025-12-15;1;0
11;2025-12-15;2;0
11;2025-12-15;3;0
11;2025-12-15;4;0
11;2025-12-15;5;255
11;2025-12-15;6;1231
11;2025-12-15;7;2314
11;2025-12-15;8;3042
11;2025-12-15;9;2339
11;2025-12-15;10;1747
11;2025-12-15;11;1756
11;2025-12-15;12;1738
11;2025-12-15;13;1886
11;2025-12-15;14;1861
11;2025-12-15;15;2065
11;2025-12-15;16;2260
11;2025-12-15;17;2778
11;2025-12-15;18;3065
11;2025-12-15;19;2206
11;2025-12-15;20;1427
11;2025-12-15;21;849
11;2025-12-15;22;414
11;2025-12-15;23;186
11;2025-12-16;0;59
11;2025-12-16;1;0
11;2025-12-16;2;0
11;2025-12-16;3;0
11;2025-12-16;4;0
11;2025-12-16;5;241
11;2025-12-16;6;1248
11;2025-12-16;7;2380
11;2025-12-16;8;3115
11;2025-12-16;9;2394
11;2025-12-16;10;1773
11;2025-12-16;11;1782
11;2025-12-16;12;1781
11;2025-12-16;13;1973
11;2025-12-16;14;1921
11;2025-12-16;15;2081
11;2025-12-16;16;2273
11;2025-12-16;17;2791
11;2025-12-16;18;3068
11;2025-12-16;19;2258
11;2025-12-16;20;1444
11;2025-12-16;21;867
11;2025-12-16;22;428
11;2025-12-16;23;211
11;2025-12-17;0;73
11;2025-12-17;1;0
11;2025-12-17;2;0
11;2025-12-17;3;0
11;2025-12-17;4;0
11;2025-12-17;5;268
11;2025-12-17;6;1268
11;2025-12-17;7;2428
11;2025-12-17;8;3209
11;2025-12-17;9;2429
11;2025-12-17;10;1829
11;2025-12-17;11;1891
11;2025-12-17;12;1917
11;2025-12-17;13;1975
11;2025-12-17;14;1969
11;2025-12-17;15;2103
11;2025-12-17;16;2274
11;2025-12-17;17;2893
11;2025-12-17;18;3133
11;2025-12-17;19;2234
11;2025-12-17;20;1454
11;2025-12-17;21;901
11;2025-12-17;22;445
11;2025-12-17;23;220
11;2025-12-18;0;70
11;2025-12-18;1;0
11;2025-12-18;2;0
11;2025-12-18;3;0
11;2025-12-18;4;0
11;2025-12-18;5;262
11;2025-12-18;6;1251
11;2025-12-18;7;2375
11;2025-12-18;8;3134
11;2025-12-18;9;2495
11;2025-12-18;10;1901
11;2025-12-18;11;1805
11;2025-12-18;12;1830
11;2025-12-18;13;2051
11;2025-12-18;14;1992
11;2025-12-18;15;2104
11;2025-12-18;16;2355
11;2025-12-18;17;2852
11;2025-12-18;18;3160
11;2025-12-18;19;2262
11;2025-12-18;20;1428
11;2025-12-18;21;874
11;2025-12-18;22;444
11;2025-12-18;23;229
11;2025-12-19;0;81
11;2025-12-19;1;0
11;2025-12-19;2;0
11;2025-12-19;3;0
11;2025-12-19;4;0
11;2025-12-19;5;254
11;2025-12-19;6;1263
11;2025-12-19;7;2307
11;2025-12-19;8;2979
11;2025-12-19;9;2394
11;2025-12-19;10;1808
11;2025-12-19;11;1803
11;2025-12-19;12;1836
11;2025-12-19;13;1996
11;2025-12-19;14;2030
11;2025-12-19;15;2286
11;2025-12-19;16;2618
11;2025-12-19;17;2909
11;2025-12-19;18;2576
11;2025-12-19;19;2052
11;2025-12-19;20;1391
11;2025-12-19;21;874
11;2025-12-19;22;450
11;2025-12-19;23;279
11;2025-12-20;0;108
11;2025-12-20;1;0
11;2025-12-20;2;0
11;2025-12-20;3;0
11;2025-12-20;4;0
11;2025-12-20;5;160
11;2025-12-20;6;714
11;2025-12-20;7;691
11;2025-12-20;8;947
11;2025-12-20;9;1172
11;2025-12-20;10;1274
11;2025-12-20;11;1675
11;2025-12-20;12;1873
11;2025-12-20;13;1849
11;2025-12-20;14;1867
11;2025-12-20;15;1857
11;2025-12-20;16;1846
11;2025-12-20;17;1808
11;2025-12-20;18;1562
11;2025-12-20;19;1388
11;2025-12-20;20;1073
11;2025-12-20;21;743
11;2025-12-20;22;452
11;2025-12-20;23;313
11;2025-12-21;0;113
11;2025-12-21;1;0
11;2025-12-21;2;0
11;2025-12-21;3;0
11;2025-12-21;4;0
11;2025-12-21;5;107
11;2025-12-21;6;508
11;2025-12-21;7;521
11;2025-12-21;8;694
11;2025-12-21;9;943
11;2025-12-21;10;1063
11;2025-12-21;11;1475
11;2025-12-21;12;1650
11;2025-12-21;13;1654
11;2025-12-21;14;1748
11;2025-12-21;15;1757
11;2025-12-21;16;1721
11;2025-12-21;17;1689
11;2025-12-21;18;1400
11;2025-12-21;19;1168
11;2025-12-21;20;903
11;2025-12-21;21;645
11;2025-12-21;22;389
11;2025-12-21;23;265
11;2025-12-22;0;74
11;2025-12-22;1;0
11;2025-12-22;2;0
11;2025-12-22;3;0
11;2025-12-22;4;0
11;2025-12-22;5;249
11;2025-12-22;6;1212
11;2025-12-22;7;2277
11;2025-12-22;8;2992
11;2025-12-22;9;2299
11;2025-12-22;10;1719
11;2025-12-22;11;1729
11;2025-12-22;12;1711
11;2025-12-22;13;1856
11;2025-12-22;14;1832
11;2025-12-22;15;2033
11;2025-12-22;16;2223
11;2025-12-22;17;2734
11;2025-12-22;18;3016
11;2025-12-22;19;2169
11;2025-12-22;20;1402
11;2025-12-22;21;836
11;2025-12-22;22;408
11;2025-12-22;23;184
11;2025-12-23;0;60
11;2025-12-23;1;0
11;2025-12-23;2;0
11;2025-12-23;3;0
11;2025-12-23;4;0
11;2025-12-23;5;247
11;2025-12-23;6;1278
11;2025-12-23;7;2437
11;2025-12-23;8;3190
11;2025-12-23;9;2452
11;2025-12-23;10;1813
11;2025-12-23;11;1825
11;2025-12-23;12;1824
11;2025-12-23;13;2024
11;2025-12-23;14;1971
11;2025-12-23;15;2135
11;2025-12-23;16;2331
11;2025-12-23;17;2861
11;2025-12-23;18;3143
11;2025-12-23;19;2312
11;2025-12-23;20;1476
11;2025-12-23;21;886
11;2025-12-23;22;436
11;2025-12-23;23;213
11;2025-12-24;0;73
11;2025-12-24;1;0
11;2025-12-24;2;0
11;2025-12-24;3;0
11;2025-12-24;4;0
11;2025-12-24;5;267
11;2025-12-24;6;1261
11;2025-12-24;7;2411
11;2025-12-24;8;3185
11;2025-12-24;9;2413
11;2025-12-24;10;1814
11;2025-12-24;11;1874
11;2025-12-24;12;1900
11;2025-12-24;13;1958
11;2025-12-24;14;1947
11;2025-12-24;15;2082
11;2025-12-24;16;2253
11;2025-12-24;17;2868
11;2025-12-24;18;3109
11;2025-12-24;19;2225
11;2025-12-24;20;1447
11;2025-12-24;21;895
11;2025-12-24;22;443
11;2025-12-24;23;219
11;2025-12-25;0;69
11;2025-12-25;1;0
11;2025-12-25;2;0
11;2025-12-25;3;0
11;2025-12-25;4;0
11;2025-12-25;5;254
11;2025-12-25;6;1213
11;2025-12-25;7;2306
11;2025-12-25;8;3040
11;2025-12-25;9;2426
11;2025-12-25;10;1844
11;2025-12-25;11;1749
11;2025-12-25;12;1774
11;2025-12-25;13;1987
11;2025-12-25;14;1926
11;2025-12-25;15;2032
11;2025-12-25;16;2276
11;2025-12-25;17;2758
11;2025-12-25;18;3061
11;2025-12-25;19;2198
11;2025-12-25;20;1388
11;2025-12-25;21;849
11;2025-12-25;22;433
11;2025-12-25;23;224
11;2025-12-26;0;79
11;2025-12-26;1;0
11;2025-12-26;2;0
11;2025-12-26;3;0
11;2025-12-26;4;0
11;2025-12-26;5;244
11;2025-12-26;6;1202
11;2025-12-26;7;2200
11;2025-12-26;8;2852
11;2025-12-26;9;2295
11;2025-12-26;10;1705
11;2025-12-26;11;1699
11;2025-12-26;12;1736
11;2025-12-26;13;1893
11;2025-12-26;14;1942
11;2025-12-26;15;2202
11;2025-12-26;16;2520
11;2025-12-26;17;2800
11;2025-12-26;18;2507
11;2025-12-26;19;2005
11;2025-12-26;20;1356
11;2025-12-26;21;883
11;2025-12-26;22;446
11;2025-12-26;23;278
11;2025-12-27;0;108
11;2025-12-27;1;0
11;2025-12-27;2;0
11;2025-12-27;3;0
11;2025-12-27;4;0
11;2025-12-27;5;159
11;2025-12-27;6;701
11;2025-12-27;7;666
11;2025-12-27;8;929
11;2025-12-27;9;1144
11;2025-12-27;10;1242
11;2025-12-27;11;1624
11;2025-12-27;12;1826
11;2025-12-27;13;1835
11;2025-12-27;14;1869
11;2025-12-27;15;1870
11;2025-12-27;16;1858
11;2025-12-27;17;1820
11;2025-12-27;18;1594
11;2025-12-27;19;1420
11;2025-12-27;20;1099
11;2025-12-27;21;787
11;2025-12-27;22;472
11;2025-12-27;23;324
11;2025-12-28;0;112
11;2025-12-28;1;0
11;2025-12-28;2;0
11;2025-12-28;3;0
11;2025-12-28;4;0
11;2025-12-28;5;104
11;2025-12-28;6;498
11;2025-12-28;7;498
11;2025-12-28;8;672
11;2025-12-28;9;904
11;2025-12-28;10;1020
11;2025-12-28;11;1409
11;2025-12-28;12;1583
11;2025-12-28;13;1616
11;2025-12-28;14;1720
11;2025-12-28;15;1742
11;2025-12-28;16;1708
11;2025-12-28;17;1676
11;2025-12-28;18;1408
11;2025-12-28;19;1182
11;2025-12-28;20;915
11;2025-12-28;21;675
11;2025-12-28;22;402
11;2025-12-28;23;272
11;2025-12-29;0;75
11;2025-12-29;1;0
11;2025-12-29;2;0
11;2025-12-29;3;0
11;2025-12-29;4;0
11;2025-12-29;5;251
11;2025-12-29;6;1202
11;2025-12-29;7;2249
11;2025-12-29;8;2966
11;2025-12-29;9;2275
11;2025-12-29;10;1693
11;2025-12-29;11;1704
11;2025-12-29;12;1690
11;2025-12-29;13;1840
11;2025-12-29;14;1829
11;2025-12-29;15;2050
11;2025-12-29;16;2243
11;2025-12-29;17;2755
11;2025-12-29;18;3040
11;2025-12-29;19;2193
11;2025-12-29;20;1434
11;2025-12-29;21;877
11;2025-12-29;22;414
11;2025-12-29;23;187
11;2025-12-30;0;59
11;2025-12-30;1;0
11;2025-12-30;2;0
11;2025-12-30;3;0
11;2025-12-30;4;0
11;2025-12-30;5;233
11;2025-12-30;6;1228
11;2025-12-30;7;2340
11;2025-12-30;8;3071
11;2025-12-30;9;2359
11;2025-12-30;10;1730
11;2025-12-30;11;1740
11;2025-12-30;12;1745
11;2025-12-30;13;1950
11;2025-12-30;14;1919
11;2025-12-30;15;2104
11;2025-12-30;16;2297
11;2025-12-30;17;2817
11;2025-12-30;18;3097
11;2025-12-30;19;2285
11;2025-12-30;20;1472
11;2025-12-30;21;908
11;2025-12-30;22;434
11;2025-12-30;23;215
11;2025-12-31;0;100
11;2025-12-31;1;0
11;2025-12-31;2;0
11;2025-12-31;3;0
11;2025-12-31;4;0
11;2025-12-31;5;116
11;2025-12-31;6;529
11;2025-12-31;7;506
11;2025-12-31;8;687
11;2025-12-31;9;894
11;2025-12-31;10;991
11;2025-12-31;11;1332
11;2025-12-31;12;1535
11;2025-12-31;13;1567
11;2025-12-31;14;1636
11;2025-12-31;15;1655
11;2025-12-31;16;1636
11;2025-12-31;17;1613
11;2025-12-31;18;1377
11;2025-12-31;19;1191
11;2025-12-31;20;940
11;2025-12-31;21;691
11;2025-12-31;22;426
11;2025-12-31;23;282
12;2025-11-01;0;40
12;2025-11-01;1;0
12;2025-11-01;2;0
12;2025-11-01;3;0
12;2025-11-01;4;0
12;2025-11-01;5;180
12;2025-11-01;6;1032
12;2025-11-01;7;1983
12;2025-11-01;8;2496
12;2025-11-01;9;1776
12;2025-11-01;10;1432
12;2025-11-01;11;1405
12;2025-11-01;12;1434
12;2025-11-01;13;1499
12;2025-11-01;14;1497
12;2025-11-01;15;1702
12;2025-11-01;16;2082
12;2025-11-01;17;2182
12;2025-11-01;18;1888
12;2025-11-01;19;1606
12;2025-11-01;20;1041
12;2025-11-01;21;718
12;2025-11-01;22;358
12;2025-11-01;23;230
12;2025-11-02;0;87
12;2025-11-02;1;0
12;2025-11-02;2;0
12;2025-11-02;3;0
12;2025-11-02;4;0
12;2025-11-02;5;125
12;2025-11-02;6;555
12;2025-11-02;7;686
12;2025-11-02;8;733
12;2025-11-02;9;937
12;2025-11-02;10;1160
12;2025-11-02;11;1298
12;2025-11-02;12;1394
12;2025-11-02;13;1539
12;2025-11-02;14;1535
12;2025-11-02;15;1486
12;2025-11-02;16;1522
12;2025-11-02;17;1530
12;2025-11-02;18;1355
12;2025-11-02;19;1090
12;2025-11-02;20;811
12;2025-11-02;21;600
12;2025-11-02;22;378
12;2025-11-02;23;223
12;2025-11-03;0;73
12;2025-11-03;1;0
12;2025-11-03;2;0
12;2025-11-03;3;0
12;2025-11-03;4;0
12;2025-11-03;5;131
12;2025-11-03;6;593
12;2025-11-03;7;695
12;2025-11-03;8;744
12;2025-11-03;9;926
12;2025-11-03;10;1109
12;2025-11-03;11;1199
12;2025-11-03;12;1301
12;2025-11-03;13;1436
12;2025-11-03;14;1423
12;2025-11-03;15;1365
12;2025-11-03;16;1408
12;2025-11-03;17;1388
12;2025-11-03;18;1261
12;2025-11-03;19;1090
12;2025-11-03;20;797
12;2025-11-03;21;613
12;2025-11-03;22;377
12;2025-11-03;23;231
12;2025-11-04;0;72
12;2025-11-04;1;0
12;2025-11-04;2;0
12;2025-11-04;3;0
12;2025-11-04;4;0
12;2025-11-04;5;130
12;2025-11-04;6;587
12;2025-11-04;7;688
12;2025-11-04;8;741
12;2025-11-04;9;916
12;2025-11-04;10;1097
12;2025-11-04;11;1185
12;2025-11-04;12;1287
12;2025-11-04;13;1420
12;2025-11-04;14;1407
12;2025-11-04;15;1350
12;2025-11-04;16;1392
12;2025-11-04;17;1372
12;2025-11-04;18;1246
12;2025-11-04;19;1077
12;2025-11-04;20;788
12;2025-11-04;21;606
12;2025-11-04;22;373
12;2025-11-04;23;227
12;2025-11-05;0;60
12;2025-11-05;1;0
12;2025-11-05;2;0
12;2025-11-05;3;0
12;2025-11-05;4;0
12;2025-11-05;5;259
12;2025-11-05;6;1481
12;2025-11-05;7;2760
12;2025-11-05;8;3593
12;2025-11-05;9;2556
12;2025-11-05;10;2123
12;2025-11-05;11;2029
12;2025-11-05;12;2077
12;2025-11-05;13;2019
12;2025-11-05;14;1993
12;2025-11-05;15;2247
12;2025-11-05;16;2693
12;2025-11-05;17;3007
12;2025-11-05;18;3178
12;2025-11-05;19;2505
12;2025-11-05;20;1513
12;2025-11-05;21;985
12;2025-11-05;22;493
12;2025-11-05;23;263
12;2025-11-06;0;52
12;2025-11-06;1;0
12;2025-11-06;2;0
12;2025-11-06;3;0
12;2025-11-06;4;0
12;2025-11-06;5;246
12;2025-11-06;6;1417
12;2025-11-06;7;2715
12;2025-11-06;8;3513
12;2025-11-06;9;2419
12;2025-11-06;10;2010
12;2025-11-06;11;1962
12;2025-11-06;12;2001
12;2025-11-06;13;2010
12;2025-11-06;14;1964
12;2025-11-06;15;2206
12;2025-11-06;16;2645
12;2025-11-06;17;2995
12;2025-11-06;18;3165
12;2025-11-06;19;2455
12;2025-11-06;20;1531
12;2025-11-06;21;939
12;2025-11-06;22;480
12;2025-11-06;23;259
12;2025-11-07;0;55
12;2025-11-07;1;0
12;2025-11-07;2;0
12;2025-11-07;3;0
12;2025-11-07;4;0
12;2025-11-07;5;256
12;2025-11-07;6;1423
12;2025-11-07;7;2687
12;2025-11-07;8;3379
12;2025-11-07;9;2413
12;2025-11-07;10;1943
12;2025-11-07;11;1906
12;2025-11-07;12;1946
12;2025-11-07;13;2032
12;2025-11-07;14;2030
12;2025-11-07;15;2303
12;2025-11-07;16;2817
12;2025-11-07;17;2952
12;2025-11-07;18;2553
12;2025-11-07;19;2161
12;2025-11-07;20;1410
12;2025-11-07;21;974
12;2025-11-07;22;495
12;2025-11-07;23;314
12;2025-11-08;0;73
12;2025-11-08;1;0
12;2025-11-08;2;0
12;2025-11-08;3;0
12;2025-11-08;4;0
12;2025-11-08;5;175
12;2025-11-08;6;801
12;2025-11-08;7;884
12;2025-11-08;8;999
12;2025-11-08;9;1172
12;2025-11-08;10;1347
12;2025-11-08;11;1427
12;2025-11-08;12;1490
12;2025-11-08;13;1621
12;2025-11-08;14;1584
12;2025-11-08;15;1517
12;2025-11-08;16;1577
12;2025-11-08;17;1501
12;2025-11-08;18;1430
12;2025-11-08;19;1341
12;2025-11-08;20;919
12;2025-11-08;21;711
12;2025-11-08;22;401
12;2025-11-08;23;276
12;2025-11-09;0;86
12;2025-11-09;1;0
12;2025-11-09;2;0
12;2025-11-09;3;0
12;2025-11-09;4;0
12;2025-11-09;5;126
12;2025-11-09;6;548
12;2025-11-09;7;683
12;2025-11-09;8;729
12;2025-11-09;9;933
12;2025-11-09;10;1155
12;2025-11-09;11;1292
12;2025-11-09;12;1387
12;2025-11-09;13;1532
12;2025-11-09;14;1526
12;2025-11-09;15;1475
12;2025-11-09;16;1510
12;2025-11-09;17;1519
12;2025-11-09;18;1344
12;2025-11-09;19;1077
12;2025-11-09;20;805
12;2025-11-09;21;596
12;2025-11-09;22;381
12;2025-11-09;23;222
12;2025-11-10;0;61
12;2025-11-10;1;0
12;2025-11-10;2;0
12;2025-11-10;3;0
12;2025-11-10;4;0
12;2025-11-10;5;248
12;2025-11-10;6;1395
12;2025-11-10;7;2688
12;2025-11-10;8;3488
12;2025-11-10;9;2393
12;2025-11-10;10;1962
12;2025-11-10;11;1941
12;2025-11-10;12;1984
12;2025-11-10;13;1924
12;2025-11-10;14;1884
12;2025-11-10;15;2177
12;2025-11-10;16;2596
12;2025-11-10;17;2966
12;2025-11-10;18;3143
12;2025-11-10;19;2439
12;2025-11-10;20;1531
12;2025-11-10;21;935
12;2025-11-10;22;452
12;2025-11-10;23;226
12;2025-11-11;0;48
12;2025-11-11;1;0
12;2025-11-11;2;0
12;2025-11-11;3;0
12;2025-11-11;4;0
12;2025-11-11;5;270
12;2025-11-11;6;1464
12;2025-11-11;7;2816
12;2025-11-11;8;3705
12;2025-11-11;9;2510
12;2025-11-11;10;2080
12;2025-11-11;11;2043
12;2025-11-11;12;2049
12;2025-11-11;13;2077
12;2025-11-11;14;2025
12;2025-11-11;15;2244
12;2025-11-11;16;2675
12;2025-11-11;17;3079
12;2025-11-11;18;3284
12;2025-11-11;19;2513
12;2025-11-11;20;1532
12;2025-11-11;21;964
12;2025-11-11;22;464
12;2025-11-11;23;246
12;2025-11-12;0;59
12;2025-11-12;1;0
12;2025-11-12;2;0
12;2025-11-12;3;0
12;2025-11-12;4;0
12;2025-11-12;5;259
12;2025-11-12;6;1442
12;2025-11-12;7;2712
12;2025-11-12;8;3531
12;2025-11-12;9;2518
12;2025-11-12;10;2084
12;2025-11-12;11;1991
12;2025-11-12;12;2039
12;2025-11-12;13;1980
12;2025-11-12;14;1957
12;2025-11-12;15;2208
12;2025-11-12;16;2646
12;2025-11-12;17;2955
12;2025-11-12;18;3127
12;2025-11-12;19;2471
12;2025-11-12;20;1487
12;2025-11-12;21;969
12;2025-11-12;22;485
12;2025-11-12;23;260
12;2025-11-13;0;54
12;2025-11-13;1;0
12;2025-11-13;2;0
12;2025-11-13;3;0
12;2025-11-13;4;0
12;2025-11-13;5;257
12;2025-11-13;6;1436
12;2025-11-13;7;2775
12;2025-11-13;8;3594
12;2025-11-13;9;2466
12;2025-11-13;10;2053
12;2025-11-13;11;2004
12;2025-11-13;12;2044
12;2025-11-13;13;2054
12;2025-11-13;14;2008
12;2025-11-13;15;2260
12;2025-11-13;16;2708
12;2025-11-13;17;3062
12;2025-11-13;18;3240
12;2025-11-13;19;2519
12;2025-11-13;20;1565
12;2025-11-13;21;960
12;2025-11-13;22;490
12;2025-11-13;23;264
12;2025-11-14;0;55
12;2025-11-14;1;0
12;2025-11-14;2;0
12;2025-11-14;3;0
12;2025-11-14;4;0
12;2025-11-14;5;260
12;2025-11-14;6;1437
12;2025-11-14;7;2710
12;2025-11-14;8;3411
12;2025-11-14;9;2434
12;2025-11-14;10;1961
12;2025-11-14;11;1924
12;2025-11-14;12;1963
12;2025-11-14;13;2050
12;2025-11-14;14;2048
12;2025-11-14;15;2323
12;2025-11-14;16;2842
12;2025-11-14;17;2978
12;2025-11-14;18;2576
12;2025-11-14;19;2180
12;2025-11-14;20;1422
12;2025-11-14;21;983
12;2025-11-14;22;499
12;2025-11-14;23;314
12;2025-11-15;0;70
12;2025-11-15;1;0
12;2025-11-15;2;0
12;2025-11-15;3;0
12;2025-11-15;4;0
12;2025-11-15;5;165
12;2025-11-15;6;758
12;2025-11-15;7;855
12;2025-11-15;8;977
12;2025-11-15;9;1137
12;2025-11-15;10;1288
12;2025-11-15;11;1361
12;2025-11-15;12;1422
12;2025-11-15;13;1547
12;2025-11-15;14;1512
12;2025-11-15;15;1449
12;2025-11-15;16;1507
12;2025-11-15;17;1435
12;2025-11-15;18;1367
12;2025-11-15;19;1288
12;2025-11-15;20;878
12;2025-11-15;21;680
12;2025-11-15;22;385
12;2025-11-15;23;263
12;2025-11-16;0;87
12;2025-11-16;1;0
12;2025-11-16;2;0
12;2025-11-16;3;0
12;2025-11-16;4;0
12;2025-11-16;5;127
12;2025-11-16;6;556
12;2025-11-16;7;685
12;2025-11-16;8;732
12;2025-11-16;9;936
12;2025-11-16;10;1158
12;2025-11-16;11;1297
12;2025-11-16;12;1392
12;2025-11-16;13;1536
12;2025-11-16;14;1530
12;2025-11-16;15;1482
12;2025-11-16;16;1519
12;2025-11-16;17;1528
12;2025-11-16;18;1352
12;2025-11-16;19;1092
12;2025-11-16;20;811
12;2025-11-16;21;600
12;2025-11-16;22;383
12;2025-11-16;23;223
12;2025-11-17;0;60
12;2025-11-17;1;0
12;2025-11-17;2;0
12;2025-11-17;3;0
12;2025-11-17;4;0
12;2025-11-17;5;242
12;2025-11-17;6;1364
12;2025-11-17;7;2641
12;2025-11-17;8;3416
12;2025-11-17;9;2343
12;2025-11-17;10;1890
12;2025-11-17;11;1870
12;2025-11-17;12;1927
12;2025-11-17;13;1878
12;2025-11-17;14;1842
12;2025-11-17;15;2123
12;2025-11-17;16;2532
12;2025-11-17;17;2899
12;2025-11-17;18;3071
12;2025-11-17;19;2387
12;2025-11-17;20;1497
12;2025-11-17;21;915
12;2025-11-17;22;442
12;2025-11-17;23;220
12;2025-11-18;0;45
12;2025-11-18;1;0
12;2025-11-18;2;0
12;2025-11-18;3;0
12;2025-11-18;4;0
12;2025-11-18;5;258
12;2025-11-18;6;1416
12;2025-11-18;7;2698
12;2025-11-18;8;3535
12;2025-11-18;9;2411
12;2025-11-18;10;1955
12;2025-11-18;11;1914
12;2025-11-18;12;1933
12;2025-11-18;13;1971
12;2025-11-18;14;1924
12;2025-11-18;15;2135
12;2025-11-18;16;2545
12;2025-11-18;17;2934
12;2025-11-18;18;3123
12;2025-11-18;19;2388
12;2025-11-18;20;1459
12;2025-11-18;21;919
12;2025-11-18;22;443
12;2025-11-18;23;236
12;2025-11-19;0;60
12;2025-11-19;1;0
12;2025-11-19;2;0
12;2025-11-19;3;0
12;2025-11-19;4;0
12;2025-11-19;5;265
12;2025-11-19;6;1478
12;2025-11-19;7;2790
12;2025-11-19;8;3622
12;2025-11-19;9;2554
12;2025-11-19;10;2070
12;2025-11-19;11;1977
12;2025-11-19;12;2046
12;2025-11-19;13;2024
12;2025-11-19;14;2007
12;2025-11-19;15;2257
12;2025-11-19;16;2706
12;2025-11-19;17;3023
12;2025-11-19;18;3201
12;2025-11-19;19;2529
12;2025-11-19;20;1519
12;2025-11-19;21;990
12;2025-11-19;22;494
12;2025-11-19;23;263
12;2025-11-20;0;54
12;2025-11-20;1;0
12;2025-11-20;2;0
12;2025-11-20;3;0
12;2025-11-20;4;0
12;2025-11-20;5;259
12;2025-11-20;6;1445
12;2025-11-20;7;2805
12;2025-11-20;8;3622
12;2025-11-20;9;2464
12;2025-11-20;10;2004
12;2025-11-20;11;1956
12;2025-11-20;12;2015
12;2025-11-20;13;2062
12;2025-11-20;14;2023
12;2025-11-20;15;2269
12;2025-11-20;16;2720
12;2025-11-20;17;3077
12;2025-11-20;18;3259
12;2025-11-20;19;2535
12;2025-11-20;20;1573
12;2025-11-20;21;962
12;2025-11-20;22;489
12;2025-11-20;23;262
12;2025-11-21;0;56
12;2025-11-21;1;0
12;2025-11-21;2;0
12;2025-11-21;3;0
12;2025-11-21;4;0
12;2025-11-21;5;261
12;2025-11-21;6;1429
12;2025-11-21;7;2735
12;2025-11-21;8;3435
12;2025-11-21;9;2433
12;2025-11-21;10;1911
12;2025-11-21;11;1874
12;2025-11-21;12;1933
12;2025-11-21;13;2056
12;2025-11-21;14;2061
12;2025-11-21;15;2341
12;2025-11-21;16;2857
12;2025-11-21;17;2996
12;2025-11-21;18;2595
12;2025-11-21;19;2203
12;2025-11-21;20;1427
12;2025-11-21;21;986
12;2025-11-21;22;499
12;2025-11-21;23;313
12;2025-11-22;0;72
12;2025-11-22;1;0
12;2025-11-22;2;0
12;2025-11-22;3;0
12;2025-11-22;4;0
12;2025-11-22;5;170
12;2025-11-22;6;776
12;2025-11-22;7;870
12;2025-11-22;8;993
12;2025-11-22;9;1154
12;2025-11-22;10;1316
12;2025-11-22;11;1393
12;2025-11-22;12;1454
12;2025-11-22;13;1587
12;2025-11-22;14;1551
12;2025-11-22;15;1485
12;2025-11-22;16;1545
12;2025-11-22;17;1470
12;2025-11-22;18;1400
12;2025-11-22;19;1317
12;2025-11-22;20;899
12;2025-11-22;21;696
12;2025-11-22;22;394
12;2025-11-22;23;268
12;2025-11-23;0;86
12;2025-11-23;1;0
12;2025-11-23;2;0
12;2025-11-23;3;0
12;2025-11-23;4;0
12;2025-11-23;5;126
12;2025-11-23;6;553
12;2025-11-23;7;682
12;2025-11-23;8;729
12;2025-11-23;9;929
12;2025-11-23;10;1148
12;2025-11-23;11;1286
12;2025-11-23;12;1381
12;2025-11-23;13;1529
12;2025-11-23;14;1523
12;2025-11-23;15;1474
12;2025-11-23;16;1510
12;2025-11-23;17;1519
12;2025-11-23;18;1344
12;2025-11-23;19;1082
12;2025-11-23;20;804
12;2025-11-23;21;596
12;2025-11-23;22;380
12;2025-11-23;23;223
12;2025-11-24;0;59
12;2025-11-24;1;0
12;2025-11-24;2;0
12;2025-11-24;3;0
12;2025-11-24;4;0
12;2025-11-24;5;239
12;2025-11-24;6;1354
12;2025-11-24;7;2605
12;2025-11-24;8;3366
12;2025-11-24;9;2315
12;2025-11-24;10;1844
12;2025-11-24;11;1818
12;2025-11-24;12;1880
12;2025-11-24;13;1845
12;2025-11-24;14;1813
12;2025-11-24;15;2097
12;2025-11-24;16;2495
12;2025-11-24;17;2856
12;2025-11-24;18;3026
12;2025-11-24;19;2345
12;2025-11-24;20;1472
12;2025-11-24;21;899
12;2025-11-24;22;434
12;2025-11-24;23;217
12;2025-11-25;0;48
12;2025-11-25;1;0
12;2025-11-25;2;0
12;2025-11-25;3;0
12;2025-11-25;4;0
12;2025-11-25;5;270
12;2025-11-25;6;1466
12;2025-11-25;7;2832
12;2025-11-25;8;3715
12;2025-11-25;9;2499
12;2025-11-25;10;2024
12;2025-11-25;11;1988
12;2025-11-25;12;2014
12;2025-11-25;13;2078
12;2025-11-25;14;2033
12;2025-11-25;15;2251
12;2025-11-25;16;2677
12;2025-11-25;17;3082
12;2025-11-25;18;3287
12;2025-11-25;19;2515
12;2025-11-25;20;1531
12;2025-11-25;21;964
12;2025-11-25;22;463
12;2025-11-25;23;244
12;2025-11-26;0;57
12;2025-11-26;1;0
12;2025-11-26;2;0
12;2025-11-26;3;0
12;2025-11-26;4;0
12;2025-11-26;5;253
12;2025-11-26;6;1418
12;2025-11-26;7;2666
12;2025-11-26;8;3470
12;2025-11-26;9;2465
12;2025-11-26;10;1978
12;2025-11-26;11;1883
12;2025-11-26;12;1950
12;2025-11-26;13;1928
12;2025-11-26;14;1911
12;2025-11-26;15;2155
12;2025-11-26;16;2578
12;2025-11-26;17;2882
12;2025-11-26;18;3053
12;2025-11-26;19;2409
12;2025-11-26;20;1447
12;2025-11-26;21;942
12;2025-11-26;22;469
12;2025-11-26;23;249
12;2025-11-27;0;52
12;2025-11-27;1;0
12;2025-11-27;2;0
12;2025-11-27;3;0
12;2025-11-27;4;0
12;2025-11-27;5;251
12;2025-11-27;6;1399
12;2025-11-27;7;2718
12;2025-11-27;8;3514
12;2025-11-27;9;2403
12;2025-11-27;10;1942
12;2025-11-27;11;1893
12;2025-11-27;12;1951
12;2025-11-27;13;1989
12;2025-11-27;14;1952
12;2025-11-27;15;2197
12;2025-11-27;16;2627
12;2025-11-27;17;2977
12;2025-11-27;18;3152
12;2025-11-27;19;2445
12;2025-11-27;20;1519
12;2025-11-27;21;933
12;2025-11-27;22;475
12;2025-11-27;23;255
12;2025-11-28;0;55
12;2025-11-28;1;0
12;2025-11-28;2;0
12;2025-11-28;3;0
12;2025-11-28;4;0
12;2025-11-28;5;258
12;2025-11-28;6;1408
12;2025-11-28;7;2698
12;2025-11-28;8;3392
12;2025-11-28;9;2401
12;2025-11-28;10;1884
12;2025-11-28;11;1848
12;2025-11-28;12;1906
12;2025-11-28;13;2021
12;2025-11-28;14;2026
12;2025-11-28;15;2308
12;2025-11-28;16;2816
12;2025-11-28;17;2953
12;2025-11-28;18;2557
12;2025-11-28;19;2169
12;2025-11-28;20;1407
12;2025-11-28;21;972
12;2025-11-28;22;492
12;2025-11-28;23;308
12;2025-11-29;0;74
12;2025-11-29;1;0
12;2025-11-29;2;0
12;2025-11-29;3;0
12;2025-11-29;4;0
12;2025-11-29;5;177
12;2025-11-29;6;805
12;2025-11-29;7;898
12;2025-11-29;8;1010
12;2025-11-29;9;1181
12;2025-11-29;10;1362
12;2025-11-29;11;1444
12;2025-11-29;12;1507
12;2025-11-29;13;1645
12;2025-11-29;14;1608
12;2025-11-29;15;1540
12;2025-11-29;16;1601
12;2025-11-29;17;1525
12;2025-11-29;18;1453
12;2025-11-29;19;1367
12;2025-11-29;20;931
12;2025-11-29;21;720
12;2025-11-29;22;407
12;2025-11-29;23;277
12;2025-11-30;0;87
12;2025-11-30;1;0
12;2025-11-30;2;0
12;2025-11-30;3;0
12;2025-11-30;4;0
12;2025-11-30;5;127
12;2025-11-30;6;558
12;2025-11-30;7;688
12;2025-11-30;8;732
12;2025-11-30;9;933
12;2025-11-30;10;1158
12;2025-11-30;11;1297
12;2025-11-30;12;1393
12;2025-11-30;13;1542
12;2025-11-30;14;1538
12;2025-11-30;15;1488
12;2025-11-30;16;1524
12;2025-11-30;17;1532
12;2025-11-30;18;1356
12;2025-11-30;19;1090
12;2025-11-30;20;811
12;2025-11-30;21;601
12;2025-11-30;22;383
12;2025-11-30;23;224
12;2025-12-01;0;64
12;2025-12-01;1;0
12;2025-12-01;2;0
12;2025-12-01;3;0
12;2025-12-01;4;0
12;2025-12-01;5;263
12;2025-12-01;6;1358
12;2025-12-01;7;2712
12;2025-12-01;8;3562
12;2025-12-01;9;2418
12;2025-12-01;10;1946
12;2025-12-01;11;1920
12;2025-12-01;12;1990
12;2025-12-01;13;1960
12;2025-12-01;14;1983
12;2025-12-01;15;2264
12;2025-12-01;16;2714
12;2025-12-01;17;3037
12;2025-12-01;18;3240
12;2025-12-01;19;2446
12;2025-12-01;20;1484
12;2025-12-01;21;890
12;2025-12-01;22;440
12;2025-12-01;23;218
12;2025-12-02;0;52
12;2025-12-02;1;0
12;2025-12-02;2;0
12;2025-12-02;3;0
12;2025-12-02;4;0
12;2025-12-02;5;265
12;2025-12-02;6;1371
12;2025-12-02;7;2812
12;2025-12-02;8;3713
12;2025-12-02;9;2487
12;2025-12-02;10;2066
12;2025-12-02;11;2032
12;2025-12-02;12;2071
12;2025-12-02;13;2091
12;2025-12-02;14;2177
12;2025-12-02;15;2354
12;2025-12-02;16;2869
12;2025-12-02;17;3162
12;2025-12-02;18;3288
12;2025-12-02;19;2554
12;2025-12-02;20;1506
12;2025-12-02;21;902
12;2025-12-02;22;459
12;2025-12-02;23;236
12;2025-12-03;0;53
12;2025-12-03;1;0
12;2025-12-03;2;0
12;2025-12-03;3;0
12;2025-12-03;4;0
12;2025-12-03;5;258
12;2025-12-03;6;1378
12;2025-12-03;7;2775
12;2025-12-03;8;3549
12;2025-12-03;9;2450
12;2025-12-03;10;2077
12;2025-12-03;11;2012
12;2025-12-03;12;2051
12;2025-12-03;13;2065
12;2025-12-03;14;2137
12;2025-12-03;15;2354
12;2025-12-03;16;2793
12;2025-12-03;17;3114
12;2025-12-03;18;3287
12;2025-12-03;19;2529
12;2025-12-03;20;1555
12;2025-12-03;21;940
12;2025-12-03;22;478
12;2025-12-03;23;252
12;2025-12-04;0;56
12;2025-12-04;1;0
12;2025-12-04;2;0
12;2025-12-04;3;0
12;2025-12-04;4;0
12;2025-12-04;5;250
12;2025-12-04;6;1339
12;2025-12-04;7;2757
12;2025-12-04;8;3554
12;2025-12-04;9;2423
12;2025-12-04;10;2044
12;2025-12-04;11;2034
12;2025-12-04;12;2111
12;2025-12-04;13;2076
12;2025-12-04;14;2175
12;2025-12-04;15;2349
12;2025-12-04;16;2832
12;2025-12-04;17;3159
12;2025-12-04;18;3272
12;2025-12-04;19;2521
12;2025-12-04;20;1529
12;2025-12-04;21;927
12;2025-12-04;22;475
12;2025-12-04;23;267
12;2025-12-05;0;61
12;2025-12-05;1;0
12;2025-12-05;2;0
12;2025-12-05;3;0
12;2025-12-05;4;0
12;2025-12-05;5;245
12;2025-12-05;6;1301
12;2025-12-05;7;2638
12;2025-12-05;8;3465
12;2025-12-05;9;2396
12;2025-12-05;10;1995
12;2025-12-05;11;2004
12;2025-12-05;12;2064
12;2025-12-05;13;2097
12;2025-12-05;14;2193
12;2025-12-05;15;2510
12;2025-12-05;16;3063
12;2025-12-05;17;3100
12;2025-12-05;18;2729
12;2025-12-05;19;2189
12;2025-12-05;20;1445
12;2025-12-05;21;938
12;2025-12-05;22;490
12;2025-12-05;23;301
12;2025-12-06;0;91
12;2025-12-06;1;0
12;2025-12-06;2;0
12;2025-12-06;3;0
12;2025-12-06;4;0
12;2025-12-06;5;162
12;2025-12-06;6;723
12;2025-12-06;7;835
12;2025-12-06;8;945
12;2025-12-06;9;1127
12;2025-12-06;10;1361
12;2025-12-06;11;1549
12;2025-12-06;12;1579
12;2025-12-06;13;1768
12;2025-12-06;14;1707
12;2025-12-06;15;1617
12;2025-12-06;16;1639
12;2025-12-06;17;1536
12;2025-12-06;18;1473
12;2025-12-06;19;1303
12;2025-12-06;20;899
12;2025-12-06;21;648
12;2025-12-06;22;412
12;2025-12-06;23;271
12;2025-12-07;0;93
12;2025-12-07;1;0
12;2025-12-07;2;0
12;2025-12-07;3;0
12;2025-12-07;4;0
12;2025-12-07;5;120
12;2025-12-07;6;524
12;2025-12-07;7;606
12;2025-12-07;8;703
12;2025-12-07;9;948
12;2025-12-07;10;1179
12;2025-12-07;11;1361
12;2025-12-07;12;1468
12;2025-12-07;13;1676
12;2025-12-07;14;1601
12;2025-12-07;15;1534
12;2025-12-07;16;1553
12;2025-12-07;17;1539
12;2025-12-07;18;1299
12;2025-12-07;19;1069
12;2025-12-07;20;767
12;2025-12-07;21;587
12;2025-12-07;22;384
12;2025-12-07;23;228
12;2025-12-08;0;64
12;2025-12-08;1;0
12;2025-12-08;2;0
12;2025-12-08;3;0
12;2025-12-08;4;0
12;2025-12-08;5;263
12;2025-12-08;6;1358
12;2025-12-08;7;2712
12;2025-12-08;8;3562
12;2025-12-08;9;2418
12;2025-12-08;10;1946
12;2025-12-08;11;1920
12;2025-12-08;12;1990
12;2025-12-08;13;1960
12;2025-12-08;14;1983
12;2025-12-08;15;2264
12;2025-12-08;16;2713
12;2025-12-08;17;3037
12;2025-12-08;18;3240
12;2025-12-08;19;2446
12;2025-12-08;20;1483
12;2025-12-08;21;889
12;2025-12-08;22;440
12;2025-12-08;23;220
12;2025-12-09;0;51
12;2025-12-09;1;0
12;2025-12-09;2;0
12;2025-12-09;3;0
12;2025-12-09;4;0
12;2025-12-09;5;264
12;2025-12-09;6;1364
12;2025-12-09;7;2797
12;2025-12-09;8;3693
12;2025-12-09;9;2475
12;2025-12-09;10;2057
12;2025-12-09;11;2022
12;2025-12-09;12;2061
12;2025-12-09;13;2080
12;2025-12-09;14;2166
12;2025-12-09;15;2341
12;2025-12-09;16;2853
12;2025-12-09;17;3144
12;2025-12-09;18;3270
12;2025-12-09;19;2538
12;2025-12-09;20;1495
12;2025-12-09;21;895
12;2025-12-09;22;455
12;2025-12-09;23;238
12;2025-12-10;0;52
12;2025-12-10;1;0
12;2025-12-10;2;0
12;2025-12-10;3;0
12;2025-12-10;4;0
12;2025-12-10;5;252
12;2025-12-10;6;1352
12;2025-12-10;7;2726
12;2025-12-10;8;3487
12;2025-12-10;9;2414
12;2025-12-10;10;2042
12;2025-12-10;11;1977
12;2025-12-10;12;2016
12;2025-12-10;13;2028
12;2025-12-10;14;2100
12;2025-12-10;15;2313
12;2025-12-10;16;2744
12;2025-12-10;17;3059
12;2025-12-10;18;3229
12;2025-12-10;19;2484
12;2025-12-10;20;1526
12;2025-12-10;21;922
12;2025-12-10;22;469
12;2025-12-10;23;252
12;2025-12-11;0;54
12;2025-12-11;1;0
12;2025-12-11;2;0
12;2025-12-11;3;0
12;2025-12-11;4;0
12;2025-12-11;5;242
12;2025-12-11;6;1299
12;2025-12-11;7;2677
12;2025-12-11;8;3451
12;2025-12-11;9;2367
12;2025-12-11;10;1983
12;2025-12-11;11;1972
12;2025-12-11;12;2047
12;2025-12-11;13;2012
12;2025-12-11;14;2109
12;2025-12-11;15;2272
12;2025-12-11;16;2740
12;2025-12-11;17;3060
12;2025-12-11;18;3170
12;2025-12-11;19;2440
12;2025-12-11;20;1480
12;2025-12-11;21;898
12;2025-12-11;22;461
12;2025-12-11;23;263
12;2025-12-12;0;58
12;2025-12-12;1;0
12;2025-12-12;2;0
12;2025-12-12;3;0
12;2025-12-12;4;0
12;2025-12-12;5;236
12;2025-12-12;6;1257
12;2025-12-12;7;2555
12;2025-12-12;8;3360
12;2025-12-12;9;2331
12;2025-12-12;10;1929
12;2025-12-12;11;1935
12;2025-12-12;12;1994
12;2025-12-12;13;2024
12;2025-12-12;14;2117
12;2025-12-12;15;2422
12;2025-12-12;16;2956
12;2025-12-12;17;2992
12;2025-12-12;18;2634
12;2025-12-12;19;2110
12;2025-12-12;20;1392
12;2025-12-12;21;904
12;2025-12-12;22;474
12;2025-12-12;23;295
12;2025-12-13;0;91
12;2025-12-13;1;0
12;2025-12-13;2;0
12;2025-12-13;3;0
12;2025-12-13;4;0
12;2025-12-13;5;161
12;2025-12-13;6;722
12;2025-12-13;7;836
12;2025-12-13;8;945
12;2025-12-13;9;1128
12;2025-12-13;10;1361
12;2025-12-13;11;1549
12;2025-12-13;12;1578
12;2025-12-13;13;1766
12;2025-12-13;14;1706
12;2025-12-13;15;1616
12;2025-12-13;16;1639
12;2025-12-13;17;1536
12;2025-12-13;18;1473
12;2025-12-13;19;1306
12;2025-12-13;20;899
12;2025-12-13;21;646
12;2025-12-13;22;411
12;2025-12-13;23;269
12;2025-12-14;0;93
12;2025-12-14;1;0
12;2025-12-14;2;0
12;2025-12-14;3;0
12;2025-12-14;4;0
12;2025-12-14;5;120
12;2025-12-14;6;524
12;2025-12-14;7;606
12;2025-12-14;8;703
12;2025-12-14;9;949
12;2025-12-14;10;1180
12;2025-12-14;11;1362
12;2025-12-14;12;1468
12;2025-12-14;13;1675
12;2025-12-14;14;1599
12;2025-12-14;15;1532
12;2025-12-14;16;1554
12;2025-12-14;17;1540
12;2025-12-14;18;1299
12;2025-12-14;19;1071
12;2025-12-14;20;767
12;2025-12-14;21;585
12;2025-12-14;22;383
12;2025-12-14;23;228
12;2025-12-15;0;62
12;2025-12-15;1;0
12;2025-12-15;2;0
12;2025-12-15;3;0
12;2025-12-15;4;0
12;2025-12-15;5;261
12;2025-12-15;6;1347
12;2025-12-15;7;2694
12;2025-12-15;8;3540
12;2025-12-15;9;2404
12;2025-12-15;10;1935
12;2025-12-15;11;1907
12;2025-12-15;12;1977
12;2025-12-15;13;1947
12;2025-12-15;14;1969
12;2025-12-15;15;2246
12;2025-12-15;16;2695
12;2025-12-15;17;3017
12;2025-12-15;18;3218
12;2025-12-15;19;2433
12;2025-12-15;20;1475
12;2025-12-15;21;882
12;2025-12-15;22;436
12;2025-12-15;23;219
12;2025-12-16;0;50
12;2025-12-16;1;0
12;2025-12-16;2;0
12;2025-12-16;3;0
12;2025-12-16;4;0
12;2025-12-16;5;257
12;2025-12-16;6;1334
12;2025-12-16;7;2740
12;2025-12-16;8;3617
12;2025-12-16;9;2430
12;2025-12-16;10;2016
12;2025-12-16;11;1980
12;2025-12-16;12;2019
12;2025-12-16;13;2037
12;2025-12-16;14;2120
12;2025-12-16;15;2289
12;2025-12-16;16;2790
12;2025-12-16;17;3079
12;2025-12-16;18;3203
12;2025-12-16;19;2492
12;2025-12-16;20;1468
12;2025-12-16;21;877
12;2025-12-16;22;446
12;2025-12-16;23;233
12;2025-12-17;0;53
12;2025-12-17;1;0
12;2025-12-17;2;0
12;2025-12-17;3;0
12;2025-12-17;4;0
12;2025-12-17;5;258
12;2025-12-17;6;1382
12;2025-12-17;7;2788
12;2025-12-17;8;3568
12;2025-12-17;9;2463
12;2025-12-17;10;2087
12;2025-12-17;11;2022
12;2025-12-17;12;2062
12;2025-12-17;13;2071
12;2025-12-17;14;2144
12;2025-12-17;15;2366
12;2025-12-17;16;2806
12;2025-12-17;17;3129
12;2025-12-17;18;3303
12;2025-12-17;19;2537
12;2025-12-17;20;1560
12;2025-12-17;21;941
12;2025-12-17;22;478
12;2025-12-17;23;255
12;2025-12-18;0;55
12;2025-12-18;1;0
12;2025-12-18;2;0
12;2025-12-18;3;0
12;2025-12-18;4;0
12;2025-12-18;5;250
12;2025-12-18;6;1342
12;2025-12-18;7;2762
12;2025-12-18;8;3558
12;2025-12-18;9;2427
12;2025-12-18;10;2048
12;2025-12-18;11;2036
12;2025-12-18;12;2115
12;2025-12-18;13;2084
12;2025-12-18;14;2183
12;2025-12-18;15;2351
12;2025-12-18;16;2835
12;2025-12-18;17;3162
12;2025-12-18;18;3276
12;2025-12-18;19;2523
12;2025-12-18;20;1527
12;2025-12-18;21;924
12;2025-12-18;22;472
12;2025-12-18;23;269
12;2025-12-19;0;60
12;2025-12-19;1;0
12;2025-12-19;2;0
12;2025-12-19;3;0
12;2025-12-19;4;0
12;2025-12-19;5;244
12;2025-12-19;6;1303
12;2025-12-19;7;2645
12;2025-12-19;8;3471
12;2025-12-19;9;2400
12;2025-12-19;10;1999
12;2025-12-19;11;2007
12;2025-12-19;12;2068
12;2025-12-19;13;2106
12;2025-12-19;14;2200
12;2025-12-19;15;2514
12;2025-12-19;16;3070
12;2025-12-19;17;3108
12;2025-12-19;18;2736
12;2025-12-19;19;2194
12;2025-12-19;20;1444
12;2025-12-19;21;936
12;2025-12-19;22;488
12;2025-12-19;23;305
12;2025-12-20;0;90
12;2025-12-20;1;0
12;2025-12-20;2;0
12;2025-12-20;3;0
12;2025-12-20;4;0
12;2025-12-20;5;160
12;2025-12-20;6;721
12;2025-12-20;7;835
12;2025-12-20;8;944
12;2025-12-20;9;1127
12;2025-12-20;10;1362
12;2025-12-20;11;1548
12;2025-12-20;12;1578
12;2025-12-20;13;1767
12;2025-12-20;14;1707
12;2025-12-20;15;1617
12;2025-12-20;16;1639
12;2025-12-20;17;1536
12;2025-12-20;18;1473
12;2025-12-20;19;1305
12;2025-12-20;20;899
12;2025-12-20;21;646
12;2025-12-20;22;411
12;2025-12-20;23;270
12;2025-12-21;0;92
12;2025-12-21;1;0
12;2025-12-21;2;0
12;2025-12-21;3;0
12;2025-12-21;4;0
12;2025-12-21;5;119
12;2025-12-21;6;519
12;2025-12-21;7;601
12;2025-12-21;8;697
12;2025-12-21;9;940
12;2025-12-21;10;1167
12;2025-12-21;11;1347
12;2025-12-21;12;1453
12;2025-12-21;13;1659
12;2025-12-21;14;1585
12;2025-12-21;15;1518
12;2025-12-21;16;1537
12;2025-12-21;17;1523
12;2025-12-21;18;1285
12;2025-12-21;19;1057
12;2025-12-21;20;757
12;2025-12-21;21;580
12;2025-12-21;22;380
12;2025-12-21;23;227
12;2025-12-22;0;61
12;2025-12-22;1;0
12;2025-12-22;2;0
12;2025-12-22;3;0
12;2025-12-22;4;0
12;2025-12-22;5;255
12;2025-12-22;6;1324
12;2025-12-22;7;2648
12;2025-12-22;8;3479
12;2025-12-22;9;2368
12;2025-12-22;10;1902
12;2025-12-22;11;1876
12;2025-12-22;12;1945
12;2025-12-22;13;1916
12;2025-12-22;14;1937
12;2025-12-22;15;2206
12;2025-12-22;16;2645
12;2025-12-22;17;2964
12;2025-12-22;18;3163
12;2025-12-22;19;2390
12;2025-12-22;20;1449
12;2025-12-22;21;867
12;2025-12-22;22;429
12;2025-12-22;23;216
12;2025-12-23;0;52
12;2025-12-23;1;0
12;2025-12-23;2;0
12;2025-12-23;3;0
12;2025-12-23;4;0
12;2025-12-23;5;263
12;2025-12-23;6;1367
12;2025-12-23;7;2808
12;2025-12-23;8;3708
12;2025-12-23;9;2484
12;2025-12-23;10;2065
12;2025-12-23;11;2031
12;2025-12-23;12;2069
12;2025-12-23;13;2090
12;2025-12-23;14;2177
12;2025-12-23;15;2353
12;2025-12-23;16;2866
12;2025-12-23;17;3159
12;2025-12-23;18;3285
12;2025-12-23;19;2554
12;2025-12-23;20;1502
12;2025-12-23;21;896
12;2025-12-23;22;455
12;2025-12-23;23;236
12;2025-12-24;0;53
12;2025-12-24;1;0
12;2025-12-24;2;0
12;2025-12-24;3;0
12;2025-12-24;4;0
12;2025-12-24;5;256
12;2025-12-24;6;1373
12;2025-12-24;7;2768
12;2025-12-24;8;3540
12;2025-12-24;9;2446
12;2025-12-24;10;2074
12;2025-12-24;11;2007
12;2025-12-24;12;2045
12;2025-12-24;13;2059
12;2025-12-24;14;2131
12;2025-12-24;15;2347
12;2025-12-24;16;2785
12;2025-12-24;17;3104
12;2025-12-24;18;3277
12;2025-12-24;19;2526
12;2025-12-24;20;1550
12;2025-12-24;21;934
12;2025-12-24;22;475
12;2025-12-24;23;254
12;2025-12-25;0;54
12;2025-12-25;1;0
12;2025-12-25;2;0
12;2025-12-25;3;0
12;2025-12-25;4;0
12;2025-12-25;5;237
12;2025-12-25;6;1293
12;2025-12-25;7;2677
12;2025-12-25;8;3447
12;2025-12-25;9;2367
12;2025-12-25;10;1984
12;2025-12-25;11;1971
12;2025-12-25;12;2047
12;2025-12-25;13;2017
12;2025-12-25;14;2112
12;2025-12-25;15;2269
12;2025-12-25;16;2737
12;2025-12-25;17;3057
12;2025-12-25;18;3168
12;2025-12-25;19;2447
12;2025-12-25;20;1480
12;2025-12-25;21;896
12;2025-12-25;22;460
12;2025-12-25;23;262
12;2025-12-26;0;58
12;2025-12-26;1;0
12;2025-12-26;2;0
12;2025-12-26;3;0
12;2025-12-26;4;0
12;2025-12-26;5;223
12;2025-12-26;6;1237
12;2025-12-26;7;2519
12;2025-12-26;8;3325
12;2025-12-26;9;2306
12;2025-12-26;10;1893
12;2025-12-26;11;1898
12;2025-12-26;12;1962
12;2025-12-26;13;2001
12;2025-12-26;14;2109
12;2025-12-26;15;2410
12;2025-12-26;16;2941
12;2025-12-26;17;2977
12;2025-12-26;18;2651
12;2025-12-26;19;2133
12;2025-12-26;20;1399
12;2025-12-26;21;944
12;2025-12-26;22;483
12;2025-12-26;23;303
12;2025-12-27;0;90
12;2025-12-27;1;0
12;2025-12-27;2;0
12;2025-12-27;3;0
12;2025-12-27;4;0
12;2025-12-27;5;155
12;2025-12-27;6;712
12;2025-12-27;7;819
12;2025-12-27;8;932
12;2025-12-27;9;1105
12;2025-12-27;10;1335
12;2025-12-27;11;1508
12;2025-12-27;12;1542
12;2025-12-27;13;1755
12;2025-12-27;14;1708
12;2025-12-27;15;1618
12;2025-12-27;16;1640
12;2025-12-27;17;1537
12;2025-12-27;18;1492
12;2025-12-27;19;1325
12;2025-12-27;20;915
12;2025-12-27;21;684
12;2025-12-27;22;428
12;2025-12-27;23;280
12;2025-12-28;0;90
12;2025-12-28;1;0
12;2025-12-28;2;0
12;2025-12-28;3;0
12;2025-12-28;4;0
12;2025-12-28;5;114
12;2025-12-28;6;509
12;2025-12-28;7;582
12;2025-12-28;8;678
12;2025-12-28;9;904
12;2025-12-28;10;1126
12;2025-12-28;11;1292
12;2025-12-28;12;1396
12;2025-12-28;13;1620
12;2025-12-28;14;1557
12;2025-12-28;15;1492
12;2025-12-28;16;1514
12;2025-12-28;17;1499
12;2025-12-28;18;1281
12;2025-12-28;19;1060
12;2025-12-28;20;761
12;2025-12-28;21;605
12;2025-12-28;22;390
12;2025-12-28;23;232
12;2025-12-29;0;61
12;2025-12-29;1;0
12;2025-12-29;2;0
12;2025-12-29;3;0
12;2025-12-29;4;0
12;2025-12-29;5;247
12;2025-12-29;6;1308
12;2025-12-29;7;2617
12;2025-12-29;8;3448
12;2025-12-29;9;2340
12;2025-12-29;10;1875
12;2025-12-29;11;1850
12;2025-12-29;12;1924
12;2025-12-29;13;1899
12;2025-12-29;14;1936
12;2025-12-29;15;2204
12;2025-12-29;16;2645
12;2025-12-29;17;2965
12;2025-12-29;18;3164
12;2025-12-29;19;2396
12;2025-12-29;20;1465
12;2025-12-29;21;906
12;2025-12-29;22;433
12;2025-12-29;23;218
12;2025-12-30;0;50
12;2025-12-30;1;0
12;2025-12-30;2;0
12;2025-12-30;3;0
12;2025-12-30;4;0
12;2025-12-30;5;235
12;2025-12-30;6;1302
12;2025-12-30;7;2691
12;2025-12-30;8;3562
12;2025-12-30;9;2390
12;2025-12-30;10;1968
12;2025-12-30;11;1934
12;2025-12-30;12;1979
12;2025-12-30;13;2011
12;2025-12-30;14;2118
12;2025-12-30;15;2291
12;2025-12-30;16;2790
12;2025-12-30;17;3079
12;2025-12-30;18;3203
12;2025-12-30;19;2496
12;2025-12-30;20;1480
12;2025-12-30;21;914
12;2025-12-30;22;450
12;2025-12-30;23;235
12;2025-12-31;0;83
12;2025-12-31;1;0
12;2025-12-31;2;0
12;2025-12-31;3;0
12;2025-12-31;4;0
12;2025-12-31;5;116
12;2025-12-31;6;537
12;2025-12-31;7;609
12;2025-12-31;8;684
12;2025-12-31;9;876
12;2025-12-31;10;1087
12;2025-12-31;11;1233
12;2025-12-31;12;1324
12;2025-12-31;13;1536
12;2025-12-31;14;1494
12;2025-12-31;15;1427
12;2025-12-31;16;1448
12;2025-12-31;17;1405
12;2025-12-31;18;1270
12;2025-12-31;19;1090
12;2025-12-31;20;782
12;2025-12-31;21;610
12;2025-12-31;22;400
12;2025-12-31;23;243
17;2025-11-01;0;98
17;2025-11-01;1;0
17;2025-11-01;2;0
17;2025-11-01;3;0
17;2025-11-01;4;0
17;2025-11-01;5;155
17;2025-11-01;6;1076
17;2025-11-01;7;2855
17;2025-11-01;8;3620
17;2025-11-01;9;2626
17;2025-11-01;10;2124
17;2025-11-01;11;2142
17;2025-11-01;12;2139
17;2025-11-01;13;2214
17;2025-11-01;14;2252
17;2025-11-01;15;2477
17;2025-11-01;16;2900
17;2025-11-01;17;3243
17;2025-11-01;18;3019
17;2025-11-01;19;2272
17;2025-11-01;20;1636
17;2025-11-01;21;1075
17;2025-11-01;22;579
17;2025-11-01;23;327
17;2025-11-02;0;178
17;2025-11-02;1;0
17;2025-11-02;2;0
17;2025-11-02;3;0
17;2025-11-02;4;0
17;2025-11-02;5;70
17;2025-11-02;6;418
17;2025-11-02;7;831
17;2025-11-02;8;1197
17;2025-11-02;9;1621
17;2025-11-02;10;1917
17;2025-11-02;11;2430
17;2025-11-02;12;2746
17;2025-11-02;13;3029
17;2025-11-02;14;3109
17;2025-11-02;15;3059
17;2025-11-02;16;2997
17;2025-11-02;17;2915
17;2025-11-02;18;2596
17;2025-11-02;19;2085
17;2025-11-02;20;1577
17;2025-11-02;21;1121
17;2025-11-02;22;681
17;2025-11-02;23;333
17;2025-11-03;0;163
17;2025-11-03;1;0
17;2025-11-03;2;0
17;2025-11-03;3;0
17;2025-11-03;4;0
17;2025-11-03;5;71
17;2025-11-03;6;430
17;2025-11-03;7;871
17;2025-11-03;8;1227
17;2025-11-03;9;1609
17;2025-11-03;10;1842
17;2025-11-03;11;2270
17;2025-11-03;12;2601
17;2025-11-03;13;2833
17;2025-11-03;14;2883
17;2025-11-03;15;2856
17;2025-11-03;16;2806
17;2025-11-03;17;2715
17;2025-11-03;18;2439
17;2025-11-03;19;1982
17;2025-11-03;20;1544
17;2025-11-03;21;1115
17;2025-11-03;22;711
17;2025-11-03;23;350
17;2025-11-04;0;162
17;2025-11-04;1;0
17;2025-11-04;2;0
17;2025-11-04;3;0
17;2025-11-04;4;0
17;2025-11-04;5;71
17;2025-11-04;6;427
17;2025-11-04;7;865
17;2025-11-04;8;1227
17;2025-11-04;9;1597
17;2025-11-04;10;1826
17;2025-11-04;11;2250
17;2025-11-04;12;2578
17;2025-11-04;13;2808
17;2025-11-04;14;2857
17;2025-11-04;15;2831
17;2025-11-04;16;2781
17;2025-11-04;17;2689
17;2025-11-04;18;2416
17;2025-11-04;19;1963
17;2025-11-04;20;1531
17;2025-11-04;21;1105
17;2025-11-04;22;705
17;2025-11-04;23;341
17;2025-11-05;0;118
17;2025-11-05;1;0
17;2025-11-05;2;0
17;2025-11-05;3;0
17;2025-11-05;4;0
17;2025-11-05;5;225
17;2025-11-05;6;1564
17;2025-11-05;7;4141
17;2025-11-05;8;5313
17;2025-11-05;9;3708
17;2025-11-05;10;3050
17;2025-11-05;11;3047
17;2025-11-05;12;3084
17;2025-11-05;13;3086
17;2025-11-05;14;3137
17;2025-11-05;15;3310
17;2025-11-05;16;3672
17;2025-11-05;17;4537
17;2025-11-05;18;4901
17;2025-11-05;19;3462
17;2025-11-05;20;2358
17;2025-11-05;21;1477
17;2025-11-05;22;777
17;2025-11-05;23;374
17;2025-11-06;0;128
17;2025-11-06;1;0
17;2025-11-06;2;0
17;2025-11-06;3;0
17;2025-11-06;4;0
17;2025-11-06;5;222
17;2025-11-06;6;1511
17;2025-11-06;7;4065
17;2025-11-06;8;5192
17;2025-11-06;9;3717
17;2025-11-06;10;3005
17;2025-11-06;11;2967
17;2025-11-06;12;3006
17;2025-11-06;13;3020
17;2025-11-06;14;3041
17;2025-11-06;15;3227
17;2025-11-06;16;3662
17;2025-11-06;17;4446
17;2025-11-06;18;4779
17;2025-11-06;19;3379
17;2025-11-06;20;2323
17;2025-11-06;21;1459
17;2025-11-06;22;773
17;2025-11-06;23;390
17;2025-11-07;0;135
17;2025-11-07;1;0
17;2025-11-07;2;0
17;2025-11-07;3;0
17;2025-11-07;4;0
17;2025-11-07;5;214
17;2025-11-07;6;1475
17;2025-11-07;7;3915
17;2025-11-07;8;4967
17;2025-11-07;9;3598
17;2025-11-07;10;2916
17;2025-11-07;11;2941
17;2025-11-07;12;2938
17;2025-11-07;13;3039
17;2025-11-07;14;3092
17;2025-11-07;15;3393
17;2025-11-07;16;3972
17;2025-11-07;17;4441
17;2025-11-07;18;4135
17;2025-11-07;19;3095
17;2025-11-07;20;2246
17;2025-11-07;21;1483
17;2025-11-07;22;824
17;2025-11-07;23;456
17;2025-11-08;0;181
17;2025-11-08;1;0
17;2025-11-08;2;0
17;2025-11-08;3;0
17;2025-11-08;4;0
17;2025-11-08;5;90
17;2025-11-08;6;580
17;2025-11-08;7;1160
17;2025-11-08;8;1606
17;2025-11-08;9;2006
17;2025-11-08;10;2243
17;2025-11-08;11;2671
17;2025-11-08;12;2955
17;2025-11-08;13;3139
17;2025-11-08;14;3140
17;2025-11-08;15;3113
17;2025-11-08;16;3061
17;2025-11-08;17;2944
17;2025-11-08;18;2712
17;2025-11-08;19;2247
17;2025-11-08;20;1723
17;2025-11-08;21;1238
17;2025-11-08;22;783
17;2025-11-08;23;416
17;2025-11-09;0;178
17;2025-11-09;1;0
17;2025-11-09;2;0
17;2025-11-09;3;0
17;2025-11-09;4;0
17;2025-11-09;5;69
17;2025-11-09;6;416
17;2025-11-09;7;832
17;2025-11-09;8;1197
17;2025-11-09;9;1620
17;2025-11-09;10;1915
17;2025-11-09;11;2427
17;2025-11-09;12;2743
17;2025-11-09;13;3024
17;2025-11-09;14;3103
17;2025-11-09;15;3047
17;2025-11-09;16;2985
17;2025-11-09;17;2903
17;2025-11-09;18;2584
17;2025-11-09;19;2068
17;2025-11-09;20;1574
17;2025-11-09;21;1123
17;2025-11-09;22;699
17;2025-11-09;23;334
17;2025-11-10;0;119
17;2025-11-10;1;0
17;2025-11-10;2;0
17;2025-11-10;3;0
17;2025-11-10;4;0
17;2025-11-10;5;224
17;2025-11-10;6;1522
17;2025-11-10;7;4071
17;2025-11-10;8;5288
17;2025-11-10;9;3750
17;2025-11-10;10;2933
17;2025-11-10;11;2897
17;2025-11-10;12;2894
17;2025-11-10;13;2923
17;2025-11-10;14;2948
17;2025-11-10;15;3201
17;2025-11-10;16;3592
17;2025-11-10;17;4389
17;2025-11-10;18;4791
17;2025-11-10;19;3323
17;2025-11-10;20;2255
17;2025-11-10;21;1376
17;2025-11-10;22;712
17;2025-11-10;23;324
17;2025-11-11;0;111
17;2025-11-11;1;0
17;2025-11-11;2;0
17;2025-11-11;3;0
17;2025-11-11;4;0
17;2025-11-11;5;233
17;2025-11-11;6;1589
17;2025-11-11;7;4254
17;2025-11-11;8;5506
17;2025-11-11;9;3878
17;2025-11-11;10;3061
17;2025-11-11;11;3028
17;2025-11-11;12;3031
17;2025-11-11;13;3062
17;2025-11-11;14;3142
17;2025-11-11;15;3256
17;2025-11-11;16;3656
17;2025-11-11;17;4621
17;2025-11-11;18;5013
17;2025-11-11;19;3521
17;2025-11-11;20;2377
17;2025-11-11;21;1442
17;2025-11-11;22;742
17;2025-11-11;23;353
17;2025-11-12;0;117
17;2025-11-12;1;0
17;2025-11-12;2;0
17;2025-11-12;3;0
17;2025-11-12;4;0
17;2025-11-12;5;225
17;2025-11-12;6;1539
17;2025-11-12;7;4075
17;2025-11-12;8;5230
17;2025-11-12;9;3652
17;2025-11-12;10;2999
17;2025-11-12;11;2995
17;2025-11-12;12;3032
17;2025-11-12;13;3032
17;2025-11-12;14;3084
17;2025-11-12;15;3257
17;2025-11-12;16;3615
17;2025-11-12;17;4467
17;2025-11-12;18;4830
17;2025-11-12;19;3424
17;2025-11-12;20;2325
17;2025-11-12;21;1460
17;2025-11-12;22;771
17;2025-11-12;23;373
17;2025-11-13;0;131
17;2025-11-13;1;0
17;2025-11-13;2;0
17;2025-11-13;3;0
17;2025-11-13;4;0
17;2025-11-13;5;237
17;2025-11-13;6;1552
17;2025-11-13;7;4161
17;2025-11-13;8;5315
17;2025-11-13;9;3804
17;2025-11-13;10;3073
17;2025-11-13;11;3034
17;2025-11-13;12;3072
17;2025-11-13;13;3088
17;2025-11-13;14;3112
17;2025-11-13;15;3303
17;2025-11-13;16;3747
17;2025-11-13;17;4549
17;2025-11-13;18;4891
17;2025-11-13;19;3473
17;2025-11-13;20;2378
17;2025-11-13;21;1493
17;2025-11-13;22;793
17;2025-11-13;23;396
17;2025-11-14;0;136
17;2025-11-14;1;0
17;2025-11-14;2;0
17;2025-11-14;3;0
17;2025-11-14;4;0
17;2025-11-14;5;221
17;2025-11-14;6;1490
17;2025-11-14;7;3951
17;2025-11-14;8;5015
17;2025-11-14;9;3635
17;2025-11-14;10;2943
17;2025-11-14;11;2968
17;2025-11-14;12;2964
17;2025-11-14;13;3066
17;2025-11-14;14;3119
17;2025-11-14;15;3423
17;2025-11-14;16;4007
17;2025-11-14;17;4481
17;2025-11-14;18;4172
17;2025-11-14;19;3125
17;2025-11-14;20;2267
17;2025-11-14;21;1499
17;2025-11-14;22;837
17;2025-11-14;23;459
17;2025-11-15;0;174
17;2025-11-15;1;0
17;2025-11-15;2;0
17;2025-11-15;3;0
17;2025-11-15;4;0
17;2025-11-15;5;87
17;2025-11-15;6;564
17;2025-11-15;7;1143
17;2025-11-15;8;1591
17;2025-11-15;9;1965
17;2025-11-15;10;2153
17;2025-11-15;11;2553
17;2025-11-15;12;2823
17;2025-11-15;13;2999
17;2025-11-15;14;3002
17;2025-11-15;15;2976
17;2025-11-15;16;2937
17;2025-11-15;17;2824
17;2025-11-15;18;2602
17;2025-11-15;19;2168
17;2025-11-15;20;1652
17;2025-11-15;21;1190
17;2025-11-15;22;755
17;2025-11-15;23;397
17;2025-11-16;0;178
17;2025-11-16;1;0
17;2025-11-16;2;0
17;2025-11-16;3;0
17;2025-11-16;4;0
17;2025-11-16;5;69
17;2025-11-16;6;418
17;2025-11-16;7;834
17;2025-11-16;8;1201
17;2025-11-16;9;1626
17;2025-11-16;10;1922
17;2025-11-16;11;2437
17;2025-11-16;12;2755
17;2025-11-16;13;3037
17;2025-11-16;14;3115
17;2025-11-16;15;3065
17;2025-11-16;16;3006
17;2025-11-16;17;2924
17;2025-11-16;18;2604
17;2025-11-16;19;2099
17;2025-11-16;20;1592
17;2025-11-16;21;1133
17;2025-11-16;22;709
17;2025-11-16;23;336
17;2025-11-17;0;118
17;2025-11-17;1;0
17;2025-11-17;2;0
17;2025-11-17;3;0
17;2025-11-17;4;0
17;2025-11-17;5;223
17;2025-11-17;6;1492
17;2025-11-17;7;4012
17;2025-11-17;8;5187
17;2025-11-17;9;3668
17;2025-11-17;10;2808
17;2025-11-17;11;2772
17;2025-11-17;12;2792
17;2025-11-17;13;2856
17;2025-11-17;14;2884
17;2025-11-17;15;3130
17;2025-11-17;16;3513
17;2025-11-17;17;4294
17;2025-11-17;18;4688
17;2025-11-17;19;3257
17;2025-11-17;20;2209
17;2025-11-17;21;1349
17;2025-11-17;22;699
17;2025-11-17;23;316
17;2025-11-18;0;106
17;2025-11-18;1;0
17;2025-11-18;2;0
17;2025-11-18;3;0
17;2025-11-18;4;0
17;2025-11-18;5;225
17;2025-11-18;6;1526
17;2025-11-18;7;4074
17;2025-11-18;8;5249
17;2025-11-18;9;3707
17;2025-11-18;10;2852
17;2025-11-18;11;2817
17;2025-11-18;12;2837
17;2025-11-18;13;2903
17;2025-11-18;14;2983
17;2025-11-18;15;3097
17;2025-11-18;16;3479
17;2025-11-18;17;4396
17;2025-11-18;18;4762
17;2025-11-18;19;3343
17;2025-11-18;20;2263
17;2025-11-18;21;1375
17;2025-11-18;22;710
17;2025-11-18;23;339
17;2025-11-19;0;120
17;2025-11-19;1;0
17;2025-11-19;2;0
17;2025-11-19;3;0
17;2025-11-19;4;0
17;2025-11-19;5;237
17;2025-11-19;6;1585
17;2025-11-19;7;4206
17;2025-11-19;8;5373
17;2025-11-19;9;3713
17;2025-11-19;10;2957
17;2025-11-19;11;2954
17;2025-11-19;12;3022
17;2025-11-19;13;3092
17;2025-11-19;14;3155
17;2025-11-19;15;3332
17;2025-11-19;16;3700
17;2025-11-19;17;4573
17;2025-11-19;18;4949
17;2025-11-19;19;3508
17;2025-11-19;20;2377
17;2025-11-19;21;1491
17;2025-11-19;22;787
17;2025-11-19;23;375
17;2025-11-20;0;132
17;2025-11-20;1;0
17;2025-11-20;2;0
17;2025-11-20;3;0
17;2025-11-20;4;0
17;2025-11-20;5;239
17;2025-11-20;6;1564
17;2025-11-20;7;4215
17;2025-11-20;8;5363
17;2025-11-20;9;3805
17;2025-11-20;10;2981
17;2025-11-20;11;2942
17;2025-11-20;12;3012
17;2025-11-20;13;3094
17;2025-11-20;14;3128
17;2025-11-20;15;3320
17;2025-11-20;16;3767
17;2025-11-20;17;4575
17;2025-11-20;18;4925
17;2025-11-20;19;3500
17;2025-11-20;20;2396
17;2025-11-20;21;1500
17;2025-11-20;22;796
17;2025-11-20;23;392
17;2025-11-21;0;136
17;2025-11-21;1;0
17;2025-11-21;2;0
17;2025-11-21;3;0
17;2025-11-21;4;0
17;2025-11-21;5;222
17;2025-11-21;6;1501
17;2025-11-21;7;3993
17;2025-11-21;8;5055
17;2025-11-21;9;3634
17;2025-11-21;10;2851
17;2025-11-21;11;2875
17;2025-11-21;12;2902
17;2025-11-21;13;3067
17;2025-11-21;14;3130
17;2025-11-21;15;3445
17;2025-11-21;16;4032
17;2025-11-21;17;4509
17;2025-11-21;18;4203
17;2025-11-21;19;3162
17;2025-11-21;20;2278
17;2025-11-21;21;1508
17;2025-11-21;22;843
17;2025-11-21;23;456
17;2025-11-22;0;178
17;2025-11-22;1;0
17;2025-11-22;2;0
17;2025-11-22;3;0
17;2025-11-22;4;0
17;2025-11-22;5;88
17;2025-11-22;6;572
17;2025-11-22;7;1152
17;2025-11-22;8;1606
17;2025-11-22;9;1981
17;2025-11-22;10;2191
17;2025-11-22;11;2608
17;2025-11-22;12;2886
17;2025-11-22;13;3075
17;2025-11-22;14;3078
17;2025-11-22;15;3050
17;2025-11-22;16;3001
17;2025-11-22;17;2885
17;2025-11-22;18;2658
17;2025-11-22;19;2212
17;2025-11-22;20;1688
17;2025-11-22;21;1216
17;2025-11-22;22;772
17;2025-11-22;23;404
17;2025-11-23;0;178
17;2025-11-23;1;0
17;2025-11-23;2;0
17;2025-11-23;3;0
17;2025-11-23;4;0
17;2025-11-23;5;69
17;2025-11-23;6;417
17;2025-11-23;7;833
17;2025-11-23;8;1199
17;2025-11-23;9;1614
17;2025-11-23;10;1907
17;2025-11-23;11;2419
17;2025-11-23;12;2736
17;2025-11-23;13;3026
17;2025-11-23;14;3104
17;2025-11-23;15;3053
17;2025-11-23;16;2993
17;2025-11-23;17;2911
17;2025-11-23;18;2592
17;2025-11-23;19;2085
17;2025-11-23;20;1578
17;2025-11-23;21;1129
17;2025-11-23;22;705
17;2025-11-23;23;336
17;2025-11-24;0;116
17;2025-11-24;1;0
17;2025-11-24;2;0
17;2025-11-24;3;0
17;2025-11-24;4;0
17;2025-11-24;5;222
17;2025-11-24;6;1488
17;2025-11-24;7;3959
17;2025-11-24;8;5118
17;2025-11-24;9;3608
17;2025-11-24;10;2741
17;2025-11-24;11;2704
17;2025-11-24;12;2727
17;2025-11-24;13;2812
17;2025-11-24;14;2844
17;2025-11-24;15;3090
17;2025-11-24;16;3465
17;2025-11-24;17;4236
17;2025-11-24;18;4625
17;2025-11-24;19;3206
17;2025-11-24;20;2176
17;2025-11-24;21;1329
17;2025-11-24;22;689
17;2025-11-24;23;312
17;2025-11-25;0;111
17;2025-11-25;1;0
17;2025-11-25;2;0
17;2025-11-25;3;0
17;2025-11-25;4;0
17;2025-11-25;5;239
17;2025-11-25;6;1599
17;2025-11-25;7;4298
17;2025-11-25;8;5540
17;2025-11-25;9;3858
17;2025-11-25;10;2966
17;2025-11-25;11;2931
17;2025-11-25;12;2965
17;2025-11-25;13;3062
17;2025-11-25;14;3152
17;2025-11-25;15;3270
17;2025-11-25;16;3670
17;2025-11-25;17;4639
17;2025-11-25;18;5032
17;2025-11-25;19;3539
17;2025-11-25;20;2388
17;2025-11-25;21;1453
17;2025-11-25;22;750
17;2025-11-25;23;353
17;2025-11-26;0;115
17;2025-11-26;1;0
17;2025-11-26;2;0
17;2025-11-26;3;0
17;2025-11-26;4;0
17;2025-11-26;5;226
17;2025-11-26;6;1528
17;2025-11-26;7;4026
17;2025-11-26;8;5158
17;2025-11-26;9;3566
17;2025-11-26;10;2830
17;2025-11-26;11;2827
17;2025-11-26;12;2889
17;2025-11-26;13;2954
17;2025-11-26;14;3015
17;2025-11-26;15;3187
17;2025-11-26;16;3537
17;2025-11-26;17;4370
17;2025-11-26;18;4729
17;2025-11-26;19;3351
17;2025-11-26;20;2271
17;2025-11-26;21;1425
17;2025-11-26;22;754
17;2025-11-26;23;358
17;2025-11-27;0;130
17;2025-11-27;1;0
17;2025-11-27;2;0
17;2025-11-27;3;0
17;2025-11-27;4;0
17;2025-11-27;5;231
17;2025-11-27;6;1517
17;2025-11-27;7;4089
17;2025-11-27;8;5213
17;2025-11-27;9;3689
17;2025-11-27;10;2893
17;2025-11-27;11;2852
17;2025-11-27;12;2920
17;2025-11-27;13;2999
17;2025-11-27;14;3032
17;2025-11-27;15;3218
17;2025-11-27;16;3649
17;2025-11-27;17;4433
17;2025-11-27;18;4772
17;2025-11-27;19;3380
17;2025-11-27;20;2315
17;2025-11-27;21;1456
17;2025-11-27;22;775
17;2025-11-27;23;385
17;2025-11-28;0;136
17;2025-11-28;1;0
17;2025-11-28;2;0
17;2025-11-28;3;0
17;2025-11-28;4;0
17;2025-11-28;5;220
17;2025-11-28;6;1479
17;2025-11-28;7;3945
17;2025-11-28;8;5001
17;2025-11-28;9;3579
17;2025-11-28;10;2815
17;2025-11-28;11;2839
17;2025-11-28;12;2865
17;2025-11-28;13;3028
17;2025-11-28;14;3090
17;2025-11-28;15;3401
17;2025-11-28;16;3979
17;2025-11-28;17;4450
17;2025-11-28;18;4148
17;2025-11-28;19;3118
17;2025-11-28;20;2249
17;2025-11-28;21;1489
17;2025-11-28;22;832
17;2025-11-28;23;450
17;2025-11-29;0;184
17;2025-11-29;1;0
17;2025-11-29;2;0
17;2025-11-29;3;0
17;2025-11-29;4;0
17;2025-11-29;5;91
17;2025-11-29;6;593
17;2025-11-29;7;1183
17;2025-11-29;8;1629
17;2025-11-29;9;2026
17;2025-11-29;10;2271
17;2025-11-29;11;2708
17;2025-11-29;12;2996
17;2025-11-29;13;3193
17;2025-11-29;14;3195
17;2025-11-29;15;3167
17;2025-11-29;16;3116
17;2025-11-29;17;2997
17;2025-11-29;18;2762
17;2025-11-29;19;2299
17;2025-11-29;20;1752
17;2025-11-29;21;1259
17;2025-11-29;22;797
17;2025-11-29;23;414
17;2025-11-30;0;179
17;2025-11-30;1;0
17;2025-11-30;2;0
17;2025-11-30;3;0
17;2025-11-30;4;0
17;2025-11-30;5;70
17;2025-11-30;6;420
17;2025-11-30;7;840
17;2025-11-30;8;1204
17;2025-11-30;9;1623
17;2025-11-30;10;1924
17;2025-11-30;11;2440
17;2025-11-30;12;2759
17;2025-11-30;13;3052
17;2025-11-30;14;3133
17;2025-11-30;15;3081
17;2025-11-30;16;3019
17;2025-11-30;17;2936
17;2025-11-30;18;2614
17;2025-11-30;19;2099
17;2025-11-30;20;1591
17;2025-11-30;21;1138
17;2025-11-30;22;711
17;2025-11-30;23;338
17;2025-12-01;0;112
17;2025-12-01;1;0
17;2025-12-01;2;0
17;2025-12-01;3;0
17;2025-12-01;4;0
17;2025-12-01;5;240
17;2025-12-01;6;1533
17;2025-12-01;7;4065
17;2025-12-01;8;5417
17;2025-12-01;9;3688
17;2025-12-01;10;2802
17;2025-12-01;11;2820
17;2025-12-01;12;2837
17;2025-12-01;13;2942
17;2025-12-01;14;2966
17;2025-12-01;15;3262
17;2025-12-01;16;3686
17;2025-12-01;17;4540
17;2025-12-01;18;5033
17;2025-12-01;19;3521
17;2025-12-01;20;2343
17;2025-12-01;21;1383
17;2025-12-01;22;770
17;2025-12-01;23;326
17;2025-12-02;0;116
17;2025-12-02;1;0
17;2025-12-02;2;0
17;2025-12-02;3;0
17;2025-12-02;4;0
17;2025-12-02;5;251
17;2025-12-02;6;1614
17;2025-12-02;7;4233
17;2025-12-02;8;5635
17;2025-12-02;9;3925
17;2025-12-02;10;2990
17;2025-12-02;11;2938
17;2025-12-02;12;3027
17;2025-12-02;13;3110
17;2025-12-02;14;3166
17;2025-12-02;15;3409
17;2025-12-02;16;3784
17;2025-12-02;17;4659
17;2025-12-02;18;5081
17;2025-12-02;19;3619
17;2025-12-02;20;2451
17;2025-12-02;21;1469
17;2025-12-02;22;785
17;2025-12-02;23;346
17;2025-12-03;0;118
17;2025-12-03;1;0
17;2025-12-03;2;0
17;2025-12-03;3;0
17;2025-12-03;4;0
17;2025-12-03;5;251
17;2025-12-03;6;1577
17;2025-12-03;7;4125
17;2025-12-03;8;5471
17;2025-12-03;9;3793
17;2025-12-03;10;2937
17;2025-12-03;11;2967
17;2025-12-03;12;3014
17;2025-12-03;13;3146
17;2025-12-03;14;3180
17;2025-12-03;15;3368
17;2025-12-03;16;3785
17;2025-12-03;17;4623
17;2025-12-03;18;5040
17;2025-12-03;19;3562
17;2025-12-03;20;2407
17;2025-12-03;21;1497
17;2025-12-03;22;828
17;2025-12-03;23;372
17;2025-12-04;0;126
17;2025-12-04;1;0
17;2025-12-04;2;0
17;2025-12-04;3;0
17;2025-12-04;4;0
17;2025-12-04;5;248
17;2025-12-04;6;1589
17;2025-12-04;7;4111
17;2025-12-04;8;5414
17;2025-12-04;9;3822
17;2025-12-04;10;3013
17;2025-12-04;11;2969
17;2025-12-04;12;3074
17;2025-12-04;13;3142
17;2025-12-04;14;3198
17;2025-12-04;15;3398
17;2025-12-04;16;3846
17;2025-12-04;17;4587
17;2025-12-04;18;5068
17;2025-12-04;19;3588
17;2025-12-04;20;2431
17;2025-12-04;21;1503
17;2025-12-04;22;850
17;2025-12-04;23;393
17;2025-12-05;0;140
17;2025-12-05;1;0
17;2025-12-05;2;0
17;2025-12-05;3;0
17;2025-12-05;4;0
17;2025-12-05;5;233
17;2025-12-05;6;1521
17;2025-12-05;7;3943
17;2025-12-05;8;5184
17;2025-12-05;9;3683
17;2025-12-05;10;2889
17;2025-12-05;11;2896
17;2025-12-05;12;3004
17;2025-12-05;13;3149
17;2025-12-05;14;3221
17;2025-12-05;15;3619
17;2025-12-05;16;4272
17;2025-12-05;17;4672
17;2025-12-05;18;4355
17;2025-12-05;19;3186
17;2025-12-05;20;2329
17;2025-12-05;21;1543
17;2025-12-05;22;927
17;2025-12-05;23;449
17;2025-12-06;0;180
17;2025-12-06;1;0
17;2025-12-06;2;0
17;2025-12-06;3;0
17;2025-12-06;4;0
17;2025-12-06;5;85
17;2025-12-06;6;554
17;2025-12-06;7;1080
17;2025-12-06;8;1542
17;2025-12-06;9;1969
17;2025-12-06;10;2205
17;2025-12-06;11;2710
17;2025-12-06;12;3062
17;2025-12-06;13;3264
17;2025-12-06;14;3316
17;2025-12-06;15;3247
17;2025-12-06;16;3197
17;2025-12-06;17;3081
17;2025-12-06;18;2791
17;2025-12-06;19;2291
17;2025-12-06;20;1759
17;2025-12-06;21;1286
17;2025-12-06;22;860
17;2025-12-06;23;421
17;2025-12-07;0;176
17;2025-12-07;1;0
17;2025-12-07;2;0
17;2025-12-07;3;0
17;2025-12-07;4;0
17;2025-12-07;5;65
17;2025-12-07;6;414
17;2025-12-07;7;786
17;2025-12-07;8;1206
17;2025-12-07;9;1626
17;2025-12-07;10;1913
17;2025-12-07;11;2436
17;2025-12-07;12;2840
17;2025-12-07;13;3128
17;2025-12-07;14;3193
17;2025-12-07;15;3176
17;2025-12-07;16;3072
17;2025-12-07;17;2950
17;2025-12-07;18;2601
17;2025-12-07;19;2080
17;2025-12-07;20;1608
17;2025-12-07;21;1158
17;2025-12-07;22;762
17;2025-12-07;23;347
17;2025-12-08;0;112
17;2025-12-08;1;0
17;2025-12-08;2;0
17;2025-12-08;3;0
17;2025-12-08;4;0
17;2025-12-08;5;240
17;2025-12-08;6;1536
17;2025-12-08;7;4074
17;2025-12-08;8;5428
17;2025-12-08;9;3695
17;2025-12-08;10;2804
17;2025-12-08;11;2822
17;2025-12-08;12;2839
17;2025-12-08;13;2948
17;2025-12-08;14;2972
17;2025-12-08;15;3269
17;2025-12-08;16;3693
17;2025-12-08;17;4550
17;2025-12-08;18;5043
17;2025-12-08;19;3529
17;2025-12-08;20;2348
17;2025-12-08;21;1391
17;2025-12-08;22;785
17;2025-12-08;23;329
17;2025-12-09;0;115
17;2025-12-09;1;0
17;2025-12-09;2;0
17;2025-12-09;3;0
17;2025-12-09;4;0
17;2025-12-09;5;250
17;2025-12-09;6;1607
17;2025-12-09;7;4214
17;2025-12-09;8;5610
17;2025-12-09;9;3909
17;2025-12-09;10;2975
17;2025-12-09;11;2921
17;2025-12-09;12;3011
17;2025-12-09;13;3096
17;2025-12-09;14;3152
17;2025-12-09;15;3394
17;2025-12-09;16;3767
17;2025-12-09;17;4638
17;2025-12-09;18;5058
17;2025-12-09;19;3602
17;2025-12-09;20;2441
17;2025-12-09;21;1470
17;2025-12-09;22;797
17;2025-12-09;23;350
17;2025-12-10;0;116
17;2025-12-10;1;0
17;2025-12-10;2;0
17;2025-12-10;3;0
17;2025-12-10;4;0
17;2025-12-10;5;244
17;2025-12-10;6;1548
17;2025-12-10;7;4054
17;2025-12-10;8;5381
17;2025-12-10;9;3732
17;2025-12-10;10;2887
17;2025-12-10;11;2915
17;2025-12-10;12;2962
17;2025-12-10;13;3093
17;2025-12-10;14;3127
17;2025-12-10;15;3313
17;2025-12-10;16;3724
17;2025-12-10;17;4548
17;2025-12-10;18;4958
17;2025-12-10;19;3505
17;2025-12-10;20;2369
17;2025-12-10;21;1486
17;2025-12-10;22;835
17;2025-12-10;23;373
17;2025-12-11;0;123
17;2025-12-11;1;0
17;2025-12-11;2;0
17;2025-12-11;3;0
17;2025-12-11;4;0
17;2025-12-11;5;240
17;2025-12-11;6;1540
17;2025-12-11;7;3984
17;2025-12-11;8;5252
17;2025-12-11;9;3715
17;2025-12-11;10;2916
17;2025-12-11;11;2871
17;2025-12-11;12;2973
17;2025-12-11;13;3041
17;2025-12-11;14;3096
17;2025-12-11;15;3287
17;2025-12-11;16;3722
17;2025-12-11;17;4440
17;2025-12-11;18;4905
17;2025-12-11;19;3470
17;2025-12-11;20;2356
17;2025-12-11;21;1473
17;2025-12-11;22;848
17;2025-12-11;23;390
17;2025-12-12;0;135
17;2025-12-12;1;0
17;2025-12-12;2;0
17;2025-12-12;3;0
17;2025-12-12;4;0
17;2025-12-12;5;226
17;2025-12-12;6;1476
17;2025-12-12;7;3825
17;2025-12-12;8;5035
17;2025-12-12;9;3578
17;2025-12-12;10;2792
17;2025-12-12;11;2794
17;2025-12-12;12;2899
17;2025-12-12;13;3041
17;2025-12-12;14;3111
17;2025-12-12;15;3493
17;2025-12-12;16;4125
17;2025-12-12;17;4511
17;2025-12-12;18;4205
17;2025-12-12;19;3073
17;2025-12-12;20;2250
17;2025-12-12;21;1495
17;2025-12-12;22;901
17;2025-12-12;23;444
17;2025-12-13;0;179
17;2025-12-13;1;0
17;2025-12-13;2;0
17;2025-12-13;3;0
17;2025-12-13;4;0
17;2025-12-13;5;84
17;2025-12-13;6;553
17;2025-12-13;7;1080
17;2025-12-13;8;1542
17;2025-12-13;9;1969
17;2025-12-13;10;2203
17;2025-12-13;11;2708
17;2025-12-13;12;3061
17;2025-12-13;13;3260
17;2025-12-13;14;3313
17;2025-12-13;15;3244
17;2025-12-13;16;3195
17;2025-12-13;17;3079
17;2025-12-13;18;2789
17;2025-12-13;19;2296
17;2025-12-13;20;1764
17;2025-12-13;21;1284
17;2025-12-13;22;858
17;2025-12-13;23;417
17;2025-12-14;0;174
17;2025-12-14;1;0
17;2025-12-14;2;0
17;2025-12-14;3;0
17;2025-12-14;4;0
17;2025-12-14;5;64
17;2025-12-14;6;413
17;2025-12-14;7;786
17;2025-12-14;8;1207
17;2025-12-14;9;1627
17;2025-12-14;10;1912
17;2025-12-14;11;2435
17;2025-12-14;12;2840
17;2025-12-14;13;3125
17;2025-12-14;14;3189
17;2025-12-14;15;3172
17;2025-12-14;16;3071
17;2025-12-14;17;2949
17;2025-12-14;18;2600
17;2025-12-14;19;2083
17;2025-12-14;20;1614
17;2025-12-14;21;1157
17;2025-12-14;22;761
17;2025-12-14;23;347
17;2025-12-15;0;111
17;2025-12-15;1;0
17;2025-12-15;2;0
17;2025-12-15;3;0
17;2025-12-15;4;0
17;2025-12-15;5;240
17;2025-12-15;6;1526
17;2025-12-15;7;4045
17;2025-12-15;8;5390
17;2025-12-15;9;3675
17;2025-12-15;10;2784
17;2025-12-15;11;2799
17;2025-12-15;12;2818
17;2025-12-15;13;2925
17;2025-12-15;14;2949
17;2025-12-15;15;3241
17;2025-12-15;16;3665
17;2025-12-15;17;4515
17;2025-12-15;18;5005
17;2025-12-15;19;3509
17;2025-12-15;20;2345
17;2025-12-15;21;1384
17;2025-12-15;22;782
17;2025-12-15;23;328
17;2025-12-16;0;113
17;2025-12-16;1;0
17;2025-12-16;2;0
17;2025-12-16;3;0
17;2025-12-16;4;0
17;2025-12-16;5;243
17;2025-12-16;6;1571
17;2025-12-16;7;4122
17;2025-12-16;8;5485
17;2025-12-16;9;3824
17;2025-12-16;10;2910
17;2025-12-16;11;2857
17;2025-12-16;12;2944
17;2025-12-16;13;3027
17;2025-12-16;14;3080
17;2025-12-16;15;3316
17;2025-12-16;16;3682
17;2025-12-16;17;4534
17;2025-12-16;18;4946
17;2025-12-16;19;3531
17;2025-12-16;20;2400
17;2025-12-16;21;1440
17;2025-12-16;22;781
17;2025-12-16;23;341
17;2025-12-17;0;119
17;2025-12-17;1;0
17;2025-12-17;2;0
17;2025-12-17;3;0
17;2025-12-17;4;0
17;2025-12-17;5;252
17;2025-12-17;6;1582
17;2025-12-17;7;4142
17;2025-12-17;8;5496
17;2025-12-17;9;3810
17;2025-12-17;10;2947
17;2025-12-17;11;2977
17;2025-12-17;12;3025
17;2025-12-17;13;3160
17;2025-12-17;14;3195
17;2025-12-17;15;3384
17;2025-12-17;16;3802
17;2025-12-17;17;4644
17;2025-12-17;18;5063
17;2025-12-17;19;3573
17;2025-12-17;20;2416
17;2025-12-17;21;1514
17;2025-12-17;22;849
17;2025-12-17;23;376
17;2025-12-18;0;125
17;2025-12-18;1;0
17;2025-12-18;2;0
17;2025-12-18;3;0
17;2025-12-18;4;0
17;2025-12-18;5;249
17;2025-12-18;6;1590
17;2025-12-18;7;4110
17;2025-12-18;8;5409
17;2025-12-18;9;3819
17;2025-12-18;10;3008
17;2025-12-18;11;2962
17;2025-12-18;12;3068
17;2025-12-18;13;3140
17;2025-12-18;14;3197
17;2025-12-18;15;3394
17;2025-12-18;16;3843
17;2025-12-18;17;4583
17;2025-12-18;18;5064
17;2025-12-18;19;3585
17;2025-12-18;20;2428
17;2025-12-18;21;1513
17;2025-12-18;22;868
17;2025-12-18;23;398
17;2025-12-19;0;138
17;2025-12-19;1;0
17;2025-12-19;2;0
17;2025-12-19;3;0
17;2025-12-19;4;0
17;2025-12-19;5;234
17;2025-12-19;6;1525
17;2025-12-19;7;3952
17;2025-12-19;8;5192
17;2025-12-19;9;3688
17;2025-12-19;10;2890
17;2025-12-19;11;2897
17;2025-12-19;12;3005
17;2025-12-19;13;3155
17;2025-12-19;14;3224
17;2025-12-19;15;3623
17;2025-12-19;16;4281
17;2025-12-19;17;4682
17;2025-12-19;18;4365
17;2025-12-19;19;3194
17;2025-12-19;20;2332
17;2025-12-19;21;1545
17;2025-12-19;22;929
17;2025-12-19;23;454
17;2025-12-20;0;179
17;2025-12-20;1;0
17;2025-12-20;2;0
17;2025-12-20;3;0
17;2025-12-20;4;0
17;2025-12-20;5;84
17;2025-12-20;6;554
17;2025-12-20;7;1081
17;2025-12-20;8;1542
17;2025-12-20;9;1971
17;2025-12-20;10;2207
17;2025-12-20;11;2710
17;2025-12-20;12;3063
17;2025-12-20;13;3265
17;2025-12-20;14;3317
17;2025-12-20;15;3248
17;2025-12-20;16;3198
17;2025-12-20;17;3082
17;2025-12-20;18;2792
17;2025-12-20;19;2297
17;2025-12-20;20;1761
17;2025-12-20;21;1285
17;2025-12-20;22;859
17;2025-12-20;23;421
17;2025-12-21;0;173
17;2025-12-21;1;0
17;2025-12-21;2;0
17;2025-12-21;3;0
17;2025-12-21;4;0
17;2025-12-21;5;64
17;2025-12-21;6;409
17;2025-12-21;7;781
17;2025-12-21;8;1197
17;2025-12-21;9;1615
17;2025-12-21;10;1896
17;2025-12-21;11;2414
17;2025-12-21;12;2815
17;2025-12-21;13;3100
17;2025-12-21;14;3165
17;2025-12-21;15;3146
17;2025-12-21;16;3043
17;2025-12-21;17;2922
17;2025-12-21;18;2577
17;2025-12-21;19;2061
17;2025-12-21;20;1592
17;2025-12-21;21;1148
17;2025-12-21;22;756
17;2025-12-21;23;346
17;2025-12-22;0;109
17;2025-12-22;1;0
17;2025-12-22;2;0
17;2025-12-22;3;0
17;2025-12-22;4;0
17;2025-12-22;5;235
17;2025-12-22;6;1502
17;2025-12-22;7;3981
17;2025-12-22;8;5303
17;2025-12-22;9;3612
17;2025-12-22;10;2741
17;2025-12-22;11;2757
17;2025-12-22;12;2775
17;2025-12-22;13;2881
17;2025-12-22;14;2903
17;2025-12-22;15;3190
17;2025-12-22;16;3606
17;2025-12-22;17;4442
17;2025-12-22;18;4926
17;2025-12-22;19;3451
17;2025-12-22;20;2300
17;2025-12-22;21;1362
17;2025-12-22;22;769
17;2025-12-22;23;323
17;2025-12-23;0;115
17;2025-12-23;1;0
17;2025-12-23;2;0
17;2025-12-23;3;0
17;2025-12-23;4;0
17;2025-12-23;5;251
17;2025-12-23;6;1613
17;2025-12-23;7;4230
17;2025-12-23;8;5631
17;2025-12-23;9;3925
17;2025-12-23;10;2983
17;2025-12-23;11;2931
17;2025-12-23;12;3021
17;2025-12-23;13;3110
17;2025-12-23;14;3166
17;2025-12-23;15;3409
17;2025-12-23;16;3783
17;2025-12-23;17;4657
17;2025-12-23;18;5078
17;2025-12-23;19;3623
17;2025-12-23;20;2460
17;2025-12-23;21;1475
17;2025-12-23;22;798
17;2025-12-23;23;346
17;2025-12-24;0;118
17;2025-12-24;1;0
17;2025-12-24;2;0
17;2025-12-24;3;0
17;2025-12-24;4;0
17;2025-12-24;5;251
17;2025-12-24;6;1573
17;2025-12-24;7;4115
17;2025-12-24;8;5459
17;2025-12-24;9;3790
17;2025-12-24;10;2926
17;2025-12-24;11;2953
17;2025-12-24;12;3001
17;2025-12-24;13;3134
17;2025-12-24;14;3168
17;2025-12-24;15;3359
17;2025-12-24;16;3777
17;2025-12-24;17;4612
17;2025-12-24;18;5028
17;2025-12-24;19;3562
17;2025-12-24;20;2414
17;2025-12-24;21;1508
17;2025-12-24;22;847
17;2025-12-24;23;376
17;2025-12-25;0;123
17;2025-12-25;1;0
17;2025-12-25;2;0
17;2025-12-25;3;0
17;2025-12-25;4;0
17;2025-12-25;5;240
17;2025-12-25;6;1541
17;2025-12-25;7;3984
17;2025-12-25;8;5248
17;2025-12-25;9;3717
17;2025-12-25;10;2919
17;2025-12-25;11;2872
17;2025-12-25;12;2974
17;2025-12-25;13;3044
17;2025-12-25;14;3097
17;2025-12-25;15;3285
17;2025-12-25;16;3721
17;2025-12-25;17;4437
17;2025-12-25;18;4905
17;2025-12-25;19;3483
17;2025-12-25;20;2365
17;2025-12-25;21;1471
17;2025-12-25;22;847
17;2025-12-25;23;389
17;2025-12-26;0;134
17;2025-12-26;1;0
17;2025-12-26;2;0
17;2025-12-26;3;0
17;2025-12-26;4;0
17;2025-12-26;5;226
17;2025-12-26;6;1455
17;2025-12-26;7;3772
17;2025-12-26;8;4985
17;2025-12-26;9;3538
17;2025-12-26;10;2728
17;2025-12-26;11;2737
17;2025-12-26;12;2845
17;2025-12-26;13;2994
17;2025-12-26;14;3087
17;2025-12-26;15;3496
17;2025-12-26;16;4126
17;2025-12-26;17;4511
17;2025-12-26;18;4251
17;2025-12-26;19;3127
17;2025-12-26;20;2275
17;2025-12-26;21;1551
17;2025-12-26;22;910
17;2025-12-26;23;454
17;2025-12-27;0;180
17;2025-12-27;1;0
17;2025-12-27;2;0
17;2025-12-27;3;0
17;2025-12-27;4;0
17;2025-12-27;5;81
17;2025-12-27;6;532
17;2025-12-27;7;1041
17;2025-12-27;8;1516
17;2025-12-27;9;1925
17;2025-12-27;10;2154
17;2025-12-27;11;2627
17;2025-12-27;12;2985
17;2025-12-27;13;3243
17;2025-12-27;14;3321
17;2025-12-27;15;3272
17;2025-12-27;16;3220
17;2025-12-27;17;3104
17;2025-12-27;18;2846
17;2025-12-27;19;2351
17;2025-12-27;20;1805
17;2025-12-27;21;1357
17;2025-12-27;22;891
17;2025-12-27;23;441
17;2025-12-28;0;172
17;2025-12-28;1;0
17;2025-12-28;2;0
17;2025-12-28;3;0
17;2025-12-28;4;0
17;2025-12-28;5;61
17;2025-12-28;6;397
17;2025-12-28;7;745
17;2025-12-28;8;1161
17;2025-12-28;9;1546
17;2025-12-28;10;1820
17;2025-12-28;11;2303
17;2025-12-28;12;2696
17;2025-12-28;13;3027
17;2025-12-28;14;3111
17;2025-12-28;15;3115
17;2025-12-28;16;3019
17;2025-12-28;17;2898
17;2025-12-28;18;2586
17;2025-12-28;19;2082
17;2025-12-28;20;1615
17;2025-12-28;21;1195
17;2025-12-28;22;774
17;2025-12-28;23;359
17;2025-12-29;0;110
17;2025-12-29;1;0
17;2025-12-29;2;0
17;2025-12-29;3;0
17;2025-12-29;4;0
17;2025-12-29;5;236
17;2025-12-29;6;1483
17;2025-12-29;7;3922
17;2025-12-29;8;5249
17;2025-12-29;9;3566
17;2025-12-29;10;2693
17;2025-12-29;11;2711
17;2025-12-29;12;2735
17;2025-12-29;13;2848
17;2025-12-29;14;2893
17;2025-12-29;15;3212
17;2025-12-29;16;3631
17;2025-12-29;17;4468
17;2025-12-29;18;4954
17;2025-12-29;19;3482
17;2025-12-29;20;2350
17;2025-12-29;21;1426
17;2025-12-29;22;778
17;2025-12-29;23;327
17;2025-12-30;0;113
17;2025-12-30;1;0
17;2025-12-30;2;0
17;2025-12-30;3;0
17;2025-12-30;4;0
17;2025-12-30;5;228
17;2025-12-30;6;1534
17;2025-12-30;7;4037
17;2025-12-30;8;5401
17;2025-12-30;9;3757
17;2025-12-30;10;2833
17;2025-12-30;11;2785
17;2025-12-30;12;2877
17;2025-12-30;13;2980
17;2025-12-30;14;3070
17;2025-12-30;15;3346
17;2025-12-30;16;3713
17;2025-12-30;17;4564
17;2025-12-30;18;4977
17;2025-12-30;19;3563
17;2025-12-30;20;2439
17;2025-12-30;21;1502
17;2025-12-30;22;788
17;2025-12-30;23;346
17;2025-12-31;0;160
17;2025-12-31;1;0
17;2025-12-31;2;0
17;2025-12-31;3;0
17;2025-12-31;4;0
17;2025-12-31;5;55
17;2025-12-31;6;389
17;2025-12-31;7;768
17;2025-12-31;8;1161
17;2025-12-31;9;1532
17;2025-12-31;10;1754
17;2025-12-31;11;2193
17;2025-12-31;12;2593
17;2025-12-31;13;2892
17;2025-12-31;14;2981
17;2025-12-31;15;2987
17;2025-12-31;16;2925
17;2025-12-31;17;2815
17;2025-12-31;18;2527
17;2025-12-31;19;2068
17;2025-12-31;20;1622
17;2025-12-31;21;1222
17;2025-12-31;22;811
17;2025-12-31;23;386
25;2025-11-01;0;1
25;2025-11-01;1;0
25;2025-11-01;2;0
25;2025-11-01;3;0
25;2025-11-01;4;0
25;2025-11-01;5;6
25;2025-11-01;6;137
25;2025-11-01;7;383
25;2025-11-01;8;608
25;2025-11-01;9;327
25;2025-11-01;10;282
25;2025-11-01;11;309
25;2025-11-01;12;302
25;2025-11-01;13;377
25;2025-11-01;14;353
25;2025-11-01;15;427
25;2025-11-01;16;514
25;2025-11-01;17;532
25;2025-11-01;18;491
25;2025-11-01;19;376
25;2025-11-01;20;239
25;2025-11-01;21;150
25;2025-11-01;22;83
25;2025-11-01;23;16
25;2025-11-02;0;13
25;2025-11-02;1;0
25;2025-11-02;2;0
25;2025-11-02;3;0
25;2025-11-02;4;0
25;2025-11-02;5;4
25;2025-11-02;6;68
25;2025-11-02;7;117
25;2025-11-02;8;192
25;2025-11-02;9;224
25;2025-11-02;10;239
25;2025-11-02;11;307
25;2025-11-02;12;384
25;2025-11-02;13;472
25;2025-11-02;14;499
25;2025-11-02;15;563
25;2025-11-02;16;501
25;2025-11-02;17;489
25;2025-11-02;18;437
25;2025-11-02;19;337
25;2025-11-02;20;233
25;2025-11-02;21;176
25;2025-11-02;22;103
25;2025-11-02;23;37
25;2025-11-03;0;10
25;2025-11-03;1;0
25;2025-11-03;2;0
25;2025-11-03;3;0
25;2025-11-03;4;0
25;2025-11-03;5;4
25;2025-11-03;6;66
25;2025-11-03;7;113
25;2025-11-03;8;203
25;2025-11-03;9;221
25;2025-11-03;10;235
25;2025-11-03;11;300
25;2025-11-03;12;351
25;2025-11-03;13;452
25;2025-11-03;14;465
25;2025-11-03;15;514
25;2025-11-03;16;473
25;2025-11-03;17;445
25;2025-11-03;18;413
25;2025-11-03;19;328
25;2025-11-03;20;227
25;2025-11-03;21;173
25;2025-11-03;22;109
25;2025-11-03;23;36
25;2025-11-04;0;10
25;2025-11-04;1;0
25;2025-11-04;2;0
25;2025-11-04;3;0
25;2025-11-04;4;0
25;2025-11-04;5;4
25;2025-11-04;6;65
25;2025-11-04;7;112
25;2025-11-04;8;202
25;2025-11-04;9;219
25;2025-11-04;10;233
25;2025-11-04;11;297
25;2025-11-04;12;348
25;2025-11-04;13;447
25;2025-11-04;14;461
25;2025-11-04;15;509
25;2025-11-04;16;468
25;2025-11-04;17;441
25;2025-11-04;18;409
25;2025-11-04;19;325
25;2025-11-04;20;224
25;2025-11-04;21;171
25;2025-11-04;22;108
25;2025-11-04;23;36
25;2025-11-05;0;2
25;2025-11-05;1;0
25;2025-11-05;2;0
25;2025-11-05;3;0
25;2025-11-05;4;0
25;2025-11-05;5;9
25;2025-11-05;6;185
25;2025-11-05;7;521
25;2025-11-05;8;878
25;2025-11-05;9;473
25;2025-11-05;10;398
25;2025-11-05;11;427
25;2025-11-05;12;422
25;2025-11-05;13;515
25;2025-11-05;14;440
25;2025-11-05;15;537
25;2025-11-05;16;615
25;2025-11-05;17;742
25;2025-11-05;18;791
25;2025-11-05;19;552
25;2025-11-05;20;323
25;2025-11-05;21;215
25;2025-11-05;22;106
25;2025-11-05;23;14
25;2025-11-06;0;2
25;2025-11-06;1;0
25;2025-11-06;2;0
25;2025-11-06;3;0
25;2025-11-06;4;0
25;2025-11-06;5;10
25;2025-11-06;6;185
25;2025-11-06;7;521
25;2025-11-06;8;854
25;2025-11-06;9;454
25;2025-11-06;10;391
25;2025-11-06;11;409
25;2025-11-06;12;412
25;2025-11-06;13;496
25;2025-11-06;14;484
25;2025-11-06;15;548
25;2025-11-06;16;624
25;2025-11-06;17;701
25;2025-11-06;18;742
25;2025-11-06;19;521
25;2025-11-06;20;312
25;2025-11-06;21;205
25;2025-11-06;22;101
25;2025-11-06;23;12
25;2025-11-07;0;2
25;2025-11-07;1;0
25;2025-11-07;2;0
25;2025-11-07;3;0
25;2025-11-07;4;0
25;2025-11-07;5;8
25;2025-11-07;6;184
25;2025-11-07;7;512
25;2025-11-07;8;811
25;2025-11-07;9;438
25;2025-11-07;10;376
25;2025-11-07;11;413
25;2025-11-07;12;403
25;2025-11-07;13;504
25;2025-11-07;14;471
25;2025-11-07;15;570
25;2025-11-07;16;686
25;2025-11-07;17;710
25;2025-11-07;18;655
25;2025-11-07;19;501
25;2025-11-07;20;319
25;2025-11-07;21;201
25;2025-11-07;22;114
25;2025-11-07;23;21
25;2025-11-08;0;9
25;2025-11-08;1;0
25;2025-11-08;2;0
25;2025-11-08;3;0
25;2025-11-08;4;0
25;2025-11-08;5;6
25;2025-11-08;6;89
25;2025-11-08;7;157
25;2025-11-08;8;295
25;2025-11-08;9;298
25;2025-11-08;10;295
25;2025-11-08;11;370
25;2025-11-08;12;417
25;2025-11-08;13;552
25;2025-11-08;14;551
25;2025-11-08;15;597
25;2025-11-08;16;565
25;2025-11-08;17;512
25;2025-11-08;18;500
25;2025-11-08;19;409
25;2025-11-08;20;271
25;2025-11-08;21;207
25;2025-11-08;22;134
25;2025-11-08;23;45
25;2025-11-09;0;13
25;2025-11-09;1;0
25;2025-11-09;2;0
25;2025-11-09;3;0
25;2025-11-09;4;0
25;2025-11-09;5;4
25;2025-11-09;6;68
25;2025-11-09;7;117
25;2025-11-09;8;192
25;2025-11-09;9;224
25;2025-11-09;10;239
25;2025-11-09;11;308
25;2025-11-09;12;384
25;2025-11-09;13;473
25;2025-11-09;14;499
25;2025-11-09;15;563
25;2025-11-09;16;501
25;2025-11-09;17;489
25;2025-11-09;18;437
25;2025-11-09;19;337
25;2025-11-09;20;233
25;2025-11-09;21;176
25;2025-11-09;22;106
25;2025-11-09;23;37
25;2025-11-10;0;7
25;2025-11-10;1;0
25;2025-11-10;2;0
25;2025-11-10;3;0
25;2025-11-10;4;0
25;2025-11-10;5;9
25;2025-11-10;6;178
25;2025-11-10;7;517
25;2025-11-10;8;865
25;2025-11-10;9;479
25;2025-11-10;10;368
25;2025-11-10;11;402
25;2025-11-10;12;393
25;2025-11-10;13;494
25;2025-11-10;14;434
25;2025-11-10;15;489
25;2025-11-10;16;621
25;2025-11-10;17;714
25;2025-11-10;18;774
25;2025-11-10;19;522
25;2025-11-10;20;309
25;2025-11-10;21;194
25;2025-11-10;22;102
25;2025-11-10;23;17
25;2025-11-11;0;5
25;2025-11-11;1;0
25;2025-11-11;2;0
25;2025-11-11;3;0
25;2025-11-11;4;0
25;2025-11-11;5;9
25;2025-11-11;6;189
25;2025-11-11;7;541
25;2025-11-11;8;932
25;2025-11-11;9;479
25;2025-11-11;10;396
25;2025-11-11;11;426
25;2025-11-11;12;417
25;2025-11-11;13;485
25;2025-11-11;14;464
25;2025-11-11;15;531
25;2025-11-11;16;646
25;2025-11-11;17;725
25;2025-11-11;18;775
25;2025-11-11;19;536
25;2025-11-11;20;329
25;2025-11-11;21;207
25;2025-11-11;22;100
25;2025-11-11;23;14
25;2025-11-12;0;2
25;2025-11-12;1;0
25;2025-11-12;2;0
25;2025-11-12;3;0
25;2025-11-12;4;0
25;2025-11-12;5;10
25;2025-11-12;6;183
25;2025-11-12;7;515
25;2025-11-12;8;867
25;2025-11-12;9;468
25;2025-11-12;10;393
25;2025-11-12;11;421
25;2025-11-12;12;416
25;2025-11-12;13;507
25;2025-11-12;14;433
25;2025-11-12;15;530
25;2025-11-12;16;607
25;2025-11-12;17;733
25;2025-11-12;18;782
25;2025-11-12;19;546
25;2025-11-12;20;319
25;2025-11-12;21;213
25;2025-11-12;22;105
25;2025-11-12;23;14
25;2025-11-13;0;3
25;2025-11-13;1;0
25;2025-11-13;2;0
25;2025-11-13;3;0
25;2025-11-13;4;0
25;2025-11-13;5;10
25;2025-11-13;6;191
25;2025-11-13;7;536
25;2025-11-13;8;877
25;2025-11-13;9;465
25;2025-11-13;10;402
25;2025-11-13;11;420
25;2025-11-13;12;423
25;2025-11-13;13;509
25;2025-11-13;14;497
25;2025-11-13;15;564
25;2025-11-13;16;641
25;2025-11-13;17;720
25;2025-11-13;18;762
25;2025-11-13;19;535
25;2025-11-13;20;320
25;2025-11-13;21;211
25;2025-11-13;22;104
25;2025-11-13;23;12
25;2025-11-14;0;2
25;2025-11-14;1;0
25;2025-11-14;2;0
25;2025-11-14;3;0
25;2025-11-14;4;0
25;2025-11-14;5;9
25;2025-11-14;6;187
25;2025-11-14;7;519
25;2025-11-14;8;821
25;2025-11-14;9;443
25;2025-11-14;10;381
25;2025-11-14;11;419
25;2025-11-14;12;409
25;2025-11-14;13;511
25;2025-11-14;14;477
25;2025-11-14;15;578
25;2025-11-14;16;695
25;2025-11-14;17;720
25;2025-11-14;18;663
25;2025-11-14;19;508
25;2025-11-14;20;323
25;2025-11-14;21;204
25;2025-11-14;22;117
25;2025-11-14;23;22
25;2025-11-15;0;8
25;2025-11-15;1;0
25;2025-11-15;2;0
25;2025-11-15;3;0
25;2025-11-15;4;0
25;2025-11-15;5;6
25;2025-11-15;6;87
25;2025-11-15;7;155
25;2025-11-15;8;289
25;2025-11-15;9;292
25;2025-11-15;10;283
25;2025-11-15;11;354
25;2025-11-15;12;399
25;2025-11-15;13;529
25;2025-11-15;14;528
25;2025-11-15;15;572
25;2025-11-15;16;542
25;2025-11-15;17;491
25;2025-11-15;18;479
25;2025-11-15;19;393
25;2025-11-15;20;260
25;2025-11-15;21;199
25;2025-11-15;22;129
25;2025-11-15;23;43
25;2025-11-16;0;14
25;2025-11-16;1;0
25;2025-11-16;2;0
25;2025-11-16;3;0
25;2025-11-16;4;0
25;2025-11-16;5;4
25;2025-11-16;6;69
25;2025-11-16;7;118
25;2025-11-16;8;194
25;2025-11-16;9;226
25;2025-11-16;10;241
25;2025-11-16;11;311
25;2025-11-16;12;388
25;2025-11-16;13;478
25;2025-11-16;14;505
25;2025-11-16;15;570
25;2025-11-16;16;507
25;2025-11-16;17;495
25;2025-11-16;18;442
25;2025-11-16;19;342
25;2025-11-16;20;236
25;2025-11-16;21;179
25;2025-11-16;22;107
25;2025-11-16;23;37
25;2025-11-17;0;7
25;2025-11-17;1;0
25;2025-11-17;2;0
25;2025-11-17;3;0
25;2025-11-17;4;0
25;2025-11-17;5;9
25;2025-11-17;6;175
25;2025-11-17;7;513
25;2025-11-17;8;853
25;2025-11-17;9;473
25;2025-11-17;10;353
25;2025-11-17;11;386
25;2025-11-17;12;381
25;2025-11-17;13;486
25;2025-11-17;14;427
25;2025-11-17;15;480
25;2025-11-17;16;610
25;2025-11-17;17;703
25;2025-11-17;18;762
25;2025-11-17;19;514
25;2025-11-17;20;304
25;2025-11-17;21;191
25;2025-11-17;22;100
25;2025-11-17;23;17
25;2025-11-18;0;5
25;2025-11-18;1;0
25;2025-11-18;2;0
25;2025-11-18;3;0
25;2025-11-18;4;0
25;2025-11-18;5;8
25;2025-11-18;6;182
25;2025-11-18;7;522
25;2025-11-18;8;893
25;2025-11-18;9;462
25;2025-11-18;10;370
25;2025-11-18;11;398
25;2025-11-18;12;393
25;2025-11-18;13;463
25;2025-11-18;14;444
25;2025-11-18;15;508
25;2025-11-18;16;617
25;2025-11-18;17;694
25;2025-11-18;18;741
25;2025-11-18;19;513
25;2025-11-18;20;316
25;2025-11-18;21;198
25;2025-11-18;22;96
25;2025-11-18;23;13
25;2025-11-19;0;2
25;2025-11-19;1;0
25;2025-11-19;2;0
25;2025-11-19;3;0
25;2025-11-19;4;0
25;2025-11-19;5;10
25;2025-11-19;6;188
25;2025-11-19;7;533
25;2025-11-19;8;891
25;2025-11-19;9;479
25;2025-11-19;10;389
25;2025-11-19;11;418
25;2025-11-19;12;417
25;2025-11-19;13;519
25;2025-11-19;14;445
25;2025-11-19;15;544
25;2025-11-19;16;623
25;2025-11-19;17;752
25;2025-11-19;18;803
25;2025-11-19;19;560
25;2025-11-19;20;327
25;2025-11-19;21;218
25;2025-11-19;22;108
25;2025-11-19;23;14
25;2025-11-20;0;3
25;2025-11-20;1;0
25;2025-11-20;2;0
25;2025-11-20;3;0
25;2025-11-20;4;0
25;2025-11-20;5;11
25;2025-11-20;6;193
25;2025-11-20;7;545
25;2025-11-20;8;886
25;2025-11-20;9;469
25;2025-11-20;10;391
25;2025-11-20;11;409
25;2025-11-20;12;416
25;2025-11-20;13;512
25;2025-11-20;14;501
25;2025-11-20;15;568
25;2025-11-20;16;647
25;2025-11-20;17;727
25;2025-11-20;18;770
25;2025-11-20;19;541
25;2025-11-20;20;324
25;2025-11-20;21;213
25;2025-11-20;22;104
25;2025-11-20;23;12
25;2025-11-21;0;2
25;2025-11-21;1;0
25;2025-11-21;2;0
25;2025-11-21;3;0
25;2025-11-21;4;0
25;2025-11-21;5;9
25;2025-11-21;6;189
25;2025-11-21;7;527
25;2025-11-21;8;829
25;2025-11-21;9;446
25;2025-11-21;10;370
25;2025-11-21;11;408
25;2025-11-21;12;402
25;2025-11-21;13;512
25;2025-11-21;14;480
25;2025-11-21;15;582
25;2025-11-21;16;700
25;2025-11-21;17;726
25;2025-11-21;18;670
25;2025-11-21;19;513
25;2025-11-21;20;326
25;2025-11-21;21;206
25;2025-11-21;22;118
25;2025-11-21;23;22
25;2025-11-22;0;9
25;2025-11-22;1;0
25;2025-11-22;2;0
25;2025-11-22;3;0
25;2025-11-22;4;0
25;2025-11-22;5;6
25;2025-11-22;6;89
25;2025-11-22;7;157
25;2025-11-22;8;296
25;2025-11-22;9;298
25;2025-11-22;10;292
25;2025-11-22;11;366
25;2025-11-22;12;412
25;2025-11-22;13;546
25;2025-11-22;14;545
25;2025-11-22;15;591
25;2025-11-22;16;559
25;2025-11-22;17;507
25;2025-11-22;18;495
25;2025-11-22;19;405
25;2025-11-22;20;268
25;2025-11-22;21;205
25;2025-11-22;22;133
25;2025-11-22;23;44
25;2025-11-23;0;14
25;2025-11-23;1;0
25;2025-11-23;2;0
25;2025-11-23;3;0
25;2025-11-23;4;0
25;2025-11-23;5;4
25;2025-11-23;6;69
25;2025-11-23;7;118
25;2025-11-23;8;194
25;2025-11-23;9;226
25;2025-11-23;10;241
25;2025-11-23;11;311
25;2025-11-23;12;388
25;2025-11-23;13;478
25;2025-11-23;14;504
25;2025-11-23;15;569
25;2025-11-23;16;507
25;2025-11-23;17;495
25;2025-11-23;18;442
25;2025-11-23;19;341
25;2025-11-23;20;235
25;2025-11-23;21;178
25;2025-11-23;22;107
25;2025-11-23;23;37
25;2025-11-24;0;7
25;2025-11-24;1;0
25;2025-11-24;2;0
25;2025-11-24;3;0
25;2025-11-24;4;0
25;2025-11-24;5;9
25;2025-11-24;6;174
25;2025-11-24;7;509
25;2025-11-24;8;846
25;2025-11-24;9;471
25;2025-11-24;10;347
25;2025-11-24;11;380
25;2025-11-24;12;376
25;2025-11-24;13;481
25;2025-11-24;14;424
25;2025-11-24;15;477
25;2025-11-24;16;606
25;2025-11-24;17;697
25;2025-11-24;18;756
25;2025-11-24;19;509
25;2025-11-24;20;302
25;2025-11-24;21;189
25;2025-11-24;22;99
25;2025-11-24;23;17
25;2025-11-25;0;5
25;2025-11-25;1;0
25;2025-11-25;2;0
25;2025-11-25;3;0
25;2025-11-25;4;0
25;2025-11-25;5;9
25;2025-11-25;6;192
25;2025-11-25;7;553
25;2025-11-25;8;947
25;2025-11-25;9;486
25;2025-11-25;10;388
25;2025-11-25;11;418
25;2025-11-25;12;414
25;2025-11-25;13;491
25;2025-11-25;14;471
25;2025-11-25;15;539
25;2025-11-25;16;655
25;2025-11-25;17;736
25;2025-11-25;18;786
25;2025-11-25;19;544
25;2025-11-25;20;334
25;2025-11-25;21;210
25;2025-11-25;22;102
25;2025-11-25;23;14
25;2025-11-26;0;2
25;2025-11-26;1;0
25;2025-11-26;2;0
25;2025-11-26;3;0
25;2025-11-26;4;0
25;2025-11-26;5;10
25;2025-11-26;6;182
25;2025-11-26;7;515
25;2025-11-26;8;861
25;2025-11-26;9;467
25;2025-11-26;10;375
25;2025-11-26;11;403
25;2025-11-26;12;402
25;2025-11-26;13;500
25;2025-11-26;14;429
25;2025-11-26;15;524
25;2025-11-26;16;600
25;2025-11-26;17;725
25;2025-11-26;18;774
25;2025-11-26;19;540
25;2025-11-26;20;316
25;2025-11-26;21;210
25;2025-11-26;22;104
25;2025-11-26;23;13
25;2025-11-27;0;3
25;2025-11-27;1;0
25;2025-11-27;2;0
25;2025-11-27;3;0
25;2025-11-27;4;0
25;2025-11-27;5;10
25;2025-11-27;6;189
25;2025-11-27;7;532
25;2025-11-27;8;866
25;2025-11-27;9;461
25;2025-11-27;10;382
25;2025-11-27;11;400
25;2025-11-27;12;407
25;2025-11-27;13;500
25;2025-11-27;14;489
25;2025-11-27;15;554
25;2025-11-27;16;631
25;2025-11-27;17;710
25;2025-11-27;18;752
25;2025-11-27;19;527
25;2025-11-27;20;316
25;2025-11-27;21;208
25;2025-11-27;22;102
25;2025-11-27;23;12
25;2025-11-28;0;2
25;2025-11-28;1;0
25;2025-11-28;2;0
25;2025-11-28;3;0
25;2025-11-28;4;0
25;2025-11-28;5;9
25;2025-11-28;6;188
25;2025-11-28;7;525
25;2025-11-28;8;826
25;2025-11-28;9;445
25;2025-11-28;10;368
25;2025-11-28;11;406
25;2025-11-28;12;401
25;2025-11-28;13;510
25;2025-11-28;14;478
25;2025-11-28;15;580
25;2025-11-28;16;697
25;2025-11-28;17;722
25;2025-11-28;18;667
25;2025-11-28;19;510
25;2025-11-28;20;324
25;2025-11-28;21;205
25;2025-11-28;22;117
25;2025-11-28;23;22
25;2025-11-29;0;9
25;2025-11-29;1;0
25;2025-11-29;2;0
25;2025-11-29;3;0
25;2025-11-29;4;0
25;2025-11-29;5;6
25;2025-11-29;6;93
25;2025-11-29;7;162
25;2025-11-29;8;304
25;2025-11-29;9;306
25;2025-11-29;10;305
25;2025-11-29;11;382
25;2025-11-29;12;430
25;2025-11-29;13;570
25;2025-11-29;14;569
25;2025-11-29;15;616
25;2025-11-29;16;583
25;2025-11-29;17;529
25;2025-11-29;18;517
25;2025-11-29;19;423
25;2025-11-29;20;280
25;2025-11-29;21;214
25;2025-11-29;22;139
25;2025-11-29;23;46
25;2025-11-30;0;14
25;2025-11-30;1;0
25;2025-11-30;2;0
25;2025-11-30;3;0
25;2025-11-30;4;0
25;2025-11-30;5;4
25;2025-11-30;6;70
25;2025-11-30;7;120
25;2025-11-30;8;197
25;2025-11-30;9;229
25;2025-11-30;10;245
25;2025-11-30;11;315
25;2025-11-30;12;394
25;2025-11-30;13;485
25;2025-11-30;14;512
25;2025-11-30;15;578
25;2025-11-30;16;514
25;2025-11-30;17;502
25;2025-11-30;18;448
25;2025-11-30;19;346
25;2025-11-30;20;239
25;2025-11-30;21;181
25;2025-11-30;22;109
25;2025-11-30;23;38
25;2025-12-01;0;9
25;2025-12-01;1;0
25;2025-12-01;2;0
25;2025-12-01;3;0
25;2025-12-01;4;0
25;2025-12-01;5;5
25;2025-12-01;6;179
25;2025-12-01;7;570
25;2025-12-01;8;929
25;2025-12-01;9;480
25;2025-12-01;10;356
25;2025-12-01;11;380
25;2025-12-01;12;392
25;2025-12-01;13;471
25;2025-12-01;14;441
25;2025-12-01;15;521
25;2025-12-01;16;670
25;2025-12-01;17;759
25;2025-12-01;18;830
25;2025-12-01;19;517
25;2025-12-01;20;310
25;2025-12-01;21;194
25;2025-12-01;22;117
25;2025-12-01;23;17
25;2025-12-02;0;4
25;2025-12-02;1;0
25;2025-12-02;2;0
25;2025-12-02;3;0
25;2025-12-02;4;0
25;2025-12-02;5;5
25;2025-12-02;6;184
25;2025-12-02;7;614
25;2025-12-02;8;933
25;2025-12-02;9;516
25;2025-12-02;10;384
25;2025-12-02;11;417
25;2025-12-02;12;412
25;2025-12-02;13;460
25;2025-12-02;14;463
25;2025-12-02;15;541
25;2025-12-02;16;693
25;2025-12-02;17;764
25;2025-12-02;18;830
25;2025-12-02;19;553
25;2025-12-02;20;330
25;2025-12-02;21;200
25;2025-12-02;22;132
25;2025-12-02;23;15
25;2025-12-03;0;2
25;2025-12-03;1;0
25;2025-12-03;2;0
25;2025-12-03;3;0
25;2025-12-03;4;0
25;2025-12-03;5;5
25;2025-12-03;6;191
25;2025-12-03;7;563
25;2025-12-03;8;937
25;2025-12-03;9;493
25;2025-12-03;10;389
25;2025-12-03;11;416
25;2025-12-03;12;424
25;2025-12-03;13;508
25;2025-12-03;14;470
25;2025-12-03;15;527
25;2025-12-03;16;685
25;2025-12-03;17;777
25;2025-12-03;18;829
25;2025-12-03;19;522
25;2025-12-03;20;334
25;2025-12-03;21;202
25;2025-12-03;22;122
25;2025-12-03;23;13
25;2025-12-04;0;3
25;2025-12-04;1;0
25;2025-12-04;2;0
25;2025-12-04;3;0
25;2025-12-04;4;0
25;2025-12-04;5;5
25;2025-12-04;6;176
25;2025-12-04;7;585
25;2025-12-04;8;944
25;2025-12-04;9;497
25;2025-12-04;10;394
25;2025-12-04;11;405
25;2025-12-04;12;426
25;2025-12-04;13;484
25;2025-12-04;14;481
25;2025-12-04;15;539
25;2025-12-04;16;675
25;2025-12-04;17;762
25;2025-12-04;18;835
25;2025-12-04;19;514
25;2025-12-04;20;335
25;2025-12-04;21;200
25;2025-12-04;22;136
25;2025-12-04;23;16
25;2025-12-05;0;2
25;2025-12-05;1;0
25;2025-12-05;2;0
25;2025-12-05;3;0
25;2025-12-05;4;0
25;2025-12-05;5;4
25;2025-12-05;6;179
25;2025-12-05;7;570
25;2025-12-05;8;919
25;2025-12-05;9;474
25;2025-12-05;10;387
25;2025-12-05;11;397
25;2025-12-05;12;421
25;2025-12-05;13;488
25;2025-12-05;14;495
25;2025-12-05;15;589
25;2025-12-05;16;738
25;2025-12-05;17;789
25;2025-12-05;18;678
25;2025-12-05;19;472
25;2025-12-05;20;327
25;2025-12-05;21;208
25;2025-12-05;22;147
25;2025-12-05;23;21
25;2025-12-06;0;8
25;2025-12-06;1;0
25;2025-12-06;2;0
25;2025-12-06;3;0
25;2025-12-06;4;0
25;2025-12-06;5;1
25;2025-12-06;6;78
25;2025-12-06;7;175
25;2025-12-06;8;310
25;2025-12-06;9;311
25;2025-12-06;10;331
25;2025-12-06;11;397
25;2025-12-06;12;456
25;2025-12-06;13;563
25;2025-12-06;14;559
25;2025-12-06;15;619
25;2025-12-06;16;566
25;2025-12-06;17;537
25;2025-12-06;18;480
25;2025-12-06;19;417
25;2025-12-06;20;275
25;2025-12-06;21;229
25;2025-12-06;22;152
25;2025-12-06;23;60
25;2025-12-07;0;18
25;2025-12-07;1;0
25;2025-12-07;2;0
25;2025-12-07;3;0
25;2025-12-07;4;0
25;2025-12-07;5;1
25;2025-12-07;6;61
25;2025-12-07;7;128
25;2025-12-07;8;216
25;2025-12-07;9;247
25;2025-12-07;10;261
25;2025-12-07;11;345
25;2025-12-07;12;417
25;2025-12-07;13;495
25;2025-12-07;14;502
25;2025-12-07;15;542
25;2025-12-07;16;509
25;2025-12-07;17;473
25;2025-12-07;18;423
25;2025-12-07;19;345
25;2025-12-07;20;242
25;2025-12-07;21;202
25;2025-12-07;22;125
25;2025-12-07;23;47
25;2025-12-08;0;9
25;2025-12-08;1;0
25;2025-12-08;2;0
25;2025-12-08;3;0
25;2025-12-08;4;0
25;2025-12-08;5;5
25;2025-12-08;6;179
25;2025-12-08;7;571
25;2025-12-08;8;929
25;2025-12-08;9;480
25;2025-12-08;10;355
25;2025-12-08;11;380
25;2025-12-08;12;391
25;2025-12-08;13;471
25;2025-12-08;14;441
25;2025-12-08;15;521
25;2025-12-08;16;670
25;2025-12-08;17;759
25;2025-12-08;18;830
25;2025-12-08;19;517
25;2025-12-08;20;310
25;2025-12-08;21;195
25;2025-12-08;22;118
25;2025-12-08;23;17
25;2025-12-09;0;4
25;2025-12-09;1;0
25;2025-12-09;2;0
25;2025-12-09;3;0
25;2025-12-09;4;0
25;2025-12-09;5;5
25;2025-12-09;6;183
25;2025-12-09;7;611
25;2025-12-09;8;928
25;2025-12-09;9;513
25;2025-12-09;10;381
25;2025-12-09;11;414
25;2025-12-09;12;410
25;2025-12-09;13;458
25;2025-12-09;14;461
25;2025-12-09;15;538
25;2025-12-09;16;689
25;2025-12-09;17;760
25;2025-12-09;18;826
25;2025-12-09;19;550
25;2025-12-09;20;327
25;2025-12-09;21;199
25;2025-12-09;22;132
25;2025-12-09;23;14
25;2025-12-10;0;2
25;2025-12-10;1;0
25;2025-12-10;2;0
25;2025-12-10;3;0
25;2025-12-10;4;0
25;2025-12-10;5;4
25;2025-12-10;6;188
25;2025-12-10;7;554
25;2025-12-10;8;923
25;2025-12-10;9;487
25;2025-12-10;10;382
25;2025-12-10;11;410
25;2025-12-10;12;417
25;2025-12-10;13;500
25;2025-12-10;14;462
25;2025-12-10;15;519
25;2025-12-10;16;674
25;2025-12-10;17;765
25;2025-12-10;18;816
25;2025-12-10;19;514
25;2025-12-10;20;328
25;2025-12-10;21;200
25;2025-12-10;22;123
25;2025-12-10;23;13
25;2025-12-11;0;3
25;2025-12-11;1;0
25;2025-12-11;2;0
25;2025-12-11;3;0
25;2025-12-11;4;0
25;2025-12-11;5;5
25;2025-12-11;6;171
25;2025-12-11;7;568
25;2025-12-11;8;916
25;2025-12-11;9;485
25;2025-12-11;10;381
25;2025-12-11;11;392
25;2025-12-11;12;413
25;2025-12-11;13;469
25;2025-12-11;14;467
25;2025-12-11;15;522
25;2025-12-11;16;655
25;2025-12-11;17;740
25;2025-12-11;18;810
25;2025-12-11;19;499
25;2025-12-11;20;325
25;2025-12-11;21;196
25;2025-12-11;22;135
25;2025-12-11;23;16
25;2025-12-12;0;2
25;2025-12-12;1;0
25;2025-12-12;2;0
25;2025-12-12;3;0
25;2025-12-12;4;0
25;2025-12-12;5;4
25;2025-12-12;6;174
25;2025-12-12;7;555
25;2025-12-12;8;892
25;2025-12-12;9;463
25;2025-12-12;10;374
25;2025-12-12;11;384
25;2025-12-12;12;407
25;2025-12-12;13;473
25;2025-12-12;14;479
25;2025-12-12;15;570
25;2025-12-12;16;715
25;2025-12-12;17;764
25;2025-12-12;18;657
25;2025-12-12;19;457
25;2025-12-12;20;317
25;2025-12-12;21;202
25;2025-12-12;22;142
25;2025-12-12;23;21
25;2025-12-13;0;8
25;2025-12-13;1;0
25;2025-12-13;2;0
25;2025-12-13;3;0
25;2025-12-13;4;0
25;2025-12-13;5;1
25;2025-12-13;6;78
25;2025-12-13;7;176
25;2025-12-13;8;311
25;2025-12-13;9;312
25;2025-12-13;10;332
25;2025-12-13;11;398
25;2025-12-13;12;457
25;2025-12-13;13;565
25;2025-12-13;14;561
25;2025-12-13;15;620
25;2025-12-13;16;568
25;2025-12-13;17;538
25;2025-12-13;18;481
25;2025-12-13;19;419
25;2025-12-13;20;276
25;2025-12-13;21;229
25;2025-12-13;22;152
25;2025-12-13;23;60
25;2025-12-14;0;18
25;2025-12-14;1;0
25;2025-12-14;2;0
25;2025-12-14;3;0
25;2025-12-14;4;0
25;2025-12-14;5;1
25;2025-12-14;6;61
25;2025-12-14;7;128
25;2025-12-14;8;217
25;2025-12-14;9;247
25;2025-12-14;10;261
25;2025-12-14;11;345
25;2025-12-14;12;418
25;2025-12-14;13;496
25;2025-12-14;14;502
25;2025-12-14;15;543
25;2025-12-14;16;510
25;2025-12-14;17;474
25;2025-12-14;18;424
25;2025-12-14;19;346
25;2025-12-14;20;243
25;2025-12-14;21;202
25;2025-12-14;22;125
25;2025-12-14;23;47
25;2025-12-15;0;9
25;2025-12-15;1;0
25;2025-12-15;2;0
25;2025-12-15;3;0
25;2025-12-15;4;0
25;2025-12-15;5;5
25;2025-12-15;6;178
25;2025-12-15;7;567
25;2025-12-15;8;924
25;2025-12-15;9;478
25;2025-12-15;10;353
25;2025-12-15;11;377
25;2025-12-15;12;389
25;2025-12-15;13;469
25;2025-12-15;14;437
25;2025-12-15;15;517
25;2025-12-15;16;666
25;2025-12-15;17;754
25;2025-12-15;18;826
25;2025-12-15;19;514
25;2025-12-15;20;308
25;2025-12-15;21;193
25;2025-12-15;22;117
25;2025-12-15;23;17
25;2025-12-16;0;4
25;2025-12-16;1;0
25;2025-12-16;2;0
25;2025-12-16;3;0
25;2025-12-16;4;0
25;2025-12-16;5;5
25;2025-12-16;6;179
25;2025-12-16;7;599
25;2025-12-16;8;910
25;2025-12-16;9;505
25;2025-12-16;10;374
25;2025-12-16;11;406
25;2025-12-16;12;402
25;2025-12-16;13;449
25;2025-12-16;14;451
25;2025-12-16;15;526
25;2025-12-16;16;674
25;2025-12-16;17;745
25;2025-12-16;18;809
25;2025-12-16;19;540
25;2025-12-16;20;322
25;2025-12-16;21;195
25;2025-12-16;22;130
25;2025-12-16;23;14
25;2025-12-17;0;2
25;2025-12-17;1;0
25;2025-12-17;2;0
25;2025-12-17;3;0
25;2025-12-17;4;0
25;2025-12-17;5;5
25;2025-12-17;6;192
25;2025-12-17;7;565
25;2025-12-17;8;942
25;2025-12-17;9;496
25;2025-12-17;10;390
25;2025-12-17;11;418
25;2025-12-17;12;426
25;2025-12-17;13;510
25;2025-12-17;14;472
25;2025-12-17;15;530
25;2025-12-17;16;688
25;2025-12-17;17;780
25;2025-12-17;18;833
25;2025-12-17;19;524
25;2025-12-17;20;335
25;2025-12-17;21;204
25;2025-12-17;22;125
25;2025-12-17;23;13
25;2025-12-18;0;3
25;2025-12-18;1;0
25;2025-12-18;2;0
25;2025-12-18;3;0
25;2025-12-18;4;0
25;2025-12-18;5;5
25;2025-12-18;6;177
25;2025-12-18;7;584
25;2025-12-18;8;943
25;2025-12-18;9;496
25;2025-12-18;10;393
25;2025-12-18;11;404
25;2025-12-18;12;425
25;2025-12-18;13;483
25;2025-12-18;14;481
25;2025-12-18;15;538
25;2025-12-18;16;675
25;2025-12-18;17;761
25;2025-12-18;18;834
25;2025-12-18;19;514
25;2025-12-18;20;334
25;2025-12-18;21;201
25;2025-12-18;22;138
25;2025-12-18;23;16
25;2025-12-19;0;2
25;2025-12-19;1;0
25;2025-12-19;2;0
25;2025-12-19;3;0
25;2025-12-19;4;0
25;2025-12-19;5;4
25;2025-12-19;6;180
25;2025-12-19;7;572
25;2025-12-19;8;921
25;2025-12-19;9;475
25;2025-12-19;10;387
25;2025-12-19;11;397
25;2025-12-19;12;421
25;2025-12-19;13;490
25;2025-12-19;14;496
25;2025-12-19;15;590
25;2025-12-19;16;740
25;2025-12-19;17;791
25;2025-12-19;18;680
25;2025-12-19;19;474
25;2025-12-19;20;328
25;2025-12-19;21;209
25;2025-12-19;22;147
25;2025-12-19;23;22
25;2025-12-20;0;8
25;2025-12-20;1;0
25;2025-12-20;2;0
25;2025-12-20;3;0
25;2025-12-20;4;0
25;2025-12-20;5;1
25;2025-12-20;6;78
25;2025-12-20;7;176
25;2025-12-20;8;310
25;2025-12-20;9;311
25;2025-12-20;10;331
25;2025-12-20;11;397
25;2025-12-20;12;456
25;2025-12-20;13;564
25;2025-12-20;14;559
25;2025-12-20;15;619
25;2025-12-20;16;566
25;2025-12-20;17;537
25;2025-12-20;18;480
25;2025-12-20;19;418
25;2025-12-20;20;275
25;2025-12-20;21;228
25;2025-12-20;22;151
25;2025-12-20;23;60
25;2025-12-21;0;18
25;2025-12-21;1;0
25;2025-12-21;2;0
25;2025-12-21;3;0
25;2025-12-21;4;0
25;2025-12-21;5;1
25;2025-12-21;6;60
25;2025-12-21;7;127
25;2025-12-21;8;215
25;2025-12-21;9;245
25;2025-12-21;10;258
25;2025-12-21;11;341
25;2025-12-21;12;413
25;2025-12-21;13;490
25;2025-12-21;14;497
25;2025-12-21;15;537
25;2025-12-21;16;504
25;2025-12-21;17;468
25;2025-12-21;18;419
25;2025-12-21;19;342
25;2025-12-21;20;239
25;2025-12-21;21;200
25;2025-12-21;22;124
25;2025-12-21;23;47
25;2025-12-22;0;8
25;2025-12-22;1;0
25;2025-12-22;2;0
25;2025-12-22;3;0
25;2025-12-22;4;0
25;2025-12-22;5;4
25;2025-12-22;6;175
25;2025-12-22;7;557
25;2025-12-22;8;907
25;2025-12-22;9;470
25;2025-12-22;10;347
25;2025-12-22;11;371
25;2025-12-22;12;382
25;2025-12-22;13;460
25;2025-12-22;14;430
25;2025-12-22;15;507
25;2025-12-22;16;653
25;2025-12-22;17;740
25;2025-12-22;18;811
25;2025-12-22;19;505
25;2025-12-22;20;303
25;2025-12-22;21;190
25;2025-12-22;22;115
25;2025-12-22;23;17
25;2025-12-23;0;4
25;2025-12-23;1;0
25;2025-12-23;2;0
25;2025-12-23;3;0
25;2025-12-23;4;0
25;2025-12-23;5;5
25;2025-12-23;6;183
25;2025-12-23;7;611
25;2025-12-23;8;928
25;2025-12-23;9;513
25;2025-12-23;10;381
25;2025-12-23;11;414
25;2025-12-23;12;410
25;2025-12-23;13;458
25;2025-12-23;14;461
25;2025-12-23;15;538
25;2025-12-23;16;689
25;2025-12-23;17;760
25;2025-12-23;18;826
25;2025-12-23;19;551
25;2025-12-23;20;328
25;2025-12-23;21;199
25;2025-12-23;22;132
25;2025-12-23;23;14
25;2025-12-24;0;2
25;2025-12-24;1;0
25;2025-12-24;2;0
25;2025-12-24;3;0
25;2025-12-24;4;0
25;2025-12-24;5;5
25;2025-12-24;6;190
25;2025-12-24;7;560
25;2025-12-24;8;933
25;2025-12-24;9;491
25;2025-12-24;10;386
25;2025-12-24;11;413
25;2025-12-24;12;421
25;2025-12-24;13;504
25;2025-12-24;14;466
25;2025-12-24;15;523
25;2025-12-24;16;680
25;2025-12-24;17;772
25;2025-12-24;18;824
25;2025-12-24;19;520
25;2025-12-24;20;332
25;2025-12-24;21;202
25;2025-12-24;22;124
25;2025-12-24;23;13
25;2025-12-25;0;3
25;2025-12-25;1;0
25;2025-12-25;2;0
25;2025-12-25;3;0
25;2025-12-25;4;0
25;2025-12-25;5;5
25;2025-12-25;6;171
25;2025-12-25;7;566
25;2025-12-25;8;912
25;2025-12-25;9;483
25;2025-12-25;10;380
25;2025-12-25;11;391
25;2025-12-25;12;412
25;2025-12-25;13;467
25;2025-12-25;14;464
25;2025-12-25;15;519
25;2025-12-25;16;651
25;2025-12-25;17;736
25;2025-12-25;18;807
25;2025-12-25;19;498
25;2025-12-25;20;324
25;2025-12-25;21;195
25;2025-12-25;22;134
25;2025-12-25;23;16
25;2025-12-26;0;2
25;2025-12-26;1;0
25;2025-12-26;2;0
25;2025-12-26;3;0
25;2025-12-26;4;0
25;2025-12-26;5;4
25;2025-12-26;6;172
25;2025-12-26;7;545
25;2025-12-26;8;876
25;2025-12-26;9;458
25;2025-12-26;10;366
25;2025-12-26;11;375
25;2025-12-26;12;399
25;2025-12-26;13;460
25;2025-12-26;14;470
25;2025-12-26;15;565
25;2025-12-26;16;708
25;2025-12-26;17;757
25;2025-12-26;18;658
25;2025-12-26;19;461
25;2025-12-26;20;318
25;2025-12-26;21;209
25;2025-12-26;22;142
25;2025-12-26;23;21
25;2025-12-27;0;8
25;2025-12-27;1;0
25;2025-12-27;2;0
25;2025-12-27;3;0
25;2025-12-27;4;0
25;2025-12-27;5;1
25;2025-12-27;6;78
25;2025-12-27;7;171
25;2025-12-27;8;304
25;2025-12-27;9;305
25;2025-12-27;10;323
25;2025-12-27;11;384
25;2025-12-27;12;445
25;2025-12-27;13;555
25;2025-12-27;14;555
25;2025-12-27;15;619
25;2025-12-27;16;566
25;2025-12-27;17;537
25;2025-12-27;18;486
25;2025-12-27;19;424
25;2025-12-27;20;281
25;2025-12-27;21;239
25;2025-12-27;22;155
25;2025-12-27;23;61
25;2025-12-28;0;17
25;2025-12-28;1;0
25;2025-12-28;2;0
25;2025-12-28;3;0
25;2025-12-28;4;0
25;2025-12-28;5;1
25;2025-12-28;6;59
25;2025-12-28;7;122
25;2025-12-28;8;206
25;2025-12-28;9;235
25;2025-12-28;10;248
25;2025-12-28;11;326
25;2025-12-28;12;396
25;2025-12-28;13;475
25;2025-12-28;14;485
25;2025-12-28;15;528
25;2025-12-28;16;496
25;2025-12-28;17;461
25;2025-12-28;18;418
25;2025-12-28;19;342
25;2025-12-28;20;241
25;2025-12-28;21;206
25;2025-12-28;22;125
25;2025-12-28;23;47
25;2025-12-29;0;8
25;2025-12-29;1;0
25;2025-12-29;2;0
25;2025-12-29;3;0
25;2025-12-29;4;0
25;2025-12-29;5;4
25;2025-12-29;6;174
25;2025-12-29;7;549
25;2025-12-29;8;897
25;2025-12-29;9;465
25;2025-12-29;10;342
25;2025-12-29;11;366
25;2025-12-29;12;378
25;2025-12-29;13;452
25;2025-12-29;14;425
25;2025-12-29;15;507
25;2025-12-29;16;653
25;2025-12-29;17;740
25;2025-12-29;18;811
25;2025-12-29;19;506
25;2025-12-29;20;307
25;2025-12-29;21;198
25;2025-12-29;22;115
25;2025-12-29;23;16
25;2025-12-30;0;4
25;2025-12-30;1;0
25;2025-12-30;2;0
25;2025-12-30;3;0
25;2025-12-30;4;0
25;2025-12-30;5;4
25;2025-12-30;6;175
25;2025-12-30;7;586
25;2025-12-30;8;894
25;2025-12-30;9;496
25;2025-12-30;10;366
25;2025-12-30;11;397
25;2025-12-30;12;394
25;2025-12-30;13;436
25;2025-12-30;14;444
25;2025-12-30;15;524
25;2025-12-30;16;671
25;2025-12-30;17;741
25;2025-12-30;18;806
25;2025-12-30;19;538
25;2025-12-30;20;325
25;2025-12-30;21;203
25;2025-12-30;22;129
25;2025-12-30;23;14
25;2025-12-31;0;12
25;2025-12-31;1;0
25;2025-12-31;2;0
25;2025-12-31;3;0
25;2025-12-31;4;0
25;2025-12-31;5;1
25;2025-12-31;6;55
25;2025-12-31;7;121
25;2025-12-31;8;215
25;2025-12-31;9;231
25;2025-12-31;10;253
25;2025-12-31;11;317
25;2025-12-31;12;372
25;2025-12-31;13;458
25;2025-12-31;14;465
25;2025-12-31;15;513
25;2025-12-31;16;477
25;2025-12-31;17;449
25;2025-12-31;18;403
25;2025-12-31;19;342
25;2025-12-31;20;238
25;2025-12-31;21;204
25;2025-12-31;22;130
25;2025-12-31;23;48
26;2025-11-01;0;26
26;2025-11-01;1;0
26;2025-11-01;2;0
26;2025-11-01;3;0
26;2025-11-01;4;0
26;2025-11-01;5;44
26;2025-11-01;6;381
26;2025-11-01;7;795
26;2025-11-01;8;1514
26;2025-11-01;9;1025
26;2025-11-01;10;889
26;2025-11-01;11;810
26;2025-11-01;12;836
26;2025-11-01;13;872
26;2025-11-01;14;941
26;2025-11-01;15;1013
26;2025-11-01;16;1160
26;2025-11-01;17;1248
26;2025-11-01;18;1066
26;2025-11-01;19;808
26;2025-11-01;20;531
26;2025-11-01;21;347
26;2025-11-01;22;170
26;2025-11-01;23;117
26;2025-11-02;0;55
26;2025-11-02;1;0
26;2025-11-02;2;0
26;2025-11-02;3;0
26;2025-11-02;4;0
26;2025-11-02;5;20
26;2025-11-02;6;169
26;2025-11-02;7;279
26;2025-11-02;8;389
26;2025-11-02;9;535
26;2025-11-02;10;638
26;2025-11-02;11;802
26;2025-11-02;12;853
26;2025-11-02;13;904
26;2025-11-02;14;897
26;2025-11-02;15;847
26;2025-11-02;16;841
26;2025-11-02;17;844
26;2025-11-02;18;766
26;2025-11-02;19;600
26;2025-11-02;20;443
26;2025-11-02;21;310
26;2025-11-02;22;193
26;2025-11-02;23;119
26;2025-11-03;0;46
26;2025-11-03;1;0
26;2025-11-03;2;0
26;2025-11-03;3;0
26;2025-11-03;4;0
26;2025-11-03;5;24
26;2025-11-03;6;183
26;2025-11-03;7;286
26;2025-11-03;8;409
26;2025-11-03;9;510
26;2025-11-03;10;609
26;2025-11-03;11;739
26;2025-11-03;12;802
26;2025-11-03;13;834
26;2025-11-03;14;841
26;2025-11-03;15;798
26;2025-11-03;16;792
26;2025-11-03;17;781
26;2025-11-03;18;710
26;2025-11-03;19;590
26;2025-11-03;20;431
26;2025-11-03;21;303
26;2025-11-03;22;194
26;2025-11-03;23;120
26;2025-11-04;0;45
26;2025-11-04;1;0
26;2025-11-04;2;0
26;2025-11-04;3;0
26;2025-11-04;4;0
26;2025-11-04;5;24
26;2025-11-04;6;182
26;2025-11-04;7;284
26;2025-11-04;8;408
26;2025-11-04;9;506
26;2025-11-04;10;604
26;2025-11-04;11;733
26;2025-11-04;12;795
26;2025-11-04;13;826
26;2025-11-04;14;833
26;2025-11-04;15;791
26;2025-11-04;16;785
26;2025-11-04;17;774
26;2025-11-04;18;704
26;2025-11-04;19;584
26;2025-11-04;20;427
26;2025-11-04;21;300
26;2025-11-04;22;192
26;2025-11-04;23;117
26;2025-11-05;0;37
26;2025-11-05;1;0
26;2025-11-05;2;0
26;2025-11-05;3;0
26;2025-11-05;4;0
26;2025-11-05;5;71
26;2025-11-05;6;525
26;2025-11-05;7;1125
26;2025-11-05;8;2205
26;2025-11-05;9;1474
26;2025-11-05;10;1211
26;2025-11-05;11;1113
26;2025-11-05;12;1162
26;2025-11-05;13;1197
26;2025-11-05;14;1288
26;2025-11-05;15;1385
26;2025-11-05;16;1482
26;2025-11-05;17;1688
26;2025-11-05;18;1854
26;2025-11-05;19;1280
26;2025-11-05;20;791
26;2025-11-05;21;500
26;2025-11-05;22;234
26;2025-11-05;23;131
26;2025-11-06;0;37
26;2025-11-06;1;0
26;2025-11-06;2;0
26;2025-11-06;3;0
26;2025-11-06;4;0
26;2025-11-06;5;64
26;2025-11-06;6;519
26;2025-11-06;7;1090
26;2025-11-06;8;2148
26;2025-11-06;9;1461
26;2025-11-06;10;1173
26;2025-11-06;11;1112
26;2025-11-06;12;1139
26;2025-11-06;13;1162
26;2025-11-06;14;1243
26;2025-11-06;15;1340
26;2025-11-06;16;1461
26;2025-11-06;17;1676
26;2025-11-06;18;1868
26;2025-11-06;19;1243
26;2025-11-06;20;761
26;2025-11-06;21;467
26;2025-11-06;22;229
26;2025-11-06;23;129
26;2025-11-07;0;36
26;2025-11-07;1;0
26;2025-11-07;2;0
26;2025-11-07;3;0
26;2025-11-07;4;0
26;2025-11-07;5;66
26;2025-11-07;6;528
26;2025-11-07;7;1080
26;2025-11-07;8;2048
26;2025-11-07;9;1385
26;2025-11-07;10;1203
26;2025-11-07;11;1095
26;2025-11-07;12;1130
26;2025-11-07;13;1179
26;2025-11-07;14;1272
26;2025-11-07;15;1368
26;2025-11-07;16;1567
26;2025-11-07;17;1685
26;2025-11-07;18;1439
26;2025-11-07;19;1087
26;2025-11-07;20;718
26;2025-11-07;21;469
26;2025-11-07;22;235
26;2025-11-07;23;159
26;2025-11-08;0;50
26;2025-11-08;1;0
26;2025-11-08;2;0
26;2025-11-08;3;0
26;2025-11-08;4;0
26;2025-11-08;5;39
26;2025-11-08;6;263
26;2025-11-08;7;393
26;2025-11-08;8;605
26;2025-11-08;9;687
26;2025-11-08;10;811
26;2025-11-08;11;961
26;2025-11-08;12;1018
26;2025-11-08;13;1032
26;2025-11-08;14;1047
26;2025-11-08;15;1001
26;2025-11-08;16;995
26;2025-11-08;17;948
26;2025-11-08;18;882
26;2025-11-08;19;775
26;2025-11-08;20;538
26;2025-11-08;21;372
26;2025-11-08;22;227
26;2025-11-08;23;154
26;2025-11-09;0;55
26;2025-11-09;1;0
26;2025-11-09;2;0
26;2025-11-09;3;0
26;2025-11-09;4;0
26;2025-11-09;5;22
26;2025-11-09;6;171
26;2025-11-09;7;281
26;2025-11-09;8;391
26;2025-11-09;9;538
26;2025-11-09;10;641
26;2025-11-09;11;805
26;2025-11-09;12;856
26;2025-11-09;13;908
26;2025-11-09;14;901
26;2025-11-09;15;849
26;2025-11-09;16;843
26;2025-11-09;17;846
26;2025-11-09;18;767
26;2025-11-09;19;599
26;2025-11-09;20;444
26;2025-11-09;21;312
26;2025-11-09;22;197
26;2025-11-09;23;120
26;2025-11-10;0;33
26;2025-11-10;1;0
26;2025-11-10;2;0
26;2025-11-10;3;0
26;2025-11-10;4;0
26;2025-11-10;5;69
26;2025-11-10;6;528
26;2025-11-10;7;1138
26;2025-11-10;8;2112
26;2025-11-10;9;1441
26;2025-11-10;10;1192
26;2025-11-10;11;1064
26;2025-11-10;12;1088
26;2025-11-10;13;1155
26;2025-11-10;14;1190
26;2025-11-10;15;1327
26;2025-11-10;16;1459
26;2025-11-10;17;1692
26;2025-11-10;18;1884
26;2025-11-10;19;1248
26;2025-11-10;20;778
26;2025-11-10;21;459
26;2025-11-10;22;218
26;2025-11-10;23;113
26;2025-11-11;0;32
26;2025-11-11;1;0
26;2025-11-11;2;0
26;2025-11-11;3;0
26;2025-11-11;4;0
26;2025-11-11;5;67
26;2025-11-11;6;546
26;2025-11-11;7;1149
26;2025-11-11;8;2228
26;2025-11-11;9;1500
26;2025-11-11;10;1246
26;2025-11-11;11;1161
26;2025-11-11;12;1173
26;2025-11-11;13;1169
26;2025-11-11;14;1235
26;2025-11-11;15;1358
26;2025-11-11;16;1507
26;2025-11-11;17;1790
26;2025-11-11;18;1948
26;2025-11-11;19;1344
26;2025-11-11;20;790
26;2025-11-11;21;478
26;2025-11-11;22;227
26;2025-11-11;23;120
26;2025-11-12;0;36
26;2025-11-12;1;0
26;2025-11-12;2;0
26;2025-11-12;3;0
26;2025-11-12;4;0
26;2025-11-12;5;72
26;2025-11-12;6;524
26;2025-11-12;7;1118
26;2025-11-12;8;2186
26;2025-11-12;9;1462
26;2025-11-12;10;1201
26;2025-11-12;11;1104
26;2025-11-12;12;1148
26;2025-11-12;13;1183
26;2025-11-12;14;1270
26;2025-11-12;15;1373
26;2025-11-12;16;1469
26;2025-11-12;17;1674
26;2025-11-12;18;1839
26;2025-11-12;19;1273
26;2025-11-12;20;785
26;2025-11-12;21;497
26;2025-11-12;22;233
26;2025-11-12;23;131
26;2025-11-13;0;39
26;2025-11-13;1;0
26;2025-11-13;2;0
26;2025-11-13;3;0
26;2025-11-13;4;0
26;2025-11-13;5;68
26;2025-11-13;6;538
26;2025-11-13;7;1125
26;2025-11-13;8;2210
26;2025-11-13;9;1504
26;2025-11-13;10;1207
26;2025-11-13;11;1145
26;2025-11-13;12;1171
26;2025-11-13;13;1196
26;2025-11-13;14;1279
26;2025-11-13;15;1382
26;2025-11-13;16;1506
26;2025-11-13;17;1725
26;2025-11-13;18;1925
26;2025-11-13;19;1284
26;2025-11-13;20;784
26;2025-11-13;21;481
26;2025-11-13;22;237
26;2025-11-13;23;133
26;2025-11-14;0;36
26;2025-11-14;1;0
26;2025-11-14;2;0
26;2025-11-14;3;0
26;2025-11-14;4;0
26;2025-11-14;5;67
26;2025-11-14;6;536
26;2025-11-14;7;1098
26;2025-11-14;8;2083
26;2025-11-14;9;1410
26;2025-11-14;10;1224
26;2025-11-14;11;1114
26;2025-11-14;12;1150
26;2025-11-14;13;1199
26;2025-11-14;14;1294
26;2025-11-14;15;1391
26;2025-11-14;16;1594
26;2025-11-14;17;1714
26;2025-11-14;18;1463
26;2025-11-14;19;1107
26;2025-11-14;20;731
26;2025-11-14;21;478
26;2025-11-14;22;240
26;2025-11-14;23;162
26;2025-11-15;0;49
26;2025-11-15;1;0
26;2025-11-15;2;0
26;2025-11-15;3;0
26;2025-11-15;4;0
26;2025-11-15;5;38
26;2025-11-15;6;256
26;2025-11-15;7;388
26;2025-11-15;8;599
26;2025-11-15;9;674
26;2025-11-15;10;781
26;2025-11-15;11;920
26;2025-11-15;12;975
26;2025-11-15;13;988
26;2025-11-15;14;1003
26;2025-11-15;15;959
26;2025-11-15;16;956
26;2025-11-15;17;912
26;2025-11-15;18;848
26;2025-11-15;19;748
26;2025-11-15;20;518
26;2025-11-15;21;359
26;2025-11-15;22;220
26;2025-11-15;23;148
26;2025-11-16;0;56
26;2025-11-16;1;0
26;2025-11-16;2;0
26;2025-11-16;3;0
26;2025-11-16;4;0
26;2025-11-16;5;22
26;2025-11-16;6;174
26;2025-11-16;7;284
26;2025-11-16;8;395
26;2025-11-16;9;544
26;2025-11-16;10;649
26;2025-11-16;11;815
26;2025-11-16;12;866
26;2025-11-16;13;919
26;2025-11-16;14;911
26;2025-11-16;15;860
26;2025-11-16;16;854
26;2025-11-16;17;858
26;2025-11-16;18;779
26;2025-11-16;19;611
26;2025-11-16;20;451
26;2025-11-16;21;316
26;2025-11-16;22;200
26;2025-11-16;23;121
26;2025-11-17;0;32
26;2025-11-17;1;0
26;2025-11-17;2;0
26;2025-11-17;3;0
26;2025-11-17;4;0
26;2025-11-17;5;68
26;2025-11-17;6;519
26;2025-11-17;7;1125
26;2025-11-17;8;2073
26;2025-11-17;9;1415
26;2025-11-17;10;1169
26;2025-11-17;11;1043
26;2025-11-17;12;1066
26;2025-11-17;13;1132
26;2025-11-17;14;1168
26;2025-11-17;15;1299
26;2025-11-17;16;1429
26;2025-11-17;17;1660
26;2025-11-17;18;1849
26;2025-11-17;19;1228
26;2025-11-17;20;766
26;2025-11-17;21;452
26;2025-11-17;22;215
26;2025-11-17;23;110
26;2025-11-18;0;31
26;2025-11-18;1;0
26;2025-11-18;2;0
26;2025-11-18;3;0
26;2025-11-18;4;0
26;2025-11-18;5;65
26;2025-11-18;6;527
26;2025-11-18;7;1108
26;2025-11-18;8;2130
26;2025-11-18;9;1442
26;2025-11-18;10;1191
26;2025-11-18;11;1110
26;2025-11-18;12;1121
26;2025-11-18;13;1118
26;2025-11-18;14;1186
26;2025-11-18;15;1295
26;2025-11-18;16;1438
26;2025-11-18;17;1712
26;2025-11-18;18;1861
26;2025-11-18;19;1285
26;2025-11-18;20;756
26;2025-11-18;21;459
26;2025-11-18;22;219
26;2025-11-18;23;115
26;2025-11-19;0;37
26;2025-11-19;1;0
26;2025-11-19;2;0
26;2025-11-19;3;0
26;2025-11-19;4;0
26;2025-11-19;5;74
26;2025-11-19;6;540
26;2025-11-19;7;1158
26;2025-11-19;8;2243
26;2025-11-19;9;1494
26;2025-11-19;10;1220
26;2025-11-19;11;1120
26;2025-11-19;12;1166
26;2025-11-19;13;1212
26;2025-11-19;14;1304
26;2025-11-19;15;1410
26;2025-11-19;16;1510
26;2025-11-19;17;1720
26;2025-11-19;18;1891
26;2025-11-19;19;1308
26;2025-11-19;20;806
26;2025-11-19;21;510
26;2025-11-19;22;238
26;2025-11-19;23;134
26;2025-11-20;0;39
26;2025-11-20;1;0
26;2025-11-20;2;0
26;2025-11-20;3;0
26;2025-11-20;4;0
26;2025-11-20;5;69
26;2025-11-20;6;545
26;2025-11-20;7;1147
26;2025-11-20;8;2231
26;2025-11-20;9;1513
26;2025-11-20;10;1206
26;2025-11-20;11;1143
26;2025-11-20;12;1166
26;2025-11-20;13;1201
26;2025-11-20;14;1285
26;2025-11-20;15;1396
26;2025-11-20;16;1522
26;2025-11-20;17;1743
26;2025-11-20;18;1946
26;2025-11-20;19;1300
26;2025-11-20;20;794
26;2025-11-20;21;486
26;2025-11-20;22;238
26;2025-11-20;23;133
26;2025-11-21;0;36
26;2025-11-21;1;0
26;2025-11-21;2;0
26;2025-11-21;3;0
26;2025-11-21;4;0
26;2025-11-21;5;67
26;2025-11-21;6;542
26;2025-11-21;7;1115
26;2025-11-21;8;2097
26;2025-11-21;9;1415
26;2025-11-21;10;1222
26;2025-11-21;11;1111
26;2025-11-21;12;1147
26;2025-11-21;13;1205
26;2025-11-21;14;1304
26;2025-11-21;15;1403
26;2025-11-21;16;1608
26;2025-11-21;17;1729
26;2025-11-21;18;1478
26;2025-11-21;19;1121
26;2025-11-21;20;737
26;2025-11-21;21;481
26;2025-11-21;22;241
26;2025-11-21;23;162
26;2025-11-22;0;50
26;2025-11-22;1;0
26;2025-11-22;2;0
26;2025-11-22;3;0
26;2025-11-22;4;0
26;2025-11-22;5;39
26;2025-11-22;6;263
26;2025-11-22;7;395
26;2025-11-22;8;611
26;2025-11-22;9;687
26;2025-11-22;10;804
26;2025-11-22;11;952
26;2025-11-22;12;1008
26;2025-11-22;13;1024
26;2025-11-22;14;1040
26;2025-11-22;15;994
26;2025-11-22;16;987
26;2025-11-22;17;941
26;2025-11-22;18;875
26;2025-11-22;19;771
26;2025-11-22;20;534
26;2025-11-22;21;370
26;2025-11-22;22;226
26;2025-11-22;23;152
26;2025-11-23;0;56
26;2025-11-23;1;0
26;2025-11-23;2;0
26;2025-11-23;3;0
26;2025-11-23;4;0
26;2025-11-23;5;22
26;2025-11-23;6;174
26;2025-11-23;7;285
26;2025-11-23;8;396
26;2025-11-23;9;544
26;2025-11-23;10;648
26;2025-11-23;11;814
26;2025-11-23;12;866
26;2025-11-23;13;921
26;2025-11-23;14;913
26;2025-11-23;15;861
26;2025-11-23;16;855
26;2025-11-23;17;859
26;2025-11-23;18;779
26;2025-11-23;19;611
26;2025-11-23;20;451
26;2025-11-23;21;317
26;2025-11-23;22;200
26;2025-11-23;23;122
26;2025-11-24;0;32
26;2025-11-24;1;0
26;2025-11-24;2;0
26;2025-11-24;3;0
26;2025-11-24;4;0
26;2025-11-24;5;68
26;2025-11-24;6;521
26;2025-11-24;7;1119
26;2025-11-24;8;2059
26;2025-11-24;9;1407
26;2025-11-24;10;1153
26;2025-11-24;11;1027
26;2025-11-24;12;1048
26;2025-11-24;13;1121
26;2025-11-24;14;1159
26;2025-11-24;15;1290
26;2025-11-24;16;1419
26;2025-11-24;17;1650
26;2025-11-24;18;1837
26;2025-11-24;19;1217
26;2025-11-24;20;760
26;2025-11-24;21;449
26;2025-11-24;22;214
26;2025-11-24;23;110
26;2025-11-25;0;33
26;2025-11-25;1;0
26;2025-11-25;2;0
26;2025-11-25;3;0
26;2025-11-25;4;0
26;2025-11-25;5;68
26;2025-11-25;6;554
26;2025-11-25;7;1173
26;2025-11-25;8;2257
26;2025-11-25;9;1513
26;2025-11-25;10;1250
26;2025-11-25;11;1164
26;2025-11-25;12;1175
26;2025-11-25;13;1181
26;2025-11-25;14;1252
26;2025-11-25;15;1376
26;2025-11-25;16;1527
26;2025-11-25;17;1814
26;2025-11-25;18;1974
26;2025-11-25;19;1364
26;2025-11-25;20;800
26;2025-11-25;21;486
26;2025-11-25;22;231
26;2025-11-25;23;121
26;2025-11-26;0;36
26;2025-11-26;1;0
26;2025-11-26;2;0
26;2025-11-26;3;0
26;2025-11-26;4;0
26;2025-11-26;5;72
26;2025-11-26;6;525
26;2025-11-26;7;1117
26;2025-11-26;8;2166
26;2025-11-26;9;1448
26;2025-11-26;10;1174
26;2025-11-26;11;1078
26;2025-11-26;12;1120
26;2025-11-26;13;1163
26;2025-11-26;14;1252
26;2025-11-26;15;1353
26;2025-11-26;16;1449
26;2025-11-26;17;1654
26;2025-11-26;18;1818
26;2025-11-26;19;1258
26;2025-11-26;20;775
26;2025-11-26;21;491
26;2025-11-26;22;229
26;2025-11-26;23;128
26;2025-11-27;0;38
26;2025-11-27;1;0
26;2025-11-27;2;0
26;2025-11-27;3;0
26;2025-11-27;4;0
26;2025-11-27;5;67
26;2025-11-27;6;532
26;2025-11-27;7;1121
26;2025-11-27;8;2185
26;2025-11-27;9;1481
26;2025-11-27;10;1179
26;2025-11-27;11;1116
26;2025-11-27;12;1139
26;2025-11-27;13;1172
26;2025-11-27;14;1254
26;2025-11-27;15;1360
26;2025-11-27;16;1482
26;2025-11-27;17;1701
26;2025-11-27;18;1899
26;2025-11-27;19;1264
26;2025-11-27;20;773
26;2025-11-27;21;475
26;2025-11-27;22;233
26;2025-11-27;23;131
26;2025-11-28;0;36
26;2025-11-28;1;0
26;2025-11-28;2;0
26;2025-11-28;3;0
26;2025-11-28;4;0
26;2025-11-28;5;67
26;2025-11-28;6;537
26;2025-11-28;7;1108
26;2025-11-28;8;2087
26;2025-11-28;9;1407
26;2025-11-28;10;1214
26;2025-11-28;11;1104
26;2025-11-28;12;1139
26;2025-11-28;13;1197
26;2025-11-28;14;1295
26;2025-11-28;15;1394
26;2025-11-28;16;1597
26;2025-11-28;17;1717
26;2025-11-28;18;1468
26;2025-11-28;19;1112
26;2025-11-28;20;732
26;2025-11-28;21;478
26;2025-11-28;22;239
26;2025-11-28;23;160
26;2025-11-29;0;52
26;2025-11-29;1;0
26;2025-11-29;2;0
26;2025-11-29;3;0
26;2025-11-29;4;0
26;2025-11-29;5;40
26;2025-11-29;6;274
26;2025-11-29;7;408
26;2025-11-29;8;624
26;2025-11-29;9;706
26;2025-11-29;10;837
26;2025-11-29;11;993
26;2025-11-29;12;1051
26;2025-11-29;13;1069
26;2025-11-29;14;1085
26;2025-11-29;15;1037
26;2025-11-29;16;1030
26;2025-11-29;17;982
26;2025-11-29;18;914
26;2025-11-29;19;805
26;2025-11-29;20;557
26;2025-11-29;21;385
26;2025-11-29;22;236
26;2025-11-29;23;159
26;2025-11-30;0;57
26;2025-11-30;1;0
26;2025-11-30;2;0
26;2025-11-30;3;0
26;2025-11-30;4;0
26;2025-11-30;5;22
26;2025-11-30;6;176
26;2025-11-30;7;289
26;2025-11-30;8;400
26;2025-11-30;9;549
26;2025-11-30;10;656
26;2025-11-30;11;825
26;2025-11-30;12;877
26;2025-11-30;13;933
26;2025-11-30;14;926
26;2025-11-30;15;873
26;2025-11-30;16;867
26;2025-11-30;17;871
26;2025-11-30;18;790
26;2025-11-30;19;618
26;2025-11-30;20;457
26;2025-11-30;21;321
26;2025-11-30;22;203
26;2025-11-30;23;123
26;2025-12-01;0;35
26;2025-12-01;1;0
26;2025-12-01;2;0
26;2025-12-01;3;0
26;2025-12-01;4;0
26;2025-12-01;5;69
26;2025-12-01;6;566
26;2025-12-01;7;1158
26;2025-12-01;8;2121
26;2025-12-01;9;1514
26;2025-12-01;10;1224
26;2025-12-01;11;1115
26;2025-12-01;12;1149
26;2025-12-01;13;1215
26;2025-12-01;14;1172
26;2025-12-01;15;1323
26;2025-12-01;16;1518
26;2025-12-01;17;1743
26;2025-12-01;18;1956
26;2025-12-01;19;1349
26;2025-12-01;20;810
26;2025-12-01;21;444
26;2025-12-01;22;216
26;2025-12-01;23;110
26;2025-12-02;0;33
26;2025-12-02;1;0
26;2025-12-02;2;0
26;2025-12-02;3;0
26;2025-12-02;4;0
26;2025-12-02;5;66
26;2025-12-02;6;585
26;2025-12-02;7;1194
26;2025-12-02;8;2214
26;2025-12-02;9;1581
26;2025-12-02;10;1259
26;2025-12-02;11;1191
26;2025-12-02;12;1201
26;2025-12-02;13;1247
26;2025-12-02;14;1226
26;2025-12-02;15;1424
26;2025-12-02;16;1580
26;2025-12-02;17;1790
26;2025-12-02;18;1995
26;2025-12-02;19;1404
26;2025-12-02;20;846
26;2025-12-02;21;489
26;2025-12-02;22;240
26;2025-12-02;23;119
26;2025-12-03;0;34
26;2025-12-03;1;0
26;2025-12-03;2;0
26;2025-12-03;3;0
26;2025-12-03;4;0
26;2025-12-03;5;70
26;2025-12-03;6;584
26;2025-12-03;7;1188
26;2025-12-03;8;2197
26;2025-12-03;9;1567
26;2025-12-03;10;1277
26;2025-12-03;11;1182
26;2025-12-03;12;1203
26;2025-12-03;13;1242
26;2025-12-03;14;1253
26;2025-12-03;15;1400
26;2025-12-03;16;1537
26;2025-12-03;17;1782
26;2025-12-03;18;1943
26;2025-12-03;19;1364
26;2025-12-03;20;791
26;2025-12-03;21;499
26;2025-12-03;22;246
26;2025-12-03;23;127
26;2025-12-04;0;36
26;2025-12-04;1;0
26;2025-12-04;2;0
26;2025-12-04;3;0
26;2025-12-04;4;0
26;2025-12-04;5;71
26;2025-12-04;6;580
26;2025-12-04;7;1177
26;2025-12-04;8;2184
26;2025-12-04;9;1546
26;2025-12-04;10;1270
26;2025-12-04;11;1178
26;2025-12-04;12;1201
26;2025-12-04;13;1246
26;2025-12-04;14;1238
26;2025-12-04;15;1413
26;2025-12-04;16;1570
26;2025-12-04;17;1790
26;2025-12-04;18;2005
26;2025-12-04;19;1380
26;2025-12-04;20;824
26;2025-12-04;21;488
26;2025-12-04;22;237
26;2025-12-04;23;131
26;2025-12-05;0;36
26;2025-12-05;1;0
26;2025-12-05;2;0
26;2025-12-05;3;0
26;2025-12-05;4;0
26;2025-12-05;5;69
26;2025-12-05;6;572
26;2025-12-05;7;1131
26;2025-12-05;8;2068
26;2025-12-05;9;1520
26;2025-12-05;10;1237
26;2025-12-05;11;1165
26;2025-12-05;12;1218
26;2025-12-05;13;1270
26;2025-12-05;14;1256
26;2025-12-05;15;1492
26;2025-12-05;16;1681
26;2025-12-05;17;1792
26;2025-12-05;18;1578
26;2025-12-05;19;1189
26;2025-12-05;20;802
26;2025-12-05;21;473
26;2025-12-05;22;244
26;2025-12-05;23;157
26;2025-12-06;0;49
26;2025-12-06;1;0
26;2025-12-06;2;0
26;2025-12-06;3;0
26;2025-12-06;4;0
26;2025-12-06;5;38
26;2025-12-06;6;285
26;2025-12-06;7;388
26;2025-12-06;8;572
26;2025-12-06;9;719
26;2025-12-06;10;827
26;2025-12-06;11;1013
26;2025-12-06;12;1098
26;2025-12-06;13;1104
26;2025-12-06;14;1127
26;2025-12-06;15;1059
26;2025-12-06;16;1044
26;2025-12-06;17;995
26;2025-12-06;18;929
26;2025-12-06;19;804
26;2025-12-06;20;564
26;2025-12-06;21;395
26;2025-12-06;22;241
26;2025-12-06;23;153
26;2025-12-07;0;52
26;2025-12-07;1;0
26;2025-12-07;2;0
26;2025-12-07;3;0
26;2025-12-07;4;0
26;2025-12-07;5;26
26;2025-12-07;6;182
26;2025-12-07;7;265
26;2025-12-07;8;407
26;2025-12-07;9;555
26;2025-12-07;10;649
26;2025-12-07;11;836
26;2025-12-07;12;922
26;2025-12-07;13;981
26;2025-12-07;14;961
26;2025-12-07;15;910
26;2025-12-07;16;885
26;2025-12-07;17;893
26;2025-12-07;18;779
26;2025-12-07;19;616
26;2025-12-07;20;438
26;2025-12-07;21;317
26;2025-12-07;22;215
26;2025-12-07;23;122
26;2025-12-08;0;35
26;2025-12-08;1;0
26;2025-12-08;2;0
26;2025-12-08;3;0
26;2025-12-08;4;0
26;2025-12-08;5;69
26;2025-12-08;6;570
26;2025-12-08;7;1165
26;2025-12-08;8;2134
26;2025-12-08;9;1524
26;2025-12-08;10;1231
26;2025-12-08;11;1122
26;2025-12-08;12;1156
26;2025-12-08;13;1223
26;2025-12-08;14;1179
26;2025-12-08;15;1331
26;2025-12-08;16;1527
26;2025-12-08;17;1754
26;2025-12-08;18;1968
26;2025-12-08;19;1358
26;2025-12-08;20;815
26;2025-12-08;21;446
26;2025-12-08;22;217
26;2025-12-08;23;112
26;2025-12-09;0;32
26;2025-12-09;1;0
26;2025-12-09;2;0
26;2025-12-09;3;0
26;2025-12-09;4;0
26;2025-12-09;5;66
26;2025-12-09;6;584
26;2025-12-09;7;1192
26;2025-12-09;8;2210
26;2025-12-09;9;1580
26;2025-12-09;10;1258
26;2025-12-09;11;1189
26;2025-12-09;12;1199
26;2025-12-09;13;1245
26;2025-12-09;14;1223
26;2025-12-09;15;1421
26;2025-12-09;16;1576
26;2025-12-09;17;1786
26;2025-12-09;18;1992
26;2025-12-09;19;1401
26;2025-12-09;20;843
26;2025-12-09;21;486
26;2025-12-09;22;239
26;2025-12-09;23;120
26;2025-12-10;0;33
26;2025-12-10;1;0
26;2025-12-10;2;0
26;2025-12-10;3;0
26;2025-12-10;4;0
26;2025-12-10;5;70
26;2025-12-10;6;575
26;2025-12-10;7;1172
26;2025-12-10;8;2167
26;2025-12-10;9;1546
26;2025-12-10;10;1260
26;2025-12-10;11;1166
26;2025-12-10;12;1186
26;2025-12-10;13;1225
26;2025-12-10;14;1234
26;2025-12-10;15;1379
26;2025-12-10;16;1514
26;2025-12-10;17;1756
26;2025-12-10;18;1916
26;2025-12-10;19;1345
26;2025-12-10;20;780
26;2025-12-10;21;492
26;2025-12-10;22;243
26;2025-12-10;23;127
26;2025-12-11;0;35
26;2025-12-11;1;0
26;2025-12-11;2;0
26;2025-12-11;3;0
26;2025-12-11;4;0
26;2025-12-11;5;69
26;2025-12-11;6;564
26;2025-12-11;7;1145
26;2025-12-11;8;2125
26;2025-12-11;9;1505
26;2025-12-11;10;1234
26;2025-12-11;11;1143
26;2025-12-11;12;1166
26;2025-12-11;13;1209
26;2025-12-11;14;1202
26;2025-12-11;15;1368
26;2025-12-11;16;1522
26;2025-12-11;17;1737
26;2025-12-11;18;1946
26;2025-12-11;19;1338
26;2025-12-11;20;799
26;2025-12-11;21;472
26;2025-12-11;22;230
26;2025-12-11;23;129
26;2025-12-12;0;35
26;2025-12-12;1;0
26;2025-12-12;2;0
26;2025-12-12;3;0
26;2025-12-12;4;0
26;2025-12-12;5;67
26;2025-12-12;6;554
26;2025-12-12;7;1100
26;2025-12-12;8;2011
26;2025-12-12;9;1478
26;2025-12-12;10;1198
26;2025-12-12;11;1126
26;2025-12-12;12;1178
26;2025-12-12;13;1228
26;2025-12-12;14;1215
26;2025-12-12;15;1442
26;2025-12-12;16;1625
26;2025-12-12;17;1732
26;2025-12-12;18;1525
26;2025-12-12;19;1148
26;2025-12-12;20;774
26;2025-12-12;21;457
26;2025-12-12;22;235
26;2025-12-12;23;155
26;2025-12-13;0;49
26;2025-12-13;1;0
26;2025-12-13;2;0
26;2025-12-13;3;0
26;2025-12-13;4;0
26;2025-12-13;5;38
26;2025-12-13;6;286
26;2025-12-13;7;390
26;2025-12-13;8;574
26;2025-12-13;9;721
26;2025-12-13;10;829
26;2025-12-13;11;1015
26;2025-12-13;12;1101
26;2025-12-13;13;1107
26;2025-12-13;14;1129
26;2025-12-13;15;1061
26;2025-12-13;16;1046
26;2025-12-13;17;997
26;2025-12-13;18;932
26;2025-12-13;19;806
26;2025-12-13;20;565
26;2025-12-13;21;395
26;2025-12-13;22;240
26;2025-12-13;23;152
26;2025-12-14;0;52
26;2025-12-14;1;0
26;2025-12-14;2;0
26;2025-12-14;3;0
26;2025-12-14;4;0
26;2025-12-14;5;26
26;2025-12-14;6;183
26;2025-12-14;7;266
26;2025-12-14;8;408
26;2025-12-14;9;557
26;2025-12-14;10;651
26;2025-12-14;11;838
26;2025-12-14;12;924
26;2025-12-14;13;984
26;2025-12-14;14;962
26;2025-12-14;15;911
26;2025-12-14;16;887
26;2025-12-14;17;895
26;2025-12-14;18;781
26;2025-12-14;19;618
26;2025-12-14;20;440
26;2025-12-14;21;317
26;2025-12-14;22;215
26;2025-12-14;23;122
26;2025-12-15;0;34
26;2025-12-15;1;0
26;2025-12-15;2;0
26;2025-12-15;3;0
26;2025-12-15;4;0
26;2025-12-15;5;69
26;2025-12-15;6;567
26;2025-12-15;7;1159
26;2025-12-15;8;2124
26;2025-12-15;9;1518
26;2025-12-15;10;1226
26;2025-12-15;11;1116
26;2025-12-15;12;1151
26;2025-12-15;13;1217
26;2025-12-15;14;1171
26;2025-12-15;15;1321
26;2025-12-15;16;1518
26;2025-12-15;17;1744
26;2025-12-15;18;1958
26;2025-12-15;19;1352
26;2025-12-15;20;812
26;2025-12-15;21;443
26;2025-12-15;22;215
26;2025-12-15;23;112
26;2025-12-16;0;32
26;2025-12-16;1;0
26;2025-12-16;2;0
26;2025-12-16;3;0
26;2025-12-16;4;0
26;2025-12-16;5;65
26;2025-12-16;6;573
26;2025-12-16;7;1171
26;2025-12-16;8;2171
26;2025-12-16;9;1552
26;2025-12-16;10;1236
26;2025-12-16;11;1168
26;2025-12-16;12;1178
26;2025-12-16;13;1222
26;2025-12-16;14;1200
26;2025-12-16;15;1392
26;2025-12-16;16;1545
26;2025-12-16;17;1754
26;2025-12-16;18;1956
26;2025-12-16;19;1378
26;2025-12-16;20;830
26;2025-12-16;21;478
26;2025-12-16;22;235
26;2025-12-16;23;118
26;2025-12-17;0;34
26;2025-12-17;1;0
26;2025-12-17;2;0
26;2025-12-17;3;0
26;2025-12-17;4;0
26;2025-12-17;5;71
26;2025-12-17;6;589
26;2025-12-17;7;1200
26;2025-12-17;8;2220
26;2025-12-17;9;1584
26;2025-12-17;10;1291
26;2025-12-17;11;1194
26;2025-12-17;12;1215
26;2025-12-17;13;1256
26;2025-12-17;14;1266
26;2025-12-17;15;1415
26;2025-12-17;16;1553
26;2025-12-17;17;1800
26;2025-12-17;18;1963
26;2025-12-17;19;1376
26;2025-12-17;20;798
26;2025-12-17;21;502
26;2025-12-17;22;247
26;2025-12-17;23;129
26;2025-12-18;0;37
26;2025-12-18;1;0
26;2025-12-18;2;0
26;2025-12-18;3;0
26;2025-12-18;4;0
26;2025-12-18;5;71
26;2025-12-18;6;584
26;2025-12-18;7;1185
26;2025-12-18;8;2196
26;2025-12-18;9;1555
26;2025-12-18;10;1278
26;2025-12-18;11;1184
26;2025-12-18;12;1208
26;2025-12-18;13;1253
26;2025-12-18;14;1246
26;2025-12-18;15;1420
26;2025-12-18;16;1579
26;2025-12-18;17;1800
26;2025-12-18;18;2016
26;2025-12-18;19;1387
26;2025-12-18;20;826
26;2025-12-18;21;488
26;2025-12-18;22;237
26;2025-12-18;23;133
26;2025-12-19;0;36
26;2025-12-19;1;0
26;2025-12-19;2;0
26;2025-12-19;3;0
26;2025-12-19;4;0
26;2025-12-19;5;70
26;2025-12-19;6;577
26;2025-12-19;7;1142
26;2025-12-19;8;2087
26;2025-12-19;9;1534
26;2025-12-19;10;1248
26;2025-12-19;11;1175
26;2025-12-19;12;1229
26;2025-12-19;13;1281
26;2025-12-19;14;1266
26;2025-12-19;15;1504
26;2025-12-19;16;1697
26;2025-12-19;17;1808
26;2025-12-19;18;1592
26;2025-12-19;19;1200
26;2025-12-19;20;807
26;2025-12-19;21;476
26;2025-12-19;22;244
26;2025-12-19;23;160
26;2025-12-20;0;49
26;2025-12-20;1;0
26;2025-12-20;2;0
26;2025-12-20;3;0
26;2025-12-20;4;0
26;2025-12-20;5;38
26;2025-12-20;6;287
26;2025-12-20;7;391
26;2025-12-20;8;576
26;2025-12-20;9;725
26;2025-12-20;10;834
26;2025-12-20;11;1019
26;2025-12-20;12;1106
26;2025-12-20;13;1111
26;2025-12-20;14;1134
26;2025-12-20;15;1065
26;2025-12-20;16;1051
26;2025-12-20;17;1001
26;2025-12-20;18;936
26;2025-12-20;19;810
26;2025-12-20;20;568
26;2025-12-20;21;397
26;2025-12-20;22;241
26;2025-12-20;23;154
26;2025-12-21;0;52
26;2025-12-21;1;0
26;2025-12-21;2;0
26;2025-12-21;3;0
26;2025-12-21;4;0
26;2025-12-21;5;26
26;2025-12-21;6;182
26;2025-12-21;7;265
26;2025-12-21;8;407
26;2025-12-21;9;555
26;2025-12-21;10;647
26;2025-12-21;11;833
26;2025-12-21;12;919
26;2025-12-21;13;978
26;2025-12-21;14;957
26;2025-12-21;15;906
26;2025-12-21;16;881
26;2025-12-21;17;890
26;2025-12-21;18;776
26;2025-12-21;19;613
26;2025-12-21;20;436
26;2025-12-21;21;316
26;2025-12-21;22;214
26;2025-12-21;23;122
26;2025-12-22;0;34
26;2025-12-22;1;0
26;2025-12-22;2;0
26;2025-12-22;3;0
26;2025-12-22;4;0
26;2025-12-22;5;68
26;2025-12-22;6;560
26;2025-12-22;7;1145
26;2025-12-22;8;2098
26;2025-12-22;9;1499
26;2025-12-22;10;1211
26;2025-12-22;11;1103
26;2025-12-22;12;1137
26;2025-12-22;13;1202
26;2025-12-22;14;1157
26;2025-12-22;15;1303
26;2025-12-22;16;1497
26;2025-12-22;17;1722
26;2025-12-22;18;1934
26;2025-12-22;19;1335
26;2025-12-22;20;802
26;2025-12-22;21;438
26;2025-12-22;22;213
26;2025-12-22;23;111
26;2025-12-23;0;33
26;2025-12-23;1;0
26;2025-12-23;2;0
26;2025-12-23;3;0
26;2025-12-23;4;0
26;2025-12-23;5;66
26;2025-12-23;6;588
26;2025-12-23;7;1202
26;2025-12-23;8;2229
26;2025-12-23;9;1592
26;2025-12-23;10;1268
26;2025-12-23;11;1200
26;2025-12-23;12;1210
26;2025-12-23;13;1256
26;2025-12-23;14;1234
26;2025-12-23;15;1434
26;2025-12-23;16;1590
26;2025-12-23;17;1802
26;2025-12-23;18;2009
26;2025-12-23;19;1414
26;2025-12-23;20;851
26;2025-12-23;21;489
26;2025-12-23;22;239
26;2025-12-23;23;120
26;2025-12-24;0;34
26;2025-12-24;1;0
26;2025-12-24;2;0
26;2025-12-24;3;0
26;2025-12-24;4;0
26;2025-12-24;5;71
26;2025-12-24;6;587
26;2025-12-24;7;1196
26;2025-12-24;8;2209
26;2025-12-24;9;1577
26;2025-12-24;10;1286
26;2025-12-24;11;1189
26;2025-12-24;12;1209
26;2025-12-24;13;1249
26;2025-12-24;14;1257
26;2025-12-24;15;1406
26;2025-12-24;16;1543
26;2025-12-24;17;1789
26;2025-12-24;18;1953
26;2025-12-24;19;1372
26;2025-12-24;20;796
26;2025-12-24;21;501
26;2025-12-24;22;247
26;2025-12-24;23;129
26;2025-12-25;0;36
26;2025-12-25;1;0
26;2025-12-25;2;0
26;2025-12-25;3;0
26;2025-12-25;4;0
26;2025-12-25;5;68
26;2025-12-25;6;567
26;2025-12-25;7;1157
26;2025-12-25;8;2141
26;2025-12-25;9;1518
26;2025-12-25;10;1245
26;2025-12-25;11;1153
26;2025-12-25;12;1176
26;2025-12-25;13;1220
26;2025-12-25;14;1210
26;2025-12-25;15;1376
26;2025-12-25;16;1531
26;2025-12-25;17;1748
26;2025-12-25;18;1961
26;2025-12-25;19;1352
26;2025-12-25;20;806
26;2025-12-25;21;475
26;2025-12-25;22;231
26;2025-12-25;23;130
26;2025-12-26;0;35
26;2025-12-26;1;0
26;2025-12-26;2;0
26;2025-12-26;3;0
26;2025-12-26;4;0
26;2025-12-26;5;62
26;2025-12-26;6;553
26;2025-12-26;7;1094
26;2025-12-26;8;2006
26;2025-12-26;9;1474
26;2025-12-26;10;1184
26;2025-12-26;11;1114
26;2025-12-26;12;1166
26;2025-12-26;13;1218
26;2025-12-26;14;1214
26;2025-12-26;15;1447
26;2025-12-26;16;1632
26;2025-12-26;17;1740
26;2025-12-26;18;1549
26;2025-12-26;19;1173
26;2025-12-26;20;788
26;2025-12-26;21;483
26;2025-12-26;22;242
26;2025-12-26;23;161
26;2025-12-27;0;49
26;2025-12-27;1;0
26;2025-12-27;2;0
26;2025-12-27;3;0
26;2025-12-27;4;0
26;2025-12-27;5;35
26;2025-12-27;6;284
26;2025-12-27;7;384
26;2025-12-27;8;568
26;2025-12-27;9;709
26;2025-12-27;10;819
26;2025-12-27;11;997
26;2025-12-27;12;1085
26;2025-12-27;13;1108
26;2025-12-27;14;1137
26;2025-12-27;15;1072
26;2025-12-27;16;1057
26;2025-12-27;17;1008
26;2025-12-27;18;954
26;2025-12-27;19;828
26;2025-12-27;20;582
26;2025-12-27;21;422
26;2025-12-27;22;253
26;2025-12-27;23;160
26;2025-12-28;0;51
26;2025-12-28;1;0
26;2025-12-28;2;0
26;2025-12-28;3;0
26;2025-12-28;4;0
26;2025-12-28;5;24
26;2025-12-28;6;179
26;2025-12-28;7;256
26;2025-12-28;8;396
26;2025-12-28;9;533
26;2025-12-28;10;625
26;2025-12-28;11;803
26;2025-12-28;12;888
26;2025-12-28;13;959
26;2025-12-28;14;943
26;2025-12-28;15;897
26;2025-12-28;16;874
26;2025-12-28;17;882
26;2025-12-28;18;778
26;2025-12-28;19;619
26;2025-12-28;20;442
26;2025-12-28;21;331
26;2025-12-28;22;220
26;2025-12-28;23;126
26;2025-12-29;0;34
26;2025-12-29;1;0
26;2025-12-29;2;0
26;2025-12-29;3;0
26;2025-12-29;4;0
26;2025-12-29;5;65
26;2025-12-29;6;555
26;2025-12-29;7;1130
26;2025-12-29;8;2088
26;2025-12-29;9;1488
26;2025-12-29;10;1201
26;2025-12-29;11;1093
26;2025-12-29;12;1129
26;2025-12-29;13;1197
26;2025-12-29;14;1159
26;2025-12-29;15;1312
26;2025-12-29;16;1508
26;2025-12-29;17;1734
26;2025-12-29;18;1948
26;2025-12-29;19;1348
26;2025-12-29;20;820
26;2025-12-29;21;463
26;2025-12-29;22;216
26;2025-12-29;23;113
26;2025-12-30;0;32
26;2025-12-30;1;0
26;2025-12-30;2;0
26;2025-12-30;3;0
26;2025-12-30;4;0
26;2025-12-30;5;55
26;2025-12-30;6;563
26;2025-12-30;7;1152
26;2025-12-30;8;2156
26;2025-12-30;9;1539
26;2025-12-30;10;1220
26;2025-12-30;11;1154
26;2025-12-30;12;1166
26;2025-12-30;13;1218
26;2025-12-30;14;1206
26;2025-12-30;15;1409
26;2025-12-30;16;1562
26;2025-12-30;17;1773
26;2025-12-30;18;1977
26;2025-12-30;19;1397
26;2025-12-30;20;849
26;2025-12-30;21;505
26;2025-12-30;22;239
26;2025-12-30;23;121
26;2025-12-31;0;44
26;2025-12-31;1;0
26;2025-12-31;2;0
26;2025-12-31;3;0
26;2025-12-31;4;0
26;2025-12-31;5;23
26;2025-12-31;6;192
26;2025-12-31;7;266
26;2025-12-31;8;394
26;2025-12-31;9;518
26;2025-12-31;10;609
26;2025-12-31;11;758
26;2025-12-31;12;851
26;2025-12-31;13;898
26;2025-12-31;14;908
26;2025-12-31;15;863
26;2025-12-31;16;847
26;2025-12-31;17;837
26;2025-12-31;18;759
26;2025-12-31;19;632
26;2025-12-31;20;456
26;2025-12-31;21;339
26;2025-12-31;22;219
26;2025-12-31;23;128
28;2025-11-01;0;1
28;2025-11-01;1;0
28;2025-11-01;2;0
28;2025-11-01;3;0
28;2025-11-01;4;0
28;2025-11-01;5;39
28;2025-11-01;6;197
28;2025-11-01;7;567
28;2025-11-01;8;830
28;2025-11-01;9;572
28;2025-11-01;10;442
28;2025-11-01;11;426
28;2025-11-01;12;495
28;2025-11-01;13;492
28;2025-11-01;14;476
28;2025-11-01;15;523
28;2025-11-01;16;640
28;2025-11-01;17;676
28;2025-11-01;18;594
28;2025-11-01;19;448
28;2025-11-01;20;331
28;2025-11-01;21;223
28;2025-11-01;22;99
28;2025-11-01;23;14
28;2025-11-02;0;5
28;2025-11-02;1;0
28;2025-11-02;2;0
28;2025-11-02;3;0
28;2025-11-02;4;0
28;2025-11-02;5;22
28;2025-11-02;6;81
28;2025-11-02;7;164
28;2025-11-02;8;252
28;2025-11-02;9;334
28;2025-11-02;10;378
28;2025-11-02;11;421
28;2025-11-02;12;466
28;2025-11-02;13;522
28;2025-11-02;14;526
28;2025-11-02;15;514
28;2025-11-02;16;483
28;2025-11-02;17;489
28;2025-11-02;18;426
28;2025-11-02;19;363
28;2025-11-02;20;274
28;2025-11-02;21;220
28;2025-11-02;22;109
28;2025-11-02;23;18
28;2025-11-03;0;3
28;2025-11-03;1;0
28;2025-11-03;2;0
28;2025-11-03;3;0
28;2025-11-03;4;0
28;2025-11-03;5;21
28;2025-11-03;6;84
28;2025-11-03;7;171
28;2025-11-03;8;263
28;2025-11-03;9;331
28;2025-11-03;10;361
28;2025-11-03;11;384
28;2025-11-03;12;446
28;2025-11-03;13;483
28;2025-11-03;14;487
28;2025-11-03;15;483
28;2025-11-03;16;459
28;2025-11-03;17;459
28;2025-11-03;18;402
28;2025-11-03;19;339
28;2025-11-03;20;263
28;2025-11-03;21;212
28;2025-11-03;22;111
28;2025-11-03;23;19
28;2025-11-04;0;3
28;2025-11-04;1;0
28;2025-11-04;2;0
28;2025-11-04;3;0
28;2025-11-04;4;0
28;2025-11-04;5;20
28;2025-11-04;6;84
28;2025-11-04;7;169
28;2025-11-04;8;261
28;2025-11-04;9;328
28;2025-11-04;10;358
28;2025-11-04;11;381
28;2025-11-04;12;442
28;2025-11-04;13;479
28;2025-11-04;14;483
28;2025-11-04;15;479
28;2025-11-04;16;454
28;2025-11-04;17;455
28;2025-11-04;18;398
28;2025-11-04;19;335
28;2025-11-04;20;260
28;2025-11-04;21;210
28;2025-11-04;22;110
28;2025-11-04;23;19
28;2025-11-05;0;1
28;2025-11-05;1;0
28;2025-11-05;2;0
28;2025-11-05;3;0
28;2025-11-05;4;0
28;2025-11-05;5;55
28;2025-11-05;6;270
28;2025-11-05;7;769
28;2025-11-05;8;1164
28;2025-11-05;9;815
28;2025-11-05;10;612
28;2025-11-05;11;596
28;2025-11-05;12;673
28;2025-11-05;13;681
28;2025-11-05;14;644
28;2025-11-05;15;693
28;2025-11-05;16;846
28;2025-11-05;17;964
28;2025-11-05;18;955
28;2025-11-05;19;725
28;2025-11-05;20;495
28;2025-11-05;21;299
28;2025-11-05;22;126
28;2025-11-05;23;19
28;2025-11-06;0;3
28;2025-11-06;1;0
28;2025-11-06;2;0
28;2025-11-06;3;0
28;2025-11-06;4;0
28;2025-11-06;5;54
28;2025-11-06;6;265
28;2025-11-06;7;765
28;2025-11-06;8;1150
28;2025-11-06;9;785
28;2025-11-06;10;593
28;2025-11-06;11;575
28;2025-11-06;12;634
28;2025-11-06;13;656
28;2025-11-06;14;643
28;2025-11-06;15;674
28;2025-11-06;16;824
28;2025-11-06;17;946
28;2025-11-06;18;965
28;2025-11-06;19;706
28;2025-11-06;20;478
28;2025-11-06;21;294
28;2025-11-06;22;125
28;2025-11-06;23;16
28;2025-11-07;0;1
28;2025-11-07;1;0
28;2025-11-07;2;0
28;2025-11-07;3;0
28;2025-11-07;4;0
28;2025-11-07;5;56
28;2025-11-07;6;270
28;2025-11-07;7;764
28;2025-11-07;8;1120
28;2025-11-07;9;771
28;2025-11-07;10;596
28;2025-11-07;11;574
28;2025-11-07;12;668
28;2025-11-07;13;663
28;2025-11-07;14;641
28;2025-11-07;15;705
28;2025-11-07;16;862
28;2025-11-07;17;911
28;2025-11-07;18;800
28;2025-11-07;19;602
28;2025-11-07;20;447
28;2025-11-07;21;302
28;2025-11-07;22;137
28;2025-11-07;23;19
28;2025-11-08;0;3
28;2025-11-08;1;0
28;2025-11-08;2;0
28;2025-11-08;3;0
28;2025-11-08;4;0
28;2025-11-08;5;27
28;2025-11-08;6;112
28;2025-11-08;7;228
28;2025-11-08;8;373
28;2025-11-08;9;436
28;2025-11-08;10;456
28;2025-11-08;11;472
28;2025-11-08;12;544
28;2025-11-08;13;568
28;2025-11-08;14;570
28;2025-11-08;15;573
28;2025-11-08;16;548
28;2025-11-08;17;538
28;2025-11-08;18;482
28;2025-11-08;19;404
28;2025-11-08;20;308
28;2025-11-08;21;249
28;2025-11-08;22;129
28;2025-11-08;23;26
28;2025-11-09;0;5
28;2025-11-09;1;0
28;2025-11-09;2;0
28;2025-11-09;3;0
28;2025-11-09;4;0
28;2025-11-09;5;22
28;2025-11-09;6;82
28;2025-11-09;7;164
28;2025-11-09;8;252
28;2025-11-09;9;335
28;2025-11-09;10;379
28;2025-11-09;11;422
28;2025-11-09;12;467
28;2025-11-09;13;523
28;2025-11-09;14;527
28;2025-11-09;15;514
28;2025-11-09;16;484
28;2025-11-09;17;490
28;2025-11-09;18;426
28;2025-11-09;19;363
28;2025-11-09;20;275
28;2025-11-09;21;221
28;2025-11-09;22;111
28;2025-11-09;23;18
28;2025-11-10;0;1
28;2025-11-10;1;0
28;2025-11-10;2;0
28;2025-11-10;3;0
28;2025-11-10;4;0
28;2025-11-10;5;57
28;2025-11-10;6;262
28;2025-11-10;7;760
28;2025-11-10;8;1162
28;2025-11-10;9;815
28;2025-11-10;10;599
28;2025-11-10;11;566
28;2025-11-10;12;635
28;2025-11-10;13;635
28;2025-11-10;14;623
28;2025-11-10;15;654
28;2025-11-10;16;828
28;2025-11-10;17;937
28;2025-11-10;18;946
28;2025-11-10;19;701
28;2025-11-10;20;475
28;2025-11-10;21;290
28;2025-11-10;22;120
28;2025-11-10;23;16
28;2025-11-11;0;2
28;2025-11-11;1;0
28;2025-11-11;2;0
28;2025-11-11;3;0
28;2025-11-11;4;0
28;2025-11-11;5;56
28;2025-11-11;6;274
28;2025-11-11;7;820
28;2025-11-11;8;1234
28;2025-11-11;9;818
28;2025-11-11;10;636
28;2025-11-11;11;610
28;2025-11-11;12;657
28;2025-11-11;13;676
28;2025-11-11;14;655
28;2025-11-11;15;702
28;2025-11-11;16;796
28;2025-11-11;17;952
28;2025-11-11;18;978
28;2025-11-11;19;709
28;2025-11-11;20;497
28;2025-11-11;21;308
28;2025-11-11;22;129
28;2025-11-11;23;19
28;2025-11-12;0;1
28;2025-11-12;1;0
28;2025-11-12;2;0
28;2025-11-12;3;0
28;2025-11-12;4;0
28;2025-11-12;5;56
28;2025-11-12;6;268
28;2025-11-12;7;763
28;2025-11-12;8;1155
28;2025-11-12;9;809
28;2025-11-12;10;608
28;2025-11-12;11;591
28;2025-11-12;12;667
28;2025-11-12;13;675
28;2025-11-12;14;638
28;2025-11-12;15;687
28;2025-11-12;16;839
28;2025-11-12;17;957
28;2025-11-12;18;947
28;2025-11-12;19;720
28;2025-11-12;20;492
28;2025-11-12;21;297
28;2025-11-12;22;125
28;2025-11-12;23;19
28;2025-11-13;0;3
28;2025-11-13;1;0
28;2025-11-13;2;0
28;2025-11-13;3;0
28;2025-11-13;4;0
28;2025-11-13;5;57
28;2025-11-13;6;274
28;2025-11-13;7;789
28;2025-11-13;8;1184
28;2025-11-13;9;809
28;2025-11-13;10;610
28;2025-11-13;11;592
28;2025-11-13;12;653
28;2025-11-13;13;676
28;2025-11-13;14;662
28;2025-11-13;15;695
28;2025-11-13;16;849
28;2025-11-13;17;974
28;2025-11-13;18;994
28;2025-11-13;19;729
28;2025-11-13;20;492
28;2025-11-13;21;303
28;2025-11-13;22;129
28;2025-11-13;23;17
28;2025-11-14;0;1
28;2025-11-14;1;0
28;2025-11-14;2;0
28;2025-11-14;3;0
28;2025-11-14;4;0
28;2025-11-14;5;58
28;2025-11-14;6;274
28;2025-11-14;7;777
28;2025-11-14;8;1139
28;2025-11-14;9;784
28;2025-11-14;10;607
28;2025-11-14;11;584
28;2025-11-14;12;679
28;2025-11-14;13;674
28;2025-11-14;14;652
28;2025-11-14;15;717
28;2025-11-14;16;877
28;2025-11-14;17;926
28;2025-11-14;18;813
28;2025-11-14;19;613
28;2025-11-14;20;455
28;2025-11-14;21;308
28;2025-11-14;22;140
28;2025-11-14;23;19
28;2025-11-15;0;3
28;2025-11-15;1;0
28;2025-11-15;2;0
28;2025-11-15;3;0
28;2025-11-15;4;0
28;2025-11-15;5;27
28;2025-11-15;6;109
28;2025-11-15;7;224
28;2025-11-15;8;364
28;2025-11-15;9;425
28;2025-11-15;10;441
28;2025-11-15;11;453
28;2025-11-15;12;522
28;2025-11-15;13;545
28;2025-11-15;14;547
28;2025-11-15;15;550
28;2025-11-15;16;528
28;2025-11-15;17;519
28;2025-11-15;18;465
28;2025-11-15;19;391
28;2025-11-15;20;297
28;2025-11-15;21;240
28;2025-11-15;22;125
28;2025-11-15;23;25
28;2025-11-16;0;5
28;2025-11-16;1;0
28;2025-11-16;2;0
28;2025-11-16;3;0
28;2025-11-16;4;0
28;2025-11-16;5;23
28;2025-11-16;6;83
28;2025-11-16;7;166
28;2025-11-16;8;256
28;2025-11-16;9;339
28;2025-11-16;10;384
28;2025-11-16;11;427
28;2025-11-16;12;473
28;2025-11-16;13;530
28;2025-11-16;14;534
28;2025-11-16;15;521
28;2025-11-16;16;490
28;2025-11-16;17;496
28;2025-11-16;18;432
28;2025-11-16;19;370
28;2025-11-16;20;280
28;2025-11-16;21;225
28;2025-11-16;22;113
28;2025-11-16;23;18
28;2025-11-17;0;1
28;2025-11-17;1;0
28;2025-11-17;2;0
28;2025-11-17;3;0
28;2025-11-17;4;0
28;2025-11-17;5;57
28;2025-11-17;6;259
28;2025-11-17;7;754
28;2025-11-17;8;1145
28;2025-11-17;9;803
28;2025-11-17;10;581
28;2025-11-17;11;548
28;2025-11-17;12;621
28;2025-11-17;13;625
28;2025-11-17;14;613
28;2025-11-17;15;642
28;2025-11-17;16;814
28;2025-11-17;17;922
28;2025-11-17;18;931
28;2025-11-17;19;690
28;2025-11-17;20;468
28;2025-11-17;21;286
28;2025-11-17;22;119
28;2025-11-17;23;16
28;2025-11-18;0;2
28;2025-11-18;1;0
28;2025-11-18;2;0
28;2025-11-18;3;0
28;2025-11-18;4;0
28;2025-11-18;5;55
28;2025-11-18;6;265
28;2025-11-18;7;790
28;2025-11-18;8;1184
28;2025-11-18;9;787
28;2025-11-18;10;601
28;2025-11-18;11;575
28;2025-11-18;12;622
28;2025-11-18;13;644
28;2025-11-18;14;625
28;2025-11-18;15;672
28;2025-11-18;16;762
28;2025-11-18;17;912
28;2025-11-18;18;937
28;2025-11-18;19;680
28;2025-11-18;20;477
28;2025-11-18;21;295
28;2025-11-18;22;124
28;2025-11-18;23;18
28;2025-11-19;0;1
28;2025-11-19;1;0
28;2025-11-19;2;0
28;2025-11-19;3;0
28;2025-11-19;4;0
28;2025-11-19;5;58
28;2025-11-19;6;276
28;2025-11-19;7;791
28;2025-11-19;8;1189
28;2025-11-19;9;829
28;2025-11-19;10;606
28;2025-11-19;11;589
28;2025-11-19;12;674
28;2025-11-19;13;694
28;2025-11-19;14;656
28;2025-11-19;15;706
28;2025-11-19;16;862
28;2025-11-19;17;983
28;2025-11-19;18;974
28;2025-11-19;19;740
28;2025-11-19;20;505
28;2025-11-19;21;305
28;2025-11-19;22;128
28;2025-11-19;23;19
28;2025-11-20;0;3
28;2025-11-20;1;0
28;2025-11-20;2;0
28;2025-11-20;3;0
28;2025-11-20;4;0
28;2025-11-20;5;58
28;2025-11-20;6;277
28;2025-11-20;7;804
28;2025-11-20;8;1200
28;2025-11-20;9;816
28;2025-11-20;10;599
28;2025-11-20;11;581
28;2025-11-20;12;649
28;2025-11-20;13;683
28;2025-11-20;14;669
28;2025-11-20;15;702
28;2025-11-20;16;859
28;2025-11-20;17;986
28;2025-11-20;18;1005
28;2025-11-20;19;739
28;2025-11-20;20;499
28;2025-11-20;21;306
28;2025-11-20;22;130
28;2025-11-20;23;17
28;2025-11-21;0;1
28;2025-11-21;1;0
28;2025-11-21;2;0
28;2025-11-21;3;0
28;2025-11-21;4;0
28;2025-11-21;5;58
28;2025-11-21;6;277
28;2025-11-21;7;789
28;2025-11-21;8;1151
28;2025-11-21;9;789
28;2025-11-21;10;596
28;2025-11-21;11;573
28;2025-11-21;12;676
28;2025-11-21;13;680
28;2025-11-21;14;658
28;2025-11-21;15;725
28;2025-11-21;16;886
28;2025-11-21;17;936
28;2025-11-21;18;823
28;2025-11-21;19;621
28;2025-11-21;20;459
28;2025-11-21;21;311
28;2025-11-21;22;141
28;2025-11-21;23;19
28;2025-11-22;0;3
28;2025-11-22;1;0
28;2025-11-22;2;0
28;2025-11-22;3;0
28;2025-11-22;4;0
28;2025-11-22;5;27
28;2025-11-22;6;111
28;2025-11-22;7;229
28;2025-11-22;8;373
28;2025-11-22;9;434
28;2025-11-22;10;453
28;2025-11-22;11;468
28;2025-11-22;12;539
28;2025-11-22;13;565
28;2025-11-22;14;567
28;2025-11-22;15;570
28;2025-11-22;16;545
28;2025-11-22;17;535
28;2025-11-22;18;479
28;2025-11-22;19;402
28;2025-11-22;20;306
28;2025-11-22;21;248
28;2025-11-22;22;129
28;2025-11-22;23;26
28;2025-11-23;0;5
28;2025-11-23;1;0
28;2025-11-23;2;0
28;2025-11-23;3;0
28;2025-11-23;4;0
28;2025-11-23;5;22
28;2025-11-23;6;83
28;2025-11-23;7;166
28;2025-11-23;8;256
28;2025-11-23;9;338
28;2025-11-23;10;383
28;2025-11-23;11;426
28;2025-11-23;12;472
28;2025-11-23;13;531
28;2025-11-23;14;534
28;2025-11-23;15;522
28;2025-11-23;16;491
28;2025-11-23;17;497
28;2025-11-23;18;432
28;2025-11-23;19;369
28;2025-11-23;20;279
28;2025-11-23;21;225
28;2025-11-23;22;113
28;2025-11-23;23;18
28;2025-11-24;0;1
28;2025-11-24;1;0
28;2025-11-24;2;0
28;2025-11-24;3;0
28;2025-11-24;4;0
28;2025-11-24;5;57
28;2025-11-24;6;259
28;2025-11-24;7;748
28;2025-11-24;8;1136
28;2025-11-24;9;793
28;2025-11-24;10;571
28;2025-11-24;11;538
28;2025-11-24;12;610
28;2025-11-24;13;618
28;2025-11-24;14;606
28;2025-11-24;15;637
28;2025-11-24;16;806
28;2025-11-24;17;914
28;2025-11-24;18;923
28;2025-11-24;19;683
28;2025-11-24;20;463
28;2025-11-24;21;283
28;2025-11-24;22;117
28;2025-11-24;23;16
28;2025-11-25;0;2
28;2025-11-25;1;0
28;2025-11-25;2;0
28;2025-11-25;3;0
28;2025-11-25;4;0
28;2025-11-25;5;57
28;2025-11-25;6;278
28;2025-11-25;7;836
28;2025-11-25;8;1252
28;2025-11-25;9;824
28;2025-11-25;10;628
28;2025-11-25;11;601
28;2025-11-25;12;655
28;2025-11-25;13;684
28;2025-11-25;14;664
28;2025-11-25;15;713
28;2025-11-25;16;807
28;2025-11-25;17;965
28;2025-11-25;18;991
28;2025-11-25;19;720
28;2025-11-25;20;505
28;2025-11-25;21;312
28;2025-11-25;22;131
28;2025-11-25;23;19
28;2025-11-26;0;1
28;2025-11-26;1;0
28;2025-11-26;2;0
28;2025-11-26;3;0
28;2025-11-26;4;0
28;2025-11-26;5;56
28;2025-11-26;6;268
28;2025-11-26;7;762
28;2025-11-26;8;1147
28;2025-11-26;9;798
28;2025-11-26;10;585
28;2025-11-26;11;568
28;2025-11-26;12;648
28;2025-11-26;13;666
28;2025-11-26;14;629
28;2025-11-26;15;680
28;2025-11-26;16;829
28;2025-11-26;17;946
28;2025-11-26;18;937
28;2025-11-26;19;712
28;2025-11-26;20;486
28;2025-11-26;21;293
28;2025-11-26;22;123
28;2025-11-26;23;18
28;2025-11-27;0;3
28;2025-11-27;1;0
28;2025-11-27;2;0
28;2025-11-27;3;0
28;2025-11-27;4;0
28;2025-11-27;5;56
28;2025-11-27;6;271
28;2025-11-27;7;784
28;2025-11-27;8;1171
28;2025-11-27;9;793
28;2025-11-27;10;585
28;2025-11-27;11;567
28;2025-11-27;12;633
28;2025-11-27;13;666
28;2025-11-27;14;652
28;2025-11-27;15;685
28;2025-11-27;16;836
28;2025-11-27;17;961
28;2025-11-27;18;979
28;2025-11-27;19;718
28;2025-11-27;20;485
28;2025-11-27;21;299
28;2025-11-27;22;127
28;2025-11-27;23;17
28;2025-11-28;0;1
28;2025-11-28;1;0
28;2025-11-28;2;0
28;2025-11-28;3;0
28;2025-11-28;4;0
28;2025-11-28;5;58
28;2025-11-28;6;275
28;2025-11-28;7;783
28;2025-11-28;8;1143
28;2025-11-28;9;781
28;2025-11-28;10;592
28;2025-11-28;11;569
28;2025-11-28;12;671
28;2025-11-28;13;675
28;2025-11-28;14;653
28;2025-11-28;15;720
28;2025-11-28;16;879
28;2025-11-28;17;929
28;2025-11-28;18;817
28;2025-11-28;19;615
28;2025-11-28;20;456
28;2025-11-28;21;309
28;2025-11-28;22;140
28;2025-11-28;23;19
28;2025-11-29;0;3
28;2025-11-29;1;0
28;2025-11-29;2;0
28;2025-11-29;3;0
28;2025-11-29;4;0
28;2025-11-29;5;28
28;2025-11-29;6;116
28;2025-11-29;7;236
28;2025-11-29;8;385
28;2025-11-29;9;448
28;2025-11-29;10;471
28;2025-11-29;11;487
28;2025-11-29;12;561
28;2025-11-29;13;588
28;2025-11-29;14;590
28;2025-11-29;15;593
28;2025-11-29;16;568
28;2025-11-29;17;557
28;2025-11-29;18;499
28;2025-11-29;19;420
28;2025-11-29;20;319
28;2025-11-29;21;258
28;2025-11-29;22;134
28;2025-11-29;23;27
28;2025-11-30;0;5
28;2025-11-30;1;0
28;2025-11-30;2;0
28;2025-11-30;3;0
28;2025-11-30;4;0
28;2025-11-30;5;23
28;2025-11-30;6;84
28;2025-11-30;7;169
28;2025-11-30;8;258
28;2025-11-30;9;342
28;2025-11-30;10;389
28;2025-11-30;11;432
28;2025-11-30;12;479
28;2025-11-30;13;538
28;2025-11-30;14;542
28;2025-11-30;15;529
28;2025-11-30;16;498
28;2025-11-30;17;504
28;2025-11-30;18;438
28;2025-11-30;19;374
28;2025-11-30;20;283
28;2025-11-30;21;228
28;2025-11-30;22;114
28;2025-11-30;23;18
28;2025-12-01;0;1
28;2025-12-01;1;0
28;2025-12-01;2;0
28;2025-12-01;3;0
28;2025-12-01;4;0
28;2025-12-01;5;58
28;2025-12-01;6;278
28;2025-12-01;7;813
28;2025-12-01;8;1149
28;2025-12-01;9;843
28;2025-12-01;10;620
28;2025-12-01;11;563
28;2025-12-01;12;649
28;2025-12-01;13;653
28;2025-12-01;14;626
28;2025-12-01;15;689
28;2025-12-01;16;845
28;2025-12-01;17;969
28;2025-12-01;18;1008
28;2025-12-01;19;731
28;2025-12-01;20;489
28;2025-12-01;21;292
28;2025-12-01;22;135
28;2025-12-01;23;25
28;2025-12-02;0;2
28;2025-12-02;1;0
28;2025-12-02;2;0
28;2025-12-02;3;0
28;2025-12-02;4;0
28;2025-12-02;5;55
28;2025-12-02;6;279
28;2025-12-02;7;834
28;2025-12-02;8;1246
28;2025-12-02;9;885
28;2025-12-02;10;663
28;2025-12-02;11;591
28;2025-12-02;12;659
28;2025-12-02;13;711
28;2025-12-02;14;659
28;2025-12-02;15;693
28;2025-12-02;16;844
28;2025-12-02;17;991
28;2025-12-02;18;976
28;2025-12-02;19;755
28;2025-12-02;20;534
28;2025-12-02;21;314
28;2025-12-02;22;145
28;2025-12-02;23;27
28;2025-12-03;0;4
28;2025-12-03;1;0
28;2025-12-03;2;0
28;2025-12-03;3;0
28;2025-12-03;4;0
28;2025-12-03;5;64
28;2025-12-03;6;294
28;2025-12-03;7;843
28;2025-12-03;8;1257
28;2025-12-03;9;856
28;2025-12-03;10;658
28;2025-12-03;11;620
28;2025-12-03;12;636
28;2025-12-03;13;680
28;2025-12-03;14;669
28;2025-12-03;15;714
28;2025-12-03;16;831
28;2025-12-03;17;953
28;2025-12-03;18;993
28;2025-12-03;19;738
28;2025-12-03;20;504
28;2025-12-03;21;321
28;2025-12-03;22;146
28;2025-12-03;23;28
28;2025-12-04;0;3
28;2025-12-04;1;0
28;2025-12-04;2;0
28;2025-12-04;3;0
28;2025-12-04;4;0
28;2025-12-04;5;56
28;2025-12-04;6;288
28;2025-12-04;7;847
28;2025-12-04;8;1209
28;2025-12-04;9;865
28;2025-12-04;10;629
28;2025-12-04;11;592
28;2025-12-04;12;678
28;2025-12-04;13;704
28;2025-12-04;14;658
28;2025-12-04;15;705
28;2025-12-04;16;842
28;2025-12-04;17;984
28;2025-12-04;18;1015
28;2025-12-04;19;745
28;2025-12-04;20;522
28;2025-12-04;21;318
28;2025-12-04;22;147
28;2025-12-04;23;28
28;2025-12-05;0;2
28;2025-12-05;1;0
28;2025-12-05;2;0
28;2025-12-05;3;0
28;2025-12-05;4;0
28;2025-12-05;5;57
28;2025-12-05;6;278
28;2025-12-05;7;802
28;2025-12-05;8;1173
28;2025-12-05;9;829
28;2025-12-05;10;635
28;2025-12-05;11;588
28;2025-12-05;12;646
28;2025-12-05;13;720
28;2025-12-05;14;706
28;2025-12-05;15;760
28;2025-12-05;16;958
28;2025-12-05;17;972
28;2025-12-05;18;848
28;2025-12-05;19;620
28;2025-12-05;20;496
28;2025-12-05;21;308
28;2025-12-05;22;153
28;2025-12-05;23;22
28;2025-12-06;0;2
28;2025-12-06;1;0
28;2025-12-06;2;0
28;2025-12-06;3;0
28;2025-12-06;4;0
28;2025-12-06;5;26
28;2025-12-06;6;111
28;2025-12-06;7;223
28;2025-12-06;8;347
28;2025-12-06;9;460
28;2025-12-06;10;475
28;2025-12-06;11;493
28;2025-12-06;12;567
28;2025-12-06;13;631
28;2025-12-06;14;636
28;2025-12-06;15;582
28;2025-12-06;16;585
28;2025-12-06;17;565
28;2025-12-06;18;509
28;2025-12-06;19;422
28;2025-12-06;20;319
28;2025-12-06;21;269
28;2025-12-06;22;137
28;2025-12-06;23;25
28;2025-12-07;0;2
28;2025-12-07;1;0
28;2025-12-07;2;0
28;2025-12-07;3;0
28;2025-12-07;4;0
28;2025-12-07;5;20
28;2025-12-07;6;86
28;2025-12-07;7;156
28;2025-12-07;8;257
28;2025-12-07;9;342
28;2025-12-07;10;393
28;2025-12-07;11;428
28;2025-12-07;12;498
28;2025-12-07;13;547
28;2025-12-07;14;538
28;2025-12-07;15;536
28;2025-12-07;16;523
28;2025-12-07;17;524
28;2025-12-07;18;455
28;2025-12-07;19;372
28;2025-12-07;20;299
28;2025-12-07;21;236
28;2025-12-07;22;116
28;2025-12-07;23;19
28;2025-12-08;0;1
28;2025-12-08;1;0
28;2025-12-08;2;0
28;2025-12-08;3;0
28;2025-12-08;4;0
28;2025-12-08;5;59
28;2025-12-08;6;280
28;2025-12-08;7;820
28;2025-12-08;8;1158
28;2025-12-08;9;850
28;2025-12-08;10;625
28;2025-12-08;11;567
28;2025-12-08;12;654
28;2025-12-08;13;658
28;2025-12-08;14;630
28;2025-12-08;15;694
28;2025-12-08;16;851
28;2025-12-08;17;977
28;2025-12-08;18;1016
28;2025-12-08;19;737
28;2025-12-08;20;492
28;2025-12-08;21;294
28;2025-12-08;22;136
28;2025-12-08;23;25
28;2025-12-09;0;2
28;2025-12-09;1;0
28;2025-12-09;2;0
28;2025-12-09;3;0
28;2025-12-09;4;0
28;2025-12-09;5;55
28;2025-12-09;6;280
28;2025-12-09;7;835
28;2025-12-09;8;1247
28;2025-12-09;9;886
28;2025-12-09;10;664
28;2025-12-09;11;591
28;2025-12-09;12;660
28;2025-12-09;13;712
28;2025-12-09;14;660
28;2025-12-09;15;694
28;2025-12-09;16;844
28;2025-12-09;17;992
28;2025-12-09;18;976
28;2025-12-09;19;755
28;2025-12-09;20;534
28;2025-12-09;21;314
28;2025-12-09;22;145
28;2025-12-09;23;27
28;2025-12-10;0;4
28;2025-12-10;1;0
28;2025-12-10;2;0
28;2025-12-10;3;0
28;2025-12-10;4;0
28;2025-12-10;5;63
28;2025-12-10;6;290
28;2025-12-10;7;833
28;2025-12-10;8;1244
28;2025-12-10;9;848
28;2025-12-10;10;651
28;2025-12-10;11;614
28;2025-12-10;12;629
28;2025-12-10;13;673
28;2025-12-10;14;661
28;2025-12-10;15;706
28;2025-12-10;16;822
28;2025-12-10;17;943
28;2025-12-10;18;983
28;2025-12-10;19;730
28;2025-12-10;20;498
28;2025-12-10;21;319
28;2025-12-10;22;145
28;2025-12-10;23;28
28;2025-12-11;0;3
28;2025-12-11;1;0
28;2025-12-11;2;0
28;2025-12-11;3;0
28;2025-12-11;4;0
28;2025-12-11;5;55
28;2025-12-11;6;281
28;2025-12-11;7;826
28;2025-12-11;8;1178
28;2025-12-11;9;842
28;2025-12-11;10;614
28;2025-12-11;11;576
28;2025-12-11;12;660
28;2025-12-11;13;686
28;2025-12-11;14;641
28;2025-12-11;15;686
28;2025-12-11;16;819
28;2025-12-11;17;958
28;2025-12-11;18;987
28;2025-12-11;19;725
28;2025-12-11;20;508
28;2025-12-11;21;311
28;2025-12-11;22;145
28;2025-12-11;23;27
28;2025-12-12;0;2
28;2025-12-12;1;0
28;2025-12-12;2;0
28;2025-12-12;3;0
28;2025-12-12;4;0
28;2025-12-12;5;55
28;2025-12-12;6;271
28;2025-12-12;7;781
28;2025-12-12;8;1141
28;2025-12-12;9;807
28;2025-12-12;10;618
28;2025-12-12;11;572
28;2025-12-12;12;628
28;2025-12-12;13;699
28;2025-12-12;14;686
28;2025-12-12;15;737
28;2025-12-12;16;930
28;2025-12-12;17;944
28;2025-12-12;18;824
28;2025-12-12;19;600
28;2025-12-12;20;481
28;2025-12-12;21;299
28;2025-12-12;22;149
28;2025-12-12;23;22
28;2025-12-13;0;2
28;2025-12-13;1;0
28;2025-12-13;2;0
28;2025-12-13;3;0
28;2025-12-13;4;0
28;2025-12-13;5;26
28;2025-12-13;6;111
28;2025-12-13;7;225
28;2025-12-13;8;349
28;2025-12-13;9;462
28;2025-12-13;10;478
28;2025-12-13;11;496
28;2025-12-13;12;570
28;2025-12-13;13;635
28;2025-12-13;14;640
28;2025-12-13;15;585
28;2025-12-13;16;588
28;2025-12-13;17;568
28;2025-12-13;18;512
28;2025-12-13;19;425
28;2025-12-13;20;322
28;2025-12-13;21;270
28;2025-12-13;22;138
28;2025-12-13;23;25
28;2025-12-14;0;3
28;2025-12-14;1;0
28;2025-12-14;2;0
28;2025-12-14;3;0
28;2025-12-14;4;0
28;2025-12-14;5;21
28;2025-12-14;6;86
28;2025-12-14;7;157
28;2025-12-14;8;259
28;2025-12-14;9;344
28;2025-12-14;10;395
28;2025-12-14;11;430
28;2025-12-14;12;501
28;2025-12-14;13;550
28;2025-12-14;14;541
28;2025-12-14;15;539
28;2025-12-14;16;526
28;2025-12-14;17;527
28;2025-12-14;18;458
28;2025-12-14;19;375
28;2025-12-14;20;302
28;2025-12-14;21;237
28;2025-12-14;22;116
28;2025-12-14;23;19
28;2025-12-15;0;1
28;2025-12-15;1;0
28;2025-12-15;2;0
28;2025-12-15;3;0
28;2025-12-15;4;0
28;2025-12-15;5;59
28;2025-12-15;6;280
28;2025-12-15;7;818
28;2025-12-15;8;1156
28;2025-12-15;9;849
28;2025-12-15;10;624
28;2025-12-15;11;566
28;2025-12-15;12;652
28;2025-12-15;13;656
28;2025-12-15;14;628
28;2025-12-15;15;692
28;2025-12-15;16;849
28;2025-12-15;17;974
28;2025-12-15;18;1012
28;2025-12-15;19;735
28;2025-12-15;20;494
28;2025-12-15;21;293
28;2025-12-15;22;135
28;2025-12-15;23;25
28;2025-12-16;0;2
28;2025-12-16;1;0
28;2025-12-16;2;0
28;2025-12-16;3;0
28;2025-12-16;4;0
28;2025-12-16;5;54
28;2025-12-16;6;275
28;2025-12-16;7;822
28;2025-12-16;8;1227
28;2025-12-16;9;872
28;2025-12-16;10;654
28;2025-12-16;11;582
28;2025-12-16;12;649
28;2025-12-16;13;700
28;2025-12-16;14;649
28;2025-12-16;15;683
28;2025-12-16;16;831
28;2025-12-16;17;976
28;2025-12-16;18;960
28;2025-12-16;19;743
28;2025-12-16;20;528
28;2025-12-16;21;309
28;2025-12-16;22;143
28;2025-12-16;23;27
28;2025-12-17;0;4
28;2025-12-17;1;0
28;2025-12-17;2;0
28;2025-12-17;3;0
28;2025-12-17;4;0
28;2025-12-17;5;65
28;2025-12-17;6;298
28;2025-12-17;7;855
28;2025-12-17;8;1276
28;2025-12-17;9;870
28;2025-12-17;10;668
28;2025-12-17;11;630
28;2025-12-17;12;646
28;2025-12-17;13;691
28;2025-12-17;14;679
28;2025-12-17;15;726
28;2025-12-17;16;844
28;2025-12-17;17;968
28;2025-12-17;18;1009
28;2025-12-17;19;748
28;2025-12-17;20;511
28;2025-12-17;21;327
28;2025-12-17;22;149
28;2025-12-17;23;28
28;2025-12-18;0;3
28;2025-12-18;1;0
28;2025-12-18;2;0
28;2025-12-18;3;0
28;2025-12-18;4;0
28;2025-12-18;5;57
28;2025-12-18;6;291
28;2025-12-18;7;857
28;2025-12-18;8;1222
28;2025-12-18;9;874
28;2025-12-18;10;636
28;2025-12-18;11;598
28;2025-12-18;12;685
28;2025-12-18;13;712
28;2025-12-18;14;665
28;2025-12-18;15;711
28;2025-12-18;16;850
28;2025-12-18;17;993
28;2025-12-18;18;1024
28;2025-12-18;19;752
28;2025-12-18;20;527
28;2025-12-18;21;322
28;2025-12-18;22;149
28;2025-12-18;23;28
28;2025-12-19;0;2
28;2025-12-19;1;0
28;2025-12-19;2;0
28;2025-12-19;3;0
28;2025-12-19;4;0
28;2025-12-19;5;57
28;2025-12-19;6;282
28;2025-12-19;7;812
28;2025-12-19;8;1188
28;2025-12-19;9;839
28;2025-12-19;10;643
28;2025-12-19;11;596
28;2025-12-19;12;654
28;2025-12-19;13;729
28;2025-12-19;14;715
28;2025-12-19;15;769
28;2025-12-19;16;970
28;2025-12-19;17;985
28;2025-12-19;18;859
28;2025-12-19;19;627
28;2025-12-19;20;502
28;2025-12-19;21;311
28;2025-12-19;22;155
28;2025-12-19;23;23
28;2025-12-20;0;2
28;2025-12-20;1;0
28;2025-12-20;2;0
28;2025-12-20;3;0
28;2025-12-20;4;0
28;2025-12-20;5;26
28;2025-12-20;6;112
28;2025-12-20;7;226
28;2025-12-20;8;350
28;2025-12-20;9;464
28;2025-12-20;10;480
28;2025-12-20;11;498
28;2025-12-20;12;572
28;2025-12-20;13;637
28;2025-12-20;14;642
28;2025-12-20;15;588
28;2025-12-20;16;590
28;2025-12-20;17;570
28;2025-12-20;18;514
28;2025-12-20;19;427
28;2025-12-20;20;322
28;2025-12-20;21;271
28;2025-12-20;22;138
28;2025-12-20;23;25
28;2025-12-21;0;2
28;2025-12-21;1;0
28;2025-12-21;2;0
28;2025-12-21;3;0
28;2025-12-21;4;0
28;2025-12-21;5;20
28;2025-12-21;6;86
28;2025-12-21;7;156
28;2025-12-21;8;258
28;2025-12-21;9;342
28;2025-12-21;10;393
28;2025-12-21;11;428
28;2025-12-21;12;498
28;2025-12-21;13;547
28;2025-12-21;14;538
28;2025-12-21;15;536
28;2025-12-21;16;523
28;2025-12-21;17;524
28;2025-12-21;18;455
28;2025-12-21;19;372
28;2025-12-21;20;299
28;2025-12-21;21;236
28;2025-12-21;22;116
28;2025-12-21;23;19
28;2025-12-22;0;1
28;2025-12-22;1;0
28;2025-12-22;2;0
28;2025-12-22;3;0
28;2025-12-22;4;0
28;2025-12-22;5;58
28;2025-12-22;6;276
28;2025-12-22;7;808
28;2025-12-22;8;1141
28;2025-12-22;9;837
28;2025-12-22;10;616
28;2025-12-22;11;559
28;2025-12-22;12;645
28;2025-12-22;13;648
28;2025-12-22;14;621
28;2025-12-22;15;683
28;2025-12-22;16;838
28;2025-12-22;17;962
28;2025-12-22;18;999
28;2025-12-22;19;726
28;2025-12-22;20;486
28;2025-12-22;21;290
28;2025-12-22;22;134
28;2025-12-22;23;25
28;2025-12-23;0;2
28;2025-12-23;1;0
28;2025-12-23;2;0
28;2025-12-23;3;0
28;2025-12-23;4;0
28;2025-12-23;5;55
28;2025-12-23;6;282
28;2025-12-23;7;844
28;2025-12-23;8;1260
28;2025-12-23;9;895
28;2025-12-23;10;671
28;2025-12-23;11;598
28;2025-12-23;12;667
28;2025-12-23;13;720
28;2025-12-23;14;666
28;2025-12-23;15;701
28;2025-12-23;16;853
28;2025-12-23;17;1003
28;2025-12-23;18;986
28;2025-12-23;19;764
28;2025-12-23;20;542
28;2025-12-23;21;317
28;2025-12-23;22;146
28;2025-12-23;23;28
28;2025-12-24;0;4
28;2025-12-24;1;0
28;2025-12-24;2;0
28;2025-12-24;3;0
28;2025-12-24;4;0
28;2025-12-24;5;64
28;2025-12-24;6;297
28;2025-12-24;7;852
28;2025-12-24;8;1270
28;2025-12-24;9;866
28;2025-12-24;10;665
28;2025-12-24;11;627
28;2025-12-24;12;642
28;2025-12-24;13;687
28;2025-12-24;14;675
28;2025-12-24;15;721
28;2025-12-24;16;839
28;2025-12-24;17;962
28;2025-12-24;18;1003
28;2025-12-24;19;746
28;2025-12-24;20;511
28;2025-12-24;21;325
28;2025-12-24;22;148
28;2025-12-24;23;28
28;2025-12-25;0;3
28;2025-12-25;1;0
28;2025-12-25;2;0
28;2025-12-25;3;0
28;2025-12-25;4;0
28;2025-12-25;5;54
28;2025-12-25;6;283
28;2025-12-25;7;834
28;2025-12-25;8;1186
28;2025-12-25;9;850
28;2025-12-25;10;619
28;2025-12-25;11;581
28;2025-12-25;12;666
28;2025-12-25;13;692
28;2025-12-25;14;646
28;2025-12-25;15;690
28;2025-12-25;16;825
28;2025-12-25;17;965
28;2025-12-25;18;995
28;2025-12-25;19;732
28;2025-12-25;20;514
28;2025-12-25;21;314
28;2025-12-25;22;146
28;2025-12-25;23;27
28;2025-12-26;0;2
28;2025-12-26;1;0
28;2025-12-26;2;0
28;2025-12-26;3;0
28;2025-12-26;4;0
28;2025-12-26;5;52
28;2025-12-26;6;267
28;2025-12-26;7;779
28;2025-12-26;8;1140
28;2025-12-26;9;805
28;2025-12-26;10;611
28;2025-12-26;11;566
28;2025-12-26;12;622
28;2025-12-26;13;694
28;2025-12-26;14;683
28;2025-12-26;15;741
28;2025-12-26;16;934
28;2025-12-26;17;948
28;2025-12-26;18;837
28;2025-12-26;19;614
28;2025-12-26;20;489
28;2025-12-26;21;313
28;2025-12-26;22;152
28;2025-12-26;23;23
28;2025-12-27;0;3
28;2025-12-27;1;0
28;2025-12-27;2;0
28;2025-12-27;3;0
28;2025-12-27;4;0
28;2025-12-27;5;24
28;2025-12-27;6;108
28;2025-12-27;7;223
28;2025-12-27;8;347
28;2025-12-27;9;458
28;2025-12-27;10;474
28;2025-12-27;11;487
28;2025-12-27;12;563
28;2025-12-27;13;636
28;2025-12-27;14;643
28;2025-12-27;15;591
28;2025-12-27;16;594
28;2025-12-27;17;574
28;2025-12-27;18;523
28;2025-12-27;19;436
28;2025-12-27;20;329
28;2025-12-27;21;283
28;2025-12-27;22;144
28;2025-12-27;23;27
28;2025-12-28;0;2
28;2025-12-28;1;0
28;2025-12-28;2;0
28;2025-12-28;3;0
28;2025-12-28;4;0
28;2025-12-28;5;19
28;2025-12-28;6;82
28;2025-12-28;7;151
28;2025-12-28;8;251
28;2025-12-28;9;331
28;2025-12-28;10;382
28;2025-12-28;11;413
28;2025-12-28;12;482
28;2025-12-28;13;537
28;2025-12-28;14;529
28;2025-12-28;15;531
28;2025-12-28;16;518
28;2025-12-28;17;519
28;2025-12-28;18;456
28;2025-12-28;19;375
28;2025-12-28;20;301
28;2025-12-28;21;242
28;2025-12-28;22;119
28;2025-12-28;23;21
28;2025-12-29;0;1
28;2025-12-29;1;0
28;2025-12-29;2;0
28;2025-12-29;3;0
28;2025-12-29;4;0
28;2025-12-29;5;55
28;2025-12-29;6;272
28;2025-12-29;7;803
28;2025-12-29;8;1136
28;2025-12-29;9;832
28;2025-12-29;10;611
28;2025-12-29;11;554
28;2025-12-29;12;640
28;2025-12-29;13;645
28;2025-12-29;14;619
28;2025-12-29;15;687
28;2025-12-29;16;843
28;2025-12-29;17;967
28;2025-12-29;18;1005
28;2025-12-29;19;731
28;2025-12-29;20;496
28;2025-12-29;21;302
28;2025-12-29;22;135
28;2025-12-29;23;25
28;2025-12-30;0;2
28;2025-12-30;1;0
28;2025-12-30;2;0
28;2025-12-30;3;0
28;2025-12-30;4;0
28;2025-12-30;5;49
28;2025-12-30;6;269
28;2025-12-30;7;815
28;2025-12-30;8;1221
28;2025-12-30;9;865
28;2025-12-30;10;646
28;2025-12-30;11;575
28;2025-12-30;12;644
28;2025-12-30;13;699
28;2025-12-30;14;649
28;2025-12-30;15;690
28;2025-12-30;16;838
28;2025-12-30;17;985
28;2025-12-30;18;969
28;2025-12-30;19;752
28;2025-12-30;20;537
28;2025-12-30;21;322
28;2025-12-30;22;144
28;2025-12-30;23;27
28;2025-12-31;0;2
28;2025-12-31;1;0
28;2025-12-31;2;0
28;2025-12-31;3;0
28;2025-12-31;4;0
28;2025-12-31;5;18
28;2025-12-31;6;81
28;2025-12-31;7;160
28;2025-12-31;8;251
28;2025-12-31;9;341
28;2025-12-31;10;372
28;2025-12-31;11;390
28;2025-12-31;12;464
28;2025-12-31;13;526
28;2025-12-31;14;526
28;2025-12-31;15;506
28;2025-12-31;16;502
28;2025-12-31;17;495
28;2025-12-31;18;441
28;2025-12-31;19;365
28;2025-12-31;20;288
28;2025-12-31;21;240
28;2025-12-31;22;124
28;2025-12-31;23;21
50;2025-11-01;0;0
50;2025-11-01;1;0
50;2025-11-01;2;0
50;2025-11-01;3;0
50;2025-11-01;4;0
50;2025-11-01;5;0
50;2025-11-01;6;0
50;2025-11-01;7;0
50;2025-11-01;8;0
50;2025-11-01;9;0
50;2025-11-01;10;0
50;2025-11-01;11;0
50;2025-11-01;12;0
50;2025-11-01;13;0
50;2025-11-01;14;0
50;2025-11-01;15;0
50;2025-11-01;16;0
50;2025-11-01;17;0
50;2025-11-01;18;0
50;2025-11-01;19;0
50;2025-11-01;20;0
50;2025-11-01;21;0
50;2025-11-01;22;0
50;2025-11-01;23;0
50;2025-11-02;0;0
50;2025-11-02;1;0
50;2025-11-02;2;0
50;2025-11-02;3;0
50;2025-11-02;4;0
50;2025-11-02;5;0
50;2025-11-02;6;0
50;2025-11-02;7;0
50;2025-11-02;8;0
50;2025-11-02;9;0
50;2025-11-02;10;0
50;2025-11-02;11;0
50;2025-11-02;12;0
50;2025-11-02;13;0
50;2025-11-02;14;0
50;2025-11-02;15;0
50;2025-11-02;16;0
50;2025-11-02;17;0
50;2025-11-02;18;0
50;2025-11-02;19;0
50;2025-11-02;20;0
50;2025-11-02;21;0
50;2025-11-02;22;0
50;2025-11-02;23;0
50;2025-11-03;0;51
50;2025-11-03;1;0
50;2025-11-03;2;0
50;2025-11-03;3;0
50;2025-11-03;4;0
50;2025-11-03;5;23
50;2025-11-03;6;149
50;2025-11-03;7;292
50;2025-11-03;8;424
50;2025-11-03;9;498
50;2025-11-03;10;521
50;2025-11-03;11;643
50;2025-11-03;12;713
50;2025-11-03;13;754
50;2025-11-03;14;768
50;2025-11-03;15;730
50;2025-11-03;16;718
50;2025-11-03;17;725
50;2025-11-03;18;652
50;2025-11-03;19;560
50;2025-11-03;20;440
50;2025-11-03;21;348
50;2025-11-03;22;208
50;2025-11-03;23;121
50;2025-11-04;0;51
50;2025-11-04;1;0
50;2025-11-04;2;0
50;2025-11-04;3;0
50;2025-11-04;4;0
50;2025-11-04;5;23
50;2025-11-04;6;148
50;2025-11-04;7;290
50;2025-11-04;8;422
50;2025-11-04;9;494
50;2025-11-04;10;517
50;2025-11-04;11;638
50;2025-11-04;12;708
50;2025-11-04;13;748
50;2025-11-04;14;762
50;2025-11-04;15;725
50;2025-11-04;16;712
50;2025-11-04;17;719
50;2025-11-04;18;647
50;2025-11-04;19;556
50;2025-11-04;20;437
50;2025-11-04;21;345
50;2025-11-04;22;207
50;2025-11-04;23;119
50;2025-11-05;0;28
50;2025-11-05;1;0
50;2025-11-05;2;0
50;2025-11-05;3;0
50;2025-11-05;4;0
50;2025-11-05;5;60
50;2025-11-05;6;567
50;2025-11-05;7;1779
50;2025-11-05;8;2708
50;2025-11-05;9;2090
50;2025-11-05;10;1633
50;2025-11-05;11;1532
50;2025-11-05;12;1464
50;2025-11-05;13;1462
50;2025-11-05;14;1450
50;2025-11-05;15;1639
50;2025-11-05;16;1727
50;2025-11-05;17;2310
50;2025-11-05;18;2418
50;2025-11-05;19;1515
50;2025-11-05;20;930
50;2025-11-05;21;624
50;2025-11-05;22;279
50;2025-11-05;23;148
50;2025-11-06;0;35
50;2025-11-06;1;0
50;2025-11-06;2;0
50;2025-11-06;3;0
50;2025-11-06;4;0
50;2025-11-06;5;58
50;2025-11-06;6;540
50;2025-11-06;7;1712
50;2025-11-06;8;2645
50;2025-11-06;9;2061
50;2025-11-06;10;1603
50;2025-11-06;11;1489
50;2025-11-06;12;1444
50;2025-11-06;13;1435
50;2025-11-06;14;1422
50;2025-11-06;15;1597
50;2025-11-06;16;1680
50;2025-11-06;17;2235
50;2025-11-06;18;2398
50;2025-11-06;19;1416
50;2025-11-06;20;921
50;2025-11-06;21;643
50;2025-11-06;22;279
50;2025-11-06;23;154
50;2025-11-07;0;34
50;2025-11-07;1;0
50;2025-11-07;2;0
50;2025-11-07;3;0
50;2025-11-07;4;0
50;2025-11-07;5;60
50;2025-11-07;6;551
50;2025-11-07;7;1723
50;2025-11-07;8;2597
50;2025-11-07;9;2020
50;2025-11-07;10;1511
50;2025-11-07;11;1498
50;2025-11-07;12;1457
50;2025-11-07;13;1494
50;2025-11-07;14;1479
50;2025-11-07;15;1690
50;2025-11-07;16;2054
50;2025-11-07;17;2109
50;2025-11-07;18;1762
50;2025-11-07;19;1259
50;2025-11-07;20;866
50;2025-11-07;21;574
50;2025-11-07;22;292
50;2025-11-07;23;174
50;2025-11-08;0;0
50;2025-11-08;1;0
50;2025-11-08;2;0
50;2025-11-08;3;0
50;2025-11-08;4;0
50;2025-11-08;5;0
50;2025-11-08;6;0
50;2025-11-08;7;0
50;2025-11-08;8;0
50;2025-11-08;9;0
50;2025-11-08;10;0
50;2025-11-08;11;0
50;2025-11-08;12;0
50;2025-11-08;13;0
50;2025-11-08;14;0
50;2025-11-08;15;0
50;2025-11-08;16;0
50;2025-11-08;17;0
50;2025-11-08;18;0
50;2025-11-08;19;0
50;2025-11-08;20;0
50;2025-11-08;21;0
50;2025-11-08;22;0
50;2025-11-08;23;0
50;2025-11-09;0;0
50;2025-11-09;1;0
50;2025-11-09;2;0
50;2025-11-09;3;0
50;2025-11-09;4;0
50;2025-11-09;5;0
50;2025-11-09;6;0
50;2025-11-09;7;0
50;2025-11-09;8;0
50;2025-11-09;9;0
50;2025-11-09;10;0
50;2025-11-09;11;0
50;2025-11-09;12;0
50;2025-11-09;13;0
50;2025-11-09;14;0
50;2025-11-09;15;0
50;2025-11-09;16;0
50;2025-11-09;17;0
50;2025-11-09;18;0
50;2025-11-09;19;0
50;2025-11-09;20;0
50;2025-11-09;21;0
50;2025-11-09;22;0
50;2025-11-09;23;0
50;2025-11-10;0;21
50;2025-11-10;1;0
50;2025-11-10;2;0
50;2025-11-10;3;0
50;2025-11-10;4;0
50;2025-11-10;5;58
50;2025-11-10;6;556
50;2025-11-10;7;1738
50;2025-11-10;8;2689
50;2025-11-10;9;2099
50;2025-11-10;10;1575
50;2025-11-10;11;1460
50;2025-11-10;12;1373
50;2025-11-10;13;1425
50;2025-11-10;14;1409
50;2025-11-10;15;1602
50;2025-11-10;16;1693
50;2025-11-10;17;2219
50;2025-11-10;18;2390
50;2025-11-10;19;1439
50;2025-11-10;20;902
50;2025-11-10;21;588
50;2025-11-10;22;260
50;2025-11-10;23;129
50;2025-11-11;0;28
50;2025-11-11;1;0
50;2025-11-11;2;0
50;2025-11-11;3;0
50;2025-11-11;4;0
50;2025-11-11;5;62
50;2025-11-11;6;587
50;2025-11-11;7;1841
50;2025-11-11;8;2815
50;2025-11-11;9;2188
50;2025-11-11;10;1654
50;2025-11-11;11;1506
50;2025-11-11;12;1470
50;2025-11-11;13;1467
50;2025-11-11;14;1435
50;2025-11-11;15;1654
50;2025-11-11;16;1725
50;2025-11-11;17;2365
50;2025-11-11;18;2475
50;2025-11-11;19;1511
50;2025-11-11;20;940
50;2025-11-11;21;625
50;2025-11-11;22;270
50;2025-11-11;23;139
50;2025-11-12;0;29
50;2025-11-12;1;0
50;2025-11-12;2;0
50;2025-11-12;3;0
50;2025-11-12;4;0
50;2025-11-12;5;60
50;2025-11-12;6;563
50;2025-11-12;7;1754
50;2025-11-12;8;2663
50;2025-11-12;9;2056
50;2025-11-12;10;1606
50;2025-11-12;11;1498
50;2025-11-12;12;1440
50;2025-11-12;13;1438
50;2025-11-12;14;1427
50;2025-11-12;15;1612
50;2025-11-12;16;1698
50;2025-11-12;17;2273
50;2025-11-12;18;2379
50;2025-11-12;19;1491
50;2025-11-12;20;916
50;2025-11-12;21;616
50;2025-11-12;22;276
50;2025-11-12;23;147
50;2025-11-13;0;36
50;2025-11-13;1;0
50;2025-11-13;2;0
50;2025-11-13;3;0
50;2025-11-13;4;0
50;2025-11-13;5;60
50;2025-11-13;6;559
50;2025-11-13;7;1756
50;2025-11-13;8;2708
50;2025-11-13;9;2110
50;2025-11-13;10;1641
50;2025-11-13;11;1524
50;2025-11-13;12;1478
50;2025-11-13;13;1469
50;2025-11-13;14;1455
50;2025-11-13;15;1636
50;2025-11-13;16;1720
50;2025-11-13;17;2289
50;2025-11-13;18;2455
50;2025-11-13;19;1453
50;2025-11-13;20;943
50;2025-11-13;21;658
50;2025-11-13;22;285
50;2025-11-13;23;156
50;2025-11-14;0;35
50;2025-11-14;1;0
50;2025-11-14;2;0
50;2025-11-14;3;0
50;2025-11-14;4;0
50;2025-11-14;5;60
50;2025-11-14;6;560
50;2025-11-14;7;1747
50;2025-11-14;8;2634
50;2025-11-14;9;2049
50;2025-11-14;10;1532
50;2025-11-14;11;1520
50;2025-11-14;12;1477
50;2025-11-14;13;1516
50;2025-11-14;14;1501
50;2025-11-14;15;1714
50;2025-11-14;16;2083
50;2025-11-14;17;2139
50;2025-11-14;18;1787
50;2025-11-14;19;1276
50;2025-11-14;20;878
50;2025-11-14;21;582
50;2025-11-14;22;296
50;2025-11-14;23;176
50;2025-11-15;0;59
50;2025-11-15;1;0
50;2025-11-15;2;0
50;2025-11-15;3;0
50;2025-11-15;4;0
50;2025-11-15;5;30
50;2025-11-15;6;186
50;2025-11-15;7;388
50;2025-11-15;8;577
50;2025-11-15;9;636
50;2025-11-15;10;631
50;2025-11-15;11;759
50;2025-11-15;12;808
50;2025-11-15;13;837
50;2025-11-15;14;841
50;2025-11-15;15;811
50;2025-11-15;16;792
50;2025-11-15;17;784
50;2025-11-15;18;715
50;2025-11-15;19;628
50;2025-11-15;20;481
50;2025-11-15;21;380
50;2025-11-15;22;222
50;2025-11-15;23;140
50;2025-11-16;0;55
50;2025-11-16;1;0
50;2025-11-16;2;0
50;2025-11-16;3;0
50;2025-11-16;4;0
50;2025-11-16;5;24
50;2025-11-16;6;143
50;2025-11-16;7;273
50;2025-11-16;8;409
50;2025-11-16;9;500
50;2025-11-16;10;548
50;2025-11-16;11;683
50;2025-11-16;12;755
50;2025-11-16;13;803
50;2025-11-16;14;827
50;2025-11-16;15;777
50;2025-11-16;16;773
50;2025-11-16;17;777
50;2025-11-16;18;705
50;2025-11-16;19;597
50;2025-11-16;20;468
50;2025-11-16;21;370
50;2025-11-16;22;218
50;2025-11-16;23;121
50;2025-11-17;0;20
50;2025-11-17;1;0
50;2025-11-17;2;0
50;2025-11-17;3;0
50;2025-11-17;4;0
50;2025-11-17;5;57
50;2025-11-17;6;545
50;2025-11-17;7;1715
50;2025-11-17;8;2635
50;2025-11-17;9;2058
50;2025-11-17;10;1545
50;2025-11-17;11;1433
50;2025-11-17;12;1346
50;2025-11-17;13;1397
50;2025-11-17;14;1381
50;2025-11-17;15;1570
50;2025-11-17;16;1658
50;2025-11-17;17;2175
50;2025-11-17;18;2343
50;2025-11-17;19;1411
50;2025-11-17;20;884
50;2025-11-17;21;576
50;2025-11-17;22;254
50;2025-11-17;23;125
50;2025-11-18;0;27
50;2025-11-18;1;0
50;2025-11-18;2;0
50;2025-11-18;3;0
50;2025-11-18;4;0
50;2025-11-18;5;60
50;2025-11-18;6;562
50;2025-11-18;7;1769
50;2025-11-18;8;2690
50;2025-11-18;9;2091
50;2025-11-18;10;1582
50;2025-11-18;11;1443
50;2025-11-18;12;1402
50;2025-11-18;13;1399
50;2025-11-18;14;1368
50;2025-11-18;15;1581
50;2025-11-18;16;1648
50;2025-11-18;17;2258
50;2025-11-18;18;2363
50;2025-11-18;19;1443
50;2025-11-18;20;898
50;2025-11-18;21;598
50;2025-11-18;22;258
50;2025-11-18;23;132
50;2025-11-19;0;29
50;2025-11-19;1;0
50;2025-11-19;2;0
50;2025-11-19;3;0
50;2025-11-19;4;0
50;2025-11-19;5;62
50;2025-11-19;6;577
50;2025-11-19;7;1805
50;2025-11-19;8;2720
50;2025-11-19;9;2101
50;2025-11-19;10;1641
50;2025-11-19;11;1532
50;2025-11-19;12;1472
50;2025-11-19;13;1471
50;2025-11-19;14;1459
50;2025-11-19;15;1649
50;2025-11-19;16;1737
50;2025-11-19;17;2326
50;2025-11-19;18;2436
50;2025-11-19;19;1527
50;2025-11-19;20;936
50;2025-11-19;21;628
50;2025-11-19;22;280
50;2025-11-19;23;149
50;2025-11-20;0;36
50;2025-11-20;1;0
50;2025-11-20;2;0
50;2025-11-20;3;0
50;2025-11-20;4;0
50;2025-11-20;5;61
50;2025-11-20;6;563
50;2025-11-20;7;1779
50;2025-11-20;8;2720
50;2025-11-20;9;2121
50;2025-11-20;10;1650
50;2025-11-20;11;1525
50;2025-11-20;12;1486
50;2025-11-20;13;1479
50;2025-11-20;14;1465
50;2025-11-20;15;1645
50;2025-11-20;16;1731
50;2025-11-20;17;2304
50;2025-11-20;18;2472
50;2025-11-20;19;1462
50;2025-11-20;20;948
50;2025-11-20;21;661
50;2025-11-20;22;284
50;2025-11-20;23;157
50;2025-11-21;0;36
50;2025-11-21;1;0
50;2025-11-21;2;0
50;2025-11-21;3;0
50;2025-11-21;4;0
50;2025-11-21;5;60
50;2025-11-21;6;562
50;2025-11-21;7;1759
50;2025-11-21;8;2636
50;2025-11-21;9;2052
50;2025-11-21;10;1534
50;2025-11-21;11;1522
50;2025-11-21;12;1479
50;2025-11-21;13;1518
50;2025-11-21;14;1503
50;2025-11-21;15;1719
50;2025-11-21;16;2090
50;2025-11-21;17;2147
50;2025-11-21;18;1796
50;2025-11-21;19;1284
50;2025-11-21;20;879
50;2025-11-21;21;583
50;2025-11-21;22;294
50;2025-11-21;23;175
50;2025-11-22;0;61
50;2025-11-22;1;0
50;2025-11-22;2;0
50;2025-11-22;3;0
50;2025-11-22;4;0
50;2025-11-22;5;30
50;2025-11-22;6;190
50;2025-11-22;7;397
50;2025-11-22;8;591
50;2025-11-22;9;651
50;2025-11-22;10;649
50;2025-11-22;11;785
50;2025-11-22;12;833
50;2025-11-22;13;864
50;2025-11-22;14;868
50;2025-11-22;15;837
50;2025-11-22;16;814
50;2025-11-22;17;806
50;2025-11-22;18;735
50;2025-11-22;19;645
50;2025-11-22;20;494
50;2025-11-22;21;390
50;2025-11-22;22;227
50;2025-11-22;23;144
50;2025-11-23;0;55
50;2025-11-23;1;0
50;2025-11-23;2;0
50;2025-11-23;3;0
50;2025-11-23;4;0
50;2025-11-23;5;24
50;2025-11-23;6;142
50;2025-11-23;7;272
50;2025-11-23;8;408
50;2025-11-23;9;498
50;2025-11-23;10;546
50;2025-11-23;11;681
50;2025-11-23;12;752
50;2025-11-23;13;802
50;2025-11-23;14;825
50;2025-11-23;15;775
50;2025-11-23;16;771
50;2025-11-23;17;775
50;2025-11-23;18;703
50;2025-11-23;19;595
50;2025-11-23;20;467
50;2025-11-23;21;369
50;2025-11-23;22;217
50;2025-11-23;23;121
50;2025-11-24;0;20
50;2025-11-24;1;0
50;2025-11-24;2;0
50;2025-11-24;3;0
50;2025-11-24;4;0
50;2025-11-24;5;57
50;2025-11-24;6;541
50;2025-11-24;7;1696
50;2025-11-24;8;2607
50;2025-11-24;9;2035
50;2025-11-24;10;1528
50;2025-11-24;11;1411
50;2025-11-24;12;1329
50;2025-11-24;13;1380
50;2025-11-24;14;1364
50;2025-11-24;15;1552
50;2025-11-24;16;1640
50;2025-11-24;17;2151
50;2025-11-24;18;2317
50;2025-11-24;19;1392
50;2025-11-24;20;874
50;2025-11-24;21;569
50;2025-11-24;22;251
50;2025-11-24;23;124
50;2025-11-25;0;28
50;2025-11-25;1;0
50;2025-11-25;2;0
50;2025-11-25;3;0
50;2025-11-25;4;0
50;2025-11-25;5;63
50;2025-11-25;6;588
50;2025-11-25;7;1856
50;2025-11-25;8;2821
50;2025-11-25;9;2192
50;2025-11-25;10;1657
50;2025-11-25;11;1509
50;2025-11-25;12;1473
50;2025-11-25;13;1471
50;2025-11-25;14;1439
50;2025-11-25;15;1659
50;2025-11-25;16;1730
50;2025-11-25;17;2371
50;2025-11-25;18;2481
50;2025-11-25;19;1515
50;2025-11-25;20;941
50;2025-11-25;21;626
50;2025-11-25;22;269
50;2025-11-25;23;139
50;2025-11-26;0;28
50;2025-11-26;1;0
50;2025-11-26;2;0
50;2025-11-26;3;0
50;2025-11-26;4;0
50;2025-11-26;5;60
50;2025-11-26;6;556
50;2025-11-26;7;1737
50;2025-11-26;8;2616
50;2025-11-26;9;2020
50;2025-11-26;10;1578
50;2025-11-26;11;1468
50;2025-11-26;12;1412
50;2025-11-26;13;1411
50;2025-11-26;14;1400
50;2025-11-26;15;1584
50;2025-11-26;16;1669
50;2025-11-26;17;2235
50;2025-11-26;18;2342
50;2025-11-26;19;1467
50;2025-11-26;20;899
50;2025-11-26;21;604
50;2025-11-26;22;268
50;2025-11-26;23;143
50;2025-11-27;0;36
50;2025-11-27;1;0
50;2025-11-27;2;0
50;2025-11-27;3;0
50;2025-11-27;4;0
50;2025-11-27;5;59
50;2025-11-27;6;548
50;2025-11-27;7;1730
50;2025-11-27;8;2647
50;2025-11-27;9;2062
50;2025-11-27;10;1605
50;2025-11-27;11;1483
50;2025-11-27;12;1446
50;2025-11-27;13;1438
50;2025-11-27;14;1424
50;2025-11-27;15;1599
50;2025-11-27;16;1682
50;2025-11-27;17;2240
50;2025-11-27;18;2403
50;2025-11-27;19;1419
50;2025-11-27;20;922
50;2025-11-27;21;643
50;2025-11-27;22;277
50;2025-11-27;23;154
50;2025-11-28;0;35
50;2025-11-28;1;0
50;2025-11-28;2;0
50;2025-11-28;3;0
50;2025-11-28;4;0
50;2025-11-28;5;59
50;2025-11-28;6;554
50;2025-11-28;7;1738
50;2025-11-28;8;2606
50;2025-11-28;9;2029
50;2025-11-28;10;1516
50;2025-11-28;11;1504
50;2025-11-28;12;1462
50;2025-11-28;13;1501
50;2025-11-28;14;1486
50;2025-11-28;15;1699
50;2025-11-28;16;2065
50;2025-11-28;17;2121
50;2025-11-28;18;1775
50;2025-11-28;19;1267
50;2025-11-28;20;869
50;2025-11-28;21;576
50;2025-11-28;22;291
50;2025-11-28;23;173
50;2025-11-29;0;63
50;2025-11-29;1;0
50;2025-11-29;2;0
50;2025-11-29;3;0
50;2025-11-29;4;0
50;2025-11-29;5;32
50;2025-11-29;6;197
50;2025-11-29;7;409
50;2025-11-29;8;607
50;2025-11-29;9;669
50;2025-11-29;10;672
50;2025-11-29;11;814
50;2025-11-29;12;864
50;2025-11-29;13;895
50;2025-11-29;14;900
50;2025-11-29;15;868
50;2025-11-29;16;844
50;2025-11-29;17;836
50;2025-11-29;18;762
50;2025-11-29;19;669
50;2025-11-29;20;512
50;2025-11-29;21;404
50;2025-11-29;22;235
50;2025-11-29;23;149
50;2025-11-30;0;55
50;2025-11-30;1;0
50;2025-11-30;2;0
50;2025-11-30;3;0
50;2025-11-30;4;0
50;2025-11-30;5;24
50;2025-11-30;6;144
50;2025-11-30;7;274
50;2025-11-30;8;410
50;2025-11-30;9;501
50;2025-11-30;10;551
50;2025-11-30;11;688
50;2025-11-30;12;759
50;2025-11-30;13;809
50;2025-11-30;14;833
50;2025-11-30;15;782
50;2025-11-30;16;778
50;2025-11-30;17;782
50;2025-11-30;18;709
50;2025-11-30;19;599
50;2025-11-30;20;471
50;2025-11-30;21;373
50;2025-11-30;22;219
50;2025-11-30;23;122
50;2025-12-01;0;35
50;2025-12-01;1;0
50;2025-12-01;2;0
50;2025-12-01;3;0
50;2025-12-01;4;0
50;2025-12-01;5;54
50;2025-12-01;6;591
50;2025-12-01;7;1876
50;2025-12-01;8;2680
50;2025-12-01;9;2104
50;2025-12-01;10;1569
50;2025-12-01;11;1548
50;2025-12-01;12;1437
50;2025-12-01;13;1387
50;2025-12-01;14;1373
50;2025-12-01;15;1619
50;2025-12-01;16;1598
50;2025-12-01;17;2329
50;2025-12-01;18;2547
50;2025-12-01;19;1527
50;2025-12-01;20;886
50;2025-12-01;21;581
50;2025-12-01;22;279
50;2025-12-01;23;130
50;2025-12-02;0;35
50;2025-12-02;1;0
50;2025-12-02;2;0
50;2025-12-02;3;0
50;2025-12-02;4;0
50;2025-12-02;5;59
50;2025-12-02;6;625
50;2025-12-02;7;1876
50;2025-12-02;8;2807
50;2025-12-02;9;2174
50;2025-12-02;10;1668
50;2025-12-02;11;1584
50;2025-12-02;12;1551
50;2025-12-02;13;1489
50;2025-12-02;14;1464
50;2025-12-02;15;1711
50;2025-12-02;16;1686
50;2025-12-02;17;2396
50;2025-12-02;18;2610
50;2025-12-02;19;1565
50;2025-12-02;20;917
50;2025-12-02;21;598
50;2025-12-02;22;291
50;2025-12-02;23;134
50;2025-12-03;0;39
50;2025-12-03;1;0
50;2025-12-03;2;0
50;2025-12-03;3;0
50;2025-12-03;4;0
50;2025-12-03;5;54
50;2025-12-03;6;578
50;2025-12-03;7;1777
50;2025-12-03;8;2718
50;2025-12-03;9;2073
50;2025-12-03;10;1624
50;2025-12-03;11;1547
50;2025-12-03;12;1515
50;2025-12-03;13;1467
50;2025-12-03;14;1503
50;2025-12-03;15;1687
50;2025-12-03;16;1753
50;2025-12-03;17;2418
50;2025-12-03;18;2578
50;2025-12-03;19;1538
50;2025-12-03;20;910
50;2025-12-03;21;607
50;2025-12-03;22;284
50;2025-12-03;23;138
50;2025-12-04;0;38
50;2025-12-04;1;0
50;2025-12-04;2;0
50;2025-12-04;3;0
50;2025-12-04;4;0
50;2025-12-04;5;58
50;2025-12-04;6;591
50;2025-12-04;7;1836
50;2025-12-04;8;2694
50;2025-12-04;9;2120
50;2025-12-04;10;1594
50;2025-12-04;11;1592
50;2025-12-04;12;1509
50;2025-12-04;13;1460
50;2025-12-04;14;1453
50;2025-12-04;15;1657
50;2025-12-04;16;1807
50;2025-12-04;17;2364
50;2025-12-04;18;2582
50;2025-12-04;19;1509
50;2025-12-04;20;930
50;2025-12-04;21;615
50;2025-12-04;22;298
50;2025-12-04;23;156
50;2025-12-05;0;42
50;2025-12-05;1;0
50;2025-12-05;2;0
50;2025-12-05;3;0
50;2025-12-05;4;0
50;2025-12-05;5;57
50;2025-12-05;6;597
50;2025-12-05;7;1758
50;2025-12-05;8;2677
50;2025-12-05;9;2054
50;2025-12-05;10;1605
50;2025-12-05;11;1620
50;2025-12-05;12;1588
50;2025-12-05;13;1544
50;2025-12-05;14;1491
50;2025-12-05;15;1818
50;2025-12-05;16;2030
50;2025-12-05;17;2206
50;2025-12-05;18;1963
50;2025-12-05;19;1303
50;2025-12-05;20;843
50;2025-12-05;21;596
50;2025-12-05;22;310
50;2025-12-05;23;183
50;2025-12-06;0;62
50;2025-12-06;1;0
50;2025-12-06;2;0
50;2025-12-06;3;0
50;2025-12-06;4;0
50;2025-12-06;5;32
50;2025-12-06;6;191
50;2025-12-06;7;399
50;2025-12-06;8;601
50;2025-12-06;9;678
50;2025-12-06;10;677
50;2025-12-06;11;840
50;2025-12-06;12;893
50;2025-12-06;13;924
50;2025-12-06;14;934
50;2025-12-06;15;917
50;2025-12-06;16;870
50;2025-12-06;17;855
50;2025-12-06;18;757
50;2025-12-06;19;638
50;2025-12-06;20;483
50;2025-12-06;21;379
50;2025-12-06;22;229
50;2025-12-06;23;139
50;2025-12-07;0;55
50;2025-12-07;1;0
50;2025-12-07;2;0
50;2025-12-07;3;0
50;2025-12-07;4;0
50;2025-12-07;5;21
50;2025-12-07;6;126
50;2025-12-07;7;258
50;2025-12-07;8;379
50;2025-12-07;9;496
50;2025-12-07;10;547
50;2025-12-07;11;705
50;2025-12-07;12;804
50;2025-12-07;13;835
50;2025-12-07;14;884
50;2025-12-07;15;812
50;2025-12-07;16;845
50;2025-12-07;17;804
50;2025-12-07;18;715
50;2025-12-07;19;588
50;2025-12-07;20;457
50;2025-12-07;21;354
50;2025-12-07;22;214
50;2025-12-07;23;114
50;2025-12-08;0;35
50;2025-12-08;1;0
50;2025-12-08;2;0
50;2025-12-08;3;0
50;2025-12-08;4;0
50;2025-12-08;5;54
50;2025-12-08;6;594
50;2025-12-08;7;1885
50;2025-12-08;8;2693
50;2025-12-08;9;2115
50;2025-12-08;10;1577
50;2025-12-08;11;1556
50;2025-12-08;12;1444
50;2025-12-08;13;1394
50;2025-12-08;14;1380
50;2025-12-08;15;1627
50;2025-12-08;16;1606
50;2025-12-08;17;2340
50;2025-12-08;18;2560
50;2025-12-08;19;1534
50;2025-12-08;20;889
50;2025-12-08;21;583
50;2025-12-08;22;279
50;2025-12-08;23;131
50;2025-12-09;0;35
50;2025-12-09;1;0
50;2025-12-09;2;0
50;2025-12-09;3;0
50;2025-12-09;4;0
50;2025-12-09;5;59
50;2025-12-09;6;624
50;2025-12-09;7;1872
50;2025-12-09;8;2800
50;2025-12-09;9;2169
50;2025-12-09;10;1664
50;2025-12-09;11;1580
50;2025-12-09;12;1547
50;2025-12-09;13;1485
50;2025-12-09;14;1460
50;2025-12-09;15;1707
50;2025-12-09;16;1682
50;2025-12-09;17;2391
50;2025-12-09;18;2603
50;2025-12-09;19;1559
50;2025-12-09;20;912
50;2025-12-09;21;594
50;2025-12-09;22;288
50;2025-12-09;23;135
50;2025-12-10;0;39
50;2025-12-10;1;0
50;2025-12-10;2;0
50;2025-12-10;3;0
50;2025-12-10;4;0
50;2025-12-10;5;54
50;2025-12-10;6;571
50;2025-12-10;7;1759
50;2025-12-10;8;2691
50;2025-12-10;9;2052
50;2025-12-10;10;1608
50;2025-12-10;11;1532
50;2025-12-10;12;1500
50;2025-12-10;13;1452
50;2025-12-10;14;1488
50;2025-12-10;15;1670
50;2025-12-10;16;1736
50;2025-12-10;17;2394
50;2025-12-10;18;2552
50;2025-12-10;19;1522
50;2025-12-10;20;899
50;2025-12-10;21;600
50;2025-12-10;22;281
50;2025-12-10;23;138
50;2025-12-11;0;37
50;2025-12-11;1;0
50;2025-12-11;2;0
50;2025-12-11;3;0
50;2025-12-11;4;0
50;2025-12-11;5;56
50;2025-12-11;6;578
50;2025-12-11;7;1797
50;2025-12-11;8;2635
50;2025-12-11;9;2072
50;2025-12-11;10;1559
50;2025-12-11;11;1557
50;2025-12-11;12;1475
50;2025-12-11;13;1428
50;2025-12-11;14;1421
50;2025-12-11;15;1619
50;2025-12-11;16;1766
50;2025-12-11;17;2310
50;2025-12-11;18;2524
50;2025-12-11;19;1472
50;2025-12-11;20;908
50;2025-12-11;21;601
50;2025-12-11;22;291
50;2025-12-11;23;156
50;2025-12-12;0;41
50;2025-12-12;1;0
50;2025-12-12;2;0
50;2025-12-12;3;0
50;2025-12-12;4;0
50;2025-12-12;5;54
50;2025-12-12;6;582
50;2025-12-12;7;1718
50;2025-12-12;8;2614
50;2025-12-12;9;2005
50;2025-12-12;10;1566
50;2025-12-12;11;1579
50;2025-12-12;12;1548
50;2025-12-12;13;1505
50;2025-12-12;14;1453
50;2025-12-12;15;1772
50;2025-12-12;16;1978
50;2025-12-12;17;2149
50;2025-12-12;18;1913
50;2025-12-12;19;1267
50;2025-12-12;20;820
50;2025-12-12;21;580
50;2025-12-12;22;301
50;2025-12-12;23;181
50;2025-12-13;0;62
50;2025-12-13;1;0
50;2025-12-13;2;0
50;2025-12-13;3;0
50;2025-12-13;4;0
50;2025-12-13;5;31
50;2025-12-13;6;192
50;2025-12-13;7;402
50;2025-12-13;8;605
50;2025-12-13;9;682
50;2025-12-13;10;681
50;2025-12-13;11;845
50;2025-12-13;12;898
50;2025-12-13;13;928
50;2025-12-13;14;938
50;2025-12-13;15;921
50;2025-12-13;16;875
50;2025-12-13;17;860
50;2025-12-13;18;761
50;2025-12-13;19;641
50;2025-12-13;20;485
50;2025-12-13;21;381
50;2025-12-13;22;229
50;2025-12-13;23;139
50;2025-12-14;0;55
50;2025-12-14;1;0
50;2025-12-14;2;0
50;2025-12-14;3;0
50;2025-12-14;4;0
50;2025-12-14;5;21
50;2025-12-14;6;127
50;2025-12-14;7;259
50;2025-12-14;8;381
50;2025-12-14;9;499
50;2025-12-14;10;551
50;2025-12-14;11;710
50;2025-12-14;12;809
50;2025-12-14;13;840
50;2025-12-14;14;889
50;2025-12-14;15;816
50;2025-12-14;16;851
50;2025-12-14;17;809
50;2025-12-14;18;720
50;2025-12-14;19;591
50;2025-12-14;20;459
50;2025-12-14;21;355
50;2025-12-14;22;215
50;2025-12-14;23;114
50;2025-12-15;0;35
50;2025-12-15;1;0
50;2025-12-15;2;0
50;2025-12-15;3;0
50;2025-12-15;4;0
50;2025-12-15;5;53
50;2025-12-15;6;592
50;2025-12-15;7;1882
50;2025-12-15;8;2688
50;2025-12-15;9;2111
50;2025-12-15;10;1574
50;2025-12-15;11;1553
50;2025-12-15;12;1440
50;2025-12-15;13;1391
50;2025-12-15;14;1377
50;2025-12-15;15;1622
50;2025-12-15;16;1602
50;2025-12-15;17;2334
50;2025-12-15;18;2554
50;2025-12-15;19;1529
50;2025-12-15;20;885
50;2025-12-15;21;581
50;2025-12-15;22;277
50;2025-12-15;23;131
50;2025-12-16;0;34
50;2025-12-16;1;0
50;2025-12-16;2;0
50;2025-12-16;3;0
50;2025-12-16;4;0
50;2025-12-16;5;57
50;2025-12-16;6;613
50;2025-12-16;7;1845
50;2025-12-16;8;2759
50;2025-12-16;9;2137
50;2025-12-16;10;1640
50;2025-12-16;11;1557
50;2025-12-16;12;1525
50;2025-12-16;13;1463
50;2025-12-16;14;1439
50;2025-12-16;15;1682
50;2025-12-16;16;1658
50;2025-12-16;17;2356
50;2025-12-16;18;2565
50;2025-12-16;19;1537
50;2025-12-16;20;899
50;2025-12-16;21;586
50;2025-12-16;22;284
50;2025-12-16;23;133
50;2025-12-17;0;39
50;2025-12-17;1;0
50;2025-12-17;2;0
50;2025-12-17;3;0
50;2025-12-17;4;0
50;2025-12-17;5;54
50;2025-12-17;6;583
50;2025-12-17;7;1800
50;2025-12-17;8;2754
50;2025-12-17;9;2100
50;2025-12-17;10;1646
50;2025-12-17;11;1568
50;2025-12-17;12;1535
50;2025-12-17;13;1487
50;2025-12-17;14;1523
50;2025-12-17;15;1710
50;2025-12-17;16;1776
50;2025-12-17;17;2450
50;2025-12-17;18;2612
50;2025-12-17;19;1556
50;2025-12-17;20;920
50;2025-12-17;21;614
50;2025-12-17;22;287
50;2025-12-17;23;141
50;2025-12-18;0;38
50;2025-12-18;1;0
50;2025-12-18;2;0
50;2025-12-18;3;0
50;2025-12-18;4;0
50;2025-12-18;5;58
50;2025-12-18;6;596
50;2025-12-18;7;1852
50;2025-12-18;8;2716
50;2025-12-18;9;2137
50;2025-12-18;10;1607
50;2025-12-18;11;1605
50;2025-12-18;12;1521
50;2025-12-18;13;1473
50;2025-12-18;14;1465
50;2025-12-18;15;1670
50;2025-12-18;16;1821
50;2025-12-18;17;2383
50;2025-12-18;18;2603
50;2025-12-18;19;1520
50;2025-12-18;20;935
50;2025-12-18;21;618
50;2025-12-18;22;298
50;2025-12-18;23;159
50;2025-12-19;0;42
50;2025-12-19;1;0
50;2025-12-19;2;0
50;2025-12-19;3;0
50;2025-12-19;4;0
50;2025-12-19;5;56
50;2025-12-19;6;603
50;2025-12-19;7;1777
50;2025-12-19;8;2706
50;2025-12-19;9;2076
50;2025-12-19;10;1622
50;2025-12-19;11;1637
50;2025-12-19;12;1605
50;2025-12-19;13;1561
50;2025-12-19;14;1507
50;2025-12-19;15;1838
50;2025-12-19;16;2053
50;2025-12-19;17;2230
50;2025-12-19;18;1985
50;2025-12-19;19;1318
50;2025-12-19;20;850
50;2025-12-19;21;601
50;2025-12-19;22;311
50;2025-12-19;23;187
50;2025-12-20;0;63
50;2025-12-20;1;0
50;2025-12-20;2;0
50;2025-12-20;3;0
50;2025-12-20;4;0
50;2025-12-20;5;31
50;2025-12-20;6;193
50;2025-12-20;7;403
50;2025-12-20;8;606
50;2025-12-20;9;684
50;2025-12-20;10;682
50;2025-12-20;11;847
50;2025-12-20;12;901
50;2025-12-20;13;932
50;2025-12-20;14;942
50;2025-12-20;15;924
50;2025-12-20;16;877
50;2025-12-20;17;863
50;2025-12-20;18;763
50;2025-12-20;19;643
50;2025-12-20;20;486
50;2025-12-20;21;382
50;2025-12-20;22;230
50;2025-12-20;23;140
50;2025-12-21;0;55
50;2025-12-21;1;0
50;2025-12-21;2;0
50;2025-12-21;3;0
50;2025-12-21;4;0
50;2025-12-21;5;21
50;2025-12-21;6;126
50;2025-12-21;7;257
50;2025-12-21;8;378
50;2025-12-21;9;495
50;2025-12-21;10;546
50;2025-12-21;11;704
50;2025-12-21;12;803
50;2025-12-21;13;834
50;2025-12-21;14;883
50;2025-12-21;15;810
50;2025-12-21;16;844
50;2025-12-21;17;802
50;2025-12-21;18;714
50;2025-12-21;19;586
50;2025-12-21;20;455
50;2025-12-21;21;352
50;2025-12-21;22;213
50;2025-12-21;23;114
50;2025-12-22;0;35
50;2025-12-22;1;0
50;2025-12-22;2;0
50;2025-12-22;3;0
50;2025-12-22;4;0
50;2025-12-22;5;53
50;2025-12-22;6;584
50;2025-12-22;7;1856
50;2025-12-22;8;2651
50;2025-12-22;9;2082
50;2025-12-22;10;1552
50;2025-12-22;11;1532
50;2025-12-22;12;1421
50;2025-12-22;13;1373
50;2025-12-22;14;1359
50;2025-12-22;15;1601
50;2025-12-22;16;1581
50;2025-12-22;17;2303
50;2025-12-22;18;2519
50;2025-12-22;19;1509
50;2025-12-22;20;873
50;2025-12-22;21;573
50;2025-12-22;22;273
50;2025-12-22;23;129
50;2025-12-23;0;35
50;2025-12-23;1;0
50;2025-12-23;2;0
50;2025-12-23;3;0
50;2025-12-23;4;0
50;2025-12-23;5;58
50;2025-12-23;6;627
50;2025-12-23;7;1888
50;2025-12-23;8;2825
50;2025-12-23;9;2188
50;2025-12-23;10;1679
50;2025-12-23;11;1595
50;2025-12-23;12;1561
50;2025-12-23;13;1500
50;2025-12-23;14;1475
50;2025-12-23;15;1724
50;2025-12-23;16;1698
50;2025-12-23;17;2412
50;2025-12-23;18;2627
50;2025-12-23;19;1574
50;2025-12-23;20;920
50;2025-12-23;21;599
50;2025-12-23;22;291
50;2025-12-23;23;136
50;2025-12-24;0;39
50;2025-12-24;1;0
50;2025-12-24;2;0
50;2025-12-24;3;0
50;2025-12-24;4;0
50;2025-12-24;5;54
50;2025-12-24;6;581
50;2025-12-24;7;1789
50;2025-12-24;8;2734
50;2025-12-24;9;2085
50;2025-12-24;10;1635
50;2025-12-24;11;1557
50;2025-12-24;12;1524
50;2025-12-24;13;1476
50;2025-12-24;14;1513
50;2025-12-24;15;1698
50;2025-12-24;16;1764
50;2025-12-24;17;2433
50;2025-12-24;18;2594
50;2025-12-24;19;1547
50;2025-12-24;20;913
50;2025-12-24;21;609
50;2025-12-24;22;285
50;2025-12-24;23;140
50;2025-12-25;0;37
50;2025-12-25;1;0
50;2025-12-25;2;0
50;2025-12-25;3;0
50;2025-12-25;4;0
50;2025-12-25;5;53
50;2025-12-25;6;578
50;2025-12-25;7;1803
50;2025-12-25;8;2639
50;2025-12-25;9;2077
50;2025-12-25;10;1563
50;2025-12-25;11;1561
50;2025-12-25;12;1479
50;2025-12-25;13;1432
50;2025-12-25;14;1425
50;2025-12-25;15;1623
50;2025-12-25;16;1770
50;2025-12-25;17;2316
50;2025-12-25;18;2529
50;2025-12-25;19;1479
50;2025-12-25;20;909
50;2025-12-25;21;601
50;2025-12-25;22;291
50;2025-12-25;23;156
50;2025-12-26;0;41
50;2025-12-26;1;0
50;2025-12-26;2;0
50;2025-12-26;3;0
50;2025-12-26;4;0
50;2025-12-26;5;48
50;2025-12-26;6;573
50;2025-12-26;7;1709
50;2025-12-26;8;2591
50;2025-12-26;9;1992
50;2025-12-26;10;1551
50;2025-12-26;11;1560
50;2025-12-26;12;1532
50;2025-12-26;13;1490
50;2025-12-26;14;1442
50;2025-12-26;15;1760
50;2025-12-26;16;1966
50;2025-12-26;17;2137
50;2025-12-26;18;1923
50;2025-12-26;19;1282
50;2025-12-26;20;823
50;2025-12-26;21;606
50;2025-12-26;22;306
50;2025-12-26;23;186
50;2025-12-27;0;63
50;2025-12-27;1;0
50;2025-12-27;2;0
50;2025-12-27;3;0
50;2025-12-27;4;0
50;2025-12-27;5;29
50;2025-12-27;6;189
50;2025-12-27;7;401
50;2025-12-27;8;601
50;2025-12-27;9;677
50;2025-12-27;10;675
50;2025-12-27;11;830
50;2025-12-27;12;883
50;2025-12-27;13;928
50;2025-12-27;14;940
50;2025-12-27;15;923
50;2025-12-27;16;876
50;2025-12-27;17;862
50;2025-12-27;18;772
50;2025-12-27;19;652
50;2025-12-27;20;491
50;2025-12-27;21;399
50;2025-12-27;22;238
50;2025-12-27;23;145
50;2025-12-28;0;54
50;2025-12-28;1;0
50;2025-12-28;2;0
50;2025-12-28;3;0
50;2025-12-28;4;0
50;2025-12-28;5;19
50;2025-12-28;6;123
50;2025-12-28;7;252
50;2025-12-28;8;369
50;2025-12-28;9;481
50;2025-12-28;10;532
50;2025-12-28;11;680
50;2025-12-28;12;776
50;2025-12-28;13;819
50;2025-12-28;14;868
50;2025-12-28;15;797
50;2025-12-28;16;831
50;2025-12-28;17;790
50;2025-12-28;18;711
50;2025-12-28;19;585
50;2025-12-28;20;453
50;2025-12-28;21;362
50;2025-12-28;22;217
50;2025-12-28;23;116
50;2025-12-29;0;35
50;2025-12-29;1;0
50;2025-12-29;2;0
50;2025-12-29;3;0
50;2025-12-29;4;0
50;2025-12-29;5;49
50;2025-12-29;6;577
50;2025-12-29;7;1847
50;2025-12-29;8;2644
50;2025-12-29;9;2078
50;2025-12-29;10;1549
50;2025-12-29;11;1528
50;2025-12-29;12;1418
50;2025-12-29;13;1369
50;2025-12-29;14;1360
50;2025-12-29;15;1603
50;2025-12-29;16;1583
50;2025-12-29;17;2305
50;2025-12-29;18;2521
50;2025-12-29;19;1509
50;2025-12-29;20;883
50;2025-12-29;21;599
50;2025-12-29;22;274
50;2025-12-29;23;130
50;2025-12-30;0;34
50;2025-12-30;1;0
50;2025-12-30;2;0
50;2025-12-30;3;0
50;2025-12-30;4;0
50;2025-12-30;5;47
50;2025-12-30;6;599
50;2025-12-30;7;1826
50;2025-12-30;8;2741
50;2025-12-30;9;2123
50;2025-12-30;10;1628
50;2025-12-30;11;1545
50;2025-12-30;12;1513
50;2025-12-30;13;1459
50;2025-12-30;14;1439
50;2025-12-30;15;1687
50;2025-12-30;16;1662
50;2025-12-30;17;2358
50;2025-12-30;18;2568
50;2025-12-30;19;1540
50;2025-12-30;20;907
50;2025-12-30;21;611
50;2025-12-30;22;284
50;2025-12-30;23;133
50;2025-12-31;0;52
50;2025-12-31;1;0
50;2025-12-31;2;0
50;2025-12-31;3;0
50;2025-12-31;4;0
50;2025-12-31;5;21
50;2025-12-31;6;137
50;2025-12-31;7;280
50;2025-12-31;8;411
50;2025-12-31;9;501
50;2025-12-31;10;526
50;2025-12-31;11;664
50;2025-12-31;12;747
50;2025-12-31;13;794
50;2025-12-31;14;824
50;2025-12-31;15;787
50;2025-12-31;16;781
50;2025-12-31;17;765
50;2025-12-31;18;680
50;2025-12-31;19;567
50;2025-12-31;20;436
50;2025-12-31;21;352
50;2025-12-31;22;215
50;2025-12-31;23;120
