route;date;hour;prediction
1;2025-06-01;0;4.678044684353064
1;2025-06-01;1;0.0
1;2025-06-01;2;0.0
1;2025-06-01;3;0.0
1;2025-06-01;4;0.0
1;2025-06-01;5;31.739134943703068
1;2025-06-01;6;152.38656418587541
1;2025-06-01;7;274.9052959183149
1;2025-06-01;8;392.6512917322745
1;2025-06-01;9;579.5694221083054
1;2025-06-01;10;671.9686786732209
1;2025-06-01;11;674.3419609858744
1;2025-06-01;12;754.2764413785417
1;2025-06-01;13;752.0381093278093
1;2025-06-01;14;692.4668464657163
1;2025-06-01;15;633.1572779560267
1;2025-06-01;16;612.5791377498508
1;2025-06-01;17;590.460349150484
1;2025-06-01;18;572.7557735625892
1;2025-06-01;19;531.9354586037302
1;2025-06-01;20;435.6294236733437
1;2025-06-01;21;309.8590835592647
1;2025-06-01;22;159.88675796750704
1;2025-06-01;23;46.544602826102555
1;2025-06-02;0;3.726675205369669
1;2025-06-02;1;0.0
1;2025-06-02;2;0.0
1;2025-06-02;3;0.0
1;2025-06-02;4;0.0
1;2025-06-02;5;93.30549059351151
1;2025-06-02;6;536.8787735510207
1;2025-06-02;7;1358.0379058304484
1;2025-06-02;8;1824.3552157646793
1;2025-06-02;9;1398.0625220367476
1;2025-06-02;10;1254.9832434766545
1;2025-06-02;11;1241.2669527223115
1;2025-06-02;12;1231.4124291184967
1;2025-06-02;13;1232.6866248387605
1;2025-06-02;14;1183.1654859392693
1;2025-06-02;15;1258.7455505556704
1;2025-06-02;16;1383.2607312703326
1;2025-06-02;17;1656.8428586988125
1;2025-06-02;18;1755.0698463175027
1;2025-06-02;19;1405.8489783977282
1;2025-06-02;20;937.9663028362322
1;2025-06-02;21;521.8474846658182
1;2025-06-02;22;280.1255413094238
1;2025-06-02;23;43.540924104451925
1;2025-06-03;0;7.245964881203914
1;2025-06-03;1;0.0
1;2025-06-03;2;0.0
1;2025-06-03;3;0.0
1;2025-06-03;4;0.0
1;2025-06-03;5;92.48187534904555
1;2025-06-03;6;541.6156886122299
1;2025-06-03;7;1417.595308640597
1;2025-06-03;8;1865.806122674964
1;2025-06-03;9;1474.9350958179782
1;2025-06-03;10;1355.6384554738368
1;2025-06-03;11;1299.3404252858957
1;2025-06-03;12;1262.4031866754035
1;2025-06-03;13;1302.695193658708
1;2025-06-03;14;1209.2004725259367
1;2025-06-03;15;1266.168239323158
1;2025-06-03;16;1354.1750888588072
1;2025-06-03;17;1641.0597571528406
1;2025-06-03;18;1737.3894685634868
1;2025-06-03;19;1430.6974139368474
1;2025-06-03;20;991.3594085315654
1;2025-06-03;21;534.815335107583
1;2025-06-03;22;304.9434803321725
1;2025-06-03;23;50.79353270592144
1;2025-06-04;0;6.683699852234087
1;2025-06-04;1;0.0
1;2025-06-04;2;0.0
1;2025-06-04;3;0.0
1;2025-06-04;4;0.0
1;2025-06-04;5;92.99491402778861
1;2025-06-04;6;531.6770639453025
1;2025-06-04;7;1407.496044804906
1;2025-06-04;8;1945.793277046479
1;2025-06-04;9;1484.1748940598222
1;2025-06-04;10;1363.2808163378493
1;2025-06-04;11;1315.8590798419607
1;2025-06-04;12;1297.2085182253722
1;2025-06-04;13;1323.6170095553994
1;2025-06-04;14;1265.691799527407
1;2025-06-04;15;1338.25840303187
1;2025-06-04;16;1433.2500818944518
1;2025-06-04;17;1705.6790799226203
1;2025-06-04;18;1781.713423419479
1;2025-06-04;19;1424.737195114406
1;2025-06-04;20;983.0626194548602
1;2025-06-04;21;580.2646971820202
1;2025-06-04;22;323.5003855617333
1;2025-06-04;23;53.024844532758564
1;2025-06-05;0;10.759860689750539
1;2025-06-05;1;0.0
1;2025-06-05;2;0.0
1;2025-06-05;3;0.0
1;2025-06-05;4;0.0
1;2025-06-05;5;91.71127856450265
1;2025-06-05;6;546.5084616434194
1;2025-06-05;7;1412.209844647517
1;2025-06-05;8;1925.9929707678516
1;2025-06-05;9;1476.9499759650698
1;2025-06-05;10;1394.2113256357077
1;2025-06-05;11;1323.7000545987944
1;2025-06-05;12;1302.8740448190504
1;2025-06-05;13;1293.311930931678
1;2025-06-05;14;1247.0032222202105
1;2025-06-05;15;1303.3365821268815
1;2025-06-05;16;1427.7867615645866
1;2025-06-05;17;1702.3142885431307
1;2025-06-05;18;1786.0457060048298
1;2025-06-05;19;1408.6705150776115
1;2025-06-05;20;979.5190443974415
1;2025-06-05;21;575.8202095370133
1;2025-06-05;22;321.11657131664845
1;2025-06-05;23;60.73540195480953
1;2025-06-06;0;9.370324137970641
1;2025-06-06;1;0.0
1;2025-06-06;2;0.0
1;2025-06-06;3;0.0
1;2025-06-06;4;0.0
1;2025-06-06;5;91.21716179777061
1;2025-06-06;6;519.9978733174512
1;2025-06-06;7;1385.2577881739724
1;2025-06-06;8;1842.123010754654
1;2025-06-06;9;1433.6507200969595
1;2025-06-06;10;1342.7087274339592
1;2025-06-06;11;1333.8420148206142
1;2025-06-06;12;1281.9490607437638
1;2025-06-06;13;1298.1670329322776
1;2025-06-06;14;1226.0920279601341
1;2025-06-06;15;1361.6176679228988
1;2025-06-06;16;1498.568010100722
1;2025-06-06;17;1668.2728695316625
1;2025-06-06;18;1547.6052239688693
1;2025-06-06;19;1227.1172976507025
1;2025-06-06;20;919.832613291994
1;2025-06-06;21;557.0951432338718
1;2025-06-06;22;325.84722311530174
1;2025-06-06;23;72.68862804943683
1;2025-06-07;0;8.939359100515492
1;2025-06-07;1;0.0
1;2025-06-07;2;0.0
1;2025-06-07;3;0.0
1;2025-06-07;4;0.0
1;2025-06-07;5;35.2450443918638
1;2025-06-07;6;187.56581862640314
1;2025-06-07;7;341.1451428714942
1;2025-06-07;8;478.9269458932009
1;2025-06-07;9;679.2103445048281
1;2025-06-07;10;742.3728245607385
1;2025-06-07;11;719.9513136128924
1;2025-06-07;12;811.239961810375
1;2025-06-07;13;795.1641298264797
1;2025-06-07;14;751.4022685511105
1;2025-06-07;15;666.3968589190862
1;2025-06-07;16;638.5335997761609
1;2025-06-07;17;631.1177716014113
1;2025-06-07;18;620.9813694737468
1;2025-06-07;19;628.876199821922
1;2025-06-07;20;501.9182240162337
1;2025-06-07;21;351.69663559947855
1;2025-06-07;22;195.68039418090626
1;2025-06-07;23;50.641866761559854
1;2025-06-08;0;4.6104291282417345
1;2025-06-08;1;0.0
1;2025-06-08;2;0.0
1;2025-06-08;3;0.0
1;2025-06-08;4;0.0
1;2025-06-08;5;30.576915110426235
1;2025-06-08;6;154.42873712823106
1;2025-06-08;7;282.9374083909454
1;2025-06-08;8;392.9836327904411
1;2025-06-08;9;562.4886076158238
1;2025-06-08;10;645.0955491862655
1;2025-06-08;11;645.2425184478452
1;2025-06-08;12;716.3991243502114
1;2025-06-08;13;712.6043466659589
1;2025-06-08;14;656.9022539585749
1;2025-06-08;15;594.273990823544
1;2025-06-08;16;588.1411136413299
1;2025-06-08;17;566.5250692681647
1;2025-06-08;18;553.9318979545731
1;2025-06-08;19;514.0467527987087
1;2025-06-08;20;423.7207591631236
1;2025-06-08;21;302.50439434792884
1;2025-06-08;22;155.5653397796558
1;2025-06-08;23;45.39618426202587
1;2025-06-09;0;5.1400764844590014
1;2025-06-09;1;0.0
1;2025-06-09;2;0.0
1;2025-06-09;3;0.0
1;2025-06-09;4;0.0
1;2025-06-09;5;92.97843083179092
1;2025-06-09;6;529.6044084255348
1;2025-06-09;7;1337.4906864389675
1;2025-06-09;8;1798.7563446300219
1;2025-06-09;9;1378.5233455540515
1;2025-06-09;10;1233.832946214764
1;2025-06-09;11;1218.4330308923072
1;2025-06-09;12;1208.490158477195
1;2025-06-09;13;1208.6727083771889
1;2025-06-09;14;1155.9372800428944
1;2025-06-09;15;1218.7080789534452
1;2025-06-09;16;1348.229929098523
1;2025-06-09;17;1631.901417956335
1;2025-06-09;18;1724.471008641443
1;2025-06-09;19;1384.2234381224328
1;2025-06-09;20;929.1354449948461
1;2025-06-09;21;517.2863470520297
1;2025-06-09;22;278.17660355034883
1;2025-06-09;23;47.32733486916993
1;2025-06-10;0;5.696976694218527
1;2025-06-10;1;0.0
1;2025-06-10;2;0.0
1;2025-06-10;3;0.0
1;2025-06-10;4;0.0
1;2025-06-10;5;92.85164402526124
1;2025-06-10;6;546.8853059295676
1;2025-06-10;7;1433.368349352135
1;2025-06-10;8;1884.7726956230472
1;2025-06-10;9;1489.9223821352768
1;2025-06-10;10;1368.4318459291508
1;2025-06-10;11;1317.6985460171861
1;2025-06-10;12;1279.873889322599
1;2025-06-10;13;1324.645508595681
1;2025-06-10;14;1237.9461716914175
1;2025-06-10;15;1300.398663934468
1;2025-06-10;16;1389.6474148274206
1;2025-06-10;17;1663.8561387112215
1;2025-06-10;18;1762.3477718578324
1;2025-06-10;19;1446.2904143657368
1;2025-06-10;20;993.1358537824883
1;2025-06-10;21;533.7171440944294
1;2025-06-10;22;306.91731172801826
1;2025-06-10;23;49.06801320306439
1;2025-06-11;0;6.515209745190486
1;2025-06-11;1;0.0
1;2025-06-11;2;0.0
1;2025-06-11;3;0.0
1;2025-06-11;4;0.0
1;2025-06-11;5;91.32485169217425
1;2025-06-11;6;521.9097095292876
1;2025-06-11;7;1384.5981641960748
1;2025-06-11;8;1915.0918524623473
1;2025-06-11;9;1458.721321011246
1;2025-06-11;10;1339.644932465283
1;2025-06-11;11;1295.0969456354283
1;2025-06-11;12;1278.8492889290071
1;2025-06-11;13;1306.9220976507108
1;2025-06-11;14;1248.3301004626362
1;2025-06-11;15;1317.8506640246649
1;2025-06-11;16;1404.6006356366015
1;2025-06-11;17;1669.2212319037835
1;2025-06-11;18;1741.617347652243
1;2025-06-11;19;1392.5138801256107
1;2025-06-11;20;965.8047686839378
1;2025-06-11;21;570.0944868483797
1;2025-06-11;22;318.86973290955837
1;2025-06-11;23;52.0855376557824
1;2025-06-12;0;6.152774959775787
1;2025-06-12;1;0.0
1;2025-06-12;2;0.0
1;2025-06-12;3;0.0
1;2025-06-12;4;0.0
1;2025-06-12;5;33.14728676531831
1;2025-06-12;6;157.90302213928686
1;2025-06-12;7;287.34454096639695
1;2025-06-12;8;393.18674729100053
1;2025-06-12;9;577.0187695525738
1;2025-06-12;10;648.9015312509953
1;2025-06-12;11;631.984913073074
1;2025-06-12;12;737.0426727689328
1;2025-06-12;13;741.5710696264526
1;2025-06-12;14;692.8995251821543
1;2025-06-12;15;629.2238688399345
1;2025-06-12;16;606.4756447600107
1;2025-06-12;17;592.1121151105282
1;2025-06-12;18;579.9795506960713
1;2025-06-12;19;564.5059105192618
1;2025-06-12;20;455.27918736445764
1;2025-06-12;21;326.651074235043
1;2025-06-12;22;181.5424288267978
1;2025-06-12;23;50.230653030666275
1;2025-06-13;0;5.740856879970151
1;2025-06-13;1;0.0
1;2025-06-13;2;0.0
1;2025-06-13;3;0.0
1;2025-06-13;4;0.0
1;2025-06-13;5;31.340810622615756
1;2025-06-13;6;158.42628964165513
1;2025-06-13;7;292.7879795469436
1;2025-06-13;8;388.00405598756083
1;2025-06-13;9;550.7341493142895
1;2025-06-13;10;610.6987237525311
1;2025-06-13;11;594.4715567118888
1;2025-06-13;12;687.5583670220682
1;2025-06-13;13;689.1097114480374
1;2025-06-13;14;645.5695685312503
1;2025-06-13;15;585.4218127328555
1;2025-06-13;16;568.7998858477047
1;2025-06-13;17;548.7418544873868
1;2025-06-13;18;540.2078022875648
1;2025-06-13;19;529.506619257884
1;2025-06-13;20;425.67931765661706
1;2025-06-13;21;305.18793271173143
1;2025-06-13;22;168.93398154063755
1;2025-06-13;23;46.82296103271422
1;2025-06-14;0;8.461562139562549
1;2025-06-14;1;0.0
1;2025-06-14;2;0.0
1;2025-06-14;3;0.0
1;2025-06-14;4;0.0
1;2025-06-14;5;33.82733771794574
1;2025-06-14;6;183.16682115689946
1;2025-06-14;7;332.069136133854
1;2025-06-14;8;463.15211482430846
1;2025-06-14;9;660.7272265746184
1;2025-06-14;10;722.7021056623387
1;2025-06-14;11;705.6208958221945
1;2025-06-14;12;795.2829176254941
1;2025-06-14;13;781.123894417693
1;2025-06-14;14;737.9436807757659
1;2025-06-14;15;661.7896548109708
1;2025-06-14;16;624.5592764637264
1;2025-06-14;17;610.2062891915206
1;2025-06-14;18;593.7769285990023
1;2025-06-14;19;602.1770111168689
1;2025-06-14;20;480.75938347604284
1;2025-06-14;21;335.7365744299331
1;2025-06-14;22;186.9137067671967
1;2025-06-14;23;45.0519836543537
1;2025-06-15;0;4.340445968686684
1;2025-06-15;1;0.0
1;2025-06-15;2;0.0
1;2025-06-15;3;0.0
1;2025-06-15;4;0.0
1;2025-06-15;5;30.025010975888012
1;2025-06-15;6;152.80951348121658
1;2025-06-15;7;278.70719236454096
1;2025-06-15;8;384.3524661368665
1;2025-06-15;9;553.716491212524
1;2025-06-15;10;635.2899694626087
1;2025-06-15;11;639.000432865797
1;2025-06-15;12;709.7247064268272
1;2025-06-15;13;707.9959115710692
1;2025-06-15;14;652.8897986032507
1;2025-06-15;15;597.4833585984577
1;2025-06-15;16;582.3640393700186
1;2025-06-15;17;554.7124569987465
1;2025-06-15;18;538.0712440954551
1;2025-06-15;19;498.90879267532796
1;2025-06-15;20;410.2968499072588
1;2025-06-15;21;292.3189133741562
1;2025-06-15;22;149.94087868559888
1;2025-06-15;23;41.26147344133918
1;2025-06-16;0;5.097704255641203
1;2025-06-16;1;0.0
1;2025-06-16;2;0.0
1;2025-06-16;3;0.0
1;2025-06-16;4;0.0
1;2025-06-16;5;92.37573190961598
1;2025-06-16;6;529.6628675945979
1;2025-06-16;7;1338.1008149428308
1;2025-06-16;8;1800.2230310316836
1;2025-06-16;9;1381.2544551193296
1;2025-06-16;10;1235.5930526466018
1;2025-06-16;11;1223.7969206081464
1;2025-06-16;12;1213.188706540793
1;2025-06-16;13;1216.6890350003196
1;2025-06-16;14;1162.3692761653283
1;2025-06-16;15;1238.6232101428284
1;2025-06-16;16;1358.0712766951872
1;2025-06-16;17;1634.890903306371
1;2025-06-16;18;1732.0330567812707
1;2025-06-16;19;1389.4601687252346
1;2025-06-16;20;933.935514516151
1;2025-06-16;21;520.3819100259442
1;2025-06-16;22;279.3292497107826
1;2025-06-16;23;47.50100085151921
1;2025-06-17;0;6.050491482825139
1;2025-06-17;1;0.0
1;2025-06-17;2;0.0
1;2025-06-17;3;0.0
1;2025-06-17;4;0.0
1;2025-06-17;5;87.37090548666272
1;2025-06-17;6;517.8037834391617
1;2025-06-17;7;1346.6162975572183
1;2025-06-17;8;1760.131558192453
1;2025-06-17;9;1402.890539426448
1;2025-06-17;10;1276.8431573488258
1;2025-06-17;11;1222.6045982441099
1;2025-06-17;12;1184.4398503190728
1;2025-06-17;13;1219.9753151533225
1;2025-06-17;14;1134.166441797027
1;2025-06-17;15;1183.0233235176072
1;2025-06-17;16;1268.4883895227276
1;2025-06-17;17;1535.01871114871
1;2025-06-17;18;1641.9795310478657
1;2025-06-17;19;1342.1962483211555
1;2025-06-17;20;935.4593023855996
1;2025-06-17;21;504.2394806038932
1;2025-06-17;22;287.1062141759455
1;2025-06-17;23;48.00660783043269
1;2025-06-18;0;6.601849541555792
1;2025-06-18;1;0.0
1;2025-06-18;2;0.0
1;2025-06-18;3;0.0
1;2025-06-18;4;0.0
1;2025-06-18;5;87.1885555273872
1;2025-06-18;6;502.6137131489572
1;2025-06-18;7;1327.5541495164848
1;2025-06-18;8;1826.6011641947875
1;2025-06-18;9;1399.911505209415
1;2025-06-18;10;1275.714750739203
1;2025-06-18;11;1230.062480621927
1;2025-06-18;12;1211.00584424118
1;2025-06-18;13;1231.4192194959512
1;2025-06-18;14;1173.796572965822
1;2025-06-18;15;1233.3811877862076
1;2025-06-18;16;1323.9239927805168
1;2025-06-18;17;1583.325611084213
1;2025-06-18;18;1661.6908304904664
1;2025-06-18;19;1324.7905288473887
1;2025-06-18;20;922.5630729225486
1;2025-06-18;21;543.4110370428923
1;2025-06-18;22;302.59537755825613
1;2025-06-18;23;50.6456810545316
1;2025-06-19;0;8.905577302624483
1;2025-06-19;1;0.0
1;2025-06-19;2;0.0
1;2025-06-19;3;0.0
1;2025-06-19;4;0.0
1;2025-06-19;5;86.8004590292922
1;2025-06-19;6;519.5434535465647
1;2025-06-19;7;1349.7373112284656
1;2025-06-19;8;1837.7735221073326
1;2025-06-19;9;1417.1310064934823
1;2025-06-19;10;1336.8751824628052
1;2025-06-19;11;1271.9901388405196
1;2025-06-19;12;1254.894644580988
1;2025-06-19;13;1246.3147467686167
1;2025-06-19;14;1203.6198023626266
1;2025-06-19;15;1253.2571317341503
1;2025-06-19;16;1363.964450256672
1;2025-06-19;17;1615.613369242265
1;2025-06-19;18;1703.0980203706308
1;2025-06-19;19;1336.353018934789
1;2025-06-19;20;929.5418704833683
1;2025-06-19;21;544.4003348016555
1;2025-06-19;22;304.1978231888031
1;2025-06-19;23;56.99821478480973
1;2025-06-20;0;7.230092208622003
1;2025-06-20;1;0.0
1;2025-06-20;2;0.0
1;2025-06-20;3;0.0
1;2025-06-20;4;0.0
1;2025-06-20;5;85.33174838912957
1;2025-06-20;6;494.4441464943605
1;2025-06-20;7;1316.452491842433
1;2025-06-20;8;1738.1228064909956
1;2025-06-20;9;1360.4564103430566
1;2025-06-20;10;1271.7265353865168
1;2025-06-20;11;1271.9720126173913
1;2025-06-20;12;1226.0701088306287
1;2025-06-20;13;1240.863042237922
1;2025-06-20;14;1173.358582120026
1;2025-06-20;15;1297.217481839964
1;2025-06-20;16;1420.6533048921178
1;2025-06-20;17;1561.20959852327
1;2025-06-20;18;1441.735441041525
1;2025-06-20;19;1134.9153266490025
1;2025-06-20;20;857.3764006755157
1;2025-06-20;21;518.4320519140472
1;2025-06-20;22;303.89855739127245
1;2025-06-20;23;61.145832985441906
1;2025-06-21;0;8.926653247782092
1;2025-06-21;1;0.0
1;2025-06-21;2;0.0
1;2025-06-21;3;0.0
1;2025-06-21;4;0.0
1;2025-06-21;5;35.581627616565186
1;2025-06-21;6;186.40545808026496
1;2025-06-21;7;342.0229909206181
1;2025-06-21;8;482.81666641319794
1;2025-06-21;9;686.2887354769364
1;2025-06-21;10;754.5338337925818
1;2025-06-21;11;735.4261122749218
1;2025-06-21;12;832.8660671420625
1;2025-06-21;13;825.6768264996934
1;2025-06-21;14;778.6150278455991
1;2025-06-21;15;700.7975046214258
1;2025-06-21;16;657.5892761547826
1;2025-06-21;17;645.6477351259488
1;2025-06-21;18;621.6910858319025
1;2025-06-21;19;632.07421464035
1;2025-06-21;20;508.0214822985451
1;2025-06-21;21;356.26655929904166
1;2025-06-21;22;199.0228395737152
1;2025-06-21;23;47.97763661832552
1;2025-06-22;0;4.214093547326605
1;2025-06-22;1;0.0
1;2025-06-22;2;0.0
1;2025-06-22;3;0.0
1;2025-06-22;4;0.0
1;2025-06-22;5;29.88171158036489
1;2025-06-22;6;151.80335785482183
1;2025-06-22;7;277.62990604850495
1;2025-06-22;8;384.42645215305936
1;2025-06-22;9;553.3556364353303
1;2025-06-22;10;634.925468950928
1;2025-06-22;11;637.76260434954
1;2025-06-22;12;711.010528288044
1;2025-06-22;13;714.2194333327091
1;2025-06-22;14;657.8701532755749
1;2025-06-22;15;604.5522665500897
1;2025-06-22;16;585.2540445248422
1;2025-06-22;17;556.1416938531562
1;2025-06-22;18;536.9675607971126
1;2025-06-22;19;497.3421959615873
1;2025-06-22;20;409.56307017184656
1;2025-06-22;21;292.89404151111006
1;2025-06-22;22;150.07004601983886
1;2025-06-22;23;40.96238557770528
1;2025-06-23;0;3.703606280084259
1;2025-06-23;1;0.0
1;2025-06-23;2;0.0
1;2025-06-23;3;0.0
1;2025-06-23;4;0.0
1;2025-06-23;5;92.16135045822564
1;2025-06-23;6;528.4250531675352
1;2025-06-23;7;1334.770131050969
1;2025-06-23;8;1789.0222050155644
1;2025-06-23;9;1377.6009789233644
1;2025-06-23;10;1232.4315183518934
1;2025-06-23;11;1225.805492761945
1;2025-06-23;12;1216.160515230281
1;2025-06-23;13;1218.75221728227
1;2025-06-23;14;1172.2376082649425
1;2025-06-23;15;1247.5109871158793
1;2025-06-23;16;1362.7532853828338
1;2025-06-23;17;1632.073544939612
1;2025-06-23;18;1727.0721156548932
1;2025-06-23;19;1386.347161076641
1;2025-06-23;20;931.7028737870453
1;2025-06-23;21;519.0151545278363
1;2025-06-23;22;279.77651954712326
1;2025-06-23;23;43.83160788885835
1;2025-06-24;0;5.670249588728803
1;2025-06-24;1;0.0
1;2025-06-24;2;0.0
1;2025-06-24;3;0.0
1;2025-06-24;4;0.0
1;2025-06-24;5;89.87415302040827
1;2025-06-24;6;524.3596924303392
1;2025-06-24;7;1374.0123573857534
1;2025-06-24;8;1801.525216895179
1;2025-06-24;9;1434.3995798772585
1;2025-06-24;10;1313.966140969209
1;2025-06-24;11;1266.0056022251265
1;2025-06-24;12;1230.644018569368
1;2025-06-24;13;1272.9958588758684
1;2025-06-24;14;1186.9182601701202
1;2025-06-24;15;1242.5431319831819
1;2025-06-24;16;1320.759838891
1;2025-06-24;17;1586.665594010583
1;2025-06-24;18;1687.4501327108178
1;2025-06-24;19;1385.715187303892
1;2025-06-24;20;959.4727296921675
1;2025-06-24;21;515.6851806118516
1;2025-06-24;22;295.9295223263832
1;2025-06-24;23;48.33546543992202
1;2025-06-25;0;6.338702201510166
1;2025-06-25;1;0.0
1;2025-06-25;2;0.0
1;2025-06-25;3;0.0
1;2025-06-25;4;0.0
1;2025-06-25;5;89.86246040236614
1;2025-06-25;6;510.48528429677935
1;2025-06-25;7;1353.8899856053276
1;2025-06-25;8;1873.6523121816235
1;2025-06-25;9;1427.5902177730563
1;2025-06-25;10;1306.1488500425314
1;2025-06-25;11;1267.60836095295
1;2025-06-25;12;1251.098673728634
1;2025-06-25;13;1278.602008545643
1;2025-06-25;14;1221.7836930388062
1;2025-06-25;15;1292.547816991013
1;2025-06-25;16;1377.7128627981497
1;2025-06-25;17;1643.3624519551838
1;2025-06-25;18;1708.487772147257
1;2025-06-25;19;1365.375087458472
1;2025-06-25;20;948.2350624560768
1;2025-06-25;21;560.428653467015
1;2025-06-25;22;312.9807024237721
1;2025-06-25;23;50.94626076889723
1;2025-06-26;0;9.398617754316348
1;2025-06-26;1;0.0
1;2025-06-26;2;0.0
1;2025-06-26;3;0.0
1;2025-06-26;4;0.0
1;2025-06-26;5;87.12590803587335
1;2025-06-26;6;520.8822074902205
1;2025-06-26;7;1337.6059482190453
1;2025-06-26;8;1809.2191550370026
1;2025-06-26;9;1398.8299839316242
1;2025-06-26;10;1308.2116380517818
1;2025-06-26;11;1242.4991226267653
1;2025-06-26;12;1223.383414635587
1;2025-06-26;13;1210.5776599223293
1;2025-06-26;14;1165.4970968459372
1;2025-06-26;15;1212.2400066826935
1;2025-06-26;16;1321.2146530500165
1;2025-06-26;17;1582.8123175574626
1;2025-06-26;18;1672.1798196876487
1;2025-06-26;19;1317.7646510375487
1;2025-06-26;20;923.9523233187383
1;2025-06-26;21;541.6939503334061
1;2025-06-26;22;304.6072049909948
1;2025-06-26;23;58.571928662974564
1;2025-06-27;0;7.819989339900651
1;2025-06-27;1;0.0
1;2025-06-27;2;0.0
1;2025-06-27;3;0.0
1;2025-06-27;4;0.0
1;2025-06-27;5;90.40895456207669
1;2025-06-27;6;510.58994612532257
1;2025-06-27;7;1358.5369337502761
1;2025-06-27;8;1798.79230131457
1;2025-06-27;9;1410.589865230103
1;2025-06-27;10;1326.8840347722185
1;2025-06-27;11;1330.492700612127
1;2025-06-27;12;1283.8007198518476
1;2025-06-27;13;1302.7387201370534
1;2025-06-27;14;1236.00342775642
1;2025-06-27;15;1368.976929193011
1;2025-06-27;16;1491.6468493439695
1;2025-06-27;17;1639.1290990976227
1;2025-06-27;18;1512.9733467174046
1;2025-06-27;19;1199.3260112359683
1;2025-06-27;20;910.0194650541308
1;2025-06-27;21;552.8055187147856
1;2025-06-27;22;325.2814738653723
1;2025-06-27;23;66.13191403649411
1;2025-06-28;0;9.180064337061346
1;2025-06-28;1;0.0
1;2025-06-28;2;0.0
1;2025-06-28;3;0.0
1;2025-06-28;4;0.0
1;2025-06-28;5;36.24921576295357
1;2025-06-28;6;189.5868280324824
1;2025-06-28;7;346.3823010545982
1;2025-06-28;8;487.60370773444276
1;2025-06-28;9;691.1748139445415
1;2025-06-28;10;757.444926095043
1;2025-06-28;11;741.4714873480127
1;2025-06-28;12;843.3232141926239
1;2025-06-28;13;837.1051297876878
1;2025-06-28;14;789.5341247023493
1;2025-06-28;15;712.4073218293272
1;2025-06-28;16;670.6147975097703
1;2025-06-28;17;659.3466933281184
1;2025-06-28;18;636.3589946051833
1;2025-06-28;19;646.1638114097964
1;2025-06-28;20;519.1094447331927
1;2025-06-28;21;364.6147099426137
1;2025-06-28;22;204.4979296193219
1;2025-06-28;23;52.71480233454403
1;2025-06-29;0;4.444792492077497
1;2025-06-29;1;0.0
1;2025-06-29;2;0.0
1;2025-06-29;3;0.0
1;2025-06-29;4;0.0
1;2025-06-29;5;30.091659212233644
1;2025-06-29;6;151.01390144308368
1;2025-06-29;7;274.5439059073726
1;2025-06-29;8;378.4168895594753
1;2025-06-29;9;544.6700838317743
1;2025-06-29;10;622.2996379853587
1;2025-06-29;11;628.006909233784
1;2025-06-29;12;702.055974273412
1;2025-06-29;13;703.8163954565039
1;2025-06-29;14;648.2536583958853
1;2025-06-29;15;593.0326318590942
1;2025-06-29;16;578.1022722209857
1;2025-06-29;17;551.1654149038474
1;2025-06-29;18;535.7723142731793
1;2025-06-29;19;498.49654953573963
1;2025-06-29;20;412.0365403543311
1;2025-06-29;21;294.5705812776033
1;2025-06-29;22;152.5411555354962
1;2025-06-29;23;44.770933123202084
1;2025-06-30;0;3.6233690965187546
1;2025-06-30;1;0.0
1;2025-06-30;2;0.0
1;2025-06-30;3;0.0
1;2025-06-30;4;0.0
1;2025-06-30;5;86.81684184290722
1;2025-06-30;6;498.78108833591284
1;2025-06-30;7;1255.48443609583
1;2025-06-30;8;1671.2193932913533
1;2025-06-30;9;1292.8220671297702
1;2025-06-30;10;1148.6832480968299
1;2025-06-30;11;1136.7556246898598
1;2025-06-30;12;1129.0209834912193
1;2025-06-30;13;1127.8200538555263
1;2025-06-30;14;1081.6070605151176
1;2025-06-30;15;1141.3760965223137
1;2025-06-30;16;1249.1288768316163
1;2025-06-30;17;1504.4301222219992
1;2025-06-30;18;1598.2125376468343
1;2025-06-30;19;1280.6908402573936
1;2025-06-30;20;866.3757284353259
1;2025-06-30;21;481.81811601955224
1;2025-06-30;22;259.8228329383763
1;2025-06-30;23;41.80742596421763
1;2025-07-01;0;5.623572809808337
1;2025-07-01;1;0.0
1;2025-07-01;2;0.0
1;2025-07-01;3;0.0
1;2025-07-01;4;0.0
1;2025-07-01;5;85.85473442885598
1;2025-07-01;6;504.5923549366064
1;2025-07-01;7;1316.0205080525689
1;2025-07-01;8;1713.8142416919072
1;2025-07-01;9;1369.005301478457
1;2025-07-01;10;1244.4973958537475
1;2025-07-01;11;1197.23931047099
1;2025-07-01;12;1164.1686186421084
1;2025-07-01;13;1213.6968487347426
1;2025-07-01;14;1134.207975457663
1;2025-07-01;15;1183.6088113874223
1;2025-07-01;16;1261.0285305790044
1;2025-07-01;17;1515.7506403877314
1;2025-07-01;18;1621.7803326194655
1;2025-07-01;19;1329.0764433623544
1;2025-07-01;20;920.2447134615595
1;2025-07-01;21;496.0731925446182
1;2025-07-01;22;285.6651249472458
1;2025-07-01;23;47.02052101553346
1;2025-07-02;0;6.385909729699125
1;2025-07-02;1;0.0
1;2025-07-02;2;0.0
1;2025-07-02;3;0.0
1;2025-07-02;4;0.0
1;2025-07-02;5;88.89101990082841
1;2025-07-02;6;497.9124684819018
1;2025-07-02;7;1315.8819492635037
1;2025-07-02;8;1811.6078989683679
1;2025-07-02;9;1389.4657935791845
1;2025-07-02;10;1274.9086290651976
1;2025-07-02;11;1239.1577719597385
1;2025-07-02;12;1224.7071946855986
1;2025-07-02;13;1262.737309709228
1;2025-07-02;14;1217.6567423432841
1;2025-07-02;15;1290.9501632692686
1;2025-07-02;16;1368.3420921083125
1;2025-07-02;17;1623.3822630082036
1;2025-07-02;18;1699.541791385266
1;2025-07-02;19;1361.4733259029304
1;2025-07-02;20;945.8862996699324
1;2025-07-02;21;562.3713793458668
1;2025-07-02;22;316.28150534549695
1;2025-07-02;23;54.150044642270686
1;2025-07-03;0;11.433267429437553
1;2025-07-03;1;0.0
1;2025-07-03;2;0.0
1;2025-07-03;3;0.0
1;2025-07-03;4;0.0
1;2025-07-03;5;91.7974629523037
1;2025-07-03;6;533.8374536994704
1;2025-07-03;7;1367.1946994126752
1;2025-07-03;8;1848.5981296127657
1;2025-07-03;9;1426.4689627236803
1;2025-07-03;10;1344.890901025668
1;2025-07-03;11;1276.3785463770432
1;2025-07-03;12;1258.2489220146067
1;2025-07-03;13;1263.6041257672932
1;2025-07-03;14;1222.5246518220347
1;2025-07-03;15;1284.3104408182285
1;2025-07-03;16;1397.3165888437668
1;2025-07-03;17;1673.8936133918887
1;2025-07-03;18;1765.1011294157393
1;2025-07-03;19;1401.4401091150494
1;2025-07-03;20;990.2720660798235
1;2025-07-03;21;587.9535657904845
1;2025-07-03;22;333.5607633687214
1;2025-07-03;23;69.42375925840932
1;2025-07-04;0;9.273671370723195
1;2025-07-04;1;0.0
1;2025-07-04;2;0.0
1;2025-07-04;3;0.0
1;2025-07-04;4;0.0
1;2025-07-04;5;89.93901618653769
1;2025-07-04;6;500.63434369495866
1;2025-07-04;7;1325.5975278187734
1;2025-07-04;8;1748.221058403536
1;2025-07-04;9;1363.438679286115
1;2025-07-04;10;1283.4313760926175
1;2025-07-04;11;1281.6993275767838
1;2025-07-04;12;1237.0090211684587
1;2025-07-04;13;1270.8551483480373
1;2025-07-04;14;1206.687524779813
1;2025-07-04;15;1322.1663063125568
1;2025-07-04;16;1471.4138823988897
1;2025-07-04;17;1635.7132550228798
1;2025-07-04;18;1508.8254889168456
1;2025-07-04;19;1199.7296134688572
1;2025-07-04;20;910.7940465118388
1;2025-07-04;21;556.4821986603663
1;2025-07-04;22;328.8432486935735
1;2025-07-04;23;75.14876146662118
1;2025-07-05;0;9.165124455948442
1;2025-07-05;1;0.0
1;2025-07-05;2;0.0
1;2025-07-05;3;0.0
1;2025-07-05;4;0.0
1;2025-07-05;5;36.08568940151398
1;2025-07-05;6;186.95883593651288
1;2025-07-05;7;338.50956264673556
1;2025-07-05;8;477.80535326530025
1;2025-07-05;9;679.4404940154809
1;2025-07-05;10;744.5292422256346
1;2025-07-05;11;728.6684208039827
1;2025-07-05;12;830.9381536520609
1;2025-07-05;13;832.8179883162793
1;2025-07-05;14;790.4136046805911
1;2025-07-05;15;717.779099889875
1;2025-07-05;16;676.7062176691729
1;2025-07-05;17;665.7175914621989
1;2025-07-05;18;642.0323439338916
1;2025-07-05;19;651.377351871846
1;2025-07-05;20;520.1358899583993
1;2025-07-05;21;367.22123973757436
1;2025-07-05;22;206.58575605480883
1;2025-07-05;23;53.83218390043014
1;2025-07-06;0;4.554017495385171
1;2025-07-06;1;0.0
1;2025-07-06;2;0.0
1;2025-07-06;3;0.0
1;2025-07-06;4;0.0
1;2025-07-06;5;30.928554395095635
1;2025-07-06;6;145.72445860280163
1;2025-07-06;7;257.5025894762734
1;2025-07-06;8;366.75624862499944
1;2025-07-06;9;549.7384053770566
1;2025-07-06;10;638.1328334051054
1;2025-07-06;11;644.9538932245741
1;2025-07-06;12;728.0341971701872
1;2025-07-06;13;740.2939594775318
1;2025-07-06;14;686.5575986306958
1;2025-07-06;15;633.2877729364257
1;2025-07-06;16;613.091451815825
1;2025-07-06;17;587.057233640393
1;2025-07-06;18;565.8775377153631
1;2025-07-06;19;526.1761607588417
1;2025-07-06;20;432.35088305327713
1;2025-07-06;21;311.36130748977513
1;2025-07-06;22;162.38569223744756
1;2025-07-06;23;47.681383699671564
1;2025-07-07;0;5.087350164948675
1;2025-07-07;1;0.0
1;2025-07-07;2;0.0
1;2025-07-07;3;0.0
1;2025-07-07;4;0.0
1;2025-07-07;5;93.41855152253417
1;2025-07-07;6;524.0701446754665
1;2025-07-07;7;1316.5900818205823
1;2025-07-07;8;1760.4153508427955
1;2025-07-07;9;1362.3113663009785
1;2025-07-07;10;1211.6700343854604
1;2025-07-07;11;1202.866318340822
1;2025-07-07;12;1195.1474819337977
1;2025-07-07;13;1211.1422380001413
1;2025-07-07;14;1171.6840914929458
1;2025-07-07;15;1240.5901561856394
1;2025-07-07;16;1368.4292292297243
1;2025-07-07;17;1642.4381471790316
1;2025-07-07;18;1740.0052329608743
1;2025-07-07;19;1400.0135202838344
1;2025-07-07;20;942.4136470992288
1;2025-07-07;21;529.5073325361043
1;2025-07-07;22;288.2529009240204
1;2025-07-07;23;50.52961718876222
1;2025-07-08;0;7.290303170102133
1;2025-07-08;1;0.0
1;2025-07-08;2;0.0
1;2025-07-08;3;0.0
1;2025-07-08;4;0.0
1;2025-07-08;5;90.8324194351633
1;2025-07-08;6;521.6832642808363
1;2025-07-08;7;1358.6576122552447
1;2025-07-08;8;1775.7067534439639
1;2025-07-08;9;1424.6847766709775
1;2025-07-08;10;1292.6153277937233
1;2025-07-08;11;1244.6410766081299
1;2025-07-08;12;1210.2829955810803
1;2025-07-08;13;1265.5437375091342
1;2025-07-08;14;1187.9145467381413
1;2025-07-08;15;1237.8188480041872
1;2025-07-08;16;1329.810331043287
1;2025-07-08;17;1602.4861997231742
1;2025-07-08;18;1712.9658834500108
1;2025-07-08;19;1406.4020594182189
1;2025-07-08;20;980.1009703973427
1;2025-07-08;21;534.0977929145951
1;2025-07-08;22;308.73915038709674
1;2025-07-08;23;56.276809716349874
1;2025-07-09;0;8.317954688920432
1;2025-07-09;1;0.0
1;2025-07-09;2;0.0
1;2025-07-09;3;0.0
1;2025-07-09;4;0.0
1;2025-07-09;5;93.29598084647165
1;2025-07-09;6;519.8313770317778
1;2025-07-09;7;1361.1532827250267
1;2025-07-09;8;1874.2210438036714
1;2025-07-09;9;1443.2064591640014
1;2025-07-09;10;1316.3995283818786
1;2025-07-09;11;1275.6923770097192
1;2025-07-09;12;1257.4772532617194
1;2025-07-09;13;1298.6096371131807
1;2025-07-09;14;1250.4436386439434
1;2025-07-09;15;1318.3725603806074
1;2025-07-09;16;1416.2558784217488
1;2025-07-09;17;1687.499983231479
1;2025-07-09;18;1766.237111923866
1;2025-07-09;19;1424.9760331686139
1;2025-07-09;20;995.6861081723704
1;2025-07-09;21;594.4056326863679
1;2025-07-09;22;336.0498667138007
1;2025-07-09;23;61.26735676275737
1;2025-07-10;0;11.35351437905512
1;2025-07-10;1;0.0
1;2025-07-10;2;0.0
1;2025-07-10;3;0.0
1;2025-07-10;4;0.0
1;2025-07-10;5;93.0549745936626
1;2025-07-10;6;540.0580475873616
1;2025-07-10;7;1379.4473338824841
1;2025-07-10;8;1866.2288036887799
1;2025-07-10;9;1450.9315805183978
1;2025-07-10;10;1361.2984306412893
1;2025-07-10;11;1296.8457897235926
1;2025-07-10;12;1278.0487412899479
1;2025-07-10;13;1283.4735280245504
1;2025-07-10;14;1246.1258449114935
1;2025-07-10;15;1297.5775331252198
1;2025-07-10;16;1421.1528119087711
1;2025-07-10;17;1696.5082964521723
1;2025-07-10;18;1785.179521706314
1;2025-07-10;19;1420.0123748632586
1;2025-07-10;20;1000.5310654371737
1;2025-07-10;21;594.600122659338
1;2025-07-10;22;337.27660690528234
1;2025-07-10;23;69.44817874541303
1;2025-07-11;0;9.490881095515196
1;2025-07-11;1;0.0
1;2025-07-11;2;0.0
1;2025-07-11;3;0.0
1;2025-07-11;4;0.0
1;2025-07-11;5;92.54827043874042
1;2025-07-11;6;513.6547463236525
1;2025-07-11;7;1353.1748994166246
1;2025-07-11;8;1783.2443379579215
1;2025-07-11;9;1408.872950131375
1;2025-07-11;10;1317.4443582383594
1;2025-07-11;11;1318.9799033289214
1;2025-07-11;12;1271.1640020530863
1;2025-07-11;13;1305.5466297810021
1;2025-07-11;14;1244.8642732164858
1;2025-07-11;15;1362.7464290104683
1;2025-07-11;16;1513.0087055372674
1;2025-07-11;17;1670.208376669681
1;2025-07-11;18;1547.870465030051
1;2025-07-11;19;1235.4168663442751
1;2025-07-11;20;936.4657834407658
1;2025-07-11;21;572.985813891238
1;2025-07-11;22;338.96451353704504
1;2025-07-11;23;77.04572188392842
1;2025-07-12;0;9.26427105666005
1;2025-07-12;1;0.0
1;2025-07-12;2;0.0
1;2025-07-12;3;0.0
1;2025-07-12;4;0.0
1;2025-07-12;5;35.685239978469525
1;2025-07-12;6;184.55268129287066
1;2025-07-12;7;332.17496229426
1;2025-07-12;8;469.41893448300107
1;2025-07-12;9;670.2254531309875
1;2025-07-12;10;730.9287373573449
1;2025-07-12;11;712.4160553478362
1;2025-07-12;12;810.8519513040799
1;2025-07-12;13;812.0615267604674
1;2025-07-12;14;771.9768804352132
1;2025-07-12;15;689.6585371093458
1;2025-07-12;16;661.8382725687089
1;2025-07-12;17;654.1365438989228
1;2025-07-12;18;637.1584578318802
1;2025-07-12;19;646.1466208910402
1;2025-07-12;20;518.1988256415201
1;2025-07-12;21;368.0091472726592
1;2025-07-12;22;206.94363654325514
1;2025-07-12;23;53.939066109477274
1;2025-07-13;0;4.740311845721767
1;2025-07-13;1;0.0
1;2025-07-13;2;0.0
1;2025-07-13;3;0.0
1;2025-07-13;4;0.0
1;2025-07-13;5;29.903358553498457
1;2025-07-13;6;148.02136054516382
1;2025-07-13;7;264.3622419409321
1;2025-07-13;8;361.8546558748408
1;2025-07-13;9;527.2729654792515
1;2025-07-13;10;604.465078764901
1;2025-07-13;11;609.3555835345065
1;2025-07-13;12;679.5799979678204
1;2025-07-13;13;685.343235304184
1;2025-07-13;14;635.865339989439
1;2025-07-13;15;579.4845440585395
1;2025-07-13;16;575.6526827384571
1;2025-07-13;17;549.9086094260538
1;2025-07-13;18;541.1119337775744
1;2025-07-13;19;508.2589944468016
1;2025-07-13;20;420.50275986200097
1;2025-07-13;21;302.9317027265679
1;2025-07-13;22;158.54177375807865
1;2025-07-13;23;47.087465109346354
1;2025-07-14;0;5.44452075262082
1;2025-07-14;1;0.0
1;2025-07-14;2;0.0
1;2025-07-14;3;0.0
1;2025-07-14;4;0.0
1;2025-07-14;5;88.8077808654125
1;2025-07-14;6;500.32299418588576
1;2025-07-14;7;1247.8512012343567
1;2025-07-14;8;1659.5898477546207
1;2025-07-14;9;1296.8069896542665
1;2025-07-14;10;1139.5403724130922
1;2025-07-14;11;1124.2859181869703
1;2025-07-14;12;1113.9722060063018
1;2025-07-14;13;1124.8713052322219
1;2025-07-14;14;1086.6315350226005
1;2025-07-14;15;1147.0740162712277
1;2025-07-14;16;1264.7286890255943
1;2025-07-14;17;1537.4670765151193
1;2025-07-14;18;1639.809936229254
1;2025-07-14;19;1314.8813169647358
1;2025-07-14;20;893.9271511052889
1;2025-07-14;21;503.40633919468155
1;2025-07-14;22;275.11343187401724
1;2025-07-14;23;50.47229544007118
1;2025-07-15;0;7.569928162670811
1;2025-07-15;1;0.0
1;2025-07-15;2;0.0
1;2025-07-15;3;0.0
1;2025-07-15;4;0.0
1;2025-07-15;5;88.19157593670397
1;2025-07-15;6;509.2826182799755
1;2025-07-15;7;1315.791705691462
1;2025-07-15;8;1716.0357228421221
1;2025-07-15;9;1383.2645354832157
1;2025-07-15;10;1245.5056840541754
1;2025-07-15;11;1195.0512728484207
1;2025-07-15;12;1157.2322998103
1;2025-07-15;13;1207.4607197922114
1;2025-07-15;14;1132.3479523752894
1;2025-07-15;15;1180.131218680963
1;2025-07-15;16;1270.3125192285004
1;2025-07-15;17;1543.0117189998257
1;2025-07-15;18;1653.874661578008
1;2025-07-15;19;1357.4189619757512
1;2025-07-15;20;953.4395903131892
1;2025-07-15;21;520.8072148563481
1;2025-07-15;22;302.35414106501173
1;2025-07-15;23;56.586311029287955
1;2025-07-16;0;8.40890304976286
1;2025-07-16;1;0.0
1;2025-07-16;2;0.0
1;2025-07-16;3;0.0
1;2025-07-16;4;0.0
1;2025-07-16;5;91.78229136380159
1;2025-07-16;6;507.50461138734806
1;2025-07-16;7;1331.2767249582125
1;2025-07-16;8;1834.3055195537563
1;2025-07-16;9;1413.8415296861303
1;2025-07-16;10;1291.878853011638
1;2025-07-16;11;1250.961988360937
1;2025-07-16;12;1232.0343151052014
1;2025-07-16;13;1271.811710329105
1;2025-07-16;14;1220.8968615343788
1;2025-07-16;15;1295.9503254838453
1;2025-07-16;16;1380.4612632274534
1;2025-07-16;17;1660.735453121256
1;2025-07-16;18;1732.5108221112787
1;2025-07-16;19;1397.3460303760492
1;2025-07-16;20;983.1606088566591
1;2025-07-16;21;588.0047205845019
1;2025-07-16;22;333.2296756337322
1;2025-07-16;23;61.758655628367805
1;2025-07-17;0;11.058012039812272
1;2025-07-17;1;0.0
1;2025-07-17;2;0.0
1;2025-07-17;3;0.0
1;2025-07-17;4;0.0
1;2025-07-17;5;89.55259149165175
1;2025-07-17;6;520.3088542114394
1;2025-07-17;7;1332.7467811600466
1;2025-07-17;8;1805.0133244794272
1;2025-07-17;9;1404.3962147984403
1;2025-07-17;10;1318.4236971501941
1;2025-07-17;11;1253.4726527299747
1;2025-07-17;12;1233.3654441782114
1;2025-07-17;13;1237.733300385422
1;2025-07-17;14;1200.4422424105596
1;2025-07-17;15;1259.7039148079846
1;2025-07-17;16;1372.3142465236779
1;2025-07-17;17;1647.4378338874399
1;2025-07-17;18;1734.5532102481088
1;2025-07-17;19;1371.5456981593002
1;2025-07-17;20;968.7797197017148
1;2025-07-17;21;576.5215040698249
1;2025-07-17;22;326.59351613651796
1;2025-07-17;23;67.25932359947285
1;2025-07-18;0;9.65733320722774
1;2025-07-18;1;0.0
1;2025-07-18;2;0.0
1;2025-07-18;3;0.0
1;2025-07-18;4;0.0
1;2025-07-18;5;91.74695839653131
1;2025-07-18;6;505.8955486992593
1;2025-07-18;7;1333.130671392399
1;2025-07-18;8;1755.1241789894216
1;2025-07-18;9;1386.0862210997739
1;2025-07-18;10;1303.1423788912152
1;2025-07-18;11;1302.4122632098142
1;2025-07-18;12;1252.9944589043516
1;2025-07-18;13;1285.5913014720147
1;2025-07-18;14;1224.5813888598493
1;2025-07-18;15;1339.111342734273
1;2025-07-18;16;1489.713177705281
1;2025-07-18;17;1653.3136343888368
1;2025-07-18;18;1532.4099149101758
1;2025-07-18;19;1224.2982940926536
1;2025-07-18;20;932.086590315648
1;2025-07-18;21;570.9935525529731
1;2025-07-18;22;338.69131068133936
1;2025-07-18;23;77.68997766964051
1;2025-07-19;0;9.344362161242492
1;2025-07-19;1;0.0
1;2025-07-19;2;0.0
1;2025-07-19;3;0.0
1;2025-07-19;4;0.0
1;2025-07-19;5;35.472863095132965
1;2025-07-19;6;180.70770043982822
1;2025-07-19;7;325.3361423033979
1;2025-07-19;8;461.1266636573961
1;2025-07-19;9;663.0170421436092
1;2025-07-19;10;721.5524707721606
1;2025-07-19;11;703.168117291327
1;2025-07-19;12;798.8131151660432
1;2025-07-19;13;800.9027927562113
1;2025-07-19;14;758.788103911819
1;2025-07-19;15;687.9883585956479
1;2025-07-19;16;648.0467061558413
1;2025-07-19;17;641.4199810038256
1;2025-07-19;18;627.5615938931527
1;2025-07-19;19;639.4308291550249
1;2025-07-19;20;515.1509006392632
1;2025-07-19;21;366.0373428780939
1;2025-07-19;22;206.3585630286941
1;2025-07-19;23;54.24506005851626
1;2025-07-20;0;4.684128982911968
1;2025-07-20;1;0.0
1;2025-07-20;2;0.0
1;2025-07-20;3;0.0
1;2025-07-20;4;0.0
1;2025-07-20;5;30.112880661118165
1;2025-07-20;6;147.68469232278665
1;2025-07-20;7;264.6414740294472
1;2025-07-20;8;364.10869729058913
1;2025-07-20;9;529.8125225429277
1;2025-07-20;10;608.8406602469313
1;2025-07-20;11;615.0306149855535
1;2025-07-20;12;685.962333910137
1;2025-07-20;13;692.3644426515582
1;2025-07-20;14;642.1435715516709
1;2025-07-20;15;593.2150852840871
1;2025-07-20;16;582.6017407476725
1;2025-07-20;17;555.6690997541909
1;2025-07-20;18;545.6803390692728
1;2025-07-20;19;510.35555572320254
1;2025-07-20;20;422.82033225864814
1;2025-07-20;21;305.0686300483695
1;2025-07-20;22;159.65441327304376
1;2025-07-20;23;47.214575031499265
1;2025-07-21;0;5.260034526791049
1;2025-07-21;1;0.0
1;2025-07-21;2;0.0
1;2025-07-21;3;0.0
1;2025-07-21;4;0.0
1;2025-07-21;5;89.15848283018718
1;2025-07-21;6;489.29711791196496
1;2025-07-21;7;1218.6244665454078
1;2025-07-21;8;1625.390993695311
1;2025-07-21;9;1269.6619368564825
1;2025-07-21;10;1113.5823338446708
1;2025-07-21;11;1099.2421555655321
1;2025-07-21;12;1087.8404151284417
1;2025-07-21;13;1098.5099763710994
1;2025-07-21;14;1061.7801819598253
1;2025-07-21;15;1125.2227009288924
1;2025-07-21;16;1236.9011055966203
1;2025-07-21;17;1501.630717022187
1;2025-07-21;18;1600.6686284380512
1;2025-07-21;19;1283.5896713885995
1;2025-07-21;20;873.6606568734353
1;2025-07-21;21;492.79429301983845
1;2025-07-21;22;268.83126476448865
1;2025-07-21;23;49.1994150375389
1;2025-07-22;0;7.490785408309108
1;2025-07-22;1;0.0
1;2025-07-22;2;0.0
1;2025-07-22;3;0.0
1;2025-07-22;4;0.0
1;2025-07-22;5;87.83451347788693
1;2025-07-22;6;506.06505000822807
1;2025-07-22;7;1309.9193701774639
1;2025-07-22;8;1711.7924657689582
1;2025-07-22;9;1379.844150295969
1;2025-07-22;10;1240.355354885306
1;2025-07-22;11;1193.069232626325
1;2025-07-22;12;1154.8782780865354
1;2025-07-22;13;1205.4021899307145
1;2025-07-22;14;1130.8004824430159
1;2025-07-22;15;1182.9160779138288
1;2025-07-22;16;1270.1652390160891
1;2025-07-22;17;1541.0215039910804
1;2025-07-22;18;1651.5643407870707
1;2025-07-22;19;1353.4856485311748
1;2025-07-22;20;951.3350080309126
1;2025-07-22;21;520.1634481873944
1;2025-07-22;22;301.24097872598554
1;2025-07-22;23;56.28502945062425
1;2025-07-23;0;7.482868196299774
1;2025-07-23;1;0.0
1;2025-07-23;2;0.0
1;2025-07-23;3;0.0
1;2025-07-23;4;0.0
1;2025-07-23;5;90.04129510657637
1;2025-07-23;6;496.72230887664375
1;2025-07-23;7;1308.2834938114083
1;2025-07-23;8;1802.0262082404156
1;2025-07-23;9;1395.2094383451245
1;2025-07-23;10;1271.0119909422588
1;2025-07-23;11;1233.8594867548509
1;2025-07-23;12;1214.4935096104507
1;2025-07-23;13;1253.6426675795246
1;2025-07-23;14;1204.1144669447244
1;2025-07-23;15;1277.8338944628608
1;2025-07-23;16;1362.5007144775332
1;2025-07-23;17;1633.9321600494463
1;2025-07-23;18;1711.8982318540993
1;2025-07-23;19;1373.8632697347148
1;2025-07-23;20;962.0349604233672
1;2025-07-23;21;574.2849080508795
1;2025-07-23;22;326.17115686968145
1;2025-07-23;23;59.99368231808928
1;2025-07-24;0;10.360307602380525
1;2025-07-24;1;0.0
1;2025-07-24;2;0.0
1;2025-07-24;3;0.0
1;2025-07-24;4;0.0
1;2025-07-24;5;90.02909371066866
1;2025-07-24;6;519.6760778580785
1;2025-07-24;7;1339.8239084952056
1;2025-07-24;8;1808.9587320163432
1;2025-07-24;9;1405.248077948299
1;2025-07-24;10;1319.8849184924534
1;2025-07-24;11;1258.4038979714255
1;2025-07-24;12;1240.9277247327045
1;2025-07-24;13;1247.2905025245905
1;2025-07-24;14;1206.1894007357193
1;2025-07-24;15;1255.6791148418629
1;2025-07-24;16;1378.1797245304285
1;2025-07-24;17;1657.8810560454049
1;2025-07-24;18;1736.4182088186772
1;2025-07-24;19;1375.2392473482125
1;2025-07-24;20;970.8729230688755
1;2025-07-24;21;576.0072066125713
1;2025-07-24;22;327.24647805010096
1;2025-07-24;23;68.14687460897555
1;2025-07-25;0;8.388829254960214
1;2025-07-25;1;0.0
1;2025-07-25;2;0.0
1;2025-07-25;3;0.0
1;2025-07-25;4;0.0
1;2025-07-25;5;89.44123809169062
1;2025-07-25;6;494.6070027859258
1;2025-07-25;7;1314.5011187174764
1;2025-07-25;8;1725.040794851308
1;2025-07-25;9;1361.1165384515602
1;2025-07-25;10;1275.2754332690965
1;2025-07-25;11;1278.3416006201742
1;2025-07-25;12;1232.6702000340251
1;2025-07-25;13;1268.271263972207
1;2025-07-25;14;1205.1961750158257
1;2025-07-25;15;1318.4466516075431
1;2025-07-25;16;1469.2036425355436
1;2025-07-25;17;1629.7774483661608
1;2025-07-25;18;1506.2317893671684
1;2025-07-25;19;1191.4150999213653
1;2025-07-25;20;902.4083925514526
1;2025-07-25;21;551.6379362321251
1;2025-07-25;22;327.8640630138557
1;2025-07-25;23;74.32291482787727
1;2025-07-26;0;9.571701485599043
1;2025-07-26;1;0.0
1;2025-07-26;2;0.0
1;2025-07-26;3;0.0
1;2025-07-26;4;0.0
1;2025-07-26;5;36.264278259133995
1;2025-07-26;6;185.4959343522404
1;2025-07-26;7;335.3649016123148
1;2025-07-26;8;478.0893656442223
1;2025-07-26;9;677.8026092422799
1;2025-07-26;10;736.4437724170215
1;2025-07-26;11;718.6770996501135
1;2025-07-26;12;817.5137089132098
1;2025-07-26;13;821.500665514317
1;2025-07-26;14;777.8937899336378
1;2025-07-26;15;707.8504261286026
1;2025-07-26;16;672.4122531022226
1;2025-07-26;17;665.7917193687917
1;2025-07-26;18;647.8075561643394
1;2025-07-26;19;657.2835139979074
1;2025-07-26;20;527.2205198322338
1;2025-07-26;21;374.63542883303353
1;2025-07-26;22;211.68160504328608
1;2025-07-26;23;55.62203250314892
1;2025-07-27;0;4.847720350097099
1;2025-07-27;1;0.0
1;2025-07-27;2;0.0
1;2025-07-27;3;0.0
1;2025-07-27;4;0.0
1;2025-07-27;5;31.22648400163767
1;2025-07-27;6;145.3820789796278
1;2025-07-27;7;256.243386675962
1;2025-07-27;8;372.03554267815247
1;2025-07-27;9;552.6193454530334
1;2025-07-27;10;633.141747701876
1;2025-07-27;11;639.0799200229778
1;2025-07-27;12;719.0671913543009
1;2025-07-27;13;733.1141729476228
1;2025-07-27;14;679.3385447750095
1;2025-07-27;15;630.0244430851294
1;2025-07-27;16;615.9378081603058
1;2025-07-27;17;593.2945313008362
1;2025-07-27;18;576.5593357359426
1;2025-07-27;19;538.2224756012916
1;2025-07-27;20;442.05714648510536
1;2025-07-27;21;320.3616934307179
1;2025-07-27;22;168.71500787397736
1;2025-07-27;23;49.46304716163658
1;2025-07-28;0;4.482264319410563
1;2025-07-28;1;0.0
1;2025-07-28;2;0.0
1;2025-07-28;3;0.0
1;2025-07-28;4;0.0
1;2025-07-28;5;93.69358876507383
1;2025-07-28;6;520.1016971153826
1;2025-07-28;7;1310.1426661175092
1;2025-07-28;8;1740.3305546213294
1;2025-07-28;9;1358.6963661960867
1;2025-07-28;10;1201.7001074684622
1;2025-07-28;11;1198.5062258127796
1;2025-07-28;12;1189.9386099052508
1;2025-07-28;13;1204.7844385516341
1;2025-07-28;14;1166.0314001506913
1;2025-07-28;15;1233.9540896135827
1;2025-07-28;16;1359.897483252652
1;2025-07-28;17;1636.981790903131
1;2025-07-28;18;1735.9166566859358
1;2025-07-28;19;1395.2946938500959
1;2025-07-28;20;940.7996066441797
1;2025-07-28;21;528.1240143440286
1;2025-07-28;22;288.16352919887345
1;2025-07-28;23;51.13876057411329
1;2025-07-29;0;6.636625375371534
1;2025-07-29;1;0.0
1;2025-07-29;2;0.0
1;2025-07-29;3;0.0
1;2025-07-29;4;0.0
1;2025-07-29;5;93.76238146411234
1;2025-07-29;6;531.7562981946373
1;2025-07-29;7;1387.3423725230728
1;2025-07-29;8;1803.551755174883
1;2025-07-29;9;1451.9076523355145
1;2025-07-29;10;1314.5588506432016
1;2025-07-29;11;1273.2259743662626
1;2025-07-29;12;1237.6424657322289
1;2025-07-29;13;1295.8105242461747
1;2025-07-29;14;1217.9965955781547
1;2025-07-29;15;1273.4525461555277
1;2025-07-29;16;1367.9591918219867
1;2025-07-29;17;1647.5932416831185
1;2025-07-29;18;1754.854593640745
1;2025-07-29;19;1445.3707019200815
1;2025-07-29;20;1007.1774548077999
1;2025-07-29;21;548.5655207993734
1;2025-07-29;22;318.3623546287858
1;2025-07-29;23;58.80154197572371
1;2025-07-30;0;7.466687216458951
1;2025-07-30;1;0.0
1;2025-07-30;2;0.0
1;2025-07-30;3;0.0
1;2025-07-30;4;0.0
1;2025-07-30;5;93.15225050358367
1;2025-07-30;6;513.8855092992837
1;2025-07-30;7;1351.4542791570134
1;2025-07-30;8;1850.2158151262724
1;2025-07-30;9;1432.7526829406074
1;2025-07-30;10;1301.358145358655
1;2025-07-30;11;1265.671918133478
1;2025-07-30;12;1248.0133661552147
1;2025-07-30;13;1289.9218966815943
1;2025-07-30;14;1241.306608830854
1;2025-07-30;15;1311.3532270987387
1;2025-07-30;16;1407.1920544318393
1;2025-07-30;17;1680.042389671069
1;2025-07-30;18;1759.9166710086952
1;2025-07-30;19;1417.173067737059
1;2025-07-30;20;990.9398543287402
1;2025-07-30;21;590.3946404800593
1;2025-07-30;22;333.5903691632601
1;2025-07-30;23;61.786067916959084
1;2025-07-31;0;10.497932786800494
1;2025-07-31;1;0.0
1;2025-07-31;2;0.0
1;2025-07-31;3;0.0
1;2025-07-31;4;0.0
1;2025-07-31;5;91.90748837300204
1;2025-07-31;6;528.2228491647612
1;2025-07-31;7;1358.4720899404465
1;2025-07-31;8;1826.494404596751
1;2025-07-31;9;1422.5256706357563
1;2025-07-31;10;1333.8611491495037
1;2025-07-31;11;1273.0173465167118
1;2025-07-31;12;1255.176318849924
1;2025-07-31;13;1262.730705797293
1;2025-07-31;14;1220.9551993149157
1;2025-07-31;15;1277.024323423213
1;2025-07-31;16;1399.3861285923888
1;2025-07-31;17;1674.23758208062
1;2025-07-31;18;1764.603641040731
1;2025-07-31;19;1398.6247024626741
1;2025-07-31;20;987.7207285923098
1;2025-07-31;21;585.6388899417448
1;2025-07-31;22;332.10265962094576
1;2025-07-31;23;69.60434927971116
5;2025-06-01;0;0.0
5;2025-06-01;1;0.0
5;2025-06-01;2;0.0
5;2025-06-01;3;0.0
5;2025-06-01;4;0.0
5;2025-06-01;5;0.0
5;2025-06-01;6;0.0
5;2025-06-01;7;0.0
5;2025-06-01;8;0.0
5;2025-06-01;9;0.0
5;2025-06-01;10;0.0
5;2025-06-01;11;0.0
5;2025-06-01;12;0.0
5;2025-06-01;13;0.0
5;2025-06-01;14;0.0
5;2025-06-01;15;0.0
5;2025-06-01;16;0.0
5;2025-06-01;17;0.0
5;2025-06-01;18;0.0
5;2025-06-01;19;0.0
5;2025-06-01;20;0.0
5;2025-06-01;21;0.0
5;2025-06-01;22;0.0
5;2025-06-01;23;0.0
5;2025-06-02;0;0.0
5;2025-06-02;1;0.0
5;2025-06-02;2;0.0
5;2025-06-02;3;0.0
5;2025-06-02;4;0.0
5;2025-06-02;5;0.0
5;2025-06-02;6;0.0
5;2025-06-02;7;0.0
5;2025-06-02;8;0.0
5;2025-06-02;9;0.0
5;2025-06-02;10;0.0
5;2025-06-02;11;0.0
5;2025-06-02;12;0.0
5;2025-06-02;13;0.0
5;2025-06-02;14;0.0
5;2025-06-02;15;0.0
5;2025-06-02;16;0.0
5;2025-06-02;17;0.0
5;2025-06-02;18;0.0
5;2025-06-02;19;0.0
5;2025-06-02;20;0.0
5;2025-06-02;21;0.0
5;2025-06-02;22;0.0
5;2025-06-02;23;0.0
5;2025-06-03;0;0.0
5;2025-06-03;1;0.0
5;2025-06-03;2;0.0
5;2025-06-03;3;0.0
5;2025-06-03;4;0.0
5;2025-06-03;5;0.0
5;2025-06-03;6;0.0
5;2025-06-03;7;0.0
5;2025-06-03;8;0.0
5;2025-06-03;9;0.0
5;2025-06-03;10;0.0
5;2025-06-03;11;0.0
5;2025-06-03;12;0.0
5;2025-06-03;13;0.0
5;2025-06-03;14;0.0
5;2025-06-03;15;0.0
5;2025-06-03;16;0.0
5;2025-06-03;17;0.0
5;2025-06-03;18;0.0
5;2025-06-03;19;0.0
5;2025-06-03;20;0.0
5;2025-06-03;21;0.0
5;2025-06-03;22;0.0
5;2025-06-03;23;0.0
5;2025-06-04;0;0.0
5;2025-06-04;1;0.0
5;2025-06-04;2;0.0
5;2025-06-04;3;0.0
5;2025-06-04;4;0.0
5;2025-06-04;5;0.0
5;2025-06-04;6;0.0
5;2025-06-04;7;0.0
5;2025-06-04;8;0.0
5;2025-06-04;9;0.0
5;2025-06-04;10;0.0
5;2025-06-04;11;0.0
5;2025-06-04;12;0.0
5;2025-06-04;13;0.0
5;2025-06-04;14;0.0
5;2025-06-04;15;0.0
5;2025-06-04;16;0.0
5;2025-06-04;17;0.0
5;2025-06-04;18;0.0
5;2025-06-04;19;0.0
5;2025-06-04;20;0.0
5;2025-06-04;21;0.0
5;2025-06-04;22;0.0
5;2025-06-04;23;0.0
5;2025-06-05;0;0.0
5;2025-06-05;1;0.0
5;2025-06-05;2;0.0
5;2025-06-05;3;0.0
5;2025-06-05;4;0.0
5;2025-06-05;5;0.0
5;2025-06-05;6;0.0
5;2025-06-05;7;0.0
5;2025-06-05;8;0.0
5;2025-06-05;9;0.0
5;2025-06-05;10;0.0
5;2025-06-05;11;0.0
5;2025-06-05;12;0.0
5;2025-06-05;13;0.0
5;2025-06-05;14;0.0
5;2025-06-05;15;0.0
5;2025-06-05;16;0.0
5;2025-06-05;17;0.0
5;2025-06-05;18;0.0
5;2025-06-05;19;0.0
5;2025-06-05;20;0.0
5;2025-06-05;21;0.0
5;2025-06-05;22;0.0
5;2025-06-05;23;0.0
5;2025-06-06;0;0.0
5;2025-06-06;1;0.0
5;2025-06-06;2;0.0
5;2025-06-06;3;0.0
5;2025-06-06;4;0.0
5;2025-06-06;5;0.0
5;2025-06-06;6;0.0
5;2025-06-06;7;0.0
5;2025-06-06;8;0.0
5;2025-06-06;9;0.0
5;2025-06-06;10;0.0
5;2025-06-06;11;0.0
5;2025-06-06;12;0.0
5;2025-06-06;13;0.0
5;2025-06-06;14;0.0
5;2025-06-06;15;0.0
5;2025-06-06;16;0.0
5;2025-06-06;17;0.0
5;2025-06-06;18;0.0
5;2025-06-06;19;0.0
5;2025-06-06;20;0.0
5;2025-06-06;21;0.0
5;2025-06-06;22;0.0
5;2025-06-06;23;0.0
5;2025-06-07;0;0.0
5;2025-06-07;1;0.0
5;2025-06-07;2;0.0
5;2025-06-07;3;0.0
5;2025-06-07;4;0.0
5;2025-06-07;5;0.0
5;2025-06-07;6;0.0
5;2025-06-07;7;0.0
5;2025-06-07;8;0.0
5;2025-06-07;9;0.0
5;2025-06-07;10;0.0
5;2025-06-07;11;0.0
5;2025-06-07;12;0.0
5;2025-06-07;13;0.0
5;2025-06-07;14;0.0
5;2025-06-07;15;0.0
5;2025-06-07;16;0.0
5;2025-06-07;17;0.0
5;2025-06-07;18;0.0
5;2025-06-07;19;0.0
5;2025-06-07;20;0.0
5;2025-06-07;21;0.0
5;2025-06-07;22;0.0
5;2025-06-07;23;0.0
5;2025-06-08;0;0.0
5;2025-06-08;1;0.0
5;2025-06-08;2;0.0
5;2025-06-08;3;0.0
5;2025-06-08;4;0.0
5;2025-06-08;5;0.0
5;2025-06-08;6;0.0
5;2025-06-08;7;0.0
5;2025-06-08;8;0.0
5;2025-06-08;9;0.0
5;2025-06-08;10;0.0
5;2025-06-08;11;0.0
5;2025-06-08;12;0.0
5;2025-06-08;13;0.0
5;2025-06-08;14;0.0
5;2025-06-08;15;0.0
5;2025-06-08;16;0.0
5;2025-06-08;17;0.0
5;2025-06-08;18;0.0
5;2025-06-08;19;0.0
5;2025-06-08;20;0.0
5;2025-06-08;21;0.0
5;2025-06-08;22;0.0
5;2025-06-08;23;0.0
5;2025-06-09;0;0.0
5;2025-06-09;1;0.0
5;2025-06-09;2;0.0
5;2025-06-09;3;0.0
5;2025-06-09;4;0.0
5;2025-06-09;5;0.0
5;2025-06-09;6;0.0
5;2025-06-09;7;0.0
5;2025-06-09;8;0.0
5;2025-06-09;9;0.0
5;2025-06-09;10;0.0
5;2025-06-09;11;0.0
5;2025-06-09;12;0.0
5;2025-06-09;13;0.0
5;2025-06-09;14;0.0
5;2025-06-09;15;0.0
5;2025-06-09;16;0.0
5;2025-06-09;17;0.0
5;2025-06-09;18;0.0
5;2025-06-09;19;0.0
5;2025-06-09;20;0.0
5;2025-06-09;21;0.0
5;2025-06-09;22;0.0
5;2025-06-09;23;0.0
5;2025-06-10;0;0.0
5;2025-06-10;1;0.0
5;2025-06-10;2;0.0
5;2025-06-10;3;0.0
5;2025-06-10;4;0.0
5;2025-06-10;5;0.0
5;2025-06-10;6;0.0
5;2025-06-10;7;0.0
5;2025-06-10;8;0.0
5;2025-06-10;9;0.0
5;2025-06-10;10;0.0
5;2025-06-10;11;0.0
5;2025-06-10;12;0.0
5;2025-06-10;13;0.0
5;2025-06-10;14;0.0
5;2025-06-10;15;0.0
5;2025-06-10;16;0.0
5;2025-06-10;17;0.0
5;2025-06-10;18;0.0
5;2025-06-10;19;0.0
5;2025-06-10;20;0.0
5;2025-06-10;21;0.0
5;2025-06-10;22;0.0
5;2025-06-10;23;0.0
5;2025-06-11;0;0.0
5;2025-06-11;1;0.0
5;2025-06-11;2;0.0
5;2025-06-11;3;0.0
5;2025-06-11;4;0.0
5;2025-06-11;5;0.0
5;2025-06-11;6;0.0
5;2025-06-11;7;0.0
5;2025-06-11;8;0.0
5;2025-06-11;9;0.0
5;2025-06-11;10;0.0
5;2025-06-11;11;0.0
5;2025-06-11;12;0.0
5;2025-06-11;13;0.0
5;2025-06-11;14;0.0
5;2025-06-11;15;0.0
5;2025-06-11;16;0.0
5;2025-06-11;17;0.0
5;2025-06-11;18;0.0
5;2025-06-11;19;0.0
5;2025-06-11;20;0.0
5;2025-06-11;21;0.0
5;2025-06-11;22;0.0
5;2025-06-11;23;0.0
5;2025-06-12;0;0.0
5;2025-06-12;1;0.0
5;2025-06-12;2;0.0
5;2025-06-12;3;0.0
5;2025-06-12;4;0.0
5;2025-06-12;5;0.0
5;2025-06-12;6;0.0
5;2025-06-12;7;0.0
5;2025-06-12;8;0.0
5;2025-06-12;9;0.0
5;2025-06-12;10;0.0
5;2025-06-12;11;0.0
5;2025-06-12;12;0.0
5;2025-06-12;13;0.0
5;2025-06-12;14;0.0
5;2025-06-12;15;0.0
5;2025-06-12;16;0.0
5;2025-06-12;17;0.0
5;2025-06-12;18;0.0
5;2025-06-12;19;0.0
5;2025-06-12;20;0.0
5;2025-06-12;21;0.0
5;2025-06-12;22;0.0
5;2025-06-12;23;0.0
5;2025-06-13;0;0.0
5;2025-06-13;1;0.0
5;2025-06-13;2;0.0
5;2025-06-13;3;0.0
5;2025-06-13;4;0.0
5;2025-06-13;5;0.0
5;2025-06-13;6;0.0
5;2025-06-13;7;0.0
5;2025-06-13;8;0.0
5;2025-06-13;9;0.0
5;2025-06-13;10;0.0
5;2025-06-13;11;0.0
5;2025-06-13;12;0.0
5;2025-06-13;13;0.0
5;2025-06-13;14;0.0
5;2025-06-13;15;0.0
5;2025-06-13;16;0.0
5;2025-06-13;17;0.0
5;2025-06-13;18;0.0
5;2025-06-13;19;0.0
5;2025-06-13;20;0.0
5;2025-06-13;21;0.0
5;2025-06-13;22;0.0
5;2025-06-13;23;0.0
5;2025-06-14;0;0.0
5;2025-06-14;1;0.0
5;2025-06-14;2;0.0
5;2025-06-14;3;0.0
5;2025-06-14;4;0.0
5;2025-06-14;5;0.0
5;2025-06-14;6;0.0
5;2025-06-14;7;0.0
5;2025-06-14;8;0.0
5;2025-06-14;9;0.0
5;2025-06-14;10;0.0
5;2025-06-14;11;0.0
5;2025-06-14;12;0.0
5;2025-06-14;13;0.0
5;2025-06-14;14;0.0
5;2025-06-14;15;0.0
5;2025-06-14;16;0.0
5;2025-06-14;17;0.0
5;2025-06-14;18;0.0
5;2025-06-14;19;0.0
5;2025-06-14;20;0.0
5;2025-06-14;21;0.0
5;2025-06-14;22;0.0
5;2025-06-14;23;0.0
5;2025-06-15;0;0.0
5;2025-06-15;1;0.0
5;2025-06-15;2;0.0
5;2025-06-15;3;0.0
5;2025-06-15;4;0.0
5;2025-06-15;5;0.0
5;2025-06-15;6;0.0
5;2025-06-15;7;0.0
5;2025-06-15;8;0.0
5;2025-06-15;9;0.0
5;2025-06-15;10;0.0
5;2025-06-15;11;0.0
5;2025-06-15;12;0.0
5;2025-06-15;13;0.0
5;2025-06-15;14;0.0
5;2025-06-15;15;0.0
5;2025-06-15;16;0.0
5;2025-06-15;17;0.0
5;2025-06-15;18;0.0
5;2025-06-15;19;0.0
5;2025-06-15;20;0.0
5;2025-06-15;21;0.0
5;2025-06-15;22;0.0
5;2025-06-15;23;0.0
5;2025-06-16;0;0.0
5;2025-06-16;1;0.0
5;2025-06-16;2;0.0
5;2025-06-16;3;0.0
5;2025-06-16;4;0.0
5;2025-06-16;5;0.0
5;2025-06-16;6;0.0
5;2025-06-16;7;0.0
5;2025-06-16;8;0.0
5;2025-06-16;9;0.0
5;2025-06-16;10;0.0
5;2025-06-16;11;0.0
5;2025-06-16;12;0.0
5;2025-06-16;13;0.0
5;2025-06-16;14;0.0
5;2025-06-16;15;0.0
5;2025-06-16;16;0.0
5;2025-06-16;17;0.0
5;2025-06-16;18;0.0
5;2025-06-16;19;0.0
5;2025-06-16;20;0.0
5;2025-06-16;21;0.0
5;2025-06-16;22;0.0
5;2025-06-16;23;0.0
5;2025-06-17;0;0.0
5;2025-06-17;1;0.0
5;2025-06-17;2;0.0
5;2025-06-17;3;0.0
5;2025-06-17;4;0.0
5;2025-06-17;5;0.0
5;2025-06-17;6;0.0
5;2025-06-17;7;0.0
5;2025-06-17;8;0.0
5;2025-06-17;9;0.0
5;2025-06-17;10;0.0
5;2025-06-17;11;0.0
5;2025-06-17;12;0.0
5;2025-06-17;13;0.0
5;2025-06-17;14;0.0
5;2025-06-17;15;0.0
5;2025-06-17;16;0.0
5;2025-06-17;17;0.0
5;2025-06-17;18;0.0
5;2025-06-17;19;0.0
5;2025-06-17;20;0.0
5;2025-06-17;21;0.0
5;2025-06-17;22;0.0
5;2025-06-17;23;0.0
5;2025-06-18;0;0.0
5;2025-06-18;1;0.0
5;2025-06-18;2;0.0
5;2025-06-18;3;0.0
5;2025-06-18;4;0.0
5;2025-06-18;5;0.0
5;2025-06-18;6;0.0
5;2025-06-18;7;0.0
5;2025-06-18;8;0.0
5;2025-06-18;9;0.0
5;2025-06-18;10;0.0
5;2025-06-18;11;0.0
5;2025-06-18;12;0.0
5;2025-06-18;13;0.0
5;2025-06-18;14;0.0
5;2025-06-18;15;0.0
5;2025-06-18;16;0.0
5;2025-06-18;17;0.0
5;2025-06-18;18;0.0
5;2025-06-18;19;0.0
5;2025-06-18;20;0.0
5;2025-06-18;21;0.0
5;2025-06-18;22;0.0
5;2025-06-18;23;0.0
5;2025-06-19;0;0.0
5;2025-06-19;1;0.0
5;2025-06-19;2;0.0
5;2025-06-19;3;0.0
5;2025-06-19;4;0.0
5;2025-06-19;5;0.0
5;2025-06-19;6;0.0
5;2025-06-19;7;0.0
5;2025-06-19;8;0.0
5;2025-06-19;9;0.0
5;2025-06-19;10;0.0
5;2025-06-19;11;0.0
5;2025-06-19;12;0.0
5;2025-06-19;13;0.0
5;2025-06-19;14;0.0
5;2025-06-19;15;0.0
5;2025-06-19;16;0.0
5;2025-06-19;17;0.0
5;2025-06-19;18;0.0
5;2025-06-19;19;0.0
5;2025-06-19;20;0.0
5;2025-06-19;21;0.0
5;2025-06-19;22;0.0
5;2025-06-19;23;0.0
5;2025-06-20;0;0.0
5;2025-06-20;1;0.0
5;2025-06-20;2;0.0
5;2025-06-20;3;0.0
5;2025-06-20;4;0.0
5;2025-06-20;5;0.0
5;2025-06-20;6;0.0
5;2025-06-20;7;0.0
5;2025-06-20;8;0.0
5;2025-06-20;9;0.0
5;2025-06-20;10;0.0
5;2025-06-20;11;0.0
5;2025-06-20;12;0.0
5;2025-06-20;13;0.0
5;2025-06-20;14;0.0
5;2025-06-20;15;0.0
5;2025-06-20;16;0.0
5;2025-06-20;17;0.0
5;2025-06-20;18;0.0
5;2025-06-20;19;0.0
5;2025-06-20;20;0.0
5;2025-06-20;21;0.0
5;2025-06-20;22;0.0
5;2025-06-20;23;0.0
5;2025-06-21;0;0.0
5;2025-06-21;1;0.0
5;2025-06-21;2;0.0
5;2025-06-21;3;0.0
5;2025-06-21;4;0.0
5;2025-06-21;5;0.0
5;2025-06-21;6;0.0
5;2025-06-21;7;0.0
5;2025-06-21;8;0.0
5;2025-06-21;9;0.0
5;2025-06-21;10;0.0
5;2025-06-21;11;0.0
5;2025-06-21;12;0.0
5;2025-06-21;13;0.0
5;2025-06-21;14;0.0
5;2025-06-21;15;0.0
5;2025-06-21;16;0.0
5;2025-06-21;17;0.0
5;2025-06-21;18;0.0
5;2025-06-21;19;0.0
5;2025-06-21;20;0.0
5;2025-06-21;21;0.0
5;2025-06-21;22;0.0
5;2025-06-21;23;0.0
5;2025-06-22;0;0.0
5;2025-06-22;1;0.0
5;2025-06-22;2;0.0
5;2025-06-22;3;0.0
5;2025-06-22;4;0.0
5;2025-06-22;5;0.0
5;2025-06-22;6;0.0
5;2025-06-22;7;0.0
5;2025-06-22;8;0.0
5;2025-06-22;9;0.0
5;2025-06-22;10;0.0
5;2025-06-22;11;0.0
5;2025-06-22;12;0.0
5;2025-06-22;13;0.0
5;2025-06-22;14;0.0
5;2025-06-22;15;0.0
5;2025-06-22;16;0.0
5;2025-06-22;17;0.0
5;2025-06-22;18;0.0
5;2025-06-22;19;0.0
5;2025-06-22;20;0.0
5;2025-06-22;21;0.0
5;2025-06-22;22;0.0
5;2025-06-22;23;0.0
5;2025-06-23;0;0.0
5;2025-06-23;1;0.0
5;2025-06-23;2;0.0
5;2025-06-23;3;0.0
5;2025-06-23;4;0.0
5;2025-06-23;5;0.0
5;2025-06-23;6;0.0
5;2025-06-23;7;0.0
5;2025-06-23;8;0.0
5;2025-06-23;9;0.0
5;2025-06-23;10;0.0
5;2025-06-23;11;0.0
5;2025-06-23;12;0.0
5;2025-06-23;13;0.0
5;2025-06-23;14;0.0
5;2025-06-23;15;0.0
5;2025-06-23;16;0.0
5;2025-06-23;17;0.0
5;2025-06-23;18;0.0
5;2025-06-23;19;0.0
5;2025-06-23;20;0.0
5;2025-06-23;21;0.0
5;2025-06-23;22;0.0
5;2025-06-23;23;0.0
5;2025-06-24;0;0.0
5;2025-06-24;1;0.0
5;2025-06-24;2;0.0
5;2025-06-24;3;0.0
5;2025-06-24;4;0.0
5;2025-06-24;5;0.0
5;2025-06-24;6;0.0
5;2025-06-24;7;0.0
5;2025-06-24;8;0.0
5;2025-06-24;9;0.0
5;2025-06-24;10;0.0
5;2025-06-24;11;0.0
5;2025-06-24;12;0.0
5;2025-06-24;13;0.0
5;2025-06-24;14;0.0
5;2025-06-24;15;0.0
5;2025-06-24;16;0.0
5;2025-06-24;17;0.0
5;2025-06-24;18;0.0
5;2025-06-24;19;0.0
5;2025-06-24;20;0.0
5;2025-06-24;21;0.0
5;2025-06-24;22;0.0
5;2025-06-24;23;0.0
5;2025-06-25;0;0.0
5;2025-06-25;1;0.0
5;2025-06-25;2;0.0
5;2025-06-25;3;0.0
5;2025-06-25;4;0.0
5;2025-06-25;5;0.0
5;2025-06-25;6;0.0
5;2025-06-25;7;0.0
5;2025-06-25;8;0.0
5;2025-06-25;9;0.0
5;2025-06-25;10;0.0
5;2025-06-25;11;0.0
5;2025-06-25;12;0.0
5;2025-06-25;13;0.0
5;2025-06-25;14;0.0
5;2025-06-25;15;0.0
5;2025-06-25;16;0.0
5;2025-06-25;17;0.0
5;2025-06-25;18;0.0
5;2025-06-25;19;0.0
5;2025-06-25;20;0.0
5;2025-06-25;21;0.0
5;2025-06-25;22;0.0
5;2025-06-25;23;0.0
5;2025-06-26;0;0.0
5;2025-06-26;1;0.0
5;2025-06-26;2;0.0
5;2025-06-26;3;0.0
5;2025-06-26;4;0.0
5;2025-06-26;5;0.0
5;2025-06-26;6;0.0
5;2025-06-26;7;0.0
5;2025-06-26;8;0.0
5;2025-06-26;9;0.0
5;2025-06-26;10;0.0
5;2025-06-26;11;0.0
5;2025-06-26;12;0.0
5;2025-06-26;13;0.0
5;2025-06-26;14;0.0
5;2025-06-26;15;0.0
5;2025-06-26;16;0.0
5;2025-06-26;17;0.0
5;2025-06-26;18;0.0
5;2025-06-26;19;0.0
5;2025-06-26;20;0.0
5;2025-06-26;21;0.0
5;2025-06-26;22;0.0
5;2025-06-26;23;0.0
5;2025-06-27;0;0.0
5;2025-06-27;1;0.0
5;2025-06-27;2;0.0
5;2025-06-27;3;0.0
5;2025-06-27;4;0.0
5;2025-06-27;5;0.0
5;2025-06-27;6;0.0
5;2025-06-27;7;0.0
5;2025-06-27;8;0.0
5;2025-06-27;9;0.0
5;2025-06-27;10;0.0
5;2025-06-27;11;0.0
5;2025-06-27;12;0.0
5;2025-06-27;13;0.0
5;2025-06-27;14;0.0
5;2025-06-27;15;0.0
5;2025-06-27;16;0.0
5;2025-06-27;17;0.0
5;2025-06-27;18;0.0
5;2025-06-27;19;0.0
5;2025-06-27;20;0.0
5;2025-06-27;21;0.0
5;2025-06-27;22;0.0
5;2025-06-27;23;0.0
5;2025-06-28;0;0.0
5;2025-06-28;1;0.0
5;2025-06-28;2;0.0
5;2025-06-28;3;0.0
5;2025-06-28;4;0.0
5;2025-06-28;5;0.0
5;2025-06-28;6;0.0
5;2025-06-28;7;0.0
5;2025-06-28;8;0.0
5;2025-06-28;9;0.0
5;2025-06-28;10;0.0
5;2025-06-28;11;0.0
5;2025-06-28;12;0.0
5;2025-06-28;13;0.0
5;2025-06-28;14;0.0
5;2025-06-28;15;0.0
5;2025-06-28;16;0.0
5;2025-06-28;17;0.0
5;2025-06-28;18;0.0
5;2025-06-28;19;0.0
5;2025-06-28;20;0.0
5;2025-06-28;21;0.0
5;2025-06-28;22;0.0
5;2025-06-28;23;0.0
5;2025-06-29;0;0.0
5;2025-06-29;1;0.0
5;2025-06-29;2;0.0
5;2025-06-29;3;0.0
5;2025-06-29;4;0.0
5;2025-06-29;5;0.0
5;2025-06-29;6;0.0
5;2025-06-29;7;0.0
5;2025-06-29;8;0.0
5;2025-06-29;9;0.0
5;2025-06-29;10;0.0
5;2025-06-29;11;0.0
5;2025-06-29;12;0.0
5;2025-06-29;13;0.0
5;2025-06-29;14;0.0
5;2025-06-29;15;0.0
5;2025-06-29;16;0.0
5;2025-06-29;17;0.0
5;2025-06-29;18;0.0
5;2025-06-29;19;0.0
5;2025-06-29;20;0.0
5;2025-06-29;21;0.0
5;2025-06-29;22;0.0
5;2025-06-29;23;0.0
5;2025-06-30;0;0.0
5;2025-06-30;1;0.0
5;2025-06-30;2;0.0
5;2025-06-30;3;0.0
5;2025-06-30;4;0.0
5;2025-06-30;5;0.0
5;2025-06-30;6;0.0
5;2025-06-30;7;0.0
5;2025-06-30;8;0.0
5;2025-06-30;9;0.0
5;2025-06-30;10;0.0
5;2025-06-30;11;0.0
5;2025-06-30;12;0.0
5;2025-06-30;13;0.0
5;2025-06-30;14;0.0
5;2025-06-30;15;0.0
5;2025-06-30;16;0.0
5;2025-06-30;17;0.0
5;2025-06-30;18;0.0
5;2025-06-30;19;0.0
5;2025-06-30;20;0.0
5;2025-06-30;21;0.0
5;2025-06-30;22;0.0
5;2025-06-30;23;0.0
5;2025-07-01;0;0.0
5;2025-07-01;1;0.0
5;2025-07-01;2;0.0
5;2025-07-01;3;0.0
5;2025-07-01;4;0.0
5;2025-07-01;5;0.0
5;2025-07-01;6;0.0
5;2025-07-01;7;0.0
5;2025-07-01;8;0.0
5;2025-07-01;9;0.0
5;2025-07-01;10;0.0
5;2025-07-01;11;0.0
5;2025-07-01;12;0.0
5;2025-07-01;13;0.0
5;2025-07-01;14;0.0
5;2025-07-01;15;0.0
5;2025-07-01;16;0.0
5;2025-07-01;17;0.0
5;2025-07-01;18;0.0
5;2025-07-01;19;0.0
5;2025-07-01;20;0.0
5;2025-07-01;21;0.0
5;2025-07-01;22;0.0
5;2025-07-01;23;0.0
5;2025-07-02;0;0.0
5;2025-07-02;1;0.0
5;2025-07-02;2;0.0
5;2025-07-02;3;0.0
5;2025-07-02;4;0.0
5;2025-07-02;5;0.0
5;2025-07-02;6;0.0
5;2025-07-02;7;0.0
5;2025-07-02;8;0.0
5;2025-07-02;9;0.0
5;2025-07-02;10;0.0
5;2025-07-02;11;0.0
5;2025-07-02;12;0.0
5;2025-07-02;13;0.0
5;2025-07-02;14;0.0
5;2025-07-02;15;0.0
5;2025-07-02;16;0.0
5;2025-07-02;17;0.0
5;2025-07-02;18;0.0
5;2025-07-02;19;0.0
5;2025-07-02;20;0.0
5;2025-07-02;21;0.0
5;2025-07-02;22;0.0
5;2025-07-02;23;0.0
5;2025-07-03;0;0.0
5;2025-07-03;1;0.0
5;2025-07-03;2;0.0
5;2025-07-03;3;0.0
5;2025-07-03;4;0.0
5;2025-07-03;5;0.0
5;2025-07-03;6;0.0
5;2025-07-03;7;0.0
5;2025-07-03;8;0.0
5;2025-07-03;9;0.0
5;2025-07-03;10;0.0
5;2025-07-03;11;0.0
5;2025-07-03;12;0.0
5;2025-07-03;13;0.0
5;2025-07-03;14;0.0
5;2025-07-03;15;0.0
5;2025-07-03;16;0.0
5;2025-07-03;17;0.0
5;2025-07-03;18;0.0
5;2025-07-03;19;0.0
5;2025-07-03;20;0.0
5;2025-07-03;21;0.0
5;2025-07-03;22;0.0
5;2025-07-03;23;0.0
5;2025-07-04;0;0.0
5;2025-07-04;1;0.0
5;2025-07-04;2;0.0
5;2025-07-04;3;0.0
5;2025-07-04;4;0.0
5;2025-07-04;5;0.0
5;2025-07-04;6;0.0
5;2025-07-04;7;0.0
5;2025-07-04;8;0.0
5;2025-07-04;9;0.0
5;2025-07-04;10;0.0
5;2025-07-04;11;0.0
5;2025-07-04;12;0.0
5;2025-07-04;13;0.0
5;2025-07-04;14;0.0
5;2025-07-04;15;0.0
5;2025-07-04;16;0.0
5;2025-07-04;17;0.0
5;2025-07-04;18;0.0
5;2025-07-04;19;0.0
5;2025-07-04;20;0.0
5;2025-07-04;21;0.0
5;2025-07-04;22;0.0
5;2025-07-04;23;0.0
5;2025-07-05;0;0.0
5;2025-07-05;1;0.0
5;2025-07-05;2;0.0
5;2025-07-05;3;0.0
5;2025-07-05;4;0.0
5;2025-07-05;5;0.0
5;2025-07-05;6;0.0
5;2025-07-05;7;0.0
5;2025-07-05;8;0.0
5;2025-07-05;9;0.0
5;2025-07-05;10;0.0
5;2025-07-05;11;0.0
5;2025-07-05;12;0.0
5;2025-07-05;13;0.0
5;2025-07-05;14;0.0
5;2025-07-05;15;0.0
5;2025-07-05;16;0.0
5;2025-07-05;17;0.0
5;2025-07-05;18;0.0
5;2025-07-05;19;0.0
5;2025-07-05;20;0.0
5;2025-07-05;21;0.0
5;2025-07-05;22;0.0
5;2025-07-05;23;0.0
5;2025-07-06;0;0.0
5;2025-07-06;1;0.0
5;2025-07-06;2;0.0
5;2025-07-06;3;0.0
5;2025-07-06;4;0.0
5;2025-07-06;5;0.0
5;2025-07-06;6;0.0
5;2025-07-06;7;0.0
5;2025-07-06;8;0.0
5;2025-07-06;9;0.0
5;2025-07-06;10;0.0
5;2025-07-06;11;0.0
5;2025-07-06;12;0.0
5;2025-07-06;13;0.0
5;2025-07-06;14;0.0
5;2025-07-06;15;0.0
5;2025-07-06;16;0.0
5;2025-07-06;17;0.0
5;2025-07-06;18;0.0
5;2025-07-06;19;0.0
5;2025-07-06;20;0.0
5;2025-07-06;21;0.0
5;2025-07-06;22;0.0
5;2025-07-06;23;0.0
5;2025-07-07;0;0.0
5;2025-07-07;1;0.0
5;2025-07-07;2;0.0
5;2025-07-07;3;0.0
5;2025-07-07;4;0.0
5;2025-07-07;5;0.0
5;2025-07-07;6;0.0
5;2025-07-07;7;0.0
5;2025-07-07;8;0.0
5;2025-07-07;9;0.0
5;2025-07-07;10;0.0
5;2025-07-07;11;0.0
5;2025-07-07;12;0.0
5;2025-07-07;13;0.0
5;2025-07-07;14;0.0
5;2025-07-07;15;0.0
5;2025-07-07;16;0.0
5;2025-07-07;17;0.0
5;2025-07-07;18;0.0
5;2025-07-07;19;0.0
5;2025-07-07;20;0.0
5;2025-07-07;21;0.0
5;2025-07-07;22;0.0
5;2025-07-07;23;0.0
5;2025-07-08;0;0.0
5;2025-07-08;1;0.0
5;2025-07-08;2;0.0
5;2025-07-08;3;0.0
5;2025-07-08;4;0.0
5;2025-07-08;5;0.0
5;2025-07-08;6;0.0
5;2025-07-08;7;0.0
5;2025-07-08;8;0.0
5;2025-07-08;9;0.0
5;2025-07-08;10;0.0
5;2025-07-08;11;0.0
5;2025-07-08;12;0.0
5;2025-07-08;13;0.0
5;2025-07-08;14;0.0
5;2025-07-08;15;0.0
5;2025-07-08;16;0.0
5;2025-07-08;17;0.0
5;2025-07-08;18;0.0
5;2025-07-08;19;0.0
5;2025-07-08;20;0.0
5;2025-07-08;21;0.0
5;2025-07-08;22;0.0
5;2025-07-08;23;0.0
5;2025-07-09;0;0.0
5;2025-07-09;1;0.0
5;2025-07-09;2;0.0
5;2025-07-09;3;0.0
5;2025-07-09;4;0.0
5;2025-07-09;5;0.0
5;2025-07-09;6;0.0
5;2025-07-09;7;0.0
5;2025-07-09;8;0.0
5;2025-07-09;9;0.0
5;2025-07-09;10;0.0
5;2025-07-09;11;0.0
5;2025-07-09;12;0.0
5;2025-07-09;13;0.0
5;2025-07-09;14;0.0
5;2025-07-09;15;0.0
5;2025-07-09;16;0.0
5;2025-07-09;17;0.0
5;2025-07-09;18;0.0
5;2025-07-09;19;0.0
5;2025-07-09;20;0.0
5;2025-07-09;21;0.0
5;2025-07-09;22;0.0
5;2025-07-09;23;0.0
5;2025-07-10;0;0.0
5;2025-07-10;1;0.0
5;2025-07-10;2;0.0
5;2025-07-10;3;0.0
5;2025-07-10;4;0.0
5;2025-07-10;5;0.0
5;2025-07-10;6;0.0
5;2025-07-10;7;0.0
5;2025-07-10;8;0.0
5;2025-07-10;9;0.0
5;2025-07-10;10;0.0
5;2025-07-10;11;0.0
5;2025-07-10;12;0.0
5;2025-07-10;13;0.0
5;2025-07-10;14;0.0
5;2025-07-10;15;0.0
5;2025-07-10;16;0.0
5;2025-07-10;17;0.0
5;2025-07-10;18;0.0
5;2025-07-10;19;0.0
5;2025-07-10;20;0.0
5;2025-07-10;21;0.0
5;2025-07-10;22;0.0
5;2025-07-10;23;0.0
5;2025-07-11;0;0.0
5;2025-07-11;1;0.0
5;2025-07-11;2;0.0
5;2025-07-11;3;0.0
5;2025-07-11;4;0.0
5;2025-07-11;5;0.0
5;2025-07-11;6;0.0
5;2025-07-11;7;0.0
5;2025-07-11;8;0.0
5;2025-07-11;9;0.0
5;2025-07-11;10;0.0
5;2025-07-11;11;0.0
5;2025-07-11;12;0.0
5;2025-07-11;13;0.0
5;2025-07-11;14;0.0
5;2025-07-11;15;0.0
5;2025-07-11;16;0.0
5;2025-07-11;17;0.0
5;2025-07-11;18;0.0
5;2025-07-11;19;0.0
5;2025-07-11;20;0.0
5;2025-07-11;21;0.0
5;2025-07-11;22;0.0
5;2025-07-11;23;0.0
5;2025-07-12;0;0.0
5;2025-07-12;1;0.0
5;2025-07-12;2;0.0
5;2025-07-12;3;0.0
5;2025-07-12;4;0.0
5;2025-07-12;5;0.0
5;2025-07-12;6;0.0
5;2025-07-12;7;0.0
5;2025-07-12;8;0.0
5;2025-07-12;9;0.0
5;2025-07-12;10;0.0
5;2025-07-12;11;0.0
5;2025-07-12;12;0.0
5;2025-07-12;13;0.0
5;2025-07-12;14;0.0
5;2025-07-12;15;0.0
5;2025-07-12;16;0.0
5;2025-07-12;17;0.0
5;2025-07-12;18;0.0
5;2025-07-12;19;0.0
5;2025-07-12;20;0.0
5;2025-07-12;21;0.0
5;2025-07-12;22;0.0
5;2025-07-12;23;0.0
5;2025-07-13;0;0.0
5;2025-07-13;1;0.0
5;2025-07-13;2;0.0
5;2025-07-13;3;0.0
5;2025-07-13;4;0.0
5;2025-07-13;5;0.0
5;2025-07-13;6;0.0
5;2025-07-13;7;0.0
5;2025-07-13;8;0.0
5;2025-07-13;9;0.0
5;2025-07-13;10;0.0
5;2025-07-13;11;0.0
5;2025-07-13;12;0.0
5;2025-07-13;13;0.0
5;2025-07-13;14;0.0
5;2025-07-13;15;0.0
5;2025-07-13;16;0.0
5;2025-07-13;17;0.0
5;2025-07-13;18;0.0
5;2025-07-13;19;0.0
5;2025-07-13;20;0.0
5;2025-07-13;21;0.0
5;2025-07-13;22;0.0
5;2025-07-13;23;0.0
5;2025-07-14;0;0.0
5;2025-07-14;1;0.0
5;2025-07-14;2;0.0
5;2025-07-14;3;0.0
5;2025-07-14;4;0.0
5;2025-07-14;5;0.0
5;2025-07-14;6;0.0
5;2025-07-14;7;0.0
5;2025-07-14;8;0.0
5;2025-07-14;9;0.0
5;2025-07-14;10;0.0
5;2025-07-14;11;0.0
5;2025-07-14;12;0.0
5;2025-07-14;13;0.0
5;2025-07-14;14;0.0
5;2025-07-14;15;0.0
5;2025-07-14;16;0.0
5;2025-07-14;17;0.0
5;2025-07-14;18;0.0
5;2025-07-14;19;0.0
5;2025-07-14;20;0.0
5;2025-07-14;21;0.0
5;2025-07-14;22;0.0
5;2025-07-14;23;0.0
5;2025-07-15;0;0.0
5;2025-07-15;1;0.0
5;2025-07-15;2;0.0
5;2025-07-15;3;0.0
5;2025-07-15;4;0.0
5;2025-07-15;5;0.0
5;2025-07-15;6;0.0
5;2025-07-15;7;0.0
5;2025-07-15;8;0.0
5;2025-07-15;9;0.0
5;2025-07-15;10;0.0
5;2025-07-15;11;0.0
5;2025-07-15;12;0.0
5;2025-07-15;13;0.0
5;2025-07-15;14;0.0
5;2025-07-15;15;0.0
5;2025-07-15;16;0.0
5;2025-07-15;17;0.0
5;2025-07-15;18;0.0
5;2025-07-15;19;0.0
5;2025-07-15;20;0.0
5;2025-07-15;21;0.0
5;2025-07-15;22;0.0
5;2025-07-15;23;0.0
5;2025-07-16;0;0.0
5;2025-07-16;1;0.0
5;2025-07-16;2;0.0
5;2025-07-16;3;0.0
5;2025-07-16;4;0.0
5;2025-07-16;5;0.0
5;2025-07-16;6;0.0
5;2025-07-16;7;0.0
5;2025-07-16;8;0.0
5;2025-07-16;9;0.0
5;2025-07-16;10;0.0
5;2025-07-16;11;0.0
5;2025-07-16;12;0.0
5;2025-07-16;13;0.0
5;2025-07-16;14;0.0
5;2025-07-16;15;0.0
5;2025-07-16;16;0.0
5;2025-07-16;17;0.0
5;2025-07-16;18;0.0
5;2025-07-16;19;0.0
5;2025-07-16;20;0.0
5;2025-07-16;21;0.0
5;2025-07-16;22;0.0
5;2025-07-16;23;0.0
5;2025-07-17;0;0.0
5;2025-07-17;1;0.0
5;2025-07-17;2;0.0
5;2025-07-17;3;0.0
5;2025-07-17;4;0.0
5;2025-07-17;5;0.0
5;2025-07-17;6;0.0
5;2025-07-17;7;0.0
5;2025-07-17;8;0.0
5;2025-07-17;9;0.0
5;2025-07-17;10;0.0
5;2025-07-17;11;0.0
5;2025-07-17;12;0.0
5;2025-07-17;13;0.0
5;2025-07-17;14;0.0
5;2025-07-17;15;0.0
5;2025-07-17;16;0.0
5;2025-07-17;17;0.0
5;2025-07-17;18;0.0
5;2025-07-17;19;0.0
5;2025-07-17;20;0.0
5;2025-07-17;21;0.0
5;2025-07-17;22;0.0
5;2025-07-17;23;0.0
5;2025-07-18;0;0.0
5;2025-07-18;1;0.0
5;2025-07-18;2;0.0
5;2025-07-18;3;0.0
5;2025-07-18;4;0.0
5;2025-07-18;5;0.0
5;2025-07-18;6;0.0
5;2025-07-18;7;0.0
5;2025-07-18;8;0.0
5;2025-07-18;9;0.0
5;2025-07-18;10;0.0
5;2025-07-18;11;0.0
5;2025-07-18;12;0.0
5;2025-07-18;13;0.0
5;2025-07-18;14;0.0
5;2025-07-18;15;0.0
5;2025-07-18;16;0.0
5;2025-07-18;17;0.0
5;2025-07-18;18;0.0
5;2025-07-18;19;0.0
5;2025-07-18;20;0.0
5;2025-07-18;21;0.0
5;2025-07-18;22;0.0
5;2025-07-18;23;0.0
5;2025-07-19;0;0.0
5;2025-07-19;1;0.0
5;2025-07-19;2;0.0
5;2025-07-19;3;0.0
5;2025-07-19;4;0.0
5;2025-07-19;5;0.0
5;2025-07-19;6;0.0
5;2025-07-19;7;0.0
5;2025-07-19;8;0.0
5;2025-07-19;9;0.0
5;2025-07-19;10;0.0
5;2025-07-19;11;0.0
5;2025-07-19;12;0.0
5;2025-07-19;13;0.0
5;2025-07-19;14;0.0
5;2025-07-19;15;0.0
5;2025-07-19;16;0.0
5;2025-07-19;17;0.0
5;2025-07-19;18;0.0
5;2025-07-19;19;0.0
5;2025-07-19;20;0.0
5;2025-07-19;21;0.0
5;2025-07-19;22;0.0
5;2025-07-19;23;0.0
5;2025-07-20;0;0.0
5;2025-07-20;1;0.0
5;2025-07-20;2;0.0
5;2025-07-20;3;0.0
5;2025-07-20;4;0.0
5;2025-07-20;5;0.0
5;2025-07-20;6;0.0
5;2025-07-20;7;0.0
5;2025-07-20;8;0.0
5;2025-07-20;9;0.0
5;2025-07-20;10;0.0
5;2025-07-20;11;0.0
5;2025-07-20;12;0.0
5;2025-07-20;13;0.0
5;2025-07-20;14;0.0
5;2025-07-20;15;0.0
5;2025-07-20;16;0.0
5;2025-07-20;17;0.0
5;2025-07-20;18;0.0
5;2025-07-20;19;0.0
5;2025-07-20;20;0.0
5;2025-07-20;21;0.0
5;2025-07-20;22;0.0
5;2025-07-20;23;0.0
5;2025-07-21;0;0.0
5;2025-07-21;1;0.0
5;2025-07-21;2;0.0
5;2025-07-21;3;0.0
5;2025-07-21;4;0.0
5;2025-07-21;5;0.0
5;2025-07-21;6;0.0
5;2025-07-21;7;0.0
5;2025-07-21;8;0.0
5;2025-07-21;9;0.0
5;2025-07-21;10;0.0
5;2025-07-21;11;0.0
5;2025-07-21;12;0.0
5;2025-07-21;13;0.0
5;2025-07-21;14;0.0
5;2025-07-21;15;0.0
5;2025-07-21;16;0.0
5;2025-07-21;17;0.0
5;2025-07-21;18;0.0
5;2025-07-21;19;0.0
5;2025-07-21;20;0.0
5;2025-07-21;21;0.0
5;2025-07-21;22;0.0
5;2025-07-21;23;0.0
5;2025-07-22;0;0.0
5;2025-07-22;1;0.0
5;2025-07-22;2;0.0
5;2025-07-22;3;0.0
5;2025-07-22;4;0.0
5;2025-07-22;5;0.0
5;2025-07-22;6;0.0
5;2025-07-22;7;0.0
5;2025-07-22;8;0.0
5;2025-07-22;9;0.0
5;2025-07-22;10;0.0
5;2025-07-22;11;0.0
5;2025-07-22;12;0.0
5;2025-07-22;13;0.0
5;2025-07-22;14;0.0
5;2025-07-22;15;0.0
5;2025-07-22;16;0.0
5;2025-07-22;17;0.0
5;2025-07-22;18;0.0
5;2025-07-22;19;0.0
5;2025-07-22;20;0.0
5;2025-07-22;21;0.0
5;2025-07-22;22;0.0
5;2025-07-22;23;0.0
5;2025-07-23;0;0.0
5;2025-07-23;1;0.0
5;2025-07-23;2;0.0
5;2025-07-23;3;0.0
5;2025-07-23;4;0.0
5;2025-07-23;5;0.0
5;2025-07-23;6;0.0
5;2025-07-23;7;0.0
5;2025-07-23;8;0.0
5;2025-07-23;9;0.0
5;2025-07-23;10;0.0
5;2025-07-23;11;0.0
5;2025-07-23;12;0.0
5;2025-07-23;13;0.0
5;2025-07-23;14;0.0
5;2025-07-23;15;0.0
5;2025-07-23;16;0.0
5;2025-07-23;17;0.0
5;2025-07-23;18;0.0
5;2025-07-23;19;0.0
5;2025-07-23;20;0.0
5;2025-07-23;21;0.0
5;2025-07-23;22;0.0
5;2025-07-23;23;0.0
5;2025-07-24;0;0.0
5;2025-07-24;1;0.0
5;2025-07-24;2;0.0
5;2025-07-24;3;0.0
5;2025-07-24;4;0.0
5;2025-07-24;5;0.0
5;2025-07-24;6;0.0
5;2025-07-24;7;0.0
5;2025-07-24;8;0.0
5;2025-07-24;9;0.0
5;2025-07-24;10;0.0
5;2025-07-24;11;0.0
5;2025-07-24;12;0.0
5;2025-07-24;13;0.0
5;2025-07-24;14;0.0
5;2025-07-24;15;0.0
5;2025-07-24;16;0.0
5;2025-07-24;17;0.0
5;2025-07-24;18;0.0
5;2025-07-24;19;0.0
5;2025-07-24;20;0.0
5;2025-07-24;21;0.0
5;2025-07-24;22;0.0
5;2025-07-24;23;0.0
5;2025-07-25;0;0.0
5;2025-07-25;1;0.0
5;2025-07-25;2;0.0
5;2025-07-25;3;0.0
5;2025-07-25;4;0.0
5;2025-07-25;5;0.0
5;2025-07-25;6;0.0
5;2025-07-25;7;0.0
5;2025-07-25;8;0.0
5;2025-07-25;9;0.0
5;2025-07-25;10;0.0
5;2025-07-25;11;0.0
5;2025-07-25;12;0.0
5;2025-07-25;13;0.0
5;2025-07-25;14;0.0
5;2025-07-25;15;0.0
5;2025-07-25;16;0.0
5;2025-07-25;17;0.0
5;2025-07-25;18;0.0
5;2025-07-25;19;0.0
5;2025-07-25;20;0.0
5;2025-07-25;21;0.0
5;2025-07-25;22;0.0
5;2025-07-25;23;0.0
5;2025-07-26;0;0.0
5;2025-07-26;1;0.0
5;2025-07-26;2;0.0
5;2025-07-26;3;0.0
5;2025-07-26;4;0.0
5;2025-07-26;5;0.0
5;2025-07-26;6;0.0
5;2025-07-26;7;0.0
5;2025-07-26;8;0.0
5;2025-07-26;9;0.0
5;2025-07-26;10;0.0
5;2025-07-26;11;0.0
5;2025-07-26;12;0.0
5;2025-07-26;13;0.0
5;2025-07-26;14;0.0
5;2025-07-26;15;0.0
5;2025-07-26;16;0.0
5;2025-07-26;17;0.0
5;2025-07-26;18;0.0
5;2025-07-26;19;0.0
5;2025-07-26;20;0.0
5;2025-07-26;21;0.0
5;2025-07-26;22;0.0
5;2025-07-26;23;0.0
5;2025-07-27;0;0.0
5;2025-07-27;1;0.0
5;2025-07-27;2;0.0
5;2025-07-27;3;0.0
5;2025-07-27;4;0.0
5;2025-07-27;5;0.0
5;2025-07-27;6;0.0
5;2025-07-27;7;0.0
5;2025-07-27;8;0.0
5;2025-07-27;9;0.0
5;2025-07-27;10;0.0
5;2025-07-27;11;0.0
5;2025-07-27;12;0.0
5;2025-07-27;13;0.0
5;2025-07-27;14;0.0
5;2025-07-27;15;0.0
5;2025-07-27;16;0.0
5;2025-07-27;17;0.0
5;2025-07-27;18;0.0
5;2025-07-27;19;0.0
5;2025-07-27;20;0.0
5;2025-07-27;21;0.0
5;2025-07-27;22;0.0
5;2025-07-27;23;0.0
5;2025-07-28;0;0.0
5;2025-07-28;1;0.0
5;2025-07-28;2;0.0
5;2025-07-28;3;0.0
5;2025-07-28;4;0.0
5;2025-07-28;5;0.0
5;2025-07-28;6;0.0
5;2025-07-28;7;0.0
5;2025-07-28;8;0.0
5;2025-07-28;9;0.0
5;2025-07-28;10;0.0
5;2025-07-28;11;0.0
5;2025-07-28;12;0.0
5;2025-07-28;13;0.0
5;2025-07-28;14;0.0
5;2025-07-28;15;0.0
5;2025-07-28;16;0.0
5;2025-07-28;17;0.0
5;2025-07-28;18;0.0
5;2025-07-28;19;0.0
5;2025-07-28;20;0.0
5;2025-07-28;21;0.0
5;2025-07-28;22;0.0
5;2025-07-28;23;0.0
5;2025-07-29;0;0.0
5;2025-07-29;1;0.0
5;2025-07-29;2;0.0
5;2025-07-29;3;0.0
5;2025-07-29;4;0.0
5;2025-07-29;5;0.0
5;2025-07-29;6;0.0
5;2025-07-29;7;0.0
5;2025-07-29;8;0.0
5;2025-07-29;9;0.0
5;2025-07-29;10;0.0
5;2025-07-29;11;0.0
5;2025-07-29;12;0.0
5;2025-07-29;13;0.0
5;2025-07-29;14;0.0
5;2025-07-29;15;0.0
5;2025-07-29;16;0.0
5;2025-07-29;17;0.0
5;2025-07-29;18;0.0
5;2025-07-29;19;0.0
5;2025-07-29;20;0.0
5;2025-07-29;21;0.0
5;2025-07-29;22;0.0
5;2025-07-29;23;0.0
5;2025-07-30;0;0.0
5;2025-07-30;1;0.0
5;2025-07-30;2;0.0
5;2025-07-30;3;0.0
5;2025-07-30;4;0.0
5;2025-07-30;5;0.0
5;2025-07-30;6;0.0
5;2025-07-30;7;0.0
5;2025-07-30;8;0.0
5;2025-07-30;9;0.0
5;2025-07-30;10;0.0
5;2025-07-30;11;0.0
5;2025-07-30;12;0.0
5;2025-07-30;13;0.0
5;2025-07-30;14;0.0
5;2025-07-30;15;0.0
5;2025-07-30;16;0.0
5;2025-07-30;17;0.0
5;2025-07-30;18;0.0
5;2025-07-30;19;0.0
5;2025-07-30;20;0.0
5;2025-07-30;21;0.0
5;2025-07-30;22;0.0
5;2025-07-30;23;0.0
5;2025-07-31;0;0.0
5;2025-07-31;1;0.0
5;2025-07-31;2;0.0
5;2025-07-31;3;0.0
5;2025-07-31;4;0.0
5;2025-07-31;5;0.0
5;2025-07-31;6;0.0
5;2025-07-31;7;0.0
5;2025-07-31;8;0.0
5;2025-07-31;9;0.0
5;2025-07-31;10;0.0
5;2025-07-31;11;0.0
5;2025-07-31;12;0.0
5;2025-07-31;13;0.0
5;2025-07-31;14;0.0
5;2025-07-31;15;0.0
5;2025-07-31;16;0.0
5;2025-07-31;17;0.0
5;2025-07-31;18;0.0
5;2025-07-31;19;0.0
5;2025-07-31;20;0.0
5;2025-07-31;21;0.0
5;2025-07-31;22;0.0
5;2025-07-31;23;0.0
7;2025-06-01;0;111.54088844827811
7;2025-06-01;1;0.0
7;2025-06-01;2;0.0
7;2025-06-01;3;0.0
7;2025-06-01;4;0.0
7;2025-06-01;5;40.28136805790534
7;2025-06-01;6;241.5278189097415
7;2025-06-01;7;386.74334063223375
7;2025-06-01;8;602.0742784541558
7;2025-06-01;9;743.6260656702236
7;2025-06-01;10;829.7201737076253
7;2025-06-01;11;966.5498314820952
7;2025-06-01;12;1061.6027933248852
7;2025-06-01;13;1108.6146341963245
7;2025-06-01;14;1196.3622337667982
7;2025-06-01;15;1111.3009602024322
7;2025-06-01;16;1008.7234985364395
7;2025-06-01;17;1056.574627492501
7;2025-06-01;18;1003.6161543201172
7;2025-06-01;19;940.2083883624794
7;2025-06-01;20;813.6089142465992
7;2025-06-01;21;629.4810865418162
7;2025-06-01;22;374.58756099541995
7;2025-06-01;23;215.0658527048846
7;2025-06-02;0;81.29788007699642
7;2025-06-02;1;0.0
7;2025-06-02;2;0.0
7;2025-06-02;3;0.0
7;2025-06-02;4;0.0
7;2025-06-02;5;137.38717972817892
7;2025-06-02;6;764.4039298949551
7;2025-06-02;7;1704.9642651349855
7;2025-06-02;8;2556.203934156482
7;2025-06-02;9;1894.9473233019812
7;2025-06-02;10;1639.0224269335868
7;2025-06-02;11;1519.3489369675513
7;2025-06-02;12;1561.837008123784
7;2025-06-02;13;1568.0128236810133
7;2025-06-02;14;1608.758174838852
7;2025-06-02;15;1714.2101201976984
7;2025-06-02;16;1779.0572053605422
7;2025-06-02;17;2299.504265984938
7;2025-06-02;18;2597.834161480916
7;2025-06-02;19;1860.419774719711
7;2025-06-02;20;1345.229234717327
7;2025-06-02;21;759.9859018598227
7;2025-06-02;22;424.4621690197498
7;2025-06-02;23;225.31058330847827
7;2025-06-03;0;68.89222306909058
7;2025-06-03;1;0.0
7;2025-06-03;2;0.0
7;2025-06-03;3;0.0
7;2025-06-03;4;0.0
7;2025-06-03;5;137.53630657712864
7;2025-06-03;6;757.5730428214381
7;2025-06-03;7;1704.9607153944694
7;2025-06-03;8;2575.7865021395273
7;2025-06-03;9;1933.8160217705163
7;2025-06-03;10;1726.4533209654849
7;2025-06-03;11;1602.409479894624
7;2025-06-03;12;1643.5996182215147
7;2025-06-03;13;1643.887923302288
7;2025-06-03;14;1674.6134242041703
7;2025-06-03;15;1783.595320427352
7;2025-06-03;16;1836.1011877908854
7;2025-06-03;17;2348.9349229537534
7;2025-06-03;18;2620.6595820255598
7;2025-06-03;19;1955.0788074241682
7;2025-06-03;20;1387.4877722921697
7;2025-06-03;21;813.8077274580098
7;2025-06-03;22;447.62394755900107
7;2025-06-03;23;225.8076779242229
7;2025-06-04;0;71.01287950212902
7;2025-06-04;1;0.0
7;2025-06-04;2;0.0
7;2025-06-04;3;0.0
7;2025-06-04;4;0.0
7;2025-06-04;5;139.95414316089278
7;2025-06-04;6;774.0976984944757
7;2025-06-04;7;1707.8365199681225
7;2025-06-04;8;2633.3066645918375
7;2025-06-04;9;1985.429145376364
7;2025-06-04;10;1744.3054571790522
7;2025-06-04;11;1619.72270869474
7;2025-06-04;12;1676.1084435257414
7;2025-06-04;13;1668.872524115317
7;2025-06-04;14;1732.0379101177336
7;2025-06-04;15;1862.0687403228444
7;2025-06-04;16;1888.2710123378383
7;2025-06-04;17;2442.7855036688597
7;2025-06-04;18;2606.048204324482
7;2025-06-04;19;1949.1367988206798
7;2025-06-04;20;1381.026482052626
7;2025-06-04;21;837.4148335406724
7;2025-06-04;22;492.14334985933675
7;2025-06-04;23;258.8547992232207
7;2025-06-05;0;81.74124258788412
7;2025-06-05;1;0.0
7;2025-06-05;2;0.0
7;2025-06-05;3;0.0
7;2025-06-05;4;0.0
7;2025-06-05;5;140.09290927447427
7;2025-06-05;6;771.438113944211
7;2025-06-05;7;1704.733289332362
7;2025-06-05;8;2619.8805892334126
7;2025-06-05;9;1932.1643792793375
7;2025-06-05;10;1736.1600982556688
7;2025-06-05;11;1658.0287527742153
7;2025-06-05;12;1671.277435222396
7;2025-06-05;13;1652.3940596973603
7;2025-06-05;14;1707.5380358228756
7;2025-06-05;15;1792.8494821036143
7;2025-06-05;16;1910.7740774169124
7;2025-06-05;17;2461.3438608203164
7;2025-06-05;18;2705.5519801258524
7;2025-06-05;19;1925.3305978626083
7;2025-06-05;20;1385.5935246031104
7;2025-06-05;21;869.5461882381813
7;2025-06-05;22;490.3361673284716
7;2025-06-05;23;261.2841410829561
7;2025-06-06;0;81.86820029594512
7;2025-06-06;1;0.0
7;2025-06-06;2;0.0
7;2025-06-06;3;0.0
7;2025-06-06;4;0.0
7;2025-06-06;5;128.09216290983397
7;2025-06-06;6;699.5243541007892
7;2025-06-06;7;1618.4550103780607
7;2025-06-06;8;2433.275008984173
7;2025-06-06;9;1843.809784986931
7;2025-06-06;10;1616.07073068945
7;2025-06-06;11;1595.1236700228221
7;2025-06-06;12;1647.3290049488282
7;2025-06-06;13;1679.1681573304254
7;2025-06-06;14;1739.6605488407126
7;2025-06-06;15;1886.9248052095982
7;2025-06-06;16;2010.2595865438516
7;2025-06-06;17;2295.624042835014
7;2025-06-06;18;2134.837654824729
7;2025-06-06;19;1732.6545071499793
7;2025-06-06;20;1314.0655461208794
7;2025-06-06;21;829.0562919403303
7;2025-06-06;22;526.059878584962
7;2025-06-06;23;292.19646802772456
7;2025-06-07;0;118.90328810876787
7;2025-06-07;1;0.0
7;2025-06-07;2;0.0
7;2025-06-07;3;0.0
7;2025-06-07;4;0.0
7;2025-06-07;5;53.50004397754371
7;2025-06-07;6;332.1472874058979
7;2025-06-07;7;520.2448302500623
7;2025-06-07;8;812.2454223443978
7;2025-06-07;9;923.0557812581185
7;2025-06-07;10;1006.7462794586722
7;2025-06-07;11;1109.5799069391887
7;2025-06-07;12;1194.894666355101
7;2025-06-07;13;1252.727886952151
7;2025-06-07;14;1306.0449618574203
7;2025-06-07;15;1195.8529580592804
7;2025-06-07;16;1096.4695211087433
7;2025-06-07;17;1119.0175070984726
7;2025-06-07;18;1085.9181841238042
7;2025-06-07;19;1135.4392157748885
7;2025-06-07;20;926.2629548692416
7;2025-06-07;21;721.8801366000827
7;2025-06-07;22;424.1314705538987
7;2025-06-07;23;255.6090643967091
7;2025-06-08;0;107.19505551367567
7;2025-06-08;1;0.0
7;2025-06-08;2;0.0
7;2025-06-08;3;0.0
7;2025-06-08;4;0.0
7;2025-06-08;5;39.89992146458374
7;2025-06-08;6;244.7615209216774
7;2025-06-08;7;400.02205537545177
7;2025-06-08;8;600.7400287112553
7;2025-06-08;9;722.8839862502801
7;2025-06-08;10;792.5848845677774
7;2025-06-08;11;914.1965607389521
7;2025-06-08;12;1001.0250406071661
7;2025-06-08;13;1046.343046084779
7;2025-06-08;14;1128.7115103408253
7;2025-06-08;15;1031.892625788276
7;2025-06-08;16;955.4905775215807
7;2025-06-08;17;1006.9296624816676
7;2025-06-08;18;956.4311896805903
7;2025-06-08;19;898.3311425107879
7;2025-06-08;20;778.140399917083
7;2025-06-08;21;604.7180880070157
7;2025-06-08;22;360.9869792106497
7;2025-06-08;23;208.55797736438785
7;2025-06-09;0;83.37842247465514
7;2025-06-09;1;0.0
7;2025-06-09;2;0.0
7;2025-06-09;3;0.0
7;2025-06-09;4;0.0
7;2025-06-09;5;136.4535451271849
7;2025-06-09;6;753.3609694607038
7;2025-06-09;7;1678.8172250852822
7;2025-06-09;8;2516.050056456559
7;2025-06-09;9;1866.7344339709311
7;2025-06-09;10;1611.3461120182835
7;2025-06-09;11;1490.4403238012233
7;2025-06-09;12;1529.1964413197131
7;2025-06-09;13;1529.6995006603613
7;2025-06-09;14;1562.2233920894778
7;2025-06-09;15;1654.6887733764243
7;2025-06-09;16;1734.0324646020345
7;2025-06-09;17;2263.5123809933402
7;2025-06-09;18;2551.7779709428964
7;2025-06-09;19;1836.2156140790835
7;2025-06-09;20;1339.6042465765704
7;2025-06-09;21;760.3180615554606
7;2025-06-09;22;428.6568069539064
7;2025-06-09;23;232.3406180976151
7;2025-06-10;0;66.15981741837449
7;2025-06-10;1;0.0
7;2025-06-10;2;0.0
7;2025-06-10;3;0.0
7;2025-06-10;4;0.0
7;2025-06-10;5;137.7067985204963
7;2025-06-10;6;762.4474772199314
7;2025-06-10;7;1714.4557206146324
7;2025-06-10;8;2585.1960726719535
7;2025-06-10;9;1947.487615229725
7;2025-06-10;10;1734.0604199214372
7;2025-06-10;11;1612.2573130317992
7;2025-06-10;12;1652.5517531321848
7;2025-06-10;13;1661.510500908736
7;2025-06-10;14;1701.2792854219729
7;2025-06-10;15;1815.3557436436336
7;2025-06-10;16;1871.9450563223472
7;2025-06-10;17;2366.738681263388
7;2025-06-10;18;2643.3592102082134
7;2025-06-10;19;1960.6226951096749
7;2025-06-10;20;1372.5840878349577
7;2025-06-10;21;800.5199554031487
7;2025-06-10;22;444.54894781304824
7;2025-06-10;23;221.47092999658076
7;2025-06-11;0;70.80322358367715
7;2025-06-11;1;0.0
7;2025-06-11;2;0.0
7;2025-06-11;3;0.0
7;2025-06-11;4;0.0
7;2025-06-11;5;137.402297937348
7;2025-06-11;6;760.1042834988211
7;2025-06-11;7;1682.0663263682832
7;2025-06-11;8;2594.532502535758
7;2025-06-11;9;1954.1618113791033
7;2025-06-11;10;1715.0836771677236
7;2025-06-11;11;1595.1284028622126
7;2025-06-11;12;1656.293576289233
7;2025-06-11;13;1646.942606405963
7;2025-06-11;14;1707.8519818425666
7;2025-06-11;15;1831.3744308949483
7;2025-06-11;16;1851.5698336242183
7;2025-06-11;17;2399.3241596465195
7;2025-06-11;18;2546.707079687103
7;2025-06-11;19;1900.9118375191342
7;2025-06-11;20;1353.253452241514
7;2025-06-11;21;819.1739424070385
7;2025-06-11;22;484.33429797295935
7;2025-06-11;23;254.7246999762678
7;2025-06-12;0;108.19002753633188
7;2025-06-12;1;0.0
7;2025-06-12;2;0.0
7;2025-06-12;3;0.0
7;2025-06-12;4;0.0
7;2025-06-12;5;42.171185654691485
7;2025-06-12;6;261.0344606269349
7;2025-06-12;7;411.7184989440931
7;2025-06-12;8;613.1962399225645
7;2025-06-12;9;726.4369809458553
7;2025-06-12;10;804.6615852756843
7;2025-06-12;11;914.3145293016368
7;2025-06-12;12;1036.9309777508106
7;2025-06-12;13;1105.318063722782
7;2025-06-12;14;1172.0194802132214
7;2025-06-12;15;1086.8492698557384
7;2025-06-12;16;995.7270770309142
7;2025-06-12;17;1030.8829561468924
7;2025-06-12;18;1000.4230503501525
7;2025-06-12;19;979.8379329797519
7;2025-06-12;20;820.1807902852115
7;2025-06-12;21;643.5802601684156
7;2025-06-12;22;388.04872752764527
7;2025-06-12;23;224.23046666790484
7;2025-06-13;0;101.20421935453496
7;2025-06-13;1;0.0
7;2025-06-13;2;0.0
7;2025-06-13;3;0.0
7;2025-06-13;4;0.0
7;2025-06-13;5;42.077008629818025
7;2025-06-13;6;260.5416706875267
7;2025-06-13;7;422.786403181601
7;2025-06-13;8;614.3830507252114
7;2025-06-13;9;705.5319321551302
7;2025-06-13;10;762.4139120494497
7;2025-06-13;11;855.7577590556305
7;2025-06-13;12;967.3362311029018
7;2025-06-13;13;1035.835339690992
7;2025-06-13;14;1094.4523192614001
7;2025-06-13;15;1008.795576206632
7;2025-06-13;16;922.53082009276
7;2025-06-13;17;958.288002922704
7;2025-06-13;18;929.2474413427537
7;2025-06-13;19;914.2990194187254
7;2025-06-13;20;761.5028749219198
7;2025-06-13;21;598.6930903595397
7;2025-06-13;22;360.70820534205103
7;2025-06-13;23;207.81003520488633
7;2025-06-14;0;115.71058109403481
7;2025-06-14;1;0.0
7;2025-06-14;2;0.0
7;2025-06-14;3;0.0
7;2025-06-14;4;0.0
7;2025-06-14;5;52.58035268006569
7;2025-06-14;6;324.58322823030596
7;2025-06-14;7;507.3773256616608
7;2025-06-14;8;789.0047807284847
7;2025-06-14;9;903.0550945208731
7;2025-06-14;10;983.7706904811125
7;2025-06-14;11;1088.8007826336034
7;2025-06-14;12;1175.7938014460183
7;2025-06-14;13;1237.895540205401
7;2025-06-14;14;1287.0048353853153
7;2025-06-14;15;1189.374035616694
7;2025-06-14;16;1070.9692503790625
7;2025-06-14;17;1088.0464795277292
7;2025-06-14;18;1045.3287489866668
7;2025-06-14;19;1089.9339744026875
7;2025-06-14;20;885.4198184884233
7;2025-06-14;21;687.7358363937853
7;2025-06-14;22;404.1765265039162
7;2025-06-14;23;241.4716361975359
7;2025-06-15;0;105.18056320104941
7;2025-06-15;1;0.0
7;2025-06-15;2;0.0
7;2025-06-15;3;0.0
7;2025-06-15;4;0.0
7;2025-06-15;5;38.50024574434923
7;2025-06-15;6;239.21576143637208
7;2025-06-15;7;390.27394914226835
7;2025-06-15;8;587.471491735782
7;2025-06-15;9;711.582574748822
7;2025-06-15;10;782.2788188352803
7;2025-06-15;11;904.7818096997555
7;2025-06-15;12;993.1887649797184
7;2025-06-15;13;1043.1012884581057
7;2025-06-15;14;1121.9901932317343
7;2025-06-15;15;1032.817304756711
7;2025-06-15;16;940.5246742427848
7;2025-06-15;17;982.8293039758205
7;2025-06-15;18;928.2590680439336
7;2025-06-15;19;867.9984604202514
7;2025-06-15;20;749.0902883888502
7;2025-06-15;21;581.1670958200463
7;2025-06-15;22;347.02869805438615
7;2025-06-15;23;195.9362364327999
7;2025-06-16;0;83.50552927922116
7;2025-06-16;1;0.0
7;2025-06-16;2;0.0
7;2025-06-16;3;0.0
7;2025-06-16;4;0.0
7;2025-06-16;5;135.59740692820583
7;2025-06-16;6;749.6015292528483
7;2025-06-16;7;1667.139491812948
7;2025-06-16;8;2500.6569686488256
7;2025-06-16;9;1863.3973204955414
7;2025-06-16;10;1607.0018477438512
7;2025-06-16;11;1489.8221835793013
7;2025-06-16;12;1528.406928404667
7;2025-06-16;13;1536.9490328680258
7;2025-06-16;14;1566.7890126255143
7;2025-06-16;15;1673.018887284072
7;2025-06-16;16;1737.0842154396246
7;2025-06-16;17;2248.9344812687577
7;2025-06-16;18;2546.333084286579
7;2025-06-16;19;1826.9296460337237
7;2025-06-16;20;1332.5579465052047
7;2025-06-16;21;755.5842503573431
7;2025-06-16;22;423.49766996131115
7;2025-06-16;23;232.34732488854547
7;2025-06-17;0;65.05363321214095
7;2025-06-17;1;0.0
7;2025-06-17;2;0.0
7;2025-06-17;3;0.0
7;2025-06-17;4;0.0
7;2025-06-17;5;133.02979120329798
7;2025-06-17;6;725.3726361447237
7;2025-06-17;7;1612.4877342441432
7;2025-06-17;8;2407.415513994782
7;2025-06-17;9;1825.055173232708
7;2025-06-17;10;1610.4299611796328
7;2025-06-17;11;1486.4199831754436
7;2025-06-17;12;1516.3727877644324
7;2025-06-17;13;1505.5792951165452
7;2025-06-17;14;1540.3408913494516
7;2025-06-17;15;1631.955018933616
7;2025-06-17;16;1704.6443192126185
7;2025-06-17;17;2170.1354163555816
7;2025-06-17;18;2446.405048700156
7;2025-06-17;19;1821.5011009108389
7;2025-06-17;20;1287.8823827919925
7;2025-06-17;21;753.4472438964947
7;2025-06-17;22;415.3423719791513
7;2025-06-17;23;210.7250095318095
7;2025-06-18;0;67.85543239204058
7;2025-06-18;1;0.0
7;2025-06-18;2;0.0
7;2025-06-18;3;0.0
7;2025-06-18;4;0.0
7;2025-06-18;5;133.86643904442042
7;2025-06-18;6;732.7777676053214
7;2025-06-18;7;1611.308547097202
7;2025-06-18;8;2458.886267134558
7;2025-06-18;9;1865.61240890814
7;2025-06-18;10;1616.473927239795
7;2025-06-18;11;1495.3766103347966
7;2025-06-18;12;1543.4559458107674
7;2025-06-18;13;1524.2974329582603
7;2025-06-18;14;1583.1710581001607
7;2025-06-18;15;1689.721118354471
7;2025-06-18;16;1732.4141614866935
7;2025-06-18;17;2250.431145307878
7;2025-06-18;18;2413.112077935657
7;2025-06-18;19;1808.2723223618523
7;2025-06-18;20;1282.8070523643419
7;2025-06-18;21;774.8646860251326
7;2025-06-18;22;457.6129790746462
7;2025-06-18;23;241.57739795394787
7;2025-06-19;0;77.97938749294622
7;2025-06-19;1;0.0
7;2025-06-19;2;0.0
7;2025-06-19;3;0.0
7;2025-06-19;4;0.0
7;2025-06-19;5;131.97417381509524
7;2025-06-19;6;728.7669506248751
7;2025-06-19;7;1618.0539760271085
7;2025-06-19;8;2480.8962821990344
7;2025-06-19;9;1843.9497693697203
7;2025-06-19;10;1645.3189903453258
7;2025-06-19;11;1580.5842103115729
7;2025-06-19;12;1598.0883100937667
7;2025-06-19;13;1577.493631693254
7;2025-06-19;14;1633.7844079219776
7;2025-06-19;15;1703.639468218887
7;2025-06-19;16;1816.9946801172755
7;2025-06-19;17;2326.2283628046657
7;2025-06-19;18;2560.6309227636775
7;2025-06-19;19;1811.904742940259
7;2025-06-19;20;1297.83609782438
7;2025-06-19;21;808.8257439199003
7;2025-06-19;22;459.041713665556
7;2025-06-19;23;242.54748065420847
7;2025-06-20;0;74.84155415964673
7;2025-06-20;1;0.0
7;2025-06-20;2;0.0
7;2025-06-20;3;0.0
7;2025-06-20;4;0.0
7;2025-06-20;5;122.03606817879921
7;2025-06-20;6;669.7324121814884
7;2025-06-20;7;1544.3697074901922
7;2025-06-20;8;2296.203099635636
7;2025-06-20;9;1755.8260986754144
7;2025-06-20;10;1532.7789623645103
7;2025-06-20;11;1528.568083216351
7;2025-06-20;12;1581.2663585806677
7;2025-06-20;13;1604.2206328254622
7;2025-06-20;14;1667.5611420640414
7;2025-06-20;15;1793.2738968932656
7;2025-06-20;16;1908.8218745068652
7;2025-06-20;17;2148.6093746286883
7;2025-06-20;18;1991.6150741187103
7;2025-06-20;19;1606.7969431682204
7;2025-06-20;20;1212.4709359871667
7;2025-06-20;21;758.4600031660052
7;2025-06-20;22;481.2347743270751
7;2025-06-20;23;257.39886898292644
7;2025-06-21;0;121.56964236384304
7;2025-06-21;1;0.0
7;2025-06-21;2;0.0
7;2025-06-21;3;0.0
7;2025-06-21;4;0.0
7;2025-06-21;5;53.00955329099797
7;2025-06-21;6;332.27511003142695
7;2025-06-21;7;524.1880310374211
7;2025-06-21;8;819.6162088792178
7;2025-06-21;9;931.7878506016884
7;2025-06-21;10;1027.0664197158098
7;2025-06-21;11;1145.7380151401558
7;2025-06-21;12;1239.4415444349493
7;2025-06-21;13;1307.3128453110737
7;2025-06-21;14;1354.5988988372471
7;2025-06-21;15;1254.7185314948943
7;2025-06-21;16;1130.5989566599992
7;2025-06-21;17;1147.9047103177568
7;2025-06-21;18;1100.6647216200518
7;2025-06-21;19;1147.249020076556
7;2025-06-21;20;942.1451843959449
7;2025-06-21;21;731.072693703796
7;2025-06-21;22;431.1174707456082
7;2025-06-21;23;257.7540712328321
7;2025-06-22;0;103.90044874243095
7;2025-06-22;1;0.0
7;2025-06-22;2;0.0
7;2025-06-22;3;0.0
7;2025-06-22;4;0.0
7;2025-06-22;5;37.65399108458755
7;2025-06-22;6;237.86697092423742
7;2025-06-22;7;389.4699011005622
7;2025-06-22;8;582.4206525680206
7;2025-06-22;9;706.2088837462056
7;2025-06-22;10;778.2951163960224
7;2025-06-22;11;902.4056675818008
7;2025-06-22;12;993.6882056370521
7;2025-06-22;13;1044.6024629661333
7;2025-06-22;14;1121.9314278542852
7;2025-06-22;15;1033.8287119827007
7;2025-06-22;16;939.8501601164755
7;2025-06-22;17;980.9539253034343
7;2025-06-22;18;924.6704321516039
7;2025-06-22;19;863.576780541718
7;2025-06-22;20;745.7276994156598
7;2025-06-22;21;578.6176673218465
7;2025-06-22;22;346.39733036872434
7;2025-06-22;23;195.95023236594173
7;2025-06-23;0;81.32577848047953
7;2025-06-23;1;0.0
7;2025-06-23;2;0.0
7;2025-06-23;3;0.0
7;2025-06-23;4;0.0
7;2025-06-23;5;134.6091891899012
7;2025-06-23;6;744.0349431939434
7;2025-06-23;7;1655.3324007217282
7;2025-06-23;8;2479.0453568946814
7;2025-06-23;9;1847.101096613134
7;2025-06-23;10;1593.7441635402135
7;2025-06-23;11;1482.321226910446
7;2025-06-23;12;1523.6794372150375
7;2025-06-23;13;1534.5739571143804
7;2025-06-23;14;1574.8510168307103
7;2025-06-23;15;1675.9031403267004
7;2025-06-23;16;1739.0176580259276
7;2025-06-23;17;2242.046419079872
7;2025-06-23;18;2529.348813922051
7;2025-06-23;19;1816.613885400775
7;2025-06-23;20;1317.5316212226699
7;2025-06-23;21;744.0879936688475
7;2025-06-23;22;418.59254533093554
7;2025-06-23;23;224.31721938308013
7;2025-06-24;0;65.54871559683423
7;2025-06-24;1;0.0
7;2025-06-24;2;0.0
7;2025-06-24;3;0.0
7;2025-06-24;4;0.0
7;2025-06-24;5;133.63163209439722
7;2025-06-24;6;730.902807520441
7;2025-06-24;7;1641.9235106345857
7;2025-06-24;8;2472.816355318183
7;2025-06-24;9;1868.257673881689
7;2025-06-24;10;1659.0033805854737
7;2025-06-24;11;1545.8417924835937
7;2025-06-24;12;1585.1150614782305
7;2025-06-24;13;1589.5674334621744
7;2025-06-24;14;1626.980763038715
7;2025-06-24;15;1729.3073696847487
7;2025-06-24;16;1785.7968037639257
7;2025-06-24;17;2260.178656335497
7;2025-06-24;18;2530.709562815833
7;2025-06-24;19;1884.120799917141
7;2025-06-24;20;1322.9422868554443
7;2025-06-24;21;771.6221367183002
7;2025-06-24;22;428.82838643552486
7;2025-06-24;23;215.73508460569366
7;2025-06-25;0;70.15368469740667
7;2025-06-25;1;0.0
7;2025-06-25;2;0.0
7;2025-06-25;3;0.0
7;2025-06-25;4;0.0
7;2025-06-25;5;134.9860859029593
7;2025-06-25;6;740.5962781988188
7;2025-06-25;7;1637.5475630050837
7;2025-06-25;8;2529.5073969351665
7;2025-06-25;9;1898.1324373180773
7;2025-06-25;10;1661.9516132084282
7;2025-06-25;11;1548.8196604496816
7;2025-06-25;12;1607.7842234004374
7;2025-06-25;13;1602.2298148256405
7;2025-06-25;14;1657.3398195300279
7;2025-06-25;15;1779.2740934897008
7;2025-06-25;16;1810.7266223940787
7;2025-06-25;17;2351.0957900584767
7;2025-06-25;18;2487.584280452583
7;2025-06-25;19;1862.1817116440445
7;2025-06-25;20;1325.8872060095694
7;2025-06-25;21;803.4473438073666
7;2025-06-25;22;475.2896025797967
7;2025-06-25;23;251.8459039184708
7;2025-06-26;0;76.83785784644606
7;2025-06-26;1;0.0
7;2025-06-26;2;0.0
7;2025-06-26;3;0.0
7;2025-06-26;4;0.0
7;2025-06-26;5;133.04482661243583
7;2025-06-26;6;727.9248227944925
7;2025-06-26;7;1598.6205258604896
7;2025-06-26;8;2429.7638276464813
7;2025-06-26;9;1809.4145405497702
7;2025-06-26;10;1600.7110561698169
7;2025-06-26;11;1527.7115399219201
7;2025-06-26;12;1541.0368761959471
7;2025-06-26;13;1516.089929474563
7;2025-06-26;14;1565.9356386445752
7;2025-06-26;15;1629.9305755215273
7;2025-06-26;16;1748.5496410858227
7;2025-06-26;17;2262.3634110841613
7;2025-06-26;18;2498.558310721317
7;2025-06-26;19;1780.8260603526423
7;2025-06-26;20;1279.2394114518033
7;2025-06-26;21;797.6185104055313
7;2025-06-26;22;454.88115749744736
7;2025-06-26;23;242.35488718034608
7;2025-06-27;0;79.91461606185106
7;2025-06-27;1;0.0
7;2025-06-27;2;0.0
7;2025-06-27;3;0.0
7;2025-06-27;4;0.0
7;2025-06-27;5;127.20368346808459
7;2025-06-27;6;688.0505743255324
7;2025-06-27;7;1586.2649114484823
7;2025-06-27;8;2375.5992806900804
7;2025-06-27;9;1813.7057398601646
7;2025-06-27;10;1601.6987650252386
7;2025-06-27;11;1599.4118977614494
7;2025-06-27;12;1657.3576550586724
7;2025-06-27;13;1694.6415710100337
7;2025-06-27;14;1763.0135183585287
7;2025-06-27;15;1898.5762261659165
7;2025-06-27;16;2012.2719420007206
7;2025-06-27;17;2266.302654360776
7;2025-06-27;18;2098.699866150105
7;2025-06-27;19;1699.1738079668983
7;2025-06-27;20;1288.602736116377
7;2025-06-27;21;810.5936213458021
7;2025-06-27;22;515.471936123768
7;2025-06-27;23;276.7805548928908
7;2025-06-28;0;124.0294686752317
7;2025-06-28;1;0.0
7;2025-06-28;2;0.0
7;2025-06-28;3;0.0
7;2025-06-28;4;0.0
7;2025-06-28;5;53.97411494356827
7;2025-06-28;6;336.4622268343536
7;2025-06-28;7;525.9395025876479
7;2025-06-28;8;816.4914268133422
7;2025-06-28;9;929.6390367794539
7;2025-06-28;10;1024.5659496475253
7;2025-06-28;11;1151.8835658834937
7;2025-06-28;12;1248.6969526396654
7;2025-06-28;13;1319.5191124789217
7;2025-06-28;14;1365.4271440384152
7;2025-06-28;15;1267.2781303616953
7;2025-06-28;16;1146.3332673949335
7;2025-06-28;17;1165.6618490352116
7;2025-06-28;18;1122.0048593056695
7;2025-06-28;19;1170.4242144183995
7;2025-06-28;20;959.3182900343804
7;2025-06-28;21;745.2478799199035
7;2025-06-28;22;440.2809703978586
7;2025-06-28;23;268.8551825502875
7;2025-06-29;0;104.75710952051114
7;2025-06-29;1;0.0
7;2025-06-29;2;0.0
7;2025-06-29;3;0.0
7;2025-06-29;4;0.0
7;2025-06-29;5;38.393466279061684
7;2025-06-29;6;235.10844901468653
7;2025-06-29;7;381.06036935612474
7;2025-06-29;8;570.7143029417919
7;2025-06-29;9;696.1110280267058
7;2025-06-29;10;760.7326027362487
7;2025-06-29;11;887.1463465067968
7;2025-06-29;12;977.2438864083429
7;2025-06-29;13;1030.1834441026072
7;2025-06-29;14;1102.309414821388
7;2025-06-29;15;1013.9865347384284
7;2025-06-29;16;924.6065283066132
7;2025-06-29;17;970.054729264396
7;2025-06-29;18;919.3551005362681
7;2025-06-29;19;861.1806719816474
7;2025-06-29;20;745.5412482915078
7;2025-06-29;21;579.6639797731408
7;2025-06-29;22;347.7806587017693
7;2025-06-29;23;201.37410002548333
7;2025-06-30;0;75.28781567217521
7;2025-06-30;1;0.0
7;2025-06-30;2;0.0
7;2025-06-30;3;0.0
7;2025-06-30;4;0.0
7;2025-06-30;5;129.74010728380824
7;2025-06-30;6;706.1068976373296
7;2025-06-30;7;1560.0652255532061
7;2025-06-30;8;2312.440670160171
7;2025-06-30;9;1734.0898694310886
7;2025-06-30;10;1486.9386164868579
7;2025-06-30;11;1378.2354008417924
7;2025-06-30;12;1414.7025416971564
7;2025-06-30;13;1408.9532212192873
7;2025-06-30;14;1449.7063193448853
7;2025-06-30;15;1529.3525569153917
7;2025-06-30;16;1602.8978602125899
7;2025-06-30;17;2059.0733971668487
7;2025-06-30;18;2337.959576812148
7;2025-06-30;19;1681.797920981819
7;2025-06-30;20;1219.9776982518201
7;2025-06-30;21;685.7430117042209
7;2025-06-30;22;386.1216293512099
7;2025-06-30;23;207.21252347446796
7;2025-07-01;0;59.14416319452344
7;2025-07-01;1;0.0
7;2025-07-01;2;0.0
7;2025-07-01;3;0.0
7;2025-07-01;4;0.0
7;2025-07-01;5;127.91838238147612
7;2025-07-01;6;702.6959572814665
7;2025-07-01;7;1567.103618631574
7;2025-07-01;8;2332.998924446304
7;2025-07-01;9;1764.5038792423268
7;2025-07-01;10;1556.8755128931602
7;2025-07-01;11;1443.9603799125812
7;2025-07-01;12;1480.2324210166798
7;2025-07-01;13;1493.8167538334492
7;2025-07-01;14;1535.3254207604691
7;2025-07-01;15;1626.197655117442
7;2025-07-01;16;1692.9019450420333
7;2025-07-01;17;2132.1959425571376
7;2025-07-01;18;2401.0801345831815
7;2025-07-01;19;1787.8243876036458
7;2025-07-01;20;1254.0191415655204
7;2025-07-01;21;730.3591624890737
7;2025-07-01;22;406.5231557076146
7;2025-07-01;23;204.0314097461188
7;2025-07-02;0;69.68759697061365
7;2025-07-02;1;0.0
7;2025-07-02;2;0.0
7;2025-07-02;3;0.0
7;2025-07-02;4;0.0
7;2025-07-02;5;131.76557435146339
7;2025-07-02;6;718.9954473000921
7;2025-07-02;7;1585.2950923222547
7;2025-07-02;8;2441.569614958275
7;2025-07-02;9;1840.1457641151542
7;2025-07-02;10;1613.6229112806304
7;2025-07-02;11;1504.9835520607949
7;2025-07-02;12;1563.445732814766
7;2025-07-02;13;1574.6639640191313
7;2025-07-02;14;1646.7343372998353
7;2025-07-02;15;1773.0331029287345
7;2025-07-02;16;1801.683630510475
7;2025-07-02;17;2312.6183417496227
7;2025-07-02;18;2475.3788108608546
7;2025-07-02;19;1853.1821480376593
7;2025-07-02;20;1316.9176962169288
7;2025-07-02;21;803.5079234456209
7;2025-07-02;22;478.29480036929755
7;2025-07-02;23;255.3061278547213
7;2025-07-03;0;83.55078915937983
7;2025-07-03;1;0.0
7;2025-07-03;2;0.0
7;2025-07-03;3;0.0
7;2025-07-03;4;0.0
7;2025-07-03;5;136.46413831026112
7;2025-07-03;6;741.0951257852175
7;2025-07-03;7;1624.9022101671867
7;2025-07-03;8;2485.045519898139
7;2025-07-03;9;1831.7534271351647
7;2025-07-03;10;1640.4154981123947
7;2025-07-03;11;1565.5266482772795
7;2025-07-03;12;1583.2548830560108
7;2025-07-03;13;1591.1281041543787
7;2025-07-03;14;1643.2278488647298
7;2025-07-03;15;1735.354106554081
7;2025-07-03;16;1850.894594603561
7;2025-07-03;17;2387.3175331502375
7;2025-07-03;18;2636.875649487461
7;2025-07-03;19;1888.8378520022666
7;2025-07-03;20;1374.95838369853
7;2025-07-03;21;871.7152572690943
7;2025-07-03;22;504.0798109014006
7;2025-07-03;23;273.710898805591
7;2025-07-04;0;81.96967061972612
7;2025-07-04;1;0.0
7;2025-07-04;2;0.0
7;2025-07-04;3;0.0
7;2025-07-04;4;0.0
7;2025-07-04;5;124.26156838950357
7;2025-07-04;6;671.0015707879738
7;2025-07-04;7;1537.7385180808324
7;2025-07-04;8;2295.9007919755077
7;2025-07-04;9;1733.788321545458
7;2025-07-04;10;1529.3539476279975
7;2025-07-04;11;1512.7062003991464
7;2025-07-04;12;1568.1812425797111
7;2025-07-04;13;1624.061578498413
7;2025-07-04;14;1693.3657186379291
7;2025-07-04;15;1809.0963593800143
7;2025-07-04;16;1963.9981774376283
7;2025-07-04;17;2233.0348007464954
7;2025-07-04;18;2079.334350068766
7;2025-07-04;19;1693.437172873335
7;2025-07-04;20;1293.1660538822193
7;2025-07-04;21;823.4155328472737
7;2025-07-04;22;528.7079510700319
7;2025-07-04;23;296.42099190069484
7;2025-07-05;0;124.66593928277754
7;2025-07-05;1;0.0
7;2025-07-05;2;0.0
7;2025-07-05;3;0.0
7;2025-07-05;4;0.0
7;2025-07-05;5;52.69020966701373
7;2025-07-05;6;330.02158091825873
7;2025-07-05;7;512.3508942673586
7;2025-07-05;8;798.6167937819112
7;2025-07-05;9;904.1656871628304
7;2025-07-05;10;997.5014510407427
7;2025-07-05;11;1126.620715800224
7;2025-07-05;12;1224.0218690044062
7;2025-07-05;13;1308.3464094791684
7;2025-07-05;14;1361.725215299543
7;2025-07-05;15;1273.4450258430961
7;2025-07-05;16;1155.6308144132072
7;2025-07-05;17;1174.3734248987244
7;2025-07-05;18;1131.133449229009
7;2025-07-05;19;1176.8792846820818
7;2025-07-05;20;962.5152607345208
7;2025-07-05;21;751.0936064723999
7;2025-07-05;22;446.04538633517546
7;2025-07-05;23;273.49167252144207
7;2025-07-06;0;111.73137538571027
7;2025-07-06;1;0.0
7;2025-07-06;2;0.0
7;2025-07-06;3;0.0
7;2025-07-06;4;0.0
7;2025-07-06;5;37.89905562423926
7;2025-07-06;6;228.10190028870556
7;2025-07-06;7;357.3849667587775
7;2025-07-06;8;552.4179450697646
7;2025-07-06;9;692.9333646276004
7;2025-07-06;10;775.0150640131016
7;2025-07-06;11;920.4235388996036
7;2025-07-06;12;1018.868056510116
7;2025-07-06;13;1084.0059339311547
7;2025-07-06;14;1166.4473918644926
7;2025-07-06;15;1087.9072762626438
7;2025-07-06;16;997.7015122860033
7;2025-07-06;17;1043.0115412600062
7;2025-07-06;18;987.2566022972863
7;2025-07-06;19;920.7481089582094
7;2025-07-06;20;796.9712194824151
7;2025-07-06;21;621.9809936405891
7;2025-07-06;22;375.5416118369693
7;2025-07-06;23;218.60291320455065
7;2025-07-07;0;84.0651454230865
7;2025-07-07;1;0.0
7;2025-07-07;2;0.0
7;2025-07-07;3;0.0
7;2025-07-07;4;0.0
7;2025-07-07;5;133.56581262737427
7;2025-07-07;6;731.4364429331533
7;2025-07-07;7;1623.1524347412123
7;2025-07-07;8;2428.878775522551
7;2025-07-07;9;1812.0086670159585
7;2025-07-07;10;1559.4291137887053
7;2025-07-07;11;1445.21709174454
7;2025-07-07;12;1485.439677875258
7;2025-07-07;13;1513.5712625790857
7;2025-07-07;14;1559.2299826134777
7;2025-07-07;15;1658.4174323014927
7;2025-07-07;16;1740.0015413865444
7;2025-07-07;17;2236.7657747696812
7;2025-07-07;18;2537.116477909278
7;2025-07-07;19;1826.615729452714
7;2025-07-07;20;1331.123477852435
7;2025-07-07;21;762.5402094939157
7;2025-07-07;22;435.0055674274656
7;2025-07-07;23;238.66842377963263
7;2025-07-08;0;68.86730991301316
7;2025-07-08;1;0.0
7;2025-07-08;2;0.0
7;2025-07-08;3;0.0
7;2025-07-08;4;0.0
7;2025-07-08;5;132.26604624145955
7;2025-07-08;6;721.3762370638702
7;2025-07-08;7;1612.875975878434
7;2025-07-08;8;2422.695166360569
7;2025-07-08;9;1837.3525121687644
7;2025-07-08;10;1620.7370537078698
7;2025-07-08;11;1501.7372123675254
7;2025-07-08;12;1537.8522757928918
7;2025-07-08;13;1562.6848609480485
7;2025-07-08;14;1608.3987420025992
7;2025-07-08;15;1709.9997037834232
7;2025-07-08;16;1786.4416996950026
7;2025-07-08;17;2247.404726431637
7;2025-07-08;18;2549.207224844533
7;2025-07-08;19;1898.3293009243885
7;2025-07-08;20;1345.3104950209213
7;2025-07-08;21;797.5913048450564
7;2025-07-08;22;448.05648858572147
7;2025-07-08;23;232.57778011074566
7;2025-07-09;0;74.1351281213493
7;2025-07-09;1;0.0
7;2025-07-09;2;0.0
7;2025-07-09;3;0.0
7;2025-07-09;4;0.0
7;2025-07-09;5;136.56103469492712
7;2025-07-09;6;744.1931410870945
7;2025-07-09;7;1625.052832246713
7;2025-07-09;8;2502.480022078384
7;2025-07-09;9;1893.7455397369267
7;2025-07-09;10;1660.2372510013781
7;2025-07-09;11;1538.9993304062366
7;2025-07-09;12;1592.4783276901499
7;2025-07-09;13;1608.4203331875815
7;2025-07-09;14;1676.759385391261
7;2025-07-09;15;1800.6185889286385
7;2025-07-09;16;1847.4831356343152
7;2025-07-09;17;2377.785922692621
7;2025-07-09;18;2555.891471951419
7;2025-07-09;19;1923.228713809589
7;2025-07-09;20;1375.4085440228414
7;2025-07-09;21;846.344128643924
7;2025-07-09;22;507.47887452013015
7;2025-07-09;23;274.57939223404713
7;2025-07-10;0;39.96850179281592
7;2025-07-10;1;0.0
7;2025-07-10;2;0.0
7;2025-07-10;3;0.0
7;2025-07-10;4;0.0
7;2025-07-10;5;65.33801938941082
7;2025-07-10;6;353.3877061195369
7;2025-07-10;7;765.7022155561359
7;2025-07-10;8;1167.2454420510505
7;2025-07-10;9;870.4546173874465
7;2025-07-10;10;771.0792281987071
7;2025-07-10;11;726.7824536503311
7;2025-07-10;12;731.650870789932
7;2025-07-10;13;740.8164311886077
7;2025-07-10;14;767.4918916325762
7;2025-07-10;15;799.8057667209663
7;2025-07-10;16;871.9573216711269
7;2025-07-10;17;1111.6970041882555
7;2025-07-10;18;1253.2405609896657
7;2025-07-10;19;903.8898559002023
7;2025-07-10;20;655.6102342871982
7;2025-07-10;21;416.9650478996579
7;2025-07-10;22;241.90773240083192
7;2025-07-10;23;131.35033361517776
7;2025-07-11;0;39.52667122035635
7;2025-07-11;1;0.0
7;2025-07-11;2;0.0
7;2025-07-11;3;0.0
7;2025-07-11;4;0.0
7;2025-07-11;5;59.96514536431904
7;2025-07-11;6;322.23862837943204
7;2025-07-11;7;727.8197753600075
7;2025-07-11;8;1082.9917670986506
7;2025-07-11;9;834.2750589492632
7;2025-07-11;10;729.2278238861395
7;2025-07-11;11;715.9852321303445
7;2025-07-11;12;738.7062216551456
7;2025-07-11;13;770.2147851650896
7;2025-07-11;14;806.0162654374915
7;2025-07-11;15;858.2514969839128
7;2025-07-11;16;938.1807061774032
7;2025-07-11;17;1048.375311006245
7;2025-07-11;18;1000.7158267286179
7;2025-07-11;19;819.4261580100059
7;2025-07-11;20;622.6382452618045
7;2025-07-11;21;397.4416039014934
7;2025-07-11;22;255.69763132820248
7;2025-07-11;23;143.3083072797564
7;2025-07-12;0;57.78315316193817
7;2025-07-12;1;0.0
7;2025-07-12;2;0.0
7;2025-07-12;3;0.0
7;2025-07-12;4;0.0
7;2025-07-12;5;23.64769810644423
7;2025-07-12;6;147.39634908863013
7;2025-07-12;7;227.00498175882325
7;2025-07-12;8;357.04704704783535
7;2025-07-12;9;411.3272419571264
7;2025-07-12;10;452.2604244177961
7;2025-07-12;11;510.1082579447042
7;2025-07-12;12;554.0425403678722
7;2025-07-12;13;594.9037566952072
7;2025-07-12;14;614.5168872208177
7;2025-07-12;15;565.3680077336466
7;2025-07-12;16;524.0405672751651
7;2025-07-12;17;531.8085941736847
7;2025-07-12;18;517.753306691649
7;2025-07-12;19;537.0080962887832
7;2025-07-12;20;444.1302838510319
7;2025-07-12;21;348.86667841430256
7;2025-07-12;22;207.7572379939541
7;2025-07-12;23;126.33483707059425
7;2025-07-13;0;49.50877710973473
7;2025-07-13;1;0.0
7;2025-07-13;2;0.0
7;2025-07-13;3;0.0
7;2025-07-13;4;0.0
7;2025-07-13;5;17.90936558426083
7;2025-07-13;6;105.72878284575462
7;2025-07-13;7;168.76165853119159
7;2025-07-13;8;249.2119542083504
7;2025-07-13;9;308.2119453419232
7;2025-07-13;10;338.85083042734766
7;2025-07-13;11;398.9008762929375
7;2025-07-13;12;438.71799108574567
7;2025-07-13;13;468.9494845752554
7;2025-07-13;14;501.3163685242488
7;2025-07-13;15;461.62842297632847
7;2025-07-13;16;433.0560219775724
7;2025-07-13;17;449.083018241976
7;2025-07-13;18;430.3515985906085
7;2025-07-13;19;404.2223520302309
7;2025-07-13;20;355.1563074258231
7;2025-07-13;21;277.7496013379348
7;2025-07-13;22;168.3107116982979
7;2025-07-13;23;98.205207274564
7;2025-07-14;0;38.15663641549558
7;2025-07-14;1;0.0
7;2025-07-14;2;0.0
7;2025-07-14;3;0.0
7;2025-07-14;4;0.0
7;2025-07-14;5;60.99040874336522
7;2025-07-14;6;330.79063386214415
7;2025-07-14;7;719.6782787383668
7;2025-07-14;8;1064.0020882822907
7;2025-07-14;9;808.0882330098219
7;2025-07-14;10;682.9371024690215
7;2025-07-14;11;621.8824394410292
7;2025-07-14;12;634.0761891966309
7;2025-07-14;13;649.4165950098725
7;2025-07-14;14;667.9876862603844
7;2025-07-14;15;709.957467948638
7;2025-07-14;16;752.965353106129
7;2025-07-14;17;960.0699122738209
7;2025-07-14;18;1115.3872417640127
7;2025-07-14;19;811.4560488996761
7;2025-07-14;20;595.0149030237221
7;2025-07-14;21;342.30899253640155
7;2025-07-14;22;196.47669923996182
7;2025-07-14;23;107.95606433008902
7;2025-07-15;0;32.112859773653895
7;2025-07-15;1;0.0
7;2025-07-15;2;0.0
7;2025-07-15;3;0.0
7;2025-07-15;4;0.0
7;2025-07-15;5;62.06721373028597
7;2025-07-15;6;333.7292585049104
7;2025-07-15;7;731.3586911172445
7;2025-07-15;8;1089.6225282717721
7;2025-07-15;9;836.471445127991
7;2025-07-15;10;729.1520758334609
7;2025-07-15;11;663.7562828143589
7;2025-07-15;12;676.1388707106119
7;2025-07-15;13;692.5831153412823
7;2025-07-15;14;710.0094146553625
7;2025-07-15;15;752.1598529547085
7;2025-07-15;16;793.8796350600287
7;2025-07-15;17;995.7009546227392
7;2025-07-15;18;1147.2082214461293
7;2025-07-15;19;866.4809233408889
7;2025-07-15;20;620.2978021619124
7;2025-07-15;21;369.2883358268487
7;2025-07-15;22;209.31883697055267
7;2025-07-15;23;108.85360023266168
7;2025-07-16;0;35.16606892521166
7;2025-07-16;1;0.0
7;2025-07-16;2;0.0
7;2025-07-16;3;0.0
7;2025-07-16;4;0.0
7;2025-07-16;5;63.47047657282543
7;2025-07-16;6;342.7180426620554
7;2025-07-16;7;739.5579986636842
7;2025-07-16;8;1134.2845089449384
7;2025-07-16;9;865.7189606019376
7;2025-07-16;10;753.0529900574331
7;2025-07-16;11;688.3279915671981
7;2025-07-16;12;710.3278563176302
7;2025-07-16;13;723.0968034967786
7;2025-07-16;14;752.3697371546095
7;2025-07-16;15;810.6856415308957
7;2025-07-16;16;832.8080148024467
7;2025-07-16;17;1071.2133273394797
7;2025-07-16;18;1168.7816125525999
7;2025-07-16;19;888.8952708498673
7;2025-07-16;20;641.6743217562366
7;2025-07-16;21;396.3666971021957
7;2025-07-16;22;238.94831778613678
7;2025-07-16;23;129.38881474890934
7;2025-07-17;0;39.071094504979115
7;2025-07-17;1;0.0
7;2025-07-17;2;0.0
7;2025-07-17;3;0.0
7;2025-07-17;4;0.0
7;2025-07-17;5;62.54653392210526
7;2025-07-17;6;339.0122334896131
7;2025-07-17;7;736.3259093177271
7;2025-07-17;8;1124.3144867984788
7;2025-07-17;9;837.2221309188507
7;2025-07-17;10;742.538293679412
7;2025-07-17;11;700.2188144670633
7;2025-07-17;12;705.0713060376911
7;2025-07-17;13;713.8577340254925
7;2025-07-17;14;738.9943076982593
7;2025-07-17;15;776.3362224955824
7;2025-07-17;16;840.6555116581371
7;2025-07-17;17;1073.5158379007844
7;2025-07-17;18;1206.5290002481463
7;2025-07-17;19;867.6571756326608
7;2025-07-17;20;630.7509382873415
7;2025-07-17;21;401.4283018224686
7;2025-07-17;22;232.5239173669047
7;2025-07-17;23;126.52395199914787
7;2025-07-18;0;39.57692253303881
7;2025-07-18;1;0.0
7;2025-07-18;2;0.0
7;2025-07-18;3;0.0
7;2025-07-18;4;0.0
7;2025-07-18;5;59.44425968603951
7;2025-07-18;6;317.6430673375775
7;2025-07-18;7;717.0056040553142
7;2025-07-18;8;1065.3901460190568
7;2025-07-18;9;822.5515467629984
7;2025-07-18;10;720.7748690299734
7;2025-07-18;11;708.4578982901915
7;2025-07-18;12;729.6475146006128
7;2025-07-18;13;761.0656225610821
7;2025-07-18;14;794.4984116778231
7;2025-07-18;15;846.3882658491409
7;2025-07-18;16;923.4764594603204
7;2025-07-18;17;1033.729848873216
7;2025-07-18;18;986.8102733146111
7;2025-07-18;19;809.0872207219084
7;2025-07-18;20;619.106039030868
7;2025-07-18;21;395.5225111646424
7;2025-07-18;22;254.99686523621259
7;2025-07-18;23;143.21117649547568
7;2025-07-19;0;57.62189998028242
7;2025-07-19;1;0.0
7;2025-07-19;2;0.0
7;2025-07-19;3;0.0
7;2025-07-19;4;0.0
7;2025-07-19;5;23.464172411560845
7;2025-07-19;6;144.0943798145891
7;2025-07-19;7;221.78446553043568
7;2025-07-19;8;349.6132695961768
7;2025-07-19;9;407.4691806845958
7;2025-07-19;10;448.11492676571345
7;2025-07-19;11;504.7823028797665
7;2025-07-19;12;547.1434211376702
7;2025-07-19;13;587.662637487354
7;2025-07-19;14;607.3585275866565
7;2025-07-19;15;566.4681570351236
7;2025-07-19;16;515.3657147737669
7;2025-07-19;17;521.9573977872476
7;2025-07-19;18;508.2879624990047
7;2025-07-19;19;529.8396305105923
7;2025-07-19;20;440.3315419315496
7;2025-07-19;21;346.10112557817376
7;2025-07-19;22;206.45170866222787
7;2025-07-19;23;125.7323301468559
7;2025-07-20;0;50.56913929611794
7;2025-07-20;1;0.0
7;2025-07-20;2;0.0
7;2025-07-20;3;0.0
7;2025-07-20;4;0.0
7;2025-07-20;5;17.485113641167658
7;2025-07-20;6;105.68210239114305
7;2025-07-20;7;168.77250088089338
7;2025-07-20;8;251.11907097237582
7;2025-07-20;9;310.72573072763214
7;2025-07-20;10;342.9578865074047
7;2025-07-20;11;404.06993658751594
7;2025-07-20;12;444.1264090260307
7;2025-07-20;13;475.01769841761654
7;2025-07-20;14;509.3056150716067
7;2025-07-20;15;474.88913224045507
7;2025-07-20;16;441.6979050753955
7;2025-07-20;17;456.0164741943016
7;2025-07-20;18;435.7912906079379
7;2025-07-20;19;408.45286602832726
7;2025-07-20;20;358.8884019568368
7;2025-07-20;21;281.2251303734531
7;2025-07-20;22;170.587603215838
7;2025-07-20;23;99.70866592970245
7;2025-07-21;0;37.22206460294181
7;2025-07-21;1;0.0
7;2025-07-21;2;0.0
7;2025-07-21;3;0.0
7;2025-07-21;4;0.0
7;2025-07-21;5;60.88199183977141
7;2025-07-21;6;323.4403442865281
7;2025-07-21;7;703.8918503800461
7;2025-07-21;8;1043.0731736658845
7;2025-07-21;9;790.6748664225855
7;2025-07-21;10;667.5529382415649
7;2025-07-21;11;607.607172219246
7;2025-07-21;12;619.2428435715201
7;2025-07-21;13;634.9363337967134
7;2025-07-21;14;653.4854463738532
7;2025-07-21;15;697.0802598838304
7;2025-07-21;16;738.6256835882905
7;2025-07-21;17;939.5688711628316
7;2025-07-21;18;1089.4917766663157
7;2025-07-21;19;788.8948096504962
7;2025-07-21;20;578.3509484508372
7;2025-07-21;21;332.47774343729714
7;2025-07-21;22;189.45729459606954
7;2025-07-21;23;105.34860896361283
7;2025-07-22;0;32.21347719474106
7;2025-07-22;1;0.0
7;2025-07-22;2;0.0
7;2025-07-22;3;0.0
7;2025-07-22;4;0.0
7;2025-07-22;5;61.75815621048672
7;2025-07-22;6;331.69118633416315
7;2025-07-22;7;728.5789880323283
7;2025-07-22;8;1089.5063210223034
7;2025-07-22;9;835.3910046133312
7;2025-07-22;10;727.7152747798184
7;2025-07-22;11;663.8663034859994
7;2025-07-22;12;676.0816457674848
7;2025-07-22;13;693.1493365527177
7;2025-07-22;14;710.8977748866585
7;2025-07-22;15;755.8154538712578
7;2025-07-22;16;796.753470208761
7;2025-07-22;17;997.659683268841
7;2025-07-22;18;1146.859548034685
7;2025-07-22;19;864.5960658639663
7;2025-07-22;20;617.8183306710177
7;2025-07-22;21;368.1191205050625
7;2025-07-22;22;208.0054093519169
7;2025-07-22;23;108.68301569643256
7;2025-07-23;0;34.64827505113994
7;2025-07-23;1;0.0
7;2025-07-23;2;0.0
7;2025-07-23;3;0.0
7;2025-07-23;4;0.0
7;2025-07-23;5;62.212100374675
7;2025-07-23;6;333.6953695234831
7;2025-07-23;7;726.5348655492191
7;2025-07-23;8;1118.1318280957883
7;2025-07-23;9;851.2885581851529
7;2025-07-23;10;740.7025591360646
7;2025-07-23;11;678.0309325706207
7;2025-07-23;12;699.6746022659336
7;2025-07-23;13;712.4563832627575
7;2025-07-23;14;740.6823690136291
7;2025-07-23;15;797.9173735106126
7;2025-07-23;16;823.398402800053
7;2025-07-23;17;1056.0191676011164
7;2025-07-23;18;1150.6266228128147
7;2025-07-23;19;871.431421799396
7;2025-07-23;20;627.4501315779992
7;2025-07-23;21;387.59542159755836
7;2025-07-23;22;232.59032190444918
7;2025-07-23;23;126.47956173723591
7;2025-07-24;0;39.60152514948152
7;2025-07-24;1;0.0
7;2025-07-24;2;0.0
7;2025-07-24;3;0.0
7;2025-07-24;4;0.0
7;2025-07-24;5;63.00528821991121
7;2025-07-24;6;339.0723175972929
7;2025-07-24;7;737.0264711053528
7;2025-07-24;8;1126.3897199245362
7;2025-07-24;9;839.0323701003999
7;2025-07-24;10;745.5674823823083
7;2025-07-24;11;704.2376908334036
7;2025-07-24;12;710.4777520220433
7;2025-07-24;13;720.7754961863416
7;2025-07-24;14;742.6864501394392
7;2025-07-24;15;773.8724580431159
7;2025-07-24;16;843.8347723268538
7;2025-07-24;17;1079.5096536804165
7;2025-07-24;18;1208.9700717596195
7;2025-07-24;19;870.7800696421241
7;2025-07-24;20;636.573198762934
7;2025-07-24;21;404.87304343655796
7;2025-07-24;22;233.68674576720548
7;2025-07-24;23;128.24903005224374
7;2025-07-25;0;38.87560375695288
7;2025-07-25;1;0.0
7;2025-07-25;2;0.0
7;2025-07-25;3;0.0
7;2025-07-25;4;0.0
7;2025-07-25;5;57.51225509079273
7;2025-07-25;6;309.2709959373751
7;2025-07-25;7;701.7395258595462
7;2025-07-25;8;1045.6476493807304
7;2025-07-25;9;803.717576548227
7;2025-07-25;10;702.9869993620483
7;2025-07-25;11;691.095831913701
7;2025-07-25;12;713.8246243359129
7;2025-07-25;13;745.928082974111
7;2025-07-25;14;778.7061861009764
7;2025-07-25;15;829.8755574808595
7;2025-07-25;16;909.4544619099383
7;2025-07-25;17;1016.1900132117325
7;2025-07-25;18;964.7898096016738
7;2025-07-25;19;785.2370528992841
7;2025-07-25;20;597.5416470756566
7;2025-07-25;21;382.24411215861915
7;2025-07-25;22;245.451114488567
7;2025-07-25;23;138.23550228954684
7;2025-07-26;0;59.712897346198616
7;2025-07-26;1;0.0
7;2025-07-26;2;0.0
7;2025-07-26;3;0.0
7;2025-07-26;4;0.0
7;2025-07-26;5;24.053153695009392
7;2025-07-26;6;148.57801836599873
7;2025-07-26;7;228.95685038875746
7;2025-07-26;8;361.27977215609826
7;2025-07-26;9;414.70056002070123
7;2025-07-26;10;457.1218773262566
7;2025-07-26;11;516.7282164518092
7;2025-07-26;12;561.2586730913482
7;2025-07-26;13;602.9848564014914
7;2025-07-26;14;622.854619145081
7;2025-07-26;15;581.8805556717009
7;2025-07-26;16;533.9855133257722
7;2025-07-26;17;542.5474385683613
7;2025-07-26;18;525.7735239156989
7;2025-07-26;19;544.9305403119406
7;2025-07-26;20;452.3851742390385
7;2025-07-26;21;355.2639598550286
7;2025-07-26;22;211.20971420221724
7;2025-07-26;23;129.49901350496003
7;2025-07-27;0;53.83708354305287
7;2025-07-27;1;0.0
7;2025-07-27;2;0.0
7;2025-07-27;3;0.0
7;2025-07-27;4;0.0
7;2025-07-27;5;17.48632975331986
7;2025-07-27;6;103.80005811041667
7;2025-07-27;7;160.49024905315477
7;2025-07-27;8;253.29527031175294
7;2025-07-27;9;320.93086683747066
7;2025-07-27;10;357.6394519509124
7;2025-07-27;11;424.00601335637225
7;2025-07-27;12;469.2922570576856
7;2025-07-27;13;503.8104152745467
7;2025-07-27;14;539.6134475978436
7;2025-07-27;15;504.4398434486317
7;2025-07-27;16;469.6636627341653
7;2025-07-27;17;489.429853905173
7;2025-07-27;18;463.8771545898639
7;2025-07-27;19;432.75864148503314
7;2025-07-27;20;379.2015670729426
7;2025-07-27;21;297.92379235627993
7;2025-07-27;22;180.3785913849789
7;2025-07-27;23;105.74012197694702
7;2025-07-28;0;40.280876985437835
7;2025-07-28;1;0.0
7;2025-07-28;2;0.0
7;2025-07-28;3;0.0
7;2025-07-28;4;0.0
7;2025-07-28;5;62.71955889476038
7;2025-07-28;6;340.6772511887225
7;2025-07-28;7;748.4002412188288
7;2025-07-28;8;1115.712547971444
7;2025-07-28;9;843.1028744126911
7;2025-07-28;10;716.3053789997429
7;2025-07-28;11;658.5645450125892
7;2025-07-28;12;673.061301793598
7;2025-07-28;13;692.3348325433783
7;2025-07-28;14;712.6120193644952
7;2025-07-28;15;757.3618324679846
7;2025-07-28;16;806.6430412742269
7;2025-07-28;17;1022.208312536613
7;2025-07-28;18;1179.4992367296663
7;2025-07-28;19;853.0614253717412
7;2025-07-28;20;622.5765624594007
7;2025-07-28;21;358.06771093383287
7;2025-07-28;22;203.7461670082575
7;2025-07-28;23;112.76366776872462
7;2025-07-29;0;33.48407616700208
7;2025-07-29;1;0.0
7;2025-07-29;2;0.0
7;2025-07-29;3;0.0
7;2025-07-29;4;0.0
7;2025-07-29;5;64.13369515443492
7;2025-07-29;6;345.07239994499173
7;2025-07-29;7;763.662385689142
7;2025-07-29;8;1146.1689215450501
7;2025-07-29;9;876.5169723602303
7;2025-07-29;10;767.2630316145545
7;2025-07-29;11;706.2056132163721
7;2025-07-29;12;720.9062226816741
7;2025-07-29;13;740.5703686652053
7;2025-07-29;14;760.7948795496247
7;2025-07-29;15;807.2439429000435
7;2025-07-29;16;854.0210960966151
7;2025-07-29;17;1063.4413876114736
7;2025-07-29;18;1216.85316942004
7;2025-07-29;19;914.4027808813012
7;2025-07-29;20;650.0325349876377
7;2025-07-29;21;386.9336697047695
7;2025-07-29;22;217.13556244449813
7;2025-07-29;23;113.54171739374948
7;2025-07-30;0;35.54155953057114
7;2025-07-30;1;0.0
7;2025-07-30;2;0.0
7;2025-07-30;3;0.0
7;2025-07-30;4;0.0
7;2025-07-30;5;64.25716327949084
7;2025-07-30;6;346.73964139611974
7;2025-07-30;7;750.421203234336
7;2025-07-30;8;1151.0117311164627
7;2025-07-30;9;880.1640693827765
7;2025-07-30;10;762.5287651550768
7;2025-07-30;11;699.9673360868908
7;2025-07-30;12;722.631307148236
7;2025-07-30;13;736.5811241113138
7;2025-07-30;14;767.512975624387
7;2025-07-30;15;822.4875593953761
7;2025-07-30;16;856.2289909144376
7;2025-07-30;17;1091.9626799380694
7;2025-07-30;18;1192.3329268220773
7;2025-07-30;19;899.801394772941
7;2025-07-30;20;645.80902248554
7;2025-07-30;21;398.3707511023906
7;2025-07-30;22;237.74430455333948
7;2025-07-30;23;130.4567350583469
7;2025-07-31;0;40.317568371669026
7;2025-07-31;1;0.0
7;2025-07-31;2;0.0
7;2025-07-31;3;0.0
7;2025-07-31;4;0.0
7;2025-07-31;5;64.2180128349487
7;2025-07-31;6;344.0797965309056
7;2025-07-31;7;745.6433477560297
7;2025-07-31;8;1134.7626343097306
7;2025-07-31;9;851.3977326420301
7;2025-07-31;10;752.9960017159666
7;2025-07-31;11;712.2877553036366
7;2025-07-31;12;717.8299971044448
7;2025-07-31;13;727.3865979500019
7;2025-07-31;14;750.8360073926476
7;2025-07-31;15;785.3474582064407
7;2025-07-31;16;854.831007082217
7;2025-07-31;17;1087.900309688306
7;2025-07-31;18;1225.7489416544088
7;2025-07-31;19;882.2876180718247
7;2025-07-31;20;644.718478909811
7;2025-07-31;21;410.00402738899686
7;2025-07-31;22;236.2826840077458
7;2025-07-31;23;130.41543153760313
11;2025-06-01;0;107.15948387337332
11;2025-06-01;1;0.0
11;2025-06-01;2;0.0
11;2025-06-01;3;0.0
11;2025-06-01;4;0.0
11;2025-06-01;5;134.0152391006172
11;2025-06-01;6;560.5493762932776
11;2025-06-01;7;552.1980796550185
11;2025-06-01;8;705.5173808919953
11;2025-06-01;9;910.3750342869419
11;2025-06-01;10;1022.545377300542
11;2025-06-01;11;1295.3580153464827
11;2025-06-01;12;1397.517046258872
11;2025-06-01;13;1372.7307649669806
11;2025-06-01;14;1400.9980865681723
11;2025-06-01;15;1391.3752840204738
11;2025-06-01;16;1332.4147984356255
11;2025-06-01;17;1417.531815031885
11;2025-06-01;18;1284.1456792629897
11;2025-06-01;19;1187.6416901161792
11;2025-06-01;20;1052.6982884483493
11;2025-06-01;21;760.8826308413007
11;2025-06-01;22;430.6117293572378
11;2025-06-01;23;276.9217535136338
11;2025-06-02;0;77.53641867495023
11;2025-06-02;1;0.0
11;2025-06-02;2;0.0
11;2025-06-02;3;0.0
11;2025-06-02;4;0.0
11;2025-06-02;5;286.52558224479935
11;2025-06-02;6;1369.4025718172009
11;2025-06-02;7;2215.5698150707926
11;2025-06-02;8;2983.209953381941
11;2025-06-02;9;2327.8412198997344
11;2025-06-02;10;1776.4260342336952
11;2025-06-02;11;1766.5321856083638
11;2025-06-02;12;1693.0772678449075
11;2025-06-02;13;1803.3574546784023
11;2025-06-02;14;1744.7766287030036
11;2025-06-02;15;1838.5323830127438
11;2025-06-02;16;2068.1107413210366
11;2025-06-02;17;2640.20468709361
11;2025-06-02;18;2940.0644897187804
11;2025-06-02;19;2335.7069862651897
11;2025-06-02;20;1660.2337429780632
11;2025-06-02;21;956.6228485235315
11;2025-06-02;22;523.147633238627
11;2025-06-02;23;251.68985821718834
11;2025-06-03;0;77.61806346869321
11;2025-06-03;1;0.0
11;2025-06-03;2;0.0
11;2025-06-03;3;0.0
11;2025-06-03;4;0.0
11;2025-06-03;5;285.42987127898465
11;2025-06-03;6;1390.338160092474
11;2025-06-03;7;2255.155147580116
11;2025-06-03;8;3014.4610139758006
11;2025-06-03;9;2370.2330256384084
11;2025-06-03;10;1837.8432079383833
11;2025-06-03;11;1787.676877216131
11;2025-06-03;12;1758.186077685711
11;2025-06-03;13;1875.8861717183263
11;2025-06-03;14;1843.3059484990067
11;2025-06-03;15;1915.830485690446
11;2025-06-03;16;2122.2778957057008
11;2025-06-03;17;2745.8453851807512
11;2025-06-03;18;2945.54189399228
11;2025-06-03;19;2324.4732092688564
11;2025-06-03;20;1672.6066105309824
11;2025-06-03;21;1032.1589805732324
11;2025-06-03;22;542.4713240744228
11;2025-06-03;23;278.61481147494294
11;2025-06-04;0;73.98959231702004
11;2025-06-04;1;0.0
11;2025-06-04;2;0.0
11;2025-06-04;3;0.0
11;2025-06-04;4;0.0
11;2025-06-04;5;297.25998756716183
11;2025-06-04;6;1365.1588983740996
11;2025-06-04;7;2314.3795517550734
11;2025-06-04;8;3110.022214537228
11;2025-06-04;9;2387.672276425895
11;2025-06-04;10;1909.796033672933
11;2025-06-04;11;1819.7258959106866
11;2025-06-04;12;1837.6859160637864
11;2025-06-04;13;1951.8557850635696
11;2025-06-04;14;1862.2409734030032
11;2025-06-04;15;1994.0585978486552
11;2025-06-04;16;2121.492935798279
11;2025-06-04;17;2711.6273825439202
11;2025-06-04;18;2920.6895864939484
11;2025-06-04;19;2393.048060651655
11;2025-06-04;20;1731.9771310436345
11;2025-06-04;21;1067.549759297239
11;2025-06-04;22;583.8377926491025
11;2025-06-04;23;306.5317559144196
11;2025-06-05;0;80.71333146440753
11;2025-06-05;1;0.0
11;2025-06-05;2;0.0
11;2025-06-05;3;0.0
11;2025-06-05;4;0.0
11;2025-06-05;5;303.96935564586255
11;2025-06-05;6;1356.0643438283946
11;2025-06-05;7;2306.3782071585065
11;2025-06-05;8;3048.61502768292
11;2025-06-05;9;2466.059708978731
11;2025-06-05;10;1908.8782713597611
11;2025-06-05;11;1849.6269306576937
11;2025-06-05;12;1849.4772394005395
11;2025-06-05;13;1948.5308511049761
11;2025-06-05;14;1894.692390655739
11;2025-06-05;15;1978.454207671084
11;2025-06-05;16;2168.808599030801
11;2025-06-05;17;2757.4340327482855
11;2025-06-05;18;2963.7406070745233
11;2025-06-05;19;2357.761234395113
11;2025-06-05;20;1690.8241204484439
11;2025-06-05;21;1082.44284183877
11;2025-06-05;22;588.7282378135449
11;2025-06-05;23;301.5213325104922
11;2025-06-06;0;85.45147283521563
11;2025-06-06;1;0.0
11;2025-06-06;2;0.0
11;2025-06-06;3;0.0
11;2025-06-06;4;0.0
11;2025-06-06;5;294.02034731426227
11;2025-06-06;6;1343.0303607831556
11;2025-06-06;7;2187.7924228141783
11;2025-06-06;8;2937.231918430067
11;2025-06-06;9;2311.7807706390786
11;2025-06-06;10;1899.7975528279708
11;2025-06-06;11;1824.7569912001982
11;2025-06-06;12;1819.9167476027337
11;2025-06-06;13;1872.9259368888095
11;2025-06-06;14;1867.783159288099
11;2025-06-06;15;2120.076347466702
11;2025-06-06;16;2315.1808833610885
11;2025-06-06;17;2725.7620247144087
11;2025-06-06;18;2466.023946612275
11;2025-06-06;19;2112.359659356506
11;2025-06-06;20;1611.023754442307
11;2025-06-06;21;1021.8002822725757
11;2025-06-06;22;589.3817409083691
11;2025-06-06;23;336.70953799906874
11;2025-06-07;0;107.67812689877213
11;2025-06-07;1;0.0
11;2025-06-07;2;0.0
11;2025-06-07;3;0.0
11;2025-06-07;4;0.0
11;2025-06-07;5;182.77853548709356
11;2025-06-07;6;743.3498270941939
11;2025-06-07;7;690.9275968990235
11;2025-06-07;8;947.74765468677
11;2025-06-07;9;1100.3236664266346
11;2025-06-07;10;1146.9664226399136
11;2025-06-07;11;1447.2656575706446
11;2025-06-07;12;1515.108866431945
11;2025-06-07;13;1487.7574517405556
11;2025-06-07;14;1466.9179899361543
11;2025-06-07;15;1436.0924307491327
11;2025-06-07;16;1428.088384477876
11;2025-06-07;17;1503.712254231391
11;2025-06-07;18;1403.2025774481392
11;2025-06-07;19;1417.338067335032
11;2025-06-07;20;1186.919105489625
11;2025-06-07;21;863.0241346982672
11;2025-06-07;22;492.9603362039733
11;2025-06-07;23;338.69416862776177
11;2025-06-08;0;103.15450189740586
11;2025-06-08;1;0.0
11;2025-06-08;2;0.0
11;2025-06-08;3;0.0
11;2025-06-08;4;0.0
11;2025-06-08;5;128.14751901621008
11;2025-06-08;6;548.2161010909224
11;2025-06-08;7;565.7224304146707
11;2025-06-08;8;705.694877188191
11;2025-06-08;9;876.2383527631437
11;2025-06-08;10;975.9423224617844
11;2025-06-08;11;1226.361015877843
11;2025-06-08;12;1318.9398256029908
11;2025-06-08;13;1293.6042809078504
11;2025-06-08;14;1320.1540842960508
11;2025-06-08;15;1292.1888258698411
11;2025-06-08;16;1266.9796480276864
11;2025-06-08;17;1356.196441308585
11;2025-06-08;18;1231.5185993779269
11;2025-06-08;19;1134.8712805895293
11;2025-06-08;20;1008.3633067533029
11;2025-06-08;21;730.8605012470664
11;2025-06-08;22;415.26665914655337
11;2025-06-08;23;268.84674022198476
11;2025-06-09;0;80.82672287694493
11;2025-06-09;1;0.0
11;2025-06-09;2;0.0
11;2025-06-09;3;0.0
11;2025-06-09;4;0.0
11;2025-06-09;5;286.1819153578598
11;2025-06-09;6;1363.026917790323
11;2025-06-09;7;2205.2539163533556
11;2025-06-09;8;2963.6461985913006
11;2025-06-09;9;2313.0422725651715
11;2025-06-09;10;1763.7889616830237
11;2025-06-09;11;1747.9645158312128
11;2025-06-09;12;1672.8997777357026
11;2025-06-09;13;1778.7895885552375
11;2025-06-09;14;1717.5573330897296
11;2025-06-09;15;1798.0696305557913
11;2025-06-09;16;2040.434255441507
11;2025-06-09;17;2625.5617882858132
11;2025-06-09;18;2922.579229315917
11;2025-06-09;19;2324.5906613390052
11;2025-06-09;20;1658.1973729996466
11;2025-06-09;21;957.4112585574712
11;2025-06-09;22;525.847962253181
11;2025-06-09;23;261.7378375664632
11;2025-06-10;0;74.49059468898638
11;2025-06-10;1;0.0
11;2025-06-10;2;0.0
11;2025-06-10;3;0.0
11;2025-06-10;4;0.0
11;2025-06-10;5;286.3952064319844
11;2025-06-10;6;1390.7555912943458
11;2025-06-10;7;2256.739758705501
11;2025-06-10;8;3030.111077155233
11;2025-06-10;9;2380.239241965516
11;2025-06-10;10;1844.6679066216534
11;2025-06-10;11;1800.12884786036
11;2025-06-10;12;1772.534214106678
11;2025-06-10;13;1898.573448952814
11;2025-06-10;14;1870.5354364054347
11;2025-06-10;15;1944.6726536548053
11;2025-06-10;16;2161.823993692626
11;2025-06-10;17;2769.7171106604633
11;2025-06-10;18;2966.944836959819
11;2025-06-10;19;2331.1958181902296
11;2025-06-10;20;1663.249392451638
11;2025-06-10;21;1023.5607917730807
11;2025-06-10;22;541.1649505934556
11;2025-06-10;23;274.55853054879424
11;2025-06-11;0;73.62911282395783
11;2025-06-11;1;0.0
11;2025-06-11;2;0.0
11;2025-06-11;3;0.0
11;2025-06-11;4;0.0
11;2025-06-11;5;292.8655673924541
11;2025-06-11;6;1344.6008169685194
11;2025-06-11;7;2279.1392503240395
11;2025-06-11;8;3063.4994717180434
11;2025-06-11;9;2349.6712780774933
11;2025-06-11;10;1881.1107832305452
11;2025-06-11;11;1791.5130093141624
11;2025-06-11;12;1811.2875009125676
11;2025-06-11;13;1926.6360990222233
11;2025-06-11;14;1837.8897109132613
11;2025-06-11;15;1963.1674864306847
11;2025-06-11;16;2088.507431945095
11;2025-06-11;17;2669.737001341482
11;2025-06-11;18;2867.0201238163677
11;2025-06-11;19;2349.089701424992
11;2025-06-11;20;1703.3560767325066
11;2025-06-11;21;1049.5476038213903
11;2025-06-11;22;575.6469779410859
11;2025-06-11;23;301.977046747271
11;2025-06-12;0;101.97562220423472
11;2025-06-12;1;0.0
11;2025-06-12;2;0.0
11;2025-06-12;3;0.0
11;2025-06-12;4;0.0
11;2025-06-12;5;150.58236590125748
11;2025-06-12;6;608.2005598133917
11;2025-06-12;7;573.8274269614462
11;2025-06-12;8;736.0606023851583
11;2025-06-12;9;897.5015293928996
11;2025-06-12;10;971.1905617255326
11;2025-06-12;11;1220.7481429248314
11;2025-06-12;12;1349.6123003776424
11;2025-06-12;13;1356.5368849803895
11;2025-06-12;14;1367.6262583356008
11;2025-06-12;15;1361.2414481529333
11;2025-06-12;16;1327.0934304911812
11;2025-06-12;17;1395.8645851097313
11;2025-06-12;18;1301.840335804437
11;2025-06-12;19;1255.9666629825197
11;2025-06-12;20;1075.6489705192876
11;2025-06-12;21;790.0230732202166
11;2025-06-12;22;459.27965938410375
11;2025-06-12;23;298.3543001713008
11;2025-06-13;0;95.65889951016607
11;2025-06-13;1;0.0
11;2025-06-13;2;0.0
11;2025-06-13;3;0.0
11;2025-06-13;4;0.0
11;2025-06-13;5;142.15320672483375
11;2025-06-13;6;584.8516236598086
11;2025-06-13;7;581.756031191652
11;2025-06-13;8;732.4995579640972
11;2025-06-13;9;851.6909849710462
11;2025-06-13;10;902.6022218060897
11;2025-06-13;11;1125.7270205987545
11;2025-06-13;12;1244.02011985204
11;2025-06-13;13;1261.058848995744
11;2025-06-13;14;1273.318755368714
11;2025-06-13;15;1264.329579078682
11;2025-06-13;16;1243.116455557666
11;2025-06-13;17;1306.5882790427236
11;2025-06-13;18;1216.7399212847095
11;2025-06-13;19;1173.1598272394153
11;2025-06-13;20;1003.3227628993563
11;2025-06-13;21;735.9426218126711
11;2025-06-13;22;428.11804810465856
11;2025-06-13;23;277.2095389809723
11;2025-06-14;0;103.88129617475717
11;2025-06-14;1;0.0
11;2025-06-14;2;0.0
11;2025-06-14;3;0.0
11;2025-06-14;4;0.0
11;2025-06-14;5;176.9454598641713
11;2025-06-14;6;716.9604647070742
11;2025-06-14;7;666.0505987357974
11;2025-06-14;8;911.5743664035799
11;2025-06-14;9;1065.325752547782
11;2025-06-14;10;1116.8533438309037
11;2025-06-14;11;1415.239883960562
11;2025-06-14;12;1486.1077777077758
11;2025-06-14;13;1459.1495511505434
11;2025-06-14;14;1438.8409483114851
11;2025-06-14;15;1420.6483745383748
11;2025-06-14;16;1393.9606327066463
11;2025-06-14;17;1457.49876736738
11;2025-06-14;18;1346.0896709122344
11;2025-06-14;19;1353.9008551825486
11;2025-06-14;20;1133.850263054344
11;2025-06-14;21;818.5341326251926
11;2025-06-14;22;468.4275535154637
11;2025-06-14;23;319.22944827731794
11;2025-06-15;0;101.46554446268519
11;2025-06-15;1;0.0
11;2025-06-15;2;0.0
11;2025-06-15;3;0.0
11;2025-06-15;4;0.0
11;2025-06-15;5;126.07011086447216
11;2025-06-15;6;537.463112946283
11;2025-06-15;7;554.602649170689
11;2025-06-15;8;691.8722048937362
11;2025-06-15;9;863.8228959582552
11;2025-06-15;10;969.5047158625141
11;2025-06-15;11;1223.2486741487864
11;2025-06-15;12;1319.250643260476
11;2025-06-15;13;1293.4595720015834
11;2025-06-15;14;1320.9421914421036
11;2025-06-15;15;1298.851868509027
11;2025-06-15;16;1258.3829733391867
11;2025-06-15;17;1336.0806289258062
11;2025-06-15;18;1205.111625787529
11;2025-06-15;19;1101.9013361635932
11;2025-06-15;20;980.9942823825187
11;2025-06-15;21;708.4418878528772
11;2025-06-15;22;401.239568665775
11;2025-06-15;23;254.281937855838
11;2025-06-16;0;80.85502438640205
11;2025-06-16;1;0.0
11;2025-06-16;2;0.0
11;2025-06-16;3;0.0
11;2025-06-16;4;0.0
11;2025-06-16;5;285.0346240827422
11;2025-06-16;6;1352.15503077457
11;2025-06-16;7;2185.88093806744
11;2025-06-16;8;2949.632260032765
11;2025-06-16;9;2303.956099576187
11;2025-06-16;10;1753.7307906762494
11;2025-06-16;11;1741.5155905198194
11;2025-06-16;12;1667.0271989897492
11;2025-06-16;13;1779.1895885553595
11;2025-06-16;14;1714.9698752124996
11;2025-06-16;15;1807.8654902395353
11;2025-06-16;16;2037.0004422434513
11;2025-06-16;17;2609.9682615223483
11;2025-06-16;18;2911.036819060021
11;2025-06-16;19;2315.5117313838864
11;2025-06-16;20;1655.9878492557145
11;2025-06-16;21;957.7843021592803
11;2025-06-16;22;524.8465081097784
11;2025-06-16;23;262.3508860027499
11;2025-06-17;0;73.83027301358194
11;2025-06-17;1;0.0
11;2025-06-17;2;0.0
11;2025-06-17;3;0.0
11;2025-06-17;4;0.0
11;2025-06-17;5;269.64599067621293
11;2025-06-17;6;1312.1371063846022
11;2025-06-17;7;2138.7709313704026
11;2025-06-17;8;2853.8389279322137
11;2025-06-17;9;2252.304832243852
11;2025-06-17;10;1740.5635782681316
11;2025-06-17;11;1683.8038090468092
11;2025-06-17;12;1650.0582377044452
11;2025-06-17;13;1743.5275138804054
11;2025-06-17;14;1706.1891630710652
11;2025-06-17;15;1777.9110715452257
11;2025-06-17;16;1998.7219685270368
11;2025-06-17;17;2585.7784562473853
11;2025-06-17;18;2790.823897345225
11;2025-06-17;19;2186.759049149646
11;2025-06-17;20;1574.3195409830696
11;2025-06-17;21;970.7133786087065
11;2025-06-17;22;508.93424872774347
11;2025-06-17;23;263.9537957015739
11;2025-06-18;0;71.40577949944176
11;2025-06-18;1;0.0
11;2025-06-18;2;0.0
11;2025-06-18;3;0.0
11;2025-06-18;4;0.0
11;2025-06-18;5;278.59513693047523
11;2025-06-18;6;1277.1711578389818
11;2025-06-18;7;2178.900908757253
11;2025-06-18;8;2918.750458106184
11;2025-06-18;9;2243.6415357807873
11;2025-06-18;10;1786.0485396059419
11;2025-06-18;11;1695.4754903542212
11;2025-06-18;12;1708.2647722830263
11;2025-06-18;13;1803.9180957379472
11;2025-06-18;14;1710.9670905476821
11;2025-06-18;15;1832.0944829966577
11;2025-06-18;16;1971.6620676347252
11;2025-06-18;17;2534.1088578640465
11;2025-06-18;18;2735.1933682518707
11;2025-06-18;19;2235.5279666552515
11;2025-06-18;20;1621.7592183066454
11;2025-06-18;21;996.9154864286577
11;2025-06-18;22;544.8003746402838
11;2025-06-18;23;287.9836430463156
11;2025-06-19;0;76.31507373333454
11;2025-06-19;1;0.0
11;2025-06-19;2;0.0
11;2025-06-19;3;0.0
11;2025-06-19;4;0.0
11;2025-06-19;5;290.06127608973236
11;2025-06-19;6;1293.7140672578562
11;2025-06-19;7;2206.072912086608
11;2025-06-19;8;2910.8462983431205
11;2025-06-19;9;2363.059315574661
11;2025-06-19;10;1830.0924954180512
11;2025-06-19;11;1778.4956085345284
11;2025-06-19;12;1782.0535194604672
11;2025-06-19;13;1869.076159667049
11;2025-06-19;14;1816.7543945733178
11;2025-06-19;15;1898.5021991872932
11;2025-06-19;16;2083.828433208214
11;2025-06-19;17;2640.5449998270974
11;2025-06-19;18;2832.2444828957077
11;2025-06-19;19;2245.5817442898506
11;2025-06-19;20;1603.7676146250076
11;2025-06-19;21;1019.6193849852152
11;2025-06-19;22;553.4466054871812
11;2025-06-19;23;281.27444752529163
11;2025-06-20;0;78.37318670363766
11;2025-06-20;1;0.0
11;2025-06-20;2;0.0
11;2025-06-20;3;0.0
11;2025-06-20;4;0.0
11;2025-06-20;5;277.4667273576949
11;2025-06-20;6;1269.7388045558923
11;2025-06-20;7;2084.434148144256
11;2025-06-20;8;2788.093075949575
11;2025-06-20;9;2198.9393491686906
11;2025-06-20;10;1802.6556340889165
11;2025-06-20;11;1746.2441224613303
11;2025-06-20;12;1745.0073508826283
11;2025-06-20;13;1788.1011807693833
11;2025-06-20;14;1780.1031289488305
11;2025-06-20;15;2024.8611579658323
11;2025-06-20;16;2208.9908252953614
11;2025-06-20;17;2579.1450184478454
11;2025-06-20;18;2314.164679177612
11;2025-06-20;19;1976.7059707345277
11;2025-06-20;20;1502.3216525893556
11;2025-06-20;21;946.0951001351569
11;2025-06-20;22;546.7633728400723
11;2025-06-20;23;297.95239934410085
11;2025-06-21;0;108.4781253639624
11;2025-06-21;1;0.0
11;2025-06-21;2;0.0
11;2025-06-21;3;0.0
11;2025-06-21;4;0.0
11;2025-06-21;5;187.49977997254607
11;2025-06-21;6;755.9899265608074
11;2025-06-21;7;699.1328592149287
11;2025-06-21;8;959.2418104281389
11;2025-06-21;9;1117.2736000435552
11;2025-06-21;10;1174.6632098331033
11;2025-06-21;11;1499.6444014522917
11;2025-06-21;12;1575.8193707722114
11;2025-06-21;13;1550.6727062223695
11;2025-06-21;14;1527.9552650575558
11;2025-06-21;15;1513.3942050461967
11;2025-06-21;16;1478.2884994567025
11;2025-06-21;17;1546.7899196871717
11;2025-06-21;18;1427.3174933687367
11;2025-06-21;19;1436.6395071269108
11;2025-06-21;20;1209.2914382656231
11;2025-06-21;21;876.2097414685304
11;2025-06-21;22;501.1084699133211
11;2025-06-21;23;341.6169986727199
11;2025-06-22;0;99.68871905298688
11;2025-06-22;1;0.0
11;2025-06-22;2;0.0
11;2025-06-22;3;0.0
11;2025-06-22;4;0.0
11;2025-06-22;5;125.41644972760453
11;2025-06-22;6;534.8495971245725
11;2025-06-22;7;550.821941388959
11;2025-06-22;8;687.8990817772267
11;2025-06-22;9;863.678162890717
11;2025-06-22;10;969.2926446130382
11;2025-06-22;11;1227.3956747272455
11;2025-06-22;12;1325.1055992456531
11;2025-06-22;13;1301.8564122207304
11;2025-06-22;14;1328.201627739892
11;2025-06-22;15;1309.6333817035193
11;2025-06-22;16;1262.71655573303
11;2025-06-22;17;1336.828811272479
11;2025-06-22;18;1202.2317044232886
11;2025-06-22;19;1097.6085281640494
11;2025-06-22;20;975.4852816486924
11;2025-06-22;21;703.7494408488562
11;2025-06-22;22;400.58393873801754
11;2025-06-22;23;254.64373523805764
11;2025-06-23;0;77.82725925230861
11;2025-06-23;1;0.0
11;2025-06-23;2;0.0
11;2025-06-23;3;0.0
11;2025-06-23;4;0.0
11;2025-06-23;5;284.2335789956637
11;2025-06-23;6;1347.0512944320913
11;2025-06-23;7;2178.0509318984487
11;2025-06-23;8;2935.984355761563
11;2025-06-23;9;2293.983145009852
11;2025-06-23;10;1749.4822808390809
11;2025-06-23;11;1742.1863731937706
11;2025-06-23;12;1671.6823798004643
11;2025-06-23;13;1783.7856041885693
11;2025-06-23;14;1729.3490018162904
11;2025-06-23;15;1818.2624502650542
11;2025-06-23;16;2045.678133674387
11;2025-06-23;17;2610.9536934475414
11;2025-06-23;18;2901.1690959549014
11;2025-06-23;19;2308.0574007962764
11;2025-06-23;20;1644.8225043955288
11;2025-06-23;21;948.5928504786452
11;2025-06-23;22;520.8777671533421
11;2025-06-23;23;252.81922355945727
11;2025-06-24;0;74.33257527175562
11;2025-06-24;1;0.0
11;2025-06-24;2;0.0
11;2025-06-24;3;0.0
11;2025-06-24;4;0.0
11;2025-06-24;5;279.0023703987581
11;2025-06-24;6;1348.5295442053412
11;2025-06-24;7;2189.835455201218
11;2025-06-24;8;2927.8762240979627
11;2025-06-24;9;2303.085803044085
11;2025-06-24;10;1783.1534734677323
11;2025-06-24;11;1740.5649021207448
11;2025-06-24;12;1714.3825833402082
11;2025-06-24;13;1832.7798440568556
11;2025-06-24;14;1807.3865684948146
11;2025-06-24;15;1875.459636629584
11;2025-06-24;16;2084.3449274386403
11;2025-06-24;17;2679.7391706316366
11;2025-06-24;18;2873.0484490544277
11;2025-06-24;19;2257.635324324385
11;2025-06-24;20;1616.4859166721378
11;2025-06-24;21;994.7576953558469
11;2025-06-24;22;524.9051390241664
11;2025-06-24;23;269.54032357201976
11;2025-06-25;0;72.81726295363248
11;2025-06-25;1;0.0
11;2025-06-25;2;0.0
11;2025-06-25;3;0.0
11;2025-06-25;4;0.0
11;2025-06-25;5;289.01783912090974
11;2025-06-25;6;1317.5711297596201
11;2025-06-25;7;2236.7482630419654
11;2025-06-25;8;3008.9823606425207
11;2025-06-25;9;2299.8714356556497
11;2025-06-25;10;1838.0885997047549
11;2025-06-25;11;1754.702593416975
11;2025-06-25;12;1774.5283633914423
11;2025-06-25;13;1888.0583372104015
11;2025-06-25;14;1803.406561244546
11;2025-06-25;15;1928.710708931374
11;2025-06-25;16;2060.9667564502647
11;2025-06-25;17;2635.9850418413935
11;2025-06-25;18;2822.2804812790396
11;2025-06-25;19;2310.427511279604
11;2025-06-25;20;1674.3881981023578
11;2025-06-25;21;1033.8387736379323
11;2025-06-25;22;567.3690503378493
11;2025-06-25;23;299.3390242926911
11;2025-06-26;0;75.21351683781978
11;2025-06-26;1;0.0
11;2025-06-26;2;0.0
11;2025-06-26;3;0.0
11;2025-06-26;4;0.0
11;2025-06-26;5;285.7913102322407
11;2025-06-26;6;1270.4523999041342
11;2025-06-26;7;2169.798913842654
11;2025-06-26;8;2855.9446541260013
11;2025-06-26;9;2316.007434780674
11;2025-06-26;10;1783.937576921361
11;2025-06-26;11;1724.7716739520617
11;2025-06-26;12;1725.5588032247013
11;2025-06-26;13;1806.8513475179534
11;2025-06-26;14;1749.5318974854135
11;2025-06-26;15;1829.3949629134008
11;2025-06-26;16;2014.4100847192233
11;2025-06-26;17;2580.0522349261655
11;2025-06-26;18;2775.136689338807
11;2025-06-26;19;2202.8337060438844
11;2025-06-26;20;1579.138413583934
11;2025-06-26;21;1004.7999367942238
11;2025-06-26;22;548.077373984723
11;2025-06-26;23;281.0035232128197
11;2025-06-27;0;81.419963092542
11;2025-06-27;1;0.0
11;2025-06-27;2;0.0
11;2025-06-27;3;0.0
11;2025-06-27;4;0.0
11;2025-06-27;5;292.2537693386191
11;2025-06-27;6;1316.2051554330637
11;2025-06-27;7;2136.1281545980264
11;2025-06-27;8;2872.9573065798827
11;2025-06-27;9;2265.8322302722618
11;2025-06-27;10;1869.5242533031346
11;2025-06-27;11;1812.9776690469887
11;2025-06-27;12;1815.086208709086
11;2025-06-27;13;1875.0875718104135
11;2025-06-27;14;1877.7487654550682
11;2025-06-27;15;2129.747981824904
11;2025-06-27;16;2311.412935355829
11;2025-06-27;17;2692.4837319004864
11;2025-06-27;18;2418.9152733154797
11;2025-06-27;19;2071.778588723745
11;2025-06-27;20;1587.4432170924392
11;2025-06-27;21;1007.4895353339856
11;2025-06-27;22;581.0150139028348
11;2025-06-27;23;318.0875774299446
11;2025-06-28;0;111.32072036556512
11;2025-06-28;1;0.0
11;2025-06-28;2;0.0
11;2025-06-28;3;0.0
11;2025-06-28;4;0.0
11;2025-06-28;5;191.60489550329186
11;2025-06-28;6;768.8454806282663
11;2025-06-28;7;699.8641253259702
11;2025-06-28;8;960.5702389211228
11;2025-06-28;9;1122.1944647599987
11;2025-06-28;10;1182.1182943761296
11;2025-06-28;11;1512.2551544444364
11;2025-06-28;12;1590.6874310982976
11;2025-06-28;13;1568.2351537774193
11;2025-06-28;14;1547.636447664766
11;2025-06-28;15;1538.956233428355
11;2025-06-28;16;1503.7770839434643
11;2025-06-28;17;1578.8207501642457
11;2025-06-28;18;1462.0818770209657
11;2025-06-28;19;1474.2150060145036
11;2025-06-28;20;1239.5474975246066
11;2025-06-28;21;900.8719940583142
11;2025-06-28;22;516.4586811332865
11;2025-06-28;23;358.523618078164
11;2025-06-29;0;101.28284049936556
11;2025-06-29;1;0.0
11;2025-06-29;2;0.0
11;2025-06-29;3;0.0
11;2025-06-29;4;0.0
11;2025-06-29;5;126.39432269832483
11;2025-06-29;6;534.7096613225165
11;2025-06-29;7;544.5018187014418
11;2025-06-29;8;675.3482562125146
11;2025-06-29;9;848.3026166232095
11;2025-06-29;10;953.9301645598669
11;2025-06-29;11;1210.068562462418
11;2025-06-29;12;1308.3315256703622
11;2025-06-29;13;1284.7873376311145
11;2025-06-29;14;1313.0911287753531
11;2025-06-29;15;1295.6361916027845
11;2025-06-29;16;1256.6820931555
11;2025-06-29;17;1336.0297004850859
11;2025-06-29;18;1207.9996698383586
11;2025-06-29;19;1105.2439210778552
11;2025-06-29;20;985.7968173378852
11;2025-06-29;21;713.9415417063659
11;2025-06-29;22;407.38294944414645
11;2025-06-29;23;264.03586765272075
11;2025-06-30;0;73.9944582033031
11;2025-06-30;1;0.0
11;2025-06-30;2;0.0
11;2025-06-30;3;0.0
11;2025-06-30;4;0.0
11;2025-06-30;5;268.4358369177769
11;2025-06-30;6;1268.5006533788282
11;2025-06-30;7;2061.35055722838
11;2025-06-30;8;2759.826544478574
11;2025-06-30;9;2165.590939164894
11;2025-06-30;10;1648.9422054420052
11;2025-06-30;11;1635.4522260283713
11;2025-06-30;12;1566.7222151472602
11;2025-06-30;13;1661.8837486556872
11;2025-06-30;14;1604.5194047381406
11;2025-06-30;15;1693.8024020379135
11;2025-06-30;16;1916.7783032944453
11;2025-06-30;17;2451.005785933635
11;2025-06-30;18;2725.822537468165
11;2025-06-30;19;2166.1887721675484
11;2025-06-30;20;1538.654421070457
11;2025-06-30;21;881.0154361154962
11;2025-06-30;22;487.1588333654141
11;2025-06-30;23;236.1380943147194
11;2025-07-01;0;68.4443647892012
11;2025-07-01;1;0.0
11;2025-07-01;2;0.0
11;2025-07-01;3;0.0
11;2025-07-01;4;0.0
11;2025-07-01;5;263.5525814723893
11;2025-07-01;6;1282.940421286131
11;2025-07-01;7;2089.6368591920555
11;2025-07-01;8;2782.9515069334625
11;2025-07-01;9;2186.866868935149
11;2025-07-01;10;1686.6976121335397
11;2025-07-01;11;1642.3935922865298
11;2025-07-01;12;1614.786186483056
11;2025-07-01;13;1734.7722736630117
11;2025-07-01;14;1713.6266570166213
11;2025-07-01;15;1801.9548390898985
11;2025-07-01;16;2009.5867865758987
11;2025-07-01;17;2583.0693914488484
11;2025-07-01;18;2777.9741433064264
11;2025-07-01;19;2178.2025898471693
11;2025-07-01;20;1548.6941575075941
11;2025-07-01;21;951.109665024667
11;2025-07-01;22;508.64223358406934
11;2025-07-01;23;260.3946736691653
11;2025-07-02;0;72.3262860751012
11;2025-07-02;1;0.0
11;2025-07-02;2;0.0
11;2025-07-02;3;0.0
11;2025-07-02;4;0.0
11;2025-07-02;5;282.92567781983485
11;2025-07-02;6;1280.7356561771612
11;2025-07-02;7;2160.543383087943
11;2025-07-02;8;2901.653025492903
11;2025-07-02;9;2215.377707550918
11;2025-07-02;10;1775.4121100364857
11;2025-07-02;11;1698.3310122609714
11;2025-07-02;12;1719.992681628557
11;2025-07-02;13;1854.5256625835518
11;2025-07-02;14;1791.6985993512158
11;2025-07-02;15;1933.7653738822955
11;2025-07-02;16;2056.153739077995
11;2025-07-02;17;2617.5230480413375
11;2025-07-02;18;2815.704717850821
11;2025-07-02;19;2307.33241936626
11;2025-07-02;20;1670.7549195582142
11;2025-07-02;21;1037.0357114766703
11;2025-07-02;22;575.0252896021432
11;2025-07-02;23;307.89573198607394
11;2025-07-03;0;82.42202797539018
11;2025-07-03;1;0.0
11;2025-07-03;2;0.0
11;2025-07-03;3;0.0
11;2025-07-03;4;0.0
11;2025-07-03;5;298.60843590443085
11;2025-07-03;6;1309.2299715079098
11;2025-07-03;7;2211.7551213402576
11;2025-07-03;8;2921.6179748630134
11;2025-07-03;9;2351.8969338892593
11;2025-07-03;10;1820.9530486418182
11;2025-07-03;11;1762.8421974511193
11;2025-07-03;12;1764.610531139219
11;2025-07-03;13;1886.6500329266096
11;2025-07-03;14;1851.2338714682742
11;2025-07-03;15;1955.6175335699922
11;2025-07-03;16;2143.572389224639
11;2025-07-03;17;2732.648507940093
11;2025-07-03;18;2944.751812499513
11;2025-07-03;19;2347.9378956828077
11;2025-07-03;20;1692.3780666513808
11;2025-07-03;21;1093.3108850196015
11;2025-07-03;22;606.5282876458862
11;2025-07-03;23;321.5015303321517
11;2025-07-04;0;84.97688641538086
11;2025-07-04;1;0.0
11;2025-07-04;2;0.0
11;2025-07-04;3;0.0
11;2025-07-04;4;0.0
11;2025-07-04;5;287.3966867767239
11;2025-07-04;6;1293.0250239639672
11;2025-07-04;7;2088.876403650642
11;2025-07-04;8;2798.3807482211914
11;2025-07-04;9;2181.0997449332463
11;2025-07-04;10;1808.350204914062
11;2025-07-04;11;1743.2548357914711
11;2025-07-04;12;1742.7963339221237
11;2025-07-04;13;1825.9368199880255
11;2025-07-04;14;1841.1643411145913
11;2025-07-04;15;2075.6431198184514
11;2025-07-04;16;2304.0516160331717
11;2025-07-04;17;2699.276529893609
11;2025-07-04;18;2435.730467667344
11;2025-07-04;19;2088.373027063933
11;2025-07-04;20;1595.5997702522523
11;2025-07-04;21;1021.8119962119742
11;2025-07-04;22;598.4339762631572
11;2025-07-04;23;346.9424782465153
11;2025-07-05;0;111.74359450638721
11;2025-07-05;1;0.0
11;2025-07-05;2;0.0
11;2025-07-05;3;0.0
11;2025-07-05;4;0.0
11;2025-07-05;5;189.70891648889904
11;2025-07-05;6;758.4077749274677
11;2025-07-05;7;681.0892026485188
11;2025-07-05;8;937.9320511579881
11;2025-07-05;9;1088.0800488512762
11;2025-07-05;10;1149.696583181105
11;2025-07-05;11;1480.1924481220447
11;2025-07-05;12;1559.8015277366844
11;2025-07-05;13;1558.7383641039607
11;2025-07-05;14;1551.4928516708037
11;2025-07-05;15;1558.8343206812483
11;2025-07-05;16;1527.7824985714674
11;2025-07-05;17;1601.0377820885124
11;2025-07-05;18;1483.0852890468263
11;2025-07-05;19;1492.249619641766
11;2025-07-05;20;1245.9145496812007
11;2025-07-05;21;910.4808114698036
11;2025-07-05;22;525.3872841876091
11;2025-07-05;23;366.3802300788787
11;2025-07-06;0;107.24826462861031
11;2025-07-06;1;0.0
11;2025-07-06;2;0.0
11;2025-07-06;3;0.0
11;2025-07-06;4;0.0
11;2025-07-06;5;131.50232951487098
11;2025-07-06;6;540.0301030822335
11;2025-07-06;7;514.009500928435
11;2025-07-06;8;648.8163282307162
11;2025-07-06;9;852.3477024568568
11;2025-07-06;10;973.2559158363499
11;2025-07-06;11;1252.5886215264495
11;2025-07-06;12;1360.402350851938
11;2025-07-06;13;1354.5281946545342
11;2025-07-06;14;1392.2067074244483
11;2025-07-06;15;1391.107126179038
11;2025-07-06;16;1345.265993178166
11;2025-07-06;17;1427.810418314333
11;2025-07-06;18;1291.9802482666373
11;2025-07-06;19;1185.3773651373929
11;2025-07-06;20;1049.5186264072227
11;2025-07-06;21;765.4873296367927
11;2025-07-06;22;439.4578543062213
11;2025-07-06;23;286.9220961933669
11;2025-07-07;0;81.53477535388762
11;2025-07-07;1;0.0
11;2025-07-07;2;0.0
11;2025-07-07;3;0.0
11;2025-07-07;4;0.0
11;2025-07-07;5;284.19335751201993
11;2025-07-07;6;1331.7837540104158
11;2025-07-07;7;2143.193358111604
11;2025-07-07;8;2892.9453232774913
11;2025-07-07;9;2251.4303510318637
11;2025-07-07;10;1705.6851375499011
11;2025-07-07;11;1698.1818063441965
11;2025-07-07;12;1627.25474386211
11;2025-07-07;13;1763.0997123555076
11;2025-07-07;14;1727.431372625997
11;2025-07-07;15;1838.1631986993686
11;2025-07-07;16;2078.540852046501
11;2025-07-07;17;2646.733849082384
11;2025-07-07;18;2947.543588002024
11;2025-07-07;19;2346.056629078604
11;2025-07-07;20;1667.638443518253
11;2025-07-07;21;973.048206042612
11;2025-07-07;22;542.3052693825841
11;2025-07-07;23;275.18799378878384
11;2025-07-08;0;78.11903394324776
11;2025-07-08;1;0.0
11;2025-07-08;2;0.0
11;2025-07-08;3;0.0
11;2025-07-08;4;0.0
11;2025-07-08;5;277.4736489607569
11;2025-07-08;6;1330.972455151121
11;2025-07-08;7;2150.313665265755
11;2025-07-08;8;2875.2630488771224
11;2025-07-08;9;2260.0934773164417
11;2025-07-08;10;1736.2888217686864
11;2025-07-08;11;1692.2106118833353
11;2025-07-08;12;1664.5784164672211
11;2025-07-08;13;1796.3744633401652
11;2025-07-08;14;1788.3241398076575
11;2025-07-08;15;1886.397157725642
11;2025-07-08;16;2104.885010801712
11;2025-07-08;17;2701.95632955626
11;2025-07-08;18;2922.3179912771047
11;2025-07-08;19;2287.024475150585
11;2025-07-08;20;1644.1088766177484
11;2025-07-08;21;1023.8788430023103
11;2025-07-08;22;547.0952794165851
11;2025-07-08;23;294.3975688292972
11;2025-07-09;0;78.9736413384625
11;2025-07-09;1;0.0
11;2025-07-09;2;0.0
11;2025-07-09;3;0.0
11;2025-07-09;4;0.0
11;2025-07-09;5;295.6857988984119
11;2025-07-09;6;1329.5212359326792
11;2025-07-09;7;2237.3710462416007
11;2025-07-09;8;3018.1110431074903
11;2025-07-09;9;2305.212410889264
11;2025-07-09;10;1841.2146109480439
11;2025-07-09;11;1754.1203839595175
11;2025-07-09;12;1774.0060616332103
11;2025-07-09;13;1913.9542498264354
11;2025-07-09;14;1846.5602215668582
11;2025-07-09;15;1989.8135500806852
11;2025-07-09;16;2132.5225764960433
11;2025-07-09;17;2722.9858742873266
11;2025-07-09;18;2944.147122428507
11;2025-07-09;19;2414.9635975008187
11;2025-07-09;20;1759.125286923202
11;2025-07-09;21;1100.4626305024105
11;2025-07-09;22;615.6647627960058
11;2025-07-09;23;335.03861340632847
11;2025-07-10;0;83.42015903155371
11;2025-07-10;1;0.0
11;2025-07-10;2;0.0
11;2025-07-10;3;0.0
11;2025-07-10;4;0.0
11;2025-07-10;5;302.87846753414317
11;2025-07-10;6;1323.6068361633443
11;2025-07-10;7;2236.5067571147342
11;2025-07-10;8;2959.458202400096
11;2025-07-10;9;2388.7734020084645
11;2025-07-10;10;1841.1791530734413
11;2025-07-10;11;1789.3979340154542
11;2025-07-10;12;1793.258570964008
11;2025-07-10;13;1917.975303421762
11;2025-07-10;14;1883.1734607269525
11;2025-07-10;15;1978.650031839802
11;2025-07-10;16;2180.977554894775
11;2025-07-10;17;2772.040380601412
11;2025-07-10;18;2994.7453164991857
11;2025-07-10;19;2380.3237637566626
11;2025-07-10;20;1714.3661133741898
11;2025-07-10;21;1109.2462508146878
11;2025-07-10;22;615.7154617571668
11;2025-07-10;23;326.96688844592086
11;2025-07-11;0;87.1926360735045
11;2025-07-11;1;0.0
11;2025-07-11;2;0.0
11;2025-07-11;3;0.0
11;2025-07-11;4;0.0
11;2025-07-11;5;295.18835896243627
11;2025-07-11;6;1316.7548777339139
11;2025-07-11;7;2127.0982030104815
11;2025-07-11;8;2863.873047378146
11;2025-07-11;9;2247.288453288944
11;2025-07-11;10;1851.2026108361956
11;2025-07-11;11;1788.104147677863
11;2025-07-11;12;1787.6870336792317
11;2025-07-11;13;1874.8123954579614
11;2025-07-11;14;1890.6329737380083
11;2025-07-11;15;2131.302381049491
11;2025-07-11;16;2364.1845118598826
11;2025-07-11;17;2756.716639456561
11;2025-07-11;18;2503.2271209002492
11;2025-07-11;19;2144.5281248203005
11;2025-07-11;20;1637.8542531395078
11;2025-07-11;21;1050.6380970729224
11;2025-07-11;22;616.5514775209763
11;2025-07-11;23;357.73091987052896
11;2025-07-12;0;111.49860676253931
11;2025-07-12;1;0.0
11;2025-07-12;2;0.0
11;2025-07-12;3;0.0
11;2025-07-12;4;0.0
11;2025-07-12;5;184.60352650846733
11;2025-07-12;6;735.7145316901908
11;2025-07-12;7;663.0597110687459
11;2025-07-12;8;910.75542225799
11;2025-07-12;9;1058.109427394026
11;2025-07-12;10;1117.1985892396574
11;2025-07-12;11;1434.8784356276628
11;2025-07-12;12;1510.5062623718777
11;2025-07-12;13;1505.8348849387348
11;2025-07-12;14;1497.423049740624
11;2025-07-12;15;1478.5372201198688
11;2025-07-12;16;1480.7903503198927
11;2025-07-12;17;1558.7411918342045
11;2025-07-12;18;1456.820026958744
11;2025-07-12;19;1454.3771573548565
11;2025-07-12;20;1219.610615839105
11;2025-07-12;21;895.9608753621093
11;2025-07-12;22;518.7471864711679
11;2025-07-12;23;360.1042261640221
11;2025-07-13;0;102.37001054919492
11;2025-07-13;1;0.0
11;2025-07-13;2;0.0
11;2025-07-13;3;0.0
11;2025-07-13;4;0.0
11;2025-07-13;5;124.1794422016668
11;2025-07-13;6;519.7295005996693
11;2025-07-13;7;519.5443900234064
11;2025-07-13;8;639.9525300796419
11;2025-07-13;9;807.5538426448046
11;2025-07-13;10;912.0809588644022
11;2025-07-13;11;1157.1209132570345
11;2025-07-13;12;1249.7511274379654
11;2025-07-13;13;1240.8588422112744
11;2025-07-13;14;1276.549974356571
11;2025-07-13;15;1258.367106897218
11;2025-07-13;16;1242.2715813308719
11;2025-07-13;17;1335.087951982062
11;2025-07-13;18;1224.7434681489337
11;2025-07-13;19;1123.1635826161155
11;2025-07-13;20;997.8708878669108
11;2025-07-13;21;729.8932179763005
11;2025-07-13;22;421.63862266208537
11;2025-07-13;23;275.4488453252043
11;2025-07-14;0;79.25508363743106
11;2025-07-14;1;0.0
11;2025-07-14;2;0.0
11;2025-07-14;3;0.0
11;2025-07-14;4;0.0
11;2025-07-14;5;270.57549273236714
11;2025-07-14;6;1270.7796815472134
11;2025-07-14;7;2052.8900155476513
11;2025-07-14;8;2753.1062452221236
11;2025-07-14;9;2156.068682866351
11;2025-07-14;10;1626.8094646343957
11;2025-07-14;11;1606.6485714336195
11;2025-07-14;12;1531.8472378473598
11;2025-07-14;13;1651.160104184692
11;2025-07-14;14;1606.9947378585857
11;2025-07-14;15;1711.7651759794485
11;2025-07-14;16;1945.2558139059242
11;2025-07-14;17;2501.936736479025
11;2025-07-14;18;2809.1334760121063
11;2025-07-14;19;2230.832909368045
11;2025-07-14;20;1592.9181151980424
11;2025-07-14;21;929.443160389265
11;2025-07-14;22;519.6602154692733
11;2025-07-14;23;264.9918286150325
11;2025-07-15;0;76.95834429892936
11;2025-07-15;1;0.0
11;2025-07-15;2;0.0
11;2025-07-15;3;0.0
11;2025-07-15;4;0.0
11;2025-07-15;5;269.5096847698029
11;2025-07-15;6;1290.1240191648399
11;2025-07-15;7;2090.3130636669594
11;2025-07-15;8;2791.63025127279
11;2025-07-15;9;2197.015208711061
11;2025-07-15;10;1684.2073223811594
11;2025-07-15;11;1633.2210631471448
11;2025-07-15;12;1600.0128360419756
11;2025-07-15;13;1720.5161872686956
11;2025-07-15;14;1703.9575969934958
11;2025-07-15;15;1800.5314239552217
11;2025-07-15;16;2018.999313921529
11;2025-07-15;17;2614.276292156598
11;2025-07-15;18;2833.5804825701475
11;2025-07-15;19;2220.628326811851
11;2025-07-15;20;1605.1704484790362
11;2025-07-15;21;1000.8587845742669
11;2025-07-15;22;537.550321405387
11;2025-07-15;23;289.89220926830995
11;2025-07-16;0;79.21444581531193
11;2025-07-16;1;0.0
11;2025-07-16;2;0.0
11;2025-07-16;3;0.0
11;2025-07-16;4;0.0
11;2025-07-16;5;291.817315785539
11;2025-07-16;6;1308.7841548217407
11;2025-07-16;7;2201.0837332403376
11;2025-07-16;8;2958.7438218877314
11;2025-07-16;9;2258.167569128984
11;2025-07-16;10;1808.3347975317035
11;2025-07-16;11;1722.4533598459784
11;2025-07-16;12;1739.5379336274668
11;2025-07-16;13;1875.1547881949232
11;2025-07-16;14;1807.0623885621444
11;2025-07-16;15;1955.5555802592226
11;2025-07-16;16;2089.839806004119
11;2025-07-16;17;2682.6237098639363
11;2025-07-16;18;2899.1740745101733
11;2025-07-16;19;2378.6966564139457
11;2025-07-16;20;1738.5812143751746
11;2025-07-16;21;1088.3562896249582
11;2025-07-16;22;611.0121622721756
11;2025-07-16;23;332.979315617844
11;2025-07-17;0;82.20855086599323
11;2025-07-17;1;0.0
11;2025-07-17;2;0.0
11;2025-07-17;3;0.0
11;2025-07-17;4;0.0
11;2025-07-17;5;293.5841998842617
11;2025-07-17;6;1284.5638215024296
11;2025-07-17;7;2172.769656964957
11;2025-07-17;8;2870.1156100310855
11;2025-07-17;9;2311.0711304895176
11;2025-07-17;10;1788.8784558838574
11;2025-07-17;11;1734.1730236353105
11;2025-07-17;12;1736.0970827746714
11;2025-07-17;13;1854.8241487094228
11;2025-07-17;14;1820.1032134304633
11;2025-07-17;15;1921.0580708939021
11;2025-07-17;16;2114.6147520015284
11;2025-07-17;17;2699.371189531721
11;2025-07-17;18;2913.4220678851266
11;2025-07-17;19;2309.357879271407
11;2025-07-17;20;1663.643273782791
11;2025-07-17;21;1075.7114578144576
11;2025-07-17;22;596.3214912887414
11;2025-07-17;23;317.5387038652458
11;2025-07-18;0;87.44403482210932
11;2025-07-18;1;0.0
11;2025-07-18;2;0.0
11;2025-07-18;3;0.0
11;2025-07-18;4;0.0
11;2025-07-18;5;292.9913800359576
11;2025-07-18;6;1299.8292447342308
11;2025-07-18;7;2099.4848094225877
11;2025-07-18;8;2817.9742951152616
11;2025-07-18;9;2212.0391184735163
11;2025-07-18;10;1830.0765058474162
11;2025-07-18;11;1768.0725805714621
11;2025-07-18;12;1766.467984660339
11;2025-07-18;13;1852.8525544590004
11;2025-07-18;14;1865.3564157004207
11;2025-07-18;15;2100.667841495041
11;2025-07-18;16;2330.701566226184
11;2025-07-18;17;2727.2570238137087
11;2025-07-18;18;2481.302620989281
11;2025-07-18;19;2122.3847463011416
11;2025-07-18;20;1630.405738183925
11;2025-07-18;21;1047.0670136725662
11;2025-07-18;22;615.2295474043665
11;2025-07-18;23;358.07622413237016
11;2025-07-19;0;111.18865706246886
11;2025-07-19;1;0.0
11;2025-07-19;2;0.0
11;2025-07-19;3;0.0
11;2025-07-19;4;0.0
11;2025-07-19;5;182.96573325004246
11;2025-07-19;6;723.0949813371817
11;2025-07-19;7;651.7961117296115
11;2025-07-19;8;894.7059957716581
11;2025-07-19;9;1045.022916534109
11;2025-07-19;10;1101.6041600829672
11;2025-07-19;11;1413.0381827192077
11;2025-07-19;12;1484.7491835868695
11;2025-07-19;13;1481.6998271516507
11;2025-07-19;14;1470.8543409567355
11;2025-07-19;15;1475.0152982332045
11;2025-07-19;16;1452.3028750827825
11;2025-07-19;17;1532.0397863242763
11;2025-07-19;18;1435.7511159403687
11;2025-07-19;19;1438.9028636328214
11;2025-07-19;20;1211.5140491601417
11;2025-07-19;21;890.3693942278921
11;2025-07-19;22;516.6925947581415
11;2025-07-19;23;358.9040050950084
11;2025-07-20;0;104.27110454212428
11;2025-07-20;1;0.0
11;2025-07-20;2;0.0
11;2025-07-20;3;0.0
11;2025-07-20;4;0.0
11;2025-07-20;5;125.1752070284831
11;2025-07-20;6;522.3023181861956
11;2025-07-20;7;520.4601810622652
11;2025-07-20;8;645.2828838538792
11;2025-07-20;9;814.7709939935614
11;2025-07-20;10;924.0565715984214
11;2025-07-20;11;1174.9141945036658
11;2025-07-20;12;1269.0788070150393
11;2025-07-20;13;1262.005337887907
11;2025-07-20;14;1298.3534863640725
11;2025-07-20;15;1295.1480924545926
11;2025-07-20;16;1263.0162890123524
11;2025-07-20;17;1352.8261638447166
11;2025-07-20;18;1234.3251556008977
11;2025-07-20;19;1132.722941980439
11;2025-07-20;20;1007.4187411882881
11;2025-07-20;21;738.0278806050359
11;2025-07-20;22;426.5425067416879
11;2025-07-20;23;279.54638936002567
11;2025-07-21;0;77.68405199276731
11;2025-07-21;1;0.0
11;2025-07-21;2;0.0
11;2025-07-21;3;0.0
11;2025-07-21;4;0.0
11;2025-07-21;5;269.3701203940341
11;2025-07-21;6;1244.3541345664203
11;2025-07-21;7;2009.3728406299026
11;2025-07-21;8;2697.6865185914376
11;2025-07-21;9;2112.061463933277
11;2025-07-21;10;1592.6411277166053
11;2025-07-21;11;1569.942536390622
11;2025-07-21;12;1496.3019298881786
11;2025-07-21;13;1615.4390876259624
11;2025-07-21;14;1572.6852637552752
11;2025-07-21;15;1675.8283207402
11;2025-07-21;16;1904.9339942650572
11;2025-07-21;17;2445.277775119088
11;2025-07-21;18;2743.740552736887
11;2025-07-21;19;2177.9109814408857
11;2025-07-21;20;1558.7954330976245
11;2025-07-21;21;910.9610983175844
11;2025-07-21;22;508.5162844965035
11;2025-07-21;23;259.98182466498145
11;2025-07-22;0;77.29763337456868
11;2025-07-22;1;0.0
11;2025-07-22;2;0.0
11;2025-07-22;3;0.0
11;2025-07-22;4;0.0
11;2025-07-22;5;269.4764893829845
11;2025-07-22;6;1285.6030440158472
11;2025-07-22;7;2084.511465932983
11;2025-07-22;8;2787.1004469483787
11;2025-07-22;9;2194.1521663018107
11;2025-07-22;10;1681.1536152750743
11;2025-07-22;11;1634.1440798596761
11;2025-07-22;12;1602.0323654220651
11;2025-07-22;13;1723.5998143370516
11;2025-07-22;14;1707.1843333659212
11;2025-07-22;15;1804.0641421642413
11;2025-07-22;16;2021.779371768974
11;2025-07-22;17;2612.2729560698235
11;2025-07-22;18;2830.3434494077337
11;2025-07-22;19;2215.4276063335956
11;2025-07-22;20;1602.5195730576847
11;2025-07-22;21;1000.1643735747211
11;2025-07-22;22;536.4515995297472
11;2025-07-22;23;290.4698023766564
11;2025-07-23;0;78.17939061218513
11;2025-07-23;1;0.0
11;2025-07-23;2;0.0
11;2025-07-23;3;0.0
11;2025-07-23;4;0.0
11;2025-07-23;5;286.96406373638024
11;2025-07-23;6;1281.118219955149
11;2025-07-23;7;2161.5117521715893
11;2025-07-23;8;2905.5998299542093
11;2025-07-23;9;2223.098260339708
11;2025-07-23;10;1777.4475434583333
11;2025-07-23;11;1696.7324956191828
11;2025-07-23;12;1713.3113270036165
11;2025-07-23;13;1847.2046030430888
11;2025-07-23;14;1777.9122563592066
11;2025-07-23;15;1923.3248955531462
11;2025-07-23;16;2056.938127384502
11;2025-07-23;17;2634.2892079619514
11;2025-07-23;18;2853.087495145597
11;2025-07-23;19;2335.2373358858404
11;2025-07-23;20;1706.1369268526919
11;2025-07-23;21;1067.8153715849044
11;2025-07-23;22;597.7449777707977
11;2025-07-23;23;326.8983638352432
11;2025-07-24;0;83.06008166041761
11;2025-07-24;1;0.0
11;2025-07-24;2;0.0
11;2025-07-24;3;0.0
11;2025-07-24;4;0.0
11;2025-07-24;5;295.4595384733373
11;2025-07-24;6;1286.2681671240466
11;2025-07-24;7;2177.077215004123
11;2025-07-24;8;2876.7955306468784
11;2025-07-24;9;2315.7113621152484
11;2025-07-24;10;1791.5222344146182
11;2025-07-24;11;1741.7261347121344
11;2025-07-24;12;1746.1070770450906
11;2025-07-24;13;1868.3812825097916
11;2025-07-24;14;1828.9584283333502
11;2025-07-24;15;1918.876767642288
11;2025-07-24;16;2123.3078562565515
11;2025-07-24;17;2710.429388755106
11;2025-07-24;18;2919.8804486102485
11;2025-07-24;19;2314.6556139531986
11;2025-07-24;20;1672.8594333082467
11;2025-07-24;21;1083.0824682925859
11;2025-07-24;22;598.9139709182829
11;2025-07-24;23;320.56238862864376
11;2025-07-25;0;86.35686804364173
11;2025-07-25;1;0.0
11;2025-07-25;2;0.0
11;2025-07-25;3;0.0
11;2025-07-25;4;0.0
11;2025-07-25;5;287.2736070221278
11;2025-07-25;6;1279.8121390750691
11;2025-07-25;7;2070.818202380836
11;2025-07-25;8;2777.0170422925066
11;2025-07-25;9;2172.9168538251697
11;2025-07-25;10;1796.9546976332283
11;2025-07-25;11;1741.3222017524618
11;2025-07-25;12;1741.2857670037456
11;2025-07-25;13;1824.5938812599713
11;2025-07-25;14;1838.2009366547345
11;2025-07-25;15;2070.2478745038998
11;2025-07-25;16;2305.646412856926
11;2025-07-25;17;2692.924261313387
11;2025-07-25;18;2442.004864169673
11;2025-07-25;19;2076.3339868621997
11;2025-07-25;20;1587.690731783065
11;2025-07-25;21;1019.6577201514932
11;2025-07-25;22;597.6346959726367
11;2025-07-25;23;348.4786530399449
11;2025-07-26;0;116.60419272405949
11;2025-07-26;1;0.0
11;2025-07-26;2;0.0
11;2025-07-26;3;0.0
11;2025-07-26;4;0.0
11;2025-07-26;5;190.75249498674953
11;2025-07-26;6;752.8204310053358
11;2025-07-26;7;676.8728287917072
11;2025-07-26;8;935.6100989584811
11;2025-07-26;9;1083.3754906220468
11;2025-07-26;10;1139.0403544834508
11;2025-07-26;11;1462.406549715797
11;2025-07-26;12;1537.3997592085948
11;2025-07-26;13;1536.9708298817839
11;2025-07-26;14;1526.119048644724
11;2025-07-26;15;1533.9830631917275
11;2025-07-26;16;1514.2981562350533
11;2025-07-26;17;1602.8120933982032
11;2025-07-26;18;1499.8956889050096
11;2025-07-26;19;1502.091345799354
11;2025-07-26;20;1263.1951369972967
11;2025-07-26;21;929.4552549313894
11;2025-07-26;22;539.3010402907078
11;2025-07-26;23;375.3886824420935
11;2025-07-27;0;111.7812819925127
11;2025-07-27;1;0.0
11;2025-07-27;2;0.0
11;2025-07-27;3;0.0
11;2025-07-27;4;0.0
11;2025-07-27;5;133.05071353545955
11;2025-07-27;6;539.0483219940753
11;2025-07-27;7;509.90079531134796
11;2025-07-27;8;655.3057754363733
11;2025-07-27;9;856.4879700185396
11;2025-07-27;10;968.0642041678543
11;2025-07-27;11;1240.385133089143
11;2025-07-27;12;1344.5652048230459
11;2025-07-27;13;1342.0959461687232
11;2025-07-27;14;1380.8187254765785
11;2025-07-27;15;1382.9354893434527
11;2025-07-27;16;1346.4338572683382
11;2025-07-27;17;1443.9123158994653
11;2025-07-27;18;1317.7066048656502
11;2025-07-27;19;1209.0043074623436
11;2025-07-27;20;1073.8245781367636
11;2025-07-27;21;788.9382738094571
11;2025-07-27;22;456.04581760469273
11;2025-07-27;23;299.1047821838843
11;2025-07-28;0;83.63993511576075
11;2025-07-28;1;0.0
11;2025-07-28;2;0.0
11;2025-07-28;3;0.0
11;2025-07-28;4;0.0
11;2025-07-28;5;286.3132823607675
11;2025-07-28;6;1326.885390207717
11;2025-07-28;7;2135.4986190716363
11;2025-07-28;8;2878.7002428252526
11;2025-07-28;9;2251.407638057316
11;2025-07-28;10;1697.964212020458
11;2025-07-28;11;1697.1550768313991
11;2025-07-28;12;1626.257366520915
11;2025-07-28;13;1765.1070652258209
11;2025-07-28;14;1725.9175284076246
11;2025-07-28;15;1835.5575542783763
11;2025-07-28;16;2078.537409416008
11;2025-07-28;17;2647.441539085611
11;2025-07-28;18;2960.0073208668855
11;2025-07-28;19;2349.749356291033
11;2025-07-28;20;1678.0049364636068
11;2025-07-28;21;981.723082759886
11;2025-07-28;22;545.3937117057321
11;2025-07-28;23;279.14701183103944
11;2025-07-29;0;81.03789370082228
11;2025-07-29;1;0.0
11;2025-07-29;2;0.0
11;2025-07-29;3;0.0
11;2025-07-29;4;0.0
11;2025-07-29;5;288.1724020305729
11;2025-07-29;6;1358.588985419426
11;2025-07-29;7;2195.110352190185
11;2025-07-29;8;2946.4923524203423
11;2025-07-29;9;2318.591343295955
11;2025-07-29;10;1775.7784045338967
11;2025-07-29;11;1741.8840361958305
11;2025-07-29;12;1715.984317757223
11;2025-07-29;13;1868.8057149008923
11;2025-07-29;14;1857.6261232927552
11;2025-07-29;15;1946.2691742970653
11;2025-07-29;16;2175.0668190162683
11;2025-07-29;17;2791.0474239433343
11;2025-07-29;18;3013.3225906904927
11;2025-07-29;19;2356.893987620091
11;2025-07-29;20;1702.726073689082
11;2025-07-29;21;1064.1136082032367
11;2025-07-29;22;567.7449432371616
11;2025-07-29;23;307.4582979549542
11;2025-07-30;0;80.4820331705967
11;2025-07-30;1;0.0
11;2025-07-30;2;0.0
11;2025-07-30;3;0.0
11;2025-07-30;4;0.0
11;2025-07-30;5;297.5641331286656
11;2025-07-30;6;1323.0285302197763
11;2025-07-30;7;2227.8619137366504
11;2025-07-30;8;3003.7441306238643
11;2025-07-30;9;2303.0208507367433
11;2025-07-30;10;1831.8628972916276
11;2025-07-30;11;1753.3105449200398
11;2025-07-30;12;1773.7064724289476
11;2025-07-30;13;1917.0469864143215
11;2025-07-30;14;1845.207865636458
11;2025-07-30;15;1986.1909863344245
11;2025-07-30;16;2134.0029133057024
11;2025-07-30;17;2724.728775280379
11;2025-07-30;18;2952.7237144184874
11;2025-07-30;19;2415.6639676274153
11;2025-07-30;20;1766.593523191666
11;2025-07-30;21;1107.8362226929562
11;2025-07-30;22;616.0643644535215
11;2025-07-30;23;340.18267399452645
11;2025-07-31;0;84.91586788237619
11;2025-07-31;1;0.0
11;2025-07-31;2;0.0
11;2025-07-31;3;0.0
11;2025-07-31;4;0.0
11;2025-07-31;5;301.5676045852051
11;2025-07-31;6;1302.4972666243439
11;2025-07-31;7;2202.7859227369545
11;2025-07-31;8;2906.547762704682
11;2025-07-31;9;2354.37300498497
11;2025-07-31;10;1814.1686157236238
11;2025-07-31;11;1766.4805924349507
11;2025-07-31;12;1770.2529509717579
11;2025-07-31;13;1897.0652589397348
11;2025-07-31;14;1854.9774896903814
11;2025-07-31;15;1952.3173994714025
11;2025-07-31;16;2154.4811139443764
11;2025-07-31;17;2740.2777131394014
11;2025-07-31;18;2967.786723626715
11;2025-07-31;19;2353.389233626729
11;2025-07-31;20;1704.2700517600979
11;2025-07-31;21;1105.3801785759315
11;2025-07-31;22;609.824589336424
11;2025-07-31;23;328.69549805243827
12;2025-06-01;0;94.80369196983398
12;2025-06-01;1;0.0
12;2025-06-01;2;0.0
12;2025-06-01;3;0.0
12;2025-06-01;4;0.0
12;2025-06-01;5;166.45513030256382
12;2025-06-01;6;597.9230534779717
12;2025-06-01;7;644.5580521262805
12;2025-06-01;8;760.9766672106194
12;2025-06-01;9;956.2651278477571
12;2025-06-01;10;1110.240615112473
12;2025-06-01;11;1168.3889205143528
12;2025-06-01;12;1214.7500114359307
12;2025-06-01;13;1350.9215915167001
12;2025-06-01;14;1338.5752637572202
12;2025-06-01;15;1204.4261263221674
12;2025-06-01;16;1255.633034248527
12;2025-06-01;17;1332.8525147408182
12;2025-06-01;18;1193.3574544690214
12;2025-06-01;19;1100.6468737282307
12;2025-06-01;20;927.3823735224764
12;2025-06-01;21;699.6453820148482
12;2025-06-01;22;461.7598451984811
12;2025-06-01;23;261.06243058659487
12;2025-06-02;0;72.49983121325329
12;2025-06-02;1;0.0
12;2025-06-02;2;0.0
12;2025-06-02;3;0.0
12;2025-06-02;4;0.0
12;2025-06-02;5;312.3706141943088
12;2025-06-02;6;1438.0882006723277
12;2025-06-02;7;2514.523228143562
12;2025-06-02;8;3325.8798758874536
12;2025-06-02;9;2439.497063636607
12;2025-06-02;10;1928.30342237376
12;2025-06-02;11;1871.7479157998978
12;2025-06-02;12;1903.8648644581483
12;2025-06-02;13;1855.093357432945
12;2025-06-02;14;1834.6365705830049
12;2025-06-02;15;2071.4588807699843
12;2025-06-02;16;2439.759815354656
12;2025-06-02;17;2829.803756601661
12;2025-06-02;18;3035.557082555576
12;2025-06-02;19;2521.631166915347
12;2025-06-02;20;1727.0391255822456
12;2025-06-02;21;986.8343784942476
12;2025-06-02;22;564.9523430505974
12;2025-06-02;23;280.0338517180798
12;2025-06-03;0;63.82010636772197
12;2025-06-03;1;0.0
12;2025-06-03;2;0.0
12;2025-06-03;3;0.0
12;2025-06-03;4;0.0
12;2025-06-03;5;319.3038280145079
12;2025-06-03;6;1469.9187720829395
12;2025-06-03;7;2600.22648777618
12;2025-06-03;8;3452.7768842392497
12;2025-06-03;9;2510.4425873805167
12;2025-06-03;10;2033.0751949885448
12;2025-06-03;11;1986.0533756025047
12;2025-06-03;12;1962.2168042808512
12;2025-06-03;13;1925.448873470567
12;2025-06-03;14;1885.8051617639553
12;2025-06-03;15;2065.1772424449387
12;2025-06-03;16;2447.0894650966193
12;2025-06-03;17;2863.938248367396
12;2025-06-03;18;3014.075051880587
12;2025-06-03;19;2590.549594306861
12;2025-06-03;20;1784.2345773750494
12;2025-06-03;21;1033.4956101887874
12;2025-06-03;22;634.2449161517188
12;2025-06-03;23;292.8723603377987
12;2025-06-04;0;66.64818499032938
12;2025-06-04;1;0.0
12;2025-06-04;2;0.0
12;2025-06-04;3;0.0
12;2025-06-04;4;0.0
12;2025-06-04;5;324.9013611608089
12;2025-06-04;6;1471.5245310138566
12;2025-06-04;7;2580.5226745664577
12;2025-06-04;8;3382.8767400469296
12;2025-06-04;9;2548.3521446754175
12;2025-06-04;10;2063.1286216283934
12;2025-06-04;11;2073.493778741389
12;2025-06-04;12;2015.2347196798344
12;2025-06-04;13;2042.01203346697
12;2025-06-04;14;2021.4660935961524
12;2025-06-04;15;2210.6148529035618
12;2025-06-04;16;2563.476699273361
12;2025-06-04;17;2916.600833654345
12;2025-06-04;18;3013.5683341468016
12;2025-06-04;19;2557.924189342593
12;2025-06-04;20;1782.4051612492322
12;2025-06-04;21;1100.4569844750004
12;2025-06-04;22;679.3842210423932
12;2025-06-04;23;317.6589832088405
12;2025-06-05;0;71.23168011974519
12;2025-06-05;1;0.0
12;2025-06-05;2;0.0
12;2025-06-05;3;0.0
12;2025-06-05;4;0.0
12;2025-06-05;5;314.5170553936984
12;2025-06-05;6;1448.092273939697
12;2025-06-05;7;2546.6448688618166
12;2025-06-05;8;3380.184156784764
12;2025-06-05;9;2492.6588407830905
12;2025-06-05;10;2054.755757412709
12;2025-06-05;11;2078.3100258042364
12;2025-06-05;12;2049.144958483311
12;2025-06-05;13;1987.3746143915992
12;2025-06-05;14;1984.906456036812
12;2025-06-05;15;2169.167579827254
12;2025-06-05;16;2573.3819554774363
12;2025-06-05;17;2940.065998096317
12;2025-06-05;18;3049.788684519942
12;2025-06-05;19;2611.262227578081
12;2025-06-05;20;1801.3747563730753
12;2025-06-05;21;1105.5126980992154
12;2025-06-05;22;666.2595689969025
12;2025-06-05;23;328.2833540834314
12;2025-06-06;0;76.95185841174475
12;2025-06-06;1;0.0
12;2025-06-06;2;0.0
12;2025-06-06;3;0.0
12;2025-06-06;4;0.0
12;2025-06-06;5;318.6665225291057
12;2025-06-06;6;1459.8878847380836
12;2025-06-06;7;2542.667799715553
12;2025-06-06;8;3305.4432041911587
12;2025-06-06;9;2377.899234632689
12;2025-06-06;10;1968.948308210674
12;2025-06-06;11;2000.9821581582733
12;2025-06-06;12;1966.047889317288
12;2025-06-06;13;1895.6162449304315
12;2025-06-06;14;1947.4730595781803
12;2025-06-06;15;2291.1034063556563
12;2025-06-06;16;2692.3239625314945
12;2025-06-06;17;2826.48084944965
12;2025-06-06;18;2542.8755867961254
12;2025-06-06;19;2321.49174389912
12;2025-06-06;20;1752.895508945388
12;2025-06-06;21;1080.6580119315504
12;2025-06-06;22;692.7447737660368
12;2025-06-06;23;361.8281141259443
12;2025-06-07;0;98.59924888992883
12;2025-06-07;1;0.0
12;2025-06-07;2;0.0
12;2025-06-07;3;0.0
12;2025-06-07;4;0.0
12;2025-06-07;5;208.8809022914005
12;2025-06-07;6;814.6465538303444
12;2025-06-07;7;854.0982694306729
12;2025-06-07;8;958.4253972498884
12;2025-06-07;9;1128.9367357023375
12;2025-06-07;10;1255.9897933111633
12;2025-06-07;11;1300.1502760928104
12;2025-06-07;12;1286.2241913730409
12;2025-06-07;13;1451.0482960115296
12;2025-06-07;14;1385.0270972407602
12;2025-06-07;15;1274.5228996117196
12;2025-06-07;16;1315.6201972389758
12;2025-06-07;17;1331.1321722123075
12;2025-06-07;18;1267.547021367858
12;2025-06-07;19;1370.6770103771883
12;2025-06-07;20;1102.437143185798
12;2025-06-07;21;777.9207862421799
12;2025-06-07;22;509.1226980555833
12;2025-06-07;23;311.3246472422752
12;2025-06-08;0;91.94211626086692
12;2025-06-08;1;0.0
12;2025-06-08;2;0.0
12;2025-06-08;3;0.0
12;2025-06-08;4;0.0
12;2025-06-08;5;160.0027200379035
12;2025-06-08;6;587.1633541432435
12;2025-06-08;7;658.4324954018804
12;2025-06-08;8;766.9527236609981
12;2025-06-08;9;929.3222545039778
12;2025-06-08;10;1064.3584649903114
12;2025-06-08;11;1114.6194257288207
12;2025-06-08;12;1152.1746107172257
12;2025-06-08;13;1278.55738205924
12;2025-06-08;14;1269.5898505906373
12;2025-06-08;15;1123.3691177671676
12;2025-06-08;16;1198.9446552480927
12;2025-06-08;17;1277.9290931303997
12;2025-06-08;18;1148.2466504670701
12;2025-06-08;19;1059.474077911539
12;2025-06-08;20;895.0810868045248
12;2025-06-08;21;679.383886050341
12;2025-06-08;22;450.2817666650559
12;2025-06-08;23;254.40712750868505
12;2025-06-09;0;76.81419332135931
12;2025-06-09;1;0.0
12;2025-06-09;2;0.0
12;2025-06-09;3;0.0
12;2025-06-09;4;0.0
12;2025-06-09;5;309.6946458323051
12;2025-06-09;6;1418.4658971675935
12;2025-06-09;7;2470.6916689403915
12;2025-06-09;8;3273.2517486769475
12;2025-06-09;9;2401.982817672715
12;2025-06-09;10;1903.0471912673431
12;2025-06-09;11;1838.2026009118638
12;2025-06-09;12;1868.663099802055
12;2025-06-09;13;1813.3924958385016
12;2025-06-09;14;1791.8696028260983
12;2025-06-09;15;2003.2452398282471
12;2025-06-09;16;2384.974140480903
12;2025-06-09;17;2782.6093485883353
12;2025-06-09;18;2989.900373414746
12;2025-06-09;19;2488.368773052566
12;2025-06-09;20;1709.600730099054
12;2025-06-09;21;978.245448257614
12;2025-06-09;22;563.0754326561516
12;2025-06-09;23;289.11824621372455
12;2025-06-10;0;58.68003082597155
12;2025-06-10;1;0.0
12;2025-06-10;2;0.0
12;2025-06-10;3;0.0
12;2025-06-10;4;0.0
12;2025-06-10;5;321.64388416674717
12;2025-06-10;6;1477.551737860556
12;2025-06-10;7;2628.057596944709
12;2025-06-10;8;3498.272222292548
12;2025-06-10;9;2533.8788501401723
12;2025-06-10;10;2048.5067538517724
12;2025-06-10;11;2010.7062567631554
12;2025-06-10;12;1988.068801401824
12;2025-06-10;13;1963.3517397985033
12;2025-06-10;14;1924.2519814769316
12;2025-06-10;15;2110.826527585081
12;2025-06-10;16;2508.9146274563773
12;2025-06-10;17;2908.8193274023815
12;2025-06-10;18;3057.487478118609
12;2025-06-10;19;2612.5671698777624
12;2025-06-10;20;1782.411163205144
12;2025-06-10;21;1027.5950049373562
12;2025-06-10;22;636.1201688516854
12;2025-06-10;23;288.9058191072447
12;2025-06-11;0;65.83685136843303
12;2025-06-11;1;0.0
12;2025-06-11;2;0.0
12;2025-06-11;3;0.0
12;2025-06-11;4;0.0
12;2025-06-11;5;320.525118033417
12;2025-06-11;6;1453.2177417230928
12;2025-06-11;7;2548.2337872557127
12;2025-06-11;8;3345.373777040152
12;2025-06-11;9;2519.4147836520747
12;2025-06-11;10;2033.1728073356928
12;2025-06-11;11;2042.4032330472503
12;2025-06-11;12;1990.255844614757
12;2025-06-11;13;2019.5311829061823
12;2025-06-11;14;1997.6208335571664
12;2025-06-11;15;2178.9458541803915
12;2025-06-11;16;2527.523036273682
12;2025-06-11;17;2873.7186760628138
12;2025-06-11;18;2965.4597016833814
12;2025-06-11;19;2514.7124530686006
12;2025-06-11;20;1753.6238245241695
12;2025-06-11;21;1082.388561130986
12;2025-06-11;22;670.6458578528818
12;2025-06-11;23;312.35571982969384
12;2025-06-12;0;92.93645920790253
12;2025-06-12;1;0.0
12;2025-06-12;2;0.0
12;2025-06-12;3;0.0
12;2025-06-12;4;0.0
12;2025-06-12;5;180.24604379935047
12;2025-06-12;6;664.6544384361966
12;2025-06-12;7;690.6882493655842
12;2025-06-12;8;758.0800835452744
12;2025-06-12;9;932.3717094805734
12;2025-06-12;10;1061.952576833477
12;2025-06-12;11;1114.5890888229728
12;2025-06-12;12;1177.601430453812
12;2025-06-12;13;1339.1663692921863
12;2025-06-12;14;1310.8717902566768
12;2025-06-12;15;1206.7587929837607
12;2025-06-12;16;1236.3958360809306
12;2025-06-12;17;1282.662837630773
12;2025-06-12;18;1192.2334838292854
12;2025-06-12;19;1200.6179116810117
12;2025-06-12;20;986.6844378414403
12;2025-06-12;21;725.9692155648993
12;2025-06-12;22;485.9939494254329
12;2025-06-12;23;281.3548686300355
12;2025-06-13;0;87.23768010174715
12;2025-06-13;1;0.0
12;2025-06-13;2;0.0
12;2025-06-13;3;0.0
12;2025-06-13;4;0.0
12;2025-06-13;5;168.80705009107174
12;2025-06-13;6;638.2748446063645
12;2025-06-13;7;692.5085197016251
12;2025-06-13;8;760.4942386139198
12;2025-06-13;9;892.3523478399927
12;2025-06-13;10;990.8011652725172
12;2025-06-13;11;1031.8760420538558
12;2025-06-13;12;1085.3880379919574
12;2025-06-13;13;1245.5394198163303
12;2025-06-13;14;1220.052809455286
12;2025-06-13;15;1120.9807642630103
12;2025-06-13;16;1158.541135862054
12;2025-06-13;17;1204.397088974497
12;2025-06-13;18;1118.5163516009861
12;2025-06-13;19;1127.0835788606144
12;2025-06-13;20;925.5518312396832
12;2025-06-13;21;680.7406968427854
12;2025-06-13;22;455.70180017723777
12;2025-06-13;23;262.44875942479916
12;2025-06-14;0;95.27641700629817
12;2025-06-14;1;0.0
12;2025-06-14;2;0.0
12;2025-06-14;3;0.0
12;2025-06-14;4;0.0
12;2025-06-14;5;201.87280457086334
12;2025-06-14;6;789.6261706782
12;2025-06-14;7;826.7843625686321
12;2025-06-14;8;929.2767987798838
12;2025-06-14;9;1099.4722463344283
12;2025-06-14;10;1231.8200885987612
12;2025-06-14;11;1282.6385284281487
12;2025-06-14;12;1274.577806336492
12;2025-06-14;13;1435.0562483241447
12;2025-06-14;14;1369.3285778417176
12;2025-06-14;15;1273.2609836382148
12;2025-06-14;16;1293.4668383865846
12;2025-06-14;17;1302.7702506333974
12;2025-06-14;18;1226.66617522179
12;2025-06-14;19;1319.4397707888365
12;2025-06-14;20;1062.6854217628825
12;2025-06-14;21;744.0345148071842
12;2025-06-14;22;486.6162932092691
12;2025-06-14;23;295.85862474197165
12;2025-06-15;0;89.79732597628993
12;2025-06-15;1;0.0
12;2025-06-15;2;0.0
12;2025-06-15;3;0.0
12;2025-06-15;4;0.0
12;2025-06-15;5;157.3388536388436
12;2025-06-15;6;574.927186986669
12;2025-06-15;7;644.1188701871423
12;2025-06-15;8;750.9609237478217
12;2025-06-15;9;912.0696626490869
12;2025-06-15;10;1054.6559450027335
12;2025-06-15;11;1110.2330099622632
12;2025-06-15;12;1152.381278933216
12;2025-06-15;13;1276.5626112205287
12;2025-06-15;14;1266.4451755729567
12;2025-06-15;15;1128.8234604876689
12;2025-06-15;16;1186.3990241129584
12;2025-06-15;17;1260.1761449898554
12;2025-06-15;18;1121.6550669047588
12;2025-06-15;19;1027.6308972928746
12;2025-06-15;20;868.2587689684906
12;2025-06-15;21;655.7467549281962
12;2025-06-15;22;434.06324325026924
12;2025-06-15;23;240.71109182410999
12;2025-06-16;0;77.4606383581736
12;2025-06-16;1;0.0
12;2025-06-16;2;0.0
12;2025-06-16;3;0.0
12;2025-06-16;4;0.0
12;2025-06-16;5;310.7654921632977
12;2025-06-16;6;1419.9816168953043
12;2025-06-16;7;2474.4931593094284
12;2025-06-16;8;3285.2872260520026
12;2025-06-16;9;2412.254794663924
12;2025-06-16;10;1905.7103745533677
12;2025-06-16;11;1844.6644949770475
12;2025-06-16;12;1877.224228505665
12;2025-06-16;13;1830.2752266267298
12;2025-06-16;14;1800.5062326237485
12;2025-06-16;15;2033.0817828097543
12;2025-06-16;16;2398.561287050451
12;2025-06-16;17;2791.1958854248896
12;2025-06-16;18;3003.4540133402443
12;2025-06-16;19;2497.618621229457
12;2025-06-16;20;1724.3626310414006
12;2025-06-16;21;987.9756451638237
12;2025-06-16;22;567.3827794958619
12;2025-06-16;23;293.05650048469363
12;2025-06-17;0;58.75789961562077
12;2025-06-17;1;0.0
12;2025-06-17;2;0.0
12;2025-06-17;3;0.0
12;2025-06-17;4;0.0
12;2025-06-17;5;302.1145789531703
12;2025-06-17;6;1392.183111537171
12;2025-06-17;7;2473.2663037589145
12;2025-06-17;8;3271.482180161963
12;2025-06-17;9;2390.5596361085154
12;2025-06-17;10;1925.2382841679764
12;2025-06-17;11;1867.549664779877
12;2025-06-17;12;1839.1599995540746
12;2025-06-17;13;1788.527912483132
12;2025-06-17;14;1749.028659020913
12;2025-06-17;15;1912.0566715405726
12;2025-06-17;16;2300.0589369215195
12;2025-06-17;17;2695.9477079576573
12;2025-06-17;18;2857.02228384893
12;2025-06-17;19;2440.911620047852
12;2025-06-17;20;1675.1873536268308
12;2025-06-17;21;968.951799289021
12;2025-06-17;22;596.0176169010497
12;2025-06-17;23;276.3995773950884
12;2025-06-18;0;63.49786501403615
12;2025-06-18;1;0.0
12;2025-06-18;2;0.0
12;2025-06-18;3;0.0
12;2025-06-18;4;0.0
12;2025-06-18;5;304.82489239808456
12;2025-06-18;6;1384.1423225749782
12;2025-06-18;7;2438.754589222128
12;2025-06-18;8;3186.3232946581165
12;2025-06-18;9;2408.468266408953
12;2025-06-18;10;1931.016325162013
12;2025-06-18;11;1925.8264822154224
12;2025-06-18;12;1866.8201635995779
12;2025-06-18;13;1876.6653376640713
12;2025-06-18;14;1856.6872884712789
12;2025-06-18;15;2022.5904091184182
12;2025-06-18;16;2374.0249017018596
12;2025-06-18;17;2718.149355662492
12;2025-06-18;18;2823.6046169519004
12;2025-06-18;19;2396.017449254865
12;2025-06-18;20;1665.9070908202395
12;2025-06-18;21;1026.7242674731926
12;2025-06-18;22;637.6934882404636
12;2025-06-18;23;297.5143571303083
12;2025-06-19;0;64.34830478377219
12;2025-06-19;1;0.0
12;2025-06-19;2;0.0
12;2025-06-19;3;0.0
12;2025-06-19;4;0.0
12;2025-06-19;5;301.33226041783473
12;2025-06-19;6;1388.5653814612965
12;2025-06-19;7;2449.0014576409912
12;2025-06-19;8;3237.601405833553
12;2025-06-19;9;2402.520401347144
12;2025-06-19;10;1970.8469522014857
12;2025-06-19;11;1997.737656223832
12;2025-06-19;12;1973.8248687376881
12;2025-06-19;13;1908.3881007708655
12;2025-06-19;14;1915.7181659041448
12;2025-06-19;15;2085.043466662567
12;2025-06-19;16;2473.458639852916
12;2025-06-19;17;2813.3795299360154
12;2025-06-19;18;2924.884892871308
12;2025-06-19;19;2497.1597160748997
12;2025-06-19;20;1708.3856436095925
12;2025-06-19;21;1041.6243671198126
12;2025-06-19;22;630.6986308066018
12;2025-06-19;23;307.50052739544225
12;2025-06-20;0;65.05459530004299
12;2025-06-20;1;0.0
12;2025-06-20;2;0.0
12;2025-06-20;3;0.0
12;2025-06-20;4;0.0
12;2025-06-20;5;300.1047263499207
12;2025-06-20;6;1383.3216571258085
12;2025-06-20;7;2433.3887091654087
12;2025-06-20;8;3138.6911112049897
12;2025-06-20;9;2265.8530696744483
12;2025-06-20;10;1869.1746390335952
12;2025-06-20;11;1914.0956329719534
12;2025-06-20;12;1887.3464212236354
12;2025-06-20;13;1815.8385594005626
12;2025-06-20;14;1868.6579128633489
12;2025-06-20;15;2186.2537722428438
12;2025-06-20;16;2563.704558292334
12;2025-06-20;17;2668.313940736888
12;2025-06-20;18;2385.265349190701
12;2025-06-20;19;2171.970921739182
12;2025-06-20;20;1634.3622519815913
12;2025-06-20;21;1000.9578518046742
12;2025-06-20;22;643.0394957404776
12;2025-06-20;23;319.4082135654885
12;2025-06-21;0;99.13836698057511
12;2025-06-21;1;0.0
12;2025-06-21;2;0.0
12;2025-06-21;3;0.0
12;2025-06-21;4;0.0
12;2025-06-21;5;214.79571025008877
12;2025-06-21;6;830.3540237863738
12;2025-06-21;7;866.2547752924974
12;2025-06-21;8;968.7541684902191
12;2025-06-21;9;1144.0558006666975
12;2025-06-21;10;1290.3936560132158
12;2025-06-21;11;1348.9749643371324
12;2025-06-21;12;1342.0498325012904
12;2025-06-21;13;1516.624452112047
12;2025-06-21;14;1444.7572915538221
12;2025-06-21;15;1347.4049329161885
12;2025-06-21;16;1362.1426168997039
12;2025-06-21;17;1370.1313093704648
12;2025-06-21;18;1289.6449296328865
12;2025-06-21;19;1386.9625137571088
12;2025-06-21;20;1122.8456163166948
12;2025-06-21;21;787.3553115101585
12;2025-06-21;22;515.3825312350432
12;2025-06-21;23;314.02570420667297
12;2025-06-22;0;88.42107546581761
12;2025-06-22;1;0.0
12;2025-06-22;2;0.0
12;2025-06-22;3;0.0
12;2025-06-22;4;0.0
12;2025-06-22;5;158.97221456918905
12;2025-06-22;6;575.5963225612156
12;2025-06-22;7;643.7007070590898
12;2025-06-22;8;746.5249561371396
12;2025-06-22;9;914.3861149793377
12;2025-06-22;10;1056.1778141784052
12;2025-06-22;11;1116.6521686166525
12;2025-06-22;12;1160.986135711175
12;2025-06-22;13;1288.3420626308534
12;2025-06-22;14;1277.5947744687996
12;2025-06-22;15;1142.3981940938002
12;2025-06-22;16;1194.1333832442208
12;2025-06-22;17;1261.0767294036532
12;2025-06-22;18;1123.2838901822545
12;2025-06-22;19;1025.262912345898
12;2025-06-22;20;865.9387064394474
12;2025-06-22;21;654.9955606999268
12;2025-06-22;22;434.69199124485067
12;2025-06-22;23;241.40112673409
12;2025-06-23;0;73.08012138420409
12;2025-06-23;1;0.0
12;2025-06-23;2;0.0
12;2025-06-23;3;0.0
12;2025-06-23;4;0.0
12;2025-06-23;5;310.44346284882164
12;2025-06-23;6;1416.7970325082788
12;2025-06-23;7;2476.063417169499
12;2025-06-23;8;3279.7602188516043
12;2025-06-23;9;2406.702756461061
12;2025-06-23;10;1900.3509693062442
12;2025-06-23;11;1846.8311259201766
12;2025-06-23;12;1879.8542860953548
12;2025-06-23;13;1834.924988111789
12;2025-06-23;14;1818.912938095114
12;2025-06-23;15;2048.654782999607
12;2025-06-23;16;2414.6890869350714
12;2025-06-23;17;2801.6803402018245
12;2025-06-23;18;3004.140289374045
12;2025-06-23;19;2498.3948932883736
12;2025-06-23;20;1713.9067509696436
12;2025-06-23;21;979.9077676532731
12;2025-06-23;22;563.9848346761389
12;2025-06-23;23;281.6455443934759
12;2025-06-24;0;58.124650814863
12;2025-06-24;1;0.0
12;2025-06-24;2;0.0
12;2025-06-24;3;0.0
12;2025-06-24;4;0.0
12;2025-06-24;5;313.34405331421664
12;2025-06-24;6;1429.754454566617
12;2025-06-24;7;2536.087785414318
12;2025-06-24;8;3363.4458353611526
12;2025-06-24;9;2444.1510435787495
12;2025-06-24;10;1974.1184865019102
12;2025-06-24;11;1934.1867826107218
12;2025-06-24;12;1913.5325685719677
12;2025-06-24;13;1884.1781342399604
12;2025-06-24;14;1854.0558510253227
12;2025-06-24;15;2024.3788388437379
12;2025-06-24;16;2407.4722545336404
12;2025-06-24;17;2797.3548931466107
12;2025-06-24;18;2951.458407035592
12;2025-06-24;19;2524.593645463695
12;2025-06-24;20;1721.937110930185
12;2025-06-24;21;992.9662574789494
12;2025-06-24;22;615.8708391145683
12;2025-06-24;23;281.8428569840961
12;2025-06-25;0;65.42907907059671
12;2025-06-25;1;0.0
12;2025-06-25;2;0.0
12;2025-06-25;3;0.0
12;2025-06-25;4;0.0
12;2025-06-25;5;316.51238072957585
12;2025-06-25;6;1424.2024481204796
12;2025-06-25;7;2497.087111103033
12;2025-06-25;8;3276.2651342807944
12;2025-06-25;9;2459.361813067458
12;2025-06-25;10;1986.9391920833766
12;2025-06-25;11;1993.522513691898
12;2025-06-25;12;1941.1370305761575
12;2025-06-25;13;1966.200329832636
12;2025-06-25;14;1954.2091347280943
12;2025-06-25;15;2130.439999863559
12;2025-06-25;16;2479.4275470676635
12;2025-06-25;17;2825.322676644705
12;2025-06-25;18;2915.0024724440264
12;2025-06-25;19;2472.637757070999
12;2025-06-25;20;1721.2356987527862
12;2025-06-25;21;1063.9022325516635
12;2025-06-25;22;661.3193929482276
12;2025-06-25;23;309.29214049215204
12;2025-06-26;0;63.466733063409286
12;2025-06-26;1;0.0
12;2025-06-26;2;0.0
12;2025-06-26;3;0.0
12;2025-06-26;4;0.0
12;2025-06-26;5;297.4537890726763
12;2025-06-26;6;1367.635881670311
12;2025-06-26;7;2416.217818095188
12;2025-06-26;8;3184.1620667361576
12;2025-06-26;9;2362.527871080829
12;2025-06-26;10;1926.9656373647558
12;2025-06-26;11;1940.0344223592292
12;2025-06-26;12;1912.58443498724
12;2025-06-26;13;1840.5971639580184
12;2025-06-26;14;1839.906283541049
12;2025-06-26;15;2004.6684040160465
12;2025-06-26;16;2390.443190370501
12;2025-06-26;17;2751.970459180363
12;2025-06-26;18;2871.248971808219
12;2025-06-26;19;2456.4709769528095
12;2025-06-26;20;1684.8889479719612
12;2025-06-26;21;1027.585401174802
12;2025-06-26;22;625.0054621167707
12;2025-06-26;23;306.96022208399313
12;2025-06-27;0;70.91151100516791
12;2025-06-27;1;0.0
12;2025-06-27;2;0.0
12;2025-06-27;3;0.0
12;2025-06-27;4;0.0
12;2025-06-27;5;318.7210192317961
12;2025-06-27;6;1438.8746663840698
12;2025-06-27;7;2512.135831831655
12;2025-06-27;8;3263.2270065843286
12;2025-06-27;9;2344.288954160231
12;2025-06-27;10;1951.298542790138
12;2025-06-27;11;2006.0489553200478
12;2025-06-27;12;1980.988079016481
12;2025-06-27;13;1920.7671931344714
12;2025-06-27;14;1977.9284453764355
12;2025-06-27;15;2315.7093266487827
12;2025-06-27;16;2705.2521803092554
12;2025-06-27;17;2816.324538615836
12;2025-06-27;18;2516.2800152226105
12;2025-06-27;19;2294.140014327082
12;2025-06-27;20;1738.8059518061123
12;2025-06-27;21;1070.8860146038517
12;2025-06-27;22;688.4234744438108
12;2025-06-27;23;344.0978958907163
12;2025-06-28;0;101.78298503211286
12;2025-06-28;1;0.0
12;2025-06-28;2;0.0
12;2025-06-28;3;0.0
12;2025-06-28;4;0.0
12;2025-06-28;5;219.4750508757349
12;2025-06-28;6;844.9042697397392
12;2025-06-28;7;875.6072614768681
12;2025-06-28;8;975.4246945618709
12;2025-06-28;9;1153.6984831454538
12;2025-06-28;10;1296.3498790348594
12;2025-06-28;11;1361.8102441529718
12;2025-06-28;12;1355.6092123872397
12;2025-06-28;13;1536.4523665169745
12;2025-06-28;14;1462.176140610727
12;2025-06-28;15;1367.6718725551746
12;2025-06-28;16;1382.6435176804166
12;2025-06-28;17;1394.606256405034
12;2025-06-28;18;1317.9052628373297
12;2025-06-28;19;1423.867946873503
12;2025-06-28;20;1149.38399406914
12;2025-06-28;21;808.4127843614508
12;2025-06-28;22;530.2671458141901
12;2025-06-28;23;329.45195575802137
12;2025-06-29;0;89.58947032989275
12;2025-06-29;1;0.0
12;2025-06-29;2;0.0
12;2025-06-29;3;0.0
12;2025-06-29;4;0.0
12;2025-06-29;5;157.78766388140036
12;2025-06-29;6;571.9522452139971
12;2025-06-29;7;638.3696395764707
12;2025-06-29;8;738.3815539303146
12;2025-06-29;9;900.7219686676794
12;2025-06-29;10;1036.9237851707162
12;2025-06-29;11;1097.746891623917
12;2025-06-29;12;1142.109604795207
12;2025-06-29;13;1268.595074064855
12;2025-06-29;14;1255.6139971847551
12;2025-06-29;15;1119.8291949637755
12;2025-06-29;16;1177.7663090756837
12;2025-06-29;17;1253.3518074114675
12;2025-06-29;18;1122.139862073904
12;2025-06-29;19;1029.6970015253498
12;2025-06-29;20;873.530691733564
12;2025-06-29;21;661.079677026155
12;2025-06-29;22;439.715067382538
12;2025-06-29;23;249.81477016862397
12;2025-06-30;0;64.99289926792738
12;2025-06-30;1;0.0
12;2025-06-30;2;0.0
12;2025-06-30;3;0.0
12;2025-06-30;4;0.0
12;2025-06-30;5;289.5933644606548
12;2025-06-30;6;1326.196198755685
12;2025-06-30;7;2330.376923442427
12;2025-06-30;8;3060.878038440934
12;2025-06-30;9;2264.5236838232468
12;2025-06-30;10;1779.595528021059
12;2025-06-30;11;1721.3781444305991
12;2025-06-30;12;1750.2456495260958
12;2025-06-30;13;1696.3019324123306
12;2025-06-30;14;1673.9631821167045
12;2025-06-30;15;1876.1056984039556
12;2025-06-30;16;2226.485872972878
12;2025-06-30;17;2588.5379014904006
12;2025-06-30;18;2785.847166630526
12;2025-06-30;19;2312.1045626052774
12;2025-06-30;20;1587.1205578108672
12;2025-06-30;21;902.7304522406123
12;2025-06-30;22;520.4893294574397
12;2025-06-30;23;260.70449192106435
12;2025-07-01;0;51.36212540946677
12;2025-07-01;1;0.0
12;2025-07-01;2;0.0
12;2025-07-01;3;0.0
12;2025-07-01;4;0.0
12;2025-07-01;5;296.7151694812833
12;2025-07-01;6;1363.4856347994426
12;2025-07-01;7;2433.92717094584
12;2025-07-01;8;3212.628271631851
12;2025-07-01;9;2331.331349572484
12;2025-07-01;10;1873.8962455237051
12;2025-07-01;11;1828.7992090179214
12;2025-07-01;12;1807.4196727847955
12;2025-07-01;13;1792.2118195601465
12;2025-07-01;14;1766.6091493107474
12;2025-07-01;15;1933.6190829272462
12;2025-07-01;16;2308.700061785391
12;2025-07-01;17;2686.2733318250616
12;2025-07-01;18;2842.994166034346
12;2025-07-01;19;2428.7173378682037
12;2025-07-01;20;1652.4379090572409
12;2025-07-01;21;952.4642926230935
12;2025-07-01;22;592.7878279927058
12;2025-07-01;23;273.0122924765178
12;2025-07-02;0;65.0244519625927
12;2025-07-02;1;0.0
12;2025-07-02;2;0.0
12;2025-07-02;3;0.0
12;2025-07-02;4;0.0
12;2025-07-02;5;311.26111842747906
12;2025-07-02;6;1392.160107849014
12;2025-07-02;7;2433.43088380635
12;2025-07-02;8;3185.5712862200235
12;2025-07-02;9;2386.2317788592363
12;2025-07-02;10;1932.928913430881
12;2025-07-02;11;1945.3337473522702
12;2025-07-02;12;1895.1145777391514
12;2025-07-02;13;1945.1117417686676
12;2025-07-02;14;1953.5670597076814
12;2025-07-02;15;2137.5211675266064
12;2025-07-02;16;2477.6352753693814
12;2025-07-02;17;2809.3209600593027
12;2025-07-02;18;2920.349588927631
12;2025-07-02;19;2475.9186390207615
12;2025-07-02;20;1719.8694818094177
12;2025-07-02;21;1069.8693234746934
12;2025-07-02;22;670.9603965514725
12;2025-07-02;23;318.7302314849979
12;2025-07-03;0;73.79046707321066
12;2025-07-03;1;0.0
12;2025-07-03;2;0.0
12;2025-07-03;3;0.0
12;2025-07-03;4;0.0
12;2025-07-03;5;311.29661154091843
12;2025-07-03;6;1410.6302218951255
12;2025-07-03;7;2468.521528766509
12;2025-07-03;8;3277.6826410388194
12;2025-07-03;9;2396.8566523251584
12;2025-07-03;10;1972.6389514913094
12;2025-07-03;11;1992.837360903182
12;2025-07-03;12;1967.4711780912357
12;2025-07-03;13;1935.2635755006568
12;2025-07-03;14;1949.6870397148323
12;2025-07-03;15;2140.347701657171
12;2025-07-03;16;2539.872350842652
12;2025-07-03;17;2911.702731757855
12;2025-07-03;18;3043.6719345336132
12;2025-07-03;19;2621.250856470986
12;2025-07-03;20;1818.2927133387893
12;2025-07-03;21;1129.4706111516343
12;2025-07-03;22;696.5172642994933
12;2025-07-03;23;352.32365150637816
12;2025-07-04;0;77.14756447654244
12;2025-07-04;1;0.0
12;2025-07-04;2;0.0
12;2025-07-04;3;0.0
12;2025-07-04;4;0.0
12;2025-07-04;5;314.0464337347902
12;2025-07-04;6;1413.9007866856607
12;2025-07-04;7;2453.911552019286
12;2025-07-04;8;3185.025561479778
12;2025-07-04;9;2259.9387307830293
12;2025-07-04;10;1892.363451132607
12;2025-07-04;11;1929.7594318006081
12;2025-07-04;12;1902.010761527154
12;2025-07-04;13;1864.4339102592746
12;2025-07-04;14;1935.2491734023301
12;2025-07-04;15;2244.027448408191
12;2025-07-04;16;2681.0825686657618
12;2025-07-04;17;2815.5859142252684
12;2025-07-04;18;2533.753627471268
12;2025-07-04;19;2310.129537449482
12;2025-07-04;20;1751.2293252670427
12;2025-07-04;21;1089.886797041072
12;2025-07-04;22;709.6906607242774
12;2025-07-04;23;375.70605600597
12;2025-07-05;0;102.40492266751946
12;2025-07-05;1;0.0
12;2025-07-05;2;0.0
12;2025-07-05;3;0.0
12;2025-07-05;4;0.0
12;2025-07-05;5;218.25912679249916
12;2025-07-05;6;837.1176379650337
12;2025-07-05;7;859.9789863135413
12;2025-07-05;8;956.4915575836042
12;2025-07-05;9;1123.7964166434388
12;2025-07-05;10;1265.9970314864593
12;2025-07-05;11;1334.3739071453329
12;2025-07-05;12;1329.9555051146567
12;2025-07-05;13;1530.1925137078458
12;2025-07-05;14;1468.1006547971083
12;2025-07-05;15;1384.116437619279
12;2025-07-05;16;1400.771623874246
12;2025-07-05;17;1410.9782256767971
12;2025-07-05;18;1334.1208676193316
12;2025-07-05;19;1440.3934142616517
12;2025-07-05;20;1157.5951201856942
12;2025-07-05;21;818.8903178818073
12;2025-07-05;22;539.9381772998129
12;2025-07-05;23;337.4192832454871
12;2025-07-06;0;95.2444067440814
12;2025-07-06;1;0.0
12;2025-07-06;2;0.0
12;2025-07-06;3;0.0
12;2025-07-06;4;0.0
12;2025-07-06;5;164.6603308212422
12;2025-07-06;6;579.8933434588052
12;2025-07-06;7;613.1373006069487
12;2025-07-06;8;715.0337300406218
12;2025-07-06;9;905.6541327847705
12;2025-07-06;10;1061.4768608290788
12;2025-07-06;11;1133.7877907020304
12;2025-07-06;12;1187.8268315384453
12;2025-07-06;13;1338.656524930473
12;2025-07-06;14;1337.726284597974
12;2025-07-06;15;1207.2110842584584
12;2025-07-06;16;1262.3918767188288
12;2025-07-06;17;1337.67430179871
12;2025-07-06;18;1202.3732702436464
12;2025-07-06;19;1100.749708439745
12;2025-07-06;20;926.9976881251289
12;2025-07-06;21;706.1154809452164
12;2025-07-06;22;472.5568121060085
12;2025-07-06;23;271.17794337630824
12;2025-07-07;0;78.89038524784749
12;2025-07-07;1;0.0
12;2025-07-07;2;0.0
12;2025-07-07;3;0.0
12;2025-07-07;4;0.0
12;2025-07-07;5;310.18719048975834
12;2025-07-07;6;1398.1879897577237
12;2025-07-07;7;2436.2659464737526
12;2025-07-07;8;3244.623709984122
12;2025-07-07;9;2364.6684961567703
12;2025-07-07;10;1866.7243575107727
12;2025-07-07;11;1812.3566144995154
12;2025-07-07;12;1847.7851005512443
12;2025-07-07;13;1825.3052001369344
12;2025-07-07;14;1824.450491398633
12;2025-07-07;15;2050.090658202862
12;2025-07-07;16;2436.756565106793
12;2025-07-07;17;2826.939603254937
12;2025-07-07;18;3045.224224494877
12;2025-07-07;19;2527.969040527779
12;2025-07-07;20;1738.597360995148
12;2025-07-07;21;1005.2516964780847
12;2025-07-07;22;587.1093326785061
12;2025-07-07;23;307.2677812774692
12;2025-07-08;0;64.35248760158638
12;2025-07-08;1;0.0
12;2025-07-08;2;0.0
12;2025-07-08;3;0.0
12;2025-07-08;4;0.0
12;2025-07-08;5;312.5987990661208
12;2025-07-08;6;1414.106752947876
12;2025-07-08;7;2500.9855429485715
12;2025-07-08;8;3336.1133031964164
12;2025-07-08;9;2407.6334961011335
12;2025-07-08;10;1938.5835229253303
12;2025-07-08;11;1896.009104155225
12;2025-07-08;12;1875.4211019320733
12;2025-07-08;13;1865.3692051235116
12;2025-07-08;14;1847.3754871920296
12;2025-07-08;15;2021.817773302224
12;2025-07-08;16;2426.628385250229
12;2025-07-08;17;2820.6686078355206
12;2025-07-08;18;3003.4612609580067
12;2025-07-08;19;2562.8519843262065
12;2025-07-08;20;1759.8686585918188
12;2025-07-08;21;1029.3084016425776
12;2025-07-08;22;643.7025799190089
12;2025-07-08;23;310.6752988696086
12;2025-07-09;0;74.64694826006848
12;2025-07-09;1;0.0
12;2025-07-09;2;0.0
12;2025-07-09;3;0.0
12;2025-07-09;4;0.0
12;2025-07-09;5;323.7295782858553
12;2025-07-09;6;1437.0544585112652
12;2025-07-09;7;2507.7072551684423
12;2025-07-09;8;3310.6542855948774
12;2025-07-09;9;2466.1866496096345
12;2025-07-09;10;2001.9232217569474
12;2025-07-09;11;2012.766044359675
12;2025-07-09;12;1959.0001495313065
12;2025-07-09;13;2011.03374137205
12;2025-07-09;14;2010.2134442257163
12;2025-07-09;15;2190.8404776165307
12;2025-07-09;16;2566.1698548514814
12;2025-07-09;17;2923.1579292629244
12;2025-07-09;18;3050.2496480334694
12;2025-07-09;19;2587.242884241262
12;2025-07-09;20;1812.700653972459
12;2025-07-09;21;1137.004709495434
12;2025-07-09;22;717.4005748777477
12;2025-07-09;23;349.70859768106175
12;2025-07-10;0;74.94675612553172
12;2025-07-10;1;0.0
12;2025-07-10;2;0.0
12;2025-07-10;3;0.0
12;2025-07-10;4;0.0
12;2025-07-10;5;315.4442109096168
12;2025-07-10;6;1422.7478506607385
12;2025-07-10;7;2494.9890090829667
12;2025-07-10;8;3325.4733771309448
12;2025-07-10;9;2429.304740828038
12;2025-07-10;10;2004.0926400042158
12;2025-07-10;11;2029.5438835971484
12;2025-07-10;12;2005.7570017220282
12;2025-07-10;13;1973.535822970706
12;2025-07-10;14;1990.0729175620245
12;2025-07-10;15;2164.35589790628
12;2025-07-10;16;2589.954555515417
12;2025-07-10;17;2961.7142555767573
12;2025-07-10;18;3105.6165485894326
12;2025-07-10;19;2659.5171857775367
12;2025-07-10;20;1842.2737791953753
12;2025-07-10;21;1145.4469335970014
12;2025-07-10;22;707.2035978517931
12;2025-07-10;23;358.08459043932805
12;2025-07-11;0;79.4738026812393
12;2025-07-11;1;0.0
12;2025-07-11;2;0.0
12;2025-07-11;3;0.0
12;2025-07-11;4;0.0
12;2025-07-11;5;321.81665340925827
12;2025-07-11;6;1438.0854844479231
12;2025-07-11;7;2498.65428394419
12;2025-07-11;8;3262.278586170933
12;2025-07-11;9;2319.1694787558627
12;2025-07-11;10;1940.2330383074607
12;2025-07-11;11;1985.327342499938
12;2025-07-11;12;1959.663319087869
12;2025-07-11;13;1924.6087244460784
12;2025-07-11;14;1996.6889097625856
12;2025-07-11;15;2313.913383602429
12;2025-07-11;16;2760.3403880496244
12;2025-07-11;17;2885.632929387684
12;2025-07-11;18;2612.028393237624
12;2025-07-11;19;2371.7965191784187
12;2025-07-11;20;1798.406212211407
12;2025-07-11;21;1121.132865150783
12;2025-07-11;22;731.7178833515408
12;2025-07-11;23;387.8456316622104
12;2025-07-12;0;103.65855493235668
12;2025-07-12;1;0.0
12;2025-07-12;2;0.0
12;2025-07-12;3;0.0
12;2025-07-12;4;0.0
12;2025-07-12;5;214.84810098198088
12;2025-07-12;6;820.7784396785262
12;2025-07-12;7;846.1832007721193
12;2025-07-12;8;940.7469713423698
12;2025-07-12;9;1106.8891054762194
12;2025-07-12;10;1242.2643520043907
12;2025-07-12;11;1308.6291103165968
12;2025-07-12;12;1301.8786903025216
12;2025-07-12;13;1494.1201628314134
12;2025-07-12;14;1431.05462013628
12;2025-07-12;15;1324.3518567846902
12;2025-07-12;16;1369.7695891106553
12;2025-07-12;17;1384.994254317499
12;2025-07-12;18;1327.5802103048754
12;2025-07-12;19;1422.1888786099848
12;2025-07-12;20;1150.5192786429757
12;2025-07-12;21;819.6826390752618
12;2025-07-12;22;542.7680907754642
12;2025-07-12;23;335.9244495314564
12;2025-07-13;0;91.56274180545735
12;2025-07-13;1;0.0
12;2025-07-13;2;0.0
12;2025-07-13;3;0.0
12;2025-07-13;4;0.0
12;2025-07-13;5;154.6031668602884
12;2025-07-13;6;556.9532083835131
12;2025-07-13;7;612.2499786982905
12;2025-07-13;8;703.5329217139067
12;2025-07-13;9;861.748944519813
12;2025-07-13;10;998.846087814042
12;2025-07-13;11;1055.4321227664211
12;2025-07-13;12;1096.424502395037
12;2025-07-13;13;1233.9837751785308
12;2025-07-13;14;1230.8085466754167
12;2025-07-13;15;1092.7076407818795
12;2025-07-13;16;1169.5103298136946
12;2025-07-13;17;1254.1968452218553
12;2025-07-13;18;1140.4238734601831
12;2025-07-13;19;1050.9107395410365
12;2025-07-13;20;891.6622211200189
12;2025-07-13;21;681.8955311657426
12;2025-07-13;22;457.7904406594573
12;2025-07-13;23;261.99067235865596
12;2025-07-14;0;75.97648499420656
12;2025-07-14;1;0.0
12;2025-07-14;2;0.0
12;2025-07-14;3;0.0
12;2025-07-14;4;0.0
12;2025-07-14;5;294.4216371744873
12;2025-07-14;6;1329.9311805825255
12;2025-07-14;7;2318.0627109180314
12;2025-07-14;8;3067.3889091277997
12;2025-07-14;9;2254.1173443239604
12;2025-07-14;10;1767.306543607712
12;2025-07-14;11;1697.2349389290778
12;2025-07-14;12;1722.3261067312765
12;2025-07-14;13;1692.1002832838565
12;2025-07-14;14;1680.9676857408376
12;2025-07-14;15;1893.0818968797835
12;2025-07-14;16;2260.961139090847
12;2025-07-14;17;2652.368670722463
12;2025-07-14;18;2884.8203516307713
12;2025-07-14;19;2392.720884335611
12;2025-07-14;20;1651.1786820428595
12;2025-07-14;21;955.7826841019835
12;2025-07-14;22;560.4136734229459
12;2025-07-14;23;294.0755622943682
12;2025-07-15;0;63.98693006364232
12;2025-07-15;1;0.0
12;2025-07-15;2;0.0
12;2025-07-15;3;0.0
12;2025-07-15;4;0.0
12;2025-07-15;5;304.87365176255855
12;2025-07-15;6;1379.1287767511274
12;2025-07-15;7;2441.763504843365
12;2025-07-15;8;3250.7913591705437
12;2025-07-15;9;2354.6139065821153
12;2025-07-15;10;1888.8039170033717
12;2025-07-15;11;1831.387633826916
12;2025-07-15;12;1803.912128656319
12;2025-07-15;13;1786.2562933449904
12;2025-07-15;14;1762.5093682275876
12;2025-07-15;15;1932.934828190393
12;2025-07-15;16;2331.5929217187413
12;2025-07-15;17;2739.3670316011626
12;2025-07-15;18;2926.3220999547193
12;2025-07-15;19;2499.893668333633
12;2025-07-15;20;1726.383745476719
12;2025-07-15;21;1011.5674565984631
12;2025-07-15;22;634.9517216856439
12;2025-07-15;23;307.3820274316636
12;2025-07-16;0;74.79571582461313
12;2025-07-16;1;0.0
12;2025-07-16;2;0.0
12;2025-07-16;3;0.0
12;2025-07-16;4;0.0
12;2025-07-16;5;320.42179872739456
12;2025-07-16;6;1418.629057621411
12;2025-07-16;7;2471.069650850809
12;2025-07-16;8;3255.1266629950587
12;2025-07-16;9;2429.5119087917055
12;2025-07-16;10;1972.8827979921452
12;2025-07-16;11;1976.6938373026287
12;2025-07-16;12;1921.6506255214313
12;2025-07-16;13;1970.1637027181705
12;2025-07-16;14;1969.7875708137499
12;2025-07-16;15;2159.8849826895757
12;2025-07-16;16;2516.2082245149995
12;2025-07-16;17;2885.7910696410922
12;2025-07-16;18;3017.2284460354103
12;2025-07-16;19;2555.8835928535664
12;2025-07-16;20;1796.2640278050758
12;2025-07-16;21;1127.824315455436
12;2025-07-16;22;713.7985116662481
12;2025-07-16;23;348.0060067516945
12;2025-07-17;0;73.45664475203455
12;2025-07-17;1;0.0
12;2025-07-17;2;0.0
12;2025-07-17;3;0.0
12;2025-07-17;4;0.0
12;2025-07-17;5;306.1505331020811
12;2025-07-17;6;1383.866368453922
12;2025-07-17;7;2425.0102159801972
12;2025-07-17;8;3225.0052574412775
12;2025-07-17;9;2361.9551308893397
12;2025-07-17;10;1948.0605019595107
12;2025-07-17;11;1966.0652377224897
12;2025-07-17;12;1939.7156606318667
12;2025-07-17;13;1904.526687873753
12;2025-07-17;14;1923.211549276067
12;2025-07-17;15;2107.316046671637
12;2025-07-17;16;2509.10626915423
12;2025-07-17;17;2879.9573152658604
12;2025-07-17;18;3026.5076008079686
12;2025-07-17;19;2579.924240710391
12;2025-07-17;20;1784.2029869874216
12;2025-07-17;21;1109.7309782541474
12;2025-07-17;22;685.8140310696556
12;2025-07-17;23;346.76844918652534
12;2025-07-18;0;79.99469918476368
12;2025-07-18;1;0.0
12;2025-07-18;2;0.0
12;2025-07-18;3;0.0
12;2025-07-18;4;0.0
12;2025-07-18;5;320.15801968847734
12;2025-07-18;6;1422.7611914643498
12;2025-07-18;7;2471.1003867957925
12;2025-07-18;8;3223.598615223555
12;2025-07-18;9;2294.5705398983414
12;2025-07-18;10;1925.3704940045773
12;2025-07-18;11;1967.6604972131495
12;2025-07-18;12;1937.521007666491
12;2025-07-18;13;1901.7332135000502
12;2025-07-18;14;1969.6321615722356
12;2025-07-18;15;2282.4752828803194
12;2025-07-18;16;2725.399054078578
12;2025-07-18;17;2860.160693232413
12;2025-07-18;18;2595.356686520173
12;2025-07-18;19;2353.1898863829397
12;2025-07-18;20;1795.1328095131705
12;2025-07-18;21;1120.2987058829062
12;2025-07-18;22;732.0219538554179
12;2025-07-18;23;389.20538880332845
12;2025-07-19;0;103.56058957512337
12;2025-07-19;1;0.0
12;2025-07-19;2;0.0
12;2025-07-19;3;0.0
12;2025-07-19;4;0.0
12;2025-07-19;5;213.08548639420655
12;2025-07-19;6;808.0029462022605
12;2025-07-19;7;833.1891750023718
12;2025-07-19;8;927.6979230842544
12;2025-07-19;9;1095.7428488825644
12;2025-07-19;10;1228.5587404788034
12;2025-07-19;11;1292.1720921153405
12;2025-07-19;12;1282.7950167576905
12;2025-07-19;13;1472.999962253055
12;2025-07-19;14;1410.271030182813
12;2025-07-19;15;1324.8714491498772
12;2025-07-19;16;1348.4889805191283
12;2025-07-19;17;1365.719985337303
12;2025-07-19;18;1312.304081338503
12;2025-07-19;19;1408.9935290979456
12;2025-07-19;20;1143.1199158453405
12;2025-07-19;21;814.8635409279806
12;2025-07-19;22;540.5200464099747
12;2025-07-19;23;334.9629288653247
12;2025-07-20;0;93.03392148748097
12;2025-07-20;1;0.0
12;2025-07-20;2;0.0
12;2025-07-20;3;0.0
12;2025-07-20;4;0.0
12;2025-07-20;5;157.21179478060466
12;2025-07-20;6;560.1088193251954
12;2025-07-20;7;615.0732037846592
12;2025-07-20;8;709.9224939568098
12;2025-07-20;9;868.0337501806898
12;2025-07-20;10;1008.0092409161136
12;2025-07-20;11;1067.7921314227774
12;2025-07-20;12;1109.0069049673295
12;2025-07-20;13;1248.6781933435313
12;2025-07-20;14;1246.5786815246333
12;2025-07-20;15;1121.1211533348196
12;2025-07-20;16;1185.7051545540726
12;2025-07-20;17;1268.0964666727896
12;2025-07-20;18;1149.1839965978756
12;2025-07-20;19;1056.944135401794
12;2025-07-20;20;896.821835813472
12;2025-07-20;21;687.1953695645468
12;2025-07-20;22;462.03893637764793
12;2025-07-20;23;264.97001576466664
12;2025-07-21;0;73.79583033828104
12;2025-07-21;1;0.0
12;2025-07-21;2;0.0
12;2025-07-21;3;0.0
12;2025-07-21;4;0.0
12;2025-07-21;5;292.4733025181583
12;2025-07-21;6;1302.44667491168
12;2025-07-21;7;2269.3549932004407
12;2025-07-21;8;3006.5021812641708
12;2025-07-21;9;2210.196402439484
12;2025-07-21;10;1731.73508550541
12;2025-07-21;11;1659.7597508921035
12;2025-07-21;12;1684.188807578435
12;2025-07-21;13;1656.94568311597
12;2025-07-21;14;1646.903252941513
12;2025-07-21;15;1859.640646027534
12;2025-07-21;16;2215.331258230079
12;2025-07-21;17;2595.4824120264543
12;2025-07-21;18;2818.5320004930554
12;2025-07-21;19;2333.6445849884803
12;2025-07-21;20;1612.4473528556168
12;2025-07-21;21;934.137243839127
12;2025-07-21;22;546.2758165576868
12;2025-07-21;23;287.85445150886073
12;2025-07-22;0;64.29509746919393
12;2025-07-22;1;0.0
12;2025-07-22;2;0.0
12;2025-07-22;3;0.0
12;2025-07-22;4;0.0
12;2025-07-22;5;305.4037624568092
12;2025-07-22;6;1376.6791787768898
12;2025-07-22;7;2439.3371021826974
12;2025-07-22;8;3253.4207429729804
12;2025-07-22;9;2357.5220160509175
12;2025-07-22;10;1888.695100176195
12;2025-07-22;11;1835.105389370195
12;2025-07-22;12;1808.5879219836766
12;2025-07-22;13;1792.9719914052448
12;2025-07-22;14;1769.6845957871851
12;2025-07-22;15;1946.2098198870626
12;2025-07-22;16;2339.0740541508276
12;2025-07-22;17;2744.879897706929
12;2025-07-22;18;2928.386042704974
12;2025-07-22;19;2499.433515123614
12;2025-07-22;20;1725.8537353176903
12;2025-07-22;21;1012.2034728220702
12;2025-07-22;22;634.9069394507575
12;2025-07-22;23;308.32962095641847
12;2025-07-23;0;72.67549455424988
12;2025-07-23;1;0.0
12;2025-07-23;2;0.0
12;2025-07-23;3;0.0
12;2025-07-23;4;0.0
12;2025-07-23;5;316.44950005252554
12;2025-07-23;6;1394.8589630435304
12;2025-07-23;7;2436.895994632348
12;2025-07-23;8;3209.996619120471
12;2025-07-23;9;2402.4943504439166
12;2025-07-23;10;1949.0033366312261
12;2025-07-23;11;1954.46995560787
12;2025-07-23;12;1900.3225832702628
12;2025-07-23;13;1948.0714187738859
12;2025-07-23;14;1948.7399700726369
12;2025-07-23;15;2134.0545622527716
12;2025-07-23;16;2488.3430136672014
12;2025-07-23;17;2845.1044787381643
12;2025-07-23;18;2980.4650206874926
12;2025-07-23;19;2516.5038822891097
12;2025-07-23;20;1764.9406366776113
12;2025-07-23;21;1108.730563354939
12;2025-07-23;22;701.6760369827832
12;2025-07-23;23;341.71792496340674
12;2025-07-24;0;73.12008525678621
12;2025-07-24;1;0.0
12;2025-07-24;2;0.0
12;2025-07-24;3;0.0
12;2025-07-24;4;0.0
12;2025-07-24;5;309.11573646916713
12;2025-07-24;6;1388.5093021470038
12;2025-07-24;7;2446.0662264253033
12;2025-07-24;8;3243.9036228277055
12;2025-07-24;9;2370.6853617813977
12;2025-07-24;10;1958.7553396886062
12;2025-07-24;11;1983.0964585434872
12;2025-07-24;12;1962.129652786049
12;2025-07-24;13;1929.5849650824996
12;2025-07-24;14;1942.0533420489255
12;2025-07-24;15;2108.811147425712
12;2025-07-24;16;2529.5050328928082
12;2025-07-24;17;2904.689210429151
12;2025-07-24;18;3039.005142486155
12;2025-07-24;19;2593.0959966161454
12;2025-07-24;20;1800.9768827957769
12;2025-07-24;21;1119.379326410538
12;2025-07-24;22;691.2104150692024
12;2025-07-24;23;351.4732212747734
12;2025-07-25;0;77.08486696540464
12;2025-07-25;1;0.0
12;2025-07-25;2;0.0
12;2025-07-25;3;0.0
12;2025-07-25;4;0.0
12;2025-07-25;5;314.2338691658541
12;2025-07-25;6;1400.3204948480725
12;2025-07-25;7;2446.8934548680118
12;2025-07-25;8;3174.6793386150703
12;2025-07-25;9;2258.2584938869722
12;2025-07-25;10;1893.3774253386805
12;2025-07-25;11;1937.4425665551753
12;2025-07-25;12;1912.2724296062552
12;2025-07-25;13;1875.0863860549327
12;2025-07-25;14;1946.9935818656531
12;2025-07-25;15;2252.0722022583996
12;2025-07-25;16;2696.368631146153
12;2025-07-25;17;2822.921443826239
12;2025-07-25;18;2550.8191115713216
12;2025-07-25;19;2297.9903631245083
12;2025-07-25;20;1743.3076763576316
12;2025-07-25;21;1087.3187434859044
12;2025-07-25;22;710.7952236112008
12;2025-07-25;23;377.04738496419174
12;2025-07-26;0;107.59365793616419
12;2025-07-26;1;0.0
12;2025-07-26;2;0.0
12;2025-07-26;3;0.0
12;2025-07-26;4;0.0
12;2025-07-26;5;220.0693146380959
12;2025-07-26;6;832.742617654431
12;2025-07-26;7;855.6870428185491
12;2025-07-26;8;957.9601564466468
12;2025-07-26;9;1122.0037397743167
12;2025-07-26;10;1258.6802296972805
12;2025-07-26;11;1324.8637427751357
12;2025-07-26;12;1316.6531221186685
12;2025-07-26;13;1516.4181957116375
12;2025-07-26;14;1451.0209326191061
12;2025-07-26;15;1366.4547820301873
12;2025-07-26;16;1393.7483351489495
12;2025-07-26;17;1416.3580203608828
12;2025-07-26;18;1356.5885009308054
12;2025-07-26;19;1457.05309117482
12;2025-07-26;20;1180.008759747955
12;2025-07-26;21;841.4657453953506
12;2025-07-26;22;557.2569742325552
12;2025-07-26;23;346.9103940182363
12;2025-07-27;0;100.03149965631658
12;2025-07-27;1;0.0
12;2025-07-27;2;0.0
12;2025-07-27;3;0.0
12;2025-07-27;4;0.0
12;2025-07-27;5;167.12935811654324
12;2025-07-27;6;580.0397051137447
12;2025-07-27;7;609.035313376475
12;2025-07-27;8;720.6003559552922
12;2025-07-27;9;910.1686378639452
12;2025-07-27;10;1058.9928055784617
12;2025-07-27;11;1129.5248262485304
12;2025-07-27;12;1180.070477217149
12;2025-07-27;13;1333.6810324798225
12;2025-07-27;14;1333.2576038453042
12;2025-07-27;15;1204.1162337191245
12;2025-07-27;16;1270.44626789643
12;2025-07-27;17;1359.7907714655555
12;2025-07-27;18;1232.5035234908637
12;2025-07-27;19;1129.4739532973308
12;2025-07-27;20;955.1601864514969
12;2025-07-27;21;733.8735554006635
12;2025-07-27;22;494.09561085351163
12;2025-07-27;23;283.84741304185616
12;2025-07-28;0;80.10776695343128
12;2025-07-28;1;0.0
12;2025-07-28;2;0.0
12;2025-07-28;3;0.0
12;2025-07-28;4;0.0
12;2025-07-28;5;313.85823172293306
12;2025-07-28;6;1398.2819825809574
12;2025-07-28;7;2448.8073329179815
12;2025-07-28;8;3249.6853050928667
12;2025-07-28;9;2375.5719443456096
12;2025-07-28;10;1870.0389620012384
12;2025-07-28;11;1820.6027590073347
12;2025-07-28;12;1857.7596030618247
12;2025-07-28;13;1839.0054236170067
12;2025-07-28;14;1834.5735981770827
12;2025-07-28;15;2061.3536559392487
12;2025-07-28;16;2453.089874537026
12;2025-07-28;17;2845.371550067429
12;2025-07-28;18;3075.8211208635103
12;2025-07-28;19;2541.992270550497
12;2025-07-28;20;1756.4998416713515
12;2025-07-28;21;1017.2253412809641
12;2025-07-28;22;594.4691686489651
12;2025-07-28;23;312.7267182069055
12;2025-07-29;0;66.12948359661519
12;2025-07-29;1;0.0
12;2025-07-29;2;0.0
12;2025-07-29;3;0.0
12;2025-07-29;4;0.0
12;2025-07-29;5;325.88144144926724
12;2025-07-29;6;1449.8826472862872
12;2025-07-29;7;2584.4320941180317
12;2025-07-29;8;3451.1276900454927
12;2025-07-29;9;2484.556348430804
12;2025-07-29;10;1998.7464761690658
12;2025-07-29;11;1964.989237729454
12;2025-07-29;12;1946.9759557969046
12;2025-07-29;13;1948.813075661899
12;2025-07-29;14;1926.716571741426
12;2025-07-29;15;2107.9359600956304
12;2025-07-29;16;2531.113139511112
12;2025-07-29;17;2941.2734294954853
12;2025-07-29;18;3125.0069001928514
12;2025-07-29;19;2658.780285542448
12;2025-07-29;20;1837.418725342745
12;2025-07-29;21;1076.8456849557397
12;2025-07-29;22;674.0157644306275
12;2025-07-29;23;326.49254463380913
12;2025-07-30;0;74.97986662206324
12;2025-07-30;1;0.0
12;2025-07-30;2;0.0
12;2025-07-30;3;0.0
12;2025-07-30;4;0.0
12;2025-07-30;5;326.93430778006035
12;2025-07-30;6;1434.8375834646527
12;2025-07-30;7;2518.0811753807156
12;2025-07-30;8;3314.9012750124284
12;2025-07-30;9;2474.953665681852
12;2025-07-30;10;2004.0266743991974
12;2025-07-30;11;2020.388026838747
12;2025-07-30;12;1969.3242968092045
12;2025-07-30;13;2023.9850176390964
12;2025-07-30;14;2020.9587783590327
12;2025-07-30;15;2203.0406452778716
12;2025-07-30;16;2584.8503156590573
12;2025-07-30;17;2944.4302720479727
12;2025-07-30;18;3078.0206285172235
12;2025-07-30;19;2596.7906955489243
12;2025-07-30;20;1826.4536509512652
12;2025-07-30;21;1145.8713195599103
12;2025-07-30;22;722.0692998554639
12;2025-07-30;23;355.523478858112
12;2025-07-31;0;74.9465862818775
12;2025-07-31;1;0.0
12;2025-07-31;2;0.0
12;2025-07-31;3;0.0
12;2025-07-31;4;0.0
12;2025-07-31;5;316.1005705913659
12;2025-07-31;6;1409.8554903258869
12;2025-07-31;7;2483.8147974602716
12;2025-07-31;8;3292.911131481508
12;2025-07-31;9;2415.730469561031
12;2025-07-31;10;1988.7319970872704
12;2025-07-31;11;2016.4144154652986
12;2025-07-31;12;1996.2339152347631
12;2025-07-31;13;1964.7399561168404
12;2025-07-31;14;1973.5818986446238
12;2025-07-31;15;2147.27219706683
12;2025-07-31;16;2573.466979865051
12;2025-07-31;17;2945.823102015652
12;2025-07-31;18;3093.6307663397665
12;2025-07-31;19;2643.4498461416724
12;2025-07-31;20;1841.4959372377825
12;2025-07-31;21;1144.5591333996808
12;2025-07-31;22;705.5942132043525
12;2025-07-31;23;361.3936693030933
17;2025-06-01;0;190.82615025440458
17;2025-06-01;1;0.0
17;2025-06-01;2;0.0
17;2025-06-01;3;0.0
17;2025-06-01;4;0.0
17;2025-06-01;5;88.66551048641963
17;2025-06-01;6;435.44893152517363
17;2025-06-01;7;809.4842347171107
17;2025-06-01;8;1243.6548142664376
17;2025-06-01;9;1613.6279643480661
17;2025-06-01;10;1858.5880734648108
17;2025-06-01;11;2176.8576192701876
17;2025-06-01;12;2452.4120257169166
17;2025-06-01;13;2647.9245705612007
17;2025-06-01;14;2665.0332936507857
17;2025-06-01;15;2631.6381979914077
17;2025-06-01;16;2514.1842894776037
17;2025-06-01;17;2477.858303670117
17;2025-06-01;18;2344.038241492217
17;2025-06-01;19;2088.5823560689178
17;2025-06-01;20;1788.1267743385235
17;2025-06-01;21;1334.6969808663998
17;2025-06-01;22;841.1540211000956
17;2025-06-01;23;383.45114267192866
17;2025-06-02;0;106.70267881649633
17;2025-06-02;1;0.0
17;2025-06-02;2;0.0
17;2025-06-02;3;0.0
17;2025-06-02;4;0.0
17;2025-06-02;5;236.4986345675465
17;2025-06-02;6;1417.7090911773935
17;2025-06-02;7;3567.4289121280603
17;2025-06-02;8;4907.590971977816
17;2025-06-02;9;3556.77303048284
17;2025-06-02;10;2739.5534560215065
17;2025-06-02;11;2677.784825308635
17;2025-06-02;12;2706.6894609542264
17;2025-06-02;13;2734.1742168483393
17;2025-06-02;14;2703.1097035083158
17;2025-06-02;15;2859.829834646125
17;2025-06-02;16;3239.4534426555783
17;2025-06-02;17;4084.540470868801
17;2025-06-02;18;4717.289222442603
17;2025-06-02;19;3471.6354380535277
17;2025-06-02;20;2495.556564545086
17;2025-06-02;21;1570.2415177653809
17;2025-06-02;22;886.5234360449479
17;2025-06-02;23;365.36429945056256
17;2025-06-03;0;131.55821889362625
17;2025-06-03;1;0.0
17;2025-06-03;2;0.0
17;2025-06-03;3;0.0
17;2025-06-03;4;0.0
17;2025-06-03;5;244.34183539080306
17;2025-06-03;6;1464.0852918150008
17;2025-06-03;7;3694.7448444977063
17;2025-06-03;8;5041.757810152842
17;2025-06-03;9;3686.4128873685995
17;2025-06-03;10;2887.6796051714114
17;2025-06-03;11;2772.525882273539
17;2025-06-03;12;2775.30224784806
17;2025-06-03;13;2790.4466282558587
17;2025-06-03;14;2832.6756205924685
17;2025-06-03;15;2851.793164718296
17;2025-06-03;16;3272.6008222271025
17;2025-06-03;17;4142.597376825979
17;2025-06-03;18;4712.4311465207065
17;2025-06-03;19;3525.8972463887276
17;2025-06-03;20;2605.044975092095
17;2025-06-03;21;1669.5587431900437
17;2025-06-03;22;951.6341618308614
17;2025-06-03;23;417.67633130301044
17;2025-06-04;0;140.41769081756684
17;2025-06-04;1;0.0
17;2025-06-04;2;0.0
17;2025-06-04;3;0.0
17;2025-06-04;4;0.0
17;2025-06-04;5;253.2383320143838
17;2025-06-04;6;1448.8756093762208
17;2025-06-04;7;3677.0918635896123
17;2025-06-04;8;5038.414330010848
17;2025-06-04;9;3745.036959376717
17;2025-06-04;10;2947.484877310157
17;2025-06-04;11;2830.3552465535295
17;2025-06-04;12;2849.987219260037
17;2025-06-04;13;2901.616705737104
17;2025-06-04;14;2955.0203375380597
17;2025-06-04;15;3062.5741308691127
17;2025-06-04;16;3364.066961109411
17;2025-06-04;17;4158.690415739804
17;2025-06-04;18;4706.375163423185
17;2025-06-04;19;3558.5903428101524
17;2025-06-04;20;2622.8106593115676
17;2025-06-04;21;1772.1539592399233
17;2025-06-04;22;1032.9276135469456
17;2025-06-04;23;465.26368399131803
17;2025-06-05;0;150.55130349347755
17;2025-06-05;1;0.0
17;2025-06-05;2;0.0
17;2025-06-05;3;0.0
17;2025-06-05;4;0.0
17;2025-06-05;5;250.75504000976335
17;2025-06-05;6;1463.9262033760813
17;2025-06-05;7;3635.1323539508703
17;2025-06-05;8;5041.801496451189
17;2025-06-05;9;3713.7512183002996
17;2025-06-05;10;2948.418716695106
17;2025-06-05;11;2859.2433107096176
17;2025-06-05;12;2879.9400591353924
17;2025-06-05;13;2910.241617031993
17;2025-06-05;14;2941.6139428083206
17;2025-06-05;15;2975.4218813026005
17;2025-06-05;16;3402.995317401297
17;2025-06-05;17;4202.1452606441235
17;2025-06-05;18;4795.514023117926
17;2025-06-05;19;3543.4390749474665
17;2025-06-05;20;2658.9602380478764
17;2025-06-05;21;1794.778925345226
17;2025-06-05;22;1033.2134120983078
17;2025-06-05;23;463.39741934139283
17;2025-06-06;0;154.02070076436092
17;2025-06-06;1;0.0
17;2025-06-06;2;0.0
17;2025-06-06;3;0.0
17;2025-06-06;4;0.0
17;2025-06-06;5;238.264803588838
17;2025-06-06;6;1389.6938250736735
17;2025-06-06;7;3519.3874074711134
17;2025-06-06;8;4795.177246284884
17;2025-06-06;9;3539.2976545470297
17;2025-06-06;10;2843.9237051773307
17;2025-06-06;11;2762.134085087715
17;2025-06-06;12;2840.523268121442
17;2025-06-06;13;2854.845651799997
17;2025-06-06;14;2907.1387291159217
17;2025-06-06;15;3204.6652578151725
17;2025-06-06;16;3641.1367682953482
17;2025-06-06;17;4086.9395345148687
17;2025-06-06;18;4051.55458245127
17;2025-06-06;19;3189.1890818697757
17;2025-06-06;20;2484.3819424378576
17;2025-06-06;21;1704.6787787121048
17;2025-06-06;22;1046.3292105551059
17;2025-06-06;23;515.1283899075042
17;2025-06-07;0;219.06209198089033
17;2025-06-07;1;0.0
17;2025-06-07;2;0.0
17;2025-06-07;3;0.0
17;2025-06-07;4;0.0
17;2025-06-07;5;109.59978286597561
17;2025-06-07;6;566.2912471035224
17;2025-06-07;7;1093.1111297268383
17;2025-06-07;8;1620.5802586567315
17;2025-06-07;9;1950.3729812019783
17;2025-06-07;10;2106.082264384315
17;2025-06-07;11;2387.4749801021894
17;2025-06-07;12;2576.7515917316077
17;2025-06-07;13;2711.4494337550877
17;2025-06-07;14;2738.587149994374
17;2025-06-07;15;2710.602895578259
17;2025-06-07;16;2591.634593229084
17;2025-06-07;17;2649.2683724049834
17;2025-06-07;18;2586.521991537741
17;2025-06-07;19;2451.0010079327158
17;2025-06-07;20;2062.4585480406727
17;2025-06-07;21;1579.5819355756912
17;2025-06-07;22;978.406813397581
17;2025-06-07;23;507.68634319356306
17;2025-06-08;0;185.08984172813547
17;2025-06-08;1;0.0
17;2025-06-08;2;0.0
17;2025-06-08;3;0.0
17;2025-06-08;4;0.0
17;2025-06-08;5;86.06746521326468
17;2025-06-08;6;452.49231000784334
17;2025-06-08;7;861.1455372685939
17;2025-06-08;8;1265.5773510428821
17;2025-06-08;9;1579.4911036971562
17;2025-06-08;10;1790.2867064704437
17;2025-06-08;11;2087.885382355666
17;2025-06-08;12;2338.5059622695653
17;2025-06-08;13;2516.58343137207
17;2025-06-08;14;2527.568020515305
17;2025-06-08;15;2464.0817140738127
17;2025-06-08;16;2409.1189561964193
17;2025-06-08;17;2373.956579502068
17;2025-06-08;18;2258.3560383799418
17;2025-06-08;19;2010.2651202750567
17;2025-06-08;20;1729.064101034337
17;2025-06-08;21;1297.9356651012408
17;2025-06-08;22;824.1973987305817
17;2025-06-08;23;377.17062188945624
17;2025-06-09;0;114.24151866187694
17;2025-06-09;1;0.0
17;2025-06-09;2;0.0
17;2025-06-09;3;0.0
17;2025-06-09;4;0.0
17;2025-06-09;5;235.77116538679383
17;2025-06-09;6;1404.1282733420876
17;2025-06-09;7;3510.801302564929
17;2025-06-09;8;4836.942141231004
17;2025-06-09;9;3508.7018581888497
17;2025-06-09;10;2703.871553288099
17;2025-06-09;11;2630.1295596318896
17;2025-06-09;12;2651.547007983541
17;2025-06-09;13;2663.259597438677
17;2025-06-09;14;2642.300946945613
17;2025-06-09;15;2767.5394874199073
17;2025-06-09;16;3162.5448437698765
17;2025-06-09;17;4023.9353344617325
17;2025-06-09;18;4649.018506140412
17;2025-06-09;19;3431.7186695882856
17;2025-06-09;20;2480.593112767847
17;2025-06-09;21;1568.3944431757182
17;2025-06-09;22;892.1403003874495
17;2025-06-09;23;377.4157053319245
17;2025-06-10;0;126.55295339845742
17;2025-06-10;1;0.0
17;2025-06-10;2;0.0
17;2025-06-10;3;0.0
17;2025-06-10;4;0.0
17;2025-06-10;5;245.45539880909303
17;2025-06-10;6;1469.5341555107884
17;2025-06-10;7;3743.2232002091096
17;2025-06-10;8;5101.1770645490615
17;2025-06-10;9;3723.912181290313
17;2025-06-10;10;2911.9045306827643
17;2025-06-10;11;2806.1471495719775
17;2025-06-10;12;2812.7900131443394
17;2025-06-10;13;2835.7888015224307
17;2025-06-10;14;2881.9234292722695
17;2025-06-10;15;2913.6421499054713
17;2025-06-10;16;3339.2525739695097
17;2025-06-10;17;4206.757666132398
17;2025-06-10;18;4768.224677523691
17;2025-06-10;19;3540.3524051528493
17;2025-06-10;20;2609.171485984659
17;2025-06-10;21;1669.2997731685732
17;2025-06-10;22;958.9631135025327
17;2025-06-10;23;414.2033614791892
17;2025-06-11;0;141.89758702889503
17;2025-06-11;1;0.0
17;2025-06-11;2;0.0
17;2025-06-11;3;0.0
17;2025-06-11;4;0.0
17;2025-06-11;5;251.42014162235884
17;2025-06-11;6;1442.8729398050064
17;2025-06-11;7;3654.090693803292
17;2025-06-11;8;5001.911854462707
17;2025-06-11;9;3716.081725651199
17;2025-06-11;10;2918.785644749535
17;2025-06-11;11;2797.4571685846367
17;2025-06-11;12;2819.854313953133
17;2025-06-11;13;2866.483068420409
17;2025-06-11;14;2929.116774118903
17;2025-06-11;15;3030.253337705839
17;2025-06-11;16;3321.2908927767767
17;2025-06-11;17;4116.6003571788715
17;2025-06-11;18;4643.017699198612
17;2025-06-11;19;3510.351595491178
17;2025-06-11;20;2596.5532320384564
17;2025-06-11;21;1753.365032951015
17;2025-06-11;22;1024.1350825071083
17;2025-06-11;23;461.15562806872254
17;2025-06-12;0;198.02296312609587
17;2025-06-12;1;0.0
17;2025-06-12;2;0.0
17;2025-06-12;3;0.0
17;2025-06-12;4;0.0
17;2025-06-12;5;95.51393951040879
17;2025-06-12;6;448.3345246494064
17;2025-06-12;7;868.9292840086359
17;2025-06-12;8;1293.2439035185148
17;2025-06-12;9;1612.8760951897145
17;2025-06-12;10;1790.2832833588695
17;2025-06-12;11;2067.192506825557
17;2025-06-12;12;2368.798060437533
17;2025-06-12;13;2570.365551372607
17;2025-06-12;14;2606.258745369612
17;2025-06-12;15;2609.8899389957796
17;2025-06-12;16;2497.0901245904515
17;2025-06-12;17;2493.5229399336754
17;2025-06-12;18;2419.419745435656
17;2025-06-12;19;2230.90253722905
17;2025-06-12;20;1881.5713271507898
17;2025-06-12;21;1435.5479084232895
17;2025-06-12;22;910.4176703689377
17;2025-06-12;23;437.0091069461685
17;2025-06-13;0;185.71155991291113
17;2025-06-13;1;0.0
17;2025-06-13;2;0.0
17;2025-06-13;3;0.0
17;2025-06-13;4;0.0
17;2025-06-13;5;91.2523624129568
17;2025-06-13;6;461.764378836185
17;2025-06-13;7;912.4585246014917
17;2025-06-13;8;1296.1094270176363
17;2025-06-13;9;1540.9634869577144
17;2025-06-13;10;1663.615645995233
17;2025-06-13;11;1914.809326306397
17;2025-06-13;12;2186.6012151666146
17;2025-06-13;13;2390.1937340336535
17;2025-06-13;14;2420.4653060997343
17;2025-06-13;15;2421.2700715434
17;2025-06-13;16;2336.8206414165743
17;2025-06-13;17;2318.172266425801
17;2025-06-13;18;2255.945407549727
17;2025-06-13;19;2077.0645566258077
17;2025-06-13;20;1756.5970288241192
17;2025-06-13;21;1336.9435713146208
17;2025-06-13;22;850.7904081521065
17;2025-06-13;23;405.2734323374033
17;2025-06-14;0;212.5220720052176
17;2025-06-14;1;0.0
17;2025-06-14;2;0.0
17;2025-06-14;3;0.0
17;2025-06-14;4;0.0
17;2025-06-14;5;104.87480779805787
17;2025-06-14;6;546.490810468299
17;2025-06-14;7;1057.5044155468863
17;2025-06-14;8;1562.43612857224
17;2025-06-14;9;1891.4889103229225
17;2025-06-14;10;2058.446881964772
17;2025-06-14;11;2348.947340753386
17;2025-06-14;12;2542.350495948215
17;2025-06-14;13;2680.154764701142
17;2025-06-14;14;2703.5889961218627
17;2025-06-14;15;2697.1178319139035
17;2025-06-14;16;2543.0848979605107
17;2025-06-14;17;2567.559654874249
17;2025-06-14;18;2475.8636615549303
17;2025-06-14;19;2337.7220020574555
17;2025-06-14;20;1967.7532298953743
17;2025-06-14;21;1494.8372457892867
17;2025-06-14;22;929.3898793990172
17;2025-06-14;23;471.25122438949614
17;2025-06-15;0;182.0366169750169
17;2025-06-15;1;0.0
17;2025-06-15;2;0.0
17;2025-06-15;3;0.0
17;2025-06-15;4;0.0
17;2025-06-15;5;83.35302208405352
17;2025-06-15;6;443.220960891177
17;2025-06-15;7;844.2314879884328
17;2025-06-15;8;1240.0593261021015
17;2025-06-15;9;1554.658614294137
17;2025-06-15;10;1776.462841282672
17;2025-06-15;11;2084.6024891062143
17;2025-06-15;12;2339.9449729650246
17;2025-06-15;13;2522.76330725791
17;2025-06-15;14;2529.7428420807023
17;2025-06-15;15;2477.2234583138406
17;2025-06-15;16;2393.7366023870163
17;2025-06-15;17;2331.326272964904
17;2025-06-15;18;2196.3841738328583
17;2025-06-15;19;1945.5764619163456
17;2025-06-15;20;1676.4319031148495
17;2025-06-15;21;1250.8325942153583
17;2025-06-15;22;793.5496912089718
17;2025-06-15;23;347.6679395238775
17;2025-06-16;0;115.01520484167534
17;2025-06-16;1;0.0
17;2025-06-16;2;0.0
17;2025-06-16;3;0.0
17;2025-06-16;4;0.0
17;2025-06-16;5;236.89437124981987
17;2025-06-16;6;1407.4259596424386
17;2025-06-16;7;3527.534916223027
17;2025-06-16;8;4872.123251697473
17;2025-06-16;9;3532.2495712191812
17;2025-06-16;10;2722.606781095061
17;2025-06-16;11;2656.8637325830723
17;2025-06-16;12;2680.849361384668
17;2025-06-16;13;2702.0022347746744
17;2025-06-16;14;2669.901597942816
17;2025-06-16;15;2819.4066165039662
17;2025-06-16;16;3190.526567193484
17;2025-06-16;17;4051.145604246453
17;2025-06-16;18;4676.482501185605
17;2025-06-16;19;3456.457868386217
17;2025-06-16;20;2501.774088781813
17;2025-06-16;21;1582.4249780141085
17;2025-06-16;22;898.200882556537
17;2025-06-16;23;382.5562962897585
17;2025-06-17;0;123.8865386348524
17;2025-06-17;1;0.0
17;2025-06-17;2;0.0
17;2025-06-17;3;0.0
17;2025-06-17;4;0.0
17;2025-06-17;5;230.0315176087155
17;2025-06-17;6;1385.5167363828305
17;2025-06-17;7;3483.9759889998595
17;2025-06-17;8;4741.884685299719
17;2025-06-17;9;3485.9784291809938
17;2025-06-17;10;2712.2847952193574
17;2025-06-17;11;2592.305166510847
17;2025-06-17;12;2580.148388620086
17;2025-06-17;13;2549.6772887441102
17;2025-06-17;14;2587.3761745239635
17;2025-06-17;15;2613.319814079147
17;2025-06-17;16;3038.1230555957245
17;2025-06-17;17;3865.8753063336007
17;2025-06-17;18;4412.427281186005
17;2025-06-17;19;3305.079037623299
17;2025-06-17;20;2434.3716096983303
17;2025-06-17;21;1562.0688464710656
17;2025-06-17;22;893.404183985243
17;2025-06-17;23;392.30172443458093
17;2025-06-18;0;135.97117521112352
17;2025-06-18;1;0.0
17;2025-06-18;2;0.0
17;2025-06-18;3;0.0
17;2025-06-18;4;0.0
17;2025-06-18;5;238.561457084037
17;2025-06-18;6;1374.802903214848
17;2025-06-18;7;3461.038687836468
17;2025-06-18;8;4738.905398742864
17;2025-06-18;9;3533.093724285291
17;2025-06-18;10;2748.2939890025114
17;2025-06-18;11;2624.5180271341305
17;2025-06-18;12;2628.1441406200684
17;2025-06-18;13;2642.3802334367338
17;2025-06-18;14;2696.037270044704
17;2025-06-18;15;2794.529525307146
17;2025-06-18;16;3106.415662684374
17;2025-06-18;17;3871.8035673654313
17;2025-06-18;18;4395.880953863751
17;2025-06-18;19;3345.64240976971
17;2025-06-18;20;2456.5689434610076
17;2025-06-18;21;1658.4970965654225
17;2025-06-18;22;971.483677507797
17;2025-06-18;23;435.79647224208486
17;2025-06-19;0;145.26461852681976
17;2025-06-19;1;0.0
17;2025-06-19;2;0.0
17;2025-06-19;3;0.0
17;2025-06-19;4;0.0
17;2025-06-19;5;239.50730060380073
17;2025-06-19;6;1412.1308315710057
17;2025-06-19;7;3494.8083150619295
17;2025-06-19;8;4829.099008454556
17;2025-06-19;9;3573.391164640225
17;2025-06-19;10;2826.5094872267478
17;2025-06-19;11;2744.8396282382873
17;2025-06-19;12;2765.885743042345
17;2025-06-19;13;2770.762011826574
17;2025-06-19;14;2815.2786161622307
17;2025-06-19;15;2848.3714364083394
17;2025-06-19;16;3259.62512464906
17;2025-06-19;17;4020.7409643628303
17;2025-06-19;18;4583.405170640026
17;2025-06-19;19;3398.5536148865685
17;2025-06-19;20;2529.9790150910294
17;2025-06-19;21;1699.800556610027
17;2025-06-19;22;982.4475986858116
17;2025-06-19;23;435.34683883021717
17;2025-06-20;0;143.42992038218142
17;2025-06-20;1;0.0
17;2025-06-20;2;0.0
17;2025-06-20;3;0.0
17;2025-06-20;4;0.0
17;2025-06-20;5;223.27782327909915
17;2025-06-20;6;1320.412237761504
17;2025-06-20;7;3360.6977401357963
17;2025-06-20;8;4548.884933501027
17;2025-06-20;9;3369.689594902842
17;2025-06-20;10;2695.682272003369
17;2025-06-20;11;2638.1337645774606
17;2025-06-20;12;2714.9855602569987
17;2025-06-20;13;2709.871067942228
17;2025-06-20;14;2766.534759276922
17;2025-06-20;15;3054.256575453963
17;2025-06-20;16;3467.9006172621594
17;2025-06-20;17;3855.7829797937193
17;2025-06-20;18;3793.2351228727966
17;2025-06-20;19;2976.4329927301224
17;2025-06-20;20;2313.2271118392964
17;2025-06-20;21;1574.5694991287965
17;2025-06-20;22;966.8901515368977
17;2025-06-20;23;455.44279180073676
17;2025-06-21;0;222.7613200479567
17;2025-06-21;1;0.0
17;2025-06-21;2;0.0
17;2025-06-21;3;0.0
17;2025-06-21;4;0.0
17;2025-06-21;5;109.1831295812473
17;2025-06-21;6;554.4343128309386
17;2025-06-21;7;1088.884912873715
17;2025-06-21;8;1630.1239599974183
17;2025-06-21;9;1972.254367480422
17;2025-06-21;10;2162.57685539278
17;2025-06-21;11;2485.507676828535
17;2025-06-21;12;2700.3420910659856
17;2025-06-21;13;2862.3790857421045
17;2025-06-21;14;2880.647782589499
17;2025-06-21;15;2873.8873772239426
17;2025-06-21;16;2702.227924881867
17;2025-06-21;17;2736.206968534313
17;2025-06-21;18;2626.188853913841
17;2025-06-21;19;2479.8942552155086
17;2025-06-21;20;2098.155545027635
17;2025-06-21;21;1600.2431818085788
17;2025-06-21;22;992.2714376939498
17;2025-06-21;23;504.5877151168612
17;2025-06-22;0;180.14539008091702
17;2025-06-22;1;0.0
17;2025-06-22;2;0.0
17;2025-06-22;3;0.0
17;2025-06-22;4;0.0
17;2025-06-22;5;82.72437988815938
17;2025-06-22;6;442.79536862425084
17;2025-06-22;7;843.8741843037551
17;2025-06-22;8;1238.1950010029764
17;2025-06-22;9;1562.2285886416557
17;2025-06-22;10;1785.316911160995
17;2025-06-22;11;2098.1319668470423
17;2025-06-22;12;2360.654679718583
17;2025-06-22;13;2554.2298479323463
17;2025-06-22;14;2558.0260066994624
17;2025-06-22;15;2507.307769609166
17;2025-06-22;16;2414.824607388599
17;2025-06-22;17;2345.78780677249
17;2025-06-22;18;2203.7229719885295
17;2025-06-22;19;1950.860155180978
17;2025-06-22;20;1676.9692265424414
17;2025-06-22;21;1250.2318495455238
17;2025-06-22;22;798.2812077690216
17;2025-06-22;23;349.7621610696268
17;2025-06-23;0;107.83970394341056
17;2025-06-23;1;0.0
17;2025-06-23;2;0.0
17;2025-06-23;3;0.0
17;2025-06-23;4;0.0
17;2025-06-23;5;235.56616281492657
17;2025-06-23;6;1404.8504569385252
17;2025-06-23;7;3530.496560310623
17;2025-06-23;8;4856.865080809985
17;2025-06-23;9;3523.516817125117
17;2025-06-23;10;2706.8061104389903
17;2025-06-23;11;2651.480722313374
17;2025-06-23;12;2680.121281484546
17;2025-06-23;13;2703.632720634921
17;2025-06-23;14;2684.087113746126
17;2025-06-23;15;2834.5902538554183
17;2025-06-23;16;3205.6192963337185
17;2025-06-23;17;4057.8515298190287
17;2025-06-23;18;4673.413823173118
17;2025-06-23;19;3452.1998549434934
17;2025-06-23;20;2489.6217500606554
17;2025-06-23;21;1571.2906248914076
17;2025-06-23;22;892.1454018860925
17;2025-06-23;23;368.8603027884762
17;2025-06-24;0;126.26218324792734
17;2025-06-24;1;0.0
17;2025-06-24;2;0.0
17;2025-06-24;3;0.0
17;2025-06-24;4;0.0
17;2025-06-24;5;239.81303650996952
17;2025-06-24;6;1431.8272507095498
17;2025-06-24;7;3617.1326079314017
17;2025-06-24;8;4920.086084072278
17;2025-06-24;9;3598.8954273815434
17;2025-06-24;10;2801.360902502712
17;2025-06-24;11;2699.819023851772
17;2025-06-24;12;2701.7362370791934
17;2025-06-24;13;2716.057326462156
17;2025-06-24;14;2770.586131303152
17;2025-06-24;15;2788.964723997872
17;2025-06-24;16;3205.2917057425598
17;2025-06-24;17;4048.7871622791345
17;2025-06-24;18;4600.830210704889
17;2025-06-24;19;3446.593585805366
17;2025-06-24;20;2531.5374478452723
17;2025-06-24;21;1622.8663710284552
17;2025-06-24;22;935.0322364074385
17;2025-06-24;23;405.5484862005429
17;2025-06-25;0;141.2173246162733
17;2025-06-25;1;0.0
17;2025-06-25;2;0.0
17;2025-06-25;3;0.0
17;2025-06-25;4;0.0
17;2025-06-25;5;249.33125349948958
17;2025-06-25;6;1419.3524363808117
17;2025-06-25;7;3583.8154893004
17;2025-06-25;8;4909.031108766063
17;2025-06-25;9;3640.8592301527624
17;2025-06-25;10;2844.7700922219574
17;2025-06-25;11;2729.5011901545877
17;2025-06-25;12;2747.214967207128
17;2025-06-25;13;2793.744234043497
17;2025-06-25;14;2861.100866230274
17;2025-06-25;15;2960.2837515309247
17;2025-06-25;16;3264.983891256336
17;2025-06-25;17;4053.458501624663
17;2025-06-25;18;4575.575370519877
17;2025-06-25;19;3475.8757523474446
17;2025-06-25;20;2561.941812523267
17;2025-06-25;21;1735.3823784077763
17;2025-06-25;22;1016.8898144840261
17;2025-06-25;23;458.2184880325959
17;2025-06-26;0;143.30604285950767
17;2025-06-26;1;0.0
17;2025-06-26;2;0.0
17;2025-06-26;3;0.0
17;2025-06-26;4;0.0
17;2025-06-26;5;238.16069133839483
17;2025-06-26;6;1393.7274287581608
17;2025-06-26;7;3437.0926258049426
17;2025-06-26;8;4745.102417787342
17;2025-06-26;9;3514.6132788118953
17;2025-06-26;10;2756.968977087549
17;2025-06-26;11;2663.025171567354
17;2025-06-26;12;2675.02588064508
17;2025-06-26;13;2673.6311065182686
17;2025-06-26;14;2707.6342885965328
17;2025-06-26;15;2740.764714159601
17;2025-06-26;16;3153.3848713202165
17;2025-06-26;17;3925.5683153676778
17;2025-06-26;18;4498.688299318161
17;2025-06-26;19;3342.569126464923
17;2025-06-26;20;2494.8635805811837
17;2025-06-26;21;1677.5893868418902
17;2025-06-26;22;974.0059340506067
17;2025-06-26;23;434.4087262451227
17;2025-06-27;0;151.44121454866337
17;2025-06-27;1;0.0
17;2025-06-27;2;0.0
17;2025-06-27;3;0.0
17;2025-06-27;4;0.0
17;2025-06-27;5;238.5366878620472
17;2025-06-27;6;1378.0111408709574
17;2025-06-27;7;3494.476561209216
17;2025-06-27;8;4739.960035517749
17;2025-06-27;9;3498.0654555462434
17;2025-06-27;10;2825.812557102631
17;2025-06-27;11;2774.0801525475827
17;2025-06-27;12;2862.4643256588324
17;2025-06-27;13;2883.7259637969196
17;2025-06-27;14;2947.2011424269185
17;2025-06-27;15;3246.6844774578603
17;2025-06-27;16;3670.87234718987
17;2025-06-27;17;4087.8395266722855
17;2025-06-27;18;4024.079094600682
17;2025-06-27;19;3156.0067424415215
17;2025-06-27;20;2479.2789526602746
17;2025-06-27;21;1697.339106027706
17;2025-06-27;22;1037.0194205280359
17;2025-06-27;23;493.3943922710183
17;2025-06-28;0;230.8091884612308
17;2025-06-28;1;0.0
17;2025-06-28;2;0.0
17;2025-06-28;3;0.0
17;2025-06-28;4;0.0
17;2025-06-28;5;113.05913990532079
17;2025-06-28;6;567.1442080872704
17;2025-06-28;7;1095.6589080186423
17;2025-06-28;8;1644.269635252832
17;2025-06-28;9;1996.1116705413149
17;2025-06-28;10;2191.2882688363093
17;2025-06-28;11;2534.026431586535
17;2025-06-28;12;2761.784112528215
17;2025-06-28;13;2932.575908662859
17;2025-06-28;14;2952.7410204775997
17;2025-06-28;15;2951.693575701761
17;2025-06-28;16;2777.747742716565
17;2025-06-28;17;2828.133548446005
17;2025-06-28;18;2721.9028868893583
17;2025-06-28;19;2572.3873210043357
17;2025-06-28;20;2173.796651496678
17;2025-06-28;21;1660.9727355283392
17;2025-06-28;22;1030.553980907133
17;2025-06-28;23;540.2490175275104
17;2025-06-29;0;182.92691084724515
17;2025-06-29;1;0.0
17;2025-06-29;2;0.0
17;2025-06-29;3;0.0
17;2025-06-29;4;0.0
17;2025-06-29;5;84.4841446755947
17;2025-06-29;6;442.2662339639563
17;2025-06-29;7;830.2496665377321
17;2025-06-29;8;1215.2209462508335
17;2025-06-29;9;1532.7743992528785
17;2025-06-29;10;1749.6495724695199
17;2025-06-29;11;2066.5105781503
17;2025-06-29;12;2328.4507922986622
17;2025-06-29;13;2517.395479757056
17;2025-06-29;14;2520.5374382263844
17;2025-06-29;15;2470.7727831013235
17;2025-06-29;16;2394.8305334849956
17;2025-06-29;17;2339.1844291153784
17;2025-06-29;18;2212.1449713990546
17;2025-06-29;19;1965.1766365830617
17;2025-06-29;20;1694.458400877482
17;2025-06-29;21;1266.8286425025672
17;2025-06-29;22;807.2965380479377
17;2025-06-29;23;367.87304922939575
17;2025-06-30;0;98.49894351222466
17;2025-06-30;1;0.0
17;2025-06-30;2;0.0
17;2025-06-30;3;0.0
17;2025-06-30;4;0.0
17;2025-06-30;5;219.31807550545585
17;2025-06-30;6;1318.212051732141
17;2025-06-30;7;3280.0193878322602
17;2025-06-30;8;4501.0798593414165
17;2025-06-30;9;3293.4949010157848
17;2025-06-30;10;2519.6744305750344
17;2025-06-30;11;2454.565772744694
17;2025-06-30;12;2472.0977201930455
17;2025-06-30;13;2475.001552787863
17;2025-06-30;14;2454.431253865255
17;2025-06-30;15;2594.417357242056
17;2025-06-30;16;2959.2416712185413
17;2025-06-30;17;3740.039907506619
17;2025-06-30;18;4325.301484847607
17;2025-06-30;19;3206.0337365296255
17;2025-06-30;20;2296.8099189287313
17;2025-06-30;21;1440.5839192495548
17;2025-06-30;22;822.5150873698794
17;2025-06-30;23;340.5984624113988
17;2025-07-01;0;115.51468603005418
17;2025-07-01;1;0.0
17;2025-07-01;2;0.0
17;2025-07-01;3;0.0
17;2025-07-01;4;0.0
17;2025-07-01;5;224.9536813405802
17;2025-07-01;6;1362.3554761556118
17;2025-07-01;7;3425.640347315993
17;2025-07-01;8;4659.332130853937
17;2025-07-01;9;3409.3576036561985
17;2025-07-01;10;2644.6139984100346
17;2025-07-01;11;2542.5229008332153
17;2025-07-01;12;2538.74080830231
17;2025-07-01;13;2555.9781315516157
17;2025-07-01;14;2613.682096510424
17;2025-07-01;15;2657.38460159221
17;2025-07-01;16;3074.0169239216475
17;2025-07-01;17;3874.060159598844
17;2025-07-01;18;4416.754779703535
17;2025-07-01;19;3318.8388670293434
17;2025-07-01;20;2409.918116709484
17;2025-07-01;21;1539.7244475834825
17;2025-07-01;22;894.727018522047
17;2025-07-01;23;389.94732548415925
17;2025-07-02;0;140.6195114839951
17;2025-07-02;1;0.0
17;2025-07-02;2;0.0
17;2025-07-02;3;0.0
17;2025-07-02;4;0.0
17;2025-07-02;5;243.2719293381812
17;2025-07-02;6;1389.0763026016139
17;2025-07-02;7;3483.586187078137
17;2025-07-02;8;4768.9130551513845
17;2025-07-02;9;3525.9726702111802
17;2025-07-02;10;2763.1478737323414
17;2025-07-02;11;2657.867247195918
17;2025-07-02;12;2677.867443218147
17;2025-07-02;13;2755.8045590151214
17;2025-07-02;14;2849.8565548968654
17;2025-07-02;15;2970.77808420442
17;2025-07-02;16;3270.4803269497106
17;2025-07-02;17;4046.4516420087693
17;2025-07-02;18;4587.816717162298
17;2025-07-02;19;3495.973385464747
17;2025-07-02;20;2559.5616735827653
17;2025-07-02;21;1742.6873153132508
17;2025-07-02;22;1029.6788634339732
17;2025-07-02;23;471.6181532033635
17;2025-07-03;0;156.74426301243795
17;2025-07-03;1;0.0
17;2025-07-03;2;0.0
17;2025-07-03;3;0.0
17;2025-07-03;4;0.0
17;2025-07-03;5;250.02024417746202
17;2025-07-03;6;1435.2892768899005
17;2025-07-03;7;3531.0420249186477
17;2025-07-03;8;4903.286203412246
17;2025-07-03;9;3585.488876004406
17;2025-07-03;10;2838.483595223882
17;2025-07-03;11;2748.3148446122104
17;2025-07-03;12;2770.5200638045226
17;2025-07-03;13;2833.746139460238
17;2025-07-03;14;2897.1605355344927
17;2025-07-03;15;2954.5561214662002
17;2025-07-03;16;3384.916035194038
17;2025-07-03;17;4208.3974581455805
17;2025-07-03;18;4819.695417767263
17;2025-07-03;19;3598.630999594173
17;2025-07-03;20;2692.863842522477
17;2025-07-03;21;1836.573738177432
17;2025-07-03;22;1079.8005040147195
17;2025-07-03;23;500.4171321905162
17;2025-07-04;0;156.70882098062896
17;2025-07-04;1;0.0
17;2025-07-04;2;0.0
17;2025-07-04;3;0.0
17;2025-07-04;4;0.0
17;2025-07-04;5;235.02112623492326
17;2025-07-04;6;1358.1145577167636
17;2025-07-04;7;3414.38271508286
17;2025-07-04;8;4630.544707066265
17;2025-07-04;9;3381.3809836554356
17;2025-07-04;10;2728.4366095351525
17;2025-07-04;11;2656.5941662006
17;2025-07-04;12;2739.4703724845003
17;2025-07-04;13;2799.8309464208232
17;2025-07-04;14;2885.5785114445207
17;2025-07-04;15;3153.6506502274588
17;2025-07-04;16;3650.4628649745364
17;2025-07-04;17;4089.938968516471
17;2025-07-04;18;4050.397695158686
17;2025-07-04;19;3197.041342631894
17;2025-07-04;20;2493.9181570088776
17;2025-07-04;21;1727.7060001651512
17;2025-07-04;22;1074.3130653429089
17;2025-07-04;23;536.8531272245286
17;2025-07-05;0;232.61997155121753
17;2025-07-05;1;0.0
17;2025-07-05;2;0.0
17;2025-07-05;3;0.0
17;2025-07-05;4;0.0
17;2025-07-05;5;110.4848494073471
17;2025-07-05;6;555.0399756643545
17;2025-07-05;7;1067.629767778731
17;2025-07-05;8;1605.6437613668406
17;2025-07-05;9;1942.9592244761134
17;2025-07-05;10;2142.202072176506
17;2025-07-05;11;2486.915632751336
17;2025-07-05;12;2718.925011603912
17;2025-07-05;13;2927.269522760029
17;2025-07-05;14;2969.16690326993
17;2025-07-05;15;2989.886076204473
17;2025-07-05;16;2825.2811733476747
17;2025-07-05;17;2871.709833549454
17;2025-07-05;18;2765.9793729062294
17;2025-07-05;19;2612.821421171917
17;2025-07-05;20;2191.8233062690288
17;2025-07-05;21;1684.5068134789258
17;2025-07-05;22;1051.2353491508143
17;2025-07-05;23;555.3082289260337
17;2025-07-06;0;194.2778493875703
17;2025-07-06;1;0.0
17;2025-07-06;2;0.0
17;2025-07-06;3;0.0
17;2025-07-06;4;0.0
17;2025-07-06;5;86.13564039445686
17;2025-07-06;6;421.0066098630192
17;2025-07-06;7;764.8982093713242
17;2025-07-06;8;1165.8470893366518
17;2025-07-06;9;1533.6922271269136
17;2025-07-06;10;1788.878618916019
17;2025-07-06;11;2129.640278346713
17;2025-07-06;12;2419.061713381086
17;2025-07-06;13;2651.6523263393437
17;2025-07-06;14;2676.3395287331473
17;2025-07-06;15;2650.824167811631
17;2025-07-06;16;2563.7560813697028
17;2025-07-06;17;2518.4509560359693
17;2025-07-06;18;2383.669213325552
17;2025-07-06;19;2118.284550035305
17;2025-07-06;20;1808.170466324662
17;2025-07-06;21;1361.5707048067063
17;2025-07-06;22;870.2098060399903
17;2025-07-06;23;403.1998274485255
17;2025-07-07;0;117.15819009695285
17;2025-07-07;1;0.0
17;2025-07-07;2;0.0
17;2025-07-07;3;0.0
17;2025-07-07;4;0.0
17;2025-07-07;5;236.968322354208
17;2025-07-07;6;1392.5564374840803
17;2025-07-07;7;3482.7202834131467
17;2025-07-07;8;4816.195171976447
17;2025-07-07;9;3479.5898139159317
17;2025-07-07;10;2665.3749235368796
17;2025-07-07;11;2606.9473042501204
17;2025-07-07;12;2637.734801388705
17;2025-07-07;13;2697.046303380729
17;2025-07-07;14;2696.782237835249
17;2025-07-07;15;2858.0480017896507
17;2025-07-07;16;3263.9868835728103
17;2025-07-07;17;4131.9175165757515
17;2025-07-07;18;4779.044422437013
17;2025-07-07;19;3540.2617320752884
17;2025-07-07;20;2551.9480639905123
17;2025-07-07;21;1629.8638344161259
17;2025-07-07;22;940.884732750766
17;2025-07-07;23;407.19722559956926
17;2025-07-08;0;135.57605022206116
17;2025-07-08;1;0.0
17;2025-07-08;2;0.0
17;2025-07-08;3;0.0
17;2025-07-08;4;0.0
17;2025-07-08;5;241.04092129841132
17;2025-07-08;6;1425.0415593029986
17;2025-07-08;7;3584.5970179668116
17;2025-07-08;8;4897.966342092903
17;2025-07-08;9;3571.8521379178737
17;2025-07-08;10;2764.1400610228693
17;2025-07-08;11;2658.7545539339653
17;2025-07-08;12;2661.1658724574036
17;2025-07-08;13;2694.621067954282
17;2025-07-08;14;2763.0117776803017
17;2025-07-08;15;2807.1880058056913
17;2025-07-08;16;3260.9341511764774
17;2025-07-08;17;4125.418373957308
17;2025-07-08;18;4722.350573548601
17;2025-07-08;19;3539.061268406721
17;2025-07-08;20;2614.495032756283
17;2025-07-08;21;1696.9558295915176
17;2025-07-08;22;987.288576394779
17;2025-07-08;23;450.76453615555033
17;2025-07-09;0;151.7026820097754
17;2025-07-09;1;0.0
17;2025-07-09;2;0.0
17;2025-07-09;3;0.0
17;2025-07-09;4;0.0
17;2025-07-09;5;255.75655680727306
17;2025-07-09;6;1433.2607397294419
17;2025-07-09;7;3608.6510130745646
17;2025-07-09;8;4967.317958426617
17;2025-07-09;9;3673.9209510018645
17;2025-07-09;10;2875.5044893667646
17;2025-07-09;11;2761.597960891565
17;2025-07-09;12;2782.194925974433
17;2025-07-09;13;2869.4722837600984
17;2025-07-09;14;2949.3077522059502
17;2025-07-09;15;3056.5714466428603
17;2025-07-09;16;3401.620328122155
17;2025-07-09;17;4230.43886286715
17;2025-07-09;18;4810.288221281176
17;2025-07-09;19;3657.479056226507
17;2025-07-09;20;2710.35361367906
17;2025-07-09;21;1860.355744810639
17;2025-07-09;22;1108.7254641621166
17;2025-07-09;23;517.225750963283
17;2025-07-10;0;157.82911801539714
17;2025-07-10;1;0.0
17;2025-07-10;2;0.0
17;2025-07-10;3;0.0
17;2025-07-10;4;0.0
17;2025-07-10;5;251.13581508985544
17;2025-07-10;6;1436.9107671048796
17;2025-07-10;7;3546.8402057188932
17;2025-07-10;8;4925.815349977246
17;2025-07-10;9;3614.9559829887726
17;2025-07-10;10;2851.4458742496386
17;2025-07-10;11;2770.089206424614
17;2025-07-10;12;2795.4476036903034
17;2025-07-10;13;2864.913182214519
17;2025-07-10;14;2920.22627175486
17;2025-07-10;15;2954.48136584034
17;2025-07-10;16;3417.8451859116904
17;2025-07-10;17;4241.72130669977
17;2025-07-10;18;4872.753280529301
17;2025-07-10;19;3614.3090450954005
17;2025-07-10;20;2718.5993233248237
17;2025-07-10;21;1857.0271407012392
17;2025-07-10;22;1092.844258894679
17;2025-07-10;23;507.32164752131564
17;2025-07-11;0;160.26351343667497
17;2025-07-11;1;0.0
17;2025-07-11;2;0.0
17;2025-07-11;3;0.0
17;2025-07-11;4;0.0
17;2025-07-11;5;239.84390962146668
17;2025-07-11;6;1369.4497180669023
17;2025-07-11;7;3459.3234674736873
17;2025-07-11;8;4706.53524786723
17;2025-07-11;9;3454.4816439445726
17;2025-07-11;10;2784.4713177675585
17;2025-07-11;11;2718.2710465484415
17;2025-07-11;12;2805.385640588095
17;2025-07-11;13;2871.5998218786704
17;2025-07-11;14;2951.216548426308
17;2025-07-11;15;3224.670259694638
17;2025-07-11;16;3729.6917429224054
17;2025-07-11;17;4170.3186267547935
17;2025-07-11;18;4144.877850001651
17;2025-07-11;19;3260.236090890071
17;2025-07-11;20;2559.808026129337
17;2025-07-11;21;1774.7541562916904
17;2025-07-11;22;1104.9998749135257
17;2025-07-11;23;553.6342755305583
17;2025-07-12;0;233.5058954740149
17;2025-07-12;1;0.0
17;2025-07-12;2;0.0
17;2025-07-12;3;0.0
17;2025-07-12;4;0.0
17;2025-07-12;5;109.91311843937177
17;2025-07-12;6;554.5469180625114
17;2025-07-12;7;1061.4196211255648
17;2025-07-12;8;1579.2865931924111
17;2025-07-12;9;1913.4602876783429
17;2025-07-12;10;2096.724495723955
17;2025-07-12;11;2421.4128241969875
17;2025-07-12;12;2638.0801650610874
17;2025-07-12;13;2827.1584013578854
17;2025-07-12;14;2867.5146742210645
17;2025-07-12;15;2844.9017895276656
17;2025-07-12;16;2748.908553235271
17;2025-07-12;17;2810.8818687468274
17;2025-07-12;18;2735.926757431732
17;2025-07-12;19;2573.3717580557213
17;2025-07-12;20;2169.825143068998
17;2025-07-12;21;1678.0364735786861
17;2025-07-12;22;1050.8436703771877
17;2025-07-12;23;552.7989721804552
17;2025-07-13;0;186.1412637199543
17;2025-07-13;1;0.0
17;2025-07-13;2;0.0
17;2025-07-13;3;0.0
17;2025-07-13;4;0.0
17;2025-07-13;5;84.34949399626467
17;2025-07-13;6;433.33835346909666
17;2025-07-13;7;804.2914358633799
17;2025-07-13;8;1161.7021847280134
17;2025-07-13;9;1473.6683864862011
17;2025-07-13;10;1688.8850255017715
17;2025-07-13;11;1992.5230891786105
17;2025-07-13;12;2244.884699060274
17;2025-07-13;13;2448.2131427855375
17;2025-07-13;14;2467.7114047014024
17;2025-07-13;15;2413.0783702844274
17;2025-07-13;16;2381.4368350770155
17;2025-07-13;17;2349.5026844976514
17;2025-07-13;18;2251.908066316886
17;2025-07-13;19;2006.092242029732
17;2025-07-13;20;1726.3532309373031
17;2025-07-13;21;1305.1898434296882
17;2025-07-13;22;839.1462711552506
17;2025-07-13;23;391.5177142370225
17;2025-07-14;0;112.084005868031
17;2025-07-14;1;0.0
17;2025-07-14;2;0.0
17;2025-07-14;3;0.0
17;2025-07-14;4;0.0
17;2025-07-14;5;221.66592636888123
17;2025-07-14;6;1306.34463430396
17;2025-07-14;7;3236.7665484547374
17;2025-07-14;8;4460.107770718954
17;2025-07-14;9;3251.283327709122
17;2025-07-14;10;2476.2834045182863
17;2025-07-14;11;2399.521403194774
17;2025-07-14;12;2409.61625864907
17;2025-07-14;13;2445.3290727014773
17;2025-07-14;14;2440.3722741902893
17;2025-07-14;15;2585.038268188815
17;2025-07-14;16;2974.546524224702
17;2025-07-14;17;3795.250464948636
17;2025-07-14;18;4430.592695467725
17;2025-07-14;19;3288.5280681892145
17;2025-07-14;20;2379.122110787046
17;2025-07-14;21;1520.3821746823105
17;2025-07-14;22;880.1049399111636
17;2025-07-14;23;383.6404971340811
17;2025-07-15;0;131.0615422837813
17;2025-07-15;1;0.0
17;2025-07-15;2;0.0
17;2025-07-15;3;0.0
17;2025-07-15;4;0.0
17;2025-07-15;5;230.52531269674589
17;2025-07-15;6;1362.9121857480804
17;2025-07-15;7;3408.6764849944993
17;2025-07-15;8;4657.388290384736
17;2025-07-15;9;3409.550106513583
17;2025-07-15;10;2630.7294246036176
17;2025-07-15;11;2517.0407328209194
17;2025-07-15;12;2504.0696949532976
17;2025-07-15;13;2518.545613710682
17;2025-07-15;14;2579.2763807655588
17;2025-07-15;15;2622.0333731073297
17;2025-07-15;16;3067.07553141098
17;2025-07-15;17;3908.477450773311
17;2025-07-15;18;4492.958305139242
17;2025-07-15;19;3375.1899064023437
17;2025-07-15;20;2503.195562725279
17;2025-07-15;21;1626.316341546954
17;2025-07-15;22;949.875212965204
17;2025-07-15;23;435.4035510834732
17;2025-07-16;0;151.5184792602389
17;2025-07-16;1;0.0
17;2025-07-16;2;0.0
17;2025-07-16;3;0.0
17;2025-07-16;4;0.0
17;2025-07-16;5;250.21353062602302
17;2025-07-16;6;1398.299824683675
17;2025-07-16;7;3508.1383792256765
17;2025-07-16;8;4824.488930187757
17;2025-07-16;9;3568.3284719366584
17;2025-07-16;10;2793.363303219623
17;2025-07-16;11;2672.2778793765237
17;2025-07-16;12;2686.1846873068507
17;2025-07-16;13;2769.1654114805424
17;2025-07-16;14;2852.168494563063
17;2025-07-16;15;2977.796897183921
17;2025-07-16;16;3298.3251641667057
17;2025-07-16;17;4117.792197827841
17;2025-07-16;18;4687.4197388634675
17;2025-07-16;19;3566.2469044830614
17;2025-07-16;20;2652.5663029824873
17;2025-07-16;21;1822.4153059720036
17;2025-07-16;22;1089.008542909788
17;2025-07-16;23;509.2855789256227
17;2025-07-17;0;155.93743905905336
17;2025-07-17;1;0.0
17;2025-07-17;2;0.0
17;2025-07-17;3;0.0
17;2025-07-17;4;0.0
17;2025-07-17;5;242.52082496086658
17;2025-07-17;6;1394.3984296205574
17;2025-07-17;7;3431.439852684234
17;2025-07-17;8;4766.42124903129
17;2025-07-17;9;3499.527487346383
17;2025-07-17;10;2759.9622321655124
17;2025-07-17;11;2671.7984924309644
17;2025-07-17;12;2687.0441533374005
17;2025-07-17;13;2750.4402792269257
17;2025-07-17;14;2811.5181688698312
17;2025-07-17;15;2867.7667903875927
17;2025-07-17;16;3304.705152289965
17;2025-07-17;17;4106.923722383316
17;2025-07-17;18;4722.686066452112
17;2025-07-17;19;3498.832977016865
17;2025-07-17;20;2633.6896729632444
17;2025-07-17;21;1800.9694435595973
17;2025-07-17;22;1061.4850329151704
17;2025-07-17;23;492.2648879359888
17;2025-07-18;0;161.2711269639242
17;2025-07-18;1;0.0
17;2025-07-18;2;0.0
17;2025-07-18;3;0.0
17;2025-07-18;4;0.0
17;2025-07-18;5;238.9903957847846
17;2025-07-18;6;1354.1569784032597
17;2025-07-18;7;3418.2797798127476
17;2025-07-18;8;4649.2360680345555
17;2025-07-18;9;3417.490188983354
17;2025-07-18;10;2759.119405598187
17;2025-07-18;11;2691.9746780757505
17;2025-07-18;12;2772.1597602939346
17;2025-07-18;13;2837.6078196159287
17;2025-07-18;14;2913.6987330273314
17;2025-07-18;15;3179.8337184076463
17;2025-07-18;16;3682.0742096477925
17;2025-07-18;17;4125.729952745715
17;2025-07-18;18;4108.0444391765795
17;2025-07-18;19;3233.6424203567612
17;2025-07-18;20;2552.4839383747426
17;2025-07-18;21;1771.2150078956793
17;2025-07-18;22;1105.6897635867767
17;2025-07-18;23;555.2885071864587
17;2025-07-19;0;233.31738629394664
17;2025-07-19;1;0.0
17;2025-07-19;2;0.0
17;2025-07-19;3;0.0
17;2025-07-19;4;0.0
17;2025-07-19;5;109.2390604650817
17;2025-07-19;6;544.5833887791273
17;2025-07-19;7;1041.2656322994537
17;2025-07-19;8;1559.249647264272
17;2025-07-19;9;1894.7416819200143
17;2025-07-19;10;2070.4251057320444
17;2025-07-19;11;2389.2963609966246
17;2025-07-19;12;2595.331936144004
17;2025-07-19;13;2783.066999682529
17;2025-07-19;14;2823.9479558521343
17;2025-07-19;15;2840.86361552333
17;2025-07-19;16;2707.3164147919306
17;2025-07-19;17;2768.4922396351694
17;2025-07-19;18;2700.1486274255058
17;2025-07-19;19;2545.9551798647735
17;2025-07-19;20;2158.076320287507
17;2025-07-19;21;1670.0316823769954
17;2025-07-19;22;1047.811268369795
17;2025-07-19;23;552.1377870646623
17;2025-07-20;0;190.53445763539344
17;2025-07-20;1;0.0
17;2025-07-20;2;0.0
17;2025-07-20;3;0.0
17;2025-07-20;4;0.0
17;2025-07-20;5;83.73726110244401
17;2025-07-20;6;432.0230250866982
17;2025-07-20;7;803.2305060290189
17;2025-07-20;8;1176.4801933754957
17;2025-07-20;9;1492.637664096335
17;2025-07-20;10;1713.6137317541259
17;2025-07-20;11;2025.753924950542
17;2025-07-20;12;2279.7996632381237
17;2025-07-20;13;2489.0969133329127
17;2025-07-20;14;2511.651188260326
17;2025-07-20;15;2483.9734794173764
17;2025-07-20;16;2428.4291046514527
17;2025-07-20;17;2390.4850321058907
17;2025-07-20;18;2283.263361784479
17;2025-07-20;19;2029.8366115871574
17;2025-07-20;20;1751.4294778975695
17;2025-07-20;21;1326.8336686287953
17;2025-07-20;22;854.097950386071
17;2025-07-20;23;398.93594975389703
17;2025-07-21;0;110.35166897242487
17;2025-07-21;1;0.0
17;2025-07-21;2;0.0
17;2025-07-21;3;0.0
17;2025-07-21;4;0.0
17;2025-07-21;5;224.97274796254172
17;2025-07-21;6;1290.4910639568475
17;2025-07-21;7;3192.359539672687
17;2025-07-21;8;4405.388685066979
17;2025-07-21;9;3213.5279529390255
17;2025-07-21;10;2448.3996395238582
17;2025-07-21;11;2369.411319505175
17;2025-07-21;12;2377.287142916649
17;2025-07-21;13;2415.074017931165
17;2025-07-21;14;2408.9891637165474
17;2025-07-21;15;2559.568345605102
17;2025-07-21;16;2940.142203218654
17;2025-07-21;17;3743.4338620722974
17;2025-07-21;18;4355.5044465742885
17;2025-07-21;19;3228.673073965796
17;2025-07-21;20;2341.5200346183656
17;2025-07-21;21;1496.568829108136
17;2025-07-21;22;863.4257464185827
17;2025-07-21;23;378.98025925489833
17;2025-07-22;0;132.32714445509595
17;2025-07-22;1;0.0
17;2025-07-22;2;0.0
17;2025-07-22;3;0.0
17;2025-07-22;4;0.0
17;2025-07-22;5;231.1438942654094
17;2025-07-22;6;1362.523432226482
17;2025-07-22;7;3414.5550251108734
17;2025-07-22;8;4682.451731500991
17;2025-07-22;9;3423.7719501191573
17;2025-07-22;10;2635.3029721347707
17;2025-07-22;11;2524.853730174834
17;2025-07-22;12;2510.6805185400062
17;2025-07-22;13;2527.279070105403
17;2025-07-22;14;2588.0654763792745
17;2025-07-22;15;2639.6507300023854
17;2025-07-22;16;3081.548939626562
17;2025-07-22;17;3921.1524356998048
17;2025-07-22;18;4501.19378061161
17;2025-07-22;19;3380.549916584224
17;2025-07-22;20;2510.2180210573
17;2025-07-22;21;1632.6973364894454
17;2025-07-22;22;953.1013802246591
17;2025-07-22;23;438.32778450864544
17;2025-07-23;0;148.72199447142268
17;2025-07-23;1;0.0
17;2025-07-23;2;0.0
17;2025-07-23;3;0.0
17;2025-07-23;4;0.0
17;2025-07-23;5;247.10923795450134
17;2025-07-23;6;1380.3302683681493
17;2025-07-23;7;3462.471151151246
17;2025-07-23;8;4771.710084438284
17;2025-07-23;9;3532.6553668758493
17;2025-07-23;10;2753.8709235735896
17;2025-07-23;11;2637.1561127804944
17;2025-07-23;12;2647.506180791257
17;2025-07-23;13;2728.3626120025974
17;2025-07-23;14;2808.9659489549185
17;2025-07-23;15;2929.320932381043
17;2025-07-23;16;3251.9481457025154
17;2025-07-23;17;4055.9375143186335
17;2025-07-23;18;4625.612546148399
17;2025-07-23;19;3519.646364406512
17;2025-07-23;20;2615.1238321408937
17;2025-07-23;21;1798.6291939071189
17;2025-07-23;22;1074.9318411767038
17;2025-07-23;23;502.53174985530757
17;2025-07-24;0;156.6405794363361
17;2025-07-24;1;0.0
17;2025-07-24;2;0.0
17;2025-07-24;3;0.0
17;2025-07-24;4;0.0
17;2025-07-24;5;245.29628660862772
17;2025-07-24;6;1402.4493181008195
17;2025-07-24;7;3471.9083215684905
17;2025-07-24;8;4814.0700944759865
17;2025-07-24;9;3525.499351402589
17;2025-07-24;10;2775.6357295255284
17;2025-07-24;11;2692.410062723714
17;2025-07-24;12;2712.0008181813782
17;2025-07-24;13;2780.074578795698
17;2025-07-24;14;2835.916665117924
17;2025-07-24;15;2864.385525934933
17;2025-07-24;16;3330.6595121768305
17;2025-07-24;17;4144.949248454103
17;2025-07-24;18;4753.213106966628
17;2025-07-24;19;3524.8753333837863
17;2025-07-24;20;2661.0991707902704
17;2025-07-24;21;1820.4678151902172
17;2025-07-24;22;1068.7721501649066
17;2025-07-24;23;499.3868377532078
17;2025-07-25;0;157.95484387074106
17;2025-07-25;1;0.0
17;2025-07-25;2;0.0
17;2025-07-25;3;0.0
17;2025-07-25;4;0.0
17;2025-07-25;5;233.46132643972805
17;2025-07-25;6;1335.6166581532661
17;2025-07-25;7;3382.93596503359
17;2025-07-25;8;4575.879541944804
17;2025-07-25;9;3358.673283016677
17;2025-07-25;10;2702.8790901171387
17;2025-07-25;11;2639.8557484177572
17;2025-07-25;12;2722.417419776747
17;2025-07-25;13;2785.6259226800967
17;2025-07-25;14;2867.962551608097
17;2025-07-25;15;3128.378671211122
17;2025-07-25;16;3636.1978292065196
17;2025-07-25;17;4068.218569613955
17;2025-07-25;18;4036.810593399043
17;2025-07-25;19;3163.139867499707
17;2025-07-25;20;2483.976341462112
17;2025-07-25;21;1727.168581676999
17;2025-07-25;22;1077.9846504937236
17;2025-07-25;23;540.0020334906935
17;2025-07-26;0;244.9479527694836
17;2025-07-26;1;0.0
17;2025-07-26;2;0.0
17;2025-07-26;3;0.0
17;2025-07-26;4;0.0
17;2025-07-26;5;113.51018447163305
17;2025-07-26;6;559.9668082201981
17;2025-07-26;7;1076.3264506638852
17;2025-07-26;8;1623.594225647627
17;2025-07-26;9;1960.003837971405
17;2025-07-26;10;2141.1540351930944
17;2025-07-26;11;2477.034892336449
17;2025-07-26;12;2697.8731476846547
17;2025-07-26;13;2898.390799582323
17;2025-07-26;14;2938.3893725157523
17;2025-07-26;15;2958.957317293476
17;2025-07-26;16;2826.3135067551702
17;2025-07-26;17;2904.666182252091
17;2025-07-26;18;2825.606068644831
17;2025-07-26;19;2657.9848019854758
17;2025-07-26;20;2251.372027372714
17;2025-07-26;21;1741.4174836509633
17;2025-07-26;22;1091.7734352316165
17;2025-07-26;23;577.4932707427355
17;2025-07-27;0;204.82521387353577
17;2025-07-27;1;0.0
17;2025-07-27;2;0.0
17;2025-07-27;3;0.0
17;2025-07-27;4;0.0
17;2025-07-27;5;88.75757306137078
17;2025-07-27;6;423.48651831924707
17;2025-07-27;7;765.3575388905208
17;2025-07-27;8;1184.3463634119948
17;2025-07-27;9;1560.6433370895277
17;2025-07-27;10;1799.2305784311156
17;2025-07-27;11;2139.2178490543674
17;2025-07-27;12;2423.7643677822016
17;2025-07-27;13;2654.228908268342
17;2025-07-27;14;2680.8340110688614
17;2025-07-27;15;2659.446848788136
17;2025-07-27;16;2596.6944060076803
17;2025-07-27;17;2582.1769019274275
17;2025-07-27;18;2464.742344977507
17;2025-07-27;19;2185.930245286041
17;2025-07-27;20;1877.3827308403602
17;2025-07-27;21;1425.8961213235152
17;2025-07-27;22;916.3935215045161
17;2025-07-27;23;429.22652061253467
17;2025-07-28;0;118.83473290202448
17;2025-07-28;1;0.0
17;2025-07-28;2;0.0
17;2025-07-28;3;0.0
17;2025-07-28;4;0.0
17;2025-07-28;5;238.7363951405388
17;2025-07-28;6;1385.313914070522
17;2025-07-28;7;3482.816377850506
17;2025-07-28;8;4807.223093762084
17;2025-07-28;9;3484.280899931092
17;2025-07-28;10;2653.32886629739
17;2025-07-28;11;2599.9820638124684
17;2025-07-28;12;2627.591646373949
17;2025-07-28;13;2692.770333777493
17;2025-07-28;14;2683.0647270136906
17;2025-07-28;15;2838.721869844796
17;2025-07-28;16;3258.4355791123626
17;2025-07-28;17;4128.513894690781
17;2025-07-28;18;4783.507945558821
17;2025-07-28;19;3537.473135671056
17;2025-07-28;20;2572.2048495043505
17;2025-07-28;21;1647.0052289175414
17;2025-07-28;22;949.4816774396099
17;2025-07-28;23;414.28626874822
17;2025-07-29;0;139.764254726136
17;2025-07-29;1;0.0
17;2025-07-29;2;0.0
17;2025-07-29;3;0.0
17;2025-07-29;4;0.0
17;2025-07-29;5;250.9695739930082
17;2025-07-29;6;1453.4725892285987
17;2025-07-29;7;3695.00930419621
17;2025-07-29;8;5051.399903268453
17;2025-07-29;9;3682.645799675368
17;2025-07-29;10;2839.7882191221615
17;2025-07-29;11;2744.663960476272
17;2025-07-29;12;2748.484889832827
17;2025-07-29;13;2813.211138177075
17;2025-07-29;14;2873.3600026494264
17;2025-07-29;15;2902.589152500168
17;2025-07-29;16;3379.8256975211143
17;2025-07-29;17;4276.838291269982
17;2025-07-29;18;4883.434562269274
17;2025-07-29;19;3652.3822897650425
17;2025-07-29;20;2722.197450081574
17;2025-07-29;21;1770.9614100599242
17;2025-07-29;22;1030.2556380447513
17;2025-07-29;23;472.9216888512184
17;2025-07-30;0;153.80829410878522
17;2025-07-30;1;0.0
17;2025-07-30;2;0.0
17;2025-07-30;3;0.0
17;2025-07-30;4;0.0
17;2025-07-30;5;258.1293336990039
17;2025-07-30;6;1429.8175412739997
17;2025-07-30;7;3620.3139998907336
17;2025-07-30;8;4974.74070537925
17;2025-07-30;9;3685.3572760861466
17;2025-07-30;10;2868.419104589191
17;2025-07-30;11;2761.467081719641
17;2025-07-30;12;2779.9683369795707
17;2025-07-30;13;2873.2245737142166
17;2025-07-30;14;2946.171483514975
17;2025-07-30;15;3055.172945888551
17;2025-07-30;16;3411.2046290461476
17;2025-07-30;17;4242.3389690868335
17;2025-07-30;18;4827.778145746666
17;2025-07-30;19;3666.8843791884997
17;2025-07-30;20;2732.9069774684785
17;2025-07-30;21;1872.121950193267
17;2025-07-30;22;1112.6665682708026
17;2025-07-30;23;527.436635950294
17;2025-07-31;0;161.51251382159765
17;2025-07-31;1;0.0
17;2025-07-31;2;0.0
17;2025-07-31;3;0.0
17;2025-07-31;4;0.0
17;2025-07-31;5;253.72607752676598
17;2025-07-31;6;1432.378094667097
17;2025-07-31;7;3549.194340977294
17;2025-07-31;8;4912.5268667325045
17;2025-07-31;9;3615.15261490669
17;2025-07-31;10;2842.8460872737896
17;2025-07-31;11;2763.1587403257336
17;2025-07-31;12;2783.5044999981606
17;2025-07-31;13;2855.8670324898676
17;2025-07-31;14;2903.4558943757415
17;2025-07-31;15;2947.2873306608362
17;2025-07-31;16;3419.1694218985376
17;2025-07-31;17;4231.275652909906
17;2025-07-31;18;4864.111851115475
17;2025-07-31;19;3612.439419017857
17;2025-07-31;20;2734.9438016243475
17;2025-07-31;21;1863.799802993691
17;2025-07-31;22;1094.2404143372676
17;2025-07-31;23;516.4455014750577
25;2025-06-01;0;13.85533738618236
25;2025-06-01;1;0.0
25;2025-06-01;2;0.0
25;2025-06-01;3;0.0
25;2025-06-01;4;0.0
25;2025-06-01;5;3.089726597968424
25;2025-06-01;6;54.54185139105586
25;2025-06-01;7;102.18027936886764
25;2025-06-01;8;194.03413997828255
25;2025-06-01;9;218.5573404381395
25;2025-06-01;10;224.3902573355955
25;2025-06-01;11;285.27281915469837
25;2025-06-01;12;313.9498876303806
25;2025-06-01;13;378.54489476484355
25;2025-06-01;14;416.58458423079423
25;2025-06-01;15;444.1195540383449
25;2025-06-01;16;375.7578052934257
25;2025-06-01;17;364.5271215779669
25;2025-06-01;18;366.9043656889212
25;2025-06-01;19;317.9758882137923
25;2025-06-01;20;249.72311876974908
25;2025-06-01;21;207.16892196669875
25;2025-06-01;22;127.96250693070442
25;2025-06-01;23;40.90779383991037
25;2025-06-02;0;8.381940758968536
25;2025-06-02;1;0.0
25;2025-06-02;2;0.0
25;2025-06-02;3;0.0
25;2025-06-02;4;0.0
25;2025-06-02;5;4.30465890670194
25;2025-06-02;6;147.77682153656576
25;2025-06-02;7;472.03368736636617
25;2025-06-02;8;839.0076106855589
25;2025-06-02;9;460.48354094341346
25;2025-06-02;10;361.33957333195974
25;2025-06-02;11;383.36302889226204
25;2025-06-02;12;376.49795607738383
25;2025-06-02;13;471.5985734535188
25;2025-06-02;14;405.31405087927624
25;2025-06-02;15;480.25353021844444
25;2025-06-02;16;563.6296546182524
25;2025-06-02;17;627.9057468700403
25;2025-06-02;18;722.3979331696414
25;2025-06-02;19;474.0711134140326
25;2025-06-02;20;346.20068623418695
25;2025-06-02;21;245.2352484339482
25;2025-06-02;22;130.72585041071568
25;2025-06-02;23;18.263917265619604
25;2025-06-03;0;3.770459993429506
25;2025-06-03;1;0.0
25;2025-06-03;2;0.0
25;2025-06-03;3;0.0
25;2025-06-03;4;0.0
25;2025-06-03;5;5.8265074008313285
25;2025-06-03;6;155.29922374283905
25;2025-06-03;7;485.45334308897185
25;2025-06-03;8;841.361536375109
25;2025-06-03;9;502.696518243043
25;2025-06-03;10;404.1283574223478
25;2025-06-03;11;423.73913871389254
25;2025-06-03;12;381.18549369517314
25;2025-06-03;13;458.7418809474797
25;2025-06-03;14;411.70763511609414
25;2025-06-03;15;503.51586645285226
25;2025-06-03;16;531.7986682326418
25;2025-06-03;17;623.0153909103456
25;2025-06-03;18;710.3074125186276
25;2025-06-03;19;509.767764259202
25;2025-06-03;20;371.56988459739614
25;2025-06-03;21;253.51782370155578
25;2025-06-03;22;142.31977048809273
25;2025-06-03;23;22.387928052973944
25;2025-06-04;0;4.307436975458128
25;2025-06-04;1;0.0
25;2025-06-04;2;0.0
25;2025-06-04;3;0.0
25;2025-06-04;4;0.0
25;2025-06-04;5;4.8255113123240205
25;2025-06-04;6;157.6098347046286
25;2025-06-04;7;495.1044622422877
25;2025-06-04;8;871.0984876557005
25;2025-06-04;9;502.47020724009496
25;2025-06-04;10;393.40456915955224
25;2025-06-04;11;425.46463147655453
25;2025-06-04;12;425.0826967526408
25;2025-06-04;13;509.0240375517283
25;2025-06-04;14;453.6102106832026
25;2025-06-04;15;531.6509300691139
25;2025-06-04;16;559.4725828418218
25;2025-06-04;17;638.4152293464197
25;2025-06-04;18;712.48378768562
25;2025-06-04;19;486.5135387955945
25;2025-06-04;20;388.07567112897664
25;2025-06-04;21;262.5606790657522
25;2025-06-04;22;152.9287497299373
25;2025-06-04;23;15.762119518055155
25;2025-06-05;0;3.2189123999259643
25;2025-06-05;1;0.0
25;2025-06-05;2;0.0
25;2025-06-05;3;0.0
25;2025-06-05;4;0.0
25;2025-06-05;5;6.009745856091342
25;2025-06-05;6;154.94900056146463
25;2025-06-05;7;473.4517644365611
25;2025-06-05;8;873.4839737092424
25;2025-06-05;9;487.22696330230434
25;2025-06-05;10;402.4760733303713
25;2025-06-05;11;415.9882530518004
25;2025-06-05;12;406.6990417180964
25;2025-06-05;13;487.23353640970885
25;2025-06-05;14;445.44960365057716
25;2025-06-05;15;519.8557679667023
25;2025-06-05;16;577.2798705197426
25;2025-06-05;17;672.4986870104093
25;2025-06-05;18;724.1393947002136
25;2025-06-05;19;497.33617642826704
25;2025-06-05;20;373.305368369197
25;2025-06-05;21;274.13432195835117
25;2025-06-05;22;154.80746831288957
25;2025-06-05;23;20.724860438021846
25;2025-06-06;0;4.53654954553798
25;2025-06-06;1;0.0
25;2025-06-06;2;0.0
25;2025-06-06;3;0.0
25;2025-06-06;4;0.0
25;2025-06-06;5;5.293343300068051
25;2025-06-06;6;148.1561124619466
25;2025-06-06;7;457.82133017079843
25;2025-06-06;8;801.0590932828832
25;2025-06-06;9;484.75893762018245
25;2025-06-06;10;371.2777826915284
25;2025-06-06;11;413.37025333236875
25;2025-06-06;12;408.3647618322281
25;2025-06-06;13;480.9466775765304
25;2025-06-06;14;465.98386622423203
25;2025-06-06;15;559.0946786420344
25;2025-06-06;16;585.5909551672046
25;2025-06-06;17;633.081673580395
25;2025-06-06;18;579.5456699679926
25;2025-06-06;19;426.43878328496055
25;2025-06-06;20;342.3396473330155
25;2025-06-06;21;259.49238638661075
25;2025-06-06;22;157.69379998723574
25;2025-06-06;23;24.400326120089424
25;2025-06-07;0;6.463204499445113
25;2025-06-07;1;0.0
25;2025-06-07;2;0.0
25;2025-06-07;3;0.0
25;2025-06-07;4;0.0
25;2025-06-07;5;2.964430617731511
25;2025-06-07;6;75.0626060038486
25;2025-06-07;7;138.5370723965137
25;2025-06-07;8;285.1984677159219
25;2025-06-07;9;291.37872142059797
25;2025-06-07;10;270.1773857625715
25;2025-06-07;11;357.3730378141597
25;2025-06-07;12;370.73154391906166
25;2025-06-07;13;457.61626784308555
25;2025-06-07;14;470.26992622503764
25;2025-06-07;15;494.8453840226756
25;2025-06-07;16;433.00289138133485
25;2025-06-07;17;397.0221712213969
25;2025-06-07;18;408.3395051119293
25;2025-06-07;19;388.05778059744705
25;2025-06-07;20;293.447764216563
25;2025-06-07;21;255.8619200745038
25;2025-06-07;22;151.2609392688335
25;2025-06-07;23;52.82095120144057
25;2025-06-08;0;13.350215125210845
25;2025-06-08;1;0.0
25;2025-06-08;2;0.0
25;2025-06-08;3;0.0
25;2025-06-08;4;0.0
25;2025-06-08;5;3.361710239602271
25;2025-06-08;6;58.12516264048777
25;2025-06-08;7;109.8194871935159
25;2025-06-08;8;193.26832376696052
25;2025-06-08;9;216.53017756764967
25;2025-06-08;10;219.74258263277753
25;2025-06-08;11;275.4569429182038
25;2025-06-08;12;302.2197536331849
25;2025-06-08;13;363.60883567079907
25;2025-06-08;14;400.5028007358725
25;2025-06-08;15;419.6617338718406
25;2025-06-08;16;362.3595426275204
25;2025-06-08;17;348.9694969579924
25;2025-06-08;18;349.8048518441891
25;2025-06-08;19;305.4517473564232
25;2025-06-08;20;242.9819272980294
25;2025-06-08;21;202.48394695483546
25;2025-06-08;22;126.12119971687369
25;2025-06-08;23;39.953268447308545
25;2025-06-09;0;9.12962087001969
25;2025-06-09;1;0.0
25;2025-06-09;2;0.0
25;2025-06-09;3;0.0
25;2025-06-09;4;0.0
25;2025-06-09;5;4.464305116703015
25;2025-06-09;6;144.2868651905444
25;2025-06-09;7;459.7901594412776
25;2025-06-09;8;818.7087146956278
25;2025-06-09;9;449.9438595614649
25;2025-06-09;10;353.30271738841515
25;2025-06-09;11;371.95222713165856
25;2025-06-09;12;365.92069984335336
25;2025-06-09;13;460.11918790547145
25;2025-06-09;14;393.9038220266666
25;2025-06-09;15;462.58767231392113
25;2025-06-09;16;545.5856952519309
25;2025-06-09;17;612.6974562091482
25;2025-06-09;18;707.2304336168452
25;2025-06-09;19;464.7415936489841
25;2025-06-09;20;342.61432022702013
25;2025-06-09;21;243.20747021972602
25;2025-06-09;22;130.69760263244189
25;2025-06-09;23;20.118300293680853
25;2025-06-10;0;2.98013631893968
25;2025-06-10;1;0.0
25;2025-06-10;2;0.0
25;2025-06-10;3;0.0
25;2025-06-10;4;0.0
25;2025-06-10;5;5.239008161831455
25;2025-06-10;6;157.10546179523368
25;2025-06-10;7;495.8485663728461
25;2025-06-10;8;858.0535786105124
25;2025-06-10;9;508.73135801923047
25;2025-06-10;10;409.7923139591949
25;2025-06-10;11;433.5592021503495
25;2025-06-10;12;389.46036788159586
25;2025-06-10;13;468.1993308765126
25;2025-06-10;14;424.10533915857354
25;2025-06-10;15;521.461420195942
25;2025-06-10;16;554.3684475369275
25;2025-06-10;17;639.7774400157025
25;2025-06-10;18;725.7687163853061
25;2025-06-10;19;515.2184471206426
25;2025-06-10;20;371.5174588668107
25;2025-06-10;21;253.3154221585197
25;2025-06-10;22;142.84291694535546
25;2025-06-10;23;21.109355129670735
25;2025-06-11;0;4.206418483761597
25;2025-06-11;1;0.0
25;2025-06-11;2;0.0
25;2025-06-11;3;0.0
25;2025-06-11;4;0.0
25;2025-06-11;5;4.680639308138282
25;2025-06-11;6;154.31606822387624
25;2025-06-11;7;484.2865697035387
25;2025-06-11;8;852.1007911639052
25;2025-06-11;9;494.4558371549946
25;2025-06-11;10;385.5068195755081
25;2025-06-11;11;417.46957750523774
25;2025-06-11;12;418.83303630919556
25;2025-06-11;13;503.23326660073474
25;2025-06-11;14;447.84939872466646
25;2025-06-11;15;523.5382098829134
25;2025-06-11;16;545.325388639965
25;2025-06-11;17;622.7650305499631
25;2025-06-11;18;695.9933830266441
25;2025-06-11;19;475.08856561419407
25;2025-06-11;20;380.56846001171823
25;2025-06-11;21;257.7631913214139
25;2025-06-11;22;150.35204009180705
25;2025-06-11;23;15.297902263573938
25;2025-06-12;0;9.831457342435751
25;2025-06-12;1;0.0
25;2025-06-12;2;0.0
25;2025-06-12;3;0.0
25;2025-06-12;4;0.0
25;2025-06-12;5;2.8473475753845072
25;2025-06-12;6;57.23129910467287
25;2025-06-12;7;106.66430029753798
25;2025-06-12;8;206.944094779559
25;2025-06-12;9;222.24592355094677
25;2025-06-12;10;221.04381760735595
25;2025-06-12;11;285.78136493661503
25;2025-06-12;12;312.21691819285627
25;2025-06-12;13;384.8253765746069
25;2025-06-12;14;409.6387776256174
25;2025-06-12;15;438.32865880845316
25;2025-06-12;16;378.4937481142962
25;2025-06-12;17;357.52274793308095
25;2025-06-12;18;366.158077518494
25;2025-06-12;19;334.00221578067305
25;2025-06-12;20;258.55524289909977
25;2025-06-12;21;221.05086331826405
25;2025-06-12;22;135.52409819825687
25;2025-06-12;23;45.97370654361954
25;2025-06-13;0;9.113512719377546
25;2025-06-13;1;0.0
25;2025-06-13;2;0.0
25;2025-06-13;3;0.0
25;2025-06-13;4;0.0
25;2025-06-13;5;3.3484370277915554
25;2025-06-13;6;60.36401230131704
25;2025-06-13;7;113.75332721427584
25;2025-06-13;8;203.62050720941565
25;2025-06-13;9;212.54888851531723
25;2025-06-13;10;203.9423398440237
25;2025-06-13;11;262.5997820891645
25;2025-06-13;12;285.42767306833605
25;2025-06-13;13;354.8263535087222
25;2025-06-13;14;378.0758373550179
25;2025-06-13;15;404.07118356913656
25;2025-06-13;16;349.5873726765845
25;2025-06-13;17;326.95136018139124
25;2025-06-13;18;335.7890742780554
25;2025-06-13;19;307.75760927249775
25;2025-06-13;20;239.3692826849089
25;2025-06-13;21;204.51363875042261
25;2025-06-13;22;125.82051761396771
25;2025-06-13;23;42.390372417091314
25;2025-06-14;0;5.902775820676279
25;2025-06-14;1;0.0
25;2025-06-14;2;0.0
25;2025-06-14;3;0.0
25;2025-06-14;4;0.0
25;2025-06-14;5;3.1918962153280095
25;2025-06-14;6;74.06374401825352
25;2025-06-14;7;136.1065139277942
25;2025-06-14;8;275.7946576369594
25;2025-06-14;9;281.1097452956815
25;2025-06-14;10;260.5823419820458
25;2025-06-14;11;347.48799222991846
25;2025-06-14;12;360.80627191979
25;2025-06-14;13;445.2444997878747
25;2025-06-14;14;457.0143150983322
25;2025-06-14;15;484.99139052293583
25;2025-06-14;16;418.44632950665823
25;2025-06-14;17;379.75795752709087
25;2025-06-14;18;386.8214308329518
25;2025-06-14;19;369.0662653099742
25;2025-06-14;20;278.8742612963363
25;2025-06-14;21;241.83560893821766
25;2025-06-14;22;142.89998038905145
25;2025-06-14;23;48.49224796822341
25;2025-06-15;0;13.068603324094926
25;2025-06-15;1;0.0
25;2025-06-15;2;0.0
25;2025-06-15;3;0.0
25;2025-06-15;4;0.0
25;2025-06-15;5;3.2315703934868667
25;2025-06-15;6;57.2683514182588
25;2025-06-15;7;108.32893636640802
25;2025-06-15;8;188.75028627533624
25;2025-06-15;9;211.04399210358264
25;2025-06-15;10;215.32212348520432
25;2025-06-15;11;271.33638501375094
25;2025-06-15;12;298.42900886163073
25;2025-06-15;13;359.2423375113758
25;2025-06-15;14;395.5711382331652
25;2025-06-15;15;416.4560764324489
25;2025-06-15;16;355.6247821768876
25;2025-06-15;17;338.57773945366796
25;2025-06-15;18;337.55059892234783
25;2025-06-15;19;294.2809764677691
25;2025-06-15;20;234.71862958227214
25;2025-06-15;21;194.8441810526378
25;2025-06-15;22;121.27322971028264
25;2025-06-15;23;37.02250194694482
25;2025-06-16;0;9.071226775841119
25;2025-06-16;1;0.0
25;2025-06-16;2;0.0
25;2025-06-16;3;0.0
25;2025-06-16;4;0.0
25;2025-06-16;5;4.489465063456455
25;2025-06-16;6;146.77168893811262
25;2025-06-16;7;464.7061983885163
25;2025-06-16;8;826.3391163099959
25;2025-06-16;9;457.6470441195449
25;2025-06-16;10;358.5048039759892
25;2025-06-16;11;379.2276325744734
25;2025-06-16;12;372.4617062297019
25;2025-06-16;13;468.1786750925361
25;2025-06-16;14;401.33683845865926
25;2025-06-16;15;473.7665321268365
25;2025-06-16;16;554.5498367518235
25;2025-06-16;17;617.2204164421612
25;2025-06-16;18;714.5720624810715
25;2025-06-16;19;471.518347951072
25;2025-06-16;20;346.6634866231466
25;2025-06-16;21;246.65143359130724
25;2025-06-16;22;132.4474454447835
25;2025-06-16;23;20.04476264654758
25;2025-06-17;0;3.221348766647796
25;2025-06-17;1;0.0
25;2025-06-17;2;0.0
25;2025-06-17;3;0.0
25;2025-06-17;4;0.0
25;2025-06-17;5;6.030323002885254
25;2025-06-17;6;150.35312518483806
25;2025-06-17;7;465.81210301926524
25;2025-06-17;8;801.4234761145896
25;2025-06-17;9;485.61426947283655
25;2025-06-17;10;385.75638628869797
25;2025-06-17;11;403.5052766817497
25;2025-06-17;12;361.24185545556617
25;2025-06-17;13;430.29869466462526
25;2025-06-17;14;385.4838576795265
25;2025-06-17;15;473.76381908442613
25;2025-06-17;16;502.15325465869176
25;2025-06-17;17;587.2100972113981
25;2025-06-17;18;676.3927890024023
25;2025-06-17;19;483.2827155831136
25;2025-06-17;20;351.7593896210542
25;2025-06-17;21;240.77316915142177
25;2025-06-17;22;135.30443763771478
25;2025-06-17;23;21.005584466561025
25;2025-06-18;0;4.268656619479152
25;2025-06-18;1;0.0
25;2025-06-18;2;0.0
25;2025-06-18;3;0.0
25;2025-06-18;4;0.0
25;2025-06-18;5;5.123634304329555
25;2025-06-18;6;149.14798412270537
25;2025-06-18;7;463.06795631139653
25;2025-06-18;8;809.9437154340463
25;2025-06-18;9;476.8089467803462
25;2025-06-18;10;366.9277201495564
25;2025-06-18;11;394.31590381182946
25;2025-06-18;12;393.9371836197204
25;2025-06-18;13;471.27817281336877
25;2025-06-18;14;416.27260613107967
25;2025-06-18;15;487.0668666812518
25;2025-06-18;16;508.9722218501417
25;2025-06-18;17;586.2400783293477
25;2025-06-18;18;661.6962047613312
25;2025-06-18;19;454.86456565456996
25;2025-06-18;20;366.18720621963627
25;2025-06-18;21;248.26245779551627
25;2025-06-18;22;145.21136737675167
25;2025-06-18;23;15.74644161488311
25;2025-06-19;0;2.525004884784254
25;2025-06-19;1;0.0
25;2025-06-19;2;0.0
25;2025-06-19;3;0.0
25;2025-06-19;4;0.0
25;2025-06-19;5;5.525457977838814
25;2025-06-19;6;146.47706491103463
25;2025-06-19;7;448.6238498223915
25;2025-06-19;8;827.4040795890808
25;2025-06-19;9;465.55051191893494
25;2025-06-19;10;384.09596369584455
25;2025-06-19;11;396.53949202862833
25;2025-06-19;12;390.43338536963114
25;2025-06-19;13;467.24775448068544
25;2025-06-19;14;425.89231734065874
25;2025-06-19;15;496.2013622898719
25;2025-06-19;16;544.1083243142639
25;2025-06-19;17;632.454722133602
25;2025-06-19;18;686.967167550503
25;2025-06-19;19;472.3914540316368
25;2025-06-19;20;355.7062148632394
25;2025-06-19;21;260.37985121180276
25;2025-06-19;22;147.51958029881217
25;2025-06-19;23;19.477472423119256
25;2025-06-20;0;3.284928276144203
25;2025-06-20;1;0.0
25;2025-06-20;2;0.0
25;2025-06-20;3;0.0
25;2025-06-20;4;0.0
25;2025-06-20;5;4.885295009180227
25;2025-06-20;6;140.11838341853604
25;2025-06-20;7;434.53217685928297
25;2025-06-20;8;751.3659360817503
25;2025-06-20;9;457.6891169473241
25;2025-06-20;10;349.45434202014724
25;2025-06-20;11;391.4032050517094
25;2025-06-20;12;388.8549383637566
25;2025-06-20;13;455.6556392506734
25;2025-06-20;14;440.09350358579235
25;2025-06-20;15;528.0322657796303
25;2025-06-20;16;547.4737640936402
25;2025-06-20;17;586.7041143822511
25;2025-06-20;18;537.126822200041
25;2025-06-20;19;393.7836780611815
25;2025-06-20;20;318.4819808186776
25;2025-06-20;21;240.43134353142887
25;2025-06-20;22;145.85034352887578
25;2025-06-20;23;19.840843574401248
25;2025-06-21;0;5.95355302515004
25;2025-06-21;1;0.0
25;2025-06-21;2;0.0
25;2025-06-21;3;0.0
25;2025-06-21;4;0.0
25;2025-06-21;5;2.4454540887357865
25;2025-06-21;6;71.43031637882959
25;2025-06-21;7;135.46308983687965
25;2025-06-21;8;282.22887029918485
25;2025-06-21;9;282.8312663637595
25;2025-06-21;10;265.90797878154183
25;2025-06-21;11;354.9427622283538
25;2025-06-21;12;370.2960792270169
25;2025-06-21;13;460.6367038571223
25;2025-06-21;14;470.92268261311153
25;2025-06-21;15;501.01103137318137
25;2025-06-21;16;433.88282737953455
25;2025-06-21;17;395.385427723694
25;2025-06-21;18;402.82966024015957
25;2025-06-21;19;381.4499298503332
25;2025-06-21;20;290.1372280703672
25;2025-06-21;21;251.91291180524064
25;2025-06-21;22;148.988313666094
25;2025-06-21;23;50.732340431132045
25;2025-06-22;0;13.119858005253803
25;2025-06-22;1;0.0
25;2025-06-22;2;0.0
25;2025-06-22;3;0.0
25;2025-06-22;4;0.0
25;2025-06-22;5;2.9782650105737867
25;2025-06-22;6;57.06141284948333
25;2025-06-22;7;108.7352222929682
25;2025-06-22;8;189.79277085066366
25;2025-06-22;9;211.77760535304463
25;2025-06-22;10;215.65160325485027
25;2025-06-22;11;271.8781731016687
25;2025-06-22;12;300.51475129637663
25;2025-06-22;13;363.56821014916005
25;2025-06-22;14;400.03817624728504
25;2025-06-22;15;420.99662401469476
25;2025-06-22;16;359.0764928925293
25;2025-06-22;17;340.64158729866904
25;2025-06-22;18;339.15605126299147
25;2025-06-22;19;295.028615719744
25;2025-06-22;20;235.29384538302457
25;2025-06-22;21;195.5959153630153
25;2025-06-22;22;122.17908396932907
25;2025-06-22;23;37.156610115280166
25;2025-06-23;0;8.36448328618243
25;2025-06-23;1;0.0
25;2025-06-23;2;0.0
25;2025-06-23;3;0.0
25;2025-06-23;4;0.0
25;2025-06-23;5;4.059255970315033
25;2025-06-23;6;144.25068515890433
25;2025-06-23;7;461.71438325382314
25;2025-06-23;8;819.6793573440661
25;2025-06-23;9;448.6372181349462
25;2025-06-23;10;352.3410504421122
25;2025-06-23;11;374.69639236381414
25;2025-06-23;12;368.9215638855529
25;2025-06-23;13;463.9094699204119
25;2025-06-23;14;398.93722798923505
25;2025-06-23;15;472.5931494958453
25;2025-06-23;16;555.3582300937037
25;2025-06-23;17;615.4483267359014
25;2025-06-23;18;708.6155353160763
25;2025-06-23;19;464.8484580141711
25;2025-06-23;20;341.3817536873911
25;2025-06-23;21;242.6432166190366
25;2025-06-23;22;130.2053898484671
25;2025-06-23;23;17.975024684926318
25;2025-06-24;0;3.0333794068200075
25;2025-06-24;1;0.0
25;2025-06-24;2;0.0
25;2025-06-24;3;0.0
25;2025-06-24;4;0.0
25;2025-06-24;5;5.436070067983639
25;2025-06-24;6;150.16354373944458
25;2025-06-24;7;472.31073758408047
25;2025-06-24;8;816.7032629502816
25;2025-06-24;9;486.5109405357871
25;2025-06-24;10;391.75778198268824
25;2025-06-24;11;412.5622164319095
25;2025-06-24;12;372.5509775211332
25;2025-06-24;13;448.9617198188859
25;2025-06-24;14;404.0783142049862
25;2025-06-24;15;494.20487177087034
25;2025-06-24;16;520.9555568419057
25;2025-06-24;17;605.8154473722705
25;2025-06-24;18;693.9008850248058
25;2025-06-24;19;495.024199924693
25;2025-06-24;20;359.92683189417954
25;2025-06-24;21;245.875793486512
25;2025-06-24;22;139.09702906181576
25;2025-06-24;23;21.0905324136185
25;2025-06-25;0;4.109536057224917
25;2025-06-25;1;0.0
25;2025-06-25;2;0.0
25;2025-06-25;3;0.0
25;2025-06-25;4;0.0
25;2025-06-25;5;4.518489206257676
25;2025-06-25;6;150.68342651478113
25;2025-06-25;7;477.0481407524637
25;2025-06-25;8;841.682906455051
25;2025-06-25;9;481.5985139559468
25;2025-06-25;10;376.4273251502266
25;2025-06-25;11;406.7241473927377
25;2025-06-25;12;409.6718485678467
25;2025-06-25;13;493.46473536445217
25;2025-06-25;14;438.7157919269148
25;2025-06-25;15;513.1695895079807
25;2025-06-25;16;539.0368505609322
25;2025-06-25;17;619.031287130921
25;2025-06-25;18;687.8507441080005
25;2025-06-25;19;467.7821613150479
25;2025-06-25;20;374.41008711329107
25;2025-06-25;21;254.17460322333068
25;2025-06-25;22;148.67608586062468
25;2025-06-25;23;14.74493509838733
25;2025-06-26;0;2.691641153884902
25;2025-06-26;1;0.0
25;2025-06-26;2;0.0
25;2025-06-26;3;0.0
25;2025-06-26;4;0.0
25;2025-06-26;5;6.312578786830036
25;2025-06-26;6;146.8624971792156
25;2025-06-26;7;443.31769638009405
25;2025-06-26;8;810.159435956052
25;2025-06-26;9;461.1999726914212
25;2025-06-26;10;374.8067896911623
25;2025-06-26;11;385.2021323420214
25;2025-06-26;12;377.79538623415857
25;2025-06-26;13;452.6318923118834
25;2025-06-26;14;410.4108815423101
25;2025-06-26;15;479.03261678517856
25;2025-06-26;16;525.6213924822209
25;2025-06-26;17;617.5636167488286
25;2025-06-26;18;673.9736872804829
25;2025-06-26;19;465.99211206999144
25;2025-06-26;20;352.6746903104822
25;2025-06-26;21;258.59530657857124
25;2025-06-26;22;147.0135610199018
25;2025-06-26;23;20.103539315504122
25;2025-06-27;0;3.6542483988022543
25;2025-06-27;1;0.0
25;2025-06-27;2;0.0
25;2025-06-27;3;0.0
25;2025-06-27;4;0.0
25;2025-06-27;5;5.22156612025573
25;2025-06-27;6;147.40996820665157
25;2025-06-27;7;457.0712725319711
25;2025-06-27;8;796.239992339956
25;2025-06-27;9;476.9416175232708
25;2025-06-27;10;371.28332694762867
25;2025-06-27;11;417.4255565674365
25;2025-06-27;12;415.2261052467875
25;2025-06-27;13;486.54481375595435
25;2025-06-27;14;473.36999550548313
25;2025-06-27;15;566.9863722759893
25;2025-06-27;16;594.3746477125974
25;2025-06-27;17;634.9655217182661
25;2025-06-27;18;578.2053928630233
25;2025-06-27;19;424.28042401472607
25;2025-06-27;20;343.75163322331406
25;2025-06-27;21;259.60925051434185
25;2025-06-27;22;157.8436886164455
25;2025-06-27;23;21.76471401044806
25;2025-06-28;0;6.101596229449451
25;2025-06-28;1;0.0
25;2025-06-28;2;0.0
25;2025-06-28;3;0.0
25;2025-06-28;4;0.0
25;2025-06-28;5;2.4167643803026597
25;2025-06-28;6;72.35857144450468
25;2025-06-28;7;135.83689410363652
25;2025-06-28;8;284.0969022469003
25;2025-06-28;9;283.04717989625567
25;2025-06-28;10;267.12793357162127
25;2025-06-28;11;359.84287716907966
25;2025-06-28;12;376.247590175533
25;2025-06-28;13;466.9987389798084
25;2025-06-28;14;479.12422369095316
25;2025-06-28;15;511.772894719243
25;2025-06-28;16;446.52746445878086
25;2025-06-28;17;407.7681686537363
25;2025-06-28;18;416.15701310522417
25;2025-06-28;19;393.32766843896223
25;2025-06-28;20;297.39939248763284
25;2025-06-28;21;258.6834466441188
25;2025-06-28;22;153.18520533383662
25;2025-06-28;23;54.212579759632334
25;2025-06-29;0;13.153296790751277
25;2025-06-29;1;0.0
25;2025-06-29;2;0.0
25;2025-06-29;3;0.0
25;2025-06-29;4;0.0
25;2025-06-29;5;3.222223142395636
25;2025-06-29;6;56.22826391867307
25;2025-06-29;7;105.22352554610634
25;2025-06-29;8;183.54818984025655
25;2025-06-29;9;206.19345106876827
25;2025-06-29;10;210.78220296835033
25;2025-06-29;11;266.0850769008948
25;2025-06-29;12;294.08090311881153
25;2025-06-29;13;355.3213190240656
25;2025-06-29;14;390.69513033216236
25;2025-06-29;15;412.87133058181485
25;2025-06-29;16;353.778172745996
25;2025-06-29;17;336.89407572337274
25;2025-06-29;18;337.01162217022966
25;2025-06-29;19;293.10448061478405
25;2025-06-29;20;235.13428510748255
25;2025-06-29;21;195.6776941185671
25;2025-06-29;22;122.30774206863921
25;2025-06-29;23;39.03491621921458
25;2025-06-30;0;7.790344664627315
25;2025-06-30;1;0.0
25;2025-06-30;2;0.0
25;2025-06-30;3;0.0
25;2025-06-30;4;0.0
25;2025-06-30;5;4.638527955427991
25;2025-06-30;6;135.78326476041383
25;2025-06-30;7;428.1289379958786
25;2025-06-30;8;754.673034645769
25;2025-06-30;9;422.56177923818086
25;2025-06-30;10;327.34140646404353
25;2025-06-30;11;344.65597019494885
25;2025-06-30;12;339.8419028221279
25;2025-06-30;13;426.0128792618407
25;2025-06-30;14;365.0652837227088
25;2025-06-30;15;430.8416930749718
25;2025-06-30;16;502.40808087957964
25;2025-06-30;17;559.9318265864135
25;2025-06-30;18;650.9132090099582
25;2025-06-30;19;428.0352909564717
25;2025-06-30;20;313.59888879364667
25;2025-06-30;21;223.10530484298613
25;2025-06-30;22;119.59502872503063
25;2025-06-30;23;16.486327456591866
25;2025-07-01;0;2.992192935741369
25;2025-07-01;1;0.0
25;2025-07-01;2;0.0
25;2025-07-01;3;0.0
25;2025-07-01;4;0.0
25;2025-07-01;5;5.349940675237381
25;2025-07-01;6;145.61280416573197
25;2025-07-01;7;454.6959094980947
25;2025-07-01;8;782.9260014183111
25;2025-07-01;9;471.3395072648227
25;2025-07-01;10;374.51821358878203
25;2025-07-01;11;392.5326177920575
25;2025-07-01;12;352.9741328047704
25;2025-07-01;13;424.50454946801676
25;2025-07-01;14;384.9264307506078
25;2025-07-01;15;472.7239347898877
25;2025-07-01;16;497.5422387041667
25;2025-07-01;17;579.0883294658654
25;2025-07-01;18;670.461537072794
25;2025-07-01;19;480.5394476551583
25;2025-07-01;20;346.55367237950156
25;2025-07-01;21;237.47941211596947
25;2025-07-01;22;134.96762031132016
25;2025-07-01;23;20.928239381769586
25;2025-07-02;0;4.2358021619157515
25;2025-07-02;1;0.0
25;2025-07-02;2;0.0
25;2025-07-02;3;0.0
25;2025-07-02;4;0.0
25;2025-07-02;5;4.539985483437054
25;2025-07-02;6;147.36902144721319
25;2025-07-02;7;460.1351605205256
25;2025-07-02;8;811.387873591312
25;2025-07-02;9;469.0052686617978
25;2025-07-02;10;366.76758385752413
25;2025-07-02;11;396.8961123166069
25;2025-07-02;12;399.9674345435516
25;2025-07-02;13;482.5965295781935
25;2025-07-02;14;435.4691518887613
25;2025-07-02;15;508.2815529420073
25;2025-07-02;16;530.4850610923502
25;2025-07-02;17;606.7486262133201
25;2025-07-02;18;681.0721493293395
25;2025-07-02;19;470.22889749404845
25;2025-07-02;20;376.9315828006425
25;2025-07-02;21;257.2855280092451
25;2025-07-02;22;151.52424814706364
25;2025-07-02;23;17.04965785467995
25;2025-07-03;0;3.594105530811551
25;2025-07-03;1;0.0
25;2025-07-03;2;0.0
25;2025-07-03;3;0.0
25;2025-07-03;4;0.0
25;2025-07-03;5;6.045930275975367
25;2025-07-03;6;150.98590727972214
25;2025-07-03;7;455.57023618859694
25;2025-07-03;8;841.700338475098
25;2025-07-03;9;471.6721174075723
25;2025-07-03;10;389.03882273726526
25;2025-07-03;11;399.225184031054
25;2025-07-03;12;392.2352633182345
25;2025-07-03;13;475.67035003985063
25;2025-07-03;14;437.2464603479964
25;2025-07-03;15;510.982973989201
25;2025-07-03;16;564.4757081075236
25;2025-07-03;17;661.3454587548288
25;2025-07-03;18;719.6299638277408
25;2025-07-03;19;501.37852872492465
25;2025-07-03;20;378.84261789172535
25;2025-07-03;21;281.22183615244336
25;2025-07-03;22;161.63939724526767
25;2025-07-03;23;24.620400709470623
25;2025-07-04;0;4.476049761363871
25;2025-07-04;1;0.0
25;2025-07-04;2;0.0
25;2025-07-04;3;0.0
25;2025-07-04;4;0.0
25;2025-07-04;5;5.024136793719995
25;2025-07-04;6;142.7130179774456
25;2025-07-04;7;440.1727279012772
25;2025-07-04;8;771.1478933054677
25;2025-07-04;9;460.72230275468416
25;2025-07-04;10;356.06498694846533
25;2025-07-04;11;397.68234945956317
25;2025-07-04;12;396.46422304805685
25;2025-07-04;13;470.84194803563156
25;2025-07-04;14;460.3563222656974
25;2025-07-04;15;542.1749350488619
25;2025-07-04;16;578.8384871778062
25;2025-07-04;17;628.0100520692259
25;2025-07-04;18;572.6795957891218
25;2025-07-04;19;424.75946944751274
25;2025-07-04;20;343.45713506316287
25;2025-07-04;21;262.5951421648965
25;2025-07-04;22;161.2066131411247
25;2025-07-04;23;26.040332564325603
25;2025-07-05;0;6.064375781740432
25;2025-07-05;1;0.0
25;2025-07-05;2;0.0
25;2025-07-05;3;0.0
25;2025-07-05;4;0.0
25;2025-07-05;5;2.0860366050787436
25;2025-07-05;6;70.6036951925191
25;2025-07-05;7;131.42391185689362
25;2025-07-05;8;277.901469717185
25;2025-07-05;9;276.64310398436237
25;2025-07-05;10;261.03494746373235
25;2025-07-05;11;353.01344694149975
25;2025-07-05;12;369.7344169850794
25;2025-07-05;13;462.63903724953406
25;2025-07-05;14;478.056138573081
25;2025-07-05;15;511.55733364848965
25;2025-07-05;16;448.0358657123062
25;2025-07-05;17;409.1708756040328
25;2025-07-05;18;417.4960213902258
25;2025-07-05;19;395.9430716642453
25;2025-07-05;20;297.8178422483455
25;2025-07-05;21;260.371828945352
25;2025-07-05;22;154.88773605544486
25;2025-07-05;23;55.225654414628615
25;2025-07-06;0;13.857147075163649
25;2025-07-06;1;0.0
25;2025-07-06;2;0.0
25;2025-07-06;3;0.0
25;2025-07-06;4;0.0
25;2025-07-06;5;2.7837890969930217
25;2025-07-06;6;52.31400407706515
25;2025-07-06;7;95.12479380077515
25;2025-07-06;8;179.3247953683104
25;2025-07-06;9;205.85589327242275
25;2025-07-06;10;213.12372994643812
25;2025-07-06;11;272.9248969962737
25;2025-07-06;12;303.3486487148589
25;2025-07-06;13;371.1306759069646
25;2025-07-06;14;409.44697957850076
25;2025-07-06;15;435.832341605229
25;2025-07-06;16;376.8515799700419
25;2025-07-06;17;360.9263014553676
25;2025-07-06;18;360.3397812414745
25;2025-07-06;19;313.54260462579464
25;2025-07-06;20;248.8877014637073
25;2025-07-06;21;208.15152677475615
25;2025-07-06;22;130.22330149039342
25;2025-07-06;23;42.10053255689462
25;2025-07-07;0;9.120423925228891
25;2025-07-07;1;0.0
25;2025-07-07;2;0.0
25;2025-07-07;3;0.0
25;2025-07-07;4;0.0
25;2025-07-07;5;3.824584539105936
25;2025-07-07;6;141.42786076232304
25;2025-07-07;7;451.55141400471416
25;2025-07-07;8;806.9673184624344
25;2025-07-07;9;440.84406379575273
25;2025-07-07;10;344.33301933042026
25;2025-07-07;11;363.90670588541104
25;2025-07-07;12;359.0842869973334
25;2025-07-07;13;455.1093091400242
25;2025-07-07;14;397.45770189624614
25;2025-07-07;15;468.2626734247466
25;2025-07-07;16;557.1301363307413
25;2025-07-07;17;620.0963575904476
25;2025-07-07;18;714.6835591174706
25;2025-07-07;19;470.6086559887958
25;2025-07-07;20;343.3321262648028
25;2025-07-07;21;246.41882306169708
25;2025-07-07;22;133.59034499309678
25;2025-07-07;23;20.721235241198467
25;2025-07-08;0;3.6953294286177636
25;2025-07-08;1;0.0
25;2025-07-08;2;0.0
25;2025-07-08;3;0.0
25;2025-07-08;4;0.0
25;2025-07-08;5;5.128118344139403
25;2025-07-08;6;148.1541609152876
25;2025-07-08;7;463.0093713707089
25;2025-07-08;8;805.4967362517586
25;2025-07-08;9;480.9109804334147
25;2025-07-08;10;382.93607790327144
25;2025-07-08;11;402.32961378007656
25;2025-07-08;12;361.821275323142
25;2025-07-08;13;436.39095213703473
25;2025-07-08;14;398.5301571284333
25;2025-07-08;15;488.4432161490027
25;2025-07-08;16;521.6904655342834
25;2025-07-08;17;609.6315517902905
25;2025-07-08;18;703.5086044454198
25;2025-07-08;19;503.33237418186593
25;2025-07-08;20;365.6464760428837
25;2025-07-08;21;252.60300558836866
25;2025-07-08;22;143.74754919233786
25;2025-07-08;23;24.559109248347134
25;2025-07-09;0;5.131922509365115
25;2025-07-09;1;0.0
25;2025-07-09;2;0.0
25;2025-07-09;3;0.0
25;2025-07-09;4;0.0
25;2025-07-09;5;4.425416861745432
25;2025-07-09;6;151.17005397273613
25;2025-07-09;7;472.1507607157327
25;2025-07-09;8;834.873485941328
25;2025-07-09;9;481.78737295646897
25;2025-07-09;10;374.829514737752
25;2025-07-09;11;405.2461673244271
25;2025-07-09;12;406.4114769100937
25;2025-07-09;13;491.8844734014894
25;2025-07-09;14;444.4544186109639
25;2025-07-09;15;517.7754389820542
25;2025-07-09;16;550.9973045670699
25;2025-07-09;17;630.1156141757833
25;2025-07-09;18;706.5498915729827
25;2025-07-09;19;485.98650447910495
25;2025-07-09;20;389.5375319343211
25;2025-07-09;21;268.6156664867908
25;2025-07-09;22;159.33298241394343
25;2025-07-09;23;19.021883102151975
25;2025-07-10;0;3.549582771423325
25;2025-07-10;1;0.0
25;2025-07-10;2;0.0
25;2025-07-10;3;0.0
25;2025-07-10;4;0.0
25;2025-07-10;5;5.698218056979615
25;2025-07-10;6;151.44886915293065
25;2025-07-10;7;460.5148325907782
25;2025-07-10;8;854.4226441219237
25;2025-07-10;9;475.8718452040242
25;2025-07-10;10;390.8088256877338
25;2025-07-10;11;402.88974546374754
25;2025-07-10;12;395.0290874338336
25;2025-07-10;13;479.0132028941231
25;2025-07-10;14;442.47869786531976
25;2025-07-10;15;514.3398606530236
25;2025-07-10;16;577.7007634954853
25;2025-07-10;17;674.5739641975808
25;2025-07-10;18;732.7207983627067
25;2025-07-10;19;507.03888579706205
25;2025-07-10;20;381.50356971911424
25;2025-07-10;21;283.9855343705569
25;2025-07-10;22;163.23678118690748
25;2025-07-10;23;24.357073458153096
25;2025-07-11;0;4.580545261594325
25;2025-07-11;1;0.0
25;2025-07-11;2;0.0
25;2025-07-11;3;0.0
25;2025-07-11;4;0.0
25;2025-07-11;5;5.0051039419936
25;2025-07-11;6;146.76751208252463
25;2025-07-11;7;453.02378526033215
25;2025-07-11;8;795.2458860577528
25;2025-07-11;9;476.3708688365326
25;2025-07-11;10;366.0208332158212
25;2025-07-11;11;410.4906039177381
25;2025-07-11;12;407.2065405036474
25;2025-07-11;13;483.0724728540882
25;2025-07-11;14;473.90001807680727
25;2025-07-11;15;559.7538365226135
25;2025-07-11;16;601.6326765718975
25;2025-07-11;17;647.9339338368004
25;2025-07-11;18;594.0538730745578
25;2025-07-11;19;439.45511043130335
25;2025-07-11;20;353.39184432516436
25;2025-07-11;21;270.4640881732215
25;2025-07-11;22;166.3820522678932
25;2025-07-11;23;26.639621081699552
25;2025-07-12;0;6.291339846969212
25;2025-07-12;1;0.0
25;2025-07-12;2;0.0
25;2025-07-12;3;0.0
25;2025-07-12;4;0.0
25;2025-07-12;5;2.243772569287319
25;2025-07-12;6;70.63560225096282
25;2025-07-12;7;130.24993426439323
25;2025-07-12;8;271.6854550832659
25;2025-07-12;9;272.8186696172702
25;2025-07-12;10;256.22476067127656
25;2025-07-12;11;343.6707782757861
25;2025-07-12;12;359.13198002052263
25;2025-07-12;13;449.05733628962014
25;2025-07-12;14;463.9843709760039
25;2025-07-12;15;489.18304158560034
25;2025-07-12;16;436.6066958636207
25;2025-07-12;17;399.3804922798462
25;2025-07-12;18;409.61135112356595
25;2025-07-12;19;387.74640557591636
25;2025-07-12;20;294.17717572611707
25;2025-07-12;21;258.7874726935517
25;2025-07-12;22;154.52617310788582
25;2025-07-12;23;54.45874272451492
25;2025-07-13;0;13.113403168046217
25;2025-07-13;1;0.0
25;2025-07-13;2;0.0
25;2025-07-13;3;0.0
25;2025-07-13;4;0.0
25;2025-07-13;5;3.5199643708561146
25;2025-07-13;6;55.22812477601654
25;2025-07-13;7;101.08525603458318
25;2025-07-13;8;173.91792757964885
25;2025-07-13;9;198.0599881119308
25;2025-07-13;10;201.90693931092176
25;2025-07-13;11;256.06989249427625
25;2025-07-13;12;282.2697617437483
25;2025-07-13;13;343.8268781306746
25;2025-07-13;14;379.16071605298225
25;2025-07-13;15;398.67119596647615
25;2025-07-13;16;348.48911801781674
25;2025-07-13;17;333.80045695731656
25;2025-07-13;18;335.42645827554077
25;2025-07-13;19;294.44246081246735
25;2025-07-13;20;237.37037351432008
25;2025-07-13;21;199.0268880684185
25;2025-07-13;22;125.31194994936209
25;2025-07-13;23;40.489393676631835
25;2025-07-14;0;8.833671387628769
25;2025-07-14;1;0.0
25;2025-07-14;2;0.0
25;2025-07-14;3;0.0
25;2025-07-14;4;0.0
25;2025-07-14;5;4.369672601996756
25;2025-07-14;6;134.87324499944424
25;2025-07-14;7;422.6770605600019
25;2025-07-14;8;751.2794474202854
25;2025-07-14;9;421.5853006314728
25;2025-07-14;10;324.5376269847344
25;2025-07-14;11;340.833575121875
25;2025-07-14;12;335.0013152158872
25;2025-07-14;13;424.32920510476697
25;2025-07-14;14;367.86015768596127
25;2025-07-14;15;432.3805677122856
25;2025-07-14;16;508.69061786021786
25;2025-07-14;17;572.7630988592716
25;2025-07-14;18;667.8687436284529
25;2025-07-14;19;443.1358851979468
25;2025-07-14;20;325.11542995059347
25;2025-07-14;21;233.95259453663402
25;2025-07-14;22;127.02592330140797
25;2025-07-14;23;20.6103851962971
25;2025-07-15;0;3.769892542067387
25;2025-07-15;1;0.0
25;2025-07-15;2;0.0
25;2025-07-15;3;0.0
25;2025-07-15;4;0.0
25;2025-07-15;5;5.446643938209796
25;2025-07-15;6;146.28682036554886
25;2025-07-15;7;452.1646230853248
25;2025-07-15;8;782.283204677305
25;2025-07-15;9;475.03056558017147
25;2025-07-15;10;375.1483936054437
25;2025-07-15;11;393.75911422515844
25;2025-07-15;12;352.54785441699164
25;2025-07-15;13;424.15366761570124
25;2025-07-15;14;385.74854233297424
25;2025-07-15;15;473.6491601685424
25;2025-07-15;16;502.9455101654978
25;2025-07-15;17;591.2258187412172
25;2025-07-15;18;684.4989574225378
25;2025-07-15;19;491.48788600124004
25;2025-07-15;20;359.139571032146
25;2025-07-15;21;248.66278248610513
25;2025-07-15;22;141.79243878415377
25;2025-07-15;23;24.853948829004537
25;2025-07-16;0;5.298634211857223
25;2025-07-16;1;0.0
25;2025-07-16;2;0.0
25;2025-07-16;3;0.0
25;2025-07-16;4;0.0
25;2025-07-16;5;4.632152274454146
25;2025-07-16;6;150.19713759648243
25;2025-07-16;7;468.09368566759315
25;2025-07-16;8;827.3064134189912
25;2025-07-16;9;480.7729920879111
25;2025-07-16;10;374.90672282004357
25;2025-07-16;11;404.60274988473066
25;2025-07-16;12;406.9857095995037
25;2025-07-16;13;493.14867351330884
25;2025-07-16;14;443.5895419818173
25;2025-07-16;15;518.93463432946
25;2025-07-16;16;542.8266506488468
25;2025-07-16;17;628.0357350115985
25;2025-07-16;18;703.9848751784891
25;2025-07-16;19;486.7911307822831
25;2025-07-16;20;393.3401913629052
25;2025-07-16;21;271.5931189265598
25;2025-07-16;22;161.4885807474519
25;2025-07-16;23;19.954971178897274
25;2025-07-17;0;3.3183128822525374
25;2025-07-17;1;0.0
25;2025-07-17;2;0.0
25;2025-07-17;3;0.0
25;2025-07-17;4;0.0
25;2025-07-17;5;5.263831017268195
25;2025-07-17;6;145.06195718990318
25;2025-07-17;7;441.6822241349456
25;2025-07-17;8;818.9784871938095
25;2025-07-17;9;457.44609040278203
25;2025-07-17;10;375.4413926321684
25;2025-07-17;11;386.4123869510377
25;2025-07-17;12;379.8911760814699
25;2025-07-17;13;461.1660201258952
25;2025-07-17;14;425.66362189013046
25;2025-07-17;15;498.0577286483265
25;2025-07-17;16;552.9246556624386
25;2025-07-17;17;649.5487451184542
25;2025-07-17;18;705.8743198419652
25;2025-07-17;19;486.28208856952074
25;2025-07-17;20;364.94605284687054
25;2025-07-17;21;272.47696164880756
25;2025-07-17;22;156.39306604097126
25;2025-07-17;23;22.766886467039257
25;2025-07-18;0;4.606466104372819
25;2025-07-18;1;0.0
25;2025-07-18;2;0.0
25;2025-07-18;3;0.0
25;2025-07-18;4;0.0
25;2025-07-18;5;5.1391525826365285
25;2025-07-18;6;144.75132785057605
25;2025-07-18;7;444.841669676699
25;2025-07-18;8;777.3517037286913
25;2025-07-18;9;469.1477762285293
25;2025-07-18;10;363.44417599011683
25;2025-07-18;11;407.0570625631155
25;2025-07-18;12;404.59792134929216
25;2025-07-18;13;479.98366772524855
25;2025-07-18;14;469.2888984645481
25;2025-07-18;15;552.8229053218557
25;2025-07-18;16;589.2408929128708
25;2025-07-18;17;637.598893212058
25;2025-07-18;18;583.6905154088005
25;2025-07-18;19;434.28483739678467
25;2025-07-18;20;351.98318532272106
25;2025-07-18;21;269.42047964063454
25;2025-07-18;22;165.92900249948568
25;2025-07-18;23;26.964966082539846
25;2025-07-19;0;6.284505567209358
25;2025-07-19;1;0.0
25;2025-07-19;2;0.0
25;2025-07-19;3;0.0
25;2025-07-19;4;0.0
25;2025-07-19;5;2.3072478558484972
25;2025-07-19;6;69.0338484873864
25;2025-07-19;7;125.8649776003329
25;2025-07-19;8;263.55807731245505
25;2025-07-19;9;269.8053413485559
25;2025-07-19;10;253.7482917951053
25;2025-07-19;11;339.81451862098015
25;2025-07-19;12;354.49470766017384
25;2025-07-19;13;443.29102136808183
25;2025-07-19;14;457.43469410628626
25;2025-07-19;15;487.86256351115026
25;2025-07-19;16;427.47015741383495
25;2025-07-19;17;389.52087467374173
25;2025-07-19;18;400.5490162022911
25;2025-07-19;19;381.37133007826185
25;2025-07-19;20;291.5198534381723
25;2025-07-19;21;256.41626705249644
25;2025-07-19;22;153.369349189993
25;2025-07-19;23;54.24898511779783
25;2025-07-20;0;13.280398864027894
25;2025-07-20;1;0.0
25;2025-07-20;2;0.0
25;2025-07-20;3;0.0
25;2025-07-20;4;0.0
25;2025-07-20;5;3.036482148238102
25;2025-07-20;6;54.2670925265022
25;2025-07-20;7;99.80569657788085
25;2025-07-20;8;173.92831926768852
25;2025-07-20;9;198.49496362728044
25;2025-07-20;10;204.00685244798353
25;2025-07-20;11;259.1725811200855
25;2025-07-20;12;285.5736654246225
25;2025-07-20;13;347.89437413242484
25;2025-07-20;14;384.0247668376105
25;2025-07-20;15;407.96014077923667
25;2025-07-20;16;354.74557153463456
25;2025-07-20;17;338.11089685283605
25;2025-07-20;18;338.83756728559445
25;2025-07-20;19;296.80352229534515
25;2025-07-20;20;239.25950272958437
25;2025-07-20;21;200.95847600107524
25;2025-07-20;22;126.70503294335563
25;2025-07-20;23;40.85032816309437
25;2025-07-21;0;8.594410022573875
25;2025-07-21;1;0.0
25;2025-07-21;2;0.0
25;2025-07-21;3;0.0
25;2025-07-21;4;0.0
25;2025-07-21;5;5.184067629450572
25;2025-07-21;6;134.60747946174024
25;2025-07-21;7;420.8739571918708
25;2025-07-21;8;747.9359799949784
25;2025-07-21;9;419.7127850022505
25;2025-07-21;10;323.68411368793863
25;2025-07-21;11;338.2801629256909
25;2025-07-21;12;332.4093699720993
25;2025-07-21;13;420.3382522686368
25;2025-07-21;14;364.74317477137106
25;2025-07-21;15;429.4533142596939
25;2025-07-21;16;505.95156912544104
25;2025-07-21;17;570.3794522950379
25;2025-07-21;18;661.7303273789389
25;2025-07-21;19;437.8194509919963
25;2025-07-21;20;321.1404668283671
25;2025-07-21;21;231.42514222994015
25;2025-07-21;22;125.33815535621463
25;2025-07-21;23;19.934542453452877
25;2025-07-22;0;3.6828565984335198
25;2025-07-22;1;0.0
25;2025-07-22;2;0.0
25;2025-07-22;3;0.0
25;2025-07-22;4;0.0
25;2025-07-22;5;5.254117481492136
25;2025-07-22;6;144.5389795139474
25;2025-07-22;7;447.90940293557946
25;2025-07-22;8;775.6203241564637
25;2025-07-22;9;470.601720300891
25;2025-07-22;10;371.8816302434146
25;2025-07-22;11;390.54221159190934
25;2025-07-22;12;349.8388937016481
25;2025-07-22;13;420.98293198850445
25;2025-07-22;14;382.78174651303027
25;2025-07-22;15;471.2112411554069
25;2025-07-22;16;500.8944870270136
25;2025-07-22;17;588.3059570341544
25;2025-07-22;18;679.8735591906878
25;2025-07-22;19;487.0393299744932
25;2025-07-22;20;355.54511573726506
25;2025-07-22;21;246.38358385824898
25;2025-07-22;22;140.34912096314105
25;2025-07-22;23;24.39858458410066
25;2025-07-23;0;4.784535386123504
25;2025-07-23;1;0.0
25;2025-07-23;2;0.0
25;2025-07-23;3;0.0
25;2025-07-23;4;0.0
25;2025-07-23;5;4.294253242796297
25;2025-07-23;6;145.79544567490635
25;2025-07-23;7;456.16372997292103
25;2025-07-23;8;807.5603090815837
25;2025-07-23;9;469.02798128466327
25;2025-07-23;10;366.1067309511846
25;2025-07-23;11;395.5033406036494
25;2025-07-23;12;397.6384747361594
25;2025-07-23;13;480.849644185766
25;2025-07-23;14;432.5855635279851
25;2025-07-23;15;505.65803614573747
25;2025-07-23;16;530.9409508831504
25;2025-07-23;17;613.2042749765423
25;2025-07-23;18;687.0948337149018
25;2025-07-23;19;473.1957819160834
25;2025-07-23;20;379.50508107093697
25;2025-07-23;21;261.73651276926057
25;2025-07-23;22;156.46558354572448
25;2025-07-23;23;18.715242836210276
25;2025-07-24;0;3.1128163721954327
25;2025-07-24;1;0.0
25;2025-07-24;2;0.0
25;2025-07-24;3;0.0
25;2025-07-24;4;0.0
25;2025-07-24;5;5.382767067581408
25;2025-07-24;6;145.37636354455086
25;2025-07-24;7;445.4092524258547
25;2025-07-24;8;823.2331702396411
25;2025-07-24;9;460.45561149925646
25;2025-07-24;10;379.5932518560197
25;2025-07-24;11;391.0814011681688
25;2025-07-24;12;385.70448056095614
25;2025-07-24;13;468.2288412800714
25;2025-07-24;14;430.36544561266646
25;2025-07-24;15;498.48515804127135
25;2025-07-24;16;556.5420532523299
25;2025-07-24;17;656.1409571720867
25;2025-07-24;18;709.9880948997215
25;2025-07-24;19;490.88245341101435
25;2025-07-24;20;369.48607721725864
25;2025-07-24;21;275.6570774103642
25;2025-07-24;22;158.85832185962386
25;2025-07-24;23;23.58035422152402
25;2025-07-25;0;3.931262870364535
25;2025-07-25;1;0.0
25;2025-07-25;2;0.0
25;2025-07-25;3;0.0
25;2025-07-25;4;0.0
25;2025-07-25;5;4.3596530008355145
25;2025-07-25;6;140.18495970506117
25;2025-07-25;7;437.76218201179137
25;2025-07-25;8;764.8129885066778
25;2025-07-25;9;456.8380397275122
25;2025-07-25;10;352.1553963758665
25;2025-07-25;11;394.84029154454663
25;2025-07-25;12;393.8041759991179
25;2025-07-25;13;468.7027814127697
25;2025-07-25;14;458.41036876707864
25;2025-07-25;15;540.8187669917031
25;2025-07-25;16;581.0501723003276
25;2025-07-25;17;630.1107652575608
25;2025-07-25;18;573.9353509023431
25;2025-07-25;19;419.9295667758238
25;2025-07-25;20;335.10264837957857
25;2025-07-25;21;257.6234402732639
25;2025-07-25;22;159.25945833169052
25;2025-07-25;23;24.452482246444127
25;2025-07-26;0;6.471788787922321
25;2025-07-26;1;0.0
25;2025-07-26;2;0.0
25;2025-07-26;3;0.0
25;2025-07-26;4;0.0
25;2025-07-26;5;2.195636160789267
25;2025-07-26;6;70.20737106347744
25;2025-07-26;7;130.06021160474242
25;2025-07-26;8;273.93864050486957
25;2025-07-26;9;274.9731695618584
25;2025-07-26;10;257.582316063447
25;2025-07-26;11;346.5177214689022
25;2025-07-26;12;362.3228135115686
25;2025-07-26;13;454.5694604188361
25;2025-07-26;14;468.6915760554991
25;2025-07-26;15;501.51632405777923
25;2025-07-26;16;443.13249285626756
25;2025-07-26;17;407.35306447142716
25;2025-07-26;18;417.42277026391326
25;2025-07-26;19;394.92130713321217
25;2025-07-26;20;298.78974474788487
25;2025-07-26;21;262.80807571411924
25;2025-07-26;22;157.81082512415392
25;2025-07-26;23;55.9950952486206
25;2025-07-27;0;14.175505668767386
25;2025-07-27;1;0.0
25;2025-07-27;2;0.0
25;2025-07-27;3;0.0
25;2025-07-27;4;0.0
25;2025-07-27;5;2.7839833789984727
25;2025-07-27;6;52.24384625689861
25;2025-07-27;7;94.45598855385907
25;2025-07-27;8;179.31142862868293
25;2025-07-27;9;207.09766841011435
25;2025-07-27;10;212.6003292346248
25;2025-07-27;11;272.7419365979117
25;2025-07-27;12;302.5504636254425
25;2025-07-27;13;370.6036033735063
25;2025-07-27;14;409.1475118437729
25;2025-07-27;15;436.9582320523881
25;2025-07-27;16;382.45648854753404
25;2025-07-27;17;367.7936854354415
25;2025-07-27;18;367.0658932937394
25;2025-07-27;19;319.6827088585022
25;2025-07-27;20;252.98596991117552
25;2025-07-27;21;213.20994744295757
25;2025-07-27;22;134.76630548155845
25;2025-07-27;23;43.37075044930256
25;2025-07-28;0;9.062218979838185
25;2025-07-28;1;0.0
25;2025-07-28;2;0.0
25;2025-07-28;3;0.0
25;2025-07-28;4;0.0
25;2025-07-28;5;3.7668805274903496
25;2025-07-28;6;141.45023464375606
25;2025-07-28;7;453.5862750824357
25;2025-07-28;8;805.2056440237914
25;2025-07-28;9;442.1590311300391
25;2025-07-28;10;344.76979568948343
25;2025-07-28;11;365.8863220084206
25;2025-07-28;12;361.5334132681511
25;2025-07-28;13;457.6667418132339
25;2025-07-28;14;399.56061844619217
25;2025-07-28;15;470.1407238923903
25;2025-07-28;16;560.6681823824003
25;2025-07-28;17;626.1375630976011
25;2025-07-28;18;721.2603134834269
25;2025-07-28;19;473.94751008594915
25;2025-07-28;20;345.24091349468983
25;2025-07-28;21;248.41980519440756
25;2025-07-28;22;135.23886476521744
25;2025-07-28;23;20.930137210118794
25;2025-07-29;0;3.280418010023713
25;2025-07-29;1;0.0
25;2025-07-29;2;0.0
25;2025-07-29;3;0.0
25;2025-07-29;4;0.0
25;2025-07-29;5;4.931681893777347
25;2025-07-29;6;152.05695108574793
25;2025-07-29;7;480.7544549888952
25;2025-07-29;8;831.7022772822972
25;2025-07-29;9;494.8967816314213
25;2025-07-29;10;394.89235560757083
25;2025-07-29;11;418.0777805061599
25;2025-07-29;12;376.4937045148468
25;2025-07-29;13;456.3459860661485
25;2025-07-29;14;418.7349731454271
25;2025-07-29;15;511.3891491635072
25;2025-07-29;16;551.2161378684922
25;2025-07-29;17;640.9735346916593
25;2025-07-29;18;731.3477951168534
25;2025-07-29;19;519.6228690535263
25;2025-07-29;20;375.75195123377637
25;2025-07-29;21;260.1440709370389
25;2025-07-29;22;148.76336790522942
25;2025-07-29;23;24.827233788136375
25;2025-07-30;0;4.7608728441770225
25;2025-07-30;1;0.0
25;2025-07-30;2;0.0
25;2025-07-30;3;0.0
25;2025-07-30;4;0.0
25;2025-07-30;5;4.244098278107177
25;2025-07-30;6;150.32549281064678
25;2025-07-30;7;472.66573626588627
25;2025-07-30;8;830.2086548117619
25;2025-07-30;9;480.7003947622284
25;2025-07-30;10;373.9688425409619
25;2025-07-30;11;405.8666095757849
25;2025-07-30;12;407.93238720438796
25;2025-07-30;13;493.3322188755925
25;2025-07-30;14;446.0285310521806
25;2025-07-30;15;519.9036295799772
25;2025-07-30;16;554.2114390189666
25;2025-07-30;17;633.8941961200228
25;2025-07-30;18;708.8979769060718
25;2025-07-30;19;485.4571101658579
25;2025-07-30;20;388.39371184588174
25;2025-07-30;21;267.1389322624857
25;2025-07-30;22;158.9144147135584
25;2025-07-30;23;18.75835686648321
25;2025-07-31;0;3.1676546736757816
25;2025-07-31;1;0.0
25;2025-07-31;2;0.0
25;2025-07-31;3;0.0
25;2025-07-31;4;0.0
25;2025-07-31;5;5.688462459156036
25;2025-07-31;6;149.46580247737057
25;2025-07-31;7;454.0640081390902
25;2025-07-31;8;834.3604131542565
25;2025-07-31;9;470.92683081283235
25;2025-07-31;10;386.8116998799862
25;2025-07-31;11;399.7208272584454
25;2025-07-31;12;392.7114081257464
25;2025-07-31;13;475.6426890064722
25;2025-07-31;14;439.25610177922056
25;2025-07-31;15;509.8770025654127
25;2025-07-31;16;569.3006942704909
25;2025-07-31;17;664.8727817233691
25;2025-07-31;18;725.5052974784032
25;2025-07-31;19;501.99436412123873
25;2025-07-31;20;377.2173403810269
25;2025-07-31;21;280.420585070043
25;2025-07-31;22;161.57868146939813
25;2025-07-31;23;24.264697206845945
26;2025-06-01;0;48.34407084762117
26;2025-06-01;1;0.0
26;2025-06-01;2;0.0
26;2025-06-01;3;0.0
26;2025-06-01;4;0.0
26;2025-06-01;5;32.511695327967836
26;2025-06-01;6;177.00877712161923
26;2025-06-01;7;263.785346752437
26;2025-06-01;8;413.0484672189055
26;2025-06-01;9;520.7097217432975
26;2025-06-01;10;617.5485634834356
26;2025-06-01;11;719.2807852898158
26;2025-06-01;12;751.5261698104729
26;2025-06-01;13;756.2156821677321
26;2025-06-01;14;756.0454926981462
26;2025-06-01;15;688.8639116248679
26;2025-06-01;16;682.7737229355295
26;2025-06-01;17;678.8603090284188
26;2025-06-01;18;661.1202342743634
26;2025-06-01;19;591.2957749664656
26;2025-06-01;20;476.2637242048561
26;2025-06-01;21;349.17557993295316
26;2025-06-01;22;232.1750698000019
26;2025-06-01;23;119.71743326286055
26;2025-06-02;0;32.16073054746843
26;2025-06-02;1;0.0
26;2025-06-02;2;0.0
26;2025-06-02;3;0.0
26;2025-06-02;4;0.0
26;2025-06-02;5;65.28141546117851
26;2025-06-02;6;527.9653415503474
26;2025-06-02;7;1032.0828901415625
26;2025-06-02;8;2060.4863608702517
26;2025-06-02;9;1433.5189279338758
26;2025-06-02;10;1226.548034598263
26;2025-06-02;11;1091.9912410945478
26;2025-06-02;12;1130.0289129878697
26;2025-06-02;13;1163.4478722539652
26;2025-06-02;14;1142.9666844019712
26;2025-06-02;15;1210.7950885960145
26;2025-06-02;16;1383.7126936162315
26;2025-06-02;17;1549.5256117121448
26;2025-06-02;18;1757.2545193704414
26;2025-06-02;19;1301.4422399327689
26;2025-06-02;20;849.8526267024553
26;2025-06-02;21;518.9732167336033
26;2025-06-02;22;294.3952399232296
26;2025-06-02;23;117.6401513807742
26;2025-06-03;0;35.93044507999605
26;2025-06-03;1;0.0
26;2025-06-03;2;0.0
26;2025-06-03;3;0.0
26;2025-06-03;4;0.0
26;2025-06-03;5;70.61169908114161
26;2025-06-03;6;535.7179669373763
26;2025-06-03;7;1082.9178753301842
26;2025-06-03;8;2116.7282616867124
26;2025-06-03;9;1484.9462207836643
26;2025-06-03;10;1256.2589629775177
26;2025-06-03;11;1125.7780723214732
26;2025-06-03;12;1172.3164611286677
26;2025-06-03;13;1194.7202088461854
26;2025-06-03;14;1191.2552399015153
26;2025-06-03;15;1217.332053331157
26;2025-06-03;16;1415.2702480874696
26;2025-06-03;17;1622.512656922103
26;2025-06-03;18;1763.6532194695185
26;2025-06-03;19;1339.7082489968557
26;2025-06-03;20;890.0933278295618
26;2025-06-03;21;551.0306694652598
26;2025-06-03;22;317.2878024458535
26;2025-06-03;23;143.19308215149053
26;2025-06-04;0;34.85401072582892
26;2025-06-04;1;0.0
26;2025-06-04;2;0.0
26;2025-06-04;3;0.0
26;2025-06-04;4;0.0
26;2025-06-04;5;69.48322888862103
26;2025-06-04;6;532.1731969932293
26;2025-06-04;7;1068.227453146518
26;2025-06-04;8;2111.245428316534
26;2025-06-04;9;1525.5253981072983
26;2025-06-04;10;1301.1422365179183
26;2025-06-04;11;1155.9642603207653
26;2025-06-04;12;1197.87056427705
26;2025-06-04;13;1214.6827248044337
26;2025-06-04;14;1241.1517489655596
26;2025-06-04;15;1264.5482993628739
26;2025-06-04;16;1442.9557826517525
26;2025-06-04;17;1611.5958671365042
26;2025-06-04;18;1788.317423610698
26;2025-06-04;19;1337.2065969487207
26;2025-06-04;20;897.435853268354
26;2025-06-04;21;571.5587448578372
26;2025-06-04;22;337.50639322705166
26;2025-06-04;23;153.73486538320063
26;2025-06-05;0;40.64139980501597
26;2025-06-05;1;0.0
26;2025-06-05;2;0.0
26;2025-06-05;3;0.0
26;2025-06-05;4;0.0
26;2025-06-05;5;68.0191202368763
26;2025-06-05;6;543.3373666430007
26;2025-06-05;7;1094.770671337502
26;2025-06-05;8;2123.822581238841
26;2025-06-05;9;1495.686131524453
26;2025-06-05;10;1265.0436382210487
26;2025-06-05;11;1182.1866400219565
26;2025-06-05;12;1181.2241644390879
26;2025-06-05;13;1181.3954506259845
26;2025-06-05;14;1188.5806583028839
26;2025-06-05;15;1264.3339134713729
26;2025-06-05;16;1476.1261089475347
26;2025-06-05;17;1649.4298348287962
26;2025-06-05;18;1848.0531831158178
26;2025-06-05;19;1353.8522723019134
26;2025-06-05;20;900.188395281483
26;2025-06-05;21;591.4019314416751
26;2025-06-05;22;337.9529415166182
26;2025-06-05;23;167.1024052164865
26;2025-06-06;0;43.86645629713752
26;2025-06-06;1;0.0
26;2025-06-06;2;0.0
26;2025-06-06;3;0.0
26;2025-06-06;4;0.0
26;2025-06-06;5;63.98333091300404
26;2025-06-06;6;519.9800690159564
26;2025-06-06;7;1031.7507899557254
26;2025-06-06;8;2011.0478787569295
26;2025-06-06;9;1424.8454517475236
26;2025-06-06;10;1226.242682725879
26;2025-06-06;11;1124.432044174618
26;2025-06-06;12;1174.701594127078
26;2025-06-06;13;1211.0206050579086
26;2025-06-06;14;1194.9821405860544
26;2025-06-06;15;1338.8558886457936
26;2025-06-06;16;1552.6519252741691
26;2025-06-06;17;1612.218452467176
26;2025-06-06;18;1404.7832161522247
26;2025-06-06;19;1155.4198262871419
26;2025-06-06;20;854.8499806488533
26;2025-06-06;21;542.2066770441851
26;2025-06-06;22;344.26431392767836
26;2025-06-06;23;198.81826216518007
26;2025-06-07;0;49.69621996987247
26;2025-06-07;1;0.0
26;2025-06-07;2;0.0
26;2025-06-07;3;0.0
26;2025-06-07;4;0.0
26;2025-06-07;5;41.24437716876259
26;2025-06-07;6;279.9688637724927
26;2025-06-07;7;368.0503179333957
26;2025-06-07;8;578.6981826420929
26;2025-06-07;9;681.6260270780217
26;2025-06-07;10;801.0926908075512
26;2025-06-07;11;888.42196604114
26;2025-06-07;12;935.4950546851351
26;2025-06-07;13;899.839373685041
26;2025-06-07;14;901.0663723473297
26;2025-06-07;15;805.8164963100064
26;2025-06-07;16;827.6005405431997
26;2025-06-07;17;805.8151306044153
26;2025-06-07;18;796.7327479291489
26;2025-06-07;19;788.7920558512776
26;2025-06-07;20;603.4512856969611
26;2025-06-07;21;434.2909337734966
26;2025-06-07;22;273.7489717167076
26;2025-06-07;23;164.87979290036105
26;2025-06-08;0;46.326502947245686
26;2025-06-08;1;0.0
26;2025-06-08;2;0.0
26;2025-06-08;3;0.0
26;2025-06-08;4;0.0
26;2025-06-08;5;32.02913988667353
26;2025-06-08;6;177.96272337196504
26;2025-06-08;7;273.99461462818203
26;2025-06-08;8;409.8632104837248
26;2025-06-08;9;502.9522428761186
26;2025-06-08;10;585.1281188600681
26;2025-06-08;11;680.5361715249965
26;2025-06-08;12;706.8796245449321
26;2025-06-08;13;711.4969195937617
26;2025-06-08;14;712.5412078621112
26;2025-06-08;15;641.7124431468073
26;2025-06-08;16;650.2353631553219
26;2025-06-08;17;646.2954675525614
26;2025-06-08;18;628.0516954220932
26;2025-06-08;19;564.3036271729134
26;2025-06-08;20;453.9771832101283
26;2025-06-08;21;333.5924684505966
26;2025-06-08;22;222.0629813120429
26;2025-06-08;23;116.8092083577579
26;2025-06-09;0;35.22282624000441
26;2025-06-09;1;0.0
26;2025-06-09;2;0.0
26;2025-06-09;3;0.0
26;2025-06-09;4;0.0
26;2025-06-09;5;64.47379234890636
26;2025-06-09;6;514.461671476073
26;2025-06-09;7;1008.6051026118535
26;2025-06-09;8;2011.7011293762457
26;2025-06-09;9;1398.4855614117027
26;2025-06-09;10;1192.7632365995062
26;2025-06-09;11;1064.6636590634653
26;2025-06-09;12;1100.8516575186181
26;2025-06-09;13;1131.1875991121924
26;2025-06-09;14;1106.1201808765254
26;2025-06-09;15;1162.0029811295985
26;2025-06-09;16;1340.8543825177967
26;2025-06-09;17;1514.3019574716686
26;2025-06-09;18;1711.9504682717443
26;2025-06-09;19;1274.0085859614546
26;2025-06-09;20;839.9164585575218
26;2025-06-09;21;514.6326971933734
26;2025-06-09;22;294.9929957590065
26;2025-06-09;23;122.70942354366713
26;2025-06-10;0;33.061176846959
26;2025-06-10;1;0.0
26;2025-06-10;2;0.0
26;2025-06-10;3;0.0
26;2025-06-10;4;0.0
26;2025-06-10;5;70.2316940242606
26;2025-06-10;6;536.9091151703599
26;2025-06-10;7;1084.6689652158764
26;2025-06-10;8;2119.0972929680465
26;2025-06-10;9;1486.2793800653594
26;2025-06-10;10;1258.5490555472632
26;2025-06-10;11;1123.3820992797114
26;2025-06-10;12;1171.640079664691
26;2025-06-10;13;1199.1070498853096
26;2025-06-10;14;1203.4421137055822
26;2025-06-10;15;1229.751547659741
26;2025-06-10;16;1436.8188873295662
26;2025-06-10;17;1628.8830158087592
26;2025-06-10;18;1773.7145629598533
26;2025-06-10;19;1336.6388877988393
26;2025-06-10;20;878.2985358496262
26;2025-06-10;21;542.3605822889199
26;2025-06-10;22;314.89232612303874
26;2025-06-10;23;138.88966565857788
26;2025-06-11;0;34.44417455715026
26;2025-06-11;1;0.0
26;2025-06-11;2;0.0
26;2025-06-11;3;0.0
26;2025-06-11;4;0.0
26;2025-06-11;5;68.04683982254474
26;2025-06-11;6;520.711314208336
26;2025-06-11;7;1047.4749433537277
26;2025-06-11;8;2067.88443415486
26;2025-06-11;9;1494.9163843062763
26;2025-06-11;10;1274.1257414903187
26;2025-06-11;11;1135.804402376667
26;2025-06-11;12;1179.3805839431473
26;2025-06-11;13;1198.2640640463073
26;2025-06-11;14;1223.1695226454635
26;2025-06-11;15;1243.250861025555
26;2025-06-11;16;1414.1953109688752
26;2025-06-11;17;1575.1300246861172
26;2025-06-11;18;1741.5550255360854
26;2025-06-11;19;1302.6845575852656
26;2025-06-11;20;878.8171755971384
26;2025-06-11;21;559.9838883646255
26;2025-06-11;22;331.93754993157046
26;2025-06-11;23;150.65401306648778
26;2025-06-12;0;43.98777291230309
26;2025-06-12;1;0.0
26;2025-06-12;2;0.0
26;2025-06-12;3;0.0
26;2025-06-12;4;0.0
26;2025-06-12;5;33.00565641992926
26;2025-06-12;6;199.65181593846017
26;2025-06-12;7;274.1355793551527
26;2025-06-12;8;417.52706888415287
26;2025-06-12;9;503.51986570776353
26;2025-06-12;10;601.531070031338
26;2025-06-12;11;676.235171598951
26;2025-06-12;12;736.8885638314378
26;2025-06-12;13;739.6528083030512
26;2025-06-12;14;740.4633987896138
26;2025-06-12;15;674.8279798991875
26;2025-06-12;16;675.8953285619627
26;2025-06-12;17;671.173768860277
26;2025-06-12;18;665.8179270768152
26;2025-06-12;19;626.5399991678735
26;2025-06-12;20;490.2262331567195
26;2025-06-12;21;361.33587387835826
26;2025-06-12;22;238.19245576315268
26;2025-06-12;23;130.46958396554237
26;2025-06-13;0;41.2993010432766
26;2025-06-13;1;0.0
26;2025-06-13;2;0.0
26;2025-06-13;3;0.0
26;2025-06-13;4;0.0
26;2025-06-13;5;32.1532752644507
26;2025-06-13;6;198.58299120698626
26;2025-06-13;7;284.9751477316094
26;2025-06-13;8;416.55072848517386
26;2025-06-13;9;483.7009230554788
26;2025-06-13;10;565.3592295082804
26;2025-06-13;11;633.636646279275
26;2025-06-13;12;687.1893375183797
26;2025-06-13;13;690.8101212931664
26;2025-06-13;14;694.213731186231
26;2025-06-13;15;631.205896255768
26;2025-06-13;16;637.2151385903358
26;2025-06-13;17;627.4759076232838
26;2025-06-13;18;620.7401066060288
26;2025-06-13;19;587.7141904569567
26;2025-06-13;20;456.61136571974936
26;2025-06-13;21;336.0751337874826
26;2025-06-13;22;222.33418604463498
26;2025-06-13;23;121.80081233391388
26;2025-06-14;0;47.285956506615676
26;2025-06-14;1;0.0
26;2025-06-14;2;0.0
26;2025-06-14;3;0.0
26;2025-06-14;4;0.0
26;2025-06-14;5;39.34189364110307
26;2025-06-14;6;270.3686311947662
26;2025-06-14;7;355.13566965986183
26;2025-06-14;8;555.9792372091879
26;2025-06-14;9;658.1642075546332
26;2025-06-14;10;777.5733754492742
26;2025-06-14;11;867.4466370622436
26;2025-06-14;12;915.749261612452
26;2025-06-14;13;881.0582587510888
26;2025-06-14;14;879.9806135287819
26;2025-06-14;15;794.2191965744298
26;2025-06-14;16;804.6160205303179
26;2025-06-14;17;774.9877569171115
26;2025-06-14;18;756.7130670436502
26;2025-06-14;19;749.1592022434697
26;2025-06-14;20;572.8849504430775
26;2025-06-14;21;410.86161296349496
26;2025-06-14;22;259.8336480199462
26;2025-06-14;23;152.97685630719292
26;2025-06-15;0;45.08225841818998
26;2025-06-15;1;0.0
26;2025-06-15;2;0.0
26;2025-06-15;3;0.0
26;2025-06-15;4;0.0
26;2025-06-15;5;31.033736044221826
26;2025-06-15;6;173.833699935359
26;2025-06-15;7;267.50030936390215
26;2025-06-15;8;398.2544495135884
26;2025-06-15;9;490.6284884559732
26;2025-06-15;10;574.5995426225626
26;2025-06-15;11;672.2307823077481
26;2025-06-15;12;700.2386924149635
26;2025-06-15;13;704.59421047315
26;2025-06-15;14;705.1905804875131
26;2025-06-15;15;639.6082445177685
26;2025-06-15;16;639.9035263252143
26;2025-06-15;17;628.8058313935817
26;2025-06-15;18;605.8098920290888
26;2025-06-15;19;542.4161343355543
26;2025-06-15;20;435.9187853778984
26;2025-06-15;21;319.8193650429702
26;2025-06-15;22;213.87890925063482
26;2025-06-15;23;107.64354643668455
26;2025-06-16;0;35.165594059656044
26;2025-06-16;1;0.0
26;2025-06-16;2;0.0
26;2025-06-16;3;0.0
26;2025-06-16;4;0.0
26;2025-06-16;5;64.25249080109452
26;2025-06-16;6;518.1155754701945
26;2025-06-16;7;1012.9113376872563
26;2025-06-16;8;2024.905814373195
26;2025-06-16;9;1412.047468739776
26;2025-06-16;10;1200.528013697001
26;2025-06-16;11;1076.0968171322115
26;2025-06-16;12;1111.4216915114166
26;2025-06-16;13;1147.9139777672422
26;2025-06-16;14;1118.776613743144
26;2025-06-16;15;1187.8713948757522
26;2025-06-16;16;1356.8711150221893
26;2025-06-16;17;1521.7285064043438
26;2025-06-16;18;1726.4174948471104
26;2025-06-16;19;1281.4809419391668
26;2025-06-16;20;842.993185258639
26;2025-06-16;21;515.9806519092302
26;2025-06-16;22;293.72148532814424
26;2025-06-16;23;124.02638551789772
26;2025-06-17;0;32.7385080281944
26;2025-06-17;1;0.0
26;2025-06-17;2;0.0
26;2025-06-17;3;0.0
26;2025-06-17;4;0.0
26;2025-06-17;5;68.32515152681819
26;2025-06-17;6;506.96795875281686
26;2025-06-17;7;1025.1067670536713
26;2025-06-17;8;1967.0099015420494
26;2025-06-17;9;1394.788184653678
26;2025-06-17;10;1170.966404030675
26;2025-06-17;11;1040.488710138995
26;2025-06-17;12;1080.3285121060812
26;2025-06-17;13;1094.913743824432
26;2025-06-17;14;1096.0177436113395
26;2025-06-17;15;1110.3272083989586
26;2025-06-17;16;1308.6576042528886
26;2025-06-17;17;1492.9928686669466
26;2025-06-17;18;1641.5709481725166
26;2025-06-17;19;1240.2232265397906
26;2025-06-17;20;820.387338035818
26;2025-06-17;21;506.5416549650654
26;2025-06-17;22;291.75828950395197
26;2025-06-17;23;132.71873747205117
26;2025-06-18;0;33.14320357284301
26;2025-06-18;1;0.0
26;2025-06-18;2;0.0
26;2025-06-18;3;0.0
26;2025-06-18;4;0.0
26;2025-06-18;5;66.56610981233607
26;2025-06-18;6;495.88357211740663
26;2025-06-18;7;1002.7809326145411
26;2025-06-18;8;1950.3249952600204
26;2025-06-18;9;1417.4802982417189
26;2025-06-18;10;1202.5612550492551
26;2025-06-18;11;1067.2761379626422
26;2025-06-18;12;1104.6082355462245
26;2025-06-18;13;1113.989845039795
26;2025-06-18;14;1138.42779154055
26;2025-06-18;15;1149.7288241993347
26;2025-06-18;16;1321.1162264363038
26;2025-06-18;17;1472.572830086413
26;2025-06-18;18;1643.3079526196964
26;2025-06-18;19;1232.0370487806176
26;2025-06-18;20;828.788366672677
26;2025-06-18;21;526.133622447109
26;2025-06-18;22;311.14860242714536
26;2025-06-18;23;142.34537110136068
26;2025-06-19;0;36.58613216310826
26;2025-06-19;1;0.0
26;2025-06-19;2;0.0
26;2025-06-19;3;0.0
26;2025-06-19;4;0.0
26;2025-06-19;5;63.80534382056533
26;2025-06-19;6;513.690355174027
26;2025-06-19;7;1038.7792949253992
26;2025-06-19;8;2010.3078047045324
26;2025-06-19;9;1423.6586165024191
26;2025-06-19;10;1205.256382930022
26;2025-06-19;11;1130.740672791023
26;2025-06-19;12;1131.7818418113638
26;2025-06-19;13;1130.7157645960217
26;2025-06-19;14;1140.7474741662882
26;2025-06-19;15;1205.7410626512274
26;2025-06-19;16;1405.3755778141094
26;2025-06-19;17;1556.206111749515
26;2025-06-19;18;1746.451766376721
26;2025-06-19;19;1279.075903696351
26;2025-06-19;20;845.050347069109
26;2025-06-19;21;553.4193999401732
26;2025-06-19;22;317.44963006401474
26;2025-06-19;23;154.41921669342278
26;2025-06-20;0;37.80662382403124
26;2025-06-20;1;0.0
26;2025-06-20;2;0.0
26;2025-06-20;3;0.0
26;2025-06-20;4;0.0
26;2025-06-20;5;61.30557551717458
26;2025-06-20;6;492.036293118506
26;2025-06-20;7;980.6443432420839
26;2025-06-20;8;1883.7416118940691
26;2025-06-20;9;1343.2498862471625
26;2025-06-20;10;1155.3198561751135
26;2025-06-20;11;1066.4813913810076
26;2025-06-20;12;1115.587446665255
26;2025-06-20;13;1146.349224489075
26;2025-06-20;14;1132.973178712588
26;2025-06-20;15;1260.5669067016124
26;2025-06-20;16;1462.434614110578
26;2025-06-20;17;1493.3090316688788
26;2025-06-20;18;1292.7092601871964
26;2025-06-20;19;1058.893440615085
26;2025-06-20;20;783.7508677634676
26;2025-06-20;21;494.3289584228979
26;2025-06-20;22;313.567730156588
26;2025-06-20;23;173.816126529818
26;2025-06-21;0;49.009062701978095
26;2025-06-21;1;0.0
26;2025-06-21;2;0.0
26;2025-06-21;3;0.0
26;2025-06-21;4;0.0
26;2025-06-21;5;40.197004498308395
26;2025-06-21;6;278.0915315645476
26;2025-06-21;7;362.8973364667305
26;2025-06-21;8;577.6503464687992
26;2025-06-21;9;683.0297915366257
26;2025-06-21;10;811.220168183698
26;2025-06-21;11;909.1995168581307
26;2025-06-21;12;961.8350235719222
26;2025-06-21;13;933.1919465692906
26;2025-06-21;14;929.3831850218514
26;2025-06-21;15;842.2877910103689
26;2025-06-21;16;846.7737246730483
26;2025-06-21;17;817.1162355280942
26;2025-06-21;18;796.2576212896004
26;2025-06-21;19;787.4670743757283
26;2025-06-21;20;607.6433838572011
26;2025-06-21;21;437.4295954620378
26;2025-06-21;22;277.06332008199934
26;2025-06-21;23;162.98718075877161
26;2025-06-22;0;44.483432242082706
26;2025-06-22;1;0.0
26;2025-06-22;2;0.0
26;2025-06-22;3;0.0
26;2025-06-22;4;0.0
26;2025-06-22;5;30.521274207531466
26;2025-06-22;6;172.92503090019522
26;2025-06-22;7;266.41954778292995
26;2025-06-22;8;396.06746500400675
26;2025-06-22;9;490.51634433632273
26;2025-06-22;10;572.3051150638379
26;2025-06-22;11;670.6017469857196
26;2025-06-22;12;701.0984282389328
26;2025-06-22;13;709.9945524003492
26;2025-06-22;14;708.2930738332558
26;2025-06-22;15;644.4070213215548
26;2025-06-22;16;640.735159133505
26;2025-06-22;17;629.1149980215664
26;2025-06-22;18;604.9532833999864
26;2025-06-22;19;540.3364107742195
26;2025-06-22;20;434.2257148687223
26;2025-06-22;21;319.693567768878
26;2025-06-22;22;213.98326714967166
26;2025-06-22;23;107.76192103698
26;2025-06-23;0;32.03057695774752
26;2025-06-23;1;0.0
26;2025-06-23;2;0.0
26;2025-06-23;3;0.0
26;2025-06-23;4;0.0
26;2025-06-23;5;63.52872949140039
26;2025-06-23;6;513.1420196068229
26;2025-06-23;7;1003.0928789867476
26;2025-06-23;8;1998.6054325331975
26;2025-06-23;9;1394.7332976390906
26;2025-06-23;10;1191.49913450139
26;2025-06-23;11;1064.1352725886527
26;2025-06-23;12;1102.3162712126161
26;2025-06-23;13;1138.123281564271
26;2025-06-23;14;1118.0617743463804
26;2025-06-23;15;1182.6346093023294
26;2025-06-23;16;1350.2034528458098
26;2025-06-23;17;1509.3963645637134
26;2025-06-23;18;1709.660386936455
26;2025-06-23;19;1268.0652836608654
26;2025-06-23;20;832.5192704094652
26;2025-06-23;21;508.8663376507419
26;2025-06-23;22;290.24076881781764
26;2025-06-23;23;117.06797791236305
26;2025-06-24;0;32.442995748455246
26;2025-06-24;1;0.0
26;2025-06-24;2;0.0
26;2025-06-24;3;0.0
26;2025-06-24;4;0.0
26;2025-06-24;5;67.63266887289056
26;2025-06-24;6;513.0859894251395
26;2025-06-24;7;1036.009153539666
26;2025-06-24;8;2017.0246576067511
26;2025-06-24;9;1423.0892715210489
26;2025-06-24;10;1199.3962371586522
26;2025-06-24;11;1077.7157299041373
26;2025-06-24;12;1123.2093223862694
26;2025-06-24;13;1148.0069896909315
26;2025-06-24;14;1149.0270667710995
26;2025-06-24;15;1171.0120471915784
26;2025-06-24;16;1365.489732663593
26;2025-06-24;17;1548.407702564299
26;2025-06-24;18;1689.709002616919
26;2025-06-24;19;1279.0010981649284
26;2025-06-24;20;841.7798002688429
26;2025-06-24;21;519.7996268175958
26;2025-06-24;22;301.5252855750691
26;2025-06-24;23;134.50934883741118
26;2025-06-25;0;33.794442642715225
26;2025-06-25;1;0.0
26;2025-06-25;2;0.0
26;2025-06-25;3;0.0
26;2025-06-25;4;0.0
26;2025-06-25;5;66.01411708271927
26;2025-06-25;6;503.213469744767
26;2025-06-25;7;1015.3107281624267
26;2025-06-25;8;2007.4901839806648
26;2025-06-25;9;1441.6627118393794
26;2025-06-25;10;1228.468922079458
26;2025-06-25;11;1097.851578415714
26;2025-06-25;12;1141.470136654631
26;2025-06-25;13;1160.940822306079
26;2025-06-25;14;1182.6244700403977
26;2025-06-25;15;1202.408985764373
26;2025-06-25;16;1373.7874200781675
26;2025-06-25;17;1536.5072441443851
26;2025-06-25;18;1689.4226119712896
26;2025-06-25;19;1266.579723843899
26;2025-06-25;20;854.1106411018195
26;2025-06-25;21;544.5496492328183
26;2025-06-25;22;322.95577844282514
26;2025-06-25;23;148.03422240413556
26;2025-06-26;0;35.91339021692846
26;2025-06-26;1;0.0
26;2025-06-26;2;0.0
26;2025-06-26;3;0.0
26;2025-06-26;4;0.0
26;2025-06-26;5;64.48109574118271
26;2025-06-26;6;503.58003781417835
26;2025-06-26;7;1016.9926472339318
26;2025-06-26;8;1939.5538515791031
26;2025-06-26;9;1380.591401678315
26;2025-06-26;10;1159.9985025427782
26;2025-06-26;11;1084.7291436185506
26;2025-06-26;12;1085.0387012480967
26;2025-06-26;13;1079.1570253967693
26;2025-06-26;14;1085.665615357648
26;2025-06-26;15;1142.929401325277
26;2025-06-26;16;1338.1933149695928
26;2025-06-26;17;1493.4204112268076
26;2025-06-26;18;1683.248330958259
26;2025-06-26;19;1238.7054860048538
26;2025-06-26;20;822.4734373572003
26;2025-06-26;21;538.3703117435008
26;2025-06-26;22;310.2527070064817
26;2025-06-26;23;152.49280316810842
26;2025-06-27;0;40.51918581903162
26;2025-06-27;1;0.0
26;2025-06-27;2;0.0
26;2025-06-27;3;0.0
26;2025-06-27;4;0.0
26;2025-06-27;5;62.70133112801126
26;2025-06-27;6;506.6655387507633
26;2025-06-27;7;998.5668550314157
26;2025-06-27;8;1945.1977270786965
26;2025-06-27;9;1385.656378359061
26;2025-06-27;10;1197.25513389216
26;2025-06-27;11;1108.2842659034022
26;2025-06-27;12;1162.8187878808678
26;2025-06-27;13;1203.3366259987197
26;2025-06-27;14;1188.0576813011971
26;2025-06-27;15;1326.3758810977015
26;2025-06-27;16;1532.3624324183231
26;2025-06-27;17;1572.1988801845293
26;2025-06-27;18;1362.5631571407685
26;2025-06-27;19;1115.5857657480942
26;2025-06-27;20;830.0543393018625
26;2025-06-27;21;526.3372451048191
26;2025-06-27;22;335.76460311814924
26;2025-06-27;23;186.70879787611258
26;2025-06-28;0;49.90796687934033
26;2025-06-28;1;0.0
26;2025-06-28;2;0.0
26;2025-06-28;3;0.0
26;2025-06-28;4;0.0
26;2025-06-28;5;40.72519096526908
26;2025-06-28;6;280.9587171839851
26;2025-06-28;7;360.50229133295807
26;2025-06-28;8;572.4345211565517
26;2025-06-28;9;679.7516779475527
26;2025-06-28;10;804.5183704698318
26;2025-06-28;11;905.7500288645842
26;2025-06-28;12;960.8271832456979
26;2025-06-28;13;934.6815946354867
26;2025-06-28;14;932.4928612394579
26;2025-06-28;15;846.7758466951491
26;2025-06-28;16;852.0077833005997
26;2025-06-28;17;825.4003510218226
26;2025-06-28;18;808.1557047617362
26;2025-06-28;19;800.4760422924503
26;2025-06-28;20;615.6832852337534
26;2025-06-28;21;444.31798588005086
26;2025-06-28;22;282.06728244000686
26;2025-06-28;23;170.977876839571
26;2025-06-29;0;44.573160320764146
26;2025-06-29;1;0.0
26;2025-06-29;2;0.0
26;2025-06-29;3;0.0
26;2025-06-29;4;0.0
26;2025-06-29;5;30.86489580872847
26;2025-06-29;6;170.59346559226907
26;2025-06-29;7;259.24184923142013
26;2025-06-29;8;383.4897733330802
26;2025-06-29;9;476.01418831693286
26;2025-06-29;10;554.8094284507599
26;2025-06-29;11;653.5838597733557
26;2025-06-29;12;683.9413475232354
26;2025-06-29;13;691.192510735671
26;2025-06-29;14;690.0994447178809
26;2025-06-29;15;625.8569680331859
26;2025-06-29;16;626.3531329313412
26;2025-06-29;17;618.6494072919386
26;2025-06-29;18;598.9169964881871
26;2025-06-29;19;536.6222211440058
26;2025-06-29;20;432.85791065593634
26;2025-06-29;21;318.52409495888287
26;2025-06-29;22;214.19595938216008
26;2025-06-29;23;111.67407123296688
26;2025-06-30;0;28.855899407928568
26;2025-06-30;1;0.0
26;2025-06-30;2;0.0
26;2025-06-30;3;0.0
26;2025-06-30;4;0.0
26;2025-06-30;5;61.00191050665735
26;2025-06-30;6;480.1010558655115
26;2025-06-30;7;939.4871617048266
26;2025-06-30;8;1839.7980533193681
26;2025-06-30;9;1295.4281615045402
26;2025-06-30;10;1095.776266124743
26;2025-06-30;11;974.920888064785
26;2025-06-30;12;1009.0825173003632
26;2025-06-30;13;1034.536734081011
26;2025-06-30;14;1014.8651387778017
26;2025-06-30;15;1069.345535076919
26;2025-06-30;16;1227.894014511318
26;2025-06-30;17;1376.1745572765171
26;2025-06-30;18;1566.2680895293856
26;2025-06-30;19;1165.5009457255483
26;2025-06-30;20;763.4093472097775
26;2025-06-30;21;465.5385948724322
26;2025-06-30;22;265.38893602307303
26;2025-06-30;23;107.5329260038744
26;2025-07-01;0;29.520036473278278
26;2025-07-01;1;0.0
26;2025-07-01;2;0.0
26;2025-07-01;3;0.0
26;2025-07-01;4;0.0
26;2025-07-01;5;66.55460669327925
26;2025-07-01;6;490.92016422767796
26;2025-07-01;7;989.5838453672945
26;2025-07-01;8;1896.176389169164
26;2025-07-01;9;1341.6160725127218
26;2025-07-01;10;1122.7125923113942
26;2025-07-01;11;1001.6283849899668
26;2025-07-01;12;1044.3747988400205
26;2025-07-01;13;1077.010903602355
26;2025-07-01;14;1083.7113755146077
26;2025-07-01;15;1103.5639698111852
26;2025-07-01;16;1293.928468868536
26;2025-07-01;17;1466.4334965299295
26;2025-07-01;18;1608.6155251513806
26;2025-07-01;19;1219.9395274546737
26;2025-07-01;20;799.267883602183
26;2025-07-01;21;494.36878899857703
26;2025-07-01;22;288.02761992272116
26;2025-07-01;23;128.91730169684269
26;2025-07-02;0;33.46287389370198
26;2025-07-02;1;0.0
26;2025-07-02;2;0.0
26;2025-07-02;3;0.0
26;2025-07-02;4;0.0
26;2025-07-02;5;65.19866148195186
26;2025-07-02;6;489.2857295536801
26;2025-07-02;7;975.4940316334632
26;2025-07-02;8;1929.2741809961199
26;2025-07-02;9;1392.3276505225394
26;2025-07-02;10;1186.10158980683
26;2025-07-02;11;1061.7653345974368
26;2025-07-02;12;1104.356737567332
26;2025-07-02;13;1135.5907916876422
26;2025-07-02;14;1171.619791635193
26;2025-07-02;15;1199.325502993584
26;2025-07-02;16;1363.7781052356788
26;2025-07-02;17;1513.7424312183978
26;2025-07-02;18;1681.0409188849367
26;2025-07-02;19;1264.357332331848
26;2025-07-02;20;846.4749929700376
26;2025-07-02;21;543.4011341437119
26;2025-07-02;22;324.48153241238526
26;2025-07-02;23;150.2110139793491
26;2025-07-03;0;41.00596833663606
26;2025-07-03;1;0.0
26;2025-07-03;2;0.0
26;2025-07-03;3;0.0
26;2025-07-03;4;0.0
26;2025-07-03;5;66.3886858719089
26;2025-07-03;6;515.7491960800455
26;2025-07-03;7;1025.018744079349
26;2025-07-03;8;1984.1877735903126
26;2025-07-03;9;1396.9686469541762
26;2025-07-03;10;1176.5208706819803
26;2025-07-03;11;1102.295219590619
26;2025-07-03;12;1103.6702748966309
26;2025-07-03;13;1123.2773966475138
26;2025-07-03;14;1133.8622251533225
26;2025-07-03;15;1216.103219309877
26;2025-07-03;16;1417.1214966172054
26;2025-07-03;17;1586.9442882060102
26;2025-07-03;18;1786.6166316510844
26;2025-07-03;19;1321.0155119153173
26;2025-07-03;20;883.8586394996933
26;2025-07-03;21;585.8534536092573
26;2025-07-03;22;341.1345401327077
26;2025-07-03;23;173.81720644913406
26;2025-07-04;0;43.05994905890202
26;2025-07-04;1;0.0
26;2025-07-04;2;0.0
26;2025-07-04;3;0.0
26;2025-07-04;4;0.0
26;2025-07-04;5;62.025238882926885
26;2025-07-04;6;494.1047304405223
26;2025-07-04;7;966.4244623036651
26;2025-07-04;8;1878.192121368993
26;2025-07-04;9;1322.9051787544695
26;2025-07-04;10;1146.0764642186764
26;2025-07-04;11;1054.1813999109238
26;2025-07-04;12;1108.1700028969094
26;2025-07-04;13;1164.8621518233385
26;2025-07-04;14;1156.7277742631031
26;2025-07-04;15;1282.1156605588558
26;2025-07-04;16;1510.3791656782169
26;2025-07-04;17;1564.6764793317961
26;2025-07-04;18;1362.6316736695562
26;2025-07-04;19;1124.0698732402216
26;2025-07-04;20;832.4099307843819
26;2025-07-04;21;532.7057422377214
26;2025-07-04;22;341.7751552359525
26;2025-07-04;23;199.4625926729023
26;2025-07-05;0;49.867705977864134
26;2025-07-05;1;0.0
26;2025-07-05;2;0.0
26;2025-07-05;3;0.0
26;2025-07-05;4;0.0
26;2025-07-05;5;40.347269831030246
26;2025-07-05;6;276.1690226246425
26;2025-07-05;7;350.6952553812239
26;2025-07-05;8;556.2924382892606
26;2025-07-05;9;658.1629006657516
26;2025-07-05;10;781.9876009350156
26;2025-07-05;11;882.7672418201304
26;2025-07-05;12;938.20007688301
26;2025-07-05;13;923.362856160581
26;2025-07-05;14;928.3065707288938
26;2025-07-05;15;852.026183910266
26;2025-07-05;16;858.6468616786277
26;2025-07-05;17;833.1438592237553
26;2025-07-05;18;816.4955480295605
26;2025-07-05;19;806.7669858755919
26;2025-07-05;20;614.9852403016598
26;2025-07-05;21;446.09498457890345
26;2025-07-05;22;284.4761290018124
26;2025-07-05;23;173.03150052090967
26;2025-07-06;0;47.07617666219218
26;2025-07-06;1;0.0
26;2025-07-06;2;0.0
26;2025-07-06;3;0.0
26;2025-07-06;4;0.0
26;2025-07-06;5;30.980371412943473
26;2025-07-06;6;166.31455113848
26;2025-07-06;7;239.660314486542
26;2025-07-06;8;369.2954451940031
26;2025-07-06;9;475.9575113916419
26;2025-07-06;10;564.3427765421679
26;2025-07-06;11;670.573337379629
26;2025-07-06;12;706.5357503575309
26;2025-07-06;13;726.256502002933
26;2025-07-06;14;727.7018457339784
26;2025-07-06;15;669.3839193504043
26;2025-07-06;16;666.0009736858333
26;2025-07-06;17;661.140563761666
26;2025-07-06;18;642.9222738828539
26;2025-07-06;19;573.9311583856797
26;2025-07-06;20;459.4781689430929
26;2025-07-06;21;340.76374670111284
26;2025-07-06;22;229.2607001539497
26;2025-07-06;23;119.75298709665222
26;2025-07-07;0;35.20738576616026
26;2025-07-07;1;0.0
26;2025-07-07;2;0.0
26;2025-07-07;3;0.0
26;2025-07-07;4;0.0
26;2025-07-07;5;63.390866455049476
26;2025-07-07;6;499.81996236899863
26;2025-07-07;7;970.4293759065331
26;2025-07-07;8;1939.8859203645727
26;2025-07-07;9;1351.7877636053836
26;2025-07-07;10;1148.360591600135
26;2025-07-07;11;1024.0492005095903
26;2025-07-07;12;1062.4907253948495
26;2025-07-07;13;1112.2911356965437
26;2025-07-07;14;1100.2395993453977
26;2025-07-07;15;1165.226832417695
26;2025-07-07;16;1343.6898779547676
26;2025-07-07;17;1506.1953460261025
26;2025-07-07;18;1708.9466796626903
26;2025-07-07;19;1272.4133595055082
26;2025-07-07;20;835.146078725396
26;2025-07-07;21;516.8383830372907
26;2025-07-07;22;299.5693777679852
26;2025-07-07;23;126.7973202053309
26;2025-07-08;0;35.20837136137572
26;2025-07-08;1;0.0
26;2025-07-08;2;0.0
26;2025-07-08;3;0.0
26;2025-07-08;4;0.0
26;2025-07-08;5;67.14537851547556
26;2025-07-08;6;502.00434976437987
26;2025-07-08;7;1005.0061595942034
26;2025-07-08;8;1958.8503078028855
26;2025-07-08;9;1383.503814637131
26;2025-07-08;10;1156.281378282079
26;2025-07-08;11;1037.1726135367805
26;2025-07-08;12;1081.4692764570514
26;2025-07-08;13;1119.2473074725508
26;2025-07-08;14;1130.0407269765035
26;2025-07-08;15;1153.5087253356694
26;2025-07-08;16;1358.2956569311536
26;2025-07-08;17;1543.8623657647133
26;2025-07-08;18;1697.2378634578808
26;2025-07-08;19;1286.0253780498558
26;2025-07-08;20;848.4527224829985
26;2025-07-08;21;531.0254130316223
26;2025-07-08;22;311.44585742153026
26;2025-07-08;23;146.6983571627847
26;2025-07-09;0;37.85940803070521
26;2025-07-09;1;0.0
26;2025-07-09;2;0.0
26;2025-07-09;3;0.0
26;2025-07-09;4;0.0
26;2025-07-09;5;67.60578172816167
26;2025-07-09;6;504.97723637274413
26;2025-07-09;7;999.9204193493999
26;2025-07-09;8;1979.2342904888624
26;2025-07-09;9;1431.0144412263694
26;2025-07-09;10;1215.6508421930164
26;2025-07-09;11;1080.6190281625668
26;2025-07-09;12;1122.5598031516643
26;2025-07-09;13;1157.2320394438273
26;2025-07-09;14;1191.1945569267143
26;2025-07-09;15;1213.4402232257798
26;2025-07-09;16;1398.0476132444123
26;2025-07-09;17;1560.9871943681687
26;2025-07-09;18;1737.4729711752007
26;2025-07-09;19;1310.4290886004405
26;2025-07-09;20;882.8415259051462
26;2025-07-09;21;568.971889584558
26;2025-07-09;22;341.4408914513748
26;2025-07-09;23;164.17652359020693
26;2025-07-10;0;41.19582688979924
26;2025-07-10;1;0.0
26;2025-07-10;2;0.0
26;2025-07-10;3;0.0
26;2025-07-10;4;0.0
26;2025-07-10;5;66.47350785314009
26;2025-07-10;6;517.4518856855713
26;2025-07-10;7;1028.0211619684073
26;2025-07-10;8;1993.763792079328
26;2025-07-10;9;1407.1108005721217
26;2025-07-10;10;1183.2598672531676
26;2025-07-10;11;1108.969483746214
26;2025-07-10;12;1111.2825452651505
26;2025-07-10;13;1128.9213527274242
26;2025-07-10;14;1143.8514546517695
26;2025-07-10;15;1214.7664399065675
26;2025-07-10;16;1430.608093497936
26;2025-07-10;17;1601.7044837190392
26;2025-07-10;18;1804.2192516966136
26;2025-07-10;19;1330.8233152017099
26;2025-07-10;20;885.265872984895
26;2025-07-10;21;587.3924469926683
26;2025-07-10;22;342.11414703027395
26;2025-07-10;23;174.56471767763895
26;2025-07-11;0;43.94147779492823
26;2025-07-11;1;0.0
26;2025-07-11;2;0.0
26;2025-07-11;3;0.0
26;2025-07-11;4;0.0
26;2025-07-11;5;63.04420156714958
26;2025-07-11;6;501.49316280676584
26;2025-07-11;7;977.3045723809851
26;2025-07-11;8;1904.927084014082
26;2025-07-11;9;1356.2876572495466
26;2025-07-11;10;1166.8884417230813
26;2025-07-11;11;1074.2087716151334
26;2025-07-11;12;1127.1929001581018
26;2025-07-11;13;1184.4854761522247
26;2025-07-11;14;1178.5653454385006
26;2025-07-11;15;1305.8746434167833
26;2025-07-11;16;1539.8519962658324
26;2025-07-11;17;1588.4360308281257
26;2025-07-11;18;1395.1882487287348
26;2025-07-11;19;1147.5132398855337
26;2025-07-11;20;845.4604013833982
26;2025-07-11;21;541.8668661741547
26;2025-07-11;22;348.83593130873516
26;2025-07-11;23;203.86098399063417
26;2025-07-12;0;50.0596177217962
26;2025-07-12;1;0.0
26;2025-07-12;2;0.0
26;2025-07-12;3;0.0
26;2025-07-12;4;0.0
26;2025-07-12;5;39.403239945370785
26;2025-07-12;6;268.43138390433694
26;2025-07-12;7;340.82029663387266
26;2025-07-12;8;541.6320344330329
26;2025-07-12;9;642.8259214609634
26;2025-07-12;10;760.2764048821429
26;2025-07-12;11;857.1801712133761
26;2025-07-12;12;908.0067587387689
26;2025-07-12;13;893.419381238115
26;2025-07-12;14;897.1391789329098
26;2025-07-12;15;812.3078793697342
26;2025-07-12;16;833.886366132984
26;2025-07-12;17;813.4826410071282
26;2025-07-12;18;802.7002010780355
26;2025-07-12;19;790.9118674836899
26;2025-07-12;20;605.1419342700885
26;2025-07-12;21;441.0423028891008
26;2025-07-12;22;280.8324387150962
26;2025-07-12;23;170.66001757514164
26;2025-07-13;0;44.56825126459941
26;2025-07-13;1;0.0
26;2025-07-13;2;0.0
26;2025-07-13;3;0.0
26;2025-07-13;4;0.0
26;2025-07-13;5;30.635410771190664
26;2025-07-13;6;165.49518030738506
26;2025-07-13;7;246.50874490480686
26;2025-07-13;8;360.4942672004954
26;2025-07-13;9;452.55846697218936
26;2025-07-13;10;527.9607489830181
26;2025-07-13;11;622.3295451433473
26;2025-07-13;12;648.5375068767264
26;2025-07-13;13;662.4308610941393
26;2025-07-13;14;666.6339052153601
26;2025-07-13;15;605.0396564692767
26;2025-07-13;16;615.3423412320583
26;2025-07-13;17;612.4084750012101
26;2025-07-13;18;601.2033355261129
26;2025-07-13;19;542.4021872201445
26;2025-07-13;20;435.3252957270979
26;2025-07-13;21;322.75437351639823
26;2025-07-13;22;217.43709117319452
26;2025-07-13;23;115.64028003767729
26;2025-07-14;0;33.464662072718
26;2025-07-14;1;0.0
26;2025-07-14;2;0.0
26;2025-07-14;3;0.0
26;2025-07-14;4;0.0
26;2025-07-14;5;61.13955532419636
26;2025-07-14;6;470.1650585146493
26;2025-07-14;7;913.6195119581118
26;2025-07-14;8;1798.6323032833297
26;2025-07-14;9;1267.9463068447408
26;2025-07-14;10;1063.9191669225052
26;2025-07-14;11;944.2810195679297
26;2025-07-14;12;975.4006601824676
26;2025-07-14;13;1015.2548658888902
26;2025-07-14;14;1002.8591383724543
26;2025-07-14;15;1058.8164917409013
26;2025-07-14;16;1223.385268483402
26;2025-07-14;17;1384.1618256217657
26;2025-07-14;18;1585.2745352351467
26;2025-07-14;19;1182.647772529535
26;2025-07-14;20;776.9385844633441
26;2025-07-14;21;481.0712173320214
26;2025-07-14;22;279.5077613144384
26;2025-07-14;23;119.57636203269679
26;2025-07-15;0;34.40655161750742
26;2025-07-15;1;0.0
26;2025-07-15;2;0.0
26;2025-07-15;3;0.0
26;2025-07-15;4;0.0
26;2025-07-15;5;66.59428694118623
26;2025-07-15;6;486.0790753822675
26;2025-07-15;7;974.6814137797461
26;2025-07-15;8;1877.8888302855248
26;2025-07-15;9;1334.9724960483675
26;2025-07-15;10;1108.9630248953106
26;2025-07-15;11;989.1726224703805
26;2025-07-15;12;1029.1307595730727
26;2025-07-15;13;1062.1243479305913
26;2025-07-15;14;1072.699316719913
26;2025-07-15;15;1092.1898388142495
26;2025-07-15;16;1289.5486547697064
26;2025-07-15;17;1475.8659353706464
26;2025-07-15;18;1627.290514200024
26;2025-07-15;19;1234.2116017748717
26;2025-07-15;20;818.5967255373657
26;2025-07-15;21;512.7157863568499
26;2025-07-15;22;301.78947527718316
26;2025-07-15;23;142.63339772939503
26;2025-07-16;0;37.889177131807344
26;2025-07-16;1;0.0
26;2025-07-16;2;0.0
26;2025-07-16;3;0.0
26;2025-07-16;4;0.0
26;2025-07-16;5;66.3755493033592
26;2025-07-16;6;492.7349550098605
26;2025-07-16;7;976.813662848454
26;2025-07-16;8;1937.6709871035443
26;2025-07-16;9;1398.4568862999813
26;2025-07-16;10;1190.8506854069788
26;2025-07-16;11;1063.1748233752355
26;2025-07-16;12;1104.258846248476
26;2025-07-16;13;1137.2198397335019
26;2025-07-16;14;1167.8922738219117
26;2025-07-16;15;1197.6260882685137
26;2025-07-16;16;1367.072378407956
26;2025-07-16;17;1539.4128753864507
26;2025-07-16;18;1705.9277338488853
26;2025-07-16;19;1289.7653823103267
26;2025-07-16;20;872.9531856854787
26;2025-07-16;21;563.3126053167757
26;2025-07-16;22;338.87037816237347
26;2025-07-16;23;163.29430457249828
26;2025-07-17;0;40.254094614252196
26;2025-07-17;1;0.0
26;2025-07-17;2;0.0
26;2025-07-17;3;0.0
26;2025-07-17;4;0.0
26;2025-07-17;5;63.668015630913885
26;2025-07-17;6;498.19888866602594
26;2025-07-17;7;992.2279291815407
26;2025-07-17;8;1926.8217614200557
26;2025-07-17;9;1358.203404031266
26;2025-07-17;10;1145.2546199836488
26;2025-07-17;11;1076.4379543068828
26;2025-07-17;12;1078.0091354371434
26;2025-07-17;13;1092.3980596726615
26;2025-07-17;14;1107.3120016437583
26;2025-07-17;15;1183.6043864940411
26;2025-07-17;16;1383.4947759141141
26;2025-07-17;17;1554.690690068861
26;2025-07-17;18;1750.4287573193028
26;2025-07-17;19;1286.996574401126
26;2025-07-17;20;855.6744214993964
26;2025-07-17;21;568.3952389594224
26;2025-07-17;22;330.2116426413603
26;2025-07-17;23;168.59400278624742
26;2025-07-18;0;43.923168252608406
26;2025-07-18;1;0.0
26;2025-07-18;2;0.0
26;2025-07-18;3;0.0
26;2025-07-18;4;0.0
26;2025-07-18;5;62.2867140528634
26;2025-07-18;6;491.88987017158604
26;2025-07-18;7;958.3311886625802
26;2025-07-18;8;1864.7707231297181
26;2025-07-18;9;1327.3050553144485
26;2025-07-18;10;1147.2297482183585
26;2025-07-18;11;1058.7655726142518
26;2025-07-18;12;1109.8466330972283
26;2025-07-18;13;1166.4465882440272
26;2025-07-18;14;1158.0870926919138
26;2025-07-18;15;1283.3009135246075
26;2025-07-18;16;1511.2287145132605
26;2025-07-18;17;1563.0441360566247
26;2025-07-18;18;1371.8341113272586
26;2025-07-18;19;1130.1741494079035
26;2025-07-18;20;837.6369401707005
26;2025-07-18;21;537.4175715683789
26;2025-07-18;22;346.3941783819545
26;2025-07-18;23;203.04394921557122
26;2025-07-19;0;49.5825057053037
26;2025-07-19;1;0.0
26;2025-07-19;2;0.0
26;2025-07-19;3;0.0
26;2025-07-19;4;0.0
26;2025-07-19;5;38.92970047198159
26;2025-07-19;6;261.15650921146323
26;2025-07-19;7;331.290044245012
26;2025-07-19;8;528.3899369966811
26;2025-07-19;9;630.441704813388
26;2025-07-19;10;744.5650255169335
26;2025-07-19;11;837.6217594623922
26;2025-07-19;12;885.6387305651847
26;2025-07-19;13;871.6317077985881
26;2025-07-19;14;874.8071672109827
26;2025-07-19;15;802.9919257260483
26;2025-07-19;16;809.3028246841384
26;2025-07-19;17;791.7285069938246
26;2025-07-19;18;783.5740381147228
26;2025-07-19;19;775.9472397610448
26;2025-07-19;20;597.0228260856613
26;2025-07-19;21;435.3058265009053
26;2025-07-19;22;277.7411212374026
26;2025-07-19;23;168.94065186546766
26;2025-07-20;0;45.051148593332805
26;2025-07-20;1;0.0
26;2025-07-20;2;0.0
26;2025-07-20;3;0.0
26;2025-07-20;4;0.0
26;2025-07-20;5;30.372620010489825
26;2025-07-20;6;163.928908653744
26;2025-07-20;7;244.60147666011324
26;2025-07-20;8;361.50513527029113
26;2025-07-20;9;452.0869409043376
26;2025-07-20;10;529.9560392361846
26;2025-07-20;11;624.515183392595
26;2025-07-20;12;650.8877029294956
26;2025-07-20;13;665.6952236994152
26;2025-07-20;14;670.3969767251192
26;2025-07-20;15;616.2381918239254
26;2025-07-20;16;619.1525598271663
26;2025-07-20;17;616.5653914809046
26;2025-07-20;18;603.2294041011817
26;2025-07-20;19;542.833063524019
26;2025-07-20;20;436.30563028732865
26;2025-07-20;21;324.0672222311968
26;2025-07-20;22;218.64857773391398
26;2025-07-20;23;116.44136221029953
26;2025-07-21;0;32.338518748643864
26;2025-07-21;1;0.0
26;2025-07-21;2;0.0
26;2025-07-21;3;0.0
26;2025-07-21;4;0.0
26;2025-07-21;5;61.74014656214139
26;2025-07-21;6;458.92549617022075
26;2025-07-21;7;890.7513913507003
26;2025-07-21;8;1754.8491602841182
26;2025-07-21;9;1236.883772540602
26;2025-07-21;10;1034.4730214369545
26;2025-07-21;11;920.0996751799248
26;2025-07-21;12;949.4712778217308
26;2025-07-21;13;989.525738717218
26;2025-07-21;14;976.3991136652302
26;2025-07-21;15;1035.3589183088716
26;2025-07-21;16;1191.510098988147
26;2025-07-21;17;1345.653303881665
26;2025-07-21;18;1540.2968976412008
26;2025-07-21;19;1146.7262151952177
26;2025-07-21;20;752.2342889222457
26;2025-07-21;21;465.4580261987735
26;2025-07-21;22;268.6849348071242
26;2025-07-21;23;116.42918557951812
26;2025-07-22;0;34.32582762311195
26;2025-07-22;1;0.0
26;2025-07-22;2;0.0
26;2025-07-22;3;0.0
26;2025-07-22;4;0.0
26;2025-07-22;5;65.9295148940047
26;2025-07-22;6;480.80789113986464
26;2025-07-22;7;965.4870612950374
26;2025-07-22;8;1865.1525968528808
26;2025-07-22;9;1326.0273820899206
26;2025-07-22;10;1099.6317396097486
26;2025-07-22;11;984.1252510107067
26;2025-07-22;12;1023.5946894911199
26;2025-07-22;13;1057.3399168601359
26;2025-07-22;14;1067.0287510897965
26;2025-07-22;15;1091.0609789251134
26;2025-07-22;16;1283.2855537474322
26;2025-07-22;17;1467.6246006744122
26;2025-07-22;18;1617.5509432293195
26;2025-07-22;19;1225.3994432907803
26;2025-07-22;20;812.2044355287857
26;2025-07-22;21;509.4213151408682
26;2025-07-22;22;299.1070096861431
26;2025-07-22;23;142.0012280294079
26;2025-07-23;0;36.60751365779393
26;2025-07-23;1;0.0
26;2025-07-23;2;0.0
26;2025-07-23;3;0.0
26;2025-07-23;4;0.0
26;2025-07-23;5;65.02827760856715
26;2025-07-23;6;480.57452388936167
26;2025-07-23;7;956.4993787701608
26;2025-07-23;8;1896.7662700912783
26;2025-07-23;9;1374.2519388651203
26;2025-07-23;10;1166.0508779002587
26;2025-07-23;11;1043.670111354111
26;2025-07-23;12;1082.3078284683834
26;2025-07-23;13;1113.4749695697255
26;2025-07-23;14;1144.3118037036706
26;2025-07-23;15;1173.6657150275705
26;2025-07-23;16;1340.868922369576
26;2025-07-23;17;1504.771670428224
26;2025-07-23;18;1676.609820240237
26;2025-07-23;19;1261.680651174893
26;2025-07-23;20;848.1993502129155
26;2025-07-23;21;546.6552682006878
26;2025-07-23;22;329.71959022723524
26;2025-07-23;23;159.2645475973702
26;2025-07-24;0;40.00071969316065
26;2025-07-24;1;0.0
26;2025-07-24;2;0.0
26;2025-07-24;3;0.0
26;2025-07-24;4;0.0
26;2025-07-24;5;64.00138028194198
26;2025-07-24;6;496.91321437185434
26;2025-07-24;7;991.1420565526976
26;2025-07-24;8;1925.716855103034
26;2025-07-24;9;1355.638969835445
26;2025-07-24;10;1143.7756945895999
26;2025-07-24;11;1076.7101601576321
26;2025-07-24;12;1080.6560000160891
26;2025-07-24;13;1097.654533858166
26;2025-07-24;14;1107.3266080945236
26;2025-07-24;15;1175.141623814285
26;2025-07-24;16;1383.3156072928236
26;2025-07-24;17;1559.2998760297432
26;2025-07-24;18;1748.8234936012295
26;2025-07-24;19;1287.2365295488726
26;2025-07-24;20;857.3090196103356
26;2025-07-24;21;566.9184179447116
26;2025-07-24;22;329.9692269767133
26;2025-07-24;23;170.45926816451922
26;2025-07-25;0;42.19613026559794
26;2025-07-25;1;0.0
26;2025-07-25;2;0.0
26;2025-07-25;3;0.0
26;2025-07-25;4;0.0
26;2025-07-25;5;60.14384132240405
26;2025-07-25;6;478.9150206547374
26;2025-07-25;7;937.0308406866145
26;2025-07-25;8;1824.910931051254
26;2025-07-25;9;1294.3086388532047
26;2025-07-25;10;1118.0193656351112
26;2025-07-25;11;1033.5389922552358
26;2025-07-25;12;1084.4239797163427
26;2025-07-25;13;1138.7027054329562
26;2025-07-25;14;1130.8850615021358
26;2025-07-25;15;1253.2933310025342
26;2025-07-25;16;1480.8386937602577
26;2025-07-25;17;1533.342503611033
26;2025-07-25;18;1341.8182295951701
26;2025-07-25;19;1097.6386889571581
26;2025-07-25;20;806.5715691714306
26;2025-07-25;21;516.2678377860291
26;2025-07-25;22;333.4749440749399
26;2025-07-25;23;196.03405248579526
26;2025-07-26;0;51.54799549994201
26;2025-07-26;1;0.0
26;2025-07-26;2;0.0
26;2025-07-26;3;0.0
26;2025-07-26;4;0.0
26;2025-07-26;5;40.1642487649654
26;2025-07-26;6;270.36732828937573
26;2025-07-26;7;343.27552320523296
26;2025-07-26;8;549.0955913535856
26;2025-07-26;9;646.9169724262526
26;2025-07-26;10;763.1816740705303
26;2025-07-26;11;858.1465680590434
26;2025-07-26;12;908.8099889823718
26;2025-07-26;13;896.2770078634846
26;2025-07-26;14;900.4183625290252
26;2025-07-26;15;827.9692045183865
26;2025-07-26;16;839.2147270341543
26;2025-07-26;17;823.3131245770182
26;2025-07-26;18;813.0968682631993
26;2025-07-26;19;802.1755230229621
26;2025-07-26;20;615.0735568480338
26;2025-07-26;21;448.4797683986107
26;2025-07-26;22;286.82785525128804
26;2025-07-26;23;175.21328243090863
26;2025-07-27;0;48.30911881961585
26;2025-07-27;1;0.0
26;2025-07-27;2;0.0
26;2025-07-27;3;0.0
26;2025-07-27;4;0.0
26;2025-07-27;5;31.004462317947002
26;2025-07-27;6;164.06110181229076
26;2025-07-27;7;234.65493056023422
26;2025-07-27;8;368.95039312607264
26;2025-07-27;9;472.22374026166415
26;2025-07-27;10;554.4405594908494
26;2025-07-27;11;655.3110046357237
26;2025-07-27;12;687.9227637557447
26;2025-07-27;13;709.035906555985
26;2025-07-27;14;712.256073074087
26;2025-07-27;15;656.9287463196247
26;2025-07-27;16;659.5505631159836
26;2025-07-27;17;663.0861917213218
26;2025-07-27;18;647.697290092864
26;2025-07-27;19;579.1267746623076
26;2025-07-27;20;464.22044996386285
26;2025-07-27;21;345.743728571294
26;2025-07-27;22;233.58076669067796
26;2025-07-27;23;123.9739818659838
26;2025-07-28;0;34.90217476922854
26;2025-07-28;1;0.0
26;2025-07-28;2;0.0
26;2025-07-28;3;0.0
26;2025-07-28;4;0.0
26;2025-07-28;5;62.68624791227974
26;2025-07-28;6;489.5651239541876
26;2025-07-28;7;949.9976097461845
26;2025-07-28;8;1897.1473086480194
26;2025-07-28;9;1329.6089004751711
26;2025-07-28;10;1122.5078111854082
26;2025-07-28;11;1007.0329665993461
26;2025-07-28;12;1044.037661930458
26;2025-07-28;13;1092.386093062225
26;2025-07-28;14;1078.541450514368
26;2025-07-28;15;1143.058213553064
26;2025-07-28;16;1319.228657766587
26;2025-07-28;17;1484.8365172047486
26;2025-07-28;18;1690.4818975402977
26;2025-07-28;19;1254.6785860462633
26;2025-07-28;20;822.6591852289228
26;2025-07-28;21;508.00038006627653
26;2025-07-28;22;294.80997144567345
26;2025-07-28;23;126.29426851449409
26;2025-07-29;0;35.29559672397723
26;2025-07-29;1;0.0
26;2025-07-29;2;0.0
26;2025-07-29;3;0.0
26;2025-07-29;4;0.0
26;2025-07-29;5;68.25770593765162
26;2025-07-29;6;503.14767372549375
26;2025-07-29;7;1007.1826054715505
26;2025-07-29;8;1965.389380674152
26;2025-07-29;9;1390.2705313112447
26;2025-07-29;10;1158.832699317385
26;2025-07-29;11;1043.3248968793075
26;2025-07-29;12;1089.012261244366
26;2025-07-29;13;1130.494723744779
26;2025-07-29;14;1139.4550028914068
26;2025-07-29;15;1166.9364050103761
26;2025-07-29;16;1375.4103549558845
26;2025-07-29;17;1567.474393425723
26;2025-07-29;18;1719.635847861562
26;2025-07-29;19;1299.637176210299
26;2025-07-29;20;858.9495212440363
26;2025-07-29;21;536.6088233084872
26;2025-07-29;22;315.3299892414532
26;2025-07-29;23;150.1095955076589
26;2025-07-30;0;37.271179226413125
26;2025-07-30;1;0.0
26;2025-07-30;2;0.0
26;2025-07-30;3;0.0
26;2025-07-30;4;0.0
26;2025-07-30;5;66.74190587340811
26;2025-07-30;6;493.8099022424607
26;2025-07-30;7;978.4021055755584
26;2025-07-30;8;1934.8137274007552
26;2025-07-30;9;1405.1594562655262
26;2025-07-30;10;1188.0481512315978
26;2025-07-30;11;1061.8481517618227
26;2025-07-30;12;1103.1535658265955
26;2025-07-30;13;1137.7417557104955
26;2025-07-30;14;1168.6688887251385
26;2025-07-30;15;1193.7719723203713
26;2025-07-30;16;1374.9059319215112
26;2025-07-30;17;1538.2279182054099
26;2025-07-30;18;1714.9564663251017
26;2025-07-30;19;1288.8873954002443
26;2025-07-30;20;868.7142984240786
26;2025-07-30;21;557.8589166848258
26;2025-07-30;22;334.4351164379009
26;2025-07-30;23;163.78467820856798
26;2025-07-31;0;40.63819467419178
26;2025-07-31;1;0.0
26;2025-07-31;2;0.0
26;2025-07-31;3;0.0
26;2025-07-31;4;0.0
26;2025-07-31;5;65.26642112419478
26;2025-07-31;6;502.56616458565503
26;2025-07-31;7;999.5955687482519
26;2025-07-31;8;1935.0007882599675
26;2025-07-31;9;1371.483357547384
26;2025-07-31;10;1150.8814793841684
26;2025-07-31;11;1083.8229955406782
26;2025-07-31;12;1086.2614752824813
26;2025-07-31;13;1104.9487509672333
26;2025-07-31;14;1113.310548042843
26;2025-07-31;15;1187.805875556086
26;2025-07-31;16;1397.0213726714842
26;2025-07-31;17;1566.3847104781184
26;2025-07-31;18;1770.2580693454117
26;2025-07-31;19;1300.6933243247968
26;2025-07-31;20;867.4582871015584
26;2025-07-31;21;573.6063383286586
26;2025-07-31;22;333.659547387745
26;2025-07-31;23;173.5636164660006
28;2025-06-01;0;7.36048282232281
28;2025-06-01;1;0.0
28;2025-06-01;2;0.0
28;2025-06-01;3;0.0
28;2025-06-01;4;0.0
28;2025-06-01;5;25.08614364795155
28;2025-06-01;6;90.54163461351266
28;2025-06-01;7;153.1528542810214
28;2025-06-01;8;250.0382972734441
28;2025-06-01;9;345.2478933349827
28;2025-06-01;10;368.1298251438209
28;2025-06-01;11;389.920280860968
28;2025-06-01;12;428.59410407107816
28;2025-06-01;13;468.85138452148976
28;2025-06-01;14;461.6718130029884
28;2025-06-01;15;435.9518567463209
28;2025-06-01;16;421.1142034344092
28;2025-06-01;17;409.73539617954884
28;2025-06-01;18;386.6524862404823
28;2025-06-01;19;362.3514544311631
28;2025-06-01;20;331.90192798133467
28;2025-06-01;21;263.13391481048006
28;2025-06-01;22;133.14875384584178
28;2025-06-01;23;27.31675631016609
28;2025-06-02;0;2.775119122422228
28;2025-06-02;1;0.0
28;2025-06-02;2;0.0
28;2025-06-02;3;0.0
28;2025-06-02;4;0.0
28;2025-06-02;5;59.75792333403177
28;2025-06-02;6;276.36799163052183
28;2025-06-02;7;742.3156855948787
28;2025-06-02;8;1136.0892969355398
28;2025-06-02;9;831.3077227614075
28;2025-06-02;10;607.4049550878796
28;2025-06-02;11;586.5019852476985
28;2025-06-02;12;659.835922415985
28;2025-06-02;13;699.8556044394143
28;2025-06-02;14;624.6914809633192
28;2025-06-02;15;637.7537050870039
28;2025-06-02;16;784.8582557786362
28;2025-06-02;17;873.050374555363
28;2025-06-02;18;899.1822677123664
28;2025-06-02;19;728.6885887195956
28;2025-06-02;20;539.8656384111357
28;2025-06-02;21;332.9146555537469
28;2025-06-02;22;150.78450038853947
28;2025-06-02;23;19.870054141114732
28;2025-06-03;0;3.104302002727386
28;2025-06-03;1;0.0
28;2025-06-03;2;0.0
28;2025-06-03;3;0.0
28;2025-06-03;4;0.0
28;2025-06-03;5;58.20775878282082
28;2025-06-03;6;274.48182517214536
28;2025-06-03;7;743.6655135019391
28;2025-06-03;8;1121.2574228696883
28;2025-06-03;9;870.0485717407273
28;2025-06-03;10;679.7019163473466
28;2025-06-03;11;617.841939433047
28;2025-06-03;12;699.4540906171776
28;2025-06-03;13;736.0337968212307
28;2025-06-03;14;660.9516036792969
28;2025-06-03;15;645.5511198173931
28;2025-06-03;16;766.22172828316
28;2025-06-03;17;880.4463005260974
28;2025-06-03;18;889.1075269208663
28;2025-06-03;19;733.7903302254795
28;2025-06-03;20;570.2638285607424
28;2025-06-03;21;359.21150411636415
28;2025-06-03;22;159.5299466633536
28;2025-06-03;23;25.82220120936014
28;2025-06-04;0;2.812045979127407
28;2025-06-04;1;0.0
28;2025-06-04;2;0.0
28;2025-06-04;3;0.0
28;2025-06-04;4;0.0
28;2025-06-04;5;65.6158267109676
28;2025-06-04;6;276.8644797935358
28;2025-06-04;7;751.5125746052247
28;2025-06-04;8;1163.691016129119
28;2025-06-04;9;864.220697309212
28;2025-06-04;10;661.5895016199461
28;2025-06-04;11;657.4100368634984
28;2025-06-04;12;722.9024299846872
28;2025-06-04;13;744.101414773555
28;2025-06-04;14;667.7887478327868
28;2025-06-04;15;697.4500735848226
28;2025-06-04;16;811.162530228808
28;2025-06-04;17;902.566957457659
28;2025-06-04;18;909.256875421034
28;2025-06-04;19;742.3229209774161
28;2025-06-04;20;570.5354751887897
28;2025-06-04;21;379.0350398377827
28;2025-06-04;22;181.90394419419908
28;2025-06-04;23;23.808152238167956
28;2025-06-05;0;3.366357741928037
28;2025-06-05;1;0.0
28;2025-06-05;2;0.0
28;2025-06-05;3;0.0
28;2025-06-05;4;0.0
28;2025-06-05;5;64.29113878395125
28;2025-06-05;6;279.25313992006494
28;2025-06-05;7;746.6251147932029
28;2025-06-05;8;1170.9368395306215
28;2025-06-05;9;880.3855112097294
28;2025-06-05;10;672.6611483897457
28;2025-06-05;11;638.0288720030503
28;2025-06-05;12;724.2542580203677
28;2025-06-05;13;731.5261693823695
28;2025-06-05;14;673.1874178659339
28;2025-06-05;15;673.0878225432356
28;2025-06-05;16;796.3886457198294
28;2025-06-05;17;918.3617865977201
28;2025-06-05;18;929.4138122071688
28;2025-06-05;19;750.8437394364528
28;2025-06-05;20;582.2516500348056
28;2025-06-05;21;385.27337769340113
28;2025-06-05;22;178.96929223605065
28;2025-06-05;23;25.78429767561674
28;2025-06-06;0;4.488855092080986
28;2025-06-06;1;0.0
28;2025-06-06;2;0.0
28;2025-06-06;3;0.0
28;2025-06-06;4;0.0
28;2025-06-06;5;57.307960780482475
28;2025-06-06;6;264.6895593004185
28;2025-06-06;7;723.1664080680195
28;2025-06-06;8;1109.191817972861
28;2025-06-06;9;845.5372421996344
28;2025-06-06;10;641.1673336309473
28;2025-06-06;11;628.7971827586495
28;2025-06-06;12;703.4176613530865
28;2025-06-06;13;696.4201487862986
28;2025-06-06;14;675.4828645338293
28;2025-06-06;15;707.791193010547
28;2025-06-06;16;828.6907343907042
28;2025-06-06;17;928.4418948373184
28;2025-06-06;18;802.2808746592708
28;2025-06-06;19;655.5228314739849
28;2025-06-06;20;534.7591741149641
28;2025-06-06;21;356.2905484268816
28;2025-06-06;22;177.89373313462124
28;2025-06-06;23;28.95735008763151
28;2025-06-07;0;3.626820758761275
28;2025-06-07;1;0.0
28;2025-06-07;2;0.0
28;2025-06-07;3;0.0
28;2025-06-07;4;0.0
28;2025-06-07;5;30.079079778714103
28;2025-06-07;6;117.14788556186835
28;2025-06-07;7;214.61545337827755
28;2025-06-07;8;365.69037378867006
28;2025-06-07;9;446.46616904345603
28;2025-06-07;10;450.2673112923221
28;2025-06-07;11;469.5670651584031
28;2025-06-07;12;516.7806570951359
28;2025-06-07;13;529.0170074539512
28;2025-06-07;14;526.2425888708703
28;2025-06-07;15;497.20667333022845
28;2025-06-07;16;474.37839062618167
28;2025-06-07;17;495.8483159969056
28;2025-06-07;18;453.94862030239744
28;2025-06-07;19;437.689092235645
28;2025-06-07;20;375.00859607242035
28;2025-06-07;21;306.08684269604606
28;2025-06-07;22;162.0551473835556
28;2025-06-07;23;38.496128134766856
28;2025-06-08;0;7.175225166523908
28;2025-06-08;1;0.0
28;2025-06-08;2;0.0
28;2025-06-08;3;0.0
28;2025-06-08;4;0.0
28;2025-06-08;5;25.01916145061478
28;2025-06-08;6;94.64292614916276
28;2025-06-08;7;162.5781846916207
28;2025-06-08;8;249.0291547409104
28;2025-06-08;9;335.70470986578914
28;2025-06-08;10;353.42329135463876
28;2025-06-08;11;375.1288116738168
28;2025-06-08;12;410.100213036984
28;2025-06-08;13;446.30312735951406
28;2025-06-08;14;440.1836168948555
28;2025-06-08;15;410.2348145276148
28;2025-06-08;16;406.9804612602263
28;2025-06-08;17;393.8889059439059
28;2025-06-08;18;372.4471009400254
28;2025-06-08;19;349.84872353887374
28;2025-06-08;20;322.1185772798841
28;2025-06-08;21;256.14580158971046
28;2025-06-08;22;130.10031691129223
28;2025-06-08;23;26.427823751116797
28;2025-06-09;0;3.724878561380913
28;2025-06-09;1;0.0
28;2025-06-09;2;0.0
28;2025-06-09;3;0.0
28;2025-06-09;4;0.0
28;2025-06-09;5;59.58928449149654
28;2025-06-09;6;273.05903586400166
28;2025-06-09;7;729.5716250121448
28;2025-06-09;8;1120.5722317171503
28;2025-06-09;9;821.2619239886733
28;2025-06-09;10;599.9915816662603
28;2025-06-09;11;575.5944188088273
28;2025-06-09;12;648.3882754895697
28;2025-06-09;13;689.0306369977025
28;2025-06-09;14;609.9602564829647
28;2025-06-09;15;618.3811607979477
28;2025-06-09;16;761.4797182957295
28;2025-06-09;17;860.3923080165437
28;2025-06-09;18;882.9696884437792
28;2025-06-09;19;721.6526608915306
28;2025-06-09;20;540.4422562986157
28;2025-06-09;21;334.7316265471146
28;2025-06-09;22;152.42365469583558
28;2025-06-09;23;23.28688564921996
28;2025-06-10;0;2.1157131620215788
28;2025-06-10;1;0.0
28;2025-06-10;2;0.0
28;2025-06-10;3;0.0
28;2025-06-10;4;0.0
28;2025-06-10;5;58.198030543559426
28;2025-06-10;6;275.2929861661804
28;2025-06-10;7;750.3360309775576
28;2025-06-10;8;1129.1811081355208
28;2025-06-10;9;873.9973419517905
28;2025-06-10;10;679.1582271927495
28;2025-06-10;11;621.297455182844
28;2025-06-10;12;701.9100087367365
28;2025-06-10;13;740.2061317586237
28;2025-06-10;14;671.5413953988732
28;2025-06-10;15;659.1253732456796
28;2025-06-10;16;788.4421790797571
28;2025-06-10;17;890.9357345883932
28;2025-06-10;18;899.3549496832607
28;2025-06-10;19;735.4484781081858
28;2025-06-10;20;564.2325756351347
28;2025-06-10;21;354.45244214048984
28;2025-06-10;22;157.5723361889926
28;2025-06-10;23;23.891334601657583
28;2025-06-11;0;2.74874735616201
28;2025-06-11;1;0.0
28;2025-06-11;2;0.0
28;2025-06-11;3;0.0
28;2025-06-11;4;0.0
28;2025-06-11;5;64.7516924907177
28;2025-06-11;6;274.1438526071556
28;2025-06-11;7;741.9938936809717
28;2025-06-11;8;1148.3296978270014
28;2025-06-11;9;854.9939483561734
28;2025-06-11;10;652.6849476810978
28;2025-06-11;11;649.1432553301968
28;2025-06-11;12;716.2543869855726
28;2025-06-11;13;740.0313973712541
28;2025-06-11;14;664.5517395053511
28;2025-06-11;15;692.9303238142552
28;2025-06-11;16;796.6860608761535
28;2025-06-11;17;887.6069901421532
28;2025-06-11;18;890.6878855079449
28;2025-06-11;19;729.3404526736649
28;2025-06-11;20;564.0324788978091
28;2025-06-11;21;376.01634013257967
28;2025-06-11;22;180.66070989770466
28;2025-06-11;23;23.45248125180428
28;2025-06-12;0;4.973468274236579
28;2025-06-12;1;0.0
28;2025-06-12;2;0.0
28;2025-06-12;3;0.0
28;2025-06-12;4;0.0
28;2025-06-12;5;25.472114034287163
28;2025-06-12;6;90.65765572959232
28;2025-06-12;7;161.1005223386855
28;2025-06-12;8;259.7596462058425
28;2025-06-12;9;342.0039491994944
28;2025-06-12;10;354.1349944131518
28;2025-06-12;11;374.7716417635535
28;2025-06-12;12;430.3856055783956
28;2025-06-12;13;459.2239875470427
28;2025-06-12;14;455.11053287540693
28;2025-06-12;15;432.19760847212376
28;2025-06-12;16;411.62226465199296
28;2025-06-12;17;419.2017783423233
28;2025-06-12;18;392.72573333067885
28;2025-06-12;19;375.10176014797014
28;2025-06-12;20;329.5537733988185
28;2025-06-12;21;267.97553575993334
28;2025-06-12;22;142.37980252236073
28;2025-06-12;23;32.89301365557381
28;2025-06-13;0;4.68479412167169
28;2025-06-13;1;0.0
28;2025-06-13;2;0.0
28;2025-06-13;3;0.0
28;2025-06-13;4;0.0
28;2025-06-13;5;25.398294493581552
28;2025-06-13;6;95.52921121371799
28;2025-06-13;7;171.03097814425115
28;2025-06-13;8;257.1979694215505
28;2025-06-13;9;329.343983115706
28;2025-06-13;10;332.66666519113573
28;2025-06-13;11;352.83504120205026
28;2025-06-13;12;402.47051816906037
28;2025-06-13;13;430.77811177678484
28;2025-06-13;14;427.72132167883035
28;2025-06-13;15;404.7481136688681
28;2025-06-13;16;389.05971531129467
28;2025-06-13;17;389.84963721518363
28;2025-06-13;18;366.4188754327776
28;2025-06-13;19;352.06064643911157
28;2025-06-13;20;309.6233903799582
28;2025-06-13;21;251.33895262304014
28;2025-06-13;22;133.6950116699999
28;2025-06-13;23;30.525696523369703
28;2025-06-14;0;3.314372758308996
28;2025-06-14;1;0.0
28;2025-06-14;2;0.0
28;2025-06-14;3;0.0
28;2025-06-14;4;0.0
28;2025-06-14;5;29.69386517409296
28;2025-06-14;6;116.13455343371837
28;2025-06-14;7;211.28520905431185
28;2025-06-14;8;354.49337739512595
28;2025-06-14;9;435.34332436322296
28;2025-06-14;10;438.67570131947423
28;2025-06-14;11;461.43298382753886
28;2025-06-14;12;507.9035618558744
28;2025-06-14;13;520.0070384618892
28;2025-06-14;14;516.9033108751934
28;2025-06-14;15;493.08664609988637
28;2025-06-14;16;464.00150039789037
28;2025-06-14;17;480.0559819693376
28;2025-06-14;18;435.2641430343138
28;2025-06-14;19;419.83307499300577
28;2025-06-14;20;358.43703814225387
28;2025-06-14;21;290.9100507971654
28;2025-06-14;22;154.30202895444148
28;2025-06-14;23;34.29683880923726
28;2025-06-15;0;6.929458135224902
28;2025-06-15;1;0.0
28;2025-06-15;2;0.0
28;2025-06-15;3;0.0
28;2025-06-15;4;0.0
28;2025-06-15;5;24.519903432312343
28;2025-06-15;6;93.43437431215503
28;2025-06-15;7;160.1814878283353
28;2025-06-15;8;242.61521596316305
28;2025-06-15;9;328.6985405481295
28;2025-06-15;10;347.632937003453
28;2025-06-15;11;371.3251509508258
28;2025-06-15;12;406.6886786873718
28;2025-06-15;13;442.9900203876156
28;2025-06-15;14;436.92509881012734
28;2025-06-15;15;410.356029055213
28;2025-06-15;16;401.3563492655569
28;2025-06-15;17;383.9855003173178
28;2025-06-15;18;360.6850228674664
28;2025-06-15;19;338.2660492010582
28;2025-06-15;20;311.95198582808416
28;2025-06-15;21;247.39524490468347
28;2025-06-15;22;125.28237560733204
28;2025-06-15;23;23.462109436020754
28;2025-06-16;0;3.5844282064443513
28;2025-06-16;1;0.0
28;2025-06-16;2;0.0
28;2025-06-16;3;0.0
28;2025-06-16;4;0.0
28;2025-06-16;5;59.730931526682625
28;2025-06-16;6;273.08368503578515
28;2025-06-16;7;732.115652927499
28;2025-06-16;8;1126.458183683657
28;2025-06-16;9;824.3859864152853
28;2025-06-16;10;601.9947645141217
28;2025-06-16;11;580.4528063259926
28;2025-06-16;12;653.6503521908471
28;2025-06-16;13;696.360511005136
28;2025-06-16;14;616.8282102013077
28;2025-06-16;15;630.3757583067475
28;2025-06-16;16;771.816749013645
28;2025-06-16;17;864.5398473974799
28;2025-06-16;18;886.7254083963966
28;2025-06-16;19;724.9557034974914
28;2025-06-16;20;542.2120944615685
28;2025-06-16;21;335.9494234661006
28;2025-06-16;22;152.32840074405937
28;2025-06-16;23;22.747860890353877
28;2025-06-17;0;2.533091809233858
28;2025-06-17;1;0.0
28;2025-06-17;2;0.0
28;2025-06-17;3;0.0
28;2025-06-17;4;0.0
28;2025-06-17;5;56.90244544466047
28;2025-06-17;6;266.6468633197069
28;2025-06-17;7;712.5228506607092
28;2025-06-17;8;1062.3705219721105
28;2025-06-17;9;831.8561337857564
28;2025-06-17;10;640.1536315389133
28;2025-06-17;11;580.0492747229841
28;2025-06-17;12;652.8579951824213
28;2025-06-17;13;686.1372040443699
28;2025-06-17;14;615.7324379572528
28;2025-06-17;15;601.7139911591194
28;2025-06-17;16;721.1726279331492
28;2025-06-17;17;828.4604746289604
28;2025-06-17;18;847.3925348669123
28;2025-06-17;19;693.475261025301
28;2025-06-17;20;538.2404903582192
28;2025-06-17;21;339.73173732933964
28;2025-06-17;22;150.05377607072768
28;2025-06-17;23;24.387068841546892
28;2025-06-18;0;2.920211366885905
28;2025-06-18;1;0.0
28;2025-06-18;2;0.0
28;2025-06-18;3;0.0
28;2025-06-18;4;0.0
28;2025-06-18;5;63.549476511312484
28;2025-06-18;6;266.3329846059929
28;2025-06-18;7;713.309344516493
28;2025-06-18;8;1096.0800821091805
28;2025-06-18;9;818.8957086254734
28;2025-06-18;10;620.9778538689397
28;2025-06-18;11;615.3709559661363
28;2025-06-18;12;675.7998692835151
28;2025-06-18;13;696.8873939777948
28;2025-06-18;14;621.6416973384939
28;2025-06-18;15;647.4885247346489
28;2025-06-18;16;749.9659424110907
28;2025-06-18;17;843.2150533859619
28;2025-06-18;18;854.3685983426149
28;2025-06-18;19;699.9984767149421
28;2025-06-18;20;542.2670423462193
28;2025-06-18;21;361.34814903920403
28;2025-06-18;22;172.9801466942576
28;2025-06-18;23;23.75567802108992
28;2025-06-19;0;2.438094915747378
28;2025-06-19;1;0.0
28;2025-06-19;2;0.0
28;2025-06-19;3;0.0
28;2025-06-19;4;0.0
28;2025-06-19;5;60.7700479724825
28;2025-06-19;6;266.30119249820257
28;2025-06-19;7;711.4269055203417
28;2025-06-19;8;1115.686635932592
28;2025-06-19;9;842.7163022640248
28;2025-06-19;10;640.0944716437964
28;2025-06-19;11;608.4984312453074
28;2025-06-19;12;694.4396233673933
28;2025-06-19;13;706.4382979573556
28;2025-06-19;14;649.1034656509942
28;2025-06-19;15;647.2818550543043
28;2025-06-19;16;756.7042284574159
28;2025-06-19;17;873.0953091186304
28;2025-06-19;18;883.5696389731113
28;2025-06-19;19;713.2279501307293
28;2025-06-19;20;553.2942204212102
28;2025-06-19;21;365.77330286249264
28;2025-06-19;22;168.83322338987665
28;2025-06-19;23;24.114008698340534
28;2025-06-20;0;3.4645280084600456
28;2025-06-20;1;0.0
28;2025-06-20;2;0.0
28;2025-06-20;3;0.0
28;2025-06-20;4;0.0
28;2025-06-20;5;55.21782896198005
28;2025-06-20;6;253.8393086375683
28;2025-06-20;7;692.1127246043328
28;2025-06-20;8;1055.5075098030732
28;2025-06-20;9;804.558258858844
28;2025-06-20;10;606.8788871102904
28;2025-06-20;11;599.6876420214455
28;2025-06-20;12;671.441065719931
28;2025-06-20;13;667.4956839851432
28;2025-06-20;14;648.2179258273209
28;2025-06-20;15;678.5223070754569
28;2025-06-20;16;787.9321273168763
28;2025-06-20;17;875.5577396650183
28;2025-06-20;18;753.3648174416278
28;2025-06-20;19;613.1709284970341
28;2025-06-20;20;503.10460170743943
28;2025-06-20;21;334.18543143527495
28;2025-06-20;22;166.6134732515565
28;2025-06-20;23;23.71036904573689
28;2025-06-21;0;3.5212508826627356
28;2025-06-21;1;0.0
28;2025-06-21;2;0.0
28;2025-06-21;3;0.0
28;2025-06-21;4;0.0
28;2025-06-21;5;29.635079414390507
28;2025-06-21;6;113.94144896814153
28;2025-06-21;7;212.33176186907275
28;2025-06-21;8;368.14644285206083
28;2025-06-21;9;449.01231477296506
28;2025-06-21;10;454.06259202689023
28;2025-06-21;11;476.3823228253551
28;2025-06-21;12;527.0901070534098
28;2025-06-21;13;545.9773387077516
28;2025-06-21;14;540.6919838256447
28;2025-06-21;15;517.1906793369158
28;2025-06-21;16;481.62829455081265
28;2025-06-21;17;503.16273627144244
28;2025-06-21;18;453.2722211266383
28;2025-06-21;19;437.57957440511353
28;2025-06-21;20;377.50144860273394
28;2025-06-21;21;307.88384624647244
28;2025-06-21;22;163.0921686687422
28;2025-06-21;23;36.53650325800082
28;2025-06-22;0;6.875353563049865
28;2025-06-22;1;0.0
28;2025-06-22;2;0.0
28;2025-06-22;3;0.0
28;2025-06-22;4;0.0
28;2025-06-22;5;24.355439218042694
28;2025-06-22;6;93.02814960180797
28;2025-06-22;7;159.89837592135103
28;2025-06-22;8;242.34797406275632
28;2025-06-22;9;328.9158136368002
28;2025-06-22;10;346.9953819666298
28;2025-06-22;11;370.7380323937059
28;2025-06-22;12;407.90439138927064
28;2025-06-22;13;446.930701888102
28;2025-06-22;14;440.27244049063165
28;2025-06-22;15;414.5788274776637
28;2025-06-22;16;402.4982386994109
28;2025-06-22;17;385.73662013432784
28;2025-06-22;18;361.624989824013
28;2025-06-22;19;338.01648108641984
28;2025-06-22;20;310.92283728583425
28;2025-06-22;21;246.88387445759628
28;2025-06-22;22;125.4489200857659
28;2025-06-22;23;23.142062736333262
28;2025-06-23;0;2.75680703379186
28;2025-06-23;1;0.0
28;2025-06-23;2;0.0
28;2025-06-23;3;0.0
28;2025-06-23;4;0.0
28;2025-06-23;5;59.2739278621267
28;2025-06-23;6;272.14038510262117
28;2025-06-23;7;731.5175336665484
28;2025-06-23;8;1121.440378738498
28;2025-06-23;9;819.6253081808385
28;2025-06-23;10;596.4389864225338
28;2025-06-23;11;577.9894672514828
28;2025-06-23;12;650.303346931341
28;2025-06-23;13;693.2945888771014
28;2025-06-23;14;619.0810436361139
28;2025-06-23;15;634.5289045630391
28;2025-06-23;16;777.2544599290461
28;2025-06-23;17;862.4761748379291
28;2025-06-23;18;887.0720143057983
28;2025-06-23;19;720.5178964886718
28;2025-06-23;20;537.2950602194337
28;2025-06-23;21;332.557121690633
28;2025-06-23;22;150.91995983163054
28;2025-06-23;23;19.891316517790024
28;2025-06-24;0;2.16128834363528
28;2025-06-24;1;0.0
28;2025-06-24;2;0.0
28;2025-06-24;3;0.0
28;2025-06-24;4;0.0
28;2025-06-24;5;57.22939291328865
28;2025-06-24;6;268.74385405875364
28;2025-06-24;7;729.2250670666413
28;2025-06-24;8;1097.7317481742853
28;2025-06-24;9;852.3671794140918
28;2025-06-24;10;659.2472603877665
28;2025-06-24;11;603.2401572054412
28;2025-06-24;12;683.9438937276054
28;2025-06-24;13;724.2214562038355
28;2025-06-24;14;652.9532091506744
28;2025-06-24;15;640.3372616550486
28;2025-06-24;16;757.9013375197549
28;2025-06-24;17;864.0485496315735
28;2025-06-24;18;873.9752505087456
28;2025-06-24;19;717.8306548932728
28;2025-06-24;20;554.0857276705848
28;2025-06-24;21;349.1819370321679
28;2025-06-24;22;154.65619012336083
28;2025-06-24;23;24.12463351519807
28;2025-06-25;0;2.592922839390101
28;2025-06-25;1;0.0
28;2025-06-25;2;0.0
28;2025-06-25;3;0.0
28;2025-06-25;4;0.0
28;2025-06-25;5;63.16801598804419
28;2025-06-25;6;263.9690569100429
28;2025-06-25;7;717.560036726738
28;2025-06-25;8;1115.926365763274
28;2025-06-25;9;824.893120179936
28;2025-06-25;10;630.0425866558608
28;2025-06-25;11;626.9151280922445
28;2025-06-25;12;693.3748571969905
28;2025-06-25;13;719.0843769406225
28;2025-06-25;14;644.1974757477715
28;2025-06-25;15;673.6253462476784
28;2025-06-25;16;773.479904045756
28;2025-06-25;17;866.877845318679
28;2025-06-25;18;864.5199445816932
28;2025-06-25;19;708.4978922932714
28;2025-06-25;20;548.7597467024686
28;2025-06-25;21;366.73388078981077
28;2025-06-25;22;175.74142710814073
28;2025-06-25;23;22.91152640800978
28;2025-06-26;0;2.7709489019001436
28;2025-06-26;1;0.0
28;2025-06-26;2;0.0
28;2025-06-26;3;0.0
28;2025-06-26;4;0.0
28;2025-06-26;5;61.990988554393226
28;2025-06-26;6;268.00161227141257
28;2025-06-26;7;705.9590975052615
28;2025-06-26;8;1096.2002740683065
28;2025-06-26;9;832.686937669989
28;2025-06-26;10;628.8993184458113
28;2025-06-26;11;593.9632196540426
28;2025-06-26;12;675.6529168551126
28;2025-06-26;13;686.667468152317
28;2025-06-26;14;628.8807679128374
28;2025-06-26;15;626.6584085398929
28;2025-06-26;16;734.7314404145861
28;2025-06-26;17;856.5864934031395
28;2025-06-26;18;874.8910769379811
28;2025-06-26;19;708.98024567481
28;2025-06-26;20;551.7038701053789
28;2025-06-26;21;365.40163929772075
28;2025-06-26;22;169.85277801408358
28;2025-06-26;23;25.318209140447983
28;2025-06-27;0;3.5744962193755634
28;2025-06-27;1;0.0
28;2025-06-27;2;0.0
28;2025-06-27;3;0.0
28;2025-06-27;4;0.0
28;2025-06-27;5;56.15697806682898
28;2025-06-27;6;255.13210711981375
28;2025-06-27;7;700.3263399270108
28;2025-06-27;8;1073.8854618738283
28;2025-06-27;9;817.7629138457417
28;2025-06-27;10;621.3200384899378
28;2025-06-27;11;617.1667240284238
28;2025-06-27;12;690.6413013167402
28;2025-06-27;13;684.6682356744517
28;2025-06-27;14;667.9821180600361
28;2025-06-27;15;701.769601833276
28;2025-06-27;16;815.3531685379614
28;2025-06-27;17;900.612414868637
28;2025-06-27;18;773.385036994277
28;2025-06-27;19;629.2218895108597
28;2025-06-27;20;520.22970667606
28;2025-06-27;21;346.9389041671069
28;2025-06-27;22;173.13708787267336
28;2025-06-27;23;24.446386854141863
28;2025-06-28;0;3.5681477336826237
28;2025-06-28;1;0.0
28;2025-06-28;2;0.0
28;2025-06-28;3;0.0
28;2025-06-28;4;0.0
28;2025-06-28;5;30.110957580230952
28;2025-06-28;6;115.12179024771308
28;2025-06-28;7;213.96476976222135
28;2025-06-28;8;371.11976961059213
28;2025-06-28;9;448.6480474509963
28;2025-06-28;10;453.2853177956188
28;2025-06-28;11;478.9965639592616
28;2025-06-28;12;530.733432157031
28;2025-06-28;13;549.145652203614
28;2025-06-28;14;545.6890661492292
28;2025-06-28;15;524.7842122845552
28;2025-06-28;16;492.7933813084449
28;2025-06-28;17;514.351372505188
28;2025-06-28;18;464.73988283582776
28;2025-06-28;19;447.2591560157032
28;2025-06-28;20;383.87669891364686
28;2025-06-28;21;313.8288979083626
28;2025-06-28;22;166.5563483539632
28;2025-06-28;23;39.61633037811406
28;2025-06-29;0;7.02584485183327
28;2025-06-29;1;0.0
28;2025-06-29;2;0.0
28;2025-06-29;3;0.0
28;2025-06-29;4;0.0
28;2025-06-29;5;24.645901062192863
28;2025-06-29;6;92.74832381621303
28;2025-06-29;7;158.11530490805686
28;2025-06-29;8;239.06774624798197
28;2025-06-29;9;324.82164911452344
28;2025-06-29;10;341.33294895177653
28;2025-06-29;11;367.10676468994444
28;2025-06-29;12;404.0550499465895
28;2025-06-29;13;442.06707432781013
28;2025-06-29;14;434.87355919705703
28;2025-06-29;15;409.1617095747968
28;2025-06-29;16;399.1928998368885
28;2025-06-29;17;383.8162824940183
28;2025-06-29;18;362.5694925263607
28;2025-06-29;19;339.819225262416
28;2025-06-29;20;313.9378641018816
28;2025-06-29;21;249.83200528355206
28;2025-06-29;22;127.33636365385748
28;2025-06-29;23;25.760894708967797
28;2025-06-30;0;2.7077114233899455
28;2025-06-30;1;0.0
28;2025-06-30;2;0.0
28;2025-06-30;3;0.0
28;2025-06-30;4;0.0
28;2025-06-30;5;56.81077708778634
28;2025-06-30;6;260.2107302229381
28;2025-06-30;7;685.3536936101631
28;2025-06-30;8;1044.3028115357806
28;2025-06-30;9;774.1403930220761
28;2025-06-30;10;557.4482379142707
28;2025-06-30;11;535.191335583113
28;2025-06-30;12;601.3734184828695
28;2025-06-30;13;641.2536458490963
28;2025-06-30;14;569.2489323270959
28;2025-06-30;15;580.6804076805195
28;2025-06-30;16;708.6372919922512
28;2025-06-30;17;793.6857141524958
28;2025-06-30;18;824.7440145485618
28;2025-06-30;19;671.8999472992914
28;2025-06-30;20;500.3881034647916
28;2025-06-30;21;309.4164497138711
28;2025-06-30;22;140.85428414997983
28;2025-06-30;23;18.920045748670034
28;2025-07-01;0;2.224349832465922
28;2025-07-01;1;0.0
28;2025-07-01;2;0.0
28;2025-07-01;3;0.0
28;2025-07-01;4;0.0
28;2025-07-01;5;56.01703488078171
28;2025-07-01;6;260.69657981864873
28;2025-07-01;7;696.3985774995591
28;2025-07-01;8;1041.2128169562943
28;2025-07-01;9;811.7787218781018
28;2025-07-01;10;620.9477776961794
28;2025-07-01;11;563.8656812073899
28;2025-07-01;12;638.0406241563177
28;2025-07-01;13;684.196110518163
28;2025-07-01;14;618.4989199523441
28;2025-07-01;15;606.0797993525591
28;2025-07-01;16;720.6528057342957
28;2025-07-01;17;820.3498211877275
28;2025-07-01;18;840.572404414244
28;2025-07-01;19;689.1722530036126
28;2025-07-01;20;528.5813323269197
28;2025-07-01;21;333.1221358706848
28;2025-07-01;22;149.77365767078945
28;2025-07-01;23;24.27372522490462
28;2025-07-02;0;2.6471113861241498
28;2025-07-02;1;0.0
28;2025-07-02;2;0.0
28;2025-07-02;3;0.0
28;2025-07-02;4;0.0
28;2025-07-02;5;63.331013966927685
28;2025-07-02;6;262.4440497799019
28;2025-07-02;7;707.2039435631402
28;2025-07-02;8;1098.3598082924755
28;2025-07-02;9;812.0451314950121
28;2025-07-02;10;618.4541462372565
28;2025-07-02;11;616.4191960136086
28;2025-07-02;12;682.8485659960529
28;2025-07-02;13;717.5414551067554
28;2025-07-02;14;649.5058012335209
28;2025-07-02;15;682.3568790860223
28;2025-07-02;16;779.4935355356541
28;2025-07-02;17;869.3385021990692
28;2025-07-02;18;872.6813179973268
28;2025-07-02;19;717.0465366099455
28;2025-07-02;20;554.421618579815
28;2025-07-02;21;372.94706153041284
28;2025-07-02;22;180.3949151067191
28;2025-07-02;23;25.30219183233341
28;2025-07-03;0;3.592435824820023
28;2025-07-03;1;0.0
28;2025-07-03;2;0.0
28;2025-07-03;3;0.0
28;2025-07-03;4;0.0
28;2025-07-03;5;64.30848303551299
28;2025-07-03;6;272.17576764431885
28;2025-07-03;7;720.4213562579391
28;2025-07-03;8;1130.9049497632873
28;2025-07-03;9;849.9618420241243
28;2025-07-03;10;644.8977165959548
28;2025-07-03;11;608.8790732509704
28;2025-07-03;12;694.9606048619885
28;2025-07-03;13;716.9415477370098
28;2025-07-03;14;661.8436843304373
28;2025-07-03;15;667.3575350738141
28;2025-07-03;16;781.3345693783708
28;2025-07-03;17;906.4584693241425
28;2025-07-03;18;920.486297980458
28;2025-07-03;19;752.6125834357524
28;2025-07-03;20;588.2135376707485
28;2025-07-03;21;394.03984095965757
28;2025-07-03;22;187.02177918525487
28;2025-07-03;23;31.117620268500275
28;2025-07-04;0;4.516317946154498
28;2025-07-04;1;0.0
28;2025-07-04;2;0.0
28;2025-07-04;3;0.0
28;2025-07-04;4;0.0
28;2025-07-04;5;56.970731585738285
28;2025-07-04;6;255.22248913274157
28;2025-07-04;7;695.5699156733928
28;2025-07-04;8;1071.1154434189482
28;2025-07-04;9;809.722780072178
28;2025-07-04;10;613.8629278085175
28;2025-07-04;11;604.6266688937962
28;2025-07-04;12;679.312929754617
28;2025-07-04;13;686.864203732444
28;2025-07-04;14;669.746242389331
28;2025-07-04;15;696.5900223719709
28;2025-07-04;16;819.2054959145685
28;2025-07-04;17;922.4584513004818
28;2025-07-04;18;790.7870599211942
28;2025-07-04;19;651.6412497881222
28;2025-07-04;20;537.5506620459316
28;2025-07-04;21;362.5549701080396
28;2025-07-04;22;183.3668803228789
28;2025-07-04;23;31.910266268615544
28;2025-07-05;0;3.5272517976829643
28;2025-07-05;1;0.0
28;2025-07-05;2;0.0
28;2025-07-05;3;0.0
28;2025-07-05;4;0.0
28;2025-07-05;5;29.98074188001239
28;2025-07-05;6;113.22337598844936
28;2025-07-05;7;208.8135261457117
28;2025-07-05;8;364.0650708973203
28;2025-07-05;9;439.536673997192
28;2025-07-05;10;442.22833264623
28;2025-07-05;11;469.6313296719161
28;2025-07-05;12;521.5744087949219
28;2025-07-05;13;547.3997763713655
28;2025-07-05;14;547.3437674330453
28;2025-07-05;15;530.8131861858544
28;2025-07-05;16;498.5010685756705
28;2025-07-05;17;520.0355352528479
28;2025-07-05;18;470.0584670312057
28;2025-07-05;19;451.76877467346344
28;2025-07-05;20;385.3741202676765
28;2025-07-05;21;316.6602799381135
28;2025-07-05;22;168.82461138309662
28;2025-07-05;23;40.96108729646089
28;2025-07-06;0;7.276174358176389
28;2025-07-06;1;0.0
28;2025-07-06;2;0.0
28;2025-07-06;3;0.0
28;2025-07-06;4;0.0
28;2025-07-06;5;24.672346878339596
28;2025-07-06;6;86.8563798467072
28;2025-07-06;7;143.67523191724825
28;2025-07-06;8;233.0177472856392
28;2025-07-06;9;326.23522396726696
28;2025-07-06;10;346.09939481363523
28;2025-07-06;11;373.32336165509935
28;2025-07-06;12;413.5815151871468
28;2025-07-06;13;461.964228541252
28;2025-07-06;14;456.2959806018075
28;2025-07-06;15;434.68990362320994
28;2025-07-06;16;420.81063209263266
28;2025-07-06;17;408.7338469635446
28;2025-07-06;18;385.20748386949197
28;2025-07-06;19;360.31405407218165
28;2025-07-06;20;329.8529353450921
28;2025-07-06;21;264.4480416364898
28;2025-07-06;22;135.19401270145522
28;2025-07-06;23;28.168116015019447
28;2025-07-07;0;3.4761296933147765
28;2025-07-07;1;0.0
28;2025-07-07;2;0.0
28;2025-07-07;3;0.0
28;2025-07-07;4;0.0
28;2025-07-07;5;59.80890531520207
28;2025-07-07;6;268.4546879630142
28;2025-07-07;7;718.6418715052839
28;2025-07-07;8;1109.7617908782918
28;2025-07-07;9;810.4437452205815
28;2025-07-07;10;587.4620139797578
28;2025-07-07;11;567.2882312058675
28;2025-07-07;12;638.4117213601143
28;2025-07-07;13;689.601277789104
28;2025-07-07;14;619.8301830582714
28;2025-07-07;15;636.046160945792
28;2025-07-07;16;783.4863947384545
28;2025-07-07;17;871.4038876420965
28;2025-07-07;18;896.7154473503683
28;2025-07-07;19;730.3502409435658
28;2025-07-07;20;544.7685843848056
28;2025-07-07;21;340.73810166958236
28;2025-07-07;22;156.6667475374493
28;2025-07-07;23;24.262321708780817
28;2025-07-08;0;2.9437626202296716
28;2025-07-08;1;0.0
28;2025-07-08;2;0.0
28;2025-07-08;3;0.0
28;2025-07-08;4;0.0
28;2025-07-08;5;57.52764590245095
28;2025-07-08;6;266.34018296476864
28;2025-07-08;7;718.7881529928195
28;2025-07-08;8;1088.602161649128
28;2025-07-08;9;844.6910297799047
28;2025-07-08;10;647.1180378327426
28;2025-07-08;11;588.9782696454664
28;2025-07-08;12;667.4165671422206
28;2025-07-08;13;716.1981798104246
28;2025-07-08;14;651.0051238000528
28;2025-07-08;15;639.582187081211
28;2025-07-08;16;763.2866477469443
28;2025-07-08;17;872.1839183086955
28;2025-07-08;18;885.6962013528822
28;2025-07-08;19;727.5332682108076
28;2025-07-08;20;562.9132499273906
28;2025-07-08;21;359.08867758067925
28;2025-07-08;22;161.3093105135648
28;2025-07-08;23;28.51276013682042
28;2025-07-09;0;3.635589961029466
28;2025-07-09;1;0.0
28;2025-07-09;2;0.0
28;2025-07-09;3;0.0
28;2025-07-09;4;0.0
28;2025-07-09;5;65.70932827801789
28;2025-07-09;6;269.1419132145859
28;2025-07-09;7;726.1069957649513
28;2025-07-09;8;1132.8552953336066
28;2025-07-09;9;838.6676034518639
28;2025-07-09;10;637.2373571562341
28;2025-07-09;11;632.9596742892902
28;2025-07-09;12;696.2839594274466
28;2025-07-09;13;729.7191036677891
28;2025-07-09;14;662.1115396783621
28;2025-07-09;15;695.5445130719684
28;2025-07-09;16;807.9539125468959
28;2025-07-09;17;898.1808944539735
28;2025-07-09;18;906.7985617420037
28;2025-07-09;19;745.8649919761872
28;2025-07-09;20;578.6422066107547
28;2025-07-09;21;391.46829722283235
28;2025-07-09;22;191.70805434814815
28;2025-07-09;23;28.72575657708544
28;2025-07-10;0;3.494628473352918
28;2025-07-10;1;0.0
28;2025-07-10;2;0.0
28;2025-07-10;3;0.0
28;2025-07-10;4;0.0
28;2025-07-10;5;64.82648213957404
28;2025-07-10;6;274.11921922417866
28;2025-07-10;7;727.8732732320448
28;2025-07-10;8;1146.6217904914274
28;2025-07-10;9;861.3962600295644
28;2025-07-10;10;651.43782872703
28;2025-07-10;11;617.5292444147515
28;2025-07-10;12;702.4680298826477
28;2025-07-10;13;722.5777766482627
28;2025-07-10;14;671.4394445332823
28;2025-07-10;15;673.9309509914085
28;2025-07-10;16;798.565920642716
28;2025-07-10;17;920.0634527475922
28;2025-07-10;18;935.4797031693681
28;2025-07-10;19;760.2094827808465
28;2025-07-10;20;592.3111813197563
28;2025-07-10;21;397.3947703273275
28;2025-07-10;22;188.31067972150427
28;2025-07-10;23;30.534843427177062
28;2025-07-11;0;4.38733802673921
28;2025-07-11;1;0.0
28;2025-07-11;2;0.0
28;2025-07-11;3;0.0
28;2025-07-11;4;0.0
28;2025-07-11;5;57.25342054196793
28;2025-07-11;6;255.28035100216928
28;2025-07-11;7;697.4179846661641
28;2025-07-11;8;1075.5435829117923
28;2025-07-11;9;816.7932698786622
28;2025-07-11;10;616.8363209583079
28;2025-07-11;11;610.2350673863443
28;2025-07-11;12;682.2479606182592
28;2025-07-11;13;687.1268861179483
28;2025-07-11;14;674.5282815140713
28;2025-07-11;15;703.1012591834585
28;2025-07-11;16;833.5738083962483
28;2025-07-11;17;926.1460348791405
28;2025-07-11;18;798.5442306723763
28;2025-07-11;19;654.0128801566567
28;2025-07-11;20;537.2462082580296
28;2025-07-11;21;362.42523570865933
28;2025-07-11;22;183.46787587591257
28;2025-07-11;23;30.96342511410638
28;2025-07-12;0;3.617724588464395
28;2025-07-12;1;0.0
28;2025-07-12;2;0.0
28;2025-07-12;3;0.0
28;2025-07-12;4;0.0
28;2025-07-12;5;29.85911922290508
28;2025-07-12;6;113.35701179489402
28;2025-07-12;7;207.27668591064764
28;2025-07-12;8;360.30475692798336
28;2025-07-12;9;439.21079700655093
28;2025-07-12;10;438.9157657957797
28;2025-07-12;11;464.74557438828083
28;2025-07-12;12;515.4995892790463
28;2025-07-12;13;540.9748460645807
28;2025-07-12;14;539.4462443122286
28;2025-07-12;15;514.8381702689007
28;2025-07-12;16;490.5413925013911
28;2025-07-12;17;515.898870224387
28;2025-07-12;18;470.0563271442254
28;2025-07-12;19;451.44100382208
28;2025-07-12;20;386.9033027630753
28;2025-07-12;21;320.042674381853
28;2025-07-12;22;171.0735242919269
28;2025-07-12;23;41.15002104831454
28;2025-07-13;0;7.221644212369176
28;2025-07-13;1;0.0
28;2025-07-13;2;0.0
28;2025-07-13;3;0.0
28;2025-07-13;4;0.0
28;2025-07-13;5;25.145152461092934
28;2025-07-13;6;92.23234627096394
28;2025-07-13;7;153.97143630855973
28;2025-07-13;8;228.83025543043925
28;2025-07-13;9;314.86878401538684
28;2025-07-13;10;329.88760419020946
28;2025-07-13;11;355.9588663534762
28;2025-07-13;12;390.31145014160603
28;2025-07-13;13;430.92500120131774
28;2025-07-13;14;427.07425752734594
28;2025-07-13;15;400.93944944308487
28;2025-07-13;16;399.25859262986035
28;2025-07-13;17;384.7949001552743
28;2025-07-13;18;368.91696753415863
28;2025-07-13;19;347.4141706021143
28;2025-07-13;20;319.6107371875893
28;2025-07-13;21;256.1671363004217
28;2025-07-13;22;132.01413050921707
28;2025-07-13;23;27.62542033294791
28;2025-07-14;0;3.728744515880681
28;2025-07-14;1;0.0
28;2025-07-14;2;0.0
28;2025-07-14;3;0.0
28;2025-07-14;4;0.0
28;2025-07-14;5;58.406440773117254
28;2025-07-14;6;261.3842901802276
28;2025-07-14;7;686.1929955456744
28;2025-07-14;8;1050.9854707014579
28;2025-07-14;9;779.0447001579735
28;2025-07-14;10;558.2631476269795
28;2025-07-14;11;534.017857907629
28;2025-07-14;12;598.5190008600271
28;2025-07-14;13;645.1534469611079
28;2025-07-14;14;576.9863776299796
28;2025-07-14;15;590.7959797918292
28;2025-07-14;16;724.814140422696
28;2025-07-14;17;820.859786356377
28;2025-07-14;18;856.399651627542
28;2025-07-14;19;699.2182082726895
28;2025-07-14;20;522.6840964310771
28;2025-07-14;21;328.1093087569268
28;2025-07-14;22;151.55633248685308
28;2025-07-14;23;24.73388904239919
28;2025-07-15;0;3.2122828621313997
28;2025-07-15;1;0.0
28;2025-07-15;2;0.0
28;2025-07-15;3;0.0
28;2025-07-15;4;0.0
28;2025-07-15;5;57.49813374904262
28;2025-07-15;6;263.72832567044304
28;2025-07-15;7;702.1004343924133
28;2025-07-15;8;1053.4686484341787
28;2025-07-15;9;825.0812666308739
28;2025-07-15;10;630.3915428275341
28;2025-07-15;11;571.4231104595062
28;2025-07-15;12;643.2986371095353
28;2025-07-15;13;686.6524267418092
28;2025-07-15;14;623.8754138620507
28;2025-07-15;15;612.2098485011766
28;2025-07-15;16;734.4074089748474
28;2025-07-15;17;842.5716284147904
28;2025-07-15;18;864.25603849544
28;2025-07-15;19;709.6087769894827
28;2025-07-15;20;552.6306597205115
28;2025-07-15;21;352.5930199969757
28;2025-07-15;22;159.4957911113735
28;2025-07-15;23;29.29552065803017
28;2025-07-16;0;3.709853915044488
28;2025-07-16;1;0.0
28;2025-07-16;2;0.0
28;2025-07-16;3;0.0
28;2025-07-16;4;0.0
28;2025-07-16;5;65.26282742394866
28;2025-07-16;6;265.77764491385943
28;2025-07-16;7;714.7272679384598
28;2025-07-16;8;1114.6919669040208
28;2025-07-16;9;827.8571007712314
28;2025-07-16;10;630.8097600837089
28;2025-07-16;11;625.8896100353206
28;2025-07-16;12;690.398299995524
28;2025-07-16;13;725.5817620107409
28;2025-07-16;14;653.9913553719882
28;2025-07-16;15;688.796993968014
28;2025-07-16;16;789.3145992964879
28;2025-07-16;17;890.2931202751554
28;2025-07-16;18;893.9590771095461
28;2025-07-16;19;739.5722013970353
28;2025-07-16;20;577.7300997131255
28;2025-07-16;21;391.56532187428115
28;2025-07-16;22;192.31013554932903
28;2025-07-16;23;29.570942418050443
28;2025-07-17;0;3.3153201077317678
28;2025-07-17;1;0.0
28;2025-07-17;2;0.0
28;2025-07-17;3;0.0
28;2025-07-17;4;0.0
28;2025-07-17;5;62.41731220181887
28;2025-07-17;6;263.8590322993206
28;2025-07-17;7;701.5829343820526
28;2025-07-17;8;1107.6149572522472
28;2025-07-17;9;832.4884470039447
28;2025-07-17;10;631.4451472180003
28;2025-07-17;11;596.5430718299235
28;2025-07-17;12;681.0034330687481
28;2025-07-17;13;703.2970570791296
28;2025-07-17;14;649.9007115438305
28;2025-07-17;15;654.5881861190435
28;2025-07-17;16;766.1083444076437
28;2025-07-17;17;894.9922876386192
28;2025-07-17;18;904.3810627465268
28;2025-07-17;19;734.984955320549
28;2025-07-17;20;574.3569991381698
28;2025-07-17;21;386.32282663935064
28;2025-07-17;22;182.50674124737625
28;2025-07-17;23;29.619366928420572
28;2025-07-18;0;4.420890709703597
28;2025-07-18;1;0.0
28;2025-07-18;2;0.0
28;2025-07-18;3;0.0
28;2025-07-18;4;0.0
28;2025-07-18;5;57.430042266423996
28;2025-07-18;6;254.23350574766016
28;2025-07-18;7;694.0664944141872
28;2025-07-18;8;1068.6158961635174
28;2025-07-18;9;814.4682595597164
28;2025-07-18;10;618.6455627855735
28;2025-07-18;11;611.6341376755272
28;2025-07-18;12;683.2994822980822
28;2025-07-18;13;689.707996681132
28;2025-07-18;14;675.0882890530581
28;2025-07-18;15;703.0960924791859
28;2025-07-18;16;830.4683667334306
28;2025-07-18;17;926.7545365091316
28;2025-07-18;18;796.6649887343715
28;2025-07-18;19;654.2232329930833
28;2025-07-18;20;539.9911251553685
28;2025-07-18;21;364.7707963679626
28;2025-07-18;22;184.7240458870167
28;2025-07-18;23;31.424852431544856
28;2025-07-19;0;3.658881826510276
28;2025-07-19;1;0.0
28;2025-07-19;2;0.0
28;2025-07-19;3;0.0
28;2025-07-19;4;0.0
28;2025-07-19;5;29.619574770691344
28;2025-07-19;6;111.1772788816975
28;2025-07-19;7;202.42448689057127
28;2025-07-19;8;353.76678279386294
28;2025-07-19;9;435.11829794577636
28;2025-07-19;10;434.8324645210955
28;2025-07-19;11;459.90901247748343
28;2025-07-19;12;508.9446163170786
28;2025-07-19;13;534.431710390043
28;2025-07-19;14;532.3200485146076
28;2025-07-19;15;514.898527954541
28;2025-07-19;16;481.846255102843
28;2025-07-19;17;506.7759710121019
28;2025-07-19;18;462.7187334162322
28;2025-07-19;19;446.1057824814488
28;2025-07-19;20;384.3385174636089
28;2025-07-19;21;318.0174173551254
28;2025-07-19;22;170.33140360643637
28;2025-07-19;23;41.21070679094607
28;2025-07-20;0;7.219860358808266
28;2025-07-20;1;0.0
28;2025-07-20;2;0.0
28;2025-07-20;3;0.0
28;2025-07-20;4;0.0
28;2025-07-20;5;24.69613179561462
28;2025-07-20;6;90.75523488240401
28;2025-07-20;7;152.23806310133
28;2025-07-20;8;229.63021619522587
28;2025-07-20;9;315.2662800756947
28;2025-07-20;10;331.6458819734646
28;2025-07-20;11;357.92745686429066
28;2025-07-20;12;392.52708406430986
28;2025-07-20;13;434.12243659186447
28;2025-07-20;14;430.19222000218804
28;2025-07-20;15;408.7388948434356
28;2025-07-20;16;402.88079440976264
28;2025-07-20;17;387.9478768046408
28;2025-07-20;18;370.137089310405
28;2025-07-20;19;347.8897989929935
28;2025-07-20;20;320.69899005095
28;2025-07-20;21;257.52947188872054
28;2025-07-20;22;132.72695908280383
28;2025-07-20;23;27.58430919910976
28;2025-07-21;0;3.546976542102122
28;2025-07-21;1;0.0
28;2025-07-21;2;0.0
28;2025-07-21;3;0.0
28;2025-07-21;4;0.0
28;2025-07-21;5;58.38295218297635
28;2025-07-21;6;255.33699230063618
28;2025-07-21;7;669.7183170981149
28;2025-07-21;8;1028.30449686966
28;2025-07-21;9;761.2980704600313
28;2025-07-21;10;545.1591078210895
28;2025-07-21;11;519.9724315833931
28;2025-07-21;12;582.711868745656
28;2025-07-21;13;629.8646231028392
28;2025-07-21;14;561.6595170084527
28;2025-07-21;15;575.7796653036991
28;2025-07-21;16;706.0348333587433
28;2025-07-21;17;800.8246858956703
28;2025-07-21;18;833.4498767718015
28;2025-07-21;19;679.465176224191
28;2025-07-21;20;508.3496192218616
28;2025-07-21;21;319.5401505024986
28;2025-07-21;22;146.97866827518064
28;2025-07-21;23;23.664392322896028
28;2025-07-22;0;3.071876465684703
28;2025-07-22;1;0.0
28;2025-07-22;2;0.0
28;2025-07-22;3;0.0
28;2025-07-22;4;0.0
28;2025-07-22;5;57.13056531315276
28;2025-07-22;6;261.18971422480877
28;2025-07-22;7;698.278275701881
28;2025-07-22;8;1052.7468123838858
28;2025-07-22;9;822.8652135949638
28;2025-07-22;10;627.7341595555665
28;2025-07-22;11;570.6148463178953
28;2025-07-22;12;642.1143597238606
28;2025-07-22;13;686.3673369104558
28;2025-07-22;14;622.2712516005064
28;2025-07-22;15;611.2568931072482
28;2025-07-22;16;734.4491141843773
28;2025-07-22;17;840.5397492976117
28;2025-07-22;18;860.3872811558639
28;2025-07-22;19;704.9834109665941
28;2025-07-22;20;549.4251942353162
28;2025-07-22;21;350.7967477331199
28;2025-07-22;22;157.93928544219145
28;2025-07-22;23;28.742354733961466
28;2025-07-23;0;3.097320292690924
28;2025-07-23;1;0.0
28;2025-07-23;2;0.0
28;2025-07-23;3;0.0
28;2025-07-23;4;0.0
28;2025-07-23;5;64.10166223226167
28;2025-07-23;6;260.542735848804
28;2025-07-23;7;704.5815196334199
28;2025-07-23;8;1104.0995134355626
28;2025-07-23;9;817.6727809934009
28;2025-07-23;10;622.323528589802
28;2025-07-23;11;617.6198992350899
28;2025-07-23;12;681.0298411289006
28;2025-07-23;13;715.9396138442826
28;2025-07-23;14;644.839179312416
28;2025-07-23;15;678.7165021499728
28;2025-07-23;16;780.721871090921
28;2025-07-23;17;879.0622692958718
28;2025-07-23;18;883.250623325047
28;2025-07-23;19;726.4814197263856
28;2025-07-23;20;565.9432629244967
28;2025-07-23;21;383.95059924633017
28;2025-07-23;22;187.27195788053007
28;2025-07-23;23;28.078043381276224
28;2025-07-24;0;2.989550526799092
28;2025-07-24;1;0.0
28;2025-07-24;2;0.0
28;2025-07-24;3;0.0
28;2025-07-24;4;0.0
28;2025-07-24;5;63.205670000321014
28;2025-07-24;6;265.26812479507237
28;2025-07-24;7;709.4182030695722
28;2025-07-24;8;1118.1780940041892
28;2025-07-24;9;839.6776927078425
28;2025-07-24;10;635.963216740561
28;2025-07-24;11;602.2112979751661
28;2025-07-24;12;687.7998171318592
28;2025-07-24;13;711.644144652696
28;2025-07-24;14;654.7391401486086
28;2025-07-24;15;654.8574261234772
28;2025-07-24;16;771.7852078715338
28;2025-07-24;17;902.1610740611859
28;2025-07-24;18;910.082930288573
28;2025-07-24;19;741.694264060819
28;2025-07-24;20;581.8599975369802
28;2025-07-24;21;391.982829230373
28;2025-07-24;22;184.16842743440776
28;2025-07-24;23;30.392883127210478
28;2025-07-25;0;3.78200076775524
28;2025-07-25;1;0.0
28;2025-07-25;2;0.0
28;2025-07-25;3;0.0
28;2025-07-25;4;0.0
28;2025-07-25;5;55.82832670139824
28;2025-07-25;6;248.6452371372999
28;2025-07-25;7;684.0323671379476
28;2025-07-25;8;1052.4168476189038
28;2025-07-25;9;798.517162249053
28;2025-07-25;10;604.9276409192439
28;2025-07-25;11;597.1531624467423
28;2025-07-25;12;669.6693144099993
28;2025-07-25;13;678.6340604444191
28;2025-07-25;14;661.3174124390689
28;2025-07-25;15;688.8678968618426
28;2025-07-25;16;814.7776699930009
28;2025-07-25;17;914.1690427705686
28;2025-07-25;18;782.1638807037588
28;2025-07-25;19;638.7318768011569
28;2025-07-25;20;525.9512406187359
28;2025-07-25;21;356.0982958788903
28;2025-07-25;22;179.05361352406072
28;2025-07-25;23;29.92927899096661
28;2025-07-26;0;3.688135184020361
28;2025-07-26;1;0.0
28;2025-07-26;2;0.0
28;2025-07-26;3;0.0
28;2025-07-26;4;0.0
28;2025-07-26;5;30.19221880858771
28;2025-07-26;6;112.39118987057438
28;2025-07-26;7;206.70773301117399
28;2025-07-26;8;363.41176419368105
28;2025-07-26;9;439.8993492053786
28;2025-07-26;10;440.1149757288515
28;2025-07-26;11;465.9898373511725
28;2025-07-26;12;516.2442253129616
28;2025-07-26;13;542.3635895646612
28;2025-07-26;14;541.2940850832274
28;2025-07-26;15;525.0036671346921
28;2025-07-26;16;497.02118369024237
28;2025-07-26;17;522.9822709333241
28;2025-07-26;18;474.9603591715246
28;2025-07-26;19;456.5137431167405
28;2025-07-26;20;391.82479635103505
28;2025-07-26;21;324.23797890342854
28;2025-07-26;22;173.23382336109302
28;2025-07-26;23;42.01711603357484
28;2025-07-27;0;7.469253657332067
28;2025-07-27;1;0.0
28;2025-07-27;2;0.0
28;2025-07-27;3;0.0
28;2025-07-27;4;0.0
28;2025-07-27;5;24.820936283540625
28;2025-07-27;6;85.81588332715042
28;2025-07-27;7;142.4083975936472
28;2025-07-27;8;235.20743987902785
28;2025-07-27;9;326.29102377936726
28;2025-07-27;10;343.06793976955714
28;2025-07-27;11;370.683414409304
28;2025-07-27;12;408.9038654469633
28;2025-07-27;13;456.3480675923612
28;2025-07-27;14;452.03467776786005
28;2025-07-27;15;432.31753718804816
28;2025-07-27;16;425.6685712002526
28;2025-07-27;17;415.4141997632007
28;2025-07-27;18;391.8117075700601
28;2025-07-27;19;366.61408274043026
28;2025-07-27;20;335.39609845810685
28;2025-07-27;21;270.8672882683359
28;2025-07-27;22;139.25087221700818
28;2025-07-27;23;28.797510233295526
28;2025-07-28;0;3.1312207186065324
28;2025-07-28;1;0.0
28;2025-07-28;2;0.0
28;2025-07-28;3;0.0
28;2025-07-28;4;0.0
28;2025-07-28;5;60.31873025995533
28;2025-07-28;6;267.98995935331743
28;2025-07-28;7;721.0980894477934
28;2025-07-28;8;1110.7035852026352
28;2025-07-28;9;814.2065675353786
28;2025-07-28;10;586.6682441602601
28;2025-07-28;11;568.3499228305241
28;2025-07-28;12;638.9755192414252
28;2025-07-28;13;690.8567466063505
28;2025-07-28;14;619.6216722936367
28;2025-07-28;15;635.031123966497
28;2025-07-28;16;784.3138921649938
28;2025-07-28;17;875.7888466536687
28;2025-07-28;18;903.2245475896777
28;2025-07-28;19;733.5844361845316
28;2025-07-28;20;548.7810190499235
28;2025-07-28;21;344.8324114172922
28;2025-07-28;22;157.05866479543596
28;2025-07-28;23;24.362061295607347
28;2025-07-29;0;2.4188554985777575
28;2025-07-29;1;0.0
28;2025-07-29;2;0.0
28;2025-07-29;3;0.0
28;2025-07-29;4;0.0
28;2025-07-29;5;58.481748887604034
28;2025-07-29;6;265.78215487508555
28;2025-07-29;7;724.3260590756654
28;2025-07-29;8;1094.8944276190673
28;2025-07-29;9;850.6364339649535
28;2025-07-29;10;650.0149476753346
28;2025-07-29;11;596.2156896821625
28;2025-07-29;12;673.1520345676189
28;2025-07-29;13;721.8419565121899
28;2025-07-29;14;657.2817223980494
28;2025-07-29;15;645.3261583360974
28;2025-07-29;16;778.5205838845714
28;2025-07-29;17;883.4323296937506
28;2025-07-29;18;896.1734569542677
28;2025-07-29;19;733.4715924131384
28;2025-07-29;20;569.1508570663477
28;2025-07-29;21;364.031352915267
28;2025-07-29;22;162.36358424660125
28;2025-07-29;23;28.651008624068545
28;2025-07-30;0;3.0398437220190755
28;2025-07-30;1;0.0
28;2025-07-30;2;0.0
28;2025-07-30;3;0.0
28;2025-07-30;4;0.0
28;2025-07-30;5;65.08596896903703
28;2025-07-30;6;263.86251505220423
28;2025-07-30;7;717.0007246271093
28;2025-07-30;8;1116.0245215188284
28;2025-07-30;9;827.5780104342989
28;2025-07-30;10;626.1983452876739
28;2025-07-30;11;624.1058925229948
28;2025-07-30;12;686.7354022091233
28;2025-07-30;13;720.4410598689385
28;2025-07-30;14;651.9813764156186
28;2025-07-30;15;683.6317962795868
28;2025-07-30;16;796.9242494155328
28;2025-07-30;17;889.1176654866881
28;2025-07-30;18;898.0004698799389
28;2025-07-30;19;735.8528280788173
28;2025-07-30;20;571.8339300124442
28;2025-07-30;21;387.39576656035865
28;2025-07-30;22;187.97646131635065
28;2025-07-30;23;28.181310039482057
28;2025-07-31;0;3.013494588043605
28;2025-07-31;1;0.0
28;2025-07-31;2;0.0
28;2025-07-31;3;0.0
28;2025-07-31;4;0.0
28;2025-07-31;5;64.77940351700185
28;2025-07-31;6;270.7382856156248
28;2025-07-31;7;722.0284881738812
28;2025-07-31;8;1132.324768807207
28;2025-07-31;9;855.1383273030108
28;2025-07-31;10;644.1860015990605
28;2025-07-31;11;610.93137373305
28;2025-07-31;12;696.0702596806091
28;2025-07-31;13;718.4447230059252
28;2025-07-31;14;663.2779441960545
28;2025-07-31;15;664.2247121233253
28;2025-07-31;16;786.9500736500833
28;2025-07-31;17;911.8349250544679
28;2025-07-31;18;928.6922107070611
28;2025-07-31;19;755.1443013828898
28;2025-07-31;20;590.7700906166739
28;2025-07-31;21;397.09559877314837
28;2025-07-31;22;186.5464929528485
28;2025-07-31;23;30.760602106513637
50;2025-06-01;0;55.11815136005753
50;2025-06-01;1;0.0
50;2025-06-01;2;0.0
50;2025-06-01;3;0.0
50;2025-06-01;4;0.0
50;2025-06-01;5;25.649908204209595
50;2025-06-01;6;154.70035801179142
50;2025-06-01;7;277.8764491848102
50;2025-06-01;8;413.92135539609313
50;2025-06-01;9;491.88514021761
50;2025-06-01;10;541.4556225822654
50;2025-06-01;11;630.1669220019267
50;2025-06-01;12;666.3765342504829
50;2025-06-01;13;703.8799361809804
50;2025-06-01;14;731.8136594852082
50;2025-06-01;15;663.8387367201894
50;2025-06-01;16;648.644582252062
50;2025-06-01;17;664.8051035262172
50;2025-06-01;18;624.9717360403381
50;2025-06-01;19;579.0261966148237
50;2025-06-01;20;508.5045042009786
50;2025-06-01;21;393.4539982767878
50;2025-06-01;22;230.83472122718808
50;2025-06-01;23;130.99865096511098
50;2025-06-02;0;41.478695429479046
50;2025-06-02;1;0.0
50;2025-06-02;2;0.0
50;2025-06-02;3;0.0
50;2025-06-02;4;0.0
50;2025-06-02;5;59.75497852501945
50;2025-06-02;6;534.4496837694571
50;2025-06-02;7;1686.3192445786897
50;2025-06-02;8;2587.8635391788707
50;2025-06-02;9;2072.880593606561
50;2025-06-02;10;1596.3561125599313
50;2025-06-02;11;1457.9438990641008
50;2025-06-02;12;1371.7675160516978
50;2025-06-02;13;1405.3482301637118
50;2025-06-02;14;1345.9070528016678
50;2025-06-02;15;1456.5032372103608
50;2025-06-02;16;1571.9689237482853
50;2025-06-02;17;2114.7145827699724
50;2025-06-02;18;2263.946431634434
50;2025-06-02;19;1506.3344062879055
50;2025-06-02;20;978.3182643868744
50;2025-06-02;21;647.0185492472322
50;2025-06-02;22;324.56662368052594
50;2025-06-02;23;140.88661767416204
50;2025-06-03;0;43.854244164168314
50;2025-06-03;1;0.0
50;2025-06-03;2;0.0
50;2025-06-03;3;0.0
50;2025-06-03;4;0.0
50;2025-06-03;5;60.04919876411088
50;2025-06-03;6;584.9361804141797
50;2025-06-03;7;1748.4216513152344
50;2025-06-03;8;2588.390199428867
50;2025-06-03;9;2095.779871628565
50;2025-06-03;10;1626.731300696091
50;2025-06-03;11;1525.6491498090782
50;2025-06-03;12;1441.1785525002563
50;2025-06-03;13;1461.876459817117
50;2025-06-03;14;1391.610389166357
50;2025-06-03;15;1457.4146241829158
50;2025-06-03;16;1584.168654007533
50;2025-06-03;17;2172.797191414412
50;2025-06-03;18;2291.210445962337
50;2025-06-03;19;1460.8804940918435
50;2025-06-03;20;1027.756627303528
50;2025-06-03;21;676.2985363278144
50;2025-06-03;22;347.699861091142
50;2025-06-03;23;157.7740357195791
50;2025-06-04;0;41.13736291210127
50;2025-06-04;1;0.0
50;2025-06-04;2;0.0
50;2025-06-04;3;0.0
50;2025-06-04;4;0.0
50;2025-06-04;5;65.37531208272026
50;2025-06-04;6;568.4425093590869
50;2025-06-04;7;1752.958584452535
50;2025-06-04;8;2660.85134390084
50;2025-06-04;9;2162.9171098290267
50;2025-06-04;10;1607.6103841823256
50;2025-06-04;11;1539.9735423163374
50;2025-06-04;12;1440.0265434801772
50;2025-06-04;13;1500.5536543810094
50;2025-06-04;14;1432.2319746501944
50;2025-06-04;15;1545.9349653261124
50;2025-06-04;16;1690.2575371890043
50;2025-06-04;17;2170.498833209529
50;2025-06-04;18;2192.9893872460543
50;2025-06-04;19;1539.3598792023108
50;2025-06-04;20;1017.3021216468022
50;2025-06-04;21;710.1172251981295
50;2025-06-04;22;381.11939582459473
50;2025-06-04;23;170.8673638579211
50;2025-06-05;0;46.8549624633379
50;2025-06-05;1;0.0
50;2025-06-05;2;0.0
50;2025-06-05;3;0.0
50;2025-06-05;4;0.0
50;2025-06-05;5;69.89692650622851
50;2025-06-05;6;569.405474454715
50;2025-06-05;7;1740.7084728737896
50;2025-06-05;8;2632.778444036521
50;2025-06-05;9;2147.8585370443534
50;2025-06-05;10;1659.851062831872
50;2025-06-05;11;1546.6883948525033
50;2025-06-05;12;1459.2347614178439
50;2025-06-05;13;1448.4571427449282
50;2025-06-05;14;1387.844727267173
50;2025-06-05;15;1488.970410508669
50;2025-06-05;16;1680.059954262409
50;2025-06-05;17;2213.572511170346
50;2025-06-05;18;2299.694631257646
50;2025-06-05;19;1523.9501945841607
50;2025-06-05;20;1057.0398480420058
50;2025-06-05;21;739.5521117478244
50;2025-06-05;22;370.6614247926078
50;2025-06-05;23;172.01643868797305
50;2025-06-06;0;52.05373589244641
50;2025-06-06;1;0.0
50;2025-06-06;2;0.0
50;2025-06-06;3;0.0
50;2025-06-06;4;0.0
50;2025-06-06;5;63.561589868257165
50;2025-06-06;6;557.7973267969614
50;2025-06-06;7;1682.4772635087033
50;2025-06-06;8;2541.4267095529767
50;2025-06-06;9;2060.675674854973
50;2025-06-06;10;1612.2363576144073
50;2025-06-06;11;1577.9104032393238
50;2025-06-06;12;1490.8746810561693
50;2025-06-06;13;1462.123938020402
50;2025-06-06;14;1405.2356358732836
50;2025-06-06;15;1679.5598323435242
50;2025-06-06;16;1882.8401838384852
50;2025-06-06;17;2062.220720091852
50;2025-06-06;18;1749.2275815766893
50;2025-06-06;19;1266.9851429221799
50;2025-06-06;20;938.3983941035676
50;2025-06-06;21;643.2378330687617
50;2025-06-06;22;377.3553696355983
50;2025-06-06;23;210.14722108304153
50;2025-06-07;0;62.57274043142885
50;2025-06-07;1;0.0
50;2025-06-07;2;0.0
50;2025-06-07;3;0.0
50;2025-06-07;4;0.0
50;2025-06-07;5;29.236091630357386
50;2025-06-07;6;200.395637188129
50;2025-06-07;7;397.07864128162885
50;2025-06-07;8;593.4992029954984
50;2025-06-07;9;655.9824067401395
50;2025-06-07;10;634.0737549806388
50;2025-06-07;11;751.4041691430762
50;2025-06-07;12;759.3535874830563
50;2025-06-07;13;785.5990521228055
50;2025-06-07;14;778.1499612201235
50;2025-06-07;15;725.6694801609727
50;2025-06-07;16;712.1742876132223
50;2025-06-07;17;726.6669763751083
50;2025-06-07;18;669.9726789402812
50;2025-06-07;19;661.6216069586488
50;2025-06-07;20;545.3484144114892
50;2025-06-07;21;434.55097721338973
50;2025-06-07;22;249.70874634052643
50;2025-06-07;23;160.35898454294698
50;2025-06-08;0;53.90614096588227
50;2025-06-08;1;0.0
50;2025-06-08;2;0.0
50;2025-06-08;3;0.0
50;2025-06-08;4;0.0
50;2025-06-08;5;25.570782060053038
50;2025-06-08;6;160.1661961716635
50;2025-06-08;7;290.91121156532245
50;2025-06-08;8;414.7884506004593
50;2025-06-08;9;482.32296896408315
50;2025-06-08;10;523.0030126529082
50;2025-06-08;11;610.2002429808131
50;2025-06-08;12;641.6146245403681
50;2025-06-08;13;675.3038776918252
50;2025-06-08;14;701.7846724654203
50;2025-06-08;15;626.7440780488109
50;2025-06-08;16;627.0537499693515
50;2025-06-08;17;645.0548034088988
50;2025-06-08;18;609.3459051408406
50;2025-06-08;19;564.1629035727835
50;2025-06-08;20;494.41918572155816
50;2025-06-08;21;383.8011984098536
50;2025-06-08;22;225.65944728589193
50;2025-06-08;23;129.36456695940416
50;2025-06-09;0;45.022940357096175
50;2025-06-09;1;0.0
50;2025-06-09;2;0.0
50;2025-06-09;3;0.0
50;2025-06-09;4;0.0
50;2025-06-09;5;58.97501188761064
50;2025-06-09;6;526.2517663115547
50;2025-06-09;7;1660.0030453871004
50;2025-06-09;8;2549.3701935937256
50;2025-06-09;9;2046.4738668187947
50;2025-06-09;10;1575.5246486207357
50;2025-06-09;11;1440.176139790695
50;2025-06-09;12;1352.9563052314884
50;2025-06-09;13;1388.0054659266639
50;2025-06-09;14;1318.226671999385
50;2025-06-09;15;1424.2689819730422
50;2025-06-09;16;1539.8566614021602
50;2025-06-09;17;2090.1651355227855
50;2025-06-09;18;2245.8431107740626
50;2025-06-09;19;1488.540396950057
50;2025-06-09;20;972.3767796102393
50;2025-06-09;21;642.0230879998417
50;2025-06-09;22;323.3434028637235
50;2025-06-09;23;148.26450971048467
50;2025-06-10;0;40.60137720235534
50;2025-06-10;1;0.0
50;2025-06-10;2;0.0
50;2025-06-10;3;0.0
50;2025-06-10;4;0.0
50;2025-06-10;5;60.35193549142686
50;2025-06-10;6;590.1257670721227
50;2025-06-10;7;1764.3291738998716
50;2025-06-10;8;2604.2191653858695
50;2025-06-10;9;2110.628153653557
50;2025-06-10;10;1632.984921092636
50;2025-06-10;11;1535.8654423803082
50;2025-06-10;12;1450.286405234978
50;2025-06-10;13;1475.3455711339423
50;2025-06-10;14;1409.0637699364481
50;2025-06-10;15;1480.7868935703198
50;2025-06-10;16;1617.8347609736638
50;2025-06-10;17;2195.006288263916
50;2025-06-10;18;2307.9527653548244
50;2025-06-10;19;1464.013256851141
50;2025-06-10;20;1016.8857751190508
50;2025-06-10;21;666.2882365502362
50;2025-06-10;22;344.36306169526887
50;2025-06-10;23;154.84294978302205
50;2025-06-11;0;40.62186701411483
50;2025-06-11;1;0.0
50;2025-06-11;2;0.0
50;2025-06-11;3;0.0
50;2025-06-11;4;0.0
50;2025-06-11;5;63.83669435071201
50;2025-06-11;6;558.3646089582857
50;2025-06-11;7;1724.4742588933968
50;2025-06-11;8;2617.0384074787944
50;2025-06-11;9;2132.65827323296
50;2025-06-11;10;1578.27901295341
50;2025-06-11;11;1520.717080875713
50;2025-06-11;12;1422.9278016248977
50;2025-06-11;13;1488.3006614853284
50;2025-06-11;14;1417.5112954932647
50;2025-06-11;15;1532.1629809294236
50;2025-06-11;16;1666.3593600975303
50;2025-06-11;17;2131.5803799138675
50;2025-06-11;18;2147.1927714587464
50;2025-06-11;19;1500.9948911333627
50;2025-06-11;20;995.8117777796422
50;2025-06-11;21;695.1444221283217
50;2025-06-11;22;374.3200949315582
50;2025-06-11;23;168.72953562870288
50;2025-06-12;0;55.788630244290076
50;2025-06-12;1;0.0
50;2025-06-12;2;0.0
50;2025-06-12;3;0.0
50;2025-06-12;4;0.0
50;2025-06-12;5;25.625430844926626
50;2025-06-12;6;161.25267049173672
50;2025-06-12;7;303.51358501316145
50;2025-06-12;8;436.2562310898561
50;2025-06-12;9;505.42796479951505
50;2025-06-12;10;520.7986389491541
50;2025-06-12;11;613.240387337414
50;2025-06-12;12;659.7791120321822
50;2025-06-12;13;705.3255552015592
50;2025-06-12;14;713.2290291232108
50;2025-06-12;15;661.2984975312688
50;2025-06-12;16;647.0532484138228
50;2025-06-12;17;666.1585355562331
50;2025-06-12;18;629.4472399825015
50;2025-06-12;19;598.2535022313442
50;2025-06-12;20;506.2644426430233
50;2025-06-12;21;401.8674857005175
50;2025-06-12;22;238.59652588604007
50;2025-06-12;23;141.72434740268812
50;2025-06-13;0;52.31143927423862
50;2025-06-13;1;0.0
50;2025-06-13;2;0.0
50;2025-06-13;3;0.0
50;2025-06-13;4;0.0
50;2025-06-13;5;25.095710474397308
50;2025-06-13;6;164.96990002536148
50;2025-06-13;7;313.5906932628452
50;2025-06-13;8;431.8574102049079
50;2025-06-13;9;485.3628572470069
50;2025-06-13;10;494.0854881259521
50;2025-06-13;11;582.6034416421332
50;2025-06-13;12;622.7929630646244
50;2025-06-13;13;662.7828467904387
50;2025-06-13;14;671.4974327891078
50;2025-06-13;15;620.3891829551535
50;2025-06-13;16;612.524329174762
50;2025-06-13;17;623.0595505222616
50;2025-06-13;18;587.9600733527632
50;2025-06-13;19;559.9204305204828
50;2025-06-13;20;470.1223362121835
50;2025-06-13;21;373.23253747858695
50;2025-06-13;22;221.46380280700015
50;2025-06-13;23;131.95868881025206
50;2025-06-14;0;60.29319265243498
50;2025-06-14;1;0.0
50;2025-06-14;2;0.0
50;2025-06-14;3;0.0
50;2025-06-14;4;0.0
50;2025-06-14;5;28.46165720328643
50;2025-06-14;6;195.7271960597546
50;2025-06-14;7;386.97869009641664
50;2025-06-14;8;573.9693336359171
50;2025-06-14;9;635.6814152758498
50;2025-06-14;10;616.1013037600984
50;2025-06-14;11;736.4060065611461
50;2025-06-14;12;745.6360714090457
50;2025-06-14;13;769.5841103449917
50;2025-06-14;14;761.221164452484
50;2025-06-14;15;717.2111851397827
50;2025-06-14;16;694.963521154348
50;2025-06-14;17;702.7459669287243
50;2025-06-14;18;642.7307219939955
50;2025-06-14;19;632.2224188055002
50;2025-06-14;20;519.1808233040463
50;2025-06-14;21;412.4524523731174
50;2025-06-14;22;237.43648722648527
50;2025-06-14;23;151.7636686550432
50;2025-06-15;0;52.86594714578827
50;2025-06-15;1;0.0
50;2025-06-15;2;0.0
50;2025-06-15;3;0.0
50;2025-06-15;4;0.0
50;2025-06-15;5;24.931846581656146
50;2025-06-15;6;158.1836286846897
50;2025-06-15;7;287.1065930809848
50;2025-06-15;8;406.1800920298878
50;2025-06-15;9;474.2419626065603
50;2025-06-15;10;517.3303572244718
50;2025-06-15;11;607.5993048363973
50;2025-06-15;12;640.1801900512022
50;2025-06-15;13;672.5721310543206
50;2025-06-15;14;698.4672771436709
50;2025-06-15;15;629.2020805534846
50;2025-06-15;16;621.2703332193073
50;2025-06-15;17;632.0649684507464
50;2025-06-15;18;594.054197396121
50;2025-06-15;19;547.2211937696661
50;2025-06-15;20;478.52694608398315
50;2025-06-15;21;370.26823140158854
50;2025-06-15;22;218.24054839319126
50;2025-06-15;23;122.66086240962208
50;2025-06-16;0;45.01892620497232
50;2025-06-16;1;0.0
50;2025-06-16;2;0.0
50;2025-06-16;3;0.0
50;2025-06-16;4;0.0
50;2025-06-16;5;59.08550755893377
50;2025-06-16;6;526.6736931589489
50;2025-06-16;7;1659.2490836519908
50;2025-06-16;8;2547.2732187705615
50;2025-06-16;9;2047.602360176732
50;2025-06-16;10;1576.0161123488033
50;2025-06-16;11;1442.3443011603647
50;2025-06-16;12;1355.4834270557276
50;2025-06-16;13;1391.970196350393
50;2025-06-16;14;1328.2243188467119
50;2025-06-16;15;1437.298876967216
50;2025-06-16;16;1550.5838062644887
50;2025-06-16;17;2083.8324782717887
50;2025-06-16;18;2240.7291877692332
50;2025-06-16;19;1487.1684433467594
50;2025-06-16;20;970.2935832468303
50;2025-06-16;21;640.9460242894651
50;2025-06-16;22;322.0129020574724
50;2025-06-16;23;148.76030238989495
50;2025-06-17;0;41.09456007233359
50;2025-06-17;1;0.0
50;2025-06-17;2;0.0
50;2025-06-17;3;0.0
50;2025-06-17;4;0.0
50;2025-06-17;5;60.53602002863368
50;2025-06-17;6;567.6305659929169
50;2025-06-17;7;1668.0782781631615
50;2025-06-17;8;2442.6561429080075
50;2025-06-17;9;1997.7442292487958
50;2025-06-17;10;1542.1963435617904
50;2025-06-17;11;1437.115813605447
50;2025-06-17;12;1351.7986975623503
50;2025-06-17;13;1368.7126378507182
50;2025-06-17;14;1308.3402665806234
50;2025-06-17;15;1366.1877684242017
50;2025-06-17;16;1497.203903843369
50;2025-06-17;17;2043.566669505166
50;2025-06-17;18;2187.8001141146556
50;2025-06-17;19;1387.4456020719113
50;2025-06-17;20;972.4885256845143
50;2025-06-17;21;639.7874386950766
50;2025-06-17;22;326.13184269317657
50;2025-06-17;23;150.51676405943698
50;2025-06-18;0;39.69309078504729
50;2025-06-18;1;0.0
50;2025-06-18;2;0.0
50;2025-06-18;3;0.0
50;2025-06-18;4;0.0
50;2025-06-18;5;63.887573098724694
50;2025-06-18;6;544.6767118766696
50;2025-06-18;7;1656.007830690105
50;2025-06-18;8;2493.1509133988716
50;2025-06-18;9;2043.864214673837
50;2025-06-18;10;1515.1531925768058
50;2025-06-18;11;1447.8724054825652
50;2025-06-18;12;1350.256906470216
50;2025-06-18;13;1406.4416909777215
50;2025-06-18;14;1344.9384503235865
50;2025-06-18;15;1445.1052179636158
50;2025-06-18;16;1580.2386497392872
50;2025-06-18;17;2024.8079921181823
50;2025-06-18;18;2067.370566850984
50;2025-06-18;19;1447.9625472094194
50;2025-06-18;20;957.3849312198693
50;2025-06-18;21;667.8953183374567
50;2025-06-18;22;356.6946232000292
50;2025-06-18;23;161.8276739801351
50;2025-06-19;0;42.3151731734133
50;2025-06-19;1;0.0
50;2025-06-19;2;0.0
50;2025-06-19;3;0.0
50;2025-06-19;4;0.0
50;2025-06-19;5;66.81641930962942
50;2025-06-19;6;546.4266396452712
50;2025-06-19;7;1666.272270953967
50;2025-06-19;8;2517.7767691253916
50;2025-06-19;9;2070.46581362405
50;2025-06-19;10;1597.5402756196809
50;2025-06-19;11;1491.3938403879358
50;2025-06-19;12;1408.484258295648
50;2025-06-19;13;1401.6716570302674
50;2025-06-19;14;1346.8916538370115
50;2025-06-19;15;1438.3997583279363
50;2025-06-19;16;1615.2663084702356
50;2025-06-19;17;2112.955139676543
50;2025-06-19;18;2201.303865087434
50;2025-06-19;19;1458.2551677639249
50;2025-06-19;20;1004.3437535822638
50;2025-06-19;21;701.651087061168
50;2025-06-19;22;352.30208610040734
50;2025-06-19;23;162.70363008188656
50;2025-06-20;0;45.659968471602625
50;2025-06-20;1;0.0
50;2025-06-20;2;0.0
50;2025-06-20;3;0.0
50;2025-06-20;4;0.0
50;2025-06-20;5;61.93751432210414
50;2025-06-20;6;536.9788968486796
50;2025-06-20;7;1605.8848495768975
50;2025-06-20;8;2401.4490589981733
50;2025-06-20;9;1962.007848428077
50;2025-06-20;10;1537.1794906375699
50;2025-06-20;11;1515.7034833821567
50;2025-06-20;12;1435.8953887535806
50;2025-06-20;13;1405.3475061578606
50;2025-06-20;14;1354.365626677363
50;2025-06-20;15;1604.3058604514606
50;2025-06-20;16;1796.6469096329165
50;2025-06-20;17;1944.8699015479515
50;2025-06-20;18;1644.5251527299768
50;2025-06-20;19;1190.0166967403932
50;2025-06-20;20;878.6003680735954
50;2025-06-20;21;600.1439069609174
50;2025-06-20;22;351.5103993862722
50;2025-06-20;23;186.581208628036
50;2025-06-21;0;62.61153795010638
50;2025-06-21;1;0.0
50;2025-06-21;2;0.0
50;2025-06-21;3;0.0
50;2025-06-21;4;0.0
50;2025-06-21;5;28.536489029611324
50;2025-06-21;6;196.38881957409018
50;2025-06-21;7;396.1247343307276
50;2025-06-21;8;596.4865543994974
50;2025-06-21;9;659.086264708199
50;2025-06-21;10;639.6342324989894
50;2025-06-21;11;766.660885535985
50;2025-06-21;12;778.8966242979964
50;2025-06-21;13;810.9838561042807
50;2025-06-21;14;797.4663836482603
50;2025-06-21;15;754.2446321238849
50;2025-06-21;16;726.2574124643138
50;2025-06-21;17;738.6966647681829
50;2025-06-21;18;671.462275849916
50;2025-06-21;19;659.5389271360093
50;2025-06-21;20;546.3779263138094
50;2025-06-21;21;435.0253646160561
50;2025-06-21;22;251.6097957270085
50;2025-06-21;23;160.68471879711478
50;2025-06-22;0;52.27104232775275
50;2025-06-22;1;0.0
50;2025-06-22;2;0.0
50;2025-06-22;3;0.0
50;2025-06-22;4;0.0
50;2025-06-22;5;24.50044143249349
50;2025-06-22;6;157.06142860840453
50;2025-06-22;7;285.3051096061196
50;2025-06-22;8;403.1821680764473
50;2025-06-22;9;472.91513104369596
50;2025-06-22;10;513.7466459841478
50;2025-06-22;11;605.192506536007
50;2025-06-22;12;640.586067876334
50;2025-06-22;13;676.2333038705465
50;2025-06-22;14;699.8883534305359
50;2025-06-22;15;631.2687471380078
50;2025-06-22;16;619.989671671316
50;2025-06-22;17;632.1221301791165
50;2025-06-22;18;592.5390865327436
50;2025-06-22;19;544.7783376566967
50;2025-06-22;20;476.21181886279265
50;2025-06-22;21;369.7220371278705
50;2025-06-22;22;217.90814836034718
50;2025-06-22;23;122.71356482334608
50;2025-06-23;0;41.70434194262232
50;2025-06-23;1;0.0
50;2025-06-23;2;0.0
50;2025-06-23;3;0.0
50;2025-06-23;4;0.0
50;2025-06-23;5;59.16069025990922
50;2025-06-23;6;524.9161455996687
50;2025-06-23;7;1654.1267489125457
50;2025-06-23;8;2536.8824002868582
50;2025-06-23;9;2041.1773307924454
50;2025-06-23;10;1568.0861737295436
50;2025-06-23;11;1442.5074187851892
50;2025-06-23;12;1357.3344184786547
50;2025-06-23;13;1394.1892137888622
50;2025-06-23;14;1327.583489149383
50;2025-06-23;15;1436.2777668440506
50;2025-06-23;16;1551.3343771054929
50;2025-06-23;17;2085.1012353267038
50;2025-06-23;18;2231.1434261648483
50;2025-06-23;19;1483.9811697820473
50;2025-06-23;20;965.0344579027258
50;2025-06-23;21;636.7687096121888
50;2025-06-23;22;321.36449943946616
50;2025-06-23;23;142.16054228592134
50;2025-06-24;0;40.32491109307571
50;2025-06-24;1;0.0
50;2025-06-24;2;0.0
50;2025-06-24;3;0.0
50;2025-06-24;4;0.0
50;2025-06-24;5;58.87489773073271
50;2025-06-24;6;568.506832015893
50;2025-06-24;7;1694.8491264570202
50;2025-06-24;8;2502.5799669145727
50;2025-06-24;9;2039.0787563618353
50;2025-06-24;10;1578.9547587943837
50;2025-06-24;11;1484.933007519644
50;2025-06-24;12;1403.0771118620828
50;2025-06-24;13;1428.2942086658113
50;2025-06-24;14;1360.7561043741484
50;2025-06-24;15;1424.2658761919843
50;2025-06-24;16;1551.244802510748
50;2025-06-24;17;2109.5346722918694
50;2025-06-24;18;2229.1889487806898
50;2025-06-24;19;1415.8695735842189
50;2025-06-24;20;985.7020697679507
50;2025-06-24;21;646.3357981625987
50;2025-06-24;22;332.6185871080381
50;2025-06-24;23;151.62075446767693
50;2025-06-25;0;40.39236724888956
50;2025-06-25;1;0.0
50;2025-06-25;2;0.0
50;2025-06-25;3;0.0
50;2025-06-25;4;0.0
50;2025-06-25;5;63.430202082174716
50;2025-06-25;6;546.8741869494002
50;2025-06-25;7;1689.1872046192939
50;2025-06-25;8;2569.1095378467403
50;2025-06-25;9;2087.673785607013
50;2025-06-25;10;1549.409387109225
50;2025-06-25;11;1490.7029803103273
50;2025-06-25;12;1396.327555143153
50;2025-06-25;13;1463.2957396830452
50;2025-06-25;14;1390.886437549926
50;2025-06-25;15;1501.5258848525032
50;2025-06-25;16;1640.2637195766379
50;2025-06-25;17;2103.3973565455262
50;2025-06-25;18;2115.7678893007906
50;2025-06-25;19;1482.7069699833137
50;2025-06-25;20;983.4232055923567
50;2025-06-25;21;687.2155589446515
50;2025-06-25;22;369.9119698837437
50;2025-06-25;23;167.88650882024007
50;2025-06-26;0;41.88128798187219
50;2025-06-26;1;0.0
50;2025-06-26;2;0.0
50;2025-06-26;3;0.0
50;2025-06-26;4;0.0
50;2025-06-26;5;68.35368926948635
50;2025-06-26;6;545.0615427863163
50;2025-06-26;7;1639.9457629570886
50;2025-06-26;8;2459.3958337819954
50;2025-06-26;9;2032.0007032181188
50;2025-06-26;10;1562.8493095943463
50;2025-06-26;11;1456.7007170540005
50;2025-06-26;12;1371.818694180431
50;2025-06-26;13;1359.9346580882384
50;2025-06-26;14;1301.3575146861724
50;2025-06-26;15;1391.504249639534
50;2025-06-26;16;1564.491053865597
50;2025-06-26;17;2067.6342997759893
50;2025-06-26;18;2169.614012111705
50;2025-06-26;19;1443.3666332477
50;2025-06-26;20;996.9327114340296
50;2025-06-26;21;696.9509804046592
50;2025-06-26;22;351.0002522083681
50;2025-06-26;23;162.59784009978756
50;2025-06-27;0;48.33193339447946
50;2025-06-27;1;0.0
50;2025-06-27;2;0.0
50;2025-06-27;3;0.0
50;2025-06-27;4;0.0
50;2025-06-27;5;63.335029565061895
50;2025-06-27;6;546.0063221812593
50;2025-06-27;7;1645.0401039714639
50;2025-06-27;8;2476.0034481374587
50;2025-06-27;9;2022.195893174616
50;2025-06-27;10;1590.5249377093137
50;2025-06-27;11;1569.8698338462746
50;2025-06-27;12;1491.031422777094
50;2025-06-27;13;1464.7400268415834
50;2025-06-27;14;1405.8519554727627
50;2025-06-27;15;1664.955123021883
50;2025-06-27;16;1865.6173647079404
50;2025-06-27;17;2022.5133754002022
50;2025-06-27;18;1700.6594773175073
50;2025-06-27;19;1231.026884752499
50;2025-06-27;20;920.0095220352664
50;2025-06-27;21;628.9282473560506
50;2025-06-27;22;372.17013385906364
50;2025-06-27;23;198.64077567412517
50;2025-06-28;0;63.6101469334979
50;2025-06-28;1;0.0
50;2025-06-28;2;0.0
50;2025-06-28;3;0.0
50;2025-06-28;4;0.0
50;2025-06-28;5;28.980611820337277
50;2025-06-28;6;198.59759694797432
50;2025-06-28;7;397.10699241023076
50;2025-06-28;8;593.8925329648791
50;2025-06-28;9;657.6210310942861
50;2025-06-28;10;635.3677914822147
50;2025-06-28;11;766.0631899800321
50;2025-06-28;12;780.4963635094375
50;2025-06-28;13;813.7772142093376
50;2025-06-28;14;799.3119140900676
50;2025-06-28;15;756.1393717207834
50;2025-06-28;16;730.2828328657495
50;2025-06-28;17;744.1900097560172
50;2025-06-28;18;678.4742286680773
50;2025-06-28;19;667.0765718991992
50;2025-06-28;20;551.8776552113727
50;2025-06-28;21;439.7090393574033
50;2025-06-28;22;255.16705897099467
50;2025-06-28;23;166.11767252227182
50;2025-06-29;0;52.76417361142909
50;2025-06-29;1;0.0
50;2025-06-29;2;0.0
50;2025-06-29;3;0.0
50;2025-06-29;4;0.0
50;2025-06-29;5;25.096079289569957
50;2025-06-29;6;156.9608597570749
50;2025-06-29;7;283.61699206058654
50;2025-06-29;8;397.9333044706617
50;2025-06-29;9;467.37358335827594
50;2025-06-29;10;506.3682177668615
50;2025-06-29;11;598.9340300880096
50;2025-06-29;12;634.0579582499856
50;2025-06-29;13;668.1919672100728
50;2025-06-29;14;690.7194764196904
50;2025-06-29;15;620.8778260611859
50;2025-06-29;16;614.0346771187376
50;2025-06-29;17;627.7375279121478
50;2025-06-29;18;592.9077807356391
50;2025-06-29;19;546.3808522735202
50;2025-06-29;20;479.04407437909197
50;2025-06-29;21;371.4335467425485
50;2025-06-29;22;220.37940832571903
50;2025-06-29;23;126.40290639841868
50;2025-06-30;0;38.27754071962603
50;2025-06-30;1;0.0
50;2025-06-30;2;0.0
50;2025-06-30;3;0.0
50;2025-06-30;4;0.0
50;2025-06-30;5;57.31142851002387
50;2025-06-30;6;499.51573068223155
50;2025-06-30;7;1546.2844208560164
50;2025-06-30;8;2356.3192435631117
50;2025-06-30;9;1918.1204318543535
50;2025-06-30;10;1464.462525372145
50;2025-06-30;11;1341.3888986915158
50;2025-06-30;12;1259.8392746494167
50;2025-06-30;13;1290.825750601145
50;2025-06-30;14;1228.781245132901
50;2025-06-30;15;1322.9623616415747
50;2025-06-30;16;1423.0397878041988
50;2025-06-30;17;1923.6161635692797
50;2025-06-30;18;2086.698147681407
50;2025-06-30;19;1382.6930277463175
50;2025-06-30;20;899.9376313400187
50;2025-06-30;21;595.5357815619686
50;2025-06-30;22;298.8804839183586
50;2025-06-30;23;132.06666199737947
50;2025-07-01;0;38.16555693033993
50;2025-07-01;1;0.0
50;2025-07-01;2;0.0
50;2025-07-01;3;0.0
50;2025-07-01;4;0.0
50;2025-07-01;5;59.31865832592988
50;2025-07-01;6;554.1554757855613
50;2025-07-01;7;1627.509803933728
50;2025-07-01;8;2384.731758402816
50;2025-07-01;9;1962.4096907335875
50;2025-07-01;10;1507.652601258771
50;2025-07-01;11;1413.0897451227997
50;2025-07-01;12;1333.0897397657302
50;2025-07-01;13;1367.3708688675501
50;2025-07-01;14;1309.2067657669108
50;2025-07-01;15;1367.8961892759148
50;2025-07-01;16;1488.2048115221487
50;2025-07-01;17;2021.6749166773898
50;2025-07-01;18;2160.9812232108898
50;2025-07-01;19;1375.4961237658572
50;2025-07-01;20;954.3878113567849
50;2025-07-01;21;628.5128938773225
50;2025-07-01;22;323.3827657576429
50;2025-07-01;23;146.3045206396311
50;2025-07-02;0;40.200461472321194
50;2025-07-02;1;0.0
50;2025-07-02;2;0.0
50;2025-07-02;3;0.0
50;2025-07-02;4;0.0
50;2025-07-02;5;62.87542120380827
50;2025-07-02;6;534.1618245838238
50;2025-07-02;7;1639.8561810765436
50;2025-07-02;8;2491.2954259145476
50;2025-07-02;9;2041.0374190943867
50;2025-07-02;10;1518.620307639385
50;2025-07-02;11;1461.936555504874
50;2025-07-02;12;1370.0895444881742
50;2025-07-02;13;1445.20818649825
50;2025-07-02;14;1387.3981660625468
50;2025-07-02;15;1493.619909682834
50;2025-07-02;16;1629.7535823339986
50;2025-07-02;17;2078.8841276524363
50;2025-07-02;18;2109.4547758517792
50;2025-07-02;19;1482.1088387336167
50;2025-07-02;20;979.5576510981371
50;2025-07-02;21;687.0818987352015
50;2025-07-02;22;372.1896040716307
50;2025-07-02;23;170.4140198030521
50;2025-07-03;0;48.09595644139618
50;2025-07-03;1;0.0
50;2025-07-03;2;0.0
50;2025-07-03;3;0.0
50;2025-07-03;4;0.0
50;2025-07-03;5;69.72330406306534
50;2025-07-03;6;549.6435028957067
50;2025-07-03;7;1667.3930109280286
50;2025-07-03;8;2514.832143472536
50;2025-07-03;9;2067.5250234601504
50;2025-07-03;10;1601.437259117317
50;2025-07-03;11;1491.6570100615118
50;2025-07-03;12;1407.0694580642044
50;2025-07-03;13;1415.9877145953606
50;2025-07-03;14;1354.7360411588215
50;2025-07-03;15;1461.610988847311
50;2025-07-03;16;1643.3647118374602
50;2025-07-03;17;2170.604830108522
50;2025-07-03;18;2271.1421754030207
50;2025-07-03;19;1519.627329720167
50;2025-07-03;20;1062.1765614302942
50;2025-07-03;21;750.0474210068237
50;2025-07-03;22;385.2322419281263
50;2025-07-03;23;183.44464352908716
50;2025-07-04;0;52.4026992301012
50;2025-07-04;1;0.0
50;2025-07-04;2;0.0
50;2025-07-04;3;0.0
50;2025-07-04;4;0.0
50;2025-07-04;5;62.9997409070168
50;2025-07-04;6;539.2358702404454
50;2025-07-04;7;1619.3887663428845
50;2025-07-04;8;2435.6604155988175
50;2025-07-04;9;1980.6967961299983
50;2025-07-04;10;1562.1245133137404
50;2025-07-04;11;1532.890733707853
50;2025-07-04;12;1454.021743722638
50;2025-07-04;13;1446.560188719884
50;2025-07-04;14;1392.530653444743
50;2025-07-04;15;1634.2228455316886
50;2025-07-04;16;1865.100074482465
50;2025-07-04;17;2037.4667026149232
50;2025-07-04;18;1729.0853946220918
50;2025-07-04;19;1255.9610432130182
50;2025-07-04;20;936.0233802167729
50;2025-07-04;21;645.8066459977388
50;2025-07-04;22;382.724448946371
50;2025-07-04;23;214.88174757975503
50;2025-07-05;0;63.91927327509195
50;2025-07-05;1;0.0
50;2025-07-05;2;0.0
50;2025-07-05;3;0.0
50;2025-07-05;4;0.0
50;2025-07-05;5;28.834638786248767
50;2025-07-05;6;195.7582966141231
50;2025-07-05;7;388.27998957201635
50;2025-07-05;8;581.0158458945169
50;2025-07-05;9;644.7953199950937
50;2025-07-05;10;621.9569076032583
50;2025-07-05;11;753.3877221696142
50;2025-07-05;12;769.0210262215826
50;2025-07-05;13;810.5102388424125
50;2025-07-05;14;800.3682030901614
50;2025-07-05;15;761.8697577072414
50;2025-07-05;16;736.1004459980202
50;2025-07-05;17;750.2918710996817
50;2025-07-05;18;684.9677087621329
50;2025-07-05;19;672.5009896880007
50;2025-07-05;20;553.1307082672752
50;2025-07-05;21;442.66391809742834
50;2025-07-05;22;257.46337201104393
50;2025-07-05;23;167.80898587558232
50;2025-07-06;0;55.23475327204227
50;2025-07-06;1;0.0
50;2025-07-06;2;0.0
50;2025-07-06;3;0.0
50;2025-07-06;4;0.0
50;2025-07-06;5;25.035959773853286
50;2025-07-06;6;149.1461230169349
50;2025-07-06;7;262.5891255686822
50;2025-07-06;8;383.4859062598222
50;2025-07-06;9;466.33297625741693
50;2025-07-06;10;511.6804408650465
50;2025-07-06;11;608.1820776190322
50;2025-07-06;12;649.0213186424185
50;2025-07-06;13;695.9428670585264
50;2025-07-06;14;720.4792905405056
50;2025-07-06;15;655.6860906151089
50;2025-07-06;16;644.0034973654836
50;2025-07-06;17;662.7795946839612
50;2025-07-06;18;624.5181107654253
50;2025-07-06;19;574.591869094716
50;2025-07-06;20;501.2308066829286
50;2025-07-06;21;391.20411606403565
50;2025-07-06;22;232.1650633909004
50;2025-07-06;23;133.2372220886572
50;2025-07-07;0;45.76047858043359
50;2025-07-07;1;0.0
50;2025-07-07;2;0.0
50;2025-07-07;3;0.0
50;2025-07-07;4;0.0
50;2025-07-07;5;59.49112118113642
50;2025-07-07;6;514.7538619908694
50;2025-07-07;7;1620.8810924488173
50;2025-07-07;8;2492.998298609841
50;2025-07-07;9;2016.121795365436
50;2025-07-07;10;1549.8361149054099
50;2025-07-07;11;1418.8686570715092
50;2025-07-07;12;1337.1093558683274
50;2025-07-07;13;1388.3430491427127
50;2025-07-07;14;1328.920933223995
50;2025-07-07;15;1431.3749192618207
50;2025-07-07;16;1555.0467099923096
50;2025-07-07;17;2091.3728581937075
50;2025-07-07;18;2249.940666876004
50;2025-07-07;19;1499.0657880526142
50;2025-07-07;20;978.5108178787041
50;2025-07-07;21;649.9746790133714
50;2025-07-07;22;331.81933178240007
50;2025-07-07;23;153.8048259365508
50;2025-07-08;0;44.35103720947766
50;2025-07-08;1;0.0
50;2025-07-08;2;0.0
50;2025-07-08;3;0.0
50;2025-07-08;4;0.0
50;2025-07-08;5;59.01059351550241
50;2025-07-08;6;560.5915747089787
50;2025-07-08;7;1663.843801865494
50;2025-07-08;8;2458.7030333337198
50;2025-07-08;9;2020.7155193431895
50;2025-07-08;10;1556.1620399349913
50;2025-07-08;11;1457.4434288021002
50;2025-07-08;12;1375.9953788449034
50;2025-07-08;13;1415.1005861079466
50;2025-07-08;14;1358.6418405549252
50;2025-07-08;15;1416.7548661803394
50;2025-07-08;16;1553.924798293827
50;2025-07-08;17;2114.8776072421115
50;2025-07-08;18;2258.5721507225553
50;2025-07-08;19;1438.4190761683074
50;2025-07-08;20;1008.9474836685274
50;2025-07-08;21;669.139217598918
50;2025-07-08;22;348.36923122153735
50;2025-07-08;23;166.7033142284048
50;2025-07-09;0;45.887590305228755
50;2025-07-09;1;0.0
50;2025-07-09;2;0.0
50;2025-07-09;3;0.0
50;2025-07-09;4;0.0
50;2025-07-09;5;65.24326400748964
50;2025-07-09;6;548.5797570153306
50;2025-07-09;7;1681.5320002282097
50;2025-07-09;8;2553.822925016403
50;2025-07-09;9;2097.269354769746
50;2025-07-09;10;1559.5904744244062
50;2025-07-09;11;1497.744921853599
50;2025-07-09;12;1401.269047106897
50;2025-07-09;13;1477.8593576455328
50;2025-07-09;14;1413.6637676116156
50;2025-07-09;15;1519.0410011136983
50;2025-07-09;16;1672.358339936892
50;2025-07-09;17;2146.824574643795
50;2025-07-09;18;2188.434442694892
50;2025-07-09;19;1542.378598672066
50;2025-07-09;20;1025.7019397114545
50;2025-07-09;21;722.8722365973763
50;2025-07-09;22;393.940094327222
50;2025-07-09;23;187.01210222548553
50;2025-07-10;0;60.968512999620025
50;2025-07-10;1;0.0
50;2025-07-10;2;0.0
50;2025-07-10;3;0.0
50;2025-07-10;4;0.0
50;2025-07-10;5;88.34326657243969
50;2025-07-10;6;692.1727334392008
50;2025-07-10;7;2085.1634834315837
50;2025-07-10;8;3129.996019958612
50;2025-07-10;9;2589.6945480375816
50;2025-07-10;10;1995.4839746242696
50;2025-07-10;11;1857.3298032388477
50;2025-07-10;12;1751.8532424932503
50;2025-07-10;13;1765.946853687904
50;2025-07-10;14;1690.576857102122
50;2025-07-10;15;1816.879582369491
50;2025-07-10;16;2055.0699158081393
50;2025-07-10;17;2716.1962271005686
50;2025-07-10;18;2863.192063153596
50;2025-07-10;19;1919.635499324831
50;2025-07-10;20;1335.1656566553122
50;2025-07-10;21;944.1897400485805
50;2025-07-10;22;485.4309017179726
50;2025-07-10;23;231.504657925738
50;2025-07-11;0;67.14527412704382
50;2025-07-11;1;0.0
50;2025-07-11;2;0.0
50;2025-07-11;3;0.0
50;2025-07-11;4;0.0
50;2025-07-11;5;80.99925894682204
50;2025-07-11;6;682.9144069741512
50;2025-07-11;7;2034.952983566512
50;2025-07-11;8;3047.708522210623
50;2025-07-11;9;2500.243327116553
50;2025-07-11;10;1962.64807810308
50;2025-07-11;11;1927.0335922045147
50;2025-07-11;12;1826.3197598950273
50;2025-07-11;13;1817.4402528457324
50;2025-07-11;14;1750.871687638621
50;2025-07-11;15;2057.1089443709257
50;2025-07-11;16;2347.8886048297336
50;2025-07-11;17;2553.5374728861543
50;2025-07-11;18;2197.363919968077
50;2025-07-11;19;1603.8644061854818
50;2025-07-11;20;1191.7782039530225
50;2025-07-11;21;822.5275006472218
50;2025-07-11;22;490.11904430399557
50;2025-07-11;23;275.3554548857188
50;2025-07-12;0;79.79818554096532
50;2025-07-12;1;0.0
50;2025-07-12;2;0.0
50;2025-07-12;3;0.0
50;2025-07-12;4;0.0
50;2025-07-12;5;34.8735164986316
50;2025-07-12;6;238.33238647839843
50;2025-07-12;7;471.5899630316894
50;2025-07-12;8;706.3268367430564
50;2025-07-12;9;789.4689588873134
50;2025-07-12;10;755.213026954465
50;2025-07-12;11;914.1752061958841
50;2025-07-12;12;931.6929505018991
50;2025-07-12;13;985.4428470454866
50;2025-07-12;14;975.4418834931988
50;2025-07-12;15;916.1125516839194
50;2025-07-12;16;896.3187504704961
50;2025-07-12;17;916.1854408954141
50;2025-07-12;18;843.4618736894452
50;2025-07-12;19;825.7385139936071
50;2025-07-12;20;682.3040821166046
50;2025-07-12;21;550.4760784090449
50;2025-07-12;22;319.8773971836514
50;2025-07-12;23;206.77765036914116
50;2025-07-13;0;65.51107203144392
50;2025-07-13;1;0.0
50;2025-07-13;2;0.0
50;2025-07-13;3;0.0
50;2025-07-13;4;0.0
50;2025-07-13;5;31.120813086976018
50;2025-07-13;6;187.21996847642833
50;2025-07-13;7;330.39544171162186
50;2025-07-13;8;462.7988878593055
50;2025-07-13;9;554.6646314699942
50;2025-07-13;10;597.2839213911182
50;2025-07-13;11;706.6321364418992
50;2025-07-13;12;748.8286987843525
50;2025-07-13;13;804.833487277331
50;2025-07-13;14;833.1871651988563
50;2025-07-13;15;746.8881654018742
50;2025-07-13;16;747.1492279047098
50;2025-07-13;17;771.5673588829789
50;2025-07-13;18;730.9079525187492
50;2025-07-13;19;677.556600855515
50;2025-07-13;20;592.9670977993617
50;2025-07-13;21;465.082883286214
50;2025-07-13;22;276.4821739522895
50;2025-07-13;23;159.66854183889933
50;2025-07-14;0;54.665352354118625
50;2025-07-14;1;0.0
50;2025-07-14;2;0.0
50;2025-07-14;3;0.0
50;2025-07-14;4;0.0
50;2025-07-14;5;72.77825104339396
50;2025-07-14;6;611.2467031295448
50;2025-07-14;7;1888.7839023915226
50;2025-07-14;8;2871.8089428993294
50;2025-07-14;9;2344.418447262089
50;2025-07-14;10;1788.2585931204032
50;2025-07-14;11;1632.627198370766
50;2025-07-14;12;1532.8037000943136
50;2025-07-14;13;1589.8776372536834
50;2025-07-14;14;1516.1739426029799
50;2025-07-14;15;1638.8073859870492
50;2025-07-14;16;1774.458794489281
50;2025-07-14;17;2406.9221505739897
50;2025-07-14;18;2623.9924005625485
50;2025-07-14;19;1751.8439894789076
50;2025-07-14;20;1151.8185924452541
50;2025-07-14;21;766.7540323022856
50;2025-07-14;22;392.5123230794478
50;2025-07-14;23;183.21520957919108
50;2025-07-15;0;54.51625508726617
50;2025-07-15;1;0.0
50;2025-07-15;2;0.0
50;2025-07-15;3;0.0
50;2025-07-15;4;0.0
50;2025-07-15;5;74.46197627813746
50;2025-07-15;6;683.5337014324543
50;2025-07-15;7;2002.0190726494493
50;2025-07-15;8;2927.063010639863
50;2025-07-15;9;2416.1450127669864
50;2025-07-15;10;1855.3647840925323
50;2025-07-15;11;1735.9110158959018
50;2025-07-15;12;1635.69306282204
50;2025-07-15;13;1680.644421592472
50;2025-07-15;14;1608.2957840003753
50;2025-07-15;15;1683.6392326952077
50;2025-07-15;16;1847.8493672556756
50;2025-07-15;17;2521.0260774641793
50;2025-07-15;18;2709.4074587890937
50;2025-07-15;19;1736.5018636759255
50;2025-07-15;20;1228.1651196534883
50;2025-07-15;21;815.0167646904197
50;2025-07-15;22;426.23726976099135
50;2025-07-15;23;204.8671024641862
50;2025-07-16;0;57.09834298093334
50;2025-07-16;1;0.0
50;2025-07-16;2;0.0
50;2025-07-16;3;0.0
50;2025-07-16;4;0.0
50;2025-07-16;5;79.95564208314738
50;2025-07-16;6;669.4110541458114
50;2025-07-16;7;2044.1459391802487
50;2025-07-16;8;3089.1219164977747
50;2025-07-16;9;2543.1440990517967
50;2025-07-16;10;1892.3853627024778
50;2025-07-16;11;1814.6529717794763
50;2025-07-16;12;1696.022804375335
50;2025-07-16;13;1792.3103061474653
50;2025-07-16;14;1709.3371183315614
50;2025-07-16;15;1851.9911971333252
50;2025-07-16;16;2022.31309301834
50;2025-07-16;17;2610.18379334144
50;2025-07-16;18;2670.4121194555755
50;2025-07-16;19;1884.7841149695137
50;2025-07-16;20;1261.852276925625
50;2025-07-16;21;890.4551627818174
50;2025-07-16;22;486.7230926130394
50;2025-07-16;23;231.41471668533433
50;2025-07-17;0;59.68458162889043
50;2025-07-17;1;0.0
50;2025-07-17;2;0.0
50;2025-07-17;3;0.0
50;2025-07-17;4;0.0
50;2025-07-17;5;84.8357095090067
50;2025-07-17;6;668.1302491406246
50;2025-07-17;7;2018.9446914572004
50;2025-07-17;8;3032.2705196440183
50;2025-07-17;9;2509.2265150999438
50;2025-07-17;10;1938.1682234943657
50;2025-07-17;11;1801.8161762480593
50;2025-07-17;12;1697.715793621865
50;2025-07-17;13;1712.6209483755658
50;2025-07-17;14;1637.3360110100812
50;2025-07-17;15;1770.7036306582029
50;2025-07-17;16;1992.8474654891374
50;2025-07-17;17;2637.053696543878
50;2025-07-17;18;2780.6525825819203
50;2025-07-17;19;1855.4978075262516
50;2025-07-17;20;1296.5987079672914
50;2025-07-17;21;918.4864958520088
50;2025-07-17;22;470.8483330324383
50;2025-07-17;23;224.44032061974391
50;2025-07-18;0;67.30628844840864
50;2025-07-18;1;0.0
50;2025-07-18;2;0.0
50;2025-07-18;3;0.0
50;2025-07-18;4;0.0
50;2025-07-18;5;79.90782025159379
50;2025-07-18;6;671.5461435170521
50;2025-07-18;7;2005.9383865402763
50;2025-07-18;8;3002.178782493167
50;2025-07-18;9;2463.966375478304
50;2025-07-18;10;1941.81589957827
50;2025-07-18;11;1908.834030300016
50;2025-07-18;12;1806.0901372223066
50;2025-07-18;13;1797.7346789811563
50;2025-07-18;14;1729.2395351717
50;2025-07-18;15;2033.548020802409
50;2025-07-18;16;2320.9300019277666
50;2025-07-18;17;2527.2618113357453
50;2025-07-18;18;2171.553234849217
50;2025-07-18;19;1583.4198934575604
50;2025-07-18;20;1186.2376363216836
50;2025-07-18;21;819.7469191688906
50;2025-07-18;22;488.98078306660256
50;2025-07-18;23;275.5891645871824
50;2025-07-19;0;79.7314940815011
50;2025-07-19;1;0.0
50;2025-07-19;2;0.0
50;2025-07-19;3;0.0
50;2025-07-19;4;0.0
50;2025-07-19;5;34.74130946350316
50;2025-07-19;6;234.5483900217955
50;2025-07-19;7;461.99224981682664
50;2025-07-19;8;694.8181840653501
50;2025-07-19;9;781.1237401525041
50;2025-07-19;10;749.0453323889242
50;2025-07-19;11;902.7999799049319
50;2025-07-19;12;917.9783306364595
50;2025-07-19;13;970.7574300854478
50;2025-07-19;14;961.3941918491786
50;2025-07-19;15;915.9128138714067
50;2025-07-19;16;880.3130826051284
50;2025-07-19;17;900.9712216707771
50;2025-07-19;18;830.6311634359612
50;2025-07-19;19;817.3891115524169
50;2025-07-19;20;679.5968152583965
50;2025-07-19;21;548.1898526193579
50;2025-07-19;22;319.32153680503444
50;2025-07-19;23;206.55193294564035
50;2025-07-20;0;66.71050210808204
50;2025-07-20;1;0.0
50;2025-07-20;2;0.0
50;2025-07-20;3;0.0
50;2025-07-20;4;0.0
50;2025-07-20;5;30.55764224088336
50;2025-07-20;6;186.70016330565534
50;2025-07-20;7;330.7508191381845
50;2025-07-20;8;467.23133722180313
50;2025-07-20;9;558.0388019055094
50;2025-07-20;10;603.4105462288237
50;2025-07-20;11;713.3398064335886
50;2025-07-20;12;755.1660632142301
50;2025-07-20;13;811.5864057016624
50;2025-07-20;14;841.740875752477
50;2025-07-20;15;764.2410104075122
50;2025-07-20;16;757.7597299769113
50;2025-07-20;17;780.4528367883286
50;2025-07-20;18;737.7227352973871
50;2025-07-20;19;682.849786255744
50;2025-07-20;20;598.7699386971955
50;2025-07-20;21;470.27784899862513
50;2025-07-20;22;279.9434669517538
50;2025-07-20;23;161.94428268837703
50;2025-07-21;0;53.19339093668887
50;2025-07-21;1;0.0
50;2025-07-21;2;0.0
50;2025-07-21;3;0.0
50;2025-07-21;4;0.0
50;2025-07-21;5;74.53297955079952
50;2025-07-21;6;597.725586210525
50;2025-07-21;7;1846.7000869928627
50;2025-07-21;8;2817.4669450494857
50;2025-07-21;9;2297.360096694558
50;2025-07-21;10;1750.3455529167572
50;2025-07-21;11;1600.3092926056297
50;2025-07-21;12;1501.1268805233685
50;2025-07-21;13;1553.9238198452817
50;2025-07-21;14;1484.2240126262568
50;2025-07-21;15;1603.926162793994
50;2025-07-21;16;1735.7916838691463
50;2025-07-21;17;2355.526572001124
50;2025-07-21;18;2564.2123261133734
50;2025-07-21;19;1708.1206574679534
50;2025-07-21;20;1125.687408535858
50;2025-07-21;21;750.593846742959
50;2025-07-21;22;382.97792275262765
50;2025-07-21;23;179.7937900276803
50;2025-07-22;0;54.779287467805574
50;2025-07-22;1;0.0
50;2025-07-22;2;0.0
50;2025-07-22;3;0.0
50;2025-07-22;4;0.0
50;2025-07-22;5;73.89284507283959
50;2025-07-22;6;678.5707668506338
50;2025-07-22;7;1995.4476827033845
50;2025-07-22;8;2929.3695508325436
50;2025-07-22;9;2412.519862379251
50;2025-07-22;10;1849.9095852458245
50;2025-07-22;11;1735.0172902170366
50;2025-07-22;12;1634.7427261504986
50;2025-07-22;13;1679.3320006103984
50;2025-07-22;14;1608.0657998066117
50;2025-07-22;15;1684.6492869236733
50;2025-07-22;16;1848.8099057625545
50;2025-07-22;17;2520.2718478518973
50;2025-07-22;18;2707.6954652298514
50;2025-07-22;19;1731.9116269358087
50;2025-07-22;20;1226.553788059195
50;2025-07-22;21;815.100063546274
50;2025-07-22;22;425.06104107543104
50;2025-07-22;23;205.3523713955561
50;2025-07-23;0;55.53042810235617
50;2025-07-23;1;0.0
50;2025-07-23;2;0.0
50;2025-07-23;3;0.0
50;2025-07-23;4;0.0
50;2025-07-23;5;78.80644869681208
50;2025-07-23;6;658.6294268453676
50;2025-07-23;7;2016.0410817127763
50;2025-07-23;8;3055.9621781637197
50;2025-07-23;9;2515.0158495629967
50;2025-07-23;10;1867.2815817806595
50;2025-07-23;11;1793.769134330011
50;2025-07-23;12;1674.8296768819496
50;2025-07-23;13;1770.0395047744164
50;2025-07-23;14;1688.350857386864
50;2025-07-23;15;1830.4685551380364
50;2025-07-23;16;2002.1626970654902
50;2025-07-23;17;2576.097479794688
50;2025-07-23;18;2641.0115509148786
50;2025-07-23;19;1858.0167169163801
50;2025-07-23;20;1237.1221236798442
50;2025-07-23;21;872.3451431637559
50;2025-07-23;22;477.9351113061131
50;2025-07-23;23;227.8670015794147
50;2025-07-24;0;59.33159468616826
50;2025-07-24;1;0.0
50;2025-07-24;2;0.0
50;2025-07-24;3;0.0
50;2025-07-24;4;0.0
50;2025-07-24;5;85.40154941899922
50;2025-07-24;6;668.6156378372966
50;2025-07-24;7;2025.9133260404417
50;2025-07-24;8;3049.601061716665
50;2025-07-24;9;2517.6433840424706
50;2025-07-24;10;1941.1462275637787
50;2025-07-24;11;1809.3647076966445
50;2025-07-24;12;1707.2926171043741
50;2025-07-24;13;1724.3310184316406
50;2025-07-24;14;1644.8566538371147
50;2025-07-24;15;1767.6009921997834
50;2025-07-24;16;1999.9715792003813
50;2025-07-24;17;2653.3005701557495
50;2025-07-24;18;2791.765888078447
50;2025-07-24;19;1865.4367166674015
50;2025-07-24;20;1301.4562009003666
50;2025-07-24;21;920.0652573738064
50;2025-07-24;22;472.79606286088585
50;2025-07-24;23;227.89440902382677
50;2025-07-25;0;65.1020842107217
50;2025-07-25;1;0.0
50;2025-07-25;2;0.0
50;2025-07-25;3;0.0
50;2025-07-25;4;0.0
50;2025-07-25;5;77.63181857135777
50;2025-07-25;6;659.35665986253
50;2025-07-25;7;1974.1908986901817
50;2025-07-25;8;2955.94932881139
50;2025-07-25;9;2424.216734173071
50;2025-07-25;10;1907.1342298310128
50;2025-07-25;11;1877.0264728656562
50;2025-07-25;12;1777.9961889620188
50;2025-07-25;13;1772.1617278166543
50;2025-07-25;14;1705.23125000454
50;2025-07-25;15;2004.8949772554192
50;2025-07-25;16;2291.9484894540037
50;2025-07-25;17;2494.999506722441
50;2025-07-25;18;2140.969161910177
50;2025-07-25;19;1551.9563194831599
50;2025-07-25;20;1152.0244557959513
50;2025-07-25;21;795.7201583194089
50;2025-07-25;22;475.14683791264054
50;2025-07-25;23;268.6046144367979
50;2025-07-26;0;82.63401084733096
50;2025-07-26;1;0.0
50;2025-07-26;2;0.0
50;2025-07-26;3;0.0
50;2025-07-26;4;0.0
50;2025-07-26;5;35.68914916655414
50;2025-07-26;6;240.3293661203338
50;2025-07-26;7;476.1640281246033
50;2025-07-26;8;716.0445642078308
50;2025-07-26;9;797.5138257906153
50;2025-07-26;10;764.808176488445
50;2025-07-26;11;922.6169275184445
50;2025-07-26;12;940.6652164588116
50;2025-07-26;13;996.6073657370657
50;2025-07-26;14;987.5211346761683
50;2025-07-26;15;941.9409457017537
50;2025-07-26;16;910.1973073208313
50;2025-07-26;17;932.1949362785524
50;2025-07-26;18;856.7641985400824
50;2025-07-26;19;839.3844463463215
50;2025-07-26;20;696.0613184066965
50;2025-07-26;21;561.1749390998001
50;2025-07-26;22;327.35402936594835
50;2025-07-26;23;213.464776776358
50;2025-07-27;0;71.38356387535767
50;2025-07-27;1;0.0
50;2025-07-27;2;0.0
50;2025-07-27;3;0.0
50;2025-07-27;4;0.0
50;2025-07-27;5;31.276414815404568
50;2025-07-27;6;184.13025659996583
50;2025-07-27;7;323.18852046182406
50;2025-07-27;8;479.4139091947162
50;2025-07-27;9;582.8204488662109
50;2025-07-27;10;631.0270031871038
50;2025-07-27;11;748.6434505635834
50;2025-07-27;12;798.0522239709844
50;2025-07-27;13;861.0212934138818
50;2025-07-27;14;892.7335264085667
50;2025-07-27;15;813.1455646839606
50;2025-07-27;16;806.5665511256045
50;2025-07-27;17;834.5360216291448
50;2025-07-27;18;785.1919934589718
50;2025-07-27;19;724.2114888421463
50;2025-07-27;20;634.85781491999
50;2025-07-27;21;499.3606233075186
50;2025-07-27;22;298.2387302004799
50;2025-07-27;23;172.82456806417798
50;2025-07-28;0;57.04752339286725
50;2025-07-28;1;0.0
50;2025-07-28;2;0.0
50;2025-07-28;3;0.0
50;2025-07-28;4;0.0
50;2025-07-28;5;74.3020412835489
50;2025-07-28;6;632.4223271006589
50;2025-07-28;7;1985.3067358314001
50;2025-07-28;8;3043.227377728459
50;2025-07-28;9;2469.257503884628
50;2025-07-28;10;1885.163218551423
50;2025-07-28;11;1730.5836536682282
50;2025-07-28;12;1628.2836144760922
50;2025-07-28;13;1694.0976736083617
50;2025-07-28;14;1613.7903575740283
50;2025-07-28;15;1745.4125826502238
50;2025-07-28;16;1896.3400794241493
50;2025-07-28;17;2566.099427213193
50;2025-07-28;18;2779.293442527691
50;2025-07-28;19;1854.4260335201993
50;2025-07-28;20;1211.7546719497284
50;2025-07-28;21;804.7976831155154
50;2025-07-28;22;412.5534524592017
50;2025-07-28;23;193.8287553636593
50;2025-07-29;0;56.14113506097531
50;2025-07-29;1;0.0
50;2025-07-29;2;0.0
50;2025-07-29;3;0.0
50;2025-07-29;4;0.0
50;2025-07-29;5;76.43905057862239
50;2025-07-29;6;710.6278166833233
50;2025-07-29;7;2107.528204688683
50;2025-07-29;8;3103.126220624853
50;2025-07-29;9;2549.2165954961474
50;2025-07-29;10;1954.5216243714997
50;2025-07-29;11;1841.072553780419
50;2025-07-29;12;1740.46280130759
50;2025-07-29;13;1797.093378359428
50;2025-07-29;14;1717.9151739813071
50;2025-07-29;15;1795.7134074212117
50;2025-07-29;16;1975.5696421516482
50;2025-07-29;17;2690.4615478828673
50;2025-07-29;18;2876.307690286032
50;2025-07-29;19;1842.3387364074683
50;2025-07-29;20;1293.734852601976
50;2025-07-29;21;857.4462768263106
50;2025-07-29;22;448.9660018608231
50;2025-07-29;23;217.589765543218
50;2025-07-30;0;57.063826145956774
50;2025-07-30;1;0.0
50;2025-07-30;2;0.0
50;2025-07-30;3;0.0
50;2025-07-30;4;0.0
50;2025-07-30;5;81.73112843560614
50;2025-07-30;6;678.4572703725669
50;2025-07-30;7;2074.7116361048593
50;2025-07-30;8;3138.7913914505784
50;2025-07-30;9;2584.530747679226
50;2025-07-30;10;1909.5947766451466
50;2025-07-30;11;1837.8660431580354
50;2025-07-30;12;1719.0270932947353
50;2025-07-30;13;1819.7683066117304
50;2025-07-30;14;1736.9686763171426
50;2025-07-30;15;1873.2093994445331
50;2025-07-30;16;2061.0743123907723
50;2025-07-30;17;2649.9023918505954
50;2025-07-30;18;2719.3737321785165
50;2025-07-30;19;1917.1856228871566
50;2025-07-30;20;1275.276760820425
50;2025-07-30;21;897.8097138148728
50;2025-07-30;22;489.26258293673163
50;2025-07-30;23;236.51391875581965
50;2025-07-31;0;60.56505792889518
50;2025-07-31;1;0.0
50;2025-07-31;2;0.0
50;2025-07-31;3;0.0
50;2025-07-31;4;0.0
50;2025-07-31;5;87.5272390382361
50;2025-07-31;6;679.7870972958037
50;2025-07-31;7;2053.1678898559762
50;2025-07-31;8;3080.7626999474987
50;2025-07-31;9;2553.07519802545
50;2025-07-31;10;1962.9559925368962
50;2025-07-31;11;1830.9443556835904
50;2025-07-31;12;1726.125751207565
50;2025-07-31;13;1744.376003278001
50;2025-07-31;14;1665.9739244443122
50;2025-07-31;15;1796.167268146424
50;2025-07-31;16;2030.6251512683484
50;2025-07-31;17;2683.2555453657405
50;2025-07-31;18;2838.0286095083734
50;2025-07-31;19;1899.7102291247966
50;2025-07-31;20;1324.995922426318
50;2025-07-31;21;936.4099445984649
50;2025-07-31;22;480.93725280256655
50;2025-07-31;23;233.7297170048955
