route;date;prediction;cutoff;covariates
1;2025-07-01;17756.201;2025-06-30;False
1;2025-07-02;17704.475;2025-06-30;False
1;2025-07-03;17371.385;2025-06-30;False
1;2025-07-04;16980.371;2025-06-30;False
1;2025-07-05;8656.474;2025-06-30;False
1;2025-07-06;7753.4854;2025-06-30;False
1;2025-07-07;16790.764;2025-06-30;False
1;2025-07-08;17132.734;2025-06-30;False
1;2025-07-09;17003.496;2025-06-30;False
1;2025-07-10;16655.518;2025-06-30;False
1;2025-07-11;16287.103;2025-06-30;False
1;2025-07-12;8240.693;2025-06-30;False
1;2025-07-13;7374.4717;2025-06-30;False
1;2025-07-14;16448.12;2025-06-30;False
1;2025-07-15;16668.822;2025-06-30;False
1;2025-07-16;16640.037;2025-06-30;False
1;2025-07-17;16320.516;2025-06-30;False
1;2025-07-18;15913.744;2025-06-30;False
1;2025-07-19;8140.909;2025-06-30;False
1;2025-07-20;7494.6035;2025-06-30;False
1;2025-07-21;15949.533;2025-06-30;False
1;2025-07-22;16079.476;2025-06-30;False
1;2025-07-23;15999.347;2025-06-30;False
1;2025-07-24;16004.573;2025-06-30;False
1;2025-07-25;15635.963;2025-06-30;False
1;2025-07-26;8136.8203;2025-06-30;False
1;2025-07-27;7426.874;2025-06-30;False
1;2025-07-28;15672.152;2025-06-30;False
1;2025-07-29;15789.901;2025-06-30;False
1;2025-07-30;15691.339;2025-06-30;False
1;2025-07-31;15599.828;2025-06-30;False
1;2025-08-01;15496.016;2025-06-30;False
1;2025-08-02;7715.166;2025-06-30;False
1;2025-08-03;7056.0996;2025-06-30;False
1;2025-08-04;15118.165;2025-06-30;False
1;2025-08-05;15290.888;2025-06-30;False
1;2025-08-06;15349.363;2025-06-30;False
1;2025-08-07;15208.737;2025-06-30;False
1;2025-08-08;14983.257;2025-06-30;False
1;2025-08-09;7616.4053;2025-06-30;False
1;2025-08-10;6935.6934;2025-06-30;False
1;2025-08-11;14877.846;2025-06-30;False
1;2025-08-12;15294.104;2025-06-30;False
1;2025-08-13;15225.58;2025-06-30;False
1;2025-08-14;15223.854;2025-06-30;False
1;2025-08-15;15055.4795;2025-06-30;False
1;2025-08-16;7709.84;2025-06-30;False
1;2025-08-17;7123.535;2025-06-30;False
1;2025-08-18;14588.342;2025-06-30;False
1;2025-08-19;14910.697;2025-06-30;False
1;2025-08-20;14653.381;2025-06-30;False
1;2025-08-21;14425.991;2025-06-30;False
1;2025-08-22;13979.266;2025-06-30;False
1;2025-08-23;7571.3506;2025-06-30;False
1;2025-08-24;6887.1426;2025-06-30;False
1;2025-08-25;14559.789;2025-06-30;False
1;2025-08-26;14767.705;2025-06-30;False
1;2025-08-27;14337.58;2025-06-30;False
1;2025-08-28;14173.088;2025-06-30;False
1;2025-08-29;13581.846;2025-06-30;False
1;2025-08-30;7528.131;2025-06-30;False
1;2025-08-31;6924.9863;2025-06-30;False
7;2025-07-01;24184.656;2025-06-30;False
7;2025-07-02;24484.377;2025-06-30;False
7;2025-07-03;24221.775;2025-06-30;False
7;2025-07-04;23930.299;2025-06-30;False
7;2025-07-05;14792.251;2025-06-30;False
7;2025-07-06;12233.82;2025-06-30;False
7;2025-07-07;23322.455;2025-06-30;False
7;2025-07-08;23755.0;2025-06-30;False
7;2025-07-09;23898.434;2025-06-30;False
7;2025-07-10;23588.137;2025-06-30;False
7;2025-07-11;23167.615;2025-06-30;False
7;2025-07-12;14055.616;2025-06-30;False
7;2025-07-13;11951.41;2025-06-30;False
7;2025-07-14;22598.66;2025-06-30;False
7;2025-07-15;23178.455;2025-06-30;False
7;2025-07-16;23516.95;2025-06-30;False
7;2025-07-17;23249.297;2025-06-30;False
7;2025-07-18;23008.66;2025-06-30;False
7;2025-07-19;14188.044;2025-06-30;False
7;2025-07-20;12233.437;2025-06-30;False
7;2025-07-21;22791.758;2025-06-30;False
7;2025-07-22;23244.387;2025-06-30;False
7;2025-07-23;23334.963;2025-06-30;False
7;2025-07-24;23316.652;2025-06-30;False
7;2025-07-25;23192.576;2025-06-30;False
7;2025-07-26;13989.814;2025-06-30;False
7;2025-07-27;12099.392;2025-06-30;False
7;2025-07-28;22666.719;2025-06-30;False
7;2025-07-29;23242.73;2025-06-30;False
7;2025-07-30;23545.594;2025-06-30;False
7;2025-07-31;23330.898;2025-06-30;False
7;2025-08-01;23385.672;2025-06-30;False
7;2025-08-02;13900.305;2025-06-30;False
7;2025-08-03;11953.333;2025-06-30;False
7;2025-08-04;22501.611;2025-06-30;False
7;2025-08-05;23087.576;2025-06-30;False
7;2025-08-06;23286.264;2025-06-30;False
7;2025-08-07;23159.512;2025-06-30;False
7;2025-08-08;22982.678;2025-06-30;False
7;2025-08-09;13998.423;2025-06-30;False
7;2025-08-10;12132.252;2025-06-30;False
7;2025-08-11;22611.262;2025-06-30;False
7;2025-08-12;23469.617;2025-06-30;False
7;2025-08-13;23771.922;2025-06-30;False
7;2025-08-14;23797.385;2025-06-30;False
7;2025-08-15;23759.176;2025-06-30;False
7;2025-08-16;14414.953;2025-06-30;False
7;2025-08-17;12480.066;2025-06-30;False
7;2025-08-18;23567.014;2025-06-30;False
7;2025-08-19;24161.426;2025-06-30;False
7;2025-08-20;24479.56;2025-06-30;False
7;2025-08-21;24045.979;2025-06-30;False
7;2025-08-22;23726.254;2025-06-30;False
7;2025-08-23;14814.921;2025-06-30;False
7;2025-08-24;13097.492;2025-06-30;False
7;2025-08-25;23778.87;2025-06-30;False
7;2025-08-26;24279.988;2025-06-30;False
7;2025-08-27;24372.33;2025-06-30;False
7;2025-08-28;24101.688;2025-06-30;False
7;2025-08-29;23726.748;2025-06-30;False
7;2025-08-30;15109.707;2025-06-30;False
7;2025-08-31;13239.331;2025-06-30;False
11;2025-07-01;31678.29;2025-06-30;False
11;2025-07-02;31680.107;2025-06-30;False
11;2025-07-03;31303.664;2025-06-30;False
11;2025-07-04;30784.15;2025-06-30;False
11;2025-07-05;21061.615;2025-06-30;False
11;2025-07-06;17577.107;2025-06-30;False
11;2025-07-07;31010.355;2025-06-30;False
11;2025-07-08;31524.305;2025-06-30;False
11;2025-07-09;31213.637;2025-06-30;False
11;2025-07-10;30845.225;2025-06-30;False
11;2025-07-11;30200.338;2025-06-30;False
11;2025-07-12;20888.045;2025-06-30;False
11;2025-07-13;17495.945;2025-06-30;False
11;2025-07-14;31166.285;2025-06-30;False
11;2025-07-15;31601.383;2025-06-30;False
11;2025-07-16;31419.943;2025-06-30;False
11;2025-07-17;31629.03;2025-06-30;False
11;2025-07-18;31206.51;2025-06-30;False
11;2025-07-19;21834.455;2025-06-30;False
11;2025-07-20;18506.113;2025-06-30;False
11;2025-07-21;31544.89;2025-06-30;False
11;2025-07-22;31982.316;2025-06-30;False
11;2025-07-23;31799.186;2025-06-30;False
11;2025-07-24;31748.771;2025-06-30;False
11;2025-07-25;31388.55;2025-06-30;False
11;2025-07-26;21728.012;2025-06-30;False
11;2025-07-27;18527.264;2025-06-30;False
11;2025-07-28;31541.584;2025-06-30;False
11;2025-07-29;31804.875;2025-06-30;False
11;2025-07-30;31416.127;2025-06-30;False
11;2025-07-31;31101.547;2025-06-30;False
11;2025-08-01;31061.31;2025-06-30;False
11;2025-08-02;21212.016;2025-06-30;False
11;2025-08-03;17694.008;2025-06-30;False
11;2025-08-04;31529.197;2025-06-30;False
11;2025-08-05;31815.938;2025-06-30;False
11;2025-08-06;31605.38;2025-06-30;False
11;2025-08-07;31349.564;2025-06-30;False
11;2025-08-08;30899.111;2025-06-30;False
11;2025-08-09;21347.52;2025-06-30;False
11;2025-08-10;18212.008;2025-06-30;False
11;2025-08-11;31474.805;2025-06-30;False
11;2025-08-12;32035.686;2025-06-30;False
11;2025-08-13;31791.61;2025-06-30;False
11;2025-08-14;31579.988;2025-06-30;False
11;2025-08-15;31290.123;2025-06-30;False
11;2025-08-16;22084.066;2025-06-30;False
11;2025-08-17;18659.988;2025-06-30;False
11;2025-08-18;31925.838;2025-06-30;False
11;2025-08-19;32657.531;2025-06-30;False
11;2025-08-20;32491.729;2025-06-30;False
11;2025-08-21;32269.492;2025-06-30;False
11;2025-08-22;31556.979;2025-06-30;False
11;2025-08-23;21857.27;2025-06-30;False
11;2025-08-24;19234.266;2025-06-30;False
11;2025-08-25;32311.482;2025-06-30;False
11;2025-08-26;32777.023;2025-06-30;False
11;2025-08-27;32372.406;2025-06-30;False
11;2025-08-28;31912.174;2025-06-30;False
11;2025-08-29;30808.357;2025-06-30;False
11;2025-08-30;21865.227;2025-06-30;False
11;2025-08-31;18802.191;2025-06-30;False
12;2025-07-01;33154.785;2025-06-30;False
12;2025-07-02;33262.258;2025-06-30;False
12;2025-07-03;32769.684;2025-06-30;False
12;2025-07-04;32193.03;2025-06-30;False
12;2025-07-05;18409.46;2025-06-30;False
12;2025-07-06;16311.783;2025-06-30;False
12;2025-07-07;32085.05;2025-06-30;False
12;2025-07-08;32849.39;2025-06-30;False
12;2025-07-09;32881.203;2025-06-30;False
12;2025-07-10;32377.068;2025-06-30;False
12;2025-07-11;31497.25;2025-06-30;False
12;2025-07-12;18259.498;2025-06-30;False
12;2025-07-13;16175.127;2025-06-30;False
12;2025-07-14;32199.127;2025-06-30;False
12;2025-07-15;32837.88;2025-06-30;False
12;2025-07-16;32853.67;2025-06-30;False
12;2025-07-17;32451.668;2025-06-30;False
12;2025-07-18;31950.598;2025-06-30;False
12;2025-07-19;18453.402;2025-06-30;False
12;2025-07-20;16537.686;2025-06-30;False
12;2025-07-21;32245.66;2025-06-30;False
12;2025-07-22;33052.336;2025-06-30;False
12;2025-07-23;33125.062;2025-06-30;False
12;2025-07-24;32897.414;2025-06-30;False
12;2025-07-25;32325.957;2025-06-30;False
12;2025-07-26;19005.463;2025-06-30;False
12;2025-07-27;16731.646;2025-06-30;False
12;2025-07-28;32032.88;2025-06-30;False
12;2025-07-29;32870.344;2025-06-30;False
12;2025-07-30;33170.047;2025-06-30;False
12;2025-07-31;32655.387;2025-06-30;False
12;2025-08-01;32385.54;2025-06-30;False
12;2025-08-02;18436.906;2025-06-30;False
12;2025-08-03;16270.371;2025-06-30;False
12;2025-08-04;32371.549;2025-06-30;False
12;2025-08-05;33337.754;2025-06-30;False
12;2025-08-06;33475.625;2025-06-30;False
12;2025-08-07;33147.652;2025-06-30;False
12;2025-08-08;32602.084;2025-06-30;False
12;2025-08-09;19098.145;2025-06-30;False
12;2025-08-10;16696.605;2025-06-30;False
12;2025-08-11;32112.107;2025-06-30;False
12;2025-08-12;33651.11;2025-06-30;False
12;2025-08-13;33871.55;2025-06-30;False
12;2025-08-14;33593.77;2025-06-30;False
12;2025-08-15;33132.094;2025-06-30;False
12;2025-08-16;19305.96;2025-06-30;False
12;2025-08-17;16865.727;2025-06-30;False
12;2025-08-18;33626.285;2025-06-30;False
12;2025-08-19;34696.48;2025-06-30;False
12;2025-08-20;34482.03;2025-06-30;False
12;2025-08-21;34088.992;2025-06-30;False
12;2025-08-22;33088.855;2025-06-30;False
12;2025-08-23;19797.146;2025-06-30;False
12;2025-08-24;17569.812;2025-06-30;False
12;2025-08-25;33706.14;2025-06-30;False
12;2025-08-26;34827.9;2025-06-30;False
12;2025-08-27;34602.707;2025-06-30;False
12;2025-08-28;34264.184;2025-06-30;False
12;2025-08-29;32803.062;2025-06-30;False
12;2025-08-30;19873.334;2025-06-30;False
12;2025-08-31;17691.703;2025-06-30;False
17;2025-07-01;49137.832;2025-06-30;False
17;2025-07-02;49238.75;2025-06-30;False
17;2025-07-03;48633.715;2025-06-30;False
17;2025-07-04;47822.75;2025-06-30;False
17;2025-07-05;34181.78;2025-06-30;False
17;2025-07-06;29005.492;2025-06-30;False
17;2025-07-07;47966.984;2025-06-30;False
17;2025-07-08;48865.2;2025-06-30;False
17;2025-07-09;48657.38;2025-06-30;False
17;2025-07-10;48286.74;2025-06-30;False
17;2025-07-11;46994.223;2025-06-30;False
17;2025-07-12;33520.504;2025-06-30;False
17;2025-07-13;28598.127;2025-06-30;False
17;2025-07-14;48033.07;2025-06-30;False
17;2025-07-15;48940.188;2025-06-30;False
17;2025-07-16;49011.57;2025-06-30;False
17;2025-07-17;48924.613;2025-06-30;False
17;2025-07-18;47807.37;2025-06-30;False
17;2025-07-19;34339.77;2025-06-30;False
17;2025-07-20;29288.428;2025-06-30;False
17;2025-07-21;48317.184;2025-06-30;False
17;2025-07-22;48989.125;2025-06-30;False
17;2025-07-23;49072.215;2025-06-30;False
17;2025-07-24;48817.203;2025-06-30;False
17;2025-07-25;47764.812;2025-06-30;False
17;2025-07-26;34581.562;2025-06-30;False
17;2025-07-27;30243.688;2025-06-30;False
17;2025-07-28;48191.71;2025-06-30;False
17;2025-07-29;48989.26;2025-06-30;False
17;2025-07-30;48987.906;2025-06-30;False
17;2025-07-31;48776.125;2025-06-30;False
17;2025-08-01;48183.895;2025-06-30;False
17;2025-08-02;34753.97;2025-06-30;False
17;2025-08-03;29533.86;2025-06-30;False
17;2025-08-04;48641.64;2025-06-30;False
17;2025-08-05;49228.562;2025-06-30;False
17;2025-08-06;49255.098;2025-06-30;False
17;2025-08-07;49001.066;2025-06-30;False
17;2025-08-08;48023.523;2025-06-30;False
17;2025-08-09;35246.336;2025-06-30;False
17;2025-08-10;30478.64;2025-06-30;False
17;2025-08-11;48415.63;2025-06-30;False
17;2025-08-12;49862.03;2025-06-30;False
17;2025-08-13;49824.656;2025-06-30;False
17;2025-08-14;49597.715;2025-06-30;False
17;2025-08-15;48785.22;2025-06-30;False
17;2025-08-16;36069.34;2025-06-30;False
17;2025-08-17;31653.568;2025-06-30;False
17;2025-08-18;49922.258;2025-06-30;False
17;2025-08-19;50897.484;2025-06-30;False
17;2025-08-20;50958.14;2025-06-30;False
17;2025-08-21;50725.727;2025-06-30;False
17;2025-08-22;50009.516;2025-06-30;False
17;2025-08-23;36495.305;2025-06-30;False
17;2025-08-24;31563.047;2025-06-30;False
17;2025-08-25;50237.68;2025-06-30;False
17;2025-08-26;51254.047;2025-06-30;False
17;2025-08-27;51439.523;2025-06-30;False
17;2025-08-28;51233.453;2025-06-30;False
17;2025-08-29;49819.1;2025-06-30;False
17;2025-08-30;36946.0;2025-06-30;False
17;2025-08-31;32079.736;2025-06-30;False
25;2025-07-01;6196.2295;2025-06-30;False
25;2025-07-02;6294.371;2025-06-30;False
25;2025-07-03;6286.892;2025-06-30;False
25;2025-07-04;6243.379;2025-06-30;False
25;2025-07-05;4955.634;2025-06-30;False
25;2025-07-06;3909.2537;2025-06-30;False
25;2025-07-07;6274.8594;2025-06-30;False
25;2025-07-08;6391.699;2025-06-30;False
25;2025-07-09;6410.019;2025-06-30;False
25;2025-07-10;6365.494;2025-06-30;False
25;2025-07-11;6181.644;2025-06-30;False
25;2025-07-12;4902.4614;2025-06-30;False
25;2025-07-13;3854.812;2025-06-30;False
25;2025-07-14;6230.3604;2025-06-30;False
25;2025-07-15;6309.82;2025-06-30;False
25;2025-07-16;6352.0215;2025-06-30;False
25;2025-07-17;6332.1997;2025-06-30;False
25;2025-07-18;6170.4;2025-06-30;False
25;2025-07-19;4925.2466;2025-06-30;False
25;2025-07-20;4112.823;2025-06-30;False
25;2025-07-21;6196.591;2025-06-30;False
25;2025-07-22;6364.557;2025-06-30;False
25;2025-07-23;6399.518;2025-06-30;False
25;2025-07-24;6427.8716;2025-06-30;False
25;2025-07-25;6329.992;2025-06-30;False
25;2025-07-26;5045.379;2025-06-30;False
25;2025-07-27;4221.1377;2025-06-30;False
25;2025-07-28;6331.74;2025-06-30;False
25;2025-07-29;6472.6104;2025-06-30;False
25;2025-07-30;6502.6113;2025-06-30;False
25;2025-07-31;6466.654;2025-06-30;False
25;2025-08-01;6371.3545;2025-06-30;False
25;2025-08-02;4826.425;2025-06-30;False
25;2025-08-03;3889.8608;2025-06-30;False
25;2025-08-04;6132.1606;2025-06-30;False
25;2025-08-05;6192.0884;2025-06-30;False
25;2025-08-06;6224.404;2025-06-30;False
25;2025-08-07;6176.577;2025-06-30;False
25;2025-08-08;6029.519;2025-06-30;False
25;2025-08-09;4554.8945;2025-06-30;False
25;2025-08-10;3713.2668;2025-06-30;False
25;2025-08-11;5981.8354;2025-06-30;False
25;2025-08-12;6244.165;2025-06-30;False
25;2025-08-13;6327.711;2025-06-30;False
25;2025-08-14;6312.13;2025-06-30;False
25;2025-08-15;6193.745;2025-06-30;False
25;2025-08-16;4776.1353;2025-06-30;False
25;2025-08-17;3974.3533;2025-06-30;False
25;2025-08-18;6354.4946;2025-06-30;False
25;2025-08-19;6605.8926;2025-06-30;False
25;2025-08-20;6702.2773;2025-06-30;False
25;2025-08-21;6750.406;2025-06-30;False
25;2025-08-22;6614.6846;2025-06-30;False
25;2025-08-23;5136.1143;2025-06-30;False
25;2025-08-24;4269.734;2025-06-30;False
25;2025-08-25;6582.2417;2025-06-30;False
25;2025-08-26;6753.0444;2025-06-30;False
25;2025-08-27;6757.8286;2025-06-30;False
25;2025-08-28;6765.1104;2025-06-30;False
25;2025-08-29;6549.2314;2025-06-30;False
25;2025-08-30;5088.6377;2025-06-30;False
25;2025-08-31;4248.002;2025-06-30;False
26;2025-07-01;15708.461;2025-06-30;False
26;2025-07-02;15616.173;2025-06-30;False
26;2025-07-03;15340.453;2025-06-30;False
26;2025-07-04;14863.896;2025-06-30;False
26;2025-07-05;9923.005;2025-06-30;False
26;2025-07-06;8223.577;2025-06-30;False
26;2025-07-07;14644.949;2025-06-30;False
26;2025-07-08;14912.379;2025-06-30;False
26;2025-07-09;14652.748;2025-06-30;False
26;2025-07-10;14520.112;2025-06-30;False
26;2025-07-11;13899.598;2025-06-30;False
26;2025-07-12;9186.654;2025-06-30;False
26;2025-07-13;7767.5537;2025-06-30;False
26;2025-07-14;13925.196;2025-06-30;False
26;2025-07-15;14081.678;2025-06-30;False
26;2025-07-16;14161.574;2025-06-30;False
26;2025-07-17;14012.747;2025-06-30;False
26;2025-07-18;13598.727;2025-06-30;False
26;2025-07-19;8950.25;2025-06-30;False
26;2025-07-20;7816.2715;2025-06-30;False
26;2025-07-21;14090.512;2025-06-30;False
26;2025-07-22;14261.008;2025-06-30;False
26;2025-07-23;14123.614;2025-06-30;False
26;2025-07-24;14205.194;2025-06-30;False
26;2025-07-25;13762.343;2025-06-30;False
26;2025-07-26;8816.492;2025-06-30;False
26;2025-07-27;7777.7617;2025-06-30;False
26;2025-07-28;14018.863;2025-06-30;False
26;2025-07-29;14143.219;2025-06-30;False
26;2025-07-30;14094.596;2025-06-30;False
26;2025-07-31;14136.046;2025-06-30;False
26;2025-08-01;13803.6;2025-06-30;False
26;2025-08-02;8800.629;2025-06-30;False
26;2025-08-03;7758.659;2025-06-30;False
26;2025-08-04;14003.539;2025-06-30;False
26;2025-08-05;14235.685;2025-06-30;False
26;2025-08-06;14396.51;2025-06-30;False
26;2025-08-07;14484.716;2025-06-30;False
26;2025-08-08;14025.466;2025-06-30;False
26;2025-08-09;9018.117;2025-06-30;False
26;2025-08-10;7881.866;2025-06-30;False
26;2025-08-11;14516.799;2025-06-30;False
26;2025-08-12;14974.06;2025-06-30;False
26;2025-08-13;15059.152;2025-06-30;False
26;2025-08-14;15068.779;2025-06-30;False
26;2025-08-15;14655.018;2025-06-30;False
26;2025-08-16;9792.947;2025-06-30;False
26;2025-08-17;8357.178;2025-06-30;False
26;2025-08-18;15509.762;2025-06-30;False
26;2025-08-19;15891.54;2025-06-30;False
26;2025-08-20;15790.604;2025-06-30;False
26;2025-08-21;15675.297;2025-06-30;False
26;2025-08-22;15175.453;2025-06-30;False
26;2025-08-23;10420.027;2025-06-30;False
26;2025-08-24;8927.367;2025-06-30;False
26;2025-08-25;15934.147;2025-06-30;False
26;2025-08-26;16132.748;2025-06-30;False
26;2025-08-27;16020.015;2025-06-30;False
26;2025-08-28;15917.852;2025-06-30;False
26;2025-08-29;15346.436;2025-06-30;False
26;2025-08-30;10734.931;2025-06-30;False
26;2025-08-31;9162.332;2025-06-30;False
28;2025-07-01;10674.476;2025-06-30;False
28;2025-07-02;10716.358;2025-06-30;False
28;2025-07-03;10542.097;2025-06-30;False
28;2025-07-04;10300.314;2025-06-30;False
28;2025-07-05;6814.2695;2025-06-30;False
28;2025-07-06;5641.4385;2025-06-30;False
28;2025-07-07;10627.3545;2025-06-30;False
28;2025-07-08;10686.349;2025-06-30;False
28;2025-07-09;10689.13;2025-06-30;False
28;2025-07-10;10498.445;2025-06-30;False
28;2025-07-11;10188.19;2025-06-30;False
28;2025-07-12;6705.8057;2025-06-30;False
28;2025-07-13;5627.2354;2025-06-30;False
28;2025-07-14;10454.371;2025-06-30;False
28;2025-07-15;10552.805;2025-06-30;False
28;2025-07-16;10501.499;2025-06-30;False
28;2025-07-17;10204.357;2025-06-30;False
28;2025-07-18;9847.651;2025-06-30;False
28;2025-07-19;6403.632;2025-06-30;False
28;2025-07-20;5500.335;2025-06-30;False
28;2025-07-21;10131.463;2025-06-30;False
28;2025-07-22;10306.55;2025-06-30;False
28;2025-07-23;10300.813;2025-06-30;False
28;2025-07-24;10165.529;2025-06-30;False
28;2025-07-25;9842.316;2025-06-30;False
28;2025-07-26;6221.1016;2025-06-30;False
28;2025-07-27;5388.9805;2025-06-30;False
28;2025-07-28;10051.949;2025-06-30;False
28;2025-07-29;10202.266;2025-06-30;False
28;2025-07-30;10236.68;2025-06-30;False
28;2025-07-31;10067.732;2025-06-30;False
28;2025-08-01;9749.396;2025-06-30;False
28;2025-08-02;6107.5264;2025-06-30;False
28;2025-08-03;5263.26;2025-06-30;False
28;2025-08-04;9928.174;2025-06-30;False
28;2025-08-05;10030.36;2025-06-30;False
28;2025-08-06;10040.422;2025-06-30;False
28;2025-08-07;9951.311;2025-06-30;False
28;2025-08-08;9725.791;2025-06-30;False
28;2025-08-09;6212.017;2025-06-30;False
28;2025-08-10;5341.8184;2025-06-30;False
28;2025-08-11;10018.461;2025-06-30;False
28;2025-08-12;10214.036;2025-06-30;False
28;2025-08-13;10260.821;2025-06-30;False
28;2025-08-14;10161.468;2025-06-30;False
28;2025-08-15;10043.098;2025-06-30;False
28;2025-08-16;6504.2456;2025-06-30;False
28;2025-08-17;5519.168;2025-06-30;False
28;2025-08-18;10648.638;2025-06-30;False
28;2025-08-19;10819.803;2025-06-30;False
28;2025-08-20;10773.359;2025-06-30;False
28;2025-08-21;10658.35;2025-06-30;False
28;2025-08-22;10421.702;2025-06-30;False
28;2025-08-23;6832.008;2025-06-30;False
28;2025-08-24;5863.1167;2025-06-30;False
28;2025-08-25;10839.417;2025-06-30;False
28;2025-08-26;10977.045;2025-06-30;False
28;2025-08-27;10886.952;2025-06-30;False
28;2025-08-28;10703.948;2025-06-30;False
28;2025-08-29;10313.021;2025-06-30;False
28;2025-08-30;6811.0103;2025-06-30;False
28;2025-08-31;5816.123;2025-06-30;False
50;2025-07-01;22174.734;2025-06-30;False
50;2025-07-02;21930.943;2025-06-30;False
50;2025-07-03;21539.326;2025-06-30;False
50;2025-07-04;20925.979;2025-06-30;False
50;2025-07-05;9283.607;2025-06-30;False
50;2025-07-06;8130.4004;2025-06-30;False
50;2025-07-07;21132.396;2025-06-30;False
50;2025-07-08;21670.033;2025-06-30;False
50;2025-07-09;21486.592;2025-06-30;False
50;2025-07-10;21085.484;2025-06-30;False
50;2025-07-11;20372.578;2025-06-30;False
50;2025-07-12;8953.921;2025-06-30;False
50;2025-07-13;7951.713;2025-06-30;False
50;2025-07-14;21080.324;2025-06-30;False
50;2025-07-15;21507.947;2025-06-30;False
50;2025-07-16;21316.05;2025-06-30;False
50;2025-07-17;20686.902;2025-06-30;False
50;2025-07-18;19948.84;2025-06-30;False
50;2025-07-19;8984.064;2025-06-30;False
50;2025-07-20;8286.941;2025-06-30;False
50;2025-07-21;20676.184;2025-06-30;False
50;2025-07-22;20987.168;2025-06-30;False
50;2025-07-23;20934.877;2025-06-30;False
50;2025-07-24;20684.432;2025-06-30;False
50;2025-07-25;19946.46;2025-06-30;False
50;2025-07-26;9082.378;2025-06-30;False
50;2025-07-27;8192.033;2025-06-30;False
50;2025-07-28;20354.646;2025-06-30;False
50;2025-07-29;20804.666;2025-06-30;False
50;2025-07-30;20767.252;2025-06-30;False
50;2025-07-31;20392.357;2025-06-30;False
50;2025-08-01;19942.387;2025-06-30;False
50;2025-08-02;8973.447;2025-06-30;False
50;2025-08-03;7977.49;2025-06-30;False
50;2025-08-04;20256.637;2025-06-30;False
50;2025-08-05;20799.52;2025-06-30;False
50;2025-08-06;20645.002;2025-06-30;False
50;2025-08-07;20381.871;2025-06-30;False
50;2025-08-08;19747.908;2025-06-30;False
50;2025-08-09;9109.831;2025-06-30;False
50;2025-08-10;8212.315;2025-06-30;False
50;2025-08-11;20227.785;2025-06-30;False
50;2025-08-12;20970.86;2025-06-30;False
50;2025-08-13;20850.012;2025-06-30;False
50;2025-08-14;20641.498;2025-06-30;False
50;2025-08-15;20092.781;2025-06-30;False
50;2025-08-16;9268.187;2025-06-30;False
50;2025-08-17;8228.057;2025-06-30;False
50;2025-08-18;20651.08;2025-06-30;False
50;2025-08-19;21271.654;2025-06-30;False
50;2025-08-20;21056.326;2025-06-30;False
50;2025-08-21;20672.174;2025-06-30;False
50;2025-08-22;19645.576;2025-06-30;False
50;2025-08-23;9509.165;2025-06-30;False
50;2025-08-24;8614.938;2025-06-30;False
50;2025-08-25;20841.822;2025-06-30;False
50;2025-08-26;21399.639;2025-06-30;False
50;2025-08-27;21146.56;2025-06-30;False
50;2025-08-28;20748.305;2025-06-30;False
50;2025-08-29;19502.299;2025-06-30;False
50;2025-08-30;9487.865;2025-06-30;False
50;2025-08-31;8694.95;2025-06-30;False
1;2025-07-01;18248.924;2025-06-30;True
1;2025-07-02;18374.613;2025-06-30;True
1;2025-07-03;18271.22;2025-06-30;True
1;2025-07-04;17944.352;2025-06-30;True
1;2025-07-05;8510.751;2025-06-30;True
1;2025-07-06;7596.4287;2025-06-30;True
1;2025-07-07;17815.832;2025-06-30;True
1;2025-07-08;18226.088;2025-06-30;True
1;2025-07-09;18269.0;2025-06-30;True
1;2025-07-10;18050.764;2025-06-30;True
1;2025-07-11;17716.2;2025-06-30;True
1;2025-07-12;8413.802;2025-06-30;True
1;2025-07-13;7523.4473;2025-06-30;True
1;2025-07-14;17902.818;2025-06-30;True
1;2025-07-15;18211.115;2025-06-30;True
1;2025-07-16;18108.44;2025-06-30;True
1;2025-07-17;17922.703;2025-06-30;True
1;2025-07-18;17529.102;2025-06-30;True
1;2025-07-19;8525.013;2025-06-30;True
1;2025-07-20;7522.4395;2025-06-30;True
1;2025-07-21;17604.197;2025-06-30;True
1;2025-07-22;18019.83;2025-06-30;True
1;2025-07-23;18059.914;2025-06-30;True
1;2025-07-24;18076.74;2025-06-30;True
1;2025-07-25;17590.396;2025-06-30;True
1;2025-07-26;8728.534;2025-06-30;True
1;2025-07-27;7903.1016;2025-06-30;True
1;2025-07-28;17571.691;2025-06-30;True
1;2025-07-29;17804.643;2025-06-30;True
1;2025-07-30;17890.45;2025-06-30;True
1;2025-07-31;17877.8;2025-06-30;True
1;2025-08-01;17607.219;2025-06-30;True
1;2025-08-02;8343.025;2025-06-30;True
1;2025-08-03;7530.2686;2025-06-30;True
1;2025-08-04;17604.916;2025-06-30;True
1;2025-08-05;17646.875;2025-06-30;True
1;2025-08-06;17564.57;2025-06-30;True
1;2025-08-07;17679.871;2025-06-30;True
1;2025-08-08;17359.496;2025-06-30;True
1;2025-08-09;8320.7295;2025-06-30;True
1;2025-08-10;7580.0703;2025-06-30;True
1;2025-08-11;17304.893;2025-06-30;True
1;2025-08-12;17577.576;2025-06-30;True
1;2025-08-13;17609.871;2025-06-30;True
1;2025-08-14;17658.023;2025-06-30;True
1;2025-08-15;17352.277;2025-06-30;True
1;2025-08-16;8299.459;2025-06-30;True
1;2025-08-17;7595.581;2025-06-30;True
1;2025-08-18;17441.666;2025-06-30;True
1;2025-08-19;17768.172;2025-06-30;True
1;2025-08-20;17583.77;2025-06-30;True
1;2025-08-21;17666.646;2025-06-30;True
1;2025-08-22;17154.71;2025-06-30;True
1;2025-08-23;8321.134;2025-06-30;True
1;2025-08-24;7411.412;2025-06-30;True
1;2025-08-25;17541.678;2025-06-30;True
1;2025-08-26;17729.957;2025-06-30;True
1;2025-08-27;17540.64;2025-06-30;True
1;2025-08-28;17602.693;2025-06-30;True
1;2025-08-29;17052.783;2025-06-30;True
1;2025-08-30;8055.46;2025-06-30;True
1;2025-08-31;7136.8174;2025-06-30;True
7;2025-07-01;24239.104;2025-06-30;True
7;2025-07-02;25060.559;2025-06-30;True
7;2025-07-03;24794.215;2025-06-30;True
7;2025-07-04;24570.463;2025-06-30;True
7;2025-07-05;15145.373;2025-06-30;True
7;2025-07-06;12984.787;2025-06-30;True
7;2025-07-07;24720.932;2025-06-30;True
7;2025-07-08;25686.814;2025-06-30;True
7;2025-07-09;26054.59;2025-06-30;True
7;2025-07-10;25505.135;2025-06-30;True
7;2025-07-11;24666.707;2025-06-30;True
7;2025-07-12;14779.223;2025-06-30;True
7;2025-07-13;12832.407;2025-06-30;True
7;2025-07-14;23955.46;2025-06-30;True
7;2025-07-15;24773.287;2025-06-30;True
7;2025-07-16;25415.447;2025-06-30;True
7;2025-07-17;25576.686;2025-06-30;True
7;2025-07-18;25036.266;2025-06-30;True
7;2025-07-19;14911.303;2025-06-30;True
7;2025-07-20;13275.441;2025-06-30;True
7;2025-07-21;24885.865;2025-06-30;True
7;2025-07-22;25567.803;2025-06-30;True
7;2025-07-23;25871.006;2025-06-30;True
7;2025-07-24;25957.06;2025-06-30;True
7;2025-07-25;25617.672;2025-06-30;True
7;2025-07-26;15059.133;2025-06-30;True
7;2025-07-27;13275.861;2025-06-30;True
7;2025-07-28;24822.688;2025-06-30;True
7;2025-07-29;25485.707;2025-06-30;True
7;2025-07-30;26126.508;2025-06-30;True
7;2025-07-31;26038.178;2025-06-30;True
7;2025-08-01;25899.621;2025-06-30;True
7;2025-08-02;15303.296;2025-06-30;True
7;2025-08-03;13470.854;2025-06-30;True
7;2025-08-04;25024.926;2025-06-30;True
7;2025-08-05;25390.283;2025-06-30;True
7;2025-08-06;25719.387;2025-06-30;True
7;2025-08-07;25580.23;2025-06-30;True
7;2025-08-08;25081.594;2025-06-30;True
7;2025-08-09;15306.423;2025-06-30;True
7;2025-08-10;13536.12;2025-06-30;True
7;2025-08-11;25045.547;2025-06-30;True
7;2025-08-12;25689.861;2025-06-30;True
7;2025-08-13;26128.021;2025-06-30;True
7;2025-08-14;26093.746;2025-06-30;True
7;2025-08-15;25869.37;2025-06-30;True
7;2025-08-16;14798.324;2025-06-30;True
7;2025-08-17;13160.506;2025-06-30;True
7;2025-08-18;24888.242;2025-06-30;True
7;2025-08-19;25595.56;2025-06-30;True
7;2025-08-20;26014.695;2025-06-30;True
7;2025-08-21;26042.643;2025-06-30;True
7;2025-08-22;25449.96;2025-06-30;True
7;2025-08-23;15148.588;2025-06-30;True
7;2025-08-24;13508.162;2025-06-30;True
7;2025-08-25;25332.418;2025-06-30;True
7;2025-08-26;25884.504;2025-06-30;True
7;2025-08-27;26045.447;2025-06-30;True
7;2025-08-28;25998.057;2025-06-30;True
7;2025-08-29;25736.29;2025-06-30;True
7;2025-08-30;14805.809;2025-06-30;True
7;2025-08-31;13039.892;2025-06-30;True
11;2025-07-01;32282.47;2025-06-30;True
11;2025-07-02;32683.984;2025-06-30;True
11;2025-07-03;32672.781;2025-06-30;True
11;2025-07-04;32432.525;2025-06-30;True
11;2025-07-05;21684.475;2025-06-30;True
11;2025-07-06;18474.941;2025-06-30;True
11;2025-07-07;32602.006;2025-06-30;True
11;2025-07-08;33199.64;2025-06-30;True
11;2025-07-09;33125.85;2025-06-30;True
11;2025-07-10;33062.605;2025-06-30;True
11;2025-07-11;32730.564;2025-06-30;True
11;2025-07-12;21978.186;2025-06-30;True
11;2025-07-13;19035.703;2025-06-30;True
11;2025-07-14;33110.96;2025-06-30;True
11;2025-07-15;33422.266;2025-06-30;True
11;2025-07-16;33433.668;2025-06-30;True
11;2025-07-17;33798.273;2025-06-30;True
11;2025-07-18;33391.14;2025-06-30;True
11;2025-07-19;22723.428;2025-06-30;True
11;2025-07-20;19376.992;2025-06-30;True
11;2025-07-21;33400.176;2025-06-30;True
11;2025-07-22;33988.01;2025-06-30;True
11;2025-07-23;34077.406;2025-06-30;True
11;2025-07-24;34107.777;2025-06-30;True
11;2025-07-25;33605.695;2025-06-30;True
11;2025-07-26;22811.336;2025-06-30;True
11;2025-07-27;19643.66;2025-06-30;True
11;2025-07-28;33469.406;2025-06-30;True
11;2025-07-29;33862.11;2025-06-30;True
11;2025-07-30;34052.938;2025-06-30;True
11;2025-07-31;33863.11;2025-06-30;True
11;2025-08-01;33556.684;2025-06-30;True
11;2025-08-02;22439.031;2025-06-30;True
11;2025-08-03;19090.016;2025-06-30;True
11;2025-08-04;33463.46;2025-06-30;True
11;2025-08-05;33780.855;2025-06-30;True
11;2025-08-06;33681.062;2025-06-30;True
11;2025-08-07;33641.4;2025-06-30;True
11;2025-08-08;33199.625;2025-06-30;True
11;2025-08-09;22532.162;2025-06-30;True
11;2025-08-10;19519.293;2025-06-30;True
11;2025-08-11;33444.14;2025-06-30;True
11;2025-08-12;33927.105;2025-06-30;True
11;2025-08-13;33970.305;2025-06-30;True
11;2025-08-14;33985.395;2025-06-30;True
11;2025-08-15;33611.977;2025-06-30;True
11;2025-08-16;22618.37;2025-06-30;True
11;2025-08-17;19635.244;2025-06-30;True
11;2025-08-18;33514.36;2025-06-30;True
11;2025-08-19;34190.117;2025-06-30;True
11;2025-08-20;34056.504;2025-06-30;True
11;2025-08-21;34125.953;2025-06-30;True
11;2025-08-22;33558.23;2025-06-30;True
11;2025-08-23;22404.887;2025-06-30;True
11;2025-08-24;19500.691;2025-06-30;True
11;2025-08-25;33629.7;2025-06-30;True
11;2025-08-26;34129.727;2025-06-30;True
11;2025-08-27;33959.266;2025-06-30;True
11;2025-08-28;34028.176;2025-06-30;True
11;2025-08-29;33389.633;2025-06-30;True
11;2025-08-30;22249.24;2025-06-30;True
11;2025-08-31;19108.367;2025-06-30;True
12;2025-07-01;33446.34;2025-06-30;True
12;2025-07-02;33833.027;2025-06-30;True
12;2025-07-03;33649.965;2025-06-30;True
12;2025-07-04;33142.91;2025-06-30;True
12;2025-07-05;17631.2;2025-06-30;True
12;2025-07-06;15739.042;2025-06-30;True
12;2025-07-07;33239.93;2025-06-30;True
12;2025-07-08;34096.344;2025-06-30;True
12;2025-07-09;34244.78;2025-06-30;True
12;2025-07-10;33872.44;2025-06-30;True
12;2025-07-11;33427.246;2025-06-30;True
12;2025-07-12;18465.848;2025-06-30;True
12;2025-07-13;16362.32;2025-06-30;True
12;2025-07-14;33793.7;2025-06-30;True
12;2025-07-15;34487.15;2025-06-30;True
12;2025-07-16;34634.07;2025-06-30;True
12;2025-07-17;34451.96;2025-06-30;True
12;2025-07-18;33834.363;2025-06-30;True
12;2025-07-19;18614.64;2025-06-30;True
12;2025-07-20;16596.305;2025-06-30;True
12;2025-07-21;33792.82;2025-06-30;True
12;2025-07-22;35219.01;2025-06-30;True
12;2025-07-23;35435.54;2025-06-30;True
12;2025-07-24;35199.43;2025-06-30;True
12;2025-07-25;34542.37;2025-06-30;True
12;2025-07-26;19439.926;2025-06-30;True
12;2025-07-27;17148.21;2025-06-30;True
12;2025-07-28;33863.613;2025-06-30;True
12;2025-07-29;35078.062;2025-06-30;True
12;2025-07-30;35447.582;2025-06-30;True
12;2025-07-31;35033.793;2025-06-30;True
12;2025-08-01;34515.39;2025-06-30;True
12;2025-08-02;18981.307;2025-06-30;True
12;2025-08-03;16576.205;2025-06-30;True
12;2025-08-04;34182.49;2025-06-30;True
12;2025-08-05;35122.055;2025-06-30;True
12;2025-08-06;35278.836;2025-06-30;True
12;2025-08-07;35063.74;2025-06-30;True
12;2025-08-08;34601.234;2025-06-30;True
12;2025-08-09;19329.996;2025-06-30;True
12;2025-08-10;17217.52;2025-06-30;True
12;2025-08-11;33991.09;2025-06-30;True
12;2025-08-12;35199.035;2025-06-30;True
12;2025-08-13;35528.785;2025-06-30;True
12;2025-08-14;35445.723;2025-06-30;True
12;2025-08-15;34888.01;2025-06-30;True
12;2025-08-16;19078.531;2025-06-30;True
12;2025-08-17;17321.752;2025-06-30;True
12;2025-08-18;34806.133;2025-06-30;True
12;2025-08-19;35826.832;2025-06-30;True
12;2025-08-20;35561.457;2025-06-30;True
12;2025-08-21;35470.31;2025-06-30;True
12;2025-08-22;34692.3;2025-06-30;True
12;2025-08-23;19025.4;2025-06-30;True
12;2025-08-24;17040.191;2025-06-30;True
12;2025-08-25;34711.75;2025-06-30;True
12;2025-08-26;35726.71;2025-06-30;True
12;2025-08-27;35587.234;2025-06-30;True
12;2025-08-28;35467.836;2025-06-30;True
12;2025-08-29;34499.316;2025-06-30;True
12;2025-08-30;18215.219;2025-06-30;True
12;2025-08-31;16532.744;2025-06-30;True
17;2025-07-01;49884.04;2025-06-30;True
17;2025-07-02;50794.64;2025-06-30;True
17;2025-07-03;50883.52;2025-06-30;True
17;2025-07-04;49986.363;2025-06-30;True
17;2025-07-05;34398.914;2025-06-30;True
17;2025-07-06;29573.746;2025-06-30;True
17;2025-07-07;50191.016;2025-06-30;True
17;2025-07-08;51584.832;2025-06-30;True
17;2025-07-09;51848.027;2025-06-30;True
17;2025-07-10;51759.453;2025-06-30;True
17;2025-07-11;50719.48;2025-06-30;True
17;2025-07-12;35722.07;2025-06-30;True
17;2025-07-13;31079.785;2025-06-30;True
17;2025-07-14;50952.402;2025-06-30;True
17;2025-07-15;52139.477;2025-06-30;True
17;2025-07-16;52544.93;2025-06-30;True
17;2025-07-17;52930.99;2025-06-30;True
17;2025-07-18;52064.15;2025-06-30;True
17;2025-07-19;36428.707;2025-06-30;True
17;2025-07-20;31648.402;2025-06-30;True
17;2025-07-21;51909.11;2025-06-30;True
17;2025-07-22;53361.836;2025-06-30;True
17;2025-07-23;53757.49;2025-06-30;True
17;2025-07-24;53545.918;2025-06-30;True
17;2025-07-25;52196.51;2025-06-30;True
17;2025-07-26;37398.79;2025-06-30;True
17;2025-07-27;33346.305;2025-06-30;True
17;2025-07-28;52274.44;2025-06-30;True
17;2025-07-29;53396.766;2025-06-30;True
17;2025-07-30;53682.72;2025-06-30;True
17;2025-07-31;53358.5;2025-06-30;True
17;2025-08-01;52955.402;2025-06-30;True
17;2025-08-02;38179.996;2025-06-30;True
17;2025-08-03;33080.977;2025-06-30;True
17;2025-08-04;53271.03;2025-06-30;True
17;2025-08-05;53716.29;2025-06-30;True
17;2025-08-06;53867.906;2025-06-30;True
17;2025-08-07;54058.76;2025-06-30;True
17;2025-08-08;52495.742;2025-06-30;True
17;2025-08-09;38991.926;2025-06-30;True
17;2025-08-10;34117.586;2025-06-30;True
17;2025-08-11;52773.36;2025-06-30;True
17;2025-08-12;53751.297;2025-06-30;True
17;2025-08-13;54002.875;2025-06-30;True
17;2025-08-14;54101.23;2025-06-30;True
17;2025-08-15;52835.914;2025-06-30;True
17;2025-08-16;38378.227;2025-06-30;True
17;2025-08-17;34046.54;2025-06-30;True
17;2025-08-18;52673.01;2025-06-30;True
17;2025-08-19;53854.82;2025-06-30;True
17;2025-08-20;53893.43;2025-06-30;True
17;2025-08-21;54015.35;2025-06-30;True
17;2025-08-22;52798.6;2025-06-30;True
17;2025-08-23;37757.656;2025-06-30;True
17;2025-08-24;32881.316;2025-06-30;True
17;2025-08-25;53008.508;2025-06-30;True
17;2025-08-26;53988.184;2025-06-30;True
17;2025-08-27;54255.06;2025-06-30;True
17;2025-08-28;54272.82;2025-06-30;True
17;2025-08-29;52822.82;2025-06-30;True
17;2025-08-30;37056.008;2025-06-30;True
17;2025-08-31;32947.64;2025-06-30;True
25;2025-07-01;6501.86;2025-06-30;True
25;2025-07-02;6664.479;2025-06-30;True
25;2025-07-03;6786.2573;2025-06-30;True
25;2025-07-04;6671.465;2025-06-30;True
25;2025-07-05;4980.6763;2025-06-30;True
25;2025-07-06;4067.8804;2025-06-30;True
25;2025-07-07;6608.888;2025-06-30;True
25;2025-07-08;6792.287;2025-06-30;True
25;2025-07-09;6848.0264;2025-06-30;True
25;2025-07-10;6909.1216;2025-06-30;True
25;2025-07-11;6725.272;2025-06-30;True
25;2025-07-12;5104.292;2025-06-30;True
25;2025-07-13;4090.032;2025-06-30;True
25;2025-07-14;6622.163;2025-06-30;True
25;2025-07-15;6793.4575;2025-06-30;True
25;2025-07-16;6826.984;2025-06-30;True
25;2025-07-17;7035.22;2025-06-30;True
25;2025-07-18;6759.648;2025-06-30;True
25;2025-07-19;5144.647;2025-06-30;True
25;2025-07-20;4278.4688;2025-06-30;True
25;2025-07-21;6753.7397;2025-06-30;True
25;2025-07-22;6964.0747;2025-06-30;True
25;2025-07-23;7006.7617;2025-06-30;True
25;2025-07-24;7090.039;2025-06-30;True
25;2025-07-25;6925.451;2025-06-30;True
25;2025-07-26;5217.6045;2025-06-30;True
25;2025-07-27;4337.825;2025-06-30;True
25;2025-07-28;6831.4116;2025-06-30;True
25;2025-07-29;7038.724;2025-06-30;True
25;2025-07-30;7129.485;2025-06-30;True
25;2025-07-31;7160.9146;2025-06-30;True
25;2025-08-01;6991.866;2025-06-30;True
25;2025-08-02;5169.266;2025-06-30;True
25;2025-08-03;4351.9014;2025-06-30;True
25;2025-08-04;6896.814;2025-06-30;True
25;2025-08-05;7030.608;2025-06-30;True
25;2025-08-06;7074.573;2025-06-30;True
25;2025-08-07;7127.73;2025-06-30;True
25;2025-08-08;6867.334;2025-06-30;True
25;2025-08-09;5129.794;2025-06-30;True
25;2025-08-10;4363.8965;2025-06-30;True
25;2025-08-11;6863.42;2025-06-30;True
25;2025-08-12;7083.967;2025-06-30;True
25;2025-08-13;7176.4033;2025-06-30;True
25;2025-08-14;7220.2974;2025-06-30;True
25;2025-08-15;6993.9683;2025-06-30;True
25;2025-08-16;5207.009;2025-06-30;True
25;2025-08-17;4357.2188;2025-06-30;True
25;2025-08-18;6843.4688;2025-06-30;True
25;2025-08-19;7066.694;2025-06-30;True
25;2025-08-20;7200.832;2025-06-30;True
25;2025-08-21;7300.1055;2025-06-30;True
25;2025-08-22;7025.9585;2025-06-30;True
25;2025-08-23;5332.9346;2025-06-30;True
25;2025-08-24;4364.0806;2025-06-30;True
25;2025-08-25;6864.2217;2025-06-30;True
25;2025-08-26;7071.9453;2025-06-30;True
25;2025-08-27;7182.913;2025-06-30;True
25;2025-08-28;7220.115;2025-06-30;True
25;2025-08-29;7000.648;2025-06-30;True
25;2025-08-30;5178.1924;2025-06-30;True
25;2025-08-31;4314.765;2025-06-30;True
26;2025-07-01;15696.276;2025-06-30;True
26;2025-07-02;15798.328;2025-06-30;True
26;2025-07-03;15693.47;2025-06-30;True
26;2025-07-04;15268.582;2025-06-30;True
26;2025-07-05;9920.23;2025-06-30;True
26;2025-07-06;8298.928;2025-06-30;True
26;2025-07-07;15928.453;2025-06-30;True
26;2025-07-08;16179.8955;2025-06-30;True
26;2025-07-09;16201.179;2025-06-30;True
26;2025-07-10;16044.324;2025-06-30;True
26;2025-07-11;15313.935;2025-06-30;True
26;2025-07-12;9925.206;2025-06-30;True
26;2025-07-13;8159.256;2025-06-30;True
26;2025-07-14;15629.202;2025-06-30;True
26;2025-07-15;15862.367;2025-06-30;True
26;2025-07-16;15728.316;2025-06-30;True
26;2025-07-17;15779.734;2025-06-30;True
26;2025-07-18;15267.825;2025-06-30;True
26;2025-07-19;9836.688;2025-06-30;True
26;2025-07-20;8552.045;2025-06-30;True
26;2025-07-21;15647.756;2025-06-30;True
26;2025-07-22;15953.985;2025-06-30;True
26;2025-07-23;15888.681;2025-06-30;True
26;2025-07-24;16025.266;2025-06-30;True
26;2025-07-25;15442.94;2025-06-30;True
26;2025-07-26;9873.233;2025-06-30;True
26;2025-07-27;8640.658;2025-06-30;True
26;2025-07-28;15761.649;2025-06-30;True
26;2025-07-29;15967.644;2025-06-30;True
26;2025-07-30;15950.405;2025-06-30;True
26;2025-07-31;15990.759;2025-06-30;True
26;2025-08-01;15425.193;2025-06-30;True
26;2025-08-02;9455.053;2025-06-30;True
26;2025-08-03;8425.129;2025-06-30;True
26;2025-08-04;15807.5;2025-06-30;True
26;2025-08-05;15748.725;2025-06-30;True
26;2025-08-06;15621.406;2025-06-30;True
26;2025-08-07;15655.25;2025-06-30;True
26;2025-08-08;15020.464;2025-06-30;True
26;2025-08-09;9380.57;2025-06-30;True
26;2025-08-10;8246.269;2025-06-30;True
26;2025-08-11;15608.315;2025-06-30;True
26;2025-08-12;15833.86;2025-06-30;True
26;2025-08-13;15782.999;2025-06-30;True
26;2025-08-14;15833.969;2025-06-30;True
26;2025-08-15;15183.216;2025-06-30;True
26;2025-08-16;9398.866;2025-06-30;True
26;2025-08-17;8248.143;2025-06-30;True
26;2025-08-18;15580.462;2025-06-30;True
26;2025-08-19;15788.526;2025-06-30;True
26;2025-08-20;15547.883;2025-06-30;True
26;2025-08-21;15778.346;2025-06-30;True
26;2025-08-22;15310.835;2025-06-30;True
26;2025-08-23;9681.297;2025-06-30;True
26;2025-08-24;8329.3545;2025-06-30;True
26;2025-08-25;15667.002;2025-06-30;True
26;2025-08-26;15886.198;2025-06-30;True
26;2025-08-27;15835.95;2025-06-30;True
26;2025-08-28;15925.75;2025-06-30;True
26;2025-08-29;15352.552;2025-06-30;True
26;2025-08-30;9305.632;2025-06-30;True
26;2025-08-31;8087.213;2025-06-30;True
28;2025-07-01;11059.369;2025-06-30;True
28;2025-07-02;11158.574;2025-06-30;True
28;2025-07-03;11045.752;2025-06-30;True
28;2025-07-04;10851.356;2025-06-30;True
28;2025-07-05;6941.9727;2025-06-30;True
28;2025-07-06;5834.58;2025-06-30;True
28;2025-07-07;11051.431;2025-06-30;True
28;2025-07-08;11174.276;2025-06-30;True
28;2025-07-09;11211.525;2025-06-30;True
28;2025-07-10;11030.553;2025-06-30;True
28;2025-07-11;10753.484;2025-06-30;True
28;2025-07-12;6857.4697;2025-06-30;True
28;2025-07-13;5750.75;2025-06-30;True
28;2025-07-14;11093.24;2025-06-30;True
28;2025-07-15;11142.788;2025-06-30;True
28;2025-07-16;11107.688;2025-06-30;True
28;2025-07-17;11004.631;2025-06-30;True
28;2025-07-18;10591.095;2025-06-30;True
28;2025-07-19;6706.812;2025-06-30;True
28;2025-07-20;5657.995;2025-06-30;True
28;2025-07-21;10969.842;2025-06-30;True
28;2025-07-22;11102.891;2025-06-30;True
28;2025-07-23;11147.948;2025-06-30;True
28;2025-07-24;11038.731;2025-06-30;True
28;2025-07-25;10696.537;2025-06-30;True
28;2025-07-26;6655.8467;2025-06-30;True
28;2025-07-27;5591.527;2025-06-30;True
28;2025-07-28;10964.109;2025-06-30;True
28;2025-07-29;11066.889;2025-06-30;True
28;2025-07-30;11181.598;2025-06-30;True
28;2025-07-31;11067.403;2025-06-30;True
28;2025-08-01;10690.368;2025-06-30;True
28;2025-08-02;6585.235;2025-06-30;True
28;2025-08-03;5667.5166;2025-06-30;True
28;2025-08-04;10842.262;2025-06-30;True
28;2025-08-05;10827.7;2025-06-30;True
28;2025-08-06;10825.088;2025-06-30;True
28;2025-08-07;10750.96;2025-06-30;True
28;2025-08-08;10465.985;2025-06-30;True
28;2025-08-09;6508.323;2025-06-30;True
28;2025-08-10;5659.885;2025-06-30;True
28;2025-08-11;10812.783;2025-06-30;True
28;2025-08-12;10889.06;2025-06-30;True
28;2025-08-13;10960.013;2025-06-30;True
28;2025-08-14;10910.498;2025-06-30;True
28;2025-08-15;10705.014;2025-06-30;True
28;2025-08-16;6570.1904;2025-06-30;True
28;2025-08-17;5591.449;2025-06-30;True
28;2025-08-18;10926.268;2025-06-30;True
28;2025-08-19;11029.297;2025-06-30;True
28;2025-08-20;11043.206;2025-06-30;True
28;2025-08-21;10997.992;2025-06-30;True
28;2025-08-22;10761.135;2025-06-30;True
28;2025-08-23;6780.9155;2025-06-30;True
28;2025-08-24;5770.139;2025-06-30;True
28;2025-08-25;11110.837;2025-06-30;True
28;2025-08-26;11145.628;2025-06-30;True
28;2025-08-27;11138.337;2025-06-30;True
28;2025-08-28;11020.614;2025-06-30;True
28;2025-08-29;10683.554;2025-06-30;True
28;2025-08-30;6598.419;2025-06-30;True
28;2025-08-31;5581.563;2025-06-30;True
50;2025-07-01;22395.666;2025-06-30;True
50;2025-07-02;22277.824;2025-06-30;True
50;2025-07-03;21969.781;2025-06-30;True
50;2025-07-04;21396.346;2025-06-30;True
50;2025-07-05;8735.691;2025-06-30;True
50;2025-07-06;7635.916;2025-06-30;True
50;2025-07-07;21670.025;2025-06-30;True
50;2025-07-08;22292.734;2025-06-30;True
50;2025-07-09;22106.541;2025-06-30;True
50;2025-07-10;21801.355;2025-06-30;True
50;2025-07-11;21129.082;2025-06-30;True
50;2025-07-12;8579.807;2025-06-30;True
50;2025-07-13;7592.63;2025-06-30;True
50;2025-07-14;21697.117;2025-06-30;True
50;2025-07-15;22145.262;2025-06-30;True
50;2025-07-16;21956.848;2025-06-30;True
50;2025-07-17;21498.092;2025-06-30;True
50;2025-07-18;20774.406;2025-06-30;True
50;2025-07-19;8616.702;2025-06-30;True
50;2025-07-20;7499.1797;2025-06-30;True
50;2025-07-21;21240.11;2025-06-30;True
50;2025-07-22;22008.047;2025-06-30;True
50;2025-07-23;21960.297;2025-06-30;True
50;2025-07-24;21729.363;2025-06-30;True
50;2025-07-25;20919.883;2025-06-30;True
50;2025-07-26;8811.393;2025-06-30;True
50;2025-07-27;7719.293;2025-06-30;True
50;2025-07-28;21169.252;2025-06-30;True
50;2025-07-29;21799.287;2025-06-30;True
50;2025-07-30;21921.752;2025-06-30;True
50;2025-07-31;21629.6;2025-06-30;True
50;2025-08-01;20948.633;2025-06-30;True
50;2025-08-02;8584.055;2025-06-30;True
50;2025-08-03;7559.8;2025-06-30;True
50;2025-08-04;21200.074;2025-06-30;True
50;2025-08-05;21739.715;2025-06-30;True
50;2025-08-06;21459.012;2025-06-30;True
50;2025-08-07;21325.783;2025-06-30;True
50;2025-08-08;20582.242;2025-06-30;True
50;2025-08-09;8645.993;2025-06-30;True
50;2025-08-10;7772.3447;2025-06-30;True
50;2025-08-11;21062.621;2025-06-30;True
50;2025-08-12;21840.467;2025-06-30;True
50;2025-08-13;21670.621;2025-06-30;True
50;2025-08-14;21518.268;2025-06-30;True
50;2025-08-15;20867.385;2025-06-30;True
50;2025-08-16;8581.687;2025-06-30;True
50;2025-08-17;7642.341;2025-06-30;True
50;2025-08-18;21357.629;2025-06-30;True
50;2025-08-19;21964.04;2025-06-30;True
50;2025-08-20;21600.65;2025-06-30;True
50;2025-08-21;21539.781;2025-06-30;True
50;2025-08-22;20577.436;2025-06-30;True
50;2025-08-23;8785.373;2025-06-30;True
50;2025-08-24;7759.882;2025-06-30;True
50;2025-08-25;21466.266;2025-06-30;True
50;2025-08-26;21926.65;2025-06-30;True
50;2025-08-27;21669.592;2025-06-30;True
50;2025-08-28;21473.666;2025-06-30;True
50;2025-08-29;20344.805;2025-06-30;True
50;2025-08-30;8400.585;2025-06-30;True
50;2025-08-31;7328.168;2025-06-30;True
1;2025-09-01;18526.385;2025-08-31;False
1;2025-09-02;19028.18;2025-08-31;False
1;2025-09-03;19293.674;2025-08-31;False
1;2025-09-04;19203.15;2025-08-31;False
1;2025-09-05;18864.791;2025-08-31;False
1;2025-09-06;9409.305;2025-08-31;False
1;2025-09-07;8631.332;2025-08-31;False
1;2025-09-08;18568.793;2025-08-31;False
1;2025-09-09;19366.684;2025-08-31;False
1;2025-09-10;19561.66;2025-08-31;False
1;2025-09-11;19471.592;2025-08-31;False
1;2025-09-12;19213.55;2025-08-31;False
1;2025-09-13;9865.73;2025-08-31;False
1;2025-09-14;8954.03;2025-08-31;False
1;2025-09-15;19120.754;2025-08-31;False
1;2025-09-16;19571.287;2025-08-31;False
1;2025-09-17;20054.617;2025-08-31;False
1;2025-09-18;19651.705;2025-08-31;False
1;2025-09-19;19132.826;2025-08-31;False
1;2025-09-20;9399.234;2025-08-31;False
1;2025-09-21;8593.096;2025-08-31;False
1;2025-09-22;19023.611;2025-08-31;False
1;2025-09-23;19726.986;2025-08-31;False
1;2025-09-24;20065.379;2025-08-31;False
1;2025-09-25;19919.727;2025-08-31;False
1;2025-09-26;19205.748;2025-08-31;False
1;2025-09-27;9659.07;2025-08-31;False
1;2025-09-28;8842.09;2025-08-31;False
1;2025-09-29;19260.28;2025-08-31;False
1;2025-09-30;20095.246;2025-08-31;False
1;2025-10-01;20303.258;2025-08-31;False
1;2025-10-02;20240.734;2025-08-31;False
1;2025-10-03;19758.775;2025-08-31;False
1;2025-10-04;9800.83;2025-08-31;False
1;2025-10-05;9182.246;2025-08-31;False
1;2025-10-06;19844.86;2025-08-31;False
1;2025-10-07;20428.684;2025-08-31;False
1;2025-10-08;20632.918;2025-08-31;False
1;2025-10-09;20551.41;2025-08-31;False
1;2025-10-10;19923.129;2025-08-31;False
1;2025-10-11;10015.807;2025-08-31;False
1;2025-10-12;9208.291;2025-08-31;False
1;2025-10-13;20123.926;2025-08-31;False
1;2025-10-14;20810.83;2025-08-31;False
1;2025-10-15;20992.547;2025-08-31;False
1;2025-10-16;20942.016;2025-08-31;False
1;2025-10-17;20510.32;2025-08-31;False
1;2025-10-18;10408.339;2025-08-31;False
1;2025-10-19;9171.847;2025-08-31;False
1;2025-10-20;20411.463;2025-08-31;False
1;2025-10-21;21034.992;2025-08-31;False
1;2025-10-22;21241.188;2025-08-31;False
1;2025-10-23;20885.475;2025-08-31;False
1;2025-10-24;20391.41;2025-08-31;False
1;2025-10-25;10021.92;2025-08-31;False
1;2025-10-26;9194.436;2025-08-31;False
1;2025-10-27;20293.984;2025-08-31;False
1;2025-10-28;21088.207;2025-08-31;False
1;2025-10-29;21386.676;2025-08-31;False
1;2025-10-30;21099.371;2025-08-31;False
1;2025-10-31;20946.33;2025-08-31;False
7;2025-09-01;21870.771;2025-08-31;False
7;2025-09-02;22457.422;2025-08-31;False
7;2025-09-03;22564.768;2025-08-31;False
7;2025-09-04;22547.285;2025-08-31;False
7;2025-09-05;22131.24;2025-08-31;False
7;2025-09-06;13353.439;2025-08-31;False
7;2025-09-07;11943.014;2025-08-31;False
7;2025-09-08;21879.062;2025-08-31;False
7;2025-09-09;22566.723;2025-08-31;False
7;2025-09-10;22653.422;2025-08-31;False
7;2025-09-11;22716.44;2025-08-31;False
7;2025-09-12;22278.832;2025-08-31;False
7;2025-09-13;13451.7705;2025-08-31;False
7;2025-09-14;12013.182;2025-08-31;False
7;2025-09-15;22387.951;2025-08-31;False
7;2025-09-16;22860.32;2025-08-31;False
7;2025-09-17;23087.664;2025-08-31;False
7;2025-09-18;23074.879;2025-08-31;False
7;2025-09-19;22564.18;2025-08-31;False
7;2025-09-20;13619.328;2025-08-31;False
7;2025-09-21;11679.603;2025-08-31;False
7;2025-09-22;22069.164;2025-08-31;False
7;2025-09-23;22569.367;2025-08-31;False
7;2025-09-24;23017.543;2025-08-31;False
7;2025-09-25;23128.498;2025-08-31;False
7;2025-09-26;22385.291;2025-08-31;False
7;2025-09-27;13592.665;2025-08-31;False
7;2025-09-28;11902.615;2025-08-31;False
7;2025-09-29;22275.43;2025-08-31;False
7;2025-09-30;23089.51;2025-08-31;False
7;2025-10-01;23382.566;2025-08-31;False
7;2025-10-02;23237.164;2025-08-31;False
7;2025-10-03;22506.6;2025-08-31;False
7;2025-10-04;13642.797;2025-08-31;False
7;2025-10-05;12464.569;2025-08-31;False
7;2025-10-06;22600.895;2025-08-31;False
7;2025-10-07;23084.994;2025-08-31;False
7;2025-10-08;23539.844;2025-08-31;False
7;2025-10-09;23562.947;2025-08-31;False
7;2025-10-10;22925.967;2025-08-31;False
7;2025-10-11;14070.716;2025-08-31;False
7;2025-10-12;12422.092;2025-08-31;False
7;2025-10-13;22476.945;2025-08-31;False
7;2025-10-14;23024.336;2025-08-31;False
7;2025-10-15;23493.559;2025-08-31;False
7;2025-10-16;23695.312;2025-08-31;False
7;2025-10-17;23132.262;2025-08-31;False
7;2025-10-18;14105.77;2025-08-31;False
7;2025-10-19;12092.363;2025-08-31;False
7;2025-10-20;22147.012;2025-08-31;False
7;2025-10-21;22708.951;2025-08-31;False
7;2025-10-22;23070.588;2025-08-31;False
7;2025-10-23;22681.438;2025-08-31;False
7;2025-10-24;22040.59;2025-08-31;False
7;2025-10-25;13518.676;2025-08-31;False
7;2025-10-26;12141.823;2025-08-31;False
7;2025-10-27;21821.836;2025-08-31;False
7;2025-10-28;22776.922;2025-08-31;False
7;2025-10-29;23210.758;2025-08-31;False
7;2025-10-30;22703.8;2025-08-31;False
7;2025-10-31;22506.602;2025-08-31;False
11;2025-09-01;30738.41;2025-08-31;False
11;2025-09-02;31277.559;2025-08-31;False
11;2025-09-03;31451.156;2025-08-31;False
11;2025-09-04;31627.37;2025-08-31;False
11;2025-09-05;30965.355;2025-08-31;False
11;2025-09-06;22438.383;2025-08-31;False
11;2025-09-07;20548.77;2025-08-31;False
11;2025-09-08;30671.979;2025-08-31;False
11;2025-09-09;31596.031;2025-08-31;False
11;2025-09-10;31663.55;2025-08-31;False
11;2025-09-11;31718.492;2025-08-31;False
11;2025-09-12;31147.453;2025-08-31;False
11;2025-09-13;22778.883;2025-08-31;False
11;2025-09-14;20386.18;2025-08-31;False
11;2025-09-15;30452.557;2025-08-31;False
11;2025-09-16;31317.424;2025-08-31;False
11;2025-09-17;31267.373;2025-08-31;False
11;2025-09-18;31136.244;2025-08-31;False
11;2025-09-19;30491.832;2025-08-31;False
11;2025-09-20;21354.812;2025-08-31;False
11;2025-09-21;19569.275;2025-08-31;False
11;2025-09-22;29869.719;2025-08-31;False
11;2025-09-23;31103.227;2025-08-31;False
11;2025-09-24;31376.836;2025-08-31;False
11;2025-09-25;31450.645;2025-08-31;False
11;2025-09-26;30660.871;2025-08-31;False
11;2025-09-27;21803.09;2025-08-31;False
11;2025-09-28;19947.766;2025-08-31;False
11;2025-09-29;30501.893;2025-08-31;False
11;2025-09-30;31600.266;2025-08-31;False
11;2025-10-01;31782.484;2025-08-31;False
11;2025-10-02;31620.572;2025-08-31;False
11;2025-10-03;31029.81;2025-08-31;False
11;2025-10-04;21731.521;2025-08-31;False
11;2025-10-05;20109.107;2025-08-31;False
11;2025-10-06;30829.848;2025-08-31;False
11;2025-10-07;31646.906;2025-08-31;False
11;2025-10-08;31705.748;2025-08-31;False
11;2025-10-09;31622.73;2025-08-31;False
11;2025-10-10;31375.691;2025-08-31;False
11;2025-10-11;22049.686;2025-08-31;False
11;2025-10-12;19845.475;2025-08-31;False
11;2025-10-13;30900.19;2025-08-31;False
11;2025-10-14;32090.26;2025-08-31;False
11;2025-10-15;32155.629;2025-08-31;False
11;2025-10-16;32048.293;2025-08-31;False
11;2025-10-17;31633.346;2025-08-31;False
11;2025-10-18;22322.379;2025-08-31;False
11;2025-10-19;19956.066;2025-08-31;False
11;2025-10-20;31467.885;2025-08-31;False
11;2025-10-21;32345.52;2025-08-31;False
11;2025-10-22;32502.17;2025-08-31;False
11;2025-10-23;32311.338;2025-08-31;False
11;2025-10-24;31823.498;2025-08-31;False
11;2025-10-25;22013.662;2025-08-31;False
11;2025-10-26;19949.43;2025-08-31;False
11;2025-10-27;31234.32;2025-08-31;False
11;2025-10-28;32257.875;2025-08-31;False
11;2025-10-29;32488.617;2025-08-31;False
11;2025-10-30;32411.62;2025-08-31;False
11;2025-10-31;31984.848;2025-08-31;False
12;2025-09-01;34284.164;2025-08-31;False
12;2025-09-02;35269.305;2025-08-31;False
12;2025-09-03;35189.586;2025-08-31;False
12;2025-09-04;34973.117;2025-08-31;False
12;2025-09-05;34419.227;2025-08-31;False
12;2025-09-06;21023.34;2025-08-31;False
12;2025-09-07;19051.277;2025-08-31;False
12;2025-09-08;34323.625;2025-08-31;False
12;2025-09-09;35874.434;2025-08-31;False
12;2025-09-10;35691.242;2025-08-31;False
12;2025-09-11;35428.125;2025-08-31;False
12;2025-09-12;34916.99;2025-08-31;False
12;2025-09-13;21667.484;2025-08-31;False
12;2025-09-14;19379.826;2025-08-31;False
12;2025-09-15;34907.664;2025-08-31;False
12;2025-09-16;36135.71;2025-08-31;False
12;2025-09-17;35694.0;2025-08-31;False
12;2025-09-18;35069.67;2025-08-31;False
12;2025-09-19;34359.945;2025-08-31;False
12;2025-09-20;20420.975;2025-08-31;False
12;2025-09-21;18606.36;2025-08-31;False
12;2025-09-22;34508.703;2025-08-31;False
12;2025-09-23;35821.69;2025-08-31;False
12;2025-09-24;36040.1;2025-08-31;False
12;2025-09-25;35586.13;2025-08-31;False
12;2025-09-26;34590.55;2025-08-31;False
12;2025-09-27;20686.371;2025-08-31;False
12;2025-09-28;18802.23;2025-08-31;False
12;2025-09-29;34331.64;2025-08-31;False
12;2025-09-30;36431.48;2025-08-31;False
12;2025-10-01;36425.67;2025-08-31;False
12;2025-10-02;36072.844;2025-08-31;False
12;2025-10-03;35282.055;2025-08-31;False
12;2025-10-04;20843.412;2025-08-31;False
12;2025-10-05;19356.4;2025-08-31;False
12;2025-10-06;35918.527;2025-08-31;False
12;2025-10-07;36921.598;2025-08-31;False
12;2025-10-08;36709.07;2025-08-31;False
12;2025-10-09;36219.914;2025-08-31;False
12;2025-10-10;35736.4;2025-08-31;False
12;2025-10-11;21139.71;2025-08-31;False
12;2025-10-12;19189.559;2025-08-31;False
12;2025-10-13;35920.74;2025-08-31;False
12;2025-10-14;37307.72;2025-08-31;False
12;2025-10-15;37324.656;2025-08-31;False
12;2025-10-16;36947.355;2025-08-31;False
12;2025-10-17;36336.902;2025-08-31;False
12;2025-10-18;21450.66;2025-08-31;False
12;2025-10-19;18966.68;2025-08-31;False
12;2025-10-20;36186.35;2025-08-31;False
12;2025-10-21;37562.91;2025-08-31;False
12;2025-10-22;37455.113;2025-08-31;False
12;2025-10-23;36696.47;2025-08-31;False
12;2025-10-24;36141.285;2025-08-31;False
12;2025-10-25;20683.24;2025-08-31;False
12;2025-10-26;18935.0;2025-08-31;False
12;2025-10-27;35689.69;2025-08-31;False
12;2025-10-28;37547.703;2025-08-31;False
12;2025-10-29;37619.1;2025-08-31;False
12;2025-10-30;36727.445;2025-08-31;False
12;2025-10-31;36311.125;2025-08-31;False
17;2025-09-01;52192.367;2025-08-31;False
17;2025-09-02;52984.9;2025-08-31;False
17;2025-09-03;52653.88;2025-08-31;False
17;2025-09-04;53040.457;2025-08-31;False
17;2025-09-05;52529.38;2025-08-31;False
17;2025-09-06;40032.83;2025-08-31;False
17;2025-09-07;35670.87;2025-08-31;False
17;2025-09-08;51488.85;2025-08-31;False
17;2025-09-09;53095.39;2025-08-31;False
17;2025-09-10;52975.83;2025-08-31;False
17;2025-09-11;53177.117;2025-08-31;False
17;2025-09-12;52790.168;2025-08-31;False
17;2025-09-13;39723.703;2025-08-31;False
17;2025-09-14;35639.746;2025-08-31;False
17;2025-09-15;52041.945;2025-08-31;False
17;2025-09-16;53364.848;2025-08-31;False
17;2025-09-17;53128.57;2025-08-31;False
17;2025-09-18;53153.375;2025-08-31;False
17;2025-09-19;52509.883;2025-08-31;False
17;2025-09-20;39334.496;2025-08-31;False
17;2025-09-21;34403.37;2025-08-31;False
17;2025-09-22;51950.945;2025-08-31;False
17;2025-09-23;52937.207;2025-08-31;False
17;2025-09-24;53086.75;2025-08-31;False
17;2025-09-25;53379.53;2025-08-31;False
17;2025-09-26;52840.984;2025-08-31;False
17;2025-09-27;38640.69;2025-08-31;False
17;2025-09-28;33864.027;2025-08-31;False
17;2025-09-29;52335.688;2025-08-31;False
17;2025-09-30;53625.383;2025-08-31;False
17;2025-10-01;53740.184;2025-08-31;False
17;2025-10-02;53767.64;2025-08-31;False
17;2025-10-03;53643.29;2025-08-31;False
17;2025-10-04;39376.645;2025-08-31;False
17;2025-10-05;35065.305;2025-08-31;False
17;2025-10-06;52962.15;2025-08-31;False
17;2025-10-07;54021.31;2025-08-31;False
17;2025-10-08;54127.094;2025-08-31;False
17;2025-10-09;54143.652;2025-08-31;False
17;2025-10-10;54086.79;2025-08-31;False
17;2025-10-11;40030.05;2025-08-31;False
17;2025-10-12;34925.664;2025-08-31;False
17;2025-10-13;53023.22;2025-08-31;False
17;2025-10-14;54363.92;2025-08-31;False
17;2025-10-15;54478.273;2025-08-31;False
17;2025-10-16;54345.1;2025-08-31;False
17;2025-10-17;54101.9;2025-08-31;False
17;2025-10-18;39929.98;2025-08-31;False
17;2025-10-19;35065.258;2025-08-31;False
17;2025-10-20;53601.516;2025-08-31;False
17;2025-10-21;54349.55;2025-08-31;False
17;2025-10-22;54529.89;2025-08-31;False
17;2025-10-23;54178.62;2025-08-31;False
17;2025-10-24;53917.516;2025-08-31;False
17;2025-10-25;39625.164;2025-08-31;False
17;2025-10-26;34652.176;2025-08-31;False
17;2025-10-27;52930.203;2025-08-31;False
17;2025-10-28;54213.07;2025-08-31;False
17;2025-10-29;54302.375;2025-08-31;False
17;2025-10-30;54254.703;2025-08-31;False
17;2025-10-31;54345.53;2025-08-31;False
25;2025-09-01;6630.6616;2025-08-31;False
25;2025-09-02;6753.2593;2025-08-31;False
25;2025-09-03;6769.3384;2025-08-31;False
25;2025-09-04;6749.2627;2025-08-31;False
25;2025-09-05;6675.643;2025-08-31;False
25;2025-09-06;5498.8057;2025-08-31;False
25;2025-09-07;4988.6724;2025-08-31;False
25;2025-09-08;6382.6772;2025-08-31;False
25;2025-09-09;6698.6196;2025-08-31;False
25;2025-09-10;6756.2583;2025-08-31;False
25;2025-09-11;6740.331;2025-08-31;False
25;2025-09-12;6673.831;2025-08-31;False
25;2025-09-13;5494.121;2025-08-31;False
25;2025-09-14;4901.258;2025-08-31;False
25;2025-09-15;6453.2275;2025-08-31;False
25;2025-09-16;6694.472;2025-08-31;False
25;2025-09-17;6814.438;2025-08-31;False
25;2025-09-18;6806.4277;2025-08-31;False
25;2025-09-19;6720.3086;2025-08-31;False
25;2025-09-20;5455.288;2025-08-31;False
25;2025-09-21;4745.3154;2025-08-31;False
25;2025-09-22;6350.9673;2025-08-31;False
25;2025-09-23;6615.004;2025-08-31;False
25;2025-09-24;6735.2544;2025-08-31;False
25;2025-09-25;6800.583;2025-08-31;False
25;2025-09-26;6704.2383;2025-08-31;False
25;2025-09-27;5351.7354;2025-08-31;False
25;2025-09-28;4642.877;2025-08-31;False
25;2025-09-29;6428.9517;2025-08-31;False
25;2025-09-30;6788.46;2025-08-31;False
25;2025-10-01;6868.1143;2025-08-31;False
25;2025-10-02;6894.831;2025-08-31;False
25;2025-10-03;7032.787;2025-08-31;False
25;2025-10-04;5588.514;2025-08-31;False
25;2025-10-05;5026.045;2025-08-31;False
25;2025-10-06;6909.5073;2025-08-31;False
25;2025-10-07;7222.2695;2025-08-31;False
25;2025-10-08;7309.123;2025-08-31;False
25;2025-10-09;7334.2603;2025-08-31;False
25;2025-10-10;7280.852;2025-08-31;False
25;2025-10-11;5764.2373;2025-08-31;False
25;2025-10-12;5069.1865;2025-08-31;False
25;2025-10-13;6982.6436;2025-08-31;False
25;2025-10-14;7336.7104;2025-08-31;False
25;2025-10-15;7410.9673;2025-08-31;False
25;2025-10-16;7384.834;2025-08-31;False
25;2025-10-17;7284.751;2025-08-31;False
25;2025-10-18;5815.835;2025-08-31;False
25;2025-10-19;5004.8325;2025-08-31;False
25;2025-10-20;7079.9497;2025-08-31;False
25;2025-10-21;7376.049;2025-08-31;False
25;2025-10-22;7437.7515;2025-08-31;False
25;2025-10-23;7345.0405;2025-08-31;False
25;2025-10-24;7255.5317;2025-08-31;False
25;2025-10-25;5611.485;2025-08-31;False
25;2025-10-26;4958.6553;2025-08-31;False
25;2025-10-27;6860.5405;2025-08-31;False
25;2025-10-28;7393.307;2025-08-31;False
25;2025-10-29;7438.4785;2025-08-31;False
25;2025-10-30;7360.207;2025-08-31;False
25;2025-10-31;7336.4824;2025-08-31;False
26;2025-09-01;16661.453;2025-08-31;False
26;2025-09-02;16940.033;2025-08-31;False
26;2025-09-03;16965.535;2025-08-31;False
26;2025-09-04;17190.588;2025-08-31;False
26;2025-09-05;16651.082;2025-08-31;False
26;2025-09-06;11589.245;2025-08-31;False
26;2025-09-07;9929.025;2025-08-31;False
26;2025-09-08;16858.9;2025-08-31;False
26;2025-09-09;17391.975;2025-08-31;False
26;2025-09-10;17328.674;2025-08-31;False
26;2025-09-11;17439.803;2025-08-31;False
26;2025-09-12;16845.14;2025-08-31;False
26;2025-09-13;11611.311;2025-08-31;False
26;2025-09-14;10076.197;2025-08-31;False
26;2025-09-15;17189.764;2025-08-31;False
26;2025-09-16;17548.926;2025-08-31;False
26;2025-09-17;17563.979;2025-08-31;False
26;2025-09-18;17583.6;2025-08-31;False
26;2025-09-19;16868.92;2025-08-31;False
26;2025-09-20;11540.202;2025-08-31;False
26;2025-09-21;9847.873;2025-08-31;False
26;2025-09-22;17214.197;2025-08-31;False
26;2025-09-23;17749.57;2025-08-31;False
26;2025-09-24;17803.496;2025-08-31;False
26;2025-09-25;17930.89;2025-08-31;False
26;2025-09-26;16981.26;2025-08-31;False
26;2025-09-27;11687.525;2025-08-31;False
26;2025-09-28;10002.615;2025-08-31;False
26;2025-09-29;17467.312;2025-08-31;False
26;2025-09-30;18016.25;2025-08-31;False
26;2025-10-01;18142.764;2025-08-31;False
26;2025-10-02;18104.586;2025-08-31;False
26;2025-10-03;17348.35;2025-08-31;False
26;2025-10-04;11739.141;2025-08-31;False
26;2025-10-05;10321.83;2025-08-31;False
26;2025-10-06;17981.596;2025-08-31;False
26;2025-10-07;18334.326;2025-08-31;False
26;2025-10-08;18379.416;2025-08-31;False
26;2025-10-09;18740.58;2025-08-31;False
26;2025-10-10;18187.168;2025-08-31;False
26;2025-10-11;12222.198;2025-08-31;False
26;2025-10-12;10436.423;2025-08-31;False
26;2025-10-13;18603.34;2025-08-31;False
26;2025-10-14;19075.973;2025-08-31;False
26;2025-10-15;19135.068;2025-08-31;False
26;2025-10-16;19355.441;2025-08-31;False
26;2025-10-17;18651.0;2025-08-31;False
26;2025-10-18;12548.585;2025-08-31;False
26;2025-10-19;10129.574;2025-08-31;False
26;2025-10-20;18993.637;2025-08-31;False
26;2025-10-21;19313.14;2025-08-31;False
26;2025-10-22;19326.594;2025-08-31;False
26;2025-10-23;19233.107;2025-08-31;False
26;2025-10-24;18511.639;2025-08-31;False
26;2025-10-25;11985.878;2025-08-31;False
26;2025-10-26;10225.657;2025-08-31;False
26;2025-10-27;18901.666;2025-08-31;False
26;2025-10-28;19441.84;2025-08-31;False
26;2025-10-29;19442.559;2025-08-31;False
26;2025-10-30;19418.105;2025-08-31;False
26;2025-10-31;18746.117;2025-08-31;False
28;2025-09-01;10182.76;2025-08-31;False
28;2025-09-02;10309.295;2025-08-31;False
28;2025-09-03;10347.033;2025-08-31;False
28;2025-09-04;10349.231;2025-08-31;False
28;2025-09-05;10159.888;2025-08-31;False
28;2025-09-06;7123.498;2025-08-31;False
28;2025-09-07;6122.5977;2025-08-31;False
28;2025-09-08;10280.285;2025-08-31;False
28;2025-09-09;10553.422;2025-08-31;False
28;2025-09-10;10497.575;2025-08-31;False
28;2025-09-11;10503.623;2025-08-31;False
28;2025-09-12;10310.277;2025-08-31;False
28;2025-09-13;7176.1895;2025-08-31;False
28;2025-09-14;6116.6567;2025-08-31;False
28;2025-09-15;10415.736;2025-08-31;False
28;2025-09-16;10624.878;2025-08-31;False
28;2025-09-17;10272.565;2025-08-31;False
28;2025-09-18;10273.713;2025-08-31;False
28;2025-09-19;10033.821;2025-08-31;False
28;2025-09-20;6812.1016;2025-08-31;False
28;2025-09-21;5863.8096;2025-08-31;False
28;2025-09-22;10074.503;2025-08-31;False
28;2025-09-23;10319.776;2025-08-31;False
28;2025-09-24;10319.081;2025-08-31;False
28;2025-09-25;10394.772;2025-08-31;False
28;2025-09-26;10053.825;2025-08-31;False
28;2025-09-27;6816.485;2025-08-31;False
28;2025-09-28;5841.673;2025-08-31;False
28;2025-09-29;10102.516;2025-08-31;False
28;2025-09-30;10364.429;2025-08-31;False
28;2025-10-01;10330.19;2025-08-31;False
28;2025-10-02;10338.984;2025-08-31;False
28;2025-10-03;10270.702;2025-08-31;False
28;2025-10-04;6731.001;2025-08-31;False
28;2025-10-05;6011.3506;2025-08-31;False
28;2025-10-06;10364.018;2025-08-31;False
28;2025-10-07;10650.496;2025-08-31;False
28;2025-10-08;10628.623;2025-08-31;False
28;2025-10-09;10717.859;2025-08-31;False
28;2025-10-10;10513.642;2025-08-31;False
28;2025-10-11;6987.8945;2025-08-31;False
28;2025-10-12;6067.0044;2025-08-31;False
28;2025-10-13;10636.0;2025-08-31;False
28;2025-10-14;10909.158;2025-08-31;False
28;2025-10-15;10873.162;2025-08-31;False
28;2025-10-16;10930.704;2025-08-31;False
28;2025-10-17;10665.4375;2025-08-31;False
28;2025-10-18;6962.909;2025-08-31;False
28;2025-10-19;5949.383;2025-08-31;False
28;2025-10-20;10697.244;2025-08-31;False
28;2025-10-21;10843.741;2025-08-31;False
28;2025-10-22;10817.01;2025-08-31;False
28;2025-10-23;10783.046;2025-08-31;False
28;2025-10-24;10534.367;2025-08-31;False
28;2025-10-25;6825.924;2025-08-31;False
28;2025-10-26;5898.1772;2025-08-31;False
28;2025-10-27;10661.575;2025-08-31;False
28;2025-10-28;10938.835;2025-08-31;False
28;2025-10-29;10928.778;2025-08-31;False
28;2025-10-30;10894.893;2025-08-31;False
28;2025-10-31;10708.94;2025-08-31;False
50;2025-09-01;19114.793;2025-08-31;False
50;2025-09-02;19440.799;2025-08-31;False
50;2025-09-03;19312.64;2025-08-31;False
50;2025-09-04;19566.732;2025-08-31;False
50;2025-09-05;18820.184;2025-08-31;False
50;2025-09-06;9346.621;2025-08-31;False
50;2025-09-07;8372.633;2025-08-31;False
50;2025-09-08;19266.984;2025-08-31;False
50;2025-09-09;19745.434;2025-08-31;False
50;2025-09-10;19771.402;2025-08-31;False
50;2025-09-11;19697.35;2025-08-31;False
50;2025-09-12;18969.682;2025-08-31;False
50;2025-09-13;9533.146;2025-08-31;False
50;2025-09-14;8564.3;2025-08-31;False
50;2025-09-15;19217.691;2025-08-31;False
50;2025-09-16;19778.643;2025-08-31;False
50;2025-09-17;20431.95;2025-08-31;False
50;2025-09-18;20315.135;2025-08-31;False
50;2025-09-19;19596.992;2025-08-31;False
50;2025-09-20;9392.811;2025-08-31;False
50;2025-09-21;8349.561;2025-08-31;False
50;2025-09-22;19782.184;2025-08-31;False
50;2025-09-23;20469.64;2025-08-31;False
50;2025-09-24;20825.434;2025-08-31;False
50;2025-09-25;20791.25;2025-08-31;False
50;2025-09-26;19828.328;2025-08-31;False
50;2025-09-27;9619.855;2025-08-31;False
50;2025-09-28;8664.581;2025-08-31;False
50;2025-09-29;20124.791;2025-08-31;False
50;2025-09-30;20924.594;2025-08-31;False
50;2025-10-01;21091.838;2025-08-31;False
50;2025-10-02;20974.3;2025-08-31;False
50;2025-10-03;20311.137;2025-08-31;False
50;2025-10-04;9608.002;2025-08-31;False
50;2025-10-05;8755.014;2025-08-31;False
50;2025-10-06;20937.041;2025-08-31;False
50;2025-10-07;21272.094;2025-08-31;False
50;2025-10-08;21425.725;2025-08-31;False
50;2025-10-09;21574.7;2025-08-31;False
50;2025-10-10;20519.266;2025-08-31;False
50;2025-10-11;9654.1455;2025-08-31;False
50;2025-10-12;8723.14;2025-08-31;False
50;2025-10-13;20978.527;2025-08-31;False
50;2025-10-14;21369.81;2025-08-31;False
50;2025-10-15;21804.984;2025-08-31;False
50;2025-10-16;21839.662;2025-08-31;False
50;2025-10-17;20795.693;2025-08-31;False
50;2025-10-18;10046.905;2025-08-31;False
50;2025-10-19;8728.72;2025-08-31;False
50;2025-10-20;21237.555;2025-08-31;False
50;2025-10-21;21527.129;2025-08-31;False
50;2025-10-22;21729.152;2025-08-31;False
50;2025-10-23;21569.922;2025-08-31;False
50;2025-10-24;20451.69;2025-08-31;False
50;2025-10-25;9640.379;2025-08-31;False
50;2025-10-26;8677.781;2025-08-31;False
50;2025-10-27;20810.422;2025-08-31;False
50;2025-10-28;21557.715;2025-08-31;False
50;2025-10-29;21918.273;2025-08-31;False
50;2025-10-30;21545.889;2025-08-31;False
50;2025-10-31;20745.459;2025-08-31;False
1;2025-09-01;18372.465;2025-08-31;True
1;2025-09-02;18931.383;2025-08-31;True
1;2025-09-03;19210.965;2025-08-31;True
1;2025-09-04;19073.725;2025-08-31;True
1;2025-09-05;18602.514;2025-08-31;True
1;2025-09-06;9361.779;2025-08-31;True
1;2025-09-07;8757.045;2025-08-31;True
1;2025-09-08;18365.303;2025-08-31;True
1;2025-09-09;19039.82;2025-08-31;True
1;2025-09-10;19266.672;2025-08-31;True
1;2025-09-11;19245.158;2025-08-31;True
1;2025-09-12;18847.164;2025-08-31;True
1;2025-09-13;9525.651;2025-08-31;True
1;2025-09-14;9040.72;2025-08-31;True
1;2025-09-15;18609.314;2025-08-31;True
1;2025-09-16;19209.957;2025-08-31;True
1;2025-09-17;19611.256;2025-08-31;True
1;2025-09-18;19283.246;2025-08-31;True
1;2025-09-19;18763.4;2025-08-31;True
1;2025-09-20;9231.228;2025-08-31;True
1;2025-09-21;8687.455;2025-08-31;True
1;2025-09-22;18808.613;2025-08-31;True
1;2025-09-23;19427.186;2025-08-31;True
1;2025-09-24;19863.63;2025-08-31;True
1;2025-09-25;19598.383;2025-08-31;True
1;2025-09-26;18821.0;2025-08-31;True
1;2025-09-27;9370.701;2025-08-31;True
1;2025-09-28;8846.045;2025-08-31;True
1;2025-09-29;18747.877;2025-08-31;True
1;2025-09-30;19658.996;2025-08-31;True
1;2025-10-01;19985.168;2025-08-31;True
1;2025-10-02;19894.406;2025-08-31;True
1;2025-10-03;19331.908;2025-08-31;True
1;2025-10-04;9487.039;2025-08-31;True
1;2025-10-05;8898.971;2025-08-31;True
1;2025-10-06;19279.268;2025-08-31;True
1;2025-10-07;19784.053;2025-08-31;True
1;2025-10-08;20129.895;2025-08-31;True
1;2025-10-09;19903.023;2025-08-31;True
1;2025-10-10;19317.951;2025-08-31;True
1;2025-10-11;9537.478;2025-08-31;True
1;2025-10-12;9083.951;2025-08-31;True
1;2025-10-13;19284.08;2025-08-31;True
1;2025-10-14;19753.627;2025-08-31;True
1;2025-10-15;20113.379;2025-08-31;True
1;2025-10-16;20105.275;2025-08-31;True
1;2025-10-17;19635.377;2025-08-31;True
1;2025-10-18;9679.904;2025-08-31;True
1;2025-10-19;9244.834;2025-08-31;True
1;2025-10-20;19467.883;2025-08-31;True
1;2025-10-21;19901.27;2025-08-31;True
1;2025-10-22;20312.121;2025-08-31;True
1;2025-10-23;20096.113;2025-08-31;True
1;2025-10-24;19502.547;2025-08-31;True
1;2025-10-25;9784.38;2025-08-31;True
1;2025-10-26;9329.98;2025-08-31;True
1;2025-10-27;19469.11;2025-08-31;True
1;2025-10-28;20063.598;2025-08-31;True
1;2025-10-29;20528.543;2025-08-31;True
1;2025-10-30;20333.291;2025-08-31;True
1;2025-10-31;20097.625;2025-08-31;True
7;2025-09-01;21734.27;2025-08-31;True
7;2025-09-02;22445.049;2025-08-31;True
7;2025-09-03;22833.525;2025-08-31;True
7;2025-09-04;22856.127;2025-08-31;True
7;2025-09-05;22279.412;2025-08-31;True
7;2025-09-06;13273.574;2025-08-31;True
7;2025-09-07;11927.259;2025-08-31;True
7;2025-09-08;22156.209;2025-08-31;True
7;2025-09-09;22719.562;2025-08-31;True
7;2025-09-10;23132.828;2025-08-31;True
7;2025-09-11;23157.148;2025-08-31;True
7;2025-09-12;22632.14;2025-08-31;True
7;2025-09-13;13338.072;2025-08-31;True
7;2025-09-14;12014.395;2025-08-31;True
7;2025-09-15;22548.094;2025-08-31;True
7;2025-09-16;23183.938;2025-08-31;True
7;2025-09-17;24091.193;2025-08-31;True
7;2025-09-18;24089.69;2025-08-31;True
7;2025-09-19;23487.635;2025-08-31;True
7;2025-09-20;13853.264;2025-08-31;True
7;2025-09-21;12092.897;2025-08-31;True
7;2025-09-22;23018.852;2025-08-31;True
7;2025-09-23;23539.28;2025-08-31;True
7;2025-09-24;24280.918;2025-08-31;True
7;2025-09-25;24170.729;2025-08-31;True
7;2025-09-26;23437.94;2025-08-31;True
7;2025-09-27;14046.531;2025-08-31;True
7;2025-09-28;12363.715;2025-08-31;True
7;2025-09-29;23327.018;2025-08-31;True
7;2025-09-30;24088.295;2025-08-31;True
7;2025-10-01;24681.943;2025-08-31;True
7;2025-10-02;24550.543;2025-08-31;True
7;2025-10-03;23604.773;2025-08-31;True
7;2025-10-04;13987.586;2025-08-31;True
7;2025-10-05;12695.969;2025-08-31;True
7;2025-10-06;23518.531;2025-08-31;True
7;2025-10-07;24153.77;2025-08-31;True
7;2025-10-08;24589.553;2025-08-31;True
7;2025-10-09;24701.824;2025-08-31;True
7;2025-10-10;24103.986;2025-08-31;True
7;2025-10-11;14553.734;2025-08-31;True
7;2025-10-12;12953.596;2025-08-31;True
7;2025-10-13;23631.209;2025-08-31;True
7;2025-10-14;23979.934;2025-08-31;True
7;2025-10-15;24405.852;2025-08-31;True
7;2025-10-16;24612.121;2025-08-31;True
7;2025-10-17;24174.824;2025-08-31;True
7;2025-10-18;14709.407;2025-08-31;True
7;2025-10-19;12997.941;2025-08-31;True
7;2025-10-20;23722.137;2025-08-31;True
7;2025-10-21;24341.889;2025-08-31;True
7;2025-10-22;25046.863;2025-08-31;True
7;2025-10-23;24824.203;2025-08-31;True
7;2025-10-24;24353.39;2025-08-31;True
7;2025-10-25;14942.892;2025-08-31;True
7;2025-10-26;13191.679;2025-08-31;True
7;2025-10-27;24238.703;2025-08-31;True
7;2025-10-28;24753.572;2025-08-31;True
7;2025-10-29;25349.152;2025-08-31;True
7;2025-10-30;25217.469;2025-08-31;True
7;2025-10-31;24924.717;2025-08-31;True
11;2025-09-01;30845.424;2025-08-31;True
11;2025-09-02;31522.904;2025-08-31;True
11;2025-09-03;31756.916;2025-08-31;True
11;2025-09-04;31877.195;2025-08-31;True
11;2025-09-05;31354.936;2025-08-31;True
11;2025-09-06;22388.332;2025-08-31;True
11;2025-09-07;20940.662;2025-08-31;True
11;2025-09-08;30700.37;2025-08-31;True
11;2025-09-09;31616.707;2025-08-31;True
11;2025-09-10;31822.688;2025-08-31;True
11;2025-09-11;31970.34;2025-08-31;True
11;2025-09-12;31453.156;2025-08-31;True
11;2025-09-13;22808.71;2025-08-31;True
11;2025-09-14;20967.863;2025-08-31;True
11;2025-09-15;30545.084;2025-08-31;True
11;2025-09-16;31509.227;2025-08-31;True
11;2025-09-17;31782.3;2025-08-31;True
11;2025-09-18;31709.271;2025-08-31;True
11;2025-09-19;31140.998;2025-08-31;True
11;2025-09-20;21875.352;2025-08-31;True
11;2025-09-21;20486.504;2025-08-31;True
11;2025-09-22;30464.303;2025-08-31;True
11;2025-09-23;31691.715;2025-08-31;True
11;2025-09-24;32030.54;2025-08-31;True
11;2025-09-25;31870.375;2025-08-31;True
11;2025-09-26;31022.105;2025-08-31;True
11;2025-09-27;22022.049;2025-08-31;True
11;2025-09-28;20603.059;2025-08-31;True
11;2025-09-29;30747.652;2025-08-31;True
11;2025-09-30;32030.072;2025-08-31;True
11;2025-10-01;32299.55;2025-08-31;True
11;2025-10-02;32186.795;2025-08-31;True
11;2025-10-03;31555.164;2025-08-31;True
11;2025-10-04;21916.098;2025-08-31;True
11;2025-10-05;20505.322;2025-08-31;True
11;2025-10-06;31055.84;2025-08-31;True
11;2025-10-07;31956.492;2025-08-31;True
11;2025-10-08;32151.283;2025-08-31;True
11;2025-10-09;31974.154;2025-08-31;True
11;2025-10-10;31596.232;2025-08-31;True
11;2025-10-11;22001.385;2025-08-31;True
11;2025-10-12;20504.785;2025-08-31;True
11;2025-10-13;30927.68;2025-08-31;True
11;2025-10-14;31930.688;2025-08-31;True
11;2025-10-15;32213.908;2025-08-31;True
11;2025-10-16;32203.459;2025-08-31;True
11;2025-10-17;31645.537;2025-08-31;True
11;2025-10-18;22086.068;2025-08-31;True
11;2025-10-19;20663.004;2025-08-31;True
11;2025-10-20;31238.008;2025-08-31;True
11;2025-10-21;32095.154;2025-08-31;True
11;2025-10-22;32439.613;2025-08-31;True
11;2025-10-23;32312.836;2025-08-31;True
11;2025-10-24;31806.838;2025-08-31;True
11;2025-10-25;22032.545;2025-08-31;True
11;2025-10-26;20687.127;2025-08-31;True
11;2025-10-27;31412.734;2025-08-31;True
11;2025-10-28;32272.973;2025-08-31;True
11;2025-10-29;32636.867;2025-08-31;True
11;2025-10-30;32556.56;2025-08-31;True
11;2025-10-31;32232.064;2025-08-31;True
12;2025-09-01;34847.484;2025-08-31;True
12;2025-09-02;35794.875;2025-08-31;True
12;2025-09-03;35783.8;2025-08-31;True
12;2025-09-04;35508.242;2025-08-31;True
12;2025-09-05;34899.227;2025-08-31;True
12;2025-09-06;21077.695;2025-08-31;True
12;2025-09-07;19728.82;2025-08-31;True
12;2025-09-08;34667.68;2025-08-31;True
12;2025-09-09;36000.535;2025-08-31;True
12;2025-09-10;36050.2;2025-08-31;True
12;2025-09-11;35907.812;2025-08-31;True
12;2025-09-12;35288.92;2025-08-31;True
12;2025-09-13;21128.438;2025-08-31;True
12;2025-09-14;19825.75;2025-08-31;True
12;2025-09-15;34961.016;2025-08-31;True
12;2025-09-16;36258.87;2025-08-31;True
12;2025-09-17;36108.656;2025-08-31;True
12;2025-09-18;35425.5;2025-08-31;True
12;2025-09-19;34745.98;2025-08-31;True
12;2025-09-20;20159.32;2025-08-31;True
12;2025-09-21;19094.664;2025-08-31;True
12;2025-09-22;34861.953;2025-08-31;True
12;2025-09-23;36048.06;2025-08-31;True
12;2025-09-24;36383.223;2025-08-31;True
12;2025-09-25;35814.453;2025-08-31;True
12;2025-09-26;34816.445;2025-08-31;True
12;2025-09-27;20592.875;2025-08-31;True
12;2025-09-28;19268.688;2025-08-31;True
12;2025-09-29;34683.777;2025-08-31;True
12;2025-09-30;36536.984;2025-08-31;True
12;2025-10-01;36676.184;2025-08-31;True
12;2025-10-02;36375.383;2025-08-31;True
12;2025-10-03;35387.844;2025-08-31;True
12;2025-10-04;20779.613;2025-08-31;True
12;2025-10-05;19319.004;2025-08-31;True
12;2025-10-06;35454.773;2025-08-31;True
12;2025-10-07;36362.1;2025-08-31;True
12;2025-10-08;36428.53;2025-08-31;True
12;2025-10-09;35978.06;2025-08-31;True
12;2025-10-10;35321.27;2025-08-31;True
12;2025-10-11;20947.004;2025-08-31;True
12;2025-10-12;19459.242;2025-08-31;True
12;2025-10-13;35230.42;2025-08-31;True
12;2025-10-14;36335.65;2025-08-31;True
12;2025-10-15;36517.18;2025-08-31;True
12;2025-10-16;36391.598;2025-08-31;True
12;2025-10-17;35621.953;2025-08-31;True
12;2025-10-18;20998.695;2025-08-31;True
12;2025-10-19;19462.059;2025-08-31;True
12;2025-10-20;35524.83;2025-08-31;True
12;2025-10-21;36713.145;2025-08-31;True
12;2025-10-22;36675.62;2025-08-31;True
12;2025-10-23;36251.098;2025-08-31;True
12;2025-10-24;35675.617;2025-08-31;True
12;2025-10-25;20564.75;2025-08-31;True
12;2025-10-26;19530.031;2025-08-31;True
12;2025-10-27;35034.867;2025-08-31;True
12;2025-10-28;36635.96;2025-08-31;True
12;2025-10-29;37131.562;2025-08-31;True
12;2025-10-30;36611.594;2025-08-31;True
12;2025-10-31;36203.25;2025-08-31;True
17;2025-09-01;52518.316;2025-08-31;True
17;2025-09-02;53386.844;2025-08-31;True
17;2025-09-03;53087.336;2025-08-31;True
17;2025-09-04;53588.97;2025-08-31;True
17;2025-09-05;53043.516;2025-08-31;True
17;2025-09-06;40150.848;2025-08-31;True
17;2025-09-07;36799.977;2025-08-31;True
17;2025-09-08;52196.586;2025-08-31;True
17;2025-09-09;53437.5;2025-08-31;True
17;2025-09-10;53396.273;2025-08-31;True
17;2025-09-11;53854.21;2025-08-31;True
17;2025-09-12;53296.086;2025-08-31;True
17;2025-09-13;40688.082;2025-08-31;True
17;2025-09-14;36913.1;2025-08-31;True
17;2025-09-15;52627.965;2025-08-31;True
17;2025-09-16;53811.355;2025-08-31;True
17;2025-09-17;53634.758;2025-08-31;True
17;2025-09-18;53906.652;2025-08-31;True
17;2025-09-19;53168.19;2025-08-31;True
17;2025-09-20;39492.953;2025-08-31;True
17;2025-09-21;35555.156;2025-08-31;True
17;2025-09-22;52624.36;2025-08-31;True
17;2025-09-23;53795.902;2025-08-31;True
17;2025-09-24;53963.844;2025-08-31;True
17;2025-09-25;54222.863;2025-08-31;True
17;2025-09-26;53180.19;2025-08-31;True
17;2025-09-27;38938.336;2025-08-31;True
17;2025-09-28;34963.4;2025-08-31;True
17;2025-09-29;52662.22;2025-08-31;True
17;2025-09-30;53929.41;2025-08-31;True
17;2025-10-01;54064.79;2025-08-31;True
17;2025-10-02;54134.086;2025-08-31;True
17;2025-10-03;53714.125;2025-08-31;True
17;2025-10-04;38922.26;2025-08-31;True
17;2025-10-05;35134.37;2025-08-31;True
17;2025-10-06;52350.9;2025-08-31;True
17;2025-10-07;53644.52;2025-08-31;True
17;2025-10-08;53701.492;2025-08-31;True
17;2025-10-09;53663.727;2025-08-31;True
17;2025-10-10;53434.527;2025-08-31;True
17;2025-10-11;38981.04;2025-08-31;True
17;2025-10-12;35141.773;2025-08-31;True
17;2025-10-13;52128.277;2025-08-31;True
17;2025-10-14;53433.58;2025-08-31;True
17;2025-10-15;53538.336;2025-08-31;True
17;2025-10-16;53674.566;2025-08-31;True
17;2025-10-17;53397.99;2025-08-31;True
17;2025-10-18;39257.7;2025-08-31;True
17;2025-10-19;35919.227;2025-08-31;True
17;2025-10-20;52636.914;2025-08-31;True
17;2025-10-21;53393.63;2025-08-31;True
17;2025-10-22;53381.066;2025-08-31;True
17;2025-10-23;53592.945;2025-08-31;True
17;2025-10-24;53052.613;2025-08-31;True
17;2025-10-25;39094.09;2025-08-31;True
17;2025-10-26;35350.055;2025-08-31;True
17;2025-10-27;52297.723;2025-08-31;True
17;2025-10-28;53576.555;2025-08-31;True
17;2025-10-29;53905.453;2025-08-31;True
17;2025-10-30;53894.227;2025-08-31;True
17;2025-10-31;53711.81;2025-08-31;True
25;2025-09-01;6639.613;2025-08-31;True
25;2025-09-02;6868.7188;2025-08-31;True
25;2025-09-03;6952.4287;2025-08-31;True
25;2025-09-04;7035.26;2025-08-31;True
25;2025-09-05;6893.798;2025-08-31;True
25;2025-09-06;5562.0835;2025-08-31;True
25;2025-09-07;4977.934;2025-08-31;True
25;2025-09-08;6494.4844;2025-08-31;True
25;2025-09-09;6878.1475;2025-08-31;True
25;2025-09-10;6972.224;2025-08-31;True
25;2025-09-11;7009.4473;2025-08-31;True
25;2025-09-12;6932.0083;2025-08-31;True
25;2025-09-13;5649.542;2025-08-31;True
25;2025-09-14;5020.8945;2025-08-31;True
25;2025-09-15;6547.909;2025-08-31;True
25;2025-09-16;6882.6606;2025-08-31;True
25;2025-09-17;7075.3086;2025-08-31;True
25;2025-09-18;7103.7646;2025-08-31;True
25;2025-09-19;6987.2896;2025-08-31;True
25;2025-09-20;5525.336;2025-08-31;True
25;2025-09-21;4859.383;2025-08-31;True
25;2025-09-22;6533.782;2025-08-31;True
25;2025-09-23;6921.1846;2025-08-31;True
25;2025-09-24;7100.328;2025-08-31;True
25;2025-09-25;7145.7026;2025-08-31;True
25;2025-09-26;7028.0303;2025-08-31;True
25;2025-09-27;5519.214;2025-08-31;True
25;2025-09-28;4807.045;2025-08-31;True
25;2025-09-29;6548.0845;2025-08-31;True
25;2025-09-30;6981.957;2025-08-31;True
25;2025-10-01;7125.0215;2025-08-31;True
25;2025-10-02;7115.0884;2025-08-31;True
25;2025-10-03;7077.421;2025-08-31;True
25;2025-10-04;5483.7656;2025-08-31;True
25;2025-10-05;4766.1143;2025-08-31;True
25;2025-10-06;6570.4644;2025-08-31;True
25;2025-10-07;7029.428;2025-08-31;True
25;2025-10-08;7170.232;2025-08-31;True
25;2025-10-09;7150.8823;2025-08-31;True
25;2025-10-10;7090.5938;2025-08-31;True
25;2025-10-11;5511.2812;2025-08-31;True
25;2025-10-12;4807.3955;2025-08-31;True
25;2025-10-13;6586.213;2025-08-31;True
25;2025-10-14;6995.8833;2025-08-31;True
25;2025-10-15;7080.563;2025-08-31;True
25;2025-10-16;7112.02;2025-08-31;True
25;2025-10-17;7056.1025;2025-08-31;True
25;2025-10-18;5478.728;2025-08-31;True
25;2025-10-19;4852.1206;2025-08-31;True
25;2025-10-20;6689.3345;2025-08-31;True
25;2025-10-21;7032.7627;2025-08-31;True
25;2025-10-22;7158.385;2025-08-31;True
25;2025-10-23;7138.476;2025-08-31;True
25;2025-10-24;7070.069;2025-08-31;True
25;2025-10-25;5521.629;2025-08-31;True
25;2025-10-26;4849.6846;2025-08-31;True
25;2025-10-27;6584.378;2025-08-31;True
25;2025-10-28;7090.4077;2025-08-31;True
25;2025-10-29;7191.9673;2025-08-31;True
25;2025-10-30;7161.79;2025-08-31;True
25;2025-10-31;7115.2637;2025-08-31;True
26;2025-09-01;16758.691;2025-08-31;True
26;2025-09-02;17078.87;2025-08-31;True
26;2025-09-03;17142.365;2025-08-31;True
26;2025-09-04;17412.258;2025-08-31;True
26;2025-09-05;16621.752;2025-08-31;True
26;2025-09-06;11428.436;2025-08-31;True
26;2025-09-07;10195.014;2025-08-31;True
26;2025-09-08;16793.967;2025-08-31;True
26;2025-09-09;17268.914;2025-08-31;True
26;2025-09-10;17250.85;2025-08-31;True
26;2025-09-11;17493.963;2025-08-31;True
26;2025-09-12;16528.848;2025-08-31;True
26;2025-09-13;11390.117;2025-08-31;True
26;2025-09-14;10160.629;2025-08-31;True
26;2025-09-15;16989.389;2025-08-31;True
26;2025-09-16;17350.354;2025-08-31;True
26;2025-09-17;17578.098;2025-08-31;True
26;2025-09-18;17782.387;2025-08-31;True
26;2025-09-19;17004.47;2025-08-31;True
26;2025-09-20;11431.174;2025-08-31;True
26;2025-09-21;9858.303;2025-08-31;True
26;2025-09-22;17063.877;2025-08-31;True
26;2025-09-23;17667.18;2025-08-31;True
26;2025-09-24;17842.096;2025-08-31;True
26;2025-09-25;17961.36;2025-08-31;True
26;2025-09-26;16868.48;2025-08-31;True
26;2025-09-27;11545.281;2025-08-31;True
26;2025-09-28;9952.997;2025-08-31;True
26;2025-09-29;17070.545;2025-08-31;True
26;2025-09-30;17812.467;2025-08-31;True
26;2025-10-01;17909.125;2025-08-31;True
26;2025-10-02;17943.488;2025-08-31;True
26;2025-10-03;17213.129;2025-08-31;True
26;2025-10-04;11376.498;2025-08-31;True
26;2025-10-05;9959.277;2025-08-31;True
26;2025-10-06;17247.705;2025-08-31;True
26;2025-10-07;17730.115;2025-08-31;True
26;2025-10-08;17802.35;2025-08-31;True
26;2025-10-09;18004.42;2025-08-31;True
26;2025-10-10;17207.484;2025-08-31;True
26;2025-10-11;11460.2295;2025-08-31;True
26;2025-10-12;9839.384;2025-08-31;True
26;2025-10-13;17211.527;2025-08-31;True
26;2025-10-14;17713.883;2025-08-31;True
26;2025-10-15;17768.744;2025-08-31;True
26;2025-10-16;18131.162;2025-08-31;True
26;2025-10-17;17237.12;2025-08-31;True
26;2025-10-18;11355.762;2025-08-31;True
26;2025-10-19;9845.115;2025-08-31;True
26;2025-10-20;17358.982;2025-08-31;True
26;2025-10-21;17790.076;2025-08-31;True
26;2025-10-22;17880.373;2025-08-31;True
26;2025-10-23;17929.268;2025-08-31;True
26;2025-10-24;17161.918;2025-08-31;True
26;2025-10-25;11410.071;2025-08-31;True
26;2025-10-26;9916.916;2025-08-31;True
26;2025-10-27;17429.527;2025-08-31;True
26;2025-10-28;17905.797;2025-08-31;True
26;2025-10-29;18008.654;2025-08-31;True
26;2025-10-30;18144.242;2025-08-31;True
26;2025-10-31;17492.602;2025-08-31;True
28;2025-09-01;10455.798;2025-08-31;True
28;2025-09-02;10588.656;2025-08-31;True
28;2025-09-03;10555.713;2025-08-31;True
28;2025-09-04;10580.965;2025-08-31;True
28;2025-09-05;10333.859;2025-08-31;True
28;2025-09-06;6898.3057;2025-08-31;True
28;2025-09-07;6208.2183;2025-08-31;True
28;2025-09-08;10413.744;2025-08-31;True
28;2025-09-09;10648.988;2025-08-31;True
28;2025-09-10;10656.768;2025-08-31;True
28;2025-09-11;10682.019;2025-08-31;True
28;2025-09-12;10460.597;2025-08-31;True
28;2025-09-13;7006.033;2025-08-31;True
28;2025-09-14;6244.6577;2025-08-31;True
28;2025-09-15;10575.571;2025-08-31;True
28;2025-09-16;10732.355;2025-08-31;True
28;2025-09-17;10722.586;2025-08-31;True
28;2025-09-18;10815.125;2025-08-31;True
28;2025-09-19;10518.197;2025-08-31;True
28;2025-09-20;6837.8467;2025-08-31;True
28;2025-09-21;6046.4395;2025-08-31;True
28;2025-09-22;10588.386;2025-08-31;True
28;2025-09-23;10841.592;2025-08-31;True
28;2025-09-24;10851.403;2025-08-31;True
28;2025-09-25;10906.936;2025-08-31;True
28;2025-09-26;10547.03;2025-08-31;True
28;2025-09-27;6867.953;2025-08-31;True
28;2025-09-28;6014.2207;2025-08-31;True
28;2025-09-29;10584.29;2025-08-31;True
28;2025-09-30;10929.87;2025-08-31;True
28;2025-10-01;10939.566;2025-08-31;True
28;2025-10-02;10952.635;2025-08-31;True
28;2025-10-03;10704.323;2025-08-31;True
28;2025-10-04;6724.712;2025-08-31;True
28;2025-10-05;6078.205;2025-08-31;True
28;2025-10-06;10630.608;2025-08-31;True
28;2025-10-07;10907.5625;2025-08-31;True
28;2025-10-08;10944.059;2025-08-31;True
28;2025-10-09;10993.262;2025-08-31;True
28;2025-10-10;10733.178;2025-08-31;True
28;2025-10-11;6866.7812;2025-08-31;True
28;2025-10-12;6055.0293;2025-08-31;True
28;2025-10-13;10750.094;2025-08-31;True
28;2025-10-14;10988.955;2025-08-31;True
28;2025-10-15;11028.789;2025-08-31;True
28;2025-10-16;11113.697;2025-08-31;True
28;2025-10-17;10838.985;2025-08-31;True
28;2025-10-18;6867.677;2025-08-31;True
28;2025-10-19;6136.497;2025-08-31;True
28;2025-10-20;10841.192;2025-08-31;True
28;2025-10-21;10966.625;2025-08-31;True
28;2025-10-22;10988.719;2025-08-31;True
28;2025-10-23;11012.735;2025-08-31;True
28;2025-10-24;10706.82;2025-08-31;True
28;2025-10-25;6901.4614;2025-08-31;True
28;2025-10-26;6166.258;2025-08-31;True
28;2025-10-27;10938.15;2025-08-31;True
28;2025-10-28;11120.938;2025-08-31;True
28;2025-10-29;11147.626;2025-08-31;True
28;2025-10-30;11167.622;2025-08-31;True
28;2025-10-31;10917.652;2025-08-31;True
50;2025-09-01;20235.602;2025-08-31;True
50;2025-09-02;20769.973;2025-08-31;True
50;2025-09-03;20756.879;2025-08-31;True
50;2025-09-04;21086.668;2025-08-31;True
50;2025-09-05;19738.957;2025-08-31;True
50;2025-09-06;9428.565;2025-08-31;True
50;2025-09-07;8537.406;2025-08-31;True
50;2025-09-08;20683.922;2025-08-31;True
50;2025-09-09;21323.385;2025-08-31;True
50;2025-09-10;21547.482;2025-08-31;True
50;2025-09-11;21572.438;2025-08-31;True
50;2025-09-12;20722.818;2025-08-31;True
50;2025-09-13;9975.925;2025-08-31;True
50;2025-09-14;9048.516;2025-08-31;True
50;2025-09-15;21161.488;2025-08-31;True
50;2025-09-16;21792.518;2025-08-31;True
50;2025-09-17;22259.21;2025-08-31;True
50;2025-09-18;22436.688;2025-08-31;True
50;2025-09-19;21320.959;2025-08-31;True
50;2025-09-20;10126.263;2025-08-31;True
50;2025-09-21;9106.379;2025-08-31;True
50;2025-09-22;21694.262;2025-08-31;True
50;2025-09-23;22297.475;2025-08-31;True
50;2025-09-24;22703.139;2025-08-31;True
50;2025-09-25;22679.836;2025-08-31;True
50;2025-09-26;21509.605;2025-08-31;True
50;2025-09-27;10226.928;2025-08-31;True
50;2025-09-28;9387.444;2025-08-31;True
50;2025-09-29;21723.105;2025-08-31;True
50;2025-09-30;22568.156;2025-08-31;True
50;2025-10-01;22997.957;2025-08-31;True
50;2025-10-02;22855.293;2025-08-31;True
50;2025-10-03;22240.896;2025-08-31;True
50;2025-10-04;10248.369;2025-08-31;True
50;2025-10-05;9274.838;2025-08-31;True
50;2025-10-06;22530.084;2025-08-31;True
50;2025-10-07;23075.635;2025-08-31;True
50;2025-10-08;23423.129;2025-08-31;True
50;2025-10-09;23506.168;2025-08-31;True
50;2025-10-10;22070.96;2025-08-31;True
50;2025-10-11;10102.963;2025-08-31;True
50;2025-10-12;9262.025;2025-08-31;True
50;2025-10-13;22368.633;2025-08-31;True
50;2025-10-14;23010.486;2025-08-31;True
50;2025-10-15;23451.207;2025-08-31;True
50;2025-10-16;23609.672;2025-08-31;True
50;2025-10-17;22365.979;2025-08-31;True
50;2025-10-18;10586.35;2025-08-31;True
50;2025-10-19;9493.287;2025-08-31;True
50;2025-10-20;22793.38;2025-08-31;True
50;2025-10-21;23097.902;2025-08-31;True
50;2025-10-22;23436.832;2025-08-31;True
50;2025-10-23;23478.842;2025-08-31;True
50;2025-10-24;22338.533;2025-08-31;True
50;2025-10-25;10374.333;2025-08-31;True
50;2025-10-26;9583.281;2025-08-31;True
50;2025-10-27;22929.094;2025-08-31;True
50;2025-10-28;23514.328;2025-08-31;True
50;2025-10-29;23811.023;2025-08-31;True
50;2025-10-30;23814.959;2025-08-31;True
50;2025-10-31;22826.818;2025-08-31;True
1;2025-05-01;22131.96;2025-04-30;False
1;2025-05-02;22109.41;2025-04-30;False
1;2025-05-03;10523.7295;2025-04-30;False
1;2025-05-04;9447.316;2025-04-30;False
1;2025-05-05;21690.094;2025-04-30;False
1;2025-05-06;22202.291;2025-04-30;False
1;2025-05-07;22187.006;2025-04-30;False
1;2025-05-08;22291.38;2025-04-30;False
1;2025-05-09;21976.453;2025-04-30;False
1;2025-05-10;10917.804;2025-04-30;False
1;2025-05-11;9457.135;2025-04-30;False
1;2025-05-12;21554.203;2025-04-30;False
1;2025-05-13;22192.477;2025-04-30;False
1;2025-05-14;22332.703;2025-04-30;False
1;2025-05-15;22296.564;2025-04-30;False
1;2025-05-16;22218.428;2025-04-30;False
1;2025-05-17;11047.113;2025-04-30;False
1;2025-05-18;9103.7705;2025-04-30;False
1;2025-05-19;21751.58;2025-04-30;False
1;2025-05-20;22323.992;2025-04-30;False
1;2025-05-21;22452.652;2025-04-30;False
1;2025-05-22;22245.148;2025-04-30;False
1;2025-05-23;22148.51;2025-04-30;False
1;2025-05-24;11093.43;2025-04-30;False
1;2025-05-25;9242.006;2025-04-30;False
1;2025-05-26;21795.324;2025-04-30;False
1;2025-05-27;22304.418;2025-04-30;False
1;2025-05-28;22497.39;2025-04-30;False
1;2025-05-29;22393.3;2025-04-30;False
1;2025-05-30;22217.81;2025-04-30;False
1;2025-05-31;10746.756;2025-04-30;False
1;2025-06-01;9198.195;2025-04-30;False
1;2025-06-02;21694.512;2025-04-30;False
1;2025-06-03;22197.188;2025-04-30;False
1;2025-06-04;22080.166;2025-04-30;False
1;2025-06-05;22160.336;2025-04-30;False
1;2025-06-06;21888.744;2025-04-30;False
1;2025-06-07;10808.443;2025-04-30;False
1;2025-06-08;9226.743;2025-04-30;False
1;2025-06-09;21401.707;2025-04-30;False
1;2025-06-10;21890.805;2025-04-30;False
1;2025-06-11;22005.434;2025-04-30;False
1;2025-06-12;22091.21;2025-04-30;False
1;2025-06-13;21646.031;2025-04-30;False
1;2025-06-14;10556.23;2025-04-30;False
1;2025-06-15;9260.945;2025-04-30;False
1;2025-06-16;21172.387;2025-04-30;False
1;2025-06-17;21442.781;2025-04-30;False
1;2025-06-18;21471.453;2025-04-30;False
1;2025-06-19;21498.77;2025-04-30;False
1;2025-06-20;21024.73;2025-04-30;False
1;2025-06-21;10120.615;2025-04-30;False
1;2025-06-22;8810.912;2025-04-30;False
1;2025-06-23;20111.895;2025-04-30;False
1;2025-06-24;20939.467;2025-04-30;False
1;2025-06-25;21295.87;2025-04-30;False
1;2025-06-26;21295.72;2025-04-30;False
1;2025-06-27;20863.717;2025-04-30;False
1;2025-06-28;10054.504;2025-04-30;False
1;2025-06-29;8833.531;2025-04-30;False
1;2025-06-30;20120.559;2025-04-30;False
7;2025-05-01;29981.328;2025-04-30;False
7;2025-05-02;29928.777;2025-04-30;False
7;2025-05-03;18379.516;2025-04-30;False
7;2025-05-04;15311.886;2025-04-30;False
7;2025-05-05;28943.084;2025-04-30;False
7;2025-05-06;29576.998;2025-04-30;False
7;2025-05-07;29914.992;2025-04-30;False
7;2025-05-08;30222.055;2025-04-30;False
7;2025-05-09;30211.652;2025-04-30;False
7;2025-05-10;18485.32;2025-04-30;False
7;2025-05-11;15485.352;2025-04-30;False
7;2025-05-12;28960.69;2025-04-30;False
7;2025-05-13;29746.865;2025-04-30;False
7;2025-05-14;30346.242;2025-04-30;False
7;2025-05-15;30343.875;2025-04-30;False
7;2025-05-16;30152.102;2025-04-30;False
7;2025-05-17;18901.467;2025-04-30;False
7;2025-05-18;15228.906;2025-04-30;False
7;2025-05-19;29218.543;2025-04-30;False
7;2025-05-20;29726.799;2025-04-30;False
7;2025-05-21;30236.754;2025-04-30;False
7;2025-05-22;30331.6;2025-04-30;False
7;2025-05-23;30242.99;2025-04-30;False
7;2025-05-24;18575.572;2025-04-30;False
7;2025-05-25;15291.988;2025-04-30;False
7;2025-05-26;29186.414;2025-04-30;False
7;2025-05-27;29686.89;2025-04-30;False
7;2025-05-28;30207.395;2025-04-30;False
7;2025-05-29;30336.328;2025-04-30;False
7;2025-05-30;30264.617;2025-04-30;False
7;2025-05-31;18193.688;2025-04-30;False
7;2025-06-01;15225.583;2025-04-30;False
7;2025-06-02;29519.775;2025-04-30;False
7;2025-06-03;30150.143;2025-04-30;False
7;2025-06-04;30339.566;2025-04-30;False
7;2025-06-05;30506.58;2025-04-30;False
7;2025-06-06;30428.594;2025-04-30;False
7;2025-06-07;18768.068;2025-04-30;False
7;2025-06-08;15493.49;2025-04-30;False
7;2025-06-09;28955.316;2025-04-30;False
7;2025-06-10;29859.549;2025-04-30;False
7;2025-06-11;30246.256;2025-04-30;False
7;2025-06-12;30507.1;2025-04-30;False
7;2025-06-13;30148.873;2025-04-30;False
7;2025-06-14;18323.598;2025-04-30;False
7;2025-06-15;15411.605;2025-04-30;False
7;2025-06-16;29151.486;2025-04-30;False
7;2025-06-17;29598.768;2025-04-30;False
7;2025-06-18;30014.291;2025-04-30;False
7;2025-06-19;30051.04;2025-04-30;False
7;2025-06-20;29960.691;2025-04-30;False
7;2025-06-21;18258.754;2025-04-30;False
7;2025-06-22;15122.396;2025-04-30;False
7;2025-06-23;28472.883;2025-04-30;False
7;2025-06-24;29258.035;2025-04-30;False
7;2025-06-25;29828.746;2025-04-30;False
7;2025-06-26;30046.98;2025-04-30;False
7;2025-06-27;29860.15;2025-04-30;False
7;2025-06-28;18220.27;2025-04-30;False
7;2025-06-29;15158.115;2025-04-30;False
7;2025-06-30;28444.777;2025-04-30;False
11;2025-05-01;35816.664;2025-04-30;False
11;2025-05-02;35927.457;2025-04-30;False
11;2025-05-03;23258.73;2025-04-30;False
11;2025-05-04;20287.63;2025-04-30;False
11;2025-05-05;34986.027;2025-04-30;False
11;2025-05-06;35540.688;2025-04-30;False
11;2025-05-07;35405.36;2025-04-30;False
11;2025-05-08;35970.055;2025-04-30;False
11;2025-05-09;35742.863;2025-04-30;False
11;2025-05-10;23961.805;2025-04-30;False
11;2025-05-11;20391.78;2025-04-30;False
11;2025-05-12;34728.758;2025-04-30;False
11;2025-05-13;35675.688;2025-04-30;False
11;2025-05-14;35537.445;2025-04-30;False
11;2025-05-15;35910.812;2025-04-30;False
11;2025-05-16;35858.434;2025-04-30;False
11;2025-05-17;24229.734;2025-04-30;False
11;2025-05-18;19930.506;2025-04-30;False
11;2025-05-19;35125.664;2025-04-30;False
11;2025-05-20;35556.008;2025-04-30;False
11;2025-05-21;35685.555;2025-04-30;False
11;2025-05-22;35854.45;2025-04-30;False
11;2025-05-23;35542.043;2025-04-30;False
11;2025-05-24;24208.281;2025-04-30;False
11;2025-05-25;19782.945;2025-04-30;False
11;2025-05-26;34908.05;2025-04-30;False
11;2025-05-27;35673.26;2025-04-30;False
11;2025-05-28;35538.87;2025-04-30;False
11;2025-05-29;35899.07;2025-04-30;False
11;2025-05-30;36036.914;2025-04-30;False
11;2025-05-31;23925.36;2025-04-30;False
11;2025-06-01;19949.523;2025-04-30;False
11;2025-06-02;34697.26;2025-04-30;False
11;2025-06-03;35493.418;2025-04-30;False
11;2025-06-04;35310.625;2025-04-30;False
11;2025-06-05;35706.4;2025-04-30;False
11;2025-06-06;35666.594;2025-04-30;False
11;2025-06-07;24023.422;2025-04-30;False
11;2025-06-08;19877.418;2025-04-30;False
11;2025-06-09;34505.07;2025-04-30;False
11;2025-06-10;35307.227;2025-04-30;False
11;2025-06-11;35124.637;2025-04-30;False
11;2025-06-12;35487.71;2025-04-30;False
11;2025-06-13;35431.49;2025-04-30;False
11;2025-06-14;24097.514;2025-04-30;False
11;2025-06-15;19670.27;2025-04-30;False
11;2025-06-16;34312.043;2025-04-30;False
11;2025-06-17;34869.336;2025-04-30;False
11;2025-06-18;34241.848;2025-04-30;False
11;2025-06-19;34746.61;2025-04-30;False
11;2025-06-20;34501.75;2025-04-30;False
11;2025-06-21;23096.363;2025-04-30;False
11;2025-06-22;18933.965;2025-04-30;False
11;2025-06-23;33120.754;2025-04-30;False
11;2025-06-24;33969.93;2025-04-30;False
11;2025-06-25;33899.16;2025-04-30;False
11;2025-06-26;34508.266;2025-04-30;False
11;2025-06-27;34170.156;2025-04-30;False
11;2025-06-28;22730.375;2025-04-30;False
11;2025-06-29;18685.93;2025-04-30;False
11;2025-06-30;32981.133;2025-04-30;False
12;2025-05-01;38513.094;2025-04-30;False
12;2025-05-02;38339.332;2025-04-30;False
12;2025-05-03;21453.314;2025-04-30;False
12;2025-05-04;19112.672;2025-04-30;False
12;2025-05-05;37373.234;2025-04-30;False
12;2025-05-06;38593.816;2025-04-30;False
12;2025-05-07;38421.707;2025-04-30;False
12;2025-05-08;38396.637;2025-04-30;False
12;2025-05-09;37789.188;2025-04-30;False
12;2025-05-10;22061.809;2025-04-30;False
12;2025-05-11;19106.92;2025-04-30;False
12;2025-05-12;36845.6;2025-04-30;False
12;2025-05-13;38394.902;2025-04-30;False
12;2025-05-14;38445.96;2025-04-30;False
12;2025-05-15;38162.066;2025-04-30;False
12;2025-05-16;37901.742;2025-04-30;False
12;2025-05-17;22446.402;2025-04-30;False
12;2025-05-18;18564.45;2025-04-30;False
12;2025-05-19;37093.44;2025-04-30;False
12;2025-05-20;38378.965;2025-04-30;False
12;2025-05-21;38453.613;2025-04-30;False
12;2025-05-22;37954.406;2025-04-30;False
12;2025-05-23;37313.82;2025-04-30;False
12;2025-05-24;22118.713;2025-04-30;False
12;2025-05-25;18473.494;2025-04-30;False
12;2025-05-26;36982.293;2025-04-30;False
12;2025-05-27;38288.742;2025-04-30;False
12;2025-05-28;38435.746;2025-04-30;False
12;2025-05-29;38151.336;2025-04-30;False
12;2025-05-30;37618.45;2025-04-30;False
12;2025-05-31;21561.703;2025-04-30;False
12;2025-06-01;18441.191;2025-04-30;False
12;2025-06-02;36739.777;2025-04-30;False
12;2025-06-03;37782.89;2025-04-30;False
12;2025-06-04;37339.61;2025-04-30;False
12;2025-06-05;37412.89;2025-04-30;False
12;2025-06-06;37041.598;2025-04-30;False
12;2025-06-07;22313.176;2025-04-30;False
12;2025-06-08;18800.527;2025-04-30;False
12;2025-06-09;36222.695;2025-04-30;False
12;2025-06-10;37385.855;2025-04-30;False
12;2025-06-11;37240.727;2025-04-30;False
12;2025-06-12;37250.26;2025-04-30;False
12;2025-06-13;36567.19;2025-04-30;False
12;2025-06-14;22039.48;2025-04-30;False
12;2025-06-15;18644.389;2025-04-30;False
12;2025-06-16;35918.125;2025-04-30;False
12;2025-06-17;36865.02;2025-04-30;False
12;2025-06-18;36532.855;2025-04-30;False
12;2025-06-19;36380.08;2025-04-30;False
12;2025-06-20;35605.89;2025-04-30;False
12;2025-06-21;20644.738;2025-04-30;False
12;2025-06-22;17588.172;2025-04-30;False
12;2025-06-23;34060.605;2025-04-30;False
12;2025-06-24;36081.082;2025-04-30;False
12;2025-06-25;36130.734;2025-04-30;False
12;2025-06-26;35867.883;2025-04-30;False
12;2025-06-27;34616.55;2025-04-30;False
12;2025-06-28;20177.605;2025-04-30;False
12;2025-06-29;17575.64;2025-04-30;False
12;2025-06-30;33245.293;2025-04-30;False
17;2025-05-01;54965.29;2025-04-30;False
17;2025-05-02;55042.96;2025-04-30;False
17;2025-05-03;36189.367;2025-04-30;False
17;2025-05-04;28374.746;2025-04-30;False
17;2025-05-05;53824.395;2025-04-30;False
17;2025-05-06;54586.605;2025-04-30;False
17;2025-05-07;54483.703;2025-04-30;False
17;2025-05-08;54789.918;2025-04-30;False
17;2025-05-09;54942.055;2025-04-30;False
17;2025-05-10;34673.566;2025-04-30;False
17;2025-05-11;28992.021;2025-04-30;False
17;2025-05-12;53782.555;2025-04-30;False
17;2025-05-13;54380.008;2025-04-30;False
17;2025-05-14;54503.62;2025-04-30;False
17;2025-05-15;54689.105;2025-04-30;False
17;2025-05-16;54366.016;2025-04-30;False
17;2025-05-17;36834.85;2025-04-30;False
17;2025-05-18;28181.047;2025-04-30;False
17;2025-05-19;53998.742;2025-04-30;False
17;2025-05-20;54311.582;2025-04-30;False
17;2025-05-21;54288.258;2025-04-30;False
17;2025-05-22;54643.133;2025-04-30;False
17;2025-05-23;54800.117;2025-04-30;False
17;2025-05-24;35590.54;2025-04-30;False
17;2025-05-25;27964.666;2025-04-30;False
17;2025-05-26;53805.74;2025-04-30;False
17;2025-05-27;54380.26;2025-04-30;False
17;2025-05-28;54312.88;2025-04-30;False
17;2025-05-29;54660.08;2025-04-30;False
17;2025-05-30;54627.527;2025-04-30;False
17;2025-05-31;35579.348;2025-04-30;False
17;2025-06-01;29115.775;2025-04-30;False
17;2025-06-02;53327.406;2025-04-30;False
17;2025-06-03;53907.91;2025-04-30;False
17;2025-06-04;53517.98;2025-04-30;False
17;2025-06-05;54144.484;2025-04-30;False
17;2025-06-06;54305.75;2025-04-30;False
17;2025-06-07;35073.58;2025-04-30;False
17;2025-06-08;28897.777;2025-04-30;False
17;2025-06-09;53047.188;2025-04-30;False
17;2025-06-10;53722.7;2025-04-30;False
17;2025-06-11;53836.95;2025-04-30;False
17;2025-06-12;54272.68;2025-04-30;False
17;2025-06-13;53976.87;2025-04-30;False
17;2025-06-14;33220.758;2025-04-30;False
17;2025-06-15;28684.887;2025-04-30;False
17;2025-06-16;52763.32;2025-04-30;False
17;2025-06-17;53502.61;2025-04-30;False
17;2025-06-18;53755.9;2025-04-30;False
17;2025-06-19;54098.293;2025-04-30;False
17;2025-06-20;54436.793;2025-04-30;False
17;2025-06-21;35692.742;2025-04-30;False
17;2025-06-22;28045.71;2025-04-30;False
17;2025-06-23;51748.93;2025-04-30;False
17;2025-06-24;52851.285;2025-04-30;False
17;2025-06-25;53441.273;2025-04-30;False
17;2025-06-26;53538.207;2025-04-30;False
17;2025-06-27;53967.855;2025-04-30;False
17;2025-06-28;33980.613;2025-04-30;False
17;2025-06-29;27791.006;2025-04-30;False
17;2025-06-30;52182.055;2025-04-30;False
25;2025-05-01;7962.9434;2025-04-30;False
25;2025-05-02;7852.9893;2025-04-30;False
25;2025-05-03;6010.4014;2025-04-30;False
25;2025-05-04;5118.952;2025-04-30;False
25;2025-05-05;7705.0234;2025-04-30;False
25;2025-05-06;7870.5254;2025-04-30;False
25;2025-05-07;7904.6353;2025-04-30;False
25;2025-05-08;7996.983;2025-04-30;False
25;2025-05-09;7957.7905;2025-04-30;False
25;2025-05-10;6181.205;2025-04-30;False
25;2025-05-11;5315.877;2025-04-30;False
25;2025-05-12;7802.267;2025-04-30;False
25;2025-05-13;8011.29;2025-04-30;False
25;2025-05-14;8088.2607;2025-04-30;False
25;2025-05-15;8188.9595;2025-04-30;False
25;2025-05-16;8115.516;2025-04-30;False
25;2025-05-17;6418.402;2025-04-30;False
25;2025-05-18;5488.7373;2025-04-30;False
25;2025-05-19;8090.681;2025-04-30;False
25;2025-05-20;8198.881;2025-04-30;False
25;2025-05-21;8226.387;2025-04-30;False
25;2025-05-22;8255.586;2025-04-30;False
25;2025-05-23;8085.0293;2025-04-30;False
25;2025-05-24;6296.107;2025-04-30;False
25;2025-05-25;5352.715;2025-04-30;False
25;2025-05-26;7954.1846;2025-04-30;False
25;2025-05-27;8116.882;2025-04-30;False
25;2025-05-28;8131.2236;2025-04-30;False
25;2025-05-29;8235.884;2025-04-30;False
25;2025-05-30;8123.1133;2025-04-30;False
25;2025-05-31;6282.843;2025-04-30;False
25;2025-06-01;5397.922;2025-04-30;False
25;2025-06-02;8035.5166;2025-04-30;False
25;2025-06-03;8216.942;2025-04-30;False
25;2025-06-04;8278.883;2025-04-30;False
25;2025-06-05;8317.96;2025-04-30;False
25;2025-06-06;8294.327;2025-04-30;False
25;2025-06-07;6377.592;2025-04-30;False
25;2025-06-08;5448.8994;2025-04-30;False
25;2025-06-09;8039.773;2025-04-30;False
25;2025-06-10;8262.154;2025-04-30;False
25;2025-06-11;8320.706;2025-04-30;False
25;2025-06-12;8444.723;2025-04-30;False
25;2025-06-13;8315.9375;2025-04-30;False
25;2025-06-14;6428.007;2025-04-30;False
25;2025-06-15;5367.9473;2025-04-30;False
25;2025-06-16;8023.4736;2025-04-30;False
25;2025-06-17;8109.16;2025-04-30;False
25;2025-06-18;8142.1665;2025-04-30;False
25;2025-06-19;8224.313;2025-04-30;False
25;2025-06-20;8106.88;2025-04-30;False
25;2025-06-21;6160.804;2025-04-30;False
25;2025-06-22;5177.2637;2025-04-30;False
25;2025-06-23;7796.361;2025-04-30;False
25;2025-06-24;7985.155;2025-04-30;False
25;2025-06-25;8111.548;2025-04-30;False
25;2025-06-26;8282.158;2025-04-30;False
25;2025-06-27;8167.661;2025-04-30;False
25;2025-06-28;6278.129;2025-04-30;False
25;2025-06-29;5219.366;2025-04-30;False
25;2025-06-30;7961.0137;2025-04-30;False
26;2025-05-01;20318.55;2025-04-30;False
26;2025-05-02;19974.672;2025-04-30;False
26;2025-05-03;12832.11;2025-04-30;False
26;2025-05-04;10593.183;2025-04-30;False
26;2025-05-05;20103.418;2025-04-30;False
26;2025-05-06;20352.973;2025-04-30;False
26;2025-05-07;20242.973;2025-04-30;False
26;2025-05-08;20215.127;2025-04-30;False
26;2025-05-09;19856.916;2025-04-30;False
26;2025-05-10;12597.914;2025-04-30;False
26;2025-05-11;10510.144;2025-04-30;False
26;2025-05-12;19916.797;2025-04-30;False
26;2025-05-13;20192.975;2025-04-30;False
26;2025-05-14;20143.967;2025-04-30;False
26;2025-05-15;20093.443;2025-04-30;False
26;2025-05-16;19667.068;2025-04-30;False
26;2025-05-17;12644.568;2025-04-30;False
26;2025-05-18;10114.209;2025-04-30;False
26;2025-05-19;19660.94;2025-04-30;False
26;2025-05-20;20065.88;2025-04-30;False
26;2025-05-21;19977.352;2025-04-30;False
26;2025-05-22;19773.637;2025-04-30;False
26;2025-05-23;19437.662;2025-04-30;False
26;2025-05-24;12441.926;2025-04-30;False
26;2025-05-25;10131.027;2025-04-30;False
26;2025-05-26;19501.639;2025-04-30;False
26;2025-05-27;19867.113;2025-04-30;False
26;2025-05-28;19665.465;2025-04-30;False
26;2025-05-29;19530.742;2025-04-30;False
26;2025-05-30;19248.406;2025-04-30;False
26;2025-05-31;11920.0205;2025-04-30;False
26;2025-06-01;9849.516;2025-04-30;False
26;2025-06-02;19482.473;2025-04-30;False
26;2025-06-03;19843.367;2025-04-30;False
26;2025-06-04;19378.41;2025-04-30;False
26;2025-06-05;19488.203;2025-04-30;False
26;2025-06-06;19060.592;2025-04-30;False
26;2025-06-07;12259.769;2025-04-30;False
26;2025-06-08;9898.759;2025-04-30;False
26;2025-06-09;19064.95;2025-04-30;False
26;2025-06-10;19432.291;2025-04-30;False
26;2025-06-11;19113.361;2025-04-30;False
26;2025-06-12;19180.355;2025-04-30;False
26;2025-06-13;18618.447;2025-04-30;False
26;2025-06-14;11673.648;2025-04-30;False
26;2025-06-15;9831.631;2025-04-30;False
26;2025-06-16;18678.715;2025-04-30;False
26;2025-06-17;18977.824;2025-04-30;False
26;2025-06-18;18424.1;2025-04-30;False
26;2025-06-19;18350.549;2025-04-30;False
26;2025-06-20;17820.99;2025-04-30;False
26;2025-06-21;11422.811;2025-04-30;False
26;2025-06-22;9382.183;2025-04-30;False
26;2025-06-23;17805.354;2025-04-30;False
26;2025-06-24;18223.768;2025-04-30;False
26;2025-06-25;18088.059;2025-04-30;False
26;2025-06-26;18220.174;2025-04-30;False
26;2025-06-27;17617.049;2025-04-30;False
26;2025-06-28;10996.062;2025-04-30;False
26;2025-06-29;9426.006;2025-04-30;False
26;2025-06-30;17860.615;2025-04-30;False
28;2025-05-01;11688.931;2025-04-30;False
28;2025-05-02;11426.1875;2025-04-30;False
28;2025-05-03;7258.7783;2025-04-30;False
28;2025-05-04;5854.8623;2025-04-30;False
28;2025-05-05;11497.472;2025-04-30;False
28;2025-05-06;11586.999;2025-04-30;False
28;2025-05-07;11579.631;2025-04-30;False
28;2025-05-08;11650.622;2025-04-30;False
28;2025-05-09;11362.52;2025-04-30;False
28;2025-05-10;7225.8154;2025-04-30;False
28;2025-05-11;5919.2617;2025-04-30;False
28;2025-05-12;11443.171;2025-04-30;False
28;2025-05-13;11599.167;2025-04-30;False
28;2025-05-14;11648.25;2025-04-30;False
28;2025-05-15;11620.647;2025-04-30;False
28;2025-05-16;11334.111;2025-04-30;False
28;2025-05-17;7226.3506;2025-04-30;False
28;2025-05-18;5850.798;2025-04-30;False
28;2025-05-19;11410.583;2025-04-30;False
28;2025-05-20;11517.82;2025-04-30;False
28;2025-05-21;11602.607;2025-04-30;False
28;2025-05-22;11573.204;2025-04-30;False
28;2025-05-23;11311.021;2025-04-30;False
28;2025-05-24;7184.386;2025-04-30;False
28;2025-05-25;5834.468;2025-04-30;False
28;2025-05-26;11449.399;2025-04-30;False
28;2025-05-27;11565.328;2025-04-30;False
28;2025-05-28;11605.577;2025-04-30;False
28;2025-05-29;11590.883;2025-04-30;False
28;2025-05-30;11340.95;2025-04-30;False
28;2025-05-31;6985.542;2025-04-30;False
28;2025-06-01;5761.8765;2025-04-30;False
28;2025-06-02;11436.986;2025-04-30;False
28;2025-06-03;11558.208;2025-04-30;False
28;2025-06-04;11527.109;2025-04-30;False
28;2025-06-05;11571.01;2025-04-30;False
28;2025-06-06;11310.483;2025-04-30;False
28;2025-06-07;7120.885;2025-04-30;False
28;2025-06-08;5771.945;2025-04-30;False
28;2025-06-09;11331.483;2025-04-30;False
28;2025-06-10;11516.205;2025-04-30;False
28;2025-06-11;11516.409;2025-04-30;False
28;2025-06-12;11570.321;2025-04-30;False
28;2025-06-13;11228.533;2025-04-30;False
28;2025-06-14;7093.3315;2025-04-30;False
28;2025-06-15;5781.907;2025-04-30;False
28;2025-06-16;11425.248;2025-04-30;False
28;2025-06-17;11564.319;2025-04-30;False
28;2025-06-18;11466.133;2025-04-30;False
28;2025-06-19;11490.876;2025-04-30;False
28;2025-06-20;11261.828;2025-04-30;False
28;2025-06-21;7101.874;2025-04-30;False
28;2025-06-22;5711.7974;2025-04-30;False
28;2025-06-23;11230.797;2025-04-30;False
28;2025-06-24;11368.415;2025-04-30;False
28;2025-06-25;11426.301;2025-04-30;False
28;2025-06-26;11403.802;2025-04-30;False
28;2025-06-27;11090.666;2025-04-30;False
28;2025-06-28;6969.3887;2025-04-30;False
28;2025-06-29;5709.723;2025-04-30;False
28;2025-06-30;11180.809;2025-04-30;False
50;2025-05-01;26425.938;2025-04-30;False
50;2025-05-02;25884.082;2025-04-30;False
50;2025-05-03;11090.0;2025-04-30;False
50;2025-05-04;9737.139;2025-04-30;False
50;2025-05-05;26008.238;2025-04-30;False
50;2025-05-06;26879.932;2025-04-30;False
50;2025-05-07;26574.742;2025-04-30;False
50;2025-05-08;26666.965;2025-04-30;False
50;2025-05-09;25825.959;2025-04-30;False
50;2025-05-10;11440.874;2025-04-30;False
50;2025-05-11;9597.278;2025-04-30;False
50;2025-05-12;25988.414;2025-04-30;False
50;2025-05-13;26835.637;2025-04-30;False
50;2025-05-14;26602.26;2025-04-30;False
50;2025-05-15;26600.172;2025-04-30;False
50;2025-05-16;26137.957;2025-04-30;False
50;2025-05-17;11878.661;2025-04-30;False
50;2025-05-18;9720.982;2025-04-30;False
50;2025-05-19;25960.896;2025-04-30;False
50;2025-05-20;27061.748;2025-04-30;False
50;2025-05-21;26848.406;2025-04-30;False
50;2025-05-22;26777.758;2025-04-30;False
50;2025-05-23;26030.434;2025-04-30;False
50;2025-05-24;11856.443;2025-04-30;False
50;2025-05-25;9778.91;2025-04-30;False
50;2025-05-26;26024.953;2025-04-30;False
50;2025-05-27;26996.412;2025-04-30;False
50;2025-05-28;26884.861;2025-04-30;False
50;2025-05-29;26865.793;2025-04-30;False
50;2025-05-30;26069.736;2025-04-30;False
50;2025-05-31;11446.302;2025-04-30;False
50;2025-06-01;9605.038;2025-04-30;False
50;2025-06-02;26142.168;2025-04-30;False
50;2025-06-03;26962.549;2025-04-30;False
50;2025-06-04;26522.8;2025-04-30;False
50;2025-06-05;26624.992;2025-04-30;False
50;2025-06-06;25879.559;2025-04-30;False
50;2025-06-07;11563.429;2025-04-30;False
50;2025-06-08;9808.738;2025-04-30;False
50;2025-06-09;25947.178;2025-04-30;False
50;2025-06-10;26722.816;2025-04-30;False
50;2025-06-11;26488.488;2025-04-30;False
50;2025-06-12;26533.93;2025-04-30;False
50;2025-06-13;25797.67;2025-04-30;False
50;2025-06-14;11534.582;2025-04-30;False
50;2025-06-15;9706.264;2025-04-30;False
50;2025-06-16;25989.498;2025-04-30;False
50;2025-06-17;26844.387;2025-04-30;False
50;2025-06-18;26409.898;2025-04-30;False
50;2025-06-19;26385.898;2025-04-30;False
50;2025-06-20;25462.588;2025-04-30;False
50;2025-06-21;11275.462;2025-04-30;False
50;2025-06-22;9340.819;2025-04-30;False
50;2025-06-23;25208.045;2025-04-30;False
50;2025-06-24;26283.04;2025-04-30;False
50;2025-06-25;26169.328;2025-04-30;False
50;2025-06-26;26109.197;2025-04-30;False
50;2025-06-27;25162.191;2025-04-30;False
50;2025-06-28;10817.749;2025-04-30;False
50;2025-06-29;9407.975;2025-04-30;False
50;2025-06-30;25123.994;2025-04-30;False
1;2025-05-01;12070.629;2025-04-30;True
1;2025-05-02;12502.387;2025-04-30;True
1;2025-05-03;9122.008;2025-04-30;True
1;2025-05-04;7854.584;2025-04-30;True
1;2025-05-05;20869.959;2025-04-30;True
1;2025-05-06;21715.312;2025-04-30;True
1;2025-05-07;21831.754;2025-04-30;True
1;2025-05-08;12316.717;2025-04-30;True
1;2025-05-09;12492.815;2025-04-30;True
1;2025-05-10;9621.785;2025-04-30;True
1;2025-05-11;8160.5537;2025-04-30;True
1;2025-05-12;21175.42;2025-04-30;True
1;2025-05-13;21777.438;2025-04-30;True
1;2025-05-14;22658.977;2025-04-30;True
1;2025-05-15;22523.68;2025-04-30;True
1;2025-05-16;22322.309;2025-04-30;True
1;2025-05-17;10742.343;2025-04-30;True
1;2025-05-18;9391.793;2025-04-30;True
1;2025-05-19;21618.549;2025-04-30;True
1;2025-05-20;21944.834;2025-04-30;True
1;2025-05-21;22142.928;2025-04-30;True
1;2025-05-22;22173.914;2025-04-30;True
1;2025-05-23;21967.05;2025-04-30;True
1;2025-05-24;10949.145;2025-04-30;True
1;2025-05-25;9537.27;2025-04-30;True
1;2025-05-26;21779.611;2025-04-30;True
1;2025-05-27;22117.586;2025-04-30;True
1;2025-05-28;22310.654;2025-04-30;True
1;2025-05-29;22334.535;2025-04-30;True
1;2025-05-30;22113.033;2025-04-30;True
1;2025-05-31;10589.275;2025-04-30;True
1;2025-06-01;9484.795;2025-04-30;True
1;2025-06-02;21917.14;2025-04-30;True
1;2025-06-03;22227.246;2025-04-30;True
1;2025-06-04;22493.73;2025-04-30;True
1;2025-06-05;22646.916;2025-04-30;True
1;2025-06-06;22189.658;2025-04-30;True
1;2025-06-07;10901.492;2025-04-30;True
1;2025-06-08;9330.986;2025-04-30;True
1;2025-06-09;21366.135;2025-04-30;True
1;2025-06-10;21704.824;2025-04-30;True
1;2025-06-11;21974.238;2025-04-30;True
1;2025-06-12;15243.18;2025-04-30;True
1;2025-06-13;15673.208;2025-04-30;True
1;2025-06-14;9814.215;2025-04-30;True
1;2025-06-15;8806.65;2025-04-30;True
1;2025-06-16;21378.861;2025-04-30;True
1;2025-06-17;21883.465;2025-04-30;True
1;2025-06-18;21982.152;2025-04-30;True
1;2025-06-19;22046.777;2025-04-30;True
1;2025-06-20;21937.16;2025-04-30;True
1;2025-06-21;10948.512;2025-04-30;True
1;2025-06-22;9429.138;2025-04-30;True
1;2025-06-23;21288.113;2025-04-30;True
1;2025-06-24;21546.012;2025-04-30;True
1;2025-06-25;22010.791;2025-04-30;True
1;2025-06-26;22086.012;2025-04-30;True
1;2025-06-27;21925.477;2025-04-30;True
1;2025-06-28;10370.605;2025-04-30;True
1;2025-06-29;9265.754;2025-04-30;True
1;2025-06-30;21498.19;2025-04-30;True
7;2025-05-01;19230.14;2025-04-30;True
7;2025-05-02;20263.459;2025-04-30;True
7;2025-05-03;16944.465;2025-04-30;True
7;2025-05-04;13416.78;2025-04-30;True
7;2025-05-05;28184.568;2025-04-30;True
7;2025-05-06;29134.398;2025-04-30;True
7;2025-05-07;29551.887;2025-04-30;True
7;2025-05-08;21024.59;2025-04-30;True
7;2025-05-09;21557.342;2025-04-30;True
7;2025-05-10;17752.518;2025-04-30;True
7;2025-05-11;13893.807;2025-04-30;True
7;2025-05-12;28418.652;2025-04-30;True
7;2025-05-13;29431.848;2025-04-30;True
7;2025-05-14;30777.201;2025-04-30;True
7;2025-05-15;30383.322;2025-04-30;True
7;2025-05-16;30157.447;2025-04-30;True
7;2025-05-17;18774.861;2025-04-30;True
7;2025-05-18;15560.094;2025-04-30;True
7;2025-05-19;29192.672;2025-04-30;True
7;2025-05-20;29576.824;2025-04-30;True
7;2025-05-21;30405.318;2025-04-30;True
7;2025-05-22;30473.22;2025-04-30;True
7;2025-05-23;30198.176;2025-04-30;True
7;2025-05-24;18411.0;2025-04-30;True
7;2025-05-25;15604.756;2025-04-30;True
7;2025-05-26;29116.324;2025-04-30;True
7;2025-05-27;29421.08;2025-04-30;True
7;2025-05-28;30267.996;2025-04-30;True
7;2025-05-29;30451.16;2025-04-30;True
7;2025-05-30;30169.527;2025-04-30;True
7;2025-05-31;18199.438;2025-04-30;True
7;2025-06-01;15562.376;2025-04-30;True
7;2025-06-02;29683.414;2025-04-30;True
7;2025-06-03;30194.166;2025-04-30;True
7;2025-06-04;30905.486;2025-04-30;True
7;2025-06-05;31045.0;2025-04-30;True
7;2025-06-06;30618.297;2025-04-30;True
7;2025-06-07;19121.68;2025-04-30;True
7;2025-06-08;15103.799;2025-04-30;True
7;2025-06-09;28920.914;2025-04-30;True
7;2025-06-10;29583.246;2025-04-30;True
7;2025-06-11;30565.05;2025-04-30;True
7;2025-06-12;22872.742;2025-04-30;True
7;2025-06-13;23127.506;2025-04-30;True
7;2025-06-14;17561.166;2025-04-30;True
7;2025-06-15;14645.357;2025-04-30;True
7;2025-06-16;29057.055;2025-04-30;True
7;2025-06-17;29617.975;2025-04-30;True
7;2025-06-18;30522.033;2025-04-30;True
7;2025-06-19;30362.027;2025-04-30;True
7;2025-06-20;30344.318;2025-04-30;True
7;2025-06-21;18903.36;2025-04-30;True
7;2025-06-22;15475.844;2025-04-30;True
7;2025-06-23;29240.328;2025-04-30;True
7;2025-06-24;29439.236;2025-04-30;True
7;2025-06-25;30404.148;2025-04-30;True
7;2025-06-26;30577.346;2025-04-30;True
7;2025-06-27;30434.053;2025-04-30;True
7;2025-06-28;18387.824;2025-04-30;True
7;2025-06-29;15220.085;2025-04-30;True
7;2025-06-30;29645.969;2025-04-30;True
11;2025-05-01;28494.04;2025-04-30;True
11;2025-05-02;30161.408;2025-04-30;True
11;2025-05-03;23316.63;2025-04-30;True
11;2025-05-04;19253.443;2025-04-30;True
11;2025-05-05;35484.113;2025-04-30;True
11;2025-05-06;35929.297;2025-04-30;True
11;2025-05-07;35996.473;2025-04-30;True
11;2025-05-08;30694.412;2025-04-30;True
11;2025-05-09;29291.617;2025-04-30;True
11;2025-05-10;23222.346;2025-04-30;True
11;2025-05-11;19168.662;2025-04-30;True
11;2025-05-12;35242.117;2025-04-30;True
11;2025-05-13;35898.668;2025-04-30;True
11;2025-05-14;36624.75;2025-04-30;True
11;2025-05-15;36836.98;2025-04-30;True
11;2025-05-16;36486.273;2025-04-30;True
11;2025-05-17;24129.895;2025-04-30;True
11;2025-05-18;20461.139;2025-04-30;True
11;2025-05-19;35541.336;2025-04-30;True
11;2025-05-20;35713.46;2025-04-30;True
11;2025-05-21;35898.36;2025-04-30;True
11;2025-05-22;36234.59;2025-04-30;True
11;2025-05-23;35809.848;2025-04-30;True
11;2025-05-24;24125.58;2025-04-30;True
11;2025-05-25;20328.598;2025-04-30;True
11;2025-05-26;35449.676;2025-04-30;True
11;2025-05-27;35904.543;2025-04-30;True
11;2025-05-28;35894.17;2025-04-30;True
11;2025-05-29;36283.53;2025-04-30;True
11;2025-05-30;36241.07;2025-04-30;True
11;2025-05-31;23556.275;2025-04-30;True
11;2025-06-01;20201.197;2025-04-30;True
11;2025-06-02;35343.49;2025-04-30;True
11;2025-06-03;35864.668;2025-04-30;True
11;2025-06-04;36119.65;2025-04-30;True
11;2025-06-05;36420.168;2025-04-30;True
11;2025-06-06;36088.156;2025-04-30;True
11;2025-06-07;24243.602;2025-04-30;True
11;2025-06-08;19646.258;2025-04-30;True
11;2025-06-09;35194.82;2025-04-30;True
11;2025-06-10;35596.312;2025-04-30;True
11;2025-06-11;35399.08;2025-04-30;True
11;2025-06-12;31029.922;2025-04-30;True
11;2025-06-13;32145.797;2025-04-30;True
11;2025-06-14;23382.445;2025-04-30;True
11;2025-06-15;19360.934;2025-04-30;True
11;2025-06-16;35077.496;2025-04-30;True
11;2025-06-17;35557.086;2025-04-30;True
11;2025-06-18;35238.375;2025-04-30;True
11;2025-06-19;35646.79;2025-04-30;True
11;2025-06-20;35567.008;2025-04-30;True
11;2025-06-21;24339.637;2025-04-30;True
11;2025-06-22;19958.531;2025-04-30;True
11;2025-06-23;34973.75;2025-04-30;True
11;2025-06-24;35090.2;2025-04-30;True
11;2025-06-25;35217.055;2025-04-30;True
11;2025-06-26;35816.25;2025-04-30;True
11;2025-06-27;35740.152;2025-04-30;True
11;2025-06-28;23846.172;2025-04-30;True
11;2025-06-29;19577.023;2025-04-30;True
11;2025-06-30;35033.18;2025-04-30;True
12;2025-05-01;29855.537;2025-04-30;True
12;2025-05-02;30929.273;2025-04-30;True
12;2025-05-03;21519.953;2025-04-30;True
12;2025-05-04;18157.81;2025-04-30;True
12;2025-05-05;37916.82;2025-04-30;True
12;2025-05-06;39200.17;2025-04-30;True
12;2025-05-07;39029.89;2025-04-30;True
12;2025-05-08;31028.125;2025-04-30;True
12;2025-05-09;29939.61;2025-04-30;True
12;2025-05-10;21218.95;2025-04-30;True
12;2025-05-11;18105.203;2025-04-30;True
12;2025-05-12;37609.805;2025-04-30;True
12;2025-05-13;38834.35;2025-04-30;True
12;2025-05-14;39823.438;2025-04-30;True
12;2025-05-15;39319.72;2025-04-30;True
12;2025-05-16;39030.637;2025-04-30;True
12;2025-05-17;22460.633;2025-04-30;True
12;2025-05-18;19051.754;2025-04-30;True
12;2025-05-19;38073.254;2025-04-30;True
12;2025-05-20;38880.555;2025-04-30;True
12;2025-05-21;38798.9;2025-04-30;True
12;2025-05-22;38787.887;2025-04-30;True
12;2025-05-23;38136.684;2025-04-30;True
12;2025-05-24;21924.986;2025-04-30;True
12;2025-05-25;19004.676;2025-04-30;True
12;2025-05-26;38004.402;2025-04-30;True
12;2025-05-27;38691.08;2025-04-30;True
12;2025-05-28;38858.668;2025-04-30;True
12;2025-05-29;38879.76;2025-04-30;True
12;2025-05-30;38462.16;2025-04-30;True
12;2025-05-31;21422.752;2025-04-30;True
12;2025-06-01;18765.06;2025-04-30;True
12;2025-06-02;38084.234;2025-04-30;True
12;2025-06-03;38754.598;2025-04-30;True
12;2025-06-04;38802.336;2025-04-30;True
12;2025-06-05;38930.414;2025-04-30;True
12;2025-06-06;38470.758;2025-04-30;True
12;2025-06-07;23015.67;2025-04-30;True
12;2025-06-08;18807.895;2025-04-30;True
12;2025-06-09;37686.625;2025-04-30;True
12;2025-06-10;38228.34;2025-04-30;True
12;2025-06-11;38208.94;2025-04-30;True
12;2025-06-12;29823.51;2025-04-30;True
12;2025-06-13;30144.635;2025-04-30;True
12;2025-06-14;21003.754;2025-04-30;True
12;2025-06-15;18258.754;2025-04-30;True
12;2025-06-16;37663.594;2025-04-30;True
12;2025-06-17;38490.137;2025-04-30;True
12;2025-06-18;38214.516;2025-04-30;True
12;2025-06-19;38057.195;2025-04-30;True
12;2025-06-20;37726.297;2025-04-30;True
12;2025-06-21;22670.121;2025-04-30;True
12;2025-06-22;19219.717;2025-04-30;True
12;2025-06-23;37227.297;2025-04-30;True
12;2025-06-24;38024.883;2025-04-30;True
12;2025-06-25;38444.473;2025-04-30;True
12;2025-06-26;38123.723;2025-04-30;True
12;2025-06-27;37526.47;2025-04-30;True
12;2025-06-28;21736.848;2025-04-30;True
12;2025-06-29;18852.39;2025-04-30;True
12;2025-06-30;37474.703;2025-04-30;True
17;2025-05-01;32707.008;2025-04-30;True
17;2025-05-02;35669.81;2025-04-30;True
17;2025-05-03;19949.72;2025-04-30;True
17;2025-05-04;9948.0;2025-04-30;True
17;2025-05-05;52322.805;2025-04-30;True
17;2025-05-06;52886.9;2025-04-30;True
17;2025-05-07;52902.883;2025-04-30;True
17;2025-05-08;30920.16;2025-04-30;True
17;2025-05-09;32640.574;2025-04-30;True
17;2025-05-10;11208.523;2025-04-30;True
17;2025-05-11;5179.574;2025-04-30;True
17;2025-05-12;53930.207;2025-04-30;True
17;2025-05-13;53856.09;2025-04-30;True
17;2025-05-14;54174.305;2025-04-30;True
17;2025-05-15;53526.277;2025-04-30;True
17;2025-05-16;53614.434;2025-04-30;True
17;2025-05-17;27958.695;2025-04-30;True
17;2025-05-18;15940.8125;2025-04-30;True
17;2025-05-19;53563.18;2025-04-30;True
17;2025-05-20;53782.027;2025-04-30;True
17;2025-05-21;53719.46;2025-04-30;True
17;2025-05-22;54257.824;2025-04-30;True
17;2025-05-23;54402.03;2025-04-30;True
17;2025-05-24;21274.016;2025-04-30;True
17;2025-05-25;15151.73;2025-04-30;True
17;2025-05-26;53993.23;2025-04-30;True
17;2025-05-27;54228.23;2025-04-30;True
17;2025-05-28;54130.234;2025-04-30;True
17;2025-05-29;54368.047;2025-04-30;True
17;2025-05-30;53861.617;2025-04-30;True
17;2025-05-31;19453.705;2025-04-30;True
17;2025-06-01;13098.441;2025-04-30;True
17;2025-06-02;53504.26;2025-04-30;True
17;2025-06-03;53565.12;2025-04-30;True
17;2025-06-04;54018.656;2025-04-30;True
17;2025-06-05;54349.664;2025-04-30;True
17;2025-06-06;53842.773;2025-04-30;True
17;2025-06-07;25099.65;2025-04-30;True
17;2025-06-08;13702.299;2025-04-30;True
17;2025-06-09;53324.29;2025-04-30;True
17;2025-06-10;53708.605;2025-04-30;True
17;2025-06-11;52942.477;2025-04-30;True
17;2025-06-12;36541.434;2025-04-30;True
17;2025-06-13;36890.805;2025-04-30;True
17;2025-06-14;10073.617;2025-04-30;True
17;2025-06-15;8063.117;2025-04-30;True
17;2025-06-16;53151.164;2025-04-30;True
17;2025-06-17;53155.086;2025-04-30;True
17;2025-06-18;54882.074;2025-04-30;True
17;2025-06-19;54667.164;2025-04-30;True
17;2025-06-20;54647.332;2025-04-30;True
17;2025-06-21;27405.443;2025-04-30;True
17;2025-06-22;16720.992;2025-04-30;True
17;2025-06-23;53412.832;2025-04-30;True
17;2025-06-24;53374.227;2025-04-30;True
17;2025-06-25;53927.914;2025-04-30;True
17;2025-06-26;54335.316;2025-04-30;True
17;2025-06-27;54202.266;2025-04-30;True
17;2025-06-28;17828.691;2025-04-30;True
17;2025-06-29;10668.711;2025-04-30;True
17;2025-06-30;53859.066;2025-04-30;True
25;2025-05-01;5471.551;2025-04-30;True
25;2025-05-02;5613.076;2025-04-30;True
25;2025-05-03;5620.683;2025-04-30;True
25;2025-05-04;4833.663;2025-04-30;True
25;2025-05-05;7699.885;2025-04-30;True
25;2025-05-06;7853.134;2025-04-30;True
25;2025-05-07;7896.9634;2025-04-30;True
25;2025-05-08;5927.549;2025-04-30;True
25;2025-05-09;5766.585;2025-04-30;True
25;2025-05-10;5921.7866;2025-04-30;True
25;2025-05-11;5027.003;2025-04-30;True
25;2025-05-12;7815.3916;2025-04-30;True
25;2025-05-13;8020.8;2025-04-30;True
25;2025-05-14;8214.402;2025-04-30;True
25;2025-05-15;8312.528;2025-04-30;True
25;2025-05-16;8263.728;2025-04-30;True
25;2025-05-17;6408.443;2025-04-30;True
25;2025-05-18;5635.793;2025-04-30;True
25;2025-05-19;8130.9155;2025-04-30;True
25;2025-05-20;8229.634;2025-04-30;True
25;2025-05-21;8242.744;2025-04-30;True
25;2025-05-22;8299.321;2025-04-30;True
25;2025-05-23;8097.3286;2025-04-30;True
25;2025-05-24;6290.4106;2025-04-30;True
25;2025-05-25;5467.6094;2025-04-30;True
25;2025-05-26;8026.921;2025-04-30;True
25;2025-05-27;8146.0195;2025-04-30;True
25;2025-05-28;8159.8994;2025-04-30;True
25;2025-05-29;8247.406;2025-04-30;True
25;2025-05-30;8119.3853;2025-04-30;True
25;2025-05-31;6212.617;2025-04-30;True
25;2025-06-01;5469.934;2025-04-30;True
25;2025-06-02;8063.956;2025-04-30;True
25;2025-06-03;8206.728;2025-04-30;True
25;2025-06-04;8334.347;2025-04-30;True
25;2025-06-05;8384.783;2025-04-30;True
25;2025-06-06;8258.079;2025-04-30;True
25;2025-06-07;6247.2466;2025-04-30;True
25;2025-06-08;5282.4585;2025-04-30;True
25;2025-06-09;8019.4287;2025-04-30;True
25;2025-06-10;8125.917;2025-04-30;True
25;2025-06-11;8279.729;2025-04-30;True
25;2025-06-12;7123.094;2025-04-30;True
25;2025-06-13;7147.461;2025-04-30;True
25;2025-06-14;6035.211;2025-04-30;True
25;2025-06-15;5259.1924;2025-04-30;True
25;2025-06-16;8028.8;2025-04-30;True
25;2025-06-17;8157.9155;2025-04-30;True
25;2025-06-18;8238.34;2025-04-30;True
25;2025-06-19;8331.293;2025-04-30;True
25;2025-06-20;8254.048;2025-04-30;True
25;2025-06-21;6284.1777;2025-04-30;True
25;2025-06-22;5386.886;2025-04-30;True
25;2025-06-23;8050.751;2025-04-30;True
25;2025-06-24;8125.7056;2025-04-30;True
25;2025-06-25;8265.871;2025-04-30;True
25;2025-06-26;8399.936;2025-04-30;True
25;2025-06-27;8299.739;2025-04-30;True
25;2025-06-28;6290.8584;2025-04-30;True
25;2025-06-29;5367.1885;2025-04-30;True
25;2025-06-30;8210.972;2025-04-30;True
26;2025-05-01;15011.322;2025-04-30;True
26;2025-05-02;14894.986;2025-04-30;True
26;2025-05-03;11935.203;2025-04-30;True
26;2025-05-04;9671.256;2025-04-30;True
26;2025-05-05;19878.82;2025-04-30;True
26;2025-05-06;20262.518;2025-04-30;True
26;2025-05-07;20013.588;2025-04-30;True
26;2025-05-08;16406.37;2025-04-30;True
26;2025-05-09;15196.899;2025-04-30;True
26;2025-05-10;12099.978;2025-04-30;True
26;2025-05-11;9588.426;2025-04-30;True
26;2025-05-12;19924.783;2025-04-30;True
26;2025-05-13;20299.197;2025-04-30;True
26;2025-05-14;20532.377;2025-04-30;True
26;2025-05-15;20234.523;2025-04-30;True
26;2025-05-16;19886.164;2025-04-30;True
26;2025-05-17;12809.18;2025-04-30;True
26;2025-05-18;10501.197;2025-04-30;True
26;2025-05-19;20007.814;2025-04-30;True
26;2025-05-20;20292.125;2025-04-30;True
26;2025-05-21;20230.146;2025-04-30;True
26;2025-05-22;20163.893;2025-04-30;True
26;2025-05-23;19762.197;2025-04-30;True
26;2025-05-24;12890.166;2025-04-30;True
26;2025-05-25;10683.65;2025-04-30;True
26;2025-05-26;20002.326;2025-04-30;True
26;2025-05-27;20287.816;2025-04-30;True
26;2025-05-28;20266.514;2025-04-30;True
26;2025-05-29;20234.955;2025-04-30;True
26;2025-05-30;19946.77;2025-04-30;True
26;2025-05-31;12420.412;2025-04-30;True
26;2025-06-01;10351.0625;2025-04-30;True
26;2025-06-02;20271.877;2025-04-30;True
26;2025-06-03;20500.316;2025-04-30;True
26;2025-06-04;20532.273;2025-04-30;True
26;2025-06-05;20538.645;2025-04-30;True
26;2025-06-06;19973.94;2025-04-30;True
26;2025-06-07;13163.524;2025-04-30;True
26;2025-06-08;10102.102;2025-04-30;True
26;2025-06-09;19905.15;2025-04-30;True
26;2025-06-10;20181.568;2025-04-30;True
26;2025-06-11;19954.297;2025-04-30;True
26;2025-06-12;15391.508;2025-04-30;True
26;2025-06-13;15566.914;2025-04-30;True
26;2025-06-14;11750.052;2025-04-30;True
26;2025-06-15;9740.932;2025-04-30;True
26;2025-06-16;19928.863;2025-04-30;True
26;2025-06-17;20329.541;2025-04-30;True
26;2025-06-18;20135.701;2025-04-30;True
26;2025-06-19;20180.637;2025-04-30;True
26;2025-06-20;19821.287;2025-04-30;True
26;2025-06-21;12929.831;2025-04-30;True
26;2025-06-22;10286.706;2025-04-30;True
26;2025-06-23;19882.453;2025-04-30;True
26;2025-06-24;20106.467;2025-04-30;True
26;2025-06-25;20183.3;2025-04-30;True
26;2025-06-26;20217.738;2025-04-30;True
26;2025-06-27;19650.617;2025-04-30;True
26;2025-06-28;12142.074;2025-04-30;True
26;2025-06-29;10157.916;2025-04-30;True
26;2025-06-30;20083.195;2025-04-30;True
28;2025-05-01;7039.6357;2025-04-30;True
28;2025-05-02;7081.0283;2025-04-30;True
28;2025-05-03;6419.249;2025-04-30;True
28;2025-05-04;5168.6943;2025-04-30;True
28;2025-05-05;11456.188;2025-04-30;True
28;2025-05-06;11549.118;2025-04-30;True
28;2025-05-07;11526.952;2025-04-30;True
28;2025-05-08;7782.5596;2025-04-30;True
28;2025-05-09;7292.884;2025-04-30;True
28;2025-05-10;6694.6343;2025-04-30;True
28;2025-05-11;5279.587;2025-04-30;True
28;2025-05-12;11445.61;2025-04-30;True
28;2025-05-13;11546.858;2025-04-30;True
28;2025-05-14;11846.714;2025-04-30;True
28;2025-05-15;11736.115;2025-04-30;True
28;2025-05-16;11478.615;2025-04-30;True
28;2025-05-17;7101.6807;2025-04-30;True
28;2025-05-18;5905.076;2025-04-30;True
28;2025-05-19;11559.253;2025-04-30;True
28;2025-05-20;11539.803;2025-04-30;True
28;2025-05-21;11551.444;2025-04-30;True
28;2025-05-22;11597.014;2025-04-30;True
28;2025-05-23;11310.907;2025-04-30;True
28;2025-05-24;7022.1567;2025-04-30;True
28;2025-05-25;5925.1494;2025-04-30;True
28;2025-05-26;11471.238;2025-04-30;True
28;2025-05-27;11516.095;2025-04-30;True
28;2025-05-28;11570.605;2025-04-30;True
28;2025-05-29;11587.729;2025-04-30;True
28;2025-05-30;11337.6;2025-04-30;True
28;2025-05-31;6912.379;2025-04-30;True
28;2025-06-01;5864.9375;2025-04-30;True
28;2025-06-02;11603.645;2025-04-30;True
28;2025-06-03;11733.737;2025-04-30;True
28;2025-06-04;11835.306;2025-04-30;True
28;2025-06-05;11887.515;2025-04-30;True
28;2025-06-06;11465.082;2025-04-30;True
28;2025-06-07;7118.217;2025-04-30;True
28;2025-06-08;5562.532;2025-04-30;True
28;2025-06-09;11407.735;2025-04-30;True
28;2025-06-10;11414.729;2025-04-30;True
28;2025-06-11;11575.675;2025-04-30;True
28;2025-06-12;8809.852;2025-04-30;True
28;2025-06-13;8444.612;2025-04-30;True
28;2025-06-14;6565.2803;2025-04-30;True
28;2025-06-15;5311.8438;2025-04-30;True
28;2025-06-16;11397.934;2025-04-30;True
28;2025-06-17;11580.625;2025-04-30;True
28;2025-06-18;11581.223;2025-04-30;True
28;2025-06-19;11600.187;2025-04-30;True
28;2025-06-20;11367.334;2025-04-30;True
28;2025-06-21;7142.4404;2025-04-30;True
28;2025-06-22;5759.0884;2025-04-30;True
28;2025-06-23;11447.919;2025-04-30;True
28;2025-06-24;11365.913;2025-04-30;True
28;2025-06-25;11565.379;2025-04-30;True
28;2025-06-26;11536.685;2025-04-30;True
28;2025-06-27;11225.748;2025-04-30;True
28;2025-06-28;6876.481;2025-04-30;True
28;2025-06-29;5630.1987;2025-04-30;True
28;2025-06-30;11481.539;2025-04-30;True
50;2025-05-01;15993.639;2025-04-30;True
50;2025-05-02;15444.355;2025-04-30;True
50;2025-05-03;9663.728;2025-04-30;True
50;2025-05-04;7937.34;2025-04-30;True
50;2025-05-05;25260.477;2025-04-30;True
50;2025-05-06;26459.11;2025-04-30;True
50;2025-05-07;26381.33;2025-04-30;True
50;2025-05-08;16811.383;2025-04-30;True
50;2025-05-09;15518.923;2025-04-30;True
50;2025-05-10;9957.984;2025-04-30;True
50;2025-05-11;8031.1826;2025-04-30;True
50;2025-05-12;25987.76;2025-04-30;True
50;2025-05-13;26626.344;2025-04-30;True
50;2025-05-14;27134.617;2025-04-30;True
50;2025-05-15;26853.447;2025-04-30;True
50;2025-05-16;26268.943;2025-04-30;True
50;2025-05-17;11324.494;2025-04-30;True
50;2025-05-18;9704.877;2025-04-30;True
50;2025-05-19;26190.93;2025-04-30;True
50;2025-05-20;26903.68;2025-04-30;True
50;2025-05-21;26717.523;2025-04-30;True
50;2025-05-22;26701.547;2025-04-30;True
50;2025-05-23;25979.15;2025-04-30;True
50;2025-05-24;11513.453;2025-04-30;True
50;2025-05-25;9816.536;2025-04-30;True
50;2025-05-26;26374.754;2025-04-30;True
50;2025-05-27;26965.416;2025-04-30;True
50;2025-05-28;26931.994;2025-04-30;True
50;2025-05-29;26833.752;2025-04-30;True
50;2025-05-30;26159.861;2025-04-30;True
50;2025-05-31;11077.678;2025-04-30;True
50;2025-06-01;9446.025;2025-04-30;True
50;2025-06-02;26408.82;2025-04-30;True
50;2025-06-03;27180.43;2025-04-30;True
50;2025-06-04;27087.96;2025-04-30;True
50;2025-06-05;26970.54;2025-04-30;True
50;2025-06-06;25896.627;2025-04-30;True
50;2025-06-07;11442.841;2025-04-30;True
50;2025-06-08;9359.36;2025-04-30;True
50;2025-06-09;26178.049;2025-04-30;True
50;2025-06-10;26696.012;2025-04-30;True
50;2025-06-11;26523.35;2025-04-30;True
50;2025-06-12;19598.34;2025-04-30;True
50;2025-06-13;18988.262;2025-04-30;True
50;2025-06-14;10354.1875;2025-04-30;True
50;2025-06-15;8987.721;2025-04-30;True
50;2025-06-16;26048.215;2025-04-30;True
50;2025-06-17;26846.922;2025-04-30;True
50;2025-06-18;26687.459;2025-04-30;True
50;2025-06-19;26708.016;2025-04-30;True
50;2025-06-20;25869.0;2025-04-30;True
50;2025-06-21;11560.989;2025-04-30;True
50;2025-06-22;9453.08;2025-04-30;True
50;2025-06-23;26065.938;2025-04-30;True
50;2025-06-24;26663.727;2025-04-30;True
50;2025-06-25;26778.512;2025-04-30;True
50;2025-06-26;26631.098;2025-04-30;True
50;2025-06-27;25686.172;2025-04-30;True
50;2025-06-28;10870.215;2025-04-30;True
50;2025-06-29;9267.338;2025-04-30;True
50;2025-06-30;26013.818;2025-04-30;True
