route;date;hour;prediction
1;2025-09-04;0;4.955176694706544
1;2025-09-04;1;0.0
1;2025-09-04;2;0.0
1;2025-09-04;3;0.0
1;2025-09-04;4;0.0
1;2025-09-04;5;88.47601446141854
1;2025-09-04;6;586.4344313276549
1;2025-09-04;7;1404.4711033209387
1;2025-09-04;8;1816.692611482424
1;2025-09-04;9;1438.2406843260387
1;2025-09-04;10;1351.6852749094091
1;2025-09-04;11;1334.2076897296324
1;2025-09-04;12;1334.0303032725574
1;2025-09-04;13;1302.3526394977025
1;2025-09-04;14;1244.8714640483297
1;2025-09-04;15;1307.1064072702598
1;2025-09-04;16;1396.0092986519744
1;2025-09-04;17;1680.0651055919664
1;2025-09-04;18;1811.9548167850435
1;2025-09-04;19;1410.4585625862737
1;2025-09-04;20;891.8294954434223
1;2025-09-04;21;500.2964611074839
1;2025-09-04;22;259.95202314455787
1;2025-09-04;23;52.84175310060827
1;2025-09-05;0;4.777593317428191
1;2025-09-05;1;0.0
1;2025-09-05;2;0.0
1;2025-09-05;3;0.0
1;2025-09-05;4;0.0
1;2025-09-05;5;86.95774639738761
1;2025-09-05;6;555.1091664652654
1;2025-09-05;7;1364.3699438568256
1;2025-09-05;8;1749.9305796612791
1;2025-09-05;9;1383.9805205991433
1;2025-09-05;10;1293.2493870465014
1;2025-09-05;11;1326.4952060426517
1;2025-09-05;12;1307.090336710175
1;2025-09-05;13;1296.4566031767831
1;2025-09-05;14;1231.7474335082038
1;2025-09-05;15;1338.856997001475
1;2025-09-05;16;1460.8139822817059
1;2025-09-05;17;1639.6876922219308
1;2025-09-05;18;1529.9249299037997
1;2025-09-05;19;1191.0811966966917
1;2025-09-05;20;819.7879799774596
1;2025-09-05;21;484.88029935697887
1;2025-09-05;22;258.76858946105824
1;2025-09-05;23;59.41969631614894
1;2025-09-06;0;6.226910919913072
1;2025-09-06;1;0.0
1;2025-09-06;2;0.0
1;2025-09-06;3;0.0
1;2025-09-06;4;0.0
1;2025-09-06;5;33.19777935966855
1;2025-09-06;6;188.9193323112686
1;2025-09-06;7;345.4818458347171
1;2025-09-06;8;469.0132481967232
1;2025-09-06;9;665.2888085943587
1;2025-09-06;10;742.3799951353934
1;2025-09-06;11;739.9841954190936
1;2025-09-06;12;842.2107781841019
1;2025-09-06;13;842.4139060863956
1;2025-09-06;14;800.5460282661704
1;2025-09-06;15;730.6209012461167
1;2025-09-06;16;686.4076189562631
1;2025-09-06;17;673.3519255899753
1;2025-09-06;18;642.5638762273634
1;2025-09-06;19;600.1938354661216
1;2025-09-06;20;418.811608660027
1;2025-09-06;21;293.75903716252674
1;2025-09-06;22;156.1183941101284
1;2025-09-06;23;43.60577930363826
1;2025-09-07;0;3.0824329162396626
1;2025-09-07;1;0.0
1;2025-09-07;2;0.0
1;2025-09-07;3;0.0
1;2025-09-07;4;0.0
1;2025-09-07;5;25.62730843880187
1;2025-09-07;6;140.40071660172288
1;2025-09-07;7;272.20376394978746
1;2025-09-07;8;378.7523119615415
1;2025-09-07;9;571.7281476640826
1;2025-09-07;10;680.9982817661753
1;2025-09-07;11;698.0836645575932
1;2025-09-07;12;794.3294541708129
1;2025-09-07;13;811.5014563381134
1;2025-09-07;14;750.045874853261
1;2025-09-07;15;697.0988157231086
1;2025-09-07;16;652.3759372645927
1;2025-09-07;17;633.6132891137781
1;2025-09-07;18;610.4576783555933
1;2025-09-07;19;541.5906261455286
1;2025-09-07;20;392.8107321489177
1;2025-09-07;21;282.12997873669724
1;2025-09-07;22;142.28464270110152
1;2025-09-07;23;40.47213827421347
1;2025-09-08;0;1.1735029805061021
1;2025-09-08;1;0.0
1;2025-09-08;2;0.0
1;2025-09-08;3;0.0
1;2025-09-08;4;0.0
1;2025-09-08;5;89.56048793224029
1;2025-09-08;6;583.6296559951461
1;2025-09-08;7;1517.5665314393875
1;2025-09-08;8;1795.2028806143635
1;2025-09-08;9;1318.1975101051726
1;2025-09-08;10;1231.7291686162007
1;2025-09-08;11;1244.4120419652904
1;2025-09-08;12;1218.389381963609
1;2025-09-08;13;1193.609000805733
1;2025-09-08;14;1190.1718161310796
1;2025-09-08;15;1266.7939416947838
1;2025-09-08;16;1325.7381995286044
1;2025-09-08;17;1668.7844253885096
1;2025-09-08;18;1809.6689324504064
1;2025-09-08;19;1366.8921400717745
1;2025-09-08;20;843.2868432952741
1;2025-09-08;21;447.8384738450474
1;2025-09-08;22;208.61088864840966
1;2025-09-08;23;48.9687209945412
1;2025-09-09;0;2.4075560417923985
1;2025-09-09;1;0.0
1;2025-09-09;2;0.0
1;2025-09-09;3;0.0
1;2025-09-09;4;0.0
1;2025-09-09;5;84.52691723030807
1;2025-09-09;6;548.7687873175273
1;2025-09-09;7;1569.0668244995632
1;2025-09-09;8;1825.3911506075751
1;2025-09-09;9;1438.640067218055
1;2025-09-09;10;1313.1673956117443
1;2025-09-09;11;1247.3151593469124
1;2025-09-09;12;1205.7489652441197
1;2025-09-09;13;1294.9572580542758
1;2025-09-09;14;1254.1881900165622
1;2025-09-09;15;1289.0327813475003
1;2025-09-09;16;1419.8618625505833
1;2025-09-09;17;1720.3578406530896
1;2025-09-09;18;1874.1447054686478
1;2025-09-09;19;1418.294490115452
1;2025-09-09;20;883.4402721184593
1;2025-09-09;21;447.35807739378583
1;2025-09-09;22;239.44390307960725
1;2025-09-09;23;43.14531396501006
1;2025-09-10;0;2.0260793499668077
1;2025-09-10;1;0.0
1;2025-09-10;2;0.0
1;2025-09-10;3;0.0
1;2025-09-10;4;0.0
1;2025-09-10;5;78.35412696746114
1;2025-09-10;6;569.6169226922498
1;2025-09-10;7;1569.8282263423837
1;2025-09-10;8;1878.2849475697358
1;2025-09-10;9;1316.3765906172628
1;2025-09-10;10;1306.4516152299734
1;2025-09-10;11;1223.8990813650607
1;2025-09-10;12;1234.9396543100966
1;2025-09-10;13;1362.3768527263217
1;2025-09-10;14;1238.7174740611918
1;2025-09-10;15;1332.027342558611
1;2025-09-10;16;1478.7320605317966
1;2025-09-10;17;1684.836310538575
1;2025-09-10;18;1876.8958803058504
1;2025-09-10;19;1509.1346450452684
1;2025-09-10;20;878.9437721973005
1;2025-09-10;21;438.8679383108472
1;2025-09-10;22;232.48974231331496
1;2025-09-10;23;41.558932211686326
1;2025-09-11;0;5.16426032287305
1;2025-09-11;1;0.0
1;2025-09-11;2;0.0
1;2025-09-11;3;0.0
1;2025-09-11;4;0.0
1;2025-09-11;5;88.67818310612819
1;2025-09-11;6;588.116072530886
1;2025-09-11;7;1410.416032302231
1;2025-09-11;8;1825.8940675018848
1;2025-09-11;9;1440.9027334353332
1;2025-09-11;10;1355.219349403451
1;2025-09-11;11;1336.4652302249651
1;2025-09-11;12;1336.0108280338177
1;2025-09-11;13;1303.4516026307992
1;2025-09-11;14;1243.62439573752
1;2025-09-11;15;1306.3721935912108
1;2025-09-11;16;1395.5635302622218
1;2025-09-11;17;1685.8179318123723
1;2025-09-11;18;1836.763294893398
1;2025-09-11;19;1423.7399254690135
1;2025-09-11;20;896.7373133633066
1;2025-09-11;21;504.422465988763
1;2025-09-11;22;262.42962940048926
1;2025-09-11;23;58.40232944945324
1;2025-09-12;0;4.9556666281077675
1;2025-09-12;1;0.0
1;2025-09-12;2;0.0
1;2025-09-12;3;0.0
1;2025-09-12;4;0.0
1;2025-09-12;5;87.63285665683154
1;2025-09-12;6;557.995252819571
1;2025-09-12;7;1375.2861687649959
1;2025-09-12;8;1760.7956060550428
1;2025-09-12;9;1382.1234518968656
1;2025-09-12;10;1293.0938901847262
1;2025-09-12;11;1324.4860741347345
1;2025-09-12;12;1304.906865748013
1;2025-09-12;13;1294.377737033876
1;2025-09-12;14;1231.418448937085
1;2025-09-12;15;1341.1408037691585
1;2025-09-12;16;1473.1864681549055
1;2025-09-12;17;1649.3144676171967
1;2025-09-12;18;1557.4774091493282
1;2025-09-12;19;1206.3579496738475
1;2025-09-12;20;825.1465967071931
1;2025-09-12;21;489.164237472394
1;2025-09-12;22;261.16446419617205
1;2025-09-12;23;60.16108731216133
1;2025-09-13;0;6.364272875562098
1;2025-09-13;1;0.0
1;2025-09-13;2;0.0
1;2025-09-13;3;0.0
1;2025-09-13;4;0.0
1;2025-09-13;5;33.284690605750754
1;2025-09-13;6;188.71601849366016
1;2025-09-13;7;347.154836863809
1;2025-09-13;8;472.902837285376
1;2025-09-13;9;668.132878674119
1;2025-09-13;10;744.4128156991729
1;2025-09-13;11;740.3760046320117
1;2025-09-13;12;844.2251696021044
1;2025-09-13;13;844.17641907441
1;2025-09-13;14;802.5670664664053
1;2025-09-13;15;734.1116846345451
1;2025-09-13;16;696.2172668660656
1;2025-09-13;17;681.0355286865124
1;2025-09-13;18;649.6050124616304
1;2025-09-13;19;604.2200525091282
1;2025-09-13;20;420.6463919183394
1;2025-09-13;21;294.93874948956204
1;2025-09-13;22;155.91778727914217
1;2025-09-13;23;44.03873043888868
1;2025-09-14;0;3.0919485182592643
1;2025-09-14;1;0.0
1;2025-09-14;2;0.0
1;2025-09-14;3;0.0
1;2025-09-14;4;0.0
1;2025-09-14;5;25.596910443513295
1;2025-09-14;6;140.06715188803224
1;2025-09-14;7;272.86664606799457
1;2025-09-14;8;377.90994482499843
1;2025-09-14;9;571.5532265187835
1;2025-09-14;10;679.9620852780831
1;2025-09-14;11;696.6279961361157
1;2025-09-14;12;794.9670584902437
1;2025-09-14;13;812.4878585657385
1;2025-09-14;14;752.2737995438919
1;2025-09-14;15;701.3166165799516
1;2025-09-14;16;662.801358060542
1;2025-09-14;17;641.8359982871569
1;2025-09-14;18;613.5696042965087
1;2025-09-14;19;542.9158765006749
1;2025-09-14;20;391.38717411594007
1;2025-09-14;21;280.84725055548665
1;2025-09-14;22;139.95369101624135
1;2025-09-14;23;40.53001234899949
1;2025-09-15;0;1.1340121963646435
1;2025-09-15;1;0.0
1;2025-09-15;2;0.0
1;2025-09-15;3;0.0
1;2025-09-15;4;0.0
1;2025-09-15;5;89.6546726778557
1;2025-09-15;6;585.5442415657725
1;2025-09-15;7;1529.2537329437087
1;2025-09-15;8;1811.0155954795343
1;2025-09-15;9;1317.2888573930186
1;2025-09-15;10;1231.9134900143417
1;2025-09-15;11;1244.007582090227
1;2025-09-15;12;1218.3766403599097
1;2025-09-15;13;1195.438625298429
1;2025-09-15;14;1195.358969918795
1;2025-09-15;15;1275.1184917698017
1;2025-09-15;16;1335.7127648651071
1;2025-09-15;17;1674.4179489494538
1;2025-09-15;18;1822.3937939325638
1;2025-09-15;19;1374.0833505396386
1;2025-09-15;20;843.7930427443503
1;2025-09-15;21;448.55736669664475
1;2025-09-15;22;208.55223070675373
1;2025-09-15;23;48.89869019169322
1;2025-09-16;0;2.6507023923261945
1;2025-09-16;1;0.0
1;2025-09-16;2;0.0
1;2025-09-16;3;0.0
1;2025-09-16;4;0.0
1;2025-09-16;5;86.59945112473918
1;2025-09-16;6;563.3590676629306
1;2025-09-16;7;1607.6148567249998
1;2025-09-16;8;1865.0540561907499
1;2025-09-16;9;1464.0775593738535
1;2025-09-16;10;1338.3434070639537
1;2025-09-16;11;1270.0188447704807
1;2025-09-16;12;1227.7237032916341
1;2025-09-16;13;1318.638353355832
1;2025-09-16;14;1277.5153842577756
1;2025-09-16;15;1312.599662563742
1;2025-09-16;16;1443.4910660786036
1;2025-09-16;17;1748.0822876054635
1;2025-09-16;18;1920.4781304627836
1;2025-09-16;19;1453.5288588718893
1;2025-09-16;20;898.794878560041
1;2025-09-16;21;454.28872617287016
1;2025-09-16;22;243.0369533501836
1;2025-09-16;23;44.422747655447836
1;2025-09-17;0;2.009956422730187
1;2025-09-17;1;0.0
1;2025-09-17;2;0.0
1;2025-09-17;3;0.0
1;2025-09-17;4;0.0
1;2025-09-17;5;78.84875285174141
1;2025-09-17;6;574.3652373629488
1;2025-09-17;7;1578.7582734240914
1;2025-09-17;8;1885.6905508742814
1;2025-09-17;9;1319.0077499893628
1;2025-09-17;10;1311.5026338735354
1;2025-09-17;11;1229.9340750955253
1;2025-09-17;12;1242.4680322689997
1;2025-09-17;13;1370.8491503774183
1;2025-09-17;14;1247.086826572479
1;2025-09-17;15;1340.1993766350408
1;2025-09-17;16;1485.3456033198886
1;2025-09-17;17;1689.8710273525776
1;2025-09-17;18;1887.0276362574364
1;2025-09-17;19;1517.2791685959667
1;2025-09-17;20;880.4419461561647
1;2025-09-17;21;439.68492492038774
1;2025-09-17;22;231.95340305034534
1;2025-09-17;23;41.558195601356175
1;2025-09-18;0;5.022822888812984
1;2025-09-18;1;0.0
1;2025-09-18;2;0.0
1;2025-09-18;3;0.0
1;2025-09-18;4;0.0
1;2025-09-18;5;89.20787857637937
1;2025-09-18;6;590.5385683759864
1;2025-09-18;7;1418.584016910147
1;2025-09-18;8;1836.347221060988
1;2025-09-18;9;1440.8828241029742
1;2025-09-18;10;1355.4551053222458
1;2025-09-18;11;1336.632260823092
1;2025-09-18;12;1336.3898739236056
1;2025-09-18;13;1304.16088432953
1;2025-09-18;14;1246.2219142031522
1;2025-09-18;15;1309.8260791415164
1;2025-09-18;16;1399.4210528854455
1;2025-09-18;17;1686.1683682514479
1;2025-09-18;18;1831.6872468622014
1;2025-09-18;19;1419.7449338667402
1;2025-09-18;20;890.1123407086761
1;2025-09-18;21;500.2592774548417
1;2025-09-18;22;258.34377531372013
1;2025-09-18;23;57.23791072405914
1;2025-09-19;0;5.4090053033527
1;2025-09-19;1;0.0
1;2025-09-19;2;0.0
1;2025-09-19;3;0.0
1;2025-09-19;4;0.0
1;2025-09-19;5;83.71587837087407
1;2025-09-19;6;534.1268884957627
1;2025-09-19;7;1313.472918023756
1;2025-09-19;8;1681.4922179056703
1;2025-09-19;9;1314.1292934359403
1;2025-09-19;10;1221.3017459636735
1;2025-09-19;11;1243.4509340799705
1;2025-09-19;12;1219.4207370258841
1;2025-09-19;13;1205.8521128327238
1;2025-09-19;14;1144.375605384641
1;2025-09-19;15;1247.7054372680584
1;2025-09-19;16;1381.8588664909496
1;2025-09-19;17;1549.4410986832818
1;2025-09-19;18;1466.239720947879
1;2025-09-19;19;1138.452312657082
1;2025-09-19;20;780.173528396011
1;2025-09-19;21;463.6862642413568
1;2025-09-19;22;246.6588480049134
1;2025-09-19;23;58.00368116010989
1;2025-09-20;0;6.116414404631827
1;2025-09-20;1;0.0
1;2025-09-20;2;0.0
1;2025-09-20;3;0.0
1;2025-09-20;4;0.0
1;2025-09-20;5;32.823299542849526
1;2025-09-20;6;186.0969073438542
1;2025-09-20;7;342.16478941211767
1;2025-09-20;8;464.52824553467656
1;2025-09-20;9;658.7301557392034
1;2025-09-20;10;735.6148893272252
1;2025-09-20;11;734.2162193525078
1;2025-09-20;12;839.345128067602
1;2025-09-20;13;841.1704950406695
1;2025-09-20;14;801.3754124520588
1;2025-09-20;15;733.820753242311
1;2025-09-20;16;692.8494599959273
1;2025-09-20;17;672.3659811333011
1;2025-09-20;18;638.2964055137941
1;2025-09-20;19;596.2282749590509
1;2025-09-20;20;412.2898749821102
1;2025-09-20;21;290.8264207488487
1;2025-09-20;22;155.05262900153224
1;2025-09-20;23;43.273481810727986
1;2025-09-21;0;2.9374703437035827
1;2025-09-21;1;0.0
1;2025-09-21;2;0.0
1;2025-09-21;3;0.0
1;2025-09-21;4;0.0
1;2025-09-21;5;25.526411345241062
1;2025-09-21;6;139.90065458852638
1;2025-09-21;7;272.9122601933999
1;2025-09-21;8;378.21687044927614
1;2025-09-21;9;574.7401575275569
1;2025-09-21;10;685.1558292925272
1;2025-09-21;11;704.1867412960222
1;2025-09-21;12;804.5392916489129
1;2025-09-21;13;822.0808743803279
1;2025-09-21;14;760.8468846579322
1;2025-09-21;15;708.113182125194
1;2025-09-21;16;667.4022257210594
1;2025-09-21;17;643.1696442211326
1;2025-09-21;18;610.4628676062121
1;2025-09-21;19;540.7181857015278
1;2025-09-21;20;388.32436432174677
1;2025-09-21;21;280.27002727687426
1;2025-09-21;22;141.496720497896
1;2025-09-21;23;39.968429035097664
1;2025-09-22;0;1.610242963867148
1;2025-09-22;1;0.0
1;2025-09-22;2;0.0
1;2025-09-22;3;0.0
1;2025-09-22;4;0.0
1;2025-09-22;5;90.35042938563714
1;2025-09-22;6;591.3406833044048
1;2025-09-22;7;1541.9053959346977
1;2025-09-22;8;1824.521270265193
1;2025-09-22;9;1330.3504766525316
1;2025-09-22;10;1245.3079432024238
1;2025-09-22;11;1259.353727941856
1;2025-09-22;12;1234.6344501293456
1;2025-09-22;13;1208.9678975736952
1;2025-09-22;14;1207.7147952887728
1;2025-09-22;15;1286.9257626804465
1;2025-09-22;16;1340.6971308776365
1;2025-09-22;17;1689.8450947709825
1;2025-09-22;18;1839.2639275765828
1;2025-09-22;19;1387.2065780065082
1;2025-09-22;20;857.3814201044668
1;2025-09-22;21;464.1746012979984
1;2025-09-22;22;214.6402192682978
1;2025-09-22;23;50.64542264700028
1;2025-09-23;0;2.9966173488149375
1;2025-09-23;1;0.0
1;2025-09-23;2;0.0
1;2025-09-23;3;0.0
1;2025-09-23;4;0.0
1;2025-09-23;5;83.15427930060315
1;2025-09-23;6;542.8397609767333
1;2025-09-23;7;1550.3456222911257
1;2025-09-23;8;1802.5714343032407
1;2025-09-23;9;1411.5820241981392
1;2025-09-23;10;1284.575650792573
1;2025-09-23;11;1214.4729021684925
1;2025-09-23;12;1170.3533709151434
1;2025-09-23;13;1256.3961074233503
1;2025-09-23;14;1217.025973309463
1;2025-09-23;15;1253.5329820862657
1;2025-09-23;16;1387.9641532035212
1;2025-09-23;17;1686.3703638916136
1;2025-09-23;18;1848.8129804007854
1;2025-09-23;19;1400.1116271312255
1;2025-09-23;20;865.2455905993301
1;2025-09-23;21;438.70485178304864
1;2025-09-23;22;234.16131466219142
1;2025-09-23;23;43.806192116915824
1;2025-09-24;0;2.1932584739230494
1;2025-09-24;1;0.0
1;2025-09-24;2;0.0
1;2025-09-24;3;0.0
1;2025-09-24;4;0.0
1;2025-09-24;5;79.35485431120837
1;2025-09-24;6;574.3663347883271
1;2025-09-24;7;1584.7928804765922
1;2025-09-24;8;1893.131478359211
1;2025-09-24;9;1316.3209628952457
1;2025-09-24;10;1307.1644144202714
1;2025-09-24;11;1223.4670742684325
1;2025-09-24;12;1234.9717553631763
1;2025-09-24;13;1364.7437599954787
1;2025-09-24;14;1246.2118213677331
1;2025-09-24;15;1337.9735206815017
1;2025-09-24;16;1484.4874303144293
1;2025-09-24;17;1691.222807453552
1;2025-09-24;18;1892.324715564673
1;2025-09-24;19;1519.7818145378403
1;2025-09-24;20;879.1563983130453
1;2025-09-24;21;437.6633095506427
1;2025-09-24;22;228.12476633009942
1;2025-09-24;23;42.38814084633921
1;2025-09-25;0;5.063590106292111
1;2025-09-25;1;0.0
1;2025-09-25;2;0.0
1;2025-09-25;3;0.0
1;2025-09-25;4;0.0
1;2025-09-25;5;89.82573829221943
1;2025-09-25;6;591.9586082730175
1;2025-09-25;7;1423.643530620529
1;2025-09-25;8;1839.3342665957985
1;2025-09-25;9;1440.8934895176283
1;2025-09-25;10;1356.1159576309649
1;2025-09-25;11;1338.406984466395
1;2025-09-25;12;1339.7191353318794
1;2025-09-25;13;1309.891191701875
1;2025-09-25;14;1256.9996249448304
1;2025-09-25;15;1319.2860076557972
1;2025-09-25;16;1408.595995424796
1;2025-09-25;17;1698.394070965543
1;2025-09-25;18;1848.3753379002494
1;2025-09-25;19;1430.638977036714
1;2025-09-25;20;894.4194195942532
1;2025-09-25;21;501.33532181097866
1;2025-09-25;22;256.1188499708697
1;2025-09-25;23;57.91368525703867
1;2025-09-26;0;5.201798117525234
1;2025-09-26;1;0.0
1;2025-09-26;2;0.0
1;2025-09-26;3;0.0
1;2025-09-26;4;0.0
1;2025-09-26;5;88.83382197333493
1;2025-09-26;6;566.8338481433681
1;2025-09-26;7;1393.1693504687478
1;2025-09-26;8;1774.9103087568437
1;2025-09-26;9;1395.8444881501869
1;2025-09-26;10;1304.2284952290188
1;2025-09-26;11;1336.4203129689042
1;2025-09-26;12;1317.0603349167757
1;2025-09-26;13;1306.6303281561086
1;2025-09-26;14;1243.8748083707628
1;2025-09-26;15;1353.1604583827375
1;2025-09-26;16;1490.7250093080831
1;2025-09-26;17;1666.126250407207
1;2025-09-26;18;1564.6689421811357
1;2025-09-26;19;1208.8248978935708
1;2025-09-26;20;830.0737825049048
1;2025-09-26;21;492.36506384552604
1;2025-09-26;22;261.0285008732419
1;2025-09-26;23;61.10479702785939
1;2025-09-27;0;6.348013666420778
1;2025-09-27;1;0.0
1;2025-09-27;2;0.0
1;2025-09-27;3;0.0
1;2025-09-27;4;0.0
1;2025-09-27;5;32.21458753799461
1;2025-09-27;6;182.6435788754456
1;2025-09-27;7;334.3948975782247
1;2025-09-27;8;456.3916547369633
1;2025-09-27;9;640.8386957451697
1;2025-09-27;10;711.3760072304756
1;2025-09-27;11;705.6135259710608
1;2025-09-27;12;803.86534316688
1;2025-09-27;13;804.446149955272
1;2025-09-27;14;763.0979426249385
1;2025-09-27;15;696.163310212248
1;2025-09-27;16;656.6689691965674
1;2025-09-27;17;635.6828556640303
1;2025-09-27;18;609.7521636020522
1;2025-09-27;19;573.5763217690934
1;2025-09-27;20;402.68570894299313
1;2025-09-27;21;287.0892520904049
1;2025-09-27;22;152.27739896299784
1;2025-09-27;23;42.59069348878233
1;2025-09-28;0;3.1291637265467784
1;2025-09-28;1;0.0
1;2025-09-28;2;0.0
1;2025-09-28;3;0.0
1;2025-09-28;4;0.0
1;2025-09-28;5;25.45905306095036
1;2025-09-28;6;140.81632787426108
1;2025-09-28;7;273.1966456222376
1;2025-09-28;8;375.40071631226755
1;2025-09-28;9;569.2151464402862
1;2025-09-28;10;675.8595969140117
1;2025-09-28;11;692.9124841400621
1;2025-09-28;12;791.419291049116
1;2025-09-28;13;809.5494540353725
1;2025-09-28;14;750.8658330682576
1;2025-09-28;15;701.4347864307017
1;2025-09-28;16;663.992587481096
1;2025-09-28;17;642.8887949655508
1;2025-09-28;18;606.8708507325007
1;2025-09-28;19;538.5196987496271
1;2025-09-28;20;387.4047242784944
1;2025-09-28;21;276.78757160302814
1;2025-09-28;22;137.42112619607173
1;2025-09-28;23;40.47898715210418
1;2025-09-29;0;1.4100650183829089
1;2025-09-29;1;0.0
1;2025-09-29;2;0.0
1;2025-09-29;3;0.0
1;2025-09-29;4;0.0
1;2025-09-29;5;90.29463002433513
1;2025-09-29;6;590.9681226939521
1;2025-09-29;7;1539.1062768841823
1;2025-09-29;8;1812.0470088918232
1;2025-09-29;9;1320.477471778144
1;2025-09-29;10;1232.536897288594
1;2025-09-29;11;1244.5473677465984
1;2025-09-29;12;1218.7411416725563
1;2025-09-29;13;1196.3118802566005
1;2025-09-29;14;1200.5738757017466
1;2025-09-29;15;1279.7365429532447
1;2025-09-29;16;1346.110911084826
1;2025-09-29;17;1696.4739741425096
1;2025-09-29;18;1835.5337262014386
1;2025-09-29;19;1381.0547172685674
1;2025-09-29;20;847.4219801356837
1;2025-09-29;21;450.2619289901733
1;2025-09-29;22;206.42615696613188
1;2025-09-29;23;50.06001783356648
1;2025-09-30;0;3.0133454386651506
1;2025-09-30;1;0.0
1;2025-09-30;2;0.0
1;2025-09-30;3;0.0
1;2025-09-30;4;0.0
1;2025-09-30;5;87.32336763074792
1;2025-09-30;6;567.9365261487394
1;2025-09-30;7;1617.6289560400041
1;2025-09-30;8;1863.4684937193797
1;2025-09-30;9;1463.170641361899
1;2025-09-30;10;1332.1961588725176
1;2025-09-30;11;1261.9821056947985
1;2025-09-30;12;1218.3018188131477
1;2025-09-30;13;1310.7297672727173
1;2025-09-30;14;1278.4421604697409
1;2025-09-30;15;1313.3829418659434
1;2025-09-30;16;1456.7995494107831
1;2025-09-30;17;1772.9922804109856
1;2025-09-30;18;1925.4646498147222
1;2025-09-30;19;1456.8702997080595
1;2025-09-30;20;901.2179525470707
1;2025-09-30;21;456.15784320472335
1;2025-09-30;22;239.73088596109028
1;2025-09-30;23;44.66897409811754
1;2025-10-01;0;2.4111069457905003
1;2025-10-01;1;0.0
1;2025-10-01;2;0.0
1;2025-10-01;3;0.0
1;2025-10-01;4;0.0
1;2025-10-01;5;80.01183826031433
1;2025-10-01;6;578.1520621172456
1;2025-10-01;7;1589.184198796968
1;2025-10-01;8;1890.2344374286704
1;2025-10-01;9;1316.814354576587
1;2025-10-01;10;1304.966566583323
1;2025-10-01;11;1220.266145493876
1;2025-10-01;12;1231.107463523365
1;2025-10-01;13;1361.04184223343
1;2025-10-01;14;1245.837754536612
1;2025-10-01;15;1338.9692581564163
1;2025-10-01;16;1492.7377535246603
1;2025-10-01;17;1709.4947919202277
1;2025-10-01;18;1901.192927476907
1;2025-10-01;19;1523.544663842912
1;2025-10-01;20;882.788544440924
1;2025-10-01;21;440.71286496807977
1;2025-10-01;22;228.2266952637965
1;2025-10-01;23;41.726359106950156
1;2025-10-02;0;5.542367737086453
1;2025-10-02;1;0.0
1;2025-10-02;2;0.0
1;2025-10-02;3;0.0
1;2025-10-02;4;0.0
1;2025-10-02;5;91.16247734017502
1;2025-10-02;6;600.848053102548
1;2025-10-02;7;1435.1413673183274
1;2025-10-02;8;1842.3046914342972
1;2025-10-02;9;1450.1128463322432
1;2025-10-02;10;1361.6036955129039
1;2025-10-02;11;1341.9589633367605
1;2025-10-02;12;1341.7552389395419
1;2025-10-02;13;1309.40334920874
1;2025-10-02;14;1254.812478317247
1;2025-10-02;15;1317.3878464644295
1;2025-10-02;16;1412.7826527387797
1;2025-10-02;17;1713.9396918723542
1;2025-10-02;18;1860.4488865827618
1;2025-10-02;19;1440.566897066047
1;2025-10-02;20;902.8232922737533
1;2025-10-02;21;506.8093651351217
1;2025-10-02;22;259.07193215001644
1;2025-10-02;23;59.529434666279386
1;2025-10-03;0;5.361638070364547
1;2025-10-03;1;0.0
1;2025-10-03;2;0.0
1;2025-10-03;3;0.0
1;2025-10-03;4;0.0
1;2025-10-03;5;87.25690314421442
1;2025-10-03;6;555.0767851342332
1;2025-10-03;7;1364.6944413410827
1;2025-10-03;8;1735.4090582901317
1;2025-10-03;9;1368.84179246173
1;2025-10-03;10;1276.4910322774072
1;2025-10-03;11;1306.7360639884714
1;2025-10-03;12;1286.2519302761289
1;2025-10-03;13;1282.2915234205664
1;2025-10-03;14;1220.8373873669457
1;2025-10-03;15;1330.9868386981493
1;2025-10-03;16;1470.8523324722078
1;2025-10-03;17;1643.1922353065152
1;2025-10-03;18;1532.8084588211577
1;2025-10-03;19;1182.5408298866666
1;2025-10-03;20;815.3656023824408
1;2025-10-03;21;486.6151727909939
1;2025-10-03;22;258.2497762536528
1;2025-10-03;23;60.898555051183536
1;2025-10-04;0;6.734260759476565
1;2025-10-04;1;0.0
1;2025-10-04;2;0.0
1;2025-10-04;3;0.0
1;2025-10-04;4;0.0
1;2025-10-04;5;33.7438381920871
1;2025-10-04;6;190.60499835286384
1;2025-10-04;7;342.1868390950056
1;2025-10-04;8;467.2263862164016
1;2025-10-04;9;678.4196803552766
1;2025-10-04;10;757.2330967113539
1;2025-10-04;11;754.407950865538
1;2025-10-04;12;867.0565961124141
1;2025-10-04;13;869.3617674901318
1;2025-10-04;14;822.9274349435457
1;2025-10-04;15;750.5335589645897
1;2025-10-04;16;703.1402767803297
1;2025-10-04;17;686.707120417296
1;2025-10-04;18;660.4206251782551
1;2025-10-04;19;611.4453626952672
1;2025-10-04;20;425.4843034728154
1;2025-10-04;21;300.1468904867049
1;2025-10-04;22;159.9724744503096
1;2025-10-04;23;45.587673129083306
1;2025-10-05;0;3.2376169953253715
1;2025-10-05;1;0.0
1;2025-10-05;2;0.0
1;2025-10-05;3;0.0
1;2025-10-05;4;0.0
1;2025-10-05;5;25.324611560678868
1;2025-10-05;6;138.4888089702194
1;2025-10-05;7;261.5578359454348
1;2025-10-05;8;360.45383713907563
1;2025-10-05;9;560.4951400413293
1;2025-10-05;10;665.3888525819242
1;2025-10-05;11;682.4218277392699
1;2025-10-05;12;783.9285358593454
1;2025-10-05;13;802.7336002184538
1;2025-10-05;14;739.5999197694754
1;2025-10-05;15;685.9075490020828
1;2025-10-05;16;642.2029107005952
1;2025-10-05;17;618.6381634356355
1;2025-10-05;18;589.6194707279474
1;2025-10-05;19;521.857611421378
1;2025-10-05;20;376.1084760931051
1;2025-10-05;21;270.8404512617087
1;2025-10-05;22;136.03804251178437
1;2025-10-05;23;39.40344790667331
1;2025-10-06;0;1.805709863702939
1;2025-10-06;1;0.0
1;2025-10-06;2;0.0
1;2025-10-06;3;0.0
1;2025-10-06;4;0.0
1;2025-10-06;5;86.28060180261932
1;2025-10-06;6;567.2791653916534
1;2025-10-06;7;1484.1921144766616
1;2025-10-06;8;1767.9534687296189
1;2025-10-06;9;1279.1281681485434
1;2025-10-06;10;1191.3874243980324
1;2025-10-06;11;1197.5734537603794
1;2025-10-06;12;1168.4009137987014
1;2025-10-06;13;1139.9905641202715
1;2025-10-06;14;1134.605838427542
1;2025-10-06;15;1210.9147368862978
1;2025-10-06;16;1280.460142618772
1;2025-10-06;17;1625.0927891856084
1;2025-10-06;18;1782.9144337418797
1;2025-10-06;19;1329.2675652092657
1;2025-10-06;20;812.1066933266288
1;2025-10-06;21;431.3973482374388
1;2025-10-06;22;198.6595662348313
1;2025-10-06;23;48.22630415204331
1;2025-10-07;0;3.18012046226107
1;2025-10-07;1;0.0
1;2025-10-07;2;0.0
1;2025-10-07;3;0.0
1;2025-10-07;4;0.0
1;2025-10-07;5;84.77837859632177
1;2025-10-07;6;552.1412114913628
1;2025-10-07;7;1575.089303355138
1;2025-10-07;8;1827.1810993950403
1;2025-10-07;9;1435.2421839289532
1;2025-10-07;10;1308.6537925661132
1;2025-10-07;11;1239.6924716698495
1;2025-10-07;12;1195.9393403692804
1;2025-10-07;13;1280.451536167397
1;2025-10-07;14;1236.0964039355254
1;2025-10-07;15;1269.9293553749749
1;2025-10-07;16;1408.5933912342728
1;2025-10-07;17;1719.2285558185529
1;2025-10-07;18;1878.4499578938253
1;2025-10-07;19;1419.7177781366006
1;2025-10-07;20;871.0819153863981
1;2025-10-07;21;443.60517016003774
1;2025-10-07;22;235.31625219987038
1;2025-10-07;23;45.03494913883326
1;2025-10-08;0;2.0886485772041317
1;2025-10-08;1;0.0
1;2025-10-08;2;0.0
1;2025-10-08;3;0.0
1;2025-10-08;4;0.0
1;2025-10-08;5;80.41298683996808
1;2025-10-08;6;584.6012036110878
1;2025-10-08;7;1608.6710970261754
1;2025-10-08;8;1913.019792639419
1;2025-10-08;9;1341.8851781470962
1;2025-10-08;10;1334.1511261825685
1;2025-10-08;11;1254.2112115058994
1;2025-10-08;12;1268.2292230504336
1;2025-10-08;13;1397.0321193141153
1;2025-10-08;14;1269.0168616997234
1;2025-10-08;15;1362.9238688565947
1;2025-10-08;16;1514.7728629003864
1;2025-10-08;17;1726.6887963460986
1;2025-10-08;18;1905.4131620524333
1;2025-10-08;19;1531.7536027842502
1;2025-10-08;20;880.6658574006467
1;2025-10-08;21;444.28200900971586
1;2025-10-08;22;233.65423301068694
1;2025-10-08;23;42.19991003617199
1;2025-10-09;0;5.105115125477544
1;2025-10-09;1;0.0
1;2025-10-09;2;0.0
1;2025-10-09;3;0.0
1;2025-10-09;4;0.0
1;2025-10-09;5;91.71543171395697
1;2025-10-09;6;605.2515550923197
1;2025-10-09;7;1453.7076154692188
1;2025-10-09;8;1874.1160645681257
1;2025-10-09;9;1473.9468841113985
1;2025-10-09;10;1390.3625604099302
1;2025-10-09;11;1376.8992057900145
1;2025-10-09;12;1381.4007902943708
1;2025-10-09;13;1348.8625069498353
1;2025-10-09;14;1288.029010281087
1;2025-10-09;15;1351.9799417068784
1;2025-10-09;16;1440.8174139000307
1;2025-10-09;17;1733.5649642135304
1;2025-10-09;18;1878.1828098691246
1;2025-10-09;19;1455.7346262336737
1;2025-10-09;20;902.9995481400592
1;2025-10-09;21;511.94252634620455
1;2025-10-09;22;264.8310731984608
1;2025-10-09;23;58.92842470957432
1;2025-10-10;0;5.077125843188702
1;2025-10-10;1;0.0
1;2025-10-10;2;0.0
1;2025-10-10;3;0.0
1;2025-10-10;4;0.0
1;2025-10-10;5;87.40795753960757
1;2025-10-10;6;559.3680987907416
1;2025-10-10;7;1381.5577771696412
1;2025-10-10;8;1766.968677076588
1;2025-10-10;9;1391.743571074986
1;2025-10-10;10;1302.0563526633764
1;2025-10-10;11;1336.1759127129314
1;2025-10-10;12;1317.5043106415894
1;2025-10-10;13;1308.3842240185618
1;2025-10-10;14;1239.190531790216
1;2025-10-10;15;1344.785085633404
1;2025-10-10;16;1484.7009149967962
1;2025-10-10;17;1649.9520260523755
1;2025-10-10;18;1548.60827641787
1;2025-10-10;19;1185.7848815315676
1;2025-10-10;20;808.1151132070802
1;2025-10-10;21;483.93027548149496
1;2025-10-10;22;255.3225866736175
1;2025-10-10;23;58.99675578000327
1;2025-10-11;0;6.289267444322723
1;2025-10-11;1;0.0
1;2025-10-11;2;0.0
1;2025-10-11;3;0.0
1;2025-10-11;4;0.0
1;2025-10-11;5;32.38928825127035
1;2025-10-11;6;184.62794022784237
1;2025-10-11;7;334.75378189030505
1;2025-10-11;8;461.4433014799232
1;2025-10-11;9;660.6258669680308
1;2025-10-11;10;738.4127533297498
1;2025-10-11;11;737.2990121240969
1;2025-10-11;12;847.718786908428
1;2025-10-11;13;851.0385420555444
1;2025-10-11;14;806.041686125318
1;2025-10-11;15;734.5838988262129
1;2025-10-11;16;686.8467898807311
1;2025-10-11;17;653.9760968222848
1;2025-10-11;18;625.6800183547476
1;2025-10-11;19;584.0927844252471
1;2025-10-11;20;403.67952209243003
1;2025-10-11;21;286.2765126034764
1;2025-10-11;22;151.8934428843492
1;2025-10-11;23;42.91360460033613
1;2025-10-12;0;2.9400790452903602
1;2025-10-12;1;0.0
1;2025-10-12;2;0.0
1;2025-10-12;3;0.0
1;2025-10-12;4;0.0
1;2025-10-12;5;25.038680241754776
1;2025-10-12;6;136.77244456186975
1;2025-10-12;7;263.2817331645525
1;2025-10-12;8;365.7151510271202
1;2025-10-12;9;556.7910257243576
1;2025-10-12;10;666.0422165848431
1;2025-10-12;11;683.4425008299607
1;2025-10-12;12;786.1836000820275
1;2025-10-12;13;807.8920360214338
1;2025-10-12;14;746.9980102420448
1;2025-10-12;15;695.0820131190142
1;2025-10-12;16;650.519137168063
1;2025-10-12;17;617.591013252558
1;2025-10-12;18;582.7522802302294
1;2025-10-12;19;515.4122749126661
1;2025-10-12;20;369.87549267371037
1;2025-10-12;21;271.101480620497
1;2025-10-12;22;135.23753990383534
1;2025-10-12;23;38.19789737491651
1;2025-10-13;0;2.119577127895643
1;2025-10-13;1;0.0
1;2025-10-13;2;0.0
1;2025-10-13;3;0.0
1;2025-10-13;4;0.0
1;2025-10-13;5;83.79872677998685
1;2025-10-13;6;547.6590054345903
1;2025-10-13;7;1428.571205730803
1;2025-10-13;8;1710.7770954032694
1;2025-10-13;9;1230.6280937456324
1;2025-10-13;10;1129.2994169373346
1;2025-10-13;11;1126.6315635901542
1;2025-10-13;12;1092.4875020344361
1;2025-10-13;13;1062.4376656047716
1;2025-10-13;14;1064.090745303564
1;2025-10-13;15;1129.1499381723452
1;2025-10-13;16;1212.6256591710596
1;2025-10-13;17;1545.2375533561217
1;2025-10-13;18;1671.1230899445136
1;2025-10-13;19;1253.8507737340562
1;2025-10-13;20;755.5623175448311
1;2025-10-13;21;405.3327456559766
1;2025-10-13;22;182.5714656657305
1;2025-10-13;23;43.91736839303078
1;2025-10-14;0;2.6091975068357867
1;2025-10-14;1;0.0
1;2025-10-14;2;0.0
1;2025-10-14;3;0.0
1;2025-10-14;4;0.0
1;2025-10-14;5;82.76178959787485
1;2025-10-14;6;541.3165082223693
1;2025-10-14;7;1557.2198968873
1;2025-10-14;8;1821.5499469530773
1;2025-10-14;9;1410.4472583720164
1;2025-10-14;10;1274.5764438279095
1;2025-10-14;11;1205.0290356738788
1;2025-10-14;12;1160.9400216447532
1;2025-10-14;13;1245.854555186357
1;2025-10-14;14;1215.3225460965432
1;2025-10-14;15;1250.5741383096283
1;2025-10-14;16;1398.638871962583
1;2025-10-14;17;1703.2571768218666
1;2025-10-14;18;1835.2499642278276
1;2025-10-14;19;1378.100479962121
1;2025-10-14;20;835.4146944338775
1;2025-10-14;21;425.2184993816955
1;2025-10-14;22;220.40695009013905
1;2025-10-14;23;39.8182359629955
1;2025-10-15;0;2.165728017771342
1;2025-10-15;1;0.0
1;2025-10-15;2;0.0
1;2025-10-15;3;0.0
1;2025-10-15;4;0.0
1;2025-10-15;5;76.31450295857829
1;2025-10-15;6;555.1042099197033
1;2025-10-15;7;1537.828018326426
1;2025-10-15;8;1846.4166764485387
1;2025-10-15;9;1276.4020974198893
1;2025-10-15;10;1253.8697371302858
1;2025-10-15;11;1170.568272697603
1;2025-10-15;12;1178.9555239725778
1;2025-10-15;13;1302.7824670938658
1;2025-10-15;14;1193.6425224222462
1;2025-10-15;15;1286.3232893569243
1;2025-10-15;16;1443.307226876856
1;2025-10-15;17;1649.0202334497556
1;2025-10-15;18;1810.3086747192833
1;2025-10-15;19;1449.7853303658037
1;2025-10-15;20;826.0913334732446
1;2025-10-15;21;418.59252101559275
1;2025-10-15;22;213.4282561786525
1;2025-10-15;23;37.932598147538684
1;2025-10-16;0;4.771140517773789
1;2025-10-16;1;0.0
1;2025-10-16;2;0.0
1;2025-10-16;3;0.0
1;2025-10-16;4;0.0
1;2025-10-16;5;91.76777968867799
1;2025-10-16;6;604.2596095105861
1;2025-10-16;7;1457.2339343853641
1;2025-10-16;8;1874.386054112861
1;2025-10-16;9;1461.0731355201856
1;2025-10-16;10;1372.1511630191028
1;2025-10-16;11;1358.0624958033266
1;2025-10-16;12;1363.332613178603
1;2025-10-16;13;1337.7306341735837
1;2025-10-16;14;1300.5275968344595
1;2025-10-16;15;1369.0750619748676
1;2025-10-16;16;1457.4279516007434
1;2025-10-16;17;1744.32291553691
1;2025-10-16;18;1862.3871540441185
1;2025-10-16;19;1446.3957609365625
1;2025-10-16;20;891.1227722174802
1;2025-10-16;21;507.25396921161604
1;2025-10-16;22;255.15222535708716
1;2025-10-16;23;56.09411082884004
1;2025-10-17;0;4.600998666136046
1;2025-10-17;1;0.0
1;2025-10-17;2;0.0
1;2025-10-17;3;0.0
1;2025-10-17;4;0.0
1;2025-10-17;5;86.25409921914607
1;2025-10-17;6;552.0351549619895
1;2025-10-17;7;1364.8919568025713
1;2025-10-17;8;1737.3915144499224
1;2025-10-17;9;1358.2835182683143
1;2025-10-17;10;1264.5707205800927
1;2025-10-17;11;1299.8608965912392
1;2025-10-17;12;1284.4680931739051
1;2025-10-17;13;1283.5556424282413
1;2025-10-17;14;1234.0822534833533
1;2025-10-17;15;1345.5476069657402
1;2025-10-17;16;1479.2433966733252
1;2025-10-17;17;1630.1487136307292
1;2025-10-17;18;1505.9751887102789
1;2025-10-17;19;1161.2207082070017
1;2025-10-17;20;787.0098731108199
1;2025-10-17;21;473.6585094439732
1;2025-10-17;22;246.4909416869363
1;2025-10-17;23;57.28132904610305
1;2025-10-18;0;6.082022345387166
1;2025-10-18;1;0.0
1;2025-10-18;2;0.0
1;2025-10-18;3;0.0
1;2025-10-18;4;0.0
1;2025-10-18;5;32.689941901547805
1;2025-10-18;6;188.00653481819023
1;2025-10-18;7;340.79067389496333
1;2025-10-18;8;463.21409959051937
1;2025-10-18;9;660.2680838729788
1;2025-10-18;10;736.9978652966128
1;2025-10-18;11;735.6017205053411
1;2025-10-18;12;848.4423903413741
1;2025-10-18;13;854.0685824603463
1;2025-10-18;14;817.1493592554207
1;2025-10-18;15;749.8281622965203
1;2025-10-18;16;701.9728353186161
1;2025-10-18;17;672.8924629107385
1;2025-10-18;18;641.467287520549
1;2025-10-18;19;596.8846251467519
1;2025-10-18;20;407.94694496043775
1;2025-10-18;21;288.6620766914497
1;2025-10-18;22;151.40751358807165
1;2025-10-18;23;43.76316722603777
1;2025-10-19;0;2.749297770207953
1;2025-10-19;1;0.0
1;2025-10-19;2;0.0
1;2025-10-19;3;0.0
1;2025-10-19;4;0.0
1;2025-10-19;5;25.16094346774848
1;2025-10-19;6;139.95703454193173
1;2025-10-19;7;268.06087750574653
1;2025-10-19;8;365.8665925050145
1;2025-10-19;9;564.7408897319649
1;2025-10-19;10;679.3141550934242
1;2025-10-19;11;700.0707037924369
1;2025-10-19;12;809.4587728165824
1;2025-10-19;13;833.5019151366686
1;2025-10-19;14;777.6925391362041
1;2025-10-19;15;727.3900805072376
1;2025-10-19;16;678.5657391685745
1;2025-10-19;17;650.1419688332558
1;2025-10-19;18;620.6006602497384
1;2025-10-19;19;543.5941577146232
1;2025-10-19;20;383.0602684430694
1;2025-10-19;21;276.94086508269396
1;2025-10-19;22;137.0657497905567
1;2025-10-19;23;39.63110644086639
1;2025-10-20;0;0.914513529791765
1;2025-10-20;1;0.0
1;2025-10-20;2;0.0
1;2025-10-20;3;0.0
1;2025-10-20;4;0.0
1;2025-10-20;5;90.73132209611296
1;2025-10-20;6;595.6348880839496
1;2025-10-20;7;1563.658850520194
1;2025-10-20;8;1850.271948075132
1;2025-10-20;9;1332.2019461361033
1;2025-10-20;10;1240.726042957237
1;2025-10-20;11;1255.0430247785007
1;2025-10-20;12;1231.4801470920684
1;2025-10-20;13;1210.6507608954394
1;2025-10-20;14;1226.6390533392516
1;2025-10-20;15;1310.4669693860587
1;2025-10-20;16;1373.614564736305
1;2025-10-20;17;1716.009536042743
1;2025-10-20;18;1833.947951167523
1;2025-10-20;19;1378.4289873039252
1;2025-10-20;20;829.0819734130146
1;2025-10-20;21;443.3242655736015
1;2025-10-20;22;198.5572504890738
1;2025-10-20;23;47.43570100973112
1;2025-10-21;0;2.6886599887117715
1;2025-10-21;1;0.0
1;2025-10-21;2;0.0
1;2025-10-21;3;0.0
1;2025-10-21;4;0.0
1;2025-10-21;5;85.93325944273046
1;2025-10-21;6;560.0213797259412
1;2025-10-21;7;1602.469882241945
1;2025-10-21;8;1849.079911136073
1;2025-10-21;9;1439.2506055103386
1;2025-10-21;10;1306.1884130978854
1;2025-10-21;11;1238.8195904594722
1;2025-10-21;12;1198.0556799715805
1;2025-10-21;13;1291.5242832168478
1;2025-10-21;14;1272.7680300957004
1;2025-10-21;15;1311.9586043955924
1;2025-10-21;16;1450.2791483468022
1;2025-10-21;17;1753.7185988337596
1;2025-10-21;18;1882.6587795738067
1;2025-10-21;19;1426.6804894577117
1;2025-10-21;20;867.188701898685
1;2025-10-21;21;442.911273218646
1;2025-10-21;22;228.91580238690776
1;2025-10-21;23;42.409431667518255
1;2025-10-22;0;1.397682051871147
1;2025-10-22;1;0.0
1;2025-10-22;2;0.0
1;2025-10-22;3;0.0
1;2025-10-22;4;0.0
1;2025-10-22;5;81.57500758597594
1;2025-10-22;6;592.6510597649777
1;2025-10-22;7;1642.391683986123
1;2025-10-22;8;1943.5434439753112
1;2025-10-22;9;1338.2870454327704
1;2025-10-22;10;1329.5013643456332
1;2025-10-22;11;1252.1167638950274
1;2025-10-22;12;1273.390249620445
1;2025-10-22;13;1415.6270822705212
1;2025-10-22;14;1316.783433221658
1;2025-10-22;15;1421.2239115000366
1;2025-10-22;16;1572.578123445027
1;2025-10-22;17;1784.638325278121
1;2025-10-22;18;1955.5310912353293
1;2025-10-22;19;1564.5787127270353
1;2025-10-22;20;887.1497021666677
1;2025-10-22;21;448.50268691175756
1;2025-10-22;22;228.16335406890596
1;2025-10-22;23;40.11668560886048
1;2025-10-23;0;4.704885682834732
1;2025-10-23;1;0.0
1;2025-10-23;2;0.0
1;2025-10-23;3;0.0
1;2025-10-23;4;0.0
1;2025-10-23;5;93.04675669846064
1;2025-10-23;6;612.9025618972064
1;2025-10-23;7;1477.7359575068585
1;2025-10-23;8;1890.0462940981124
1;2025-10-23;9;1474.940682976186
1;2025-10-23;10;1384.8989821688576
1;2025-10-23;11;1372.945567782263
1;2025-10-23;12;1380.899199042651
1;2025-10-23;13;1354.4461209740061
1;2025-10-23;14;1320.06243030621
1;2025-10-23;15;1391.4031392817465
1;2025-10-23;16;1485.7195100673757
1;2025-10-23;17;1786.5999738148848
1;2025-10-23;18;1901.4677548960715
1;2025-10-23;19;1471.249485764558
1;2025-10-23;20;902.3454610336397
1;2025-10-23;21;513.0071691484768
1;2025-10-23;22;257.43644083794044
1;2025-10-23;23;56.60957350002647
1;2025-10-24;0;4.590553246509006
1;2025-10-24;1;0.0
1;2025-10-24;2;0.0
1;2025-10-24;3;0.0
1;2025-10-24;4;0.0
1;2025-10-24;5;88.10489456203197
1;2025-10-24;6;564.9452575818493
1;2025-10-24;7;1394.4192275683863
1;2025-10-24;8;1761.6666578138738
1;2025-10-24;9;1377.7918913747358
1;2025-10-24;10;1284.0156185890166
1;2025-10-24;11;1321.5948053903717
1;2025-10-24;12;1308.3780783830864
1;2025-10-24;13;1306.5964956322377
1;2025-10-24;14;1261.2256747376919
1;2025-10-24;15;1372.834051364316
1;2025-10-24;16;1509.7754555500887
1;2025-10-24;17;1668.4576842194647
1;2025-10-24;18;1544.4689541697921
1;2025-10-24;19;1187.3407911407976
1;2025-10-24;20;799.6859487711475
1;2025-10-24;21;479.46278812940704
1;2025-10-24;22;248.4345230922092
1;2025-10-24;23;57.835342685615586
1;2025-10-25;0;6.426242848631437
1;2025-10-25;1;0.0
1;2025-10-25;2;0.0
1;2025-10-25;3;0.0
1;2025-10-25;4;0.0
1;2025-10-25;5;34.12487289668425
1;2025-10-25;6;195.65930725518672
1;2025-10-25;7;355.1168923893504
1;2025-10-25;8;480.80867742143175
1;2025-10-25;9;687.8452352557252
1;2025-10-25;10;770.19367186709
1;2025-10-25;11;770.6451260311699
1;2025-10-25;12;890.8303380776339
1;2025-10-25;13;895.6192643306557
1;2025-10-25;14;857.5230109356357
1;2025-10-25;15;786.5222555014689
1;2025-10-25;16;738.1998237786206
1;2025-10-25;17;713.9311495403185
1;2025-10-25;18;682.7426314942401
1;2025-10-25;19;626.6098863284428
1;2025-10-25;20;424.79867138476214
1;2025-10-25;21;301.96229924657143
1;2025-10-25;22;158.79242177574085
1;2025-10-25;23;45.027783362478445
1;2025-10-26;0;3.1335435309462474
1;2025-10-26;1;0.0
1;2025-10-26;2;0.0
1;2025-10-26;3;0.0
1;2025-10-26;4;0.0
1;2025-10-26;5;25.05878921225377
1;2025-10-26;6;140.41251389837348
1;2025-10-26;7;266.0444702955616
1;2025-10-26;8;364.435255694527
1;2025-10-26;9;555.8566808713772
1;2025-10-26;10;659.7304167656544
1;2025-10-26;11;676.243967619518
1;2025-10-26;12;778.8281253587767
1;2025-10-26;13;799.9904614792283
1;2025-10-26;14;743.7035463056825
1;2025-10-26;15;691.3229676828075
1;2025-10-26;16;650.322472043561
1;2025-10-26;17;624.2411129054292
1;2025-10-26;18;587.7809488742141
1;2025-10-26;19;517.7558113362979
1;2025-10-26;20;370.3342553378793
1;2025-10-26;21;271.6621948321904
1;2025-10-26;22;134.87556644481344
1;2025-10-26;23;38.741896366207044
1;2025-10-27;0;1.0394221273131543
1;2025-10-27;1;0.0
1;2025-10-27;2;0.0
1;2025-10-27;3;0.0
1;2025-10-27;4;0.0
1;2025-10-27;5;89.81257274071734
1;2025-10-27;6;590.3311966632436
1;2025-10-27;7;1546.255424206865
1;2025-10-27;8;1821.333748689864
1;2025-10-27;9;1310.4344071366716
1;2025-10-27;10;1217.7454529670385
1;2025-10-27;11;1232.3773507130863
1;2025-10-27;12;1210.850774451182
1;2025-10-27;13;1191.6417254470457
1;2025-10-27;14;1210.2370834609733
1;2025-10-27;15;1293.1475309065354
1;2025-10-27;16;1351.6426158924646
1;2025-10-27;17;1682.9617713362509
1;2025-10-27;18;1804.169488496409
1;2025-10-27;19;1358.2352755808215
1;2025-10-27;20;818.2427937670195
1;2025-10-27;21;437.5736527520129
1;2025-10-27;22;196.2824729801035
1;2025-10-27;23;47.40520868715866
1;2025-10-28;0;2.8059170664364608
1;2025-10-28;1;0.0
1;2025-10-28;2;0.0
1;2025-10-28;3;0.0
1;2025-10-28;4;0.0
1;2025-10-28;5;84.5978061849918
1;2025-10-28;6;552.8164656531242
1;2025-10-28;7;1581.094925918684
1;2025-10-28;8;1831.8555442134434
1;2025-10-28;9;1426.9926563618592
1;2025-10-28;10;1287.1324762462473
1;2025-10-28;11;1219.1195551489554
1;2025-10-28;12;1176.7796965257246
1;2025-10-28;13;1264.0204949044298
1;2025-10-28;14;1239.6041809652356
1;2025-10-28;15;1270.952129277598
1;2025-10-28;16;1416.4786666894374
1;2025-10-28;17;1714.3447626880438
1;2025-10-28;18;1837.1954765941634
1;2025-10-28;19;1387.5822105268207
1;2025-10-28;20;843.6928337183354
1;2025-10-28;21;429.6210617325655
1;2025-10-28;22;222.53180348727767
1;2025-10-28;23;41.97772651991295
1;2025-10-29;0;2.019798693503162
1;2025-10-29;1;0.0
1;2025-10-29;2;0.0
1;2025-10-29;3;0.0
1;2025-10-29;4;0.0
1;2025-10-29;5;79.40144748434392
1;2025-10-29;6;577.1926819707628
1;2025-10-29;7;1595.4336828310334
1;2025-10-29;8;1896.0530558747419
1;2025-10-29;9;1311.045179537767
1;2025-10-29;10;1292.3014136117422
1;2025-10-29;11;1211.4160609780379
1;2025-10-29;12;1225.9185876791182
1;2025-10-29;13;1359.6486452417355
1;2025-10-29;14;1257.6722040984616
1;2025-10-29;15;1359.085932595144
1;2025-10-29;16;1509.4750440712887
1;2025-10-29;17;1709.8946930298616
1;2025-10-29;18;1866.5013877845295
1;2025-10-29;19;1499.9831467289146
1;2025-10-29;20;855.3408087127971
1;2025-10-29;21;433.32919308458577
1;2025-10-29;22;221.82875358395103
1;2025-10-29;23;40.90552405671866
1;2025-10-30;0;5.191868154927983
1;2025-10-30;1;0.0
1;2025-10-30;2;0.0
1;2025-10-30;3;0.0
1;2025-10-30;4;0.0
1;2025-10-30;5;92.35191773793758
1;2025-10-30;6;607.3283166324663
1;2025-10-30;7;1458.1776462391695
1;2025-10-30;8;1861.5080742061023
1;2025-10-30;9;1460.2790752802284
1;2025-10-30;10;1365.1896239072457
1;2025-10-30;11;1349.9615577486911
1;2025-10-30;12;1354.5677892928502
1;2025-10-30;13;1325.3589112032003
1;2025-10-30;14;1285.3619706369032
1;2025-10-30;15;1354.5820825485355
1;2025-10-30;16;1447.5368357714283
1;2025-10-30;17;1740.53663507773
1;2025-10-30;18;1850.8749035379565
1;2025-10-30;19;1438.0817805965917
1;2025-10-30;20;886.3011711534776
1;2025-10-30;21;504.2627247059051
1;2025-10-30;22;254.85260470840467
1;2025-10-30;23;58.26294228379554
1;2025-10-31;0;5.260009494946804
1;2025-10-31;1;0.0
1;2025-10-31;2;0.0
1;2025-10-31;3;0.0
1;2025-10-31;4;0.0
1;2025-10-31;5;85.9797081607013
1;2025-10-31;6;553.6416150875054
1;2025-10-31;7;1363.6848479909495
1;2025-10-31;8;1732.3537449269754
1;2025-10-31;9;1354.7241471037958
1;2025-10-31;10;1250.2543907140225
1;2025-10-31;11;1278.9793565442405
1;2025-10-31;12;1259.6738264587657
1;2025-10-31;13;1253.0452576580428
1;2025-10-31;14;1203.8588066000448
1;2025-10-31;15;1305.0061128156667
1;2025-10-31;16;1449.242574950314
1;2025-10-31;17;1607.0232427204128
1;2025-10-31;18;1492.1123364374876
1;2025-10-31;19;1147.3794905052746
1;2025-10-31;20;776.8090522868041
1;2025-10-31;21;466.75133786389176
1;2025-10-31;22;242.21987023456987
1;2025-10-31;23;57.41748875880554
1;2025-11-01;0;3.383224680427756
1;2025-11-01;1;0.0
1;2025-11-01;2;0.0
1;2025-11-01;3;0.0
1;2025-11-01;4;0.0
1;2025-11-01;5;58.9832535438743
1;2025-11-01;6;377.9387194210396
1;2025-11-01;7;928.2638277614392
1;2025-11-01;8;1168.5671675455403
1;2025-11-01;9;916.6860472984868
1;2025-11-01;10;855.508134538555
1;2025-11-01;11;880.4299550677681
1;2025-11-01;12;872.1273898276127
1;2025-11-01;13;870.1271930564994
1;2025-11-01;14;839.1443629361925
1;2025-11-01;15;910.1914402859634
1;2025-11-01;16;997.8930822215341
1;2025-11-01;17;1103.810248755567
1;2025-11-01;18;1033.2243114900416
1;2025-11-01;19;794.9720679842198
1;2025-11-01;20;537.0383464978768
1;2025-11-01;21;322.2806098546224
1;2025-11-01;22;166.68352162841484
1;2025-11-01;23;38.95115152375419
1;2025-11-02;0;2.7038547658468626
1;2025-11-02;1;0.0
1;2025-11-02;2;0.0
1;2025-11-02;3;0.0
1;2025-11-02;4;0.0
1;2025-11-02;5;26.175177206031073
1;2025-11-02;6;147.57808726116707
1;2025-11-02;7;282.5021346921204
1;2025-11-02;8;379.7774256659375
1;2025-11-02;9;589.422342727032
1;2025-11-02;10;708.33228278718
1;2025-11-02;11;732.1446690184127
1;2025-11-02;12;848.1884189939585
1;2025-11-02;13;873.1194336481193
1;2025-11-02;14;815.0362076505617
1;2025-11-02;15;760.2589385320564
1;2025-11-02;16;708.4302062643699
1;2025-11-02;17;675.9642935558652
1;2025-11-02;18;641.089343750691
1;2025-11-02;19;560.8683543514405
1;2025-11-02;20;393.70106752193226
1;2025-11-02;21;283.569563559646
1;2025-11-02;22;139.44888002094675
1;2025-11-02;23;40.34752396086457
1;2025-11-03;0;4.146647655372215
1;2025-11-03;1;0.0
1;2025-11-03;2;0.0
1;2025-11-03;3;0.0
1;2025-11-03;4;0.0
1;2025-11-03;5;28.732901993297247
1;2025-11-03;6;159.06108216740625
1;2025-11-03;7;290.6735061485622
1;2025-11-03;8;376.73350159034015
1;2025-11-03;9;574.2430560421557
1;2025-11-03;10;671.8503305952995
1;2025-11-03;11;671.2655002118929
1;2025-11-03;12;798.2229588862386
1;2025-11-03;13;813.0652500597726
1;2025-11-03;14;770.405087952573
1;2025-11-03;15;711.6598990357329
1;2025-11-03;16;666.1291566119694
1;2025-11-03;17;641.6196497429262
1;2025-11-03;18;611.3446596793162
1;2025-11-03;19;548.3113236585016
1;2025-11-03;20;384.22233760450655
1;2025-11-03;21;275.3632892948797
1;2025-11-03;22;146.18561326742275
1;2025-11-03;23;39.671135719104
5;2025-09-04;0;0.0
5;2025-09-04;1;0.0
5;2025-09-04;2;0.0
5;2025-09-04;3;0.0
5;2025-09-04;4;0.0
5;2025-09-04;5;0.0
5;2025-09-04;6;0.0
5;2025-09-04;7;0.0
5;2025-09-04;8;0.0
5;2025-09-04;9;0.0
5;2025-09-04;10;0.0
5;2025-09-04;11;0.0
5;2025-09-04;12;0.0
5;2025-09-04;13;0.0
5;2025-09-04;14;0.0
5;2025-09-04;15;0.0
5;2025-09-04;16;0.0
5;2025-09-04;17;0.0
5;2025-09-04;18;0.0
5;2025-09-04;19;0.0
5;2025-09-04;20;0.0
5;2025-09-04;21;0.0
5;2025-09-04;22;0.0
5;2025-09-04;23;0.0
5;2025-09-05;0;0.0
5;2025-09-05;1;0.0
5;2025-09-05;2;0.0
5;2025-09-05;3;0.0
5;2025-09-05;4;0.0
5;2025-09-05;5;0.0
5;2025-09-05;6;0.0
5;2025-09-05;7;0.0
5;2025-09-05;8;0.0
5;2025-09-05;9;0.0
5;2025-09-05;10;0.0
5;2025-09-05;11;0.0
5;2025-09-05;12;0.0
5;2025-09-05;13;0.0
5;2025-09-05;14;0.0
5;2025-09-05;15;0.0
5;2025-09-05;16;0.0
5;2025-09-05;17;0.0
5;2025-09-05;18;0.0
5;2025-09-05;19;0.0
5;2025-09-05;20;0.0
5;2025-09-05;21;0.0
5;2025-09-05;22;0.0
5;2025-09-05;23;0.0
5;2025-09-06;0;0.0
5;2025-09-06;1;0.0
5;2025-09-06;2;0.0
5;2025-09-06;3;0.0
5;2025-09-06;4;0.0
5;2025-09-06;5;0.0
5;2025-09-06;6;0.0
5;2025-09-06;7;0.0
5;2025-09-06;8;0.0
5;2025-09-06;9;0.0
5;2025-09-06;10;0.0
5;2025-09-06;11;0.0
5;2025-09-06;12;0.0
5;2025-09-06;13;0.0
5;2025-09-06;14;0.0
5;2025-09-06;15;0.0
5;2025-09-06;16;0.0
5;2025-09-06;17;0.0
5;2025-09-06;18;0.0
5;2025-09-06;19;0.0
5;2025-09-06;20;0.0
5;2025-09-06;21;0.0
5;2025-09-06;22;0.0
5;2025-09-06;23;0.0
5;2025-09-07;0;0.0
5;2025-09-07;1;0.0
5;2025-09-07;2;0.0
5;2025-09-07;3;0.0
5;2025-09-07;4;0.0
5;2025-09-07;5;0.0
5;2025-09-07;6;0.0
5;2025-09-07;7;0.0
5;2025-09-07;8;0.0
5;2025-09-07;9;0.0
5;2025-09-07;10;0.0
5;2025-09-07;11;0.0
5;2025-09-07;12;0.0
5;2025-09-07;13;0.0
5;2025-09-07;14;0.0
5;2025-09-07;15;0.0
5;2025-09-07;16;0.0
5;2025-09-07;17;0.0
5;2025-09-07;18;0.0
5;2025-09-07;19;0.0
5;2025-09-07;20;0.0
5;2025-09-07;21;0.0
5;2025-09-07;22;0.0
5;2025-09-07;23;0.0
5;2025-09-08;0;0.0
5;2025-09-08;1;0.0
5;2025-09-08;2;0.0
5;2025-09-08;3;0.0
5;2025-09-08;4;0.0
5;2025-09-08;5;0.0
5;2025-09-08;6;0.0
5;2025-09-08;7;0.0
5;2025-09-08;8;0.0
5;2025-09-08;9;0.0
5;2025-09-08;10;0.0
5;2025-09-08;11;0.0
5;2025-09-08;12;0.0
5;2025-09-08;13;0.0
5;2025-09-08;14;0.0
5;2025-09-08;15;0.0
5;2025-09-08;16;0.0
5;2025-09-08;17;0.0
5;2025-09-08;18;0.0
5;2025-09-08;19;0.0
5;2025-09-08;20;0.0
5;2025-09-08;21;0.0
5;2025-09-08;22;0.0
5;2025-09-08;23;0.0
5;2025-09-09;0;0.0
5;2025-09-09;1;0.0
5;2025-09-09;2;0.0
5;2025-09-09;3;0.0
5;2025-09-09;4;0.0
5;2025-09-09;5;0.0
5;2025-09-09;6;0.0
5;2025-09-09;7;0.0
5;2025-09-09;8;0.0
5;2025-09-09;9;0.0
5;2025-09-09;10;0.0
5;2025-09-09;11;0.0
5;2025-09-09;12;0.0
5;2025-09-09;13;0.0
5;2025-09-09;14;0.0
5;2025-09-09;15;0.0
5;2025-09-09;16;0.0
5;2025-09-09;17;0.0
5;2025-09-09;18;0.0
5;2025-09-09;19;0.0
5;2025-09-09;20;0.0
5;2025-09-09;21;0.0
5;2025-09-09;22;0.0
5;2025-09-09;23;0.0
5;2025-09-10;0;0.0
5;2025-09-10;1;0.0
5;2025-09-10;2;0.0
5;2025-09-10;3;0.0
5;2025-09-10;4;0.0
5;2025-09-10;5;0.0
5;2025-09-10;6;0.0
5;2025-09-10;7;0.0
5;2025-09-10;8;0.0
5;2025-09-10;9;0.0
5;2025-09-10;10;0.0
5;2025-09-10;11;0.0
5;2025-09-10;12;0.0
5;2025-09-10;13;0.0
5;2025-09-10;14;0.0
5;2025-09-10;15;0.0
5;2025-09-10;16;0.0
5;2025-09-10;17;0.0
5;2025-09-10;18;0.0
5;2025-09-10;19;0.0
5;2025-09-10;20;0.0
5;2025-09-10;21;0.0
5;2025-09-10;22;0.0
5;2025-09-10;23;0.0
5;2025-09-11;0;0.0
5;2025-09-11;1;0.0
5;2025-09-11;2;0.0
5;2025-09-11;3;0.0
5;2025-09-11;4;0.0
5;2025-09-11;5;0.0
5;2025-09-11;6;0.0
5;2025-09-11;7;0.0
5;2025-09-11;8;0.0
5;2025-09-11;9;0.0
5;2025-09-11;10;0.0
5;2025-09-11;11;0.0
5;2025-09-11;12;0.0
5;2025-09-11;13;0.0
5;2025-09-11;14;0.0
5;2025-09-11;15;0.0
5;2025-09-11;16;0.0
5;2025-09-11;17;0.0
5;2025-09-11;18;0.0
5;2025-09-11;19;0.0
5;2025-09-11;20;0.0
5;2025-09-11;21;0.0
5;2025-09-11;22;0.0
5;2025-09-11;23;0.0
5;2025-09-12;0;0.0
5;2025-09-12;1;0.0
5;2025-09-12;2;0.0
5;2025-09-12;3;0.0
5;2025-09-12;4;0.0
5;2025-09-12;5;0.0
5;2025-09-12;6;0.0
5;2025-09-12;7;0.0
5;2025-09-12;8;0.0
5;2025-09-12;9;0.0
5;2025-09-12;10;0.0
5;2025-09-12;11;0.0
5;2025-09-12;12;0.0
5;2025-09-12;13;0.0
5;2025-09-12;14;0.0
5;2025-09-12;15;0.0
5;2025-09-12;16;0.0
5;2025-09-12;17;0.0
5;2025-09-12;18;0.0
5;2025-09-12;19;0.0
5;2025-09-12;20;0.0
5;2025-09-12;21;0.0
5;2025-09-12;22;0.0
5;2025-09-12;23;0.0
5;2025-09-13;0;0.0
5;2025-09-13;1;0.0
5;2025-09-13;2;0.0
5;2025-09-13;3;0.0
5;2025-09-13;4;0.0
5;2025-09-13;5;0.0
5;2025-09-13;6;0.0
5;2025-09-13;7;0.0
5;2025-09-13;8;0.0
5;2025-09-13;9;0.0
5;2025-09-13;10;0.0
5;2025-09-13;11;0.0
5;2025-09-13;12;0.0
5;2025-09-13;13;0.0
5;2025-09-13;14;0.0
5;2025-09-13;15;0.0
5;2025-09-13;16;0.0
5;2025-09-13;17;0.0
5;2025-09-13;18;0.0
5;2025-09-13;19;0.0
5;2025-09-13;20;0.0
5;2025-09-13;21;0.0
5;2025-09-13;22;0.0
5;2025-09-13;23;0.0
5;2025-09-14;0;0.0
5;2025-09-14;1;0.0
5;2025-09-14;2;0.0
5;2025-09-14;3;0.0
5;2025-09-14;4;0.0
5;2025-09-14;5;0.0
5;2025-09-14;6;0.0
5;2025-09-14;7;0.0
5;2025-09-14;8;0.0
5;2025-09-14;9;0.0
5;2025-09-14;10;0.0
5;2025-09-14;11;0.0
5;2025-09-14;12;0.0
5;2025-09-14;13;0.0
5;2025-09-14;14;0.0
5;2025-09-14;15;0.0
5;2025-09-14;16;0.0
5;2025-09-14;17;0.0
5;2025-09-14;18;0.0
5;2025-09-14;19;0.0
5;2025-09-14;20;0.0
5;2025-09-14;21;0.0
5;2025-09-14;22;0.0
5;2025-09-14;23;0.0
5;2025-09-15;0;0.0
5;2025-09-15;1;0.0
5;2025-09-15;2;0.0
5;2025-09-15;3;0.0
5;2025-09-15;4;0.0
5;2025-09-15;5;0.0
5;2025-09-15;6;0.0
5;2025-09-15;7;0.0
5;2025-09-15;8;0.0
5;2025-09-15;9;0.0
5;2025-09-15;10;0.0
5;2025-09-15;11;0.0
5;2025-09-15;12;0.0
5;2025-09-15;13;0.0
5;2025-09-15;14;0.0
5;2025-09-15;15;0.0
5;2025-09-15;16;0.0
5;2025-09-15;17;0.0
5;2025-09-15;18;0.0
5;2025-09-15;19;0.0
5;2025-09-15;20;0.0
5;2025-09-15;21;0.0
5;2025-09-15;22;0.0
5;2025-09-15;23;0.0
5;2025-09-16;0;0.0
5;2025-09-16;1;0.0
5;2025-09-16;2;0.0
5;2025-09-16;3;0.0
5;2025-09-16;4;0.0
5;2025-09-16;5;0.0
5;2025-09-16;6;0.0
5;2025-09-16;7;0.0
5;2025-09-16;8;0.0
5;2025-09-16;9;0.0
5;2025-09-16;10;0.0
5;2025-09-16;11;0.0
5;2025-09-16;12;0.0
5;2025-09-16;13;0.0
5;2025-09-16;14;0.0
5;2025-09-16;15;0.0
5;2025-09-16;16;0.0
5;2025-09-16;17;0.0
5;2025-09-16;18;0.0
5;2025-09-16;19;0.0
5;2025-09-16;20;0.0
5;2025-09-16;21;0.0
5;2025-09-16;22;0.0
5;2025-09-16;23;0.0
5;2025-09-17;0;0.0
5;2025-09-17;1;0.0
5;2025-09-17;2;0.0
5;2025-09-17;3;0.0
5;2025-09-17;4;0.0
5;2025-09-17;5;0.0
5;2025-09-17;6;0.0
5;2025-09-17;7;0.0
5;2025-09-17;8;0.0
5;2025-09-17;9;0.0
5;2025-09-17;10;0.0
5;2025-09-17;11;0.0
5;2025-09-17;12;0.0
5;2025-09-17;13;0.0
5;2025-09-17;14;0.0
5;2025-09-17;15;0.0
5;2025-09-17;16;0.0
5;2025-09-17;17;0.0
5;2025-09-17;18;0.0
5;2025-09-17;19;0.0
5;2025-09-17;20;0.0
5;2025-09-17;21;0.0
5;2025-09-17;22;0.0
5;2025-09-17;23;0.0
5;2025-09-18;0;0.0
5;2025-09-18;1;0.0
5;2025-09-18;2;0.0
5;2025-09-18;3;0.0
5;2025-09-18;4;0.0
5;2025-09-18;5;0.0
5;2025-09-18;6;0.0
5;2025-09-18;7;0.0
5;2025-09-18;8;0.0
5;2025-09-18;9;0.0
5;2025-09-18;10;0.0
5;2025-09-18;11;0.0
5;2025-09-18;12;0.0
5;2025-09-18;13;0.0
5;2025-09-18;14;0.0
5;2025-09-18;15;0.0
5;2025-09-18;16;0.0
5;2025-09-18;17;0.0
5;2025-09-18;18;0.0
5;2025-09-18;19;0.0
5;2025-09-18;20;0.0
5;2025-09-18;21;0.0
5;2025-09-18;22;0.0
5;2025-09-18;23;0.0
5;2025-09-19;0;0.0
5;2025-09-19;1;0.0
5;2025-09-19;2;0.0
5;2025-09-19;3;0.0
5;2025-09-19;4;0.0
5;2025-09-19;5;0.0
5;2025-09-19;6;0.0
5;2025-09-19;7;0.0
5;2025-09-19;8;0.0
5;2025-09-19;9;0.0
5;2025-09-19;10;0.0
5;2025-09-19;11;0.0
5;2025-09-19;12;0.0
5;2025-09-19;13;0.0
5;2025-09-19;14;0.0
5;2025-09-19;15;0.0
5;2025-09-19;16;0.0
5;2025-09-19;17;0.0
5;2025-09-19;18;0.0
5;2025-09-19;19;0.0
5;2025-09-19;20;0.0
5;2025-09-19;21;0.0
5;2025-09-19;22;0.0
5;2025-09-19;23;0.0
5;2025-09-20;0;0.0
5;2025-09-20;1;0.0
5;2025-09-20;2;0.0
5;2025-09-20;3;0.0
5;2025-09-20;4;0.0
5;2025-09-20;5;0.0
5;2025-09-20;6;0.0
5;2025-09-20;7;0.0
5;2025-09-20;8;0.0
5;2025-09-20;9;0.0
5;2025-09-20;10;0.0
5;2025-09-20;11;0.0
5;2025-09-20;12;0.0
5;2025-09-20;13;0.0
5;2025-09-20;14;0.0
5;2025-09-20;15;0.0
5;2025-09-20;16;0.0
5;2025-09-20;17;0.0
5;2025-09-20;18;0.0
5;2025-09-20;19;0.0
5;2025-09-20;20;0.0
5;2025-09-20;21;0.0
5;2025-09-20;22;0.0
5;2025-09-20;23;0.0
5;2025-09-21;0;0.0
5;2025-09-21;1;0.0
5;2025-09-21;2;0.0
5;2025-09-21;3;0.0
5;2025-09-21;4;0.0
5;2025-09-21;5;0.0
5;2025-09-21;6;0.0
5;2025-09-21;7;0.0
5;2025-09-21;8;0.0
5;2025-09-21;9;0.0
5;2025-09-21;10;0.0
5;2025-09-21;11;0.0
5;2025-09-21;12;0.0
5;2025-09-21;13;0.0
5;2025-09-21;14;0.0
5;2025-09-21;15;0.0
5;2025-09-21;16;0.0
5;2025-09-21;17;0.0
5;2025-09-21;18;0.0
5;2025-09-21;19;0.0
5;2025-09-21;20;0.0
5;2025-09-21;21;0.0
5;2025-09-21;22;0.0
5;2025-09-21;23;0.0
5;2025-09-22;0;0.0
5;2025-09-22;1;0.0
5;2025-09-22;2;0.0
5;2025-09-22;3;0.0
5;2025-09-22;4;0.0
5;2025-09-22;5;0.0
5;2025-09-22;6;0.0
5;2025-09-22;7;0.0
5;2025-09-22;8;0.0
5;2025-09-22;9;0.0
5;2025-09-22;10;0.0
5;2025-09-22;11;0.0
5;2025-09-22;12;0.0
5;2025-09-22;13;0.0
5;2025-09-22;14;0.0
5;2025-09-22;15;0.0
5;2025-09-22;16;0.0
5;2025-09-22;17;0.0
5;2025-09-22;18;0.0
5;2025-09-22;19;0.0
5;2025-09-22;20;0.0
5;2025-09-22;21;0.0
5;2025-09-22;22;0.0
5;2025-09-22;23;0.0
5;2025-09-23;0;0.0
5;2025-09-23;1;0.0
5;2025-09-23;2;0.0
5;2025-09-23;3;0.0
5;2025-09-23;4;0.0
5;2025-09-23;5;0.0
5;2025-09-23;6;0.0
5;2025-09-23;7;0.0
5;2025-09-23;8;0.0
5;2025-09-23;9;0.0
5;2025-09-23;10;0.0
5;2025-09-23;11;0.0
5;2025-09-23;12;0.0
5;2025-09-23;13;0.0
5;2025-09-23;14;0.0
5;2025-09-23;15;0.0
5;2025-09-23;16;0.0
5;2025-09-23;17;0.0
5;2025-09-23;18;0.0
5;2025-09-23;19;0.0
5;2025-09-23;20;0.0
5;2025-09-23;21;0.0
5;2025-09-23;22;0.0
5;2025-09-23;23;0.0
5;2025-09-24;0;0.0
5;2025-09-24;1;0.0
5;2025-09-24;2;0.0
5;2025-09-24;3;0.0
5;2025-09-24;4;0.0
5;2025-09-24;5;0.0
5;2025-09-24;6;0.0
5;2025-09-24;7;0.0
5;2025-09-24;8;0.0
5;2025-09-24;9;0.0
5;2025-09-24;10;0.0
5;2025-09-24;11;0.0
5;2025-09-24;12;0.0
5;2025-09-24;13;0.0
5;2025-09-24;14;0.0
5;2025-09-24;15;0.0
5;2025-09-24;16;0.0
5;2025-09-24;17;0.0
5;2025-09-24;18;0.0
5;2025-09-24;19;0.0
5;2025-09-24;20;0.0
5;2025-09-24;21;0.0
5;2025-09-24;22;0.0
5;2025-09-24;23;0.0
5;2025-09-25;0;0.0
5;2025-09-25;1;0.0
5;2025-09-25;2;0.0
5;2025-09-25;3;0.0
5;2025-09-25;4;0.0
5;2025-09-25;5;0.0
5;2025-09-25;6;0.0
5;2025-09-25;7;0.0
5;2025-09-25;8;0.0
5;2025-09-25;9;0.0
5;2025-09-25;10;0.0
5;2025-09-25;11;0.0
5;2025-09-25;12;0.0
5;2025-09-25;13;0.0
5;2025-09-25;14;0.0
5;2025-09-25;15;0.0
5;2025-09-25;16;0.0
5;2025-09-25;17;0.0
5;2025-09-25;18;0.0
5;2025-09-25;19;0.0
5;2025-09-25;20;0.0
5;2025-09-25;21;0.0
5;2025-09-25;22;0.0
5;2025-09-25;23;0.0
5;2025-09-26;0;0.0
5;2025-09-26;1;0.0
5;2025-09-26;2;0.0
5;2025-09-26;3;0.0
5;2025-09-26;4;0.0
5;2025-09-26;5;0.0
5;2025-09-26;6;0.0
5;2025-09-26;7;0.0
5;2025-09-26;8;0.0
5;2025-09-26;9;0.0
5;2025-09-26;10;0.0
5;2025-09-26;11;0.0
5;2025-09-26;12;0.0
5;2025-09-26;13;0.0
5;2025-09-26;14;0.0
5;2025-09-26;15;0.0
5;2025-09-26;16;0.0
5;2025-09-26;17;0.0
5;2025-09-26;18;0.0
5;2025-09-26;19;0.0
5;2025-09-26;20;0.0
5;2025-09-26;21;0.0
5;2025-09-26;22;0.0
5;2025-09-26;23;0.0
5;2025-09-27;0;0.0
5;2025-09-27;1;0.0
5;2025-09-27;2;0.0
5;2025-09-27;3;0.0
5;2025-09-27;4;0.0
5;2025-09-27;5;0.0
5;2025-09-27;6;0.0
5;2025-09-27;7;0.0
5;2025-09-27;8;0.0
5;2025-09-27;9;0.0
5;2025-09-27;10;0.0
5;2025-09-27;11;0.0
5;2025-09-27;12;0.0
5;2025-09-27;13;0.0
5;2025-09-27;14;0.0
5;2025-09-27;15;0.0
5;2025-09-27;16;0.0
5;2025-09-27;17;0.0
5;2025-09-27;18;0.0
5;2025-09-27;19;0.0
5;2025-09-27;20;0.0
5;2025-09-27;21;0.0
5;2025-09-27;22;0.0
5;2025-09-27;23;0.0
5;2025-09-28;0;0.0
5;2025-09-28;1;0.0
5;2025-09-28;2;0.0
5;2025-09-28;3;0.0
5;2025-09-28;4;0.0
5;2025-09-28;5;0.0
5;2025-09-28;6;0.0
5;2025-09-28;7;0.0
5;2025-09-28;8;0.0
5;2025-09-28;9;0.0
5;2025-09-28;10;0.0
5;2025-09-28;11;0.0
5;2025-09-28;12;0.0
5;2025-09-28;13;0.0
5;2025-09-28;14;0.0
5;2025-09-28;15;0.0
5;2025-09-28;16;0.0
5;2025-09-28;17;0.0
5;2025-09-28;18;0.0
5;2025-09-28;19;0.0
5;2025-09-28;20;0.0
5;2025-09-28;21;0.0
5;2025-09-28;22;0.0
5;2025-09-28;23;0.0
5;2025-09-29;0;0.0
5;2025-09-29;1;0.0
5;2025-09-29;2;0.0
5;2025-09-29;3;0.0
5;2025-09-29;4;0.0
5;2025-09-29;5;0.0
5;2025-09-29;6;0.0
5;2025-09-29;7;0.0
5;2025-09-29;8;0.0
5;2025-09-29;9;0.0
5;2025-09-29;10;0.0
5;2025-09-29;11;0.0
5;2025-09-29;12;0.0
5;2025-09-29;13;0.0
5;2025-09-29;14;0.0
5;2025-09-29;15;0.0
5;2025-09-29;16;0.0
5;2025-09-29;17;0.0
5;2025-09-29;18;0.0
5;2025-09-29;19;0.0
5;2025-09-29;20;0.0
5;2025-09-29;21;0.0
5;2025-09-29;22;0.0
5;2025-09-29;23;0.0
5;2025-09-30;0;0.0
5;2025-09-30;1;0.0
5;2025-09-30;2;0.0
5;2025-09-30;3;0.0
5;2025-09-30;4;0.0
5;2025-09-30;5;0.0
5;2025-09-30;6;0.0
5;2025-09-30;7;0.0
5;2025-09-30;8;0.0
5;2025-09-30;9;0.0
5;2025-09-30;10;0.0
5;2025-09-30;11;0.0
5;2025-09-30;12;0.0
5;2025-09-30;13;0.0
5;2025-09-30;14;0.0
5;2025-09-30;15;0.0
5;2025-09-30;16;0.0
5;2025-09-30;17;0.0
5;2025-09-30;18;0.0
5;2025-09-30;19;0.0
5;2025-09-30;20;0.0
5;2025-09-30;21;0.0
5;2025-09-30;22;0.0
5;2025-09-30;23;0.0
5;2025-10-01;0;0.0
5;2025-10-01;1;0.0
5;2025-10-01;2;0.0
5;2025-10-01;3;0.0
5;2025-10-01;4;0.0
5;2025-10-01;5;0.0
5;2025-10-01;6;0.0
5;2025-10-01;7;0.0
5;2025-10-01;8;0.0
5;2025-10-01;9;0.0
5;2025-10-01;10;0.0
5;2025-10-01;11;0.0
5;2025-10-01;12;0.0
5;2025-10-01;13;0.0
5;2025-10-01;14;0.0
5;2025-10-01;15;0.0
5;2025-10-01;16;0.0
5;2025-10-01;17;0.0
5;2025-10-01;18;0.0
5;2025-10-01;19;0.0
5;2025-10-01;20;0.0
5;2025-10-01;21;0.0
5;2025-10-01;22;0.0
5;2025-10-01;23;0.0
5;2025-10-02;0;0.0
5;2025-10-02;1;0.0
5;2025-10-02;2;0.0
5;2025-10-02;3;0.0
5;2025-10-02;4;0.0
5;2025-10-02;5;0.0
5;2025-10-02;6;0.0
5;2025-10-02;7;0.0
5;2025-10-02;8;0.0
5;2025-10-02;9;0.0
5;2025-10-02;10;0.0
5;2025-10-02;11;0.0
5;2025-10-02;12;0.0
5;2025-10-02;13;0.0
5;2025-10-02;14;0.0
5;2025-10-02;15;0.0
5;2025-10-02;16;0.0
5;2025-10-02;17;0.0
5;2025-10-02;18;0.0
5;2025-10-02;19;0.0
5;2025-10-02;20;0.0
5;2025-10-02;21;0.0
5;2025-10-02;22;0.0
5;2025-10-02;23;0.0
5;2025-10-03;0;0.0
5;2025-10-03;1;0.0
5;2025-10-03;2;0.0
5;2025-10-03;3;0.0
5;2025-10-03;4;0.0
5;2025-10-03;5;0.0
5;2025-10-03;6;0.0
5;2025-10-03;7;0.0
5;2025-10-03;8;0.0
5;2025-10-03;9;0.0
5;2025-10-03;10;0.0
5;2025-10-03;11;0.0
5;2025-10-03;12;0.0
5;2025-10-03;13;0.0
5;2025-10-03;14;0.0
5;2025-10-03;15;0.0
5;2025-10-03;16;0.0
5;2025-10-03;17;0.0
5;2025-10-03;18;0.0
5;2025-10-03;19;0.0
5;2025-10-03;20;0.0
5;2025-10-03;21;0.0
5;2025-10-03;22;0.0
5;2025-10-03;23;0.0
5;2025-10-04;0;0.0
5;2025-10-04;1;0.0
5;2025-10-04;2;0.0
5;2025-10-04;3;0.0
5;2025-10-04;4;0.0
5;2025-10-04;5;0.0
5;2025-10-04;6;0.0
5;2025-10-04;7;0.0
5;2025-10-04;8;0.0
5;2025-10-04;9;0.0
5;2025-10-04;10;0.0
5;2025-10-04;11;0.0
5;2025-10-04;12;0.0
5;2025-10-04;13;0.0
5;2025-10-04;14;0.0
5;2025-10-04;15;0.0
5;2025-10-04;16;0.0
5;2025-10-04;17;0.0
5;2025-10-04;18;0.0
5;2025-10-04;19;0.0
5;2025-10-04;20;0.0
5;2025-10-04;21;0.0
5;2025-10-04;22;0.0
5;2025-10-04;23;0.0
5;2025-10-05;0;0.0
5;2025-10-05;1;0.0
5;2025-10-05;2;0.0
5;2025-10-05;3;0.0
5;2025-10-05;4;0.0
5;2025-10-05;5;0.0
5;2025-10-05;6;0.0
5;2025-10-05;7;0.0
5;2025-10-05;8;0.0
5;2025-10-05;9;0.0
5;2025-10-05;10;0.0
5;2025-10-05;11;0.0
5;2025-10-05;12;0.0
5;2025-10-05;13;0.0
5;2025-10-05;14;0.0
5;2025-10-05;15;0.0
5;2025-10-05;16;0.0
5;2025-10-05;17;0.0
5;2025-10-05;18;0.0
5;2025-10-05;19;0.0
5;2025-10-05;20;0.0
5;2025-10-05;21;0.0
5;2025-10-05;22;0.0
5;2025-10-05;23;0.0
5;2025-10-06;0;0.0
5;2025-10-06;1;0.0
5;2025-10-06;2;0.0
5;2025-10-06;3;0.0
5;2025-10-06;4;0.0
5;2025-10-06;5;0.0
5;2025-10-06;6;0.0
5;2025-10-06;7;0.0
5;2025-10-06;8;0.0
5;2025-10-06;9;0.0
5;2025-10-06;10;0.0
5;2025-10-06;11;0.0
5;2025-10-06;12;0.0
5;2025-10-06;13;0.0
5;2025-10-06;14;0.0
5;2025-10-06;15;0.0
5;2025-10-06;16;0.0
5;2025-10-06;17;0.0
5;2025-10-06;18;0.0
5;2025-10-06;19;0.0
5;2025-10-06;20;0.0
5;2025-10-06;21;0.0
5;2025-10-06;22;0.0
5;2025-10-06;23;0.0
5;2025-10-07;0;0.0
5;2025-10-07;1;0.0
5;2025-10-07;2;0.0
5;2025-10-07;3;0.0
5;2025-10-07;4;0.0
5;2025-10-07;5;0.0
5;2025-10-07;6;0.0
5;2025-10-07;7;0.0
5;2025-10-07;8;0.0
5;2025-10-07;9;0.0
5;2025-10-07;10;0.0
5;2025-10-07;11;0.0
5;2025-10-07;12;0.0
5;2025-10-07;13;0.0
5;2025-10-07;14;0.0
5;2025-10-07;15;0.0
5;2025-10-07;16;0.0
5;2025-10-07;17;0.0
5;2025-10-07;18;0.0
5;2025-10-07;19;0.0
5;2025-10-07;20;0.0
5;2025-10-07;21;0.0
5;2025-10-07;22;0.0
5;2025-10-07;23;0.0
5;2025-10-08;0;0.0
5;2025-10-08;1;0.0
5;2025-10-08;2;0.0
5;2025-10-08;3;0.0
5;2025-10-08;4;0.0
5;2025-10-08;5;0.0
5;2025-10-08;6;0.0
5;2025-10-08;7;0.0
5;2025-10-08;8;0.0
5;2025-10-08;9;0.0
5;2025-10-08;10;0.0
5;2025-10-08;11;0.0
5;2025-10-08;12;0.0
5;2025-10-08;13;0.0
5;2025-10-08;14;0.0
5;2025-10-08;15;0.0
5;2025-10-08;16;0.0
5;2025-10-08;17;0.0
5;2025-10-08;18;0.0
5;2025-10-08;19;0.0
5;2025-10-08;20;0.0
5;2025-10-08;21;0.0
5;2025-10-08;22;0.0
5;2025-10-08;23;0.0
5;2025-10-09;0;0.0
5;2025-10-09;1;0.0
5;2025-10-09;2;0.0
5;2025-10-09;3;0.0
5;2025-10-09;4;0.0
5;2025-10-09;5;0.0
5;2025-10-09;6;0.0
5;2025-10-09;7;0.0
5;2025-10-09;8;0.0
5;2025-10-09;9;0.0
5;2025-10-09;10;0.0
5;2025-10-09;11;0.0
5;2025-10-09;12;0.0
5;2025-10-09;13;0.0
5;2025-10-09;14;0.0
5;2025-10-09;15;0.0
5;2025-10-09;16;0.0
5;2025-10-09;17;0.0
5;2025-10-09;18;0.0
5;2025-10-09;19;0.0
5;2025-10-09;20;0.0
5;2025-10-09;21;0.0
5;2025-10-09;22;0.0
5;2025-10-09;23;0.0
5;2025-10-10;0;0.0
5;2025-10-10;1;0.0
5;2025-10-10;2;0.0
5;2025-10-10;3;0.0
5;2025-10-10;4;0.0
5;2025-10-10;5;0.0
5;2025-10-10;6;0.0
5;2025-10-10;7;0.0
5;2025-10-10;8;0.0
5;2025-10-10;9;0.0
5;2025-10-10;10;0.0
5;2025-10-10;11;0.0
5;2025-10-10;12;0.0
5;2025-10-10;13;0.0
5;2025-10-10;14;0.0
5;2025-10-10;15;0.0
5;2025-10-10;16;0.0
5;2025-10-10;17;0.0
5;2025-10-10;18;0.0
5;2025-10-10;19;0.0
5;2025-10-10;20;0.0
5;2025-10-10;21;0.0
5;2025-10-10;22;0.0
5;2025-10-10;23;0.0
5;2025-10-11;0;0.0
5;2025-10-11;1;0.0
5;2025-10-11;2;0.0
5;2025-10-11;3;0.0
5;2025-10-11;4;0.0
5;2025-10-11;5;0.0
5;2025-10-11;6;0.0
5;2025-10-11;7;0.0
5;2025-10-11;8;0.0
5;2025-10-11;9;0.0
5;2025-10-11;10;0.0
5;2025-10-11;11;0.0
5;2025-10-11;12;0.0
5;2025-10-11;13;0.0
5;2025-10-11;14;0.0
5;2025-10-11;15;0.0
5;2025-10-11;16;0.0
5;2025-10-11;17;0.0
5;2025-10-11;18;0.0
5;2025-10-11;19;0.0
5;2025-10-11;20;0.0
5;2025-10-11;21;0.0
5;2025-10-11;22;0.0
5;2025-10-11;23;0.0
5;2025-10-12;0;0.0
5;2025-10-12;1;0.0
5;2025-10-12;2;0.0
5;2025-10-12;3;0.0
5;2025-10-12;4;0.0
5;2025-10-12;5;0.0
5;2025-10-12;6;0.0
5;2025-10-12;7;0.0
5;2025-10-12;8;0.0
5;2025-10-12;9;0.0
5;2025-10-12;10;0.0
5;2025-10-12;11;0.0
5;2025-10-12;12;0.0
5;2025-10-12;13;0.0
5;2025-10-12;14;0.0
5;2025-10-12;15;0.0
5;2025-10-12;16;0.0
5;2025-10-12;17;0.0
5;2025-10-12;18;0.0
5;2025-10-12;19;0.0
5;2025-10-12;20;0.0
5;2025-10-12;21;0.0
5;2025-10-12;22;0.0
5;2025-10-12;23;0.0
5;2025-10-13;0;0.0
5;2025-10-13;1;0.0
5;2025-10-13;2;0.0
5;2025-10-13;3;0.0
5;2025-10-13;4;0.0
5;2025-10-13;5;0.0
5;2025-10-13;6;0.0
5;2025-10-13;7;0.0
5;2025-10-13;8;0.0
5;2025-10-13;9;0.0
5;2025-10-13;10;0.0
5;2025-10-13;11;0.0
5;2025-10-13;12;0.0
5;2025-10-13;13;0.0
5;2025-10-13;14;0.0
5;2025-10-13;15;0.0
5;2025-10-13;16;0.0
5;2025-10-13;17;0.0
5;2025-10-13;18;0.0
5;2025-10-13;19;0.0
5;2025-10-13;20;0.0
5;2025-10-13;21;0.0
5;2025-10-13;22;0.0
5;2025-10-13;23;0.0
5;2025-10-14;0;0.0
5;2025-10-14;1;0.0
5;2025-10-14;2;0.0
5;2025-10-14;3;0.0
5;2025-10-14;4;0.0
5;2025-10-14;5;0.0
5;2025-10-14;6;0.0
5;2025-10-14;7;0.0
5;2025-10-14;8;0.0
5;2025-10-14;9;0.0
5;2025-10-14;10;0.0
5;2025-10-14;11;0.0
5;2025-10-14;12;0.0
5;2025-10-14;13;0.0
5;2025-10-14;14;0.0
5;2025-10-14;15;0.0
5;2025-10-14;16;0.0
5;2025-10-14;17;0.0
5;2025-10-14;18;0.0
5;2025-10-14;19;0.0
5;2025-10-14;20;0.0
5;2025-10-14;21;0.0
5;2025-10-14;22;0.0
5;2025-10-14;23;0.0
5;2025-10-15;0;0.0
5;2025-10-15;1;0.0
5;2025-10-15;2;0.0
5;2025-10-15;3;0.0
5;2025-10-15;4;0.0
5;2025-10-15;5;0.0
5;2025-10-15;6;0.0
5;2025-10-15;7;0.0
5;2025-10-15;8;0.0
5;2025-10-15;9;0.0
5;2025-10-15;10;0.0
5;2025-10-15;11;0.0
5;2025-10-15;12;0.0
5;2025-10-15;13;0.0
5;2025-10-15;14;0.0
5;2025-10-15;15;0.0
5;2025-10-15;16;0.0
5;2025-10-15;17;0.0
5;2025-10-15;18;0.0
5;2025-10-15;19;0.0
5;2025-10-15;20;0.0
5;2025-10-15;21;0.0
5;2025-10-15;22;0.0
5;2025-10-15;23;0.0
5;2025-10-16;0;0.0
5;2025-10-16;1;0.0
5;2025-10-16;2;0.0
5;2025-10-16;3;0.0
5;2025-10-16;4;0.0
5;2025-10-16;5;0.0
5;2025-10-16;6;0.0
5;2025-10-16;7;0.0
5;2025-10-16;8;0.0
5;2025-10-16;9;0.0
5;2025-10-16;10;0.0
5;2025-10-16;11;0.0
5;2025-10-16;12;0.0
5;2025-10-16;13;0.0
5;2025-10-16;14;0.0
5;2025-10-16;15;0.0
5;2025-10-16;16;0.0
5;2025-10-16;17;0.0
5;2025-10-16;18;0.0
5;2025-10-16;19;0.0
5;2025-10-16;20;0.0
5;2025-10-16;21;0.0
5;2025-10-16;22;0.0
5;2025-10-16;23;0.0
5;2025-10-17;0;0.0
5;2025-10-17;1;0.0
5;2025-10-17;2;0.0
5;2025-10-17;3;0.0
5;2025-10-17;4;0.0
5;2025-10-17;5;0.0
5;2025-10-17;6;0.0
5;2025-10-17;7;0.0
5;2025-10-17;8;0.0
5;2025-10-17;9;0.0
5;2025-10-17;10;0.0
5;2025-10-17;11;0.0
5;2025-10-17;12;0.0
5;2025-10-17;13;0.0
5;2025-10-17;14;0.0
5;2025-10-17;15;0.0
5;2025-10-17;16;0.0
5;2025-10-17;17;0.0
5;2025-10-17;18;0.0
5;2025-10-17;19;0.0
5;2025-10-17;20;0.0
5;2025-10-17;21;0.0
5;2025-10-17;22;0.0
5;2025-10-17;23;0.0
5;2025-10-18;0;0.0
5;2025-10-18;1;0.0
5;2025-10-18;2;0.0
5;2025-10-18;3;0.0
5;2025-10-18;4;0.0
5;2025-10-18;5;0.0
5;2025-10-18;6;0.0
5;2025-10-18;7;0.0
5;2025-10-18;8;0.0
5;2025-10-18;9;0.0
5;2025-10-18;10;0.0
5;2025-10-18;11;0.0
5;2025-10-18;12;0.0
5;2025-10-18;13;0.0
5;2025-10-18;14;0.0
5;2025-10-18;15;0.0
5;2025-10-18;16;0.0
5;2025-10-18;17;0.0
5;2025-10-18;18;0.0
5;2025-10-18;19;0.0
5;2025-10-18;20;0.0
5;2025-10-18;21;0.0
5;2025-10-18;22;0.0
5;2025-10-18;23;0.0
5;2025-10-19;0;0.0
5;2025-10-19;1;0.0
5;2025-10-19;2;0.0
5;2025-10-19;3;0.0
5;2025-10-19;4;0.0
5;2025-10-19;5;0.0
5;2025-10-19;6;0.0
5;2025-10-19;7;0.0
5;2025-10-19;8;0.0
5;2025-10-19;9;0.0
5;2025-10-19;10;0.0
5;2025-10-19;11;0.0
5;2025-10-19;12;0.0
5;2025-10-19;13;0.0
5;2025-10-19;14;0.0
5;2025-10-19;15;0.0
5;2025-10-19;16;0.0
5;2025-10-19;17;0.0
5;2025-10-19;18;0.0
5;2025-10-19;19;0.0
5;2025-10-19;20;0.0
5;2025-10-19;21;0.0
5;2025-10-19;22;0.0
5;2025-10-19;23;0.0
5;2025-10-20;0;0.0
5;2025-10-20;1;0.0
5;2025-10-20;2;0.0
5;2025-10-20;3;0.0
5;2025-10-20;4;0.0
5;2025-10-20;5;0.0
5;2025-10-20;6;0.0
5;2025-10-20;7;0.0
5;2025-10-20;8;0.0
5;2025-10-20;9;0.0
5;2025-10-20;10;0.0
5;2025-10-20;11;0.0
5;2025-10-20;12;0.0
5;2025-10-20;13;0.0
5;2025-10-20;14;0.0
5;2025-10-20;15;0.0
5;2025-10-20;16;0.0
5;2025-10-20;17;0.0
5;2025-10-20;18;0.0
5;2025-10-20;19;0.0
5;2025-10-20;20;0.0
5;2025-10-20;21;0.0
5;2025-10-20;22;0.0
5;2025-10-20;23;0.0
5;2025-10-21;0;0.0
5;2025-10-21;1;0.0
5;2025-10-21;2;0.0
5;2025-10-21;3;0.0
5;2025-10-21;4;0.0
5;2025-10-21;5;0.0
5;2025-10-21;6;0.0
5;2025-10-21;7;0.0
5;2025-10-21;8;0.0
5;2025-10-21;9;0.0
5;2025-10-21;10;0.0
5;2025-10-21;11;0.0
5;2025-10-21;12;0.0
5;2025-10-21;13;0.0
5;2025-10-21;14;0.0
5;2025-10-21;15;0.0
5;2025-10-21;16;0.0
5;2025-10-21;17;0.0
5;2025-10-21;18;0.0
5;2025-10-21;19;0.0
5;2025-10-21;20;0.0
5;2025-10-21;21;0.0
5;2025-10-21;22;0.0
5;2025-10-21;23;0.0
5;2025-10-22;0;0.0
5;2025-10-22;1;0.0
5;2025-10-22;2;0.0
5;2025-10-22;3;0.0
5;2025-10-22;4;0.0
5;2025-10-22;5;0.0
5;2025-10-22;6;0.0
5;2025-10-22;7;0.0
5;2025-10-22;8;0.0
5;2025-10-22;9;0.0
5;2025-10-22;10;0.0
5;2025-10-22;11;0.0
5;2025-10-22;12;0.0
5;2025-10-22;13;0.0
5;2025-10-22;14;0.0
5;2025-10-22;15;0.0
5;2025-10-22;16;0.0
5;2025-10-22;17;0.0
5;2025-10-22;18;0.0
5;2025-10-22;19;0.0
5;2025-10-22;20;0.0
5;2025-10-22;21;0.0
5;2025-10-22;22;0.0
5;2025-10-22;23;0.0
5;2025-10-23;0;0.0
5;2025-10-23;1;0.0
5;2025-10-23;2;0.0
5;2025-10-23;3;0.0
5;2025-10-23;4;0.0
5;2025-10-23;5;0.0
5;2025-10-23;6;0.0
5;2025-10-23;7;0.0
5;2025-10-23;8;0.0
5;2025-10-23;9;0.0
5;2025-10-23;10;0.0
5;2025-10-23;11;0.0
5;2025-10-23;12;0.0
5;2025-10-23;13;0.0
5;2025-10-23;14;0.0
5;2025-10-23;15;0.0
5;2025-10-23;16;0.0
5;2025-10-23;17;0.0
5;2025-10-23;18;0.0
5;2025-10-23;19;0.0
5;2025-10-23;20;0.0
5;2025-10-23;21;0.0
5;2025-10-23;22;0.0
5;2025-10-23;23;0.0
5;2025-10-24;0;0.0
5;2025-10-24;1;0.0
5;2025-10-24;2;0.0
5;2025-10-24;3;0.0
5;2025-10-24;4;0.0
5;2025-10-24;5;0.0
5;2025-10-24;6;0.0
5;2025-10-24;7;0.0
5;2025-10-24;8;0.0
5;2025-10-24;9;0.0
5;2025-10-24;10;0.0
5;2025-10-24;11;0.0
5;2025-10-24;12;0.0
5;2025-10-24;13;0.0
5;2025-10-24;14;0.0
5;2025-10-24;15;0.0
5;2025-10-24;16;0.0
5;2025-10-24;17;0.0
5;2025-10-24;18;0.0
5;2025-10-24;19;0.0
5;2025-10-24;20;0.0
5;2025-10-24;21;0.0
5;2025-10-24;22;0.0
5;2025-10-24;23;0.0
5;2025-10-25;0;0.0
5;2025-10-25;1;0.0
5;2025-10-25;2;0.0
5;2025-10-25;3;0.0
5;2025-10-25;4;0.0
5;2025-10-25;5;0.0
5;2025-10-25;6;0.0
5;2025-10-25;7;0.0
5;2025-10-25;8;0.0
5;2025-10-25;9;0.0
5;2025-10-25;10;0.0
5;2025-10-25;11;0.0
5;2025-10-25;12;0.0
5;2025-10-25;13;0.0
5;2025-10-25;14;0.0
5;2025-10-25;15;0.0
5;2025-10-25;16;0.0
5;2025-10-25;17;0.0
5;2025-10-25;18;0.0
5;2025-10-25;19;0.0
5;2025-10-25;20;0.0
5;2025-10-25;21;0.0
5;2025-10-25;22;0.0
5;2025-10-25;23;0.0
5;2025-10-26;0;0.0
5;2025-10-26;1;0.0
5;2025-10-26;2;0.0
5;2025-10-26;3;0.0
5;2025-10-26;4;0.0
5;2025-10-26;5;0.0
5;2025-10-26;6;0.0
5;2025-10-26;7;0.0
5;2025-10-26;8;0.0
5;2025-10-26;9;0.0
5;2025-10-26;10;0.0
5;2025-10-26;11;0.0
5;2025-10-26;12;0.0
5;2025-10-26;13;0.0
5;2025-10-26;14;0.0
5;2025-10-26;15;0.0
5;2025-10-26;16;0.0
5;2025-10-26;17;0.0
5;2025-10-26;18;0.0
5;2025-10-26;19;0.0
5;2025-10-26;20;0.0
5;2025-10-26;21;0.0
5;2025-10-26;22;0.0
5;2025-10-26;23;0.0
5;2025-10-27;0;0.0
5;2025-10-27;1;0.0
5;2025-10-27;2;0.0
5;2025-10-27;3;0.0
5;2025-10-27;4;0.0
5;2025-10-27;5;0.0
5;2025-10-27;6;0.0
5;2025-10-27;7;0.0
5;2025-10-27;8;0.0
5;2025-10-27;9;0.0
5;2025-10-27;10;0.0
5;2025-10-27;11;0.0
5;2025-10-27;12;0.0
5;2025-10-27;13;0.0
5;2025-10-27;14;0.0
5;2025-10-27;15;0.0
5;2025-10-27;16;0.0
5;2025-10-27;17;0.0
5;2025-10-27;18;0.0
5;2025-10-27;19;0.0
5;2025-10-27;20;0.0
5;2025-10-27;21;0.0
5;2025-10-27;22;0.0
5;2025-10-27;23;0.0
5;2025-10-28;0;0.0
5;2025-10-28;1;0.0
5;2025-10-28;2;0.0
5;2025-10-28;3;0.0
5;2025-10-28;4;0.0
5;2025-10-28;5;0.0
5;2025-10-28;6;0.0
5;2025-10-28;7;0.0
5;2025-10-28;8;0.0
5;2025-10-28;9;0.0
5;2025-10-28;10;0.0
5;2025-10-28;11;0.0
5;2025-10-28;12;0.0
5;2025-10-28;13;0.0
5;2025-10-28;14;0.0
5;2025-10-28;15;0.0
5;2025-10-28;16;0.0
5;2025-10-28;17;0.0
5;2025-10-28;18;0.0
5;2025-10-28;19;0.0
5;2025-10-28;20;0.0
5;2025-10-28;21;0.0
5;2025-10-28;22;0.0
5;2025-10-28;23;0.0
5;2025-10-29;0;0.0
5;2025-10-29;1;0.0
5;2025-10-29;2;0.0
5;2025-10-29;3;0.0
5;2025-10-29;4;0.0
5;2025-10-29;5;0.0
5;2025-10-29;6;0.0
5;2025-10-29;7;0.0
5;2025-10-29;8;0.0
5;2025-10-29;9;0.0
5;2025-10-29;10;0.0
5;2025-10-29;11;0.0
5;2025-10-29;12;0.0
5;2025-10-29;13;0.0
5;2025-10-29;14;0.0
5;2025-10-29;15;0.0
5;2025-10-29;16;0.0
5;2025-10-29;17;0.0
5;2025-10-29;18;0.0
5;2025-10-29;19;0.0
5;2025-10-29;20;0.0
5;2025-10-29;21;0.0
5;2025-10-29;22;0.0
5;2025-10-29;23;0.0
5;2025-10-30;0;0.0
5;2025-10-30;1;0.0
5;2025-10-30;2;0.0
5;2025-10-30;3;0.0
5;2025-10-30;4;0.0
5;2025-10-30;5;0.0
5;2025-10-30;6;0.0
5;2025-10-30;7;0.0
5;2025-10-30;8;0.0
5;2025-10-30;9;0.0
5;2025-10-30;10;0.0
5;2025-10-30;11;0.0
5;2025-10-30;12;0.0
5;2025-10-30;13;0.0
5;2025-10-30;14;0.0
5;2025-10-30;15;0.0
5;2025-10-30;16;0.0
5;2025-10-30;17;0.0
5;2025-10-30;18;0.0
5;2025-10-30;19;0.0
5;2025-10-30;20;0.0
5;2025-10-30;21;0.0
5;2025-10-30;22;0.0
5;2025-10-30;23;0.0
5;2025-10-31;0;0.0
5;2025-10-31;1;0.0
5;2025-10-31;2;0.0
5;2025-10-31;3;0.0
5;2025-10-31;4;0.0
5;2025-10-31;5;0.0
5;2025-10-31;6;0.0
5;2025-10-31;7;0.0
5;2025-10-31;8;0.0
5;2025-10-31;9;0.0
5;2025-10-31;10;0.0
5;2025-10-31;11;0.0
5;2025-10-31;12;0.0
5;2025-10-31;13;0.0
5;2025-10-31;14;0.0
5;2025-10-31;15;0.0
5;2025-10-31;16;0.0
5;2025-10-31;17;0.0
5;2025-10-31;18;0.0
5;2025-10-31;19;0.0
5;2025-10-31;20;0.0
5;2025-10-31;21;0.0
5;2025-10-31;22;0.0
5;2025-10-31;23;0.0
5;2025-11-01;0;0.0
5;2025-11-01;1;0.0
5;2025-11-01;2;0.0
5;2025-11-01;3;0.0
5;2025-11-01;4;0.0
5;2025-11-01;5;0.0
5;2025-11-01;6;0.0
5;2025-11-01;7;0.0
5;2025-11-01;8;0.0
5;2025-11-01;9;0.0
5;2025-11-01;10;0.0
5;2025-11-01;11;0.0
5;2025-11-01;12;0.0
5;2025-11-01;13;0.0
5;2025-11-01;14;0.0
5;2025-11-01;15;0.0
5;2025-11-01;16;0.0
5;2025-11-01;17;0.0
5;2025-11-01;18;0.0
5;2025-11-01;19;0.0
5;2025-11-01;20;0.0
5;2025-11-01;21;0.0
5;2025-11-01;22;0.0
5;2025-11-01;23;0.0
5;2025-11-02;0;0.0
5;2025-11-02;1;0.0
5;2025-11-02;2;0.0
5;2025-11-02;3;0.0
5;2025-11-02;4;0.0
5;2025-11-02;5;0.0
5;2025-11-02;6;0.0
5;2025-11-02;7;0.0
5;2025-11-02;8;0.0
5;2025-11-02;9;0.0
5;2025-11-02;10;0.0
5;2025-11-02;11;0.0
5;2025-11-02;12;0.0
5;2025-11-02;13;0.0
5;2025-11-02;14;0.0
5;2025-11-02;15;0.0
5;2025-11-02;16;0.0
5;2025-11-02;17;0.0
5;2025-11-02;18;0.0
5;2025-11-02;19;0.0
5;2025-11-02;20;0.0
5;2025-11-02;21;0.0
5;2025-11-02;22;0.0
5;2025-11-02;23;0.0
5;2025-11-03;0;0.0
5;2025-11-03;1;0.0
5;2025-11-03;2;0.0
5;2025-11-03;3;0.0
5;2025-11-03;4;0.0
5;2025-11-03;5;0.0
5;2025-11-03;6;0.0
5;2025-11-03;7;0.0
5;2025-11-03;8;0.0
5;2025-11-03;9;0.0
5;2025-11-03;10;0.0
5;2025-11-03;11;0.0
5;2025-11-03;12;0.0
5;2025-11-03;13;0.0
5;2025-11-03;14;0.0
5;2025-11-03;15;0.0
5;2025-11-03;16;0.0
5;2025-11-03;17;0.0
5;2025-11-03;18;0.0
5;2025-11-03;19;0.0
5;2025-11-03;20;0.0
5;2025-11-03;21;0.0
5;2025-11-03;22;0.0
5;2025-11-03;23;0.0
7;2025-09-04;0;69.54318022838912
7;2025-09-04;1;0.0
7;2025-09-04;2;0.0
7;2025-09-04;3;0.0
7;2025-09-04;4;0.0
7;2025-09-04;5;134.46511479291038
7;2025-09-04;6;857.2414782791777
7;2025-09-04;7;1718.5894211939203
7;2025-09-04;8;2480.8242556864743
7;2025-09-04;9;1900.6062690273511
7;2025-09-04;10;1642.326530686349
7;2025-09-04;11;1549.3062736013944
7;2025-09-04;12;1589.449286508459
7;2025-09-04;13;1582.4140117257166
7;2025-09-04;14;1612.233860557877
7;2025-09-04;15;1711.7999441502682
7;2025-09-04;16;1852.8937819644325
7;2025-09-04;17;2343.9735748220446
7;2025-09-04;18;2785.9526500393954
7;2025-09-04;19;1916.698763159396
7;2025-09-04;20;1212.5228852886394
7;2025-09-04;21;714.5152466138825
7;2025-09-04;22;378.27595358948724
7;2025-09-04;23;212.11835944056992
7;2025-09-05;0;71.81120536470588
7;2025-09-05;1;0.0
7;2025-09-05;2;0.0
7;2025-09-05;3;0.0
7;2025-09-05;4;0.0
7;2025-09-05;5;126.55097167234437
7;2025-09-05;6;776.1852505893796
7;2025-09-05;7;1636.3698512957776
7;2025-09-05;8;2328.862427697849
7;2025-09-05;9;1812.7657187380025
7;2025-09-05;10;1576.3531957762564
7;2025-09-05;11;1574.5191015387352
7;2025-09-05;12;1610.7854549547742
7;2025-09-05;13;1661.1360739222418
7;2025-09-05;14;1689.9461786695015
7;2025-09-05;15;1793.4416946965544
7;2025-09-05;16;2018.665128121085
7;2025-09-05;17;2244.726104339682
7;2025-09-05;18;2156.1839339171656
7;2025-09-05;19;1686.6112020599444
7;2025-09-05;20;1119.0682134765584
7;2025-09-05;21;664.0898335050173
7;2025-09-05;22;386.66977313702563
7;2025-09-05;23;230.47225634999447
7;2025-09-06;0;64.45307290639492
7;2025-09-06;1;0.0
7;2025-09-06;2;0.0
7;2025-09-06;3;0.0
7;2025-09-06;4;0.0
7;2025-09-06;5;30.439914459351947
7;2025-09-06;6;216.18249577710475
7;2025-09-06;7;342.24608186299133
7;2025-09-06;8;487.4184161569036
7;2025-09-06;9;545.2101343886234
7;2025-09-06;10;595.2331698883261
7;2025-09-06;11;699.1351637845232
7;2025-09-06;12;756.5526357653464
7;2025-09-06;13;787.4753438417897
7;2025-09-06;14;811.7288553459334
7;2025-09-06;15;770.7661926627445
7;2025-09-06;16;729.9858391094349
7;2025-09-06;17;724.7393423647511
7;2025-09-06;18;730.4731178500307
7;2025-09-06;19;701.3243211816726
7;2025-09-06;20;499.3109520375227
7;2025-09-06;21;388.29268768074724
7;2025-09-06;22;220.07985340870954
7;2025-09-06;23;139.58828711804216
7;2025-09-07;0;67.3228504289403
7;2025-09-07;1;0.0
7;2025-09-07;2;0.0
7;2025-09-07;3;0.0
7;2025-09-07;4;0.0
7;2025-09-07;5;22.302297130983163
7;2025-09-07;6;146.10768502133587
7;2025-09-07;7;238.0375132626229
7;2025-09-07;8;343.9079210385399
7;2025-09-07;9;412.85407546049476
7;2025-09-07;10;482.40195251883
7;2025-09-07;11;604.1297552035912
7;2025-09-07;12;655.9305147997538
7;2025-09-07;13;693.2107312045155
7;2025-09-07;14;727.3255593267107
7;2025-09-07;15;700.7360136047284
7;2025-09-07;16;653.0002663799653
7;2025-09-07;17;687.1331074217717
7;2025-09-07;18;667.7467435726323
7;2025-09-07;19;582.4721370678094
7;2025-09-07;20;443.93175596999436
7;2025-09-07;21;340.45068240619815
7;2025-09-07;22;199.05987355281883
7;2025-09-07;23;118.32574754936348
7;2025-09-08;0;64.29520025329667
7;2025-09-08;1;0.0
7;2025-09-08;2;0.0
7;2025-09-08;3;0.0
7;2025-09-08;4;0.0
7;2025-09-08;5;95.20976441509299
7;2025-09-08;6;827.4992341833517
7;2025-09-08;7;1595.6101914176807
7;2025-09-08;8;2423.088536946879
7;2025-09-08;9;1863.415639366062
7;2025-09-08;10;1601.6153773834762
7;2025-09-08;11;1355.3901908351422
7;2025-09-08;12;1616.576851539806
7;2025-09-08;13;1654.2971276763249
7;2025-09-08;14;1571.3050071090931
7;2025-09-08;15;1852.7246774844925
7;2025-09-08;16;1853.6076048198493
7;2025-09-08;17;2205.375184747918
7;2025-09-08;18;2429.205508544105
7;2025-09-08;19;1858.2805630676692
7;2025-09-08;20;1139.40394337462
7;2025-09-08;21;581.1174236575255
7;2025-09-08;22;310.5423197167894
7;2025-09-08;23;153.47518285593617
7;2025-09-09;0;53.01676579708088
7;2025-09-09;1;0.0
7;2025-09-09;2;0.0
7;2025-09-09;3;0.0
7;2025-09-09;4;0.0
7;2025-09-09;5;107.95904403992833
7;2025-09-09;6;789.0588876134387
7;2025-09-09;7;1809.888908772551
7;2025-09-09;8;2593.647065920224
7;2025-09-09;9;1855.4373791121607
7;2025-09-09;10;1608.3542250087676
7;2025-09-09;11;1574.4491015635958
7;2025-09-09;12;1576.2658300537864
7;2025-09-09;13;1601.160748974472
7;2025-09-09;14;1705.0231779899564
7;2025-09-09;15;1779.0675182599987
7;2025-09-09;16;1818.108994763811
7;2025-09-09;17;2286.651070780789
7;2025-09-09;18;2744.0418782744937
7;2025-09-09;19;1849.0452591405947
7;2025-09-09;20;1168.770193266579
7;2025-09-09;21;622.8410424800898
7;2025-09-09;22;312.31571690698115
7;2025-09-09;23;191.5764050456633
7;2025-09-10;0;57.50983238694205
7;2025-09-10;1;0.0
7;2025-09-10;2;0.0
7;2025-09-10;3;0.0
7;2025-09-10;4;0.0
7;2025-09-10;5;105.8104208640546
7;2025-09-10;6;720.916183629894
7;2025-09-10;7;1634.5652289614418
7;2025-09-10;8;2439.2775879832716
7;2025-09-10;9;2001.8557025403882
7;2025-09-10;10;1653.7628906111772
7;2025-09-10;11;1646.9112244848154
7;2025-09-10;12;1629.506632081951
7;2025-09-10;13;1661.732775217798
7;2025-09-10;14;1693.7773020198579
7;2025-09-10;15;1783.2686077809344
7;2025-09-10;16;1858.1484846727562
7;2025-09-10;17;2395.760925901449
7;2025-09-10;18;2557.7711242714313
7;2025-09-10;19;1843.7738670296628
7;2025-09-10;20;1152.1457308355814
7;2025-09-10;21;661.6008634616209
7;2025-09-10;22;355.62529413250957
7;2025-09-10;23;190.6419740053979
7;2025-09-11;0;69.7213402670875
7;2025-09-11;1;0.0
7;2025-09-11;2;0.0
7;2025-09-11;3;0.0
7;2025-09-11;4;0.0
7;2025-09-11;5;133.9957691078713
7;2025-09-11;6;854.5235979160104
7;2025-09-11;7;1719.4093294379104
7;2025-09-11;8;2496.3683751121766
7;2025-09-11;9;1903.2995984807046
7;2025-09-11;10;1645.4549320734122
7;2025-09-11;11;1547.8960823544785
7;2025-09-11;12;1585.1142051074194
7;2025-09-11;13;1576.7680001711408
7;2025-09-11;14;1602.7927574707082
7;2025-09-11;15;1704.9559699027636
7;2025-09-11;16;1849.2605173965676
7;2025-09-11;17;2354.0857869992587
7;2025-09-11;18;2821.7748947430073
7;2025-09-11;19;1929.2929452020317
7;2025-09-11;20;1218.1778611231985
7;2025-09-11;21;720.1125723627237
7;2025-09-11;22;381.16240446977486
7;2025-09-11;23;208.2783074260995
7;2025-09-12;0;71.96319331722071
7;2025-09-12;1;0.0
7;2025-09-12;2;0.0
7;2025-09-12;3;0.0
7;2025-09-12;4;0.0
7;2025-09-12;5;127.15697429143036
7;2025-09-12;6;777.5467327451867
7;2025-09-12;7;1645.020699799386
7;2025-09-12;8;2341.4842403196467
7;2025-09-12;9;1814.4250840706418
7;2025-09-12;10;1574.7480241878839
7;2025-09-12;11;1565.9915494445545
7;2025-09-12;12;1597.4715079389216
7;2025-09-12;13;1645.830228565177
7;2025-09-12;14;1676.1588680153036
7;2025-09-12;15;1784.4638814126683
7;2025-09-12;16;2031.3627309423264
7;2025-09-12;17;2264.2533232960177
7;2025-09-12;18;2182.7896138529063
7;2025-09-12;19;1696.1892205882357
7;2025-09-12;20;1124.4564415131044
7;2025-09-12;21;669.7311372441304
7;2025-09-12;22;389.3116997210106
7;2025-09-12;23;231.2096064976382
7;2025-09-13;0;63.462721865909664
7;2025-09-13;1;0.0
7;2025-09-13;2;0.0
7;2025-09-13;3;0.0
7;2025-09-13;4;0.0
7;2025-09-13;5;30.086803700225417
7;2025-09-13;6;212.7633408879667
7;2025-09-13;7;339.36655753178474
7;2025-09-13;8;488.82893895765164
7;2025-09-13;9;540.1839805849984
7;2025-09-13;10;589.2857310736814
7;2025-09-13;11;690.6023808769929
7;2025-09-13;12;749.7458465997706
7;2025-09-13;13;780.546897717187
7;2025-09-13;14;804.7236491460815
7;2025-09-13;15;765.5684540195136
7;2025-09-13;16;728.8593903196272
7;2025-09-13;17;719.6198924081896
7;2025-09-13;18;730.745368984066
7;2025-09-13;19;697.332461477579
7;2025-09-13;20;495.1833128637878
7;2025-09-13;21;384.4127531276155
7;2025-09-13;22;216.65952258699988
7;2025-09-13;23;137.5382629061745
7;2025-09-14;0;66.20124804387255
7;2025-09-14;1;0.0
7;2025-09-14;2;0.0
7;2025-09-14;3;0.0
7;2025-09-14;4;0.0
7;2025-09-14;5;21.64366628265297
7;2025-09-14;6;146.03534593438312
7;2025-09-14;7;239.57161129587604
7;2025-09-14;8;347.9305214603478
7;2025-09-14;9;411.7755627017216
7;2025-09-14;10;480.2979647624541
7;2025-09-14;11;600.2734234713446
7;2025-09-14;12;653.9065646678587
7;2025-09-14;13;691.6724939051603
7;2025-09-14;14;727.1181009633694
7;2025-09-14;15;702.1450123815794
7;2025-09-14;16;657.933791313273
7;2025-09-14;17;686.4971798290728
7;2025-09-14;18;666.807603321768
7;2025-09-14;19;582.380451799537
7;2025-09-14;20;441.3095678907064
7;2025-09-14;21;337.866278139287
7;2025-09-14;22;196.26927674668815
7;2025-09-14;23;117.58304070125484
7;2025-09-15;0;62.96971466581029
7;2025-09-15;1;0.0
7;2025-09-15;2;0.0
7;2025-09-15;3;0.0
7;2025-09-15;4;0.0
7;2025-09-15;5;93.86099070209863
7;2025-09-15;6;824.3295162277218
7;2025-09-15;7;1599.8429648236818
7;2025-09-15;8;2438.8566896087596
7;2025-09-15;9;1861.8233476970545
7;2025-09-15;10;1599.1261229171714
7;2025-09-15;11;1350.530246211008
7;2025-09-15;12;1611.637311689556
7;2025-09-15;13;1652.3112833068558
7;2025-09-15;14;1571.290055833072
7;2025-09-15;15;1858.3893880426085
7;2025-09-15;16;1863.658442225225
7;2025-09-15;17;2217.5436311307376
7;2025-09-15;18;2444.4885738098883
7;2025-09-15;19;1866.8365825435149
7;2025-09-15;20;1140.631219465708
7;2025-09-15;21;583.5069259174029
7;2025-09-15;22;312.17670221815354
7;2025-09-15;23;154.14071618587002
7;2025-09-16;0;52.633360891224164
7;2025-09-16;1;0.0
7;2025-09-16;2;0.0
7;2025-09-16;3;0.0
7;2025-09-16;4;0.0
7;2025-09-16;5;110.13255796141385
7;2025-09-16;6;803.9098729506293
7;2025-09-16;7;1844.8461687978704
7;2025-09-16;8;2641.1767609267017
7;2025-09-16;9;1887.0378197266143
7;2025-09-16;10;1637.3264513620404
7;2025-09-16;11;1601.5487947507797
7;2025-09-16;12;1603.0256234403473
7;2025-09-16;13;1629.609698529637
7;2025-09-16;14;1734.4260025518288
7;2025-09-16;15;1811.2653345041022
7;2025-09-16;16;1850.9651963720748
7;2025-09-16;17;2332.6553056150947
7;2025-09-16;18;2806.2433730878147
7;2025-09-16;19;1891.5243711324074
7;2025-09-16;20;1187.7723198380445
7;2025-09-16;21;632.8498269425597
7;2025-09-16;22;318.7810738536435
7;2025-09-16;23;195.37195727718782
7;2025-09-17;0;57.857815155639926
7;2025-09-17;1;0.0
7;2025-09-17;2;0.0
7;2025-09-17;3;0.0
7;2025-09-17;4;0.0
7;2025-09-17;5;106.5916371291018
7;2025-09-17;6;728.7516713365167
7;2025-09-17;7;1647.5452345542028
7;2025-09-17;8;2457.732727989735
7;2025-09-17;9;2010.841407344791
7;2025-09-17;10;1660.1410739823823
7;2025-09-17;11;1650.8241568300969
7;2025-09-17;12;1632.2696869593055
7;2025-09-17;13;1665.1794020397724
7;2025-09-17;14;1696.8505690652223
7;2025-09-17;15;1788.2221180299334
7;2025-09-17;16;1864.9112896761176
7;2025-09-17;17;2408.380655415489
7;2025-09-17;18;2580.1392715063657
7;2025-09-17;19;1860.4930414827113
7;2025-09-17;20;1157.870631486282
7;2025-09-17;21;665.9633035364606
7;2025-09-17;22;355.2507366550383
7;2025-09-17;23;192.31939479054554
7;2025-09-18;0;69.52754759293427
7;2025-09-18;1;0.0
7;2025-09-18;2;0.0
7;2025-09-18;3;0.0
7;2025-09-18;4;0.0
7;2025-09-18;5;134.76124147037436
7;2025-09-18;6;856.4569089494146
7;2025-09-18;7;1725.4965292768352
7;2025-09-18;8;2507.090824755776
7;2025-09-18;9;1902.4986540823231
7;2025-09-18;10;1640.5454454774572
7;2025-09-18;11;1538.392392674622
7;2025-09-18;12;1572.4743674792242
7;2025-09-18;13;1564.0021340416113
7;2025-09-18;14;1591.0699885932622
7;2025-09-18;15;1697.5858889266528
7;2025-09-18;16;1850.5759985755299
7;2025-09-18;17;2364.11768242728
7;2025-09-18;18;2829.503226162536
7;2025-09-18;19;1934.2723806494523
7;2025-09-18;20;1216.1667018547714
7;2025-09-18;21;720.3146653374316
7;2025-09-18;22;377.7387688480111
7;2025-09-18;23;209.1481568858987
7;2025-09-19;0;68.36271871852546
7;2025-09-19;1;0.0
7;2025-09-19;2;0.0
7;2025-09-19;3;0.0
7;2025-09-19;4;0.0
7;2025-09-19;5;121.32992607479193
7;2025-09-19;6;741.994106846408
7;2025-09-19;7;1571.7400471365765
7;2025-09-19;8;2231.716110200292
7;2025-09-19;9;1708.9170128282158
7;2025-09-19;10;1474.0166987728667
7;2025-09-19;11;1452.9551021183643
7;2025-09-19;12;1475.3657507137052
7;2025-09-19;13;1517.4916589223153
7;2025-09-19;14;1547.3797800543402
7;2025-09-19;15;1652.794184032151
7;2025-09-19;16;1896.2258357185651
7;2025-09-19;17;2116.042698350221
7;2025-09-19;18;2071.6734043823253
7;2025-09-19;19;1616.828166456724
7;2025-09-19;20;1067.465373506096
7;2025-09-19;21;636.2724763849885
7;2025-09-19;22;367.03594478034154
7;2025-09-19;23;219.7210620654065
7;2025-09-20;0;62.316516370903145
7;2025-09-20;1;0.0
7;2025-09-20;2;0.0
7;2025-09-20;3;0.0
7;2025-09-20;4;0.0
7;2025-09-20;5;29.579573447046556
7;2025-09-20;6;209.12213166759105
7;2025-09-20;7;334.1014001800799
7;2025-09-20;8;482.67535704722695
7;2025-09-20;9;533.1775595832087
7;2025-09-20;10;582.2137320256218
7;2025-09-20;11;683.3547778175384
7;2025-09-20;12;742.487298434845
7;2025-09-20;13;772.6154494068245
7;2025-09-20;14;796.0265683311281
7;2025-09-20;15;756.5451873733936
7;2025-09-20;16;720.473025757608
7;2025-09-20;17;709.837393641259
7;2025-09-20;18;716.2190225716295
7;2025-09-20;19;684.0763534142144
7;2025-09-20;20;481.9771798531996
7;2025-09-20;21;376.1717553531886
7;2025-09-20;22;213.38722374445197
7;2025-09-20;23;135.5431768918878
7;2025-09-21;0;66.71897525209226
7;2025-09-21;1;0.0
7;2025-09-21;2;0.0
7;2025-09-21;3;0.0
7;2025-09-21;4;0.0
7;2025-09-21;5;22.365682359095832
7;2025-09-21;6;146.5113766302389
7;2025-09-21;7;242.11056173840598
7;2025-09-21;8;353.90523446009655
7;2025-09-21;9;418.1337784204024
7;2025-09-21;10;486.7447659768947
7;2025-09-21;11;607.5562200965627
7;2025-09-21;12;660.9999624217273
7;2025-09-21;13;696.944645954108
7;2025-09-21;14;730.2458963617585
7;2025-09-21;15;703.1068044536582
7;2025-09-21;16;659.8987985069681
7;2025-09-21;17;688.0282755545206
7;2025-09-21;18;661.2066811835746
7;2025-09-21;19;576.7246989395462
7;2025-09-21;20;435.6295017168702
7;2025-09-21;21;335.32143391431845
7;2025-09-21;22;195.944818016889
7;2025-09-21;23;116.96388403205849
7;2025-09-22;0;69.61246860621304
7;2025-09-22;1;0.0
7;2025-09-22;2;0.0
7;2025-09-22;3;0.0
7;2025-09-22;4;0.0
7;2025-09-22;5;96.7379082752507
7;2025-09-22;6;839.5578673328782
7;2025-09-22;7;1620.1234997210568
7;2025-09-22;8;2457.290769348817
7;2025-09-22;9;1883.249145392997
7;2025-09-22;10;1615.6436477525306
7;2025-09-22;11;1364.6048655641182
7;2025-09-22;12;1627.4460460562195
7;2025-09-22;13;1662.811331892363
7;2025-09-22;14;1578.99876957989
7;2025-09-22;15;1866.3979045768256
7;2025-09-22;16;1874.0586219936613
7;2025-09-22;17;2236.1247750169155
7;2025-09-22;18;2456.6873451783586
7;2025-09-22;19;1880.6546222940462
7;2025-09-22;20;1155.308748574173
7;2025-09-22;21;601.447149770358
7;2025-09-22;22;318.1092187002977
7;2025-09-22;23;158.5879936300512
7;2025-09-23;0;50.86038123428875
7;2025-09-23;1;0.0
7;2025-09-23;2;0.0
7;2025-09-23;3;0.0
7;2025-09-23;4;0.0
7;2025-09-23;5;105.43891080488861
7;2025-09-23;6;773.2925934806448
7;2025-09-23;7;1779.6775557225237
7;2025-09-23;8;2548.014121073412
7;2025-09-23;9;1809.805843052542
7;2025-09-23;10;1562.9937092656378
7;2025-09-23;11;1520.8860670787938
7;2025-09-23;12;1517.758384373512
7;2025-09-23;13;1540.5349679126934
7;2025-09-23;14;1643.4813731843515
7;2025-09-23;15;1722.536182693554
7;2025-09-23;16;1772.8730376147575
7;2025-09-23;17;2244.213691631309
7;2025-09-23;18;2713.1393573084133
7;2025-09-23;19;1829.8343691754521
7;2025-09-23;20;1146.2017469688308
7;2025-09-23;21;612.0432722026874
7;2025-09-23;22;306.28349746330315
7;2025-09-23;23;189.43690830589765
7;2025-09-24;0;56.596566250733545
7;2025-09-24;1;0.0
7;2025-09-24;2;0.0
7;2025-09-24;3;0.0
7;2025-09-24;4;0.0
7;2025-09-24;5;107.36246536598483
7;2025-09-24;6;729.6776071969692
7;2025-09-24;7;1656.08322974946
7;2025-09-24;8;2462.8436918230864
7;2025-09-24;9;2014.1294722352472
7;2025-09-24;10;1659.1330380076388
7;2025-09-24;11;1649.2576254104965
7;2025-09-24;12;1629.8000778410715
7;2025-09-24;13;1662.7647526571116
7;2025-09-24;14;1696.7712517632149
7;2025-09-24;15;1791.426060931879
7;2025-09-24;16;1874.6597014248177
7;2025-09-24;17;2420.858003074845
7;2025-09-24;18;2572.51039761423
7;2025-09-24;19;1856.8908897207225
7;2025-09-24;20;1153.2766973782418
7;2025-09-24;21;658.6406034139793
7;2025-09-24;22;345.92543282713035
7;2025-09-24;23;191.4893349129375
7;2025-09-25;0;66.6194044088474
7;2025-09-25;1;0.0
7;2025-09-25;2;0.0
7;2025-09-25;3;0.0
7;2025-09-25;4;0.0
7;2025-09-25;5;135.0112751626941
7;2025-09-25;6;855.8536660410967
7;2025-09-25;7;1733.1545996633458
7;2025-09-25;8;2526.05859330159
7;2025-09-25;9;1905.260448060702
7;2025-09-25;10;1644.5597298687528
7;2025-09-25;11;1543.690893172533
7;2025-09-25;12;1579.5158984263326
7;2025-09-25;13;1572.813773214206
7;2025-09-25;14;1602.1830474951828
7;2025-09-25;15;1711.3519783657312
7;2025-09-25;16;1863.4147365799026
7;2025-09-25;17;2379.070764941079
7;2025-09-25;18;2843.1440233464573
7;2025-09-25;19;1937.4698171204107
7;2025-09-25;20;1212.198606043003
7;2025-09-25;21;711.5761622814646
7;2025-09-25;22;366.45541275772047
7;2025-09-25;23;205.128014508406
7;2025-09-26;0;69.83394787406974
7;2025-09-26;1;0.0
7;2025-09-26;2;0.0
7;2025-09-26;3;0.0
7;2025-09-26;4;0.0
7;2025-09-26;5;127.41931466267746
7;2025-09-26;6;782.6965399048488
7;2025-09-26;7;1657.27622245451
7;2025-09-26;8;2353.51421409307
7;2025-09-26;9;1817.5433507973016
7;2025-09-26;10;1577.7443471020913
7;2025-09-26;11;1571.7259366464136
7;2025-09-26;12;1606.6163547466044
7;2025-09-26;13;1659.1246331252412
7;2025-09-26;14;1693.5682723612917
7;2025-09-26;15;1805.6304268826939
7;2025-09-26;16;2056.2451711907
7;2025-09-26;17;2278.4516331614113
7;2025-09-26;18;2190.8646846509873
7;2025-09-26;19;1705.639293978618
7;2025-09-26;20;1125.5394319051782
7;2025-09-26;21;670.2862616801564
7;2025-09-26;22;385.3415671224061
7;2025-09-26;23;228.72995601017624
7;2025-09-27;0;59.899622436832516
7;2025-09-27;1;0.0
7;2025-09-27;2;0.0
7;2025-09-27;3;0.0
7;2025-09-27;4;0.0
7;2025-09-27;5;29.351092321715637
7;2025-09-27;6;205.83066666545324
7;2025-09-27;7;329.06144241134024
7;2025-09-27;8;473.4810986463774
7;2025-09-27;9;520.3975178406888
7;2025-09-27;10;564.2134574215233
7;2025-09-27;11;656.4250435888039
7;2025-09-27;12;710.8722285338304
7;2025-09-27;13;738.6672566586763
7;2025-09-27;14;759.1689111419378
7;2025-09-27;15;720.8079566773297
7;2025-09-27;16;687.0683332681286
7;2025-09-27;17;677.164225678494
7;2025-09-27;18;687.6701994598187
7;2025-09-27;19;661.5780567027737
7;2025-09-27;20;468.7036471342366
7;2025-09-27;21;366.00200786856396
7;2025-09-27;22;205.87413239732396
7;2025-09-27;23;130.0669160894483
7;2025-09-28;0;63.9033681827967
7;2025-09-28;1;0.0
7;2025-09-28;2;0.0
7;2025-09-28;3;0.0
7;2025-09-28;4;0.0
7;2025-09-28;5;21.344448322235152
7;2025-09-28;6;144.77011570072395
7;2025-09-28;7;237.7153614811756
7;2025-09-28;8;347.60896970168926
7;2025-09-28;9;410.9774484982213
7;2025-09-28;10;478.91134831145814
7;2025-09-28;11;598.2781137788002
7;2025-09-28;12;651.5171888386465
7;2025-09-28;13;687.8548876547402
7;2025-09-28;14;722.1115459298311
7;2025-09-28;15;696.8197475838938
7;2025-09-28;16;654.4998462150278
7;2025-09-28;17;685.7402178345901
7;2025-09-28;18;661.8789091754272
7;2025-09-28;19;575.8420895781087
7;2025-09-28;20;433.3386051741161
7;2025-09-28;21;332.5341598442794
7;2025-09-28;22;193.0678691901438
7;2025-09-28;23;114.94978183872661
7;2025-09-29;0;62.04471590586596
7;2025-09-29;1;0.0
7;2025-09-29;2;0.0
7;2025-09-29;3;0.0
7;2025-09-29;4;0.0
7;2025-09-29;5;96.53498742137629
7;2025-09-29;6;838.587885022442
7;2025-09-29;7;1626.9114791478742
7;2025-09-29;8;2468.5459096924883
7;2025-09-29;9;1876.6865238583473
7;2025-09-29;10;1605.2958878951667
7;2025-09-29;11;1351.7734715223999
7;2025-09-29;12;1611.3116550310244
7;2025-09-29;13;1650.3520783242357
7;2025-09-29;14;1571.8509040999943
7;2025-09-29;15;1864.5673157907686
7;2025-09-29;16;1880.6654597101701
7;2025-09-29;17;2244.822757571054
7;2025-09-29;18;2451.034832120724
7;2025-09-29;19;1875.156517066719
7;2025-09-29;20;1140.7761015172368
7;2025-09-29;21;578.4413738070346
7;2025-09-29;22;301.46065851528226
7;2025-09-29;23;150.95757046291686
7;2025-09-30;0;52.05938300856897
7;2025-09-30;1;0.0
7;2025-09-30;2;0.0
7;2025-09-30;3;0.0
7;2025-09-30;4;0.0
7;2025-09-30;5;110.99801145836895
7;2025-09-30;6;819.0719071039277
7;2025-09-30;7;1880.2424734071533
7;2025-09-30;8;2675.3553430119523
7;2025-09-30;9;1899.6686928744384
7;2025-09-30;10;1640.334527149981
7;2025-09-30;11;1598.4350805863535
7;2025-09-30;12;1598.0160841214877
7;2025-09-30;13;1623.8623031012928
7;2025-09-30;14;1737.6536507410747
7;2025-09-30;15;1819.7538302567655
7;2025-09-30;16;1873.6999648225742
7;2025-09-30;17;2364.119973351
7;2025-09-30;18;2822.1094072587994
7;2025-09-30;19;1906.723600153081
7;2025-09-30;20;1190.8317058395144
7;2025-09-30;21;629.0119587532306
7;2025-09-30;22;308.06811303418056
7;2025-09-30;23;189.5728627098
7;2025-10-01;0;57.89744966727969
7;2025-10-01;1;0.0
7;2025-10-01;2;0.0
7;2025-10-01;3;0.0
7;2025-10-01;4;0.0
7;2025-10-01;5;110.090354817876
7;2025-10-01;6;744.688556438273
7;2025-10-01;7;1679.8440304678518
7;2025-10-01;8;2487.0427502144616
7;2025-10-01;9;2032.0384181678266
7;2025-10-01;10;1662.0840700824124
7;2025-10-01;11;1645.0639290551494
7;2025-10-01;12;1621.740087935516
7;2025-10-01;13;1655.4493074076481
7;2025-10-01;14;1695.3466702420537
7;2025-10-01;15;1793.3347692949785
7;2025-10-01;16;1889.4359547852425
7;2025-10-01;17;2456.885735171498
7;2025-10-01;18;2592.889714259346
7;2025-10-01;19;1876.3069310238025
7;2025-10-01;20;1165.0973782525566
7;2025-10-01;21;666.2947500881822
7;2025-10-01;22;349.58034398080963
7;2025-10-01;23;190.08265139491397
7;2025-10-02;0;66.96544584154273
7;2025-10-02;1;0.0
7;2025-10-02;2;0.0
7;2025-10-02;3;0.0
7;2025-10-02;4;0.0
7;2025-10-02;5;137.47151997312338
7;2025-10-02;6;874.0895049672349
7;2025-10-02;7;1761.7556464050317
7;2025-10-02;8;2550.590067279117
7;2025-10-02;9;1932.7114089463996
7;2025-10-02;10;1658.4911107754033
7;2025-10-02;11;1555.3276569057684
7;2025-10-02;12;1590.0367970574353
7;2025-10-02;13;1584.9421197165889
7;2025-10-02;14;1616.6184864085772
7;2025-10-02;15;1727.1320023423764
7;2025-10-02;16;1886.8250724520535
7;2025-10-02;17;2406.483771756106
7;2025-10-02;18;2865.8745266410133
7;2025-10-02;19;1958.1405176088845
7;2025-10-02;20;1226.1270219229311
7;2025-10-02;21;719.8236659398558
7;2025-10-02;22;370.45716666326854
7;2025-10-02;23;207.5064321366308
7;2025-10-03;0;68.95160371000222
7;2025-10-03;1;0.0
7;2025-10-03;2;0.0
7;2025-10-03;3;0.0
7;2025-10-03;4;0.0
7;2025-10-03;5;126.51950196817735
7;2025-10-03;6;775.5315153633649
7;2025-10-03;7;1641.1369477752758
7;2025-10-03;8;2328.83494274017
7;2025-10-03;9;1797.7931804521063
7;2025-10-03;10;1549.585707249671
7;2025-10-03;11;1536.238229891737
7;2025-10-03;12;1565.021951902274
7;2025-10-03;13;1622.1601794224491
7;2025-10-03;14;1657.8158633754679
7;2025-10-03;15;1773.4980055237495
7;2025-10-03;16;2029.8467316937736
7;2025-10-03;17;2260.502031259278
7;2025-10-03;18;2171.6912771629395
7;2025-10-03;19;1686.595007354901
7;2025-10-03;20;1119.7772213919757
7;2025-10-03;21;664.2130004901949
7;2025-10-03;22;379.03489006444966
7;2025-10-03;23;227.8276276291166
7;2025-10-04;0;63.03958403911381
7;2025-10-04;1;0.0
7;2025-10-04;2;0.0
7;2025-10-04;3;0.0
7;2025-10-04;4;0.0
7;2025-10-04;5;29.986564300691306
7;2025-10-04;6;211.9243336149059
7;2025-10-04;7;330.8329842165015
7;2025-10-04;8;484.0962855140521
7;2025-10-04;9;547.452963966517
7;2025-10-04;10;598.4432853152014
7;2025-10-04;11;701.1441205462677
7;2025-10-04;12;768.2325712213201
7;2025-10-04;13;800.199986985911
7;2025-10-04;14;820.8426174908582
7;2025-10-04;15;779.3605846576538
7;2025-10-04;16;735.8168392877915
7;2025-10-04;17;724.600877207489
7;2025-10-04;18;738.4382956296638
7;2025-10-04;19;701.7025954685824
7;2025-10-04;20;497.6260900013606
7;2025-10-04;21;386.55351231430495
7;2025-10-04;22;217.14094329680023
7;2025-10-04;23;138.2377540594826
7;2025-10-05;0;63.06573425218292
7;2025-10-05;1;0.0
7;2025-10-05;2;0.0
7;2025-10-05;3;0.0
7;2025-10-05;4;0.0
7;2025-10-05;5;21.288263381197396
7;2025-10-05;6;142.97403904487368
7;2025-10-05;7;228.3471748827431
7;2025-10-05;8;334.2657569806622
7;2025-10-05;9;406.9517959384657
7;2025-10-05;10;472.5827030118144
7;2025-10-05;11;588.0435477732717
7;2025-10-05;12;644.8133079020599
7;2025-10-05;13;680.2674115369064
7;2025-10-05;14;709.304977341394
7;2025-10-05;15;681.0531487694241
7;2025-10-05;16;636.0676566144922
7;2025-10-05;17;663.6944903427038
7;2025-10-05;18;641.6290249048606
7;2025-10-05;19;558.6790243308867
7;2025-10-05;20;422.9475705074418
7;2025-10-05;21;322.78037232049076
7;2025-10-05;22;186.70913726398652
7;2025-10-05;23;112.55724846769982
7;2025-10-06;0;59.49732335635441
7;2025-10-06;1;0.0
7;2025-10-06;2;0.0
7;2025-10-06;3;0.0
7;2025-10-06;4;0.0
7;2025-10-06;5;90.76080161200599
7;2025-10-06;6;791.9361962477949
7;2025-10-06;7;1532.7035913890895
7;2025-10-06;8;2350.4268064013977
7;2025-10-06;9;1795.449659591859
7;2025-10-06;10;1534.0730403014481
7;2025-10-06;11;1281.6461301034956
7;2025-10-06;12;1517.0150360142447
7;2025-10-06;13;1545.4851914837452
7;2025-10-06;14;1459.620942031761
7;2025-10-06;15;1730.46262727346
7;2025-10-06;16;1761.5001703421751
7;2025-10-06;17;2123.946443050293
7;2025-10-06;18;2356.495479211935
7;2025-10-06;19;1790.5842850842691
7;2025-10-06;20;1091.2512024601979
7;2025-10-06;21;559.1971930171396
7;2025-10-06;22;296.8400185273681
7;2025-10-06;23;149.46816952247931
7;2025-10-07;0;50.838224136749766
7;2025-10-07;1;0.0
7;2025-10-07;2;0.0
7;2025-10-07;3;0.0
7;2025-10-07;4;0.0
7;2025-10-07;5;106.5935301393793
7;2025-10-07;6;779.5331749520553
7;2025-10-07;7;1797.3480209118932
7;2025-10-07;8;2588.6366242886306
7;2025-10-07;9;1842.265545585657
7;2025-10-07;10;1587.1963537381614
7;2025-10-07;11;1541.3694977809228
7;2025-10-07;12;1534.7731945067326
7;2025-10-07;13;1558.7823281763388
7;2025-10-07;14;1661.3045149520567
7;2025-10-07;15;1739.563748426829
7;2025-10-07;16;1807.871942524901
7;2025-10-07;17;2282.4891612524325
7;2025-10-07;18;2733.5950730360264
7;2025-10-07;19;1849.1660393462903
7;2025-10-07;20;1146.1884777514956
7;2025-10-07;21;616.6490566528851
7;2025-10-07;22;308.8165549074831
7;2025-10-07;23;190.1524429654932
7;2025-10-08;0;57.057558129808015
7;2025-10-08;1;0.0
7;2025-10-08;2;0.0
7;2025-10-08;3;0.0
7;2025-10-08;4;0.0
7;2025-10-08;5;107.40933928181182
7;2025-10-08;6;730.2700009464656
7;2025-10-08;7;1666.2876955293532
7;2025-10-08;8;2510.8161323250943
7;2025-10-08;9;2042.4857131388535
7;2025-10-08;10;1681.7778701916482
7;2025-10-08;11;1669.1397279467228
7;2025-10-08;12;1647.492925145146
7;2025-10-08;13;1684.5519256994876
7;2025-10-08;14;1719.0825233246435
7;2025-10-08;15;1814.9450537472378
7;2025-10-08;16;1912.2947544901867
7;2025-10-08;17;2458.8371870271058
7;2025-10-08;18;2604.742723747936
7;2025-10-08;19;1879.5716712942449
7;2025-10-08;20;1153.0068382733807
7;2025-10-08;21;667.073088057879
7;2025-10-08;22;353.4159745806068
7;2025-10-08;23;192.24786633027153
7;2025-10-09;0;68.85136169918201
7;2025-10-09;1;0.0
7;2025-10-09;2;0.0
7;2025-10-09;3;0.0
7;2025-10-09;4;0.0
7;2025-10-09;5;136.2454476427181
7;2025-10-09;6;864.1141960670473
7;2025-10-09;7;1748.1143365754779
7;2025-10-09;8;2559.5807128260244
7;2025-10-09;9;1950.59431693232
7;2025-10-09;10;1683.5795103083851
7;2025-10-09;11;1582.6144697323878
7;2025-10-09;12;1619.1303246998166
7;2025-10-09;13;1613.9606537714467
7;2025-10-09;14;1639.5588647280695
7;2025-10-09;15;1746.3418924445832
7;2025-10-09;16;1914.5497893662246
7;2025-10-09;17;2435.259648086231
7;2025-10-09;18;2889.648625720539
7;2025-10-09;19;1974.8618487915342
7;2025-10-09;20;1223.685302715117
7;2025-10-09;21;727.6942355104749
7;2025-10-09;22;379.5800234326622
7;2025-10-09;23;210.42622619299777
7;2025-10-10;0;69.65039112222192
7;2025-10-10;1;0.0
7;2025-10-10;2;0.0
7;2025-10-10;3;0.0
7;2025-10-10;4;0.0
7;2025-10-10;5;126.3027222897959
7;2025-10-10;6;771.7897064375209
7;2025-10-10;7;1636.5456778224093
7;2025-10-10;8;2333.6044502738105
7;2025-10-10;9;1815.2369603304046
7;2025-10-10;10;1566.8290016109877
7;2025-10-10;11;1554.887885499512
7;2025-10-10;12;1582.427961802509
7;2025-10-10;13;1635.0577219315844
7;2025-10-10;14;1662.257348506248
7;2025-10-10;15;1774.1529508777621
7;2025-10-10;16;2050.0997296774703
7;2025-10-10;17;2276.1905386601784
7;2025-10-10;18;2176.2018944086685
7;2025-10-10;19;1683.1389149092906
7;2025-10-10;20;1103.5153463774077
7;2025-10-10;21;662.0590452749127
7;2025-10-10;22;376.07388281062117
7;2025-10-10;23;227.80817764023314
7;2025-10-11;0;60.16865162587784
7;2025-10-11;1;0.0
7;2025-10-11;2;0.0
7;2025-10-11;3;0.0
7;2025-10-11;4;0.0
7;2025-10-11;5;29.132248973640145
7;2025-10-11;6;206.14427892087207
7;2025-10-11;7;324.0191385910495
7;2025-10-11;8;471.8580183088044
7;2025-10-11;9;529.9552756866999
7;2025-10-11;10;577.6224316221842
7;2025-10-11;11;675.5522139661741
7;2025-10-11;12;739.0791239761681
7;2025-10-11;13;767.3994959841203
7;2025-10-11;14;786.2143106235128
7;2025-10-11;15;744.3987709081669
7;2025-10-11;16;711.7826791594518
7;2025-10-11;17;694.2047148694355
7;2025-10-11;18;696.6937139425957
7;2025-10-11;19;664.7004675294199
7;2025-10-11;20;466.9238300498205
7;2025-10-11;21;364.3020601164153
7;2025-10-11;22;202.7422378853136
7;2025-10-11;23;130.8234021723627
7;2025-10-12;0;60.979533768996006
7;2025-10-12;1;0.0
7;2025-10-12;2;0.0
7;2025-10-12;3;0.0
7;2025-10-12;4;0.0
7;2025-10-12;5;20.95216834660208
7;2025-10-12;6;141.31698682086397
7;2025-10-12;7;228.29149801303834
7;2025-10-12;8;331.84334391906305
7;2025-10-12;9;399.02070802706555
7;2025-10-12;10;466.7393530358408
7;2025-10-12;11;579.5406783521372
7;2025-10-12;12;636.0324763579247
7;2025-10-12;13;672.9659460041585
7;2025-10-12;14;703.4751828824144
7;2025-10-12;15;677.940680289856
7;2025-10-12;16;637.3516473027423
7;2025-10-12;17;658.9615037396134
7;2025-10-12;18;628.3251877581771
7;2025-10-12;19;547.0645473415411
7;2025-10-12;20;410.8949482355098
7;2025-10-12;21;319.701257231825
7;2025-10-12;22;184.3029995385375
7;2025-10-12;23;109.63392960082075
7;2025-10-13;0;56.811880143005254
7;2025-10-13;1;0.0
7;2025-10-13;2;0.0
7;2025-10-13;3;0.0
7;2025-10-13;4;0.0
7;2025-10-13;5;89.44776131705397
7;2025-10-13;6;755.8352995504133
7;2025-10-13;7;1469.638212898065
7;2025-10-13;8;2252.9577713301583
7;2025-10-13;9;1699.1276493478072
7;2025-10-13;10;1440.5777181524472
7;2025-10-13;11;1192.9924430859453
7;2025-10-13;12;1407.8379268345834
7;2025-10-13;13;1431.4368893316591
7;2025-10-13;14;1358.1338203781115
7;2025-10-13;15;1612.5200220306187
7;2025-10-13;16;1671.608014967619
7;2025-10-13;17;2014.4431389232975
7;2025-10-13;18;2192.4402501596555
7;2025-10-13;19;1677.3915000266684
7;2025-10-13;20;1001.6656017893431
7;2025-10-13;21;515.4569356932927
7;2025-10-13;22;265.5491466307269
7;2025-10-13;23;136.76827275230085
7;2025-10-14;0;49.37642888574992
7;2025-10-14;1;0.0
7;2025-10-14;2;0.0
7;2025-10-14;3;0.0
7;2025-10-14;4;0.0
7;2025-10-14;5;104.66732956806243
7;2025-10-14;6;765.9568545658728
7;2025-10-14;7;1768.5177227229756
7;2025-10-14;8;2543.3786028543354
7;2025-10-14;9;1792.5518896040664
7;2025-10-14;10;1541.765772299384
7;2025-10-14;11;1491.585605714176
7;2025-10-14;12;1482.0604837505234
7;2025-10-14;13;1507.0095621664902
7;2025-10-14;14;1616.655648955361
7;2025-10-14;15;1700.3341438539715
7;2025-10-14;16;1780.0904833000761
7;2025-10-14;17;2234.065563113071
7;2025-10-14;18;2626.008732603521
7;2025-10-14;19;1776.3876549017214
7;2025-10-14;20;1089.957409887367
7;2025-10-14;21;583.6218587966869
7;2025-10-14;22;283.23014955658687
7;2025-10-14;23;176.93584041866495
7;2025-10-15;0;54.568234524808446
7;2025-10-15;1;0.0
7;2025-10-15;2;0.0
7;2025-10-15;3;0.0
7;2025-10-15;4;0.0
7;2025-10-15;5;103.59426684692548
7;2025-10-15;6;697.6210001789678
7;2025-10-15;7;1597.3100491155878
7;2025-10-15;8;2397.417189569007
7;2025-10-15;9;1920.0371673974869
7;2025-10-15;10;1567.8696188812646
7;2025-10-15;11;1541.5745012921884
7;2025-10-15;12;1513.2203767964209
7;2025-10-15;13;1545.2987670378247
7;2025-10-15;14;1587.9767144307505
7;2025-10-15;15;1687.6844815025165
7;2025-10-15;16;1800.5639827731532
7;2025-10-15;17;2319.9019575295497
7;2025-10-15;18;2435.9658931963318
7;2025-10-15;19;1759.6870391749462
7;2025-10-15;20;1067.8543841444055
7;2025-10-15;21;616.7041716159586
7;2025-10-15;22;314.31224010459493
7;2025-10-15;23;176.22653019557333
7;2025-10-16;0;67.10599770159934
7;2025-10-16;1;0.0
7;2025-10-16;2;0.0
7;2025-10-16;3;0.0
7;2025-10-16;4;0.0
7;2025-10-16;5;138.6386039597501
7;2025-10-16;6;869.8108802790854
7;2025-10-16;7;1766.2200414548079
7;2025-10-16;8;2572.3859672480767
7;2025-10-16;9;1941.9624724976848
7;2025-10-16;10;1666.1712531345765
7;2025-10-16;11;1561.4597809965308
7;2025-10-16;12;1598.132968076475
7;2025-10-16;13;1599.0007501473492
7;2025-10-16;14;1641.028444228295
7;2025-10-16;15;1759.2495138628672
7;2025-10-16;16;1938.7533661980888
7;2025-10-16;17;2452.683442467754
7;2025-10-16;18;2863.9813553472704
7;2025-10-16;19;1962.2206506646176
7;2025-10-16;20;1203.7703454661778
7;2025-10-16;21;713.2436338630029
7;2025-10-16;22;356.4405011607754
7;2025-10-16;23;204.02000696519238
7;2025-10-17;0;66.21670263032865
7;2025-10-17;1;0.0
7;2025-10-17;2;0.0
7;2025-10-17;3;0.0
7;2025-10-17;4;0.0
7;2025-10-17;5;123.62586267072285
7;2025-10-17;6;756.6397714868514
7;2025-10-17;7;1614.760159778031
7;2025-10-17;8;2299.2535426188433
7;2025-10-17;9;1762.916510604664
7;2025-10-17;10;1518.4622251603673
7;2025-10-17;11;1509.0644805114666
7;2025-10-17;12;1539.9504763347722
7;2025-10-17;13;1595.80042435929
7;2025-10-17;14;1632.4550280149554
7;2025-10-17;15;1745.1987300490744
7;2025-10-17;16;2007.2606208002198
7;2025-10-17;17;2195.296772938782
7;2025-10-17;18;2092.8944990699256
7;2025-10-17;19;1624.4294916318502
7;2025-10-17;20;1054.543238283738
7;2025-10-17;21;629.0528505485954
7;2025-10-17;22;350.3691453000073
7;2025-10-17;23;216.63612555810244
7;2025-10-18;0;59.3772756834306
7;2025-10-18;1;0.0
7;2025-10-18;2;0.0
7;2025-10-18;3;0.0
7;2025-10-18;4;0.0
7;2025-10-18;5;29.53100488780004
7;2025-10-18;6;209.1942383878693
7;2025-10-18;7;328.88394898238334
7;2025-10-18;8;473.1971654960719
7;2025-10-18;9;529.6254314947232
7;2025-10-18;10;576.3350658483514
7;2025-10-18;11;675.4619649962408
7;2025-10-18;12;740.8592575353767
7;2025-10-18;13;771.3865725051942
7;2025-10-18;14;794.8248444716239
7;2025-10-18;15;756.3084221448098
7;2025-10-18;16;726.7413901864761
7;2025-10-18;17;711.0117981451826
7;2025-10-18;18;708.9969722414239
7;2025-10-18;19;674.6117343959966
7;2025-10-18;20;469.95211108620765
7;2025-10-18;21;368.9855473764602
7;2025-10-18;22;204.40603018023893
7;2025-10-18;23;131.37296061036278
7;2025-10-19;0;63.57140556825647
7;2025-10-19;1;0.0
7;2025-10-19;2;0.0
7;2025-10-19;3;0.0
7;2025-10-19;4;0.0
7;2025-10-19;5;21.67037840239507
7;2025-10-19;6;146.33521616593868
7;2025-10-19;7;233.1488244979784
7;2025-10-19;8;333.94122365915905
7;2025-10-19;9;410.5788440294939
7;2025-10-19;10;482.0423961907451
7;2025-10-19;11;603.2897818981735
7;2025-10-19;12;664.4257421408417
7;2025-10-19;13;704.1324735932283
7;2025-10-19;14;738.7968511686521
7;2025-10-19;15;714.1569668127272
7;2025-10-19;16;672.5914293183847
7;2025-10-19;17;702.1468613081298
7;2025-10-19;18;671.799372137272
7;2025-10-19;19;582.116814921072
7;2025-10-19;20;433.6623346573027
7;2025-10-19;21;335.49283485254114
7;2025-10-19;22;192.54941613345204
7;2025-10-19;23;115.51962084225364
7;2025-10-20;0;60.839190084079235
7;2025-10-20;1;0.0
7;2025-10-20;2;0.0
7;2025-10-20;3;0.0
7;2025-10-20;4;0.0
7;2025-10-20;5;95.73133544795638
7;2025-10-20;6;824.3122378592839
7;2025-10-20;7;1614.4398169592728
7;2025-10-20;8;2475.616522394229
7;2025-10-20;9;1869.8437881111176
7;2025-10-20;10;1593.3412687634027
7;2025-10-20;11;1337.0775324299282
7;2025-10-20;12;1593.4312428655207
7;2025-10-20;13;1634.139122935047
7;2025-10-20;14;1561.8767783667736
7;2025-10-20;15;1857.1138837808057
7;2025-10-20;16;1896.1810513613752
7;2025-10-20;17;2257.4993635355413
7;2025-10-20;18;2437.359448203893
7;2025-10-20;19;1857.1506093888174
7;2025-10-20;20;1103.4140284365767
7;2025-10-20;21;564.916430523398
7;2025-10-20;22;287.4900814627395
7;2025-10-20;23;147.2939650671674
7;2025-10-21;0;50.23627392322999
7;2025-10-21;1;0.0
7;2025-10-21;2;0.0
7;2025-10-21;3;0.0
7;2025-10-21;4;0.0
7;2025-10-21;5;108.08088924923825
7;2025-10-21;6;790.5374459140436
7;2025-10-21;7;1831.0414519963476
7;2025-10-21;8;2622.7675754828633
7;2025-10-21;9;1850.0298856022064
7;2025-10-21;10;1588.5475325608613
7;2025-10-21;11;1545.3284248109182
7;2025-10-21;12;1544.400577464065
7;2025-10-21;13;1574.4813934070971
7;2025-10-21;14;1694.0396349751513
7;2025-10-21;15;1781.4711804356984
7;2025-10-21;16;1857.1545070361462
7;2025-10-21;17;2326.9339859287456
7;2025-10-21;18;2738.9038796485384
7;2025-10-21;19;1850.125441596848
7;2025-10-21;20;1129.325613547103
7;2025-10-21;21;603.0495041840724
7;2025-10-21;22;289.62664682540367
7;2025-10-21;23;181.9550183034035
7;2025-10-22;0;57.23019896851463
7;2025-10-22;1;0.0
7;2025-10-22;2;0.0
7;2025-10-22;3;0.0
7;2025-10-22;4;0.0
7;2025-10-22;5;110.98036153063902
7;2025-10-22;6;749.1600620351883
7;2025-10-22;7;1715.0071506905476
7;2025-10-22;8;2558.022830052857
7;2025-10-22;9;2062.0693217474945
7;2025-10-22;10;1688.9998875785607
7;2025-10-22;11;1678.5574247768898
7;2025-10-22;12;1663.3302367335816
7;2025-10-22;13;1709.2198251460327
7;2025-10-22;14;1765.9973655337994
7;2025-10-22;15;1877.8052242138338
7;2025-10-22;16;1989.0859002459476
7;2025-10-22;17;2547.718729730563
7;2025-10-22;18;2651.0585399170595
7;2025-10-22;19;1911.62912420162
7;2025-10-22;20;1154.7472843072237
7;2025-10-22;21;664.8200921572475
7;2025-10-22;22;336.35372817797446
7;2025-10-22;23;188.70777179074832
7;2025-10-23;0;66.91888995705528
7;2025-10-23;1;0.0
7;2025-10-23;2;0.0
7;2025-10-23;3;0.0
7;2025-10-23;4;0.0
7;2025-10-23;5;140.02995465222168
7;2025-10-23;6;883.8053128835436
7;2025-10-23;7;1800.434633783597
7;2025-10-23;8;2619.8648555201953
7;2025-10-23;9;1964.1003644421614
7;2025-10-23;10;1686.9557645859995
7;2025-10-23;11;1583.2816945559111
7;2025-10-23;12;1624.3755486109153
7;2025-10-23;13;1623.3284270985766
7;2025-10-23;14;1668.4731535054666
7;2025-10-23;15;1787.5555971519102
7;2025-10-23;16;1971.074796684805
7;2025-10-23;17;2498.414154565668
7;2025-10-23;18;2929.142406502049
7;2025-10-23;19;1994.120005183456
7;2025-10-23;20;1212.6933366072262
7;2025-10-23;21;715.2415646282714
7;2025-10-23;22;354.6483858386547
7;2025-10-23;23;204.42171186558602
7;2025-10-24;0;67.566808006764
7;2025-10-24;1;0.0
7;2025-10-24;2;0.0
7;2025-10-24;3;0.0
7;2025-10-24;4;0.0
7;2025-10-24;5;127.72944450067764
7;2025-10-24;6;784.2501262011297
7;2025-10-24;7;1667.4068177327104
7;2025-10-24;8;2359.4122750764864
7;2025-10-24;9;1808.3118305545013
7;2025-10-24;10;1555.4061896529684
7;2025-10-24;11;1544.4704894482559
7;2025-10-24;12;1576.5169096111858
7;2025-10-24;13;1630.484078752227
7;2025-10-24;14;1669.5912706186518
7;2025-10-24;15;1785.6026527355073
7;2025-10-24;16;2061.82950699143
7;2025-10-24;17;2268.265568285021
7;2025-10-24;18;2163.9131631897408
7;2025-10-24;19;1676.6072511118246
7;2025-10-24;20;1082.4355244351214
7;2025-10-24;21;644.1468037512882
7;2025-10-24;22;356.6418496733756
7;2025-10-24;23;221.23745909736604
7;2025-10-25;0;63.301656769083074
7;2025-10-25;1;0.0
7;2025-10-25;2;0.0
7;2025-10-25;3;0.0
7;2025-10-25;4;0.0
7;2025-10-25;5;30.703555938124943
7;2025-10-25;6;218.64233802911514
7;2025-10-25;7;344.59527995669447
7;2025-10-25;8;499.86229390535703
7;2025-10-25;9;556.8844014329499
7;2025-10-25;10;608.9723979051496
7;2025-10-25;11;715.4069433372638
7;2025-10-25;12;786.4075843745848
7;2025-10-25;13;819.4928523730053
7;2025-10-25;14;844.3335108753831
7;2025-10-25;15;803.1592028049956
7;2025-10-25;16;767.3767278218188
7;2025-10-25;17;749.7099280776434
7;2025-10-25;18;756.9726892466315
7;2025-10-25;19;715.3039035045207
7;2025-10-25;20;495.9845566542201
7;2025-10-25;21;388.5608765581289
7;2025-10-25;22;214.90396320129105
7;2025-10-25;23;138.48590431799437
7;2025-10-26;0;60.72399673871063
7;2025-10-26;1;0.0
7;2025-10-26;2;0.0
7;2025-10-26;3;0.0
7;2025-10-26;4;0.0
7;2025-10-26;5;21.388619202929092
7;2025-10-26;6;144.3771860018905
7;2025-10-26;7;232.9601449308275
7;2025-10-26;8;335.09525386522614
7;2025-10-26;9;398.01325265198784
7;2025-10-26;10;460.23216267516614
7;2025-10-26;11;571.0735096043925
7;2025-10-26;12;627.3853321375714
7;2025-10-26;13;664.8539339249985
7;2025-10-26;14;696.0401026512363
7;2025-10-26;15;669.6963098201459
7;2025-10-26;16;629.5361320897015
7;2025-10-26;17;650.5846949792558
7;2025-10-26;18;626.767401789075
7;2025-10-26;19;548.6498014140398
7;2025-10-26;20;410.8524170395415
7;2025-10-26;21;319.617848480886
7;2025-10-26;22;183.21632218319996
7;2025-10-26;23;109.1741442401771
7;2025-10-27;0;59.68132738026791
7;2025-10-27;1;0.0
7;2025-10-27;2;0.0
7;2025-10-27;3;0.0
7;2025-10-27;4;0.0
7;2025-10-27;5;94.82502550031094
7;2025-10-27;6;815.7225589081331
7;2025-10-27;7;1591.1439394592123
7;2025-10-27;8;2423.143452058999
7;2025-10-27;9;1824.7041189367928
7;2025-10-27;10;1556.8050493389942
7;2025-10-27;11;1308.3491272126025
7;2025-10-27;12;1563.954955387703
7;2025-10-27;13;1606.6183027335626
7;2025-10-27;14;1539.1308322516102
7;2025-10-27;15;1832.7047350712774
7;2025-10-27;16;1867.5676537813044
7;2025-10-27;17;2217.628100985085
7;2025-10-27;18;2401.167986876094
7;2025-10-27;19;1834.6776978157004
7;2025-10-27;20;1087.8435668141715
7;2025-10-27;21;557.2367012990119
7;2025-10-27;22;283.6742008189181
7;2025-10-27;23;145.19486156891702
7;2025-10-28;0;48.95324402596274
7;2025-10-28;1;0.0
7;2025-10-28;2;0.0
7;2025-10-28;3;0.0
7;2025-10-28;4;0.0
7;2025-10-28;5;105.90591622737287
7;2025-10-28;6;777.9916355979595
7;2025-10-28;7;1794.416442793703
7;2025-10-28;8;2562.349807639672
7;2025-10-28;9;1807.908493462944
7;2025-10-28;10;1555.2195202423761
7;2025-10-28;11;1512.0920868733292
7;2025-10-28;12;1508.1678324904974
7;2025-10-28;13;1533.4313684919716
7;2025-10-28;14;1645.101354325255
7;2025-10-28;15;1721.4697040843507
7;2025-10-28;16;1808.3245601140625
7;2025-10-28;17;2267.913772912888
7;2025-10-28;18;2658.3616286779616
7;2025-10-28;19;1796.8560728581224
7;2025-10-28;20;1096.2602419521463
7;2025-10-28;21;584.839549516166
7;2025-10-28;22;279.96882444467843
7;2025-10-28;23;176.52209292996804
7;2025-10-29;0;55.5219886172454
7;2025-10-29;1;0.0
7;2025-10-29;2;0.0
7;2025-10-29;3;0.0
7;2025-10-29;4;0.0
7;2025-10-29;5;107.31008434965622
7;2025-10-29;6;723.5260910893976
7;2025-10-29;7;1654.1357099933914
7;2025-10-29;8;2466.4011344587607
7;2025-10-29;9;1980.0019645771936
7;2025-10-29;10;1614.9766319363657
7;2025-10-29;11;1594.541113998764
7;2025-10-29;12;1572.8038013022083
7;2025-10-29;13;1610.405952357335
7;2025-10-29;14;1662.2667780492202
7;2025-10-29;15;1769.8800949320143
7;2025-10-29;16;1884.1481081900356
7;2025-10-29;17;2422.77180025698
7;2025-10-29;18;2536.0060574499025
7;2025-10-29;19;1833.4213826235848
7;2025-10-29;20;1107.1665337657764
7;2025-10-29;21;638.2549116617872
7;2025-10-29;22;323.12642618910854
7;2025-10-29;23;181.7175475568845
7;2025-10-30;0;65.17718786457002
7;2025-10-30;1;0.0
7;2025-10-30;2;0.0
7;2025-10-30;3;0.0
7;2025-10-30;4;0.0
7;2025-10-30;5;136.9052330982671
7;2025-10-30;6;864.5521766202111
7;2025-10-30;7;1759.5595167884487
7;2025-10-30;8;2556.8583730971422
7;2025-10-30;9;1912.9311968484012
7;2025-10-30;10;1636.09667532717
7;2025-10-30;11;1530.299516362163
7;2025-10-30;12;1565.0672263728788
7;2025-10-30;13;1558.730007722818
7;2025-10-30;14;1598.1447138091307
7;2025-10-30;15;1712.858503024974
7;2025-10-30;16;1894.1886613997715
7;2025-10-30;17;2403.191986541667
7;2025-10-30;18;2830.8703798829274
7;2025-10-30;19;1934.8635768032573
7;2025-10-30;20;1176.2413603825619
7;2025-10-30;21;693.7111993680924
7;2025-10-30;22;343.97376906105933
7;2025-10-30;23;198.3574094890298
7;2025-10-31;0;65.29810822841753
7;2025-10-31;1;0.0
7;2025-10-31;2;0.0
7;2025-10-31;3;0.0
7;2025-10-31;4;0.0
7;2025-10-31;5;123.51794481633748
7;2025-10-31;6;761.8857514724522
7;2025-10-31;7;1627.0668746297742
7;2025-10-31;8;2292.8100453853394
7;2025-10-31;9;1756.7264990477165
7;2025-10-31;10;1497.6399076896455
7;2025-10-31;11;1479.9546744905867
7;2025-10-31;12;1504.862307335464
7;2025-10-31;13;1553.2115610187461
7;2025-10-31;14;1587.07402147039
7;2025-10-31;15;1693.0874722912454
7;2025-10-31;16;1977.3026747343124
7;2025-10-31;17;2186.9180224933625
7;2025-10-31;18;2077.420602759732
7;2025-10-31;19;1612.5869885687816
7;2025-10-31;20;1044.0478359201252
7;2025-10-31;21;623.1680118877975
7;2025-10-31;22;344.8881956205404
7;2025-10-31;23;212.75123888302602
7;2025-11-01;0;27.74619311977805
7;2025-11-01;1;0.0
7;2025-11-01;2;0.0
7;2025-11-01;3;0.0
7;2025-11-01;4;0.0
7;2025-11-01;5;52.24519081319703
7;2025-11-01;6;319.90089701210866
7;2025-11-01;7;679.0736257286642
7;2025-11-01;8;960.5317186753884
7;2025-11-01;9;740.1206587333783
7;2025-11-01;10;636.9783518800018
7;2025-11-01;11;632.3716599047455
7;2025-11-01;12;645.3512494437779
7;2025-11-01;13;668.4602587150287
7;2025-11-01;14;683.477506421662
7;2025-11-01;15;731.5348655648125
7;2025-11-01;16;844.5528476124922
7;2025-11-01;17;932.678602414007
7;2025-11-01;18;888.4115551424219
7;2025-11-01;19;689.9094470894687
7;2025-11-01;20;447.1448371263634
7;2025-11-01;21;267.1514727048979
7;2025-11-01;22;148.322574930206
7;2025-11-01;23;91.49459948196211
7;2025-11-02;0;65.27466172509577
7;2025-11-02;1;0.0
7;2025-11-02;2;0.0
7;2025-11-02;3;0.0
7;2025-11-02;4;0.0
7;2025-11-02;5;22.346257213440694
7;2025-11-02;6;152.3726010163599
7;2025-11-02;7;245.31497455552994
7;2025-11-02;8;350.1961684398163
7;2025-11-02;9;424.91881362146285
7;2025-11-02;10;501.34193925779095
7;2025-11-02;11;631.1981533015891
7;2025-11-02;12;698.542209679415
7;2025-11-02;13;741.8884416992589
7;2025-11-02;14;781.4886528651596
7;2025-11-02;15;755.7943778024677
7;2025-11-02;16;707.9323933985258
7;2025-11-02;17;730.6334963128986
7;2025-11-02;18;699.6961614247086
7;2025-11-02;19;604.9735885756725
7;2025-11-02;20;447.5228761691287
7;2025-11-02;21;345.6220461184241
7;2025-11-02;22;197.15963379786984
7;2025-11-02;23;118.39710602348897
7;2025-11-03;0;92.1431475249311
7;2025-11-03;1;0.0
7;2025-11-03;2;0.0
7;2025-11-03;3;0.0
7;2025-11-03;4;0.0
7;2025-11-03;5;38.35891897506518
7;2025-11-03;6;269.11887362693903
7;2025-11-03;7;426.0876188891573
7;2025-11-03;8;582.2009389758258
7;2025-11-03;9;680.8764226608428
7;2025-11-03;10;774.3936486635421
7;2025-11-03;11;942.5841339577089
7;2025-11-03;12;1071.3346364556962
7;2025-11-03;13;1132.0364132152088
7;2025-11-03;14;1185.17327299662
7;2025-11-03;15;1136.2935419860137
7;2025-11-03;16;1084.3205109180835
7;2025-11-03;17;1101.9576910031492
7;2025-11-03;18;1062.2805994892592
7;2025-11-03;19;953.3175414817631
7;2025-11-03;20;688.9083556865029
7;2025-11-03;21;537.2627927006909
7;2025-11-03;22;310.02983361889125
7;2025-11-03;23;186.64854601430022
11;2025-09-04;0;75.24241948223218
11;2025-09-04;1;0.0
11;2025-09-04;2;0.0
11;2025-09-04;3;0.0
11;2025-09-04;4;0.0
11;2025-09-04;5;299.3721054213069
11;2025-09-04;6;1662.9777983876752
11;2025-09-04;7;2487.390456608672
11;2025-09-04;8;3025.1471632046305
11;2025-09-04;9;2477.7278245582233
11;2025-09-04;10;1951.5088193564825
11;2025-09-04;11;1927.5526317403894
11;2025-09-04;12;1948.62911243006
11;2025-09-04;13;2023.4733509449009
11;2025-09-04;14;2016.9448938584815
11;2025-09-04;15;2078.2526639719313
11;2025-09-04;16;2314.33432932931
11;2025-09-04;17;2884.9392121055284
11;2025-09-04;18;3341.375576329725
11;2025-09-04;19;2594.5408983222987
11;2025-09-04;20;1698.2997119295533
11;2025-09-04;21;988.216343541282
11;2025-09-04;22;528.3208248381225
11;2025-09-04;23;277.85693336662735
11;2025-09-05;0;78.47773092169072
11;2025-09-05;1;0.0
11;2025-09-05;2;0.0
11;2025-09-05;3;0.0
11;2025-09-05;4;0.0
11;2025-09-05;5;290.5373067087205
11;2025-09-05;6;1613.2839905701169
11;2025-09-05;7;2339.9394654141506
11;2025-09-05;8;2864.2718062331396
11;2025-09-05;9;2329.332016195365
11;2025-09-05;10;1884.5438122304708
11;2025-09-05;11;1908.9534635292443
11;2025-09-05;12;1958.9745211697566
11;2025-09-05;13;1983.7893019928242
11;2025-09-05;14;2040.9536981044266
11;2025-09-05;15;2157.806778645786
11;2025-09-05;16;2480.549375178642
11;2025-09-05;17;2862.6570193553925
11;2025-09-05;18;2714.228645606823
11;2025-09-05;19;2312.1896462082623
11;2025-09-05;20;1595.2605556710764
11;2025-09-05;21;945.5960907488151
11;2025-09-05;22;511.871298069416
11;2025-09-05;23;293.2498215819692
11;2025-09-06;0;105.76793647144095
11;2025-09-06;1;0.0
11;2025-09-06;2;0.0
11;2025-09-06;3;0.0
11;2025-09-06;4;0.0
11;2025-09-06;5;193.4071622885739
11;2025-09-06;6;973.0265512237488
11;2025-09-06;7;781.8550276542239
11;2025-09-06;8;950.5947951334887
11;2025-09-06;9;1132.085121619121
11;2025-09-06;10;1250.3558703476112
11;2025-09-06;11;1617.7579722356188
11;2025-09-06;12;1739.062505269009
11;2025-09-06;13;1708.656184989576
11;2025-09-06;14;1738.952195878387
11;2025-09-06;15;1720.1312055623798
11;2025-09-06;16;1723.2687982698321
11;2025-09-06;17;1821.2577607401267
11;2025-09-06;18;1705.7877246948228
11;2025-09-06;19;1602.9755742656353
11;2025-09-06;20;1182.4730133152252
11;2025-09-06;21;813.8350678075144
11;2025-09-06;22;473.43432294668526
11;2025-09-06;23;319.8039574728178
11;2025-09-07;0;111.59454471406889
11;2025-09-07;1;0.0
11;2025-09-07;2;0.0
11;2025-09-07;3;0.0
11;2025-09-07;4;0.0
11;2025-09-07;5;124.49587269374196
11;2025-09-07;6;693.9925412962398
11;2025-09-07;7;582.7642244499323
11;2025-09-07;8;738.2865680272025
11;2025-09-07;9;947.2919937920019
11;2025-09-07;10;1123.6334041053856
11;2025-09-07;11;1488.6501729041142
11;2025-09-07;12;1619.8043616320904
11;2025-09-07;13;1594.7578168591094
11;2025-09-07;14;1649.8968105006757
11;2025-09-07;15;1664.8869669665023
11;2025-09-07;16;1637.1348463127629
11;2025-09-07;17;1768.0227187319501
11;2025-09-07;18;1609.245753366631
11;2025-09-07;19;1383.3105655100717
11;2025-09-07;20;1065.5492120237686
11;2025-09-07;21;745.2578164390866
11;2025-09-07;22;434.57810176660155
11;2025-09-07;23;274.6468984639414
11;2025-09-08;0;103.2003283808458
11;2025-09-08;1;0.0
11;2025-09-08;2;0.0
11;2025-09-08;3;0.0
11;2025-09-08;4;0.0
11;2025-09-08;5;284.7480410774398
11;2025-09-08;6;1634.1291553672722
11;2025-09-08;7;2590.250018243289
11;2025-09-08;8;3111.615045052465
11;2025-09-08;9;2381.2031540228
11;2025-09-08;10;1865.610889030279
11;2025-09-08;11;1799.211325273881
11;2025-09-08;12;1852.8977033101874
11;2025-09-08;13;1841.7491581540023
11;2025-09-08;14;1816.174174735654
11;2025-09-08;15;1929.7800093479173
11;2025-09-08;16;2064.8144760337677
11;2025-09-08;17;2781.8416341288125
11;2025-09-08;18;3299.2532312461935
11;2025-09-08;19;2472.7975133989007
11;2025-09-08;20;1660.1073751659435
11;2025-09-08;21;896.4822351253238
11;2025-09-08;22;434.99482350644155
11;2025-09-08;23;216.7766402311941
11;2025-09-09;0;57.74831917202023
11;2025-09-09;1;0.0
11;2025-09-09;2;0.0
11;2025-09-09;3;0.0
11;2025-09-09;4;0.0
11;2025-09-09;5;268.4578138916355
11;2025-09-09;6;1780.0422563252982
11;2025-09-09;7;2737.580954464953
11;2025-09-09;8;3306.570033726938
11;2025-09-09;9;2456.9233313094946
11;2025-09-09;10;1826.3964537228537
11;2025-09-09;11;1989.9351068543579
11;2025-09-09;12;1822.7083046590421
11;2025-09-09;13;1795.2972576174038
11;2025-09-09;14;1905.6571842809058
11;2025-09-09;15;1961.7700476779037
11;2025-09-09;16;2285.613845624372
11;2025-09-09;17;2850.9373523625127
11;2025-09-09;18;3385.7041652953376
11;2025-09-09;19;2588.0734392203626
11;2025-09-09;20;1616.389729289744
11;2025-09-09;21;958.2214898438368
11;2025-09-09;22;444.61941864194773
11;2025-09-09;23;224.32131095885302
11;2025-09-10;0;66.73906023267067
11;2025-09-10;1;0.0
11;2025-09-10;2;0.0
11;2025-09-10;3;0.0
11;2025-09-10;4;0.0
11;2025-09-10;5;275.76008224021837
11;2025-09-10;6;1602.750657554754
11;2025-09-10;7;2633.5966377695804
11;2025-09-10;8;3400.4803062730225
11;2025-09-10;9;2449.727153786487
11;2025-09-10;10;1776.0994572108561
11;2025-09-10;11;1916.6087268624865
11;2025-09-10;12;1905.0970821054743
11;2025-09-10;13;1825.6069582224236
11;2025-09-10;14;1983.2987185845923
11;2025-09-10;15;1971.958569998712
11;2025-09-10;16;2229.0483108249337
11;2025-09-10;17;2783.8891637788865
11;2025-09-10;18;3412.175611358415
11;2025-09-10;19;2692.8298625136763
11;2025-09-10;20;1812.4582619421283
11;2025-09-10;21;915.9029723642719
11;2025-09-10;22;495.89365097181326
11;2025-09-10;23;268.2544253466906
11;2025-09-11;0;76.03297068642252
11;2025-09-11;1;0.0
11;2025-09-11;2;0.0
11;2025-09-11;3;0.0
11;2025-09-11;4;0.0
11;2025-09-11;5;299.1854915631472
11;2025-09-11;6;1662.167663332632
11;2025-09-11;7;2490.5872211769138
11;2025-09-11;8;3050.322639076101
11;2025-09-11;9;2494.823555523405
11;2025-09-11;10;1964.3939136264362
11;2025-09-11;11;1933.1499812818615
11;2025-09-11;12;1947.7188019492792
11;2025-09-11;13;2022.9333601890871
11;2025-09-11;14;2010.4599983609812
11;2025-09-11;15;2077.8123140710572
11;2025-09-11;16;2320.6574639889222
11;2025-09-11;17;2907.9614137250437
11;2025-09-11;18;3380.6876577102985
11;2025-09-11;19;2613.877514130909
11;2025-09-11;20;1710.6917904180827
11;2025-09-11;21;1001.7658846801502
11;2025-09-11;22;536.6118164888901
11;2025-09-11;23;275.98890907086883
11;2025-09-12;0;79.57387036647557
11;2025-09-12;1;0.0
11;2025-09-12;2;0.0
11;2025-09-12;3;0.0
11;2025-09-12;4;0.0
11;2025-09-12;5;290.19219253634316
11;2025-09-12;6;1611.345904747422
11;2025-09-12;7;2343.6051413085515
11;2025-09-12;8;2876.6693702315706
11;2025-09-12;9;2331.173956737186
11;2025-09-12;10;1882.1170650683348
11;2025-09-12;11;1897.0156790985561
11;2025-09-12;12;1939.7982792616995
11;2025-09-12;13;1965.3965951048044
11;2025-09-12;14;2025.338060577638
11;2025-09-12;15;2152.67871266104
11;2025-09-12;16;2502.98427919443
11;2025-09-12;17;2892.263399368714
11;2025-09-12;18;2747.7605451493705
11;2025-09-12;19;2326.1259765019067
11;2025-09-12;20;1604.6012988049122
11;2025-09-12;21;957.7334103972887
11;2025-09-12;22;519.0788739899358
11;2025-09-12;23;296.32242538382616
11;2025-09-13;0;106.19068875094138
11;2025-09-13;1;0.0
11;2025-09-13;2;0.0
11;2025-09-13;3;0.0
11;2025-09-13;4;0.0
11;2025-09-13;5;194.02471965044714
11;2025-09-13;6;977.4467172507832
11;2025-09-13;7;787.7220608529999
11;2025-09-13;8;961.4324151048487
11;2025-09-13;9;1137.501115201487
11;2025-09-13;10;1252.6235489519051
11;2025-09-13;11;1616.446327231086
11;2025-09-13;12;1744.4693581288425
11;2025-09-13;13;1713.4794589177327
11;2025-09-13;14;1744.1903330316966
11;2025-09-13;15;1729.8958033275385
11;2025-09-13;16;1743.3922672433387
11;2025-09-13;17;1837.3170842326153
11;2025-09-13;18;1725.4189421425972
11;2025-09-13;19;1615.55245708627
11;2025-09-13;20;1190.0661286122108
11;2025-09-13;21;818.2339839033611
11;2025-09-13;22;473.07483906699804
11;2025-09-13;23;320.2847693489689
11;2025-09-14;0;111.43114257512414
11;2025-09-14;1;0.0
11;2025-09-14;2;0.0
11;2025-09-14;3;0.0
11;2025-09-14;4;0.0
11;2025-09-14;5;124.82839541471083
11;2025-09-14;6;696.5196822885599
11;2025-09-14;7;587.7376035701739
11;2025-09-14;8;744.262570031261
11;2025-09-14;9;950.6749931229501
11;2025-09-14;10;1125.2592372918216
11;2025-09-14;11;1488.3472823953643
11;2025-09-14;12;1626.6768534662845
11;2025-09-14;13;1601.0642499924159
11;2025-09-14;14;1658.1966174105157
11;2025-09-14;15;1675.8223763342544
11;2025-09-14;16;1656.800750189091
11;2025-09-14;17;1779.6820364340415
11;2025-09-14;18;1613.69320284483
11;2025-09-14;19;1388.0030334502053
11;2025-09-14;20;1062.308439991907
11;2025-09-14;21;741.3063681221151
11;2025-09-14;22;429.37397375961103
11;2025-09-14;23;274.2847600593193
11;2025-09-15;0;101.60609748799732
11;2025-09-15;1;0.0
11;2025-09-15;2;0.0
11;2025-09-15;3;0.0
11;2025-09-15;4;0.0
11;2025-09-15;5;283.9393990727669
11;2025-09-15;6;1636.3315764827855
11;2025-09-15;7;2600.8463821432715
11;2025-09-15;8;3131.50108005344
11;2025-09-15;9;2384.2692029815034
11;2025-09-15;10;1869.2557153113794
11;2025-09-15;11;1800.3772442025656
11;2025-09-15;12;1849.8369244751282
11;2025-09-15;13;1840.6785119103797
11;2025-09-15;14;1816.1942690532248
11;2025-09-15;15;1935.782908346362
11;2025-09-15;16;2076.6229627621633
11;2025-09-15;17;2803.05463524921
11;2025-09-15;18;3318.210368052827
11;2025-09-15;19;2483.436620199217
11;2025-09-15;20;1661.4687159338273
11;2025-09-15;21;899.1774317672573
11;2025-09-15;22;436.7880565298061
11;2025-09-15;23;217.54772110713637
11;2025-09-16;0;57.008837208210316
11;2025-09-16;1;0.0
11;2025-09-16;2;0.0
11;2025-09-16;3;0.0
11;2025-09-16;4;0.0
11;2025-09-16;5;273.4614004742755
11;2025-09-16;6;1815.8771273738973
11;2025-09-16;7;2793.900345331005
11;2025-09-16;8;3375.540386065025
11;2025-09-16;9;2501.2650724551945
11;2025-09-16;10;1866.3221671985052
11;2025-09-16;11;2032.3906277353892
11;2025-09-16;12;1858.6504606577776
11;2025-09-16;13;1830.657823052968
11;2025-09-16;14;1940.575371648482
11;2025-09-16;15;1998.2766145087767
11;2025-09-16;16;2328.7863078589517
11;2025-09-16;17;2911.1622595910185
11;2025-09-16;18;3469.474341360652
11;2025-09-16;19;2645.3716959300054
11;2025-09-16;20;1638.5291260494428
11;2025-09-16;21;969.8077783214526
11;2025-09-16;22;451.682343757682
11;2025-09-16;23;228.60168630356526
11;2025-09-17;0;67.04680893182407
11;2025-09-17;1;0.0
11;2025-09-17;2;0.0
11;2025-09-17;3;0.0
11;2025-09-17;4;0.0
11;2025-09-17;5;276.59984575536475
11;2025-09-17;6;1613.4207861315708
11;2025-09-17;7;2649.485040811287
11;2025-09-17;8;3428.2133566871744
11;2025-09-17;9;2465.7836437283595
11;2025-09-17;10;1791.996233407585
11;2025-09-17;11;1933.6885823178766
11;2025-09-17;12;1919.2675749582088
11;2025-09-17;13;1838.5827841332782
11;2025-09-17;14;1995.0324453240187
11;2025-09-17;15;1983.6975657241194
11;2025-09-17;16;2245.0439085844614
11;2025-09-17;17;2808.8414259570736
11;2025-09-17;18;3443.8263104221255
11;2025-09-17;19;2714.2261205788745
11;2025-09-17;20;1819.460588007265
11;2025-09-17;21;919.8444152999326
11;2025-09-17;22;495.5240944421506
11;2025-09-17;23;270.31260451321555
11;2025-09-18;0;76.27514233784957
11;2025-09-18;1;0.0
11;2025-09-18;2;0.0
11;2025-09-18;3;0.0
11;2025-09-18;4;0.0
11;2025-09-18;5;298.33525864612454
11;2025-09-18;6;1659.2811701396827
11;2025-09-18;7;2492.6409564020123
11;2025-09-18;8;3061.1193883675473
11;2025-09-18;9;2491.1164341910076
11;2025-09-18;10;1960.7900830279796
11;2025-09-18;11;1924.570979156346
11;2025-09-18;12;1931.9472911175649
11;2025-09-18;13;2004.4902282468984
11;2025-09-18;14;1991.6014735444764
11;2025-09-18;15;2063.03140327618
11;2025-09-18;16;2319.1075030720503
11;2025-09-18;17;2922.585134250968
11;2025-09-18;18;3381.052529069044
11;2025-09-18;19;2607.7173609465412
11;2025-09-18;20;1698.066950506088
11;2025-09-18;21;995.1460302011417
11;2025-09-18;22;530.1094253150868
11;2025-09-18;23;275.2186698246153
11;2025-09-19;0;76.6515012432576
11;2025-09-19;1;0.0
11;2025-09-19;2;0.0
11;2025-09-19;3;0.0
11;2025-09-19;4;0.0
11;2025-09-19;5;276.54095263411494
11;2025-09-19;6;1540.047770728314
11;2025-09-19;7;2251.4606668898814
11;2025-09-19;8;2761.651951642958
11;2025-09-19;9;2227.3975998781725
11;2025-09-19;10;1787.8512546540787
11;2025-09-19;11;1784.329603075908
11;2025-09-19;12;1806.4717749475747
11;2025-09-19;13;1807.1756329588952
11;2025-09-19;14;1857.9941589059738
11;2025-09-19;15;1986.9464064560539
11;2025-09-19;16;2362.294463378984
11;2025-09-19;17;2779.648837289359
11;2025-09-19;18;2641.2490694698463
11;2025-09-19;19;2224.336603724163
11;2025-09-19;20;1523.0375508811208
11;2025-09-19;21;910.4942771294851
11;2025-09-19;22;491.14011221241213
11;2025-09-19;23;282.29002659110904
11;2025-09-20;0;104.55133204319105
11;2025-09-20;1;0.0
11;2025-09-20;2;0.0
11;2025-09-20;3;0.0
11;2025-09-20;4;0.0
11;2025-09-20;5;191.16106291581357
11;2025-09-20;6;961.0397547238568
11;2025-09-20;7;773.3422568822559
11;2025-09-20;8;954.4208163255646
11;2025-09-20;9;1127.445965408915
11;2025-09-20;10;1241.4339077352247
11;2025-09-20;11;1602.4074255882585
11;2025-09-20;12;1729.2036597747474
11;2025-09-20;13;1699.0880058555874
11;2025-09-20;14;1728.8941235293078
11;2025-09-20;15;1715.5627063598122
11;2025-09-20;16;1730.5600036673018
11;2025-09-20;17;1820.760511494275
11;2025-09-20;18;1690.9427424292774
11;2025-09-20;19;1587.3617683209502
11;2025-09-20;20;1163.2790767198771
11;2025-09-20;21;804.0757019013582
11;2025-09-20;22;468.91798644093956
11;2025-09-20;23;316.00833603472023
11;2025-09-21;0;111.31843576629264
11;2025-09-21;1;0.0
11;2025-09-21;2;0.0
11;2025-09-21;3;0.0
11;2025-09-21;4;0.0
11;2025-09-21;5;125.06083144612104
11;2025-09-21;6;697.851948998325
11;2025-09-21;7;590.0402881101311
11;2025-09-21;8;753.1990711299609
11;2025-09-21;9;956.851955093806
11;2025-09-21;10;1133.3066115010815
11;2025-09-21;11;1500.1088406711315
11;2025-09-21;12;1640.2976318795709
11;2025-09-21;13;1615.0103172440104
11;2025-09-21;14;1671.910145601951
11;2025-09-21;15;1689.4979425737083
11;2025-09-21;16;1669.2924829768472
11;2025-09-21;17;1787.2160211444914
11;2025-09-21;18;1607.312159578797
11;2025-09-21;19;1384.2243822863443
11;2025-09-21;20;1056.9863842946475
11;2025-09-21;21;741.4122239994728
11;2025-09-21;22;433.00024207028616
11;2025-09-21;23;274.18602402456133
11;2025-09-22;0;108.92121597578236
11;2025-09-22;1;0.0
11;2025-09-22;2;0.0
11;2025-09-22;3;0.0
11;2025-09-22;4;0.0
11;2025-09-22;5;287.7601066874416
11;2025-09-22;6;1656.1047859218875
11;2025-09-22;7;2630.1386363597353
11;2025-09-22;8;3167.1113060697435
11;2025-09-22;9;2417.9161142184194
11;2025-09-22;10;1896.5519589452588
11;2025-09-22;11;1827.4966501113463
11;2025-09-22;12;1876.9490909546503
11;2025-09-22;13;1859.8119582941476
11;2025-09-22;14;1831.0772006437378
11;2025-09-22;15;1953.1653400131609
11;2025-09-22;16;2098.881865073382
11;2025-09-22;17;2839.8570715826654
11;2025-09-22;18;3352.7879672479157
11;2025-09-22;19;2507.5672467503164
11;2025-09-22;20;1690.641868082803
11;2025-09-22;21;928.6696880801378
11;2025-09-22;22;447.39051133403655
11;2025-09-22;23;223.98238257833708
11;2025-09-23;0;55.49816816920152
11;2025-09-23;1;0.0
11;2025-09-23;2;0.0
11;2025-09-23;3;0.0
11;2025-09-23;4;0.0
11;2025-09-23;5;263.8416731843008
11;2025-09-23;6;1753.693341102115
11;2025-09-23;7;2704.2697007928828
11;2025-09-23;8;3267.628120937751
11;2025-09-23;9;2414.654159386282
11;2025-09-23;10;1795.5476680054476
11;2025-09-23;11;1948.3377318069463
11;2025-09-23;12;1775.5205526386721
11;2025-09-23;13;1735.2584405404891
11;2025-09-23;14;1840.0301587586678
11;2025-09-23;15;1902.171444653533
11;2025-09-23;16;2238.8236762218903
11;2025-09-23;17;2827.2418926514165
11;2025-09-23;18;3373.4517631304807
11;2025-09-23;19;2563.988714331529
11;2025-09-23;20;1582.2056143310533
11;2025-09-23;21;936.9308544562873
11;2025-09-23;22;434.1394245507541
11;2025-09-23;23;221.66214147694797
11;2025-09-24;0;66.23105540644488
11;2025-09-24;1;0.0
11;2025-09-24;2;0.0
11;2025-09-24;3;0.0
11;2025-09-24;4;0.0
11;2025-09-24;5;277.1820339119474
11;2025-09-24;6;1616.9495565786583
11;2025-09-24;7;2669.2899905795966
11;2025-09-24;8;3456.70479789054
11;2025-09-24;9;2472.8859182226097
11;2025-09-24;10;1795.438624689525
11;2025-09-24;11;1934.049577427978
11;2025-09-24;12;1918.449507339716
11;2025-09-24;13;1835.9544436922306
11;2025-09-24;14;1995.2402162094227
11;2025-09-24;15;1984.0847717614029
11;2025-09-24;16;2252.394197681426
11;2025-09-24;17;2824.9150571206437
11;2025-09-24;18;3458.7299885602147
11;2025-09-24;19;2717.2479661772027
11;2025-09-24;20;1814.997624989581
11;2025-09-24;21;914.7539080267331
11;2025-09-24;22;486.22505834594676
11;2025-09-24;23;269.26061725823854
11;2025-09-25;0;72.61900600576054
11;2025-09-25;1;0.0
11;2025-09-25;2;0.0
11;2025-09-25;3;0.0
11;2025-09-25;4;0.0
11;2025-09-25;5;297.82384543616865
11;2025-09-25;6;1661.8571838060473
11;2025-09-25;7;2507.125956938904
11;2025-09-25;8;3091.26114061686
11;2025-09-25;9;2503.9436796475657
11;2025-09-25;10;1972.8239191550492
11;2025-09-25;11;1937.5856276682637
11;2025-09-25;12;1946.4742449244
11;2025-09-25;13;2018.0307414280835
11;2025-09-25;14;2005.9138071857037
11;2025-09-25;15;2076.493604638972
11;2025-09-25;16;2338.387927287083
11;2025-09-25;17;2955.3031294775374
11;2025-09-25;18;3404.4082403239927
11;2025-09-25;19;2612.764821253127
11;2025-09-25;20;1693.9010318493795
11;2025-09-25;21;989.4714894940546
11;2025-09-25;22;518.9432586192612
11;2025-09-25;23;271.42336520762126
11;2025-09-26;0;78.89817310906685
11;2025-09-26;1;0.0
11;2025-09-26;2;0.0
11;2025-09-26;3;0.0
11;2025-09-26;4;0.0
11;2025-09-26;5;290.53794775801146
11;2025-09-26;6;1617.720823115598
11;2025-09-26;7;2368.2309451712463
11;2025-09-26;8;2933.5612629324223
11;2025-09-26;9;2355.2843386898176
11;2025-09-26;10;1907.939849090157
11;2025-09-26;11;1923.8009940383367
11;2025-09-26;12;1965.010971047907
11;2025-09-26;13;1989.8149039630648
11;2025-09-26;14;2050.766400066902
11;2025-09-26;15;2179.0866949736214
11;2025-09-26;16;2543.9514185941684
11;2025-09-26;17;2931.44115367003
11;2025-09-26;18;2771.572363086658
11;2025-09-26;19;2330.979698897494
11;2025-09-26;20;1597.7647526364408
11;2025-09-26;21;949.7843384715632
11;2025-09-26;22;507.7083236498048
11;2025-09-26;23;292.7443729005021
11;2025-09-27;0;101.0695699868512
11;2025-09-27;1;0.0
11;2025-09-27;2;0.0
11;2025-09-27;3;0.0
11;2025-09-27;4;0.0
11;2025-09-27;5;183.72248116688283
11;2025-09-27;6;925.3786689092856
11;2025-09-27;7;753.0419569597323
11;2025-09-27;8;949.8290111134463
11;2025-09-27;9;1094.669284910419
11;2025-09-27;10;1197.4682761919
11;2025-09-27;11;1530.3102556609301
11;2025-09-27;12;1645.361733185901
11;2025-09-27;13;1615.4528659198068
11;2025-09-27;14;1640.6615397013215
11;2025-09-27;15;1631.1130768707544
11;2025-09-27;16;1648.0972422807313
11;2025-09-27;17;1736.667704831406
11;2025-09-27;18;1635.0842887412316
11;2025-09-27;19;1531.6707468577401
11;2025-09-27;20;1126.310239917015
11;2025-09-27;21;786.8763533024728
11;2025-09-27;22;457.30119622429925
11;2025-09-27;23;303.53899364713754
11;2025-09-28;0;109.05769562797153
11;2025-09-28;1;0.0
11;2025-09-28;2;0.0
11;2025-09-28;3;0.0
11;2025-09-28;4;0.0
11;2025-09-28;5;122.53648264570731
11;2025-09-28;6;685.5581162682524
11;2025-09-28;7;577.0118403474951
11;2025-09-28;8;752.1998690582276
11;2025-09-28;9;950.3700394099999
11;2025-09-28;10;1121.8539418790997
11;2025-09-28;11;1479.836646861189
11;2025-09-28;12;1614.2674299375158
11;2025-09-28;13;1594.3260851095902
11;2025-09-28;14;1652.0231735242162
11;2025-09-28;15;1676.8088797843307
11;2025-09-28;16;1658.0017125229565
11;2025-09-28;17;1779.3704270567837
11;2025-09-28;18;1598.5697354309407
11;2025-09-28;19;1376.8828801312025
11;2025-09-28;20;1052.477864762428
11;2025-09-28;21;738.0447771829968
11;2025-09-28;22;428.5361253459031
11;2025-09-28;23;272.58355785100036
11;2025-09-29;0;100.47737476121091
11;2025-09-29;1;0.0
11;2025-09-29;2;0.0
11;2025-09-29;3;0.0
11;2025-09-29;4;0.0
11;2025-09-29;5;284.81086205690644
11;2025-09-29;6;1646.8992407632038
11;2025-09-29;7;2633.883205121102
11;2025-09-29;8;3180.1406215145194
11;2025-09-29;9;2403.5701046312734
11;2025-09-29;10;1882.2350847253538
11;2025-09-29;11;1809.5863348701932
11;2025-09-29;12;1856.7659546240952
11;2025-09-29;13;1844.7707763800422
11;2025-09-29;14;1822.0835856166573
11;2025-09-29;15;1946.7370984150114
11;2025-09-29;16;2100.8859215476323
11;2025-09-29;17;2852.371336278672
11;2025-09-29;18;3356.381018146015
11;2025-09-29;19;2493.7453055415162
11;2025-09-29;20;1661.167269754952
11;2025-09-29;21;891.3809674534266
11;2025-09-29;22;420.81368865797555
11;2025-09-29;23;216.07878802337333
11;2025-09-30;0;55.9689947908473
11;2025-09-30;1;0.0
11;2025-09-30;2;0.0
11;2025-09-30;3;0.0
11;2025-09-30;4;0.0
11;2025-09-30;5;272.7658394778998
11;2025-09-30;6;1819.0014279164932
11;2025-09-30;7;2829.1313190511546
11;2025-09-30;8;3427.0765726766904
11;2025-09-30;9;2512.203395574005
11;2025-09-30;10;1871.3222323765249
11;2025-09-30;11;2034.3074240442486
11;2025-09-30;12;1857.4258683433236
11;2025-09-30;13;1827.6271685792876
11;2025-09-30;14;1943.3586027240362
11;2025-09-30;15;2008.0601718111677
11;2025-09-30;16;2354.4970550798153
11;2025-09-30;17;2961.667539747412
11;2025-09-30;18;3512.0582079035903
11;2025-09-30;19;2655.400795721485
11;2025-09-30;20;1635.2705724984844
11;2025-09-30;21;960.1125834045324
11;2025-09-30;22;433.1094113157431
11;2025-09-30;23;222.50405309574683
11;2025-10-01;0;65.83878319470725
11;2025-10-01;1;0.0
11;2025-10-01;2;0.0
11;2025-10-01;3;0.0
11;2025-10-01;4;0.0
11;2025-10-01;5;275.6703380329368
11;2025-10-01;6;1609.229152404359
11;2025-10-01;7;2673.7058434205983
11;2025-10-01;8;3469.081413623384
11;2025-10-01;9;2471.9315579324802
11;2025-10-01;10;1790.4639736165414
11;2025-10-01;11;1925.9826712199877
11;2025-10-01;12;1910.6566867040056
11;2025-10-01;13;1827.5732039733293
11;2025-10-01;14;1989.2922432315572
11;2025-10-01;15;1982.8754617372251
11;2025-10-01;16;2260.2614974361727
11;2025-10-01;17;2848.0047825772426
11;2025-10-01;18;3472.329427154337
11;2025-10-01;19;2714.962222486357
11;2025-10-01;20;1812.8643889433565
11;2025-10-01;21;914.0052695830694
11;2025-10-01;22;485.32492889704827
11;2025-10-01;23;265.19807212337867
11;2025-10-02;0;74.1854564906183
11;2025-10-02;1;0.0
11;2025-10-02;2;0.0
11;2025-10-02;3;0.0
11;2025-10-02;4;0.0
11;2025-10-02;5;303.1469791991871
11;2025-10-02;6;1679.368089133592
11;2025-10-02;7;2539.481314998621
11;2025-10-02;8;3135.641099579999
11;2025-10-02;9;2530.6015981479195
11;2025-10-02;10;1990.5803894480287
11;2025-10-02;11;1953.0221220512776
11;2025-10-02;12;1963.5792315178928
11;2025-10-02;13;2037.9641360990452
11;2025-10-02;14;2028.0295454175762
11;2025-10-02;15;2103.4847340225488
11;2025-10-02;16;2369.650351786835
11;2025-10-02;17;2987.5083136639364
11;2025-10-02;18;3457.4708708984663
11;2025-10-02;19;2642.967341813019
11;2025-10-02;20;1715.0985305967488
11;2025-10-02;21;1002.834148745759
11;2025-10-02;22;526.182064941831
11;2025-10-02;23;275.2501266447667
11;2025-10-03;0;77.94256306622307
11;2025-10-03;1;0.0
11;2025-10-03;2;0.0
11;2025-10-03;3;0.0
11;2025-10-03;4;0.0
11;2025-10-03;5;285.69562473010603
11;2025-10-03;6;1586.1711748853495
11;2025-10-03;7;2330.624729453794
11;2025-10-03;8;2909.1585222151834
11;2025-10-03;9;2328.4351403776827
11;2025-10-03;10;1878.2685672435082
11;2025-10-03;11;1882.1082695198813
11;2025-10-03;12;1914.856589724005
11;2025-10-03;13;1947.5477876546524
11;2025-10-03;14;2005.2891468022094
11;2025-10-03;15;2140.870005177211
11;2025-10-03;16;2517.874095390442
11;2025-10-03;17;2916.7439550940635
11;2025-10-03;18;2755.566442571743
11;2025-10-03;19;2297.805693484089
11;2025-10-03;20;1583.1794972863063
11;2025-10-03;21;944.0079791594515
11;2025-10-03;22;505.0664506269692
11;2025-10-03;23;291.1772467263818
11;2025-10-04;0;107.03165837663602
11;2025-10-04;1;0.0
11;2025-10-04;2;0.0
11;2025-10-04;3;0.0
11;2025-10-04;4;0.0
11;2025-10-04;5;194.9264460901544
11;2025-10-04;6;978.5308391324018
11;2025-10-04;7;771.6832950832268
11;2025-10-04;8;962.124534614832
11;2025-10-04;9;1163.5451688685694
11;2025-10-04;10;1284.9768798597815
11;2025-10-04;11;1656.0107691396656
11;2025-10-04;12;1808.8476518862085
11;2025-10-04;13;1786.8365642344847
11;2025-10-04;14;1806.9841177055819
11;2025-10-04;15;1788.9247689595454
11;2025-10-04;16;1773.8626181434333
11;2025-10-04;17;1860.50812986136
11;2025-10-04;18;1745.6783007897734
11;2025-10-04;19;1629.1219287081592
11;2025-10-04;20;1203.2066267770826
11;2025-10-04;21;829.7379440044563
11;2025-10-04;22;479.184015015688
11;2025-10-04;23;324.6244045530357
11;2025-10-05;0;107.95301976817417
11;2025-10-05;1;0.0
11;2025-10-05;2;0.0
11;2025-10-05;3;0.0
11;2025-10-05;4;0.0
11;2025-10-05;5;120.41971251874915
11;2025-10-05;6;678.8224699653931
11;2025-10-05;7;567.1783484082828
11;2025-10-05;8;724.6111194852338
11;2025-10-05;9;939.5606887017327
11;2025-10-05;10;1109.6688173449152
11;2025-10-05;11;1461.2162685264857
11;2025-10-05;12;1614.2920153291514
11;2025-10-05;13;1594.8521391846657
11;2025-10-05;14;1639.5508135445666
11;2025-10-05;15;1649.8711484924345
11;2025-10-05;16;1611.370079554223
11;2025-10-05;17;1729.0480509680103
11;2025-10-05;18;1580.1678728188617
11;2025-10-05;19;1353.7341912239804
11;2025-10-05;20;1034.6127828022127
11;2025-10-05;21;721.4868094613229
11;2025-10-05;22;417.62857891082854
11;2025-10-05;23;267.490087773358
11;2025-10-06;0;97.55657977467169
11;2025-10-06;1;0.0
11;2025-10-06;2;0.0
11;2025-10-06;3;0.0
11;2025-10-06;4;0.0
11;2025-10-06;5;269.77418381641667
11;2025-10-06;6;1570.4819533954412
11;2025-10-06;7;2509.636034998829
11;2025-10-06;8;3032.369583958396
11;2025-10-06;9;2321.3851716324357
11;2025-10-06;10;1814.3829831345424
11;2025-10-06;11;1737.5837472370413
11;2025-10-06;12;1775.3687417979268
11;2025-10-06;13;1743.888811387032
11;2025-10-06;14;1703.835004693769
11;2025-10-06;15;1827.073563023448
11;2025-10-06;16;1990.2483874413037
11;2025-10-06;17;2740.910964055727
11;2025-10-06;18;3238.800365157715
11;2025-10-06;19;2397.332355999378
11;2025-10-06;20;1598.5028116359763
11;2025-10-06;21;864.9992347153983
11;2025-10-06;22;415.08196770420625
11;2025-10-06;23;213.1337104519709
11;2025-10-07;0;55.917344290019116
11;2025-10-07;1;0.0
11;2025-10-07;2;0.0
11;2025-10-07;3;0.0
11;2025-10-07;4;0.0
11;2025-10-07;5;263.72525213879044
11;2025-10-07;6;1770.5107216295805
11;2025-10-07;7;2736.423656933675
11;2025-10-07;8;3309.438252807826
11;2025-10-07;9;2461.0187273573742
11;2025-10-07;10;1834.490453272924
11;2025-10-07;11;1991.616366898374
11;2025-10-07;12;1817.2905118352828
11;2025-10-07;13;1773.3627069306579
11;2025-10-07;14;1869.9087667658578
11;2025-10-07;15;1937.3216897207153
11;2025-10-07;16;2286.422690625298
11;2025-10-07;17;2887.8528245704956
11;2025-10-07;18;3411.272988731752
11;2025-10-07;19;2593.9174930905165
11;2025-10-07;20;1599.1083680197198
11;2025-10-07;21;949.3257364546348
11;2025-10-07;22;436.56380098037585
11;2025-10-07;23;225.67570995695894
11;2025-10-08;0;66.85994043677482
11;2025-10-08;1;0.0
11;2025-10-08;2;0.0
11;2025-10-08;3;0.0
11;2025-10-08;4;0.0
11;2025-10-08;5;275.59156892873193
11;2025-10-08;6;1626.2104986862971
11;2025-10-08;7;2690.9671743361405
11;2025-10-08;8;3489.9445710683804
11;2025-10-08;9;2517.7430122459064
11;2025-10-08;10;1831.9946109008042
11;2025-10-08;11;1977.189712538262
11;2025-10-08;12;1963.583816230992
11;2025-10-08;13;1875.918858834618
11;2025-10-08;14;2028.5780835857217
11;2025-10-08;15;2022.9933437988714
11;2025-10-08;16;2310.001552428606
11;2025-10-08;17;2897.7338789902396
11;2025-10-08;18;3482.1938974770555
11;2025-10-08;19;2733.2885969767785
11;2025-10-08;20;1822.8121257623143
11;2025-10-08;21;920.1656085828049
11;2025-10-08;22;488.47790371402345
11;2025-10-08;23;270.11352522733216
11;2025-10-09;0;76.3511698010187
11;2025-10-09;1;0.0
11;2025-10-09;2;0.0
11;2025-10-09;3;0.0
11;2025-10-09;4;0.0
11;2025-10-09;5;301.5303015290658
11;2025-10-09;6;1686.6628053260295
11;2025-10-09;7;2544.626562730892
11;2025-10-09;8;3146.504272635475
11;2025-10-09;9;2576.9244565451745
11;2025-10-09;10;2034.6070690085774
11;2025-10-09;11;2002.2266063780403
11;2025-10-09;12;2012.890458081638
11;2025-10-09;13;2086.034610471965
11;2025-10-09;14;2062.7928738204923
11;2025-10-09;15;2142.189073359551
11;2025-10-09;16;2416.9727732495576
11;2025-10-09;17;3043.2864457358164
11;2025-10-09;18;3468.301601178718
11;2025-10-09;19;2666.106668222065
11;2025-10-09;20;1731.3030337261193
11;2025-10-09;21;1016.0848146951079
11;2025-10-09;22;534.5235709204882
11;2025-10-09;23;281.3838764816827
11;2025-10-10;0;79.6777174445161
11;2025-10-10;1;0.0
11;2025-10-10;2;0.0
11;2025-10-10;3;0.0
11;2025-10-10;4;0.0
11;2025-10-10;5;284.8818608604154
11;2025-10-10;6;1602.4122467300112
11;2025-10-10;7;2345.81233488765
11;2025-10-10;8;2915.6165203803002
11;2025-10-10;9;2379.9957208660257
11;2025-10-10;10;1923.052644736168
11;2025-10-10;11;1929.9696208066657
11;2025-10-10;12;1959.9829329466752
11;2025-10-10;13;1984.3562896724284
11;2025-10-10;14;2027.1410330545505
11;2025-10-10;15;2163.278886861782
11;2025-10-10;16;2560.347248757512
11;2025-10-10;17;2967.149004241365
11;2025-10-10;18;2764.631110132576
11;2025-10-10;19;2314.111630703994
11;2025-10-10;20;1593.4586152824816
11;2025-10-10;21;953.1575966857368
11;2025-10-10;22;506.92003341798556
11;2025-10-10;23;295.79710138578656
11;2025-10-11;0;102.12315724956673
11;2025-10-11;1;0.0
11;2025-10-11;2;0.0
11;2025-10-11;3;0.0
11;2025-10-11;4;0.0
11;2025-10-11;5;183.48862918930752
11;2025-10-11;6;941.4029766126175
11;2025-10-11;7;753.7281377349136
11;2025-10-11;8;949.4134255077886
11;2025-10-11;9;1127.659264022183
11;2025-10-11;10;1241.897517166015
11;2025-10-11;11;1599.0359103879682
11;2025-10-11;12;1746.2295303061878
11;2025-10-11;13;1721.254631163048
11;2025-10-11;14;1740.472078196282
11;2025-10-11;15;1719.697517861135
11;2025-10-11;16;1724.6954759755308
11;2025-10-11;17;1791.2020601490985
11;2025-10-11;18;1663.936353800106
11;2025-10-11;19;1549.7516518759821
11;2025-10-11;20;1135.9847848770082
11;2025-10-11;21;783.5753906622404
11;2025-10-11;22;450.1617519877759
11;2025-10-11;23;307.85051840989837
11;2025-10-12;0;104.96006945234254
11;2025-10-12;1;0.0
11;2025-10-12;2;0.0
11;2025-10-12;3;0.0
11;2025-10-12;4;0.0
11;2025-10-12;5;118.52059709148543
11;2025-10-12;6;665.3389275783782
11;2025-10-12;7;567.3742938041441
11;2025-10-12;8;718.3396832816914
11;2025-10-12;9;924.1789830854605
11;2025-10-12;10;1099.162666054819
11;2025-10-12;11;1447.964764191198
11;2025-10-12;12;1603.405471236304
11;2025-10-12;13;1591.9721032597927
11;2025-10-12;14;1641.6275381099258
11;2025-10-12;15;1657.0187547474188
11;2025-10-12;16;1623.601943348742
11;2025-10-12;17;1724.0515684578963
11;2025-10-12;18;1550.8100829740201
11;2025-10-12;19;1328.4624735371895
11;2025-10-12;20;1010.7180759086016
11;2025-10-12;21;716.7808183469413
11;2025-10-12;22;415.02971277598306
11;2025-10-12;23;261.9933867627907
11;2025-10-13;0;92.1022231871491
11;2025-10-13;1;0.0
11;2025-10-13;2;0.0
11;2025-10-13;3;0.0
11;2025-10-13;4;0.0
11;2025-10-13;5;256.69043690869086
11;2025-10-13;6;1481.2321749873727
11;2025-10-13;7;2406.5891172493493
11;2025-10-13;8;2920.8729051166174
11;2025-10-13;9;2209.8753934366146
11;2025-10-13;10;1713.3456493553954
11;2025-10-13;11;1631.763527220639
11;2025-10-13;12;1661.7058948514714
11;2025-10-13;13;1626.0179973200536
11;2025-10-13;14;1594.3786253039693
11;2025-10-13;15;1716.201228426926
11;2025-10-13;16;1906.988105206392
11;2025-10-13;17;2636.3175997686635
11;2025-10-13;18;3059.205943332515
11;2025-10-13;19;2261.7569871368123
11;2025-10-13;20;1487.9364826570581
11;2025-10-13;21;802.8737800806862
11;2025-10-13;22;374.5605278486199
11;2025-10-13;23;197.36513829418027
11;2025-10-14;0;53.588475944856626
11;2025-10-14;1;0.0
11;2025-10-14;2;0.0
11;2025-10-14;3;0.0
11;2025-10-14;4;0.0
11;2025-10-14;5;255.00060204108178
11;2025-10-14;6;1711.7025603431407
11;2025-10-14;7;2694.3811253133563
11;2025-10-14;8;3263.2911938406805
11;2025-10-14;9;2392.536636469953
11;2025-10-14;10;1773.1043080731356
11;2025-10-14;11;1927.1377489736374
11;2025-10-14;12;1759.779635409779
11;2025-10-14;13;1725.6857119775834
11;2025-10-14;14;1837.9949366144292
11;2025-10-14;15;1926.1805766906236
11;2025-10-14;16;2272.0213805434278
11;2025-10-14;17;2850.202974304985
11;2025-10-14;18;3315.0239418726837
11;2025-10-14;19;2510.6812052469386
11;2025-10-14;20;1530.305556097563
11;2025-10-14;21;903.9066702732787
11;2025-10-14;22;403.186646923494
11;2025-10-14;23;209.49871935505917
11;2025-10-15;0;62.38929247117438
11;2025-10-15;1;0.0
11;2025-10-15;2;0.0
11;2025-10-15;3;0.0
11;2025-10-15;4;0.0
11;2025-10-15;5;258.83666201811724
11;2025-10-15;6;1518.901166795989
11;2025-10-15;7;2563.0575145609846
11;2025-10-15;8;3317.2989706280678
11;2025-10-15;9;2364.365036617704
11;2025-10-15;10;1706.895085054187
11;2025-10-15;11;1839.5774222083508
11;2025-10-15;12;1827.3446046324455
11;2025-10-15;13;1739.058785986093
11;2025-10-15;14;1897.7265359508797
11;2025-10-15;15;1917.061536494325
11;2025-10-15;16;2203.477804468201
11;2025-10-15;17;2772.1888082172936
11;2025-10-15;18;3296.1540543281394
11;2025-10-15;19;2574.564168062283
11;2025-10-15;20;1697.5252699094503
11;2025-10-15;21;856.3732704549587
11;2025-10-15;22;446.50353986708296
11;2025-10-15;23;247.27029344415075
11;2025-10-16;0;73.29984920758754
11;2025-10-16;1;0.0
11;2025-10-16;2;0.0
11;2025-10-16;3;0.0
11;2025-10-16;4;0.0
11;2025-10-16;5;300.4577937430468
11;2025-10-16;6;1665.3541042099982
11;2025-10-16;7;2557.937921322968
11;2025-10-16;8;3151.4868070583457
11;2025-10-16;9;2558.8089490432494
11;2025-10-16;10;2009.3846443700704
11;2025-10-16;11;1979.6697129054323
11;2025-10-16;12;1994.6050334414228
11;2025-10-16;13;2077.402601133928
11;2025-10-16;14;2074.67257025478
11;2025-10-16;15;2179.07368713737
11;2025-10-16;16;2462.37232370687
11;2025-10-16;17;3089.0326487926077
11;2025-10-16;18;3452.54127856975
11;2025-10-16;19;2652.3399350779173
11;2025-10-16;20;1707.5722393698609
11;2025-10-16;21;1003.2541862611453
11;2025-10-16;22;516.9590635952084
11;2025-10-16;23;272.8775742947383
11;2025-10-17;0;75.77482363998354
11;2025-10-17;1;0.0
11;2025-10-17;2;0.0
11;2025-10-17;3;0.0
11;2025-10-17;4;0.0
11;2025-10-17;5;276.6465236360186
11;2025-10-17;6;1549.0057963841718
11;2025-10-17;7;2301.0678078510914
11;2025-10-17;8;2847.564532110765
11;2025-10-17;9;2298.1017372290653
11;2025-10-17;10;1852.9435607717912
11;2025-10-17;11;1868.2063988294378
11;2025-10-17;12;1907.380312643443
11;2025-10-17;13;1934.2492014372112
11;2025-10-17;14;1992.4370568630839
11;2025-10-17;15;2143.9598147365537
11;2025-10-17;16;2515.6386982415156
11;2025-10-17;17;2881.1195928367156
11;2025-10-17;18;2678.7116086609376
11;2025-10-17;19;2244.7159421448873
11;2025-10-17;20;1531.6455683760357
11;2025-10-17;21;916.3031025477835
11;2025-10-17;22;484.40810083872327
11;2025-10-17;23;282.48118713899396
11;2025-10-18;0;101.50533362924287
11;2025-10-18;1;0.0
11;2025-10-18;2;0.0
11;2025-10-18;3;0.0
11;2025-10-18;4;0.0
11;2025-10-18;5;184.67520552924776
11;2025-10-18;6;944.4309456790008
11;2025-10-18;7;768.6248554953285
11;2025-10-18;8;954.7098151004939
11;2025-10-18;9;1125.2720978657649
11;2025-10-18;10;1236.2469528663726
11;2025-10-18;11;1597.1113079501965
11;2025-10-18;12;1748.700580299
11;2025-10-18;13;1731.1812672972344
11;2025-10-18;14;1763.0458254437387
11;2025-10-18;15;1752.5577533095543
11;2025-10-18;16;1764.966683377555
11;2025-10-18;17;1837.3473645223726
11;2025-10-18;18;1694.3413337084412
11;2025-10-18;19;1573.5319228280755
11;2025-10-18;20;1144.5058436428988
11;2025-10-18;21;791.5043079189229
11;2025-10-18;22;453.6899002790447
11;2025-10-18;23;308.93670492318427
11;2025-10-19;0;108.91405335673865
11;2025-10-19;1;0.0
11;2025-10-19;2;0.0
11;2025-10-19;3;0.0
11;2025-10-19;4;0.0
11;2025-10-19;5;122.84552514018716
11;2025-10-19;6;686.7842918444501
11;2025-10-19;7;580.8976393691091
11;2025-10-19;8;721.5660693978753
11;2025-10-19;9;944.4621751404715
11;2025-10-19;10;1129.13474782515
11;2025-10-19;11;1500.9502356633047
11;2025-10-19;12;1668.4232188788228
11;2025-10-19;13;1660.5120860967477
11;2025-10-19;14;1721.692902863995
11;2025-10-19;15;1745.148681454494
11;2025-10-19;16;1712.883792139026
11;2025-10-19;17;1830.1136756437409
11;2025-10-19;18;1649.2093756086024
11;2025-10-19;19;1406.6365434840518
11;2025-10-19;20;1061.9663325933334
11;2025-10-19;21;744.7417912217472
11;2025-10-19;22;429.7854405036041
11;2025-10-19;23;274.62137990150285
11;2025-10-20;0;99.31543872386143
11;2025-10-20;1;0.0
11;2025-10-20;2;0.0
11;2025-10-20;3;0.0
11;2025-10-20;4;0.0
11;2025-10-20;5;280.8359257702656
11;2025-10-20;6;1626.0911656864082
11;2025-10-20;7;2637.23869297451
11;2025-10-20;8;3183.2615184055676
11;2025-10-20;9;2407.83450031111
11;2025-10-20;10;1882.5468956790842
11;2025-10-20;11;1817.241627525959
11;2025-10-20;12;1872.4131876004062
11;2025-10-20;13;1862.8271063881177
11;2025-10-20;14;1844.4315805935319
11;2025-10-20;15;1995.7324431850914
11;2025-10-20;16;2157.8670774313905
11;2025-10-20;17;2912.539616636526
11;2025-10-20;18;3353.651553871442
11;2025-10-20;19;2490.161242644122
11;2025-10-20;20;1639.4773745330212
11;2025-10-20;21;883.5917834546162
11;2025-10-20;22;411.3093993072567
11;2025-10-20;23;214.00468482084588
11;2025-10-21;0;54.38737425955169
11;2025-10-21;1;0.0
11;2025-10-21;2;0.0
11;2025-10-21;3;0.0
11;2025-10-21;4;0.0
11;2025-10-21;5;263.0006740052858
11;2025-10-21;6;1762.2243790716423
11;2025-10-21;7;2777.1701628484625
11;2025-10-21;8;3358.785766697034
11;2025-10-21;9;2462.815222614472
11;2025-10-21;10;1831.828575207449
11;2025-10-21;11;2001.6657281960595
11;2025-10-21;12;1837.229447524204
11;2025-10-21;13;1805.8274608915572
11;2025-10-21;14;1924.5265495688036
11;2025-10-21;15;2015.445514498138
11;2025-10-21;16;2363.593291612854
11;2025-10-21;17;2962.1575606044216
11;2025-10-21;18;3447.4193800829557
11;2025-10-21;19;2602.4610430638377
11;2025-10-21;20;1578.94145054738
11;2025-10-21;21;930.2870761627786
11;2025-10-21;22;413.718434365358
11;2025-10-21;23;214.61434408659966
11;2025-10-22;0;65.6361267890718
11;2025-10-22;1;0.0
11;2025-10-22;2;0.0
11;2025-10-22;3;0.0
11;2025-10-22;4;0.0
11;2025-10-22;5;278.803075707935
11;2025-10-22;6;1635.6970702315928
11;2025-10-22;7;2759.2363173262092
11;2025-10-22;8;3564.5678989882085
11;2025-10-22;9;2534.1391880898896
11;2025-10-22;10;1835.9803035121893
11;2025-10-22;11;1991.9656779862446
11;2025-10-22;12;1990.064925159034
11;2025-10-22;13;1913.88449271349
11;2025-10-22;14;2093.9598719000533
11;2025-10-22;15;2115.0682795197004
11;2025-10-22;16;2398.611576850808
11;2025-10-22;17;2986.7936227879773
11;2025-10-22;18;3558.9588341111084
11;2025-10-22;19;2784.202277341189
11;2025-10-22;20;1833.07123292201
11;2025-10-22;21;922.5891910438936
11;2025-10-22;22;479.5399699180382
11;2025-10-22;23;265.54832449402454
11;2025-10-23;0;73.10532007296803
11;2025-10-23;1;0.0
11;2025-10-23;2;0.0
11;2025-10-23;3;0.0
11;2025-10-23;4;0.0
11;2025-10-23;5;303.02796708516473
11;2025-10-23;6;1686.5096017891694
11;2025-10-23;7;2596.638300911618
11;2025-10-23;8;3201.9132915403443
11;2025-10-23;9;2581.33031637536
11;2025-10-23;10;2029.377452858165
11;2025-10-23;11;2002.2691524779807
11;2025-10-23;12;2022.2706471163456
11;2025-10-23;13;2105.558773724014
11;2025-10-23;14;2105.3376968952507
11;2025-10-23;15;2213.67499459877
11;2025-10-23;16;2494.7819224132536
11;2025-10-23;17;3133.927110370163
11;2025-10-23;18;3527.878841016017
11;2025-10-23;19;2695.6348564087775
11;2025-10-23;20;1724.3602771427747
11;2025-10-23;21;1010.3077774412911
11;2025-10-23;22;519.2733815665815
11;2025-10-23;23;274.65168166942556
11;2025-10-24;0;77.48977171089058
11;2025-10-24;1;0.0
11;2025-10-24;2;0.0
11;2025-10-24;3;0.0
11;2025-10-24;4;0.0
11;2025-10-24;5;284.46543817031693
11;2025-10-24;6;1595.1046241354218
11;2025-10-24;7;2368.558903886006
11;2025-10-24;8;2919.0351761815064
11;2025-10-24;9;2353.5770641348895
11;2025-10-24;10;1895.9075936884801
11;2025-10-24;11;1909.158531408218
11;2025-10-24;12;1948.6656390480016
11;2025-10-24;13;1977.563894306002
11;2025-10-24;14;2039.0457886164306
11;2025-10-24;15;2194.857207979945
11;2025-10-24;16;2584.4032836249125
11;2025-10-24;17;2981.0860876933884
11;2025-10-24;18;2768.3179862351853
11;2025-10-24;19;2313.57149066765
11;2025-10-24;20;1571.7896564696907
11;2025-10-24;21;938.5151223218656
11;2025-10-24;22;494.75588001051733
11;2025-10-24;23;288.74365551180205
11;2025-10-25;0;107.24600726838865
11;2025-10-25;1;0.0
11;2025-10-25;2;0.0
11;2025-10-25;3;0.0
11;2025-10-25;4;0.0
11;2025-10-25;5;196.23501108307465
11;2025-10-25;6;998.9683350992684
11;2025-10-25;7;812.167427144031
11;2025-10-25;8;1000.1972094732396
11;2025-10-25;9;1182.1588024414655
11;2025-10-25;10;1305.037931241201
11;2025-10-25;11;1692.826309258144
11;2025-10-25;12;1859.2435343887882
11;2025-10-25;13;1839.3484549671616
11;2025-10-25;14;1874.4906765600358
11;2025-10-25;15;1861.1756889011156
11;2025-10-25;16;1867.7040184027874
11;2025-10-25;17;1939.4311521203604
11;2025-10-25;18;1794.3985168402291
11;2025-10-25;19;1662.538437808193
11;2025-10-25;20;1203.1207043495672
11;2025-10-25;21;830.1461589792115
11;2025-10-25;22;474.9258657052393
11;2025-10-25;23;324.4004321733979
11;2025-10-26;0;104.36068226699811
11;2025-10-26;1;0.0
11;2025-10-26;2;0.0
11;2025-10-26;3;0.0
11;2025-10-26;4;0.0
11;2025-10-26;5;120.3490314283984
11;2025-10-26;6;672.8357428717666
11;2025-10-26;7;590.3841432706006
11;2025-10-26;8;745.3936832738837
11;2025-10-26;9;923.5644216078176
11;2025-10-26;10;1081.411841561562
11;2025-10-26;11;1422.8914138774096
11;2025-10-26;12;1575.483775575634
11;2025-10-26;13;1563.3188030445779
11;2025-10-26;14;1616.508740241
11;2025-10-26;15;1630.8727095670215
11;2025-10-26;16;1606.4748884680685
11;2025-10-26;17;1714.2931237423686
11;2025-10-26;18;1556.7351198521137
11;2025-10-26;19;1329.1797648755928
11;2025-10-26;20;1003.2725657647773
11;2025-10-26;21;711.5981188560127
11;2025-10-26;22;410.9783771222799
11;2025-10-26;23;259.0831056124002
11;2025-10-27;0;97.20123244780065
11;2025-10-27;1;0.0
11;2025-10-27;2;0.0
11;2025-10-27;3;0.0
11;2025-10-27;4;0.0
11;2025-10-27;5;275.9563359819093
11;2025-10-27;6;1604.1193901590254
11;2025-10-27;7;2608.0515261059327
11;2025-10-27;8;3143.911706961953
11;2025-10-27;9;2371.0270567137864
11;2025-10-27;10;1849.4450133554476
11;2025-10-27;11;1784.1748503999806
11;2025-10-27;12;1838.2043912355812
11;2025-10-27;13;1821.4575991304064
11;2025-10-27;14;1803.227734311333
11;2025-10-27;15;1952.8967745105992
11;2025-10-27;16;2116.829801215021
11;2025-10-27;17;2864.605496469824
11;2025-10-27;18;3302.2315820286412
11;2025-10-27;19;2448.271058419504
11;2025-10-27;20;1604.8906397656015
11;2025-10-27;21;867.0312475498581
11;2025-10-27;22;405.1981240655699
11;2025-10-27;23;208.60259283537442
11;2025-10-28;0;53.04543918137398
11;2025-10-28;1;0.0
11;2025-10-28;2;0.0
11;2025-10-28;3;0.0
11;2025-10-28;4;0.0
11;2025-10-28;5;256.97180441134753
11;2025-10-28;6;1733.4648408638263
11;2025-10-28;7;2731.431297369787
11;2025-10-28;8;3303.1779187811453
11;2025-10-28;9;2416.304771051457
11;2025-10-28;10;1791.0950516951912
11;2025-10-28;11;1950.5797057702023
11;2025-10-28;12;1785.2884502803074
11;2025-10-28;13;1749.2014457190326
11;2025-10-28;14;1863.1973338888147
11;2025-10-28;15;1941.1957996959102
11;2025-10-28;16;2300.5031694268205
11;2025-10-28;17;2886.8421952998633
11;2025-10-28;18;3347.8831278235903
11;2025-10-28;19;2527.6037200327846
11;2025-10-28;20;1530.6264302270442
11;2025-10-28;21;900.8477051463107
11;2025-10-28;22;398.83652805898885
11;2025-10-28;23;207.48889580136154
11;2025-10-29;0;63.36865328185417
11;2025-10-29;1;0.0
11;2025-10-29;2;0.0
11;2025-10-29;3;0.0
11;2025-10-29;4;0.0
11;2025-10-29;5;266.9286447562068
11;2025-10-29;6;1573.4187492765805
11;2025-10-29;7;2651.875603637888
11;2025-10-29;8;3433.0971110617575
11;2025-10-29;9;2433.4565671779746
11;2025-10-29;10;1759.0157020408342
11;2025-10-29;11;1901.3464574278635
11;2025-10-29;12;1895.3121993627824
11;2025-10-29;13;1808.5493868870037
11;2025-10-29;14;1977.9109309413866
11;2025-10-29;15;2000.460304781348
11;2025-10-29;16;2285.79789632704
11;2025-10-29;17;2863.5542800739295
11;2025-10-29;18;3414.768606038557
11;2025-10-29;19;2664.475653773505
11;2025-10-29;20;1747.4290980522323
11;2025-10-29;21;878.1833926221236
11;2025-10-29;22;455.7632269291995
11;2025-10-29;23;253.35717750446878
11;2025-10-30;0;71.99378540796934
11;2025-10-30;1;0.0
11;2025-10-30;2;0.0
11;2025-10-30;3;0.0
11;2025-10-30;4;0.0
11;2025-10-30;5;295.9969860944737
11;2025-10-30;6;1655.4119848138782
11;2025-10-30;7;2543.2552764035154
11;2025-10-30;8;3128.8856802567057
11;2025-10-30;9;2530.2002428941014
11;2025-10-30;10;1980.6304767593924
11;2025-10-30;11;1945.1560251397668
11;2025-10-30;12;1955.5655818047103
11;2025-10-30;13;2021.8381090502985
11;2025-10-30;14;2016.2719654673642
11;2025-10-30;15;2124.261711646046
11;2025-10-30;16;2411.541551457257
11;2025-10-30;17;3044.1912586119215
11;2025-10-30;18;3416.49664465791
11;2025-10-30;19;2621.5710043923473
11;2025-10-30;20;1676.911818108524
11;2025-10-30;21;982.4010671714946
11;2025-10-30;22;504.8367252182229
11;2025-10-30;23;267.5911631719465
11;2025-10-31;0;74.40210384637722
11;2025-10-31;1;0.0
11;2025-10-31;2;0.0
11;2025-10-31;3;0.0
11;2025-10-31;4;0.0
11;2025-10-31;5;273.14881677326605
11;2025-10-31;6;1547.1422762884895
11;2025-10-31;7;2319.33536636259
11;2025-10-31;8;2856.848778789312
11;2025-10-31;9;2293.526087138028
11;2025-10-31;10;1818.4369792302487
11;2025-10-31;11;1821.6202900216344
11;2025-10-31;12;1847.6817760399485
11;2025-10-31;13;1868.7986841017732
11;2025-10-31;14;1923.4311415961852
11;2025-10-31;15;2079.6011004709026
11;2025-10-31;16;2481.402425374021
11;2025-10-31;17;2882.9649190360005
11;2025-10-31;18;2678.5243458300665
11;2025-10-31;19;2230.4157772674853
11;2025-10-31;20;1512.2843224134076
11;2025-10-31;21;904.0953770968442
11;2025-10-31;22;475.9967752913023
11;2025-10-31;23;276.3817756597649
11;2025-11-01;0;51.053371641841906
11;2025-11-01;1;0.0
11;2025-11-01;2;0.0
11;2025-11-01;3;0.0
11;2025-11-01;4;0.0
11;2025-11-01;5;187.34175062248113
11;2025-11-01;6;1052.782115574084
11;2025-11-01;7;1570.2113653323622
11;2025-11-01;8;1936.0854551368266
11;2025-11-01;9;1559.9572376183446
11;2025-11-01;10;1255.5246526598667
11;2025-11-01;11;1262.4475009659125
11;2025-11-01;12;1288.1884012971946
11;2025-11-01;13;1311.4067851653795
11;2025-11-01;14;1350.7120853475012
11;2025-11-01;15;1450.1638160621633
11;2025-11-01;16;1706.4494322273954
11;2025-11-01;17;1967.301901189285
11;2025-11-01;18;1824.330511470493
11;2025-11-01;19;1528.6680464849192
11;2025-11-01;20;1039.5554663595271
11;2025-11-01;21;621.354243688589
11;2025-11-01;22;327.55698411250364
11;2025-11-01;23;190.67288038473205
11;2025-11-02;0;111.42173792726574
11;2025-11-02;1;0.0
11;2025-11-02;2;0.0
11;2025-11-02;3;0.0
11;2025-11-02;4;0.0
11;2025-11-02;5;127.87869869939755
11;2025-11-02;6;720.3749904894647
11;2025-11-02;7;617.0571413875126
11;2025-11-02;8;746.1414681131974
11;2025-11-02;9;981.9062927720057
11;2025-11-02;10;1175.388751334756
11;2025-11-02;11;1572.3452067268663
11;2025-11-02;12;1754.3472936340272
11;2025-11-02;13;1743.1578730363203
11;2025-11-02;14;1810.4604143688036
11;2025-11-02;15;1832.2900697830491
11;2025-11-02;16;1797.241368803148
11;2025-11-02;17;1917.1702717417702
11;2025-11-02;18;1708.882442111324
11;2025-11-02;19;1453.7684911183705
11;2025-11-02;20;1086.9770191960217
11;2025-11-02;21;758.546175469763
11;2025-11-02;22;435.34634139283526
11;2025-11-02;23;279.9569894650501
11;2025-11-03;0;98.29728914931275
11;2025-11-03;1;0.0
11;2025-11-03;2;0.0
11;2025-11-03;3;0.0
11;2025-11-03;4;0.0
11;2025-11-03;5;149.68612369014113
11;2025-11-03;6;773.1116708050497
11;2025-11-03;7;637.9622884709712
11;2025-11-03;8;765.0842819371289
11;2025-11-03;9;938.5848242844611
11;2025-11-03;10;1084.4793362159241
11;2025-11-03;11;1420.6070427217346
11;2025-11-03;12;1618.6781268135828
11;2025-11-03;13;1618.5272087945768
11;2025-11-03;14;1674.1785697644896
11;2025-11-03;15;1692.215700248173
11;2025-11-03;16;1685.2943594659728
11;2025-11-03;17;1782.396691167175
11;2025-11-03;18;1634.8081994640581
11;2025-11-03;19;1441.1859778535659
11;2025-11-03;20;1075.8460827367985
11;2025-11-03;21;751.378957003526
11;2025-11-03;22;443.0690958561798
11;2025-11-03;23;280.62172196755034
12;2025-09-04;0;61.95699733576533
12;2025-09-04;1;0.0
12;2025-09-04;2;0.0
12;2025-09-04;3;0.0
12;2025-09-04;4;0.0
12;2025-09-04;5;304.279184542923
12;2025-09-04;6;1729.1372656763074
12;2025-09-04;7;2759.911444670699
12;2025-09-04;8;3365.0150447895658
12;2025-09-04;9;2491.4692427018167
12;2025-09-04;10;2091.852244858378
12;2025-09-04;11;2100.856139722914
12;2025-09-04;12;2119.87906406166
12;2025-09-04;13;2048.7398675387685
12;2025-09-04;14;2030.8633383732763
12;2025-09-04;15;2212.6665907838606
12;2025-09-04;16;2695.8014232727382
12;2025-09-04;17;3095.8358517929264
12;2025-09-04;18;3366.6716254824855
12;2025-09-04;19;2769.450112282845
12;2025-09-04;20;1737.7385290426446
12;2025-09-04;21;1047.219710156659
12;2025-09-04;22;597.9806753928863
12;2025-09-04;23;296.27601168868625
12;2025-09-05;0;66.64482270340095
12;2025-09-05;1;0.0
12;2025-09-05;2;0.0
12;2025-09-05;3;0.0
12;2025-09-05;4;0.0
12;2025-09-05;5;300.76497264546185
12;2025-09-05;6;1670.797043950963
12;2025-09-05;7;2647.989380707021
12;2025-09-05;8;3254.964546121094
12;2025-09-05;9;2399.7807066884543
12;2025-09-05;10;2033.7553028811803
12;2025-09-05;11;2077.6902147276915
12;2025-09-05;12;2068.0039597163823
12;2025-09-05;13;2019.1455186735016
12;2025-09-05;14;2050.6542225489907
12;2025-09-05;15;2334.3536656902925
12;2025-09-05;16;2856.619792478999
12;2025-09-05;17;3008.054695205403
12;2025-09-05;18;2737.297056612213
12;2025-09-05;19;2413.2115646546417
12;2025-09-05;20;1612.7020382268497
12;2025-09-05;21;1024.2377037648685
12;2025-09-05;22;585.3223098832964
12;2025-09-05;23;310.5032595270601
12;2025-09-06;0;87.48097862822075
12;2025-09-06;1;0.0
12;2025-09-06;2;0.0
12;2025-09-06;3;0.0
12;2025-09-06;4;0.0
12;2025-09-06;5;220.24580753025822
12;2025-09-06;6;973.0723998900514
12;2025-09-06;7;942.8973384619688
12;2025-09-06;8;945.205146362428
12;2025-09-06;9;1099.5393158817851
12;2025-09-06;10;1297.0606537574922
12;2025-09-06;11;1406.1435506562789
12;2025-09-06;12;1408.306085725187
12;2025-09-06;13;1566.099851533762
12;2025-09-06;14;1513.642465568442
12;2025-09-06;15;1434.1585504903333
12;2025-09-06;16;1461.1569275499883
12;2025-09-06;17;1469.767419331773
12;2025-09-06;18;1431.1217918353848
12;2025-09-06;19;1448.6872297114871
12;2025-09-06;20;996.1592101320566
12;2025-09-06;21;690.6144100299184
12;2025-09-06;22;434.6011617205528
12;2025-09-06;23;269.854581057775
12;2025-09-07;0;92.73532461497467
12;2025-09-07;1;0.0
12;2025-09-07;2;0.0
12;2025-09-07;3;0.0
12;2025-09-07;4;0.0
12;2025-09-07;5;157.12264076841942
12;2025-09-07;6;686.7390784731442
12;2025-09-07;7;684.0230286100436
12;2025-09-07;8;751.1238291879095
12;2025-09-07;9;918.8020728398253
12;2025-09-07;10;1145.2646036222882
12;2025-09-07;11;1272.7655383598403
12;2025-09-07;12;1333.4474986773048
12;2025-09-07;13;1472.3705752493488
12;2025-09-07;14;1452.7272938630895
12;2025-09-07;15;1366.322378571776
12;2025-09-07;16;1432.3015586325218
12;2025-09-07;17;1530.3925065497579
12;2025-09-07;18;1376.7503912708514
12;2025-09-07;19;1186.2754288584836
12;2025-09-07;20;848.4216813111681
12;2025-09-07;21;640.7154849151487
12;2025-09-07;22;408.98081382590595
12;2025-09-07;23;236.61302001421967
12;2025-09-08;0;76.83065070318548
12;2025-09-08;1;0.0
12;2025-09-08;2;0.0
12;2025-09-08;3;0.0
12;2025-09-08;4;0.0
12;2025-09-08;5;268.6821334124113
12;2025-09-08;6;1710.9453648289805
12;2025-09-08;7;2823.845706193965
12;2025-09-08;8;3316.535914369803
12;2025-09-08;9;2312.0781709304065
12;2025-09-08;10;1955.8571340046058
12;2025-09-08;11;2047.919379037898
12;2025-09-08;12;1973.4756975347768
12;2025-09-08;13;2062.9589431225677
12;2025-09-08;14;1896.3832730415916
12;2025-09-08;15;2134.692920914575
12;2025-09-08;16;2593.1231492594334
12;2025-09-08;17;3026.2106578377034
12;2025-09-08;18;3108.626269247782
12;2025-09-08;19;2740.60693751211
12;2025-09-08;20;1582.5256061876596
12;2025-09-08;21;1028.38083376254
12;2025-09-08;22;522.5344717430243
12;2025-09-08;23;234.8171563170897
12;2025-09-09;0;53.19841052788021
12;2025-09-09;1;0.0
12;2025-09-09;2;0.0
12;2025-09-09;3;0.0
12;2025-09-09;4;0.0
12;2025-09-09;5;324.70028597385766
12;2025-09-09;6;1788.1328401099631
12;2025-09-09;7;2851.4867378430436
12;2025-09-09;8;3564.0857313996376
12;2025-09-09;9;2501.1686311338826
12;2025-09-09;10;2037.9773571225296
12;2025-09-09;11;1932.5665528979803
12;2025-09-09;12;1942.3466968837556
12;2025-09-09;13;1971.3989588317768
12;2025-09-09;14;2008.2414129792587
12;2025-09-09;15;2168.91557487597
12;2025-09-09;16;2535.891779363843
12;2025-09-09;17;3117.2149801160003
12;2025-09-09;18;3519.626699252297
12;2025-09-09;19;2940.308250499924
12;2025-09-09;20;1754.4856145642361
12;2025-09-09;21;1086.6091319951458
12;2025-09-09;22;569.3536803695349
12;2025-09-09;23;260.24015257905336
12;2025-09-10;0;66.09984756374018
12;2025-09-10;1;0.0
12;2025-09-10;2;0.0
12;2025-09-10;3;0.0
12;2025-09-10;4;0.0
12;2025-09-10;5;307.83439836568425
12;2025-09-10;6;1772.948187368087
12;2025-09-10;7;2785.9397514633547
12;2025-09-10;8;3390.992450404778
12;2025-09-10;9;2432.2514237847445
12;2025-09-10;10;2125.814618784409
12;2025-09-10;11;2074.663898863959
12;2025-09-10;12;2099.148680723593
12;2025-09-10;13;2086.290044029226
12;2025-09-10;14;1956.6007758327532
12;2025-09-10;15;2161.932869591006
12;2025-09-10;16;2684.8980459477707
12;2025-09-10;17;3076.479456635466
12;2025-09-10;18;3470.8597920991174
12;2025-09-10;19;2741.900524375067
12;2025-09-10;20;1628.427471988907
12;2025-09-10;21;1077.194835733066
12;2025-09-10;22;603.4638405270916
12;2025-09-10;23;290.1786684507455
12;2025-09-11;0;63.095615173781745
12;2025-09-11;1;0.0
12;2025-09-11;2;0.0
12;2025-09-11;3;0.0
12;2025-09-11;4;0.0
12;2025-09-11;5;306.63251942657314
12;2025-09-11;6;1740.326699969702
12;2025-09-11;7;2782.083177205454
12;2025-09-11;8;3404.481536229226
12;2025-09-11;9;2516.8243804835283
12;2025-09-11;10;2113.962978959169
12;2025-09-11;11;2116.2709595960005
12;2025-09-11;12;2129.4643461149035
12;2025-09-11;13;2055.0155020131597
12;2025-09-11;14;2030.7071576063759
12;2025-09-11;15;2217.645942519646
12;2025-09-11;16;2713.8292310847373
12;2025-09-11;17;3133.815837519688
12;2025-09-11;18;3420.07949721026
12;2025-09-11;19;2802.404584410067
12;2025-09-11;20;1759.1365396529836
12;2025-09-11;21;1063.0187694086908
12;2025-09-11;22;607.0996969206487
12;2025-09-11;23;294.7871988710243
12;2025-09-12;0;67.09713979447952
12;2025-09-12;1;0.0
12;2025-09-12;2;0.0
12;2025-09-12;3;0.0
12;2025-09-12;4;0.0
12;2025-09-12;5;301.6340302196878
12;2025-09-12;6;1682.0539796244952
12;2025-09-12;7;2668.7815808500027
12;2025-09-12;8;3289.411273399377
12;2025-09-12;9;2405.9874504494364
12;2025-09-12;10;2038.9535810621287
12;2025-09-12;11;2073.416577070773
12;2025-09-12;12;2056.991131499768
12;2025-09-12;13;2006.1187067210626
12;2025-09-12;14;2040.4997332216676
12;2025-09-12;15;2333.575664006902
12;2025-09-12;16;2888.019177536242
12;2025-09-12;17;3046.114799209159
12;2025-09-12;18;2786.61622069066
12;2025-09-12;19;2439.540218622574
12;2025-09-12;20;1629.8612398906473
12;2025-09-12;21;1037.7790298337134
12;2025-09-12;22;592.7180985178013
12;2025-09-12;23;314.8764316131478
12;2025-09-13;0;86.92498402871237
12;2025-09-13;1;0.0
12;2025-09-13;2;0.0
12;2025-09-13;3;0.0
12;2025-09-13;4;0.0
12;2025-09-13;5;218.45377301361827
12;2025-09-13;6;972.3014844265433
12;2025-09-13;7;945.870010271138
12;2025-09-13;8;957.5859968053318
12;2025-09-13;9;1105.8735987736009
12;2025-09-13;10;1301.8937574673735
12;2025-09-13;11;1407.188306250575
12;2025-09-13;12;1416.6998916077534
12;2025-09-13;13;1575.315464823293
12;2025-09-13;14;1522.4174684361797
12;2025-09-13;15;1447.199072404413
12;2025-09-13;16;1482.7959876280643
12;2025-09-13;17;1489.2246417094439
12;2025-09-13;18;1450.801656190765
12;2025-09-13;19;1459.620938841621
12;2025-09-13;20;1000.4897121794615
12;2025-09-13;21;693.774212659075
12;2025-09-13;22;434.12540771468673
12;2025-09-13;23;270.88081163435635
12;2025-09-14;0;90.86411893176577
12;2025-09-14;1;0.0
12;2025-09-14;2;0.0
12;2025-09-14;3;0.0
12;2025-09-14;4;0.0
12;2025-09-14;5;156.93219232583985
12;2025-09-14;6;687.781833965686
12;2025-09-14;7;686.7470128147474
12;2025-09-14;8;756.8592259569557
12;2025-09-14;9;921.1453506136639
12;2025-09-14;10;1146.2296677214936
12;2025-09-14;11;1271.97103903474
12;2025-09-14;12;1341.231083807203
12;2025-09-14;13;1480.8460183095235
12;2025-09-14;14;1462.8611514748798
12;2025-09-14;15;1378.638326973108
12;2025-09-14;16;1449.9909887794147
12;2025-09-14;17;1539.3872164133656
12;2025-09-14;18;1381.196376017978
12;2025-09-14;19;1190.8364270796942
12;2025-09-14;20;843.2551853062184
12;2025-09-14;21;637.4654446242479
12;2025-09-14;22;404.3523276981151
12;2025-09-14;23;236.37841243089292
12;2025-09-15;0;75.13476826118156
12;2025-09-15;1;0.0
12;2025-09-15;2;0.0
12;2025-09-15;3;0.0
12;2025-09-15;4;0.0
12;2025-09-15;5;264.6287094980312
12;2025-09-15;6;1714.1150648482028
12;2025-09-15;7;2838.1104773445413
12;2025-09-15;8;3354.3256154572655
12;2025-09-15;9;2313.061385908753
12;2025-09-15;10;1959.4734504698945
12;2025-09-15;11;2048.3234907279666
12;2025-09-15;12;1971.7225352645423
12;2025-09-15;13;2063.279238904159
12;2025-09-15;14;1897.4990230143676
12;2025-09-15;15;2142.4875110037747
12;2025-09-15;16;2607.6814124542398
12;2025-09-15;17;3049.0062669912454
12;2025-09-15;18;3135.574318636995
12;2025-09-15;19;2760.869825035885
12;2025-09-15;20;1582.0715930203055
12;2025-09-15;21;1033.7288476302267
12;2025-09-15;22;526.1709127495538
12;2025-09-15;23;236.27742273292046
12;2025-09-16;0;52.538117573988174
12;2025-09-16;1;0.0
12;2025-09-16;2;0.0
12;2025-09-16;3;0.0
12;2025-09-16;4;0.0
12;2025-09-16;5;329.68949729378073
12;2025-09-16;6;1830.8915400201681
12;2025-09-16;7;2920.113291263204
12;2025-09-16;8;3648.692184202784
12;2025-09-16;9;2541.391694582245
12;2025-09-16;10;2081.305919458153
12;2025-09-16;11;1971.4570481201863
12;2025-09-16;12;1980.8550708721782
12;2025-09-16;13;2007.0379718432769
12;2025-09-16;14;2040.0939980779715
12;2025-09-16;15;2201.6788934211113
12;2025-09-16;16;2579.621682062165
12;2025-09-16;17;3183.6336733938697
12;2025-09-16;18;3624.2612863997138
12;2025-09-16;19;3016.3974110734607
12;2025-09-16;20;1775.3736751962565
12;2025-09-16;21;1100.966751088461
12;2025-09-16;22;578.9319190284818
12;2025-09-16;23;265.35875164998987
12;2025-09-17;0;66.71982084847161
12;2025-09-17;1;0.0
12;2025-09-17;2;0.0
12;2025-09-17;3;0.0
12;2025-09-17;4;0.0
12;2025-09-17;5;307.48637945963003
12;2025-09-17;6;1789.384320507846
12;2025-09-17;7;2812.1046323378578
12;2025-09-17;8;3422.641944317167
12;2025-09-17;9;2443.389321471671
12;2025-09-17;10;2141.1786525857915
12;2025-09-17;11;2088.287758316319
12;2025-09-17;12;2112.1512590159527
12;2025-09-17;13;2098.293848721926
12;2025-09-17;14;1965.192727427092
12;2025-09-17;15;2172.8115037365606
12;2025-09-17;16;2704.844597859878
12;2025-09-17;17;3105.1622121740966
12;2025-09-17;18;3506.870795788142
12;2025-09-17;19;2768.6387940015693
12;2025-09-17;20;1630.1258657505357
12;2025-09-17;21;1083.402761957965
12;2025-09-17;22;602.0816505674892
12;2025-09-17;23;292.03929572148024
12;2025-09-18;0;62.71175327620401
12;2025-09-18;1;0.0
12;2025-09-18;2;0.0
12;2025-09-18;3;0.0
12;2025-09-18;4;0.0
12;2025-09-18;5;304.08786474179897
12;2025-09-18;6;1738.3268935350382
12;2025-09-18;7;2786.83138905603
12;2025-09-18;8;3426.4807641919524
12;2025-09-18;9;2511.4329845130133
12;2025-09-18;10;2110.331880265415
12;2025-09-18;11;2107.87056284966
12;2025-09-18;12;2117.7111703800165
12;2025-09-18;13;2041.0425208483898
12;2025-09-18;14;2015.5685988867622
12;2025-09-18;15;2205.0690630320532
12;2025-09-18;16;2711.586989074402
12;2025-09-18;17;3143.4364497514953
12;2025-09-18;18;3430.187917747987
12;2025-09-18;19;2800.3510419245117
12;2025-09-18;20;1739.6691289237074
12;2025-09-18;21;1055.3748334383736
12;2025-09-18;22;598.0503012045458
12;2025-09-18;23;293.9361278164855
12;2025-09-19;0;63.55709585179842
12;2025-09-19;1;0.0
12;2025-09-19;2;0.0
12;2025-09-19;3;0.0
12;2025-09-19;4;0.0
12;2025-09-19;5;283.0718629692303
12;2025-09-19;6;1590.655179304345
12;2025-09-19;7;2530.561286049472
12;2025-09-19;8;3129.971119028507
12;2025-09-19;9;2275.2910567830686
12;2025-09-19;10;1916.3755137792007
12;2025-09-19;11;1933.8486649805081
12;2025-09-19;12;1907.8048866974318
12;2025-09-19;13;1848.5365023866152
12;2025-09-19;14;1876.297413972769
12;2025-09-19;15;2152.0813958160525
12;2025-09-19;16;2703.9787108951477
12;2025-09-19;17;2883.019075950631
12;2025-09-19;18;2657.942876619284
12;2025-09-19;19;2313.77208853064
12;2025-09-19;20;1528.1144406626454
12;2025-09-19;21;972.1719680287354
12;2025-09-19;22;551.1933631284103
12;2025-09-19;23;296.5900335564877
12;2025-09-20;0;85.78732477940713
12;2025-09-20;1;0.0
12;2025-09-20;2;0.0
12;2025-09-20;3;0.0
12;2025-09-20;4;0.0
12;2025-09-20;5;215.37009010664377
12;2025-09-20;6;958.6020821379465
12;2025-09-20;7;933.9189276393506
12;2025-09-20;8;957.5309777516827
12;2025-09-20;9;1099.5225424637265
12;2025-09-20;10;1294.7299613665227
12;2025-09-20;11;1400.3154876335461
12;2025-09-20;12;1409.8101195647243
12;2025-09-20;13;1565.7864988051613
12;2025-09-20;14;1511.526396444504
12;2025-09-20;15;1435.9245083805367
12;2025-09-20;16;1474.240486458288
12;2025-09-20;17;1480.3094118928025
12;2025-09-20;18;1432.0803308869922
12;2025-09-20;19;1437.7070756296903
12;2025-09-20;20;975.482290876969
12;2025-09-20;21;681.416864643586
12;2025-09-20;22;428.9901832501298
12;2025-09-20;23;267.1176057951311
12;2025-09-21;0;92.0192429755931
12;2025-09-21;1;0.0
12;2025-09-21;2;0.0
12;2025-09-21;3;0.0
12;2025-09-21;4;0.0
12;2025-09-21;5;157.03435507246883
12;2025-09-21;6;685.8852608544248
12;2025-09-21;7;685.9127576289764
12;2025-09-21;8;766.5274480870421
12;2025-09-21;9;926.129869049452
12;2025-09-21;10;1154.571965632469
12;2025-09-21;11;1283.016871362414
12;2025-09-21;12;1353.6086618191084
12;2025-09-21;13;1494.8418180542662
12;2025-09-21;14;1475.7744369048182
12;2025-09-21;15;1391.2536820659834
12;2025-09-21;16;1461.0451868396594
12;2025-09-21;17;1544.9210766700169
12;2025-09-21;18;1379.2300652055098
12;2025-09-21;19;1185.5796321093476
12;2025-09-21;20;836.511985057067
12;2025-09-21;21;637.0057754304248
12;2025-09-21;22;406.76321679650965
12;2025-09-21;23;236.23085237138247
12;2025-09-22;0;79.8405189406181
12;2025-09-22;1;0.0
12;2025-09-22;2;0.0
12;2025-09-22;3;0.0
12;2025-09-22;4;0.0
12;2025-09-22;5;269.47139851756003
12;2025-09-22;6;1731.99401086832
12;2025-09-22;7;2854.531795059844
12;2025-09-22;8;3373.3143023860475
12;2025-09-22;9;2336.8342263724294
12;2025-09-22;10;1981.8496250520452
12;2025-09-22;11;2073.4070685379656
12;2025-09-22;12;1996.2068273976997
12;2025-09-22;13;2083.439291105898
12;2025-09-22;14;1911.7495958326658
12;2025-09-22;15;2158.7143603851564
12;2025-09-22;16;2621.6006182073725
12;2025-09-22;17;3082.739652893645
12;2025-09-22;18;3164.6251428243168
12;2025-09-22;19;2781.2737790345627
12;2025-09-22;20;1602.4194890903
12;2025-09-22;21;1063.2641352126316
12;2025-09-22;22;535.7784086125569
12;2025-09-22;23;241.29187176598688
12;2025-09-23;0;50.50289438106458
12;2025-09-23;1;0.0
12;2025-09-23;2;0.0
12;2025-09-23;3;0.0
12;2025-09-23;4;0.0
12;2025-09-23;5;313.34196463997165
12;2025-09-23;6;1750.376535596292
12;2025-09-23;7;2805.4443725072415
12;2025-09-23;8;3535.7794355573496
12;2025-09-23;9;2453.5696730366753
12;2025-09-23;10;2001.2039376237499
12;2025-09-23;11;1888.153148925358
12;2025-09-23;12;1890.1023144456603
12;2025-09-23;13;1905.6677861294443
12;2025-09-23;14;1933.1453340806095
12;2025-09-23;15;2089.02838395838
12;2025-09-23;16;2471.35875201483
12;2025-09-23;17;3085.09232624826
12;2025-09-23;18;3513.038478419531
12;2025-09-23;19;2902.046278004417
12;2025-09-23;20;1698.0593621699586
12;2025-09-23;21;1050.9178822857316
12;2025-09-23;22;549.0217804553916
12;2025-09-23;23;254.50219182351466
12;2025-09-24;0;63.44437720161761
12;2025-09-24;1;0.0
12;2025-09-24;2;0.0
12;2025-09-24;3;0.0
12;2025-09-24;4;0.0
12;2025-09-24;5;307.7466344086392
12;2025-09-24;6;1786.2481207079088
12;2025-09-24;7;2819.5843850015963
12;2025-09-24;8;3458.1149371692477
12;2025-09-24;9;2444.7035907195796
12;2025-09-24;10;2144.4792220860963
12;2025-09-24;11;2090.64495071537
12;2025-09-24;12;2118.0482322766934
12;2025-09-24;13;2109.6724397461176
12;2025-09-24;14;1980.4289825079945
12;2025-09-24;15;2176.68658475972
12;2025-09-24;16;2713.3711093556262
12;2025-09-24;17;3121.147257129242
12;2025-09-24;18;3535.277296533659
12;2025-09-24;19;2770.093126288059
12;2025-09-24;20;1618.5591960113425
12;2025-09-24;21;1061.6764270946483
12;2025-09-24;22;581.482074777261
12;2025-09-24;23;290.86307986474765
12;2025-09-25;0;57.37951294091374
12;2025-09-25;1;0.0
12;2025-09-25;2;0.0
12;2025-09-25;3;0.0
12;2025-09-25;4;0.0
12;2025-09-25;5;302.2961138984589
12;2025-09-25;6;1736.9057336234514
12;2025-09-25;7;2796.643894395733
12;2025-09-25;8;3461.6350376515147
12;2025-09-25;9;2515.526121260079
12;2025-09-25;10;2117.272077721639
12;2025-09-25;11;2116.539220135124
12;2025-09-25;12;2131.6483384198273
12;2025-09-25;13;2058.840781544982
12;2025-09-25;14;2038.0678464676075
12;2025-09-25;15;2219.8774859294062
12;2025-09-25;16;2731.76656787692
12;2025-09-25;17;3169.5640747204675
12;2025-09-25;18;3466.942319357256
12;2025-09-25;19;2806.1196278205407
12;2025-09-25;20;1730.4297578887026
12;2025-09-25;21;1035.0359131192156
12;2025-09-25;22;575.7940100347028
12;2025-09-25;23;288.59699446181025
12;2025-09-26;0;65.16308570676685
12;2025-09-26;1;0.0
12;2025-09-26;2;0.0
12;2025-09-26;3;0.0
12;2025-09-26;4;0.0
12;2025-09-26;5;300.9156688100193
12;2025-09-26;6;1687.3521857556846
12;2025-09-26;7;2693.8103223831567
12;2025-09-26;8;3355.2120654687296
12;2025-09-26;9;2423.7516801707197
12;2025-09-26;10;2060.089503488268
12;2025-09-26;11;2096.9550949763943
12;2025-09-26;12;2085.827476778907
12;2025-09-26;13;2038.4137688296198
12;2025-09-26;14;2076.1977926204736
12;2025-09-26;15;2362.2740303705987
12;2025-09-26;16;2929.946776046738
12;2025-09-26;17;3078.1655926862613
12;2025-09-26;18;2825.254417770763
12;2025-09-26;19;2448.3013611068873
12;2025-09-26;20;1612.9862605675162
12;2025-09-26;21;1021.3243863400731
12;2025-09-26;22;573.4576905167378
12;2025-09-26;23;309.9249687668181
12;2025-09-27;0;81.66712450455279
12;2025-09-27;1;0.0
12;2025-09-27;2;0.0
12;2025-09-27;3;0.0
12;2025-09-27;4;0.0
12;2025-09-27;5;205.84153566920565
12;2025-09-27;6;918.9892396992776
12;2025-09-27;7;901.425007467788
12;2025-09-27;8;940.9396706346324
12;2025-09-27;9;1059.5987519566472
12;2025-09-27;10;1242.3650300055579
12;2025-09-27;11;1335.1391329672115
12;2025-09-27;12;1339.4805997056048
12;2025-09-27;13;1485.1045619929619
12;2025-09-27;14;1429.9722221626812
12;2025-09-27;15;1358.836111215234
12;2025-09-27;16;1398.9244519142724
12;2025-09-27;17;1408.169893714251
12;2025-09-27;18;1375.3386230823476
12;2025-09-27;19;1375.596170740366
12;2025-09-27;20;938.4839629140887
12;2025-09-27;21;661.8359509363703
12;2025-09-27;22;412.4146817883482
12;2025-09-27;23;253.70746332574512
12;2025-09-28;0;89.57416181310364
12;2025-09-28;1;0.0
12;2025-09-28;2;0.0
12;2025-09-28;3;0.0
12;2025-09-28;4;0.0
12;2025-09-28;5;154.10503753320535
12;2025-09-28;6;676.00681946285
12;2025-09-28;7;675.3797801232612
12;2025-09-28;8;768.9143096436192
12;2025-09-28;9;923.5435681362678
12;2025-09-28;10;1147.1622906066232
12;2025-09-28;11;1269.7083356219664
12;2025-09-28;12;1335.3942010039993
12;2025-09-28;13;1478.8305080715866
12;2025-09-28;14;1459.563464185775
12;2025-09-28;15;1380.389966298833
12;2025-09-28;16;1450.9161255197014
12;2025-09-28;17;1538.2623734833508
12;2025-09-28;18;1372.4234324767176
12;2025-09-28;19;1179.86040730595
12;2025-09-28;20;834.2641002190074
12;2025-09-28;21;633.8412371478644
12;2025-09-28;22;402.13266642686244
12;2025-09-28;23;234.64508917380692
12;2025-09-29;0;70.8841130921399
12;2025-09-29;1;0.0
12;2025-09-29;2;0.0
12;2025-09-29;3;0.0
12;2025-09-29;4;0.0
12;2025-09-29;5;263.4205916568883
12;2025-09-29;6;1716.8603837207638
12;2025-09-29;7;2859.4984096808485
12;2025-09-29;8;3420.6403880310886
12;2025-09-29;9;2333.161937376948
12;2025-09-29;10;1977.2226237552127
12;2025-09-29;11;2063.6097639704903
12;2025-09-29;12;1983.0821797290637
12;2025-09-29;13;2078.098237736417
12;2025-09-29;14;1913.4026224639356
12;2025-09-29;15;2161.0810199919642
12;2025-09-29;16;2642.147251957683
12;2025-09-29;17;3104.499289164148
12;2025-09-29;18;3188.5121160285116
12;2025-09-29;19;2772.0681181737687
12;2025-09-29;20;1579.1988242017294
12;2025-09-29;21;1015.1443475344943
12;2025-09-29;22;501.44769267632773
12;2025-09-29;23;234.85639930361293
12;2025-09-30;0;49.96328486230318
12;2025-09-30;1;0.0
12;2025-09-30;2;0.0
12;2025-09-30;3;0.0
12;2025-09-30;4;0.0
12;2025-09-30;5;327.32010975879314
12;2025-09-30;6;1822.1419717079366
12;2025-09-30;7;2938.9867232157076
12;2025-09-30;8;3722.756275604741
12;2025-09-30;9;2552.1393629802305
12;2025-09-30;10;2087.7363661016307
12;2025-09-30;11;1971.1477970096519
12;2025-09-30;12;1975.835869611393
12;2025-09-30;13;2004.3316534043975
12;2025-09-30;14;2042.1372937876868
12;2025-09-30;15;2202.3529854271214
12;2025-09-30;16;2599.6072634077336
12;2025-09-30;17;3234.501105716994
12;2025-09-30;18;3679.6533146202028
12;2025-09-30;19;3022.5711432704425
12;2025-09-30;20;1764.3148697118518
12;2025-09-30;21;1073.9776819760036
12;2025-09-30;22;546.7372096650543
12;2025-09-30;23;257.34322266500754
12;2025-10-01;0;61.975593942260694
12;2025-10-01;1;0.0
12;2025-10-01;2;0.0
12;2025-10-01;3;0.0
12;2025-10-01;4;0.0
12;2025-10-01;5;305.5702869055101
12;2025-10-01;6;1784.4341093031026
12;2025-10-01;7;2835.712033419817
12;2025-10-01;8;3507.114520112553
12;2025-10-01;9;2460.656400890085
12;2025-10-01;10;2156.689268028167
12;2025-10-01;11;2097.1998324863807
12;2025-10-01;12;2120.451682062351
12;2025-10-01;13;2110.7117339264523
12;2025-10-01;14;1981.8917663135915
12;2025-10-01;15;2186.8261018124294
12;2025-10-01;16;2739.9080220753685
12;2025-10-01;17;3169.72376082756
12;2025-10-01;18;3588.983689923967
12;2025-10-01;19;2788.035787953969
12;2025-10-01;20;1628.3600438783756
12;2025-10-01;21;1068.8345843389725
12;2025-10-01;22;584.5198284609469
12;2025-10-01;23;288.6192041157336
12;2025-10-02;0;59.72826000674473
12;2025-10-02;1;0.0
12;2025-10-02;2;0.0
12;2025-10-02;3;0.0
12;2025-10-02;4;0.0
12;2025-10-02;5;305.05665059007663
12;2025-10-02;6;1745.4839268827818
12;2025-10-02;7;2817.634711068176
12;2025-10-02;8;3509.422378228808
12;2025-10-02;9;2536.8492048729945
12;2025-10-02;10;2137.1023385676726
12;2025-10-02;11;2134.3537006114384
12;2025-10-02;12;2148.477564977086
12;2025-10-02;13;2077.4100743743456
12;2025-10-02;14;2057.2924340701475
12;2025-10-02;15;2245.041026624674
12;2025-10-02;16;2759.1991653826726
12;2025-10-02;17;3199.290819145317
12;2025-10-02;18;3516.6287554054466
12;2025-10-02;19;2832.0012590840006
12;2025-10-02;20;1748.0596560798476
12;2025-10-02;21;1046.7865801379407
12;2025-10-02;22;582.4298264093877
12;2025-10-02;23;291.9570675569048
12;2025-10-03;0;64.71784858360772
12;2025-10-03;1;0.0
12;2025-10-03;2;0.0
12;2025-10-03;3;0.0
12;2025-10-03;4;0.0
12;2025-10-03;5;293.3667167036139
12;2025-10-03;6;1647.9755707278741
12;2025-10-03;7;2646.052441557253
12;2025-10-03;8;3341.432573250751
12;2025-10-03;9;2402.524825866039
12;2025-10-03;10;2038.3757817851263
12;2025-10-03;11;2064.868035364926
12;2025-10-03;12;2044.447489603132
12;2025-10-03;13;2006.5989577247547
12;2025-10-03;14;2039.80801991537
12;2025-10-03;15;2330.6016791461175
12;2025-10-03;16;2906.5372261262005
12;2025-10-03;17;3062.5660883963383
12;2025-10-03;18;2815.8846062910366
12;2025-10-03;19;2407.8903282660676
12;2025-10-03;20;1592.548571121189
12;2025-10-03;21;1006.8652474518017
12;2025-10-03;22;563.0217351698316
12;2025-10-03;23;306.8286548417516
12;2025-10-04;0;87.11418860341396
12;2025-10-04;1;0.0
12;2025-10-04;2;0.0
12;2025-10-04;3;0.0
12;2025-10-04;4;0.0
12;2025-10-04;5;219.15593972458785
12;2025-10-04;6;971.9918121227588
12;2025-10-04;7;928.3613120552934
12;2025-10-04;8;957.1804470202671
12;2025-10-04;9;1124.9121097591035
12;2025-10-04;10;1328.985158535192
12;2025-10-04;11;1437.8534871538345
12;2025-10-04;12;1472.5246061129988
12;2025-10-04;13;1642.954599474032
12;2025-10-04;14;1579.9429102952838
12;2025-10-04;15;1500.327250416322
12;2025-10-04;16;1509.4960498654755
12;2025-10-04;17;1503.7862356628648
12;2025-10-04;18;1470.0733603002695
12;2025-10-04;19;1466.8686188650643
12;2025-10-04;20;1002.4375746222468
12;2025-10-04;21;697.4763942444815
12;2025-10-04;22;435.0108250158383
12;2025-10-04;23;272.65195528480734
12;2025-10-05;0;87.21049875517876
12;2025-10-05;1;0.0
12;2025-10-05;2;0.0
12;2025-10-05;3;0.0
12;2025-10-05;4;0.0
12;2025-10-05;5;150.1339583183198
12;2025-10-05;6;664.3489563499767
12;2025-10-05;7;650.0392335343255
12;2025-10-05;8;726.205077291893
12;2025-10-05;9;908.6082809131135
12;2025-10-05;10;1128.561219649198
12;2025-10-05;11;1249.6562376334018
12;2025-10-05;12;1336.479043039219
12;2025-10-05;13;1478.5428322497808
12;2025-10-05;14;1448.6670505652892
12;2025-10-05;15;1359.6144205800101
12;2025-10-05;16;1409.5281593008567
12;2025-10-05;17;1489.7350845139977
12;2025-10-05;18;1344.0475733224885
12;2025-10-05;19;1152.1462417534174
12;2025-10-05;20;816.6976586795888
12;2025-10-05;21;616.7362641839675
12;2025-10-05;22;390.29101380799705
12;2025-10-05;23;229.58228858953998
12;2025-10-06;0;69.73635809589369
12;2025-10-06;1;0.0
12;2025-10-06;2;0.0
12;2025-10-06;3;0.0
12;2025-10-06;4;0.0
12;2025-10-06;5;246.62563622055376
12;2025-10-06;6;1633.235581791931
12;2025-10-06;7;2717.655943258
12;2025-10-06;8;3251.174080201251
12;2025-10-06;9;2249.397907546635
12;2025-10-06;10;1903.3717654105546
12;2025-10-06;11;1978.8594610613804
12;2025-10-06;12;1892.9323740718005
12;2025-10-06;13;1960.375684992602
12;2025-10-06;14;1779.2297417459938
12;2025-10-06;15;2012.507564251163
12;2025-10-06;16;2492.6115159897663
12;2025-10-06;17;2970.087806731467
12;2025-10-06;18;3064.762917168039
12;2025-10-06;19;2652.072385064691
12;2025-10-06;20;1508.4148057833418
12;2025-10-06;21;974.4362473904486
12;2025-10-06;22;491.5823649862678
12;2025-10-06;23;229.07504099275957
12;2025-10-07;0;50.23555107344167
12;2025-10-07;1;0.0
12;2025-10-07;2;0.0
12;2025-10-07;3;0.0
12;2025-10-07;4;0.0
12;2025-10-07;5;313.22770743212857
12;2025-10-07;6;1770.9094557823655
12;2025-10-07;7;2841.0076488056343
12;2025-10-07;8;3601.5481729391636
12;2025-10-07;9;2510.5249296491493
12;2025-10-07;10;2057.85698180619
12;2025-10-07;11;1944.7416284078672
12;2025-10-07;12;1944.3751468958094
12;2025-10-07;13;1951.7794967066156
12;2025-10-07;14;1964.9854275626421
12;2025-10-07;15;2122.4008389263972
12;2025-10-07;16;2531.3058131535845
12;2025-10-07;17;3165.878612736694
12;2025-10-07;18;3566.9757005044744
12;2025-10-07;19;2942.7176268252088
12;2025-10-07;20;1705.145412370653
12;2025-10-07;21;1052.8465117989117
12;2025-10-07;22;547.9741101267018
12;2025-10-07;23;257.89268429790366
12;2025-10-08;0;64.21381948937932
12;2025-10-08;1;0.0
12;2025-10-08;2;0.0
12;2025-10-08;3;0.0
12;2025-10-08;4;0.0
12;2025-10-08;5;302.7562701321368
12;2025-10-08;6;1799.4301093322647
12;2025-10-08;7;2841.1994203578333
12;2025-10-08;8;3504.8763503195846
12;2025-10-08;9;2498.4081717126046
12;2025-10-08;10;2202.0823103296775
12;2025-10-08;11;2153.810230267468
12;2025-10-08;12;2181.5400687018887
12;2025-10-08;13;2159.253490697509
12;2025-10-08;14;2010.7808567311629
12;2025-10-08;15;2220.010904615241
12;2025-10-08;16;2787.993088390818
12;2025-10-08;17;3210.349985488081
12;2025-10-08;18;3575.8214755578274
12;2025-10-08;19;2798.6482558507087
12;2025-10-08;20;1621.6153918469358
12;2025-10-08;21;1074.0261582284534
12;2025-10-08;22;593.1462055721554
12;2025-10-08;23;293.4568555726742
12;2025-10-09;0;60.882218929557155
12;2025-10-09;1;0.0
12;2025-10-09;2;0.0
12;2025-10-09;3;0.0
12;2025-10-09;4;0.0
12;2025-10-09;5;302.91408351410456
12;2025-10-09;6;1764.896088818392
12;2025-10-09;7;2837.643188226884
12;2025-10-09;8;3516.212378764011
12;2025-10-09;9;2581.6114258065527
12;2025-10-09;10;2184.9859439863185
12;2025-10-09;11;2192.7473154093414
12;2025-10-09;12;2211.32770720223
12;2025-10-09;13;2129.394216058539
12;2025-10-09;14;2093.290644628651
12;2025-10-09;15;2285.693897180204
12;2025-10-09;16;2820.0256812922134
12;2025-10-09;17;3262.180939590404
12;2025-10-09;18;3527.577777161795
12;2025-10-09;19;2864.6195847155805
12;2025-10-09;20;1755.6286157188179
12;2025-10-09;21;1060.0024585814176
12;2025-10-09;22;595.3225847796637
12;2025-10-09;23;297.4762094938983
12;2025-10-10;0;64.9043990571715
12;2025-10-10;1;0.0
12;2025-10-10;2;0.0
12;2025-10-10;3;0.0
12;2025-10-10;4;0.0
12;2025-10-10;5;288.9653676320438
12;2025-10-10;6;1661.4888970953316
12;2025-10-10;7;2657.2240671539184
12;2025-10-10;8;3327.058937704691
12;2025-10-10;9;2429.828935255445
12;2025-10-10;10;2067.6576730849006
12;2025-10-10;11;2103.7579045691414
12;2025-10-10;12;2086.705988052855
12;2025-10-10;13;2034.3048008144435
12;2025-10-10;14;2052.465955851389
12;2025-10-10;15;2347.859479913147
12;2025-10-10;16;2941.571872330732
12;2025-10-10;17;3093.406327268345
12;2025-10-10;18;2815.963482629135
12;2025-10-10;19;2413.404982387164
12;2025-10-10;20;1575.907831369549
12;2025-10-10;21;1002.5850903394103
12;2025-10-10;22;557.1152754204362
12;2025-10-10;23;306.97371869949603
12;2025-10-11;0;82.86420149424873
12;2025-10-11;1;0.0
12;2025-10-11;2;0.0
12;2025-10-11;3;0.0
12;2025-10-11;4;0.0
12;2025-10-11;5;205.902853372929
12;2025-10-11;6;935.5698613434399
12;2025-10-11;7;904.6294834677731
12;2025-10-11;8;944.5792414239181
12;2025-10-11;9;1089.9608207377428
12;2025-10-11;10;1286.0939397749335
12;2025-10-11;11;1390.9709338896212
12;2025-10-11;12;1423.9297370804907
12;2025-10-11;13;1582.9293358225063
12;2025-10-11;14;1520.5568578883667
12;2025-10-11;15;1439.3902186356831
12;2025-10-11;16;1467.8492744668524
12;2025-10-11;17;1452.390461658661
12;2025-10-11;18;1406.0308870129984
12;2025-10-11;19;1396.2073473132757
12;2025-10-11;20;938.9383142991629
12;2025-10-11;21;654.94996549033
12;2025-10-11;22;404.9403745913642
12;2025-10-11;23;257.8895573956271
12;2025-10-12;0;85.5831313857716
12;2025-10-12;1;0.0
12;2025-10-12;2;0.0
12;2025-10-12;3;0.0
12;2025-10-12;4;0.0
12;2025-10-12;5;147.3296952548
12;2025-10-12;6;650.2988791085477
12;2025-10-12;7;649.143878314266
12;2025-10-12;8;721.3013269334504
12;2025-10-12;9;888.3053894715495
12;2025-10-12;10;1114.5240735357775
12;2025-10-12;11;1236.3478653099455
12;2025-10-12;12;1325.8651825275674
12;2025-10-12;13;1472.6798960412139
12;2025-10-12;14;1449.1825749242316
12;2025-10-12;15;1366.4477889069806
12;2025-10-12;16;1420.737573342854
12;2025-10-12;17;1485.6435725463227
12;2025-10-12;18;1322.5501266092692
12;2025-10-12;19;1129.9253356196773
12;2025-10-12;20;793.1461517548801
12;2025-10-12;21;613.8070861532926
12;2025-10-12;22;385.2682109501286
12;2025-10-12;23;223.90870473128297
12;2025-10-13;0;64.09719306344553
12;2025-10-13;1;0.0
12;2025-10-13;2;0.0
12;2025-10-13;3;0.0
12;2025-10-13;4;0.0
12;2025-10-13;5;232.11869748731607
12;2025-10-13;6;1538.6327381320566
12;2025-10-13;7;2606.36674304502
12;2025-10-13;8;3142.681599795303
12;2025-10-13;9;2148.6959324749796
12;2025-10-13;10;1795.5726959697997
12;2025-10-13;11;1855.9563219801535
12;2025-10-13;12;1767.8861523068194
12;2025-10-13;13;1832.4362980165258
12;2025-10-13;14;1669.4562377800194
12;2025-10-13;15;1894.6563462140152
12;2025-10-13;16;2382.1982084275687
12;2025-10-13;17;2849.8934670055532
12;2025-10-13;18;2912.1914334424687
12;2025-10-13;19;2509.2657815574266
12;2025-10-13;20;1394.5047866347018
12;2025-10-13;21;904.8635212080976
12;2025-10-13;22;441.57480205797606
12;2025-10-13;23;213.79039633541123
12;2025-10-14;0;46.90055836169472
12;2025-10-14;1;0.0
12;2025-10-14;2;0.0
12;2025-10-14;3;0.0
12;2025-10-14;4;0.0
12;2025-10-14;5;300.8007029652896
12;2025-10-14;6;1704.7674234192064
12;2025-10-14;7;2786.1635422395493
12;2025-10-14;8;3537.4370111610824
12;2025-10-14;9;2434.1971885825287
12;2025-10-14;10;1979.1803648168025
12;2025-10-14;11;1871.390204894928
12;2025-10-14;12;1874.963160049088
12;2025-10-14;13;1892.2069468443358
12;2025-10-14;14;1922.6603249686902
12;2025-10-14;15;2090.831744375663
12;2025-10-14;16;2486.826484978178
12;2025-10-14;17;3089.087150988902
12;2025-10-14;18;3454.830053845768
12;2025-10-14;19;2833.9398596343053
12;2025-10-14;20;1617.0204387320423
12;2025-10-14;21;991.2940650671187
12;2025-10-14;22;498.26734523991166
12;2025-10-14;23;238.77673259879992
12;2025-10-15;0;57.512157023715304
12;2025-10-15;1;0.0
12;2025-10-15;2;0.0
12;2025-10-15;3;0.0
12;2025-10-15;4;0.0
12;2025-10-15;5;280.0890574096569
12;2025-10-15;6;1668.1724407310853
12;2025-10-15;7;2695.8714254516776
12;2025-10-15;8;3342.117854092859
12;2025-10-15;9;2338.434268604512
12;2025-10-15;10;2039.9029152676153
12;2025-10-15;11;1989.4967897684528
12;2025-10-15;12;2016.2058999526141
12;2025-10-15;13;2000.335089077574
12;2025-10-15;14;1878.896919741116
12;2025-10-15;15;2091.720441267786
12;2025-10-15;16;2636.581459986898
12;2025-10-15;17;3046.404849199695
12;2025-10-15;18;3392.7826769407857
12;2025-10-15;19;2620.6509963539115
12;2025-10-15;20;1487.5271871107766
12;2025-10-15;21;983.5920440409371
12;2025-10-15;22;525.8747885848082
12;2025-10-15;23;264.85005183858914
12;2025-10-16;0;56.74245817096117
12;2025-10-16;1;0.0
12;2025-10-16;2;0.0
12;2025-10-16;3;0.0
12;2025-10-16;4;0.0
12;2025-10-16;5;300.3116554432802
12;2025-10-16;6;1743.9249614682662
12;2025-10-16;7;2860.0304389389876
12;2025-10-16;8;3542.769533373483
12;2025-10-16;9;2561.1885525508037
12;2025-10-16;10;2160.3042604883613
12;2025-10-16;11;2170.8455901670136
12;2025-10-16;12;2195.4923993098046
12;2025-10-16;13;2129.6056693024602
12;2025-10-16;14;2118.0150318306605
12;2025-10-16;15;2332.595369901887
12;2025-10-16;16;2865.8779931575864
12;2025-10-16;17;3292.5791173188927
12;2025-10-16;18;3529.825630530668
12;2025-10-16;19;2855.207100216444
12;2025-10-16;20;1726.5290007382287
12;2025-10-16;21;1040.3546723078014
12;2025-10-16;22;564.3166819833427
12;2025-10-16;23;288.6225117058052
12;2025-10-17;0;61.813634322060736
12;2025-10-17;1;0.0
12;2025-10-17;2;0.0
12;2025-10-17;3;0.0
12;2025-10-17;4;0.0
12;2025-10-17;5;281.2876789332804
12;2025-10-17;6;1609.920045950402
12;2025-10-17;7;2604.669438774654
12;2025-10-17;8;3238.199340161268
12;2025-10-17;9;2347.2140746235627
12;2025-10-17;10;1994.690036933424
12;2025-10-17;11;2039.3637144494598
12;2025-10-17;12;2033.1029047134277
12;2025-10-17;13;1998.3627568490474
12;2025-10-17;14;2034.4625087777872
12;2025-10-17;15;2328.1458330281152
12;2025-10-17;16;2889.830570041927
12;2025-10-17;17;3004.411908280743
12;2025-10-17;18;2718.969198468409
12;2025-10-17;19;2342.3776083582543
12;2025-10-17;20;1515.4511050304295
12;2025-10-17;21;963.5850045899064
12;2025-10-17;22;529.1327982913999
12;2025-10-17;23;293.9205188501517
12;2025-10-18;0;83.6091246015506
12;2025-10-18;1;0.0
12;2025-10-18;2;0.0
12;2025-10-18;3;0.0
12;2025-10-18;4;0.0
12;2025-10-18;5;206.40641776352498
12;2025-10-18;6;940.0330569258335
12;2025-10-18;7;920.543814600087
12;2025-10-18;8;954.1905523642981
12;2025-10-18;9;1093.1784255553243
12;2025-10-18;10;1287.7741231845398
12;2025-10-18;11;1393.1767015190478
12;2025-10-18;12;1427.9500959513448
12;2025-10-18;13;1596.0702690647436
12;2025-10-18;14;1542.6079412757972
12;2025-10-18;15;1469.7298921049307
12;2025-10-18;16;1504.5003863184484
12;2025-10-18;17;1492.575907560687
12;2025-10-18;18;1434.8507076821888
12;2025-10-18;19;1420.866379373409
12;2025-10-18;20;948.1498208971316
12;2025-10-18;21;664.964363396135
12;2025-10-18;22;410.37284966406753
12;2025-10-18;23;259.9576641086105
12;2025-10-19;0;89.60566371262463
12;2025-10-19;1;0.0
12;2025-10-19;2;0.0
12;2025-10-19;3;0.0
12;2025-10-19;4;0.0
12;2025-10-19;5;152.81067674714035
12;2025-10-19;6;678.3541631111723
12;2025-10-19;7;675.6804850449308
12;2025-10-19;8;741.1842146137983
12;2025-10-19;9;920.6795877457275
12;2025-10-19;10;1158.55523162065
12;2025-10-19;11;1289.4099810912476
12;2025-10-19;12;1386.3014461299595
12;2025-10-19;13;1545.9000156487145
12;2025-10-19;14;1528.601621542272
12;2025-10-19;15;1448.141975378681
12;2025-10-19;16;1509.033063002748
12;2025-10-19;17;1588.3977330510897
12;2025-10-19;18;1417.3824927969765
12;2025-10-19;19;1207.400726510461
12;2025-10-19;20;837.9454544910911
12;2025-10-19;21;640.8540583759428
12;2025-10-19;22;402.91343665527506
12;2025-10-19;23;237.09506109459363
12;2025-10-20;0;67.78457484655465
12;2025-10-20;1;0.0
12;2025-10-20;2;0.0
12;2025-10-20;3;0.0
12;2025-10-20;4;0.0
12;2025-10-20;5;253.48250882533455
12;2025-10-20;6;1686.7290158713765
12;2025-10-20;7;2857.069789811968
12;2025-10-20;8;3421.767139249776
12;2025-10-20;9;2322.0016093489185
12;2025-10-20;10;1970.9803883206673
12;2025-10-20;11;2068.4087464100935
12;2025-10-20;12;1997.3434432123938
12;2025-10-20;13;2091.9127579804813
12;2025-10-20;14;1930.514295393507
12;2025-10-20;15;2200.2760610232926
12;2025-10-20;16;2692.085351481551
12;2025-10-20;17;3149.858030550359
12;2025-10-20;18;3187.6795693123718
12;2025-10-20;19;2754.5936566017135
12;2025-10-20;20;1523.5320536683657
12;2025-10-20;21;985.8650632673458
12;2025-10-20;22;478.35326174521174
12;2025-10-20;23;228.78188560623573
12;2025-10-21;0;47.53642941456896
12;2025-10-21;1;0.0
12;2025-10-21;2;0.0
12;2025-10-21;3;0.0
12;2025-10-21;4;0.0
12;2025-10-21;5;310.9419571532077
12;2025-10-21;6;1755.411886383918
12;2025-10-21;7;2875.384893926706
12;2025-10-21;8;3652.8271856055107
12;2025-10-21;9;2502.315711674333
12;2025-10-21;10;2051.7853298678933
12;2025-10-21;11;1948.871911395248
12;2025-10-21;12;1960.8102455508101
12;2025-10-21;13;1984.1033442372564
12;2025-10-21;14;2017.8664616669366
12;2025-10-21;15;2193.5166324820148
12;2025-10-21;16;2592.113705936177
12;2025-10-21;17;3212.613415058927
12;2025-10-21;18;3603.693410825416
12;2025-10-21;19;2945.7005115825777
12;2025-10-21;20;1674.0492433718478
12;2025-10-21;21;1024.380505212997
12;2025-10-21;22;513.9693125033023
12;2025-10-21;23;246.0501518802006
12;2025-10-22;0;61.30087978424528
12;2025-10-22;1;0.0
12;2025-10-22;2;0.0
12;2025-10-22;3;0.0
12;2025-10-22;4;0.0
12;2025-10-22;5;306.1862662072548
12;2025-10-22;6;1817.0896672188237
12;2025-10-22;7;2929.1814551788043
12;2025-10-22;8;3602.0300573334257
12;2025-10-22;9;2508.165646086215
12;2025-10-22;10;2206.7288870649895
12;2025-10-22;11;2165.3919920067087
12;2025-10-22;12;2208.2191325331214
12;2025-10-22;13;2209.638734029898
12;2025-10-22;14;2091.5226252919265
12;2025-10-22;15;2332.4919918830947
12;2025-10-22;16;2900.1818296879374
12;2025-10-22;17;3311.0887491832937
12;2025-10-22;18;3685.896077380441
12;2025-10-22;19;2865.2510586849457
12;2025-10-22;20;1628.0066951214687
12;2025-10-22;21;1074.7501641468364
12;2025-10-22;22;573.1208641309679
12;2025-10-22;23;288.8846957763865
12;2025-10-23;0;57.023594285821545
12;2025-10-23;1;0.0
12;2025-10-23;2;0.0
12;2025-10-23;3;0.0
12;2025-10-23;4;0.0
12;2025-10-23;5;303.90950077441244
12;2025-10-23;6;1766.9556767405861
12;2025-10-23;7;2904.7076084852342
12;2025-10-23;8;3599.6753293021566
12;2025-10-23;9;2584.3647789728757
12;2025-10-23;10;2180.572695980905
12;2025-10-23;11;2193.0826660905896
12;2025-10-23;12;2222.103973821636
12;2025-10-23;13;2158.9426511887787
12;2025-10-23;14;2151.780350262468
12;2025-10-23;15;2372.873291548042
12;2025-10-23;16;2910.0212248474763
12;2025-10-23;17;3346.484135162427
12;2025-10-23;18;3605.1564001016077
12;2025-10-23;19;2903.532240382624
12;2025-10-23;20;1746.7962692444387
12;2025-10-23;21;1050.7205656860804
12;2025-10-23;22;568.8019889353376
12;2025-10-23;23;291.62244312092616
12;2025-10-24;0;63.34507021250606
12;2025-10-24;1;0.0
12;2025-10-24;2;0.0
12;2025-10-24;3;0.0
12;2025-10-24;4;0.0
12;2025-10-24;5;289.28183551219115
12;2025-10-24;6;1655.027848886727
12;2025-10-24;7;2684.572518247751
12;2025-10-24;8;3338.7822558314956
12;2025-10-24;9;2404.6061414159
12;2025-10-24;10;2041.008404815343
12;2025-10-24;11;2083.342969760399
12;2025-10-24;12;2076.2092419023065
12;2025-10-24;13;2044.1171836469646
12;2025-10-24;14;2084.4830844188446
12;2025-10-24;15;2388.6213721327813
12;2025-10-24;16;2970.5043676412015
12;2025-10-24;17;3104.307688078103
12;2025-10-24;18;2822.2966371290604
12;2025-10-24;19;2417.477023532765
12;2025-10-24;20;1555.091101154635
12;2025-10-24;21;986.5819343599096
12;2025-10-24;22;540.051625723889
12;2025-10-24;23;300.7093696616562
12;2025-10-25;0;87.36557837027443
12;2025-10-25;1;0.0
12;2025-10-25;2;0.0
12;2025-10-25;3;0.0
12;2025-10-25;4;0.0
12;2025-10-25;5;220.31001676823132
12;2025-10-25;6;991.7714393577131
12;2025-10-25;7;967.2344440185209
12;2025-10-25;8;993.470863287893
12;2025-10-25;9;1145.2023223592014
12;2025-10-25;10;1356.1873869781589
12;2025-10-25;11;1473.0843316036658
12;2025-10-25;12;1515.20975084293
12;2025-10-25;13;1694.4426444254836
12;2025-10-25;14;1640.8819362117101
12;2025-10-25;15;1565.4159672432324
12;2025-10-25;16;1596.5079415717332
12;2025-10-25;17;1580.372682312251
12;2025-10-25;18;1524.5492269983292
12;2025-10-25;19;1506.8634867612363
12;2025-10-25;20;1003.0501860639437
12;2025-10-25;21;703.2312480063754
12;2025-10-25;22;433.6254042895829
12;2025-10-25;23;274.799337124189
12;2025-10-26;0;84.75374217145067
12;2025-10-26;1;0.0
12;2025-10-26;2;0.0
12;2025-10-26;3;0.0
12;2025-10-26;4;0.0
12;2025-10-26;5;147.5824526157375
12;2025-10-26;6;655.6428642421636
12;2025-10-26;7;659.0972506918022
12;2025-10-26;8;736.4275037882157
12;2025-10-26;9;889.644347255356
12;2025-10-26;10;1104.8501363196815
12;2025-10-26;11;1222.9169007343005
12;2025-10-26;12;1311.5228884642224
12;2025-10-26;13;1457.6220461410169
12;2025-10-26;14;1436.539167327802
12;2025-10-26;15;1352.995169016629
12;2025-10-26;16;1416.4212165637282
12;2025-10-26;17;1491.011196969924
12;2025-10-26;18;1336.47444225576
12;2025-10-26;19;1138.2284111663748
12;2025-10-26;20;793.3442295884572
12;2025-10-26;21;614.0550432088835
12;2025-10-26;22;384.2750572116378
12;2025-10-26;23;223.1838522128919
12;2025-10-27;0;66.93231464585062
12;2025-10-27;1;0.0
12;2025-10-27;2;0.0
12;2025-10-27;3;0.0
12;2025-10-27;4;0.0
12;2025-10-27;5;250.04090170368923
12;2025-10-27;6;1666.3096447556763
12;2025-10-27;7;2826.9167919723122
12;2025-10-27;8;3380.4503367686434
12;2025-10-27;9;2289.5304912113415
12;2025-10-27;10;1936.3347248272657
12;2025-10-27;11;2029.2525744792329
12;2025-10-27;12;1957.8540386766235
12;2025-10-27;13;2051.5958434529757
12;2025-10-27;14;1893.693013281827
12;2025-10-27;15;2157.5866757390318
12;2025-10-27;16;2642.541886099605
12;2025-10-27;17;3090.2470922720368
12;2025-10-27;18;3128.305785330866
12;2025-10-27;19;2710.5370636724974
12;2025-10-27;20;1497.430567776438
12;2025-10-27;21;973.2201367790549
12;2025-10-27;22;474.9364189445361
12;2025-10-27;23;224.63903076873066
12;2025-10-28;0;46.770373958790756
12;2025-10-28;1;0.0
12;2025-10-28;2;0.0
12;2025-10-28;3;0.0
12;2025-10-28;4;0.0
12;2025-10-28;5;303.818417014624
12;2025-10-28;6;1728.5657260145938
12;2025-10-28;7;2828.7484742289607
12;2025-10-28;8;3588.2571203213006
12;2025-10-28;9;2460.536651126784
12;2025-10-28;10;2000.0772314118628
12;2025-10-28;11;1894.4615681022929
12;2025-10-28;12;1901.9396950547093
12;2025-10-28;13;1921.470727806443
12;2025-10-28;14;1955.7260544678143
12;2025-10-28;15;2119.097811769751
12;2025-10-28;16;2529.780049309371
12;2025-10-28;17;3139.2155278065734
12;2025-10-28;18;3502.6794416470166
12;2025-10-28;19;2864.964343494865
12;2025-10-28;20;1625.6591088348146
12;2025-10-28;21;994.4787641701855
12;2025-10-28;22;497.32592411242956
12;2025-10-28;23;238.58867336880542
12;2025-10-29;0;58.85276316402701
12;2025-10-29;1;0.0
12;2025-10-29;2;0.0
12;2025-10-29;3;0.0
12;2025-10-29;4;0.0
12;2025-10-29;5;290.3032413615406
12;2025-10-29;6;1733.412665109202
12;2025-10-29;7;2796.3733067181465
12;2025-10-29;8;3458.1453914900635
12;2025-10-29;9;2406.755490792477
12;2025-10-29;10;2106.9016832315338
12;2025-10-29;11;2059.1038684311034
12;2025-10-29;12;2092.4244305646653
12;2025-10-29;13;2081.1522050392477
12;2025-10-29;14;1961.1104662126536
12;2025-10-29;15;2186.651528691677
12;2025-10-29;16;2744.6099395163346
12;2025-10-29;17;3157.6919045730438
12;2025-10-29;18;3509.2070697837644
12;2025-10-29;19;2715.3393254825023
12;2025-10-29;20;1535.1577541837391
12;2025-10-29;21;1011.7129466809151
12;2025-10-29;22;538.333390884635
12;2025-10-29;23;272.4348764907565
12;2025-10-30;0;55.816279873686675
12;2025-10-30;1;0.0
12;2025-10-30;2;0.0
12;2025-10-30;3;0.0
12;2025-10-30;4;0.0
12;2025-10-30;5;294.50632226219034
12;2025-10-30;6;1722.2173377919823
12;2025-10-30;7;2829.0872695814314
12;2025-10-30;8;3510.2056842564552
12;2025-10-30;9;2526.872262632918
12;2025-10-30;10;2122.0070662633498
12;2025-10-30;11;2127.6986277088145
12;2025-10-30;12;2148.630868792071
12;2025-10-30;13;2077.885017654493
12;2025-10-30;14;2065.1586970841877
12;2025-10-30;15;2277.9580570407525
12;2025-10-30;16;2810.6228225595805
12;2025-10-30;17;3247.0194076613902
12;2025-10-30;18;3491.088298310592
12;2025-10-30;19;2809.822106456947
12;2025-10-30;20;1685.4895423630503
12;2025-10-30;21;1012.0675873310205
12;2025-10-30;22;547.0103824494165
12;2025-10-30;23;281.40708692614925
12;2025-10-31;0;60.830738235718634
12;2025-10-31;1;0.0
12;2025-10-31;2;0.0
12;2025-10-31;3;0.0
12;2025-10-31;4;0.0
12;2025-10-31;5;275.6351015115979
12;2025-10-31;6;1600.7819801835092
12;2025-10-31;7;2605.6062915304005
12;2025-10-31;8;3249.781465125002
12;2025-10-31;9;2327.0431823239514
12;2025-10-31;10;1948.1825809696618
12;2025-10-31;11;1979.0334458105892
12;2025-10-31;12;1961.1886685397812
12;2025-10-31;13;1925.3406581852348
12;2025-10-31;14;1960.4126200515889
12;2025-10-31;15;2258.439434111484
12;2025-10-31;16;2837.7038016368674
12;2025-10-31;17;2972.9502146060595
12;2025-10-31;18;2732.357915311325
12;2025-10-31;19;2327.5321754641363
12;2025-10-31;20;1493.3261986336786
12;2025-10-31;21;948.1115368810474
12;2025-10-31;22;518.9234871901539
12;2025-10-31;23;287.65266353148354
12;2025-11-01;0;40.385582824587985
12;2025-11-01;1;0.0
12;2025-11-01;2;0.0
12;2025-11-01;3;0.0
12;2025-11-01;4;0.0
12;2025-11-01;5;183.95860880186098
12;2025-11-01;6;1057.7161181944139
12;2025-11-01;7;1718.820701747031
12;2025-11-01;8;2127.63560414244
12;2025-11-01;9;1529.5470955633014
12;2025-11-01;10;1298.0864410391218
12;2025-11-01;11;1323.2560591519318
12;2025-11-01;12;1319.5917864046955
12;2025-11-01;13;1301.1678541576548
12;2025-11-01;14;1328.2426152558119
12;2025-11-01;15;1522.6639316871804
12;2025-11-01;16;1892.6579570033919
12;2025-11-01;17;1972.3779888692447
12;2025-11-01;18;1801.3547777209083
12;2025-11-01;19;1550.1877010466897
12;2025-11-01;20;999.177174295851
12;2025-11-01;21;634.6915968265909
12;2025-11-01;22;347.55272690818845
12;2025-11-01;23;192.99441990506133
12;2025-11-02;0;92.25344734828185
12;2025-11-02;1;0.0
12;2025-11-02;2;0.0
12;2025-11-02;3;0.0
12;2025-11-02;4;0.0
12;2025-11-02;5;158.5107803760318
12;2025-11-02;6;710.229950711731
12;2025-11-02;7;710.7320731017084
12;2025-11-02;8;763.9611833012434
12;2025-11-02;9;955.3226412491688
12;2025-11-02;10;1203.3338722183898
12;2025-11-02;11;1347.1404741799606
12;2025-11-02;12;1454.0039565098741
12;2025-11-02;13;1622.7780369246454
12;2025-11-02;14;1608.7551686359907
12;2025-11-02;15;1520.3320036557725
12;2025-11-02;16;1576.7957730082226
12;2025-11-02;17;1648.3283302918444
12;2025-11-02;18;1465.1220716091775
12;2025-11-02;19;1253.649350932437
12;2025-11-02;20;864.8157171530138
12;2025-11-02;21;658.8852548232079
12;2025-11-02;22;412.9412887368409
12;2025-11-02;23;244.02080671905097
12;2025-11-03;0;81.92376110305973
12;2025-11-03;1;0.0
12;2025-11-03;2;0.0
12;2025-11-03;3;0.0
12;2025-11-03;4;0.0
12;2025-11-03;5;173.4482006594136
12;2025-11-03;6;766.7207275062456
12;2025-11-03;7;750.5220702041008
12;2025-11-03;8;767.2932707648332
12;2025-11-03;9;915.9124830878202
12;2025-11-03;10;1134.3560658573306
12;2025-11-03;11;1235.8328667926517
12;2025-11-03;12;1339.9363877243097
12;2025-11-03;13;1510.0215489776897
12;2025-11-03;14;1484.4129165653212
12;2025-11-03;15;1412.8092552178382
12;2025-11-03;16;1457.5339136883222
12;2025-11-03;17;1498.8210182390817
12;2025-11-03;18;1390.5634913879055
12;2025-11-03;19;1267.3447224101888
12;2025-11-03;20;870.1565929202802
12;2025-11-03;21;637.9884399193254
12;2025-11-03;22;409.1421711970729
12;2025-11-03;23;240.09102615511986
17;2025-09-04;0;144.21867418406987
17;2025-09-04;1;0.0
17;2025-09-04;2;0.0
17;2025-09-04;3;0.0
17;2025-09-04;4;0.0
17;2025-09-04;5;249.2220302907103
17;2025-09-04;6;1713.2447317654428
17;2025-09-04;7;4072.034418309511
17;2025-09-04;8;5300.34908027723
17;2025-09-04;9;3887.8731649946867
17;2025-09-04;10;3107.3117904001183
17;2025-09-04;11;3081.8914256976213
17;2025-09-04;12;3152.943123830888
17;2025-09-04;13;3179.4074615465734
17;2025-09-04;14;3203.389876586897
17;2025-09-04;15;3290.2784282505318
17;2025-09-04;16;3763.502176440705
17;2025-09-04;17;4628.236882550616
17;2025-09-04;18;5438.488614757389
17;2025-09-04;19;3957.446121293896
17;2025-09-04;20;2653.121577668997
17;2025-09-04;21;1655.9808860085473
17;2025-09-04;22;979.3054035713246
17;2025-09-04;23;443.69642724611595
17;2025-09-05;0;152.4076491061526
17;2025-09-05;1;0.0
17;2025-09-05;2;0.0
17;2025-09-05;3;0.0
17;2025-09-05;4;0.0
17;2025-09-05;5;234.97821395517576
17;2025-09-05;6;1593.8965753316274
17;2025-09-05;7;3841.6193465251818
17;2025-09-05;8;4970.440791094481
17;2025-09-05;9;3675.8526772419013
17;2025-09-05;10;2984.1880925348096
17;2025-09-05;11;3028.4860355165392
17;2025-09-05;12;3100.956282508716
17;2025-09-05;13;3158.690774096057
17;2025-09-05;14;3220.760659350388
17;2025-09-05;15;3447.1267758615077
17;2025-09-05;16;4022.504969929299
17;2025-09-05;17;4482.304716760529
17;2025-09-05;18;4512.673993006981
17;2025-09-05;19;3406.3100968830513
17;2025-09-05;20;2429.6695801111837
17;2025-09-05;21;1565.2690400902616
17;2025-09-05;22;962.2768088991231
17;2025-09-05;23;463.79452536558495
17;2025-09-06;0;190.90315622252194
17;2025-09-06;1;0.0
17;2025-09-06;2;0.0
17;2025-09-06;3;0.0
17;2025-09-06;4;0.0
17;2025-09-06;5;93.56999423564469
17;2025-09-06;6;625.3532060181005
17;2025-09-06;7;1172.5695075291055
17;2025-09-06;8;1571.5991858260256
17;2025-09-06;9;1897.0883270293643
17;2025-09-06;10;2153.8250657022063
17;2025-09-06;11;2549.323627081594
17;2025-09-06;12;2800.8915763593404
17;2025-09-06;13;2972.3644503971987
17;2025-09-06;14;3030.01939936648
17;2025-09-06;15;2994.184233374489
17;2025-09-06;16;2924.832227859033
17;2025-09-06;17;2996.037502217495
17;2025-09-06;18;2863.4712152815428
17;2025-09-06;19;2463.760095683742
17;2025-09-06;20;1828.4203792816356
17;2025-09-06;21;1325.6193467878497
17;2025-09-06;22;877.2245805944392
17;2025-09-06;23;440.837570876997
17;2025-09-07;0;196.3951825733331
17;2025-09-07;1;0.0
17;2025-09-07;2;0.0
17;2025-09-07;3;0.0
17;2025-09-07;4;0.0
17;2025-09-07;5;74.92250952750712
17;2025-09-07;6;466.50993787206824
17;2025-09-07;7;844.2498939962411
17;2025-09-07;8;1223.7520050997662
17;2025-09-07;9;1591.4917079946438
17;2025-09-07;10;1909.7226300436023
17;2025-09-07;11;2357.145845344808
17;2025-09-07;12;2676.2302842501986
17;2025-09-07;13;2870.029229116253
17;2025-09-07;14;2922.274382672679
17;2025-09-07;15;2901.110700272501
17;2025-09-07;16;2827.3094570701414
17;2025-09-07;17;2863.895868399244
17;2025-09-07;18;2729.9097686627338
17;2025-09-07;19;2281.9734841863005
17;2025-09-07;20;1728.7351982576
17;2025-09-07;21;1241.94694766759
17;2025-09-07;22;816.7912455618111
17;2025-09-07;23;369.4191682486486
17;2025-09-08;0;126.85838961900441
17;2025-09-08;1;0.0
17;2025-09-08;2;0.0
17;2025-09-08;3;0.0
17;2025-09-08;4;0.0
17;2025-09-08;5;232.60376598343862
17;2025-09-08;6;1611.2397979136535
17;2025-09-08;7;4076.8407156455496
17;2025-09-08;8;5112.7413817823945
17;2025-09-08;9;3703.3288692486476
17;2025-09-08;10;2814.586206703514
17;2025-09-08;11;2887.3351625438618
17;2025-09-08;12;2883.9816535919144
17;2025-09-08;13;3007.6000530817637
17;2025-09-08;14;3049.169943844332
17;2025-09-08;15;3162.7561058482515
17;2025-09-08;16;3626.9034419749305
17;2025-09-08;17;4596.532261460758
17;2025-09-08;18;5394.459059316201
17;2025-09-08;19;3947.0538613424997
17;2025-09-08;20;2579.755318957357
17;2025-09-08;21;1493.365524547742
17;2025-09-08;22;792.4509243850692
17;2025-09-08;23;339.55272448028654
17;2025-09-09;0;124.78270135555339
17;2025-09-09;1;0.0
17;2025-09-09;2;0.0
17;2025-09-09;3;0.0
17;2025-09-09;4;0.0
17;2025-09-09;5;237.64386110725428
17;2025-09-09;6;1785.0735081093167
17;2025-09-09;7;4497.239470067585
17;2025-09-09;8;5670.068948866613
17;2025-09-09;9;3904.8016165219033
17;2025-09-09;10;3035.6833509590797
17;2025-09-09;11;3038.8911587790476
17;2025-09-09;12;2892.318938575955
17;2025-09-09;13;3054.910812445465
17;2025-09-09;14;3109.9795628863544
17;2025-09-09;15;3281.5951778783647
17;2025-09-09;16;3699.8720820687
17;2025-09-09;17;4680.351466876769
17;2025-09-09;18;5486.733774164053
17;2025-09-09;19;3931.8554630281506
17;2025-09-09;20;2625.85199871223
17;2025-09-09;21;1526.5664899231185
17;2025-09-09;22;844.1251380366097
17;2025-09-09;23;366.94938828124907
17;2025-09-10;0;119.42063138616435
17;2025-09-10;1;0.0
17;2025-09-10;2;0.0
17;2025-09-10;3;0.0
17;2025-09-10;4;0.0
17;2025-09-10;5;232.71131559946076
17;2025-09-10;6;1756.3419208695163
17;2025-09-10;7;4314.452416937778
17;2025-09-10;8;5506.947147400344
17;2025-09-10;9;3876.3210382037105
17;2025-09-10;10;3067.7416017704595
17;2025-09-10;11;3051.3937183807147
17;2025-09-10;12;3071.829716800033
17;2025-09-10;13;3133.411445023893
17;2025-09-10;14;3139.727204542922
17;2025-09-10;15;3293.743848876783
17;2025-09-10;16;3621.1359089925945
17;2025-09-10;17;4669.495100014457
17;2025-09-10;18;5399.091244369456
17;2025-09-10;19;3986.3088914816944
17;2025-09-10;20;2562.713585120584
17;2025-09-10;21;1541.6041318228908
17;2025-09-10;22;875.0945022082525
17;2025-09-10;23;401.2732698439828
17;2025-09-11;0;145.93132046057826
17;2025-09-11;1;0.0
17;2025-09-11;2;0.0
17;2025-09-11;3;0.0
17;2025-09-11;4;0.0
17;2025-09-11;5;251.69588206901096
17;2025-09-11;6;1730.4432465054738
17;2025-09-11;7;4113.412970550721
17;2025-09-11;8;5355.727023351177
17;2025-09-11;9;3925.769777095172
17;2025-09-11;10;3132.32235088636
17;2025-09-11;11;3095.279308857889
17;2025-09-11;12;3157.746314685973
17;2025-09-11;13;3179.267613861957
17;2025-09-11;14;3195.7784381376164
17;2025-09-11;15;3287.77477772203
17;2025-09-11;16;3779.3615164982784
17;2025-09-11;17;4679.66690748749
17;2025-09-11;18;5512.988373076307
17;2025-09-11;19;4000.297983823616
17;2025-09-11;20;2675.164066283703
17;2025-09-11;21;1674.5504269102362
17;2025-09-11;22;989.1042897737057
17;2025-09-11;23;439.8185193367276
17;2025-09-12;0;155.104315615021
17;2025-09-12;1;0.0
17;2025-09-12;2;0.0
17;2025-09-12;3;0.0
17;2025-09-12;4;0.0
17;2025-09-12;5;238.90166376152627
17;2025-09-12;6;1616.0433079109134
17;2025-09-12;7;3891.62061145077
17;2025-09-12;8;5030.675214571584
17;2025-09-12;9;3706.1632033605074
17;2025-09-12;10;3000.6918089674054
17;2025-09-12;11;3029.693983304972
17;2025-09-12;12;3091.8086640186693
17;2025-09-12;13;3143.8963102264916
17;2025-09-12;14;3209.7670784708025
17;2025-09-12;15;3446.8793785265516
17;2025-09-12;16;4075.836066171136
17;2025-09-12;17;4558.251493162626
17;2025-09-12;18;4593.067693304589
17;2025-09-12;19;3454.2822977723918
17;2025-09-12;20;2457.2362889229066
17;2025-09-12;21;1589.346354659154
17;2025-09-12;22;975.8484417800523
17;2025-09-12;23;470.74716383202536
17;2025-09-13;0;192.22218654599226
17;2025-09-13;1;0.0
17;2025-09-13;2;0.0
17;2025-09-13;3;0.0
17;2025-09-13;4;0.0
17;2025-09-13;5;94.79677016847998
17;2025-09-13;6;631.8714273587681
17;2025-09-13;7;1188.6966237316892
17;2025-09-13;8;1598.4990243862017
17;2025-09-13;9;1916.4060025831627
17;2025-09-13;10;2168.9237438903638
17;2025-09-13;11;2557.912152195542
17;2025-09-13;12;2813.684051383537
17;2025-09-13;13;2984.135375505509
17;2025-09-13;14;3040.4554030620525
17;2025-09-13;15;3009.2733257673954
17;2025-09-13;16;2962.738236515642
17;2025-09-13;17;3026.9934281615
17;2025-09-13;18;2902.5695264346423
17;2025-09-13;19;2491.0152262993597
17;2025-09-13;20;1847.1309276011116
17;2025-09-13;21;1338.4720120416928
17;2025-09-13;22;879.6183802663595
17;2025-09-13;23;443.0274161731122
17;2025-09-14;0;193.14999316572613
17;2025-09-14;1;0.0
17;2025-09-14;2;0.0
17;2025-09-14;3;0.0
17;2025-09-14;4;0.0
17;2025-09-14;5;73.19499941823024
17;2025-09-14;6;471.8343373816352
17;2025-09-14;7;856.5441244962395
17;2025-09-14;8;1242.2418248973406
17;2025-09-14;9;1606.7143953292762
17;2025-09-14;10;1923.3056810131184
17;2025-09-14;11;2369.2979557281496
17;2025-09-14;12;2696.005327757314
17;2025-09-14;13;2890.9512081499206
17;2025-09-14;14;2946.3681792381713
17;2025-09-14;15;2929.40958000527
17;2025-09-14;16;2876.183772407002
17;2025-09-14;17;2900.923828472389
17;2025-09-14;18;2757.008093015788
17;2025-09-14;19;2305.642628303617
17;2025-09-14;20;1736.2751796406374
17;2025-09-14;21;1245.1681159422828
17;2025-09-14;22;813.1505979058812
17;2025-09-14;23;370.32035647541693
17;2025-09-15;0;125.42586976979558
17;2025-09-15;1;0.0
17;2025-09-15;2;0.0
17;2025-09-15;3;0.0
17;2025-09-15;4;0.0
17;2025-09-15;5;233.79941398201242
17;2025-09-15;6;1622.842146109932
17;2025-09-15;7;4109.896903362056
17;2025-09-15;8;5171.072138485859
17;2025-09-15;9;3724.298237623951
17;2025-09-15;10;2833.1008962991536
17;2025-09-15;11;2900.463439904823
17;2025-09-15;12;2887.9990023743308
17;2025-09-15;13;3012.8006185637437
17;2025-09-15;14;3054.6226707559354
17;2025-09-15;15;3176.0217506979993
17;2025-09-15;16;3662.49019939157
17;2025-09-15;17;4650.522096548753
17;2025-09-15;18;5440.112691106953
17;2025-09-15;19;3982.2667206246815
17;2025-09-15;20;2596.8822075205835
17;2025-09-15;21;1506.9774063748182
17;2025-09-15;22;800.315862045677
17;2025-09-15;23;342.9258814790409
17;2025-09-16;0;125.17392625598426
17;2025-09-16;1;0.0
17;2025-09-16;2;0.0
17;2025-09-16;3;0.0
17;2025-09-16;4;0.0
17;2025-09-16;5;244.78201769066516
17;2025-09-16;6;1835.048144425712
17;2025-09-16;7;4604.547116598135
17;2025-09-16;8;5781.570247372776
17;2025-09-16;9;3987.952640641646
17;2025-09-16;10;3107.8234507456145
17;2025-09-16;11;3105.5154825906284
17;2025-09-16;12;2946.6535278443907
17;2025-09-16;13;3108.8720487151713
17;2025-09-16;14;3157.3838798732295
17;2025-09-16;15;3331.4521109452076
17;2025-09-16;16;3765.2380897606804
17;2025-09-16;17;4787.75973165182
17;2025-09-16;18;5620.028284775489
17;2025-09-16;19;4036.2896474477266
17;2025-09-16;20;2681.056247098676
17;2025-09-16;21;1556.352160911815
17;2025-09-16;22;861.6960789215668
17;2025-09-16;23;376.79148466909396
17;2025-09-17;0;120.50418225798333
17;2025-09-17;1;0.0
17;2025-09-17;2;0.0
17;2025-09-17;3;0.0
17;2025-09-17;4;0.0
17;2025-09-17;5;235.24711348172195
17;2025-09-17;6;1776.5503576925553
17;2025-09-17;7;4359.865802326654
17;2025-09-17;8;5559.349440387886
17;2025-09-17;9;3911.084759535185
17;2025-09-17;10;3102.086022168553
17;2025-09-17;11;3082.694307327064
17;2025-09-17;12;3095.645082414664
17;2025-09-17;13;3155.7749361053247
17;2025-09-17;14;3157.1125857944444
17;2025-09-17;15;3313.1714851144716
17;2025-09-17;16;3650.761012599056
17;2025-09-17;17;4718.195584978754
17;2025-09-17;18;5447.148654395489
17;2025-09-17;19;4026.181630692334
17;2025-09-17;20;2582.6987342462644
17;2025-09-17;21;1555.2870462138487
17;2025-09-17;22;878.5511115418667
17;2025-09-17;23;406.061580947297
17;2025-09-18;0;146.5468180424108
17;2025-09-18;1;0.0
17;2025-09-18;2;0.0
17;2025-09-18;3;0.0
17;2025-09-18;4;0.0
17;2025-09-18;5;253.44435246496687
17;2025-09-18;6;1740.3763869215718
17;2025-09-18;7;4144.761616261233
17;2025-09-18;8;5401.527923821517
17;2025-09-18;9;3941.5877862338384
17;2025-09-18;10;3147.587056041101
17;2025-09-18;11;3105.9012287576807
17;2025-09-18;12;3160.184362948621
17;2025-09-18;13;3182.2159243477663
17;2025-09-18;14;3200.75040432892
17;2025-09-18;15;3299.704282869146
17;2025-09-18;16;3806.6572161834547
17;2025-09-18;17;4719.619551448318
17;2025-09-18;18;5525.975020690141
17;2025-09-18;19;4011.9245239672737
17;2025-09-18;20;2674.358540377164
17;2025-09-18;21;1677.0241585072881
17;2025-09-18;22;987.3483009991756
17;2025-09-18;23;441.08544223412326
17;2025-09-19;0;148.76973618947318
17;2025-09-19;1;0.0
17;2025-09-19;2;0.0
17;2025-09-19;3;0.0
17;2025-09-19;4;0.0
17;2025-09-19;5;229.08187288189325
17;2025-09-19;6;1549.6759000532843
17;2025-09-19;7;3722.7534292557084
17;2025-09-19;8;4807.273974265789
17;2025-09-19;9;3527.5639098704733
17;2025-09-19;10;2838.832936126779
17;2025-09-19;11;2843.3012741782286
17;2025-09-19;12;2877.466328153048
17;2025-09-19;13;2904.5170408622052
17;2025-09-19;14;2966.2099886056603
17;2025-09-19;15;3209.523155163737
17;2025-09-19;16;3849.7218969175583
17;2025-09-19;17;4331.268413865896
17;2025-09-19;18;4345.467374104026
17;2025-09-19;19;3285.6492726386336
17;2025-09-19;20;2332.8662510655286
17;2025-09-19;21;1511.637135673348
17;2025-09-19;22;921.4425253458976
17;2025-09-19;23;447.8084063734994
17;2025-09-20;0;189.83623122012153
17;2025-09-20;1;0.0
17;2025-09-20;2;0.0
17;2025-09-20;3;0.0
17;2025-09-20;4;0.0
17;2025-09-20;5;93.2482099926304
17;2025-09-20;6;622.5362598849365
17;2025-09-20;7;1176.3443471492806
17;2025-09-20;8;1591.6251016312644
17;2025-09-20;9;1901.706302636608
17;2025-09-20;10;2154.753703561889
17;2025-09-20;11;2545.2729902722776
17;2025-09-20;12;2802.597649247801
17;2025-09-20;13;2975.650330717249
17;2025-09-20;14;3034.08504217479
17;2025-09-20;15;3005.234289134116
17;2025-09-20;16;2956.6754805914843
17;2025-09-20;17;3010.4292803739977
17;2025-09-20;18;2865.569720903517
17;2025-09-20;19;2464.9913749155367
17;2025-09-20;20;1816.4529060325926
17;2025-09-20;21;1322.9421954069853
17;2025-09-20;22;877.1822802107611
17;2025-09-20;23;440.8945082666848
17;2025-09-21;0;197.29944802680177
17;2025-09-21;1;0.0
17;2025-09-21;2;0.0
17;2025-09-21;3;0.0
17;2025-09-21;4;0.0
17;2025-09-21;5;75.57907664597387
17;2025-09-21;6;470.00736034520753
17;2025-09-21;7;857.9502176906228
17;2025-09-21;8;1257.2511319913801
17;2025-09-21;9;1620.8734725598497
17;2025-09-21;10;1942.5828415462865
17;2025-09-21;11;2393.886947700372
17;2025-09-21;12;2723.7588378413047
17;2025-09-21;13;2918.7123277796427
17;2025-09-21;14;2969.4787437147284
17;2025-09-21;15;2948.3899243033284
17;2025-09-21;16;2889.454542967177
17;2025-09-21;17;2904.112807893773
17;2025-09-21;18;2750.01450907285
17;2025-09-21;19;2301.5562654867313
17;2025-09-21;20;1729.5442100985624
17;2025-09-21;21;1246.274061127808
17;2025-09-21;22;820.5195840359884
17;2025-09-21;23;372.09060360674107
17;2025-09-22;0;139.58970297911168
17;2025-09-22;1;0.0
17;2025-09-22;2;0.0
17;2025-09-22;3;0.0
17;2025-09-22;4;0.0
17;2025-09-22;5;235.83318484059984
17;2025-09-22;6;1635.7506780359613
17;2025-09-22;7;4127.896611543657
17;2025-09-22;8;5191.645795355835
17;2025-09-22;9;3764.4777057710107
17;2025-09-22;10;2866.864190429854
17;2025-09-22;11;2938.7778965053312
17;2025-09-22;12;2926.8993555512543
17;2025-09-22;13;3043.221285301007
17;2025-09-22;14;3079.2115821960842
17;2025-09-22;15;3203.31406224847
17;2025-09-22;16;3688.1804431931955
17;2025-09-22;17;4692.96837819751
17;2025-09-22;18;5471.691119435996
17;2025-09-22;19;4007.8037881214077
17;2025-09-22;20;2631.1091673872716
17;2025-09-22;21;1559.0339154637
17;2025-09-22;22;821.6103122251391
17;2025-09-22;23;353.273044807377
17;2025-09-23;0;121.323667069983
17;2025-09-23;1;0.0
17;2025-09-23;2;0.0
17;2025-09-23;3;0.0
17;2025-09-23;4;0.0
17;2025-09-23;5;235.033069954459
17;2025-09-23;6;1769.450604167027
17;2025-09-23;7;4446.584941116939
17;2025-09-23;8;5612.360721503799
17;2025-09-23;9;3857.7834799891325
17;2025-09-23;10;2997.477336483318
17;2025-09-23;11;2984.65263061209
17;2025-09-23;12;2821.923830570645
17;2025-09-23;13;2958.3486523374113
17;2025-09-23;14;3002.0837214533894
17;2025-09-23;15;3179.728286357792
17;2025-09-23;16;3629.338795130325
17;2025-09-23;17;4635.115146204661
17;2025-09-23;18;5425.367134939742
17;2025-09-23;19;3890.7715362524777
17;2025-09-23;20;2578.9683127511657
17;2025-09-23;21;1498.487307885417
17;2025-09-23;22;826.1291115169798
17;2025-09-23;23;363.53020734359814
17;2025-09-24;0;120.65260712650593
17;2025-09-24;1;0.0
17;2025-09-24;2;0.0
17;2025-09-24;3;0.0
17;2025-09-24;4;0.0
17;2025-09-24;5;237.21079187950062
17;2025-09-24;6;1784.0821606374575
17;2025-09-24;7;4391.819769534277
17;2025-09-24;8;5615.249156859129
17;2025-09-24;9;3933.3758616635287
17;2025-09-24;10;3115.7591126703783
17;2025-09-24;11;3092.231112087219
17;2025-09-24;12;3104.2028625329995
17;2025-09-24;13;3168.359791756571
17;2025-09-24;14;3175.1575020106875
17;2025-09-24;15;3330.7447832110774
17;2025-09-24;16;3679.0313132619167
17;2025-09-24;17;4761.113094640759
17;2025-09-24;18;5480.719443064105
17;2025-09-24;19;4043.497272824934
17;2025-09-24;20;2586.8926806011514
17;2025-09-24;21;1556.1474464708385
17;2025-09-24;22;870.76487181728
17;2025-09-24;23;408.05566678073717
17;2025-09-25;0;140.54841238508902
17;2025-09-25;1;0.0
17;2025-09-25;2;0.0
17;2025-09-25;3;0.0
17;2025-09-25;4;0.0
17;2025-09-25;5;255.9464176490619
17;2025-09-25;6;1750.077019541167
17;2025-09-25;7;4177.852503082211
17;2025-09-25;8;5460.374374898053
17;2025-09-25;9;3972.785887019116
17;2025-09-25;10;3174.193046037147
17;2025-09-25;11;3132.840583701037
17;2025-09-25;12;3189.963734696891
17;2025-09-25;13;3212.7167242068385
17;2025-09-25;14;3233.7441915652635
17;2025-09-25;15;3333.0481562495916
17;2025-09-25;16;3846.9792894486436
17;2025-09-25;17;4781.356879410006
17;2025-09-25;18;5585.555275146531
17;2025-09-25;19;4045.430893532699
17;2025-09-25;20;2689.3176417773875
17;2025-09-25;21;1681.7434463945008
17;2025-09-25;22;977.662842853186
17;2025-09-25;23;440.6834163524236
17;2025-09-26;0;153.61146773374134
17;2025-09-26;1;0.0
17;2025-09-26;2;0.0
17;2025-09-26;3;0.0
17;2025-09-26;4;0.0
17;2025-09-26;5;241.54864319804304
17;2025-09-26;6;1635.166971725065
17;2025-09-26;7;3954.8668249120765
17;2025-09-26;8;5127.822904664993
17;2025-09-26;9;3759.6945850221546
17;2025-09-26;10;3049.1774288856236
17;2025-09-26;11;3080.3070486619654
17;2025-09-26;12;3141.7150118867853
17;2025-09-26;13;3197.2583321921434
17;2025-09-26;14;3268.944712371394
17;2025-09-26;15;3510.2458749966363
17;2025-09-26;16;4159.90911491483
17;2025-09-26;17;4627.859231195098
17;2025-09-26;18;4632.362278801071
17;2025-09-26;19;3484.6603933146735
17;2025-09-26;20;2471.116790622371
17;2025-09-26;21;1596.3220327422246
17;2025-09-26;22;969.8889423120827
17;2025-09-26;23;468.93609184503595
17;2025-09-27;0;181.5903493551872
17;2025-09-27;1;0.0
17;2025-09-27;2;0.0
17;2025-09-27;3;0.0
17;2025-09-27;4;0.0
17;2025-09-27;5;90.44522274974159
17;2025-09-27;6;602.6959905714641
17;2025-09-27;7;1142.1055010987989
17;2025-09-27;8;1562.1007717318428
17;2025-09-27;9;1847.243505545525
17;2025-09-27;10;2076.1103846045926
17;2025-09-27;11;2430.4840292631584
17;2025-09-27;12;2666.493263633862
17;2025-09-27;13;2829.4642170035495
17;2025-09-27;14;2878.168710762977
17;2025-09-27;15;2853.7715753426746
17;2025-09-27;16;2814.6275892292942
17;2025-09-27;17;2871.1869525310067
17;2025-09-27;18;2740.4511852715773
17;2025-09-27;19;2365.385396307495
17;2025-09-27;20;1759.917868812067
17;2025-09-27;21;1297.1415782943363
17;2025-09-27;22;850.2738638570693
17;2025-09-27;23;421.4715916991915
17;2025-09-28;0;187.35627413175905
17;2025-09-28;1;0.0
17;2025-09-28;2;0.0
17;2025-09-28;3;0.0
17;2025-09-28;4;0.0
17;2025-09-28;5;71.68457133490853
17;2025-09-28;6;465.7328368517241
17;2025-09-28;7;853.3245757675912
17;2025-09-28;8;1257.4000394557725
17;2025-09-28;9;1612.7917692147673
17;2025-09-28;10;1927.4648890351332
17;2025-09-28;11;2372.4753305515605
17;2025-09-28;12;2698.415389216424
17;2025-09-28;13;2897.2706222112292
17;2025-09-28;14;2955.598702444279
17;2025-09-28;15;2946.492355531621
17;2025-09-28;16;2896.8976894947627
17;2025-09-28;17;2921.016482652032
17;2025-09-28;18;2752.0290620511623
17;2025-09-28;19;2303.3629957197595
17;2025-09-28;20;1727.0650280081877
17;2025-09-28;21;1242.6685101561534
17;2025-09-28;22;811.3103198988088
17;2025-09-28;23;368.5633215690973
17;2025-09-29;0;120.33352048778224
17;2025-09-29;1;0.0
17;2025-09-29;2;0.0
17;2025-09-29;3;0.0
17;2025-09-29;4;0.0
17;2025-09-29;5;235.99488217818578
17;2025-09-29;6;1645.1939910035044
17;2025-09-29;7;4180.779384378611
17;2025-09-29;8;5273.314570858616
17;2025-09-29;9;3773.7517043443722
17;2025-09-29;10;2865.18200384808
17;2025-09-29;11;2930.1840264475522
17;2025-09-29;12;2915.260830129567
17;2025-09-29;13;3042.1141615093375
17;2025-09-29;14;3091.7317852552246
17;2025-09-29;15;3224.1445881007394
17;2025-09-29;16;3733.565804458285
17;2025-09-29;17;4757.354306600664
17;2025-09-29;18;5519.451607616799
17;2025-09-29;19;4024.532025920308
17;2025-09-29;20;2617.693953959034
17;2025-09-29;21;1508.6015495181641
17;2025-09-29;22;783.6063752114278
17;2025-09-29;23;343.4828222956994
17;2025-09-30;0;122.31754929314721
17;2025-09-30;1;0.0
17;2025-09-30;2;0.0
17;2025-09-30;3;0.0
17;2025-09-30;4;0.0
17;2025-09-30;5;248.64282056110687
17;2025-09-30;6;1864.8954649255052
17;2025-09-30;7;4695.692342186631
17;2025-09-30;8;5922.581381870821
17;2025-09-30;9;4042.8192269447154
17;2025-09-30;10;3142.6285852315805
17;2025-09-30;11;3134.2688553645976
17;2025-09-30;12;2969.9349848758757
17;2025-09-30;13;3138.448910903643
17;2025-09-30;14;3197.8507118178595
17;2025-09-30;15;3381.6752887441507
17;2025-09-30;16;3847.858061649855
17;2025-09-30;17;4908.127861326384
17;2025-09-30;18;5719.985174887424
17;2025-09-30;19;4091.4237361928226
17;2025-09-30;20;2709.277168066358
17;2025-09-30;21;1562.6300512445287
17;2025-09-30;22;846.6294945890195
17;2025-09-30;23;371.34635176859973
17;2025-10-01;0;119.2478629350991
17;2025-10-01;1;0.0
17;2025-10-01;2;0.0
17;2025-10-01;3;0.0
17;2025-10-01;4;0.0
17;2025-10-01;5;240.55927266590322
17;2025-10-01;6;1806.4272687698397
17;2025-10-01;7;4449.224617751634
17;2025-10-01;8;5693.743810119173
17;2025-10-01;9;3969.554869678178
17;2025-10-01;10;3136.306727286541
17;2025-10-01;11;3108.395487768823
17;2025-10-01;12;3122.592414284225
17;2025-10-01;13;3186.823166109113
17;2025-10-01;14;3198.7046462924095
17;2025-10-01;15;3360.825536341813
17;2025-10-01;16;3723.2734793063246
17;2025-10-01;17;4836.107975674426
17;2025-10-01;18;5552.610337966524
17;2025-10-01;19;4085.459294013957
17;2025-10-01;20;2613.2011231416664
17;2025-10-01;21;1571.2587345168608
17;2025-10-01;22;877.9517228902007
17;2025-10-01;23;405.9919346445156
17;2025-10-02;0;143.36453897464503
17;2025-10-02;1;0.0
17;2025-10-02;2;0.0
17;2025-10-02;3;0.0
17;2025-10-02;4;0.0
17;2025-10-02;5;260.9633822145315
17;2025-10-02;6;1767.6794836379331
17;2025-10-02;7;4238.13389838643
17;2025-10-02;8;5571.125657787773
17;2025-10-02;9;3995.0742009471765
17;2025-10-02;10;3195.3693697463423
17;2025-10-02;11;3153.0570747320135
17;2025-10-02;12;3220.3288161594437
17;2025-10-02;13;3248.1081387381273
17;2025-10-02;14;3276.43880534777
17;2025-10-02;15;3376.2400804675754
17;2025-10-02;16;3875.361233610968
17;2025-10-02;17;4782.663662299919
17;2025-10-02;18;5698.177830498991
17;2025-10-02;19;4095.346333904437
17;2025-10-02;20;2710.1050361539883
17;2025-10-02;21;1690.0252690793338
17;2025-10-02;22;980.1269972411957
17;2025-10-02;23;441.7110425213498
17;2025-10-03;0;151.24636900695617
17;2025-10-03;1;0.0
17;2025-10-03;2;0.0
17;2025-10-03;3;0.0
17;2025-10-03;4;0.0
17;2025-10-03;5;239.9583156213189
17;2025-10-03;6;1618.4100302788174
17;2025-10-03;7;3926.902196723757
17;2025-10-03;8;5107.880449850656
17;2025-10-03;9;3721.3555761422476
17;2025-10-03;10;3006.851982811063
17;2025-10-03;11;3028.015639095376
17;2025-10-03;12;3086.2068468322454
17;2025-10-03;13;3148.811883290968
17;2025-10-03;14;3225.800916915531
17;2025-10-03;15;3477.286298552723
17;2025-10-03;16;4136.666923920482
17;2025-10-03;17;4611.404924446935
17;2025-10-03;18;4609.461537219053
17;2025-10-03;19;3442.5689930729554
17;2025-10-03;20;2446.674398536451
17;2025-10-03;21;1581.6844423496705
17;2025-10-03;22;960.3080819483484
17;2025-10-03;23;464.4703190378415
17;2025-10-04;0;193.2719717453403
17;2025-10-04;1;0.0
17;2025-10-04;2;0.0
17;2025-10-04;3;0.0
17;2025-10-04;4;0.0
17;2025-10-04;5;95.80449845606833
17;2025-10-04;6;633.9076802937839
17;2025-10-04;7;1186.1715828370639
17;2025-10-04;8;1611.8080232546417
17;2025-10-04;9;1971.0429648670815
17;2025-10-04;10;2233.0144558262814
17;2025-10-04;11;2634.2118985545103
17;2025-10-04;12;2921.1787154651147
17;2025-10-04;13;3098.0741865323
17;2025-10-04;14;3141.5087211710816
17;2025-10-04;15;3101.7910362138773
17;2025-10-04;16;3031.6699633729863
17;2025-10-04;17;3092.631389545414
17;2025-10-04;18;2952.8244218849536
17;2025-10-04;19;2526.3621234548905
17;2025-10-04;20;1873.1579740273885
17;2025-10-04;21;1360.1933150876853
17;2025-10-04;22;893.760543522035
17;2025-10-04;23;450.3922392551433
17;2025-10-05;0;187.577163079966
17;2025-10-05;1;0.0
17;2025-10-05;2;0.0
17;2025-10-05;3;0.0
17;2025-10-05;4;0.0
17;2025-10-05;5;72.76858044338496
17;2025-10-05;6;463.58230044033155
17;2025-10-05;7;834.3897370119562
17;2025-10-05;8;1227.0890574317527
17;2025-10-05;9;1606.871813349907
17;2025-10-05;10;1914.100592139886
17;2025-10-05;11;2347.9730950803278
17;2025-10-05;12;2685.9063802477885
17;2025-10-05;13;2878.3624803446096
17;2025-10-05;14;2915.7764255068923
17;2025-10-05;15;2889.711073412616
17;2025-10-05;16;2828.441874956711
17;2025-10-05;17;2851.647774439278
17;2025-10-05;18;2700.1944751924284
17;2025-10-05;19;2250.7916544703494
17;2025-10-05;20;1694.7396420575021
17;2025-10-05;21;1216.8435278312782
17;2025-10-05;22;794.7810231236045
17;2025-10-05;23;363.87123231358754
17;2025-10-06;0;121.6656995553789
17;2025-10-06;1;0.0
17;2025-10-06;2;0.0
17;2025-10-06;3;0.0
17;2025-10-06;4;0.0
17;2025-10-06;5;228.09538789662622
17;2025-10-06;6;1570.9509606437095
17;2025-10-06;7;3982.643887806405
17;2025-10-06;8;5052.922643048316
17;2025-10-06;9;3666.7411257093427
17;2025-10-06;10;2781.344092438412
17;2025-10-06;11;2830.5846337171724
17;2025-10-06;12;2801.8966907414474
17;2025-10-06;13;2890.724794232372
17;2025-10-06;14;2903.974131566906
17;2025-10-06;15;3030.694474980726
17;2025-10-06;16;3549.190959908069
17;2025-10-06;17;4562.453283964118
17;2025-10-06;18;5315.450113814513
17;2025-10-06;19;3867.675218615965
17;2025-10-06;20;2525.9590646185993
17;2025-10-06;21;1467.8721887502033
17;2025-10-06;22;769.6103086940426
17;2025-10-06;23;337.96254485111467
17;2025-10-07;0;122.64929824173274
17;2025-10-07;1;0.0
17;2025-10-07;2;0.0
17;2025-10-07;3;0.0
17;2025-10-07;4;0.0
17;2025-10-07;5;242.38413281488533
17;2025-10-07;6;1801.347530121378
17;2025-10-07;7;4527.982931957053
17;2025-10-07;8;5734.788472692801
17;2025-10-07;9;3976.4150562137356
17;2025-10-07;10;3093.78960923488
17;2025-10-07;11;3080.1665777508397
17;2025-10-07;12;2910.4839919415645
17;2025-10-07;13;3038.9387667432125
17;2025-10-07;14;3061.230727960651
17;2025-10-07;15;3240.729205201273
17;2025-10-07;16;3727.969486034365
17;2025-10-07;17;4770.9851798755835
17;2025-10-07;18;5513.930259218858
17;2025-10-07;19;3963.0276890021833
17;2025-10-07;20;2630.349595712838
17;2025-10-07;21;1534.6932563849496
17;2025-10-07;22;838.5036451897415
17;2025-10-07;23;372.03186305784914
17;2025-10-08;0;122.89266167176007
17;2025-10-08;1;0.0
17;2025-10-08;2;0.0
17;2025-10-08;3;0.0
17;2025-10-08;4;0.0
17;2025-10-08;5;242.03009519591293
17;2025-10-08;6;1804.4773187023497
17;2025-10-08;7;4453.140188473894
17;2025-10-08;8;5720.603886395846
17;2025-10-08;9;4038.4775439965006
17;2025-10-08;10;3206.501369880827
17;2025-10-08;11;3189.4537891189
17;2025-10-08;12;3204.8321051136645
17;2025-10-08;13;3263.821644340209
17;2025-10-08;14;3253.3975647415627
17;2025-10-08;15;3418.8113242981253
17;2025-10-08;16;3792.377310330189
17;2025-10-08;17;4890.5349428540585
17;2025-10-08;18;5555.822189349657
17;2025-10-08;19;4106.645363454159
17;2025-10-08;20;2632.060516360808
17;2025-10-08;21;1592.6266232155176
17;2025-10-08;22;891.9671542114584
17;2025-10-08;23;415.1570471887255
17;2025-10-09;0;150.3738007012917
17;2025-10-09;1;0.0
17;2025-10-09;2;0.0
17;2025-10-09;3;0.0
17;2025-10-09;4;0.0
17;2025-10-09;5;263.87470348917697
17;2025-10-09;6;1781.1348439746944
17;2025-10-09;7;4251.696388284711
17;2025-10-09;8;5563.393479375768
17;2025-10-09;9;4110.623969086151
17;2025-10-09;10;3289.2747502899774
17;2025-10-09;11;3251.280796477334
17;2025-10-09;12;3309.3235966489447
17;2025-10-09;13;3324.188820821415
17;2025-10-09;14;3321.039561378393
17;2025-10-09;15;3421.150312641153
17;2025-10-09;16;3973.3710066462872
17;2025-10-09;17;4929.375828003567
17;2025-10-09;18;5684.932205341547
17;2025-10-09;19;4132.019627420499
17;2025-10-09;20;2756.3130684021844
17;2025-10-09;21;1732.9402127455637
17;2025-10-09;22;1007.7586760506479
17;2025-10-09;23;455.28158674408735
17;2025-10-10;0;154.89719274580597
17;2025-10-10;1;0.0
17;2025-10-10;2;0.0
17;2025-10-10;3;0.0
17;2025-10-10;4;0.0
17;2025-10-10;5;241.45853202054906
17;2025-10-10;6;1626.624331155323
17;2025-10-10;7;3938.412409722836
17;2025-10-10;8;5118.29709166322
17;2025-10-10;9;3812.367482577398
17;2025-10-10;10;3087.690945756407
17;2025-10-10;11;3113.3933611765815
17;2025-10-10;12;3163.7741070415723
17;2025-10-10;13;3209.4000773910057
17;2025-10-10;14;3254.801932902768
17;2025-10-10;15;3504.97116087586
17;2025-10-10;16;4206.817389598984
17;2025-10-10;17;4692.076723523094
17;2025-10-10;18;4609.557374138877
17;2025-10-10;19;3452.264545128438
17;2025-10-10;20;2464.0249083421277
17;2025-10-10;21;1601.6351884151072
17;2025-10-10;22;972.3207467925139
17;2025-10-10;23;471.52084249426593
17;2025-10-11;0;185.7182685321817
17;2025-10-11;1;0.0
17;2025-10-11;2;0.0
17;2025-10-11;3;0.0
17;2025-10-11;4;0.0
17;2025-10-11;5;91.98421950213074
17;2025-10-11;6;616.6227776363704
17;2025-10-11;7;1162.9991495215227
17;2025-10-11;8;1585.4756147421754
17;2025-10-11;9;1913.480487270563
17;2025-10-11;10;2160.2053310684623
17;2025-10-11;11;2548.3052857127777
17;2025-10-11;12;2826.3016387940825
17;2025-10-11;13;2997.9133344275224
17;2025-10-11;14;3045.1517713873354
17;2025-10-11;15;3012.482415347914
17;2025-10-11;16;2972.5329776523213
17;2025-10-11;17;2993.757462241784
17;2025-10-11;18;2819.624443044575
17;2025-10-11;19;2419.9067238333237
17;2025-10-11;20;1786.0435360691977
17;2025-10-11;21;1300.8932952788905
17;2025-10-11;22;853.7837512876984
17;2025-10-11;23;430.44178231642775
17;2025-10-12;0;180.07174401613167
17;2025-10-12;1;0.0
17;2025-10-12;2;0.0
17;2025-10-12;3;0.0
17;2025-10-12;4;0.0
17;2025-10-12;5;71.18388601230893
17;2025-10-12;6;458.49823314340273
17;2025-10-12;7;833.6988338892809
17;2025-10-12;8;1214.4475938650417
17;2025-10-12;9;1574.1209050169614
17;2025-10-12;10;1889.4575791522122
17;2025-10-12;11;2319.0561540426934
17;2025-10-12;12;2660.1540464401896
17;2025-10-12;13;2861.8283066754357
17;2025-10-12;14;2909.9798816350612
17;2025-10-12;15;2897.1728411473505
17;2025-10-12;16;2845.9080380587093
17;2025-10-12;17;2841.5753659638995
17;2025-10-12;18;2648.576155702651
17;2025-10-12;19;2208.931152638723
17;2025-10-12;20;1662.955831751615
17;2025-10-12;21;1216.114360717396
17;2025-10-12;22;790.3098368615074
17;2025-10-12;23;354.6019641769684
17;2025-10-13;0;110.2311740476
17;2025-10-13;1;0.0
17;2025-10-13;2;0.0
17;2025-10-13;3;0.0
17;2025-10-13;4;0.0
17;2025-10-13;5;218.02789146423504
17;2025-10-13;6;1503.3445567034694
17;2025-10-13;7;3813.4486589677076
17;2025-10-13;8;4837.135083461843
17;2025-10-13;9;3495.0375153123623
17;2025-10-13;10;2615.730055245911
17;2025-10-13;11;2650.794994546077
17;2025-10-13;12;2615.8044757312737
17;2025-10-13;13;2687.604192731547
17;2025-10-13;14;2711.5415966283413
17;2025-10-13;15;2834.48359410413
17;2025-10-13;16;3391.2825783418366
17;2025-10-13;17;4393.380095858594
17;2025-10-13;18;4999.572647892784
17;2025-10-13;19;3634.706435710975
17;2025-10-13;20;2343.337911494751
17;2025-10-13;21;1358.46347388206
17;2025-10-13;22;698.9692765366613
17;2025-10-13;23;313.266893390071
17;2025-10-14;0;115.0385848035634
17;2025-10-14;1;0.0
17;2025-10-14;2;0.0
17;2025-10-14;3;0.0
17;2025-10-14;4;0.0
17;2025-10-14;5;234.59952996940586
17;2025-10-14;6;1763.047804177484
17;2025-10-14;7;4458.894360125776
17;2025-10-14;8;5651.941477075587
17;2025-10-14;9;3886.3802452329546
17;2025-10-14;10;2996.9257081141996
17;2025-10-14;11;2989.699707521735
17;2025-10-14;12;2829.7278171359367
17;2025-10-14;13;2958.0952413252535
17;2025-10-14;14;3003.5369552507527
17;2025-10-14;15;3204.1134528906287
17;2025-10-14;16;3705.954595924527
17;2025-10-14;17;4735.056465292955
17;2025-10-14;18;5355.950770984059
17;2025-10-14;19;3816.6432095874006
17;2025-10-14;20;2503.949934788415
17;2025-10-14;21;1449.3033119326149
17;2025-10-14;22;776.1656376215121
17;2025-10-14;23;341.61404216449347
17;2025-10-15;0;111.6574190432564
17;2025-10-15;1;0.0
17;2025-10-15;2;0.0
17;2025-10-15;3;0.0
17;2025-10-15;4;0.0
17;2025-10-15;5;227.67258659394597
17;2025-10-15;6;1707.2224922105122
17;2025-10-15;7;4237.279313759835
17;2025-10-15;8;5447.702756794286
17;2025-10-15;9;3811.999115593976
17;2025-10-15;10;2995.38646442922
17;2025-10-15;11;2974.318581801537
17;2025-10-15;12;2987.23126639088
17;2025-10-15;13;3025.9373452338023
17;2025-10-15;14;3035.5468096001487
17;2025-10-15;15;3223.6975703489097
17;2025-10-15;16;3616.3764342799022
17;2025-10-15;17;4679.987015128794
17;2025-10-15;18;5215.604516473448
17;2025-10-15;19;3831.1287130881333
17;2025-10-15;20;2428.6869684936446
17;2025-10-15;21;1469.8293910608381
17;2025-10-15;22;813.9153889157653
17;2025-10-15;23;374.27151756281063
17;2025-10-16;0;141.19674835215528
17;2025-10-16;1;0.0
17;2025-10-16;2;0.0
17;2025-10-16;3;0.0
17;2025-10-16;4;0.0
17;2025-10-16;5;263.08233215852545
17;2025-10-16;6;1781.8066489287914
17;2025-10-16;7;4285.805063087731
17;2025-10-16;8;5596.865143567896
17;2025-10-16;9;4091.481795548537
17;2025-10-16;10;3262.0790496762215
17;2025-10-16;11;3233.8171224488096
17;2025-10-16;12;3303.71690679306
17;2025-10-16;13;3339.1563873990362
17;2025-10-16;14;3371.464934134622
17;2025-10-16;15;3508.6562103892575
17;2025-10-16;16;4068.162201568958
17;2025-10-16;17;5008.835932290147
17;2025-10-16;18;5674.462441776391
17;2025-10-16;19;4115.732449112959
17;2025-10-16;20;2726.8702800297337
17;2025-10-16;21;1717.5107722045354
17;2025-10-16;22;990.2791512815478
17;2025-10-16;23;444.4120428182807
17;2025-10-17;0;147.25780998617176
17;2025-10-17;1;0.0
17;2025-10-17;2;0.0
17;2025-10-17;3;0.0
17;2025-10-17;4;0.0
17;2025-10-17;5;236.06983280269696
17;2025-10-17;6;1592.3996591575165
17;2025-10-17;7;3862.1300852984123
17;2025-10-17;8;4997.516929413985
17;2025-10-17;9;3698.986255052201
17;2025-10-17;10;2988.1071434941173
17;2025-10-17;11;3025.622289242197
17;2025-10-17;12;3086.6531085787656
17;2025-10-17;13;3130.5648781072246
17;2025-10-17;14;3194.4644494171516
17;2025-10-17;15;3462.960447309687
17;2025-10-17;16;4134.994900683332
17;2025-10-17;17;4570.946032592125
17;2025-10-17;18;4451.3434845200145
17;2025-10-17;19;3340.790559187385
17;2025-10-17;20;2369.1925135590036
17;2025-10-17;21;1541.2821143961983
17;2025-10-17;22;932.758245895156
17;2025-10-17;23;449.9269899468093
17;2025-10-18;0;183.38652075895345
17;2025-10-18;1;0.0
17;2025-10-18;2;0.0
17;2025-10-18;3;0.0
17;2025-10-18;4;0.0
17;2025-10-18;5;91.64516566945593
17;2025-10-18;6;627.6569995508842
17;2025-10-18;7;1185.0599115919547
17;2025-10-18;8;1594.9268471240555
17;2025-10-18;9;1915.7825079282052
17;2025-10-18;10;2165.56244452318
17;2025-10-18;11;2565.149234790877
17;2025-10-18;12;2856.5599682226507
17;2025-10-18;13;3039.9138343317863
17;2025-10-18;14;3107.1261693770502
17;2025-10-18;15;3087.739267073747
17;2025-10-18;16;3056.64368618748
17;2025-10-18;17;3083.3084489305766
17;2025-10-18;18;2895.260428911697
17;2025-10-18;19;2472.648867262301
17;2025-10-18;20;1809.206606210421
17;2025-10-18;21;1319.5992373637405
17;2025-10-18;22;864.110704050951
17;2025-10-18;23;433.71822545399687
17;2025-10-19;0;188.01340612855037
17;2025-10-19;1;0.0
17;2025-10-19;2;0.0
17;2025-10-19;3;0.0
17;2025-10-19;4;0.0
17;2025-10-19;5;72.23104488866402
17;2025-10-19;6;473.97259621940736
17;2025-10-19;7;858.5496690618021
17;2025-10-19;8;1229.7659240494677
17;2025-10-19;9;1611.4190455288472
17;2025-10-19;10;1950.4792537926305
17;2025-10-19;11;2419.6261411351325
17;2025-10-19;12;2792.7753752201716
17;2025-10-19;13;3017.062367019653
17;2025-10-19;14;3089.845565883721
17;2025-10-19;15;3091.1967116430824
17;2025-10-19;16;3035.3846960062247
17;2025-10-19;17;3042.6254626640675
17;2025-10-19;18;2851.552444462693
17;2025-10-19;19;2363.980687723815
17;2025-10-19;20;1755.5900477519594
17;2025-10-19;21;1266.7867390959564
17;2025-10-19;22;824.4028855957972
17;2025-10-19;23;375.3398591703756
17;2025-10-20;0;119.14134512618463
17;2025-10-20;1;0.0
17;2025-10-20;2;0.0
17;2025-10-20;3;0.0
17;2025-10-20;4;0.0
17;2025-10-20;5;237.4319221647532
17;2025-10-20;6;1640.647525152622
17;2025-10-20;7;4207.793543530695
17;2025-10-20;8;5331.29245064279
17;2025-10-20;9;3810.333888728216
17;2025-10-20;10;2892.2475026167804
17;2025-10-20;11;2968.677073450115
17;2025-10-20;12;2963.719142436821
17;2025-10-20;13;3091.0547735163154
17;2025-10-20;14;3142.828668346918
17;2025-10-20;15;3303.874293091355
17;2025-10-20;16;3838.8018734368106
17;2025-10-20;17;4859.789675914822
17;2025-10-20;18;5533.114673213122
17;2025-10-20;19;4024.6633629881203
17;2025-10-20;20;2589.884188276479
17;2025-10-20;21;1498.0733611585965
17;2025-10-20;22;768.7026366863967
17;2025-10-20;23;340.3915368818339
17;2025-10-21;0;118.09887010131781
17;2025-10-21;1;0.0
17;2025-10-21;2;0.0
17;2025-10-21;3;0.0
17;2025-10-21;4;0.0
17;2025-10-21;5;242.85840257509716
17;2025-10-21;6;1817.1560821799983
17;2025-10-21;7;4605.208545827908
17;2025-10-21;8;5813.334009949107
17;2025-10-21;9;3985.538355120255
17;2025-10-21;10;3095.942186667809
17;2025-10-21;11;3102.35306039992
17;2025-10-21;12;2950.9969143023563
17;2025-10-21;13;3100.9291574908225
17;2025-10-21;14;3156.2154711391695
17;2025-10-21;15;3368.8942023756645
17;2025-10-21;16;3854.961599207835
17;2025-10-21;17;4894.642642285042
17;2025-10-21;18;5570.515631206517
17;2025-10-21;19;3979.2830447927317
17;2025-10-21;20;2608.3867660154237
17;2025-10-21;21;1510.1969290655575
17;2025-10-21;22;808.7218017308792
17;2025-10-21;23;355.3462790128395
17;2025-10-22;0;119.53138507355021
17;2025-10-22;1;0.0
17;2025-10-22;2;0.0
17;2025-10-22;3;0.0
17;2025-10-22;4;0.0
17;2025-10-22;5;246.97749293894074
17;2025-10-22;6;1847.2133619352826
17;2025-10-22;7;4587.917376518598
17;2025-10-22;8;5859.296591212082
17;2025-10-22;9;4084.0700642362676
17;2025-10-22;10;3232.02539670193
17;2025-10-22;11;3229.9814485787374
17;2025-10-22;12;3265.706118871229
17;2025-10-22;13;3348.887532061458
17;2025-10-22;14;3377.3241968810507
17;2025-10-22;15;3583.4827732190142
17;2025-10-22;16;3964.252935784297
17;2025-10-22;17;5087.615736123382
17;2025-10-22;18;5708.475011266715
17;2025-10-22;19;4199.199561137944
17;2025-10-22;20;2658.3829964050847
17;2025-10-22;21;1606.152476641063
17;2025-10-22;22;887.9883568516178
17;2025-10-22;23;409.38584507746305
17;2025-10-23;0;142.31027670777485
17;2025-10-23;1;0.0
17;2025-10-23;2;0.0
17;2025-10-23;3;0.0
17;2025-10-23;4;0.0
17;2025-10-23;5;267.20507792540025
17;2025-10-23;6;1810.45740634828
17;2025-10-23;7;4359.081901201349
17;2025-10-23;8;5689.377601635223
17;2025-10-23;9;4136.827984134514
17;2025-10-23;10;3301.2928958834154
17;2025-10-23;11;3276.7494607597623
17;2025-10-23;12;3354.83971221953
17;2025-10-23;13;3387.557536813393
17;2025-10-23;14;3422.825596389243
17;2025-10-23;15;3564.9822551860925
17;2025-10-23;16;4126.9713066453605
17;2025-10-23;17;5096.813236817514
17;2025-10-23;18;5812.060691716374
17;2025-10-23;19;4195.439091155565
17;2025-10-23;20;2761.995990626612
17;2025-10-23;21;1735.1377579289694
17;2025-10-23;22;998.4077055154493
17;2025-10-23;23;449.21284690095865
17;2025-10-24;0;149.93254581576986
17;2025-10-24;1;0.0
17;2025-10-24;2;0.0
17;2025-10-24;3;0.0
17;2025-10-24;4;0.0
17;2025-10-24;5;242.11830381038592
17;2025-10-24;6;1635.8251916608165
17;2025-10-24;7;3970.1621946078485
17;2025-10-24;8;5130.527284357211
17;2025-10-24;9;3770.669407700324
17;2025-10-24;10;3047.5720344028045
17;2025-10-24;11;3084.088570223372
17;2025-10-24;12;3149.8493627356647
17;2025-10-24;13;3196.5786114543944
17;2025-10-24;14;3270.6554363975197
17;2025-10-24;15;3549.6911596442415
17;2025-10-24;16;4246.710608518089
17;2025-10-24;17;4712.842791391287
17;2025-10-24;18;4619.737734669618
17;2025-10-24;19;3449.143057731836
17;2025-10-24;20;2428.8796373760188
17;2025-10-24;21;1576.0099948346074
17;2025-10-24;22;950.933085281273
17;2025-10-24;23;459.0157592797001
17;2025-10-25;0;195.68835143600995
17;2025-10-25;1;0.0
17;2025-10-25;2;0.0
17;2025-10-25;3;0.0
17;2025-10-25;4;0.0
17;2025-10-25;5;98.15793287909617
17;2025-10-25;6;659.0359494536572
17;2025-10-25;7;1246.8441053324527
17;2025-10-25;8;1675.9222606314524
17;2025-10-25;9;2011.885688039284
17;2025-10-25;10;2280.0099221435203
17;2025-10-25;11;2705.9233110105824
17;2025-10-25;12;3018.235332522939
17;2025-10-25;13;3213.6988788703393
17;2025-10-25;14;3286.5938304602646
17;2025-10-25;15;3266.3684416726032
17;2025-10-25;16;3224.247050762212
17;2025-10-25;17;3250.1121142630673
17;2025-10-25;18;3057.381999111668
17;2025-10-25;19;2605.37049661757
17;2025-10-25;20;1899.031240953596
17;2025-10-25;21;1383.0772976116607
17;2025-10-25;22;904.4614574231821
17;2025-10-25;23;455.3130121828088
17;2025-10-26;0;180.91731713366232
17;2025-10-26;1;0.0
17;2025-10-26;2;0.0
17;2025-10-26;3;0.0
17;2025-10-26;4;0.0
17;2025-10-26;5;73.75565332467835
17;2025-10-26;6;486.1705534161965
17;2025-10-26;7;881.217363264812
17;2025-10-26;8;1250.3698156579444
17;2025-10-26;9;1580.8569779205045
17;2025-10-26;10;1859.1022771808016
17;2025-10-26;11;2280.7641034951307
17;2025-10-26;12;2619.2987566030674
17;2025-10-26;13;2822.7267417806775
17;2025-10-26;14;2881.8526326238743
17;2025-10-26;15;2871.4456060934062
17;2025-10-26;16;2836.9153633531887
17;2025-10-26;17;2846.670828102179
17;2025-10-26;18;2661.9200389751973
17;2025-10-26;19;2223.6634487741235
17;2025-10-26;20;1663.5549389090427
17;2025-10-26;21;1216.7605920253734
17;2025-10-26;22;787.7700123490513
17;2025-10-26;23;354.1101741427533
17;2025-10-27;0;116.47773319451252
17;2025-10-27;1;0.0
17;2025-10-27;2;0.0
17;2025-10-27;3;0.0
17;2025-10-27;4;0.0
17;2025-10-27;5;233.4562401635061
17;2025-10-27;6;1616.2126172824774
17;2025-10-27;7;4138.2161245748875
17;2025-10-27;8;5236.5961264415255
17;2025-10-27;9;3740.4943328543854
17;2025-10-27;10;2831.697678233234
17;2025-10-27;11;2904.618645361882
17;2025-10-27;12;2898.91273473152
17;2025-10-27;13;3014.8716786625337
17;2025-10-27;14;3065.650477371858
17;2025-10-27;15;3226.7459498353674
17;2025-10-27;16;3755.1377077565758
17;2025-10-27;17;4758.954736769522
17;2025-10-27;18;5420.259447823211
17;2025-10-27;19;3945.3003505483985
17;2025-10-27;20;2533.2053672143466
17;2025-10-27;21;1470.7675238951072
17;2025-10-27;22;757.9520515315585
17;2025-10-27;23;332.4477712086534
17;2025-10-28;0;114.893059466176
17;2025-10-28;1;0.0
17;2025-10-28;2;0.0
17;2025-10-28;3;0.0
17;2025-10-28;4;0.0
17;2025-10-28;5;237.90787712811016
17;2025-10-28;6;1786.6924962333414
17;2025-10-28;7;4524.446271427067
17;2025-10-28;8;5719.465926304475
17;2025-10-28;9;3916.365695265437
17;2025-10-28;10;3016.768659531337
17;2025-10-28;11;3014.2281935684196
17;2025-10-28;12;2859.5176765956776
17;2025-10-28;13;2995.661396206945
17;2025-10-28;14;3050.5103468469797
17;2025-10-28;15;3244.6818770796194
17;2025-10-28;16;3760.741252160974
17;2025-10-28;17;4792.567261033184
17;2025-10-28;18;5419.084511982057
17;2025-10-28;19;3860.0557475612313
17;2025-10-28;20;2520.1634036990913
17;2025-10-28;21;1455.9712168730184
17;2025-10-28;22;776.251827851284
17;2025-10-28;23;341.75012768330043
17;2025-10-29;0;114.3566833333352
17;2025-10-29;1;0.0
17;2025-10-29;2;0.0
17;2025-10-29;3;0.0
17;2025-10-29;4;0.0
17;2025-10-29;5;235.74619256472226
17;2025-10-29;6;1764.1998247340089
17;2025-10-29;7;4381.704142126171
17;2025-10-29;8;5619.737661695895
17;2025-10-29;9;3905.229698427717
17;2025-10-29;10;3080.251420600009
17;2025-10-29;11;3063.635040600521
17;2025-10-29;12;3086.446130722089
17;2025-10-29;13;3137.2317077481734
17;2025-10-29;14;3157.2856145361484
17;2025-10-29;15;3360.6161909404045
17;2025-10-29;16;3745.807286960595
17;2025-10-29;17;4826.517839738521
17;2025-10-29;18;5409.132506120144
17;2025-10-29;19;3977.6875274521094
17;2025-10-29;20;2511.310082276528
17;2025-10-29;21;1516.0396950483332
17;2025-10-29;22;836.1006768871712
17;2025-10-29;23;386.1042447369391
17;2025-10-30;0;138.08633544725342
17;2025-10-30;1;0.0
17;2025-10-30;2;0.0
17;2025-10-30;3;0.0
17;2025-10-30;4;0.0
17;2025-10-30;5;260.2676526711802
17;2025-10-30;6;1760.7943131686557
17;2025-10-30;7;4237.851163467747
17;2025-10-30;8;5533.915445433067
17;2025-10-30;9;4022.7535705200235
17;2025-10-30;10;3202.8962501075694
17;2025-10-30;11;3170.0273249377133
17;2025-10-30;12;3235.9784318419306
17;2025-10-30;13;3246.028214655545
17;2025-10-30;14;3272.48808285358
17;2025-10-30;15;3413.4947822356694
17;2025-10-30;16;3971.34224612408
17;2025-10-30;17;4918.628995447214
17;2025-10-30;18;5611.656234992366
17;2025-10-30;19;4052.1173669555865
17;2025-10-30;20;2661.130985674654
17;2025-10-30;21;1669.8350425773453
17;2025-10-30;22;958.7735075578782
17;2025-10-30;23;431.2837941596296
17;2025-10-31;0;145.0270768026889
17;2025-10-31;1;0.0
17;2025-10-31;2;0.0
17;2025-10-31;3;0.0
17;2025-10-31;4;0.0
17;2025-10-31;5;234.40090586958235
17;2025-10-31;6;1602.6432408173791
17;2025-10-31;7;3904.2794563955613
17;2025-10-31;8;5045.370497491731
17;2025-10-31;9;3691.2977205708685
17;2025-10-31;10;2925.305540502567
17;2025-10-31;11;2948.98883719482
17;2025-10-31;12;2998.6156262486716
17;2025-10-31;13;3038.326004483657
17;2025-10-31;14;3108.8076925988544
17;2025-10-31;15;3390.2176231584126
17;2025-10-31;16;4097.528039576687
17;2025-10-31;17;4567.180645373495
17;2025-10-31;18;4492.07294790809
17;2025-10-31;19;3347.245592282229
17;2025-10-31;20;2350.143165001583
17;2025-10-31;21;1525.592617390801
17;2025-10-31;22;918.8496125809206
17;2025-10-31;23;441.4485113260537
17;2025-11-01;0;91.64405091551248
17;2025-11-01;1;0.0
17;2025-11-01;2;0.0
17;2025-11-01;3;0.0
17;2025-11-01;4;0.0
17;2025-11-01;5;148.5671633450134
17;2025-11-01;6;1006.3671200329936
17;2025-11-01;7;2433.694574566359
17;2025-11-01;8;3130.818329579117
17;2025-11-01;9;2299.5233033299805
17;2025-11-01;10;1854.1147754363024
17;2025-11-01;11;1874.0507113682245
17;2025-11-01;12;1915.5320479189286
17;2025-11-01;13;1949.9994991708963
17;2025-11-01;14;1997.11433561705
17;2025-11-01;15;2163.2168349339113
17;2025-11-01;16;2590.942055136757
17;2025-11-01;17;2883.5315325067036
17;2025-11-01;18;2825.9139158153116
17;2025-11-01;19;2116.3307185361687
17;2025-11-01;20;1488.2715753006823
17;2025-11-01;21;965.4834156640422
17;2025-11-01;22;582.2150136429993
17;2025-11-01;23;281.02860054384666
17;2025-11-02;0;192.1904611065399
17;2025-11-02;1;0.0
17;2025-11-02;2;0.0
17;2025-11-02;3;0.0
17;2025-11-02;4;0.0
17;2025-11-02;5;74.55884802201336
17;2025-11-02;6;495.72612182760946
17;2025-11-02;7;904.4391941278238
17;2025-11-02;8;1290.412183646973
17;2025-11-02;9;1679.8508283182862
17;2025-11-02;10;2033.500716667425
17;2025-11-02;11;2530.753928622383
17;2025-11-02;12;2928.682039436679
17;2025-11-02;13;3157.0292712691344
17;2025-11-02;14;3240.0555307603545
17;2025-11-02;15;3238.2101452601746
17;2025-11-02;16;3175.8793359734045
17;2025-11-02;17;3177.2766488747375
17;2025-11-02;18;2959.24885679864
17;2025-11-02;19;2439.8502415866424
17;2025-11-02;20;1798.4284602929156
17;2025-11-02;21;1293.1617055994911
17;2025-11-02;22;838.2056893051497
17;2025-11-02;23;382.10761195856895
17;2025-11-03;0;178.10876373779877
17;2025-11-03;1;0.0
17;2025-11-03;2;0.0
17;2025-11-03;3;0.0
17;2025-11-03;4;0.0
17;2025-11-03;5;78.70372547531062
17;2025-11-03;6;506.6839092370439
17;2025-11-03;7;947.3773275145551
17;2025-11-03;8;1303.946527200164
17;2025-11-03;9;1621.6136280078467
17;2025-11-03;10;1901.3188135245102
17;2025-11-03;11;2315.3638749230204
17;2025-11-03;12;2723.5550264961585
17;2025-11-03;13;2939.239131422479
17;2025-11-03;14;3032.1138443487152
17;2025-11-03;15;3042.1080873435667
17;2025-11-03;16;3000.8275518657065
17;2025-11-03;17;3026.9867075842885
17;2025-11-03;18;2862.8234039044755
17;2025-11-03;19;2387.700538858597
17;2025-11-03;20;1776.1800632630475
17;2025-11-03;21;1290.3906658484464
17;2025-11-03;22;853.0189429649539
17;2025-11-03;23;394.9048533324893
25;2025-09-04;0;2.6911413964375983
25;2025-09-04;1;0.0
25;2025-09-04;2;0.0
25;2025-09-04;3;0.0
25;2025-09-04;4;0.0
25;2025-09-04;5;5.559846709622466
25;2025-09-04;6;173.51593993785764
25;2025-09-04;7;514.2511242349758
25;2025-09-04;8;814.6341624112474
25;2025-09-04;9;449.55081951159104
25;2025-09-04;10;372.4339754105995
25;2025-09-04;11;388.7819994570934
25;2025-09-04;12;406.0795629518178
25;2025-09-04;13;443.74802017060483
25;2025-09-04;14;452.9373205050393
25;2025-09-04;15;506.14081133976856
25;2025-09-04;16;591.0705291376992
25;2025-09-04;17;687.8355707876291
25;2025-09-04;18;783.299445799381
25;2025-09-04;19;538.8114176879648
25;2025-09-04;20;361.3992088562314
25;2025-09-04;21;232.30525245956557
25;2025-09-04;22;137.38778367592823
25;2025-09-04;23;16.412302640065015
25;2025-09-05;0;2.5400865056490156
25;2025-09-05;1;0.0
25;2025-09-05;2;0.0
25;2025-09-05;3;0.0
25;2025-09-05;4;0.0
25;2025-09-05;5;4.947430592634452
25;2025-09-05;6;168.97173516635917
25;2025-09-05;7;493.82885043848796
25;2025-09-05;8;764.0214740595923
25;2025-09-05;9;438.1844017550592
25;2025-09-05;10;355.36455592196427
25;2025-09-05;11;384.2297135094126
25;2025-09-05;12;403.2621747932892
25;2025-09-05;13;458.5078799175694
25;2025-09-05;14;474.05302065677813
25;2025-09-05;15;546.3998298860511
25;2025-09-05;16;623.286727592658
25;2025-09-05;17;660.8414110126703
25;2025-09-05;18;618.8478515602826
25;2025-09-05;19;474.23758160494526
25;2025-09-05;20;338.7144192626808
25;2025-09-05;21;223.85579383701992
25;2025-09-05;22;139.47444747119619
25;2025-09-05;23;22.96703015921587
25;2025-09-06;0;6.140813835232937
25;2025-09-06;1;0.0
25;2025-09-06;2;0.0
25;2025-09-06;3;0.0
25;2025-09-06;4;0.0
25;2025-09-06;5;0.30372020790190013
25;2025-09-06;6;71.95239077176714
25;2025-09-06;7;158.30629045944232
25;2025-09-06;8;271.48855074789924
25;2025-09-06;9;253.0568485429544
25;2025-09-06;10;262.44921530621576
25;2025-09-06;11;351.5514923086323
25;2025-09-06;12;387.19924790362097
25;2025-09-06;13;468.68792184699225
25;2025-09-06;14;502.65635104108463
25;2025-09-06;15;554.7373836995816
25;2025-09-06;16;502.80759635911977
25;2025-09-06;17;469.351320871201
25;2025-09-06;18;486.27397608066644
25;2025-09-06;19;417.9455869249975
25;2025-09-06;20;273.36088055601977
25;2025-09-06;21;226.8654879383518
25;2025-09-06;22;141.29306085219199
25;2025-09-06;23;49.257050928639416
25;2025-09-07;0;15.304263475793626
25;2025-09-07;1;0.0
25;2025-09-07;2;0.0
25;2025-09-07;3;0.0
25;2025-09-07;4;0.0
25;2025-09-07;5;0.609465703514398
25;2025-09-07;6;49.284418971090375
25;2025-09-07;7;114.64339015637978
25;2025-09-07;8;196.59535830469434
25;2025-09-07;9;191.23997348915515
25;2025-09-07;10;217.18617653022932
25;2025-09-07;11;294.9200116156067
25;2025-09-07;12;345.17584063006007
25;2025-09-07;13;412.3014966759083
25;2025-09-07;14;455.1695871482631
25;2025-09-07;15;501.23122320705
25;2025-09-07;16;442.6278392991659
25;2025-09-07;17;429.776022544084
25;2025-09-07;18;450.885746988494
25;2025-09-07;19;357.03514378218546
25;2025-09-07;20;244.04931132161306
25;2025-09-07;21;198.1907918316378
25;2025-09-07;22;121.68361199788473
25;2025-09-07;23;38.01210402110844
25;2025-09-08;0;9.990013136667162
25;2025-09-08;1;0.0
25;2025-09-08;2;0.0
25;2025-09-08;3;0.0
25;2025-09-08;4;0.0
25;2025-09-08;5;3.485020619659639
25;2025-09-08;6;152.320756445322
25;2025-09-08;7;560.9927342139272
25;2025-09-08;8;814.9525954253857
25;2025-09-08;9;439.89237464723635
25;2025-09-08;10;334.4498098316269
25;2025-09-08;11;343.32514891942094
25;2025-09-08;12;396.15358338147985
25;2025-09-08;13;538.5082364334446
25;2025-09-08;14;427.2965948752678
25;2025-09-08;15;504.72861635033155
25;2025-09-08;16;564.5216223876058
25;2025-09-08;17;636.7093663359038
25;2025-09-08;18;699.1581074491374
25;2025-09-08;19;451.57495271832204
25;2025-09-08;20;312.8830840848812
25;2025-09-08;21;196.66374903023404
25;2025-09-08;22;94.94208891776283
25;2025-09-08;23;11.197046424907315
25;2025-09-09;0;1.4749638540807577
25;2025-09-09;1;0.0
25;2025-09-09;2;0.0
25;2025-09-09;3;0.0
25;2025-09-09;4;0.0
25;2025-09-09;5;4.1535047323717205
25;2025-09-09;6;163.5096032767089
25;2025-09-09;7;529.5760018825463
25;2025-09-09;8;877.3860264813114
25;2025-09-09;9;452.0021089408333
25;2025-09-09;10;342.87073101131074
25;2025-09-09;11;368.1640833533777
25;2025-09-09;12;378.8304789402671
25;2025-09-09;13;457.24992928560107
25;2025-09-09;14;412.223579838295
25;2025-09-09;15;479.1616622732845
25;2025-09-09;16;565.3794084073838
25;2025-09-09;17;658.639400787157
25;2025-09-09;18;795.0360305569986
25;2025-09-09;19;523.1054609126817
25;2025-09-09;20;314.483583156386
25;2025-09-09;21;200.96788343103054
25;2025-09-09;22;101.65924217097114
25;2025-09-09;23;14.032461584445532
25;2025-09-10;0;1.2848258655896312
25;2025-09-10;1;0.0
25;2025-09-10;2;0.0
25;2025-09-10;3;0.0
25;2025-09-10;4;0.0
25;2025-09-10;5;3.8926150040961636
25;2025-09-10;6;161.03788831713425
25;2025-09-10;7;496.61502289077913
25;2025-09-10;8;830.7848657034117
25;2025-09-10;9;474.22082321824735
25;2025-09-10;10;329.73301421936173
25;2025-09-10;11;397.9298961574067
25;2025-09-10;12;371.4565190061304
25;2025-09-10;13;502.29404372029586
25;2025-09-10;14;429.49248382269286
25;2025-09-10;15;523.9612981996374
25;2025-09-10;16;552.3260507220657
25;2025-09-10;17;681.4277417836697
25;2025-09-10;18;840.6662978817703
25;2025-09-10;19;539.935981332934
25;2025-09-10;20;354.7852477407548
25;2025-09-10;21;199.09165848661019
25;2025-09-10;22;113.5112773121842
25;2025-09-10;23;17.334173553244746
25;2025-09-11;0;2.9575492292540626
25;2025-09-11;1;0.0
25;2025-09-11;2;0.0
25;2025-09-11;3;0.0
25;2025-09-11;4;0.0
25;2025-09-11;5;5.4761517290546315
25;2025-09-11;6;172.81479068804416
25;2025-09-11;7;513.4928760058923
25;2025-09-11;8;817.3767947172144
25;2025-09-11;9;453.4523532468991
25;2025-09-11;10;376.4901352881483
25;2025-09-11;11;390.98020781054413
25;2025-09-11;12;406.2217280088822
25;2025-09-11;13;441.83085712159965
25;2025-09-11;14;447.3972672955946
25;2025-09-11;15;499.8932613129078
25;2025-09-11;16;587.4996988483282
25;2025-09-11;17;691.3238885279666
25;2025-09-11;18;790.4350452759471
25;2025-09-11;19;541.6337089655017
25;2025-09-11;20;362.6602251547812
25;2025-09-11;21;233.95019961009478
25;2025-09-11;22;138.33310716760144
25;2025-09-11;23;18.9409409043413
25;2025-09-12;0;2.740354886411848
25;2025-09-12;1;0.0
25;2025-09-12;2;0.0
25;2025-09-12;3;0.0
25;2025-09-12;4;0.0
25;2025-09-12;5;4.940274491933332
25;2025-09-12;6;167.35291440969553
25;2025-09-12;7;491.14311599461735
25;2025-09-12;8;762.4516786436959
25;2025-09-12;9;435.08998425677714
25;2025-09-12;10;352.0326536159595
25;2025-09-12;11;377.94773370227284
25;2025-09-12;12;394.6789715881499
25;2025-09-12;13;448.68779655451755
25;2025-09-12;14;464.36964694864065
25;2025-09-12;15;538.1892225623862
25;2025-09-12;16;622.3843760299122
25;2025-09-12;17;663.6637647396757
25;2025-09-12;18;621.5958717550986
25;2025-09-12;19;474.08354086249494
25;2025-09-12;20;337.1338519006155
25;2025-09-12;21;223.97067806639888
25;2025-09-12;22;139.38094913464008
25;2025-09-12;23;23.424239739035432
25;2025-09-13;0;6.192416825966158
25;2025-09-13;1;0.0
25;2025-09-13;2;0.0
25;2025-09-13;3;0.0
25;2025-09-13;4;0.0
25;2025-09-13;5;0.3046391025099744
25;2025-09-13;6;71.82770794321482
25;2025-09-13;7;159.54621014728127
25;2025-09-13;8;274.90422225376386
25;2025-09-13;9;253.8382579899201
25;2025-09-13;10;261.42816301024965
25;2025-09-13;11;348.7577283133394
25;2025-09-13;12;385.45513494784535
25;2025-09-13;13;467.0448940418048
25;2025-09-13;14;501.767449521213
25;2025-09-13;15;556.3205875437191
25;2025-09-13;16;509.03600296257514
25;2025-09-13;17;476.4389534755018
25;2025-09-13;18;490.7130110540568
25;2025-09-13;19;420.3735923052237
25;2025-09-13;20;274.2753167455937
25;2025-09-13;21;227.62976998272103
25;2025-09-13;22;140.9934052203875
25;2025-09-13;23;49.36664768114764
25;2025-09-14;0;15.158971642268707
25;2025-09-14;1;0.0
25;2025-09-14;2;0.0
25;2025-09-14;3;0.0
25;2025-09-14;4;0.0
25;2025-09-14;5;0.6099075444660808
25;2025-09-14;6;48.29138786590615
25;2025-09-14;7;115.16992774185812
25;2025-09-14;8;201.44271300097898
25;2025-09-14;9;189.68904835998393
25;2025-09-14;10;215.33719016024702
25;2025-09-14;11;291.8531814445489
25;2025-09-14;12;343.6970632660484
25;2025-09-14;13;412.09120153371106
25;2025-09-14;14;456.74518688227624
25;2025-09-14;15;505.07324419952255
25;2025-09-14;16;447.63363700034745
25;2025-09-14;17;430.3730093120905
25;2025-09-14;18;452.7320354567913
25;2025-09-14;19;357.92917710786594
25;2025-09-14;20;242.96568444261905
25;2025-09-14;21;197.21777241957096
25;2025-09-14;22;120.42450777327085
25;2025-09-14;23;37.89524381887739
25;2025-09-15;0;9.723934628306157
25;2025-09-15;1;0.0
25;2025-09-15;2;0.0
25;2025-09-15;3;0.0
25;2025-09-15;4;0.0
25;2025-09-15;5;3.0173024396177888
25;2025-09-15;6;148.0468902576709
25;2025-09-15;7;554.5230596436563
25;2025-09-15;8;812.1037703258893
25;2025-09-15;9;431.1100461568118
25;2025-09-15;10;327.88592461725557
25;2025-09-15;11;336.16549225169797
25;2025-09-15;12;387.72441646597355
25;2025-09-15;13;530.0144040822402
25;2025-09-15;14;422.20649440468867
25;2025-09-15;15;502.31630875841824
25;2025-09-15;16;564.5546532254928
25;2025-09-15;17;639.8416353643485
25;2025-09-15;18;697.629433952487
25;2025-09-15;19;446.499481633334
25;2025-09-15;20;306.9237284612426
25;2025-09-15;21;193.33628918414013
25;2025-09-15;22;93.30105591459574
25;2025-09-15;23;10.77659186706692
25;2025-09-16;0;1.3956670555386332
25;2025-09-16;1;0.0
25;2025-09-16;2;0.0
25;2025-09-16;3;0.0
25;2025-09-16;4;0.0
25;2025-09-16;5;3.7694113059799164
25;2025-09-16;6;166.62609352617892
25;2025-09-16;7;547.0055764258741
25;2025-09-16;8;911.4972288323564
25;2025-09-16;9;467.0864530838891
25;2025-09-16;10;357.79162063194576
25;2025-09-16;11;384.8999506317149
25;2025-09-16;12;395.64433986505287
25;2025-09-16;13;476.52035890209055
25;2025-09-16;14;428.5950885928249
25;2025-09-16;15;497.9048342954767
25;2025-09-16;16;589.0322983695949
25;2025-09-16;17;689.834862644438
25;2025-09-16;18;830.6811492188224
25;2025-09-16;19;541.1248503288183
25;2025-09-16;20;320.6875504677576
25;2025-09-16;21;203.9421151405517
25;2025-09-16;22;103.43545666365918
25;2025-09-16;23;13.992665698072162
25;2025-09-17;0;1.1479322117672934
25;2025-09-17;1;0.0
25;2025-09-17;2;0.0
25;2025-09-17;3;0.0
25;2025-09-17;4;0.0
25;2025-09-17;5;3.408476266408674
25;2025-09-17;6;159.04884343918854
25;2025-09-17;7;496.23197622104647
25;2025-09-17;8;835.1761185182243
25;2025-09-17;9;474.7355962911268
25;2025-09-17;10;332.8130864571829
25;2025-09-17;11;402.14970757776774
25;2025-09-17;12;375.2994938286268
25;2025-09-17;13;505.77513138692984
25;2025-09-17;14;431.287278337605
25;2025-09-17;15;525.5599448463456
25;2025-09-17;16;555.7290333346507
25;2025-09-17;17;689.4265276590668
25;2025-09-17;18;849.6687415707178
25;2025-09-17;19;540.0299507167003
25;2025-09-17;20;351.68014568906494
25;2025-09-17;21;196.71190186056316
25;2025-09-17;22;111.56100782476904
25;2025-09-17;23;16.709555472075483
25;2025-09-18;0;2.8944212047150364
25;2025-09-18;1;0.0
25;2025-09-18;2;0.0
25;2025-09-18;3;0.0
25;2025-09-18;4;0.0
25;2025-09-18;5;5.470628165048064
25;2025-09-18;6;169.7499100391561
25;2025-09-18;7;506.69524658500393
25;2025-09-18;8;808.3854010441622
25;2025-09-18;9;445.37410422542916
25;2025-09-18;10;368.6241436739027
25;2025-09-18;11;380.66694862199597
25;2025-09-18;12;393.1771859181644
25;2025-09-18;13;426.49604095949735
25;2025-09-18;14;432.1407442559537
25;2025-09-18;15;484.7177060349684
25;2025-09-18;16;576.5287836312916
25;2025-09-18;17;683.7304184478157
25;2025-09-18;18;775.4148788136995
25;2025-09-18;19;527.8264333478744
25;2025-09-18;20;350.26529379077664
25;2025-09-18;21;225.99818771115974
25;2025-09-18;22;133.11637252911308
25;2025-09-18;23;17.89515998944376
25;2025-09-19;0;3.0637866933735958
25;2025-09-19;1;0.0
25;2025-09-19;2;0.0
25;2025-09-19;3;0.0
25;2025-09-19;4;0.0
25;2025-09-19;5;5.492247455592931
25;2025-09-19;6;164.3616416735324
25;2025-09-19;7;478.0763113995336
25;2025-09-19;8;741.1305386965475
25;2025-09-19;9;423.9721758429532
25;2025-09-19;10;341.27996082000703
25;2025-09-19;11;361.422802777294
25;2025-09-19;12;372.79438736210705
25;2025-09-19;13;418.232422459086
25;2025-09-19;14;429.5234972443807
25;2025-09-19;15;498.76614299447044
25;2025-09-19;16;585.7348275939619
25;2025-09-19;17;631.8161708455641
25;2025-09-19;18;600.3288897375426
25;2025-09-19;19;456.32697867613064
25;2025-09-19;20;322.72683768993215
25;2025-09-19;21;213.8927587851677
25;2025-09-19;22;132.43092988434447
25;2025-09-19;23;22.894400631028887
25;2025-09-20;0;5.9683718529194945
25;2025-09-20;1;0.0
25;2025-09-20;2;0.0
25;2025-09-20;3;0.0
25;2025-09-20;4;0.0
25;2025-09-20;5;0.3006033283872673
25;2025-09-20;6;70.83026883624201
25;2025-09-20;7;156.513742664549
25;2025-09-20;8;270.3721287831413
25;2025-09-20;9;251.5907477625992
25;2025-09-20;10;260.5930067298483
25;2025-09-20;11;348.0765725438191
25;2025-09-20;12;385.2010456978018
25;2025-09-20;13;465.1080491418757
25;2025-09-20;14;497.7279125220588
25;2025-09-20;15;549.3173213306635
25;2025-09-20;16;500.4112730032907
25;2025-09-20;17;466.3411650773322
25;2025-09-20;18;482.4833420091436
25;2025-09-20;19;414.25067349605615
25;2025-09-20;20;268.00081465600334
25;2025-09-20;21;223.21646115167673
25;2025-09-20;22;139.31609691012497
25;2025-09-20;23;48.68410104012294
25;2025-09-21;0;15.3809040243995
25;2025-09-21;1;0.0
25;2025-09-21;2;0.0
25;2025-09-21;3;0.0
25;2025-09-21;4;0.0
25;2025-09-21;5;0.6185736645055411
25;2025-09-21;6;49.1830186265035
25;2025-09-21;7;115.94323667993442
25;2025-09-21;8;201.75025839682706
25;2025-09-21;9;196.86384599331348
25;2025-09-21;10;222.8434713554982
25;2025-09-21;11;301.1437376821908
25;2025-09-21;12;353.47819223590284
25;2025-09-21;13;421.28467715492434
25;2025-09-21;14;463.9548841834204
25;2025-09-21;15;510.9189906200604
25;2025-09-21;16;453.1039769895052
25;2025-09-21;17;436.6879029960719
25;2025-09-21;18;452.6053161143732
25;2025-09-21;19;359.48535113690764
25;2025-09-21;20;244.31870931742105
25;2025-09-21;21;199.3499833070095
25;2025-09-21;22;122.66436067273297
25;2025-09-21;23;38.419890766083554
25;2025-09-22;0;10.011753787477822
25;2025-09-22;1;0.0
25;2025-09-22;2;0.0
25;2025-09-22;3;0.0
25;2025-09-22;4;0.0
25;2025-09-22;5;3.0872700007328584
25;2025-09-22;6;150.6690205174831
25;2025-09-22;7;560.6500298642617
25;2025-09-22;8;821.1755903087258
25;2025-09-22;9;441.19371518594085
25;2025-09-22;10;336.8317209819339
25;2025-09-22;11;345.79824678847604
25;2025-09-22;12;397.8080248110004
25;2025-09-22;13;538.4111299259209
25;2025-09-22;14;425.7612987115286
25;2025-09-22;15;504.90369511907863
25;2025-09-22;16;567.9090140671749
25;2025-09-22;17;650.4486588836312
25;2025-09-22;18;706.3597859199715
25;2025-09-22;19;449.8668297760487
25;2025-09-22;20;311.2344661277908
25;2025-09-22;21;199.05251316988551
25;2025-09-22;22;94.85615756097941
25;2025-09-22;23;10.940678021062428
25;2025-09-23;0;1.6886506043809635
25;2025-09-23;1;0.0
25;2025-09-23;2;0.0
25;2025-09-23;3;0.0
25;2025-09-23;4;0.0
25;2025-09-23;5;4.207668190272158
25;2025-09-23;6;162.42491738483147
25;2025-09-23;7;527.5233358854948
25;2025-09-23;8;877.2211565240412
25;2025-09-23;9;451.8144368190472
25;2025-09-23;10;343.23194786665465
25;2025-09-23;11;365.20668679375876
25;2025-09-23;12;372.1151023074545
25;2025-09-23;13;443.5747932615816
25;2025-09-23;14;395.6539931423527
25;2025-09-23;15;461.8252541347026
25;2025-09-23;16;556.0353426973822
25;2025-09-23;17;662.9324548766178
25;2025-09-23;18;797.4449522576317
25;2025-09-23;19;518.2141932621294
25;2025-09-23;20;305.5490331683865
25;2025-09-23;21;194.18543015258945
25;2025-09-23;22;98.14373535496091
25;2025-09-23;23;13.630056131221334
25;2025-09-24;0;1.3368162518596378
25;2025-09-24;1;0.0
25;2025-09-24;2;0.0
25;2025-09-24;3;0.0
25;2025-09-24;4;0.0
25;2025-09-24;5;3.7107455339315805
25;2025-09-24;6;160.24100067940657
25;2025-09-24;7;498.4283700950844
25;2025-09-24;8;839.5506118886074
25;2025-09-24;9;478.6217583322722
25;2025-09-24;10;335.1065106199855
25;2025-09-24;11;401.66978173822696
25;2025-09-24;12;372.7015118551906
25;2025-09-24;13;498.8665105039879
25;2025-09-24;14;422.26332696645
25;2025-09-24;15;514.3421159660645
25;2025-09-24;16;550.4341649945374
25;2025-09-24;17;692.6318958099837
25;2025-09-24;18;850.5771905224542
25;2025-09-24;19;537.6760518673171
25;2025-09-24;20;348.0061367187956
25;2025-09-24;21;193.80721758189662
25;2025-09-24;22;108.68640037717651
25;2025-09-24;23;16.526506723301782
25;2025-09-25;0;2.945429257225252
25;2025-09-25;1;0.0
25;2025-09-25;2;0.0
25;2025-09-25;3;0.0
25;2025-09-25;4;0.0
25;2025-09-25;5;5.322053829506946
25;2025-09-25;6;171.43863792725057
25;2025-09-25;7;516.0198913264982
25;2025-09-25;8;829.6189697674862
25;2025-09-25;9;457.81859830979664
25;2025-09-25;10;380.35369027242405
25;2025-09-25;11;392.0951607561817
25;2025-09-25;12;404.0080344164112
25;2025-09-25;13;434.3244414588248
25;2025-09-25;14;436.77634301231683
25;2025-09-25;15;487.2299452665601
25;2025-09-25;16;583.9963778398758
25;2025-09-25;17;701.4894153079288
25;2025-09-25;18;795.710040190549
25;2025-09-25;19;535.2413248203852
25;2025-09-25;20;352.1380611987885
25;2025-09-25;21;225.75889511897353
25;2025-09-25;22;131.31064375140164
25;2025-09-25;23;17.384033374992832
25;2025-09-26;0;2.8582807340563026
25;2025-09-26;1;0.0
25;2025-09-26;2;0.0
25;2025-09-26;3;0.0
25;2025-09-26;4;0.0
25;2025-09-26;5;4.9402432677057675
25;2025-09-26;6;167.6681976275406
25;2025-09-26;7;492.24988612865405
25;2025-09-26;8;764.6797879809857
25;2025-09-26;9;443.27578691953033
25;2025-09-26;10;359.96203656783155
25;2025-09-26;11;385.5691802260942
25;2025-09-26;12;400.3741904404859
25;2025-09-26;13;449.80107008212974
25;2025-09-26;14;461.0340186696635
25;2025-09-26;15;531.4726984393783
25;2025-09-26;16;623.6208546566952
25;2025-09-26;17;674.6275379570963
25;2025-09-26;18;622.7690753355395
25;2025-09-26;19;470.3710784508514
25;2025-09-26;20;333.41247869341885
25;2025-09-26;21;220.7217317186466
25;2025-09-26;22;136.42663457521988
25;2025-09-26;23;22.765794168607062
25;2025-09-27;0;6.284912546778498
25;2025-09-27;1;0.0
25;2025-09-27;2;0.0
25;2025-09-27;3;0.0
25;2025-09-27;4;0.0
25;2025-09-27;5;0.7339847557571689
25;2025-09-27;6;73.48137182305386
25;2025-09-27;7;157.52411220954633
25;2025-09-27;8;268.2722739894151
25;2025-09-27;9;256.951245913903
25;2025-09-27;10;262.75441487211333
25;2025-09-27;11;344.55385863507684
25;2025-09-27;12;377.64062003249063
25;2025-09-27;13;451.13247016733555
25;2025-09-27;14;477.0372829928952
25;2025-09-27;15;523.1751824714883
25;2025-09-27;16;475.9042963815514
25;2025-09-27;17;444.41004182825566
25;2025-09-27;18;463.2377409447814
25;2025-09-27;19;403.60318109017715
25;2025-09-27;20;264.35922277298573
25;2025-09-27;21;220.70976789741837
25;2025-09-27;22;137.00529820773278
25;2025-09-27;23;47.928197866894216
25;2025-09-28;0;15.288430636826657
25;2025-09-28;1;0.0
25;2025-09-28;2;0.0
25;2025-09-28;3;0.0
25;2025-09-28;4;0.0
25;2025-09-28;5;0.6122856851955738
25;2025-09-28;6;51.0415111615953
25;2025-09-28;7;116.28585649471634
25;2025-09-28;8;198.2532433667126
25;2025-09-28;9;197.7922618590286
25;2025-09-28;10;222.6645838321969
25;2025-09-28;11;299.45665887532743
25;2025-09-28;12;350.61354714906213
25;2025-09-28;13;415.9197141330667
25;2025-09-28;14;456.5071343122329
25;2025-09-28;15;501.5058214381013
25;2025-09-28;16;445.4429149023408
25;2025-09-28;17;433.79915703985444
25;2025-09-28;18;450.9521817519984
25;2025-09-28;19;359.26619165171024
25;2025-09-28;20;243.55298629618267
25;2025-09-28;21;197.62237959351933
25;2025-09-28;22;120.89594829858358
25;2025-09-28;23;38.3431497971101
25;2025-09-29;0;9.772879507283168
25;2025-09-29;1;0.0
25;2025-09-29;2;0.0
25;2025-09-29;3;0.0
25;2025-09-29;4;0.0
25;2025-09-29;5;3.1716612598105702
25;2025-09-29;6;149.83104652020745
25;2025-09-29;7;564.1622266830589
25;2025-09-29;8;830.5861640246371
25;2025-09-29;9;439.5139130896972
25;2025-09-29;10;335.65448206206975
25;2025-09-29;11;343.12746557552583
25;2025-09-29;12;394.38377452267866
25;2025-09-29;13;534.5418797871121
25;2025-09-29;14;422.4909667231939
25;2025-09-29;15;500.9050394532402
25;2025-09-29;16;567.1484781652327
25;2025-09-29;17;651.3665814326221
25;2025-09-29;18;714.5825468358867
25;2025-09-29;19;450.8229571733197
25;2025-09-29;20;305.39845661519473
25;2025-09-29;21;190.59794345637232
25;2025-09-29;22;89.49861298499704
25;2025-09-29;23;10.008739292334297
25;2025-09-30;0;1.5319022447776915
25;2025-09-30;1;0.0
25;2025-09-30;2;0.0
25;2025-09-30;3;0.0
25;2025-09-30;4;0.0
25;2025-09-30;5;4.092859293000426
25;2025-09-30;6;167.44484383279305
25;2025-09-30;7;551.9323212385045
25;2025-09-30;8;923.4552391648672
25;2025-09-30;9;472.36641197504196
25;2025-09-30;10;361.0568845301143
25;2025-09-30;11;385.238221847521
25;2025-09-30;12;393.218455958357
25;2025-09-30;13;469.12847778262284
25;2025-09-30;14;418.6831141479594
25;2025-09-30;15;486.7743812774408
25;2025-09-30;16;586.4002362465407
25;2025-09-30;17;701.450336231552
25;2025-09-30;18;839.5141119177013
25;2025-09-30;19;539.9282731776074
25;2025-09-30;20;315.4767064486909
25;2025-09-30;21;199.35987121743523
25;2025-09-30;22;99.94753995341065
25;2025-09-30;23;13.425397080707189
25;2025-10-01;0;1.4061523231981774
25;2025-10-01;1;0.0
25;2025-10-01;2;0.0
25;2025-10-01;3;0.0
25;2025-10-01;4;0.0
25;2025-10-01;5;4.149833598815551
25;2025-10-01;6;164.69650913082086
25;2025-10-01;7;511.5429368940761
25;2025-10-01;8;860.019066331929
25;2025-10-01;9;488.9324984798121
25;2025-10-01;10;340.7261432074083
25;2025-10-01;11;407.7428121449635
25;2025-10-01;12;378.28125342540613
25;2025-10-01;13;506.37213277398064
25;2025-10-01;14;429.1449822352122
25;2025-10-01;15;523.1234506895128
25;2025-10-01;16;561.0789370116917
25;2025-10-01;17;707.9848697349354
25;2025-10-01;18;867.6155866691395
25;2025-10-01;19;548.3776469588015
25;2025-10-01;20;353.93304232890864
25;2025-10-01;21;196.71053945809876
25;2025-10-01;22;110.57624488469733
25;2025-10-01;23;16.10870148088214
25;2025-10-02;0;3.0580051537198
25;2025-10-02;1;0.0
25;2025-10-02;2;0.0
25;2025-10-02;3;0.0
25;2025-10-02;4;0.0
25;2025-10-02;5;5.604237864770841
25;2025-10-02;6;176.32098823443624
25;2025-10-02;7;526.9929776074823
25;2025-10-02;8;841.6257911678435
25;2025-10-02;9;466.561038148526
25;2025-10-02;10;386.81849283399663
25;2025-10-02;11;399.89558038281325
25;2025-10-02;12;413.67638359969396
25;2025-10-02;13;444.67932440143215
25;2025-10-02;14;447.73682721619105
25;2025-10-02;15;498.6175069002271
25;2025-10-02;16;596.3401605695522
25;2025-10-02;17;715.914833733067
25;2025-10-02;18;815.7426094860659
25;2025-10-02;19;549.9458929194379
25;2025-10-02;20;361.6155983238234
25;2025-10-02;21;231.5341701902572
25;2025-10-02;22;134.5452216276195
25;2025-10-02;23;18.169705785685643
25;2025-10-03;0;3.1322510540279507
25;2025-10-03;1;0.0
25;2025-10-03;2;0.0
25;2025-10-03;3;0.0
25;2025-10-03;4;0.0
25;2025-10-03;5;5.5170931166392085
25;2025-10-03;6;172.82466884459262
25;2025-10-03;7;502.0168197267251
25;2025-10-03;8;776.843536865156
25;2025-10-03;9;451.0930248142938
25;2025-10-03;10;365.10347841299165
25;2025-10-03;11;389.6777287617577
25;2025-10-03;12;404.5502070586668
25;2025-10-03;13;453.9915233668169
25;2025-10-03;14;464.03113292458147
25;2025-10-03;15;533.1346017403632
25;2025-10-03;16;624.5574682015172
25;2025-10-03;17;675.4963080738235
25;2025-10-03;18;633.2094021332858
25;2025-10-03;19;478.8520043826668
25;2025-10-03;20;339.49567472991646
25;2025-10-03;21;224.1835724641083
25;2025-10-03;22;138.41523880720513
25;2025-10-03;23;23.542747753131785
25;2025-10-04;0;6.731306189241794
25;2025-10-04;1;0.0
25;2025-10-04;2;0.0
25;2025-10-04;3;0.0
25;2025-10-04;4;0.0
25;2025-10-04;5;0.31145948194078643
25;2025-10-04;6;70.25882520110197
25;2025-10-04;7;150.62963786670895
25;2025-10-04;8;266.2670093811703
25;2025-10-04;9;267.03292585269617
25;2025-10-04;10;277.9104827861018
25;2025-10-04;11;368.6087807097561
25;2025-10-04;12;411.226045200729
25;2025-10-04;13;492.40603998647737
25;2025-10-04;14;518.8133251916707
25;2025-10-04;15;568.274065654522
25;2025-10-04;16;510.53305365518327
25;2025-10-04;17;479.1345975176201
25;2025-10-04;18;500.55883037369546
25;2025-10-04;19;430.7911632404292
25;2025-10-04;20;283.2267942023846
25;2025-10-04;21;234.93091024108838
25;2025-10-04;22;146.16386325804496
25;2025-10-04;23;51.97334933901804
25;2025-10-05;0;15.27970926338934
25;2025-10-05;1;0.0
25;2025-10-05;2;0.0
25;2025-10-05;3;0.0
25;2025-10-05;4;0.0
25;2025-10-05;5;0.6015527425957572
25;2025-10-05;6;50.57357105763077
25;2025-10-05;7;109.4723824842848
25;2025-10-05;8;187.2244363219472
25;2025-10-05;9;201.2535865274441
25;2025-10-05;10;226.56554467726764
25;2025-10-05;11;301.918694923992
25;2025-10-05;12;355.7360468016794
25;2025-10-05;13;417.9803992352072
25;2025-10-05;14;451.0020169028137
25;2025-10-05;15;489.63303573302545
25;2025-10-05;16;428.2274136715368
25;2025-10-05;17;416.40227355391136
25;2025-10-05;18;438.85751827287913
25;2025-10-05;19;351.7202376514588
25;2025-10-05;20;241.06770833613626
25;2025-10-05;21;194.97694065482872
25;2025-10-05;22;119.55463449379855
25;2025-10-05;23;38.43614811182843
25;2025-10-06;0;9.695042334220046
25;2025-10-06;1;0.0
25;2025-10-06;2;0.0
25;2025-10-06;3;0.0
25;2025-10-06;4;0.0
25;2025-10-06;5;2.911877010108666
25;2025-10-06;6;138.96618008936395
25;2025-10-06;7;526.2589767750832
25;2025-10-06;8;784.9970560712885
25;2025-10-06;9;425.3994460478054
25;2025-10-06;10;324.03454227962663
25;2025-10-06;11;326.12467644641015
25;2025-10-06;12;369.0426624970479
25;2025-10-06;13;494.6330998752271
25;2025-10-06;14;382.3579089802207
25;2025-10-06;15;455.38978837116167
25;2025-10-06;16;522.5923989789796
25;2025-10-06;17;607.6619082498771
25;2025-10-06;18;672.2728614221202
25;2025-10-06;19;423.6652056965184
25;2025-10-06;20;289.7993078636076
25;2025-10-06;21;182.0248640250349
25;2025-10-06;22;87.32282800575092
25;2025-10-06;23;11.244827944906174
25;2025-10-07;0;1.8658391888172148
25;2025-10-07;1;0.0
25;2025-10-07;2;0.0
25;2025-10-07;3;0.0
25;2025-10-07;4;0.0
25;2025-10-07;5;3.6594071272841338
25;2025-10-07;6;157.03772827584248
25;2025-10-07;7;518.5718594688414
25;2025-10-07;8;873.9751245173227
25;2025-10-07;9;453.1449801347908
25;2025-10-07;10;346.2466088164525
25;2025-10-07;11;367.5829970839203
25;2025-10-07;12;373.5354288316253
25;2025-10-07;13;442.59150102766404
25;2025-10-07;14;391.1048032914117
25;2025-10-07;15;456.34820767742644
25;2025-10-07;16;553.080826632174
25;2025-10-07;17;661.6978759652992
25;2025-10-07;18;793.6776644429888
25;2025-10-07;19;512.8624361428947
25;2025-10-07;20;299.7372459232722
25;2025-10-07;21;191.49740719785672
25;2025-10-07;22;96.50821712561466
25;2025-10-07;23;14.09246497454728
25;2025-10-08;0;1.3661453153960146
25;2025-10-08;1;0.0
25;2025-10-08;2;0.0
25;2025-10-08;3;0.0
25;2025-10-08;4;0.0
25;2025-10-08;5;2.972648049988291
25;2025-10-08;6;156.61465723130425
25;2025-10-08;7;498.3625166970853
25;2025-10-08;8;855.4341797992288
25;2025-10-08;9;486.18269867829133
25;2025-10-08;10;343.7355404791988
25;2025-10-08;11;411.7074613036584
25;2025-10-08;12;382.7139466818197
25;2025-10-08;13;509.6781696937928
25;2025-10-08;14;429.03329062854266
25;2025-10-08;15;521.7166342684561
25;2025-10-08;16;558.0763670935955
25;2025-10-08;17;699.5337327021994
25;2025-10-08;18;862.3238908253015
25;2025-10-08;19;540.5378329311807
25;2025-10-08;20;346.03338480832326
25;2025-10-08;21;193.32313579664833
25;2025-10-08;22;109.18438009637464
25;2025-10-08;23;16.61338647127838
25;2025-10-09;0;2.876189258390114
25;2025-10-09;1;0.0
25;2025-10-09;2;0.0
25;2025-10-09;3;0.0
25;2025-10-09;4;0.0
25;2025-10-09;5;4.455166597328445
25;2025-10-09;6;167.77582350828988
25;2025-10-09;7;514.5728472701167
25;2025-10-09;8;837.8175625237451
25;2025-10-09;9;464.32723796623077
25;2025-10-09;10;388.7269897948902
25;2025-10-09;11;403.76658662365196
25;2025-10-09;12;418.05696681809957
25;2025-10-09;13;450.1397678672177
25;2025-10-09;14;451.35603405052655
25;2025-10-09;15;503.4330034699997
25;2025-10-09;16;600.8421856519044
25;2025-10-09;17;715.0433931198113
25;2025-10-09;18;806.5224897723499
25;2025-10-09;19;540.392600607676
25;2025-10-09;20;353.3127447578325
25;2025-10-09;21;227.84585907277685
25;2025-10-09;22;133.46016185248476
25;2025-10-09;23;17.973509595642913
25;2025-10-10;0;2.9595020704060246
25;2025-10-10;1;0.0
25;2025-10-10;2;0.0
25;2025-10-10;3;0.0
25;2025-10-10;4;0.0
25;2025-10-10;5;4.526956377730795
25;2025-10-10;6;165.0004178552556
25;2025-10-10;7;490.5837777318843
25;2025-10-10;8;771.9102765115806
25;2025-10-10;9;448.32123062898535
25;2025-10-10;10;364.4720844763302
25;2025-10-10;11;389.71341068147206
25;2025-10-10;12;403.9803525756164
25;2025-10-10;13;453.4623194594865
25;2025-10-10;14;462.5110777458799
25;2025-10-10;15;533.8579953478569
25;2025-10-10;16;629.4377448702969
25;2025-10-10;17;677.6092376678529
25;2025-10-10;18;626.1046526792106
25;2025-10-10;19;468.00642589024875
25;2025-10-10;20;329.08229579120507
25;2025-10-10;21;218.83385059810274
25;2025-10-10;22;136.16649226669244
25;2025-10-10;23;22.952913649548147
25;2025-10-11;0;6.356803222642445
25;2025-10-11;1;0.0
25;2025-10-11;2;0.0
25;2025-10-11;3;0.0
25;2025-10-11;4;0.0
25;2025-10-11;5;0.2992742879152875
25;2025-10-11;6;69.13415115597945
25;2025-10-11;7;149.53691389724645
25;2025-10-11;8;265.6477079931828
25;2025-10-11;9;262.9916869114665
25;2025-10-11;10;271.340520782146
25;2025-10-11;11;357.5979940600329
25;2025-10-11;12;397.3481745110329
25;2025-10-11;13;474.5354760839733
25;2025-10-11;14;499.3315076632474
25;2025-10-11;15;546.6219871717344
25;2025-10-11;16;495.97685125261063
25;2025-10-11;17;459.44785892973283
25;2025-10-11;18;471.70263581550057
25;2025-10-11;19;408.55539467000483
25;2025-10-11;20;266.9399660796805
25;2025-10-11;21;223.11484137246578
25;2025-10-11;22;138.89586345121626
25;2025-10-11;23;49.29029377186585
25;2025-10-12;0;14.917131736163356
25;2025-10-12;1;0.0
25;2025-10-12;2;0.0
25;2025-10-12;3;0.0
25;2025-10-12;4;0.0
25;2025-10-12;5;0.5950072726131413
25;2025-10-12;6;48.94835978978672
25;2025-10-12;7;111.52708452975637
25;2025-10-12;8;194.4910104455522
25;2025-10-12;9;196.67346815494489
25;2025-10-12;10;222.25002342835927
25;2025-10-12;11;295.5043079229123
25;2025-10-12;12;348.5891463470957
25;2025-10-12;13;413.0044505460782
25;2025-10-12;14;449.4404976099635
25;2025-10-12;15;492.1363406931716
25;2025-10-12;16;433.22869910594545
25;2025-10-12;17;414.22510156227645
25;2025-10-12;18;431.0727479148628
25;2025-10-12;19;344.5233045118138
25;2025-10-12;20;234.29506507904898
25;2025-10-12;21;193.19957610599766
25;2025-10-12;22;118.3844742698418
25;2025-10-12;23;37.39285697110935
25;2025-10-13;0;9.320739640180927
25;2025-10-13;1;0.0
25;2025-10-13;2;0.0
25;2025-10-13;3;0.0
25;2025-10-13;4;0.0
25;2025-10-13;5;3.709165571406365
25;2025-10-13;6;139.09817844024923
25;2025-10-13;7;522.324683870822
25;2025-10-13;8;780.5338520903455
25;2025-10-13;9;417.6099300949179
25;2025-10-13;10;312.7130363942139
25;2025-10-13;11;311.1021508942879
25;2025-10-13;12;350.26979156672314
25;2025-10-13;13;471.4296726481456
25;2025-10-13;14;365.6094128594925
25;2025-10-13;15;437.976434823809
25;2025-10-13;16;510.38423915056245
25;2025-10-13;17;590.5679812942436
25;2025-10-13;18;641.5689497443343
25;2025-10-13;19;405.02541097245023
25;2025-10-13;20;271.7146450955308
25;2025-10-13;21;172.04267774409962
25;2025-10-13;22;82.64683224797064
25;2025-10-13;23;10.004959159643018
25;2025-10-14;0;1.3421629474307943
25;2025-10-14;1;0.0
25;2025-10-14;2;0.0
25;2025-10-14;3;0.0
25;2025-10-14;4;0.0
25;2025-10-14;5;2.9236602094157123
25;2025-10-14;6;148.68805158610553
25;2025-10-14;7;507.5556501952921
25;2025-10-14;8;867.8938563850533
25;2025-10-14;9;444.82642127113127
25;2025-10-14;10;338.1380617719974
25;2025-10-14;11;357.5235190041725
25;2025-10-14;12;361.41500340738656
25;2025-10-14;13;425.3185192051664
25;2025-10-14;14;375.38928533953344
25;2025-10-14;15;440.4205959920035
25;2025-10-14;16;541.9991315191087
25;2025-10-14;17;653.1640271838226
25;2025-10-14;18;767.1011923544502
25;2025-10-14;19;481.063429087763
25;2025-10-14;20;272.42398569260763
25;2025-10-14;21;173.45761847479034
25;2025-10-14;22;86.94947388038842
25;2025-10-14;23;10.632054693904681
25;2025-10-15;0;1.2721290351228727
25;2025-10-15;1;0.0
25;2025-10-15;2;0.0
25;2025-10-15;3;0.0
25;2025-10-15;4;0.0
25;2025-10-15;5;2.9733503829247576
25;2025-10-15;6;148.01210924503098
25;2025-10-15;7;477.7439719369063
25;2025-10-15;8;823.8472908291533
25;2025-10-15;9;465.30063838175374
25;2025-10-15;10;323.83737970889456
25;2025-10-15;11;382.955526246884
25;2025-10-15;12;351.82448692982393
25;2025-10-15;13;467.3900118128554
25;2025-10-15;14;392.9772817184338
25;2025-10-15;15;484.9932866821273
25;2025-10-15;16;528.8240082974187
25;2025-10-15;17;666.6707294424527
25;2025-10-15;18;802.8890036520031
25;2025-10-15;19;497.39503644899656
25;2025-10-15;20;314.1028998269703
25;2025-10-15;21;175.66515226461527
25;2025-10-15;22;99.44653359821325
25;2025-10-15;23;13.69217414970161
25;2025-10-16;0;2.6877015594729805
25;2025-10-16;1;0.0
25;2025-10-16;2;0.0
25;2025-10-16;3;0.0
25;2025-10-16;4;0.0
25;2025-10-16;5;4.949572172247251
25;2025-10-16;6;167.4239341326155
25;2025-10-16;7;515.1390165349118
25;2025-10-16;8;836.8602635472182
25;2025-10-16;9;458.5904548781972
25;2025-10-16;10;379.06957566107826
25;2025-10-16;11;390.41464019839464
25;2025-10-16;12;401.70198409619763
25;2025-10-16;13;432.0362716988634
25;2025-10-16;14;436.5286782207628
25;2025-10-16;15;492.5009622333531
25;2025-10-16;16;597.0335873282177
25;2025-10-16;17;713.5447668395955
25;2025-10-16;18;782.7570270035332
25;2025-10-16;19;521.3894699485209
25;2025-10-16;20;336.02589894540284
25;2025-10-16;21;217.10671667754778
25;2025-10-16;22;127.14337054151397
25;2025-10-16;23;15.567197482776967
25;2025-10-17;0;2.527306856417202
25;2025-10-17;1;0.0
25;2025-10-17;2;0.0
25;2025-10-17;3;0.0
25;2025-10-17;4;0.0
25;2025-10-17;5;4.205067077224102
25;2025-10-17;6;161.66096603140738
25;2025-10-17;7;489.47915150855
25;2025-10-17;8;774.0008958412959
25;2025-10-17;9;444.5810549133558
25;2025-10-17;10;359.10709419649476
25;2025-10-17;11;383.9934064214066
25;2025-10-17;12;397.63114168951563
25;2025-10-17;13;446.67628878593973
25;2025-10-17;14;459.1309580006606
25;2025-10-17;15;534.9665992658367
25;2025-10-17;16;631.6061841389096
25;2025-10-17;17;672.2211111781241
25;2025-10-17;18;603.9572709710627
25;2025-10-17;19;449.67276034338545
25;2025-10-17;20;313.7514256977289
25;2025-10-17;21;209.67372378772495
25;2025-10-17;22;130.19119242984812
25;2025-10-17;23;20.72143860526371
25;2025-10-18;0;6.218489967402998
25;2025-10-18;1;0.0
25;2025-10-18;2;0.0
25;2025-10-18;3;0.0
25;2025-10-18;4;0.0
25;2025-10-18;5;0.3519345636747159
25;2025-10-18;6;70.75810162104803
25;2025-10-18;7;154.71339815731682
25;2025-10-18;8;271.2190397247085
25;2025-10-18;9;259.58385297672737
25;2025-10-18;10;266.19322941141365
25;2025-10-18;11;352.22246872212037
25;2025-10-18;12;392.7445667384493
25;2025-10-18;13;472.5499706362234
25;2025-10-18;14;502.5869601022416
25;2025-10-18;15;554.528212409949
25;2025-10-18;16;506.72362148787136
25;2025-10-18;17;469.4423891854303
25;2025-10-18;18;477.5408432168507
25;2025-10-18;19;411.8962511932059
25;2025-10-18;20;265.77539944864975
25;2025-10-18;21;223.10765826249173
25;2025-10-18;22;138.52330726837798
25;2025-10-18;23;49.04836419974623
25;2025-10-19;0;15.353099072254745
25;2025-10-19;1;0.0
25;2025-10-19;2;0.0
25;2025-10-19;3;0.0
25;2025-10-19;4;0.0
25;2025-10-19;5;0.6159040734168539
25;2025-10-19;6;49.487235196677034
25;2025-10-19;7;111.17462503570957
25;2025-10-19;8;189.97796663136626
25;2025-10-19;9;197.88550694615435
25;2025-10-19;10;224.44463353103666
25;2025-10-19;11;302.47191087550266
25;2025-10-19;12;359.17035864997507
25;2025-10-19;13;427.79276542798556
25;2025-10-19;14;468.59135431734217
25;2025-10-19;15;515.674648680149
25;2025-10-19;16;456.99152950577354
25;2025-10-19;17;443.13581174910064
25;2025-10-19;18;453.9355196355038
25;2025-10-19;19;361.8274910509649
25;2025-10-19;20;244.42575934816233
25;2025-10-19;21;200.31654636182327
25;2025-10-19;22;123.0427423541637
25;2025-10-19;23;39.049149761631426
25;2025-10-20;0;9.334039699606024
25;2025-10-20;1;0.0
25;2025-10-20;2;0.0
25;2025-10-20;3;0.0
25;2025-10-20;4;0.0
25;2025-10-20;5;2.9884084219598748
25;2025-10-20;6;144.66316952289054
25;2025-10-20;7;551.761149336128
25;2025-10-20;8;817.4313447448101
25;2025-10-20;9;436.3378712182324
25;2025-10-20;10;329.94994248572266
25;2025-10-20;11;335.12030732904225
25;2025-10-20;12;382.59394732622025
25;2025-10-20;13;518.0439214496985
25;2025-10-20;14;408.67709680231735
25;2025-10-20;15;490.9094173237868
25;2025-10-20;16;564.231201396085
25;2025-10-20;17;647.6465131906386
25;2025-10-20;18;681.8891520503696
25;2025-10-20;19;428.80733261661663
25;2025-10-20;20;286.84593495710044
25;2025-10-20;21;181.21672295363447
25;2025-10-20;22;85.22516027868367
25;2025-10-20;23;9.337482449905131
25;2025-10-21;0;1.3594779006162883
25;2025-10-21;1;0.0
25;2025-10-21;2;0.0
25;2025-10-21;3;0.0
25;2025-10-21;4;0.0
25;2025-10-21;5;3.2766545715926103
25;2025-10-21;6;155.2188411536918
25;2025-10-21;7;524.6661537190319
25;2025-10-21;8;890.7978382101008
25;2025-10-21;9;454.27958690203485
25;2025-10-21;10;346.35220666428063
25;2025-10-21;11;368.5404294469489
25;2025-10-21;12;375.005427873045
25;2025-10-21;13;444.7007304684877
25;2025-10-21;14;395.8768224513477
25;2025-10-21;15;465.5864946472657
25;2025-10-21;16;567.1997058261675
25;2025-10-21;17;678.4068290058908
25;2025-10-21;18;794.7485651852352
25;2025-10-21;19;503.60961758718815
25;2025-10-21;20;286.3511510255204
25;2025-10-21;21;182.4793185189977
25;2025-10-21;22;91.67016199678727
25;2025-10-21;23;11.693490574235867
25;2025-10-22;0;1.0105852917674323
25;2025-10-22;1;0.0
25;2025-10-22;2;0.0
25;2025-10-22;3;0.0
25;2025-10-22;4;0.0
25;2025-10-22;5;2.9755274144852466
25;2025-10-22;6;156.39093054143632
25;2025-10-22;7;504.4809875491055
25;2025-10-22;8;865.5108118082528
25;2025-10-22;9;483.54840041731694
25;2025-10-22;10;338.8475535741444
25;2025-10-22;11;406.5580977447903
25;2025-10-22;12;377.86687466925076
25;2025-10-22;13;506.51396568415475
25;2025-10-22;14;430.9510946522872
25;2025-10-22;15;530.6998037852043
25;2025-10-22;16;571.4259153891267
25;2025-10-22;17;714.3337878543518
25;2025-10-22;18;860.2905456049469
25;2025-10-22;19;534.0825178033806
25;2025-10-22;20;335.8449909539871
25;2025-10-22;21;187.06058464123814
25;2025-10-22;22;105.42823920347848
25;2025-10-22;23;14.356041322532192
25;2025-10-23;0;2.7749306057956975
25;2025-10-23;1;0.0
25;2025-10-23;2;0.0
25;2025-10-23;3;0.0
25;2025-10-23;4;0.0
25;2025-10-23;5;4.910158916133607
25;2025-10-23;6;169.1266570154819
25;2025-10-23;7;520.9495809678737
25;2025-10-23;8;848.3739138326976
25;2025-10-23;9;465.32406637671363
25;2025-10-23;10;386.599191891522
25;2025-10-23;11;398.6035811722263
25;2025-10-23;12;410.4958645799975
25;2025-10-23;13;439.08796994684747
25;2025-10-23;14;440.98267433551
25;2025-10-23;15;495.88922387533273
25;2025-10-23;16;600.5954776205687
25;2025-10-23;17;723.1225955311066
25;2025-10-23;18;803.0295223371209
25;2025-10-23;19;531.1926814759129
25;2025-10-23;20;340.29787146931824
25;2025-10-23;21;219.17501043380395
25;2025-10-23;22;128.25212413382576
25;2025-10-23;23;15.752705957417913
25;2025-10-24;0;2.6503497494265664
25;2025-10-24;1;0.0
25;2025-10-24;2;0.0
25;2025-10-24;3;0.0
25;2025-10-24;4;0.0
25;2025-10-24;5;4.58313860441713
25;2025-10-24;6;166.01648322276264
25;2025-10-24;7;496.53196322572944
25;2025-10-24;8;778.9750012003549
25;2025-10-24;9;446.7222905661454
25;2025-10-24;10;361.4759247705558
25;2025-10-24;11;386.8252985131479
25;2025-10-24;12;401.4377254504131
25;2025-10-24;13;449.6244194478997
25;2025-10-24;14;461.77277153896733
25;2025-10-24;15;536.9807860251212
25;2025-10-24;16;636.1268355481454
25;2025-10-24;17;684.5172347674443
25;2025-10-24;18;622.7786665037921
25;2025-10-24;19;461.6101765878957
25;2025-10-24;20;319.1317034800919
25;2025-10-24;21;212.214848098095
25;2025-10-24;22;131.36835392487492
25;2025-10-24;23;21.195706953419887
25;2025-10-25;0;6.443002959062731
25;2025-10-25;1;0.0
25;2025-10-25;2;0.0
25;2025-10-25;3;0.0
25;2025-10-25;4;0.0
25;2025-10-25;5;0.31329400272411634
25;2025-10-25;6;72.15138111965935
25;2025-10-25;7;157.11322709375247
25;2025-10-25;8;275.9839592566805
25;2025-10-25;9;268.75365749303353
25;2025-10-25;10;277.9833912387693
25;2025-10-25;11;370.10102923334557
25;2025-10-25;12;414.26599423331163
25;2025-10-25;13;498.2889000892853
25;2025-10-25;14;529.3411744894238
25;2025-10-25;15;583.304520004374
25;2025-10-25;16;530.6490120000219
25;2025-10-25;17;493.50944393588946
25;2025-10-25;18;505.10088083685696
25;2025-10-25;19;433.6106224671287
25;2025-10-25;20;279.11206636981103
25;2025-10-25;21;233.8161359068534
25;2025-10-25;22;145.02740529534685
25;2025-10-25;23;51.43610639743471
25;2025-10-26;0;14.79519120522502
25;2025-10-26;1;0.0
25;2025-10-26;2;0.0
25;2025-10-26;3;0.0
25;2025-10-26;4;0.0
25;2025-10-26;5;0.6939398743698907
25;2025-10-26;6;52.06343284133509
25;2025-10-26;7;115.15675443170663
25;2025-10-26;8;194.29083303121988
25;2025-10-26;9;197.36976900165996
25;2025-10-26;10;217.47673007567624
25;2025-10-26;11;288.71332349936694
25;2025-10-26;12;340.4123538408403
25;2025-10-26;13;403.76179118072065
25;2025-10-26;14;439.8596642192451
25;2025-10-26;15;481.7411441745188
25;2025-10-26;16;425.96484572122495
25;2025-10-26;17;411.3377894431517
25;2025-10-26;18;428.4678792557974
25;2025-10-26;19;343.27059585891857
25;2025-10-26;20;233.58234420903165
25;2025-10-26;21;192.65068130042857
25;2025-10-26;22;117.84155131717267
25;2025-10-26;23;37.51586862191631
25;2025-10-27;0;9.087840895066496
25;2025-10-27;1;0.0
25;2025-10-27;2;0.0
25;2025-10-27;3;0.0
25;2025-10-27;4;0.0
25;2025-10-27;5;2.9024668781651446
25;2025-10-27;6;142.27701382473128
25;2025-10-27;7;543.9532119329801
25;2025-10-27;8;806.4199093182066
25;2025-10-27;9;429.90526038519545
25;2025-10-27;10;325.2614121323152
25;2025-10-27;11;330.3790520792919
25;2025-10-27;12;376.9877717146203
25;2025-10-27;13;507.1622574612072
25;2025-10-27;14;398.3273166163241
25;2025-10-27;15;478.36431677335304
25;2025-10-27;16;552.848281016838
25;2025-10-27;17;640.2112552094061
25;2025-10-27;18;676.521426035466
25;2025-10-27;19;420.02514024621763
25;2025-10-27;20;278.9118020552402
25;2025-10-27;21;175.43078884009452
25;2025-10-27;22;82.17829364242999
25;2025-10-27;23;8.569257748882684
25;2025-10-28;0;1.362068846590293
25;2025-10-28;1;0.0
25;2025-10-28;2;0.0
25;2025-10-28;3;0.0
25;2025-10-28;4;0.0
25;2025-10-28;5;3.1982775445209333
25;2025-10-28;6;152.0778501662618
25;2025-10-28;7;514.7791622860854
25;2025-10-28;8;871.4510217654727
25;2025-10-28;9;446.563759125375
25;2025-10-28;10;338.3498602273395
25;2025-10-28;11;359.1656870348196
25;2025-10-28;12;364.68925866755995
25;2025-10-28;13;430.65427942995063
25;2025-10-28;14;381.9365327580135
25;2025-10-28;15;447.27656567468125
25;2025-10-28;16;551.7880525655311
25;2025-10-28;17;665.3743435317256
25;2025-10-28;18;778.0203031680544
25;2025-10-28;19;488.71529075749993
25;2025-10-28;20;276.85639241196327
25;2025-10-28;21;176.06145278386236
25;2025-10-28;22;86.91535239087035
25;2025-10-28;23;10.84197571667878
25;2025-10-29;0;1.223343770493102
25;2025-10-29;1;0.0
25;2025-10-29;2;0.0
25;2025-10-29;3;0.0
25;2025-10-29;4;0.0
25;2025-10-29;5;3.244121409688101
25;2025-10-29;6;153.39757878364918
25;2025-10-29;7;491.00543469577565
25;2025-10-29;8;839.2059694603062
25;2025-10-29;9;472.7598985006403
25;2025-10-29;10;329.3495648329533
25;2025-10-29;11;392.56163205860173
25;2025-10-29;12;362.9429180720777
25;2025-10-29;13;483.43838200370914
25;2025-10-29;14;408.8073096807013
25;2025-10-29;15;505.41204726361764
25;2025-10-29;16;550.3214384563016
25;2025-10-29;17;695.3136183532663
25;2025-10-29;18;831.84087460981
25;2025-10-29;19;515.2282867700907
25;2025-10-29;20;324.210253309485
25;2025-10-29;21;180.64361952665084
25;2025-10-29;22;101.19928329042773
25;2025-10-29;23;14.645360142880266
25;2025-10-30;0;2.8452738392957717
25;2025-10-30;1;0.0
25;2025-10-30;2;0.0
25;2025-10-30;3;0.0
25;2025-10-30;4;0.0
25;2025-10-30;5;4.982159742905925
25;2025-10-30;6;167.2852358435215
25;2025-10-30;7;511.9316021569002
25;2025-10-30;8;828.5107461683109
25;2025-10-30;9;457.10640598724194
25;2025-10-30;10;377.97017727770776
25;2025-10-30;11;389.9027454372613
25;2025-10-30;12;401.657467191963
25;2025-10-30;13;428.6615053852312
25;2025-10-30;14;430.92941946516214
25;2025-10-30;15;486.40771420838917
25;2025-10-30;16;590.6272691595952
25;2025-10-30;17;713.6305010035818
25;2025-10-30;18;790.9652808423386
25;2025-10-30;19;523.7698507948528
25;2025-10-30;20;336.1938226396088
25;2025-10-30;21;216.61130943376702
25;2025-10-30;22;126.1695308149335
25;2025-10-30;23;16.468991721410852
25;2025-10-31;0;2.896572517361439
25;2025-10-31;1;0.0
25;2025-10-31;2;0.0
25;2025-10-31;3;0.0
25;2025-10-31;4;0.0
25;2025-10-31;5;4.946956896550613
25;2025-10-31;6;162.4148088606057
25;2025-10-31;7;489.3185526296792
25;2025-10-31;8;769.0083278311815
25;2025-10-31;9;439.7934017157561
25;2025-10-31;10;347.90900616410016
25;2025-10-31;11;368.3345673856634
25;2025-10-31;12;378.7068382515802
25;2025-10-31;13;424.433393927774
25;2025-10-31;14;434.85741561451397
25;2025-10-31;15;509.1526059702069
25;2025-10-31;16;608.2903502782394
25;2025-10-31;17;655.8161864850122
25;2025-10-31;18;606.0615213180033
25;2025-10-31;19;448.067859236
25;2025-10-31;20;310.5993853577369
25;2025-10-31;21;207.05243151621977
25;2025-10-31;22;128.0936689182374
25;2025-10-31;23;21.03009645372351
25;2025-11-01;0;1.8726954002331344
25;2025-11-01;1;0.0
25;2025-11-01;2;0.0
25;2025-11-01;3;0.0
25;2025-11-01;4;0.0
25;2025-11-01;5;3.229967326771865
25;2025-11-01;6;111.61268991072393
25;2025-11-01;7;335.1150565175959
25;2025-11-01;8;525.783164254555
25;2025-11-01;9;296.6166132511563
25;2025-11-01;10;238.4546586094132
25;2025-11-01;11;254.4226344605404
25;2025-11-01;12;264.41019424469073
25;2025-11-01;13;300.48884578674154
25;2025-11-01;14;312.1316153647158
25;2025-11-01;15;366.36910484888676
25;2025-11-01;16;433.49861067038177
25;2025-11-01;17;465.20396539553707
25;2025-11-01;18;422.61017887880445
25;2025-11-01;19;314.48613451072947
25;2025-11-01;20;218.53658373221222
25;2025-11-01;21;146.0845917218982
25;2025-11-01;22;90.67771538795542
25;2025-11-01;23;14.837907686449109
25;2025-11-02;0;15.516466061814262
25;2025-11-02;1;0.0
25;2025-11-02;2;0.0
25;2025-11-02;3;0.0
25;2025-11-02;4;0.0
25;2025-11-02;5;0.6284123953515619
25;2025-11-02;6;51.123110790206674
25;2025-11-02;7;115.47318563664216
25;2025-11-02;8;194.54259088973748
25;2025-11-02;9;201.54158024638454
25;2025-11-02;10;228.50588932840543
25;2025-11-02;11;310.0896653802451
25;2025-11-02;12;369.90118938634043
25;2025-11-02;13;440.52141175313517
25;2025-11-02;14;484.988430448318
25;2025-11-02;15;534.2857282926029
25;2025-11-02;16;474.0547808327284
25;2025-11-02;17;459.3184195417471
25;2025-11-02;18;464.9596691535551
25;2025-11-02;19;368.5550033696371
25;2025-11-02;20;247.84959938447054
25;2025-11-02;21;202.89289664889
25;2025-11-02;22;123.9928607793403
25;2025-11-02;23;39.30468691097988
25;2025-11-03;0;10.07844754603211
25;2025-11-03;1;0.0
25;2025-11-03;2;0.0
25;2025-11-03;3;0.0
25;2025-11-03;4;0.0
25;2025-11-03;5;0.4942850275825149
25;2025-11-03;6;54.55726218992914
25;2025-11-03;7;121.01166635771142
25;2025-11-03;8;205.08246224623412
25;2025-11-03;9;199.05075872013123
25;2025-11-03;10;218.2204206132891
25;2025-11-03;11;291.4924066896709
25;2025-11-03;12;343.81930021129585
25;2025-11-03;13;414.8261897707371
25;2025-11-03;14;452.9056436142514
25;2025-11-03;15;500.8534706840376
25;2025-11-03;16;452.09850736908027
25;2025-11-03;17;428.0529198620966
25;2025-11-03;18;440.12282135146665
25;2025-11-03;19;363.04680925793883
25;2025-11-03;20;242.35951639202898
25;2025-11-03;21;200.20603370864868
25;2025-11-03;22;125.05124007207064
25;2025-11-03;23;40.6086549640181
26;2025-09-04;0;36.718695084429726
26;2025-09-04;1;0.0
26;2025-09-04;2;0.0
26;2025-09-04;3;0.0
26;2025-09-04;4;0.0
26;2025-09-04;5;62.12463911157714
26;2025-09-04;6;590.9744275656593
26;2025-09-04;7;1055.4049694955609
26;2025-09-04;8;1867.0794450911872
26;2025-09-04;9;1377.5753611476655
26;2025-09-04;10;1144.2796573969704
26;2025-09-04;11;1066.9109707442274
26;2025-09-04;12;1076.4480554586357
26;2025-09-04;13;1066.7820230438058
26;2025-09-04;14;1084.3736699896713
26;2025-09-04;15;1178.4643627773792
26;2025-09-04;16;1331.7117145983666
26;2025-09-04;17;1574.1869272023623
26;2025-09-04;18;1846.3044090966491
26;2025-09-04;19;1309.278261465557
26;2025-09-04;20;796.0700034561438
26;2025-09-04;21;483.92524287428324
26;2025-09-04;22;262.8209953035499
26;2025-09-04;23;135.5161973264774
26;2025-09-05;0;37.371973225372486
26;2025-09-05;1;0.0
26;2025-09-05;2;0.0
26;2025-09-05;3;0.0
26;2025-09-05;4;0.0
26;2025-09-05;5;59.23065018808395
26;2025-09-05;6;563.2099111664198
26;2025-09-05;7;991.1345193787048
26;2025-09-05;8;1751.936234244961
26;2025-09-05;9;1310.7742584380635
26;2025-09-05;10;1093.5494107192276
26;2025-09-05;11;1035.0868814425826
26;2025-09-05;12;1074.3045907367418
26;2025-09-05;13;1089.1995634804734
26;2025-09-05;14;1096.272214041629
26;2025-09-05;15;1203.5472895834225
26;2025-09-05;16;1420.139021389734
26;2025-09-05;17;1534.1124902291847
26;2025-09-05;18;1385.4014827319993
26;2025-09-05;19;1098.5183887574585
26;2025-09-05;20;722.5219580570626
26;2025-09-05;21;439.0472849436219
26;2025-09-05;22;253.13332077032823
26;2025-09-05;23;147.91078191968379
26;2025-09-06;0;46.486316343353494
26;2025-09-06;1;0.0
26;2025-09-06;2;0.0
26;2025-09-06;3;0.0
26;2025-09-06;4;0.0
26;2025-09-06;5;36.10180319446022
26;2025-09-06;6;301.9820355271504
26;2025-09-06;7;376.3961243393145
26;2025-09-06;8;528.2021193426426
26;2025-09-06;9;625.7802099430544
26;2025-09-06;10;733.2043043045552
26;2025-09-06;11;859.2119428400392
26;2025-09-06;12;895.045857016134
26;2025-09-06;13;906.2691587083125
26;2025-09-06;14;910.1574963381472
26;2025-09-06;15;854.9220565108785
26;2025-09-06;16;843.6057879215668
26;2025-09-06;17;854.5300425236574
26;2025-09-06;18;856.9042056957833
26;2025-09-06;19;786.6253393870008
26;2025-09-06;20;522.7833308900894
26;2025-09-06;21;364.85977006505425
26;2025-09-06;22;230.78020164011525
26;2025-09-06;23;137.49813012186618
26;2025-09-07;0;50.206399113734996
26;2025-09-07;1;0.0
26;2025-09-07;2;0.0
26;2025-09-07;3;0.0
26;2025-09-07;4;0.0
26;2025-09-07;5;25.665613496775272
26;2025-09-07;6;191.2239750594681
26;2025-09-07;7;278.3335858845784
26;2025-09-07;8;392.638559193538
26;2025-09-07;9;497.88407880728937
26;2025-09-07;10;590.6993748842308
26;2025-09-07;11;729.4447733400109
26;2025-09-07;12;775.7984599493332
26;2025-09-07;13;794.2604697963841
26;2025-09-07;14;791.8701933259276
26;2025-09-07;15;758.5552896341753
26;2025-09-07;16;741.35418849893
26;2025-09-07;17;774.0529521106673
26;2025-09-07;18;759.564682002783
26;2025-09-07;19;635.8713768229002
26;2025-09-07;20;446.5252033727827
26;2025-09-07;21;321.8689638597201
26;2025-09-07;22;213.17578310708313
26;2025-09-07;23;113.0392493910594
26;2025-09-08;0;42.60499432773229
26;2025-09-08;1;0.0
26;2025-09-08;2;0.0
26;2025-09-08;3;0.0
26;2025-09-08;4;0.0
26;2025-09-08;5;52.91303523903553
26;2025-09-08;6;504.2927248809402
26;2025-09-08;7;1012.384959416783
26;2025-09-08;8;1785.3365314721518
26;2025-09-08;9;1360.2079924771024
26;2025-09-08;10;1150.2950969124893
26;2025-09-08;11;1006.3694098300246
26;2025-09-08;12;972.1387309878493
26;2025-09-08;13;1086.1887725742613
26;2025-09-08;14;1057.0721759023509
26;2025-09-08;15;1076.8273259255916
26;2025-09-08;16;1180.351015699227
26;2025-09-08;17;1562.8235794618613
26;2025-09-08;18;1754.5926347015752
26;2025-09-08;19;1237.500165588085
26;2025-09-08;20;797.0894135454018
26;2025-09-08;21;430.5691919146366
26;2025-09-08;22;247.42230471042126
26;2025-09-08;23;107.49119074486987
26;2025-09-09;0;29.949784421695462
26;2025-09-09;1;0.0
26;2025-09-09;2;0.0
26;2025-09-09;3;0.0
26;2025-09-09;4;0.0
26;2025-09-09;5;59.80201263468737
26;2025-09-09;6;519.0423499571515
26;2025-09-09;7;1038.8951625798404
26;2025-09-09;8;1955.038072578116
26;2025-09-09;9;1351.0107602106461
26;2025-09-09;10;1101.3300367274808
26;2025-09-09;11;1025.8324492414054
26;2025-09-09;12;1041.6346366197295
26;2025-09-09;13;1001.201179991233
26;2025-09-09;14;1129.966292328993
26;2025-09-09;15;1152.0280855591238
26;2025-09-09;16;1307.0996136645604
26;2025-09-09;17;1626.5323928251669
26;2025-09-09;18;1876.4400547239165
26;2025-09-09;19;1292.4256732565048
26;2025-09-09;20;755.9344870119013
26;2025-09-09;21;456.71008687378446
26;2025-09-09;22;228.7379760908545
26;2025-09-09;23;104.07189253743087
26;2025-09-10;0;33.13477472347515
26;2025-09-10;1;0.0
26;2025-09-10;2;0.0
26;2025-09-10;3;0.0
26;2025-09-10;4;0.0
26;2025-09-10;5;67.38090023592011
26;2025-09-10;6;529.7253613625116
26;2025-09-10;7;1059.7599728780974
26;2025-09-10;8;2021.251052413379
26;2025-09-10;9;1374.1660160658676
26;2025-09-10;10;1102.2469126668102
26;2025-09-10;11;1028.9644059670575
26;2025-09-10;12;1054.8908980351566
26;2025-09-10;13;1107.9259446579167
26;2025-09-10;14;1135.2384752088328
26;2025-09-10;15;1246.5609672191258
26;2025-09-10;16;1277.798656438714
26;2025-09-10;17;1566.9637323051652
26;2025-09-10;18;1838.9796369105834
26;2025-09-10;19;1244.3349257747873
26;2025-09-10;20;780.4004120027234
26;2025-09-10;21;439.80777864839337
26;2025-09-10;22;246.69577916048192
26;2025-09-10;23;121.71065024141025
26;2025-09-11;0;37.2088728578837
26;2025-09-11;1;0.0
26;2025-09-11;2;0.0
26;2025-09-11;3;0.0
26;2025-09-11;4;0.0
26;2025-09-11;5;61.95262212839907
26;2025-09-11;6;591.0042253469028
26;2025-09-11;7;1058.0703886898445
26;2025-09-11;8;1882.9229074488187
26;2025-09-11;9;1388.7494699715735
26;2025-09-11;10;1152.8333672814301
26;2025-09-11;11;1070.9360923426198
26;2025-09-11;12;1076.8702243866633
26;2025-09-11;13;1065.781417757462
26;2025-09-11;14;1079.6673299235308
26;2025-09-11;15;1176.4594562555526
26;2025-09-11;16;1335.0283773747203
26;2025-09-11;17;1589.9441605653715
26;2025-09-11;18;1872.3073511026637
26;2025-09-11;19;1323.7624559435246
26;2025-09-11;20;805.0085282132751
26;2025-09-11;21;491.3177601759611
26;2025-09-11;22;266.77720661836105
26;2025-09-11;23;134.26091047140946
26;2025-09-12;0;37.79083276402794
26;2025-09-12;1;0.0
26;2025-09-12;2;0.0
26;2025-09-12;3;0.0
26;2025-09-12;4;0.0
26;2025-09-12;5;59.72270959888044
26;2025-09-12;6;565.3394139386057
26;2025-09-12;7;996.7419676505574
26;2025-09-12;8;1766.3400979042449
26;2025-09-12;9;1314.6297977605482
26;2025-09-12;10;1095.6039607246248
26;2025-09-12;11;1032.98013621474
26;2025-09-12;12;1069.8110602885865
26;2025-09-12;13;1084.0101170402502
26;2025-09-12;14;1092.2304643680689
26;2025-09-12;15;1203.2286672012763
26;2025-09-12;16;1434.0142369059442
26;2025-09-12;17;1551.796566775719
26;2025-09-12;18;1409.5343023055993
26;2025-09-12;19;1109.4515414584052
26;2025-09-12;20;728.923981810034
26;2025-09-12;21;444.21113934129664
26;2025-09-12;22;255.57958771464058
26;2025-09-12;23;148.82710051248142
26;2025-09-13;0;45.896762033726645
26;2025-09-13;1;0.0
26;2025-09-13;2;0.0
26;2025-09-13;3;0.0
26;2025-09-13;4;0.0
26;2025-09-13;5;34.96469447325566
26;2025-09-13;6;298.9770642065133
26;2025-09-13;7;375.7567303776633
26;2025-09-13;8;531.7030443858313
26;2025-09-13;9;622.884114682557
26;2025-09-13;10;728.5600959815807
26;2025-09-13;11;851.7988127446467
26;2025-09-13;12;889.7208581525108
26;2025-09-13;13;901.3528246298969
26;2025-09-13;14;906.0465099391182
26;2025-09-13;15;853.7194554700859
26;2025-09-13;16;848.2626491647172
26;2025-09-13;17;856.2759509191269
26;2025-09-13;18;862.6853003026918
26;2025-09-13;19;789.0062764659133
26;2025-09-13;20;523.195891690453
26;2025-09-13;21;364.5540678991682
26;2025-09-13;22;228.95873284054755
26;2025-09-13;23;136.73409195396945
26;2025-09-14;0;49.75114663620295
26;2025-09-14;1;0.0
26;2025-09-14;2;0.0
26;2025-09-14;3;0.0
26;2025-09-14;4;0.0
26;2025-09-14;5;25.719082855413614
26;2025-09-14;6;190.5713883418791
26;2025-09-14;7;279.0388043871287
26;2025-09-14;8;397.0764138361042
26;2025-09-14;9;497.45551762656146
26;2025-09-14;10;589.599378919333
26;2025-09-14;11;727.0070610684568
26;2025-09-14;12;775.5848166837945
26;2025-09-14;13;794.6881561201201
26;2025-09-14;14;793.8012324881909
26;2025-09-14;15;762.6651992071245
26;2025-09-14;16;750.4132401191576
26;2025-09-14;17;778.9991179946612
26;2025-09-14;18;763.0857060192784
26;2025-09-14;19;638.0345290682881
26;2025-09-14;20;445.74213395908106
26;2025-09-14;21;320.6669743363516
26;2025-09-14;22;210.2527250232459
26;2025-09-14;23;112.90294152348787
26;2025-09-15;0;42.75695770802455
26;2025-09-15;1;0.0
26;2025-09-15;2;0.0
26;2025-09-15;3;0.0
26;2025-09-15;4;0.0
26;2025-09-15;5;52.46092056455473
26;2025-09-15;6;504.60228043225214
26;2025-09-15;7;1018.5264262546141
26;2025-09-15;8;1806.942979638614
26;2025-09-15;9;1366.4614174155245
26;2025-09-15;10;1154.1042177291952
26;2025-09-15;11;1007.4837341334337
26;2025-09-15;12;971.6350857632362
26;2025-09-15;13;1087.3403282065292
26;2025-09-15;14;1058.7977848941898
26;2025-09-15;15;1081.7936722600439
26;2025-09-15;16;1191.0738329799242
26;2025-09-15;17;1576.3589795835246
26;2025-09-15;18;1766.0737642413555
26;2025-09-15;19;1245.2137801708932
26;2025-09-15;20;800.1517191468389
26;2025-09-15;21;433.52440928123906
26;2025-09-15;22;248.80957593190112
26;2025-09-15;23;108.13706338457072
26;2025-09-16;0;30.64434363512877
26;2025-09-16;1;0.0
26;2025-09-16;2;0.0
26;2025-09-16;3;0.0
26;2025-09-16;4;0.0
26;2025-09-16;5;60.77699299642844
26;2025-09-16;6;528.0786602544525
26;2025-09-16;7;1059.6174079711716
26;2025-09-16;8;1999.4680182446366
26;2025-09-16;9;1376.3815207895748
26;2025-09-16;10;1123.9021768481941
26;2025-09-16;11;1046.3303115235537
26;2025-09-16;12;1062.8646809124639
26;2025-09-16;13;1024.4353713446485
26;2025-09-16;14;1156.6599376114418
26;2025-09-16;15;1181.6921061468533
26;2025-09-16;16;1337.6488785995098
26;2025-09-16;17;1661.5060863347621
26;2025-09-16;18;1926.5371436197524
26;2025-09-16;19;1327.9219581890811
26;2025-09-16;20;772.5514840653241
26;2025-09-16;21;467.2596325087143
26;2025-09-16;22;234.25841673913328
26;2025-09-16;23;107.25232351762642
26;2025-09-17;0;33.27772918080922
26;2025-09-17;1;0.0
26;2025-09-17;2;0.0
26;2025-09-17;3;0.0
26;2025-09-17;4;0.0
26;2025-09-17;5;67.78677125860816
26;2025-09-17;6;534.4883017125167
26;2025-09-17;7;1069.2508458311077
26;2025-09-17;8;2037.091632805311
26;2025-09-17;9;1384.8366471260817
26;2025-09-17;10;1110.5031272216465
26;2025-09-17;11;1035.6214571220826
26;2025-09-17;12;1060.6350867521396
26;2025-09-17;13;1113.0550957459639
26;2025-09-17;14;1138.7730700756038
26;2025-09-17;15;1251.075176956203
26;2025-09-17;16;1286.0897457462656
26;2025-09-17;17;1580.942857555304
26;2025-09-17;18;1853.6618413464907
26;2025-09-17;19;1254.0340819844164
26;2025-09-17;20;783.834255787036
26;2025-09-17;21;442.4951688440267
26;2025-09-17;22;247.35266987865216
26;2025-09-17;23;122.92980425588419
26;2025-09-18;0;37.06183065620826
26;2025-09-18;1;0.0
26;2025-09-18;2;0.0
26;2025-09-18;3;0.0
26;2025-09-18;4;0.0
26;2025-09-18;5;62.36488297561786
26;2025-09-18;6;590.2939037017243
26;2025-09-18;7;1057.233543323521
26;2025-09-18;8;1876.2193081816745
26;2025-09-18;9;1383.5967990963045
26;2025-09-18;10;1145.1440722198158
26;2025-09-18;11;1061.0185369098601
26;2025-09-18;12;1064.182608979098
26;2025-09-18;13;1050.5993229791889
26;2025-09-18;14;1063.4586495692638
26;2025-09-18;15;1161.177116563032
26;2025-09-18;16;1329.341213717009
26;2025-09-18;17;1592.507825109218
26;2025-09-18;18;1859.5663073925452
26;2025-09-18;19;1314.631436102297
26;2025-09-18;20;796.2426683010444
26;2025-09-18;21;486.6013506329808
26;2025-09-18;22;262.63263517523893
26;2025-09-18;23;133.4867672725756
26;2025-09-19;0;36.00375493437237
26;2025-09-19;1;0.0
26;2025-09-19;2;0.0
26;2025-09-19;3;0.0
26;2025-09-19;4;0.0
26;2025-09-19;5;57.44407162085625
26;2025-09-19;6;539.3880033790656
26;2025-09-19;7;952.4623741575556
26;2025-09-19;8;1680.9841381785018
26;2025-09-19;9;1248.240962441761
26;2025-09-19;10;1034.9441591192249
26;2025-09-19;11;967.9365555822542
26;2025-09-19;12;996.8591941320478
26;2025-09-19;13;1003.456057545528
26;2025-09-19;14;1007.6048151984357
26;2025-09-19;15;1112.0107160191778
26;2025-09-19;16;1344.6025442612295
26;2025-09-19;17;1470.8212182572145
26;2025-09-19;18;1348.0784379854417
26;2025-09-19;19;1059.6581923137649
26;2025-09-19;20;693.3870871295271
26;2025-09-19;21;422.6047382994832
26;2025-09-19;22;241.74946277997913
26;2025-09-19;23;141.7588054985877
26;2025-09-20;0;45.39873383316836
26;2025-09-20;1;0.0
26;2025-09-20;2;0.0
26;2025-09-20;3;0.0
26;2025-09-20;4;0.0
26;2025-09-20;5;34.46929624983822
26;2025-09-20;6;294.91116484360543
26;2025-09-20;7;370.9439959980764
26;2025-09-20;8;526.221569855737
26;2025-09-20;9;615.5947932781742
26;2025-09-20;10;720.4846387413043
26;2025-09-20;11;843.4860218628
26;2025-09-20;12;881.850577338208
26;2025-09-20;13;893.5190069743173
26;2025-09-20;14;898.2388866740605
26;2025-09-20;15;846.1936169872446
26;2025-09-20;16;841.0879665183204
26;2025-09-20;17;847.2589035851433
26;2025-09-20;18;848.6403871888581
26;2025-09-20;19;777.0436736327285
26;2025-09-20;20;510.99383676174625
26;2025-09-20;21;358.05239358262907
26;2025-09-20;22;226.67216078357671
26;2025-09-20;23;134.71409136524414
26;2025-09-21;0;49.95650491055528
26;2025-09-21;1;0.0
26;2025-09-21;2;0.0
26;2025-09-21;3;0.0
26;2025-09-21;4;0.0
26;2025-09-21;5;25.421481613752952
26;2025-09-21;6;189.43457908532034
26;2025-09-21;7;278.6076533564269
26;2025-09-21;8;399.9149289667131
26;2025-09-21;9;500.94703860894987
26;2025-09-21;10;595.2700729668289
26;2025-09-21;11;735.3813398794531
26;2025-09-21;12;785.3449751967771
26;2025-09-21;13;804.310071247223
26;2025-09-21;14;802.3670955439186
26;2025-09-21;15;770.0007262645554
26;2025-09-21;16;756.7771176829231
26;2025-09-21;17;783.5408652231138
26;2025-09-21;18;763.2413307924979
26;2025-09-21;19;635.65879424512
26;2025-09-21;20;441.8013953975998
26;2025-09-21;21;319.7458060602405
26;2025-09-21;22;212.0390025633043
26;2025-09-21;23;112.68216446867581
26;2025-09-22;0;44.60090232233202
26;2025-09-22;1;0.0
26;2025-09-22;2;0.0
26;2025-09-22;3;0.0
26;2025-09-22;4;0.0
26;2025-09-22;5;53.44000488692675
26;2025-09-22;6;509.852996079165
26;2025-09-22;7;1024.8391877261506
26;2025-09-22;8;1808.8418736272115
26;2025-09-22;9;1377.5884908318371
26;2025-09-22;10;1163.3430630771168
26;2025-09-22;11;1016.4698845518499
26;2025-09-22;12;980.5549002922685
26;2025-09-22;13;1094.7790465640855
26;2025-09-22;14;1065.0153916465754
26;2025-09-22;15;1088.2257036901547
26;2025-09-22;16;1195.5075407523336
26;2025-09-22;17;1597.6252822091055
26;2025-09-22;18;1783.7808003584046
26;2025-09-22;19;1258.0840902923187
26;2025-09-22;20;814.6304403895738
26;2025-09-22;21;449.99549255095064
26;2025-09-22;22;256.79291922495185
26;2025-09-22;23;112.28299129885507
26;2025-09-23;0;29.745749573503662
26;2025-09-23;1;0.0
26;2025-09-23;2;0.0
26;2025-09-23;3;0.0
26;2025-09-23;4;0.0
26;2025-09-23;5;58.27956964882013
26;2025-09-23;6;509.7453050068953
26;2025-09-23;7;1027.8254234594356
26;2025-09-23;8;1947.5329933258568
26;2025-09-23;9;1327.5794506433306
26;2025-09-23;10;1081.4039918019475
26;2025-09-23;11;1001.4926933518843
26;2025-09-23;12;1014.1810529713289
26;2025-09-23;13;971.8245325677196
26;2025-09-23;14;1098.28209949046
26;2025-09-23;15;1122.830748839535
26;2025-09-23;16;1283.5346054424772
26;2025-09-23;17;1607.3269353488379
26;2025-09-23;18;1879.582848306272
26;2025-09-23;19;1288.0357057487718
26;2025-09-23;20;743.9048162213205
26;2025-09-23;21;448.81984696141996
26;2025-09-23;22;223.7756998993296
26;2025-09-23;23;103.69128673164876
26;2025-09-24;0;31.945941188968636
26;2025-09-24;1;0.0
26;2025-09-24;2;0.0
26;2025-09-24;3;0.0
26;2025-09-24;4;0.0
26;2025-09-24;5;67.613824492144
26;2025-09-24;6;529.6685798377209
26;2025-09-24;7;1064.8219191499936
26;2025-09-24;8;2039.0922626382799
26;2025-09-24;9;1375.293263898155
26;2025-09-24;10;1102.9406640955985
26;2025-09-24;11;1027.6339012020076
26;2025-09-24;12;1052.5184957486176
26;2025-09-24;13;1105.9077627338015
26;2025-09-24;14;1133.2723515250889
26;2025-09-24;15;1247.0962658280855
26;2025-09-24;16;1280.9229951699187
26;2025-09-24;17;1571.1072986551635
26;2025-09-24;18;1851.4987831211693
26;2025-09-24;19;1249.0542545839112
26;2025-09-24;20;777.1049169916917
26;2025-09-24;21;433.23771243571946
26;2025-09-24;22;237.43125983680443
26;2025-09-24;23;121.26519111319575
26;2025-09-25;0;34.374974712830415
26;2025-09-25;1;0.0
26;2025-09-25;2;0.0
26;2025-09-25;3;0.0
26;2025-09-25;4;0.0
26;2025-09-25;5;61.65499585515326
26;2025-09-25;6;586.4171533513846
26;2025-09-25;7;1057.1964142043048
26;2025-09-25;8;1895.0995315248979
26;2025-09-25;9;1385.479459924842
26;2025-09-25;10;1149.9858563749603
26;2025-09-25;11;1066.8185776445412
26;2025-09-25;12;1071.6323575898136
26;2025-09-25;13;1060.8121528013428
26;2025-09-25;14;1074.937419342716
26;2025-09-25;15;1175.0723046822059
26;2025-09-25;16;1338.6342808823028
26;2025-09-25;17;1599.419983802769
26;2025-09-25;18;1878.4787415329777
26;2025-09-25;19;1321.7126512197237
26;2025-09-25;20;796.8305908902208
26;2025-09-25;21;481.05059201377196
26;2025-09-25;22;254.70596774448254
26;2025-09-25;23;132.14833342417944
26;2025-09-26;0;36.61065048262016
26;2025-09-26;1;0.0
26;2025-09-26;2;0.0
26;2025-09-26;3;0.0
26;2025-09-26;4;0.0
26;2025-09-26;5;59.635430550629536
26;2025-09-26;6;566.4547612950196
26;2025-09-26;7;1002.7924769993167
26;2025-09-26;8;1788.037128326337
26;2025-09-26;9;1324.5837927148439
26;2025-09-26;10;1105.7904744649004
26;2025-09-26;11;1043.822705905442
26;2025-09-26;12;1081.9683599539694
26;2025-09-26;13;1097.8558552419238
26;2025-09-26;14;1106.1806346136198
26;2025-09-26;15;1219.2319088653164
26;2025-09-26;16;1453.3622883700875
26;2025-09-26;17;1564.0786926764358
26;2025-09-26;18;1421.669727626342
26;2025-09-26;19;1113.7943940324292
26;2025-09-26;20;731.2284277792724
26;2025-09-26;21;444.8190537682673
26;2025-09-26;22;253.2335180261661
26;2025-09-26;23;148.0825763062093
26;2025-09-27;0;43.897403838420146
26;2025-09-27;1;0.0
26;2025-09-27;2;0.0
26;2025-09-27;3;0.0
26;2025-09-27;4;0.0
26;2025-09-27;5;33.94585151885759
26;2025-09-27;6;287.49204659430643
26;2025-09-27;7;363.25456362127704
26;2025-09-27;8;516.8544698919712
26;2025-09-27;9;603.4968780980022
26;2025-09-27;10;700.2253105990387
26;2025-09-27;11;812.8296210707995
26;2025-09-27;12;846.420642484037
26;2025-09-27;13;856.1431485406874
26;2025-09-27;14;857.5523769183214
26;2025-09-27;15;807.3071271971944
26;2025-09-27;16;804.5749604987234
26;2025-09-27;17;812.5281572009612
26;2025-09-27;18;816.1880106996132
26;2025-09-27;19;749.7283071003278
26;2025-09-27;20;500.1293557008732
26;2025-09-27;21;353.66862021609444
26;2025-09-27;22;221.35035706650768
26;2025-09-27;23;130.08535349416303
26;2025-09-28;0;49.09233459505254
26;2025-09-28;1;0.0
26;2025-09-28;2;0.0
26;2025-09-28;3;0.0
26;2025-09-28;4;0.0
26;2025-09-28;5;25.170691074296286
26;2025-09-28;6;189.37121042193937
26;2025-09-28;7;278.3633471714653
26;2025-09-28;8;400.4679173654854
26;2025-09-28;9;500.8504247025197
26;2025-09-28;10;592.9520838231522
26;2025-09-28;11;730.8316505062039
26;2025-09-28;12;779.3663721188931
26;2025-09-28;13;797.7051273713267
26;2025-09-28;14;796.0189895436715
26;2025-09-28;15;764.9362533549025
26;2025-09-28;16;754.6022405125245
26;2025-09-28;17;785.6887784237813
26;2025-09-28;18;763.0079395117355
26;2025-09-28;19;634.2072834137667
26;2025-09-28;20;441.38782656667513
26;2025-09-28;21;314.6450979922577
26;2025-09-28;22;205.3093944598136
26;2025-09-28;23;112.06824102242818
26;2025-09-29;0;40.350496894604376
26;2025-09-29;1;0.0
26;2025-09-29;2;0.0
26;2025-09-29;3;0.0
26;2025-09-29;4;0.0
26;2025-09-29;5;52.226808821774824
26;2025-09-29;6;504.1080734166726
26;2025-09-29;7;1022.1808283612194
26;2025-09-29;8;1820.2703744184419
26;2025-09-29;9;1370.26231627586
26;2025-09-29;10;1157.5399439850726
26;2025-09-29;11;1010.6874160826853
26;2025-09-29;12;975.0186357083273
26;2025-09-29;13;1092.708358946082
26;2025-09-29;14;1065.3878999332796
26;2025-09-29;15;1091.0775977712449
26;2025-09-29;16;1201.1475574562191
26;2025-09-29;17;1592.978888575934
26;2025-09-29;18;1782.3138164294708
26;2025-09-29;19;1254.2595843995123
26;2025-09-29;20;802.9457637348298
26;2025-09-29;21;430.1139262588429
26;2025-09-29;22;241.5493016327558
26;2025-09-29;23;107.65924814266869
26;2025-09-30;0;29.572892413444876
26;2025-09-30;1;0.0
26;2025-09-30;2;0.0
26;2025-09-30;3;0.0
26;2025-09-30;4;0.0
26;2025-09-30;5;59.88469941491209
26;2025-09-30;6;527.0511300126495
26;2025-09-30;7;1067.8179669100286
26;2025-09-30;8;2027.2679838556296
26;2025-09-30;9;1377.9264223628425
26;2025-09-30;10;1123.4996624368487
26;2025-09-30;11;1045.5077572558357
26;2025-09-30;12;1061.8539031284581
26;2025-09-30;13;1024.6899854013168
26;2025-09-30;14;1161.9795463548387
26;2025-09-30;15;1190.826070819442
26;2025-09-30;16;1353.3406189140305
26;2025-09-30;17;1683.4974389874842
26;2025-09-30;18;1949.9971289249381
26;2025-09-30;19;1338.7213676029155
26;2025-09-30;20;773.6793028295958
26;2025-09-30;21;461.9318863324878
26;2025-09-30;22;225.01742786864924
26;2025-09-30;23;103.6290163771205
26;2025-10-01;0;31.620469275990278
26;2025-10-01;1;0.0
26;2025-10-01;2;0.0
26;2025-10-01;3;0.0
26;2025-10-01;4;0.0
26;2025-10-01;5;67.63507478351937
26;2025-10-01;6;533.9680325253203
26;2025-10-01;7;1075.505562039089
26;2025-10-01;8;2056.592987405611
26;2025-10-01;9;1384.8070418027737
26;2025-10-01;10;1105.835480333597
26;2025-10-01;11;1029.7508275396601
26;2025-10-01;12;1053.5458013311886
26;2025-10-01;13;1108.5895796151617
26;2025-10-01;14;1137.2645914204209
26;2025-10-01;15;1252.834395981628
26;2025-10-01;16;1293.091591306412
26;2025-10-01;17;1598.599006868158
26;2025-10-01;18;1871.4487719703254
26;2025-10-01;19;1261.748987624254
26;2025-10-01;20;783.6450428141991
26;2025-10-01;21;437.3290889936146
26;2025-10-01;22;239.1843045335626
26;2025-10-01;23;119.52291920751452
26;2025-10-02;0;35.100731724239544
26;2025-10-02;1;0.0
26;2025-10-02;2;0.0
26;2025-10-02;3;0.0
26;2025-10-02;4;0.0
26;2025-10-02;5;62.37014906928013
26;2025-10-02;6;595.5935984574828
26;2025-10-02;7;1073.513879875164
26;2025-10-02;8;1915.6448560910824
26;2025-10-02;9;1398.901843594053
26;2025-10-02;10;1158.8681349134465
26;2025-10-02;11;1076.0316193802992
26;2025-10-02;12;1082.9120473835592
26;2025-10-02;13;1075.6491511122672
26;2025-10-02;14;1091.8906471521373
26;2025-10-02;15;1193.6681042857163
26;2025-10-02;16;1356.2305212925935
26;2025-10-02;17;1615.7963341775517
26;2025-10-02;18;1909.7314912935435
26;2025-10-02;19;1344.1326789340183
26;2025-10-02;20;809.1462108359922
26;2025-10-02;21;488.16467741975526
26;2025-10-02;22;258.37122995446924
26;2025-10-02;23;134.1276234992601
26;2025-10-03;0;36.286831211357466
26;2025-10-03;1;0.0
26;2025-10-03;2;0.0
26;2025-10-03;3;0.0
26;2025-10-03;4;0.0
26;2025-10-03;5;58.70186173177014
26;2025-10-03;6;561.5151794041253
26;2025-10-03;7;996.0234812628846
26;2025-10-03;8;1772.9255099906773
26;2025-10-03;9;1311.3382773053772
26;2025-10-03;10;1090.856180069428
26;2025-10-03;11;1026.6807509898208
26;2025-10-03;12;1062.3085281057708
26;2025-10-03;13;1081.2478618919477
26;2025-10-03;14;1088.011308955983
26;2025-10-03;15;1200.241920855458
26;2025-10-03;16;1439.5257210541836
26;2025-10-03;17;1560.4112759849625
26;2025-10-03;18;1422.472452555316
26;2025-10-03;19;1103.037305397315
26;2025-10-03;20;724.3815540482444
26;2025-10-03;21;436.08654335327196
26;2025-10-03;22;245.0566647998828
26;2025-10-03;23;146.05605956137128
26;2025-10-04;0;46.49385343560797
26;2025-10-04;1;0.0
26;2025-10-04;2;0.0
26;2025-10-04;3;0.0
26;2025-10-04;4;0.0
26;2025-10-04;5;35.239039087490866
26;2025-10-04;6;301.4436663929498
26;2025-10-04;7;372.92859690889946
26;2025-10-04;8;536.1159114053773
26;2025-10-04;9;641.6934950299566
26;2025-10-04;10;750.9549497447092
26;2025-10-04;11;877.8581967899253
26;2025-10-04;12;924.819693089994
26;2025-10-04;13;940.1218061033828
26;2025-10-04;14;940.0097727231298
26;2025-10-04;15;884.1197007124451
26;2025-10-04;16;871.5060532393205
26;2025-10-04;17;876.9194427446068
26;2025-10-04;18;880.9436808767138
26;2025-10-04;19;800.2099347701524
26;2025-10-04;20;531.853352746145
26;2025-10-04;21;371.25480022296665
26;2025-10-04;22;232.69757685677433
26;2025-10-04;23;139.3636507719142
26;2025-10-05;0;47.82690631292605
26;2025-10-05;1;0.0
26;2025-10-05;2;0.0
26;2025-10-05;3;0.0
26;2025-10-05;4;0.0
26;2025-10-05;5;25.29169270964029
26;2025-10-05;6;186.3294847597773
26;2025-10-05;7;270.0007383106888
26;2025-10-05;8;388.56031867093
26;2025-10-05;9;494.7159327235289
26;2025-10-05;10;582.8335058107134
26;2025-10-05;11;715.78668786363
26;2025-10-05;12;768.1993843654371
26;2025-10-05;13;788.4142297345948
26;2025-10-05;14;782.1141677589673
26;2025-10-05;15;748.362593766144
26;2025-10-05;16;734.1421766230787
26;2025-10-05;17;760.1490107589984
26;2025-10-05;18;738.3010960781511
26;2025-10-05;19;613.4365397058475
26;2025-10-05;20;429.64222356911034
26;2025-10-05;21;308.3028890674134
26;2025-10-05;22;201.74485650743827
26;2025-10-05;23;109.57862448749833
26;2025-10-06;0;39.91287681332936
26;2025-10-06;1;0.0
26;2025-10-06;2;0.0
26;2025-10-06;3;0.0
26;2025-10-06;4;0.0
26;2025-10-06;5;50.235505709858074
26;2025-10-06;6;480.6634667176534
26;2025-10-06;7;982.2021152220871
26;2025-10-06;8;1763.5878292563439
26;2025-10-06;9;1324.0894436901588
26;2025-10-06;10;1115.3315443881752
26;2025-10-06;11;968.532524889114
26;2025-10-06;12;927.8281384045197
26;2025-10-06;13;1033.561499514075
26;2025-10-06;14;998.101212617165
26;2025-10-06;15;1017.3610327648487
26;2025-10-06;16;1134.7671079336308
26;2025-10-06;17;1516.9118711465835
26;2025-10-06;18;1723.1127905201488
26;2025-10-06;19;1202.784830954868
26;2025-10-06;20;766.0349581383712
26;2025-10-06;21;412.5881812377479
26;2025-10-06;22;234.96550258577196
26;2025-10-06;23;105.27773969487379
26;2025-10-07;0;29.453176675178142
26;2025-10-07;1;0.0
26;2025-10-07;2;0.0
26;2025-10-07;3;0.0
26;2025-10-07;4;0.0
26;2025-10-07;5;58.06460201358812
26;2025-10-07;6;508.5472214394549
26;2025-10-07;7;1035.4494817844354
26;2025-10-07;8;1988.8560336810551
26;2025-10-07;9;1351.556649046785
26;2025-10-07;10;1102.18540034945
26;2025-10-07;11;1021.5230481543367
26;2025-10-07;12;1032.7682083370369
26;2025-10-07;13;990.6048157849941
26;2025-10-07;14;1114.498688850039
26;2025-10-07;15;1138.1319691433182
26;2025-10-07;16;1311.335474581002
26;2025-10-07;17;1636.1131892270287
26;2025-10-07;18;1901.6943504214732
26;2025-10-07;19;1301.1039238404376
26;2025-10-07;20;746.4510585763999
26;2025-10-07;21;449.128085208138
26;2025-10-07;22;223.30549851374064
26;2025-10-07;23;104.44738850466888
26;2025-10-08;0;32.349929184638334
26;2025-10-08;1;0.0
26;2025-10-08;2;0.0
26;2025-10-08;3;0.0
26;2025-10-08;4;0.0
26;2025-10-08;5;67.6022736559706
26;2025-10-08;6;533.4641259446762
26;2025-10-08;7;1079.685419039059
26;2025-10-08;8;2085.8857377639133
26;2025-10-08;9;1414.256461178998
26;2025-10-08;10;1133.0803755159857
26;2025-10-08;11;1056.2768479111205
26;2025-10-08;12;1077.8254594511823
26;2025-10-08;13;1128.4676805707923
26;2025-10-08;14;1148.7307540252343
26;2025-10-08;15;1261.9122828816512
26;2025-10-08;16;1317.2405331659493
26;2025-10-08;17;1623.0033189095675
26;2025-10-08;18;1870.7544653503774
26;2025-10-08;19;1259.833513153551
26;2025-10-08;20;779.4681668947462
26;2025-10-08;21;437.1855518999788
26;2025-10-08;22;241.9207739338219
26;2025-10-08;23;121.8776292605321
26;2025-10-09;0;36.22989547105843
26;2025-10-09;1;0.0
26;2025-10-09;2;0.0
26;2025-10-09;3;0.0
26;2025-10-09;4;0.0
26;2025-10-09;5;61.83129129217306
26;2025-10-09;6;593.0214793611337
26;2025-10-09;7;1076.2239811335426
26;2025-10-09;8;1954.8886427583875
26;2025-10-09;9;1429.5900598350322
26;2025-10-09;10;1188.6851110307061
26;2025-10-09;11;1105.10746933037
26;2025-10-09;12;1109.1312416471767
26;2025-10-09;13;1099.3037541365811
26;2025-10-09;14;1107.970188343053
26;2025-10-09;15;1208.585099778957
26;2025-10-09;16;1384.8435673493977
26;2025-10-09;17;1643.1862019501123
26;2025-10-09;18;1920.1809083426024
26;2025-10-09;19;1350.2804470367148
26;2025-10-09;20;810.4988217259638
26;2025-10-09;21;493.3827274135442
26;2025-10-09;22;264.3944866210585
26;2025-10-09;23;136.03285823487073
26;2025-10-10;0;36.77602470628639
26;2025-10-10;1;0.0
26;2025-10-10;2;0.0
26;2025-10-10;3;0.0
26;2025-10-10;4;0.0
26;2025-10-10;5;58.58491437776122
26;2025-10-10;6;561.2569824268207
26;2025-10-10;7;1000.2674044383235
26;2025-10-10;8;1799.907064225144
26;2025-10-10;9;1337.3671045699516
26;2025-10-10;10;1112.9039151129336
26;2025-10-10;11;1045.9950634528147
26;2025-10-10;12;1077.475341977794
26;2025-10-10;13;1092.172791075182
26;2025-10-10;14;1092.1152799520187
26;2025-10-10;15;1204.115840182578
26;2025-10-10;16;1464.115583554184
26;2025-10-10;17;1583.68364646947
26;2025-10-10;18;1424.7540232075091
26;2025-10-10;19;1099.8132272037533
26;2025-10-10;20;719.634206076883
26;2025-10-10;21;437.45176424045917
26;2025-10-10;22;246.1704915278504
26;2025-10-10;23;146.8011698879327
26;2025-10-11;0;44.23302481757618
26;2025-10-11;1;0.0
26;2025-10-11;2;0.0
26;2025-10-11;3;0.0
26;2025-10-11;4;0.0
26;2025-10-11;5;33.9214815587199
26;2025-10-11;6;290.40832701822546
26;2025-10-11;7;362.9104653861123
26;2025-10-11;8;522.0640591838317
26;2025-10-11;9;617.8227978814947
26;2025-10-11;10;721.005381035059
26;2025-10-11;11;842.1160205390323
26;2025-10-11;12;886.5899793546762
26;2025-10-11;13;900.2523377535792
26;2025-10-11;14;900.2833729542676
26;2025-10-11;15;845.834647849139
26;2025-10-11;16;842.9069792065503
26;2025-10-11;17;837.0932534277339
26;2025-10-11;18;828.9612768905381
26;2025-10-11;19;756.623363522998
26;2025-10-11;20;500.69964113217236
26;2025-10-11;21;348.82413467162723
26;2025-10-11;22;217.3213625178157
26;2025-10-11;23;131.66835658118194
26;2025-10-12;0;46.98378795892858
26;2025-10-12;1;0.0
26;2025-10-12;2;0.0
26;2025-10-12;3;0.0
26;2025-10-12;4;0.0
26;2025-10-12;5;24.65014762455887
26;2025-10-12;6;182.92215989170586
26;2025-10-12;7;268.5438236495451
26;2025-10-12;8;386.893375891356
26;2025-10-12;9;485.9682991730484
26;2025-10-12;10;577.7566828932834
26;2025-10-12;11;709.1017995312334
26;2025-10-12;12;762.2648051663948
26;2025-10-12;13;785.7542668474541
26;2025-10-12;14;782.1229499820759
26;2025-10-12;15;751.9442670533754
26;2025-10-12;16;740.4606795394949
26;2025-10-12;17;756.7281850894758
26;2025-10-12;18;726.0287309961229
26;2025-10-12;19;602.2481925818385
26;2025-10-12;20;422.193227836559
26;2025-10-12;21;305.75081940849793
26;2025-10-12;22;197.91716614180643
26;2025-10-12;23;107.49202033030079
26;2025-10-13;0;36.79205110267013
26;2025-10-13;1;0.0
26;2025-10-13;2;0.0
26;2025-10-13;3;0.0
26;2025-10-13;4;0.0
26;2025-10-13;5;47.93494962982664
26;2025-10-13;6;463.9270300737146
26;2025-10-13;7;950.5721357021464
26;2025-10-13;8;1702.5773400921871
26;2025-10-13;9;1260.0596153845509
26;2025-10-13;10;1052.7812485979193
26;2025-10-13;11;910.3903613654787
26;2025-10-13;12;869.3032146495848
26;2025-10-13;13;966.9156546462178
26;2025-10-13;14;937.42305861874
26;2025-10-13;15;953.8608063403276
26;2025-10-13;16;1085.9165357951213
26;2025-10-13;17;1454.6611959911304
26;2025-10-13;18;1632.3751238175807
26;2025-10-13;19;1137.1548858735703
26;2025-10-13;20;714.1489351905957
26;2025-10-13;21;381.45599993489054
26;2025-10-13;22;211.7609295923508
26;2025-10-13;23;97.23968099569012
26;2025-10-14;0;27.894249263097038
26;2025-10-14;1;0.0
26;2025-10-14;2;0.0
26;2025-10-14;3;0.0
26;2025-10-14;4;0.0
26;2025-10-14;5;55.463090990267894
26;2025-10-14;6;498.32907560959075
26;2025-10-14;7;1024.7511642491922
26;2025-10-14;8;1963.9567551376401
26;2025-10-14;9;1320.5349971089454
26;2025-10-14;10;1071.1226381175097
26;2025-10-14;11;993.2001175861394
26;2025-10-14;12;1003.6383576595432
26;2025-10-14;13;963.0942145704703
26;2025-10-14;14;1088.1337663654162
26;2025-10-14;15;1113.5851193484846
26;2025-10-14;16;1289.1505490498669
26;2025-10-14;17;1602.2898830115923
26;2025-10-14;18;1844.090184288738
26;2025-10-14;19;1251.9370756863846
26;2025-10-14;20;709.4674529956535
26;2025-10-14;21;422.6373420001515
26;2025-10-14;22;202.71799956167752
26;2025-10-14;23;94.80323569349099
26;2025-10-15;0;29.647648725959552
26;2025-10-15;1;0.0
26;2025-10-15;2;0.0
26;2025-10-15;3;0.0
26;2025-10-15;4;0.0
26;2025-10-15;5;63.41025148390917
26;2025-10-15;6;507.70577436963526
26;2025-10-15;7;1039.07264675111
26;2025-10-15;8;1999.9665788935522
26;2025-10-15;9;1325.129514427585
26;2025-10-15;10;1054.470241967841
26;2025-10-15;11;979.283816139984
26;2025-10-15;12;999.382431378325
26;2025-10-15;13;1049.9168489904341
26;2025-10-15;14;1078.4950173104614
26;2025-10-15;15;1190.9261070150042
26;2025-10-15;16;1245.6889693852834
26;2025-10-15;17;1524.9969861641778
26;2025-10-15;18;1773.5685331592883
26;2025-10-15;19;1187.7907371218894
26;2025-10-15;20;724.74387062709
26;2025-10-15;21;402.45661968409524
26;2025-10-15;22;214.74342652399457
26;2025-10-15;23;109.76595620346936
26;2025-10-16;0;34.03510960213439
26;2025-10-16;1;0.0
26;2025-10-16;2;0.0
26;2025-10-16;3;0.0
26;2025-10-16;4;0.0
26;2025-10-16;5;61.3023015942934
26;2025-10-16;6;591.8222827943048
26;2025-10-16;7;1082.2345819878888
26;2025-10-16;8;1957.078278373011
26;2025-10-16;9;1412.731875377685
26;2025-10-16;10;1169.728196858396
26;2025-10-16;11;1088.587245300415
26;2025-10-16;12;1094.7621223515657
26;2025-10-16;13;1089.9138499455862
26;2025-10-16;14;1109.6952554171758
26;2025-10-16;15;1217.0296035621582
26;2025-10-16;16;1399.3748636003133
26;2025-10-16;17;1653.2645154913487
26;2025-10-16;18;1906.946229319405
26;2025-10-16;19;1338.125838855537
26;2025-10-16;20;794.8269489800481
26;2025-10-16;21;479.52353594301786
26;2025-10-16;22;247.10682454429877
26;2025-10-16;23;130.83100327629313
26;2025-10-17;0;35.0564679274797
26;2025-10-17;1;0.0
26;2025-10-17;2;0.0
26;2025-10-17;3;0.0
26;2025-10-17;4;0.0
26;2025-10-17;5;56.910800979994896
26;2025-10-17;6;546.9311126098291
26;2025-10-17;7;982.5020163182232
26;2025-10-17;8;1761.2633865039963
26;2025-10-17;9;1295.9101139838021
26;2025-10-17;10;1076.7975869745728
26;2025-10-17;11;1015.5613806347217
26;2025-10-17;12;1050.780367182484
26;2025-10-17;13;1069.1384729611145
26;2025-10-17;14;1076.5156653154272
26;2025-10-17;15;1188.6898999275488
26;2025-10-17;16;1437.006368925726
26;2025-10-17;17;1534.3050213872834
26;2025-10-17;18;1375.9256834721166
26;2025-10-17;19;1062.8330563360919
26;2025-10-17;20;689.84201975381
26;2025-10-17;21;415.46744707983487
26;2025-10-17;22;228.88419576642377
26;2025-10-17;23;139.5151766332229
26;2025-10-18;0;44.34040868857498
26;2025-10-18;1;0.0
26;2025-10-18;2;0.0
26;2025-10-18;3;0.0
26;2025-10-18;4;0.0
26;2025-10-18;5;34.48149995661585
26;2025-10-18;6;295.5321365689431
26;2025-10-18;7;369.3833056212621
26;2025-10-18;8;522.0413516732216
26;2025-10-18;9;616.8093621933997
26;2025-10-18;10;719.7197990758857
26;2025-10-18;11;843.1291359037672
26;2025-10-18;12;890.2953748016303
26;2025-10-18;13;906.6393692721692
26;2025-10-18;14;912.6805990609002
26;2025-10-18;15;862.2002407884285
26;2025-10-18;16;863.5209057297814
26;2025-10-18;17;860.9345847651539
26;2025-10-18;18;847.1376420478473
26;2025-10-18;19;770.7646602927091
26;2025-10-18;20;506.1764919414003
26;2025-10-18;21;349.7214848545568
26;2025-10-18;22;214.66718653742808
26;2025-10-18;23;132.23264144782416
26;2025-10-19;0;48.5971727367589
26;2025-10-19;1;0.0
26;2025-10-19;2;0.0
26;2025-10-19;3;0.0
26;2025-10-19;4;0.0
26;2025-10-19;5;25.325244953189085
26;2025-10-19;6;189.69990496903335
26;2025-10-19;7;272.99354530414666
26;2025-10-19;8;383.74157673233606
26;2025-10-19;9;494.97108567181533
26;2025-10-19;10;591.5501680161274
26;2025-10-19;11;731.9418681622213
26;2025-10-19;12;789.9972612203346
26;2025-10-19;13;814.9162550197975
26;2025-10-19;14;814.2422779021484
26;2025-10-19;15;784.7013964531368
26;2025-10-19;16;774.763326306635
26;2025-10-19;17;803.1529617318881
26;2025-10-19;18;775.2531690967106
26;2025-10-19;19;640.0562098613947
26;2025-10-19;20;443.26464342253496
26;2025-10-19;21;316.27302849790425
26;2025-10-19;22;204.0418232931409
26;2025-10-19;23;112.81029659436516
26;2025-10-20;0;39.25807867807856
26;2025-10-20;1;0.0
26;2025-10-20;2;0.0
26;2025-10-20;3;0.0
26;2025-10-20;4;0.0
26;2025-10-20;5;51.00598676637381
26;2025-10-20;6;498.81810597765383
26;2025-10-20;7;1029.5636990209478
26;2025-10-20;8;1853.3459217369189
26;2025-10-20;9;1370.9282416398937
26;2025-10-20;10;1155.8516210866628
26;2025-10-20;11;1011.1982617636129
26;2025-10-20;12;975.9197025557116
26;2025-10-20;13;1094.79407282723
26;2025-10-20;14;1070.3441559240941
26;2025-10-20;15;1098.0014882075222
26;2025-10-20;16;1228.059010215905
26;2025-10-20;17;1618.6449830102392
26;2025-10-20;18;1789.1628784832046
26;2025-10-20;19;1245.1182809599609
26;2025-10-20;20;780.0654427275617
26;2025-10-20;21;415.2406113084999
26;2025-10-20;22;228.130510611567
26;2025-10-20;23;103.72214137568724
26;2025-10-21;0;28.32449766182894
26;2025-10-21;1;0.0
26;2025-10-21;2;0.0
26;2025-10-21;3;0.0
26;2025-10-21;4;0.0
26;2025-10-21;5;57.51240846370915
26;2025-10-21;6;512.4727204910084
26;2025-10-21;7;1056.2512605065417
26;2025-10-21;8;2029.7779446578843
26;2025-10-21;9;1350.4008959062717
26;2025-10-21;10;1099.9610833599393
26;2025-10-21;11;1023.7505147449049
26;2025-10-21;12;1041.118091041961
26;2025-10-21;13;1006.7338293198802
26;2025-10-21;14;1145.1583441012933
26;2025-10-21;15;1175.8458854641895
26;2025-10-21;16;1347.6807198024414
26;2025-10-21;17;1658.914928473614
26;2025-10-21;18;1922.697397201251
26;2025-10-21;19;1309.4923409153794
26;2025-10-21;20;740.1836620512297
26;2025-10-21;21;440.65943814613127
26;2025-10-21;22;209.772805522835
26;2025-10-21;23;98.35693761832867
26;2025-10-22;0;30.951175010298712
26;2025-10-22;1;0.0
26;2025-10-22;2;0.0
26;2025-10-22;3;0.0
26;2025-10-22;4;0.0
26;2025-10-22;5;67.57779372317182
26;2025-10-22;6;539.4330142951924
26;2025-10-22;7;1106.1155970372733
26;2025-10-22;8;2134.0358620700576
26;2025-10-22;9;1408.127490619842
26;2025-10-22;10;1126.678288460358
26;2025-10-22;11;1055.3971576325257
26;2025-10-22;12;1086.5750454940035
26;2025-10-22;13;1149.0149596817682
26;2025-10-22;14;1187.8601981128131
26;2025-10-22;15;1313.2804539375409
26;2025-10-22;16;1365.2316537814227
26;2025-10-22;17;1663.7615335814203
26;2025-10-22;18;1926.3648469038471
26;2025-10-22;19;1286.569726037555
26;2025-10-22;20;780.7154313144395
26;2025-10-22;21;432.5025327151057
26;2025-10-22;22;229.2204402894028
26;2025-10-22;23;117.27587995410188
26;2025-10-23;0;34.06674832866015
26;2025-10-23;1;0.0
26;2025-10-23;2;0.0
26;2025-10-23;3;0.0
26;2025-10-23;4;0.0
26;2025-10-23;5;61.87479103092514
26;2025-10-23;6;599.7558533952836
26;2025-10-23;7;1100.1682611574001
26;2025-10-23;8;1986.9626040947928
26;2025-10-23;9;1425.2740635064465
26;2025-10-23;10;1180.7855805244594
26;2025-10-23;11;1100.6790968521886
26;2025-10-23;12;1110.0936858266946
26;2025-10-23;13;1105.261108188496
26;2025-10-23;14;1128.4306295446504
26;2025-10-23;15;1238.5877453630742
26;2025-10-23;16;1424.9683176912426
26;2025-10-23;17;1687.713856749167
26;2025-10-23;18;1952.6559887550065
26;2025-10-23;19;1362.020644895436
26;2025-10-23;20;802.7026781366353
26;2025-10-23;21;482.7420825791213
26;2025-10-23;22;247.14263948395796
26;2025-10-23;23;131.5409157463541
26;2025-10-24;0;35.530586632383596
26;2025-10-24;1;0.0
26;2025-10-24;2;0.0
26;2025-10-24;3;0.0
26;2025-10-24;4;0.0
26;2025-10-24;5;58.18184918598185
26;2025-10-24;6;561.7503275153044
26;2025-10-24;7;1008.5124079123447
26;2025-10-24;8;1803.7964909134575
26;2025-10-24;9;1317.2869297142784
26;2025-10-24;10;1094.8411758771083
26;2025-10-24;11;1032.8276556685876
26;2025-10-24;12;1071.5118780817
26;2025-10-24;13;1091.2121367372442
26;2025-10-24;14;1103.716351344843
26;2025-10-24;15;1222.907736525125
26;2025-10-24;16;1482.2433112365397
26;2025-10-24;17;1593.1213985069023
26;2025-10-24;18;1436.5165425126513
26;2025-10-24;19;1101.7775580577731
26;2025-10-24;20;709.2224567410753
26;2025-10-24;21;426.0266710439825
26;2025-10-24;22;233.11588177411403
26;2025-10-24;23;142.63539538260903
26;2025-10-25;0;46.404801379493975
26;2025-10-25;1;0.0
26;2025-10-25;2;0.0
26;2025-10-25;3;0.0
26;2025-10-25;4;0.0
26;2025-10-25;5;35.980606008765456
26;2025-10-25;6;310.3125915455866
26;2025-10-25;7;387.9708091195843
26;2025-10-25;8;550.9606877318199
26;2025-10-25;9;646.5468552670397
26;2025-10-25;10;760.1704200632084
26;2025-10-25;11;894.2654045701373
26;2025-10-25;12;947.8292297235188
26;2025-10-25;13;966.2869601994342
26;2025-10-25;14;973.5768789956629
26;2025-10-25;15;919.0012059147281
26;2025-10-25;16;914.1498277459339
26;2025-10-25;17;909.180150605566
26;2025-10-25;18;907.0455245765243
26;2025-10-25;19;818.1991843901976
26;2025-10-25;20;533.4535624464409
26;2025-10-25;21;371.88129735333825
26;2025-10-25;22;229.7818675982454
26;2025-10-25;23;139.25874161469753
26;2025-10-26;0;45.977189810088646
26;2025-10-26;1;0.0
26;2025-10-26;2;0.0
26;2025-10-26;3;0.0
26;2025-10-26;4;0.0
26;2025-10-26;5;24.92654736961778
26;2025-10-26;6;185.80010094558986
26;2025-10-26;7;271.8735733701186
26;2025-10-26;8;386.79587542846053
26;2025-10-26;9;476.9224894096669
26;2025-10-26;10;563.5637496132827
26;2025-10-26;11;692.2173463828918
26;2025-10-26;12;745.7369376785343
26;2025-10-26;13;768.8984658935201
26;2025-10-26;14;766.8710521602952
26;2025-10-26;15;735.7092469588617
26;2025-10-26;16;726.5094221746738
26;2025-10-26;17;747.706149629159
26;2025-10-26;18;729.5567954429932
26;2025-10-26;19;604.3582510406521
26;2025-10-26;20;420.44038304259647
26;2025-10-26;21;303.5150629544241
26;2025-10-26;22;194.63474061291166
26;2025-10-26;23;106.4511489863836
26;2025-10-27;0;38.720652128495985
26;2025-10-27;1;0.0
26;2025-10-27;2;0.0
26;2025-10-27;3;0.0
26;2025-10-27;4;0.0
26;2025-10-27;5;50.731239738474684
26;2025-10-27;6;494.4989887080893
26;2025-10-27;7;1019.8377390060984
26;2025-10-27;8;1827.143378087556
26;2025-10-27;9;1347.9406399021173
26;2025-10-27;10;1134.6176444999287
26;2025-10-27;11;991.226252494549
26;2025-10-27;12;958.2176482589473
26;2025-10-27;13;1076.95002280804
26;2025-10-27;14;1055.0218313164876
26;2025-10-27;15;1084.0658706491076
26;2025-10-27;16;1207.3957842433892
26;2025-10-27;17;1585.8626481815395
26;2025-10-27;18;1764.9807122403463
26;2025-10-27;19;1232.821647418199
26;2025-10-27;20;771.5072936483517
26;2025-10-27;21;412.17583648174633
26;2025-10-27;22;227.06416637749658
26;2025-10-27;23;102.77553689292537
26;2025-10-28;0;27.888646800524803
26;2025-10-28;1;0.0
26;2025-10-28;2;0.0
26;2025-10-28;3;0.0
26;2025-10-28;4;0.0
26;2025-10-28;5;56.419737299577136
26;2025-10-28;6;507.3530187336972
26;2025-10-28;7;1041.4959058587688
26;2025-10-28;8;1982.742322442869
26;2025-10-28;9;1332.5442526081356
26;2025-10-28;10;1080.5473894331913
26;2025-10-28;11;1004.3473452067547
26;2025-10-28;12;1019.6310158222421
26;2025-10-28;13;980.6562526988586
26;2025-10-28;14;1111.656403954566
26;2025-10-28;15;1134.8324558527659
26;2025-10-28;16;1316.1690086846913
26;2025-10-28;17;1632.6385798196745
26;2025-10-28;18;1876.437384897316
26;2025-10-28;19;1275.0376076613197
26;2025-10-28;20;719.695276743126
26;2025-10-28;21;428.0110289941418
26;2025-10-28;22;203.19038152996671
26;2025-10-28;23;95.83481011762157
26;2025-10-29;0;30.43582932634537
26;2025-10-29;1;0.0
26;2025-10-29;2;0.0
26;2025-10-29;3;0.0
26;2025-10-29;4;0.0
26;2025-10-29;5;66.05498982595637
26;2025-10-29;6;524.9825416746417
26;2025-10-29;7;1074.4876364306183
26;2025-10-29;8;2066.3237108372905
26;2025-10-29;9;1363.8012594381596
26;2025-10-29;10;1086.4226640710785
26;2025-10-29;11;1011.8976976928448
26;2025-10-29;12;1037.5232236671204
26;2025-10-29;13;1095.0967463019842
26;2025-10-29;14;1131.279099793705
26;2025-10-29;15;1252.7917542167565
26;2025-10-29;16;1305.3733396097446
26;2025-10-29;17;1589.8419886289475
26;2025-10-29;18;1845.894433204487
26;2025-10-29;19;1241.591638147378
26;2025-10-29;20;756.2176713497337
26;2025-10-29;21;420.4257302969661
26;2025-10-29;22;223.32708716002605
26;2025-10-29;23;114.26892303236278
26;2025-10-30;0;33.53825294639243
26;2025-10-30;1;0.0
26;2025-10-30;2;0.0
26;2025-10-30;3;0.0
26;2025-10-30;4;0.0
26;2025-10-30;5;60.72557430361113
26;2025-10-30;6;587.3684424428563
26;2025-10-30;7;1076.4079590384295
26;2025-10-30;8;1938.9158745548243
26;2025-10-30;9;1391.944513083979
26;2025-10-30;10;1150.467490735853
26;2025-10-30;11;1068.1646492259397
26;2025-10-30;12;1075.35802707677
26;2025-10-30;13;1067.3732137941747
26;2025-10-30;14;1088.1163224952807
26;2025-10-30;15;1195.7849409642845
26;2025-10-30;16;1379.0557077715018
26;2025-10-30;17;1635.840869126236
26;2025-10-30;18;1899.598017836238
26;2025-10-30;19;1329.0719588269794
26;2025-10-30;20;783.73246417221
26;2025-10-30;21;471.53810424598385
26;2025-10-30;22;241.70324747701432
26;2025-10-30;23;128.57398615503612
26;2025-10-31;0;34.714572595791225
26;2025-10-31;1;0.0
26;2025-10-31;2;0.0
26;2025-10-31;3;0.0
26;2025-10-31;4;0.0
26;2025-10-31;5;56.332343307753945
26;2025-10-31;6;549.8881545637302
26;2025-10-31;7;990.0575082383157
26;2025-10-31;8;1759.2065646808683
26;2025-10-31;9;1290.0260900351911
26;2025-10-31;10;1062.422383793469
26;2025-10-31;11;997.3724265340052
26;2025-10-31;12;1029.7420714540642
26;2025-10-31;13;1042.6218000252884
26;2025-10-31;14;1048.4096232385568
26;2025-10-31;15;1156.0339486754901
26;2025-10-31;16;1421.2386501726385
26;2025-10-31;17;1541.0776496006774
26;2025-10-31;18;1385.6721969059902
26;2025-10-31;19;1061.0067786053714
26;2025-10-31;20;682.6984933512281
26;2025-10-31;21;410.1190234393348
26;2025-10-31;22;224.17137198326617
26;2025-10-31;23;137.41451276536094
26;2025-11-01;0;24.915045844611086
26;2025-11-01;1;0.0
26;2025-11-01;2;0.0
26;2025-11-01;3;0.0
26;2025-11-01;4;0.0
26;2025-11-01;5;40.58254677786057
26;2025-11-01;6;391.20798102549026
26;2025-11-01;7;696.5191915411674
26;2025-11-01;8;1237.9599195523137
26;2025-11-01;9;913.2095834561107
26;2025-11-01;10;759.030188191972
26;2025-11-01;11;716.5227978955832
26;2025-11-01;12;743.6830012779021
26;2025-11-01;13;758.1722790467417
26;2025-11-01;14;764.4996083222005
26;2025-11-01;15;844.8955231805097
26;2025-11-01;16;1020.2561680131942
26;2025-11-01;17;1095.6307452774709
26;2025-11-01;18;988.3967131598807
26;2025-11-01;19;766.9290404562896
26;2025-11-01;20;496.9006297594425
26;2025-11-01;21;299.3049304368526
26;2025-11-01;22;164.21431219963242
26;2025-11-01;23;100.12494481155649
26;2025-11-02;0;49.766848657436014
26;2025-11-02;1;0.0
26;2025-11-02;2;0.0
26;2025-11-02;3;0.0
26;2025-11-02;4;0.0
26;2025-11-02;5;26.001906334812496
26;2025-11-02;6;198.42066564317656
26;2025-11-02;7;288.1272095084282
26;2025-11-02;8;402.75342191973834
26;2025-11-02;9;511.4987040169101
26;2025-11-02;10;614.0947897344151
26;2025-11-02;11;766.0683291109906
26;2025-11-02;12;830.5493980785393
26;2025-11-02;13;858.7626354115691
26;2025-11-02;14;860.751369471392
26;2025-11-02;15;827.8189944336818
26;2025-11-02;16;811.2549935157311
26;2025-11-02;17;831.5846621062966
26;2025-11-02;18;808.617029920043
26;2025-11-02;19;666.748796281656
26;2025-11-02;20;457.8462261890527
26;2025-11-02;21;325.5358408478058
26;2025-11-02;22;209.87505766153657
26;2025-11-02;23;115.94680287876218
26;2025-11-03;0;42.142353281633135
26;2025-11-03;1;0.0
26;2025-11-03;2;0.0
26;2025-11-03;3;0.0
26;2025-11-03;4;0.0
26;2025-11-03;5;30.185805580467978
26;2025-11-03;6;226.21031777109548
26;2025-11-03;7;299.09954748159277
26;2025-11-03;8;398.9560015189169
26;2025-11-03;9;489.62988063651676
26;2025-11-03;10;583.3084630983069
26;2025-11-03;11;699.9280303006553
26;2025-11-03;12;769.0594307194846
26;2025-11-03;13;792.7944291402214
26;2025-11-03;14;798.2109414279714
26;2025-11-03;15;759.4873209213655
26;2025-11-03;16;755.4849589852133
26;2025-11-03;17;775.0878608746295
26;2025-11-03;18;757.8706040995949
26;2025-11-03;19;655.273789420939
26;2025-11-03;20;446.1896108162173
26;2025-11-03;21;313.743526037036
26;2025-11-03;22;204.1790415155832
26;2025-11-03;23;114.55802254543318
28;2025-09-04;0;1.4682402641387187
28;2025-09-04;1;0.0
28;2025-09-04;2;0.0
28;2025-09-04;3;0.0
28;2025-09-04;4;0.0
28;2025-09-04;5;58.825973497659994
28;2025-09-04;6;285.36798013861477
28;2025-09-04;7;703.6693235213924
28;2025-09-04;8;994.8269871197017
28;2025-09-04;9;760.327216742994
28;2025-09-04;10;566.4884105230144
28;2025-09-04;11;552.5565307745032
28;2025-09-04;12;618.6834499596619
28;2025-09-04;13;627.9262957695257
28;2025-09-04;14;590.230423251197
28;2025-09-04;15;613.2711362756606
28;2025-09-04;16;735.966900995419
28;2025-09-04;17;867.9244726896222
28;2025-09-04;18;925.4449073943233
28;2025-09-04;19;720.6034122377832
28;2025-09-04;20;503.3531532141904
28;2025-09-04;21;311.19849315192243
28;2025-09-04;22;144.61031655008514
28;2025-09-04;23;21.642753258385994
28;2025-09-05;0;0.9063768014119413
28;2025-09-05;1;0.0
28;2025-09-05;2;0.0
28;2025-09-05;3;0.0
28;2025-09-05;4;0.0
28;2025-09-05;5;54.491923044009845
28;2025-09-05;6;267.0321532581784
28;2025-09-05;7;663.3351536336879
28;2025-09-05;8;939.3285237456321
28;2025-09-05;9;713.8450079399593
28;2025-09-05;10;546.440717337457
28;2025-09-05;11;553.0376101064849
28;2025-09-05;12;605.7477628314575
28;2025-09-05;13;623.8361057711375
28;2025-09-05;14;605.7770044338863
28;2025-09-05;15;638.2849186762951
28;2025-09-05;16;785.4623500642874
28;2025-09-05;17;840.9706367639207
28;2025-09-05;18;773.2037461961921
28;2025-09-05;19;630.078088555867
28;2025-09-05;20;463.43936308056914
28;2025-09-05;21;291.7008039271253
28;2025-09-05;22;141.91372375682676
28;2025-09-05;23;20.853980734394398
28;2025-09-06;0;1.2868031801368207
28;2025-09-06;1;0.0
28;2025-09-06;2;0.0
28;2025-09-06;3;0.0
28;2025-09-06;4;0.0
28;2025-09-06;5;28.065332969234397
28;2025-09-06;6;113.89397639973947
28;2025-09-06;7;211.48448675725544
28;2025-09-06;8;310.72443858013844
28;2025-09-06;9;385.8451871075033
28;2025-09-06;10;401.674942067704
28;2025-09-06;11;430.6487079416679
28;2025-09-06;12;488.74338768905045
28;2025-09-06;13;514.4697955909256
28;2025-09-06;14;512.4397476743231
28;2025-09-06;15;491.25842623090443
28;2025-09-06;16;470.90077043094834
28;2025-09-06;17;485.6414041605593
28;2025-09-06;18;466.04798160761345
28;2025-09-06;19;413.598365188794
28;2025-09-06;20;299.3744042881249
28;2025-09-06;21;247.52729281420784
28;2025-09-06;22;126.36174861976721
28;2025-09-06;23;24.76121525946457
28;2025-09-07;0;3.741169356822724
28;2025-09-07;1;0.0
28;2025-09-07;2;0.0
28;2025-09-07;3;0.0
28;2025-09-07;4;0.0
28;2025-09-07;5;21.692393568606185
28;2025-09-07;6;87.8154986864808
28;2025-09-07;7;153.24869822510166
28;2025-09-07;8;232.06176626184129
28;2025-09-07;9;300.2958231757153
28;2025-09-07;10;338.26995030916487
28;2025-09-07;11;377.4562976507027
28;2025-09-07;12;428.4574688306665
28;2025-09-07;13;468.44318737708033
28;2025-09-07;14;460.86342387011535
28;2025-09-07;15;455.20481319172086
28;2025-09-07;16;442.86351167641044
28;2025-09-07;17;449.0882106350098
28;2025-09-07;18;430.38360922244624
28;2025-09-07;19;374.2352695207487
28;2025-09-07;20;289.000164205066
28;2025-09-07;21;223.9225276937728
28;2025-09-07;22;110.45500424265143
28;2025-09-07;23;19.735424071087653
28;2025-09-08;0;0.2885836412883963
28;2025-09-08;1;0.0
28;2025-09-08;2;0.0
28;2025-09-08;3;0.0
28;2025-09-08;4;0.0
28;2025-09-08;5;60.16607319151525
28;2025-09-08;6;276.1922419644359
28;2025-09-08;7;692.0581304904676
28;2025-09-08;8;985.3181938246405
28;2025-09-08;9;740.3623182826723
28;2025-09-08;10;519.2765640441008
28;2025-09-08;11;541.0523665692713
28;2025-09-08;12;591.863297999481
28;2025-09-08;13;613.3290356617208
28;2025-09-08;14;556.2069987297111
28;2025-09-08;15;583.9564114940557
28;2025-09-08;16;670.5189744823358
28;2025-09-08;17;828.3010005789235
28;2025-09-08;18;887.5980594976145
28;2025-09-08;19;718.3125068048012
28;2025-09-08;20;463.6751933748882
28;2025-09-08;21;279.23760561610106
28;2025-09-08;22;126.6454501181718
28;2025-09-08;23;23.694258287418457
28;2025-09-09;0;7.786308721004875
28;2025-09-09;1;0.0
28;2025-09-09;2;0.0
28;2025-09-09;3;0.0
28;2025-09-09;4;0.0
28;2025-09-09;5;47.21338595143769
28;2025-09-09;6;275.16422470734415
28;2025-09-09;7;721.0023618056587
28;2025-09-09;8;1005.2262229268932
28;2025-09-09;9;711.6969073438759
28;2025-09-09;10;562.3568890964345
28;2025-09-09;11;535.7797747006209
28;2025-09-09;12;578.1565576687651
28;2025-09-09;13;663.9199446496917
28;2025-09-09;14;639.2894446607286
28;2025-09-09;15;634.9022104591288
28;2025-09-09;16;711.3093781449248
28;2025-09-09;17;835.0697521886505
28;2025-09-09;18;960.3602385678228
28;2025-09-09;19;690.5149070868752
28;2025-09-09;20;496.22589467566144
28;2025-09-09;21;304.80665878671516
28;2025-09-09;22;118.49174514970042
28;2025-09-09;23;14.1585672358741
28;2025-09-10;0;0.2799634789194325
28;2025-09-10;1;0.0
28;2025-09-10;2;0.0
28;2025-09-10;3;0.0
28;2025-09-10;4;0.0
28;2025-09-10;5;56.59839752939883
28;2025-09-10;6;291.649893140486
28;2025-09-10;7;740.0689594493466
28;2025-09-10;8;987.5276541534117
28;2025-09-10;9;747.5043486412551
28;2025-09-10;10;544.0066036775524
28;2025-09-10;11;514.5347486328022
28;2025-09-10;12;603.9687127396212
28;2025-09-10;13;634.7550284385336
28;2025-09-10;14;620.2300729313764
28;2025-09-10;15;664.5320318113115
28;2025-09-10;16;761.9788094145458
28;2025-09-10;17;912.5666961433968
28;2025-09-10;18;886.9420360555393
28;2025-09-10;19;721.5279691482682
28;2025-09-10;20;456.1902713366994
28;2025-09-10;21;249.3830738336723
28;2025-09-10;22;114.71577852805501
28;2025-09-10;23;18.22815432412152
28;2025-09-11;0;1.694076912913029
28;2025-09-11;1;0.0
28;2025-09-11;2;0.0
28;2025-09-11;3;0.0
28;2025-09-11;4;0.0
28;2025-09-11;5;58.98223128524806
28;2025-09-11;6;285.95902241527176
28;2025-09-11;7;707.5772200994115
28;2025-09-11;8;1005.1399085356015
28;2025-09-11;9;766.9134519825
28;2025-09-11;10;571.3904436656663
28;2025-09-11;11;555.0116915869578
28;2025-09-11;12;619.1428117288154
28;2025-09-11;13;626.8238010714754
28;2025-09-11;14;586.2674908328095
28;2025-09-11;15;609.1349869510184
28;2025-09-11;16;734.2457851973857
28;2025-09-11;17;869.3506042619642
28;2025-09-11;18;931.3980976394294
28;2025-09-11;19;723.3928544632672
28;2025-09-11;20;503.67032188962844
28;2025-09-11;21;312.2890973127195
28;2025-09-11;22;145.13147911714535
28;2025-09-11;23;24.36540599540357
28;2025-09-12;0;1.1327481395826484
28;2025-09-12;1;0.0
28;2025-09-12;2;0.0
28;2025-09-12;3;0.0
28;2025-09-12;4;0.0
28;2025-09-12;5;54.50866655995347
28;2025-09-12;6;269.0986260591023
28;2025-09-12;7;671.0758970540157
28;2025-09-12;8;951.224969837856
28;2025-09-12;9;720.9991412330245
28;2025-09-12;10;550.301861455926
28;2025-09-12;11;553.5288326466405
28;2025-09-12;12;603.4885227606646
28;2025-09-12;13;619.6208459794941
28;2025-09-12;14;600.5342004502648
28;2025-09-12;15;634.0324506368984
28;2025-09-12;16;791.4608697356362
28;2025-09-12;17;848.3370659756018
28;2025-09-12;18;778.6940642222784
28;2025-09-12;19;632.244723666495
28;2025-09-12;20;462.9453427839851
28;2025-09-12;21;292.22941147724805
28;2025-09-12;22;141.96463664460552
28;2025-09-12;23;21.04076999336069
28;2025-09-13;0;1.3594495670538964
28;2025-09-13;1;0.0
28;2025-09-13;2;0.0
28;2025-09-13;3;0.0
28;2025-09-13;4;0.0
28;2025-09-13;5;27.938612588818955
28;2025-09-13;6;114.09799487054117
28;2025-09-13;7;213.2641846420472
28;2025-09-13;8;314.79591785971286
28;2025-09-13;9;387.16627301225213
28;2025-09-13;10;401.90880304963247
28;2025-09-13;11;429.71986830599167
28;2025-09-13;12;489.2331530258589
28;2025-09-13;13;514.9828345438748
28;2025-09-13;14;513.7118944249123
28;2025-09-13;15;494.0215385853718
28;2025-09-13;16;477.9491034990764
28;2025-09-13;17;491.8789756900873
28;2025-09-13;18;471.2735594599742
28;2025-09-13;19;416.34981773067875
28;2025-09-13;20;300.29187929613096
28;2025-09-13;21;248.37411094993138
28;2025-09-13;22;126.17781123365509
28;2025-09-13;23;24.971413206118452
28;2025-09-14;0;3.776647765158631
28;2025-09-14;1;0.0
28;2025-09-14;2;0.0
28;2025-09-14;3;0.0
28;2025-09-14;4;0.0
28;2025-09-14;5;21.556352306937626
28;2025-09-14;6;87.4733377022119
28;2025-09-14;7;153.71943346962473
28;2025-09-14;8;234.35023522946352
28;2025-09-14;9;299.3843705556644
28;2025-09-14;10;336.6771311017908
28;2025-09-14;11;375.04748931029576
28;2025-09-14;12;427.47991432097297
28;2025-09-14;13;468.0238529443414
28;2025-09-14;14;461.47405709311903
28;2025-09-14;15;457.3652578417298
28;2025-09-14;16;448.013952922238
28;2025-09-14;17;451.6851721169967
28;2025-09-14;18;432.6291580440305
28;2025-09-14;19;375.55322827535076
28;2025-09-14;20;288.02490087151006
28;2025-09-14;21;223.17274189283023
28;2025-09-14;22;109.49832191609238
28;2025-09-14;23;19.89773539825942
28;2025-09-15;0;0.2553801806304406
28;2025-09-15;1;0.0
28;2025-09-15;2;0.0
28;2025-09-15;3;0.0
28;2025-09-15;4;0.0
28;2025-09-15;5;59.255752622767474
28;2025-09-15;6;275.6310859308637
28;2025-09-15;7;696.171462976538
28;2025-09-15;8;996.4938649149951
28;2025-09-15;9;740.5596643651423
28;2025-09-15;10;520.3470755270722
28;2025-09-15;11;541.9912354185844
28;2025-09-15;12;592.5706128428633
28;2025-09-15;13;614.9916531343852
28;2025-09-15;14;558.9002613879688
28;2025-09-15;15;588.216607264257
28;2025-09-15;16;675.1576808421003
28;2025-09-15;17;833.7830662975157
28;2025-09-15;18;899.0934081527931
28;2025-09-15;19;723.2403440689318
28;2025-09-15;20;463.81077101028404
28;2025-09-15;21;279.46901552767105
28;2025-09-15;22;126.5525908633906
28;2025-09-15;23;23.599329292373145
28;2025-09-16;0;8.005792979841438
28;2025-09-16;1;0.0
28;2025-09-16;2;0.0
28;2025-09-16;3;0.0
28;2025-09-16;4;0.0
28;2025-09-16;5;47.348758432369976
28;2025-09-16;6;279.84521020409227
28;2025-09-16;7;736.2031224604467
28;2025-09-16;8;1030.5211289799781
28;2025-09-16;9;726.4898001964383
28;2025-09-16;10;576.0262108090258
28;2025-09-16;11;548.0195365428087
28;2025-09-16;12;589.7997327574626
28;2025-09-16;13;676.2170001796953
28;2025-09-16;14;649.824938902793
28;2025-09-16;15;644.7641533652001
28;2025-09-16;16;723.8611540886367
28;2025-09-16;17;853.2215329797638
28;2025-09-16;18;988.6522701588206
28;2025-09-16;19;707.0101800106299
28;2025-09-16;20;503.4664851819423
28;2025-09-16;21;308.5583491737697
28;2025-09-16;22;120.1316437396194
28;2025-09-16;23;14.501890043923087
28;2025-09-17;0;0.2318783044191995
28;2025-09-17;1;0.0
28;2025-09-17;2;0.0
28;2025-09-17;3;0.0
28;2025-09-17;4;0.0
28;2025-09-17;5;55.98095997846813
28;2025-09-17;6;292.3409514911962
28;2025-09-17;7;742.918060048149
28;2025-09-17;8;994.6833461992802
28;2025-09-17;9;752.1102074811082
28;2025-09-17;10;550.1456658532311
28;2025-09-17;11;521.3115075855796
28;2025-09-17;12;610.9801448469434
28;2025-09-17;13;640.4905234508467
28;2025-09-17;14;624.0935452414078
28;2025-09-17;15;666.7000925861341
28;2025-09-17;16;764.775573040094
28;2025-09-17;17;918.2980630913971
28;2025-09-17;18;897.4577945825968
28;2025-09-17;19;725.6126153039378
28;2025-09-17;20;455.6189982442963
28;2025-09-17;21;248.52900516057224
28;2025-09-17;22;113.69167594262004
28;2025-09-17;23;17.87828840533724
28;2025-09-18;0;1.7327046761870337
28;2025-09-18;1;0.0
28;2025-09-18;2;0.0
28;2025-09-18;3;0.0
28;2025-09-18;4;0.0
28;2025-09-18;5;58.29016494305813
28;2025-09-18;6;285.7032059330068
28;2025-09-18;7;708.5085194010469
28;2025-09-18;8;1007.5215534879771
28;2025-09-18;9;766.2815663689646
28;2025-09-18;10;570.829024377308
28;2025-09-18;11;553.5701100492386
28;2025-09-18;12;616.0974472808105
28;2025-09-18;13;623.39923553329
28;2025-09-18;14;583.4320046019677
28;2025-09-18;15;607.6387193335183
28;2025-09-18;16;736.4006235652903
28;2025-09-18;17;875.972313798124
28;2025-09-18;18;933.5063649851243
28;2025-09-18;19;723.3464284561571
28;2025-09-18;20;501.47936484253967
28;2025-09-18;21;311.3396850074917
28;2025-09-18;22;144.00765552818612
28;2025-09-18;23;24.328601510295943
28;2025-09-19;0;1.4011546364765302
28;2025-09-19;1;0.0
28;2025-09-19;2;0.0
28;2025-09-19;3;0.0
28;2025-09-19;4;0.0
28;2025-09-19;5;51.06383315984291
28;2025-09-19;6;255.84832709776572
28;2025-09-19;7;639.0241700714057
28;2025-09-19;8;906.4869283131814
28;2025-09-19;9;682.2766075618501
28;2025-09-19;10;521.1565210092349
28;2025-09-19;11;520.9317141684121
28;2025-09-19;12;564.5893263536527
28;2025-09-19;13;577.1912132587067
28;2025-09-19;14;557.6455193390136
28;2025-09-19;15;589.3969792763921
28;2025-09-19;16;743.0390235017435
28;2025-09-19;17;801.0271304824886
28;2025-09-19;18;745.2335601973166
28;2025-09-19;19;601.1503811270188
28;2025-09-19;20;438.60170673235064
28;2025-09-19;21;277.8033576076439
28;2025-09-19;22;134.7233694823426
28;2025-09-19;23;20.56073041365402
28;2025-09-20;0;1.3566163350337335
28;2025-09-20;1;0.0
28;2025-09-20;2;0.0
28;2025-09-20;3;0.0
28;2025-09-20;4;0.0
28;2025-09-20;5;27.588999389454834
28;2025-09-20;6;113.14592926155143
28;2025-09-20;7;212.2318285318454
28;2025-09-20;8;315.15626140353356
28;2025-09-20;9;383.0436691470481
28;2025-09-20;10;397.73896757883085
28;2025-09-20;11;425.19861524443763
28;2025-09-20;12;484.20612153188154
28;2025-09-20;13;510.3486786503955
28;2025-09-20;14;509.238496092499
28;2025-09-20;15;489.4523093382911
28;2025-09-20;16;471.10926814192567
28;2025-09-20;17;479.40296292182734
28;2025-09-20;18;460.8170475162325
28;2025-09-20;19;409.94992075798325
28;2025-09-20;20;294.0535554183986
28;2025-09-20;21;244.04336193300225
28;2025-09-20;22;124.79739222629618
28;2025-09-20;23;24.60086550813911
28;2025-09-21;0;3.784796417971098
28;2025-09-21;1;0.0
28;2025-09-21;2;0.0
28;2025-09-21;3;0.0
28;2025-09-21;4;0.0
28;2025-09-21;5;21.614307941021362
28;2025-09-21;6;87.4633960370272
28;2025-09-21;7;154.57237490156518
28;2025-09-21;8;238.70469842685816
28;2025-09-21;9;303.50204704461555
28;2025-09-21;10;341.68078193674353
28;2025-09-21;11;380.54831330288823
28;2025-09-21;12;433.2694714719066
28;2025-09-21;13;473.74314461634884
28;2025-09-21;14;465.8434673636774
28;2025-09-21;15;460.42444305155885
28;2025-09-21;16;449.12384915343887
28;2025-09-21;17;449.43103817904955
28;2025-09-21;18;430.82858840546317
28;2025-09-21;19;374.67317160694324
28;2025-09-21;20;287.2092549146524
28;2025-09-21;21;223.29048595204176
28;2025-09-21;22;110.2891835085328
28;2025-09-21;23;19.75671881310643
28;2025-09-22;0;0.5737135228766976
28;2025-09-22;1;0.0
28;2025-09-22;2;0.0
28;2025-09-22;3;0.0
28;2025-09-22;4;0.0
28;2025-09-22;5;59.621679564749044
28;2025-09-22;6;277.0287395550954
28;2025-09-22;7;698.8402950211138
28;2025-09-22;8;1000.9643637679584
28;2025-09-22;9;748.3726896158155
28;2025-09-22;10;525.8934907221712
28;2025-09-22;11;547.2360494202014
28;2025-09-22;12;597.086575521382
28;2025-09-22;13;618.434599836293
28;2025-09-22;14;560.2647095333357
28;2025-09-22;15;589.3343979587175
28;2025-09-22;16;676.5599492202518
28;2025-09-22;17;841.3651298969265
28;2025-09-22;18;900.1000380410085
28;2025-09-22;19;725.1423894560444
28;2025-09-22;20;469.9337947274212
28;2025-09-22;21;288.59024499831776
28;2025-09-22;22;130.29840716683185
28;2025-09-22;23;24.474882575388513
28;2025-09-23;0;7.777408708028551
28;2025-09-23;1;0.0
28;2025-09-23;2;0.0
28;2025-09-23;3;0.0
28;2025-09-23;4;0.0
28;2025-09-23;5;45.1514761410017
28;2025-09-23;6;269.56648414909057
28;2025-09-23;7;712.8108553785227
28;2025-09-23;8;1003.3368099016811
28;2025-09-23;9;701.4773013681936
28;2025-09-23;10;555.5229869354523
28;2025-09-23;11;526.6419333816286
28;2025-09-23;12;565.4284587167328
28;2025-09-23;13;647.0039149360698
28;2025-09-23;14;621.4353022553595
28;2025-09-23;15;617.3862280725502
28;2025-09-23;16;694.616025264032
28;2025-09-23;17;819.1223463010131
28;2025-09-23;18;953.8491220873036
28;2025-09-23;19;680.7108756636346
28;2025-09-23;20;482.86695363734964
28;2025-09-23;21;295.8932695165897
28;2025-09-23;22;114.62130761492514
28;2025-09-23;23;13.82890562342297
28;2025-09-24;0;0.41963761065573557
28;2025-09-24;1;0.0
28;2025-09-24;2;0.0
28;2025-09-24;3;0.0
28;2025-09-24;4;0.0
28;2025-09-24;5;55.91529810746202
28;2025-09-24;6;291.51634374627923
28;2025-09-24;7;743.8394612461468
28;2025-09-24;8;994.487802275498
28;2025-09-24;9;752.300647159937
28;2025-09-24;10;547.7857089419051
28;2025-09-24;11;517.0452946073713
28;2025-09-24;12;605.1575136422202
28;2025-09-24;13;634.6150657594817
28;2025-09-24;14;619.2027116797865
28;2025-09-24;15;664.9093731790317
28;2025-09-24;16;769.2287849675026
28;2025-09-24;17;931.2293931624965
28;2025-09-24;18;899.4936990457547
28;2025-09-24;19;726.6454931474445
28;2025-09-24;20;456.4983412276906
28;2025-09-24;21;250.34562597315735
28;2025-09-24;22;113.14672316822384
28;2025-09-24;23;18.62180923062708
28;2025-09-25;0;1.932669360021098
28;2025-09-25;1;0.0
28;2025-09-25;2;0.0
28;2025-09-25;3;0.0
28;2025-09-25;4;0.0
28;2025-09-25;5;58.514733229089806
28;2025-09-25;6;285.56785589227724
28;2025-09-25;7;709.9102211423954
28;2025-09-25;8;1009.2373067930752
28;2025-09-25;9;772.9919762569947
28;2025-09-25;10;574.8305795461426
28;2025-09-25;11;556.252639726962
28;2025-09-25;12;617.2667746379132
28;2025-09-25;13;623.2558590501783
28;2025-09-25;14;581.5402002966268
28;2025-09-25;15;606.455841118367
28;2025-09-25;16;740.7041995898621
28;2025-09-25;17;887.0034383916297
28;2025-09-25;18;933.3109685038493
28;2025-09-25;19;723.5027098705982
28;2025-09-25;20;502.5913580474306
28;2025-09-25;21;312.9458922144604
28;2025-09-25;22;143.47874003008212
28;2025-09-25;23;24.928302023437617
28;2025-09-26;0;1.2584743268500305
28;2025-09-26;1;0.0
28;2025-09-26;2;0.0
28;2025-09-26;3;0.0
28;2025-09-26;4;0.0
28;2025-09-26;5;54.1152807564589
28;2025-09-26;6;268.07672697739224
28;2025-09-26;7;672.4353081725806
28;2025-09-26;8;954.950366245791
28;2025-09-26;9;727.577988923977
28;2025-09-26;10;556.4796510293501
28;2025-09-26;11;559.7878958333163
28;2025-09-26;12;608.7820071155214
28;2025-09-26;13;623.708401491843
28;2025-09-26;14;602.6660015731134
28;2025-09-26;15;636.6654735637192
28;2025-09-26;16;801.642218199259
28;2025-09-26;17;864.8844861607992
28;2025-09-26;18;785.3390968714375
28;2025-09-26;19;631.3120179385007
28;2025-09-26;20;464.22818784082057
28;2025-09-26;21;294.24160249439547
28;2025-09-26;22;142.13348318895828
28;2025-09-26;23;21.57991127629414
28;2025-09-27;0;1.6706347844580214
28;2025-09-27;1;0.0
28;2025-09-27;2;0.0
28;2025-09-27;3;0.0
28;2025-09-27;4;0.0
28;2025-09-27;5;26.858885137077934
28;2025-09-27;6;111.65879219693812
28;2025-09-27;7;207.4679236197448
28;2025-09-27;8;306.1454568670347
28;2025-09-27;9;373.4256413257539
28;2025-09-27;10;385.53405646727094
28;2025-09-27;11;408.84843010234874
28;2025-09-27;12;463.36089904681353
28;2025-09-27;13;486.71943079178527
28;2025-09-27;14;483.16814937720596
28;2025-09-27;15;463.15795351780434
28;2025-09-27;16;445.75721201413967
28;2025-09-27;17;453.80684179476066
28;2025-09-27;18;438.3111939082245
28;2025-09-27;19;393.88716546510443
28;2025-09-27;20;285.9513150441561
28;2025-09-27;21;238.39049808658066
28;2025-09-27;22;121.84986510832076
28;2025-09-27;23;24.449323763656146
28;2025-09-28;0;3.8174303174892086
28;2025-09-28;1;0.0
28;2025-09-28;2;0.0
28;2025-09-28;3;0.0
28;2025-09-28;4;0.0
28;2025-09-28;5;21.557613663281742
28;2025-09-28;6;88.07710030799741
28;2025-09-28;7;155.69983801599744
28;2025-09-28;8;239.04648282193904
28;2025-09-28;9;300.2206345558909
28;2025-09-28;10;337.61569743695725
28;2025-09-28;11;375.8371653715967
28;2025-09-28;12;428.6385261850321
28;2025-09-28;13;469.8763801254669
28;2025-09-28;14;463.7356598695146
28;2025-09-28;15;459.82589972998375
28;2025-09-28;16;448.7619730197554
28;2025-09-28;17;449.29966549089545
28;2025-09-28;18;432.7479058222699
28;2025-09-28;19;375.57758370520924
28;2025-09-28;20;286.93714889262174
28;2025-09-28;21;222.5324989617051
28;2025-09-28;22;109.41658403470134
28;2025-09-28;23;20.01751632443799
28;2025-09-29;0;0.5287880411975047
28;2025-09-29;1;0.0
28;2025-09-29;2;0.0
28;2025-09-29;3;0.0
28;2025-09-29;4;0.0
28;2025-09-29;5;59.73851506509488
28;2025-09-29;6;277.89319421828225
28;2025-09-29;7;707.1007968883002
28;2025-09-29;8;1016.2737760383159
28;2025-09-29;9;753.8641132971513
28;2025-09-29;10;529.2097661875315
28;2025-09-29;11;548.0607322568553
28;2025-09-29;12;596.1077762986404
28;2025-09-29;13;616.6743718271844
28;2025-09-29;14;557.7452170863919
28;2025-09-29;15;587.8934123367892
28;2025-09-29;16;680.3900029867684
28;2025-09-29;17;846.7046460651529
28;2025-09-29;18;907.6937345224005
28;2025-09-29;19;728.407255421761
28;2025-09-29;20;466.5464434489352
28;2025-09-29;21;280.94601226159796
28;2025-09-29;22;125.04385516310427
28;2025-09-29;23;24.20016301839582
28;2025-09-30;0;8.372734491420765
28;2025-09-30;1;0.0
28;2025-09-30;2;0.0
28;2025-09-30;3;0.0
28;2025-09-30;4;0.0
28;2025-09-30;5;48.104845930818556
28;2025-09-30;6;284.63094776797095
28;2025-09-30;7;754.561809938474
28;2025-09-30;8;1057.2982337909796
28;2025-09-30;9;740.0814665557007
28;2025-09-30;10;584.0014939492637
28;2025-09-30;11;552.038579290183
28;2025-09-30;12;591.1790661080286
28;2025-09-30;13;677.2504650424378
28;2025-09-30;14;650.4487783052396
28;2025-09-30;15;647.1887910879252
28;2025-09-30;16;733.5312210269876
28;2025-09-30;17;872.6263152366657
28;2025-09-30;18;1004.8610078660589
28;2025-09-30;19;717.308349934533
28;2025-09-30;20;508.8956206510783
28;2025-09-30;21;311.6374657220423
28;2025-09-30;22;119.4196154697151
28;2025-09-30;23;15.404161128989898
28;2025-10-01;0;0.5732241881287716
28;2025-10-01;1;0.0
28;2025-10-01;2;0.0
28;2025-10-01;3;0.0
28;2025-10-01;4;0.0
28;2025-10-01;5;56.55638432089592
28;2025-10-01;6;293.9372875077505
28;2025-10-01;7;755.5446911487194
28;2025-10-01;8;1016.357679735193
28;2025-10-01;9;764.5597290267301
28;2025-10-01;10;555.6064718216738
28;2025-10-01;11;522.6537908785873
28;2025-10-01;12;610.6442012833556
28;2025-10-01;13;639.5170588850998
28;2025-10-01;14;623.0679978558596
28;2025-10-01;15;669.990496180915
28;2025-10-01;16;778.5506556536626
28;2025-10-01;17;945.8508799392389
28;2025-10-01;18;913.34248128274
28;2025-10-01;19;734.8423556843654
28;2025-10-01;20;461.22865881404584
28;2025-10-01;21;253.10986284084981
28;2025-10-01;22;113.84572194569668
28;2025-10-01;23;18.36774891745543
28;2025-10-02;0;2.1881940044797665
28;2025-10-02;1;0.0
28;2025-10-02;2;0.0
28;2025-10-02;3;0.0
28;2025-10-02;4;0.0
28;2025-10-02;5;59.929392726540925
28;2025-10-02;6;291.07466135463494
28;2025-10-02;7;724.1671045316514
28;2025-10-02;8;1029.797578193342
28;2025-10-02;9;790.3378997534898
28;2025-10-02;10;586.4740395183267
28;2025-10-02;11;565.931496879565
28;2025-10-02;12;626.9703071917606
28;2025-10-02;13;632.0636705573223
28;2025-10-02;14;588.0824862359837
28;2025-10-02;15;613.5096478605712
28;2025-10-02;16;751.9699513158569
28;2025-10-02;17;902.7996209788748
28;2025-10-02;18;946.5518203545173
28;2025-10-02;19;735.0545709230014
28;2025-10-02;20;511.4901622244433
28;2025-10-02;21;318.78041897171363
28;2025-10-02;22;146.29881018804952
28;2025-10-02;23;25.856292517416872
28;2025-10-03;0;1.5392255328082431
28;2025-10-03;1;0.0
28;2025-10-03;2;0.0
28;2025-10-03;3;0.0
28;2025-10-03;4;0.0
28;2025-10-03;5;53.7411119524496
28;2025-10-03;6;266.21406301950003
28;2025-10-03;7;670.3233303353893
28;2025-10-03;8;956.1778625993632
28;2025-10-03;9;727.5233338339847
28;2025-10-03;10;555.214912414811
28;2025-10-03;11;556.066736329436
28;2025-10-03;12;603.3611996157538
28;2025-10-03;13;619.3394870194659
28;2025-10-03;14;597.1745177855673
28;2025-10-03;15;631.7085864063678
28;2025-10-03;16;796.0960721900403
28;2025-10-03;17;856.3858948870984
28;2025-10-03;18;778.5376307642214
28;2025-10-03;19;625.322596145657
28;2025-10-03;20;463.37664134998613
28;2025-10-03;21;294.34566009383497
28;2025-10-03;22;142.52709775786724
28;2025-10-03;23;22.294445495746764
28;2025-10-04;0;1.6444747681306664
28;2025-10-04;1;0.0
28;2025-10-04;2;0.0
28;2025-10-04;3;0.0
28;2025-10-04;4;0.0
28;2025-10-04;5;27.91830900278292
28;2025-10-04;6;112.38807985598493
28;2025-10-04;7;206.28769337570304
28;2025-10-04;8;311.61054103307094
28;2025-10-04;9;395.2409477920035
28;2025-10-04;10;411.49820944759165
28;2025-10-04;11;440.11418650905625
28;2025-10-04;12;504.3169052016435
28;2025-10-04;13;530.9967806489242
28;2025-10-04;14;525.7771856199546
28;2025-10-04;15;504.0747750846405
28;2025-10-04;16;482.6447983592393
28;2025-10-04;17;495.4978219527592
28;2025-10-04;18;475.67215098376994
28;2025-10-04;19;418.332223240038
28;2025-10-04;20;303.9195074250424
28;2025-10-04;21;251.93188797206986
28;2025-10-04;22;128.57746871473046
28;2025-10-04;23;26.289581006333094
28;2025-10-05;0;4.114498149336312
28;2025-10-05;1;0.0
28;2025-10-05;2;0.0
28;2025-10-05;3;0.0
28;2025-10-05;4;0.0
28;2025-10-05;5;21.120348516029917
28;2025-10-05;6;86.21377269914402
28;2025-10-05;7;146.05410866447178
28;2025-10-05;8;226.20371600016887
28;2025-10-05;9;299.93148682351597
28;2025-10-05;10;335.7933398465921
28;2025-10-05;11;371.7272630734715
28;2025-10-05;12;424.4580323274638
28;2025-10-05;13;463.021299812935
28;2025-10-05;14;450.6470300123561
28;2025-10-05;15;442.51373212971714
28;2025-10-05;16;429.1912123327528
28;2025-10-05;17;429.7356206036461
28;2025-10-05;18;415.04037745937967
28;2025-10-05;19;362.49520557407095
28;2025-10-05;20;280.9073228461558
28;2025-10-05;21;217.69090187940438
28;2025-10-05;22;107.61601546727726
28;2025-10-05;23;20.450426256464297
28;2025-10-06;0;0.8586457678036072
28;2025-10-06;1;0.0
28;2025-10-06;2;0.0
28;2025-10-06;3;0.0
28;2025-10-06;4;0.0
28;2025-10-06;5;55.74161941886643
28;2025-10-06;6;261.4022520917617
28;2025-10-06;7;664.236663533927
28;2025-10-06;8;959.9700113815586
28;2025-10-06;9;717.5873003145302
28;2025-10-06;10;505.6835115187138
28;2025-10-06;11;522.5936491108557
28;2025-10-06;12;566.9237321144055
28;2025-10-06;13;581.0758324554502
28;2025-10-06;14;518.9747199076713
28;2025-10-06;15;544.5065863686053
28;2025-10-06;16;634.3808516788097
28;2025-10-06;17;796.9284186596816
28;2025-10-06;18;868.7351239147224
28;2025-10-06;19;691.8585790338591
28;2025-10-06;20;442.47442260730037
28;2025-10-06;21;266.9668565124025
28;2025-10-06;22;119.75004130698764
28;2025-10-06;23;23.6066036874018
28;2025-10-07;0;8.124159965695467
28;2025-10-07;1;0.0
28;2025-10-07;2;0.0
28;2025-10-07;3;0.0
28;2025-10-07;4;0.0
28;2025-10-07;5;45.35907422531615
28;2025-10-07;6;270.72874342912485
28;2025-10-07;7;719.0665206660715
28;2025-10-07;8;1015.1041771331566
28;2025-10-07;9;716.5137224336429
28;2025-10-07;10;568.8555080290419
28;2025-10-07;11;539.7956932832858
28;2025-10-07;12;578.3987635274743
28;2025-10-07;13;657.4948345791313
28;2025-10-07;14;625.7305812053908
28;2025-10-07;15;619.3952220830475
28;2025-10-07;16;703.6842528166358
28;2025-10-07;17;836.0679311336373
28;2025-10-07;18;965.0636360332832
28;2025-10-07;19;687.7548489965372
28;2025-10-07;20;487.4759187392847
28;2025-10-07;21;299.46916882221683
28;2025-10-07;22;115.14651786027878
28;2025-10-07;23;14.653818299542127
28;2025-10-08;0;0.6131744308475588
28;2025-10-08;1;0.0
28;2025-10-08;2;0.0
28;2025-10-08;3;0.0
28;2025-10-08;4;0.0
28;2025-10-08;5;55.65641915947445
28;2025-10-08;6;292.64981020659707
28;2025-10-08;7;749.3208279856997
28;2025-10-08;8;1008.4592334214506
28;2025-10-08;9;767.3374205442068
28;2025-10-08;10;562.7718160727678
28;2025-10-08;11;533.2067068013896
28;2025-10-08;12;623.2006877938508
28;2025-10-08;13;649.4508960876958
28;2025-10-08;14;626.9343365022473
28;2025-10-08;15;668.7815772737935
28;2025-10-08;16;775.6692460149972
28;2025-10-08;17;939.4649172035124
28;2025-10-08;18;909.1829425931364
28;2025-10-08;19;733.2670264487681
28;2025-10-08;20;459.5916669668728
28;2025-10-08;21;252.08382769367765
28;2025-10-08;22;114.3073978278774
28;2025-10-08;23;19.049878712702196
28;2025-10-09;0;2.0303571208194273
28;2025-10-09;1;0.0
28;2025-10-09;2;0.0
28;2025-10-09;3;0.0
28;2025-10-09;4;0.0
28;2025-10-09;5;58.67471603785489
28;2025-10-09;6;287.7202786318845
28;2025-10-09;7;718.851381279633
28;2025-10-09;8;1027.7162635051318
28;2025-10-09;9;789.6888788692688
28;2025-10-09;10;590.4344258540464
28;2025-10-09;11;574.0903490213193
28;2025-10-09;12;638.357056623707
28;2025-10-09;13;643.8480281626549
28;2025-10-09;14;597.3325431621092
28;2025-10-09;15;620.7628164994344
28;2025-10-09;16;756.8310391405903
28;2025-10-09;17;900.3779623110183
28;2025-10-09;18;947.806827893541
28;2025-10-09;19;735.6506021715045
28;2025-10-09;20;510.3142867583414
28;2025-10-09;21;317.97757755564396
28;2025-10-09;22;146.30205700643305
28;2025-10-09;23;25.718027871405347
28;2025-10-10;0;1.4944809041603897
28;2025-10-10;1;0.0
28;2025-10-10;2;0.0
28;2025-10-10;3;0.0
28;2025-10-10;4;0.0
28;2025-10-10;5;52.03869768312967
28;2025-10-10;6;262.52025124508134
28;2025-10-10;7;665.0691509178228
28;2025-10-10;8;956.9076018804137
28;2025-10-10;9;727.5045431842232
28;2025-10-10;10;558.6137058134757
28;2025-10-10;11;561.1307255504742
28;2025-10-10;12;609.3088152079094
28;2025-10-10;13;624.6113565254504
28;2025-10-10;14;599.5782634003601
28;2025-10-10;15;633.2366728880813
28;2025-10-10;16;797.762824631306
28;2025-10-10;17;850.800252952305
28;2025-10-10;18;780.9207966103417
28;2025-10-10;19;622.3583281045749
28;2025-10-10;20;460.1441133406279
28;2025-10-10;21;292.4990801427606
28;2025-10-10;22;140.70263267265088
28;2025-10-10;23;22.064045923851403
28;2025-10-11;0;1.6562016763065897
28;2025-10-11;1;0.0
28;2025-10-11;2;0.0
28;2025-10-11;3;0.0
28;2025-10-11;4;0.0
28;2025-10-11;5;26.05126738474011
28;2025-10-11;6;109.71602508110325
28;2025-10-11;7;202.55881116294142
28;2025-10-11;8;307.4562764749329
28;2025-10-11;9;384.6555215494421
28;2025-10-11;10;399.2833989194011
28;2025-10-11;11;425.7291599811026
28;2025-10-11;12;486.2853278682595
28;2025-10-11;13;511.41340632795635
28;2025-10-11;14;505.3360892915415
28;2025-10-11;15;483.4274489888586
28;2025-10-11;16;465.4543279208942
28;2025-10-11;17;468.2808638557737
28;2025-10-11;18;445.25428322087953
28;2025-10-11;19;396.3871425841293
28;2025-10-11;20;288.7154540041414
28;2025-10-11;21;239.91762858547057
28;2025-10-11;22;122.00747428991494
28;2025-10-11;23;24.9139445616212
28;2025-10-12;0;3.876743465795404
28;2025-10-12;1;0.0
28;2025-10-12;2;0.0
28;2025-10-12;3;0.0
28;2025-10-12;4;0.0
28;2025-10-12;5;20.492556250771976
28;2025-10-12;6;83.80229303733253
28;2025-10-12;7;145.82529502040404
28;2025-10-12;8;228.650777507999
28;2025-10-12;9;293.3830036839973
28;2025-10-12;10;331.78389458269424
28;2025-10-12;11;367.23365280323185
28;2025-10-12;12;420.1777339349387
28;2025-10-12;13;460.66834463126077
28;2025-10-12;14;450.8974217107159
28;2025-10-12;15;445.70478927777765
28;2025-10-12;16;433.28510489929937
28;2025-10-12;17;426.5795780927947
28;2025-10-12;18;409.4108718347134
28;2025-10-12;19;355.55915732693404
28;2025-10-12;20;275.08940482894593
28;2025-10-12;21;215.86437626851722
28;2025-10-12;22;106.7425237613987
28;2025-10-12;23;19.61228910238536
28;2025-10-13;0;1.1284028070881467
28;2025-10-13;1;0.0
28;2025-10-13;2;0.0
28;2025-10-13;3;0.0
28;2025-10-13;4;0.0
28;2025-10-13;5;54.46589616946329
28;2025-10-13;6;259.87492139580326
28;2025-10-13;7;660.3522477729662
28;2025-10-13;8;956.3802035145274
28;2025-10-13;9;707.722831590457
28;2025-10-13;10;494.194920867693
28;2025-10-13;11;504.5309565791707
28;2025-10-13;12;542.3263697470259
28;2025-10-13;13;553.5131211553444
28;2025-10-13;14;493.67103570469817
28;2025-10-13;15;518.8647806049726
28;2025-10-13;16;618.3429184741789
28;2025-10-13;17;777.0642443362098
28;2025-10-13;18;829.1982697729202
28;2025-10-13;19;665.2044066103024
28;2025-10-13;20;423.54253201315726
28;2025-10-13;21;255.95256482759268
28;2025-10-13;22;113.16124584615966
28;2025-10-13;23;22.576161052626798
28;2025-10-14;0;7.927023021005056
28;2025-10-14;1;0.0
28;2025-10-14;2;0.0
28;2025-10-14;3;0.0
28;2025-10-14;4;0.0
28;2025-10-14;5;43.63937884921441
28;2025-10-14;6;265.1592964762647
28;2025-10-14;7;708.4200409422515
28;2025-10-14;8;1004.6522081347141
28;2025-10-14;9;706.377613448441
28;2025-10-14;10;556.3948869067166
28;2025-10-14;11;524.7202233718491
28;2025-10-14;12;558.289089562671
28;2025-10-14;13;633.082927680703
28;2025-10-14;14;602.395729015068
28;2025-10-14;15;599.4849297867124
28;2025-10-14;16;688.5502628650806
28;2025-10-14;17;817.1986498244355
28;2025-10-14;18;924.3582748096292
28;2025-10-14;19;656.8390515683159
28;2025-10-14;20;464.4479530651354
28;2025-10-14;21;285.17770366138143
28;2025-10-14;22;107.36220744571341
28;2025-10-14;23;13.227661335066234
28;2025-10-15;0;0.4529058433241969
28;2025-10-15;1;0.0
28;2025-10-15;2;0.0
28;2025-10-15;3;0.0
28;2025-10-15;4;0.0
28;2025-10-15;5;51.58777426293674
28;2025-10-15;6;275.1320271486709
28;2025-10-15;7;716.6591355637959
28;2025-10-15;8;977.7785717745344
28;2025-10-15;9;729.5408374401474
28;2025-10-15;10;532.4289776072001
28;2025-10-15;11;500.7490894965729
28;2025-10-15;12;582.2578531966586
28;2025-10-15;13;604.4638015786887
28;2025-10-15;14;584.6543105930284
28;2025-10-15;15;628.6144597042617
28;2025-10-15;16;737.11775401398
28;2025-10-15;17;892.6991297686429
28;2025-10-15;18;856.4256925770433
28;2025-10-15;19;681.9100045714599
28;2025-10-15;20;422.3533144326527
28;2025-10-15;21;231.36038544477128
28;2025-10-15;22;101.36484010879835
28;2025-10-15;23;15.50201951316213
28;2025-10-16;0;1.7863992852513617
28;2025-10-16;1;0.0
28;2025-10-16;2;0.0
28;2025-10-16;3;0.0
28;2025-10-16;4;0.0
28;2025-10-16;5;58.51558575842829
28;2025-10-16;6;288.93724813385137
28;2025-10-16;7;725.8195566578274
28;2025-10-16;8;1034.6842098754882
28;2025-10-16;9;786.2751896253588
28;2025-10-16;10;584.5971989196903
28;2025-10-16;11;568.3799920732949
28;2025-10-16;12;633.2998873287314
28;2025-10-16;13;640.9055041341894
28;2025-10-16;14;601.2478321392084
28;2025-10-16;15;630.6125151792654
28;2025-10-16;16;768.2822644344667
28;2025-10-16;17;909.8880640331372
28;2025-10-16;18;946.1165366299006
28;2025-10-16;19;732.7541961045047
28;2025-10-16;20;504.72077525439977
28;2025-10-16;21;314.95841976087047
28;2025-10-16;22;141.548515297495
28;2025-10-16;23;24.076869957409706
28;2025-10-17;0;1.096547598222049
28;2025-10-17;1;0.0
28;2025-10-17;2;0.0
28;2025-10-17;3;0.0
28;2025-10-17;4;0.0
28;2025-10-17;5;50.536185706834566
28;2025-10-17;6;256.4232625458578
28;2025-10-17;7;651.1421173754491
28;2025-10-17;8;930.1492266576518
28;2025-10-17;9;709.4264212619411
28;2025-10-17;10;543.3189918649114
28;2025-10-17;11;547.8064328847652
28;2025-10-17;12;595.4766296586691
28;2025-10-17;13;610.9431854391705
28;2025-10-17;14;590.5713812155898
28;2025-10-17;15;626.4331518228938
28;2025-10-17;16;787.1526665170951
28;2025-10-17;17;833.5135714510957
28;2025-10-17;18;741.1604276522381
28;2025-10-17;19;593.9597447989227
28;2025-10-17;20;438.4829767383798
28;2025-10-17;21;279.10512096753143
28;2025-10-17;22;132.4297447492698
28;2025-10-17;23;19.84940718452928
28;2025-10-18;0;1.5638931969574321
28;2025-10-18;1;0.0
28;2025-10-18;2;0.0
28;2025-10-18;3;0.0
28;2025-10-18;4;0.0
28;2025-10-18;5;26.367448267796508
28;2025-10-18;6;111.66973585303168
28;2025-10-18;7;207.61342412939865
28;2025-10-18;8;313.0492198717402
28;2025-10-18;9;384.2394060805725
28;2025-10-18;10;398.2885934740756
28;2025-10-18;11;424.969660402471
28;2025-10-18;12;487.2920259961438
28;2025-10-18;13;514.5565239686185
28;2025-10-18;14;513.3520880304159
28;2025-10-18;15;494.4293831825513
28;2025-10-18;16;477.488176236376
28;2025-10-18;17;480.6274552360113
28;2025-10-18;18;456.86960789286184
28;2025-10-18;19;403.88057888689184
28;2025-10-18;20;291.01746674910174
28;2025-10-18;21;242.19599465309125
28;2025-10-18;22;122.4671751293472
28;2025-10-18;23;25.03220664718595
28;2025-10-19;0;3.9684973507923385
28;2025-10-19;1;0.0
28;2025-10-19;2;0.0
28;2025-10-19;3;0.0
28;2025-10-19;4;0.0
28;2025-10-19;5;21.016408922632287
28;2025-10-19;6;86.09122752949119
28;2025-10-19;7;147.8049109828189
28;2025-10-19;8;228.7903551019822
28;2025-10-19;9;298.4203956372005
28;2025-10-19;10;339.1730995435407
28;2025-10-19;11;378.02576961395
28;2025-10-19;12;434.93447686649404
28;2025-10-19;13;477.78080966571525
28;2025-10-19;14;470.2005370977567
28;2025-10-19;15;465.5390437450552
28;2025-10-19;16;452.44163812142403
28;2025-10-19;17;450.77322446382857
28;2025-10-19;18;436.0201956714727
28;2025-10-19;19;374.94939119916955
28;2025-10-19;20;286.68850956382767
28;2025-10-19;21;222.89526020363292
28;2025-10-19;22;109.38133636292429
28;2025-10-19;23;20.412164763281233
28;2025-10-20;0;0.3175405708170939
28;2025-10-20;1;0.0
28;2025-10-20;2;0.0
28;2025-10-20;3;0.0
28;2025-10-20;4;0.0
28;2025-10-20;5;57.3584678550885
28;2025-10-20;6;271.9197588521438
28;2025-10-20;7;698.2856282913485
28;2025-10-20;8;1006.5181260257885
28;2025-10-20;9;742.6254075895274
28;2025-10-20;10;520.3754507469285
28;2025-10-20;11;542.422321447031
28;2025-10-20;12;593.3288202784942
28;2025-10-20;13;616.7773067528769
28;2025-10-20;14;562.8204781143877
28;2025-10-20;15;599.0450468245429
28;2025-10-20;16;689.358289132397
28;2025-10-20;17;843.4393030218403
28;2025-10-20;18;890.2927529343392
28;2025-10-20;19;716.6376066304697
28;2025-10-20;20;456.16383846875067
28;2025-10-20;21;275.9206914168092
28;2025-10-20;22;121.13913661214548
28;2025-10-20;23;23.609345087784245
28;2025-10-21;0;7.968609628021754
28;2025-10-21;1;0.0
28;2025-10-21;2;0.0
28;2025-10-21;3;0.0
28;2025-10-21;4;0.0
28;2025-10-21;5;45.160951882855436
28;2025-10-21;6;274.251120352219
28;2025-10-21;7;731.9005852751052
28;2025-10-21;8;1028.329391705887
28;2025-10-21;9;718.3989884178177
28;2025-10-21;10;566.457972440702
28;2025-10-21;11;537.8373937290723
28;2025-10-21;12;577.7859518635988
28;2025-10-21;13;660.6830553626914
28;2025-10-21;14;636.9160976523947
28;2025-10-21;15;638.297393536738
28;2025-10-21;16;723.87750078158
28;2025-10-21;17;853.0339372139011
28;2025-10-21;18;965.8052946314042
28;2025-10-21;19;688.7553810768834
28;2025-10-21;20;484.943008877488
28;2025-10-21;21;297.6968215458935
28;2025-10-21;22;111.91207324423317
28;2025-10-21;23;14.118185939431715
28;2025-10-22;0;0.1947972148785647
28;2025-10-22;1;0.0
28;2025-10-22;2;0.0
28;2025-10-22;3;0.0
28;2025-10-22;4;0.0
28;2025-10-22;5;56.18444014774279
28;2025-10-22;6;297.82304354055464
28;2025-10-22;7;773.8596000430799
28;2025-10-22;8;1044.8627285394427
28;2025-10-22;9;773.378584364621
28;2025-10-22;10;563.3199954063958
28;2025-10-22;11;533.5969292928637
28;2025-10-22;12;627.4926082137677
28;2025-10-22;13;658.9726656718083
28;2025-10-22;14;647.4689269245548
28;2025-10-22;15;700.2469007465334
28;2025-10-22;16;808.4534460461844
28;2025-10-22;17;967.8880193182176
28;2025-10-22;18;930.5963225963076
28;2025-10-22;19;744.2834800440953
28;2025-10-22;20;459.45989791138106
28;2025-10-22;21;251.22199991725694
28;2025-10-22;22;109.79899894940684
28;2025-10-22;23;16.96488963603481
28;2025-10-23;0;1.8785603806303661
28;2025-10-23;1;0.0
28;2025-10-23;2;0.0
28;2025-10-23;3;0.0
28;2025-10-23;4;0.0
28;2025-10-23;5;59.53830979460825
28;2025-10-23;6;294.534255332887
28;2025-10-23;7;738.3693473985875
28;2025-10-23;8;1047.5366889264203
28;2025-10-23;9;797.5715371073485
28;2025-10-23;10;592.0485930806517
28;2025-10-23;11;575.663353625047
28;2025-10-23;12;641.838059691644
28;2025-10-23;13;648.8795586300621
28;2025-10-23;14;609.3170936033291
28;2025-10-23;15;640.3175629763351
28;2025-10-23;16;781.1726777960467
28;2025-10-23;17;927.977446200755
28;2025-10-23;18;961.9297607211411
28;2025-10-23;19;745.0899322559817
28;2025-10-23;20;512.0507558554127
28;2025-10-23;21;319.2732770709049
28;2025-10-23;22;143.33921563606788
28;2025-10-23;23;24.5701642173463
28;2025-10-24;0;1.0525593922615328
28;2025-10-24;1;0.0
28;2025-10-24;2;0.0
28;2025-10-24;3;0.0
28;2025-10-24;4;0.0
28;2025-10-24;5;51.86820997619827
28;2025-10-24;6;263.97468680790274
28;2025-10-24;7;670.6679023244499
28;2025-10-24;8;956.7168178801342
28;2025-10-24;9;721.6115272565352
28;2025-10-24;10;552.1478793555841
28;2025-10-24;11;557.3921870387021
28;2025-10-24;12;608.4110381362818
28;2025-10-24;13;624.7827635890064
28;2025-10-24;14;606.7965228690632
28;2025-10-24;15;644.781527117387
28;2025-10-24;16;809.9139522396565
28;2025-10-24;17;861.0131795358429
28;2025-10-24;18;778.0090597390385
28;2025-10-24;19;617.684170247428
28;2025-10-24;20;450.9466357145291
28;2025-10-24;21;285.93629387575567
28;2025-10-24;22;135.15626789660328
28;2025-10-24;23;20.335082216765034
28;2025-10-25;0;1.4960496357543946
28;2025-10-25;1;0.0
28;2025-10-25;2;0.0
28;2025-10-25;3;0.0
28;2025-10-25;4;0.0
28;2025-10-25;5;27.924139521399663
28;2025-10-25;6;116.47410572088708
28;2025-10-25;7;216.33871155767298
28;2025-10-25;8;326.08246596957457
28;2025-10-25;9;403.8576097085416
28;2025-10-25;10;421.1735890223855
28;2025-10-25;11;451.8671353190962
28;2025-10-25;12;520.1024023866139
28;2025-10-25;13;548.8012223402004
28;2025-10-25;14;547.7614753725777
28;2025-10-25;15;527.0926029217767
28;2025-10-25;16;508.12594514175356
28;2025-10-25;17;514.8552853556732
28;2025-10-25;18;491.95291400908116
28;2025-10-25;19;429.499325170097
28;2025-10-25;20;307.0877018506272
28;2025-10-25;21;255.11967158712085
28;2025-10-25;22;128.61795304894403
28;2025-10-25;23;26.084490597107127
28;2025-10-26;0;4.026363782710456
28;2025-10-26;1;0.0
28;2025-10-26;2;0.0
28;2025-10-26;3;0.0
28;2025-10-26;4;0.0
28;2025-10-26;5;21.045533682377986
28;2025-10-26;6;87.61114856187423
28;2025-10-26;7;148.3344363638354
28;2025-10-26;8;226.06672445134228
28;2025-10-26;9;290.8938449528431
28;2025-10-26;10;326.08493571979454
28;2025-10-26;11;360.2976905113387
28;2025-10-26;12;412.3406529990653
28;2025-10-26;13;451.6543724677137
28;2025-10-26;14;443.4791233131731
28;2025-10-26;15;437.2229059813121
28;2025-10-26;16;427.09699385085906
28;2025-10-26;17;424.91327451820166
28;2025-10-26;18;409.1728473633924
28;2025-10-26;19;355.72270866219503
28;2025-10-26;20;274.34165296913835
28;2025-10-26;21;214.9035637477413
28;2025-10-26;22;106.01077301631067
28;2025-10-26;23;20.0395120568518
28;2025-10-27;0;0.29597080176183277
28;2025-10-27;1;0.0
28;2025-10-27;2;0.0
28;2025-10-27;3;0.0
28;2025-10-27;4;0.0
28;2025-10-27;5;57.47892060389974
28;2025-10-27;6;274.5937162462887
28;2025-10-27;7;702.7632033885084
28;2025-10-27;8;1007.1588865991985
28;2025-10-27;9;744.7506819135754
28;2025-10-27;10;521.7803401506941
28;2025-10-27;11;543.9941948953392
28;2025-10-27;12;595.3429031122788
28;2025-10-27;13;615.6296025217848
28;2025-10-27;14;560.7543336228314
28;2025-10-27;15;595.6497060445101
28;2025-10-27;16;688.6123464402037
28;2025-10-27;17;848.0322610216533
28;2025-10-27;18;894.9007698877222
28;2025-10-27;19;715.633111477616
28;2025-10-27;20;453.4688548312156
28;2025-10-27;21;273.71846501853076
28;2025-10-27;22;119.84605292841488
28;2025-10-27;23;22.94423444100679
28;2025-10-28;0;8.19651704391986
28;2025-10-28;1;0.0
28;2025-10-28;2;0.0
28;2025-10-28;3;0.0
28;2025-10-28;4;0.0
28;2025-10-28;5;45.280721674923
28;2025-10-28;6;275.51152564255926
28;2025-10-28;7;733.4648077593714
28;2025-10-28;8;1031.518318442948
28;2025-10-28;9;726.691689594307
28;2025-10-28;10;571.10141833482
28;2025-10-28;11;539.2523169850788
28;2025-10-28;12;575.3013800771658
28;2025-10-28;13;652.9431790730475
28;2025-10-28;14;624.7521986116899
28;2025-10-28;15;620.7588702383852
28;2025-10-28;16;714.2579325114975
28;2025-10-28;17;847.3249012473011
28;2025-10-28;18;952.3737721431205
28;2025-10-28;19;676.8366006559675
28;2025-10-28;20;478.0680651477428
28;2025-10-28;21;293.1269684988499
28;2025-10-28;22;109.42728786414077
28;2025-10-28;23;13.600137378742193
28;2025-10-29;0;0.26768255494790033
28;2025-10-29;1;0.0
28;2025-10-29;2;0.0
28;2025-10-29;3;0.0
28;2025-10-29;4;0.0
28;2025-10-29;5;53.52699351198401
28;2025-10-29;6;286.20109174762877
28;2025-10-29;7;744.5053103238058
28;2025-10-29;8;1008.3010547244435
28;2025-10-29;9;746.5458189009838
28;2025-10-29;10;543.8852064551407
28;2025-10-29;11;513.8908346278557
28;2025-10-29;12;602.483883983746
28;2025-10-29;13;629.242546009172
28;2025-10-29;14;616.0328220032006
28;2025-10-29;15;665.6188219307861
28;2025-10-29;16;772.7557146524912
28;2025-10-29;17;928.4787279634569
28;2025-10-29;18;891.0777417799071
28;2025-10-29;19;709.5455391501907
28;2025-10-29;20;437.79405128470125
28;2025-10-29;21;238.97092377777093
28;2025-10-29;22;104.64637844895591
28;2025-10-29;23;16.618927828449277
28;2025-10-30;0;1.7770163862934782
28;2025-10-30;1;0.0
28;2025-10-30;2;0.0
28;2025-10-30;3;0.0
28;2025-10-30;4;0.0
28;2025-10-30;5;57.122524584035204
28;2025-10-30;6;284.01722348951057
28;2025-10-30;7;716.0351078226927
28;2025-10-30;8;1020.2798215770381
28;2025-10-30;9;771.002315369929
28;2025-10-30;10;572.7294816897027
28;2025-10-30;11;556.6288316324615
28;2025-10-30;12;621.0492180296052
28;2025-10-30;13;628.0183410988882
28;2025-10-30;14;590.3929486386651
28;2025-10-30;15;621.6391788089186
28;2025-10-30;16;756.8336488879619
28;2025-10-30;17;896.420599150351
28;2025-10-30;18;936.3592693607187
28;2025-10-30;19;720.7941591994913
28;2025-10-30;20;494.28495700379904
28;2025-10-30;21;307.8581974785219
28;2025-10-30;22;138.48909279504264
28;2025-10-30;23;24.190437129451887
28;2025-10-31;0;1.57120277369917
28;2025-10-31;1;0.0
28;2025-10-31;2;0.0
28;2025-10-31;3;0.0
28;2025-10-31;4;0.0
28;2025-10-31;5;51.54030682321138
28;2025-10-31;6;264.17972048518834
28;2025-10-31;7;669.9023374539794
28;2025-10-31;8;959.4944701336822
28;2025-10-31;9;723.3563007655714
28;2025-10-31;10;548.782399187659
28;2025-10-31;11;548.0173904706961
28;2025-10-31;12;591.4407594253746
28;2025-10-31;13;603.4772839780007
28;2025-10-31;14;581.997064585579
28;2025-10-31;15;618.3675550843402
28;2025-10-31;16;790.7094068057445
28;2025-10-31;17;845.8918760386589
28;2025-10-31;18;764.7074050045446
28;2025-10-31;19;605.5988610490693
28;2025-10-31;20;444.6041360179975
28;2025-10-31;21;282.69895057929625
28;2025-10-31;22;134.1539676504708
28;2025-10-31;23;20.698120752460305
28;2025-11-01;0;1.0599593493152928
28;2025-11-01;1;0.0
28;2025-11-01;2;0.0
28;2025-11-01;3;0.0
28;2025-11-01;4;0.0
28;2025-11-01;5;36.21188844273484
28;2025-11-01;6;183.59193736218776
28;2025-11-01;7;463.88920516400833
28;2025-11-01;8;661.7080905587636
28;2025-11-01;9;500.1580822595465
28;2025-11-01;10;381.3381235239722
28;2025-11-01;11;381.97935340204504
28;2025-11-01;12;414.6564969568366
28;2025-11-01;13;424.0716696120734
28;2025-11-01;14;409.72985720012935
28;2025-11-01;15;434.93791130658235
28;2025-11-01;16;551.4928374860654
28;2025-11-01;17;589.5819028880865
28;2025-11-01;18;532.042965345931
28;2025-11-01;19;422.8600813586319
28;2025-11-01;20;310.22891432163385
28;2025-11-01;21;196.99627195745592
28;2025-11-01;22;93.03017176930014
28;2025-11-01;23;14.16312536909614
28;2025-11-02;0;3.9614773819451345
28;2025-11-02;1;0.0
28;2025-11-02;2;0.0
28;2025-11-02;3;0.0
28;2025-11-02;4;0.0
28;2025-11-02;5;21.640091084285395
28;2025-11-02;6;89.62169627078273
28;2025-11-02;7;155.23524790386813
28;2025-11-02;8;238.80246192937784
28;2025-11-02;9;309.5525005328925
28;2025-11-02;10;352.14674496911255
28;2025-11-02;11;394.69853638772463
28;2025-11-02;12;455.47387552097166
28;2025-11-02;13;500.5629695470878
28;2025-11-02;14;494.384292709335
28;2025-11-02;15;490.0179473275184
28;2025-11-02;16;476.7128013432416
28;2025-11-02;17;473.8820960825964
28;2025-11-02;18;454.2371960216905
28;2025-11-02;19;388.22450177005675
28;2025-11-02;20;295.685223776772
28;2025-11-02;21;229.59536518592802
28;2025-11-02;22;111.86314171844097
28;2025-11-02;23;20.607508670950214
28;2025-11-03;0;2.92242328463187
28;2025-11-03;1;0.0
28;2025-11-03;2;0.0
28;2025-11-03;3;0.0
28;2025-11-03;4;0.0
28;2025-11-03;5;23.734460518224363
28;2025-11-03;6;95.44365170599531
28;2025-11-03;7;167.99869229721378
28;2025-11-03;8;242.34897579104222
28;2025-11-03;9;307.34040141722807
28;2025-11-03;10;336.6630629098607
28;2025-11-03;11;363.3547365849653
28;2025-11-03;12;432.20432041477136
28;2025-11-03;13;466.977290519194
28;2025-11-03;14;466.223261376281
28;2025-11-03;15;455.9874133225912
28;2025-11-03;16;442.3116940467511
28;2025-11-03;17;443.66109359289
28;2025-11-03;18;425.601126733092
28;2025-11-03;19;369.90600868653945
28;2025-11-03;20;278.3716446193263
28;2025-11-03;21;223.95101185055415
28;2025-11-03;22;114.74463994459447
28;2025-11-03;23;21.31600114864716
50;2025-09-04;0;41.26386980016134
50;2025-09-04;1;0.0
50;2025-09-04;2;0.0
50;2025-09-04;3;0.0
50;2025-09-04;4;0.0
50;2025-09-04;5;70.97347421832927
50;2025-09-04;6;638.6286058357172
50;2025-09-04;7;1796.4667861761936
50;2025-09-04;8;2506.6643359106683
50;2025-09-04;9;2033.4075813818006
50;2025-09-04;10;1566.2341236622185
50;2025-09-04;11;1467.5162462288092
50;2025-09-04;12;1389.368383218949
50;2025-09-04;13;1358.577313468963
50;2025-09-04;14;1319.0708944175103
50;2025-09-04;15;1458.4543956026198
50;2025-09-04;16;1673.9329049517555
50;2025-09-04;17;2227.4737271469617
50;2025-09-04;18;2432.399707442675
50;2025-09-04;19;1543.2143921112147
50;2025-09-04;20;964.7243483443525
50;2025-09-04;21;653.5050305102432
50;2025-09-04;22;315.8639250535757
50;2025-09-04;23;161.97542133406716
50;2025-09-05;0;44.26666068426235
50;2025-09-05;1;0.0
50;2025-09-05;2;0.0
50;2025-09-05;3;0.0
50;2025-09-05;4;0.0
50;2025-09-05;5;68.59678327296761
50;2025-09-05;6;611.8758142962365
50;2025-09-05;7;1691.3259869164513
50;2025-09-05;8;2427.399341047406
50;2025-09-05;9;1913.0251225958198
50;2025-09-05;10;1515.7821704432088
50;2025-09-05;11;1491.1323242241494
50;2025-09-05;12;1446.3570503541564
50;2025-09-05;13;1400.5652727502184
50;2025-09-05;14;1364.257567348386
50;2025-09-05;15;1588.6401177233906
50;2025-09-05;16;1857.7950785982603
50;2025-09-05;17;2036.821166581301
50;2025-09-05;18;1811.9007710139704
50;2025-09-05;19;1292.4604358790648
50;2025-09-05;20;851.8666968190948
50;2025-09-05;21;575.7978395001664
50;2025-09-05;22;316.3230712181971
50;2025-09-05;23;181.31195770959704
50;2025-09-06;0;0.0
50;2025-09-06;1;0.0
50;2025-09-06;2;0.0
50;2025-09-06;3;0.0
50;2025-09-06;4;0.0
50;2025-09-06;5;0.0
50;2025-09-06;6;0.0
50;2025-09-06;7;0.0
50;2025-09-06;8;0.0
50;2025-09-06;9;0.0
50;2025-09-06;10;0.0
50;2025-09-06;11;0.0
50;2025-09-06;12;0.0
50;2025-09-06;13;0.0
50;2025-09-06;14;0.0
50;2025-09-06;15;0.0
50;2025-09-06;16;0.0
50;2025-09-06;17;0.0
50;2025-09-06;18;0.0
50;2025-09-06;19;0.0
50;2025-09-06;20;0.0
50;2025-09-06;21;0.0
50;2025-09-06;22;0.0
50;2025-09-06;23;0.0
50;2025-09-07;0;0.0
50;2025-09-07;1;0.0
50;2025-09-07;2;0.0
50;2025-09-07;3;0.0
50;2025-09-07;4;0.0
50;2025-09-07;5;0.0
50;2025-09-07;6;0.0
50;2025-09-07;7;0.0
50;2025-09-07;8;0.0
50;2025-09-07;9;0.0
50;2025-09-07;10;0.0
50;2025-09-07;11;0.0
50;2025-09-07;12;0.0
50;2025-09-07;13;0.0
50;2025-09-07;14;0.0
50;2025-09-07;15;0.0
50;2025-09-07;16;0.0
50;2025-09-07;17;0.0
50;2025-09-07;18;0.0
50;2025-09-07;19;0.0
50;2025-09-07;20;0.0
50;2025-09-07;21;0.0
50;2025-09-07;22;0.0
50;2025-09-07;23;0.0
50;2025-09-08;0;26.602271093637547
50;2025-09-08;1;0.0
50;2025-09-08;2;0.0
50;2025-09-08;3;0.0
50;2025-09-08;4;0.0
50;2025-09-08;5;71.03605710542516
50;2025-09-08;6;628.1462995786178
50;2025-09-08;7;1804.1059729421415
50;2025-09-08;8;2473.6780074517997
50;2025-09-08;9;1957.8561257486444
50;2025-09-08;10;1475.146001638654
50;2025-09-08;11;1431.8694077941213
50;2025-09-08;12;1313.195203500189
50;2025-09-08;13;1327.0807619335444
50;2025-09-08;14;1391.8938394846584
50;2025-09-08;15;1448.0912226322926
50;2025-09-08;16;1457.281366754601
50;2025-09-08;17;2046.7293591687226
50;2025-09-08;18;2416.773846099619
50;2025-09-08;19;1459.4620582906155
50;2025-09-08;20;881.227509299903
50;2025-09-08;21;513.7506995216588
50;2025-09-08;22;282.50072518046136
50;2025-09-08;23;132.41588279931725
50;2025-09-09;0;25.57437537558359
50;2025-09-09;1;0.0
50;2025-09-09;2;0.0
50;2025-09-09;3;0.0
50;2025-09-09;4;0.0
50;2025-09-09;5;64.59215934505514
50;2025-09-09;6;623.6832311202245
50;2025-09-09;7;1816.6557751807231
50;2025-09-09;8;2604.5973416094157
50;2025-09-09;9;2010.59427891707
50;2025-09-09;10;1545.9740864207001
50;2025-09-09;11;1317.3337748390613
50;2025-09-09;12;1372.0985836577943
50;2025-09-09;13;1301.3224379998137
50;2025-09-09;14;1319.4147933027486
50;2025-09-09;15;1514.9478982129249
50;2025-09-09;16;1570.517099713671
50;2025-09-09;17;2215.9573077856585
50;2025-09-09;18;2479.68703715655
50;2025-09-09;19;1602.6245255718254
50;2025-09-09;20;910.9888554416027
50;2025-09-09;21;584.8759417529985
50;2025-09-09;22;273.0972303021906
50;2025-09-09;23;127.93082192275372
50;2025-09-10;0;31.644627285173986
50;2025-09-10;1;0.0
50;2025-09-10;2;0.0
50;2025-09-10;3;0.0
50;2025-09-10;4;0.0
50;2025-09-10;5;68.50476496614516
50;2025-09-10;6;600.9235990563066
50;2025-09-10;7;1879.9968692818677
50;2025-09-10;8;2544.826806285573
50;2025-09-10;9;2006.9340055048879
50;2025-09-10;10;1524.7695016491848
50;2025-09-10;11;1378.965643564225
50;2025-09-10;12;1288.4325254742366
50;2025-09-10;13;1318.920471907275
50;2025-09-10;14;1363.7319381551888
50;2025-09-10;15;1514.3059995505982
50;2025-09-10;16;1682.759119050556
50;2025-09-10;17;2232.916154905526
50;2025-09-10;18;2413.970073402365
50;2025-09-10;19;1550.310414294031
50;2025-09-10;20;928.4851903043034
50;2025-09-10;21;703.3726596467849
50;2025-09-10;22;303.22989785645854
50;2025-09-10;23;144.50581638695297
50;2025-09-11;0;41.53735591602352
50;2025-09-11;1;0.0
50;2025-09-11;2;0.0
50;2025-09-11;3;0.0
50;2025-09-11;4;0.0
50;2025-09-11;5;70.05804315877421
50;2025-09-11;6;634.0332443543077
50;2025-09-11;7;1795.6330930508545
50;2025-09-11;8;2518.2910181703583
50;2025-09-11;9;2041.1643704388125
50;2025-09-11;10;1573.961767578609
50;2025-09-11;11;1472.2068264657805
50;2025-09-11;12;1391.1110467129781
50;2025-09-11;13;1357.6707789756908
50;2025-09-11;14;1312.3034920081263
50;2025-09-11;15;1453.0017431861695
50;2025-09-11;16;1673.593417018234
50;2025-09-11;17;2245.264663272296
50;2025-09-11;18;2467.046195202617
50;2025-09-11;19;1556.2232972904544
50;2025-09-11;20;970.256796946743
50;2025-09-11;21;658.4660710861929
50;2025-09-11;22;318.73221702261253
50;2025-09-11;23;161.84544533252728
50;2025-09-12;0;44.3073469317646
50;2025-09-12;1;0.0
50;2025-09-12;2;0.0
50;2025-09-12;3;0.0
50;2025-09-12;4;0.0
50;2025-09-12;5;68.66103038242002
50;2025-09-12;6;611.0318896175343
50;2025-09-12;7;1692.7525749571407
50;2025-09-12;8;2430.513970100543
50;2025-09-12;9;1916.7681897521675
50;2025-09-12;10;1517.110134261789
50;2025-09-12;11;1488.6008766062064
50;2025-09-12;12;1440.5937440605599
50;2025-09-12;13;1392.982362590276
50;2025-09-12;14;1355.617595770595
50;2025-09-12;15;1584.006517789533
50;2025-09-12;16;1872.0700621012957
50;2025-09-12;17;2058.791499161488
50;2025-09-12;18;1837.7326704606685
50;2025-09-12;19;1304.9403850199576
50;2025-09-12;20;858.2598571791664
50;2025-09-12;21;581.6559578802851
50;2025-09-12;22;319.6821072437156
50;2025-09-12;23;182.73722948313593
50;2025-09-13;0;0.0
50;2025-09-13;1;0.0
50;2025-09-13;2;0.0
50;2025-09-13;3;0.0
50;2025-09-13;4;0.0
50;2025-09-13;5;0.0
50;2025-09-13;6;0.0
50;2025-09-13;7;0.0
50;2025-09-13;8;0.0
50;2025-09-13;9;0.0
50;2025-09-13;10;0.0
50;2025-09-13;11;0.0
50;2025-09-13;12;0.0
50;2025-09-13;13;0.0
50;2025-09-13;14;0.0
50;2025-09-13;15;0.0
50;2025-09-13;16;0.0
50;2025-09-13;17;0.0
50;2025-09-13;18;0.0
50;2025-09-13;19;0.0
50;2025-09-13;20;0.0
50;2025-09-13;21;0.0
50;2025-09-13;22;0.0
50;2025-09-13;23;0.0
50;2025-09-14;0;0.0
50;2025-09-14;1;0.0
50;2025-09-14;2;0.0
50;2025-09-14;3;0.0
50;2025-09-14;4;0.0
50;2025-09-14;5;0.0
50;2025-09-14;6;0.0
50;2025-09-14;7;0.0
50;2025-09-14;8;0.0
50;2025-09-14;9;0.0
50;2025-09-14;10;0.0
50;2025-09-14;11;0.0
50;2025-09-14;12;0.0
50;2025-09-14;13;0.0
50;2025-09-14;14;0.0
50;2025-09-14;15;0.0
50;2025-09-14;16;0.0
50;2025-09-14;17;0.0
50;2025-09-14;18;0.0
50;2025-09-14;19;0.0
50;2025-09-14;20;0.0
50;2025-09-14;21;0.0
50;2025-09-14;22;0.0
50;2025-09-14;23;0.0
50;2025-09-15;0;26.72218968217947
50;2025-09-15;1;0.0
50;2025-09-15;2;0.0
50;2025-09-15;3;0.0
50;2025-09-15;4;0.0
50;2025-09-15;5;69.55338209614867
50;2025-09-15;6;624.0173734682909
50;2025-09-15;7;1807.5222230531974
50;2025-09-15;8;2493.314742062218
50;2025-09-15;9;1963.922446879088
50;2025-09-15;10;1478.1549594280482
50;2025-09-15;11;1431.517206829994
50;2025-09-15;12;1310.0705804249292
50;2025-09-15;13;1326.7694442995253
50;2025-09-15;14;1393.5898115714826
50;2025-09-15;15;1454.7007736075948
50;2025-09-15;16;1464.8783804334769
50;2025-09-15;17;2056.5520265317737
50;2025-09-15;18;2428.0278022841317
50;2025-09-15;19;1466.8817650427713
50;2025-09-15;20;885.8866766334856
50;2025-09-15;21;519.1671007199932
50;2025-09-15;22;285.67457716136676
50;2025-09-15;23;133.84827815715443
50;2025-09-16;0;26.374001444585957
50;2025-09-16;1;0.0
50;2025-09-16;2;0.0
50;2025-09-16;3;0.0
50;2025-09-16;4;0.0
50;2025-09-16;5;65.74575245646514
50;2025-09-16;6;633.6955514369733
50;2025-09-16;7;1850.6000988924186
50;2025-09-16;8;2659.5929107270213
50;2025-09-16;9;2052.5488429067927
50;2025-09-16;10;1578.0295483262034
50;2025-09-16;11;1341.7304835988457
50;2025-09-16;12;1394.3508420995886
50;2025-09-16;13;1322.5948517402953
50;2025-09-16;14;1339.0914808549064
50;2025-09-16;15;1539.8412220916312
50;2025-09-16;16;1596.9068482005835
50;2025-09-16;17;2256.6967237291583
50;2025-09-16;18;2528.2505999982322
50;2025-09-16;19;1634.8641707433421
50;2025-09-16;20;926.6115948644342
50;2025-09-16;21;595.9353251642978
50;2025-09-16;22;279.00787889481956
50;2025-09-16;23;131.53667011374426
50;2025-09-17;0;31.65536477739625
50;2025-09-17;1;0.0
50;2025-09-17;2;0.0
50;2025-09-17;3;0.0
50;2025-09-17;4;0.0
50;2025-09-17;5;68.53184509144958
50;2025-09-17;6;604.0063690954821
50;2025-09-17;7;1893.476811309344
50;2025-09-17;8;2570.130970901946
50;2025-09-17;9;2020.106555027699
50;2025-09-17;10;1535.8872422150594
50;2025-09-17;11;1387.8828133071347
50;2025-09-17;12;1295.2843486896934
50;2025-09-17;13;1323.7474336594987
50;2025-09-17;14;1366.6094009318294
50;2025-09-17;15;1516.9940117937595
50;2025-09-17;16;1689.3597880111734
50;2025-09-17;17;2247.48783685372
50;2025-09-17;18;2433.070247010127
50;2025-09-17;19;1556.1131458293953
50;2025-09-17;20;927.4360820029153
50;2025-09-17;21;703.3854160291917
50;2025-09-17;22;301.85490788790503
50;2025-09-17;23;145.02738108438098
50;2025-09-18;0;41.26825463091568
50;2025-09-18;1;0.0
50;2025-09-18;2;0.0
50;2025-09-18;3;0.0
50;2025-09-18;4;0.0
50;2025-09-18;5;70.3631570805504
50;2025-09-18;6;633.6927927873975
50;2025-09-18;7;1798.8169351142114
50;2025-09-18;8;2529.3346359248962
50;2025-09-18;9;2032.090351760824
50;2025-09-18;10;1566.553930423602
50;2025-09-18;11;1463.7081653767696
50;2025-09-18;12;1383.1257767477573
50;2025-09-18;13;1351.461149041333
50;2025-09-18;14;1309.2406655322534
50;2025-09-18;15;1451.8857165204026
50;2025-09-18;16;1670.8950006231844
50;2025-09-18;17;2237.826057934978
50;2025-09-18;18;2473.146786133376
50;2025-09-18;19;1556.5843331466315
50;2025-09-18;20;964.8399121801153
50;2025-09-18;21;655.083274478025
50;2025-09-18;22;315.2129401418707
50;2025-09-18;23;161.19917273840093
50;2025-09-19;0;42.32153852591585
50;2025-09-19;1;0.0
50;2025-09-19;2;0.0
50;2025-09-19;3;0.0
50;2025-09-19;4;0.0
50;2025-09-19;5;64.52595567167431
50;2025-09-19;6;577.7280476624271
50;2025-09-19;7;1605.6272836874216
50;2025-09-19;8;2313.734657378078
50;2025-09-19;9;1807.591672781018
50;2025-09-19;10;1431.7408647816524
50;2025-09-19;11;1398.826793502068
50;2025-09-19;12;1349.9571961755855
50;2025-09-19;13;1299.6363204776699
50;2025-09-19;14;1261.0493860024303
50;2025-09-19;15;1474.9875874687355
50;2025-09-19;16;1757.124844275349
50;2025-09-19;17;1944.346299477194
50;2025-09-19;18;1762.5310907908295
50;2025-09-19;19;1238.4783971062486
50;2025-09-19;20;810.1855486569534
50;2025-09-19;21;548.5428408826849
50;2025-09-19;22;300.1215581150054
50;2025-09-19;23;172.38260247442352
50;2025-09-20;0;0.0
50;2025-09-20;1;0.0
50;2025-09-20;2;0.0
50;2025-09-20;3;0.0
50;2025-09-20;4;0.0
50;2025-09-20;5;0.0
50;2025-09-20;6;0.0
50;2025-09-20;7;0.0
50;2025-09-20;8;0.0
50;2025-09-20;9;0.0
50;2025-09-20;10;0.0
50;2025-09-20;11;0.0
50;2025-09-20;12;0.0
50;2025-09-20;13;0.0
50;2025-09-20;14;0.0
50;2025-09-20;15;0.0
50;2025-09-20;16;0.0
50;2025-09-20;17;0.0
50;2025-09-20;18;0.0
50;2025-09-20;19;0.0
50;2025-09-20;20;0.0
50;2025-09-20;21;0.0
50;2025-09-20;22;0.0
50;2025-09-20;23;0.0
50;2025-09-21;0;0.0
50;2025-09-21;1;0.0
50;2025-09-21;2;0.0
50;2025-09-21;3;0.0
50;2025-09-21;4;0.0
50;2025-09-21;5;0.0
50;2025-09-21;6;0.0
50;2025-09-21;7;0.0
50;2025-09-21;8;0.0
50;2025-09-21;9;0.0
50;2025-09-21;10;0.0
50;2025-09-21;11;0.0
50;2025-09-21;12;0.0
50;2025-09-21;13;0.0
50;2025-09-21;14;0.0
50;2025-09-21;15;0.0
50;2025-09-21;16;0.0
50;2025-09-21;17;0.0
50;2025-09-21;18;0.0
50;2025-09-21;19;0.0
50;2025-09-21;20;0.0
50;2025-09-21;21;0.0
50;2025-09-21;22;0.0
50;2025-09-21;23;0.0
50;2025-09-22;0;27.606041420765123
50;2025-09-22;1;0.0
50;2025-09-22;2;0.0
50;2025-09-22;3;0.0
50;2025-09-22;4;0.0
50;2025-09-22;5;71.21343674413006
50;2025-09-22;6;630.3659794389855
50;2025-09-22;7;1819.2857383936234
50;2025-09-22;8;2498.609591730979
50;2025-09-22;9;1974.3331532368916
50;2025-09-22;10;1487.339571202372
50;2025-09-22;11;1444.958334215743
50;2025-09-22;12;1325.5217818269944
50;2025-09-22;13;1342.557735933006
50;2025-09-22;14;1410.2540501440533
50;2025-09-22;15;1471.1904240312947
50;2025-09-22;16;1481.3211665322633
50;2025-09-22;17;2081.4292663577025
50;2025-09-22;18;2448.2405470053736
50;2025-09-22;19;1475.518435206671
50;2025-09-22;20;896.464485720091
50;2025-09-22;21;534.6106887606218
50;2025-09-22;22;290.6783034409614
50;2025-09-22;23;136.6423395664301
50;2025-09-23;0;25.728612506266757
50;2025-09-23;1;0.0
50;2025-09-23;2;0.0
50;2025-09-23;3;0.0
50;2025-09-23;4;0.0
50;2025-09-23;5;61.63881861376662
50;2025-09-23;6;609.3911835286582
50;2025-09-23;7;1786.3833697777902
50;2025-09-23;8;2564.488201388178
50;2025-09-23;9;1967.0264766155706
50;2025-09-23;10;1509.5655417281928
50;2025-09-23;11;1279.9881409565146
50;2025-09-23;12;1331.3438021090265
50;2025-09-23;13;1260.2938995782754
50;2025-09-23;14;1279.6945253073727
50;2025-09-23;15;1476.2195770861786
50;2025-09-23;16;1538.89625790551
50;2025-09-23;17;2195.042197977944
50;2025-09-23;18;2475.273260409411
50;2025-09-23;19;1593.1305079035742
50;2025-09-23;20;895.9160063004165
50;2025-09-23;21;574.7580520132356
50;2025-09-23;22;267.9953340324517
50;2025-09-23;23;127.41626225495017
50;2025-09-24;0;30.572863276306574
50;2025-09-24;1;0.0
50;2025-09-24;2;0.0
50;2025-09-24;3;0.0
50;2025-09-24;4;0.0
50;2025-09-24;5;69.00347831200918
50;2025-09-24;6;603.5527853380613
50;2025-09-24;7;1892.0863932040177
50;2025-09-24;8;2559.585190559144
50;2025-09-24;9;2004.8540912476324
50;2025-09-24;10;1522.0356413825136
50;2025-09-24;11;1376.4935942122652
50;2025-09-24;12;1287.947823008882
50;2025-09-24;13;1321.2534428307608
50;2025-09-24;14;1372.8127835220912
50;2025-09-24;15;1528.5443533467826
50;2025-09-24;16;1697.980612513556
50;2025-09-24;17;2254.8057852379907
50;2025-09-24;18;2449.161015852685
50;2025-09-24;19;1569.345552294537
50;2025-09-24;20;933.0557226693938
50;2025-09-24;21;704.2604316784174
50;2025-09-24;22;299.12954285349804
50;2025-09-24;23;145.5235296017351
50;2025-09-25;0;38.66572242732585
50;2025-09-25;1;0.0
50;2025-09-25;2;0.0
50;2025-09-25;3;0.0
50;2025-09-25;4;0.0
50;2025-09-25;5;69.14241829960528
50;2025-09-25;6;632.0687563354627
50;2025-09-25;7;1801.2546982969088
50;2025-09-25;8;2532.1120432922953
50;2025-09-25;9;2033.290217451679
50;2025-09-25;10;1568.8558211805555
50;2025-09-25;11;1469.4647674587145
50;2025-09-25;12;1391.7342748191536
50;2025-09-25;13;1360.09265569749
50;2025-09-25;14;1320.5601172856868
50;2025-09-25;15;1464.8040037712672
50;2025-09-25;16;1685.842320452861
50;2025-09-25;17;2265.210383369448
50;2025-09-25;18;2494.474277641432
50;2025-09-25;19;1564.8817070801788
50;2025-09-25;20;965.3760364809598
50;2025-09-25;21;652.2168727819374
50;2025-09-25;22;309.81585576961015
50;2025-09-25;23;159.26614293913204
50;2025-09-26;0;43.611329807808374
50;2025-09-26;1;0.0
50;2025-09-26;2;0.0
50;2025-09-26;3;0.0
50;2025-09-26;4;0.0
50;2025-09-26;5;68.89759939835078
50;2025-09-26;6;614.4220499655653
50;2025-09-26;7;1701.6937047692445
50;2025-09-26;8;2431.434147195594
50;2025-09-26;9;1920.831831397837
50;2025-09-26;10;1520.9377510478835
50;2025-09-26;11;1497.8614647823938
50;2025-09-26;12;1454.713561135061
50;2025-09-26;13;1410.6699457206973
50;2025-09-26;14;1378.0340490957747
50;2025-09-26;15;1610.3997387679112
50;2025-09-26;16;1900.3003496337524
50;2025-09-26;17;2078.5107680411247
50;2025-09-26;18;1846.1860481766043
50;2025-09-26;19;1312.805035457579
50;2025-09-26;20;865.5364455856704
50;2025-09-26;21;586.4657374174242
50;2025-09-26;22;319.73828448280767
50;2025-09-26;23;182.37325183782343
50;2025-09-27;0;0.0
50;2025-09-27;1;0.0
50;2025-09-27;2;0.0
50;2025-09-27;3;0.0
50;2025-09-27;4;0.0
50;2025-09-27;5;0.0
50;2025-09-27;6;0.0
50;2025-09-27;7;0.0
50;2025-09-27;8;0.0
50;2025-09-27;9;0.0
50;2025-09-27;10;0.0
50;2025-09-27;11;0.0
50;2025-09-27;12;0.0
50;2025-09-27;13;0.0
50;2025-09-27;14;0.0
50;2025-09-27;15;0.0
50;2025-09-27;16;0.0
50;2025-09-27;17;0.0
50;2025-09-27;18;0.0
50;2025-09-27;19;0.0
50;2025-09-27;20;0.0
50;2025-09-27;21;0.0
50;2025-09-27;22;0.0
50;2025-09-27;23;0.0
50;2025-09-28;0;0.0
50;2025-09-28;1;0.0
50;2025-09-28;2;0.0
50;2025-09-28;3;0.0
50;2025-09-28;4;0.0
50;2025-09-28;5;0.0
50;2025-09-28;6;0.0
50;2025-09-28;7;0.0
50;2025-09-28;8;0.0
50;2025-09-28;9;0.0
50;2025-09-28;10;0.0
50;2025-09-28;11;0.0
50;2025-09-28;12;0.0
50;2025-09-28;13;0.0
50;2025-09-28;14;0.0
50;2025-09-28;15;0.0
50;2025-09-28;16;0.0
50;2025-09-28;17;0.0
50;2025-09-28;18;0.0
50;2025-09-28;19;0.0
50;2025-09-28;20;0.0
50;2025-09-28;21;0.0
50;2025-09-28;22;0.0
50;2025-09-28;23;0.0
50;2025-09-29;0;24.621986151155298
50;2025-09-29;1;0.0
50;2025-09-29;2;0.0
50;2025-09-29;3;0.0
50;2025-09-29;4;0.0
50;2025-09-29;5;68.25864728310805
50;2025-09-29;6;627.894643305882
50;2025-09-29;7;1819.1171649619855
50;2025-09-29;8;2497.8876590100504
50;2025-09-29;9;1965.1126456120774
50;2025-09-29;10;1478.9515434594841
50;2025-09-29;11;1436.7021942659662
50;2025-09-29;12;1319.3143754967882
50;2025-09-29;13;1337.8819611965912
50;2025-09-29;14;1410.5936623788953
50;2025-09-29;15;1474.0855870232651
50;2025-09-29;16;1482.1499732605034
50;2025-09-29;17;2086.745727768363
50;2025-09-29;18;2460.775648251377
50;2025-09-29;19;1486.0752072071668
50;2025-09-29;20;892.3703996290029
50;2025-09-29;21;520.256115532855
50;2025-09-29;22;281.95282087055955
50;2025-09-29;23;132.08414231959193
50;2025-09-30;0;25.791161161413363
50;2025-09-30;1;0.0
50;2025-09-30;2;0.0
50;2025-09-30;3;0.0
50;2025-09-30;4;0.0
50;2025-09-30;5;64.99022098936459
50;2025-09-30;6;647.7792499084321
50;2025-09-30;7;1879.2607855349002
50;2025-09-30;8;2665.9365469299655
50;2025-09-30;9;2055.0210186339273
50;2025-09-30;10;1573.3075832667355
50;2025-09-30;11;1339.2614407771453
50;2025-09-30;12;1396.62497029719
50;2025-09-30;13;1324.5595377976695
50;2025-09-30;14;1350.9294899819174
50;2025-09-30;15;1554.6737523456538
50;2025-09-30;16;1616.4439890042345
50;2025-09-30;17;2295.2990592637307
50;2025-09-30;18;2560.330508236899
50;2025-09-30;19;1663.305467750365
50;2025-09-30;20;936.4519245066696
50;2025-09-30;21;598.0356322877828
50;2025-09-30;22;275.9597495234148
50;2025-09-30;23;128.35952711486908
50;2025-10-01;0;29.89621458120414
50;2025-10-01;1;0.0
50;2025-10-01;2;0.0
50;2025-10-01;3;0.0
50;2025-10-01;4;0.0
50;2025-10-01;5;69.15272835893941
50;2025-10-01;6;619.6937804968379
50;2025-10-01;7;1923.1957649924134
50;2025-10-01;8;2575.463234287613
50;2025-10-01;9;2016.5032710691607
50;2025-10-01;10;1526.515542014275
50;2025-10-01;11;1382.1643098977722
50;2025-10-01;12;1294.6494845688926
50;2025-10-01;13;1325.1081524852655
50;2025-10-01;14;1380.2315013832142
50;2025-10-01;15;1534.414007029191
50;2025-10-01;16;1711.1386024561743
50;2025-10-01;17;2287.467426179112
50;2025-10-01;18;2472.939268531054
50;2025-10-01;19;1588.216577733387
50;2025-10-01;20;938.4502519332787
50;2025-10-01;21;705.6600974006931
50;2025-10-01;22;296.7257143655646
50;2025-10-01;23;140.7841574958478
50;2025-10-02;0;39.51416405262478
50;2025-10-02;1;0.0
50;2025-10-02;2;0.0
50;2025-10-02;3;0.0
50;2025-10-02;4;0.0
50;2025-10-02;5;73.372393335981
50;2025-10-02;6;659.161129355275
50;2025-10-02;7;1843.6000865414373
50;2025-10-02;8;2539.3633487111256
50;2025-10-02;9;2052.3083294986945
50;2025-10-02;10;1578.032546881121
50;2025-10-02;11;1481.7200116942681
50;2025-10-02;12;1408.6778400288285
50;2025-10-02;13;1377.5318216681135
50;2025-10-02;14;1343.2823205664818
50;2025-10-02;15;1487.433991545583
50;2025-10-02;16;1708.0107924796264
50;2025-10-02;17;2288.480920117431
50;2025-10-02;18;2517.362938204033
50;2025-10-02;19;1596.0884219584632
50;2025-10-02;20;983.2418843534083
50;2025-10-02;21;661.5028633966748
50;2025-10-02;22;313.57699685667296
50;2025-10-02;23;161.35697753287496
50;2025-10-03;0;42.82689960949584
50;2025-10-03;1;0.0
50;2025-10-03;2;0.0
50;2025-10-03;3;0.0
50;2025-10-03;4;0.0
50;2025-10-03;5;68.26249051279532
50;2025-10-03;6;614.4283811874332
50;2025-10-03;7;1692.2260437052826
50;2025-10-03;8;2401.7570512413963
50;2025-10-03;9;1894.7301086218554
50;2025-10-03;10;1498.9648978209316
50;2025-10-03;11;1475.7996278328171
50;2025-10-03;12;1433.6856451305773
50;2025-10-03;13;1390.7407946146063
50;2025-10-03;14;1357.283980060765
50;2025-10-03;15;1582.8412350940212
50;2025-10-03;16;1878.674813744724
50;2025-10-03;17;2066.7956024600526
50;2025-10-03;18;1838.1270468683836
50;2025-10-03;19;1299.4085752686015
50;2025-10-03;20;848.7296351534669
50;2025-10-03;21;570.0565767721964
50;2025-10-03;22;307.74911917818986
50;2025-10-03;23;177.65294787400182
50;2025-10-04;0;0.0
50;2025-10-04;1;0.0
50;2025-10-04;2;0.0
50;2025-10-04;3;0.0
50;2025-10-04;4;0.0
50;2025-10-04;5;0.0
50;2025-10-04;6;0.0
50;2025-10-04;7;0.0
50;2025-10-04;8;0.0
50;2025-10-04;9;0.0
50;2025-10-04;10;0.0
50;2025-10-04;11;0.0
50;2025-10-04;12;0.0
50;2025-10-04;13;0.0
50;2025-10-04;14;0.0
50;2025-10-04;15;0.0
50;2025-10-04;16;0.0
50;2025-10-04;17;0.0
50;2025-10-04;18;0.0
50;2025-10-04;19;0.0
50;2025-10-04;20;0.0
50;2025-10-04;21;0.0
50;2025-10-04;22;0.0
50;2025-10-04;23;0.0
50;2025-10-05;0;0.0
50;2025-10-05;1;0.0
50;2025-10-05;2;0.0
50;2025-10-05;3;0.0
50;2025-10-05;4;0.0
50;2025-10-05;5;0.0
50;2025-10-05;6;0.0
50;2025-10-05;7;0.0
50;2025-10-05;8;0.0
50;2025-10-05;9;0.0
50;2025-10-05;10;0.0
50;2025-10-05;11;0.0
50;2025-10-05;12;0.0
50;2025-10-05;13;0.0
50;2025-10-05;14;0.0
50;2025-10-05;15;0.0
50;2025-10-05;16;0.0
50;2025-10-05;17;0.0
50;2025-10-05;18;0.0
50;2025-10-05;19;0.0
50;2025-10-05;20;0.0
50;2025-10-05;21;0.0
50;2025-10-05;22;0.0
50;2025-10-05;23;0.0
50;2025-10-06;0;24.76409089181095
50;2025-10-06;1;0.0
50;2025-10-06;2;0.0
50;2025-10-06;3;0.0
50;2025-10-06;4;0.0
50;2025-10-06;5;65.5506379577736
50;2025-10-06;6;592.2464868726225
50;2025-10-06;7;1728.9897908641979
50;2025-10-06;8;2397.672618057033
50;2025-10-06;9;1876.7258714614497
50;2025-10-06;10;1411.2164312093814
50;2025-10-06;11;1362.4745023914106
50;2025-10-06;12;1242.771280841867
50;2025-10-06;13;1255.8786668157882
50;2025-10-06;14;1317.4207788956762
50;2025-10-06;15;1377.712422423445
50;2025-10-06;16;1392.7892011103859
50;2025-10-06;17;1980.0202480092257
50;2025-10-06;18;2358.427374291165
50;2025-10-06;19;1414.8383191126559
50;2025-10-06;20;848.2014834725563
50;2025-10-06;21;496.18679901728746
50;2025-10-06;22;271.45976624668833
50;2025-10-06;23;128.70495883709083
50;2025-10-07;0;25.86865973199277
50;2025-10-07;1;0.0
50;2025-10-07;2;0.0
50;2025-10-07;3;0.0
50;2025-10-07;4;0.0
50;2025-10-07;5;62.23136734688104
50;2025-10-07;6;612.7019950361317
50;2025-10-07;7;1800.2685779649119
50;2025-10-07;8;2589.261507488197
50;2025-10-07;9;1996.676900066126
50;2025-10-07;10;1532.3343532938459
50;2025-10-07;11;1299.6240554680053
50;2025-10-07;12;1348.5230993703406
50;2025-10-07;13;1274.848909139847
50;2025-10-07;14;1289.351311495892
50;2025-10-07;15;1488.758375943268
50;2025-10-07;16;1559.850284980388
50;2025-10-07;17;2236.1712028088205
50;2025-10-07;18;2492.172985423387
50;2025-10-07;19;1612.8265085820167
50;2025-10-07;20;913.6024184677291
50;2025-10-07;21;582.912958672451
50;2025-10-07;22;272.3735523331384
50;2025-10-07;23;129.82649589732588
50;2025-10-08;0;31.029918272850175
50;2025-10-08;1;0.0
50;2025-10-08;2;0.0
50;2025-10-08;3;0.0
50;2025-10-08;4;0.0
50;2025-10-08;5;68.37174488242083
50;2025-10-08;6;601.459322803162
50;2025-10-08;7;1906.6172962029175
50;2025-10-08;8;2599.2953063857503
50;2025-10-08;9;2045.6852141369025
50;2025-10-08;10;1555.856078401687
50;2025-10-08;11;1408.421357115918
50;2025-10-08;12;1314.022640496234
50;2025-10-08;13;1343.930608645685
50;2025-10-08;14;1386.170406829186
50;2025-10-08;15;1543.24821737322
50;2025-10-08;16;1727.2651192314574
50;2025-10-08;17;2307.3562833695005
50;2025-10-08;18;2463.387401517136
50;2025-10-08;19;1577.0965906488705
50;2025-10-08;20;942.3478409089211
50;2025-10-08;21;708.5824770451956
50;2025-10-08;22;303.3790088752103
50;2025-10-08;23;146.68607003824349
50;2025-10-09;0;40.29568863641866
50;2025-10-09;1;0.0
50;2025-10-09;2;0.0
50;2025-10-09;3;0.0
50;2025-10-09;4;0.0
50;2025-10-09;5;69.33326765450083
50;2025-10-09;6;632.0154218341538
50;2025-10-09;7;1819.7100611795852
50;2025-10-09;8;2576.035329844467
50;2025-10-09;9;2082.4139964221113
50;2025-10-09;10;1608.8965149118267
50;2025-10-09;11;1509.8559118893174
50;2025-10-09;12;1428.2288726912602
50;2025-10-09;13;1398.0004121141387
50;2025-10-09;14;1351.2900029799193
50;2025-10-09;15;1502.147242066616
50;2025-10-09;16;1734.5431608353906
50;2025-10-09;17;2329.5389419603453
50;2025-10-09;18;2525.245094065079
50;2025-10-09;19;1587.9006071313333
50;2025-10-09;20;987.4499999383888
50;2025-10-09;21;665.52502710509
50;2025-10-09;22;320.632943638539
50;2025-10-09;23;164.56375500707017
50;2025-10-10;0;43.323864616294514
50;2025-10-10;1;0.0
50;2025-10-10;2;0.0
50;2025-10-10;3;0.0
50;2025-10-10;4;0.0
50;2025-10-10;5;66.32116313434423
50;2025-10-10;6;598.8663142302157
50;2025-10-10;7;1680.045562976391
50;2025-10-10;8;2434.360394773433
50;2025-10-10;9;1923.5217920203638
50;2025-10-10;10;1525.797906221375
50;2025-10-10;11;1497.3189065531867
50;2025-10-10;12;1446.2889345705935
50;2025-10-10;13;1401.4301075755739
50;2025-10-10;14;1355.4884024905668
50;2025-10-10;15;1587.4326174762623
50;2025-10-10;16;1894.1172402412658
50;2025-10-10;17;2077.1084840998046
50;2025-10-10;18;1832.8235159157662
50;2025-10-10;19;1284.5595953683421
50;2025-10-10;20;850.5362429567588
50;2025-10-10;21;572.2937629204553
50;2025-10-10;22;310.9701984089867
50;2025-10-10;23;179.10026053237442
50;2025-10-11;0;0.0
50;2025-10-11;1;0.0
50;2025-10-11;2;0.0
50;2025-10-11;3;0.0
50;2025-10-11;4;0.0
50;2025-10-11;5;0.0
50;2025-10-11;6;0.0
50;2025-10-11;7;0.0
50;2025-10-11;8;0.0
50;2025-10-11;9;0.0
50;2025-10-11;10;0.0
50;2025-10-11;11;0.0
50;2025-10-11;12;0.0
50;2025-10-11;13;0.0
50;2025-10-11;14;0.0
50;2025-10-11;15;0.0
50;2025-10-11;16;0.0
50;2025-10-11;17;0.0
50;2025-10-11;18;0.0
50;2025-10-11;19;0.0
50;2025-10-11;20;0.0
50;2025-10-11;21;0.0
50;2025-10-11;22;0.0
50;2025-10-11;23;0.0
50;2025-10-12;0;0.0
50;2025-10-12;1;0.0
50;2025-10-12;2;0.0
50;2025-10-12;3;0.0
50;2025-10-12;4;0.0
50;2025-10-12;5;0.0
50;2025-10-12;6;0.0
50;2025-10-12;7;0.0
50;2025-10-12;8;0.0
50;2025-10-12;9;0.0
50;2025-10-12;10;0.0
50;2025-10-12;11;0.0
50;2025-10-12;12;0.0
50;2025-10-12;13;0.0
50;2025-10-12;14;0.0
50;2025-10-12;15;0.0
50;2025-10-12;16;0.0
50;2025-10-12;17;0.0
50;2025-10-12;18;0.0
50;2025-10-12;19;0.0
50;2025-10-12;20;0.0
50;2025-10-12;21;0.0
50;2025-10-12;22;0.0
50;2025-10-12;23;0.0
50;2025-10-13;0;23.175863863693092
50;2025-10-13;1;0.0
50;2025-10-13;2;0.0
50;2025-10-13;3;0.0
50;2025-10-13;4;0.0
50;2025-10-13;5;62.25923256758034
50;2025-10-13;6;575.6134728879342
50;2025-10-13;7;1672.0189084630997
50;2025-10-13;8;2314.806778568283
50;2025-10-13;9;1791.1250762023335
50;2025-10-13;10;1340.6862617953434
50;2025-10-13;11;1288.303358305082
50;2025-10-13;12;1169.3054073587778
50;2025-10-13;13;1177.3998705003362
50;2025-10-13;14;1239.4897541924624
50;2025-10-13;15;1293.897964808732
50;2025-10-13;16;1328.623930686739
50;2025-10-13;17;1891.8588907078326
50;2025-10-13;18;2226.9397776932547
50;2025-10-13;19;1340.912903591957
50;2025-10-13;20;802.3470896617944
50;2025-10-13;21;464.22556668672627
50;2025-10-13;22;251.0720249913362
50;2025-10-13;23;119.98988059896791
50;2025-10-14;0;24.3960950396749
50;2025-10-14;1;0.0
50;2025-10-14;2;0.0
50;2025-10-14;3;0.0
50;2025-10-14;4;0.0
50;2025-10-14;5;57.63092047891948
50;2025-10-14;6;594.3671738590767
50;2025-10-14;7;1762.5532397465026
50;2025-10-14;8;2545.3014490972973
50;2025-10-14;9;1926.7933328344334
50;2025-10-14;10;1477.8451990153187
50;2025-10-14;11;1255.5280661025033
50;2025-10-14;12;1306.681523147175
50;2025-10-14;13;1241.6521142180568
50;2025-10-14;14;1267.0767476171723
50;2025-10-14;15;1467.6480234495348
50;2025-10-14;16;1527.6842228182418
50;2025-10-14;17;2160.3885294610127
50;2025-10-14;18;2414.106812595499
50;2025-10-14;19;1552.9397917325355
50;2025-10-14;20;871.2022924771511
50;2025-10-14;21;553.2927971061378
50;2025-10-14;22;254.4957860406111
50;2025-10-14;23;118.50298746879915
50;2025-10-15;0;28.35189970757594
50;2025-10-15;1;0.0
50;2025-10-15;2;0.0
50;2025-10-15;3;0.0
50;2025-10-15;4;0.0
50;2025-10-15;5;60.761514213435845
50;2025-10-15;6;563.4290374361775
50;2025-10-15;7;1805.9303764758752
50;2025-10-15;8;2478.0314962057655
50;2025-10-15;9;1902.679151789095
50;2025-10-15;10;1445.1020727859304
50;2025-10-15;11;1305.0570093782226
50;2025-10-15;12;1217.3321158922445
50;2025-10-15;13;1250.2567386253124
50;2025-10-15;14;1301.7857457923226
50;2025-10-15;15;1459.262534206714
50;2025-10-15;16;1630.5878921022838
50;2025-10-15;17;2169.94474292827
50;2025-10-15;18;2340.2828861395783
50;2025-10-15;19;1484.8975069642454
50;2025-10-15;20;877.0977735877382
50;2025-10-15;21;657.5620948162428
50;2025-10-15;22;273.20227434589856
50;2025-10-15;23;130.5094805165279
50;2025-10-16;0;38.05206088766741
50;2025-10-16;1;0.0
50;2025-10-16;2;0.0
50;2025-10-16;3;0.0
50;2025-10-16;4;0.0
50;2025-10-16;5;66.61873807113874
50;2025-10-16;6;629.1306896760668
50;2025-10-16;7;1826.147617559935
50;2025-10-16;8;2590.1360756180798
50;2025-10-16;9;2053.9874721005895
50;2025-10-16;10;1583.5904973513366
50;2025-10-16;11;1488.7991314376918
50;2025-10-16;12;1413.0652288695069
50;2025-10-16;13;1391.6641494842393
50;2025-10-16;14;1365.8159434437289
50;2025-10-16;15;1527.7095993118182
50;2025-10-16;16;1750.8991632907141
50;2025-10-16;17;2329.844568395417
50;2025-10-16;18;2528.847535360937
50;2025-10-16;19;1583.409206554594
50;2025-10-16;20;974.7067971349397
50;2025-10-16;21;653.9421129734878
50;2025-10-16;22;305.6501055063302
50;2025-10-16;23;157.2965283683572
50;2025-10-17;0;41.344785426164265
50;2025-10-17;1;0.0
50;2025-10-17;2;0.0
50;2025-10-17;3;0.0
50;2025-10-17;4;0.0
50;2025-10-17;5;64.16824191941555
50;2025-10-17;6;582.3578542803058
50;2025-10-17;7;1640.8891092564584
50;2025-10-17;8;2371.758799742789
50;2025-10-17;9;1858.5522766797553
50;2025-10-17;10;1472.4843074271234
50;2025-10-17;11;1449.5461182623012
50;2025-10-17;12;1405.3574804503487
50;2025-10-17;13;1370.0360313328556
50;2025-10-17;14;1341.2496437349023
50;2025-10-17;15;1573.5772360498847
50;2025-10-17;16;1862.257507332105
50;2025-10-17;17;2014.514350251366
50;2025-10-17;18;1759.5476620765708
50;2025-10-17;19;1237.8709809407337
50;2025-10-17;20;817.9641634531612
50;2025-10-17;21;549.2546046126729
50;2025-10-17;22;294.15337772007285
50;2025-10-17;23;171.28294523914366
50;2025-10-18;0;0.0
50;2025-10-18;1;0.0
50;2025-10-18;2;0.0
50;2025-10-18;3;0.0
50;2025-10-18;4;0.0
50;2025-10-18;5;0.0
50;2025-10-18;6;0.0
50;2025-10-18;7;0.0
50;2025-10-18;8;0.0
50;2025-10-18;9;0.0
50;2025-10-18;10;0.0
50;2025-10-18;11;0.0
50;2025-10-18;12;0.0
50;2025-10-18;13;0.0
50;2025-10-18;14;0.0
50;2025-10-18;15;0.0
50;2025-10-18;16;0.0
50;2025-10-18;17;0.0
50;2025-10-18;18;0.0
50;2025-10-18;19;0.0
50;2025-10-18;20;0.0
50;2025-10-18;21;0.0
50;2025-10-18;22;0.0
50;2025-10-18;23;0.0
50;2025-10-19;0;0.0
50;2025-10-19;1;0.0
50;2025-10-19;2;0.0
50;2025-10-19;3;0.0
50;2025-10-19;4;0.0
50;2025-10-19;5;0.0
50;2025-10-19;6;0.0
50;2025-10-19;7;0.0
50;2025-10-19;8;0.0
50;2025-10-19;9;0.0
50;2025-10-19;10;0.0
50;2025-10-19;11;0.0
50;2025-10-19;12;0.0
50;2025-10-19;13;0.0
50;2025-10-19;14;0.0
50;2025-10-19;15;0.0
50;2025-10-19;16;0.0
50;2025-10-19;17;0.0
50;2025-10-19;18;0.0
50;2025-10-19;19;0.0
50;2025-10-19;20;0.0
50;2025-10-19;21;0.0
50;2025-10-19;22;0.0
50;2025-10-19;23;0.0
50;2025-10-20;0;23.47214077887523
50;2025-10-20;1;0.0
50;2025-10-20;2;0.0
50;2025-10-20;3;0.0
50;2025-10-20;4;0.0
50;2025-10-20;5;64.2666884645093
50;2025-10-20;6;606.3998682782574
50;2025-10-20;7;1793.3837424097
50;2025-10-20;8;2486.783253654824
50;2025-10-20;9;1937.5278510088535
50;2025-10-20;10;1459.7387868265535
50;2025-10-20;11;1425.4638480628896
50;2025-10-20;12;1312.2751040913063
50;2025-10-20;13;1334.3861946193551
50;2025-10-20;14;1415.342345618847
50;2025-10-20;15;1487.211707441353
50;2025-10-20;16;1500.8476621094633
50;2025-10-20;17;2108.012045821806
50;2025-10-20;18;2444.3246784397115
50;2025-10-20;19;1461.1553360550704
50;2025-10-20;20;871.6988231059988
50;2025-10-20;21;503.6737012678211
50;2025-10-20;22;269.88857289893645
50;2025-10-20;23;127.57912532017497
50;2025-10-21;0;24.72547454111688
50;2025-10-21;1;0.0
50;2025-10-21;2;0.0
50;2025-10-21;3;0.0
50;2025-10-21;4;0.0
50;2025-10-21;5;59.15172495020916
50;2025-10-21;6;608.6742347721772
50;2025-10-21;7;1811.010904501352
50;2025-10-21;8;2612.1767933486
50;2025-10-21;9;1983.5454968548243
50;2025-10-21;10;1523.5852100381514
50;2025-10-21;11;1299.7855587027143
50;2025-10-21;12;1358.8934865486244
50;2025-10-21;13;1295.690548366278
50;2025-10-21;14;1330.1110909992112
50;2025-10-21;15;1540.336272157047
50;2025-10-21;16;1594.493401758903
50;2025-10-21;17;2250.6044817155544
50;2025-10-21;18;2509.68821386524
50;2025-10-21;19;1616.295141882616
50;2025-10-21;20;906.5102485550224
50;2025-10-21;21;575.8193998788377
50;2025-10-21;22;264.07709708222023
50;2025-10-21;23;123.34154951384194
50;2025-10-22;0;29.120631314912725
50;2025-10-22;1;0.0
50;2025-10-22;2;0.0
50;2025-10-22;3;0.0
50;2025-10-22;4;0.0
50;2025-10-22;5;65.68781997262207
50;2025-10-22;6;603.0371260294487
50;2025-10-22;7;1938.8139730991124
50;2025-10-22;8;2645.914171352368
50;2025-10-22;9;2040.9616912497145
50;2025-10-22;10;1551.4251286559697
50;2025-10-22;11;1412.2606460396996
50;2025-10-22;12;1328.2809270194875
50;2025-10-22;13;1370.3093444380474
50;2025-10-22;14;1438.7132487069885
50;2025-10-22;15;1611.9483507175605
50;2025-10-22;16;1787.3746139930645
50;2025-10-22;17;2366.693183649764
50;2025-10-22;18;2536.427189108479
50;2025-10-22;19;1608.8167044024142
50;2025-10-22;20;946.6650720675824
50;2025-10-22;21;708.4848250090652
50;2025-10-22;22;293.5630049479519
50;2025-10-22;23;139.99953166940793
50;2025-10-23;0;38.192389959284334
50;2025-10-23;1;0.0
50;2025-10-23;2;0.0
50;2025-10-23;3;0.0
50;2025-10-23;4;0.0
50;2025-10-23;5;67.25300114054407
50;2025-10-23;6;636.6425554636076
50;2025-10-23;7;1848.6752884390994
50;2025-10-23;8;2614.818472323047
50;2025-10-23;9;2076.2669622073854
50;2025-10-23;10;1601.9392867791346
50;2025-10-23;11;1509.253220239092
50;2025-10-23;12;1435.3625770792382
50;2025-10-23;13;1411.0342159813076
50;2025-10-23;14;1385.0586605836268
50;2025-10-23;15;1547.1780360084585
50;2025-10-23;16;1776.1714079603444
50;2025-10-23;17;2372.079469060094
50;2025-10-23;18;2573.7174752206092
50;2025-10-23;19;1605.5730357201292
50;2025-10-23;20;983.3110656146004
50;2025-10-23;21;658.1998692003081
50;2025-10-23;22;306.75035787678576
50;2025-10-23;23;158.08952526144748
50;2025-10-24;0;41.62988097899555
50;2025-10-24;1;0.0
50;2025-10-24;2;0.0
50;2025-10-24;3;0.0
50;2025-10-24;4;0.0
50;2025-10-24;5;65.13455932868894
50;2025-10-24;6;594.8069730600442
50;2025-10-24;7;1678.9550038508908
50;2025-10-24;8;2420.44821583074
50;2025-10-24;9;1889.5644534485841
50;2025-10-24;10;1497.3492622872652
50;2025-10-24;11;1477.4805292938458
50;2025-10-24;12;1436.9405484827946
50;2025-10-24;13;1401.1657417167378
50;2025-10-24;14;1375.6250434993399
50;2025-10-24;15;1614.987546981646
50;2025-10-24;16;1914.8356013966459
50;2025-10-24;17;2092.509016344233
50;2025-10-24;18;1843.806024425563
50;2025-10-24;19;1280.662538162404
50;2025-10-24;20;835.1143484431003
50;2025-10-24;21;557.9323979825019
50;2025-10-24;22;297.2712837469637
50;2025-10-24;23;173.66169947125846
50;2025-10-25;0;0.0
50;2025-10-25;1;0.0
50;2025-10-25;2;0.0
50;2025-10-25;3;0.0
50;2025-10-25;4;0.0
50;2025-10-25;5;0.0
50;2025-10-25;6;0.0
50;2025-10-25;7;0.0
50;2025-10-25;8;0.0
50;2025-10-25;9;0.0
50;2025-10-25;10;0.0
50;2025-10-25;11;0.0
50;2025-10-25;12;0.0
50;2025-10-25;13;0.0
50;2025-10-25;14;0.0
50;2025-10-25;15;0.0
50;2025-10-25;16;0.0
50;2025-10-25;17;0.0
50;2025-10-25;18;0.0
50;2025-10-25;19;0.0
50;2025-10-25;20;0.0
50;2025-10-25;21;0.0
50;2025-10-25;22;0.0
50;2025-10-25;23;0.0
50;2025-10-26;0;0.0
50;2025-10-26;1;0.0
50;2025-10-26;2;0.0
50;2025-10-26;3;0.0
50;2025-10-26;4;0.0
50;2025-10-26;5;0.0
50;2025-10-26;6;0.0
50;2025-10-26;7;0.0
50;2025-10-26;8;0.0
50;2025-10-26;9;0.0
50;2025-10-26;10;0.0
50;2025-10-26;11;0.0
50;2025-10-26;12;0.0
50;2025-10-26;13;0.0
50;2025-10-26;14;0.0
50;2025-10-26;15;0.0
50;2025-10-26;16;0.0
50;2025-10-26;17;0.0
50;2025-10-26;18;0.0
50;2025-10-26;19;0.0
50;2025-10-26;20;0.0
50;2025-10-26;21;0.0
50;2025-10-26;22;0.0
50;2025-10-26;23;0.0
50;2025-10-27;0;23.37807335595921
50;2025-10-27;1;0.0
50;2025-10-27;2;0.0
50;2025-10-27;3;0.0
50;2025-10-27;4;0.0
50;2025-10-27;5;64.11154376691327
50;2025-10-27;6;602.9720042303127
50;2025-10-27;7;1774.9996516610552
50;2025-10-27;8;2451.106118663687
50;2025-10-27;9;1904.3035669770804
50;2025-10-27;10;1433.0614919991604
50;2025-10-27;11;1397.5931754253172
50;2025-10-27;12;1288.2961831840207
50;2025-10-27;13;1312.43842528172
50;2025-10-27;14;1395.7914426826203
50;2025-10-27;15;1467.937031229652
50;2025-10-27;16;1472.4999154948723
50;2025-10-27;17;2057.3166950063696
50;2025-10-27;18;2406.331934578082
50;2025-10-27;19;1445.627078131633
50;2025-10-27;20;862.2810220929773
50;2025-10-27;21;498.1204980677403
50;2025-10-27;22;267.1853039261673
50;2025-10-27;23;126.30911756600784
50;2025-10-28;0;24.32602047375168
50;2025-10-28;1;0.0
50;2025-10-28;2;0.0
50;2025-10-28;3;0.0
50;2025-10-28;4;0.0
50;2025-10-28;5;58.358361163051015
50;2025-10-28;6;601.786567485228
50;2025-10-28;7;1783.4298255187962
50;2025-10-28;8;2563.855415558443
50;2025-10-28;9;1945.260744372555
50;2025-10-28;10;1492.5582435094125
50;2025-10-28;11;1270.7105980126025
50;2025-10-28;12;1326.3489420527994
50;2025-10-28;13;1260.0232152549781
50;2025-10-28;14;1290.4768965702601
50;2025-10-28;15;1487.1805890866908
50;2025-10-28;16;1550.5755048734259
50;2025-10-28;17;2190.8676994820644
50;2025-10-28;18;2439.9200433080287
50;2025-10-28;19;1567.774211061605
50;2025-10-28;20;876.5159854302408
50;2025-10-28;21;555.3649885507915
50;2025-10-28;22;252.60172317064135
50;2025-10-28;23;118.70795776211331
50;2025-10-29;0;28.98711907504444
50;2025-10-29;1;0.0
50;2025-10-29;2;0.0
50;2025-10-29;3;0.0
50;2025-10-29;4;0.0
50;2025-10-29;5;63.01011300192533
50;2025-10-29;6;580.3113165942998
50;2025-10-29;7;1860.9815766384672
50;2025-10-29;8;2539.844953522177
50;2025-10-29;9;1957.2438930493608
50;2025-10-29;10;1485.402850734275
50;2025-10-29;11;1346.9050750212016
50;2025-10-29;12;1262.7202114515703
50;2025-10-29;13;1302.2835529104486
50;2025-10-29;14;1366.3839940688024
50;2025-10-29;15;1533.4671851083128
50;2025-10-29;16;1701.8685938523497
50;2025-10-29;17;2254.7170945740327
50;2025-10-29;18;2424.0198053555614
50;2025-10-29;19;1544.4376759780885
50;2025-10-29;20;912.3538928887892
50;2025-10-29;21;682.8207312181312
50;2025-10-29;22;285.86445828798355
50;2025-10-29;23;137.581370037814
50;2025-10-30;0;37.48124397581847
50;2025-10-30;1;0.0
50;2025-10-30;2;0.0
50;2025-10-30;3;0.0
50;2025-10-30;4;0.0
50;2025-10-30;5;64.5283719381948
50;2025-10-30;6;617.3783673913595
50;2025-10-30;7;1791.959631515109
50;2025-10-30;8;2531.545910767054
50;2025-10-30;9;2018.499341015884
50;2025-10-30;10;1557.578490378427
50;2025-10-30;11;1465.2102655415858
50;2025-10-30;12;1392.535937017641
50;2025-10-30;13;1363.8126398265981
50;2025-10-30;14;1333.9259682627817
50;2025-10-30;15;1490.7903108840867
50;2025-10-30;16;1719.5593977380972
50;2025-10-30;17;2315.6191422581287
50;2025-10-30;18;2512.0117356672804
50;2025-10-30;19;1562.8721450542407
50;2025-10-30;20;955.7522582808733
50;2025-10-30;21;639.2778287566912
50;2025-10-30;22;300.0114811521811
50;2025-10-30;23;155.65910807281597
50;2025-10-31;0;40.14924660702572
50;2025-10-31;1;0.0
50;2025-10-31;2;0.0
50;2025-10-31;3;0.0
50;2025-10-31;4;0.0
50;2025-10-31;5;61.89045871095354
50;2025-10-31;6;583.5939458247553
50;2025-10-31;7;1638.267905998225
50;2025-10-31;8;2356.842385641884
50;2025-10-31;9;1836.3746894473747
50;2025-10-31;10;1449.494404584208
50;2025-10-31;11;1422.883269649673
50;2025-10-31;12;1377.8126405942157
50;2025-10-31;13;1338.618072031234
50;2025-10-31;14;1309.4344461968317
50;2025-10-31;15;1531.7324849393513
50;2025-10-31;16;1833.7101675028307
50;2025-10-31;17;2009.4125641702874
50;2025-10-31;18;1770.5644916862957
50;2025-10-31;19;1234.5718241936413
50;2025-10-31;20;807.4514956261751
50;2025-10-31;21;539.6872626068339
50;2025-10-31;22;287.1649796264229
50;2025-10-31;23;167.5578951476219
50;2025-11-01;0;0.0
50;2025-11-01;1;0.0
50;2025-11-01;2;0.0
50;2025-11-01;3;0.0
50;2025-11-01;4;0.0
50;2025-11-01;5;0.0
50;2025-11-01;6;0.0
50;2025-11-01;7;0.0
50;2025-11-01;8;0.0
50;2025-11-01;9;0.0
50;2025-11-01;10;0.0
50;2025-11-01;11;0.0
50;2025-11-01;12;0.0
50;2025-11-01;13;0.0
50;2025-11-01;14;0.0
50;2025-11-01;15;0.0
50;2025-11-01;16;0.0
50;2025-11-01;17;0.0
50;2025-11-01;18;0.0
50;2025-11-01;19;0.0
50;2025-11-01;20;0.0
50;2025-11-01;21;0.0
50;2025-11-01;22;0.0
50;2025-11-01;23;0.0
50;2025-11-02;0;0.0
50;2025-11-02;1;0.0
50;2025-11-02;2;0.0
50;2025-11-02;3;0.0
50;2025-11-02;4;0.0
50;2025-11-02;5;0.0
50;2025-11-02;6;0.0
50;2025-11-02;7;0.0
50;2025-11-02;8;0.0
50;2025-11-02;9;0.0
50;2025-11-02;10;0.0
50;2025-11-02;11;0.0
50;2025-11-02;12;0.0
50;2025-11-02;13;0.0
50;2025-11-02;14;0.0
50;2025-11-02;15;0.0
50;2025-11-02;16;0.0
50;2025-11-02;17;0.0
50;2025-11-02;18;0.0
50;2025-11-02;19;0.0
50;2025-11-02;20;0.0
50;2025-11-02;21;0.0
50;2025-11-02;22;0.0
50;2025-11-02;23;0.0
50;2025-11-03;0;48.74012027468956
50;2025-11-03;1;0.0
50;2025-11-03;2;0.0
50;2025-11-03;3;0.0
50;2025-11-03;4;0.0
50;2025-11-03;5;24.660505553057952
50;2025-11-03;6;170.31330517358833
50;2025-11-03;7;318.506524721622
50;2025-11-03;8;423.6394067585803
50;2025-11-03;9;490.97339150929133
50;2025-11-03;10;516.0424769506684
50;2025-11-03;11;635.578346706505
50;2025-11-03;12;705.7422008753113
50;2025-11-03;13;750.9278811383608
50;2025-11-03;14;772.7538381044927
50;2025-11-03;15;733.6768527364043
50;2025-11-03;16;730.0809879409942
50;2025-11-03;17;756.1113116137052
50;2025-11-03;18;709.0014430835352
50;2025-11-03;19;619.7289826911187
50;2025-11-03;20;456.7386936143365
50;2025-11-03;21;355.3007270565889
50;2025-11-03;22;210.65469381075965
50;2025-11-03;23;122.79410251753332
