route;date;hour;prediction
1;2025-05-29;0;9.048631055340124
1;2025-05-29;1;0.0
1;2025-05-29;2;0.0
1;2025-05-29;3;0.0
1;2025-05-29;4;0.0
1;2025-05-29;5;88.72546250876263
1;2025-05-29;6;561.7355926812867
1;2025-05-29;7;1453.2601734776517
1;2025-05-29;8;1959.2675136064163
1;2025-05-29;9;1476.752127888778
1;2025-05-29;10;1392.0327698330448
1;2025-05-29;11;1343.3897041823743
1;2025-05-29;12;1348.200053835716
1;2025-05-29;13;1331.942290944068
1;2025-05-29;14;1308.8030257993978
1;2025-05-29;15;1375.3797972221341
1;2025-05-29;16;1472.0451950049842
1;2025-05-29;17;1755.3740373255268
1;2025-05-29;18;1822.4477754263582
1;2025-05-29;19;1406.634620095614
1;2025-05-29;20;967.4914478428111
1;2025-05-29;21;570.1230093078834
1;2025-05-29;22;312.611761322395
1;2025-05-29;23;61.47192666641246
1;2025-05-30;0;7.46892463999859
1;2025-05-30;1;0.0
1;2025-05-30;2;0.0
1;2025-05-30;3;0.0
1;2025-05-30;4;0.0
1;2025-05-30;5;88.76549779897815
1;2025-05-30;6;529.108074861464
1;2025-05-30;7;1433.733521424254
1;2025-05-30;8;1842.4025937148508
1;2025-05-30;9;1437.011596412556
1;2025-05-30;10;1351.5706538166366
1;2025-05-30;11;1364.080856171196
1;2025-05-30;12;1328.0434126442233
1;2025-05-30;13;1331.5384391533162
1;2025-05-30;14;1288.2746556643187
1;2025-05-30;15;1414.9355373145079
1;2025-05-30;16;1538.644502180784
1;2025-05-30;17;1683.492684172993
1;2025-05-30;18;1567.1194034405326
1;2025-05-30;19;1230.6097386986776
1;2025-05-30;20;903.7731301086187
1;2025-05-30;21;566.9384904284349
1;2025-05-30;22;326.1742419887562
1;2025-05-30;23;69.52063253805642
1;2025-05-31;0;8.009792343253572
1;2025-05-31;1;0.0
1;2025-05-31;2;0.0
1;2025-05-31;3;0.0
1;2025-05-31;4;0.0
1;2025-05-31;5;34.8342285488121
1;2025-05-31;6;186.59315462186018
1;2025-05-31;7;349.0176145237408
1;2025-05-31;8;498.198414823328
1;2025-05-31;9;731.8424384240831
1;2025-05-31;10;782.3840551328459
1;2025-05-31;11;764.1998579035744
1;2025-05-31;12;874.0098884394677
1;2025-05-31;13;869.7360653472103
1;2025-05-31;14;838.3158460351906
1;2025-05-31;15;756.8813037190052
1;2025-05-31;16;708.7916715188255
1;2025-05-31;17;692.3243485225182
1;2025-05-31;18;669.4047523595241
1;2025-05-31;19;651.8624791600373
1;2025-05-31;20;495.45826594491166
1;2025-05-31;21;354.18106549875085
1;2025-05-31;22;199.5780973502435
1;2025-05-31;23;46.59909382084604
1;2025-06-01;0;4.241144525714312
1;2025-06-01;1;0.0
1;2025-06-01;2;0.0
1;2025-06-01;3;0.0
1;2025-06-01;4;0.0
1;2025-06-01;5;28.688928107341447
1;2025-06-01;6;143.5634777043009
1;2025-06-01;7;264.6018196967286
1;2025-06-01;8;383.1917513744429
1;2025-06-01;9;591.7809549853923
1;2025-06-01;10;675.2839534062675
1;2025-06-01;11;681.9913086751081
1;2025-06-01;12;764.9470662464433
1;2025-06-01;13;764.9870855773399
1;2025-06-01;14;717.6301259600295
1;2025-06-01;15;651.8169908634286
1;2025-06-01;16;630.5943481433826
1;2025-06-01;17;602.0642000103144
1;2025-06-01;18;583.5847637256287
1;2025-06-01;19;524.3560339778451
1;2025-06-01;20;406.27113141891175
1;2025-06-01;21;299.99676742831593
1;2025-06-01;22;151.05032745307625
1;2025-06-01;23;40.28141681941045
1;2025-06-02;0;1.5904937999841118
1;2025-06-02;1;0.0
1;2025-06-02;2;0.0
1;2025-06-02;3;0.0
1;2025-06-02;4;0.0
1;2025-06-02;5;91.18660127962438
1;2025-06-02;6;549.1484843870587
1;2025-06-02;7;1396.9376195274726
1;2025-06-02;8;1847.6079856048545
1;2025-06-02;9;1404.911717557079
1;2025-06-02;10;1256.4679923301687
1;2025-06-02;11;1259.0741635368945
1;2025-06-02;12;1264.9035301112303
1;2025-06-02;13;1262.1395712946369
1;2025-06-02;14;1237.9437769666988
1;2025-06-02;15;1318.1501901724166
1;2025-06-02;16;1426.6704034336285
1;2025-06-02;17;1712.550631150716
1;2025-06-02;18;1806.0459179581808
1;2025-06-02;19;1417.496672868585
1;2025-06-02;20;933.5872426254809
1;2025-06-02;21;523.0728956978717
1;2025-06-02;22;273.5654015938005
1;2025-06-02;23;43.82411516672758
1;2025-06-03;0;5.005948224046614
1;2025-06-03;1;0.0
1;2025-06-03;2;0.0
1;2025-06-03;3;0.0
1;2025-06-03;4;0.0
1;2025-06-03;5;88.34328000931252
1;2025-06-03;6;549.8027762029787
1;2025-06-03;7;1452.4015595648007
1;2025-06-03;8;1875.8091523685894
1;2025-06-03;9;1482.09987364902
1;2025-06-03;10;1351.2470948044906
1;2025-06-03;11;1315.509561907822
1;2025-06-03;12;1289.819623035014
1;2025-06-03;13;1328.5320839533451
1;2025-06-03;14;1266.9791179669842
1;2025-06-03;15;1325.5652624618283
1;2025-06-03;16;1403.554228417209
1;2025-06-03;17;1689.6104566469307
1;2025-06-03;18;1787.3689128701753
1;2025-06-03;19;1436.8889465275374
1;2025-06-03;20;976.3705950985986
1;2025-06-03;21;527.467401371118
1;2025-06-03;22;299.41450692690694
1;2025-06-03;23;48.94341763001902
1;2025-06-04;0;4.44758487509775
1;2025-06-04;1;0.0
1;2025-06-04;2;0.0
1;2025-06-04;3;0.0
1;2025-06-04;4;0.0
1;2025-06-04;5;90.04316403378525
1;2025-06-04;6;540.9067686675339
1;2025-06-04;7;1443.6980512178998
1;2025-06-04;8;1963.193921620528
1;2025-06-04;9;1477.4275299384758
1;2025-06-04;10;1356.6841531287437
1;2025-06-04;11;1326.3774570814185
1;2025-06-04;12;1327.5472818383369
1;2025-06-04;13;1358.1960850712398
1;2025-06-04;14;1320.080254930168
1;2025-06-04;15;1399.829504133184
1;2025-06-04;16;1485.3074158981326
1;2025-06-04;17;1759.4584502632574
1;2025-06-04;18;1842.554576380087
1;2025-06-04;19;1431.8531022127038
1;2025-06-04;20;973.4587386662324
1;2025-06-04;21;580.9350544999161
1;2025-06-04;22;322.06910137202306
1;2025-06-04;23;55.03886979345517
1;2025-06-05;0;8.811338913133113
1;2025-06-05;1;0.0
1;2025-06-05;2;0.0
1;2025-06-05;3;0.0
1;2025-06-05;4;0.0
1;2025-06-05;5;88.1517189890943
1;2025-06-05;6;556.3233955525257
1;2025-06-05;7;1440.8384109363928
1;2025-06-05;8;1942.0219961634948
1;2025-06-05;9;1458.7085872352122
1;2025-06-05;10;1384.9076720166254
1;2025-06-05;11;1335.8276764463444
1;2025-06-05;12;1346.628270754974
1;2025-06-05;13;1340.875750602069
1;2025-06-05;14;1317.4720102021668
1;2025-06-05;15;1380.7728711841978
1;2025-06-05;16;1487.373447794899
1;2025-06-05;17;1759.1684460163694
1;2025-06-05;18;1837.0071452804857
1;2025-06-05;19;1400.4391954091475
1;2025-06-05;20;963.4725820545736
1;2025-06-05;21;568.4418647190046
1;2025-06-05;22;310.9297970749662
1;2025-06-05;23;61.59823931344705
1;2025-06-06;0;7.2950443674101955
1;2025-06-06;1;0.0
1;2025-06-06;2;0.0
1;2025-06-06;3;0.0
1;2025-06-06;4;0.0
1;2025-06-06;5;87.91851807908677
1;2025-06-06;6;522.9416177436203
1;2025-06-06;7;1421.5923694591604
1;2025-06-06;8;1828.29470928796
1;2025-06-06;9;1422.2873886400907
1;2025-06-06;10;1343.7573154824988
1;2025-06-06;11;1356.7638213197379
1;2025-06-06;12;1325.2659099052348
1;2025-06-06;13;1331.5536151779604
1;2025-06-06;14;1288.9598269563144
1;2025-06-06;15;1412.3592775924112
1;2025-06-06;16;1539.7195636235588
1;2025-06-06;17;1681.8942478238348
1;2025-06-06;18;1573.58046280103
1;2025-06-06;19;1228.2314810331993
1;2025-06-06;20;903.2657042297725
1;2025-06-06;21;566.8767419283437
1;2025-06-06;22;327.1539179370151
1;2025-06-06;23;69.76348798081739
1;2025-06-07;0;7.690572778955078
1;2025-06-07;1;0.0
1;2025-06-07;2;0.0
1;2025-06-07;3;0.0
1;2025-06-07;4;0.0
1;2025-06-07;5;33.56324058976903
1;2025-06-07;6;180.5500660941168
1;2025-06-07;7;335.8155307454108
1;2025-06-07;8;481.4707905771354
1;2025-06-07;9;701.8039862279818
1;2025-06-07;10;746.0771295829579
1;2025-06-07;11;722.6690815602099
1;2025-06-07;12;830.7092015066169
1;2025-06-07;13;825.1774302484687
1;2025-06-07;14;795.7203675499062
1;2025-06-07;15;718.7307617367246
1;2025-06-07;16;674.6938005574425
1;2025-06-07;17;659.5767531624381
1;2025-06-07;18;635.1144006786561
1;2025-06-07;19;618.9409913940642
1;2025-06-07;20;471.6490754651219
1;2025-06-07;21;336.7733960871881
1;2025-06-07;22;190.5576654959147
1;2025-06-07;23;44.579303577755375
1;2025-06-08;0;4.185109669619074
1;2025-06-08;1;0.0
1;2025-06-08;2;0.0
1;2025-06-08;3;0.0
1;2025-06-08;4;0.0
1;2025-06-08;5;28.631445806606457
1;2025-06-08;6;146.8143000699035
1;2025-06-08;7;275.0637821824906
1;2025-06-08;8;382.87641147583525
1;2025-06-08;9;570.7569134604022
1;2025-06-08;10;648.0808885862511
1;2025-06-08;11;650.9447453748571
1;2025-06-08;12;730.6784968047932
1;2025-06-08;13;730.097398149694
1;2025-06-08;14;685.4381594528795
1;2025-06-08;15;623.764335589744
1;2025-06-08;16;603.7154529536756
1;2025-06-08;17;577.3963836948726
1;2025-06-08;18;561.7079431459633
1;2025-06-08;19;509.35142734745875
1;2025-06-08;20;396.70667517113986
1;2025-06-08;21;292.10088585950444
1;2025-06-08;22;148.46912888992244
1;2025-06-08;23;40.054383532687595
1;2025-06-09;0;2.817641830728535
1;2025-06-09;1;0.0
1;2025-06-09;2;0.0
1;2025-06-09;3;0.0
1;2025-06-09;4;0.0
1;2025-06-09;5;90.1887553816851
1;2025-06-09;6;540.4853495191364
1;2025-06-09;7;1376.220965763911
1;2025-06-09;8;1819.0813358561168
1;2025-06-09;9;1387.2848639776605
1;2025-06-09;10;1236.614228504417
1;2025-06-09;11;1238.511735371877
1;2025-06-09;12;1243.4403424915286
1;2025-06-09;13;1237.7935123902103
1;2025-06-09;14;1212.7754419437779
1;2025-06-09;15;1291.1025547215113
1;2025-06-09;16;1396.6547987198537
1;2025-06-09;17;1682.700045332188
1;2025-06-09;18;1770.3521459285248
1;2025-06-09;19;1388.2843223457949
1;2025-06-09;20;920.9608581404916
1;2025-06-09;21;515.7898745403209
1;2025-06-09;22;270.0394759196561
1;2025-06-09;23;43.41271617498889
1;2025-06-10;0;3.8938102744923513
1;2025-06-10;1;0.0
1;2025-06-10;2;0.0
1;2025-06-10;3;0.0
1;2025-06-10;4;0.0
1;2025-06-10;5;89.5344886466502
1;2025-06-10;6;553.869733601677
1;2025-06-10;7;1472.3718701336115
1;2025-06-10;8;1902.8220788426283
1;2025-06-10;9;1488.669152937343
1;2025-06-10;10;1364.1668681102492
1;2025-06-10;11;1329.7740883436284
1;2025-06-10;12;1305.39669385189
1;2025-06-10;13;1347.271508950265
1;2025-06-10;14;1288.3487626362037
1;2025-06-10;15;1354.233106340504
1;2025-06-10;16;1428.8702879166542
1;2025-06-10;17;1715.3557877474634
1;2025-06-10;18;1811.519087711719
1;2025-06-10;19;1446.2848204116026
1;2025-06-10;20;982.9038849237154
1;2025-06-10;21;529.9850217971955
1;2025-06-10;22;302.5799052715766
1;2025-06-10;23;48.978233808243345
1;2025-06-11;0;4.518370229932433
1;2025-06-11;1;0.0
1;2025-06-11;2;0.0
1;2025-06-11;3;0.0
1;2025-06-11;4;0.0
1;2025-06-11;5;89.47704891360883
1;2025-06-11;6;536.0671399758477
1;2025-06-11;7;1432.38234665644
1;2025-06-11;8;1946.5677217364582
1;2025-06-11;9;1464.3589314582136
1;2025-06-11;10;1343.5099962543936
1;2025-06-11;11;1313.1814070979508
1;2025-06-11;12;1313.5008667273403
1;2025-06-11;13;1341.9729887779017
1;2025-06-11;14;1304.8823574433686
1;2025-06-11;15;1383.4836220814113
1;2025-06-11;16;1462.9253943239012
1;2025-06-11;17;1734.341926337483
1;2025-06-11;18;1809.6444428273571
1;2025-06-11;19;1408.8727450186477
1;2025-06-11;20;958.9856095743655
1;2025-06-11;21;570.7426723957492
1;2025-06-11;22;317.64364866428514
1;2025-06-11;23;54.630515509554996
1;2025-06-12;0;5.9039324647492855
1;2025-06-12;1;0.0
1;2025-06-12;2;0.0
1;2025-06-12;3;0.0
1;2025-06-12;4;0.0
1;2025-06-12;5;30.659405599195793
1;2025-06-12;6;154.0081201670132
1;2025-06-12;7;283.8088221249093
1;2025-06-12;8;386.6338873791822
1;2025-06-12;9;592.0719967364513
1;2025-06-12;10;656.6781483090136
1;2025-06-12;11;645.0053902443367
1;2025-06-12;12;753.8509935935531
1;2025-06-12;13;761.1692882620587
1;2025-06-12;14;730.7291684248756
1;2025-06-12;15;662.9375912373482
1;2025-06-12;16;638.6405130518935
1;2025-06-12;17;618.4591197306829
1;2025-06-12;18;601.296809856599
1;2025-06-12;19;563.4167151906651
1;2025-06-12;20;427.5864774470599
1;2025-06-12;21;307.0147041263526
1;2025-06-12;22;169.92551722591395
1;2025-06-12;23;43.9098556534207
1;2025-06-13;0;5.68103005605693
1;2025-06-13;1;0.0
1;2025-06-13;2;0.0
1;2025-06-13;3;0.0
1;2025-06-13;4;0.0
1;2025-06-13;5;30.376110012257946
1;2025-06-13;6;154.51010949564903
1;2025-06-13;7;290.1386782175242
1;2025-06-13;8;383.457291324547
1;2025-06-13;9;569.7797095320959
1;2025-06-13;10;625.3624947031409
1;2025-06-13;11;609.0314231613106
1;2025-06-13;12;712.4277063693587
1;2025-06-13;13;718.8509068495546
1;2025-06-13;14;689.8506493654737
1;2025-06-13;15;625.78376903345
1;2025-06-13;16;605.3059603674542
1;2025-06-13;17;586.8698375737773
1;2025-06-13;18;569.8015467820233
1;2025-06-13;19;537.579064401425
1;2025-06-13;20;408.3256050738331
1;2025-06-13;21;292.8689377304488
1;2025-06-13;22;162.79090393765048
1;2025-06-13;23;41.96375442767152
1;2025-06-14;0;7.566111498434664
1;2025-06-14;1;0.0
1;2025-06-14;2;0.0
1;2025-06-14;3;0.0
1;2025-06-14;4;0.0
1;2025-06-14;5;32.6731938237462
1;2025-06-14;6;177.25485508622089
1;2025-06-14;7;330.8296941065895
1;2025-06-14;8;474.90947333744293
1;2025-06-14;9;689.8508279064326
1;2025-06-14;10;732.2822195099926
1;2025-06-14;11;708.8219429987516
1;2025-06-14;12;814.9516431096663
1;2025-06-14;13;808.9361776383628
1;2025-06-14;14;780.2169299167583
1;2025-06-14;15;704.6556541624379
1;2025-06-14;16;662.5553895892313
1;2025-06-14;17;647.1948955952189
1;2025-06-14;18;615.9243545681518
1;2025-06-14;19;600.6658223507527
1;2025-06-14;20;459.03852317421126
1;2025-06-14;21;327.2577921763468
1;2025-06-14;22;184.17920891397597
1;2025-06-14;23;42.1094112507692
1;2025-06-15;0;4.052165015787661
1;2025-06-15;1;0.0
1;2025-06-15;2;0.0
1;2025-06-15;3;0.0
1;2025-06-15;4;0.0
1;2025-06-15;5;28.606333452691125
1;2025-06-15;6;146.35980192233055
1;2025-06-15;7;274.62457336759735
1;2025-06-15;8;381.9170720671194
1;2025-06-15;9;566.2159345061305
1;2025-06-15;10;641.9874792630978
1;2025-06-15;11;644.3099005493389
1;2025-06-15;12;723.7329883407701
1;2025-06-15;13;722.9267250350262
1;2025-06-15;14;678.4262023153249
1;2025-06-15;15;616.9455259349661
1;2025-06-15;16;597.9988386091106
1;2025-06-15;17;572.0808492761272
1;2025-06-15;18;548.9445641643415
1;2025-06-15;19;494.93370866805964
1;2025-06-15;20;384.26017086142366
1;2025-06-15;21;282.0470361008769
1;2025-06-15;22;144.71019059401044
1;2025-06-15;23;36.71339460062197
1;2025-06-16;0;2.9068024332934046
1;2025-06-16;1;0.0
1;2025-06-16;2;0.0
1;2025-06-16;3;0.0
1;2025-06-16;4;0.0
1;2025-06-16;5;89.85769084080954
1;2025-06-16;6;541.0671004369688
1;2025-06-16;7;1384.4679550798392
1;2025-06-16;8;1827.4080464348442
1;2025-06-16;9;1385.3471488463713
1;2025-06-16;10;1238.719902653429
1;2025-06-16;11;1241.3051939398365
1;2025-06-16;12;1247.4755756940367
1;2025-06-16;13;1242.9588675458933
1;2025-06-16;14;1221.851951897358
1;2025-06-16;15;1303.4288106749675
1;2025-06-16;16;1404.7330953757842
1;2025-06-16;17;1692.6589164134753
1;2025-06-16;18;1777.8287530741645
1;2025-06-16;19;1392.8428432968744
1;2025-06-16;20;925.1409338399603
1;2025-06-16;21;517.3483686812665
1;2025-06-16;22;270.8446605918447
1;2025-06-16;23;43.66475628775698
1;2025-06-17;0;4.376394496566268
1;2025-06-17;1;0.0
1;2025-06-17;2;0.0
1;2025-06-17;3;0.0
1;2025-06-17;4;0.0
1;2025-06-17;5;84.66088159020944
1;2025-06-17;6;525.3922619792819
1;2025-06-17;7;1393.2481267870494
1;2025-06-17;8;1795.0536028291262
1;2025-06-17;9;1410.4298165681143
1;2025-06-17;10;1277.6643589576483
1;2025-06-17;11;1240.5604802521393
1;2025-06-17;12;1214.8759681695926
1;2025-06-17;13;1245.888690961981
1;2025-06-17;14;1190.4937460239448
1;2025-06-17;15;1250.3523812953435
1;2025-06-17;16;1322.0900471943637
1;2025-06-17;17;1593.5321651505546
1;2025-06-17;18;1678.0408140745008
1;2025-06-17;19;1346.0394227095537
1;2025-06-17;20;920.1468709393491
1;2025-06-17;21;495.29982844036863
1;2025-06-17;22;282.3205570874601
1;2025-06-17;23;46.28249321255931
1;2025-06-18;0;4.419097223102748
1;2025-06-18;1;0.0
1;2025-06-18;2;0.0
1;2025-06-18;3;0.0
1;2025-06-18;4;0.0
1;2025-06-18;5;84.03837641857893
1;2025-06-18;6;513.0813140103596
1;2025-06-18;7;1375.0910097820265
1;2025-06-18;8;1865.4034731922593
1;2025-06-18;9;1403.629470876232
1;2025-06-18;10;1275.2159940058077
1;2025-06-18;11;1242.3690515182639
1;2025-06-18;12;1240.3376001491913
1;2025-06-18;13;1260.9660468519032
1;2025-06-18;14;1226.8380163887794
1;2025-06-18;15;1302.4874307701743
1;2025-06-18;16;1380.712802315632
1;2025-06-18;17;1643.3547790755479
1;2025-06-18;18;1708.8029234666674
1;2025-06-18;19;1331.8659339227493
1;2025-06-18;20;907.98567350391
1;2025-06-18;21;538.8710862361118
1;2025-06-18;22;300.95929841333225
1;2025-06-18;23;51.889026224407964
1;2025-06-19;0;7.5452647065363205
1;2025-06-19;1;0.0
1;2025-06-19;2;0.0
1;2025-06-19;3;0.0
1;2025-06-19;4;0.0
1;2025-06-19;5;83.6944735413968
1;2025-06-19;6;534.0817633526879
1;2025-06-19;7;1392.8535693544218
1;2025-06-19;8;1879.9104340970555
1;2025-06-19;9;1407.8778667347212
1;2025-06-19;10;1329.5917816880692
1;2025-06-19;11;1281.706481948185
1;2025-06-19;12;1290.4326157703244
1;2025-06-19;13;1280.1701243918137
1;2025-06-19;14;1258.9495157149188
1;2025-06-19;15;1321.3470046590935
1;2025-06-19;16;1418.6871558410778
1;2025-06-19;17;1683.8528761502953
1;2025-06-19;18;1743.3003347389467
1;2025-06-19;19;1332.2799528030732
1;2025-06-19;20;921.1933243187016
1;2025-06-19;21;541.696289936637
1;2025-06-19;22;298.06194466647196
1;2025-06-19;23;58.68217242560402
1;2025-06-20;0;5.961497629402824
1;2025-06-20;1;0.0
1;2025-06-20;2;0.0
1;2025-06-20;3;0.0
1;2025-06-20;4;0.0
1;2025-06-20;5;84.91254145402172
1;2025-06-20;6;506.10384292520837
1;2025-06-20;7;1373.7181251978418
1;2025-06-20;8;1765.0922887273277
1;2025-06-20;9;1369.145705148734
1;2025-06-20;10;1279.204271743452
1;2025-06-20;11;1288.0161857263618
1;2025-06-20;12;1255.2551544897178
1;2025-06-20;13;1254.6816042591058
1;2025-06-20;14;1215.215999339493
1;2025-06-20;15;1335.5589993281965
1;2025-06-20;16;1458.648914692119
1;2025-06-20;17;1597.137040114534
1;2025-06-20;18;1475.3199031130648
1;2025-06-20;19;1149.2315974897997
1;2025-06-20;20;846.7362112708902
1;2025-06-20;21;529.8413388298871
1;2025-06-20;22;306.33210634826673
1;2025-06-20;23;59.55186772899734
1;2025-06-21;0;7.805413049720306
1;2025-06-21;1;0.0
1;2025-06-21;2;0.0
1;2025-06-21;3;0.0
1;2025-06-21;4;0.0
1;2025-06-21;5;33.12328109032624
1;2025-06-21;6;181.52716579078947
1;2025-06-21;7;345.26117708586094
1;2025-06-21;8;496.4618696909474
1;2025-06-21;9;716.7064422149087
1;2025-06-21;10;765.1236788403146
1;2025-06-21;11;746.5224023963834
1;2025-06-21;12;854.7817611643513
1;2025-06-21;13;849.8004107559352
1;2025-06-21;14;819.6662231401488
1;2025-06-21;15;740.1823961447742
1;2025-06-21;16;693.4923735885695
1;2025-06-21;17;675.3672473592244
1;2025-06-21;18;641.7165465918165
1;2025-06-21;19;624.8490661751523
1;2025-06-21;20;480.34846234096426
1;2025-06-21;21;342.9830865320248
1;2025-06-21;22;192.8759412982151
1;2025-06-21;23;44.00500305842844
1;2025-06-22;0;4.068801223878874
1;2025-06-22;1;0.0
1;2025-06-22;2;0.0
1;2025-06-22;3;0.0
1;2025-06-22;4;0.0
1;2025-06-22;5;28.5337678136288
1;2025-06-22;6;146.91801257453335
1;2025-06-22;7;275.79785448297775
1;2025-06-22;8;384.63730143022553
1;2025-06-22;9;567.9938161136415
1;2025-06-22;10;643.0559977087219
1;2025-06-22;11;645.0582806720834
1;2025-06-22;12;724.6448806887214
1;2025-06-22;13;722.5361070869294
1;2025-06-22;14;677.7255378743871
1;2025-06-22;15;616.1332833925446
1;2025-06-22;16;597.1397078797504
1;2025-06-22;17;571.738431109103
1;2025-06-22;18;546.0467200906469
1;2025-06-22;19;492.82824135919645
1;2025-06-22;20;384.50825151951733
1;2025-06-22;21;282.163173166662
1;2025-06-22;22;144.83967411063173
1;2025-06-22;23;36.79179509324663
1;2025-06-23;0;1.7249356243590421
1;2025-06-23;1;0.0
1;2025-06-23;2;0.0
1;2025-06-23;3;0.0
1;2025-06-23;4;0.0
1;2025-06-23;5;89.42159249028052
1;2025-06-23;6;537.8930855315854
1;2025-06-23;7;1381.4068184440252
1;2025-06-23;8;1825.9120678537988
1;2025-06-23;9;1382.6755014982614
1;2025-06-23;10;1237.1886268812161
1;2025-06-23;11;1240.817097818122
1;2025-06-23;12;1247.561622265885
1;2025-06-23;13;1241.4226652088262
1;2025-06-23;14;1221.1047248709274
1;2025-06-23;15;1302.37931120332
1;2025-06-23;16;1399.7419633842528
1;2025-06-23;17;1684.7442687077782
1;2025-06-23;18;1762.9000750366283
1;2025-06-23;19;1376.8424600001897
1;2025-06-23;20;915.8577500188921
1;2025-06-23;21;510.51671287970066
1;2025-06-23;22;268.51472261947436
1;2025-06-23;23;42.7673962774909
1;2025-06-24;0;3.908211425197096
1;2025-06-24;1;0.0
1;2025-06-24;2;0.0
1;2025-06-24;3;0.0
1;2025-06-24;4;0.0
1;2025-06-24;5;88.73287576822963
1;2025-06-24;6;537.5515480697491
1;2025-06-24;7;1429.161222978319
1;2025-06-24;8;1844.8704479854287
1;2025-06-24;9;1447.2032449349963
1;2025-06-24;10;1319.2512439642915
1;2025-06-24;11;1285.1589111861258
1;2025-06-24;12;1261.1487186687923
1;2025-06-24;13;1298.2294520215673
1;2025-06-24;14;1241.328672834225
1;2025-06-24;15;1300.04729981761
1;2025-06-24;16;1369.88936395345
1;2025-06-24;17;1646.571557149259
1;2025-06-24;18;1724.94985636576
1;2025-06-24;19;1382.39727635697
1;2025-06-24;20;948.1679586613959
1;2025-06-24;21;510.05347407848785
1;2025-06-24;22;291.2766851564848
1;2025-06-24;23;46.69754944569257
1;2025-06-25;0;4.515832922549192
1;2025-06-25;1;0.0
1;2025-06-25;2;0.0
1;2025-06-25;3;0.0
1;2025-06-25;4;0.0
1;2025-06-25;5;88.6773981659592
1;2025-06-25;6;524.8590222798684
1;2025-06-25;7;1406.959327502424
1;2025-06-25;8;1910.8783737644687
1;2025-06-25;9;1437.6005342606818
1;2025-06-25;10;1313.9739081912292
1;2025-06-25;11;1284.7983934609397
1;2025-06-25;12;1285.5751506099105
1;2025-06-25;13;1311.1782588914466
1;2025-06-25;14;1276.104650150255
1;2025-06-25;15;1350.9782756963118
1;2025-06-25;16;1425.840919108422
1;2025-06-25;17;1690.375853024968
1;2025-06-25;18;1751.8797854887134
1;2025-06-25;19;1365.3831420920055
1;2025-06-25;20;937.3130330690784
1;2025-06-25;21;556.847285082696
1;2025-06-25;22;310.4015200395728
1;2025-06-25;23;52.83131885184227
1;2025-06-26;0;7.40791668180395
1;2025-06-26;1;0.0
1;2025-06-26;2;0.0
1;2025-06-26;3;0.0
1;2025-06-26;4;0.0
1;2025-06-26;5;85.61577171768596
1;2025-06-26;6;530.4310443501697
1;2025-06-26;7;1378.0065191827593
1;2025-06-26;8;1847.1968379923583
1;2025-06-26;9;1389.4268576736488
1;2025-06-26;10;1305.528985394948
1;2025-06-26;11;1256.8678751360428
1;2025-06-26;12;1265.012572554392
1;2025-06-26;13;1252.124146047417
1;2025-06-26;14;1233.286228067936
1;2025-06-26;15;1288.6131119272436
1;2025-06-26;16;1383.3108731653645
1;2025-06-26;17;1640.8437004211996
1;2025-06-26;18;1694.6375737972835
1;2025-06-26;19;1296.5902583573993
1;2025-06-26;20;898.6944679755912
1;2025-06-26;21;526.9457514093984
1;2025-06-26;22;290.32250817375734
1;2025-06-26;23;57.68306571165
1;2025-06-27;0;6.165010654924701
1;2025-06-27;1;0.0
1;2025-06-27;2;0.0
1;2025-06-27;3;0.0
1;2025-06-27;4;0.0
1;2025-06-27;5;89.49784129128166
1;2025-06-27;6;520.0176154812182
1;2025-06-27;7;1419.3609979163416
1;2025-06-27;8;1817.7790308310546
1;2025-06-27;9;1410.9666473548732
1;2025-06-27;10;1334.4181072696188
1;2025-06-27;11;1349.0159631402753
1;2025-06-27;12;1320.4659192297368
1;2025-06-27;13;1325.4739604830572
1;2025-06-27;14;1285.8616197867034
1;2025-06-27;15;1410.3026315175248
1;2025-06-27;16;1528.4589320471357
1;2025-06-27;17;1665.2306870786579
1;2025-06-27;18;1537.684559284332
1;2025-06-27;19;1194.1790767417738
1;2025-06-27;20;885.611506360066
1;2025-06-27;21;554.7402463566236
1;2025-06-27;22;320.25929094266064
1;2025-06-27;23;62.62276935014314
1;2025-06-28;0;7.893883634995962
1;2025-06-28;1;0.0
1;2025-06-28;2;0.0
1;2025-06-28;3;0.0
1;2025-06-28;4;0.0
1;2025-06-28;5;34.498269752616295
1;2025-06-28;6;182.3835417112159
1;2025-06-28;7;347.63591112623396
1;2025-06-28;8;497.38638338230317
1;2025-06-28;9;718.6420864224575
1;2025-06-28;10;766.9298003208738
1;2025-06-28;11;750.469097852975
1;2025-06-28;12;861.4747118466996
1;2025-06-28;13;857.835815378168
1;2025-06-28;14;828.3642530756856
1;2025-06-28;15;748.5972426724081
1;2025-06-28;16;701.5333163590487
1;2025-06-28;17;681.5518812130724
1;2025-06-28;18;647.2345545759988
1;2025-06-28;19;628.143700129863
1;2025-06-28;20;483.3166247209597
1;2025-06-28;21;345.14618805109075
1;2025-06-28;22;195.24202896536454
1;2025-06-28;23;45.601023495403226
1;2025-06-29;0;4.084455047231197
1;2025-06-29;1;0.0
1;2025-06-29;2;0.0
1;2025-06-29;3;0.0
1;2025-06-29;4;0.0
1;2025-06-29;5;28.923216131244768
1;2025-06-29;6;145.03165447574693
1;2025-06-29;7;273.6108865831379
1;2025-06-29;8;378.50799443969686
1;2025-06-29;9;559.2966139496032
1;2025-06-29;10;633.2054411446364
1;2025-06-29;11;637.0993576230688
1;2025-06-29;12;717.1910003146563
1;2025-06-29;13;716.333478212314
1;2025-06-29;14;673.1164063810199
1;2025-06-29;15;610.8090092590437
1;2025-06-29;16;591.6869065183043
1;2025-06-29;17;565.6413035423211
1;2025-06-29;18;543.627949578852
1;2025-06-29;19;491.53626659304973
1;2025-06-29;20;384.9334113843441
1;2025-06-29;21;283.5170248358593
1;2025-06-29;22;143.74173587109482
1;2025-06-29;23;38.47595846606789
1;2025-06-30;0;1.6569828741832298
1;2025-06-30;1;0.0
1;2025-06-30;2;0.0
1;2025-06-30;3;0.0
1;2025-06-30;4;0.0
1;2025-06-30;5;87.22434979703358
1;2025-06-30;6;514.7477325088485
1;2025-06-30;7;1314.5002792799846
1;2025-06-30;8;1731.154850979217
1;2025-06-30;9;1315.5710161801503
1;2025-06-30;10;1167.8733792352107
1;2025-06-30;11;1166.6968581762806
1;2025-06-30;12;1170.705334140029
1;2025-06-30;13;1157.844050395395
1;2025-06-30;14;1137.9735723929034
1;2025-06-30;15;1207.3300576808215
1;2025-06-30;16;1300.1491558728228
1;2025-06-30;17;1567.882869579841
1;2025-06-30;18;1637.2372669935808
1;2025-06-30;19;1286.710134783892
1;2025-06-30;20;858.9853500835043
1;2025-06-30;21;478.3079605599948
1;2025-06-30;22;250.22219975490654
1;2025-06-30;23;39.357307205120016
1;2025-07-01;0;3.7115882212660694
1;2025-07-01;1;0.0
1;2025-07-01;2;0.0
1;2025-07-01;3;0.0
1;2025-07-01;4;0.0
1;2025-07-01;5;85.50588353808806
1;2025-07-01;6;520.4808997416098
1;2025-07-01;7;1380.1842445069121
1;2025-07-01;8;1774.6388568225334
1;2025-07-01;9;1388.8321623507525
1;2025-07-01;10;1260.4304222267958
1;2025-07-01;11;1225.4576140095744
1;2025-07-01;12;1201.2138273010382
1;2025-07-01;13;1237.2876595764506
1;2025-07-01;14;1183.8801470375593
1;2025-07-01;15;1244.8007027727504
1;2025-07-01;16;1314.1364373291299
1;2025-07-01;17;1581.0314668675178
1;2025-07-01;18;1652.7634927158992
1;2025-07-01;19;1330.9904378950614
1;2025-07-01;20;905.9416629955304
1;2025-07-01;21;486.568553434103
1;2025-07-01;22;276.80220107864915
1;2025-07-01;23;43.93066059891349
1;2025-07-02;0;4.474535995299684
1;2025-07-02;1;0.0
1;2025-07-02;2;0.0
1;2025-07-02;3;0.0
1;2025-07-02;4;0.0
1;2025-07-02;5;81.26968079624393
1;2025-07-02;6;507.9330269050057
1;2025-07-02;7;1381.2819804756182
1;2025-07-02;8;1879.2543168350944
1;2025-07-02;9;1400.9922584979722
1;2025-07-02;10;1283.750679773137
1;2025-07-02;11;1255.463214072566
1;2025-07-02;12;1257.9256124244696
1;2025-07-02;13;1308.7892298249326
1;2025-07-02;14;1273.8507884209175
1;2025-07-02;15;1355.7541262986315
1;2025-07-02;16;1429.8300247645948
1;2025-07-02;17;1688.5835533215977
1;2025-07-02;18;1749.9599431176084
1;2025-07-02;19;1372.446915740074
1;2025-07-02;20;935.9148993247793
1;2025-07-02;21;557.7172157947168
1;2025-07-02;22;310.7096473527108
1;2025-07-02;23;52.70206190139235
1;2025-07-03;0;8.795144331451525
1;2025-07-03;1;0.0
1;2025-07-03;2;0.0
1;2025-07-03;3;0.0
1;2025-07-03;4;0.0
1;2025-07-03;5;68.47594651363373
1;2025-07-03;6;516.5460466185193
1;2025-07-03;7;1384.482260808741
1;2025-07-03;8;1869.3307466440854
1;2025-07-03;9;1384.931603815054
1;2025-07-03;10;1313.7620775911023
1;2025-07-03;11;1268.639171668166
1;2025-07-03;12;1281.2670401550668
1;2025-07-03;13;1309.460825141092
1;2025-07-03;14;1289.518708354644
1;2025-07-03;15;1392.704531560535
1;2025-07-03;16;1494.238988866909
1;2025-07-03;17;1754.7719928046297
1;2025-07-03;18;1804.2492207530706
1;2025-07-03;19;1398.8713577806711
1;2025-07-03;20;982.2218566042329
1;2025-07-03;21;593.3423687576167
1;2025-07-03;22;307.17965605112283
1;2025-07-03;23;60.85114585939759
1;2025-07-04;0;7.150067832656768
1;2025-07-04;1;0.0
1;2025-07-04;2;0.0
1;2025-07-04;3;0.0
1;2025-07-04;4;0.0
1;2025-07-04;5;68.99686749523565
1;2025-07-04;6;483.39772457780305
1;2025-07-04;7;1354.9824308521943
1;2025-07-04;8;1746.5565284072063
1;2025-07-04;9;1341.7494012319944
1;2025-07-04;10;1272.315398297139
1;2025-07-04;11;1286.9459162550904
1;2025-07-04;12;1260.2416052956187
1;2025-07-04;13;1298.3869365731703
1;2025-07-04;14;1259.0689247239634
1;2025-07-04;15;1419.4223683768153
1;2025-07-04;16;1545.373600362649
1;2025-07-04;17;1674.2846558061499
1;2025-07-04;18;1546.7584429832239
1;2025-07-04;19;1222.836774320493
1;2025-07-04;20;913.1737223884634
1;2025-07-04;21;585.6873064354667
1;2025-07-04;22;318.891828114032
1;2025-07-04;23;68.41995560781947
1;2025-07-05;0;7.94178138327066
1;2025-07-05;1;0.0
1;2025-07-05;2;0.0
1;2025-07-05;3;0.0
1;2025-07-05;4;0.0
1;2025-07-05;5;25.067617678847192
1;2025-07-05;6;169.11601357527906
1;2025-07-05;7;328.94598403876375
1;2025-07-05;8;474.8273417539794
1;2025-07-05;9;690.3554256390591
1;2025-07-05;10;741.2490084018975
1;2025-07-05;11;725.2873046144528
1;2025-07-05;12;836.3665524491305
1;2025-07-05;13;852.8452777559132
1;2025-07-05;14;824.3675995277883
1;2025-07-05;15;766.1329481252019
1;2025-07-05;16;723.5353417054814
1;2025-07-05;17;700.8090573445079
1;2025-07-05;18;663.94172426614
1;2025-07-05;19;649.9473673799009
1;2025-07-05;20;500.0681107893307
1;2025-07-05;21;362.0264760297583
1;2025-07-05;22;195.18921450841702
1;2025-07-05;23;45.55014970024237
1;2025-07-06;0;4.231952161901839
1;2025-07-06;1;0.0
1;2025-07-06;2;0.0
1;2025-07-06;3;0.0
1;2025-07-06;4;0.0
1;2025-07-06;5;20.383343663831717
1;2025-07-06;6;129.49245970537882
1;2025-07-06;7;246.482790640323
1;2025-07-06;8;359.17618896967554
1;2025-07-06;9;554.0356112144024
1;2025-07-06;10;636.6736695324682
1;2025-07-06;11;645.6537573637211
1;2025-07-06;12;729.7298517504082
1;2025-07-06;13;747.6140353596741
1;2025-07-06;14;703.4150256730469
1;2025-07-06;15;657.9881026636735
1;2025-07-06;16;639.8194058268739
1;2025-07-06;17;607.2171510034082
1;2025-07-06;18;580.6097037900136
1;2025-07-06;19;528.2325118625356
1;2025-07-06;20;414.26581405308195
1;2025-07-06;21;309.31023986372657
1;2025-07-06;22;149.40451494665393
1;2025-07-06;23;39.92519971086965
1;2025-07-07;0;2.8226437203709103
1;2025-07-07;1;0.0
1;2025-07-07;2;0.0
1;2025-07-07;3;0.0
1;2025-07-07;4;0.0
1;2025-07-07;5;72.06190817916158
1;2025-07-07;6;508.21072927134134
1;2025-07-07;7;1341.941799488907
1;2025-07-07;8;1773.98768172857
1;2025-07-07;9;1337.2610800941316
1;2025-07-07;10;1194.202497671943
1;2025-07-07;11;1199.428035374608
1;2025-07-07;12;1207.661841043142
1;2025-07-07;13;1231.9088969862105
1;2025-07-07;14;1211.1613195129034
1;2025-07-07;15;1327.3396580014264
1;2025-07-07;16;1423.8043382617461
1;2025-07-07;17;1699.861269986371
1;2025-07-07;18;1767.5776765855999
1;2025-07-07;19;1402.9473375327648
1;2025-07-07;20;948.5713742211249
1;2025-07-07;21;545.3560372360297
1;2025-07-07;22;268.38271864327953
1;2025-07-07;23;43.50107618125199
1;2025-07-08;0;4.952711845330427
1;2025-07-08;1;0.0
1;2025-07-08;2;0.0
1;2025-07-08;3;0.0
1;2025-07-08;4;0.0
1;2025-07-08;5;68.91434579214672
1;2025-07-08;6;503.72197379260285
1;2025-07-08;7;1382.94674767929
1;2025-07-08;8;1786.67983296162
1;2025-07-08;9;1395.494728911107
1;2025-07-08;10;1270.8397543163526
1;2025-07-08;11;1239.0514552199998
1;2025-07-08;12;1218.669858226914
1;2025-07-08;13;1285.2113520668895
1;2025-07-08;14;1228.3194137037783
1;2025-07-08;15;1326.0174008174993
1;2025-07-08;16;1398.141299122092
1;2025-07-08;17;1665.0348511946527
1;2025-07-08;18;1739.1367568018804
1;2025-07-08;19;1409.681547273979
1;2025-07-08;20;977.35110980939
1;2025-07-08;21;542.0561978982612
1;2025-07-08;22;289.0726572882779
1;2025-07-08;23;47.38936232397958
1;2025-07-09;0;5.587463619086245
1;2025-07-09;1;0.0
1;2025-07-09;2;0.0
1;2025-07-09;3;0.0
1;2025-07-09;4;0.0
1;2025-07-09;5;70.5886677775641
1;2025-07-09;6;499.24098672062837
1;2025-07-09;7;1381.9094960859888
1;2025-07-09;8;1882.6608852217173
1;2025-07-09;9;1406.2727818347632
1;2025-07-09;10;1292.6560767720753
1;2025-07-09;11;1266.1819733567345
1;2025-07-09;12;1271.076825049837
1;2025-07-09;13;1327.3828423453401
1;2025-07-09;14;1291.5788873915567
1;2025-07-09;15;1407.0400065322128
1;2025-07-09;16;1483.3452106152668
1;2025-07-09;17;1742.5917471457474
1;2025-07-09;18;1802.2423182596285
1;2025-07-09;19;1423.995072113641
1;2025-07-09;20;989.4679542963631
1;2025-07-09;21;602.3070825461259
1;2025-07-09;22;315.8719368785884
1;2025-07-09;23;54.43367644459839
1;2025-07-10;0;8.771302845373668
1;2025-07-10;1;0.0
1;2025-07-10;2;0.0
1;2025-07-10;3;0.0
1;2025-07-10;4;0.0
1;2025-07-10;5;68.7718581633514
1;2025-07-10;6;517.1545939379419
1;2025-07-10;7;1387.7911477185148
1;2025-07-10;8;1870.1568018006105
1;2025-07-10;9;1393.5325662259447
1;2025-07-10;10;1325.0397675987456
1;2025-07-10;11;1282.0619822520111
1;2025-07-10;12;1297.4385067413687
1;2025-07-10;13;1318.489850190886
1;2025-07-10;14;1299.5048038798489
1;2025-07-10;15;1402.6044917457393
1;2025-07-10;16;1496.617095489818
1;2025-07-10;17;1757.0610535343317
1;2025-07-10;18;1809.2036934051544
1;2025-07-10;19;1402.8701156240659
1;2025-07-10;20;989.0955425808258
1;2025-07-10;21;596.9731037501886
1;2025-07-10;22;309.5556949392977
1;2025-07-10;23;61.71491638779148
1;2025-07-11;0;7.1508914892449695
1;2025-07-11;1;0.0
1;2025-07-11;2;0.0
1;2025-07-11;3;0.0
1;2025-07-11;4;0.0
1;2025-07-11;5;69.99115108252765
1;2025-07-11;6;487.353461411152
1;2025-07-11;7;1368.9263400058312
1;2025-07-11;8;1760.57523524005
1;2025-07-11;9;1354.3704215477883
1;2025-07-11;10;1290.2753406827933
1;2025-07-11;11;1307.6226685992895
1;2025-07-11;12;1282.5498399830044
1;2025-07-11;13;1319.311824060445
1;2025-07-11;14;1280.7190413404528
1;2025-07-11;15;1442.8258415891557
1;2025-07-11;16;1562.813366282434
1;2025-07-11;17;1691.8133579856203
1;2025-07-11;18;1565.7980289904012
1;2025-07-11;19;1236.465117440215
1;2025-07-11;20;926.663158890308
1;2025-07-11;21;593.7477979916217
1;2025-07-11;22;323.44638847489915
1;2025-07-11;23;69.20734639131236
1;2025-07-12;0;7.801869192627353
1;2025-07-12;1;0.0
1;2025-07-12;2;0.0
1;2025-07-12;3;0.0
1;2025-07-12;4;0.0
1;2025-07-12;5;24.58795527311471
1;2025-07-12;6;165.948065910955
1;2025-07-12;7;321.3261033181379
1;2025-07-12;8;461.429655398868
1;2025-07-12;9;677.7162896922803
1;2025-07-12;10;726.9706114428702
1;2025-07-12;11;711.4823516412177
1;2025-07-12;12;821.2751274668634
1;2025-07-12;13;834.3111274091051
1;2025-07-12;14;806.4272548147002
1;2025-07-12;15;748.6523658321014
1;2025-07-12;16;706.5067641936139
1;2025-07-12;17;685.0664306646763
1;2025-07-12;18;648.9513955991265
1;2025-07-12;19;636.4394794070422
1;2025-07-12;20;493.0190690607147
1;2025-07-12;21;357.06795669533176
1;2025-07-12;22;192.73703705434366
1;2025-07-12;23;45.17601156703018
1;2025-07-13;0;4.1337172733213166
1;2025-07-13;1;0.0
1;2025-07-13;2;0.0
1;2025-07-13;3;0.0
1;2025-07-13;4;0.0
1;2025-07-13;5;20.641343862987156
1;2025-07-13;6;131.30903214317306
1;2025-07-13;7;252.31283671895534
1;2025-07-13;8;350.4705753523479
1;2025-07-13;9;526.6042969736063
1;2025-07-13;10;599.949431440845
1;2025-07-13;11;603.8912304225527
1;2025-07-13;12;682.0183798438873
1;2025-07-13;13;695.4848410982559
1;2025-07-13;14;654.532932407446
1;2025-07-13;15;612.0661459147573
1;2025-07-13;16;596.6782904403135
1;2025-07-13;17;569.5027377070129
1;2025-07-13;18;547.2433089190539
1;2025-07-13;19;501.23398996027004
1;2025-07-13;20;393.8661335996164
1;2025-07-13;21;293.0951105238173
1;2025-07-13;22;142.45708302028595
1;2025-07-13;23;38.865703348909655
1;2025-07-14;0;2.699028702723849
1;2025-07-14;1;0.0
1;2025-07-14;2;0.0
1;2025-07-14;3;0.0
1;2025-07-14;4;0.0
1;2025-07-14;5;68.89565143541725
1;2025-07-14;6;484.9766367546156
1;2025-07-14;7;1279.2350479189
1;2025-07-14;8;1684.5171185536242
1;2025-07-14;9;1277.8953461454394
1;2025-07-14;10;1131.3027209410834
1;2025-07-14;11;1133.5508493141815
1;2025-07-14;12;1138.5743954460354
1;2025-07-14;13;1152.6881940390913
1;2025-07-14;14;1133.3900522993606
1;2025-07-14;15;1240.8721234633845
1;2025-07-14;16;1330.396843839432
1;2025-07-14;17;1592.067825435357
1;2025-07-14;18;1651.6810345851468
1;2025-07-14;19;1312.5719026046067
1;2025-07-14;20;890.1649563723552
1;2025-07-14;21;509.43116591289925
1;2025-07-14;22;251.23772888302898
1;2025-07-14;23;41.17398030091026
1;2025-07-15;0;4.865255173704343
1;2025-07-15;1;0.0
1;2025-07-15;2;0.0
1;2025-07-15;3;0.0
1;2025-07-15;4;0.0
1;2025-07-15;5;67.998033240627
1;2025-07-15;6;493.8974315094928
1;2025-07-15;7;1352.4091163215185
1;2025-07-15;8;1738.3202967134155
1;2025-07-15;9;1362.4819216505775
1;2025-07-15;10;1232.874269941003
1;2025-07-15;11;1199.2403425894177
1;2025-07-15;12;1176.411159567773
1;2025-07-15;13;1233.8047948057406
1;2025-07-15;14;1179.7008645996748
1;2025-07-15;15;1272.628071349142
1;2025-07-15;16;1341.9684773473
1;2025-07-15;17;1603.8445622378836
1;2025-07-15;18;1672.1646544246073
1;2025-07-15;19;1358.3200505157922
1;2025-07-15;20;943.7084654810039
1;2025-07-15;21;521.9429974858463
1;2025-07-15;22;280.494435164592
1;2025-07-15;23;46.59993054378924
1;2025-07-16;0;5.581761746984097
1;2025-07-16;1;0.0
1;2025-07-16;2;0.0
1;2025-07-16;3;0.0
1;2025-07-16;4;0.0
1;2025-07-16;5;68.98946079505313
1;2025-07-16;6;490.15548299921494
1;2025-07-16;7;1357.6428899459738
1;2025-07-16;8;1848.290799289367
1;2025-07-16;9;1379.3731838648796
1;2025-07-16;10;1262.36136724219
1;2025-07-16;11;1236.060450991969
1;2025-07-16;12;1240.078192014164
1;2025-07-16;13;1299.585289384348
1;2025-07-16;14;1264.3433046969676
1;2025-07-16;15;1377.5451346597642
1;2025-07-16;16;1452.8985188704978
1;2025-07-16;17;1707.207796367802
1;2025-07-16;18;1760.7822221478864
1;2025-07-16;19;1393.3515698488295
1;2025-07-16;20;971.4961312851019
1;2025-07-16;21;591.1168923130341
1;2025-07-16;22;309.81893111527995
1;2025-07-16;23;53.55541655837564
1;2025-07-17;0;8.604491284551598
1;2025-07-17;1;0.0
1;2025-07-17;2;0.0
1;2025-07-17;3;0.0
1;2025-07-17;4;0.0
1;2025-07-17;5;67.09070713961503
1;2025-07-17;6;503.4273742730156
1;2025-07-17;7;1350.9119475807152
1;2025-07-17;8;1821.5973226548308
1;2025-07-17;9;1356.5559937964376
1;2025-07-17;10;1283.5310831447737
1;2025-07-17;11;1240.0891631715258
1;2025-07-17;12;1253.8724449222018
1;2025-07-17;13;1277.6453255660808
1;2025-07-17;14;1257.5734167131818
1;2025-07-17;15;1355.2436709326946
1;2025-07-17;16;1450.3381382717089
1;2025-07-17;17;1703.6019852031154
1;2025-07-17;18;1750.6412075049182
1;2025-07-17;19;1359.344464854907
1;2025-07-17;20;960.813452931126
1;2025-07-17;21;579.5354107740557
1;2025-07-17;22;300.2116075579155
1;2025-07-17;23;59.99909183786829
1;2025-07-18;0;7.180367996225955
1;2025-07-18;1;0.0
1;2025-07-18;2;0.0
1;2025-07-18;3;0.0
1;2025-07-18;4;0.0
1;2025-07-18;5;69.48716016028166
1;2025-07-18;6;482.30412272504304
1;2025-07-18;7;1355.963468834143
1;2025-07-18;8;1744.7064055805672
1;2025-07-18;9;1340.0913906065502
1;2025-07-18;10;1273.4016996903968
1;2025-07-18;11;1288.983402460745
1;2025-07-18;12;1264.4197534997631
1;2025-07-18;13;1301.0355645481332
1;2025-07-18;14;1262.2803338725937
1;2025-07-18;15;1421.6908974331677
1;2025-07-18;16;1543.6492836974012
1;2025-07-18;17;1671.0235093881013
1;2025-07-18;18;1544.0496299160795
1;2025-07-18;19;1221.0929613510043
1;2025-07-18;20;916.4015373281522
1;2025-07-18;21;587.1340085132173
1;2025-07-18;22;320.1246979700963
1;2025-07-18;23;69.12383227082913
1;2025-07-19;0;7.750711061927476
1;2025-07-19;1;0.0
1;2025-07-19;2;0.0
1;2025-07-19;3;0.0
1;2025-07-19;4;0.0
1;2025-07-19;5;24.332884909305903
1;2025-07-19;6;164.1766874949563
1;2025-07-19;7;318.4155244494435
1;2025-07-19;8;457.7684903195556
1;2025-07-19;9;668.6516897622819
1;2025-07-19;10;715.6446119216305
1;2025-07-19;11;699.5335358269037
1;2025-07-19;12;807.5350484020531
1;2025-07-19;13;821.8017865125173
1;2025-07-19;14;793.723525928064
1;2025-07-19;15;735.7770098258609
1;2025-07-19;16;695.9095360167703
1;2025-07-19;17;675.9333394912258
1;2025-07-19;18;639.758663072126
1;2025-07-19;19;626.7658534441418
1;2025-07-19;20;485.95990186301105
1;2025-07-19;21;351.60508865970314
1;2025-07-19;22;189.42944000374214
1;2025-07-19;23;44.80514347080599
1;2025-07-20;0;4.17266879583438
1;2025-07-20;1;0.0
1;2025-07-20;2;0.0
1;2025-07-20;3;0.0
1;2025-07-20;4;0.0
1;2025-07-20;5;20.86505403132756
1;2025-07-20;6;132.38923726983742
1;2025-07-20;7;255.28927468447563
1;2025-07-20;8;355.6175798297779
1;2025-07-20;9;531.471864029681
1;2025-07-20;10;605.2249409811902
1;2025-07-20;11;609.0028971738149
1;2025-07-20;12;688.5110933998706
1;2025-07-20;13;701.9090051748792
1;2025-07-20;14;660.3651535854194
1;2025-07-20;15;617.1217287339689
1;2025-07-20;16;602.7379505519857
1;2025-07-20;17;574.7133363268529
1;2025-07-20;18;550.8819385124411
1;2025-07-20;19;504.37524284670394
1;2025-07-20;20;397.1522599037563
1;2025-07-20;21;295.6860272317583
1;2025-07-20;22;143.74201317159697
1;2025-07-20;23;39.31853853314516
1;2025-07-21;0;2.656833993151655
1;2025-07-21;1;0.0
1;2025-07-21;2;0.0
1;2025-07-21;3;0.0
1;2025-07-21;4;0.0
1;2025-07-21;5;67.47720968239608
1;2025-07-21;6;474.31441709510875
1;2025-07-21;7;1252.9067454157157
1;2025-07-21;8;1648.756054548005
1;2025-07-21;9;1249.0530234815901
1;2025-07-21;10;1105.6852878694765
1;2025-07-21;11;1107.8283479798915
1;2025-07-21;12;1114.115959506948
1;2025-07-21;13;1127.4281094502464
1;2025-07-21;14;1109.4656684248534
1;2025-07-21;15;1214.425136464702
1;2025-07-21;16;1302.9274977427617
1;2025-07-21;17;1560.0024420359455
1;2025-07-21;18;1616.163089623779
1;2025-07-21;19;1283.7848201041802
1;2025-07-21;20;872.4248564081611
1;2025-07-21;21;499.5834600620707
1;2025-07-21;22;246.75705973002613
1;2025-07-21;23;40.306425394032516
1;2025-07-22;0;4.83736093340357
1;2025-07-22;1;0.0
1;2025-07-22;2;0.0
1;2025-07-22;3;0.0
1;2025-07-22;4;0.0
1;2025-07-22;5;67.8215238205268
1;2025-07-22;6;491.5141875765521
1;2025-07-22;7;1349.1340788096404
1;2025-07-22;8;1734.0541175345336
1;2025-07-22;9;1357.186990778391
1;2025-07-22;10;1228.7263338225086
1;2025-07-22;11;1195.5901250537572
1;2025-07-22;12;1174.169717509071
1;2025-07-22;13;1231.7839021616446
1;2025-07-22;14;1178.0649519738959
1;2025-07-22;15;1270.6059480763292
1;2025-07-22;16;1340.4118637794038
1;2025-07-22;17;1600.0480569303263
1;2025-07-22;18;1666.6786437938667
1;2025-07-22;19;1352.8269989839205
1;2025-07-22;20;941.6114137889239
1;2025-07-22;21;520.8508010211473
1;2025-07-22;22;279.9501170228534
1;2025-07-22;23;46.54422782431965
1;2025-07-23;0;5.512670626211982
1;2025-07-23;1;0.0
1;2025-07-23;2;0.0
1;2025-07-23;3;0.0
1;2025-07-23;4;0.0
1;2025-07-23;5;68.24780669284183
1;2025-07-23;6;483.6261711086249
1;2025-07-23;7;1342.1654204031017
1;2025-07-23;8;1828.354415467279
1;2025-07-23;9;1363.2513981637537
1;2025-07-23;10;1247.2039995362397
1;2025-07-23;11;1220.924163906389
1;2025-07-23;12;1225.6605012993605
1;2025-07-23;13;1283.3208762260826
1;2025-07-23;14;1248.0280875189555
1;2025-07-23;15;1358.752273887442
1;2025-07-23;16;1434.2707377341887
1;2025-07-23;17;1684.9071496004403
1;2025-07-23;18;1736.103073917229
1;2025-07-23;19;1373.236512635914
1;2025-07-23;20;954.3342706012193
1;2025-07-23;21;578.7074021716494
1;2025-07-23;22;305.85650322945446
1;2025-07-23;23;52.92884042439151
1;2025-07-24;0;8.651710684735423
1;2025-07-24;1;0.0
1;2025-07-24;2;0.0
1;2025-07-24;3;0.0
1;2025-07-24;4;0.0
1;2025-07-24;5;67.32239766657437
1;2025-07-24;6;504.02750265173387
1;2025-07-24;7;1355.871992067282
1;2025-07-24;8;1828.1772872148363
1;2025-07-24;9;1359.0436337909427
1;2025-07-24;10;1286.335787185512
1;2025-07-24;11;1243.1378010667045
1;2025-07-24;12;1258.2127381995863
1;2025-07-24;13;1282.4133433774196
1;2025-07-24;14;1262.7407283088114
1;2025-07-24;15;1370.0403237019132
1;2025-07-24;16;1456.942150230126
1;2025-07-24;17;1710.0497676307468
1;2025-07-24;18;1755.7087040493525
1;2025-07-24;19;1361.9606669687462
1;2025-07-24;20;959.1988633201481
1;2025-07-24;21;576.6674576579603
1;2025-07-24;22;301.230682458268
1;2025-07-24;23;60.13010319803003
1;2025-07-25;0;7.062981713468919
1;2025-07-25;1;0.0
1;2025-07-25;2;0.0
1;2025-07-25;3;0.0
1;2025-07-25;4;0.0
1;2025-07-25;5;68.13789389313783
1;2025-07-25;6;473.2774323185058
1;2025-07-25;7;1332.0288627587227
1;2025-07-25;8;1714.8318495428439
1;2025-07-25;9;1319.3155841014352
1;2025-07-25;10;1250.3209555709848
1;2025-07-25;11;1264.9090621396183
1;2025-07-25;12;1241.2712528136722
1;2025-07-25;13;1276.9210916744432
1;2025-07-25;14;1238.0712708396845
1;2025-07-25;15;1400.029544718794
1;2025-07-25;16;1516.0874454455102
1;2025-07-25;17;1638.7988811614885
1;2025-07-25;18;1512.462556713719
1;2025-07-25;19;1195.4026336454115
1;2025-07-25;20;893.6155712354107
1;2025-07-25;21;568.963393506175
1;2025-07-25;22;311.8368021375282
1;2025-07-25;23;67.31125043237799
1;2025-07-26;0;7.936502303766686
1;2025-07-26;1;0.0
1;2025-07-26;2;0.0
1;2025-07-26;3;0.0
1;2025-07-26;4;0.0
1;2025-07-26;5;25.09960588119439
1;2025-07-26;6;166.65135895530676
1;2025-07-26;7;324.87566594702196
1;2025-07-26;8;467.8192994873491
1;2025-07-26;9;682.5117354042861
1;2025-07-26;10;732.6559230689819
1;2025-07-26;11;716.8570547976377
1;2025-07-26;12;829.1713734150321
1;2025-07-26;13;845.6523720514681
1;2025-07-26;14;817.5026905755224
1;2025-07-26;15;761.9918102103527
1;2025-07-26;16;718.0860573825635
1;2025-07-26;17;694.6033644934209
1;2025-07-26;18;658.2057455255649
1;2025-07-26;19;642.9775104695601
1;2025-07-26;20;496.0752469478473
1;2025-07-26;21;357.65729143031837
1;2025-07-26;22;194.13134884447908
1;2025-07-26;23;45.33896089564881
1;2025-07-27;0;4.305701483208875
1;2025-07-27;1;0.0
1;2025-07-27;2;0.0
1;2025-07-27;3;0.0
1;2025-07-27;4;0.0
1;2025-07-27;5;19.724281112921172
1;2025-07-27;6;126.7313926472446
1;2025-07-27;7;243.81861526429705
1;2025-07-27;8;355.6043954489477
1;2025-07-27;9;549.3425627603507
1;2025-07-27;10;631.5489451281369
1;2025-07-27;11;640.520411280369
1;2025-07-27;12;726.4593246279398
1;2025-07-27;13;745.8491591839438
1;2025-07-27;14;702.6035776644676
1;2025-07-27;15;660.566327763239
1;2025-07-27;16;641.571427885182
1;2025-07-27;17;608.1697581391023
1;2025-07-27;18;581.6824271629399
1;2025-07-27;19;528.5143564468558
1;2025-07-27;20;414.857812088582
1;2025-07-27;21;308.2182960789502
1;2025-07-27;22;150.23159590286858
1;2025-07-27;23;40.67497469515506
1;2025-07-28;0;2.7454227619678355
1;2025-07-28;1;0.0
1;2025-07-28;2;0.0
1;2025-07-28;3;0.0
1;2025-07-28;4;0.0
1;2025-07-28;5;71.70064549353455
1;2025-07-28;6;501.5004561028478
1;2025-07-28;7;1331.2898046649166
1;2025-07-28;8;1757.911590986205
1;2025-07-28;9;1324.5755698806347
1;2025-07-28;10;1183.607352064441
1;2025-07-28;11;1190.3169928984867
1;2025-07-28;12;1201.682528171613
1;2025-07-28;13;1223.9924689211425
1;2025-07-28;14;1203.8237780245702
1;2025-07-28;15;1326.3216187228984
1;2025-07-28;16;1410.7379740813044
1;2025-07-28;17;1681.0017599171533
1;2025-07-28;18;1743.563434102245
1;2025-07-28;19;1381.5243543998035
1;2025-07-28;20;935.7015050506452
1;2025-07-28;21;535.9713759732695
1;2025-07-28;22;266.3767960142293
1;2025-07-28;23;42.51932023265974
5;2025-05-29;0;0.0
5;2025-05-29;1;0.0
5;2025-05-29;2;0.0
5;2025-05-29;3;0.0
5;2025-05-29;4;0.0
5;2025-05-29;5;0.0
5;2025-05-29;6;0.0
5;2025-05-29;7;0.0
5;2025-05-29;8;0.0
5;2025-05-29;9;0.0
5;2025-05-29;10;0.0
5;2025-05-29;11;0.0
5;2025-05-29;12;0.0
5;2025-05-29;13;0.0
5;2025-05-29;14;0.0
5;2025-05-29;15;0.0
5;2025-05-29;16;0.0
5;2025-05-29;17;0.0
5;2025-05-29;18;0.0
5;2025-05-29;19;0.0
5;2025-05-29;20;0.0
5;2025-05-29;21;0.0
5;2025-05-29;22;0.0
5;2025-05-29;23;0.0
5;2025-05-30;0;0.0
5;2025-05-30;1;0.0
5;2025-05-30;2;0.0
5;2025-05-30;3;0.0
5;2025-05-30;4;0.0
5;2025-05-30;5;0.0
5;2025-05-30;6;0.0
5;2025-05-30;7;0.0
5;2025-05-30;8;0.0
5;2025-05-30;9;0.0
5;2025-05-30;10;0.0
5;2025-05-30;11;0.0
5;2025-05-30;12;0.0
5;2025-05-30;13;0.0
5;2025-05-30;14;0.0
5;2025-05-30;15;0.0
5;2025-05-30;16;0.0
5;2025-05-30;17;0.0
5;2025-05-30;18;0.0
5;2025-05-30;19;0.0
5;2025-05-30;20;0.0
5;2025-05-30;21;0.0
5;2025-05-30;22;0.0
5;2025-05-30;23;0.0
5;2025-05-31;0;0.0
5;2025-05-31;1;0.0
5;2025-05-31;2;0.0
5;2025-05-31;3;0.0
5;2025-05-31;4;0.0
5;2025-05-31;5;0.0
5;2025-05-31;6;0.0
5;2025-05-31;7;0.0
5;2025-05-31;8;0.0
5;2025-05-31;9;0.0
5;2025-05-31;10;0.0
5;2025-05-31;11;0.0
5;2025-05-31;12;0.0
5;2025-05-31;13;0.0
5;2025-05-31;14;0.0
5;2025-05-31;15;0.0
5;2025-05-31;16;0.0
5;2025-05-31;17;0.0
5;2025-05-31;18;0.0
5;2025-05-31;19;0.0
5;2025-05-31;20;0.0
5;2025-05-31;21;0.0
5;2025-05-31;22;0.0
5;2025-05-31;23;0.0
5;2025-06-01;0;0.0
5;2025-06-01;1;0.0
5;2025-06-01;2;0.0
5;2025-06-01;3;0.0
5;2025-06-01;4;0.0
5;2025-06-01;5;0.0
5;2025-06-01;6;0.0
5;2025-06-01;7;0.0
5;2025-06-01;8;0.0
5;2025-06-01;9;0.0
5;2025-06-01;10;0.0
5;2025-06-01;11;0.0
5;2025-06-01;12;0.0
5;2025-06-01;13;0.0
5;2025-06-01;14;0.0
5;2025-06-01;15;0.0
5;2025-06-01;16;0.0
5;2025-06-01;17;0.0
5;2025-06-01;18;0.0
5;2025-06-01;19;0.0
5;2025-06-01;20;0.0
5;2025-06-01;21;0.0
5;2025-06-01;22;0.0
5;2025-06-01;23;0.0
5;2025-06-02;0;0.0
5;2025-06-02;1;0.0
5;2025-06-02;2;0.0
5;2025-06-02;3;0.0
5;2025-06-02;4;0.0
5;2025-06-02;5;0.0
5;2025-06-02;6;0.0
5;2025-06-02;7;0.0
5;2025-06-02;8;0.0
5;2025-06-02;9;0.0
5;2025-06-02;10;0.0
5;2025-06-02;11;0.0
5;2025-06-02;12;0.0
5;2025-06-02;13;0.0
5;2025-06-02;14;0.0
5;2025-06-02;15;0.0
5;2025-06-02;16;0.0
5;2025-06-02;17;0.0
5;2025-06-02;18;0.0
5;2025-06-02;19;0.0
5;2025-06-02;20;0.0
5;2025-06-02;21;0.0
5;2025-06-02;22;0.0
5;2025-06-02;23;0.0
5;2025-06-03;0;0.0
5;2025-06-03;1;0.0
5;2025-06-03;2;0.0
5;2025-06-03;3;0.0
5;2025-06-03;4;0.0
5;2025-06-03;5;0.0
5;2025-06-03;6;0.0
5;2025-06-03;7;0.0
5;2025-06-03;8;0.0
5;2025-06-03;9;0.0
5;2025-06-03;10;0.0
5;2025-06-03;11;0.0
5;2025-06-03;12;0.0
5;2025-06-03;13;0.0
5;2025-06-03;14;0.0
5;2025-06-03;15;0.0
5;2025-06-03;16;0.0
5;2025-06-03;17;0.0
5;2025-06-03;18;0.0
5;2025-06-03;19;0.0
5;2025-06-03;20;0.0
5;2025-06-03;21;0.0
5;2025-06-03;22;0.0
5;2025-06-03;23;0.0
5;2025-06-04;0;0.0
5;2025-06-04;1;0.0
5;2025-06-04;2;0.0
5;2025-06-04;3;0.0
5;2025-06-04;4;0.0
5;2025-06-04;5;0.0
5;2025-06-04;6;0.0
5;2025-06-04;7;0.0
5;2025-06-04;8;0.0
5;2025-06-04;9;0.0
5;2025-06-04;10;0.0
5;2025-06-04;11;0.0
5;2025-06-04;12;0.0
5;2025-06-04;13;0.0
5;2025-06-04;14;0.0
5;2025-06-04;15;0.0
5;2025-06-04;16;0.0
5;2025-06-04;17;0.0
5;2025-06-04;18;0.0
5;2025-06-04;19;0.0
5;2025-06-04;20;0.0
5;2025-06-04;21;0.0
5;2025-06-04;22;0.0
5;2025-06-04;23;0.0
5;2025-06-05;0;0.0
5;2025-06-05;1;0.0
5;2025-06-05;2;0.0
5;2025-06-05;3;0.0
5;2025-06-05;4;0.0
5;2025-06-05;5;0.0
5;2025-06-05;6;0.0
5;2025-06-05;7;0.0
5;2025-06-05;8;0.0
5;2025-06-05;9;0.0
5;2025-06-05;10;0.0
5;2025-06-05;11;0.0
5;2025-06-05;12;0.0
5;2025-06-05;13;0.0
5;2025-06-05;14;0.0
5;2025-06-05;15;0.0
5;2025-06-05;16;0.0
5;2025-06-05;17;0.0
5;2025-06-05;18;0.0
5;2025-06-05;19;0.0
5;2025-06-05;20;0.0
5;2025-06-05;21;0.0
5;2025-06-05;22;0.0
5;2025-06-05;23;0.0
5;2025-06-06;0;0.0
5;2025-06-06;1;0.0
5;2025-06-06;2;0.0
5;2025-06-06;3;0.0
5;2025-06-06;4;0.0
5;2025-06-06;5;0.0
5;2025-06-06;6;0.0
5;2025-06-06;7;0.0
5;2025-06-06;8;0.0
5;2025-06-06;9;0.0
5;2025-06-06;10;0.0
5;2025-06-06;11;0.0
5;2025-06-06;12;0.0
5;2025-06-06;13;0.0
5;2025-06-06;14;0.0
5;2025-06-06;15;0.0
5;2025-06-06;16;0.0
5;2025-06-06;17;0.0
5;2025-06-06;18;0.0
5;2025-06-06;19;0.0
5;2025-06-06;20;0.0
5;2025-06-06;21;0.0
5;2025-06-06;22;0.0
5;2025-06-06;23;0.0
5;2025-06-07;0;0.0
5;2025-06-07;1;0.0
5;2025-06-07;2;0.0
5;2025-06-07;3;0.0
5;2025-06-07;4;0.0
5;2025-06-07;5;0.0
5;2025-06-07;6;0.0
5;2025-06-07;7;0.0
5;2025-06-07;8;0.0
5;2025-06-07;9;0.0
5;2025-06-07;10;0.0
5;2025-06-07;11;0.0
5;2025-06-07;12;0.0
5;2025-06-07;13;0.0
5;2025-06-07;14;0.0
5;2025-06-07;15;0.0
5;2025-06-07;16;0.0
5;2025-06-07;17;0.0
5;2025-06-07;18;0.0
5;2025-06-07;19;0.0
5;2025-06-07;20;0.0
5;2025-06-07;21;0.0
5;2025-06-07;22;0.0
5;2025-06-07;23;0.0
5;2025-06-08;0;0.0
5;2025-06-08;1;0.0
5;2025-06-08;2;0.0
5;2025-06-08;3;0.0
5;2025-06-08;4;0.0
5;2025-06-08;5;0.0
5;2025-06-08;6;0.0
5;2025-06-08;7;0.0
5;2025-06-08;8;0.0
5;2025-06-08;9;0.0
5;2025-06-08;10;0.0
5;2025-06-08;11;0.0
5;2025-06-08;12;0.0
5;2025-06-08;13;0.0
5;2025-06-08;14;0.0
5;2025-06-08;15;0.0
5;2025-06-08;16;0.0
5;2025-06-08;17;0.0
5;2025-06-08;18;0.0
5;2025-06-08;19;0.0
5;2025-06-08;20;0.0
5;2025-06-08;21;0.0
5;2025-06-08;22;0.0
5;2025-06-08;23;0.0
5;2025-06-09;0;0.0
5;2025-06-09;1;0.0
5;2025-06-09;2;0.0
5;2025-06-09;3;0.0
5;2025-06-09;4;0.0
5;2025-06-09;5;0.0
5;2025-06-09;6;0.0
5;2025-06-09;7;0.0
5;2025-06-09;8;0.0
5;2025-06-09;9;0.0
5;2025-06-09;10;0.0
5;2025-06-09;11;0.0
5;2025-06-09;12;0.0
5;2025-06-09;13;0.0
5;2025-06-09;14;0.0
5;2025-06-09;15;0.0
5;2025-06-09;16;0.0
5;2025-06-09;17;0.0
5;2025-06-09;18;0.0
5;2025-06-09;19;0.0
5;2025-06-09;20;0.0
5;2025-06-09;21;0.0
5;2025-06-09;22;0.0
5;2025-06-09;23;0.0
5;2025-06-10;0;0.0
5;2025-06-10;1;0.0
5;2025-06-10;2;0.0
5;2025-06-10;3;0.0
5;2025-06-10;4;0.0
5;2025-06-10;5;0.0
5;2025-06-10;6;0.0
5;2025-06-10;7;0.0
5;2025-06-10;8;0.0
5;2025-06-10;9;0.0
5;2025-06-10;10;0.0
5;2025-06-10;11;0.0
5;2025-06-10;12;0.0
5;2025-06-10;13;0.0
5;2025-06-10;14;0.0
5;2025-06-10;15;0.0
5;2025-06-10;16;0.0
5;2025-06-10;17;0.0
5;2025-06-10;18;0.0
5;2025-06-10;19;0.0
5;2025-06-10;20;0.0
5;2025-06-10;21;0.0
5;2025-06-10;22;0.0
5;2025-06-10;23;0.0
5;2025-06-11;0;0.0
5;2025-06-11;1;0.0
5;2025-06-11;2;0.0
5;2025-06-11;3;0.0
5;2025-06-11;4;0.0
5;2025-06-11;5;0.0
5;2025-06-11;6;0.0
5;2025-06-11;7;0.0
5;2025-06-11;8;0.0
5;2025-06-11;9;0.0
5;2025-06-11;10;0.0
5;2025-06-11;11;0.0
5;2025-06-11;12;0.0
5;2025-06-11;13;0.0
5;2025-06-11;14;0.0
5;2025-06-11;15;0.0
5;2025-06-11;16;0.0
5;2025-06-11;17;0.0
5;2025-06-11;18;0.0
5;2025-06-11;19;0.0
5;2025-06-11;20;0.0
5;2025-06-11;21;0.0
5;2025-06-11;22;0.0
5;2025-06-11;23;0.0
5;2025-06-12;0;0.0
5;2025-06-12;1;0.0
5;2025-06-12;2;0.0
5;2025-06-12;3;0.0
5;2025-06-12;4;0.0
5;2025-06-12;5;0.0
5;2025-06-12;6;0.0
5;2025-06-12;7;0.0
5;2025-06-12;8;0.0
5;2025-06-12;9;0.0
5;2025-06-12;10;0.0
5;2025-06-12;11;0.0
5;2025-06-12;12;0.0
5;2025-06-12;13;0.0
5;2025-06-12;14;0.0
5;2025-06-12;15;0.0
5;2025-06-12;16;0.0
5;2025-06-12;17;0.0
5;2025-06-12;18;0.0
5;2025-06-12;19;0.0
5;2025-06-12;20;0.0
5;2025-06-12;21;0.0
5;2025-06-12;22;0.0
5;2025-06-12;23;0.0
5;2025-06-13;0;0.0
5;2025-06-13;1;0.0
5;2025-06-13;2;0.0
5;2025-06-13;3;0.0
5;2025-06-13;4;0.0
5;2025-06-13;5;0.0
5;2025-06-13;6;0.0
5;2025-06-13;7;0.0
5;2025-06-13;8;0.0
5;2025-06-13;9;0.0
5;2025-06-13;10;0.0
5;2025-06-13;11;0.0
5;2025-06-13;12;0.0
5;2025-06-13;13;0.0
5;2025-06-13;14;0.0
5;2025-06-13;15;0.0
5;2025-06-13;16;0.0
5;2025-06-13;17;0.0
5;2025-06-13;18;0.0
5;2025-06-13;19;0.0
5;2025-06-13;20;0.0
5;2025-06-13;21;0.0
5;2025-06-13;22;0.0
5;2025-06-13;23;0.0
5;2025-06-14;0;0.0
5;2025-06-14;1;0.0
5;2025-06-14;2;0.0
5;2025-06-14;3;0.0
5;2025-06-14;4;0.0
5;2025-06-14;5;0.0
5;2025-06-14;6;0.0
5;2025-06-14;7;0.0
5;2025-06-14;8;0.0
5;2025-06-14;9;0.0
5;2025-06-14;10;0.0
5;2025-06-14;11;0.0
5;2025-06-14;12;0.0
5;2025-06-14;13;0.0
5;2025-06-14;14;0.0
5;2025-06-14;15;0.0
5;2025-06-14;16;0.0
5;2025-06-14;17;0.0
5;2025-06-14;18;0.0
5;2025-06-14;19;0.0
5;2025-06-14;20;0.0
5;2025-06-14;21;0.0
5;2025-06-14;22;0.0
5;2025-06-14;23;0.0
5;2025-06-15;0;0.0
5;2025-06-15;1;0.0
5;2025-06-15;2;0.0
5;2025-06-15;3;0.0
5;2025-06-15;4;0.0
5;2025-06-15;5;0.0
5;2025-06-15;6;0.0
5;2025-06-15;7;0.0
5;2025-06-15;8;0.0
5;2025-06-15;9;0.0
5;2025-06-15;10;0.0
5;2025-06-15;11;0.0
5;2025-06-15;12;0.0
5;2025-06-15;13;0.0
5;2025-06-15;14;0.0
5;2025-06-15;15;0.0
5;2025-06-15;16;0.0
5;2025-06-15;17;0.0
5;2025-06-15;18;0.0
5;2025-06-15;19;0.0
5;2025-06-15;20;0.0
5;2025-06-15;21;0.0
5;2025-06-15;22;0.0
5;2025-06-15;23;0.0
5;2025-06-16;0;0.0
5;2025-06-16;1;0.0
5;2025-06-16;2;0.0
5;2025-06-16;3;0.0
5;2025-06-16;4;0.0
5;2025-06-16;5;0.0
5;2025-06-16;6;0.0
5;2025-06-16;7;0.0
5;2025-06-16;8;0.0
5;2025-06-16;9;0.0
5;2025-06-16;10;0.0
5;2025-06-16;11;0.0
5;2025-06-16;12;0.0
5;2025-06-16;13;0.0
5;2025-06-16;14;0.0
5;2025-06-16;15;0.0
5;2025-06-16;16;0.0
5;2025-06-16;17;0.0
5;2025-06-16;18;0.0
5;2025-06-16;19;0.0
5;2025-06-16;20;0.0
5;2025-06-16;21;0.0
5;2025-06-16;22;0.0
5;2025-06-16;23;0.0
5;2025-06-17;0;0.0
5;2025-06-17;1;0.0
5;2025-06-17;2;0.0
5;2025-06-17;3;0.0
5;2025-06-17;4;0.0
5;2025-06-17;5;0.0
5;2025-06-17;6;0.0
5;2025-06-17;7;0.0
5;2025-06-17;8;0.0
5;2025-06-17;9;0.0
5;2025-06-17;10;0.0
5;2025-06-17;11;0.0
5;2025-06-17;12;0.0
5;2025-06-17;13;0.0
5;2025-06-17;14;0.0
5;2025-06-17;15;0.0
5;2025-06-17;16;0.0
5;2025-06-17;17;0.0
5;2025-06-17;18;0.0
5;2025-06-17;19;0.0
5;2025-06-17;20;0.0
5;2025-06-17;21;0.0
5;2025-06-17;22;0.0
5;2025-06-17;23;0.0
5;2025-06-18;0;0.0
5;2025-06-18;1;0.0
5;2025-06-18;2;0.0
5;2025-06-18;3;0.0
5;2025-06-18;4;0.0
5;2025-06-18;5;0.0
5;2025-06-18;6;0.0
5;2025-06-18;7;0.0
5;2025-06-18;8;0.0
5;2025-06-18;9;0.0
5;2025-06-18;10;0.0
5;2025-06-18;11;0.0
5;2025-06-18;12;0.0
5;2025-06-18;13;0.0
5;2025-06-18;14;0.0
5;2025-06-18;15;0.0
5;2025-06-18;16;0.0
5;2025-06-18;17;0.0
5;2025-06-18;18;0.0
5;2025-06-18;19;0.0
5;2025-06-18;20;0.0
5;2025-06-18;21;0.0
5;2025-06-18;22;0.0
5;2025-06-18;23;0.0
5;2025-06-19;0;0.0
5;2025-06-19;1;0.0
5;2025-06-19;2;0.0
5;2025-06-19;3;0.0
5;2025-06-19;4;0.0
5;2025-06-19;5;0.0
5;2025-06-19;6;0.0
5;2025-06-19;7;0.0
5;2025-06-19;8;0.0
5;2025-06-19;9;0.0
5;2025-06-19;10;0.0
5;2025-06-19;11;0.0
5;2025-06-19;12;0.0
5;2025-06-19;13;0.0
5;2025-06-19;14;0.0
5;2025-06-19;15;0.0
5;2025-06-19;16;0.0
5;2025-06-19;17;0.0
5;2025-06-19;18;0.0
5;2025-06-19;19;0.0
5;2025-06-19;20;0.0
5;2025-06-19;21;0.0
5;2025-06-19;22;0.0
5;2025-06-19;23;0.0
5;2025-06-20;0;0.0
5;2025-06-20;1;0.0
5;2025-06-20;2;0.0
5;2025-06-20;3;0.0
5;2025-06-20;4;0.0
5;2025-06-20;5;0.0
5;2025-06-20;6;0.0
5;2025-06-20;7;0.0
5;2025-06-20;8;0.0
5;2025-06-20;9;0.0
5;2025-06-20;10;0.0
5;2025-06-20;11;0.0
5;2025-06-20;12;0.0
5;2025-06-20;13;0.0
5;2025-06-20;14;0.0
5;2025-06-20;15;0.0
5;2025-06-20;16;0.0
5;2025-06-20;17;0.0
5;2025-06-20;18;0.0
5;2025-06-20;19;0.0
5;2025-06-20;20;0.0
5;2025-06-20;21;0.0
5;2025-06-20;22;0.0
5;2025-06-20;23;0.0
5;2025-06-21;0;0.0
5;2025-06-21;1;0.0
5;2025-06-21;2;0.0
5;2025-06-21;3;0.0
5;2025-06-21;4;0.0
5;2025-06-21;5;0.0
5;2025-06-21;6;0.0
5;2025-06-21;7;0.0
5;2025-06-21;8;0.0
5;2025-06-21;9;0.0
5;2025-06-21;10;0.0
5;2025-06-21;11;0.0
5;2025-06-21;12;0.0
5;2025-06-21;13;0.0
5;2025-06-21;14;0.0
5;2025-06-21;15;0.0
5;2025-06-21;16;0.0
5;2025-06-21;17;0.0
5;2025-06-21;18;0.0
5;2025-06-21;19;0.0
5;2025-06-21;20;0.0
5;2025-06-21;21;0.0
5;2025-06-21;22;0.0
5;2025-06-21;23;0.0
5;2025-06-22;0;0.0
5;2025-06-22;1;0.0
5;2025-06-22;2;0.0
5;2025-06-22;3;0.0
5;2025-06-22;4;0.0
5;2025-06-22;5;0.0
5;2025-06-22;6;0.0
5;2025-06-22;7;0.0
5;2025-06-22;8;0.0
5;2025-06-22;9;0.0
5;2025-06-22;10;0.0
5;2025-06-22;11;0.0
5;2025-06-22;12;0.0
5;2025-06-22;13;0.0
5;2025-06-22;14;0.0
5;2025-06-22;15;0.0
5;2025-06-22;16;0.0
5;2025-06-22;17;0.0
5;2025-06-22;18;0.0
5;2025-06-22;19;0.0
5;2025-06-22;20;0.0
5;2025-06-22;21;0.0
5;2025-06-22;22;0.0
5;2025-06-22;23;0.0
5;2025-06-23;0;0.0
5;2025-06-23;1;0.0
5;2025-06-23;2;0.0
5;2025-06-23;3;0.0
5;2025-06-23;4;0.0
5;2025-06-23;5;0.0
5;2025-06-23;6;0.0
5;2025-06-23;7;0.0
5;2025-06-23;8;0.0
5;2025-06-23;9;0.0
5;2025-06-23;10;0.0
5;2025-06-23;11;0.0
5;2025-06-23;12;0.0
5;2025-06-23;13;0.0
5;2025-06-23;14;0.0
5;2025-06-23;15;0.0
5;2025-06-23;16;0.0
5;2025-06-23;17;0.0
5;2025-06-23;18;0.0
5;2025-06-23;19;0.0
5;2025-06-23;20;0.0
5;2025-06-23;21;0.0
5;2025-06-23;22;0.0
5;2025-06-23;23;0.0
5;2025-06-24;0;0.0
5;2025-06-24;1;0.0
5;2025-06-24;2;0.0
5;2025-06-24;3;0.0
5;2025-06-24;4;0.0
5;2025-06-24;5;0.0
5;2025-06-24;6;0.0
5;2025-06-24;7;0.0
5;2025-06-24;8;0.0
5;2025-06-24;9;0.0
5;2025-06-24;10;0.0
5;2025-06-24;11;0.0
5;2025-06-24;12;0.0
5;2025-06-24;13;0.0
5;2025-06-24;14;0.0
5;2025-06-24;15;0.0
5;2025-06-24;16;0.0
5;2025-06-24;17;0.0
5;2025-06-24;18;0.0
5;2025-06-24;19;0.0
5;2025-06-24;20;0.0
5;2025-06-24;21;0.0
5;2025-06-24;22;0.0
5;2025-06-24;23;0.0
5;2025-06-25;0;0.0
5;2025-06-25;1;0.0
5;2025-06-25;2;0.0
5;2025-06-25;3;0.0
5;2025-06-25;4;0.0
5;2025-06-25;5;0.0
5;2025-06-25;6;0.0
5;2025-06-25;7;0.0
5;2025-06-25;8;0.0
5;2025-06-25;9;0.0
5;2025-06-25;10;0.0
5;2025-06-25;11;0.0
5;2025-06-25;12;0.0
5;2025-06-25;13;0.0
5;2025-06-25;14;0.0
5;2025-06-25;15;0.0
5;2025-06-25;16;0.0
5;2025-06-25;17;0.0
5;2025-06-25;18;0.0
5;2025-06-25;19;0.0
5;2025-06-25;20;0.0
5;2025-06-25;21;0.0
5;2025-06-25;22;0.0
5;2025-06-25;23;0.0
5;2025-06-26;0;0.0
5;2025-06-26;1;0.0
5;2025-06-26;2;0.0
5;2025-06-26;3;0.0
5;2025-06-26;4;0.0
5;2025-06-26;5;0.0
5;2025-06-26;6;0.0
5;2025-06-26;7;0.0
5;2025-06-26;8;0.0
5;2025-06-26;9;0.0
5;2025-06-26;10;0.0
5;2025-06-26;11;0.0
5;2025-06-26;12;0.0
5;2025-06-26;13;0.0
5;2025-06-26;14;0.0
5;2025-06-26;15;0.0
5;2025-06-26;16;0.0
5;2025-06-26;17;0.0
5;2025-06-26;18;0.0
5;2025-06-26;19;0.0
5;2025-06-26;20;0.0
5;2025-06-26;21;0.0
5;2025-06-26;22;0.0
5;2025-06-26;23;0.0
5;2025-06-27;0;0.0
5;2025-06-27;1;0.0
5;2025-06-27;2;0.0
5;2025-06-27;3;0.0
5;2025-06-27;4;0.0
5;2025-06-27;5;0.0
5;2025-06-27;6;0.0
5;2025-06-27;7;0.0
5;2025-06-27;8;0.0
5;2025-06-27;9;0.0
5;2025-06-27;10;0.0
5;2025-06-27;11;0.0
5;2025-06-27;12;0.0
5;2025-06-27;13;0.0
5;2025-06-27;14;0.0
5;2025-06-27;15;0.0
5;2025-06-27;16;0.0
5;2025-06-27;17;0.0
5;2025-06-27;18;0.0
5;2025-06-27;19;0.0
5;2025-06-27;20;0.0
5;2025-06-27;21;0.0
5;2025-06-27;22;0.0
5;2025-06-27;23;0.0
5;2025-06-28;0;0.0
5;2025-06-28;1;0.0
5;2025-06-28;2;0.0
5;2025-06-28;3;0.0
5;2025-06-28;4;0.0
5;2025-06-28;5;0.0
5;2025-06-28;6;0.0
5;2025-06-28;7;0.0
5;2025-06-28;8;0.0
5;2025-06-28;9;0.0
5;2025-06-28;10;0.0
5;2025-06-28;11;0.0
5;2025-06-28;12;0.0
5;2025-06-28;13;0.0
5;2025-06-28;14;0.0
5;2025-06-28;15;0.0
5;2025-06-28;16;0.0
5;2025-06-28;17;0.0
5;2025-06-28;18;0.0
5;2025-06-28;19;0.0
5;2025-06-28;20;0.0
5;2025-06-28;21;0.0
5;2025-06-28;22;0.0
5;2025-06-28;23;0.0
5;2025-06-29;0;0.0
5;2025-06-29;1;0.0
5;2025-06-29;2;0.0
5;2025-06-29;3;0.0
5;2025-06-29;4;0.0
5;2025-06-29;5;0.0
5;2025-06-29;6;0.0
5;2025-06-29;7;0.0
5;2025-06-29;8;0.0
5;2025-06-29;9;0.0
5;2025-06-29;10;0.0
5;2025-06-29;11;0.0
5;2025-06-29;12;0.0
5;2025-06-29;13;0.0
5;2025-06-29;14;0.0
5;2025-06-29;15;0.0
5;2025-06-29;16;0.0
5;2025-06-29;17;0.0
5;2025-06-29;18;0.0
5;2025-06-29;19;0.0
5;2025-06-29;20;0.0
5;2025-06-29;21;0.0
5;2025-06-29;22;0.0
5;2025-06-29;23;0.0
5;2025-06-30;0;0.0
5;2025-06-30;1;0.0
5;2025-06-30;2;0.0
5;2025-06-30;3;0.0
5;2025-06-30;4;0.0
5;2025-06-30;5;0.0
5;2025-06-30;6;0.0
5;2025-06-30;7;0.0
5;2025-06-30;8;0.0
5;2025-06-30;9;0.0
5;2025-06-30;10;0.0
5;2025-06-30;11;0.0
5;2025-06-30;12;0.0
5;2025-06-30;13;0.0
5;2025-06-30;14;0.0
5;2025-06-30;15;0.0
5;2025-06-30;16;0.0
5;2025-06-30;17;0.0
5;2025-06-30;18;0.0
5;2025-06-30;19;0.0
5;2025-06-30;20;0.0
5;2025-06-30;21;0.0
5;2025-06-30;22;0.0
5;2025-06-30;23;0.0
5;2025-07-01;0;0.0
5;2025-07-01;1;0.0
5;2025-07-01;2;0.0
5;2025-07-01;3;0.0
5;2025-07-01;4;0.0
5;2025-07-01;5;0.0
5;2025-07-01;6;0.0
5;2025-07-01;7;0.0
5;2025-07-01;8;0.0
5;2025-07-01;9;0.0
5;2025-07-01;10;0.0
5;2025-07-01;11;0.0
5;2025-07-01;12;0.0
5;2025-07-01;13;0.0
5;2025-07-01;14;0.0
5;2025-07-01;15;0.0
5;2025-07-01;16;0.0
5;2025-07-01;17;0.0
5;2025-07-01;18;0.0
5;2025-07-01;19;0.0
5;2025-07-01;20;0.0
5;2025-07-01;21;0.0
5;2025-07-01;22;0.0
5;2025-07-01;23;0.0
5;2025-07-02;0;0.0
5;2025-07-02;1;0.0
5;2025-07-02;2;0.0
5;2025-07-02;3;0.0
5;2025-07-02;4;0.0
5;2025-07-02;5;0.0
5;2025-07-02;6;0.0
5;2025-07-02;7;0.0
5;2025-07-02;8;0.0
5;2025-07-02;9;0.0
5;2025-07-02;10;0.0
5;2025-07-02;11;0.0
5;2025-07-02;12;0.0
5;2025-07-02;13;0.0
5;2025-07-02;14;0.0
5;2025-07-02;15;0.0
5;2025-07-02;16;0.0
5;2025-07-02;17;0.0
5;2025-07-02;18;0.0
5;2025-07-02;19;0.0
5;2025-07-02;20;0.0
5;2025-07-02;21;0.0
5;2025-07-02;22;0.0
5;2025-07-02;23;0.0
5;2025-07-03;0;0.0
5;2025-07-03;1;0.0
5;2025-07-03;2;0.0
5;2025-07-03;3;0.0
5;2025-07-03;4;0.0
5;2025-07-03;5;0.0
5;2025-07-03;6;0.0
5;2025-07-03;7;0.0
5;2025-07-03;8;0.0
5;2025-07-03;9;0.0
5;2025-07-03;10;0.0
5;2025-07-03;11;0.0
5;2025-07-03;12;0.0
5;2025-07-03;13;0.0
5;2025-07-03;14;0.0
5;2025-07-03;15;0.0
5;2025-07-03;16;0.0
5;2025-07-03;17;0.0
5;2025-07-03;18;0.0
5;2025-07-03;19;0.0
5;2025-07-03;20;0.0
5;2025-07-03;21;0.0
5;2025-07-03;22;0.0
5;2025-07-03;23;0.0
5;2025-07-04;0;0.0
5;2025-07-04;1;0.0
5;2025-07-04;2;0.0
5;2025-07-04;3;0.0
5;2025-07-04;4;0.0
5;2025-07-04;5;0.0
5;2025-07-04;6;0.0
5;2025-07-04;7;0.0
5;2025-07-04;8;0.0
5;2025-07-04;9;0.0
5;2025-07-04;10;0.0
5;2025-07-04;11;0.0
5;2025-07-04;12;0.0
5;2025-07-04;13;0.0
5;2025-07-04;14;0.0
5;2025-07-04;15;0.0
5;2025-07-04;16;0.0
5;2025-07-04;17;0.0
5;2025-07-04;18;0.0
5;2025-07-04;19;0.0
5;2025-07-04;20;0.0
5;2025-07-04;21;0.0
5;2025-07-04;22;0.0
5;2025-07-04;23;0.0
5;2025-07-05;0;0.0
5;2025-07-05;1;0.0
5;2025-07-05;2;0.0
5;2025-07-05;3;0.0
5;2025-07-05;4;0.0
5;2025-07-05;5;0.0
5;2025-07-05;6;0.0
5;2025-07-05;7;0.0
5;2025-07-05;8;0.0
5;2025-07-05;9;0.0
5;2025-07-05;10;0.0
5;2025-07-05;11;0.0
5;2025-07-05;12;0.0
5;2025-07-05;13;0.0
5;2025-07-05;14;0.0
5;2025-07-05;15;0.0
5;2025-07-05;16;0.0
5;2025-07-05;17;0.0
5;2025-07-05;18;0.0
5;2025-07-05;19;0.0
5;2025-07-05;20;0.0
5;2025-07-05;21;0.0
5;2025-07-05;22;0.0
5;2025-07-05;23;0.0
5;2025-07-06;0;0.0
5;2025-07-06;1;0.0
5;2025-07-06;2;0.0
5;2025-07-06;3;0.0
5;2025-07-06;4;0.0
5;2025-07-06;5;0.0
5;2025-07-06;6;0.0
5;2025-07-06;7;0.0
5;2025-07-06;8;0.0
5;2025-07-06;9;0.0
5;2025-07-06;10;0.0
5;2025-07-06;11;0.0
5;2025-07-06;12;0.0
5;2025-07-06;13;0.0
5;2025-07-06;14;0.0
5;2025-07-06;15;0.0
5;2025-07-06;16;0.0
5;2025-07-06;17;0.0
5;2025-07-06;18;0.0
5;2025-07-06;19;0.0
5;2025-07-06;20;0.0
5;2025-07-06;21;0.0
5;2025-07-06;22;0.0
5;2025-07-06;23;0.0
5;2025-07-07;0;0.0
5;2025-07-07;1;0.0
5;2025-07-07;2;0.0
5;2025-07-07;3;0.0
5;2025-07-07;4;0.0
5;2025-07-07;5;0.0
5;2025-07-07;6;0.0
5;2025-07-07;7;0.0
5;2025-07-07;8;0.0
5;2025-07-07;9;0.0
5;2025-07-07;10;0.0
5;2025-07-07;11;0.0
5;2025-07-07;12;0.0
5;2025-07-07;13;0.0
5;2025-07-07;14;0.0
5;2025-07-07;15;0.0
5;2025-07-07;16;0.0
5;2025-07-07;17;0.0
5;2025-07-07;18;0.0
5;2025-07-07;19;0.0
5;2025-07-07;20;0.0
5;2025-07-07;21;0.0
5;2025-07-07;22;0.0
5;2025-07-07;23;0.0
5;2025-07-08;0;0.0
5;2025-07-08;1;0.0
5;2025-07-08;2;0.0
5;2025-07-08;3;0.0
5;2025-07-08;4;0.0
5;2025-07-08;5;0.0
5;2025-07-08;6;0.0
5;2025-07-08;7;0.0
5;2025-07-08;8;0.0
5;2025-07-08;9;0.0
5;2025-07-08;10;0.0
5;2025-07-08;11;0.0
5;2025-07-08;12;0.0
5;2025-07-08;13;0.0
5;2025-07-08;14;0.0
5;2025-07-08;15;0.0
5;2025-07-08;16;0.0
5;2025-07-08;17;0.0
5;2025-07-08;18;0.0
5;2025-07-08;19;0.0
5;2025-07-08;20;0.0
5;2025-07-08;21;0.0
5;2025-07-08;22;0.0
5;2025-07-08;23;0.0
5;2025-07-09;0;0.0
5;2025-07-09;1;0.0
5;2025-07-09;2;0.0
5;2025-07-09;3;0.0
5;2025-07-09;4;0.0
5;2025-07-09;5;0.0
5;2025-07-09;6;0.0
5;2025-07-09;7;0.0
5;2025-07-09;8;0.0
5;2025-07-09;9;0.0
5;2025-07-09;10;0.0
5;2025-07-09;11;0.0
5;2025-07-09;12;0.0
5;2025-07-09;13;0.0
5;2025-07-09;14;0.0
5;2025-07-09;15;0.0
5;2025-07-09;16;0.0
5;2025-07-09;17;0.0
5;2025-07-09;18;0.0
5;2025-07-09;19;0.0
5;2025-07-09;20;0.0
5;2025-07-09;21;0.0
5;2025-07-09;22;0.0
5;2025-07-09;23;0.0
5;2025-07-10;0;0.0
5;2025-07-10;1;0.0
5;2025-07-10;2;0.0
5;2025-07-10;3;0.0
5;2025-07-10;4;0.0
5;2025-07-10;5;0.0
5;2025-07-10;6;0.0
5;2025-07-10;7;0.0
5;2025-07-10;8;0.0
5;2025-07-10;9;0.0
5;2025-07-10;10;0.0
5;2025-07-10;11;0.0
5;2025-07-10;12;0.0
5;2025-07-10;13;0.0
5;2025-07-10;14;0.0
5;2025-07-10;15;0.0
5;2025-07-10;16;0.0
5;2025-07-10;17;0.0
5;2025-07-10;18;0.0
5;2025-07-10;19;0.0
5;2025-07-10;20;0.0
5;2025-07-10;21;0.0
5;2025-07-10;22;0.0
5;2025-07-10;23;0.0
5;2025-07-11;0;0.0
5;2025-07-11;1;0.0
5;2025-07-11;2;0.0
5;2025-07-11;3;0.0
5;2025-07-11;4;0.0
5;2025-07-11;5;0.0
5;2025-07-11;6;0.0
5;2025-07-11;7;0.0
5;2025-07-11;8;0.0
5;2025-07-11;9;0.0
5;2025-07-11;10;0.0
5;2025-07-11;11;0.0
5;2025-07-11;12;0.0
5;2025-07-11;13;0.0
5;2025-07-11;14;0.0
5;2025-07-11;15;0.0
5;2025-07-11;16;0.0
5;2025-07-11;17;0.0
5;2025-07-11;18;0.0
5;2025-07-11;19;0.0
5;2025-07-11;20;0.0
5;2025-07-11;21;0.0
5;2025-07-11;22;0.0
5;2025-07-11;23;0.0
5;2025-07-12;0;0.0
5;2025-07-12;1;0.0
5;2025-07-12;2;0.0
5;2025-07-12;3;0.0
5;2025-07-12;4;0.0
5;2025-07-12;5;0.0
5;2025-07-12;6;0.0
5;2025-07-12;7;0.0
5;2025-07-12;8;0.0
5;2025-07-12;9;0.0
5;2025-07-12;10;0.0
5;2025-07-12;11;0.0
5;2025-07-12;12;0.0
5;2025-07-12;13;0.0
5;2025-07-12;14;0.0
5;2025-07-12;15;0.0
5;2025-07-12;16;0.0
5;2025-07-12;17;0.0
5;2025-07-12;18;0.0
5;2025-07-12;19;0.0
5;2025-07-12;20;0.0
5;2025-07-12;21;0.0
5;2025-07-12;22;0.0
5;2025-07-12;23;0.0
5;2025-07-13;0;0.0
5;2025-07-13;1;0.0
5;2025-07-13;2;0.0
5;2025-07-13;3;0.0
5;2025-07-13;4;0.0
5;2025-07-13;5;0.0
5;2025-07-13;6;0.0
5;2025-07-13;7;0.0
5;2025-07-13;8;0.0
5;2025-07-13;9;0.0
5;2025-07-13;10;0.0
5;2025-07-13;11;0.0
5;2025-07-13;12;0.0
5;2025-07-13;13;0.0
5;2025-07-13;14;0.0
5;2025-07-13;15;0.0
5;2025-07-13;16;0.0
5;2025-07-13;17;0.0
5;2025-07-13;18;0.0
5;2025-07-13;19;0.0
5;2025-07-13;20;0.0
5;2025-07-13;21;0.0
5;2025-07-13;22;0.0
5;2025-07-13;23;0.0
5;2025-07-14;0;0.0
5;2025-07-14;1;0.0
5;2025-07-14;2;0.0
5;2025-07-14;3;0.0
5;2025-07-14;4;0.0
5;2025-07-14;5;0.0
5;2025-07-14;6;0.0
5;2025-07-14;7;0.0
5;2025-07-14;8;0.0
5;2025-07-14;9;0.0
5;2025-07-14;10;0.0
5;2025-07-14;11;0.0
5;2025-07-14;12;0.0
5;2025-07-14;13;0.0
5;2025-07-14;14;0.0
5;2025-07-14;15;0.0
5;2025-07-14;16;0.0
5;2025-07-14;17;0.0
5;2025-07-14;18;0.0
5;2025-07-14;19;0.0
5;2025-07-14;20;0.0
5;2025-07-14;21;0.0
5;2025-07-14;22;0.0
5;2025-07-14;23;0.0
5;2025-07-15;0;0.0
5;2025-07-15;1;0.0
5;2025-07-15;2;0.0
5;2025-07-15;3;0.0
5;2025-07-15;4;0.0
5;2025-07-15;5;0.0
5;2025-07-15;6;0.0
5;2025-07-15;7;0.0
5;2025-07-15;8;0.0
5;2025-07-15;9;0.0
5;2025-07-15;10;0.0
5;2025-07-15;11;0.0
5;2025-07-15;12;0.0
5;2025-07-15;13;0.0
5;2025-07-15;14;0.0
5;2025-07-15;15;0.0
5;2025-07-15;16;0.0
5;2025-07-15;17;0.0
5;2025-07-15;18;0.0
5;2025-07-15;19;0.0
5;2025-07-15;20;0.0
5;2025-07-15;21;0.0
5;2025-07-15;22;0.0
5;2025-07-15;23;0.0
5;2025-07-16;0;0.0
5;2025-07-16;1;0.0
5;2025-07-16;2;0.0
5;2025-07-16;3;0.0
5;2025-07-16;4;0.0
5;2025-07-16;5;0.0
5;2025-07-16;6;0.0
5;2025-07-16;7;0.0
5;2025-07-16;8;0.0
5;2025-07-16;9;0.0
5;2025-07-16;10;0.0
5;2025-07-16;11;0.0
5;2025-07-16;12;0.0
5;2025-07-16;13;0.0
5;2025-07-16;14;0.0
5;2025-07-16;15;0.0
5;2025-07-16;16;0.0
5;2025-07-16;17;0.0
5;2025-07-16;18;0.0
5;2025-07-16;19;0.0
5;2025-07-16;20;0.0
5;2025-07-16;21;0.0
5;2025-07-16;22;0.0
5;2025-07-16;23;0.0
5;2025-07-17;0;0.0
5;2025-07-17;1;0.0
5;2025-07-17;2;0.0
5;2025-07-17;3;0.0
5;2025-07-17;4;0.0
5;2025-07-17;5;0.0
5;2025-07-17;6;0.0
5;2025-07-17;7;0.0
5;2025-07-17;8;0.0
5;2025-07-17;9;0.0
5;2025-07-17;10;0.0
5;2025-07-17;11;0.0
5;2025-07-17;12;0.0
5;2025-07-17;13;0.0
5;2025-07-17;14;0.0
5;2025-07-17;15;0.0
5;2025-07-17;16;0.0
5;2025-07-17;17;0.0
5;2025-07-17;18;0.0
5;2025-07-17;19;0.0
5;2025-07-17;20;0.0
5;2025-07-17;21;0.0
5;2025-07-17;22;0.0
5;2025-07-17;23;0.0
5;2025-07-18;0;0.0
5;2025-07-18;1;0.0
5;2025-07-18;2;0.0
5;2025-07-18;3;0.0
5;2025-07-18;4;0.0
5;2025-07-18;5;0.0
5;2025-07-18;6;0.0
5;2025-07-18;7;0.0
5;2025-07-18;8;0.0
5;2025-07-18;9;0.0
5;2025-07-18;10;0.0
5;2025-07-18;11;0.0
5;2025-07-18;12;0.0
5;2025-07-18;13;0.0
5;2025-07-18;14;0.0
5;2025-07-18;15;0.0
5;2025-07-18;16;0.0
5;2025-07-18;17;0.0
5;2025-07-18;18;0.0
5;2025-07-18;19;0.0
5;2025-07-18;20;0.0
5;2025-07-18;21;0.0
5;2025-07-18;22;0.0
5;2025-07-18;23;0.0
5;2025-07-19;0;0.0
5;2025-07-19;1;0.0
5;2025-07-19;2;0.0
5;2025-07-19;3;0.0
5;2025-07-19;4;0.0
5;2025-07-19;5;0.0
5;2025-07-19;6;0.0
5;2025-07-19;7;0.0
5;2025-07-19;8;0.0
5;2025-07-19;9;0.0
5;2025-07-19;10;0.0
5;2025-07-19;11;0.0
5;2025-07-19;12;0.0
5;2025-07-19;13;0.0
5;2025-07-19;14;0.0
5;2025-07-19;15;0.0
5;2025-07-19;16;0.0
5;2025-07-19;17;0.0
5;2025-07-19;18;0.0
5;2025-07-19;19;0.0
5;2025-07-19;20;0.0
5;2025-07-19;21;0.0
5;2025-07-19;22;0.0
5;2025-07-19;23;0.0
5;2025-07-20;0;0.0
5;2025-07-20;1;0.0
5;2025-07-20;2;0.0
5;2025-07-20;3;0.0
5;2025-07-20;4;0.0
5;2025-07-20;5;0.0
5;2025-07-20;6;0.0
5;2025-07-20;7;0.0
5;2025-07-20;8;0.0
5;2025-07-20;9;0.0
5;2025-07-20;10;0.0
5;2025-07-20;11;0.0
5;2025-07-20;12;0.0
5;2025-07-20;13;0.0
5;2025-07-20;14;0.0
5;2025-07-20;15;0.0
5;2025-07-20;16;0.0
5;2025-07-20;17;0.0
5;2025-07-20;18;0.0
5;2025-07-20;19;0.0
5;2025-07-20;20;0.0
5;2025-07-20;21;0.0
5;2025-07-20;22;0.0
5;2025-07-20;23;0.0
5;2025-07-21;0;0.0
5;2025-07-21;1;0.0
5;2025-07-21;2;0.0
5;2025-07-21;3;0.0
5;2025-07-21;4;0.0
5;2025-07-21;5;0.0
5;2025-07-21;6;0.0
5;2025-07-21;7;0.0
5;2025-07-21;8;0.0
5;2025-07-21;9;0.0
5;2025-07-21;10;0.0
5;2025-07-21;11;0.0
5;2025-07-21;12;0.0
5;2025-07-21;13;0.0
5;2025-07-21;14;0.0
5;2025-07-21;15;0.0
5;2025-07-21;16;0.0
5;2025-07-21;17;0.0
5;2025-07-21;18;0.0
5;2025-07-21;19;0.0
5;2025-07-21;20;0.0
5;2025-07-21;21;0.0
5;2025-07-21;22;0.0
5;2025-07-21;23;0.0
5;2025-07-22;0;0.0
5;2025-07-22;1;0.0
5;2025-07-22;2;0.0
5;2025-07-22;3;0.0
5;2025-07-22;4;0.0
5;2025-07-22;5;0.0
5;2025-07-22;6;0.0
5;2025-07-22;7;0.0
5;2025-07-22;8;0.0
5;2025-07-22;9;0.0
5;2025-07-22;10;0.0
5;2025-07-22;11;0.0
5;2025-07-22;12;0.0
5;2025-07-22;13;0.0
5;2025-07-22;14;0.0
5;2025-07-22;15;0.0
5;2025-07-22;16;0.0
5;2025-07-22;17;0.0
5;2025-07-22;18;0.0
5;2025-07-22;19;0.0
5;2025-07-22;20;0.0
5;2025-07-22;21;0.0
5;2025-07-22;22;0.0
5;2025-07-22;23;0.0
5;2025-07-23;0;0.0
5;2025-07-23;1;0.0
5;2025-07-23;2;0.0
5;2025-07-23;3;0.0
5;2025-07-23;4;0.0
5;2025-07-23;5;0.0
5;2025-07-23;6;0.0
5;2025-07-23;7;0.0
5;2025-07-23;8;0.0
5;2025-07-23;9;0.0
5;2025-07-23;10;0.0
5;2025-07-23;11;0.0
5;2025-07-23;12;0.0
5;2025-07-23;13;0.0
5;2025-07-23;14;0.0
5;2025-07-23;15;0.0
5;2025-07-23;16;0.0
5;2025-07-23;17;0.0
5;2025-07-23;18;0.0
5;2025-07-23;19;0.0
5;2025-07-23;20;0.0
5;2025-07-23;21;0.0
5;2025-07-23;22;0.0
5;2025-07-23;23;0.0
5;2025-07-24;0;0.0
5;2025-07-24;1;0.0
5;2025-07-24;2;0.0
5;2025-07-24;3;0.0
5;2025-07-24;4;0.0
5;2025-07-24;5;0.0
5;2025-07-24;6;0.0
5;2025-07-24;7;0.0
5;2025-07-24;8;0.0
5;2025-07-24;9;0.0
5;2025-07-24;10;0.0
5;2025-07-24;11;0.0
5;2025-07-24;12;0.0
5;2025-07-24;13;0.0
5;2025-07-24;14;0.0
5;2025-07-24;15;0.0
5;2025-07-24;16;0.0
5;2025-07-24;17;0.0
5;2025-07-24;18;0.0
5;2025-07-24;19;0.0
5;2025-07-24;20;0.0
5;2025-07-24;21;0.0
5;2025-07-24;22;0.0
5;2025-07-24;23;0.0
5;2025-07-25;0;0.0
5;2025-07-25;1;0.0
5;2025-07-25;2;0.0
5;2025-07-25;3;0.0
5;2025-07-25;4;0.0
5;2025-07-25;5;0.0
5;2025-07-25;6;0.0
5;2025-07-25;7;0.0
5;2025-07-25;8;0.0
5;2025-07-25;9;0.0
5;2025-07-25;10;0.0
5;2025-07-25;11;0.0
5;2025-07-25;12;0.0
5;2025-07-25;13;0.0
5;2025-07-25;14;0.0
5;2025-07-25;15;0.0
5;2025-07-25;16;0.0
5;2025-07-25;17;0.0
5;2025-07-25;18;0.0
5;2025-07-25;19;0.0
5;2025-07-25;20;0.0
5;2025-07-25;21;0.0
5;2025-07-25;22;0.0
5;2025-07-25;23;0.0
5;2025-07-26;0;0.0
5;2025-07-26;1;0.0
5;2025-07-26;2;0.0
5;2025-07-26;3;0.0
5;2025-07-26;4;0.0
5;2025-07-26;5;0.0
5;2025-07-26;6;0.0
5;2025-07-26;7;0.0
5;2025-07-26;8;0.0
5;2025-07-26;9;0.0
5;2025-07-26;10;0.0
5;2025-07-26;11;0.0
5;2025-07-26;12;0.0
5;2025-07-26;13;0.0
5;2025-07-26;14;0.0
5;2025-07-26;15;0.0
5;2025-07-26;16;0.0
5;2025-07-26;17;0.0
5;2025-07-26;18;0.0
5;2025-07-26;19;0.0
5;2025-07-26;20;0.0
5;2025-07-26;21;0.0
5;2025-07-26;22;0.0
5;2025-07-26;23;0.0
5;2025-07-27;0;0.0
5;2025-07-27;1;0.0
5;2025-07-27;2;0.0
5;2025-07-27;3;0.0
5;2025-07-27;4;0.0
5;2025-07-27;5;0.0
5;2025-07-27;6;0.0
5;2025-07-27;7;0.0
5;2025-07-27;8;0.0
5;2025-07-27;9;0.0
5;2025-07-27;10;0.0
5;2025-07-27;11;0.0
5;2025-07-27;12;0.0
5;2025-07-27;13;0.0
5;2025-07-27;14;0.0
5;2025-07-27;15;0.0
5;2025-07-27;16;0.0
5;2025-07-27;17;0.0
5;2025-07-27;18;0.0
5;2025-07-27;19;0.0
5;2025-07-27;20;0.0
5;2025-07-27;21;0.0
5;2025-07-27;22;0.0
5;2025-07-27;23;0.0
5;2025-07-28;0;0.0
5;2025-07-28;1;0.0
5;2025-07-28;2;0.0
5;2025-07-28;3;0.0
5;2025-07-28;4;0.0
5;2025-07-28;5;0.0
5;2025-07-28;6;0.0
5;2025-07-28;7;0.0
5;2025-07-28;8;0.0
5;2025-07-28;9;0.0
5;2025-07-28;10;0.0
5;2025-07-28;11;0.0
5;2025-07-28;12;0.0
5;2025-07-28;13;0.0
5;2025-07-28;14;0.0
5;2025-07-28;15;0.0
5;2025-07-28;16;0.0
5;2025-07-28;17;0.0
5;2025-07-28;18;0.0
5;2025-07-28;19;0.0
5;2025-07-28;20;0.0
5;2025-07-28;21;0.0
5;2025-07-28;22;0.0
5;2025-07-28;23;0.0
7;2025-05-29;0;79.80129320086023
7;2025-05-29;1;0.0
7;2025-05-29;2;0.0
7;2025-05-29;3;0.0
7;2025-05-29;4;0.0
7;2025-05-29;5;137.83457069102337
7;2025-05-29;6;828.5012145274248
7;2025-05-29;7;1797.509750558087
7;2025-05-29;8;2738.504389946222
7;2025-05-29;9;1999.5138804507974
7;2025-05-29;10;1769.7208565160981
7;2025-05-29;11;1678.1674319218996
7;2025-05-29;12;1709.4980072461613
7;2025-05-29;13;1709.4919925231748
7;2025-05-29;14;1784.6078914913091
7;2025-05-29;15;1878.340021185243
7;2025-05-29;16;2054.2606071925748
7;2025-05-29;17;2584.702885179464
7;2025-05-29;18;2778.069723511112
7;2025-05-29;19;1976.041566393837
7;2025-05-29;20;1363.2870834069672
7;2025-05-29;21;855.9297068974427
7;2025-05-29;22;464.24886495372687
7;2025-05-29;23;252.48974627794473
7;2025-05-30;0;80.48070328813155
7;2025-05-30;1;0.0
7;2025-05-30;2;0.0
7;2025-05-30;3;0.0
7;2025-05-30;4;0.0
7;2025-05-30;5;125.27692014979745
7;2025-05-30;6;759.1636941131474
7;2025-05-30;7;1733.8150333525764
7;2025-05-30;8;2537.024608022392
7;2025-05-30;9;1948.664866440026
7;2025-05-30;10;1679.7894099100636
7;2025-05-30;11;1679.211782895568
7;2025-05-30;12;1728.319935642335
7;2025-05-30;13;1766.2236798394788
7;2025-05-30;14;1871.259992229412
7;2025-05-30;15;1990.9989531415572
7;2025-05-30;16;2165.318919200562
7;2025-05-30;17;2402.7006552196135
7;2025-05-30;18;2216.9284443530255
7;2025-05-30;19;1774.004759657943
7;2025-05-30;20;1288.8999653515743
7;2025-05-30;21;826.0317340539941
7;2025-05-30;22;506.2531476979967
7;2025-05-30;23;279.3356295878424
7;2025-05-31;0;124.08080586788967
7;2025-05-31;1;0.0
7;2025-05-31;2;0.0
7;2025-05-31;3;0.0
7;2025-05-31;4;0.0
7;2025-05-31;5;48.3367925166048
7;2025-05-31;6;343.376260297511
7;2025-05-31;7;544.370307819757
7;2025-05-31;8;829.8893001160492
7;2025-05-31;9;966.9938257254651
7;2025-05-31;10;1053.092183041867
7;2025-05-31;11;1216.7249119426515
7;2025-05-31;12;1339.7252206038634
7;2025-05-31;13;1427.932143803131
7;2025-05-31;14;1478.6957035177224
7;2025-05-31;15;1355.5995026345208
7;2025-05-31;16;1259.6555174670796
7;2025-05-31;17;1277.3862213313705
7;2025-05-31;18;1198.1339346638006
7;2025-05-31;19;1202.1048821446964
7;2025-05-31;20;950.922914156776
7;2025-05-31;21;748.6819536554325
7;2025-05-31;22;432.58070559266946
7;2025-05-31;23;254.53424541404382
7;2025-06-01;0;110.13316295501507
7;2025-06-01;1;0.0
7;2025-06-01;2;0.0
7;2025-06-01;3;0.0
7;2025-06-01;4;0.0
7;2025-06-01;5;36.10254766585915
7;2025-06-01;6;230.90988039608658
7;2025-06-01;7;377.4468427598754
7;2025-06-01;8;563.7291003681567
7;2025-06-01;9;730.6090086044778
7;2025-06-01;10;811.202407598133
7;2025-06-01;11;974.863555489924
7;2025-06-01;12;1084.4378326910926
7;2025-06-01;13;1154.5286810571129
7;2025-06-01;14;1235.3001774812149
7;2025-06-01;15;1136.4492374939855
7;2025-06-01;16;1065.5935648185787
7;2025-06-01;17;1102.8693016667949
7;2025-06-01;18;1020.6331819061143
7;2025-06-01;19;938.2996731142312
7;2025-06-01;20;776.5576184342239
7;2025-06-01;21;610.3812259620497
7;2025-06-01;22;356.75445491556235
7;2025-06-01;23;198.68387181592416
7;2025-06-02;0;78.50402711715682
7;2025-06-02;1;0.0
7;2025-06-02;2;0.0
7;2025-06-02;3;0.0
7;2025-06-02;4;0.0
7;2025-06-02;5;134.7896238857732
7;2025-06-02;6;794.0172274279026
7;2025-06-02;7;1729.0892427192443
7;2025-06-02;8;2544.5029748739507
7;2025-06-02;9;1919.5871698003134
7;2025-06-02;10;1625.0000579612358
7;2025-06-02;11;1517.0234672530992
7;2025-06-02;12;1561.0405102766263
7;2025-06-02;13;1573.0856542048164
7;2025-06-02;14;1638.8235848851414
7;2025-06-02;15;1759.8827268015398
7;2025-06-02;16;1854.5789903237624
7;2025-06-02;17;2353.571210402745
7;2025-06-02;18;2634.3676111712557
7;2025-06-02;19;1866.7777505578474
7;2025-06-02;20;1302.775622918231
7;2025-06-02;21;739.3935430937594
7;2025-06-02;22;404.454629495309
7;2025-06-02;23;215.7278507289148
7;2025-06-03;0;66.97297692042872
7;2025-06-03;1;0.0
7;2025-06-03;2;0.0
7;2025-06-03;3;0.0
7;2025-06-03;4;0.0
7;2025-06-03;5;133.88233380801955
7;2025-06-03;6;793.0907137769289
7;2025-06-03;7;1735.0495865000057
7;2025-06-03;8;2562.159374787513
7;2025-06-03;9;1967.633708152262
7;2025-06-03;10;1718.385361547531
7;2025-06-03;11;1608.4903669167234
7;2025-06-03;12;1640.1515872551909
7;2025-06-03;13;1649.2233314237264
7;2025-06-03;14;1718.0263945830368
7;2025-06-03;15;1836.2796791925748
7;2025-06-03;16;1926.6524860069994
7;2025-06-03;17;2399.964583775135
7;2025-06-03;18;2640.4944452357786
7;2025-06-03;19;1957.1997186157816
7;2025-06-03;20;1326.65954790219
7;2025-06-03;21;780.5928258152512
7;2025-06-03;22;422.27045688991495
7;2025-06-03;23;212.66431667273713
7;2025-06-04;0;68.49397374900843
7;2025-06-04;1;0.0
7;2025-06-04;2;0.0
7;2025-06-04;3;0.0
7;2025-06-04;4;0.0
7;2025-06-04;5;137.9567688416697
7;2025-06-04;6;817.5252030551163
7;2025-06-04;7;1750.8505519604523
7;2025-06-04;8;2639.6684602899663
7;2025-06-04;9;2020.1993200869001
7;2025-06-04;10;1737.086901035556
7;2025-06-04;11;1616.64034846387
7;2025-06-04;12;1678.3636115090803
7;2025-06-04;13;1683.4738916308015
7;2025-06-04;14;1771.0462073732338
7;2025-06-04;15;1910.1780728365484
7;2025-06-04;16;1978.938959252394
7;2025-06-04;17;2514.231177384721
7;2025-06-04;18;2662.8646314267703
7;2025-06-04;19;1965.3638292148312
7;2025-06-04;20;1336.9952252996263
7;2025-06-04;21;813.001175625152
7;2025-06-04;22;467.94958088408225
7;2025-06-04;23;250.62252352112108
7;2025-06-05;0;78.42474120982749
7;2025-06-05;1;0.0
7;2025-06-05;2;0.0
7;2025-06-05;3;0.0
7;2025-06-05;4;0.0
7;2025-06-05;5;134.98318769774443
7;2025-06-05;6;808.7321136534422
7;2025-06-05;7;1752.6232673599152
7;2025-06-05;8;2656.6051375121488
7;2025-06-05;9;1955.2611547653346
7;2025-06-05;10;1733.2011802616785
7;2025-06-05;11;1645.067569188484
7;2025-06-05;12;1680.6430843846128
7;2025-06-05;13;1683.0682865619078
7;2025-06-05;14;1757.1489282954944
7;2025-06-05;15;1845.5868657078654
7;2025-06-05;16;2018.2814491714323
7;2025-06-05;17;2540.980775551986
7;2025-06-05;18;2730.115167327096
7;2025-06-05;19;1928.6349609493923
7;2025-06-05;20;1335.0238799110343
7;2025-06-05;21;837.9983302264624
7;2025-06-05;22;453.90430498699413
7;2025-06-05;23;246.8236108718308
7;2025-06-06;0;79.03404963623942
7;2025-06-06;1;0.0
7;2025-06-06;2;0.0
7;2025-06-06;3;0.0
7;2025-06-06;4;0.0
7;2025-06-06;5;122.68004523467543
7;2025-06-06;6;737.2530333294957
7;2025-06-06;7;1687.4239149962036
7;2025-06-06;8;2462.75042969121
7;2025-06-06;9;1904.4176921621633
7;2025-06-06;10;1642.3589044292594
7;2025-06-06;11;1642.9875153612643
7;2025-06-06;12;1695.3855123622411
7;2025-06-06;13;1730.640065919747
7;2025-06-06;14;1833.501195437241
7;2025-06-06;15;1946.9635269768694
7;2025-06-06;16;2119.2298709165552
7;2025-06-06;17;2356.5503008759533
7;2025-06-06;18;2175.9217663057234
7;2025-06-06;19;1736.0124049046576
7;2025-06-06;20;1267.6371842041183
7;2025-06-06;21;812.5926462343133
7;2025-06-06;22;498.4207142293149
7;2025-06-06;23;275.259265419992
7;2025-06-07;0;118.00832361241595
7;2025-06-07;1;0.0
7;2025-06-07;2;0.0
7;2025-06-07;3;0.0
7;2025-06-07;4;0.0
7;2025-06-07;5;48.352237454861516
7;2025-06-07;6;328.9410303524237
7;2025-06-07;7;520.9910052713684
7;2025-06-07;8;790.9358960323527
7;2025-06-07;9;916.9528669363093
7;2025-06-07;10;997.2821528191988
7;2025-06-07;11;1144.152601059223
7;2025-06-07;12;1267.0398785370814
7;2025-06-07;13;1350.7580979929921
7;2025-06-07;14;1399.2040621352235
7;2025-06-07;15;1283.5707933682952
7;2025-06-07;16;1192.7879689201752
7;2025-06-07;17;1210.274630536422
7;2025-06-07;18;1131.2885772515128
7;2025-06-07;19;1134.9589241406986
7;2025-06-07;20;899.6498161242394
7;2025-06-07;21;708.194563242979
7;2025-06-07;22;409.43924706927754
7;2025-06-07;23;240.86647575793134
7;2025-06-08;0;106.52376342527072
7;2025-06-08;1;0.0
7;2025-06-08;2;0.0
7;2025-06-08;3;0.0
7;2025-06-08;4;0.0
7;2025-06-08;5;36.85819785528217
7;2025-06-08;6;234.66351208872214
7;2025-06-08;7;392.37984015911775
7;2025-06-08;8;556.3276717529986
7;2025-06-08;9;697.8176821551667
7;2025-06-08;10;774.5154042564009
7;2025-06-08;11;926.8165751660467
7;2025-06-08;12;1031.6848483292588
7;2025-06-08;13;1097.8557107742924
7;2025-06-08;14;1175.0075713700348
7;2025-06-08;15;1080.403376449579
7;2025-06-08;16;1013.3961433312578
7;2025-06-08;17;1049.597072657345
7;2025-06-08;18;969.504854956218
7;2025-06-08;19;898.2971773025481
7;2025-06-08;20;748.5454593270549
7;2025-06-08;21;588.5383748064828
7;2025-06-08;22;346.0475569610671
7;2025-06-08;23;196.67847642022923
7;2025-06-09;0;79.53765999907704
7;2025-06-09;1;0.0
7;2025-06-09;2;0.0
7;2025-06-09;3;0.0
7;2025-06-09;4;0.0
7;2025-06-09;5;133.7131559909266
7;2025-06-09;6;778.9551631824361
7;2025-06-09;7;1702.1840305093226
7;2025-06-09;8;2505.1927026456488
7;2025-06-09;9;1892.8831755975225
7;2025-06-09;10;1607.1242501376037
7;2025-06-09;11;1500.2812472167225
7;2025-06-09;12;1539.7134764347652
7;2025-06-09;13;1544.772834817586
7;2025-06-09;14;1605.9738051163235
7;2025-06-09;15;1723.0937765780236
7;2025-06-09;16;1818.63025709544
7;2025-06-09;17;2311.539734293159
7;2025-06-09;18;2576.9260301539666
7;2025-06-09;19;1822.836090278075
7;2025-06-09;20;1284.6066074895539
7;2025-06-09;21;730.8908237644355
7;2025-06-09;22;399.7881050952377
7;2025-06-09;23;217.25621591025617
7;2025-06-10;0;64.95651221265385
7;2025-06-10;1;0.0
7;2025-06-10;2;0.0
7;2025-06-10;3;0.0
7;2025-06-10;4;0.0
7;2025-06-10;5;134.04195380482687
7;2025-06-10;6;795.160066917576
7;2025-06-10;7;1750.8618698125397
7;2025-06-10;8;2595.389890924017
7;2025-06-10;9;1978.822325906625
7;2025-06-10;10;1724.4727316385697
7;2025-06-10;11;1613.950154119765
7;2025-06-10;12;1649.7130447567565
7;2025-06-10;13;1666.3231405224096
7;2025-06-10;14;1737.005016492441
7;2025-06-10;15;1859.9562761980592
7;2025-06-10;16;1950.1569148600456
7;2025-06-10;17;2415.608526904308
7;2025-06-10;18;2657.2100756272202
7;2025-06-10;19;1959.120586510005
7;2025-06-10;20;1324.2593225310247
7;2025-06-10;21;775.9370449411117
7;2025-06-10;22;423.1828065145064
7;2025-06-10;23;211.54515608874675
7;2025-06-11;0;67.72588239397402
7;2025-06-11;1;0.0
7;2025-06-11;2;0.0
7;2025-06-11;3;0.0
7;2025-06-11;4;0.0
7;2025-06-11;5;135.56154376443345
7;2025-06-11;6;801.3177533469388
7;2025-06-11;7;1721.6384085540035
7;2025-06-11;8;2598.565431291069
7;2025-06-11;9;1985.74423055107
7;2025-06-11;10;1709.7937594227255
7;2025-06-11;11;1592.671956802608
7;2025-06-11;12;1654.6411140813855
7;2025-06-11;13;1657.928782307204
7;2025-06-11;14;1744.509120471365
7;2025-06-11;15;1880.2094138356651
7;2025-06-11;16;1941.6546366242146
7;2025-06-11;17;2464.948967432786
7;2025-06-11;18;2600.1180267762775
7;2025-06-11;19;1917.7122225703579
7;2025-06-11;20;1307.2067413429222
7;2025-06-11;21;793.610794760913
7;2025-06-11;22;457.8099618178437
7;2025-06-11;23;245.7904080642398
7;2025-06-12;0;106.84172682113318
7;2025-06-12;1;0.0
7;2025-06-12;2;0.0
7;2025-06-12;3;0.0
7;2025-06-12;4;0.0
7;2025-06-12;5;39.95359746720387
7;2025-06-12;6;263.1108665206111
7;2025-06-12;7;413.18182185558624
7;2025-06-12;8;591.3022394196315
7;2025-06-12;9;729.771399622896
7;2025-06-12;10;806.2916129466498
7;2025-06-12;11;949.4548168868123
7;2025-06-12;12;1084.5444585150515
7;2025-06-12;13;1165.710209156684
7;2025-06-12;14;1234.8225693212544
7;2025-06-12;15;1139.5081341700502
7;2025-06-12;16;1076.7427780619469
7;2025-06-12;17;1104.086518643202
7;2025-06-12;18;1035.3055451029823
7;2025-06-12;19;989.6616295236772
7;2025-06-12;20;794.087291785495
7;2025-06-12;21;619.0469542335006
7;2025-06-12;22;370.40699596091406
7;2025-06-12;23;209.10384531696087
7;2025-06-13;0;101.5654385584304
7;2025-06-13;1;0.0
7;2025-06-13;2;0.0
7;2025-06-13;3;0.0
7;2025-06-13;4;0.0
7;2025-06-13;5;40.68975303693719
7;2025-06-13;6;262.3812445633951
7;2025-06-13;7;423.8078256684896
7;2025-06-13;8;583.8956168750719
7;2025-06-13;9;698.6532404985255
7;2025-06-13;10;768.4723861584732
7;2025-06-13;11;896.7251569318789
7;2025-06-13;12;1025.6604946122393
7;2025-06-13;13;1103.9638984729627
7;2025-06-13;14;1168.078353482151
7;2025-06-13;15;1075.4091368398163
7;2025-06-13;16;1018.0834582954147
7;2025-06-13;17;1040.5666876710027
7;2025-06-13;18;976.141034523426
7;2025-06-13;19;937.8071757889161
7;2025-06-13;20;752.2705126982773
7;2025-06-13;21;585.654111305374
7;2025-06-13;22;351.48314378700957
7;2025-06-13;23;197.59138891942365
7;2025-06-14;0;114.52772704396784
7;2025-06-14;1;0.0
7;2025-06-14;2;0.0
7;2025-06-14;3;0.0
7;2025-06-14;4;0.0
7;2025-06-14;5;47.50132573591654
7;2025-06-14;6;322.57397824730515
7;2025-06-14;7;511.9848743785466
7;2025-06-14;8;776.7840260459743
7;2025-06-14;9;898.2625062931827
7;2025-06-14;10;977.1466367486032
7;2025-06-14;11;1121.3552964810049
7;2025-06-14;12;1242.7992355371505
7;2025-06-14;13;1325.2347201091652
7;2025-06-14;14;1373.278033303699
7;2025-06-14;15;1259.7781731779814
7;2025-06-14;16;1169.2870605326552
7;2025-06-14;17;1181.127201792923
7;2025-06-14;18;1092.354265981252
7;2025-06-14;19;1096.4418230313322
7;2025-06-14;20;870.6824068506423
7;2025-06-14;21;683.4795818654363
7;2025-06-14;22;393.01041758140303
7;2025-06-14;23;229.09869197251948
7;2025-06-15;0;103.77924880205263
7;2025-06-15;1;0.0
7;2025-06-15;2;0.0
7;2025-06-15;3;0.0
7;2025-06-15;4;0.0
7;2025-06-15;5;37.491706890127105
7;2025-06-15;6;234.8090660161667
7;2025-06-15;7;393.74946499173626
7;2025-06-15;8;556.7754424850664
7;2025-06-15;9;692.368453995897
7;2025-06-15;10;768.2687771115533
7;2025-06-15;11;917.8913928458302
7;2025-06-15;12;1022.5007812479662
7;2025-06-15;13;1087.8414953435758
7;2025-06-15;14;1163.874072473812
7;2025-06-15;15;1070.1388454680769
7;2025-06-15;16;1000.6471947121255
7;2025-06-15;17;1034.0800989566064
7;2025-06-15;18;944.7648269545947
7;2025-06-15;19;870.4165397749265
7;2025-06-15;20;722.7051262638026
7;2025-06-15;21;565.4391524276386
7;2025-06-15;22;334.162109871197
7;2025-06-15;23;184.74832167760627
7;2025-06-16;0;80.16027137171861
7;2025-06-16;1;0.0
7;2025-06-16;2;0.0
7;2025-06-16;3;0.0
7;2025-06-16;4;0.0
7;2025-06-16;5;132.28518839167083
7;2025-06-16;6;776.5695766735995
7;2025-06-16;7;1703.323285052456
7;2025-06-16;8;2508.61172204829
7;2025-06-16;9;1888.0423514647518
7;2025-06-16;10;1604.537947691697
7;2025-06-16;11;1498.2077341604459
7;2025-06-16;12;1539.8395150605306
7;2025-06-16;13;1547.3435390684601
7;2025-06-16;14;1612.5912108027896
7;2025-06-16;15;1730.4065062361192
7;2025-06-16;16;1821.339897777434
7;2025-06-16;17;2309.7582895408964
7;2025-06-16;18;2571.800499128156
7;2025-06-16;19;1817.889586096816
7;2025-06-16;20;1281.3902255127555
7;2025-06-16;21;726.3743344864961
7;2025-06-16;22;397.11136623846096
7;2025-06-16;23;219.36570548321413
7;2025-06-17;0;63.09751035547674
7;2025-06-17;1;0.0
7;2025-06-17;2;0.0
7;2025-06-17;3;0.0
7;2025-06-17;4;0.0
7;2025-06-17;5;127.74927537672005
7;2025-06-17;6;751.1377378518816
7;2025-06-17;7;1657.5500151240233
7;2025-06-17;8;2437.3758356287494
7;2025-06-17;9;1862.306302834941
7;2025-06-17;10;1619.221790184955
7;2025-06-17;11;1511.3591028366213
7;2025-06-17;12;1542.3560898178998
7;2025-06-17;13;1547.4380981140735
7;2025-06-17;14;1610.3971174811586
7;2025-06-17;15;1720.0006649528111
7;2025-06-17;16;1808.184338818181
7;2025-06-17;17;2253.1645487028627
7;2025-06-17;18;2470.434201826032
7;2025-06-17;19;1826.2391298799425
7;2025-06-17;20;1240.277387956552
7;2025-06-17;21;726.5233054124416
7;2025-06-17;22;392.8409182866767
7;2025-06-17;23;199.98478467086937
7;2025-06-18;0;64.9415027657169
7;2025-06-18;1;0.0
7;2025-06-18;2;0.0
7;2025-06-18;3;0.0
7;2025-06-18;4;0.0
7;2025-06-18;5;130.6186561911995
7;2025-06-18;6;769.3219907883824
7;2025-06-18;7;1661.7580038398114
7;2025-06-18;8;2491.0154956748574
7;2025-06-18;9;1899.1868843477312
7;2025-06-18;10;1631.8807101224234
7;2025-06-18;11;1516.5782023710822
7;2025-06-18;12;1573.8362577476323
7;2025-06-18;13;1571.4094318497741
7;2025-06-18;14;1652.3026927281962
7;2025-06-18;15;1779.8222126174956
7;2025-06-18;16;1841.8151764547124
7;2025-06-18;17;2344.288492205124
7;2025-06-18;18;2471.4100069787273
7;2025-06-18;19;1824.4374731167259
7;2025-06-18;20;1241.8225896215217
7;2025-06-18;21;752.4337436816099
7;2025-06-18;22;435.647151201507
7;2025-06-18;23;233.54329254677629
7;2025-06-19;0;73.3347357372549
7;2025-06-19;1;0.0
7;2025-06-19;2;0.0
7;2025-06-19;3;0.0
7;2025-06-19;4;0.0
7;2025-06-19;5;128.26375812020922
7;2025-06-19;6;770.669446575281
7;2025-06-19;7;1684.2518811160603
7;2025-06-19;8;2562.4726876100203
7;2025-06-19;9;1874.283479063458
7;2025-06-19;10;1659.1303549739168
7;2025-06-19;11;1575.3782697306428
7;2025-06-19;12;1613.5509317409828
7;2025-06-19;13;1614.5041280267878
7;2025-06-19;14;1685.5891226945155
7;2025-06-19;15;1768.8233229225332
7;2025-06-19;16;1930.9624288933376
7;2025-06-19;17;2427.1392100230078
7;2025-06-19;18;2589.005986646572
7;2025-06-19;19;1827.444711619648
7;2025-06-19;20;1266.9467630702006
7;2025-06-19;21;790.9198321361674
7;2025-06-19;22;427.66006373048424
7;2025-06-19;23;229.41081633885878
7;2025-06-20;0;71.80860088461688
7;2025-06-20;1;0.0
7;2025-06-20;2;0.0
7;2025-06-20;3;0.0
7;2025-06-20;4;0.0
7;2025-06-20;5;118.25411850113196
7;2025-06-20;6;710.8631332007976
7;2025-06-20;7;1630.2468339560746
7;2025-06-20;8;2367.2443460389845
7;2025-06-20;9;1822.495404070124
7;2025-06-20;10;1566.5540416294652
7;2025-06-20;11;1565.8318771211552
7;2025-06-20;12;1616.9557328751516
7;2025-06-20;13;1648.3905752599537
7;2025-06-20;14;1743.8959171461945
7;2025-06-20;15;1849.1081209921626
7;2025-06-20;16;2013.847529413778
7;2025-06-20;17;2239.887786559469
7;2025-06-20;18;2047.2672621438696
7;2025-06-20;19;1626.3780184105437
7;2025-06-20;20;1184.445581874944
7;2025-06-20;21;754.8208366573997
7;2025-06-20;22;462.94944141590827
7;2025-06-20;23;243.40895340178992
7;2025-06-21;0;118.98807597175686
7;2025-06-21;1;0.0
7;2025-06-21;2;0.0
7;2025-06-21;3;0.0
7;2025-06-21;4;0.0
7;2025-06-21;5;47.11469512019178
7;2025-06-21;6;332.3233403255272
7;2025-06-21;7;536.2605184030031
7;2025-06-21;8;819.8144364349808
7;2025-06-21;9;941.6664021103118
7;2025-06-21;10;1022.6072144571633
7;2025-06-21;11;1181.0540769015759
7;2025-06-21;12;1302.7683714889752
7;2025-06-21;13;1389.4070120384354
7;2025-06-21;14;1439.5047443718631
7;2025-06-21;15;1319.9103712107526
7;2025-06-21;16;1224.4129772901372
7;2025-06-21;17;1231.2325341195956
7;2025-06-21;18;1136.5594634077293
7;2025-06-21;19;1141.8165039864707
7;2025-06-21;20;912.2016495099996
7;2025-06-21;21;716.645632193877
7;2025-06-21;22;412.32772519286175
7;2025-06-21;23;241.4238894490439
7;2025-06-22;0;103.57825889180121
7;2025-06-22;1;0.0
7;2025-06-22;2;0.0
7;2025-06-22;3;0.0
7;2025-06-22;4;0.0
7;2025-06-22;5;36.943919620914784
7;2025-06-22;6;236.18186922320118
7;2025-06-22;7;396.36149816342436
7;2025-06-22;8;562.6442670717486
7;2025-06-22;9;697.913338004561
7;2025-06-22;10;772.3668055875648
7;2025-06-22;11;922.8358145490723
7;2025-06-22;12;1027.9529525247945
7;2025-06-22;13;1092.1409311759749
7;2025-06-22;14;1167.5893965514222
7;2025-06-22;15;1072.6825055637482
7;2025-06-22;16;1003.4252318022814
7;2025-06-22;17;1035.671708899969
7;2025-06-22;18;942.9718015291842
7;2025-06-22;19;870.7724314874556
7;2025-06-22;20;725.9689660442002
7;2025-06-22;21;568.0008870679519
7;2025-06-22;22;335.1965723418588
7;2025-06-22;23;185.07267501443178
7;2025-06-23;0;77.84968028037605
7;2025-06-23;1;0.0
7;2025-06-23;2;0.0
7;2025-06-23;3;0.0
7;2025-06-23;4;0.0
7;2025-06-23;5;132.0033959542608
7;2025-06-23;6;773.185009487426
7;2025-06-23;7;1702.8361271543624
7;2025-06-23;8;2513.3297077493444
7;2025-06-23;9;1887.1427837024999
7;2025-06-23;10;1599.70681773432
7;2025-06-23;11;1493.7588419899546
7;2025-06-23;12;1540.734198474408
7;2025-06-23;13;1554.1033115857415
7;2025-06-23;14;1619.210373437592
7;2025-06-23;15;1734.162256388603
7;2025-06-23;16;1824.7980772987744
7;2025-06-23;17;2304.231445596837
7;2025-06-23;18;2561.3695111327897
7;2025-06-23;19;1803.240704143148
7;2025-06-23;20;1267.46174478292
7;2025-06-23;21;714.4260357441043
7;2025-06-23;22;393.5830533933114
7;2025-06-23;23;212.14426914016857
7;2025-06-24;0;62.936729154457794
7;2025-06-24;1;0.0
7;2025-06-24;2;0.0
7;2025-06-24;3;0.0
7;2025-06-24;4;0.0
7;2025-06-24;5;131.088216834043
7;2025-06-24;6;764.9316426922974
7;2025-06-24;7;1692.4074305422014
7;2025-06-24;8;2509.8500752064565
7;2025-06-24;9;1910.9321970551132
7;2025-06-24;10;1666.9471680695408
7;2025-06-24;11;1560.285372928146
7;2025-06-24;12;1597.0338574820494
7;2025-06-24;13;1610.4700303295876
7;2025-06-24;14;1678.4413277032072
7;2025-06-24;15;1789.7833555837767
7;2025-06-24;16;1877.6964192682308
7;2025-06-24;17;2325.2486512974665
7;2025-06-24;18;2533.8872752136813
7;2025-06-24;19;1867.3892347857254
7;2025-06-24;20;1272.1201555446833
7;2025-06-24;21;744.7568013308478
7;2025-06-24;22;404.49670731338085
7;2025-06-24;23;201.54907593631384
7;2025-06-25;0;66.76249167005317
7;2025-06-25;1;0.0
7;2025-06-25;2;0.0
7;2025-06-25;3;0.0
7;2025-06-25;4;0.0
7;2025-06-25;5;136.09904928789365
7;2025-06-25;6;785.7779423802676
7;2025-06-25;7;1696.037020545789
7;2025-06-25;8;2559.436597407522
7;2025-06-25;9;1947.3122564833361
7;2025-06-25;10;1676.9365947664783
7;2025-06-25;11;1562.3406515664137
7;2025-06-25;12;1625.622697741212
7;2025-06-25;13;1630.9877081569048
7;2025-06-25;14;1716.797247653943
7;2025-06-25;15;1845.628280981085
7;2025-06-25;16;1908.2139547933407
7;2025-06-25;17;2411.5108738571575
7;2025-06-25;18;2526.7537707169895
7;2025-06-25;19;1861.965904820096
7;2025-06-25;20;1276.2591942561312
7;2025-06-25;21;773.5199070157403
7;2025-06-25;22;447.32125016121836
7;2025-06-25;23;241.32181872326944
7;2025-06-26;0;71.7693620704377
7;2025-06-26;1;0.0
7;2025-06-26;2;0.0
7;2025-06-26;3;0.0
7;2025-06-26;4;0.0
7;2025-06-26;5;128.6928547220062
7;2025-06-26;6;760.5147698193334
7;2025-06-26;7;1666.6322024322126
7;2025-06-26;8;2515.7524856263835
7;2025-06-26;9;1840.1055385366121
7;2025-06-26;10;1625.2280792837628
7;2025-06-26;11;1539.8951845232232
7;2025-06-26;12;1575.7856487547208
7;2025-06-26;13;1580.4437274809088
7;2025-06-26;14;1649.1187026107157
7;2025-06-26;15;1721.7878821809063
7;2025-06-26;16;1884.6470888371755
7;2025-06-26;17;2364.7786170152667
7;2025-06-26;18;2519.934223634974
7;2025-06-26;19;1782.3067980805536
7;2025-06-26;20;1233.8759714265088
7;2025-06-26;21;769.6470700871282
7;2025-06-26;22;417.88706392353464
7;2025-06-26;23;225.24487690159424
7;2025-06-27;0;75.66247807586998
7;2025-06-27;1;0.0
7;2025-06-27;2;0.0
7;2025-06-27;3;0.0
7;2025-06-27;4;0.0
7;2025-06-27;5;123.8442697068366
7;2025-06-27;6;731.0430854198947
7;2025-06-27;7;1676.0830998007764
7;2025-06-27;8;2444.0666102810846
7;2025-06-27;9;1882.099726313026
7;2025-06-27;10;1630.7724381633416
7;2025-06-27;11;1636.630907096679
7;2025-06-27;12;1696.944634910142
7;2025-06-27;13;1737.858510123921
7;2025-06-27;14;1842.0721300282803
7;2025-06-27;15;1950.03751932893
7;2025-06-27;16;2111.633674371733
7;2025-06-27;17;2328.266512643023
7;2025-06-27;18;2125.707307001384
7;2025-06-27;19;1684.4934361403268
7;2025-06-27;20;1234.7081268921452
7;2025-06-27;21;785.8259131887871
7;2025-06-27;22;482.58970670639724
7;2025-06-27;23;257.6241302407059
7;2025-06-28;0;119.9932753898212
7;2025-06-28;1;0.0
7;2025-06-28;2;0.0
7;2025-06-28;3;0.0
7;2025-06-28;4;0.0
7;2025-06-28;5;47.83786045288285
7;2025-06-28;6;331.6380524862652
7;2025-06-28;7;535.3247733197987
7;2025-06-28;8;817.7832268439045
7;2025-06-28;9;931.2260630934561
7;2025-06-28;10;1016.8833504323418
7;2025-06-28;11;1183.0787355007903
7;2025-06-28;12;1312.0674356658217
7;2025-06-28;13;1400.574741379757
7;2025-06-28;14;1451.6348059789277
7;2025-06-28;15;1328.555702743088
7;2025-06-28;16;1233.9717373993992
7;2025-06-28;17;1240.532667047332
7;2025-06-28;18;1144.3527787559697
7;2025-06-28;19;1143.4934248199697
7;2025-06-28;20;914.0876510234591
7;2025-06-28;21;718.1270025153984
7;2025-06-28;22;416.27183537392955
7;2025-06-28;23;245.6880142788891
7;2025-06-29;0;102.97187816064346
7;2025-06-29;1;0.0
7;2025-06-29;2;0.0
7;2025-06-29;3;0.0
7;2025-06-29;4;0.0
7;2025-06-29;5;37.543065049766156
7;2025-06-29;6;232.2094507968813
7;2025-06-29;7;390.70447063265965
7;2025-06-29;8;549.9491068702151
7;2025-06-29;9;678.4971627125253
7;2025-06-29;10;754.4649384895694
7;2025-06-29;11;907.9462908213549
7;2025-06-29;12;1017.0095302600104
7;2025-06-29;13;1080.9009779526227
7;2025-06-29;14;1156.8762822797048
7;2025-06-29;15;1059.4802282051423
7;2025-06-29;16;991.9189772479716
7;2025-06-29;17;1024.2950215146648
7;2025-06-29;18;938.2024682318834
7;2025-06-29;19;865.8915205563655
7;2025-06-29;20;724.3941958564599
7;2025-06-29;21;568.2739649483881
7;2025-06-29;22;334.29866332554246
7;2025-06-29;23;188.26145838406325
7;2025-06-30;0;71.81720569985036
7;2025-06-30;1;0.0
7;2025-06-30;2;0.0
7;2025-06-30;3;0.0
7;2025-06-30;4;0.0
7;2025-06-30;5;127.56515652170002
7;2025-06-30;6;738.0079676947703
7;2025-06-30;7;1623.9888082043574
7;2025-06-30;8;2380.278264203208
7;2025-06-30;9;1782.6924231584799
7;2025-06-30;10;1510.8601177768082
7;2025-06-30;11;1409.0905871228224
7;2025-06-30;12;1451.495586623471
7;2025-06-30;13;1456.9789268466498
7;2025-06-30;14;1516.2375624152692
7;2025-06-30;15;1618.3329740018896
7;2025-06-30;16;1707.5566558886428
7;2025-06-30;17;2164.394129145821
7;2025-06-30;18;2397.6284445556284
7;2025-06-30;19;1693.204498298333
7;2025-06-30;20;1194.0598393617888
7;2025-06-30;21;674.9948117693684
7;2025-06-30;22;368.0451546958785
7;2025-06-30;23;196.308978698126
7;2025-07-01;0;56.74913297770828
7;2025-07-01;1;0.0
7;2025-07-01;2;0.0
7;2025-07-01;3;0.0
7;2025-07-01;4;0.0
7;2025-07-01;5;127.70686688899777
7;2025-07-01;6;741.3520265745897
7;2025-07-01;7;1632.6392437758896
7;2025-07-01;8;2402.7257828010697
7;2025-07-01;9;1811.4003576568662
7;2025-07-01;10;1577.547648673285
7;2025-07-01;11;1474.070977409702
7;2025-07-01;12;1507.2971091675472
7;2025-07-01;13;1533.9119125985007
7;2025-07-01;14;1601.933994631203
7;2025-07-01;15;1713.3113422266008
7;2025-07-01;16;1804.6389487026663
7;2025-07-01;17;2235.4670695106533
7;2025-07-01;18;2439.3498950693374
7;2025-07-01;19;1807.420978015215
7;2025-07-01;20;1216.794517941395
7;2025-07-01;21;711.1985941388955
7;2025-07-01;22;383.2674848704073
7;2025-07-01;23;190.6588802817039
7;2025-07-02;0;66.33451892587789
7;2025-07-02;1;0.0
7;2025-07-02;2;0.0
7;2025-07-02;3;0.0
7;2025-07-02;4;0.0
7;2025-07-02;5;125.11576063860355
7;2025-07-02;6;757.183898690132
7;2025-07-02;7;1648.891245215029
7;2025-07-02;8;2502.700776344989
7;2025-07-02;9;1872.7093482934001
7;2025-07-02;10;1615.3220433167935
7;2025-07-02;11;1504.2735914267746
7;2025-07-02;12;1569.7620738814069
7;2025-07-02;13;1616.9122104099076
7;2025-07-02;14;1706.2212367218158
7;2025-07-02;15;1844.7108511647718
7;2025-07-02;16;1910.2773840932073
7;2025-07-02;17;2409.776590157988
7;2025-07-02;18;2525.7988834044563
7;2025-07-02;19;1868.1298445716498
7;2025-07-02;20;1270.5410164037257
7;2025-07-02;21;772.8873639921704
7;2025-07-02;22;445.7089716095843
7;2025-07-02;23;237.4732723707824
7;2025-07-03;0;76.96669899628955
7;2025-07-03;1;0.0
7;2025-07-03;2;0.0
7;2025-07-03;3;0.0
7;2025-07-03;4;0.0
7;2025-07-03;5;108.30371027631898
7;2025-07-03;6;746.9188882867364
7;2025-07-03;7;1664.5677026653962
7;2025-07-03;8;2546.3452309815043
7;2025-07-03;9;1828.848477104195
7;2025-07-03;10;1618.0283439420855
7;2025-07-03;11;1534.006261551327
7;2025-07-03;12;1572.5416105124314
7;2025-07-03;13;1636.4951797213596
7;2025-07-03;14;1713.6359140097543
7;2025-07-03;15;1849.5017041115289
7;2025-07-03;16;2027.995186645286
7;2025-07-03;17;2521.92844896487
7;2025-07-03;18;2673.3260720107146
7;2025-07-03;19;1919.9561005752353
7;2025-07-03;20;1350.4895538164456
7;2025-07-03;21;866.1328177858211
7;2025-07-03;22;445.49994238293095
7;2025-07-03;23;245.494626022087
7;2025-07-04;0;76.28602150592265
7;2025-07-04;1;0.0
7;2025-07-04;2;0.0
7;2025-07-04;3;0.0
7;2025-07-04;4;0.0
7;2025-07-04;5;97.98109395987657
7;2025-07-04;6;680.7629557092396
7;2025-07-04;7;1590.0889224262378
7;2025-07-04;8;2337.4140933516387
7;2025-07-04;9;1768.2697729940817
7;2025-07-04;10;1533.6116805661395
7;2025-07-04;11;1537.3587939706604
7;2025-07-04;12;1594.3490495739607
7;2025-07-04;13;1685.366739319089
7;2025-07-04;14;1791.703816680948
7;2025-07-04;15;1951.8219929080992
7;2025-07-04;16;2126.690318401432
7;2025-07-04;17;2338.6965165584106
7;2025-07-04;18;2139.202268477952
7;2025-07-04;19;1724.6250251139052
7;2025-07-04;20;1275.3066730534083
7;2025-07-04;21;833.8943374529215
7;2025-07-04;22;484.47623570797134
7;2025-07-04;23;269.9667986274738
7;2025-07-05;0;119.6732328236396
7;2025-07-05;1;0.0
7;2025-07-05;2;0.0
7;2025-07-05;3;0.0
7;2025-07-05;4;0.0
7;2025-07-05;5;32.22652204050283
7;2025-07-05;6;307.93382035961554
7;2025-07-05;7;499.13848410749995
7;2025-07-05;8;775.2180091770729
7;2025-07-05;9;878.6103459851856
7;2025-07-05;10;969.5339813352269
7;2025-07-05;11;1133.9626953543225
7;2025-07-05;12;1263.7519766349087
7;2025-07-05;13;1389.2119849347991
7;2025-07-05;14;1442.5910312183514
7;2025-07-05;15;1353.7525662039716
7;2025-07-05;16;1269.2346460528756
7;2025-07-05;17;1274.4451948842152
7;2025-07-05;18;1180.2326206845464
7;2025-07-05;19;1184.1654051754833
7;2025-07-05;20;944.1473371732233
7;2025-07-05;21;747.971371355987
7;2025-07-05;22;415.93590742689486
7;2025-07-05;23;245.0238383065996
7;2025-07-06;0;106.55953592013071
7;2025-07-06;1;0.0
7;2025-07-06;2;0.0
7;2025-07-06;3;0.0
7;2025-07-06;4;0.0
7;2025-07-06;5;22.799389579218712
7;2025-07-06;6;204.37152677982593
7;2025-07-06;7;339.1072294995578
7;2025-07-06;8;518.9276151057261
7;2025-07-06;9;660.0817631023359
7;2025-07-06;10;747.1567757640851
7;2025-07-06;11;913.5960080952167
7;2025-07-06;12;1029.3098891471418
7;2025-07-06;13;1125.282122677181
7;2025-07-06;14;1208.6808348648274
7;2025-07-06;15;1136.5875468437584
7;2025-07-06;16;1071.433809264609
7;2025-07-06;17;1100.062679153972
7;2025-07-06;18;1007.1693648392384
7;2025-07-06;19;930.5155997590471
7;2025-07-06;20;779.7390473369393
7;2025-07-06;21;618.8165385576884
7;2025-07-06;22;350.47598432470966
7;2025-07-06;23;195.71787763992597
7;2025-07-07;0;79.49371776680807
7;2025-07-07;1;0.0
7;2025-07-07;2;0.0
7;2025-07-07;3;0.0
7;2025-07-07;4;0.0
7;2025-07-07;5;108.24294928854638
7;2025-07-07;6;728.5028635544638
7;2025-07-07;7;1639.5317555041843
7;2025-07-07;8;2433.387853419439
7;2025-07-07;9;1800.7651273925712
7;2025-07-07;10;1526.2905589635384
7;2025-07-07;11;1422.9129359806816
7;2025-07-07;12;1468.470984571414
7;2025-07-07;13;1531.1445560865252
7;2025-07-07;14;1597.736994100158
7;2025-07-07;15;1760.054345142288
7;2025-07-07;16;1861.9960126842313
7;2025-07-07;17;2326.5969220400266
7;2025-07-07;18;2566.200649358162
7;2025-07-07;19;1837.192628017335
7;2025-07-07;20;1309.3991120809194
7;2025-07-07;21;763.5313501615585
7;2025-07-07;22;393.75419317496016
7;2025-07-07;23;216.44803455449363
7;2025-07-08;0;64.82897131878114
7;2025-07-08;1;0.0
7;2025-07-08;2;0.0
7;2025-07-08;3;0.0
7;2025-07-08;4;0.0
7;2025-07-08;5;104.79455210003178
7;2025-07-08;6;716.4671414263112
7;2025-07-08;7;1623.841136545419
7;2025-07-08;8;2424.6645231520483
7;2025-07-08;9;1821.037358977735
7;2025-07-08;10;1589.6549266683837
7;2025-07-08;11;1487.0109244417345
7;2025-07-08;12;1526.3195029064632
7;2025-07-08;13;1587.7816000445755
7;2025-07-08;14;1657.6686878080382
7;2025-07-08;15;1819.1286616854554
7;2025-07-08;16;1916.6579997625972
7;2025-07-08;17;2349.4641854842766
7;2025-07-08;18;2553.1918167674903
7;2025-07-08;19;1901.4054282351194
7;2025-07-08;20;1309.6434437944768
7;2025-07-08;21;787.9866479741072
7;2025-07-08;22;400.9962124570539
7;2025-07-08;23;206.8165836165542
7;2025-07-09;0;69.87418008756342
7;2025-07-09;1;0.0
7;2025-07-09;2;0.0
7;2025-07-09;3;0.0
7;2025-07-09;4;0.0
7;2025-07-09;5;109.92763763975665
7;2025-07-09;6;747.3592033202334
7;2025-07-09;7;1649.3148873360358
7;2025-07-09;8;2511.3257266626615
7;2025-07-09;9;1883.1408424117353
7;2025-07-09;10;1625.7990902687036
7;2025-07-09;11;1513.091417374697
7;2025-07-09;12;1579.1943747584812
7;2025-07-09;13;1635.7977230559443
7;2025-07-09;14;1725.4615636600342
7;2025-07-09;15;1909.2934568698702
7;2025-07-09;16;1982.0876299818678
7;2025-07-09;17;2478.9749075513555
7;2025-07-09;18;2596.877979875797
7;2025-07-09;19;1941.4736589569795
7;2025-07-09;20;1345.9514790015812
7;2025-07-09;21;837.9450945646483
7;2025-07-09;22;457.15307734630915
7;2025-07-09;23;252.03781627720633
7;2025-07-10;0;37.208689203592954
7;2025-07-10;1;0.0
7;2025-07-10;2;0.0
7;2025-07-10;3;0.0
7;2025-07-10;4;0.0
7;2025-07-10;5;52.22805144637705
7;2025-07-10;6;358.99854015144774
7;2025-07-10;7;802.2905088832977
7;2025-07-10;8;1235.5856064114503
7;2025-07-10;9;885.1539308542758
7;2025-07-10;10;783.8734340258359
7;2025-07-10;11;739.829090047044
7;2025-07-10;12;758.8625905858428
7;2025-07-10;13;785.9885513186409
7;2025-07-10;14;820.7518833274767
7;2025-07-10;15;881.5418947222086
7;2025-07-10;16;971.6714865755564
7;2025-07-10;17;1204.9301399705
7;2025-07-10;18;1293.4157081003762
7;2025-07-10;19;929.3328457281694
7;2025-07-10;20;650.3192573913923
7;2025-07-10;21;416.0545427169707
7;2025-07-10;22;213.78584673816698
7;2025-07-10;23;118.097842549002
7;2025-07-11;0;37.384915030552726
7;2025-07-11;1;0.0
7;2025-07-11;2;0.0
7;2025-07-11;3;0.0
7;2025-07-11;4;0.0
7;2025-07-11;5;47.19828709905504
7;2025-07-11;6;331.04218195605637
7;2025-07-11;7;774.8932318065667
7;2025-07-11;8;1145.981692308104
7;2025-07-11;9;864.8470932928412
7;2025-07-11;10;750.6024489586465
7;2025-07-11;11;749.4554340102065
7;2025-07-11;12;777.0029103339282
7;2025-07-11;13;821.1662512641983
7;2025-07-11;14;870.9128944320878
7;2025-07-11;15;944.4279493882519
7;2025-07-11;16;1031.7120392372033
7;2025-07-11;17;1129.3759898903068
7;2025-07-11;18;1048.563066898006
7;2025-07-11;19;846.2169613727099
7;2025-07-11;20;622.5492585122595
7;2025-07-11;21;405.78843514200025
7;2025-07-11;22;235.5446544447713
7;2025-07-11;23;131.59649574546924
7;2025-07-12;0;56.754117435712544
7;2025-07-12;1;0.0
7;2025-07-12;2;0.0
7;2025-07-12;3;0.0
7;2025-07-12;4;0.0
7;2025-07-12;5;15.438238821111602
7;2025-07-12;6;145.26928521099398
7;2025-07-12;7;233.523689397065
7;2025-07-12;8;363.49933315745614
7;2025-07-12;9;416.177511037292
7;2025-07-12;10;458.23768022008926
7;2025-07-12;11;534.9574480773362
7;2025-07-12;12;596.5511585520278
7;2025-07-12;13;654.7203374186354
7;2025-07-12;14;678.7200660116551
7;2025-07-12;15;634.0409040956191
7;2025-07-12;16;593.3501935521738
7;2025-07-12;17;587.6407341731954
7;2025-07-12;18;551.8038261735053
7;2025-07-12;19;558.8201460424951
7;2025-07-12;20;447.9577099940609
7;2025-07-12;21;354.84719535961324
7;2025-07-12;22;197.55496966197472
7;2025-07-12;23;116.95959339470556
7;2025-07-13;0;49.07209976318003
7;2025-07-13;1;0.0
7;2025-07-13;2;0.0
7;2025-07-13;3;0.0
7;2025-07-13;4;0.0
7;2025-07-13;5;11.914155429554423
7;2025-07-13;6;100.49007161041322
7;2025-07-13;7;170.0503880029558
7;2025-07-13;8;247.24151380063148
7;2025-07-13;9;304.05718045750154
7;2025-07-13;10;343.27485605403876
7;2025-07-13;11;414.97960534328433
7;2025-07-13;12;466.9585667754601
7;2025-07-13;13;508.7561729133941
7;2025-07-13;14;544.3545090772802
7;2025-07-13;15;509.4147184754775
7;2025-07-13;16;481.09545835143115
7;2025-07-13;17;490.2315188470608
7;2025-07-13;18;454.9631589045882
7;2025-07-13;19;424.1889740649739
7;2025-07-13;20;355.5170847468696
7;2025-07-13;21;280.87040291853543
7;2025-07-13;22;159.4279126483856
7;2025-07-13;23;91.75967138454996
7;2025-07-14;0;36.17916514097946
7;2025-07-14;1;0.0
7;2025-07-14;2;0.0
7;2025-07-14;3;0.0
7;2025-07-14;4;0.0
7;2025-07-14;5;49.58415819270337
7;2025-07-14;6;334.0012682768995
7;2025-07-14;7;754.4006125753931
7;2025-07-14;8;1120.9111870779893
7;2025-07-14;9;828.5225120191792
7;2025-07-14;10;701.5145414470213
7;2025-07-14;11;650.0549778410968
7;2025-07-14;12;669.3103713573064
7;2025-07-14;13;693.8935687668813
7;2025-07-14;14;719.97266142637
7;2025-07-14;15;787.7653189605714
7;2025-07-14;16;840.6130820378463
7;2025-07-14;17;1049.6160454377557
7;2025-07-14;18;1168.2849149245212
7;2025-07-14;19;836.1287132806984
7;2025-07-14;20;593.5795127337642
7;2025-07-14;21;344.34101802438386
7;2025-07-14;22;177.79217223414668
7;2025-07-14;23;98.11974522950105
7;2025-07-15;0;30.41248985647153
7;2025-07-15;1;0.0
7;2025-07-15;2;0.0
7;2025-07-15;3;0.0
7;2025-07-15;4;0.0
7;2025-07-15;5;50.180148985031835
7;2025-07-15;6;338.4256367957408
7;2025-07-15;7;767.2244994812263
7;2025-07-15;8;1144.2253517285758
7;2025-07-15;9;858.6209522694628
7;2025-07-15;10;747.4939421649383
7;2025-07-15;11;694.4141833491606
7;2025-07-15;12;710.5104431538185
7;2025-07-15;13;736.9867829769346
7;2025-07-15;14;765.1719966787139
7;2025-07-15;15;833.9189969672668
7;2025-07-15;16;886.8934657944887
7;2025-07-15;17;1084.5572594574041
7;2025-07-15;18;1192.4130362611063
7;2025-07-15;19;892.5644547277041
7;2025-07-15;20;611.1437912169026
7;2025-07-15;21;366.0621962254152
7;2025-07-15;22;187.63484036728957
7;2025-07-15;23;97.83970904187613
7;2025-07-16;0;33.446431950021235
7;2025-07-16;1;0.0
7;2025-07-16;2;0.0
7;2025-07-16;3;0.0
7;2025-07-16;4;0.0
7;2025-07-16;5;53.05307243325586
7;2025-07-16;6;355.9656243104437
7;2025-07-16;7;786.6883475696527
7;2025-07-16;8;1205.348260256183
7;2025-07-16;9;896.4821959122671
7;2025-07-16;10;772.4119252506084
7;2025-07-16;11;714.8146125348585
7;2025-07-16;12;745.424499808654
7;2025-07-16;13;774.8543788527783
7;2025-07-16;14;814.4548256330537
7;2025-07-16;15;897.0525710532975
7;2025-07-16;16;939.0983403720209
7;2025-07-16;17;1172.7122030464225
7;2025-07-16;18;1238.6219370345052
7;2025-07-16;19;926.8156485302181
7;2025-07-16;20;640.4119799152916
7;2025-07-16;21;398.4732728870631
7;2025-07-16;22;217.39289676463267
7;2025-07-16;23;120.49620543510926
7;2025-07-17;0;36.22763273107557
7;2025-07-17;1;0.0
7;2025-07-17;2;0.0
7;2025-07-17;3;0.0
7;2025-07-17;4;0.0
7;2025-07-17;5;51.22331195317594
7;2025-07-17;6;349.27021904600053
7;2025-07-17;7;780.9336204514718
7;2025-07-17;8;1203.329908522156
7;2025-07-17;9;860.1116329046708
7;2025-07-17;10;760.9409552243699
7;2025-07-17;11;718.3494779425853
7;2025-07-17;12;736.9121608776404
7;2025-07-17;13;765.3912216305093
7;2025-07-17;14;798.474547476353
7;2025-07-17;15;856.224139649861
7;2025-07-17;16;944.282428833041
7;2025-07-17;17;1169.6878951195974
7;2025-07-17;18;1252.223337396575
7;2025-07-17;19;900.3497663451088
7;2025-07-17;20;632.8182545039831
7;2025-07-17;21;405.04833381382434
7;2025-07-17;22;208.18301317850023
7;2025-07-17;23;114.62899589911473
7;2025-07-18;0;37.4084252798098
7;2025-07-18;1;0.0
7;2025-07-18;2;0.0
7;2025-07-18;3;0.0
7;2025-07-18;4;0.0
7;2025-07-18;5;47.17553894027201
7;2025-07-18;6;329.3880737701638
7;2025-07-18;7;771.9798390420685
7;2025-07-18;8;1142.0494053862349
7;2025-07-18;9;861.3797764386157
7;2025-07-18;10;746.8340675795639
7;2025-07-18;11;745.579761737943
7;2025-07-18;12;773.591511777159
7;2025-07-18;13;817.1033863784126
7;2025-07-18;14;866.3242490746552
7;2025-07-18;15;938.9470453252568
7;2025-07-18;16;1026.725534235432
7;2025-07-18;17;1123.6890915428241
7;2025-07-18;18;1039.6876074684765
7;2025-07-18;19;839.9473838078575
7;2025-07-18;20;620.0047045879875
7;2025-07-18;21;404.40271882030686
7;2025-07-18;22;235.13699773249
7;2025-07-18;23;132.08440986826452
7;2025-07-19;0;56.52481087653235
7;2025-07-19;1;0.0
7;2025-07-19;2;0.0
7;2025-07-19;3;0.0
7;2025-07-19;4;0.0
7;2025-07-19;5;15.3648571343252
7;2025-07-19;6;144.06281551287236
7;2025-07-19;7;232.00317780505026
7;2025-07-19;8;361.7596674263259
7;2025-07-19;9;412.24511689992994
7;2025-07-19;10;453.4456349381053
7;2025-07-19;11;529.0990372896961
7;2025-07-19;12;590.4172193455324
7;2025-07-19;13;649.7339321652544
7;2025-07-19;14;672.9895824862344
7;2025-07-19;15;627.6393745354775
7;2025-07-19;16;589.0193809003686
7;2025-07-19;17;583.1285813037355
7;2025-07-19;18;546.4888694774257
7;2025-07-19;19;552.4916671659934
7;2025-07-19;20;443.53345812756567
7;2025-07-19;21;351.2153478519499
7;2025-07-19;22;195.18734904991965
7;2025-07-19;23;116.66756783462829
7;2025-07-20;0;49.63304977677065
7;2025-07-20;1;0.0
7;2025-07-20;2;0.0
7;2025-07-20;3;0.0
7;2025-07-20;4;0.0
7;2025-07-20;5;12.045796035344445
7;2025-07-20;6;101.24032154982336
7;2025-07-20;7;171.76174519787452
7;2025-07-20;8;250.46661968408154
7;2025-07-20;9;306.9597253305244
7;2025-07-20;10;346.08198608922476
7;2025-07-20;11;417.94860953171576
7;2025-07-20;12;470.83334739315274
7;2025-07-20;13;512.7383962046852
7;2025-07-20;14;548.2311233759153
7;2025-07-20;15;512.3306468030935
7;2025-07-20;16;485.26499697484047
7;2025-07-20;17;494.04094913131553
7;2025-07-20;18;457.2608386292933
7;2025-07-20;19;426.6107579955046
7;2025-07-20;20;358.32815905210106
7;2025-07-20;21;283.29044097979636
7;2025-07-20;22;161.0025478464838
7;2025-07-20;23;93.11363262666482
7;2025-07-21;0;35.67566778915791
7;2025-07-21;1;0.0
7;2025-07-21;2;0.0
7;2025-07-21;3;0.0
7;2025-07-21;4;0.0
7;2025-07-21;5;48.75750545160587
7;2025-07-21;6;328.09421996311653
7;2025-07-21;7;741.897312247098
7;2025-07-21;8;1100.7548689681566
7;2025-07-21;9;812.7662124007993
7;2025-07-21;10;687.7378304786355
7;2025-07-21;11;637.3078881716852
7;2025-07-21;12;656.8599366495214
7;2025-07-21;13;680.5755324376125
7;2025-07-21;14;706.949560601392
7;2025-07-21;15;773.655173432799
7;2025-07-21;16;825.5380450681523
7;2025-07-21;17;1031.4733424884607
7;2025-07-21;18;1145.7127687238476
7;2025-07-21;19;819.5384355605852
7;2025-07-21;20;583.0812369097016
7;2025-07-21;21;338.2454426055657
7;2025-07-21;22;174.6634947758419
7;2025-07-21;23;97.13801049423948
7;2025-07-22;0;30.393928275083457
7;2025-07-22;1;0.0
7;2025-07-22;2;0.0
7;2025-07-22;3;0.0
7;2025-07-22;4;0.0
7;2025-07-22;5;49.99082587300755
7;2025-07-22;6;336.3466853890845
7;2025-07-22;7;764.5863529652895
7;2025-07-22;8;1140.4332603653115
7;2025-07-22;9;853.9577867245998
7;2025-07-22;10;743.5386054097594
7;2025-07-22;11;690.9403843112939
7;2025-07-22;12;707.5523918378525
7;2025-07-22;13;733.9507531075
7;2025-07-22;14;762.3357686763889
7;2025-07-22;15;831.0638941937268
7;2025-07-22;16;883.8882300171392
7;2025-07-22;17;1080.0233264882972
7;2025-07-22;18;1185.7538766618954
7;2025-07-22;19;886.9819934158104
7;2025-07-22;20;608.4948431962735
7;2025-07-22;21;364.5523232119658
7;2025-07-22;22;186.8884774703806
7;2025-07-22;23;97.64993306492516
7;2025-07-23;0;33.01218303896853
7;2025-07-23;1;0.0
7;2025-07-23;2;0.0
7;2025-07-23;3;0.0
7;2025-07-23;4;0.0
7;2025-07-23;5;51.72407146121927
7;2025-07-23;6;349.19043092902547
7;2025-07-23;7;774.0395647993332
7;2025-07-23;8;1187.5131824145299
7;2025-07-23;9;881.9843680081275
7;2025-07-23;10;759.475777367986
7;2025-07-23;11;702.5727139106557
7;2025-07-23;12;732.8917099280649
7;2025-07-23;13;761.262386622916
7;2025-07-23;14;800.0220439853822
7;2025-07-23;15;880.7562908302297
7;2025-07-23;16;922.4331045585383
7;2025-07-23;17;1151.5611452947483
7;2025-07-23;18;1216.0328961367807
7;2025-07-23;19;909.8612876665456
7;2025-07-23;20;629.639133663246
7;2025-07-23;21;391.688482603947
7;2025-07-23;22;213.47575789707514
7;2025-07-23;23;117.81512618548896
7;2025-07-24;0;36.41084940603726
7;2025-07-24;1;0.0
7;2025-07-24;2;0.0
7;2025-07-24;3;0.0
7;2025-07-24;4;0.0
7;2025-07-24;5;51.34841279541067
7;2025-07-24;6;349.47083322687183
7;2025-07-24;7;784.0660308647032
7;2025-07-24;8;1209.2879671708229
7;2025-07-24;9;861.2388793477069
7;2025-07-24;10;762.8292268464704
7;2025-07-24;11;720.1681661090962
7;2025-07-24;12;739.6188435103979
7;2025-07-24;13;768.0455238213497
7;2025-07-24;14;801.7326562588778
7;2025-07-24;15;866.0211913189094
7;2025-07-24;16;949.0065417521557
7;2025-07-24;17;1176.0134233497683
7;2025-07-24;18;1258.5812372872092
7;2025-07-24;19;903.1855665811653
7;2025-07-24;20;635.4429497913145
7;2025-07-24;21;406.93907498093415
7;2025-07-24;22;209.25772392553927
7;2025-07-24;23;116.43355158928215
7;2025-07-25;0;36.55702660251916
7;2025-07-25;1;0.0
7;2025-07-25;2;0.0
7;2025-07-25;3;0.0
7;2025-07-25;4;0.0
7;2025-07-25;5;46.71007385453746
7;2025-07-25;6;321.8091110863638
7;2025-07-25;7;755.2666341153249
7;2025-07-25;8;1117.6003102766285
7;2025-07-25;9;841.6237696035106
7;2025-07-25;10;729.3290758183412
7;2025-07-25;11;727.7942230099186
7;2025-07-25;12;755.427833650486
7;2025-07-25;13;797.698140300472
7;2025-07-25;14;845.5383901346987
7;2025-07-25;15;920.5316821563263
7;2025-07-25;16;1003.2982955278683
7;2025-07-25;17;1096.6327505110012
7;2025-07-25;18;1013.911552771817
7;2025-07-25;19;817.5112745073143
7;2025-07-25;20;603.9578463868959
7;2025-07-25;21;393.5840750529427
7;2025-07-25;22;228.7291034392136
7;2025-07-25;23;128.59353898227374
7;2025-07-26;0;57.81690688073963
7;2025-07-26;1;0.0
7;2025-07-26;2;0.0
7;2025-07-26;3;0.0
7;2025-07-26;4;0.0
7;2025-07-26;5;15.545542672407528
7;2025-07-26;6;145.69634744492353
7;2025-07-26;7;235.7775888652169
7;2025-07-26;8;368.48272937809907
7;2025-07-26;9;418.05862813941366
7;2025-07-26;10;460.53597133540666
7;2025-07-26;11;537.6884499580146
7;2025-07-26;12;600.8567724694162
7;2025-07-26;13;662.2923164442421
7;2025-07-26;14;686.4553805974856
7;2025-07-26;15;643.6528557345468
7;2025-07-26;16;602.2331261366132
7;2025-07-26;17;595.0686210232034
7;2025-07-26;18;557.3499626497298
7;2025-07-26;19;563.0358297277443
7;2025-07-26;20;452.175264646385
7;2025-07-26;21;358.35519377778985
7;2025-07-26;22;200.2482965591621
7;2025-07-26;23;119.92400284359081
7;2025-07-27;0;51.90430227618822
7;2025-07-27;1;0.0
7;2025-07-27;2;0.0
7;2025-07-27;3;0.0
7;2025-07-27;4;0.0
7;2025-07-27;5;10.441127140991025
7;2025-07-27;6;96.01750030616557
7;2025-07-27;7;160.96026956680163
7;2025-07-27;8;251.82105793464729
7;2025-07-27;9;316.58835850810084
7;2025-07-27;10;357.84498917936094
7;2025-07-27;11;436.13155233051793
7;2025-07-27;12;492.6400017604
7;2025-07-27;13;539.249502626601
7;2025-07-27;14;578.019206422897
7;2025-07-27;15;543.1266007129004
7;2025-07-27;16;512.3476746080951
7;2025-07-27;17;520.0750956826397
7;2025-07-27;18;480.629467053565
7;2025-07-27;19;446.2367467697888
7;2025-07-27;20;376.1213381543148
7;2025-07-27;21;298.5836272090312
7;2025-07-27;22;170.09680371986752
7;2025-07-27;23;98.04280823321275
7;2025-07-28;0;38.27608054372571
7;2025-07-28;1;0.0
7;2025-07-28;2;0.0
7;2025-07-28;3;0.0
7;2025-07-28;4;0.0
7;2025-07-28;5;51.73497230308002
7;2025-07-28;6;345.53048831362236
7;2025-07-28;7;783.0102058505803
7;2025-07-28;8;1170.8147074860683
7;2025-07-28;9;859.8826440615491
7;2025-07-28;10;729.1471457277125
7;2025-07-28;11;676.6962167682511
7;2025-07-28;12;699.6994485088069
7;2025-07-28;13;728.7074060735645
7;2025-07-28;14;757.8642650895852
7;2025-07-28;15;835.8755537575894
7;2025-07-28;16;885.5404630101132
7;2025-07-28;17;1102.3214050123415
7;2025-07-28;18;1224.5084935351688
7;2025-07-28;19;874.5584773831192
7;2025-07-28;20;622.7540615246269
7;2025-07-28;21;362.7705520277661
7;2025-07-28;22;187.2635132080041
7;2025-07-28;23;103.00884419796948
11;2025-05-29;0;80.60852818879371
11;2025-05-29;1;0.0
11;2025-05-29;2;0.0
11;2025-05-29;3;0.0
11;2025-05-29;4;0.0
11;2025-05-29;5;304.1926384818829
11;2025-05-29;6;1377.2876502400945
11;2025-05-29;7;2397.7571186315854
11;2025-05-29;8;3143.4504736594527
11;2025-05-29;9;2538.727011873015
11;2025-05-29;10;1991.7791283867373
11;2025-05-29;11;1948.430025212012
11;2025-05-29;12;1962.878599260851
11;2025-05-29;13;2076.6571729704674
11;2025-05-29;14;2020.6286800085272
11;2025-05-29;15;2116.017645737611
11;2025-05-29;16;2330.6888073512137
11;2025-05-29;17;2934.3949393628054
11;2025-05-29;18;3077.4318481498713
11;2025-05-29;19;2407.1818823623335
11;2025-05-29;20;1675.2992918197992
11;2025-05-29;21;1092.6195195674752
11;2025-05-29;22;588.9529497460735
11;2025-05-29;23;301.1651080668555
11;2025-05-30;0;83.8075652834344
11;2025-05-30;1;0.0
11;2025-05-30;2;0.0
11;2025-05-30;3;0.0
11;2025-05-30;4;0.0
11;2025-05-30;5;288.3449950542024
11;2025-05-30;6;1355.3153376698428
11;2025-05-30;7;2257.19474596678
11;2025-05-30;8;3013.0529994269855
11;2025-05-30;9;2383.045730196448
11;2025-05-30;10;1977.6512346910781
11;2025-05-30;11;1937.149131097203
11;2025-05-30;12;1930.5250991515434
11;2025-05-30;13;2007.6992916005256
11;2025-05-30;14;2019.510631095346
11;2025-05-30;15;2238.1788318871
11;2025-05-30;16;2464.112698302066
11;2025-05-30;17;2877.689861380165
11;2025-05-30;18;2547.738713739804
11;2025-05-30;19;2145.6118960491794
11;2025-05-30;20;1605.7114938351422
11;2025-05-30;21;1057.6189962462402
11;2025-05-30;22;596.3026390760656
11;2025-05-30;23;325.51121298791793
11;2025-05-31;0;112.85575739516585
11;2025-05-31;1;0.0
11;2025-05-31;2;0.0
11;2025-05-31;3;0.0
11;2025-05-31;4;0.0
11;2025-05-31;5;178.48276697160514
11;2025-05-31;6;740.620499431214
11;2025-05-31;7;701.4741173570193
11;2025-05-31;8;958.2032811313509
11;2025-05-31;9;1147.077016656544
11;2025-05-31;10;1210.5593476109166
11;2025-05-31;11;1577.0920826153988
11;2025-05-31;12;1669.0137980047361
11;2025-05-31;13;1639.9668726651591
11;2025-05-31;14;1636.417091364561
11;2025-05-31;15;1592.84231741443
11;2025-05-31;16;1601.476996801561
11;2025-05-31;17;1676.3828202525012
11;2025-05-31;18;1513.7667928884944
11;2025-05-31;19;1445.5869438072436
11;2025-05-31;20;1178.9313099262406
11;2025-05-31;21;862.37258155573
11;2025-05-31;22;494.52002067230933
11;2025-05-31;23;329.38368176804124
11;2025-06-01;0;108.04175064507153
11;2025-06-01;1;0.0
11;2025-06-01;2;0.0
11;2025-06-01;3;0.0
11;2025-06-01;4;0.0
11;2025-06-01;5;126.60450414902256
11;2025-06-01;6;518.6841342302463
11;2025-06-01;7;527.8307973361957
11;2025-06-01;8;669.6560071102435
11;2025-06-01;9;904.3876873707852
11;2025-06-01;10;1033.2229573163427
11;2025-06-01;11;1333.2833025711304
11;2025-06-01;12;1447.3593758774164
11;2025-06-01;13;1418.8233781773702
11;2025-06-01;14;1447.7297763681286
11;2025-06-01;15;1418.371511945636
11;2025-06-01;16;1396.7675976223068
11;2025-06-01;17;1496.4687912848203
11;2025-06-01;18;1322.0959818581928
11;2025-06-01;19;1160.6487398796362
11;2025-06-01;20;990.088826514966
11;2025-06-01;21;729.3335430975756
11;2025-06-01;22;405.39454026795545
11;2025-06-01;23;254.63700689115154
11;2025-06-02;0;76.88159155646426
11;2025-06-02;1;0.0
11;2025-06-02;2;0.0
11;2025-06-02;3;0.0
11;2025-06-02;4;0.0
11;2025-06-02;5;287.53564969600814
11;2025-06-02;6;1402.4521122971769
11;2025-06-02;7;2296.304495953271
11;2025-06-02;8;3039.771707306577
11;2025-06-02;9;2417.499960873928
11;2025-06-02;10;1819.758790319347
11;2025-06-02;11;1829.0359414798288
11;2025-06-02;12;1758.0819627584024
11;2025-06-02;13;1878.5069368551904
11;2025-06-02;14;1840.0962148920562
11;2025-06-02;15;1944.5236728131308
11;2025-06-02;16;2198.406333287132
11;2025-06-02;17;2793.7121663218027
11;2025-06-02;18;3051.456397618864
11;2025-06-02;19;2393.21738216329
11;2025-06-02;20;1667.326037055918
11;2025-06-02;21;979.0736507335916
11;2025-06-02;22;522.4747671881382
11;2025-06-02;23;250.75697352964926
11;2025-06-03;0;77.57396213382084
11;2025-06-03;1;0.0
11;2025-06-03;2;0.0
11;2025-06-03;3;0.0
11;2025-06-03;4;0.0
11;2025-06-03;5;283.36446550277674
11;2025-06-03;6;1416.8757062577524
11;2025-06-03;7;2329.513891849145
11;2025-06-03;8;3052.9484724138747
11;2025-06-03;9;2459.576432225681
11;2025-06-03;10;1873.304397219133
11;2025-06-03;11;1847.7570420401612
11;2025-06-03;12;1815.7564338948528
11;2025-06-03;13;1952.9991464624163
11;2025-06-03;14;1942.6843635688758
11;2025-06-03;15;2025.4550105506626
11;2025-06-03;16;2261.8849693287257
11;2025-06-03;17;2892.4588081658967
11;2025-06-03;18;3037.655073057468
11;2025-06-03;19;2349.810802605153
11;2025-06-03;20;1657.706540116439
11;2025-06-03;21;1040.3141681128627
11;2025-06-03;22;542.0610666285747
11;2025-06-03;23;274.2988826670994
11;2025-06-04;0;73.45861972361715
11;2025-06-04;1;0.0
11;2025-06-04;2;0.0
11;2025-06-04;3;0.0
11;2025-06-04;4;0.0
11;2025-06-04;5;296.4076644987
11;2025-06-04;6;1395.161436174
11;2025-06-04;7;2396.548185954839
11;2025-06-04;8;3166.4921413078055
11;2025-06-04;9;2466.5379670795946
11;2025-06-04;10;1966.3553035008517
11;2025-06-04;11;1892.9919203085137
11;2025-06-04;12;1918.65283540174
11;2025-06-04;13;2057.575781747294
11;2025-06-04;14;1977.568627655777
11;2025-06-04;15;2106.1575624959887
11;2025-06-04;16;2265.806473008224
11;2025-06-04;17;2885.6424314600526
11;2025-06-04;18;3053.8920449783154
11;2025-06-04;19;2451.346784810573
11;2025-06-04;20;1737.8650943993407
11;2025-06-04;21;1089.1491108110902
11;2025-06-04;22;589.8859663894243
11;2025-06-04;23;309.0141203052853
11;2025-06-05;0;80.5853375225625
11;2025-06-05;1;0.0
11;2025-06-05;2;0.0
11;2025-06-05;3;0.0
11;2025-06-05;4;0.0
11;2025-06-05;5;303.7471664212404
11;2025-06-05;6;1368.5511104078957
11;2025-06-05;7;2374.1795866631164
11;2025-06-05;8;3083.2744111925253
11;2025-06-05;9;2524.4338981996325
11;2025-06-05;10;1976.5837604932315
11;2025-06-05;11;1935.346769651018
11;2025-06-05;12;1952.2929876794724
11;2025-06-05;13;2070.733682110329
11;2025-06-05;14;2016.9248882522634
11;2025-06-05;15;2106.7295903370614
11;2025-06-05;16;2311.016185478594
11;2025-06-05;17;2911.535615175602
11;2025-06-05;18;3060.3270828159953
11;2025-06-05;19;2393.261846921612
11;2025-06-05;20;1672.4361089404865
11;2025-06-05;21;1089.7129360316528
11;2025-06-05;22;588.5291790708627
11;2025-06-05;23;300.84997569993243
11;2025-06-06;0;83.28643208515875
11;2025-06-06;1;0.0
11;2025-06-06;2;0.0
11;2025-06-06;3;0.0
11;2025-06-06;4;0.0
11;2025-06-06;5;285.8185244767144
11;2025-06-06;6;1337.583750325417
11;2025-06-06;7;2221.1706805766735
11;2025-06-06;8;2940.4270383734797
11;2025-06-06;9;2362.4164346660705
11;2025-06-06;10;1952.9486828062304
11;2025-06-06;11;1913.0952807998513
11;2025-06-06;12;1909.3000337557896
11;2025-06-06;13;1984.650075207754
11;2025-06-06;14;1995.3838116382556
11;2025-06-06;15;2204.113037893903
11;2025-06-06;16;2426.1783680146145
11;2025-06-06;17;2839.988632810031
11;2025-06-06;18;2520.4369943304864
11;2025-06-06;19;2126.35379615057
11;2025-06-06;20;1599.571171331036
11;2025-06-06;21;1051.4426141372292
11;2025-06-06;22;593.6894275558798
11;2025-06-06;23;325.1094960528667
11;2025-06-07;0;107.53388497092558
11;2025-06-07;1;0.0
11;2025-06-07;2;0.0
11;2025-06-07;3;0.0
11;2025-06-07;4;0.0
11;2025-06-07;5;169.02787907761973
11;2025-06-07;6;704.5741445314682
11;2025-06-07;7;670.0069837162589
11;2025-06-07;8;915.0089591406181
11;2025-06-07;9;1087.977642542322
11;2025-06-07;10;1148.2773459265868
11;2025-06-07;11;1485.0853364468353
11;2025-06-07;12;1581.361704144572
11;2025-06-07;13;1554.0254817019504
11;2025-06-07;14;1550.6128378877975
11;2025-06-07;15;1511.6354197764406
11;2025-06-07;16;1523.8059785919945
11;2025-06-07;17;1595.563305152451
11;2025-06-07;18;1434.837925294603
11;2025-06-07;19;1368.753882236176
11;2025-06-07;20;1118.8507785501095
11;2025-06-07;21;817.8432680101776
11;2025-06-07;22;469.69240305052995
11;2025-06-07;23;312.3794339462046
11;2025-06-08;0;104.80636369432861
11;2025-06-08;1;0.0
11;2025-06-08;2;0.0
11;2025-06-08;3;0.0
11;2025-06-08;4;0.0
11;2025-06-08;5;121.21937231133523
11;2025-06-08;6;509.58127190853037
11;2025-06-08;7;543.5503864423677
11;2025-06-08;8;665.2851669001045
11;2025-06-08;9;861.9383402760518
11;2025-06-08;10;981.0622867393766
11;2025-06-08;11;1259.0255609540707
11;2025-06-08;12;1368.8402694863346
11;2025-06-08;13;1340.9923184892566
11;2025-06-08;14;1369.3194999249522
11;2025-06-08;15;1344.2528397174915
11;2025-06-08;16;1326.4905940915087
11;2025-06-08;17;1425.9588831669973
11;2025-06-08;18;1265.2154562179708
11;2025-06-08;19;1119.4620662180441
11;2025-06-08;20;959.3586928144563
11;2025-06-08;21;707.0689032899213
11;2025-06-08;22;395.68014957079265
11;2025-06-08;23;252.84137906457272
11;2025-06-09;0;78.2563883607113
11;2025-06-09;1;0.0
11;2025-06-09;2;0.0
11;2025-06-09;3;0.0
11;2025-06-09;4;0.0
11;2025-06-09;5;282.1541619245688
11;2025-06-09;6;1375.056644581404
11;2025-06-09;7;2257.938671665153
11;2025-06-09;8;2987.53923140021
11;2025-06-09;9;2377.604409770369
11;2025-06-09;10;1787.122689969027
11;2025-06-09;11;1795.0324434822592
11;2025-06-09;12;1725.5094767827968
11;2025-06-09;13;1841.1251089659363
11;2025-06-09;14;1799.4375034367083
11;2025-06-09;15;1902.2246549107342
11;2025-06-09;16;2155.707946442804
11;2025-06-09;17;2739.630299915297
11;2025-06-09;18;2983.3210021995747
11;2025-06-09;19;2333.1768420505587
11;2025-06-09;20;1638.35789688156
11;2025-06-09;21;961.6676103909326
11;2025-06-09;22;511.8877444590465
11;2025-06-09;23;253.5040348800248
11;2025-06-10;0;74.85219901129094
11;2025-06-10;1;0.0
11;2025-06-10;2;0.0
11;2025-06-10;3;0.0
11;2025-06-10;4;0.0
11;2025-06-10;5;286.9556443993627
11;2025-06-10;6;1419.6841267626396
11;2025-06-10;7;2347.1946751711084
11;2025-06-10;8;3090.6453288650837
11;2025-06-10;9;2472.656855372869
11;2025-06-10;10;1883.2076468535283
11;2025-06-10;11;1856.339428938665
11;2025-06-10;12;1825.262600890026
11;2025-06-10;13;1968.451619257063
11;2025-06-10;14;1959.2774356557686
11;2025-06-10;15;2044.6154601933736
11;2025-06-10;16;2284.4192370068977
11;2025-06-10;17;2907.927384730927
11;2025-06-10;18;3052.0097965137893
11;2025-06-10;19;2350.072163146229
11;2025-06-10;20;1655.377376165953
11;2025-06-10;21;1037.518453114948
11;2025-06-10;22;544.8649574544843
11;2025-06-10;23;272.26803482442085
11;2025-06-11;0;73.05149785282958
11;2025-06-11;1;0.0
11;2025-06-11;2;0.0
11;2025-06-11;3;0.0
11;2025-06-11;4;0.0
11;2025-06-11;5;292.9888366185015
11;2025-06-11;6;1377.068465526458
11;2025-06-11;7;2369.8400668728223
11;2025-06-11;8;3130.4873127291676
11;2025-06-11;9;2438.284247464896
11;2025-06-11;10;1943.5925879780934
11;2025-06-11;11;1870.6449418946568
11;2025-06-11;12;1896.571718571086
11;2025-06-11;13;2030.9982340154802
11;2025-06-11;14;1950.9685821951707
11;2025-06-11;15;2076.935731010776
11;2025-06-11;16;2233.1693902555153
11;2025-06-11;17;2841.8442454621163
11;2025-06-11;18;2990.5336261703414
11;2025-06-11;19;2400.6422430393204
11;2025-06-11;20;1706.3481102552755
11;2025-06-11;21;1068.333465479862
11;2025-06-11;22;578.6081984284972
11;2025-06-11;23;304.5858891105539
11;2025-06-12;0;102.98685760594948
11;2025-06-12;1;0.0
11;2025-06-12;2;0.0
11;2025-06-12;3;0.0
11;2025-06-12;4;0.0
11;2025-06-12;5;146.43874536058868
11;2025-06-12;6;581.7520156553824
11;2025-06-12;7;563.68627435352
11;2025-06-12;8;710.8986246121002
11;2025-06-12;9;902.9796836284077
11;2025-06-12;10;988.3880580594767
11;2025-06-12;11;1270.219157053617
11;2025-06-12;12;1408.4841696002675
11;2025-06-12;13;1410.5606490278842
11;2025-06-12;14;1434.3315495152965
11;2025-06-12;15;1408.1197249345519
11;2025-06-12;16;1417.1926932898687
11;2025-06-12;17;1494.477423619215
11;2025-06-12;18;1353.2025767131158
11;2025-06-12;19;1238.7761871768157
11;2025-06-12;20;1030.497006051292
11;2025-06-12;21;751.3625895106122
11;2025-06-12;22;431.6676745086156
11;2025-06-12;23;274.75156393441233
11;2025-06-13;0;98.17130151550086
11;2025-06-13;1;0.0
11;2025-06-13;2;0.0
11;2025-06-13;3;0.0
11;2025-06-13;4;0.0
11;2025-06-13;5;139.6794140779055
11;2025-06-13;6;566.0935008173228
11;2025-06-13;7;572.1504184167561
11;2025-06-13;8;700.8807994200563
11;2025-06-13;9;861.551460921833
11;2025-06-13;10;926.6374112870922
11;2025-06-13;11;1184.5688948222498
11;2025-06-13;12;1320.5995662313562
11;2025-06-13;13;1331.9052303256196
11;2025-06-13;14;1354.1320285095342
11;2025-06-13;15;1330.3573616939352
11;2025-06-13;16;1343.1375353050867
11;2025-06-13;17;1417.7875294570717
11;2025-06-13;18;1284.971752135974
11;2025-06-13;19;1180.66237307832
11;2025-06-13;20;982.650877007224
11;2025-06-13;21;715.2688288205147
11;2025-06-13;22;412.71759853330605
11;2025-06-13;23;260.181445444114
11;2025-06-14;0;104.2139551452963
11;2025-06-14;1;0.0
11;2025-06-14;2;0.0
11;2025-06-14;3;0.0
11;2025-06-14;4;0.0
11;2025-06-14;5;164.5406811372692
11;2025-06-14;6;689.3808511868012
11;2025-06-14;7;658.2898701077834
11;2025-06-14;8;901.867917175342
11;2025-06-14;9;1067.9862746321123
11;2025-06-14;10;1127.5860886810196
11;2025-06-14;11;1457.6970079788466
11;2025-06-14;12;1553.5060129121848
11;2025-06-14;13;1526.9976580931248
11;2025-06-14;14;1524.2949491834167
11;2025-06-14;15;1485.396941983574
11;2025-06-14;16;1497.140848299956
11;2025-06-14;17;1562.1030985067675
11;2025-06-14;18;1391.1945124615813
11;2025-06-14;19;1327.38544056591
11;2025-06-14;20;1086.1723146395861
11;2025-06-14;21;787.1408440160501
11;2025-06-14;22;451.71964731778405
11;2025-06-14;23;297.4164831232075
11;2025-06-15;0;101.59154335482569
11;2025-06-15;1;0.0
11;2025-06-15;2;0.0
11;2025-06-15;3;0.0
11;2025-06-15;4;0.0
11;2025-06-15;5;121.13421365376428
11;2025-06-15;6;508.56553333701476
11;2025-06-15;7;545.0916814090401
11;2025-06-15;8;666.6180996776765
11;2025-06-15;9;858.076273798516
11;2025-06-15;10;975.405853782934
11;2025-06-15;11;1249.7309398996626
11;2025-06-15;12;1360.0166138620584
11;2025-06-15;13;1333.6855033310148
11;2025-06-15;14;1361.159393068931
11;2025-06-15;15;1335.3303389219623
11;2025-06-15;16;1315.6701500883905
11;2025-06-15;17;1407.3690395183685
11;2025-06-15;18;1234.5709623490507
11;2025-06-15;19;1088.505783412332
11;2025-06-15;20;931.9128438478283
11;2025-06-15;21;682.5830808350088
11;2025-06-15;22;382.82038105651486
11;2025-06-15;23;237.06635023382245
11;2025-06-16;0;78.94290097187294
11;2025-06-16;1;0.0
11;2025-06-16;2;0.0
11;2025-06-16;3;0.0
11;2025-06-16;4;0.0
11;2025-06-16;5;281.54119639381656
11;2025-06-16;6;1371.0932085641787
11;2025-06-16;7;2260.470954010846
11;2025-06-16;8;2995.540707893599
11;2025-06-16;9;2375.983457808139
11;2025-06-16;10;1787.4914139604402
11;2025-06-16;11;1796.1759787780097
11;2025-06-16;12;1728.8951253497376
11;2025-06-16;13;1846.913303758542
11;2025-06-16;14;1810.167396356557
11;2025-06-16;15;1914.167560559145
11;2025-06-16;16;2163.041567428604
11;2025-06-16;17;2745.3327760539914
11;2025-06-16;18;2982.4175444325447
11;2025-06-16;19;2334.5851955856765
11;2025-06-16;20;1644.9494453362772
11;2025-06-16;21;968.1650842259352
11;2025-06-16;22;516.3627680374093
11;2025-06-16;23;257.5702280527795
11;2025-06-17;0;72.52918831648542
11;2025-06-17;1;0.0
11;2025-06-17;2;0.0
11;2025-06-17;3;0.0
11;2025-06-17;4;0.0
11;2025-06-17;5;264.0873267962384
11;2025-06-17;6;1323.4218698791187
11;2025-06-17;7;2206.3609317458613
11;2025-06-17;8;2881.156934926308
11;2025-06-17;9;2311.849082505902
11;2025-06-17;10;1761.3954338004128
11;2025-06-17;11;1732.149944261228
11;2025-06-17;12;1700.8219799639328
11;2025-06-17;13;1809.8641862040145
11;2025-06-17;14;1797.4260046129873
11;2025-06-17;15;1887.6429004600245
11;2025-06-17;16;2114.141045455243
11;2025-06-17;17;2707.1140451123056
11;2025-06-17;18;2824.52938607379
11;2025-06-17;19;2179.9438543211254
11;2025-06-17;20;1547.1522110028804
11;2025-06-17;21;971.1246703013413
11;2025-06-17;22;506.8582216270225
11;2025-06-17;23;257.1791135566235
11;2025-06-18;0;69.94595946802757
11;2025-06-18;1;0.0
11;2025-06-18;2;0.0
11;2025-06-18;3;0.0
11;2025-06-18;4;0.0
11;2025-06-18;5;273.3911288813317
11;2025-06-18;6;1306.2772391093908
11;2025-06-18;7;2264.452664244497
11;2025-06-18;8;2975.4161899695127
11;2025-06-18;9;2315.115669042465
11;2025-06-18;10;1835.7621823367742
11;2025-06-18;11;1762.2638380577891
11;2025-06-18;12;1784.3900519880488
11;2025-06-18;13;1900.33946179869
11;2025-06-18;14;1822.2276755811074
11;2025-06-18;15;1954.6674167090687
11;2025-06-18;16;2108.9180735269906
11;2025-06-18;17;2694.418728235122
11;2025-06-18;18;2827.43922018463
11;2025-06-18;19;2269.7555562565863
11;2025-06-18;20;1614.529197441659
11;2025-06-18;21;1008.9832527620939
11;2025-06-18;22;549.8447764469056
11;2025-06-18;23;287.40072130896596
11;2025-06-19;0;74.88434992661159
11;2025-06-19;1;0.0
11;2025-06-19;2;0.0
11;2025-06-19;3;0.0
11;2025-06-19;4;0.0
11;2025-06-19;5;287.1624322952142
11;2025-06-19;6;1305.30329604588
11;2025-06-19;7;2277.629531123907
11;2025-06-19;8;2958.9807201968333
11;2025-06-19;9;2414.2584481557674
11;2025-06-19;10;1883.982656738009
11;2025-06-19;11;1844.0481468918379
11;2025-06-19;12;1860.926618600362
11;2025-06-19;13;1968.615311028046
11;2025-06-19;14;1915.6736869308334
11;2025-06-19;15;2007.5570668223695
11;2025-06-19;16;2202.7854406326733
11;2025-06-19;17;2775.0153504556083
11;2025-06-19;18;2890.351826188825
11;2025-06-19;19;2261.1668096122057
11;2025-06-19;20;1586.5096383587934
11;2025-06-19;21;1028.1750267717387
11;2025-06-19;22;551.8038812346888
11;2025-06-19;23;277.52306335916916
11;2025-06-20;0;75.04144954632005
11;2025-06-20;1;0.0
11;2025-06-20;2;0.0
11;2025-06-20;3;0.0
11;2025-06-20;4;0.0
11;2025-06-20;5;270.43643547475756
11;2025-06-20;6;1275.1970616244862
11;2025-06-20;7;2137.9918776377626
11;2025-06-20;8;2820.16017802531
11;2025-06-20;9;2255.8406801210845
11;2025-06-20;10;1856.714201686012
11;2025-06-20;11;1819.4073627845
11;2025-06-20;12;1814.820282374239
11;2025-06-20;13;1879.7369575393943
11;2025-06-20;14;1887.4921243471772
11;2025-06-20;15;2096.9845870249
11;2025-06-20;16;2306.131961553072
11;2025-06-20;17;2693.547118533559
11;2025-06-20;18;2358.5646812555497
11;2025-06-20;19;1987.5556853614257
11;2025-06-20;20;1497.4209634413746
11;2025-06-20;21;974.3462787558387
11;2025-06-20;22;552.0791814140216
11;2025-06-20;23;285.6797726369609
11;2025-06-21;0;106.74718885946476
11;2025-06-21;1;0.0
11;2025-06-21;2;0.0
11;2025-06-21;3;0.0
11;2025-06-21;4;0.0
11;2025-06-21;5;171.86089073137833
11;2025-06-21;6;713.07669116593
11;2025-06-21;7;685.1835561037685
11;2025-06-21;8;943.1353428105435
11;2025-06-21;9;1112.2098698607356
11;2025-06-21;10;1173.008741776065
11;2025-06-21;11;1526.2639690762653
11;2025-06-21;12;1618.5830726217905
11;2025-06-21;13;1592.5263117402924
11;2025-06-21;14;1589.2614882960024
11;2025-06-21;15;1545.580455329081
11;2025-06-21;16;1554.1600265824777
11;2025-06-21;17;1611.2249279201696
11;2025-06-21;18;1433.3370265904318
11;2025-06-21;19;1370.6108382852071
11;2025-06-21;20;1129.8470212024704
11;2025-06-21;21;820.8534107787062
11;2025-06-21;22;470.1507781665899
11;2025-06-21;23;311.3039548663067
11;2025-06-22;0;100.3000093400243
11;2025-06-22;1;0.0
11;2025-06-22;2;0.0
11;2025-06-22;3;0.0
11;2025-06-22;4;0.0
11;2025-06-22;5;119.55032868841343
11;2025-06-22;6;506.4782647557969
11;2025-06-22;7;545.8673550905075
11;2025-06-22;8;673.0783779305333
11;2025-06-22;9;861.4975407908835
11;2025-06-22;10;977.5805032475492
11;2025-06-22;11;1252.1252391478752
11;2025-06-22;12;1362.7946538271585
11;2025-06-22;13;1334.7529306719866
11;2025-06-22;14;1360.646324205431
11;2025-06-22;15;1332.5490301880998
11;2025-06-22;16;1313.5147316875336
11;2025-06-22;17;1400.635334715909
11;2025-06-22;18;1224.253754507238
11;2025-06-22;19;1081.668116839708
11;2025-06-22;20;929.4217179538164
11;2025-06-22;21;678.8129317405259
11;2025-06-22;22;382.1002648486809
11;2025-06-22;23;236.14444616870378
11;2025-06-23;0;76.33090034566389
11;2025-06-23;1;0.0
11;2025-06-23;2;0.0
11;2025-06-23;3;0.0
11;2025-06-23;4;0.0
11;2025-06-23;5;281.63506687894164
11;2025-06-23;6;1365.1318658397759
11;2025-06-23;7;2258.0816125702713
11;2025-06-23;8;2998.157565595794
11;2025-06-23;9;2371.8311515639625
11;2025-06-23;10;1786.421611120219
11;2025-06-23;11;1795.354823635718
11;2025-06-23;12;1729.5366634741754
11;2025-06-23;13;1849.2005154861058
11;2025-06-23;14;1813.2584018623925
11;2025-06-23;15;1913.6094562689584
11;2025-06-23;16;2160.383573995836
11;2025-06-23;17;2731.8529010557777
11;2025-06-23;18;2964.4084865476275
11;2025-06-23;19;2313.241880603905
11;2025-06-23;20;1626.033587138008
11;2025-06-23;21;953.3472284638353
11;2025-06-23;22;511.8705719994255
11;2025-06-23;23;246.44636808272395
11;2025-06-24;0;72.33571284886196
11;2025-06-24;1;0.0
11;2025-06-24;2;0.0
11;2025-06-24;3;0.0
11;2025-06-24;4;0.0
11;2025-06-24;5;277.2601774082798
11;2025-06-24;6;1363.3963086223903
11;2025-06-24;7;2263.7950853196367
11;2025-06-24;8;2975.766531952723
11;2025-06-24;9;2379.5828675933285
11;2025-06-24;10;1810.4922963381591
11;2025-06-24;11;1787.1753315848966
11;2025-06-24;12;1760.8741894881991
11;2025-06-24;13;1899.4787909444262
11;2025-06-24;14;1891.2157517292967
11;2025-06-24;15;1968.2841457047411
11;2025-06-24;16;2196.607494251596
11;2025-06-24;17;2788.418972569172
11;2025-06-24;18;2897.63071812871
11;2025-06-24;19;2231.67236656028
11;2025-06-24;20;1588.131137101943
11;2025-06-24;21;997.1038036159705
11;2025-06-24;22;520.7112645434011
11;2025-06-24;23;259.80133671308386
11;2025-06-25;0;71.41177215282812
11;2025-06-25;1;0.0
11;2025-06-25;2;0.0
11;2025-06-25;3;0.0
11;2025-06-25;4;0.0
11;2025-06-25;5;286.92010121888666
11;2025-06-25;6;1337.9804166288377
11;2025-06-25;7;2313.6792756941377
11;2025-06-25;8;3059.030190358784
11;2025-06-25;9;2372.7598271510155
11;2025-06-25;10;1888.534137433463
11;2025-06-25;11;1820.2135491605306
11;2025-06-25;12;1849.8018312642112
11;2025-06-25;13;1986.761579906336
11;2025-06-25;14;1910.4925953568463
11;2025-06-25;15;2029.1702667700813
11;2025-06-25;16;2181.9354771392054
11;2025-06-25;17;2759.085278216874
11;2025-06-25;18;2885.048533917397
11;2025-06-25;19;2314.5758946135
11;2025-06-25;20;1657.8038841679265
11;2025-06-25;21;1037.4355185413235
11;2025-06-25;22;564.7548240149462
11;2025-06-25;23;296.6932523665092
11;2025-06-26;0;72.48780733964288
11;2025-06-26;1;0.0
11;2025-06-26;2;0.0
11;2025-06-26;3;0.0
11;2025-06-26;4;0.0
11;2025-06-26;5;283.5907672749727
11;2025-06-26;6;1276.2146367756764
11;2025-06-26;7;2242.6913613980573
11;2025-06-26;8;2893.33317438054
11;2025-06-26;9;2357.7380842241378
11;2025-06-26;10;1841.718444636779
11;2025-06-26;11;1801.4711932336647
11;2025-06-26;12;1818.2343927522693
11;2025-06-26;13;1923.289003244522
11;2025-06-26;14;1871.5033773971518
11;2025-06-26;15;1956.2622203424664
11;2025-06-26;16;2148.837686318603
11;2025-06-26;17;2699.381187285513
11;2025-06-26;18;2802.116375470424
11;2025-06-26;19;2191.6024365234252
11;2025-06-26;20;1539.6345586261496
11;2025-06-26;21;996.7283941336323
11;2025-06-26;22;538.7636480578576
11;2025-06-26;23;270.98361539630326
11;2025-06-27;0;78.38565393909596
11;2025-06-27;1;0.0
11;2025-06-27;2;0.0
11;2025-06-27;3;0.0
11;2025-06-27;4;0.0
11;2025-06-27;5;286.2684915732325
11;2025-06-27;6;1316.9180652514667
11;2025-06-27;7;2195.436424660909
11;2025-06-27;8;2915.6984063738355
11;2025-06-27;9;2318.1630699448506
11;2025-06-27;10;1927.4490892499784
11;2025-06-27;11;1898.7313746081022
11;2025-06-27;12;1901.3287416453843
11;2025-06-27;13;1981.1164414454656
11;2025-06-27;14;1996.0366037919878
11;2025-06-27;15;2211.4316534733853
11;2025-06-27;16;2420.1406628394684
11;2025-06-27;17;2804.2764896660383
11;2025-06-27;18;2459.5042026392202
11;2025-06-27;19;2064.4280033926316
11;2025-06-27;20;1566.4960660489846
11;2025-06-27;21;1020.0967465509182
11;2025-06-27;22;574.9172620014914
11;2025-06-27;23;301.8433662415563
11;2025-06-28;0;108.313223878045
11;2025-06-28;1;0.0
11;2025-06-28;2;0.0
11;2025-06-28;3;0.0
11;2025-06-28;4;0.0
11;2025-06-28;5;177.1005398450426
11;2025-06-28;6;721.5324393124267
11;2025-06-28;7;686.0544880388194
11;2025-06-28;8;940.4289993578843
11;2025-06-28;9;1104.9175182491838
11;2025-06-28;10;1171.0263236462392
11;2025-06-28;11;1537.5008056005477
11;2025-06-28;12;1639.386121777627
11;2025-06-28;13;1614.5915103221255
11;2025-06-28;14;1612.2163257085376
11;2025-06-28;15;1570.3693173160245
11;2025-06-28;16;1580.3362029894674
11;2025-06-28;17;1635.7918072748744
11;2025-06-28;18;1457.8761044660632
11;2025-06-28;19;1388.4483556415935
11;2025-06-28;20;1146.7999041849062
11;2025-06-28;21;831.8656557672799
11;2025-06-28;22;478.5043402220044
11;2025-06-28;23;319.3622301880182
11;2025-06-29;0;99.6382622530711
11;2025-06-29;1;0.0
11;2025-06-29;2;0.0
11;2025-06-29;3;0.0
11;2025-06-29;4;0.0
11;2025-06-29;5;120.8465989672608
11;2025-06-29;6;499.88835941821674
11;2025-06-29;7;532.8953737035403
11;2025-06-29;8;651.10063477669
11;2025-06-29;9;830.9476222304717
11;2025-06-29;10;949.2583866696889
11;2025-06-29;11;1225.254259648766
11;2025-06-29;12;1340.4542737525117
11;2025-06-29;13;1313.326181868777
11;2025-06-29;14;1340.4827952651149
11;2025-06-29;15;1317.2467421716267
11;2025-06-29;16;1300.7383570898046
11;2025-06-29;17;1387.6705334083686
11;2025-06-29;18;1220.4958007796156
11;2025-06-29;19;1079.9227657848996
11;2025-06-29;20;932.3069847740428
11;2025-06-29;21;681.1693507702515
11;2025-06-29;22;380.00290142801884
11;2025-06-29;23;239.96808347694798
11;2025-06-30;0;70.15784927639749
11;2025-06-30;1;0.0
11;2025-06-30;2;0.0
11;2025-06-30;3;0.0
11;2025-06-30;4;0.0
11;2025-06-30;5;265.72703900245267
11;2025-06-30;6;1282.428259359478
11;2025-06-30;7;2127.8445077840797
11;2025-06-30;8;2805.6211945922605
11;2025-06-30;9;2215.878139311978
11;2025-06-30;10;1678.098114298116
11;2025-06-30;11;1688.359961538923
11;2025-06-30;12;1626.0806932525247
11;2025-06-30;13;1720.9156163420491
11;2025-06-30;14;1685.2335073555178
11;2025-06-30;15;1788.4588241170625
11;2025-06-30;16;2021.1039669141053
11;2025-06-30;17;2560.0531383308116
11;2025-06-30;18;2767.4743478291293
11;2025-06-30;19;2167.012827920359
11;2025-06-30;20;1531.9198735146792
11;2025-06-30;21;886.7580227256208
11;2025-06-30;22;475.6214896714715
11;2025-06-30;23;226.2505800396453
11;2025-07-01;0;65.67084310135498
11;2025-07-01;1;0.0
11;2025-07-01;2;0.0
11;2025-07-01;3;0.0
11;2025-07-01;4;0.0
11;2025-07-01;5;262.54354642041335
11;2025-07-01;6;1302.7882951217143
11;2025-07-01;7;2167.6210154679898
11;2025-07-01;8;2837.3079954072778
11;2025-07-01;9;2245.6230780194223
11;2025-07-01;10;1711.929715560298
11;2025-07-01;11;1690.749950972874
11;2025-07-01;12;1663.4482480484075
11;2025-07-01;13;1794.4568195339957
11;2025-07-01;14;1788.7300131195323
11;2025-07-01;15;1889.9777135642928
11;2025-07-01;16;2118.373572083755
11;2025-07-01;17;2691.5881796272356
11;2025-07-01;18;2795.2431892518293
11;2025-07-01;19;2160.355768227486
11;2025-07-01;20;1521.289529490158
11;2025-07-01;21;943.7883417600824
11;2025-07-01;22;494.30848923200307
11;2025-07-01;23;245.22949586800144
11;2025-07-02;0;71.0050875954768
11;2025-07-02;1;0.0
11;2025-07-02;2;0.0
11;2025-07-02;3;0.0
11;2025-07-02;4;0.0
11;2025-07-02;5;272.3086163312969
11;2025-07-02;6;1300.4170645144184
11;2025-07-02;7;2248.8796379290106
11;2025-07-02;8;2983.2852137292302
11;2025-07-02;9;2278.3141079606885
11;2025-07-02;10;1807.759215088778
11;2025-07-02;11;1746.1705908740958
11;2025-07-02;12;1777.3544032522816
11;2025-07-02;13;1960.958907461114
11;2025-07-02;14;1891.4213402087905
11;2025-07-02;15;2034.4181571074996
11;2025-07-02;16;2186.815376818423
11;2025-07-02;17;2761.7179702891326
11;2025-07-02;18;2888.0946948596993
11;2025-07-02;19;2325.2901806664286
11;2025-07-02;20;1656.5324993531754
11;2025-07-02;21;1035.2039585366572
11;2025-07-02;22;560.4488575507221
11;2025-07-02;23;292.5124382618883
11;2025-07-03;0;78.43122023200104
11;2025-07-03;1;0.0
11;2025-07-03;2;0.0
11;2025-07-03;3;0.0
11;2025-07-03;4;0.0
11;2025-07-03;5;263.21559778827395
11;2025-07-03;6;1267.905869466546
11;2025-07-03;7;2237.937678197447
11;2025-07-03;8;2928.5998859344973
11;2025-07-03;9;2343.161653578742
11;2025-07-03;10;1824.4464366942611
11;2025-07-03;11;1792.6143497677713
11;2025-07-03;12;1815.2919357867088
11;2025-07-03;13;1997.4361467893395
11;2025-07-03;14;1952.855946820423
11;2025-07-03;15;2115.6120166181836
11;2025-07-03;16;2324.3599536187994
11;2025-07-03;17;2894.894109248089
11;2025-07-03;18;2994.625930923794
11;2025-07-03;19;2367.90047611043
11;2025-07-03;20;1687.250665335498
11;2025-07-03;21;1116.4471158953575
11;2025-07-03;22;575.2721797862091
11;2025-07-03;23;297.6014611142549
11;2025-07-04;0;79.69470253379812
11;2025-07-04;1;0.0
11;2025-07-04;2;0.0
11;2025-07-04;3;0.0
11;2025-07-04;4;0.0
11;2025-07-04;5;248.01031957745312
11;2025-07-04;6;1243.764278021698
11;2025-07-04;7;2085.5332657079407
11;2025-07-04;8;2782.2671295752534
11;2025-07-04;9;2181.5363566498254
11;2025-07-04;10;1809.5244576193604
11;2025-07-04;11;1779.1918971786963
11;2025-07-04;12;1782.9877184961315
11;2025-07-04;13;1920.164665179198
11;2025-07-04;14;1939.138830776064
11;2025-07-04;15;2215.247265498231
11;2025-07-04;16;2440.809214724485
11;2025-07-04;17;2826.0815173754786
11;2025-07-04;18;2478.0597281922437
11;2025-07-04;19;2104.172319660555
11;2025-07-04;20;1607.5082536587952
11;2025-07-04;21;1072.6296090196242
11;2025-07-04;22;577.1627137595877
11;2025-07-04;23;317.30260249030016
11;2025-07-05;0;107.89288497490521
11;2025-07-05;1;0.0
11;2025-07-05;2;0.0
11;2025-07-05;3;0.0
11;2025-07-05;4;0.0
11;2025-07-05;5;155.30594508006794
11;2025-07-05;6;686.0519275033294
11;2025-07-05;7;638.394150791667
11;2025-07-05;8;890.3018678975627
11;2025-07-05;9;1036.417424218169
11;2025-07-05;10;1114.9977402671586
11;2025-07-05;11;1479.959563426066
11;2025-07-05;12;1584.8591410442534
11;2025-07-05;13;1604.035540610431
11;2025-07-05;14;1605.209314895987
11;2025-07-05;15;1606.307458473008
11;2025-07-05;16;1625.7134204140807
11;2025-07-05;17;1680.2334945347998
11;2025-07-05;18;1500.1150999047518
11;2025-07-05;19;1432.4726176667634
11;2025-07-05;20;1181.3833949336656
11;2025-07-05;21;868.2207931421669
11;2025-07-05;22;478.1367840706154
11;2025-07-05;23;318.09773968361014
11;2025-07-06;0;103.23837000970553
11;2025-07-06;1;0.0
11;2025-07-06;2;0.0
11;2025-07-06;3;0.0
11;2025-07-06;4;0.0
11;2025-07-06;5;105.80942568257916
11;2025-07-06;6;473.2427089661545
11;2025-07-06;7;471.259682349216
11;2025-07-06;8;611.5616910418903
11;2025-07-06;9;811.142590686371
11;2025-07-06;10;946.417438045442
11;2025-07-06;11;1243.0649635895197
11;2025-07-06;12;1365.387075692532
11;2025-07-06;13;1374.2780914038167
11;2025-07-06;14;1407.690145184818
11;2025-07-06;15;1417.7809956385454
11;2025-07-06;16;1404.8314620320543
11;2025-07-06;17;1488.9188264467311
11;2025-07-06;18;1307.7874100647728
11;2025-07-06;19;1158.7982966333661
11;2025-07-06;20;1001.3137286391403
11;2025-07-06;21;742.541876466844
11;2025-07-06;22;398.58552709448725
11;2025-07-06;23;250.2637941738722
11;2025-07-07;0;78.37564592712671
11;2025-07-07;1;0.0
11;2025-07-07;2;0.0
11;2025-07-07;3;0.0
11;2025-07-07;4;0.0
11;2025-07-07;5;249.56060673316318
11;2025-07-07;6;1304.0173633550362
11;2025-07-07;7;2176.90417302019
11;2025-07-07;8;2905.4535355234157
11;2025-07-07;9;2264.3264998499235
11;2025-07-07;10;1694.2331247606999
11;2025-07-07;11;1711.1451257752628
11;2025-07-07;12;1649.6403058279145
11;2025-07-07;13;1824.2314047205077
11;2025-07-07;14;1793.6653680845534
11;2025-07-07;15;1972.9103619938764
11;2025-07-07;16;2219.945836719489
11;2025-07-07;17;2783.1226269665694
11;2025-07-07;18;2996.8838324402063
11;2025-07-07;19;2366.3814675525223
11;2025-07-07;20;1690.562066403701
11;2025-07-07;21;1011.9164986572582
11;2025-07-07;22;511.1972570820079
11;2025-07-07;23;253.9092976658638
11;2025-07-08;0;75.05872361977691
11;2025-07-08;1;0.0
11;2025-07-08;2;0.0
11;2025-07-08;3;0.0
11;2025-07-08;4;0.0
11;2025-07-08;5;242.13081180801726
11;2025-07-08;6;1296.9021688254827
11;2025-07-08;7;2177.206807016115
11;2025-07-08;8;2878.5297441762377
11;2025-07-08;9;2265.0079769734884
11;2025-07-08;10;1713.8903025621635
11;2025-07-08;11;1699.3913249485795
11;2025-07-08;12;1679.3753914003823
11;2025-07-08;13;1868.757699314461
11;2025-07-08;14;1865.8906738115797
11;2025-07-08;15;2026.2011137264244
11;2025-07-08;16;2256.6819977968025
11;2025-07-08;17;2842.5170573263476
11;2025-07-08;18;2952.397716180263
11;2025-07-08;19;2289.5183479070015
11;2025-07-08;20;1646.012866814343
11;2025-07-08;21;1051.6445993449038
11;2025-07-08;22;518.5961698029984
11;2025-07-08;23;268.35210564053466
11;2025-07-09;0;75.59750703349303
11;2025-07-09;1;0.0
11;2025-07-09;2;0.0
11;2025-07-09;3;0.0
11;2025-07-09;4;0.0
11;2025-07-09;5;257.8126288191503
11;2025-07-09;6;1298.2410654771284
11;2025-07-09;7;2270.8030915912855
11;2025-07-09;8;3027.581135233611
11;2025-07-09;9;2308.100176727742
11;2025-07-09;10;1836.6728391663905
11;2025-07-09;11;1774.6957208832
11;2025-07-09;12;1808.8627934219085
11;2025-07-09;13;2002.8977321014304
11;2025-07-09;14;1931.7781756062277
11;2025-07-09;15;2132.6617987509526
11;2025-07-09;16;2289.667344359824
11;2025-07-09;17;2872.9593659815637
11;2025-07-09;18;3008.511891952836
11;2025-07-09;19;2437.286714852675
11;2025-07-09;20;1763.042457324283
11;2025-07-09;21;1124.5138962862468
11;2025-07-09;22;582.1137207284553
11;2025-07-09;23;313.14970724825963
11;2025-07-10;0;78.91413140898152
11;2025-07-10;1;0.0
11;2025-07-10;2;0.0
11;2025-07-10;3;0.0
11;2025-07-10;4;0.0
11;2025-07-10;5;264.25256970481877
11;2025-07-10;6;1268.9176405546
11;2025-07-10;7;2243.8285048426674
11;2025-07-10;8;2936.7564304480948
11;2025-07-10;9;2355.5152247643396
11;2025-07-10;10;1837.6631305930018
11;2025-07-10;11;1805.9026688055242
11;2025-07-10;12;1831.8405131543439
11;2025-07-10;13;2005.1700058086578
11;2025-07-10;14;1960.5220638685644
11;2025-07-10;15;2121.9661850170346
11;2025-07-10;16;2328.146711728349
11;2025-07-10;17;2896.4456405555597
11;2025-07-10;18;3002.4912454920754
11;2025-07-10;19;2371.410675898608
11;2025-07-10;20;1691.8404268183085
11;2025-07-10;21;1117.8343893975907
11;2025-07-10;22;575.3245759017309
11;2025-07-10;23;297.30399309336855
11;2025-07-11;0;81.33642504195123
11;2025-07-11;1;0.0
11;2025-07-11;2;0.0
11;2025-07-11;3;0.0
11;2025-07-11;4;0.0
11;2025-07-11;5;252.58308642885981
11;2025-07-11;6;1257.3809649041436
11;2025-07-11;7;2113.8429337585976
11;2025-07-11;8;2824.136960886868
11;2025-07-11;9;2213.3179876354634
11;2025-07-11;10;1840.4120393912985
11;2025-07-11;11;1811.31210693622
11;2025-07-11;12;1816.7708069958098
11;2025-07-11;13;1954.574330424888
11;2025-07-11;14;1975.499311786593
11;2025-07-11;15;2255.942198431505
11;2025-07-11;16;2476.2438347889
11;2025-07-11;17;2864.701175151467
11;2025-07-11;18;2520.157813826826
11;2025-07-11;19;2136.7437688348773
11;2025-07-11;20;1634.7539186456404
11;2025-07-11;21;1089.1916843078448
11;2025-07-11;22;585.5614258813667
11;2025-07-11;23;321.85272185899225
11;2025-07-12;0;106.19307948065673
11;2025-07-12;1;0.0
11;2025-07-12;2;0.0
11;2025-07-12;3;0.0
11;2025-07-12;4;0.0
11;2025-07-12;5;150.221832931209
11;2025-07-12;6;664.5583629135035
11;2025-07-12;7;618.1295343889066
11;2025-07-12;8;861.3746463491786
11;2025-07-12;9;1011.259326981301
11;2025-07-12;10;1086.2320503130552
11;2025-07-12;11;1438.7639689425835
11;2025-07-12;12;1542.1910651822268
11;2025-07-12;13;1553.7756243556262
11;2025-07-12;14;1554.0110572861445
11;2025-07-12;15;1552.4577365513019
11;2025-07-12;16;1573.5276582744605
11;2025-07-12;17;1628.681276405141
11;2025-07-12;18;1457.70505019702
11;2025-07-12;19;1391.770701294378
11;2025-07-12;20;1154.4145439640781
11;2025-07-12;21;851.1166817923948
11;2025-07-12;22;469.0641853602133
11;2025-07-12;23;313.52209389528787
11;2025-07-13;0;98.21909182642571
11;2025-07-13;1;0.0
11;2025-07-13;2;0.0
11;2025-07-13;3;0.0
11;2025-07-13;4;0.0
11;2025-07-13;5;100.52458324055021
11;2025-07-13;6;458.0819728822311
11;2025-07-13;7;477.9235488663734
11;2025-07-13;8;589.9043924486934
11;2025-07-13;9;760.7542065197379
11;2025-07-13;10;886.9922041789623
11;2025-07-13;11;1156.1106678754832
11;2025-07-13;12;1271.4439181687787
11;2025-07-13;13;1273.655633631867
11;2025-07-13;14;1302.8889041917298
11;2025-07-13;15;1312.4832842817202
11;2025-07-13;16;1302.7033114922392
11;2025-07-13;17;1386.9968954642968
11;2025-07-13;18;1227.3922904408646
11;2025-07-13;19;1090.123837560615
11;2025-07-13;20;943.21305447574
11;2025-07-13;21;698.2368914330425
11;2025-07-13;22;375.58764996346804
11;2025-07-13;23;242.44328307612665
11;2025-07-14;0;73.26001842546134
11;2025-07-14;1;0.0
11;2025-07-14;2;0.0
11;2025-07-14;3;0.0
11;2025-07-14;4;0.0
11;2025-07-14;5;232.22172387670346
11;2025-07-14;6;1220.8943732247367
11;2025-07-14;7;2055.3714590762465
11;2025-07-14;8;2722.920266055342
11;2025-07-14;9;2125.460568751072
11;2025-07-14;10;1596.5302587467327
11;2025-07-14;11;1607.5376336069376
11;2025-07-14;12;1546.954379511113
11;2025-07-14;13;1691.2503366662186
11;2025-07-14;14;1660.1249395921182
11;2025-07-14;15;1824.7583450441691
11;2025-07-14;16;2059.6601222711924
11;2025-07-14;17;2594.5376312542976
11;2025-07-14;18;2789.6706778067855
11;2025-07-14;19;2199.1319788757564
11;2025-07-14;20;1574.1452128024898
11;2025-07-14;21;938.7184384703231
11;2025-07-14;22;474.2752171998035
11;2025-07-14;23;236.4256089893983
11;2025-07-15;0;72.55136375844562
11;2025-07-15;1;0.0
11;2025-07-15;2;0.0
11;2025-07-15;3;0.0
11;2025-07-15;4;0.0
11;2025-07-15;5;232.6403812589288
11;2025-07-15;6;1249.4747543391522
11;2025-07-15;7;2114.6155149361566
11;2025-07-15;8;2777.558746109711
11;2025-07-15;9;2183.8636503673665
11;2025-07-15;10;1658.0785075504587
11;2025-07-15;11;1638.8278190236242
11;2025-07-15;12;1614.1086950621755
11;2025-07-15;13;1777.4776805734027
11;2025-07-15;14;1773.06331273929
11;2025-07-15;15;1930.5246400998985
11;2025-07-15;16;2156.4104981220325
11;2025-07-15;17;2727.6781837233993
11;2025-07-15;18;2830.1865619048513
11;2025-07-15;19;2198.7568574177235
11;2025-07-15;20;1581.150030652123
11;2025-07-15;21;1008.4046319358812
11;2025-07-15;22;501.181667857775
11;2025-07-15;23;261.6163453938657
11;2025-07-16;0;74.33396017440019
11;2025-07-16;1;0.0
11;2025-07-16;2;0.0
11;2025-07-16;3;0.0
11;2025-07-16;4;0.0
11;2025-07-16;5;251.85366189167013
11;2025-07-16;6;1269.1124696383336
11;2025-07-16;7;2223.6385616547086
11;2025-07-16;8;2962.2582328516223
11;2025-07-16;9;2248.5948030447244
11;2025-07-16;10;1785.7936661970098
11;2025-07-16;11;1725.0655187689667
11;2025-07-16;12;1758.2976512144487
11;2025-07-16;13;1953.5448971548371
11;2025-07-16;14;1883.4975727165597
11;2025-07-16;15;2079.2609037477678
11;2025-07-16;16;2235.495884894801
11;2025-07-16;17;2805.5382253496878
11;2025-07-16;18;2928.9857459408668
11;2025-07-16;19;2373.896087193083
11;2025-07-16;20;1723.533803680642
11;2025-07-16;21;1100.573914516695
11;2025-07-16;22;570.6483039654249
11;2025-07-16;23;308.67745760972207
11;2025-07-17;0;76.75164303709226
11;2025-07-17;1;0.0
11;2025-07-17;2;0.0
11;2025-07-17;3;0.0
11;2025-07-17;4;0.0
11;2025-07-17;5;255.8853570652264
11;2025-07-17;6;1232.7123506986154
11;2025-07-17;7;2181.798735129005
11;2025-07-17;8;2853.9156827047227
11;2025-07-17;9;2278.833550479715
11;2025-07-17;10;1771.9091298032827
11;2025-07-17;11;1740.6070943441187
11;2025-07-17;12;1765.2247432806053
11;2025-07-17;13;1942.163076818434
11;2025-07-17;14;1898.1171866756308
11;2025-07-17;15;2053.402986273375
11;2025-07-17;16;2256.3446471944435
11;2025-07-17;17;2807.3895850208537
11;2025-07-17;18;2903.835253009448
11;2025-07-17;19;2294.8388195337902
11;2025-07-17;20;1642.750576330678
11;2025-07-17;21;1086.567602665024
11;2025-07-17;22;559.6099052211006
11;2025-07-17;23;288.5843739505926
11;2025-07-18;0;80.91264965655608
11;2025-07-18;1;0.0
11;2025-07-18;2;0.0
11;2025-07-18;3;0.0
11;2025-07-18;4;0.0
11;2025-07-18;5;250.242777671328
11;2025-07-18;6;1241.7412546202388
11;2025-07-18;7;2094.005821918648
11;2025-07-18;8;2801.3832170126952
11;2025-07-18;9;2186.983262553899
11;2025-07-18;10;1816.1347605019969
11;2025-07-18;11;1785.7789230438275
11;2025-07-18;12;1792.1036480697617
11;2025-07-18;13;1929.3413412760706
11;2025-07-18;14;1949.6336138092238
11;2025-07-18;15;2226.731570123604
11;2025-07-18;16;2449.549796397281
11;2025-07-18;17;2832.0562532033628
11;2025-07-18;18;2486.389353859864
11;2025-07-18;19;2110.25738270323
11;2025-07-18;20;1617.39840127231
11;2025-07-18;21;1078.652229559662
11;2025-07-18;22;581.1200957799086
11;2025-07-18;23;321.43493057828084
11;2025-07-19;0;105.39888269615449
11;2025-07-19;1;0.0
11;2025-07-19;2;0.0
11;2025-07-19;3;0.0
11;2025-07-19;4;0.0
11;2025-07-19;5;148.6395537332581
11;2025-07-19;6;656.6995241432737
11;2025-07-19;7;613.2192853718066
11;2025-07-19;8;857.2403845006318
11;2025-07-19;9;997.9041582639938
11;2025-07-19;10;1070.119012716746
11;2025-07-19;11;1416.748521288747
11;2025-07-19;12;1518.9285548119933
11;2025-07-19;13;1535.018773221023
11;2025-07-19;14;1534.1422485019634
11;2025-07-19;15;1530.6909813683756
11;2025-07-19;16;1555.1635098937154
11;2025-07-19;17;1608.1332065276638
11;2025-07-19;18;1439.5420521722747
11;2025-07-19;19;1374.32649937304
11;2025-07-19;20;1140.9383201715725
11;2025-07-19;21;840.9776271400078
11;2025-07-19;22;463.3136055765244
11;2025-07-19;23;312.34078503639034
11;2025-07-20;0;99.6522808725903
11;2025-07-20;1;0.0
11;2025-07-20;2;0.0
11;2025-07-20;3;0.0
11;2025-07-20;4;0.0
11;2025-07-20;5;101.76336435937142
11;2025-07-20;6;462.531203606408
11;2025-07-20;7;484.2954141773024
11;2025-07-20;8;600.1902833875544
11;2025-07-20;9;769.2367127875657
11;2025-07-20;10;896.0296167479082
11;2025-07-20;11;1166.9778760336476
11;2025-07-20;12;1284.7783031203376
11;2025-07-20;13;1287.285790144187
11;2025-07-20;14;1316.257162769276
11;2025-07-20;15;1324.83754103842
11;2025-07-20;16;1318.0558801040236
11;2025-07-20;17;1401.1536423095145
11;2025-07-20;18;1239.254436896401
11;2025-07-20;19;1101.7069560920565
11;2025-07-20;20;954.4784143614092
11;2025-07-20;21;707.0463036601496
11;2025-07-20;22;380.98602806315944
11;2025-07-20;23;247.18573306573865
11;2025-07-21;0;73.37486980404444
11;2025-07-21;1;0.0
11;2025-07-21;2;0.0
11;2025-07-21;3;0.0
11;2025-07-21;4;0.0
11;2025-07-21;5;231.87430601293977
11;2025-07-21;6;1216.7592289742383
11;2025-07-21;7;2052.931631227766
11;2025-07-21;8;2719.8996865358886
11;2025-07-21;9;2117.699701796177
11;2025-07-21;10;1588.9876961237915
11;2025-07-21;11;1598.5319319636524
11;2025-07-21;12;1539.474302542374
11;2025-07-21;13;1683.8972750880046
11;2025-07-21;14;1653.9061020205077
11;2025-07-21;15;1817.5600356452494
11;2025-07-21;16;2055.7139654008615
11;2025-07-21;17;2588.232911934767
11;2025-07-21;18;2780.7020548575247
11;2025-07-21;19;2194.727071851154
11;2025-07-21;20;1573.4785517189155
11;2025-07-21;21;939.6734748027003
11;2025-07-21;22;476.5477028960551
11;2025-07-21;23;238.72847985661645
11;2025-07-22;0;72.69821847982114
11;2025-07-22;1;0.0
11;2025-07-22;2;0.0
11;2025-07-22;3;0.0
11;2025-07-22;4;0.0
11;2025-07-22;5;232.50206294523443
11;2025-07-22;6;1245.4349701307829
11;2025-07-22;7;2112.8432897721195
11;2025-07-22;8;2776.4560727711346
11;2025-07-22;9;2178.3110735677137
11;2025-07-22;10;1653.6451157951942
11;2025-07-22;11;1634.0035939746322
11;2025-07-22;12;1610.8182714224654
11;2025-07-22;13;1775.3581933469366
11;2025-07-22;14;1770.9904819336648
11;2025-07-22;15;1927.8231988340062
11;2025-07-22;16;2156.5203314004348
11;2025-07-22;17;2723.367826637603
11;2025-07-22;18;2824.180446658178
11;2025-07-22;19;2193.0603867525006
11;2025-07-22;20;1578.910255021547
11;2025-07-22;21;1007.1134140722529
11;2025-07-22;22;500.56961824360167
11;2025-07-22;23;261.93187819645317
11;2025-07-23;0;73.47716752905106
11;2025-07-23;1;0.0
11;2025-07-23;2;0.0
11;2025-07-23;3;0.0
11;2025-07-23;4;0.0
11;2025-07-23;5;247.97163463876893
11;2025-07-23;6;1248.61326455965
11;2025-07-23;7;2191.0559660969775
11;2025-07-23;8;2920.602916546748
11;2025-07-23;9;2214.3284280108483
11;2025-07-23;10;1754.1054589047535
11;2025-07-23;11;1692.6566070817776
11;2025-07-23;12;1725.8182996288501
11;2025-07-23;13;1919.8651281112018
11;2025-07-23;14;1850.2318199603724
11;2025-07-23;15;2041.3755422223962
11;2025-07-23;16;2198.4513700177713
11;2025-07-23;17;2760.3011574495035
11;2025-07-23;18;2882.3297001445026
11;2025-07-23;19;2335.2670312748287
11;2025-07-23;20;1697.026957761121
11;2025-07-23;21;1083.4567238420339
11;2025-07-23;22;561.2829073378316
11;2025-07-23;23;302.4029899908005
11;2025-07-24;0;77.11256856570222
11;2025-07-24;1;0.0
11;2025-07-24;2;0.0
11;2025-07-24;3;0.0
11;2025-07-24;4;0.0
11;2025-07-24;5;257.3536059934796
11;2025-07-24;6;1234.4115842758542
11;2025-07-24;7;2191.2297024975333
11;2025-07-24;8;2866.8687278152674
11;2025-07-24;9;2285.258745793419
11;2025-07-24;10;1778.7288821858604
11;2025-07-24;11;1746.201592542296
11;2025-07-24;12;1771.941337507154
11;2025-07-24;13;1947.3233270496323
11;2025-07-24;14;1903.1529243437092
11;2025-07-24;15;2073.3250384083503
11;2025-07-24;16;2265.455188051408
11;2025-07-24;17;2817.002688599935
11;2025-07-24;18;2914.1285070706276
11;2025-07-24;19;2302.223277519908
11;2025-07-24;20;1649.1694340414178
11;2025-07-24;21;1089.7219451116362
11;2025-07-24;22;561.251682105289
11;2025-07-24;23;293.4839863606423
11;2025-07-25;0;79.26204142104916
11;2025-07-25;1;0.0
11;2025-07-25;2;0.0
11;2025-07-25;3;0.0
11;2025-07-25;4;0.0
11;2025-07-25;5;244.78154420105727
11;2025-07-25;6;1218.3204848202745
11;2025-07-25;7;2054.3801901611155
11;2025-07-25;8;2742.516079478116
11;2025-07-25;9;2145.285663864136
11;2025-07-25;10;1775.8947752795166
11;2025-07-25;11;1744.701282764616
11;2025-07-25;12;1751.2420757642922
11;2025-07-25;13;1886.6041297895947
11;2025-07-25;14;1905.0171244609667
11;2025-07-25;15;2184.9873923786354
11;2025-07-25;16;2397.6950970720472
11;2025-07-25;17;2772.4209073069032
11;2025-07-25;18;2431.1291460304956
11;2025-07-25;19;2059.3802672685188
11;2025-07-25;20;1580.1762344260383
11;2025-07-25;21;1049.0923644086574
11;2025-07-25;22;562.8371717738371
11;2025-07-25;23;313.4246770865576
11;2025-07-26;0;108.92663138076107
11;2025-07-26;1;0.0
11;2025-07-26;2;0.0
11;2025-07-26;3;0.0
11;2025-07-26;4;0.0
11;2025-07-26;5;153.66893946818607
11;2025-07-26;6;672.8217974004725
11;2025-07-26;7;629.0758214085104
11;2025-07-26;8;880.483422634464
11;2025-07-26;9;1022.6626221136366
11;2025-07-26;10;1099.2759814868027
11;2025-07-26;11;1457.2362717472229
11;2025-07-26;12;1564.7208554424287
11;2025-07-26;13;1583.530090157954
11;2025-07-26;14;1583.7493134936833
11;2025-07-26;15;1588.323894356417
11;2025-07-26;16;1606.2272704236455
11;2025-07-26;17;1656.7771805519303
11;2025-07-26;18;1483.5140449475862
11;2025-07-26;19;1414.8660998958603
11;2025-07-26;20;1174.9825111644566
11;2025-07-26;21;863.8634084690375
11;2025-07-26;22;477.5071118711571
11;2025-07-26;23;324.61192589841
11;2025-07-27;0;104.68377985792866
11;2025-07-27;1;0.0
11;2025-07-27;2;0.0
11;2025-07-27;3;0.0
11;2025-07-27;4;0.0
11;2025-07-27;5;103.85358933837199
11;2025-07-27;6;463.71969448826474
11;2025-07-27;7;462.9971290831696
11;2025-07-27;8;603.4378446559306
11;2025-07-27;9;799.9020347061211
11;2025-07-27;10;935.2930856705592
11;2025-07-27;11;1229.2433281709718
11;2025-07-27;12;1355.1347859628522
11;2025-07-27;13;1366.7367638051983
11;2025-07-27;14;1400.4887202650816
11;2025-07-27;15;1415.0772576924064
11;2025-07-27;16;1399.987095311561
11;2025-07-27;17;1476.578017804074
11;2025-07-27;18;1300.409021405837
11;2025-07-27;19;1152.812983925658
11;2025-07-27;20;1002.6007544838368
11;2025-07-27;21;743.1147379695254
11;2025-07-27;22;401.4239778755552
11;2025-07-27;23;261.6870068103158
11;2025-07-28;0;78.35671120764033
11;2025-07-28;1;0.0
11;2025-07-28;2;0.0
11;2025-07-28;3;0.0
11;2025-07-28;4;0.0
11;2025-07-28;5;247.7276723668408
11;2025-07-28;6;1283.9653593181342
11;2025-07-28;7;2158.098003616775
11;2025-07-28;8;2882.6536266222392
11;2025-07-28;9;2237.2052786496374
11;2025-07-28;10;1672.794705856476
11;2025-07-28;11;1688.2134822949195
11;2025-07-28;12;1630.7034969768404
11;2025-07-28;13;1803.131758757455
11;2025-07-28;14;1772.7431607894544
11;2025-07-28;15;1962.4568301119416
11;2025-07-28;16;2196.6952687685475
11;2025-07-28;17;2748.1059159065
11;2025-07-28;18;2955.3592626876025
11;2025-07-28;19;2328.81747185684
11;2025-07-28;20;1670.7019903666514
11;2025-07-28;21;999.0061551734818
11;2025-07-28;22;504.9903510882017
11;2025-07-28;23;251.15313037112116
12;2025-05-29;0;65.17720389229669
12;2025-05-29;1;0.0
12;2025-05-29;2;0.0
12;2025-05-29;3;0.0
12;2025-05-29;4;0.0
12;2025-05-29;5;297.2252947750435
12;2025-05-29;6;1433.1868902477936
12;2025-05-29;7;2627.4623037732454
12;2025-05-29;8;3509.476761643464
12;2025-05-29;9;2526.942585414824
12;2025-05-29;10;2097.3305303299812
12;2025-05-29;11;2152.747884697865
12;2025-05-29;12;2127.2428031280724
12;2025-05-29;13;2055.468021619447
12;2025-05-29;14;2078.4176637061237
12;2025-05-29;15;2261.170104298393
12;2025-05-29;16;2721.952809824204
12;2025-05-29;17;3103.4950935318375
12;2025-05-29;18;3120.4218659807902
12;2025-05-29;19;2607.071222604144
12;2025-05-29;20;1714.306134808879
12;2025-05-29;21;1045.1271137417032
12;2025-05-29;22;602.8042547546506
12;2025-05-29;23;308.3533077940506
12;2025-05-30;0;71.27946174832152
12;2025-05-30;1;0.0
12;2025-05-30;2;0.0
12;2025-05-30;3;0.0
12;2025-05-30;4;0.0
12;2025-05-30;5;302.6290303220097
12;2025-05-30;6;1448.2596737359713
12;2025-05-30;7;2656.238631846369
12;2025-05-30;8;3442.888724799718
12;2025-05-30;9;2420.8208011331753
12;2025-05-30;10;2049.607548924355
12;2025-05-30;11;2106.18163759831
12;2025-05-30;12;2096.8244941805156
12;2025-05-30;13;2022.1239762414093
12;2025-05-30;14;2079.738928951867
12;2025-05-30;15;2394.496122098862
12;2025-05-30;16;2828.6955479090675
12;2025-05-30;17;2960.729838567475
12;2025-05-30;18;2627.4894944181906
12;2025-05-30;19;2330.0969663047445
12;2025-05-30;20;1703.0474016119997
12;2025-05-30;21;1047.9841309722665
12;2025-05-30;22;652.6634775371988
12;2025-05-30;23;342.45521720960664
12;2025-05-31;0;104.49544678341815
12;2025-05-31;1;0.0
12;2025-05-31;2;0.0
12;2025-05-31;3;0.0
12;2025-05-31;4;0.0
12;2025-05-31;5;209.93123679319615
12;2025-05-31;6;852.2782392366969
12;2025-05-31;7;903.6674344392899
12;2025-05-31;8;1018.0761611368762
12;2025-05-31;9;1207.4150683127482
12;2025-05-31;10;1358.711900801827
12;2025-05-31;11;1465.241647023624
12;2025-05-31;12;1473.10267211002
12;2025-05-31;13;1642.8847129121132
12;2025-05-31;14;1569.5709408555736
12;2025-05-31;15;1453.4726695977786
12;2025-05-31;16;1505.4311000943599
12;2025-05-31;17;1524.87260368149
12;2025-05-31;18;1422.0844082324843
12;2025-05-31;19;1459.6944317932089
12;2025-05-31;20;1120.4097968219924
12;2025-05-31;21;788.6856551892639
12;2025-05-31;22;501.1246311453133
12;2025-05-31;23;312.0187248591195
12;2025-06-01;0;94.81739162923239
12;2025-06-01;1;0.0
12;2025-06-01;2;0.0
12;2025-06-01;3;0.0
12;2025-06-01;4;0.0
12;2025-06-01;5;157.03881358129922
12;2025-06-01;6;576.7732247912604
12;2025-06-01;7;635.4316212367252
12;2025-06-01;8;756.0708091914539
12;2025-06-01;9;974.1469816662577
12;2025-06-01;10;1150.0438817996924
12;2025-06-01;11;1236.9373544246928
12;2025-06-01;12;1291.1320353579113
12;2025-06-01;13;1424.538020025016
12;2025-06-01;14;1413.1242856342503
12;2025-06-01;15;1249.8376975653043
12;2025-06-01;16;1335.246040122469
12;2025-06-01;17;1426.946644146874
12;2025-06-01;18;1256.3272470895658
12;2025-06-01;19;1103.4476596850259
12;2025-06-01;20;874.5995926100622
12;2025-06-01;21;672.4071534110744
12;2025-06-01;22;431.8213102721748
12;2025-06-01;23;243.5977640150344
12;2025-06-02;0;69.96540789717162
12;2025-06-02;1;0.0
12;2025-06-02;2;0.0
12;2025-06-02;3;0.0
12;2025-06-02;4;0.0
12;2025-06-02;5;305.85111227472174
12;2025-06-02;6;1442.040524001226
12;2025-06-02;7;2582.9641113109847
12;2025-06-02;8;3416.9870383931957
12;2025-06-02;9;2489.1908665327196
12;2025-06-02;10;1962.3977376771013
12;2025-06-02;11;1920.182305872936
12;2025-06-02;12;1965.3824834387087
12;2025-06-02;13;1911.9023036330464
12;2025-06-02;14;1905.152088230048
12;2025-06-02;15;2160.578908939145
12;2025-06-02;16;2564.159211994742
12;2025-06-02;17;2961.1327492144783
12;2025-06-02;18;3117.927993498125
12;2025-06-02;19;2548.5865094499454
12;2025-06-02;20;1699.6864147264937
12;2025-06-02;21;963.7162856661166
12;2025-06-02;22;536.6972591694126
12;2025-06-02;23;270.2827247325638
12;2025-06-03;0;60.44871287448643
12;2025-06-03;1;0.0
12;2025-06-03;2;0.0
12;2025-06-03;3;0.0
12;2025-06-03;4;0.0
12;2025-06-03;5;307.1431203479202
12;2025-06-03;6;1467.7770418723578
12;2025-06-03;7;2669.735142448418
12;2025-06-03;8;3547.9696799137564
12;2025-06-03;9;2550.0503010472657
12;2025-06-03;10;2068.283630973646
12;2025-06-03;11;2042.869464881443
12;2025-06-03;12;2016.872870567151
12;2025-06-03;13;1980.5014202925624
12;2025-06-03;14;1955.6230096513768
12;2025-06-03;15;2145.2307388799336
12;2025-06-03;16;2576.8366607163034
12;2025-06-03;17;2994.6523117895376
12;2025-06-03;18;3090.2270082732175
12;2025-06-03;19;2599.8196254041554
12;2025-06-03;20;1724.9837541479683
12;2025-06-03;21;987.363208367705
12;2025-06-03;22;593.5561486296847
12;2025-06-03;23;275.76824107071485
12;2025-06-04;0;61.92517498614082
12;2025-06-04;1;0.0
12;2025-06-04;2;0.0
12;2025-06-04;3;0.0
12;2025-06-04;4;0.0
12;2025-06-04;5;309.6103916069377
12;2025-06-04;6;1456.1542445605253
12;2025-06-04;7;2627.2379078979557
12;2025-06-04;8;3443.1631872798307
12;2025-06-04;9;2559.001182910204
12;2025-06-04;10;2084.6386168839426
12;2025-06-04;11;2101.777872908494
12;2025-06-04;12;2055.7339086020024
12;2025-06-04;13;2088.4941190891514
12;2025-06-04;14;2077.3337493852277
12;2025-06-04;15;2253.5169186079415
12;2025-06-04;16;2661.5370527289056
12;2025-06-04;17;3015.323651941504
12;2025-06-04;18;3074.3271668388943
12;2025-06-04;19;2547.6441904063577
12;2025-06-04;20;1713.907726684125
12;2025-06-04;21;1051.6512573808823
12;2025-06-04;22;636.5271209365369
12;2025-06-04;23;303.1719923521459
12;2025-06-05;0;65.23648196337612
12;2025-06-05;1;0.0
12;2025-06-05;2;0.0
12;2025-06-05;3;0.0
12;2025-06-05;4;0.0
12;2025-06-05;5;297.3110694721124
12;2025-06-05;6;1424.7506717490605
12;2025-06-05;7;2602.72859534883
12;2025-06-05;8;3440.236551656132
12;2025-06-05;9;2510.5642777907033
12;2025-06-05;10;2078.9288360612463
12;2025-06-05;11;2136.0521197826274
12;2025-06-05;12;2112.1725027606026
12;2025-06-05;13;2045.8870753408694
12;2025-06-05;14;2071.058772856528
12;2025-06-05;15;2247.5891422848044
12;2025-06-05;16;2693.543788198343
12;2025-06-05;17;3073.18644024077
12;2025-06-05;18;3093.33501385361
12;2025-06-05;19;2587.4951876685636
12;2025-06-05;20;1710.856011693696
12;2025-06-05;21;1042.4766210085893
12;2025-06-05;22;599.9159869092421
12;2025-06-05;23;304.5203549800546
12;2025-06-06;0;71.37637250521132
12;2025-06-06;1;0.0
12;2025-06-06;2;0.0
12;2025-06-06;3;0.0
12;2025-06-06;4;0.0
12;2025-06-06;5;300.7212532509989
12;2025-06-06;6;1434.3181157398694
12;2025-06-06;7;2625.7215391880954
12;2025-06-06;8;3369.638194310368
12;2025-06-06;9;2405.982054566319
12;2025-06-06;10;2032.4389710397065
12;2025-06-06;11;2092.3056997316917
12;2025-06-06;12;2084.3260212786554
12;2025-06-06;13;2006.5429482751597
12;2025-06-06;14;2067.3707652173243
12;2025-06-06;15;2378.299543253149
12;2025-06-06;16;2790.577470870353
12;2025-06-06;17;2936.755666759519
12;2025-06-06;18;2607.0644165041685
12;2025-06-06;19;2317.8267601608886
12;2025-06-06;20;1706.8693456123387
12;2025-06-06;21;1048.4134428117472
12;2025-06-06;22;653.8650567269005
12;2025-06-06;23;344.0213304443249
12;2025-06-07;0;99.69001536590206
12;2025-06-07;1;0.0
12;2025-06-07;2;0.0
12;2025-06-07;3;0.0
12;2025-06-07;4;0.0
12;2025-06-07;5;198.63273570194485
12;2025-06-07;6;807.8557887499474
12;2025-06-07;7;861.3826728269098
12;2025-06-07;8;981.5054200958941
12;2025-06-07;9;1152.5469590441735
12;2025-06-07;10;1292.5269354126165
12;2025-06-07;11;1381.943989523762
12;2025-06-07;12;1398.261450169561
12;2025-06-07;13;1559.3672119721127
12;2025-06-07;14;1489.790493552267
12;2025-06-07;15;1379.3890317055325
12;2025-06-07;16;1430.8148263191074
12;2025-06-07;17;1449.6794219161666
12;2025-06-07;18;1347.2317351231495
12;2025-06-07;19;1380.0892839445369
12;2025-06-07;20;1062.5882704959813
12;2025-06-07;21;747.7768998874651
12;2025-06-07;22;475.74761182347345
12;2025-06-07;23;295.79939443007123
12;2025-06-08;0;92.64845442170986
12;2025-06-08;1;0.0
12;2025-06-08;2;0.0
12;2025-06-08;3;0.0
12;2025-06-08;4;0.0
12;2025-06-08;5;152.00013321550495
12;2025-06-08;6;566.8430919219269
12;2025-06-08;7;648.0455505397872
12;2025-06-08;8;753.0550229627213
12;2025-06-08;9;933.8807547666959
12;2025-06-08;10;1100.3247205915281
12;2025-06-08;11;1176.8392810778687
12;2025-06-08;12;1230.64876448314
12;2025-06-08;13;1357.3598556638856
12;2025-06-08;14;1346.8591334888563
12;2025-06-08;15;1190.5797857752355
12;2025-06-08;16;1273.851184461743
12;2025-06-08;17;1361.8940163744805
12;2025-06-08;18;1202.634872745108
12;2025-06-08;19;1062.5955116039258
12;2025-06-08;20;847.930169944214
12;2025-06-08;21;652.3805107465869
12;2025-06-08;22;420.63082507744633
12;2025-06-08;23;242.09564516498062
12;2025-06-09;0;73.22265510455665
12;2025-06-09;1;0.0
12;2025-06-09;2;0.0
12;2025-06-09;3;0.0
12;2025-06-09;4;0.0
12;2025-06-09;5;301.4968360265806
12;2025-06-09;6;1416.0557760035013
12;2025-06-09;7;2543.95168148039
12;2025-06-09;8;3365.149940424052
12;2025-06-09;9;2451.4470940004785
12;2025-06-09;10;1937.0185667083183
12;2025-06-09;11;1894.1517966939832
12;2025-06-09;12;1933.46676326964
12;2025-06-09;13;1876.8236607779854
12;2025-06-09;14;1866.8634712968828
12;2025-06-09;15;2120.633485724439
12;2025-06-09;16;2522.064919239485
12;2025-06-09;17;2911.3001820712607
12;2025-06-09;18;3054.8113682480716
12;2025-06-09;19;2490.2072737146837
12;2025-06-09;20;1671.8186918269146
12;2025-06-09;21;948.3801487783595
12;2025-06-09;22;527.5959047597291
12;2025-06-09;23;273.4077590712599
12;2025-06-10;0;55.77522655476765
12;2025-06-10;1;0.0
12;2025-06-10;2;0.0
12;2025-06-10;3;0.0
12;2025-06-10;4;0.0
12;2025-06-10;5;308.7587029803132
12;2025-06-10;6;1464.0367572982973
12;2025-06-10;7;2679.909760788135
12;2025-06-10;8;3571.242799870498
12;2025-06-10;9;2545.2362258989397
12;2025-06-10;10;2062.8823513981174
12;2025-06-10;11;2036.6927978700742
12;2025-06-10;12;2015.158741825991
12;2025-06-10;13;1988.3905575777694
12;2025-06-10;14;1964.6337530820301
12;2025-06-10;15;2156.8646634869847
12;2025-06-10;16;2593.198820088167
12;2025-06-10;17;2997.8659334107642
12;2025-06-10;18;3086.343407845744
12;2025-06-10;19;2589.1388057588847
12;2025-06-10;20;1718.1218773930023
12;2025-06-10;21;982.5589345521119
12;2025-06-10;22;593.9742033813177
12;2025-06-10;23;273.21488481667893
12;2025-06-11;0;61.50546247427236
12;2025-06-11;1;0.0
12;2025-06-11;2;0.0
12;2025-06-11;3;0.0
12;2025-06-11;4;0.0
12;2025-06-11;5;305.6980874007174
12;2025-06-11;6;1439.609553702354
12;2025-06-11;7;2603.665840781316
12;2025-06-11;8;3409.4552071283606
12;2025-06-11;9;2530.048603874686
12;2025-06-11;10;2058.513596110415
12;2025-06-11;11;2074.979566990634
12;2025-06-11;12;2029.5850207839758
12;2025-06-11;13;2061.431083602709
12;2025-06-11;14;2050.4830620240386
12;2025-06-11;15;2226.313571133728
12;2025-06-11;16;2627.749150718013
12;2025-06-11;17;2972.072092294711
12;2025-06-11;18;3014.2921802156475
12;2025-06-11;19;2499.9198288191346
12;2025-06-11;20;1684.9520027431722
12;2025-06-11;21;1032.5195433506728
12;2025-06-11;22;625.7466062017107
12;2025-06-11;23;298.3985924840929
12;2025-06-12;0;92.61944615027392
12;2025-06-12;1;0.0
12;2025-06-12;2;0.0
12;2025-06-12;3;0.0
12;2025-06-12;4;0.0
12;2025-06-12;5;173.8810075979584
12;2025-06-12;6;659.6523543350306
12;2025-06-12;7;699.1309228935067
12;2025-06-12;8;767.2535860680093
12;2025-06-12;9;959.3229997405649
12;2025-06-12;10;1103.5905002344346
12;2025-06-12;11;1192.955888699982
12;2025-06-12;12;1263.9762909964238
12;2025-06-12;13;1423.9900027108454
12;2025-06-12;14;1396.2209221111239
12;2025-06-12;15;1270.2692186046324
12;2025-06-12;16;1338.621767609782
12;2025-06-12;17;1397.618741004252
12;2025-06-12;18;1276.2990565162438
12;2025-06-12;19;1215.3397807409028
12;2025-06-12;20;949.0228023874479
12;2025-06-12;21;690.7279580570446
12;2025-06-12;22;450.7031634445641
12;2025-06-12;23;263.2057293618559
12;2025-06-13;0;88.29653016989448
12;2025-06-13;1;0.0
12;2025-06-13;2;0.0
12;2025-06-13;3;0.0
12;2025-06-13;4;0.0
12;2025-06-13;5;166.7001069723288
12;2025-06-13;6;639.4021577015483
12;2025-06-13;7;702.5199414019985
12;2025-06-13;8;761.5819215201162
12;2025-06-13;9;918.3745877763295
12;2025-06-13;10;1038.951302136602
12;2025-06-13;11;1114.4047200297
12;2025-06-13;12;1186.6253545847355
12;2025-06-13;13;1346.9099030566992
12;2025-06-13;14;1320.1480201404606
12;2025-06-13;15;1199.5375625013412
12;2025-06-13;16;1266.6920247690573
12;2025-06-13;17;1324.1272614678726
12;2025-06-13;18;1211.582223493725
12;2025-06-13;19;1156.3104875800036
12;2025-06-13;20;904.6963731903647
12;2025-06-13;21;658.3543964508686
12;2025-06-13;22;430.4980751147492
12;2025-06-13;23;249.20448386621064
12;2025-06-14;0;96.6330489399239
12;2025-06-14;1;0.0
12;2025-06-14;2;0.0
12;2025-06-14;3;0.0
12;2025-06-14;4;0.0
12;2025-06-14;5;194.2062804629901
12;2025-06-14;6;794.1909788006387
12;2025-06-14;7;849.3757552269018
12;2025-06-14;8;970.9650156897126
12;2025-06-14;9;1137.1366041117494
12;2025-06-14;10;1276.6139027573745
12;2025-06-14;11;1365.1561580968062
12;2025-06-14;12;1383.2389996707689
12;2025-06-14;13;1541.758221166644
12;2025-06-14;14;1473.703500036093
12;2025-06-14;15;1364.17464241194
12;2025-06-14;16;1413.830784141218
12;2025-06-14;17;1426.4351872100365
12;2025-06-14;18;1311.6336200178011
12;2025-06-14;19;1345.3519439188256
12;2025-06-14;20;1038.003775021988
12;2025-06-14;21;724.8292587578042
12;2025-06-14;22;462.6401962295675
12;2025-06-14;23;283.9819711635678
12;2025-06-15;0;89.34424462566554
12;2025-06-15;1;0.0
12;2025-06-15;2;0.0
12;2025-06-15;3;0.0
12;2025-06-15;4;0.0
12;2025-06-15;5;150.65767778971826
12;2025-06-15;6;563.5610105671009
12;2025-06-15;7;647.8365684584402
12;2025-06-15;8;753.8239128440978
12;2025-06-15;9;927.985495039853
12;2025-06-15;10;1092.7362293029598
12;2025-06-15;11;1168.6599098395952
12;2025-06-15;12;1223.0572712892454
12;2025-06-15;13;1348.2415123545893
12;2025-06-15;14;1337.6488057223387
12;2025-06-15;15;1182.6962847377922
12;2025-06-15;16;1260.9101269235798
12;2025-06-15;17;1344.5037030186265
12;2025-06-15;18;1173.920699386371
12;2025-06-15;19;1033.0820175362305
12;2025-06-15;20;822.6753310538517
12;2025-06-15;21;630.6624691110701
12;2025-06-15;22;409.6404463230824
12;2025-06-15;23;227.392082959531
12;2025-06-16;0;74.21226573889433
12;2025-06-16;1;0.0
12;2025-06-16;2;0.0
12;2025-06-16;3;0.0
12;2025-06-16;4;0.0
12;2025-06-16;5;300.26671952437954
12;2025-06-16;6;1415.9298928742264
12;2025-06-16;7;2556.1770592278626
12;2025-06-16;8;3382.057123053759
12;2025-06-16;9;2451.675447503852
12;2025-06-16;10;1940.9421979832691
12;2025-06-16;11;1899.0355538848082
12;2025-06-16;12;1940.1519423416228
12;2025-06-16;13;1884.1353834769732
12;2025-06-16;14;1880.5241757360714
12;2025-06-16;15;2138.3567667793995
12;2025-06-16;16;2532.38626252603
12;2025-06-16;17;2923.132950354039
12;2025-06-16;18;3059.9785047158985
12;2025-06-16;19;2493.8078259646622
12;2025-06-16;20;1677.6796273003247
12;2025-06-16;21;952.2363772365567
12;2025-06-16;22;531.129620562206
12;2025-06-16;23;275.7477185032023
12;2025-06-17;0;56.94030616185695
12;2025-06-17;1;0.0
12;2025-06-17;2;0.0
12;2025-06-17;3;0.0
12;2025-06-17;4;0.0
12;2025-06-17;5;292.7569535604757
12;2025-06-17;6;1395.5095243315536
12;2025-06-17;7;2568.569808386168
12;2025-06-17;8;3404.65855977095
12;2025-06-17;9;2439.659880213223
12;2025-06-17;10;1973.8249623793974
12;2025-06-17;11;1941.725820225799
12;2025-06-17;12;1914.6511488706565
12;2025-06-17;13;1855.915661206212
12;2025-06-17;14;1832.8589517321425
12;2025-06-17;15;2029.8671550825625
12;2025-06-17;16;2441.052215025878
12;2025-06-17;17;2837.621143055758
12;2025-06-17;18;2910.0353419150615
12;2025-06-17;19;2444.1784068124934
12;2025-06-17;20;1629.9401210430756
12;2025-06-17;21;932.0513133613491
12;2025-06-17;22;561.6790507104861
12;2025-06-17;23;262.3664447723231
12;2025-06-18;0;60.020819279777136
12;2025-06-18;1;0.0
12;2025-06-18;2;0.0
12;2025-06-18;3;0.0
12;2025-06-18;4;0.0
12;2025-06-18;5;292.5511564684291
12;2025-06-18;6;1386.6145453023225
12;2025-06-18;7;2529.5395979164227
12;2025-06-18;8;3306.568750814916
12;2025-06-18;9;2456.5807458361496
12;2025-06-18;10;1991.657480721942
12;2025-06-18;11;2001.5861629947817
12;2025-06-18;12;1949.9341231597518
12;2025-06-18;13;1959.7955291382518
12;2025-06-18;14;1949.615016862132
12;2025-06-18;15;2134.7483414391368
12;2025-06-18;16;2516.0008966898927
12;2025-06-18;17;2854.840184760789
12;2025-06-18;18;2886.31485823621
12;2025-06-18;19;2396.030613448059
12;2025-06-18;20;1618.7921962557243
12;2025-06-18;21;990.398201742612
12;2025-06-18;22;604.9404091844515
12;2025-06-18;23;286.79149885439256
12;2025-06-19;0;58.90950392070407
12;2025-06-19;1;0.0
12;2025-06-19;2;0.0
12;2025-06-19;3;0.0
12;2025-06-19;4;0.0
12;2025-06-19;5;285.5713303354304
12;2025-06-19;6;1380.4880350503117
12;2025-06-19;7;2538.6482735961918
12;2025-06-19;8;3356.2804014879816
12;2025-06-19;9;2445.5496088955792
12;2025-06-19;10;2015.7650057994038
12;2025-06-19;11;2073.052970699751
12;2025-06-19;12;2050.2525598762486
12;2025-06-19;13;1975.3495309349069
12;2025-06-19;14;2001.059938151961
12;2025-06-19;15;2186.9893372468277
12;2025-06-19;16;2607.850707550542
12;2025-06-19;17;2968.8270312725117
12;2025-06-19;18;2957.760260153693
12;2025-06-19;19;2479.487486646466
12;2025-06-19;20;1647.54154137374
12;2025-06-19;21;995.8021380596099
12;2025-06-19;22;573.2281372801117
12;2025-06-19;23;288.4304398424506
12;2025-06-20;0;60.7936269280323
12;2025-06-20;1;0.0
12;2025-06-20;2;0.0
12;2025-06-20;3;0.0
12;2025-06-20;4;0.0
12;2025-06-20;5;288.2675744932044
12;2025-06-20;6;1383.328722437709
12;2025-06-20;7;2552.7978393357334
12;2025-06-20;8;3272.1425826219047
12;2025-06-20;9;2334.501900208681
12;2025-06-20;10;1951.5166057175254
12;2025-06-20;11;2007.4258186094921
12;2025-06-20;12;1998.3099200955721
12;2025-06-20;13;1922.5249798646382
12;2025-06-20;14;1981.2032828965775
12;2025-06-20;15;2285.082605103529
12;2025-06-20;16;2670.5677396108663
12;2025-06-20;17;2804.659266038353
12;2025-06-20;18;2455.5306440061786
12;2025-06-20;19;2185.5469835151353
12;2025-06-20;20;1615.7025527716016
12;2025-06-20;21;982.0842567871855
12;2025-06-20;22;615.8946093883678
12;2025-06-20;23;306.2033709253624
12;2025-06-21;0;98.8117401220924
12;2025-06-21;1;0.0
12;2025-06-21;2;0.0
12;2025-06-21;3;0.0
12;2025-06-21;4;0.0
12;2025-06-21;5;200.89220841566765
12;2025-06-21;6;822.2469841056527
12;2025-06-21;7;884.6532126954935
12;2025-06-21;8;1006.3987418538541
12;2025-06-21;9;1177.2042877895763
12;2025-06-21;10;1324.018919205405
12;2025-06-21;11;1427.12455886915
12;2025-06-21;12;1438.3830156170957
12;2025-06-21;13;1604.096148237546
12;2025-06-21;14;1533.270195262674
12;2025-06-21;15;1419.0377692680959
12;2025-06-21;16;1468.1148281953206
12;2025-06-21;17;1474.3111956214161
12;2025-06-21;18;1353.0548128343553
12;2025-06-21;19;1392.3841526238225
12;2025-06-21;20;1079.7423914796373
12;2025-06-21;21;754.8954367860499
12;2025-06-21;22;481.6145088623491
12;2025-06-21;23;296.9837282958706
12;2025-06-22;0;88.46755659509586
12;2025-06-22;1;0.0
12;2025-06-22;2;0.0
12;2025-06-22;3;0.0
12;2025-06-22;4;0.0
12;2025-06-22;5;150.2277455444647
12;2025-06-22;6;563.1411322421184
12;2025-06-22;7;650.2871549982311
12;2025-06-22;8;760.3161268607745
12;2025-06-22;9;932.7381495919466
12;2025-06-22;10;1096.4271365479367
12;2025-06-22;11;1171.9408677570996
12;2025-06-22;12;1226.8324862559748
12;2025-06-22;13;1350.765247358776
12;2025-06-22;14;1339.0806512426623
12;2025-06-22;15;1182.3633729655191
12;2025-06-22;16;1260.1597439073344
12;2025-06-22;17;1339.441493316877
12;2025-06-22;18;1165.0943862396205
12;2025-06-22;19;1027.8053057125762
12;2025-06-22;20;821.4442899645406
12;2025-06-22;21;627.5054927183303
12;2025-06-22;22;409.2336999238446
12;2025-06-22;23;227.0714425525724
12;2025-06-23;0;69.83761065490181
12;2025-06-23;1;0.0
12;2025-06-23;2;0.0
12;2025-06-23;3;0.0
12;2025-06-23;4;0.0
12;2025-06-23;5;299.19449454690795
12;2025-06-23;6;1407.964631816198
12;2025-06-23;7;2552.048991876264
12;2025-06-23;8;3381.3318456643683
12;2025-06-23;9;2446.151511978266
12;2025-06-23;10;1931.4065006162355
12;2025-06-23;11;1892.0141999072175
12;2025-06-23;12;1939.9627530163311
12;2025-06-23;13;1891.519891946226
12;2025-06-23;14;1889.34159761891
12;2025-06-23;15;2143.393982713277
12;2025-06-23;16;2531.441502559608
12;2025-06-23;17;2911.3612330195883
12;2025-06-23;18;3035.374714696971
12;2025-06-23;19;2468.0848660717966
12;2025-06-23;20;1660.1297731816612
12;2025-06-23;21;938.7355507649486
12;2025-06-23;22;527.5718741570904
12;2025-06-23;23;266.82946441761464
12;2025-06-24;0;54.352159088584045
12;2025-06-24;1;0.0
12;2025-06-24;2;0.0
12;2025-06-24;3;0.0
12;2025-06-24;4;0.0
12;2025-06-24;5;301.77774274869296
12;2025-06-24;6;1419.2022886185707
12;2025-06-24;7;2607.75261117041
12;2025-06-24;8;3468.58538307644
12;2025-06-24;9;2471.939660979
12;2025-06-24;10;2002.652142455753
12;2025-06-24;11;1982.259424559681
12;2025-06-24;12;1965.1458623368471
12;2025-06-24;13;1942.5726732780226
12;2025-06-24;14;1922.4556803611558
12;2025-06-24;15;2107.473643928986
12;2025-06-24;16;2519.2553577315143
12;2025-06-24;17;2900.0441957592875
12;2025-06-24;18;2951.2930917991284
12;2025-06-24;19;2476.739840713183
12;2025-06-24;20;1658.3696330297778
12;2025-06-24;21;948.4658508751477
12;2025-06-24;22;573.5534411587341
12;2025-06-24;23;262.7458862528861
12;2025-06-25;0;60.964179563438734
12;2025-06-25;1;0.0
12;2025-06-25;2;0.0
12;2025-06-25;3;0.0
12;2025-06-25;4;0.0
12;2025-06-25;5;303.3672706001032
12;2025-06-25;6;1414.0601782618833
12;2025-06-25;7;2572.2309736489237
12;2025-06-25;8;3371.005438025387
12;2025-06-25;9;2493.0910663912337
12;2025-06-25;10;2030.4988813994744
12;2025-06-25;11;2052.016897782744
12;2025-06-25;12;2011.9624760690217
12;2025-06-25;13;2049.403667633098
12;2025-06-25;14;2042.1871095229335
12;2025-06-25;15;2214.110100213713
12;2025-06-25;16;2598.8516674507005
12;2025-06-25;17;2921.550043910535
12;2025-06-25;18;2935.8549875964873
12;2025-06-25;19;2434.4354024220083
12;2025-06-25;20;1654.765520915668
12;2025-06-25;21;1012.7547788560462
12;2025-06-25;22;618.1290887093985
12;2025-06-25;23;294.30172594328087
12;2025-06-26;0;57.379602444361
12;2025-06-26;1;0.0
12;2025-06-26;2;0.0
12;2025-06-26;3;0.0
12;2025-06-26;4;0.0
12;2025-06-26;5;285.87940721193974
12;2025-06-26;6;1354.1701194130874
12;2025-06-26;7;2507.58721033218
12;2025-06-26;8;3305.7871142545573
12;2025-06-26;9;2407.7067746632806
12;2025-06-26;10;1981.2206160261812
12;2025-06-26;11;2032.9749711477616
12;2025-06-26;12;2007.6837872313636
12;2025-06-26;13;1936.5340328666261
12;2025-06-26;14;1961.60079306427
12;2025-06-26;15;2134.895343814935
12;2025-06-26;16;2545.492296404293
12;2025-06-26;17;2890.755602957993
12;2025-06-26;18;2870.8964049086803
12;2025-06-26;19;2406.994456170399
12;2025-06-26;20;1602.4524487766266
12;2025-06-26;21;968.2440082226769
12;2025-06-26;22;561.8120155551733
12;2025-06-26;23;282.75943472419686
12;2025-06-27;0;64.38796440549542
12;2025-06-27;1;0.0
12;2025-06-27;2;0.0
12;2025-06-27;3;0.0
12;2025-06-27;4;0.0
12;2025-06-27;5;301.7165492971626
12;2025-06-27;6;1417.3028465632824
12;2025-06-27;7;2614.2079729101833
12;2025-06-27;8;3354.469343696869
12;2025-06-27;9;2376.669866185387
12;2025-06-27;10;2011.4444461132143
12;2025-06-27;11;2077.9133269999406
12;2025-06-27;12;2078.312819097887
12;2025-06-27;13;2008.086289939988
12;2025-06-27;14;2073.601990321997
12;2025-06-27;15;2380.626790264306
12;2025-06-27;16;2773.2624444885405
12;2025-06-27;17;2897.170664103385
12;2025-06-27;18;2539.535516015584
12;2025-06-27;19;2248.575976557307
12;2025-06-27;20;1668.3585026549752
12;2025-06-27;21;1017.8201584700115
12;2025-06-27;22;636.4610614177498
12;2025-06-27;23;322.14067966511493
12;2025-06-28;0;100.59976084038522
12;2025-06-28;1;0.0
12;2025-06-28;2;0.0
12;2025-06-28;3;0.0
12;2025-06-28;4;0.0
12;2025-06-28;5;206.54423540983123
12;2025-06-28;6;832.2285311689448
12;2025-06-28;7;893.1694346680075
12;2025-06-28;8;1010.4445921988328
12;2025-06-28;9;1176.8377969595053
12;2025-06-28;10;1327.8529801958398
12;2025-06-28;11;1441.244158757053
12;2025-06-28;12;1458.9537165019913
12;2025-06-28;13;1632.160472896851
12;2025-06-28;14;1561.6494549128251
12;2025-06-28;15;1441.2282778696945
12;2025-06-28;16;1491.1099963198935
12;2025-06-28;17;1493.9338549647382
12;2025-06-28;18;1373.438365967971
12;2025-06-28;19;1407.2251097994845
12;2025-06-28;20;1092.8381035268856
12;2025-06-28;21;765.2302904258527
12;2025-06-28;22;489.7368446930494
12;2025-06-28;23;305.4721551051569
12;2025-06-29;0;87.93519302153703
12;2025-06-29;1;0.0
12;2025-06-29;2;0.0
12;2025-06-29;3;0.0
12;2025-06-29;4;0.0
12;2025-06-29;5;150.87696022873178
12;2025-06-29;6;555.9420107515085
12;2025-06-29;7;640.7009887607521
12;2025-06-29;8;743.8379203044866
12;2025-06-29;9;908.71626762807
12;2025-06-29;10;1069.8731777998692
12;2025-06-29;11;1151.4664424214543
12;2025-06-29;12;1210.5040192794527
12;2025-06-29;13;1335.66098498564
12;2025-06-29;14;1325.529613170806
12;2025-06-29;15;1166.7393813067151
12;2025-06-29;16;1246.1319421761325
12;2025-06-29;17;1324.6757162546412
12;2025-06-29;18;1158.3228183122174
12;2025-06-29;19;1022.5305964934178
12;2025-06-29;20;820.8013913062565
12;2025-06-29;21;630.9354082673816
12;2025-06-29;22;406.9640396142778
12;2025-06-29;23;231.09224677432843
12;2025-06-30;0;61.704989014155366
12;2025-06-30;1;0.0
12;2025-06-30;2;0.0
12;2025-06-30;3;0.0
12;2025-06-30;4;0.0
12;2025-06-30;5;285.5988177629174
12;2025-06-30;6;1337.3259877400824
12;2025-06-30;7;2430.999749078101
12;2025-06-30;8;3199.486561479537
12;2025-06-30;9;2316.2273074647496
12;2025-06-30;10;1830.9904164128002
12;2025-06-30;11;1789.6583375212726
12;2025-06-30;12;1830.2382469630882
12;2025-06-30;13;1768.9248249467762
12;2025-06-30;14;1765.6868379104694
12;2025-06-30;15;1998.0921242778777
12;2025-06-30;16;2364.8971552052744
12;2025-06-30;17;2730.141638577751
12;2025-06-30;18;2834.534184099758
12;2025-06-30;19;2311.6379109495692
12;2025-06-30;20;1559.2526341489806
12;2025-06-30;21;880.1809009333342
12;2025-06-30;22;494.8214804195631
12;2025-06-30;23;246.1983076873704
12;2025-07-01;0;47.33310800962505
12;2025-07-01;1;0.0
12;2025-07-01;2;0.0
12;2025-07-01;3;0.0
12;2025-07-01;4;0.0
12;2025-07-01;5;291.5884726870655
12;2025-07-01;6;1378.038357773703
12;2025-07-01;7;2542.008801808112
12;2025-07-01;8;3371.724347387356
12;2025-07-01;9;2383.334830606835
12;2025-07-01;10;1928.7514165653345
12;2025-07-01;11;1901.7057255051573
12;2025-07-01;12;1877.9512687556494
12;2025-07-01;13;1847.9955671179569
12;2025-07-01;14;1832.2710332411666
12;2025-07-01;15;2030.9136523294978
12;2025-07-01;16;2436.8899406395567
12;2025-07-01;17;2816.9059421484108
12;2025-07-01;18;2870.2855691892664
12;2025-07-01;19;2413.547273538232
12;2025-07-01;20;1600.250786997327
12;2025-07-01;21;909.4613918746059
12;2025-07-01;22;551.2961693357752
12;2025-07-01;23;251.2359580500967
12;2025-07-02;0;60.98802691626808
12;2025-07-02;1;0.0
12;2025-07-02;2;0.0
12;2025-07-02;3;0.0
12;2025-07-02;4;0.0
12;2025-07-02;5;289.09596921102093
12;2025-07-02;6;1379.6606904008077
12;2025-07-02;7;2522.3774575978077
12;2025-07-02;8;3313.805082217866
12;2025-07-02;9;2409.190606677495
12;2025-07-02;10;1961.9452846574095
12;2025-07-02;11;1984.1804801065346
12;2025-07-02;12;1943.2040794379805
12;2025-07-02;13;2031.1230785580483
12;2025-07-02;14;2030.5837974164965
12;2025-07-02;15;2218.1760930052455
12;2025-07-02;16;2598.2451712452566
12;2025-07-02;17;2929.5198950226522
12;2025-07-02;18;2945.5888347180785
12;2025-07-02;19;2446.3513772564265
12;2025-07-02;20;1653.986253272703
12;2025-07-02;21;1015.5178952455187
12;2025-07-02;22;615.9770521340868
12;2025-07-02;23;291.10699445669485
12;2025-07-03;0;63.988033756412094
12;2025-07-03;1;0.0
12;2025-07-03;2;0.0
12;2025-07-03;3;0.0
12;2025-07-03;4;0.0
12;2025-07-03;5;256.71051899677195
12;2025-07-03;6;1331.424345376623
12;2025-07-03;7;2487.209611919634
12;2025-07-03;8;3307.1097117408117
12;2025-07-03;9;2350.699589373818
12;2025-07-03;10;1945.8902941244814
12;2025-07-03;11;2009.1333093167245
12;2025-07-03;12;1993.4568492665476
12;2025-07-03;13;2003.43932609365
12;2025-07-03;14;2038.206208958797
12;2025-07-03;15;2282.279900535167
12;2025-07-03;16;2712.355259028116
12;2025-07-03;17;3069.807855466902
12;2025-07-03;18;3043.8797398918095
12;2025-07-03;19;2564.107509054407
12;2025-07-03;20;1733.1854479043645
12;2025-07-03;21;1078.3815796871838
12;2025-07-03;22;591.99185196793
12;2025-07-03;23;304.73413781091926
12;2025-07-04;0;68.26366407702689
12;2025-07-04;1;0.0
12;2025-07-04;2;0.0
12;2025-07-04;3;0.0
12;2025-07-04;4;0.0
12;2025-07-04;5;261.12055141499087
12;2025-07-04;6;1340.5157676413291
12;2025-07-04;7;2495.6686566320177
12;2025-07-04;8;3218.5596028307864
12;2025-07-04;9;2239.5359405519926
12;2025-07-04;10;1898.751912392976
12;2025-07-04;11;1963.3599905736928
12;2025-07-04;12;1963.6443039132419
12;2025-07-04;13;1955.5545496857585
12;2025-07-04;14;2025.4526539539775
12;2025-07-04;15;2398.143332689312
12;2025-07-04;16;2797.8072953269316
12;2025-07-04;17;2927.0906230985574
12;2025-07-04;18;2563.4749453345357
12;2025-07-04;19;2289.608232712313
12;2025-07-04;20;1716.9140528912296
12;2025-07-04;21;1077.1688220220167
12;2025-07-04;22;639.5042599251428
12;2025-07-04;23;337.5368028470808
12;2025-07-05;0;100.64445234833354
12;2025-07-05;1;0.0
12;2025-07-05;2;0.0
12;2025-07-05;3;0.0
12;2025-07-05;4;0.0
12;2025-07-05;5;185.48777615620634
12;2025-07-05;6;800.1058689328572
12;2025-07-05;7;851.0379050894958
12;2025-07-05;8;965.9223918074285
12;2025-07-05;9;1115.3374620657924
12;2025-07-05;10;1273.328663407639
12;2025-07-05;11;1385.5489742997884
12;2025-07-05;12;1404.9534623973996
12;2025-07-05;13;1620.2715200444004
12;2025-07-05;14;1553.524163463866
12;2025-07-05;15;1476.397152648663
12;2025-07-05;16;1533.8525514025212
12;2025-07-05;17;1539.356801330856
12;2025-07-05;18;1416.0452773040479
12;2025-07-05;19;1453.4595664687065
12;2025-07-05;20;1130.7863558648473
12;2025-07-05;21;802.7840679048007
12;2025-07-05;22;490.45020280776805
12;2025-07-05;23;305.09242210802773
12;2025-07-06;0;91.20829148651467
12;2025-07-06;1;0.0
12;2025-07-06;2;0.0
12;2025-07-06;3;0.0
12;2025-07-06;4;0.0
12;2025-07-06;5;136.75064047115103
12;2025-07-06;6;533.2544525966657
12;2025-07-06;7;584.8850243149113
12;2025-07-06;8;705.2724644645477
12;2025-07-06;9;887.0145387719195
12;2025-07-06;10;1070.1946422035692
12;2025-07-06;11;1163.6073349605217
12;2025-07-06;12;1227.09171529245
12;2025-07-06;13;1394.4430076519586
12;2025-07-06;14;1386.2879705405194
12;2025-07-06;15;1256.6611920559562
12;2025-07-06;16;1345.216289534238
12;2025-07-06;17;1423.2717047575477
12;2025-07-06;18;1241.5335376595422
12;2025-07-06;19;1097.5303002350252
12;2025-07-06;20;882.8007822487671
12;2025-07-06;21;686.0099266630735
12;2025-07-06;22;424.1870487660942
12;2025-07-06;23;241.03143248891632
12;2025-07-07;0;73.7942712419885
12;2025-07-07;1;0.0
12;2025-07-07;2;0.0
12;2025-07-07;3;0.0
12;2025-07-07;4;0.0
12;2025-07-07;5;266.3530344325909
12;2025-07-07;6;1348.1528282010618
12;2025-07-07;7;2476.2000295585917
12;2025-07-07;8;3296.4288245536
12;2025-07-07;9;2347.5135155431003
12;2025-07-07;10;1855.748853941684
12;2025-07-07;11;1819.7151063649285
12;2025-07-07;12;1866.8525686586652
12;2025-07-07;13;1877.829848120964
12;2025-07-07;14;1879.7198113638774
12;2025-07-07;15;2196.809067731763
12;2025-07-07;16;2584.118675973151
12;2025-07-07;17;2956.695867252289
12;2025-07-07;18;3072.523215490174
12;2025-07-07;19;2521.2322575709695
12;2025-07-07;20;1723.7464981133858
12;2025-07-07;21;1004.4125619935284
12;2025-07-07;22;528.7081452426759
12;2025-07-07;23;275.30722323344037
12;2025-07-08;0;58.96603424044869
12;2025-07-08;1;0.0
12;2025-07-08;2;0.0
12;2025-07-08;3;0.0
12;2025-07-08;4;0.0
12;2025-07-08;5;265.78726709926207
12;2025-07-08;6;1358.6143962443198
12;2025-07-08;7;2533.5376807713683
12;2025-07-08;8;3388.719773397886
12;2025-07-08;9;2378.2432101587183
12;2025-07-08;10;1924.4481318619542
12;2025-07-08;11;1903.9472861209492
12;2025-07-08;12;1889.1558286451568
12;2025-07-08;13;1908.9750457752727
12;2025-07-08;14;1891.8575182790921
12;2025-07-08;15;2153.398899209822
12;2025-07-08;16;2576.516328251473
12;2025-07-08;17;2963.304849737587
12;2025-07-08;18;3007.837713493328
12;2025-07-08;19;2531.1687597855052
12;2025-07-08;20;1714.7924506006734
12;2025-07-08;21;1006.4618713499433
12;2025-07-08;22;570.1398600190093
12;2025-07-08;23;272.14539140496663
12;2025-07-09;0;66.38984957977713
12;2025-07-09;1;0.0
12;2025-07-09;2;0.0
12;2025-07-09;3;0.0
12;2025-07-09;4;0.0
12;2025-07-09;5;269.27384311651076
12;2025-07-09;6;1359.6566932687292
12;2025-07-09;7;2511.887668313666
12;2025-07-09;8;3311.3560391072765
12;2025-07-09;9;2404.5541969148007
12;2025-07-09;10;1967.1809324317414
12;2025-07-09;11;1991.290131861058
12;2025-07-09;12;1953.6560337559567
12;2025-07-09;13;2047.0832664261493
12;2025-07-09;14;2046.0525171670383
12;2025-07-09;15;2290.513670921864
12;2025-07-09;16;2681.0124949228043
12;2025-07-09;17;3013.352681781497
12;2025-07-09;18;3031.0269487814394
12;2025-07-09;19;2528.2358316405544
12;2025-07-09;20;1740.0975143446146
12;2025-07-09;21;1092.540111577704
12;2025-07-09;22;630.9891562205166
12;2025-07-09;23;309.566463111474
12;2025-07-10;0;64.44991044692208
12;2025-07-10;1;0.0
12;2025-07-10;2;0.0
12;2025-07-10;3;0.0
12;2025-07-10;4;0.0
12;2025-07-10;5;258.1696316025936
12;2025-07-10;6;1334.6724653974638
12;2025-07-10;7;2497.0536592968033
12;2025-07-10;8;3324.2935172426455
12;2025-07-10;9;2368.3731293084925
12;2025-07-10;10;1966.2122919745354
12;2025-07-10;11;2029.2859131161335
12;2025-07-10;12;2018.307344774375
12;2025-07-10;13;2018.2546296030646
12;2025-07-10;14;2052.106229621034
12;2025-07-10;15;2292.958789709709
12;2025-07-10;16;2726.0252437750887
12;2025-07-10;17;3081.2146014706377
12;2025-07-10;18;3065.8952196002692
12;2025-07-10;19;2579.6467364488362
12;2025-07-10;20;1745.3488669945737
12;2025-07-10;21;1085.1681408364245
12;2025-07-10;22;596.3444631335782
12;2025-07-10;23;307.9881440929075
12;2025-07-11;0;69.81190485023188
12;2025-07-11;1;0.0
12;2025-07-11;2;0.0
12;2025-07-11;3;0.0
12;2025-07-11;4;0.0
12;2025-07-11;5;265.9031913032368
12;2025-07-11;6;1356.8094332576793
12;2025-07-11;7;2531.5228138213315
12;2025-07-11;8;3265.0157842377384
12;2025-07-11;9;2272.1621341067057
12;2025-07-11;10;1934.2163009267565
12;2025-07-11;11;2000.8154285495743
12;2025-07-11;12;2004.3613094937296
12;2025-07-11;13;1995.2822361898723
12;2025-07-11;14;2066.0417278578407
12;2025-07-11;15;2441.6174497836773
12;2025-07-11;16;2846.320926326416
12;2025-07-11;17;2971.4353275458634
12;2025-07-11;18;2610.6862501596106
12;2025-07-11;19;2328.2732720219255
12;2025-07-11;20;1748.1827116762745
12;2025-07-11;21;1095.7277467642689
12;2025-07-11;22;650.716755397148
12;2025-07-11;23;345.05195093832197
12;2025-07-12;0;99.41458476258654
12;2025-07-12;1;0.0
12;2025-07-12;2;0.0
12;2025-07-12;3;0.0
12;2025-07-12;4;0.0
12;2025-07-12;5;180.47658293016087
12;2025-07-12;6;775.8721001028632
12;2025-07-12;7;826.245059517132
12;2025-07-12;8;939.3755075690111
12;2025-07-12;9;1087.9494236410483
12;2025-07-12;10;1240.419468151227
12;2025-07-12;11;1348.6549028637855
12;2025-07-12;12;1368.5097214903417
12;2025-07-12;13;1570.0133210263018
12;2025-07-12;14;1505.2922157168273
12;2025-07-12;15;1429.4558437608634
12;2025-07-12;16;1483.8603402297658
12;2025-07-12;17;1494.1396132944938
12;2025-07-12;18;1378.927795189913
12;2025-07-12;19;1414.3405880979867
12;2025-07-12;20;1106.7055233206793
12;2025-07-12;21;788.1773030368878
12;2025-07-12;22;482.17747448113096
12;2025-07-12;23;300.87009509042605
12;2025-07-13;0;88.10002289496312
12;2025-07-13;1;0.0
12;2025-07-13;2;0.0
12;2025-07-13;3;0.0
12;2025-07-13;4;0.0
12;2025-07-13;5;131.55996095094446
12;2025-07-13;6;519.8488690075112
12;2025-07-13;7;591.9339055053053
12;2025-07-13;8;691.9495303345857
12;2025-07-13;9;847.660036843022
12;2025-07-13;10;1016.5482698909725
12;2025-07-13;11;1096.9619689395865
12;2025-07-13;12;1156.9853198113028
12;2025-07-13;13;1306.541277137175
12;2025-07-13;14;1299.6378128546
12;2025-07-13;15;1177.252700322487
12;2025-07-13;16;1260.055153013477
12;2025-07-13;17;1342.601595100883
12;2025-07-13;18;1182.0080582935798
12;2025-07-13;19;1047.3862940563681
12;2025-07-13;20;845.7465991445677
12;2025-07-13;21;656.2886082055256
12;2025-07-13;22;407.02103408456287
12;2025-07-13;23;236.55341966683318
12;2025-07-14;0;69.34654035659894
12;2025-07-14;1;0.0
12;2025-07-14;2;0.0
12;2025-07-14;3;0.0
12;2025-07-14;4;0.0
12;2025-07-14;5;251.4689348596026
12;2025-07-14;6;1275.3004738663456
12;2025-07-14;7;2353.358690706189
12;2025-07-14;8;3119.1760106043985
12;2025-07-14;9;2228.5376196084517
12;2025-07-14;10;1759.883607889914
12;2025-07-14;11;1717.4393194857312
12;2025-07-14;12;1755.8820373238616
12;2025-07-14;13;1748.375430700178
12;2025-07-14;14;1746.81266169645
12;2025-07-14;15;2041.1014125438264
12;2025-07-14;16;2413.4756992358307
12;2025-07-14;17;2772.4806524555115
12;2025-07-14;18;2878.0834680127946
12;2025-07-14;19;2358.352188942872
12;2025-07-14;20;1612.1701338952623
12;2025-07-14;21;936.2211465217845
12;2025-07-14;22;493.9801822654194
12;2025-07-14;23;257.6846069735686
12;2025-07-15;0;57.72840113675013
12;2025-07-15;1;0.0
12;2025-07-15;2;0.0
12;2025-07-15;3;0.0
12;2025-07-15;4;0.0
12;2025-07-15;5;259.79087898040916
12;2025-07-15;6;1322.7528659500267
12;2025-07-15;7;2483.2023658873845
12;2025-07-15;8;3313.2651304490355
12;2025-07-15;9;2328.2379745360918
12;2025-07-15;10;1883.7692144328157
12;2025-07-15;11;1853.865497228165
12;2025-07-15;12;1831.1721110604162
12;2025-07-15;13;1832.5365498976462
12;2025-07-15;14;1812.839373067673
12;2025-07-15;15;2066.467085229944
12;2025-07-15;16;2486.00119205288
12;2025-07-15;17;2866.945888747418
12;2025-07-15;18;2916.4390024617524
12;2025-07-15;19;2458.657256649066
12;2025-07-15;20;1664.2633000750375
12;2025-07-15;21;973.9543335456724
12;2025-07-15;22;555.6096493192238
12;2025-07-15;23;267.086507007085
12;2025-07-16;0;65.54146550492322
12;2025-07-16;1;0.0
12;2025-07-16;2;0.0
12;2025-07-16;3;0.0
12;2025-07-16;4;0.0
12;2025-07-16;5;265.0999263104993
12;2025-07-16;6;1337.5097401719202
12;2025-07-16;7;2473.7339627329607
12;2025-07-16;8;3261.8506933773297
12;2025-07-16;9;2360.728446453465
12;2025-07-16;10;1926.941112069586
12;2025-07-16;11;1949.872459377657
12;2025-07-16;12;1913.9720498487568
12;2025-07-16;13;2014.6548671437913
12;2025-07-16;14;2012.2696911357173
12;2025-07-16;15;2250.57433240098
12;2025-07-16;16;2640.1021997552016
12;2025-07-16;17;2963.4574139941033
12;2025-07-16;18;2974.9936282870717
12;2025-07-16;19;2480.273354083558
12;2025-07-16;20;1711.380198985098
12;2025-07-16;21;1074.7174352507316
12;2025-07-16;22;620.420502255138
12;2025-07-16;23;303.88663495912954
12;2025-07-17;0;63.14584626267724
12;2025-07-17;1;0.0
12;2025-07-17;2;0.0
12;2025-07-17;3;0.0
12;2025-07-17;4;0.0
12;2025-07-17;5;252.6259429548852
12;2025-07-17;6;1305.111604354459
12;2025-07-17;7;2445.1750975740697
12;2025-07-17;8;3255.243794873232
12;2025-07-17;9;2311.039048817383
12;2025-07-17;10;1915.2886266728037
12;2025-07-17;11;1975.7994836215007
12;2025-07-17;12;1961.4215434687458
12;2025-07-17;13;1969.0791273389102
12;2025-07-17;14;2001.7723847645746
12;2025-07-17;15;2236.412983638166
12;2025-07-17;16;2662.4413170910493
12;2025-07-17;17;3010.568694709764
12;2025-07-17;18;2988.957151824714
12;2025-07-17;19;2515.1061416006614
12;2025-07-17;20;1706.1173140764802
12;2025-07-17;21;1060.859137818281
12;2025-07-17;22;582.4846527128329
12;2025-07-17;23;298.93639861020785
12;2025-07-18;0;69.38438378074605
12;2025-07-18;1;0.0
12;2025-07-18;2;0.0
12;2025-07-18;3;0.0
12;2025-07-18;4;0.0
12;2025-07-18;5;263.37482193314213
12;2025-07-18;6;1340.5126474843964
12;2025-07-18;7;2508.405729774977
12;2025-07-18;8;3239.1342442126215
12;2025-07-18;9;2245.539521575362
12;2025-07-18;10;1909.2077909321079
12;2025-07-18;11;1972.791502748505
12;2025-07-18;12;1977.5123792918653
12;2025-07-18;13;1970.5444803178082
12;2025-07-18;14;2039.9428842045645
12;2025-07-18;15;2411.0100490673703
12;2025-07-18;16;2818.22332312232
12;2025-07-18;17;2939.406619734683
12;2025-07-18;18;2579.4754334748786
12;2025-07-18;19;2300.8511830489083
12;2025-07-18;20;1729.2783639548525
12;2025-07-18;21;1084.3827024959141
12;2025-07-18;22;644.5952544256423
12;2025-07-18;23;343.20317654136807
12;2025-07-19;0;98.82567665941913
12;2025-07-19;1;0.0
12;2025-07-19;2;0.0
12;2025-07-19;3;0.0
12;2025-07-19;4;0.0
12;2025-07-19;5;178.88930428661774
12;2025-07-19;6;767.2112554259388
12;2025-07-19;7;819.7908444144061
12;2025-07-19;8;934.9552478718426
12;2025-07-19;9;1074.4390165212697
12;2025-07-19;10;1222.9509288097695
12;2025-07-19;11;1327.8270068672714
12;2025-07-19;12;1347.169113530705
12;2025-07-19;13;1550.7711892893667
12;2025-07-19;14;1485.8023811428893
12;2025-07-19;15;1409.0964704017451
12;2025-07-19;16;1467.3732261720486
12;2025-07-19;17;1478.416023544692
12;2025-07-19;18;1365.6547698818367
12;2025-07-19;19;1397.2721714926743
12;2025-07-19;20;1093.0897720351475
12;2025-07-19;21;777.614374096401
12;2025-07-19;22;474.6984337534914
12;2025-07-19;23;298.8546790714694
12;2025-07-20;0;88.81986369530911
12;2025-07-20;1;0.0
12;2025-07-20;2;0.0
12;2025-07-20;3;0.0
12;2025-07-20;4;0.0
12;2025-07-20;5;132.3417093020759
12;2025-07-20;6;521.6952524015153
12;2025-07-20;7;596.1941834690483
12;2025-07-20;8;699.9530563949606
12;2025-07-20;9;852.2659229483136
12;2025-07-20;10;1020.3637974598273
12;2025-07-20;11;1099.6298201430159
12;2025-07-20;12;1160.8658163840014
12;2025-07-20;13;1311.2601588446798
12;2025-07-20;14;1303.392957558061
12;2025-07-20;15;1179.0032399475626
12;2025-07-20;16;1266.4319137906532
12;2025-07-20;17;1347.5149016834466
12;2025-07-20;18;1185.6003965990692
12;2025-07-20;19;1050.7798792804463
12;2025-07-20;20;849.0847907587263
12;2025-07-20;21;659.0765725607084
12;2025-07-20;22;408.9875847810558
12;2025-07-20;23;238.57613454837315
12;2025-07-21;0;69.72736257847916
12;2025-07-21;1;0.0
12;2025-07-21;2;0.0
12;2025-07-21;3;0.0
12;2025-07-21;4;0.0
12;2025-07-21;5;251.92440297191172
12;2025-07-21;6;1275.4677748518202
12;2025-07-21;7;2357.9242148171884
12;2025-07-21;8;3124.8238021987945
12;2025-07-21;9;2227.6869611777174
12;2025-07-21;10;1757.9153418223193
12;2025-07-21;11;1713.7929154496796
12;2025-07-21;12;1753.9627120624873
12;2025-07-21;13;1746.4608463843063
12;2025-07-21;14;1746.0425725711998
12;2025-07-21;15;2039.6389593419506
12;2025-07-21;16;2416.366355144306
12;2025-07-21;17;2776.5343557514943
12;2025-07-21;18;2882.091345627833
12;2025-07-21;19;2361.1973374133304
12;2025-07-21;20;1615.7114221386141
12;2025-07-21;21;938.7140405309513
12;2025-07-21;22;495.99756799174065
12;2025-07-21;23;258.63148868771293
12;2025-07-22;0;57.9187618265811
12;2025-07-22;1;0.0
12;2025-07-22;2;0.0
12;2025-07-22;3;0.0
12;2025-07-22;4;0.0
12;2025-07-22;5;259.86877021407133
12;2025-07-22;6;1319.6195200578427
12;2025-07-22;7;2482.7708339017754
12;2025-07-22;8;3313.0099556068208
12;2025-07-22;9;2324.0741714000937
12;2025-07-22;10;1880.4315716281976
12;2025-07-22;11;1850.3443845932818
12;2025-07-22;12;1829.2942715063498
12;2025-07-22;13;1831.6336843498214
12;2025-07-22;14;1812.3036919905198
12;2025-07-22;15;2065.5654614295136
12;2025-07-22;16;2486.658838676767
12;2025-07-22;17;2864.8109771076315
12;2025-07-22;18;2914.3415567643924
12;2025-07-22;19;2455.639151042101
12;2025-07-22;20;1664.2919745666886
12;2025-07-22;21;973.9757247417547
12;2025-07-22;22;555.7266750647742
12;2025-07-22;23;267.7696041279763
12;2025-07-23;0;65.50144383556588
12;2025-07-23;1;0.0
12;2025-07-23;2;0.0
12;2025-07-23;3;0.0
12;2025-07-23;4;0.0
12;2025-07-23;5;263.98191487716485
12;2025-07-23;6;1328.3778714996993
12;2025-07-23;7;2462.421558434933
12;2025-07-23;8;3248.0356466193953
12;2025-07-23;9;2348.573455030689
12;2025-07-23;10;1917.5950134898744
12;2025-07-23;11;1938.0920415049713
12;2025-07-23;12;1899.9615507654776
12;2025-07-23;13;1998.9690661735408
12;2025-07-23;14;1995.8822642124787
12;2025-07-23;15;2231.327299597796
12;2025-07-23;16;2623.02561830449
12;2025-07-23;17;2946.612864428274
12;2025-07-23;18;2958.6446473671404
12;2025-07-23;19;2465.722998987591
12;2025-07-23;20;1702.5290634056933
12;2025-07-23;21;1068.8828278748042
12;2025-07-23;22;616.4903172829994
12;2025-07-23;23;300.5226852920834
12;2025-07-24;0;62.86600411625447
12;2025-07-24;1;0.0
12;2025-07-24;2;0.0
12;2025-07-24;3;0.0
12;2025-07-24;4;0.0
12;2025-07-24;5;251.94771192193934
12;2025-07-24;6;1298.443301415111
12;2025-07-24;7;2437.4761472022665
12;2025-07-24;8;3246.014211013477
12;2025-07-24;9;2300.5247455488948
12;2025-07-24;10;1902.9690897315272
12;2025-07-24;11;1962.122102629047
12;2025-07-24;12;1952.0794081505555
12;2025-07-24;13;1960.4248658960264
12;2025-07-24;14;1992.9624329920669
12;2025-07-24;15;2241.6725758008542
12;2025-07-24;16;2654.0689934379425
12;2025-07-24;17;2999.442160710874
12;2025-07-24;18;2978.8449491294678
12;2025-07-24;19;2505.124876324875
12;2025-07-24;20;1700.5600540315977
12;2025-07-24;21;1057.3698726261773
12;2025-07-24;22;580.8408637807993
12;2025-07-24;23;301.634485225146
12;2025-07-25;0;68.37640570001844
12;2025-07-25;1;0.0
12;2025-07-25;2;0.0
12;2025-07-25;3;0.0
12;2025-07-25;4;0.0
12;2025-07-25;5;259.7725468366268
12;2025-07-25;6;1322.1979281292665
12;2025-07-25;7;2475.5118654981193
12;2025-07-25;8;3195.4208321676124
12;2025-07-25;9;2220.1139646727715
12;2025-07-25;10;1882.9702215253105
12;2025-07-25;11;1944.6750060607092
12;2025-07-25;12;1949.7454031110728
12;2025-07-25;13;1940.9867410127872
12;2025-07-25;14;2008.4524878908069
12;2025-07-25;15;2384.1345113529824
12;2025-07-25;16;2775.5281709933333
12;2025-07-25;17;2894.305696071011
12;2025-07-25;18;2538.203202412553
12;2025-07-25;19;2263.2092589672156
12;2025-07-25;20;1703.7627138610685
12;2025-07-25;21;1067.4658584451147
12;2025-07-25;22;634.2826300403073
12;2025-07-25;23;337.70376376749186
12;2025-07-26;0;102.0310912586365
12;2025-07-26;1;0.0
12;2025-07-26;2;0.0
12;2025-07-26;3;0.0
12;2025-07-26;4;0.0
12;2025-07-26;5;184.67573072802122
12;2025-07-26;6;787.42231914611
12;2025-07-26;7;841.3619577596544
12;2025-07-26;8;956.7111938866333
12;2025-07-26;9;1102.2605876504263
12;2025-07-26;10;1258.0086919230312
12;2025-07-26;11;1367.5714164367205
12;2025-07-26;12;1390.268918712247
12;2025-07-26;13;1603.2118771572877
12;2025-07-26;14;1536.6821138129058
12;2025-07-26;15;1464.474066093434
12;2025-07-26;16;1518.0933100767088
12;2025-07-26;17;1521.6303597278243
12;2025-07-26;18;1404.5817149629793
12;2025-07-26;19;1438.3785115434034
12;2025-07-26;20;1127.2280011347145
12;2025-07-26;21;802.5629187416769
12;2025-07-26;22;492.4525377311263
12;2025-07-26;23;311.1726382557828
12;2025-07-27;0;93.23782820533017
12;2025-07-27;1;0.0
12;2025-07-27;2;0.0
12;2025-07-27;3;0.0
12;2025-07-27;4;0.0
12;2025-07-27;5;135.3713604990088
12;2025-07-27;6;525.5512238847263
12;2025-07-27;7;579.1746700209312
12;2025-07-27;8;700.8498857211728
12;2025-07-27;9;880.5289870224494
12;2025-07-27;10;1064.1081748944498
12;2025-07-27;11;1156.7221489055062
12;2025-07-27;12;1223.7365342372373
12;2025-07-27;13;1390.5804453837877
12;2025-07-27;14;1382.974120629015
12;2025-07-27;15;1258.0412473153556
12;2025-07-27;16;1342.956438517454
12;2025-07-27;17;1420.4272486328753
12;2025-07-27;18;1242.7542391282514
12;2025-07-27;19;1096.7377957886897
12;2025-07-27;20;888.9764762877987
12;2025-07-27;21;691.8953417297548
12;2025-07-27;22;430.2488682659708
12;2025-07-27;23;252.46140173010582
12;2025-07-28;0;73.73177565199569
12;2025-07-28;1;0.0
12;2025-07-28;2;0.0
12;2025-07-28;3;0.0
12;2025-07-28;4;0.0
12;2025-07-28;5;264.90363379384655
12;2025-07-28;6;1329.8874984412441
12;2025-07-28;7;2458.1065145552625
12;2025-07-28;8;3275.8056048067815
12;2025-07-28;9;2323.0800891682047
12;2025-07-28;10;1836.86771611324
12;2025-07-28;11;1799.5072699742072
12;2025-07-28;12;1851.2546088959239
12;2025-07-28;13;1863.3788293249004
12;2025-07-28;14;1864.3859801033705
12;2025-07-28;15;2190.5617528715657
12;2025-07-28;16;2567.4035760573697
12;2025-07-28;17;2928.5079784678846
12;2025-07-28;18;3042.556041506303
12;2025-07-28;19;2490.552039631774
12;2025-07-28;20;1708.701214655573
12;2025-07-28;21;995.994839805492
12;2025-07-28;22;524.9303265521141
12;2025-07-28;23;273.0373430079171
17;2025-05-29;0;137.86037922987242
17;2025-05-29;1;0.0
17;2025-05-29;2;0.0
17;2025-05-29;3;0.0
17;2025-05-29;4;0.0
17;2025-05-29;5;243.29659364242238
17;2025-05-29;6;1489.4910752641074
17;2025-05-29;7;3712.3923132351524
17;2025-05-29;8;5183.527738553546
17;2025-05-29;9;3748.713449071582
17;2025-05-29;10;2986.553760776337
17;2025-05-29;11;2889.488823754088
17;2025-05-29;12;2937.730268574818
17;2025-05-29;13;2981.7232688248023
17;2025-05-29;14;3008.7286352123083
17;2025-05-29;15;3015.0549185599452
17;2025-05-29;16;3544.2658095710703
17;2025-05-29;17;4324.472311557966
17;2025-05-29;18;4792.629661686415
17;2025-05-29;19;3525.466157961078
17;2025-05-29;20;2535.0767190394117
17;2025-05-29;21;1701.5975781138975
17;2025-05-29;22;953.0142092845899
17;2025-05-29;23;438.22343309066525
17;2025-05-30;0;139.67362357495708
17;2025-05-30;1;0.0
17;2025-05-30;2;0.0
17;2025-05-30;3;0.0
17;2025-05-30;4;0.0
17;2025-05-30;5;223.5360009823794
17;2025-05-30;6;1392.7706116581367
17;2025-05-30;7;3579.01373852861
17;2025-05-30;8;4850.971128434378
17;2025-05-30;9;3537.108071072126
17;2025-05-30;10;2888.8555274104083
17;2025-05-30;11;2807.963182542527
17;2025-05-30;12;2911.1514551312193
17;2025-05-30;13;2956.847897395931
17;2025-05-30;14;2999.6916555369594
17;2025-05-30;15;3266.9784783940877
17;2025-05-30;16;3797.7751335539506
17;2025-05-30;17;4164.228084993192
17;2025-05-30;18;4010.2970321550133
17;2025-05-30;19;3119.5228740303346
17;2025-05-30;20;2375.073284742637
17;2025-05-30;21;1629.4199811082085
17;2025-05-30;22;958.1157848582483
17;2025-05-30;23;471.29299058967854
17;2025-05-31;0;217.7747201242284
17;2025-05-31;1;0.0
17;2025-05-31;2;0.0
17;2025-05-31;3;0.0
17;2025-05-31;4;0.0
17;2025-05-31;5;92.88735051714536
17;2025-05-31;6;539.2346600726079
17;2025-05-31;7;1068.441868236835
17;2025-05-31;8;1622.088542064289
17;2025-05-31;9;2001.493284363053
17;2025-05-31;10;2240.8650513785224
17;2025-05-31;11;2612.092003538226
17;2025-05-31;12;2889.8166048783987
17;2025-05-31;13;3037.798182512857
17;2025-05-31;14;3052.209414807473
17;2025-05-31;15;3011.6564433516355
17;2025-05-31;16;2944.756138170752
17;2025-05-31;17;2961.634429557941
17;2025-05-31;18;2796.9815777169097
17;2025-05-31;19;2473.3319784971527
17;2025-05-31;20;2026.8493639460703
17;2025-05-31;21;1543.78961101449
17;2025-05-31;22;947.6269342736691
17;2025-05-31;23;472.43920407557664
17;2025-06-01;0;185.11345492162923
17;2025-06-01;1;0.0
17;2025-06-01;2;0.0
17;2025-06-01;3;0.0
17;2025-06-01;4;0.0
17;2025-06-01;5;76.28571451278313
17;2025-06-01;6;405.06133220674644
17;2025-06-01;7;774.1614580073026
17;2025-06-01;8;1193.588043484501
17;2025-06-01;9;1601.6652832828386
17;2025-06-01;10;1878.745930438876
17;2025-06-01;11;2228.6610926187227
17;2025-06-01;12;2544.023545833051
17;2025-06-01;13;2734.834017977505
17;2025-06-01;14;2734.4645754784533
17;2025-06-01;15;2644.10531026008
17;2025-06-01;16;2636.410068725767
17;2025-06-01;17;2574.557065554455
17;2025-06-01;18;2384.002240125331
17;2025-06-01;19;2017.2645039457009
17;2025-06-01;20;1656.1741329646088
17;2025-06-01;21;1242.5607020145649
17;2025-06-01;22;774.5496408478259
17;2025-06-01;23;335.87217434788823
17;2025-06-02;0;99.96901650888006
17;2025-06-02;1;0.0
17;2025-06-02;2;0.0
17;2025-06-02;3;0.0
17;2025-06-02;4;0.0
17;2025-06-02;5;228.22496111984367
17;2025-06-02;6;1421.2735557997826
17;2025-06-02;7;3552.6991636502134
17;2025-06-02;8;4892.866349968957
17;2025-06-02;9;3559.784637396846
17;2025-06-02;10;2747.3438673619185
17;2025-06-02;11;2673.7235182803306
17;2025-06-02;12;2718.1640285570124
17;2025-06-02;13;2748.5109905347526
17;2025-06-02;14;2707.470154867488
17;2025-06-02;15;2844.012980812501
17;2025-06-02;16;3309.651336513452
17;2025-06-02;17;4149.632942483769
17;2025-06-02;18;4685.349918736197
17;2025-06-02;19;3426.6743998043894
17;2025-06-02;20;2404.602101431099
17;2025-06-02;21;1507.7036248871204
17;2025-06-02;22;826.882734095375
17;2025-06-02;23;349.99333310849613
17;2025-06-03;0;122.12003341294493
17;2025-06-03;1;0.0
17;2025-06-03;2;0.0
17;2025-06-03;3;0.0
17;2025-06-03;4;0.0
17;2025-06-03;5;233.53174583470442
17;2025-06-03;6;1461.8785114573147
17;2025-06-03;7;3681.0136810729064
17;2025-06-03;8;5003.977174397442
17;2025-06-03;9;3681.6445698051684
17;2025-06-03;10;2880.608948500305
17;2025-06-03;11;2769.4043086414986
17;2025-06-03;12;2772.849542972482
17;2025-06-03;13;2797.082963729268
17;2025-06-03;14;2828.038415728328
17;2025-06-03;15;2830.7330297395856
17;2025-06-03;16;3353.6799879528894
17;2025-06-03;17;4211.464734553825
17;2025-06-03;18;4667.4176125949125
17;2025-06-03;19;3459.20153834209
17;2025-06-03;20;2477.4320565949856
17;2025-06-03;21;1577.5714333073806
17;2025-06-03;22;880.5817181798155
17;2025-06-03;23;391.40030376461885
17;2025-06-04;0;129.4662793226994
17;2025-06-04;1;0.0
17;2025-06-04;2;0.0
17;2025-06-04;3;0.0
17;2025-06-04;4;0.0
17;2025-06-04;5;242.1953635353181
17;2025-06-04;6;1460.3591446817181
17;2025-06-04;7;3676.561490518775
17;2025-06-04;8;5024.445988337378
17;2025-06-04;9;3738.5583608767447
17;2025-06-04;10;2951.776419199081
17;2025-06-04;11;2824.9548013453714
17;2025-06-04;12;2857.9611836743316
17;2025-06-04;13;2928.9414726225064
17;2025-06-04;14;2967.4446430954845
17;2025-06-04;15;3031.6911757455196
17;2025-06-04;16;3453.135891386866
17;2025-06-04;17;4242.184074641254
17;2025-06-04;18;4703.330040611636
17;2025-06-04;19;3521.023836696757
17;2025-06-04;20;2510.0786894449047
17;2025-06-04;21;1687.0191991134786
17;2025-06-04;22;962.1877639102561
17;2025-06-04;23;443.455528316959
17;2025-06-05;0;136.22846009445982
17;2025-06-05;1;0.0
17;2025-06-05;2;0.0
17;2025-06-05;3;0.0
17;2025-06-05;4;0.0
17;2025-06-05;5;241.72137761417818
17;2025-06-05;6;1469.543571959844
17;2025-06-05;7;3637.028427482363
17;2025-06-05;8;5034.30210717513
17;2025-06-05;9;3698.757093846053
17;2025-06-05;10;2954.7608348452195
17;2025-06-05;11;2863.3161284965427
17;2025-06-05;12;2919.6666560154454
17;2025-06-05;13;2958.122225848477
17;2025-06-05;14;2983.7210450274742
17;2025-06-05;15;2971.9779729393867
17;2025-06-05;16;3482.9517273360107
17;2025-06-05;17;4274.616454601073
17;2025-06-05;18;4737.297222656449
17;2025-06-05;19;3472.7837692875682
17;2025-06-05;20;2509.4210632045156
17;2025-06-05;21;1683.2052772391044
17;2025-06-05;22;942.6932613943402
17;2025-06-05;23;434.2110620107577
17;2025-06-06;0;137.8443226296034
17;2025-06-06;1;0.0
17;2025-06-06;2;0.0
17;2025-06-06;3;0.0
17;2025-06-06;4;0.0
17;2025-06-06;5;220.90187411930606
17;2025-06-06;6;1368.580585775213
17;2025-06-06;7;3493.0104694470574
17;2025-06-06;8;4695.25147097628
17;2025-06-06;9;3492.6973864185125
17;2025-06-06;10;2855.170312393896
17;2025-06-06;11;2776.2214650493534
17;2025-06-06;12;2889.372023687865
17;2025-06-06;13;2926.285207849007
17;2025-06-06;14;2961.486962540591
17;2025-06-06;15;3197.5896899097875
17;2025-06-06;16;3728.9337771588407
17;2025-06-06;17;4110.284423314821
17;2025-06-06;18;3969.6488371249056
17;2025-06-06;19;3084.078569750747
17;2025-06-06;20;2358.581210935548
17;2025-06-06;21;1614.0647305836856
17;2025-06-06;22;951.322927281306
17;2025-06-06;23;469.6938748573691
17;2025-06-07;0;207.9321131739802
17;2025-06-07;1;0.0
17;2025-06-07;2;0.0
17;2025-06-07;3;0.0
17;2025-06-07;4;0.0
17;2025-06-07;5;91.73295789271869
17;2025-06-07;6;526.192279165834
17;2025-06-07;7;1031.390305791681
17;2025-06-07;8;1567.1098501078827
17;2025-06-07;9;1915.2565993976987
17;2025-06-07;10;2133.247017423966
17;2025-06-07;11;2462.849009003516
17;2025-06-07;12;2741.3235610340184
17;2025-06-07;13;2884.9182622726894
17;2025-06-07;14;2896.4022148657523
17;2025-06-07;15;2857.452236916185
17;2025-06-07;16;2808.676486649956
17;2025-06-07;17;2822.868282297005
17;2025-06-07;18;2657.077195075317
17;2025-06-07;19;2346.8419295013223
17;2025-06-07;20;1923.2029227209605
17;2025-06-07;21;1464.507204571842
17;2025-06-07;22;901.1483711330669
17;2025-06-07;23;448.467859311374
17;2025-06-08;0;180.2601682862762
17;2025-06-08;1;0.0
17;2025-06-08;2;0.0
17;2025-06-08;3;0.0
17;2025-06-08;4;0.0
17;2025-06-08;5;75.61510215699397
17;2025-06-08;6;423.7326854590343
17;2025-06-08;7;812.033143422261
17;2025-06-08;8;1195.1855593285904
17;2025-06-08;9;1541.4146883065123
17;2025-06-08;10;1801.7934147203855
17;2025-06-08;11;2123.9218270357196
17;2025-06-08;12;2434.6464741312284
17;2025-06-08;13;2616.0950355680925
17;2025-06-08;14;2614.9667476108953
17;2025-06-08;15;2528.331610396663
17;2025-06-08;16;2525.67032354293
17;2025-06-08;17;2471.474766797345
17;2025-06-08;18;2292.6498818000205
17;2025-06-08;19;1950.1312429104955
17;2025-06-08;20;1610.1535335198828
17;2025-06-08;21;1211.5354644281392
17;2025-06-08;22;758.5219972184656
17;2025-06-08;23;339.65244285921165
17;2025-06-09;0;103.77378630213146
17;2025-06-09;1;0.0
17;2025-06-09;2;0.0
17;2025-06-09;3;0.0
17;2025-06-09;4;0.0
17;2025-06-09;5;224.37383741419603
17;2025-06-09;6;1391.1430881269266
17;2025-06-09;7;3479.5153048604666
17;2025-06-09;8;4781.929495446706
17;2025-06-09;9;3477.283082685453
17;2025-06-09;10;2680.6767171590564
17;2025-06-09;11;2607.620900736186
17;2025-06-09;12;2649.310186307668
17;2025-06-09;13;2675.9791942150396
17;2025-06-09;14;2632.243778298136
17;2025-06-09;15;2769.916076009519
17;2025-06-09;16;3230.160642558265
17;2025-06-09;17;4055.2747390738177
17;2025-06-09;18;4555.438484599435
17;2025-06-09;19;3327.861782039534
17;2025-06-09;20;2353.6310632323375
17;2025-06-09;21;1475.7580200606849
17;2025-06-09;22;808.7218667761103
17;2025-06-09;23;352.89227059911116
17;2025-06-10;0;118.42412485953881
17;2025-06-10;1;0.0
17;2025-06-10;2;0.0
17;2025-06-10;3;0.0
17;2025-06-10;4;0.0
17;2025-06-10;5;235.2413347721474
17;2025-06-10;6;1465.1495561765164
17;2025-06-10;7;3715.980291044055
17;2025-06-10;8;5067.480710471033
17;2025-06-10;9;3695.087900222208
17;2025-06-10;10;2897.5463106218785
17;2025-06-10;11;2787.177331578295
17;2025-06-10;12;2792.353681048905
17;2025-06-10;13;2826.0141952533713
17;2025-06-10;14;2862.3924504040406
17;2025-06-10;15;2875.756504150475
17;2025-06-10;16;3396.232393210844
17;2025-06-10;17;4240.095709023645
17;2025-06-10;18;4692.6163739703115
17;2025-06-10;19;3463.402451626417
17;2025-06-10;20;2481.2615375727064
17;2025-06-10;21;1581.8090896430112
17;2025-06-10;22;888.3855287053946
17;2025-06-10;23;388.51147374527204
17;2025-06-11;0;128.2024580894993
17;2025-06-11;1;0.0
17;2025-06-11;2;0.0
17;2025-06-11;3;0.0
17;2025-06-11;4;0.0
17;2025-06-11;5;238.51245115367718
17;2025-06-11;6;1435.5408714275036
17;2025-06-11;7;3616.849653289143
17;2025-06-11;8;4936.953257442077
17;2025-06-11;9;3664.265359391329
17;2025-06-11;10;2896.494259270501
17;2025-06-11;11;2771.28450140301
17;2025-06-11;12;2804.1085732958963
17;2025-06-11;13;2872.9832206797482
17;2025-06-11;14;2911.3301813627927
17;2025-06-11;15;2976.142610080451
17;2025-06-11;16;3386.1704635819406
17;2025-06-11;17;4155.944294530982
17;2025-06-11;18;4587.055606511738
17;2025-06-11;19;3431.585551108781
17;2025-06-11;20;2451.3629783051456
17;2025-06-11;21;1645.5828426061946
17;2025-06-11;22;937.3131859392131
17;2025-06-11;23;433.9670811528522
17;2025-06-12;0;188.02432276021037
17;2025-06-12;1;0.0
17;2025-06-12;2;0.0
17;2025-06-12;3;0.0
17;2025-06-12;4;0.0
17;2025-06-12;5;80.30102844793403
17;2025-06-12;6;414.3680029870456
17;2025-06-12;7;834.2720004765067
17;2025-06-12;8;1245.2913316628528
17;2025-06-12;9;1585.7497717601357
17;2025-06-12;10;1802.3601752093086
17;2025-06-12;11;2130.778225333156
17;2025-06-12;12;2478.6486835959618
17;2025-06-12;13;2669.7887118893595
17;2025-06-12;14;2695.890322657022
17;2025-06-12;15;2648.33843137646
17;2025-06-12;16;2648.8564790715654
17;2025-06-12;17;2610.8095370616525
17;2025-06-12;18;2454.6322781567496
17;2025-06-12;19;2126.6399733840935
17;2025-06-12;20;1745.6421002684438
17;2025-06-12;21;1312.3061005711997
17;2025-06-12;22;821.6197243902913
17;2025-06-12;23;380.175675243818
17;2025-06-13;0;180.46940288846372
17;2025-06-13;1;0.0
17;2025-06-13;2;0.0
17;2025-06-13;3;0.0
17;2025-06-13;4;0.0
17;2025-06-13;5;80.47281075396862
17;2025-06-13;6;437.7542904864223
17;2025-06-13;7;875.0087472039047
17;2025-06-13;8;1237.93889681683
17;2025-06-13;9;1532.720718090904
17;2025-06-13;10;1704.1349937104046
17;2025-06-13;11;1997.025721254607
17;2025-06-13;12;2342.371311162325
17;2025-06-13;13;2540.159422367361
17;2025-06-13;14;2562.0017158117084
17;2025-06-13;15;2515.7621899481983
17;2025-06-13;16;2521.429669055001
17;2025-06-13;17;2492.209272734586
17;2025-06-13;18;2349.983559525108
17;2025-06-13;19;2038.9133034446043
17;2025-06-13;20;1671.864831075482
17;2025-06-13;21;1254.5602426098135
17;2025-06-13;22;787.9279082643953
17;2025-06-13;23;361.906448603534
17;2025-06-14;0;202.93000458063614
17;2025-06-14;1;0.0
17;2025-06-14;2;0.0
17;2025-06-14;3;0.0
17;2025-06-14;4;0.0
17;2025-06-14;5;88.90782740130207
17;2025-06-14;6;518.3324039173976
17;2025-06-14;7;1020.3370670623424
17;2025-06-14;8;1553.9269798263529
17;2025-06-14;9;1888.9750934263516
17;2025-06-14;10;2102.4795659527854
17;2025-06-14;11;2425.5939278493106
17;2025-06-14;12;2700.867606845739
17;2025-06-14;13;2841.461163072838
17;2025-06-14;14;2854.072988404503
17;2025-06-14;15;2814.8491150820105
17;2025-06-14;16;2766.9070310131956
17;2025-06-14;17;2776.3563374305204
17;2025-06-14;18;2592.482567231668
17;2025-06-14;19;2283.6338281752696
17;2025-06-14;20;1874.1922858241624
17;2025-06-14;21;1416.358487904031
17;2025-06-14;22;870.1733863114284
17;2025-06-14;23;425.6641322648468
17;2025-06-15;0;174.5410715130693
17;2025-06-15;1;0.0
17;2025-06-15;2;0.0
17;2025-06-15;3;0.0
17;2025-06-15;4;0.0
17;2025-06-15;5;76.64379137714786
17;2025-06-15;6;424.79823861547237
17;2025-06-15;7;814.7261991819147
17;2025-06-15;8;1197.0926638566232
17;2025-06-15;9;1531.986158911388
17;2025-06-15;10;1787.226270333284
17;2025-06-15;11;2102.1969555167725
17;2025-06-15;12;2410.862267196403
17;2025-06-15;13;2589.4399834640094
17;2025-06-15;14;2585.4167055976295
17;2025-06-15;15;2498.23207215412
17;2025-06-15;16;2496.6418409243556
17;2025-06-15;17;2438.9247464261334
17;2025-06-15;18;2242.890295075317
17;2025-06-15;19;1895.078574302494
17;2025-06-15;20;1563.6114055275484
17;2025-06-15;21;1170.5500423760864
17;2025-06-15;22;728.2393691972135
17;2025-06-15;23;311.28081888897987
17;2025-06-16;0;104.73094299215171
17;2025-06-16;1;0.0
17;2025-06-16;2;0.0
17;2025-06-16;3;0.0
17;2025-06-16;4;0.0
17;2025-06-16;5;223.7983520894
17;2025-06-16;6;1390.436565429492
17;2025-06-16;7;3496.7859341174117
17;2025-06-16;8;4814.679041108957
17;2025-06-16;9;3480.745024793564
17;2025-06-16;10;2688.546425469587
17;2025-06-16;11;2615.3087448298547
17;2025-06-16;12;2660.676561454513
17;2025-06-16;13;2691.576387260996
17;2025-06-16;14;2655.1556333144044
17;2025-06-16;15;2794.4795880722186
17;2025-06-16;16;3247.38873716339
17;2025-06-16;17;4067.1272269975016
17;2025-06-16;18;4569.634092522455
17;2025-06-16;19;3337.96388081587
17;2025-06-16;20;2365.9775802824697
17;2025-06-16;21;1485.7835457329065
17;2025-06-16;22;814.672930205146
17;2025-06-16;23;359.5896868574481
17;2025-06-17;0;114.40541248212301
17;2025-06-17;1;0.0
17;2025-06-17;2;0.0
17;2025-06-17;3;0.0
17;2025-06-17;4;0.0
17;2025-06-17;5;220.50951728879124
17;2025-06-17;6;1375.5653281191535
17;2025-06-17;7;3484.8766488635792
17;2025-06-17;8;4720.783022631407
17;2025-06-17;9;3459.1008118890595
17;2025-06-17;10;2706.734470558614
17;2025-06-17;11;2590.5351942547522
17;2025-06-17;12;2590.96247724583
17;2025-06-17;13;2573.5062613890454
17;2025-06-17;14;2599.756330438837
17;2025-06-17;15;2637.527757510121
17;2025-06-17;16;3135.8361046664368
17;2025-06-17;17;3939.493987816998
17;2025-06-17;18;4337.38507105473
17;2025-06-17;19;3206.6771491062927
17;2025-06-17;20;2307.4199096197417
17;2025-06-17;21;1470.2971365054816
17;2025-06-17;22;821.7561175821827
17;2025-06-17;23;365.56047842681755
17;2025-06-18;0;123.68898979715269
17;2025-06-18;1;0.0
17;2025-06-18;2;0.0
17;2025-06-18;3;0.0
17;2025-06-18;4;0.0
17;2025-06-18;5;227.06950504413157
17;2025-06-18;6;1376.883921884239
17;2025-06-18;7;3472.495476274891
17;2025-06-18;8;4723.275013121357
17;2025-06-18;9;3509.810588102693
17;2025-06-18;10;2755.1972575925092
17;2025-06-18;11;2624.1715495284125
17;2025-06-18;12;2652.278313730777
17;2025-06-18;13;2685.3357918251945
17;2025-06-18;14;2716.07047931992
17;2025-06-18;15;2808.1295479683877
17;2025-06-18;16;3215.612829978436
17;2025-06-18;17;3961.67731350742
17;2025-06-18;18;4353.8738970809945
17;2025-06-18;19;3259.291466732232
17;2025-06-18;20;2329.3843063976956
17;2025-06-18;21;1561.4084406787242
17;2025-06-18;22;895.7226456109655
17;2025-06-18;23;411.2473080394834
17;2025-06-19;0;128.3752288944835
17;2025-06-19;1;0.0
17;2025-06-19;2;0.0
17;2025-06-19;3;0.0
17;2025-06-19;4;0.0
17;2025-06-19;5;227.74077226609288
17;2025-06-19;6;1402.0664867735986
17;2025-06-19;7;3485.282103313576
17;2025-06-19;8;4822.177448662172
17;2025-06-19;9;3527.8063618262922
17;2025-06-19;10;2813.242768149433
17;2025-06-19;11;2723.529861351651
17;2025-06-19;12;2780.5013605375098
17;2025-06-19;13;2797.7716730211073
17;2025-06-19;14;2819.5172044763485
17;2025-06-19;15;2830.6011784095313
17;2025-06-19;16;3323.5438253166767
17;2025-06-19;17;4070.30567112283
17;2025-06-19;18;4472.349910991417
17;2025-06-19;19;3274.5866379678923
17;2025-06-19;20;2374.7051855552168
17;2025-06-19;21;1585.232506917082
17;2025-06-19;22;882.2724631374635
17;2025-06-19;23;399.40069101894676
17;2025-06-20;0;126.24633581681229
17;2025-06-20;1;0.0
17;2025-06-20;2;0.0
17;2025-06-20;3;0.0
17;2025-06-20;4;0.0
17;2025-06-20;5;210.46934361358765
17;2025-06-20;6;1311.5227170434428
17;2025-06-20;7;3358.0621800965446
17;2025-06-20;8;4507.272500960342
17;2025-06-20;9;3336.091219643893
17;2025-06-20;10;2710.4078733862075
17;2025-06-20;11;2632.6000317458656
17;2025-06-20;12;2737.2776465466522
17;2025-06-20;13;2766.0428837349727
17;2025-06-20;14;2795.9808521420027
17;2025-06-20;15;3038.4309524505798
17;2025-06-20;16;3544.716894887859
17;2025-06-20;17;3888.2617932796743
17;2025-06-20;18;3708.7856765295537
17;2025-06-20;19;2873.016844272589
17;2025-06-20;20;2199.602789965331
17;2025-06-20;21;1492.8171447434008
17;2025-06-20;22;879.7604381386349
17;2025-06-20;23;410.2741381701834
17;2025-06-21;0;206.30620721613636
17;2025-06-21;1;0.0
17;2025-06-21;2;0.0
17;2025-06-21;3;0.0
17;2025-06-21;4;0.0
17;2025-06-21;5;88.38313541638948
17;2025-06-21;6;520.8437764576473
17;2025-06-21;7;1047.9029037806426
17;2025-06-21;8;1596.8471711668462
17;2025-06-21;9;1936.3804320006784
17;2025-06-21;10;2166.439896533911
17;2025-06-21;11;2519.6945806568965
17;2025-06-21;12;2793.513304966032
17;2025-06-21;13;2940.296515311721
17;2025-06-21;14;2952.322319518039
17;2025-06-21;15;2906.008822314151
17;2025-06-21;16;2852.132434256745
17;2025-06-21;17;2844.5498330376213
17;2025-06-21;18;2649.3999614613085
17;2025-06-21;19;2336.6323556110287
17;2025-06-21;20;1932.878996128209
17;2025-06-21;21;1463.95278571337
17;2025-06-21;22;897.6782366977931
17;2025-06-21;23;441.8746488307141
17;2025-06-22;0;173.4114910907146
17;2025-06-22;1;0.0
17;2025-06-22;2;0.0
17;2025-06-22;3;0.0
17;2025-06-22;4;0.0
17;2025-06-22;5;75.54537138572427
17;2025-06-22;6;424.2148955261989
17;2025-06-22;7;817.3808672290163
17;2025-06-22;8;1207.8445895959862
17;2025-06-22;9;1537.9781937399982
17;2025-06-22;10;1791.1010557718068
17;2025-06-22;11;2107.5073106497052
17;2025-06-22;12;2416.958730875892
17;2025-06-22;13;2592.929720792832
17;2025-06-22;14;2589.058581357687
17;2025-06-22;15;2500.0405324648145
17;2025-06-22;16;2498.2898519865857
17;2025-06-22;17;2434.612947823918
17;2025-06-22;18;2231.1451563110368
17;2025-06-22;19;1888.8607176531318
17;2025-06-22;20;1562.937817242348
17;2025-06-22;21;1166.4278941198418
17;2025-06-22;22;728.3640998924984
17;2025-06-22;23;310.1353153388257
17;2025-06-23;0;98.55230834146619
17;2025-06-23;1;0.0
17;2025-06-23;2;0.0
17;2025-06-23;3;0.0
17;2025-06-23;4;0.0
17;2025-06-23;5;222.48093260470046
17;2025-06-23;6;1378.6079476648656
17;2025-06-23;7;3481.948537355426
17;2025-06-23;8;4804.587203430168
17;2025-06-23;9;3460.877039396376
17;2025-06-23;10;2678.1537340605673
17;2025-06-23;11;2607.48641295155
17;2025-06-23;12;2657.5454946057257
17;2025-06-23;13;2696.525065343449
17;2025-06-23;14;2662.0089808684297
17;2025-06-23;15;2798.5144493251273
17;2025-06-23;16;3243.78363552585
17;2025-06-23;17;4038.9339504838613
17;2025-06-23;18;4524.983885645603
17;2025-06-23;19;3293.4928381085265
17;2025-06-23;20;2333.2320256544617
17;2025-06-23;21;1464.0743390377293
17;2025-06-23;22;806.3091450410391
17;2025-06-23;23;341.6789040746348
17;2025-06-24;0;114.50583043293244
17;2025-06-24;1;0.0
17;2025-06-24;2;0.0
17;2025-06-24;3;0.0
17;2025-06-24;4;0.0
17;2025-06-24;5;229.3966571301376
17;2025-06-24;6;1405.8479725939544
17;2025-06-24;7;3570.3949543854005
17;2025-06-24;8;4855.2028019098525
17;2025-06-24;9;3536.1053762610472
17;2025-06-24;10;2774.0163371944864
17;2025-06-24;11;2671.1721991902696
17;2025-06-24;12;2683.6938155643807
17;2025-06-24;13;2723.768503938405
17;2025-06-24;14;2759.4508367389562
17;2025-06-24;15;2764.760978234586
17;2025-06-24;16;3264.1089532154388
17;2025-06-24;17;4049.993776956875
17;2025-06-24;18;4435.12538874628
17;2025-06-24;19;3273.195457919949
17;2025-06-24;20;2366.7765697559116
17;2025-06-24;21;1509.0559651554872
17;2025-06-24;22;843.979673514818
17;2025-06-24;23;367.58307707564535
17;2025-06-25;0;125.74038811789421
17;2025-06-25;1;0.0
17;2025-06-25;2;0.0
17;2025-06-25;3;0.0
17;2025-06-25;4;0.0
17;2025-06-25;5;235.5035581218881
17;2025-06-25;6;1396.1419401143035
17;2025-06-25;7;3529.988570682055
17;2025-06-25;8;4816.002785201021
17;2025-06-25;9;3560.082766216289
17;2025-06-25;10;2816.2228615527174
17;2025-06-25;11;2700.542779830258
17;2025-06-25;12;2742.2840950873524
17;2025-06-25;13;2822.05460582893
17;2025-06-25;14;2862.6808397791365
17;2025-06-25;15;2921.271808599207
17;2025-06-25;16;3319.4292633482455
17;2025-06-25;17;4035.4397162169626
17;2025-06-25;18;4415.969907345802
17;2025-06-25;19;3302.3915361389622
17;2025-06-25;20;2379.9991341300147
17;2025-06-25;21;1598.1637110041563
17;2025-06-25;22;916.0863901353041
17;2025-06-25;23;422.49675980893664
17;2025-06-26;0;124.23083689321314
17;2025-06-26;1;0.0
17;2025-06-26;2;0.0
17;2025-06-26;3;0.0
17;2025-06-26;4;0.0
17;2025-06-26;5;229.2463368675352
17;2025-06-26;6;1375.2976436771864
17;2025-06-26;7;3425.916051967462
17;2025-06-26;8;4716.533578810578
17;2025-06-26;9;3455.3385898745296
17;2025-06-26;10;2749.429100503935
17;2025-06-26;11;2658.7897264274216
17;2025-06-26;12;2713.4013080493655
17;2025-06-26;13;2735.440557195267
17;2025-06-26;14;2756.6478769080095
17;2025-06-26;15;2760.6312221849403
17;2025-06-26;16;3241.7918710553627
17;2025-06-26;17;3953.119168055676
17;2025-06-26;18;4320.978868525532
17;2025-06-26;19;3165.995537478467
17;2025-06-26;20;2300.9773920372263
17;2025-06-26;21;1534.436901004479
17;2025-06-26;22;860.4823880692012
17;2025-06-26;23;389.7980589253325
17;2025-06-27;0;131.64843149258817
17;2025-06-27;1;0.0
17;2025-06-27;2;0.0
17;2025-06-27;3;0.0
17;2025-06-27;4;0.0
17;2025-06-27;5;221.608916431075
17;2025-06-27;6;1349.3976286529746
17;2025-06-27;7;3455.7198697845215
17;2025-06-27;8;4659.6512627301
17;2025-06-27;9;3420.624968673842
17;2025-06-27;10;2817.820799847389
17;2025-06-27;11;2756.698632187036
17;2025-06-27;12;2880.157277508896
17;2025-06-27;13;2930.8874878867878
17;2025-06-27;14;2973.7268761041846
17;2025-06-27;15;3225.0908045925653
17;2025-06-27;16;3732.437673017227
17;2025-06-27;17;4060.546660926052
17;2025-06-27;18;3871.388729833977
17;2025-06-27;19;2992.1388666041476
17;2025-06-27;20;2311.216851853573
17;2025-06-27;21;1570.1790209105634
17;2025-06-27;22;919.089775895069
17;2025-06-27;23;435.13439920932876
17;2025-06-28;0;210.78848570075488
17;2025-06-28;1;0.0
17;2025-06-28;2;0.0
17;2025-06-28;3;0.0
17;2025-06-28;4;0.0
17;2025-06-28;5;94.23259123199355
17;2025-06-28;6;528.8503190155338
17;2025-06-28;7;1051.370458588636
17;2025-06-28;8;1596.146117869269
17;2025-06-28;9;1930.638229842012
17;2025-06-28;10;2171.3055684741953
17;2025-06-28;11;2551.23981387072
17;2025-06-28;12;2844.0738053682853
17;2025-06-28;13;3001.0586747681677
17;2025-06-28;14;3015.423400706789
17;2025-06-28;15;2973.349544462014
17;2025-06-28;16;2918.3061268082542
17;2025-06-28;17;2908.358268399866
17;2025-06-28;18;2704.996423063125
17;2025-06-28;19;2383.3565492508314
17;2025-06-28;20;1977.237236997651
17;2025-06-28;21;1496.31886317176
17;2025-06-28;22;920.015511405921
17;2025-06-28;23;457.1300378751806
17;2025-06-29;0;171.5532121020135
17;2025-06-29;1;0.0
17;2025-06-29;2;0.0
17;2025-06-29;3;0.0
17;2025-06-29;4;0.0
17;2025-06-29;5;78.04187330150756
17;2025-06-29;6;419.941702601612
17;2025-06-29;7;799.5487024803124
17;2025-06-29;8;1168.7983116706923
17;2025-06-29;9;1485.669455898052
17;2025-06-29;10;1739.2617386275165
17;2025-06-29;11;2064.7989622638956
17;2025-06-29;12;2380.619528873468
17;2025-06-29;13;2554.6062412608862
17;2025-06-29;14;2551.370008501678
17;2025-06-29;15;2469.377191866451
17;2025-06-29;16;2463.96418661858
17;2025-06-29;17;2406.0695418341575
17;2025-06-29;18;2215.7857577091618
17;2025-06-29;19;1878.2736009806197
17;2025-06-29;20;1563.774654773635
17;2025-06-29;21;1165.5544812390854
17;2025-06-29;22;727.8758195433496
17;2025-06-29;23;317.6474271960175
17;2025-06-30;0;88.37988816881986
17;2025-06-30;1;0.0
17;2025-06-30;2;0.0
17;2025-06-30;3;0.0
17;2025-06-30;4;0.0
17;2025-06-30;5;213.7631098911856
17;2025-06-30;6;1309.7567131911505
17;2025-06-30;7;3290.884706798606
17;2025-06-30;8;4508.256678464782
17;2025-06-30;9;3255.65656041671
17;2025-06-30;10;2518.5312547885887
17;2025-06-30;11;2450.879859048583
17;2025-06-30;12;2495.7431974354777
17;2025-06-30;13;2510.647642046788
17;2025-06-30;14;2474.9705302028624
17;2025-06-30;15;2619.8076525227984
17;2025-06-30;16;3048.002550468213
17;2025-06-30;17;3800.93057526905
17;2025-06-30;18;4233.820556022478
17;2025-06-30;19;3095.101598898209
17;2025-06-30;20;2203.7079988275864
17;2025-06-30;21;1363.181802000846
17;2025-06-30;22;750.8462613765045
17;2025-06-30;23;314.4354801351854
17;2025-07-01;0;103.80485508017273
17;2025-07-01;1;0.0
17;2025-07-01;2;0.0
17;2025-07-01;3;0.0
17;2025-07-01;4;0.0
17;2025-07-01;5;219.43714593858365
17;2025-07-01;6;1355.543692345877
17;2025-07-01;7;3428.8574197632624
17;2025-07-01;8;4649.038299427374
17;2025-07-01;9;3362.3210979184178
17;2025-07-01;10;2632.0711546367606
17;2025-07-01;11;2529.7191248988324
17;2025-07-01;12;2535.0385430647743
17;2025-07-01;13;2557.8228406376275
17;2025-07-01;14;2592.499703267241
17;2025-07-01;15;2650.5624104246153
17;2025-07-01;16;3149.6824163989136
17;2025-07-01;17;3916.0053022495013
17;2025-07-01;18;4275.994706805233
17;2025-07-01;19;3172.6866180905063
17;2025-07-01;20;2268.0991564095852
17;2025-07-01;21;1429.3582429545245
17;2025-07-01;22;801.7101795317515
17;2025-07-01;23;347.7681875134026
17;2025-07-02;0;125.13935884279215
17;2025-07-02;1;0.0
17;2025-07-02;2;0.0
17;2025-07-02;3;0.0
17;2025-07-02;4;0.0
17;2025-07-02;5;216.40834564160946
17;2025-07-02;6;1350.1721357346532
17;2025-07-02;7;3438.5978875460332
17;2025-07-02;8;4712.565940086404
17;2025-07-02;9;3426.4224445447244
17;2025-07-02;10;2701.6847999696793
17;2025-07-02;11;2593.575643810541
17;2025-07-02;12;2637.4208630938547
17;2025-07-02;13;2785.978810827061
17;2025-07-02;14;2831.7812625773977
17;2025-07-02;15;2925.2720416642387
17;2025-07-02;16;3329.1999440415602
17;2025-07-02;17;4049.5874899845876
17;2025-07-02;18;4424.009016917324
17;2025-07-02;19;3324.0086003834103
17;2025-07-02;20;2380.2653405878245
17;2025-07-02;21;1595.0910971946105
17;2025-07-02;22;908.695199687432
17;2025-07-02;23;416.05154802252014
17;2025-07-03;0;132.64583171925855
17;2025-07-03;1;0.0
17;2025-07-03;2;0.0
17;2025-07-03;3;0.0
17;2025-07-03;4;0.0
17;2025-07-03;5;187.36062166099916
17;2025-07-03;6;1345.4189209670246
17;2025-07-03;7;3431.655593850229
17;2025-07-03;8;4792.109112790343
17;2025-07-03;9;3422.506719381554
17;2025-07-03;10;2726.3235376022967
17;2025-07-03;11;2650.900416212331
17;2025-07-03;12;2717.4916518549708
17;2025-07-03;13;2863.540976448532
17;2025-07-03;14;2898.8635579283746
17;2025-07-03;15;3000.1310070244954
17;2025-07-03;16;3511.5355435215865
17;2025-07-03;17;4251.110904793099
17;2025-07-03;18;4628.287932725793
17;2025-07-03;19;3438.415198044187
17;2025-07-03;20;2528.316447735615
17;2025-07-03;21;1718.981055115998
17;2025-07-03;22;923.0213133471149
17;2025-07-03;23;429.04148735653007
17;2025-07-04;0;132.08840794339955
17;2025-07-04;1;0.0
17;2025-07-04;2;0.0
17;2025-07-04;3;0.0
17;2025-07-04;4;0.0
17;2025-07-04;5;171.2964348903166
17;2025-07-04;6;1256.56865367555
17;2025-07-04;7;3285.8997584452663
17;2025-07-04;8;4451.602037866517
17;2025-07-04;9;3214.7856589152425
17;2025-07-04;10;2641.0991408140208
17;2025-07-04;11;2580.62555487954
17;2025-07-04;12;2701.195828150657
17;2025-07-04;13;2833.4140040717193
17;2025-07-04;14;2881.975844332773
17;2025-07-04;15;3225.8200806723717
17;2025-07-04;16;3746.1171877828046
17;2025-07-04;17;4083.9018040855626
17;2025-07-04;18;3876.4346086713435
17;2025-07-04;19;3042.9309946104286
17;2025-07-04;20;2366.1719798579525
17;2025-07-04;21;1641.3291061743225
17;2025-07-04;22;923.652828694338
17;2025-07-04;23;457.08021717684153
17;2025-07-05;0;210.5587408681028
17;2025-07-05;1;0.0
17;2025-07-05;2;0.0
17;2025-07-05;3;0.0
17;2025-07-05;4;0.0
17;2025-07-05;5;57.92274475671684
17;2025-07-05;6;476.24079831844074
17;2025-07-05;7;973.3684259469826
17;2025-07-05;8;1510.3029927011135
17;2025-07-05;9;1815.912634039565
17;2025-07-05;10;2076.1461982368855
17;2025-07-05;11;2458.084114442576
17;2025-07-05;12;2755.773684327406
17;2025-07-05;13;2990.668673389241
17;2025-07-05;14;3011.5766445809395
17;2025-07-05;15;3045.0276247829497
17;2025-07-05;16;3005.4799946544736
17;2025-07-05;17;2989.446841275131
17;2025-07-05;18;2777.0291548351
17;2025-07-05;19;2461.386923793585
17;2025-07-05;20;2040.1801960256266
17;2025-07-05;21;1560.7335477028114
17;2025-07-05;22;920.6587753262729
17;2025-07-05;23;456.2486519754218
17;2025-07-06;0;177.22144192399495
17;2025-07-06;1;0.0
17;2025-07-06;2;0.0
17;2025-07-06;3;0.0
17;2025-07-06;4;0.0
17;2025-07-06;5;44.70466311775143
17;2025-07-06;6;351.47067220947633
17;2025-07-06;7;688.9764566427382
17;2025-07-06;8;1093.25341638803
17;2025-07-06;9;1432.6544192506783
17;2025-07-06;10;1719.632887139091
17;2025-07-06;11;2075.9398279928573
17;2025-07-06;12;2399.506979943003
17;2025-07-06;13;2647.141456856776
17;2025-07-06;14;2655.287829421061
17;2025-07-06;15;2638.146621627775
17;2025-07-06;16;2643.2284511500147
17;2025-07-06;17;2572.074422866398
17;2025-07-06;18;2359.3402973611583
17;2025-07-06;19;2013.244946317605
17;2025-07-06;20;1679.8265611450718
17;2025-07-06;21;1269.828072110699
17;2025-07-06;22;761.699956187304
17;2025-07-06;23;330.3706786769452
17;2025-07-07;0;103.39656606962322
17;2025-07-07;1;0.0
17;2025-07-07;2;0.0
17;2025-07-07;3;0.0
17;2025-07-07;4;0.0
17;2025-07-07;5;177.5883074209918
17;2025-07-07;6;1299.1829254648615
17;2025-07-07;7;3356.6042697331873
17;2025-07-07;8;4656.661824393648
17;2025-07-07;9;3301.7525294833345
17;2025-07-07;10;2542.8316886576667
17;2025-07-07;11;2487.0071362839226
17;2025-07-07;12;2542.8743144303526
17;2025-07-07;13;2664.2510778717974
17;2025-07-07;14;2637.4709543680015
17;2025-07-07;15;2890.3544332815
17;2025-07-07;16;3334.0713656207763
17;2025-07-07;17;4118.7596141284275
17;2025-07-07;18;4577.714921450039
17;2025-07-07;19;3381.671633730975
17;2025-07-07;20;2432.4541189913416
17;2025-07-07;21;1552.265711104867
17;2025-07-07;22;809.7566839341767
17;2025-07-07;23;353.0420264133919
17;2025-07-08;0;118.04972192688956
17;2025-07-08;1;0.0
17;2025-07-08;2;0.0
17;2025-07-08;3;0.0
17;2025-07-08;4;0.0
17;2025-07-08;5;180.97320505961108
17;2025-07-08;6;1325.6469640878258
17;2025-07-08;7;3446.967641954646
17;2025-07-08;8;4720.719189283371
17;2025-07-08;9;3383.1714753458136
17;2025-07-08;10;2641.7395993817413
17;2025-07-08;11;2549.8983991375194
17;2025-07-08;12;2570.3519575672904
17;2025-07-08;13;2670.581255977337
17;2025-07-08;14;2708.445113290233
17;2025-07-08;15;2844.6497687548226
17;2025-07-08;16;3357.6183388827085
17;2025-07-08;17;4139.151526389047
17;2025-07-08;18;4509.949884386659
17;2025-07-08;19;3362.2987028596554
17;2025-07-08;20;2453.545802703518
17;2025-07-08;21;1590.2949757573556
17;2025-07-08;22;841.4042241409775
17;2025-07-08;23;380.57544180532966
17;2025-07-09;0;131.21955368746603
17;2025-07-09;1;0.0
17;2025-07-09;2;0.0
17;2025-07-09;3;0.0
17;2025-07-09;4;0.0
17;2025-07-09;5;189.72789561811356
17;2025-07-09;6;1333.507936260556
17;2025-07-09;7;3466.8638801566003
17;2025-07-09;8;4777.476268674243
17;2025-07-09;9;3466.807621774384
17;2025-07-09;10;2737.53124372584
17;2025-07-09;11;2629.6398922575577
17;2025-07-09;12;2677.4215991274546
17;2025-07-09;13;2839.3854753384467
17;2025-07-09;14;2886.99632074873
17;2025-07-09;15;3062.0275558287058
17;2025-07-09;16;3474.6040037565635
17;2025-07-09;17;4206.413869142949
17;2025-07-09;18;4595.031824393757
17;2025-07-09;19;3483.1211682235557
17;2025-07-09;20;2532.329367822478
17;2025-07-09;21;1727.2007725263286
17;2025-07-09;22;946.497371855148
17;2025-07-09;23;445.78987609894807
17;2025-07-10;0;133.52430176049796
17;2025-07-10;1;0.0
17;2025-07-10;2;0.0
17;2025-07-10;3;0.0
17;2025-07-10;4;0.0
17;2025-07-10;5;188.24683136564354
17;2025-07-10;6;1347.0587599508835
17;2025-07-10;7;3444.2146595203126
17;2025-07-10;8;4810.164763042292
17;2025-07-10;9;3441.85234283529
17;2025-07-10;10;2748.9970931233383
17;2025-07-10;11;2675.4086723867777
17;2025-07-10;12;2747.9170258993313
17;2025-07-10;13;2880.9442968681496
17;2025-07-10;14;2917.8863062553173
17;2025-07-10;15;3018.533706416301
17;2025-07-10;16;3523.977836436913
17;2025-07-10;17;4259.893923685779
17;2025-07-10;18;4646.03224040133
17;2025-07-10;19;3446.4939919534954
17;2025-07-10;20;2538.624870386592
17;2025-07-10;21;1724.4601883784317
17;2025-07-10;22;925.3970667300853
17;2025-07-10;23;429.02767020915104
17;2025-07-11;0;135.38118811301638
17;2025-07-11;1;0.0
17;2025-07-11;2;0.0
17;2025-07-11;3;0.0
17;2025-07-11;4;0.0
17;2025-07-11;5;173.94246694219493
17;2025-07-11;6;1273.8009941965506
17;2025-07-11;7;3346.834346477255
17;2025-07-11;8;4540.613521660551
17;2025-07-11;9;3277.261760890551
17;2025-07-11;10;2699.9893184916846
17;2025-07-11;11;2641.6327385497448
17;2025-07-11;12;2767.010638720283
17;2025-07-11;13;2899.6449089768703
17;2025-07-11;14;2952.2003999644185
17;2025-07-11;15;3303.868609865501
17;2025-07-11;16;3819.8492425273453
17;2025-07-11;17;4160.30830358406
17;2025-07-11;18;3960.737533483376
17;2025-07-11;19;3104.324350538791
17;2025-07-11;20;2418.149226120794
17;2025-07-11;21;1675.176987561008
17;2025-07-11;22;942.0572413379675
17;2025-07-11;23;465.82788656295344
17;2025-07-12;0;206.33647560178736
17;2025-07-12;1;0.0
17;2025-07-12;2;0.0
17;2025-07-12;3;0.0
17;2025-07-12;4;0.0
17;2025-07-12;5;56.34880002397176
17;2025-07-12;6;464.2106257810067
17;2025-07-12;7;944.6771548394017
17;2025-07-12;8;1460.789116704476
17;2025-07-12;9;1764.029013438455
17;2025-07-12;10;2013.6827429144273
17;2025-07-12;11;2380.629699085829
17;2025-07-12;12;2670.2294927212943
17;2025-07-12;13;2884.9826902948903
17;2025-07-12;14;2905.5712915942704
17;2025-07-12;15;2936.6412344755354
17;2025-07-12;16;2897.6336177987596
17;2025-07-12;17;2888.7247013214856
17;2025-07-12;18;2694.3227260260237
17;2025-07-12;19;2392.2182456544424
17;2025-07-12;20;1990.9997877992869
17;2025-07-12;21;1525.7059549049432
17;2025-07-12;22;902.6143061113768
17;2025-07-12;23;449.5596305384795
17;2025-07-13;0;170.00587739228874
17;2025-07-13;1;0.0
17;2025-07-13;2;0.0
17;2025-07-13;3;0.0
17;2025-07-13;4;0.0
17;2025-07-13;5;46.92585071340864
17;2025-07-13;6;368.0533077661098
17;2025-07-13;7;717.6356754778092
17;2025-07-13;8;1073.7425936235072
17;2025-07-13;9;1368.6525986684535
17;2025-07-13;10;1632.2431425363689
17;2025-07-13;11;1951.1529110729884
17;2025-07-13;12;2261.290978073661
17;2025-07-13;13;2481.6130960119526
17;2025-07-13;14;2485.389468492649
17;2025-07-13;15;2467.52126900016
17;2025-07-13;16;2471.395862122396
17;2025-07-13;17;2418.942763416044
17;2025-07-13;18;2235.95237143136
17;2025-07-13;19;1912.0977689752335
17;2025-07-13;20;1595.7816238732248
17;2025-07-13;21;1204.6128972816537
17;2025-07-13;22;724.8115029149048
17;2025-07-13;23;326.7047005959177
17;2025-07-14;0;97.57859786327553
17;2025-07-14;1;0.0
17;2025-07-14;2;0.0
17;2025-07-14;3;0.0
17;2025-07-14;4;0.0
17;2025-07-14;5;169.05267100528567
17;2025-07-14;6;1231.0652246947543
17;2025-07-14;7;3180.8693469229083
17;2025-07-14;8;4384.89165402042
17;2025-07-14;9;3124.5131867884584
17;2025-07-14;10;2403.9040807805795
17;2025-07-14;11;2340.885984962129
17;2025-07-14;12;2387.578432472505
17;2025-07-14;13;2476.8277426152454
17;2025-07-14;14;2448.865743674683
17;2025-07-14;15;2683.5640058038307
17;2025-07-14;16;3109.6978554900948
17;2025-07-14;17;3861.880670262159
17;2025-07-14;18;4284.617398715838
17;2025-07-14;19;3163.179057887843
17;2025-07-14;20;2278.0965634693184
17;2025-07-14;21;1447.3043070829444
17;2025-07-14;22;754.8390541232516
17;2025-07-14;23;330.68715609755986
17;2025-07-15;0;114.38410419069072
17;2025-07-15;1;0.0
17;2025-07-15;2;0.0
17;2025-07-15;3;0.0
17;2025-07-15;4;0.0
17;2025-07-15;5;176.61703774220672
17;2025-07-15;6;1285.0647566730242
17;2025-07-15;7;3350.1316823247344
17;2025-07-15;8;4569.575095450835
17;2025-07-15;9;3280.1338287607673
17;2025-07-15;10;2562.7507630658365
17;2025-07-15;11;2464.2048200534796
17;2025-07-15;12;2474.454833647227
17;2025-07-15;13;2542.7994352081296
17;2025-07-15;14;2577.3858045615098
17;2025-07-15;15;2714.1353317522617
17;2025-07-15;16;3212.294201465641
17;2025-07-15;17;3979.761530256179
17;2025-07-15;18;4333.902224634765
17;2025-07-15;19;3237.7507402972324
17;2025-07-15;20;2363.0077787951295
17;2025-07-15;21;1529.9780993172267
17;2025-07-15;22;816.1719685701495
17;2025-07-15;23;372.40434191080135
17;2025-07-16;0;130.20619560729028
17;2025-07-16;1;0.0
17;2025-07-16;2;0.0
17;2025-07-16;3;0.0
17;2025-07-16;4;0.0
17;2025-07-16;5;187.80052327017995
17;2025-07-16;6;1316.2868971095804
17;2025-07-16;7;3419.458273655792
17;2025-07-16;8;4701.298497336884
17;2025-07-16;9;3402.504532364239
17;2025-07-16;10;2680.9063756385895
17;2025-07-16;11;2575.3565507723843
17;2025-07-16;12;2622.4270654648353
17;2025-07-16;13;2791.9960112853787
17;2025-07-16;14;2838.9048247601395
17;2025-07-16;15;3011.0172020397686
17;2025-07-16;16;3419.562634049888
17;2025-07-16;17;4140.470541196133
17;2025-07-16;18;4512.032893737151
17;2025-07-16;19;3423.4999221268426
17;2025-07-16;20;2498.2772450311413
17;2025-07-16;21;1703.9365234694505
17;2025-07-16;22;934.5254173738933
17;2025-07-16;23;443.45246576664016
17;2025-07-17;0;130.3256782685164
17;2025-07-17;1;0.0
17;2025-07-17;2;0.0
17;2025-07-17;3;0.0
17;2025-07-17;4;0.0
17;2025-07-17;5;183.30629105462918
17;2025-07-17;6;1312.9891177514278
17;2025-07-17;7;3351.0121602173404
17;2025-07-17;8;4667.943400926766
17;2025-07-17;9;3332.869615696034
17;2025-07-17;10;2654.017662752888
17;2025-07-17;11;2581.7972920657257
17;2025-07-17;12;2650.417708255102
17;2025-07-17;13;2788.818803787067
17;2025-07-17;14;2824.353561563577
17;2025-07-17;15;2921.503909170933
17;2025-07-17;16;3416.7784021227044
17;2025-07-17;17;4134.988687996602
17;2025-07-17;18;4495.449908542772
17;2025-07-17;19;3339.2433361965996
17;2025-07-17;20;2468.35391604082
17;2025-07-17;21;1677.433825710815
17;2025-07-17;22;900.9327978583796
17;2025-07-17;23;417.39692805370186
17;2025-07-18;0;134.77706104765406
17;2025-07-18;1;0.0
17;2025-07-18;2;0.0
17;2025-07-18;3;0.0
17;2025-07-18;4;0.0
17;2025-07-18;5;172.65744477463025
17;2025-07-18;6;1259.1441597047196
17;2025-07-18;7;3316.8777443602457
17;2025-07-18;8;4503.596313558492
17;2025-07-18;9;3237.673560377666
17;2025-07-18;10;2663.370329794082
17;2025-07-18;11;2603.927495273177
17;2025-07-18;12;2729.029623884419
17;2025-07-18;13;2860.9318473577687
17;2025-07-18;14;2913.776994563284
17;2025-07-18;15;3263.407041632312
17;2025-07-18;16;3776.9762961350416
17;2025-07-18;17;4114.745639772273
17;2025-07-18;18;3911.247274828279
17;2025-07-18;19;3068.8375528589027
17;2025-07-18;20;2394.8311875718764
17;2025-07-18;21;1660.330667552273
17;2025-07-18;22;935.4897378208843
17;2025-07-18;23;465.6205211678208
17;2025-07-19;0;205.2819127233791
17;2025-07-19;1;0.0
17;2025-07-19;2;0.0
17;2025-07-19;3;0.0
17;2025-07-19;4;0.0
17;2025-07-19;5;56.13130273193691
17;2025-07-19;6;460.75525311763556
17;2025-07-19;7;939.7390037461458
17;2025-07-19;8;1454.8907652098587
17;2025-07-19;9;1743.7781080599007
17;2025-07-19;10;1987.6824152972172
17;2025-07-19;11;2348.9232435667127
17;2025-07-19;12;2635.297063036309
17;2025-07-19;13;2855.3202940358647
17;2025-07-19;14;2874.9154316023014
17;2025-07-19;15;2903.874574602066
17;2025-07-19;16;2868.712342445584
17;2025-07-19;17;2861.4516166915955
17;2025-07-19;18;2669.3856279270167
17;2025-07-19;19;2367.610084205546
17;2025-07-19;20;1972.1795293441019
17;2025-07-19;21;1510.407145458071
17;2025-07-19;22;892.6971891117657
17;2025-07-19;23;449.5161215016434
17;2025-07-20;0;172.34996711842345
17;2025-07-20;1;0.0
17;2025-07-20;2;0.0
17;2025-07-20;3;0.0
17;2025-07-20;4;0.0
17;2025-07-20;5;47.576043333456546
17;2025-07-20;6;371.9004727676072
17;2025-07-20;7;727.6339419312471
17;2025-07-20;8;1091.7881775200324
17;2025-07-20;9;1382.789381736592
17;2025-07-20;10;1647.1319019430011
17;2025-07-20;11;1967.7925275591529
17;2025-07-20;12;2283.006953110339
17;2025-07-20;13;2505.3339473536835
17;2025-07-20;14;2508.605624898455
17;2025-07-20;15;2489.3080451448923
17;2025-07-20;16;2496.6393581087636
17;2025-07-20;17;2440.8571794822606
17;2025-07-20;18;2254.217157615607
17;2025-07-20;19;1930.0819749037007
17;2025-07-20;20;1613.552989421618
17;2025-07-20;21;1218.7474712025787
17;2025-07-20;22;734.38179561548
17;2025-07-20;23;333.28735372596935
17;2025-07-21;0;99.56179827214073
17;2025-07-21;1;0.0
17;2025-07-21;2;0.0
17;2025-07-21;3;0.0
17;2025-07-21;4;0.0
17;2025-07-21;5;171.94416809943584
17;2025-07-21;6;1249.7776392896537
17;2025-07-21;7;3234.227231005634
17;2025-07-21;8;4459.539057719345
17;2025-07-21;9;3169.98264084343
17;2025-07-21;10;2436.1420878352083
17;2025-07-21;11;2369.3765886295487
17;2025-07-21;12;2418.0275129329307
17;2025-07-21;13;2505.265686866618
17;2025-07-21;14;2478.6172616963177
17;2025-07-21;15;2715.987063298351
17;2025-07-21;16;3150.8917880989347
17;2025-07-21;17;3920.5495485362017
17;2025-07-21;18;4350.444762802117
17;2025-07-21;19;3211.6160401530856
17;2025-07-21;20;2315.169007823012
17;2025-07-21;21;1470.977523683655
17;2025-07-21;22;767.8729357151357
17;2025-07-21;23;340.1674452044998
17;2025-07-22;0;114.9235282130296
17;2025-07-22;1;0.0
17;2025-07-22;2;0.0
17;2025-07-22;3;0.0
17;2025-07-22;4;0.0
17;2025-07-22;5;176.9172328296221
17;2025-07-22;6;1283.810278315211
17;2025-07-22;7;3354.321130231946
17;2025-07-22;8;4574.287200741129
17;2025-07-22;9;3278.24095623238
17;2025-07-22;10;2560.1074378227895
17;2025-07-22;11;2461.7795886672557
17;2025-07-22;12;2472.841999781327
17;2025-07-22;13;2540.2793993220766
17;2025-07-22;14;2576.492106099665
17;2025-07-22;15;2714.8615416849298
17;2025-07-22;16;3210.6236615035004
17;2025-07-22;17;3979.108337301992
17;2025-07-22;18;4332.273134886995
17;2025-07-22;19;3235.982585985381
17;2025-07-22;20;2365.5875304978063
17;2025-07-22;21;1531.507371285902
17;2025-07-22;22;817.1402410727557
17;2025-07-22;23;373.7471802620146
17;2025-07-23;0;128.91456413125755
17;2025-07-23;1;0.0
17;2025-07-23;2;0.0
17;2025-07-23;3;0.0
17;2025-07-23;4;0.0
17;2025-07-23;5;185.4643383435506
17;2025-07-23;6;1297.6627565013305
17;2025-07-23;7;3373.972084425185
17;2025-07-23;8;4639.094020382161
17;2025-07-23;9;3354.483956129143
17;2025-07-23;10;2640.314016675392
17;2025-07-23;11;2534.135991451484
17;2025-07-23;12;2580.5051116339077
17;2025-07-23;13;2744.008433955495
17;2025-07-23;14;2790.2183793521126
17;2025-07-23;15;2959.167802276861
17;2025-07-23;16;3363.5991624030157
17;2025-07-23;17;4080.792367824174
17;2025-07-23;18;4446.4818077129585
17;2025-07-23;19;3372.426515344545
17;2025-07-23;20;2463.7411235161508
17;2025-07-23;21;1679.9771940522883
17;2025-07-23;22;920.6176195751984
17;2025-07-23;23;434.7819846550046
17;2025-07-24;0;131.56180274250968
17;2025-07-24;1;0.0
17;2025-07-24;2;0.0
17;2025-07-24;3;0.0
17;2025-07-24;4;0.0
17;2025-07-24;5;184.76010844632435
17;2025-07-24;6;1318.3025201256082
17;2025-07-24;7;3374.197819280549
17;2025-07-24;8;4699.2756445948435
17;2025-07-24;9;3351.100084731076
17;2025-07-24;10;2666.2398625503547
17;2025-07-24;11;2592.489377601485
17;2025-07-24;12;2662.1441137273046
17;2025-07-24;13;2800.505071271048
17;2025-07-24;14;2837.1838915010176
17;2025-07-24;15;2957.1324523252842
17;2025-07-24;16;3433.9583459105834
17;2025-07-24;17;4158.295340203561
17;2025-07-24;18;4521.963284811091
17;2025-07-24;19;3358.6282520668174
17;2025-07-24;20;2482.8197240222694
17;2025-07-24;21;1685.1198438478925
17;2025-07-24;22;906.2236334369247
17;2025-07-24;23;425.40767297734635
17;2025-07-25;0;132.75592395634948
17;2025-07-25;1;0.0
17;2025-07-25;2;0.0
17;2025-07-25;3;0.0
17;2025-07-25;4;0.0
17;2025-07-25;5;170.79251165432345
17;2025-07-25;6;1243.543466199106
17;2025-07-25;7;3266.573157056274
17;2025-07-25;8;4421.4027321636795
17;2025-07-25;9;3188.8264433396293
17;2025-07-25;10;2618.644937943085
17;2025-07-25;11;2558.502938658015
17;2025-07-25;12;2680.8084204989
17;2025-07-25;13;2806.281814827341
17;2025-07-25;14;2857.2580530083915
17;2025-07-25;15;3215.0357407448796
17;2025-07-25;16;3708.3056147210564
17;2025-07-25;17;4045.42097195865
17;2025-07-25;18;3842.380050283875
17;2025-07-25;19;3010.618917602767
17;2025-07-25;20;2350.1477272837037
17;2025-07-25;21;1625.7022314998383
17;2025-07-25;22;915.4262600921304
17;2025-07-25;23;456.02130960616216
17;2025-07-26;0;213.19860166039038
17;2025-07-26;1;0.0
17;2025-07-26;2;0.0
17;2025-07-26;3;0.0
17;2025-07-26;4;0.0
17;2025-07-26;5;58.08392856105878
17;2025-07-26;6;469.91074836773237
17;2025-07-26;7;965.5986649265202
17;2025-07-26;8;1500.154549681043
17;2025-07-26;9;1797.68073403973
17;2025-07-26;10;2053.7687455679065
17;2025-07-26;11;2430.25908796298
17;2025-07-26;12;2730.639333171406
17;2025-07-26;13;2961.7133358503306
17;2025-07-26;14;2983.7478765972955
17;2025-07-26;15;3026.9506680162867
17;2025-07-26;16;2975.9467385215976
17;2025-07-26;17;2958.1670171668866
17;2025-07-26;18;2757.6112425432357
17;2025-07-26;19;2448.3188315723974
17;2025-07-26;20;2040.8744864355544
17;2025-07-26;21;1562.9227416413053
17;2025-07-26;22;929.5428637535676
17;2025-07-26;23;470.01425193723276
17;2025-07-27;0;180.5093895840569
17;2025-07-27;1;0.0
17;2025-07-27;2;0.0
17;2025-07-27;3;0.0
17;2025-07-27;4;0.0
17;2025-07-27;5;42.40171606866536
17;2025-07-27;6;342.6454771057633
17;2025-07-27;7;680.9026861195271
17;2025-07-27;8;1090.2478686444429
17;2025-07-27;9;1422.7677643567297
17;2025-07-27;10;1709.9009141079277
17;2025-07-27;11;2064.949030540548
17;2025-07-27;12;2394.2901753978285
17;2025-07-27;13;2644.483991824316
17;2025-07-27;14;2654.33940264441
17;2025-07-27;15;2646.4114871882584
17;2025-07-27;16;2643.401579964597
17;2025-07-27;17;2562.275833366139
17;2025-07-27;18;2357.4614705730896
17;2025-07-27;19;2018.6107370497118
17;2025-07-27;20;1693.4766095347409
17;2025-07-27;21;1281.6787655665344
17;2025-07-27;22;775.8848246147453
17;2025-07-27;23;352.6683486352258
17;2025-07-28;0;103.7690870398016
17;2025-07-28;1;0.0
17;2025-07-28;2;0.0
17;2025-07-28;3;0.0
17;2025-07-28;4;0.0
17;2025-07-28;5;177.5600676767356
17;2025-07-28;6;1288.423915757507
17;2025-07-28;7;3349.974058413905
17;2025-07-28;8;4646.515953296551
17;2025-07-28;9;3283.435226011764
17;2025-07-28;10;2528.512648923045
17;2025-07-28;11;2473.477025295845
17;2025-07-28;12;2533.996224804465
17;2025-07-28;13;2651.541473105063
17;2025-07-28;14;2626.897189002404
17;2025-07-28;15;2899.5334070804743
17;2025-07-28;16;3317.9247339921994
17;2025-07-28;17;4098.100632512427
17;2025-07-28;18;4550.152879732336
17;2025-07-28;19;3354.407438701483
17;2025-07-28;20;2422.668568316174
17;2025-07-28;21;1544.1856901581177
17;2025-07-28;22;806.9006531660265
17;2025-07-28;23;351.6437527890282
25;2025-05-29;0;2.1557996396368924
25;2025-05-29;1;0.0
25;2025-05-29;2;0.0
25;2025-05-29;3;0.0
25;2025-05-29;4;0.0
25;2025-05-29;5;4.761482008557568
25;2025-05-29;6;161.65924962592635
25;2025-05-29;7;494.8027470753644
25;2025-05-29;8;910.4743651869287
25;2025-05-29;9;493.46641763476185
25;2025-05-29;10;415.53896444319355
25;2025-05-29;11;428.904944641148
25;2025-05-29;12;420.44254751653216
25;2025-05-29;13;503.5219620161725
25;2025-05-29;14;470.26504096582937
25;2025-05-29;15;518.5567990055472
25;2025-05-29;16;615.6191763366297
25;2025-05-29;17;710.4106298302448
25;2025-05-29;18;752.6092603364716
25;2025-05-29;19;499.9981487716451
25;2025-05-29;20;364.8968412939588
25;2025-05-29;21;259.91689341284194
25;2025-05-29;22;147.50338332464787
25;2025-05-29;23;20.031501182284398
25;2025-05-30;0;3.434511228411412
25;2025-05-30;1;0.0
25;2025-05-30;2;0.0
25;2025-05-30;3;0.0
25;2025-05-30;4;0.0
25;2025-05-30;5;4.7790028817462264
25;2025-05-30;6;154.90033198994925
25;2025-05-30;7;492.49144114735043
25;2025-05-30;8;847.6000603826093
25;2025-05-30;9;496.2540628332605
25;2025-05-30;10;390.51248558992205
25;2025-05-30;11;438.35705905167663
25;2025-05-30;12;432.9261199604251
25;2025-05-30;13;499.8666605219353
25;2025-05-30;14;497.3628020246873
25;2025-05-30;15;573.0757476298392
25;2025-05-30;16;632.5377416051253
25;2025-05-30;17;664.0566860492115
25;2025-05-30;18;592.5106730917823
25;2025-05-30;19;429.2992751697477
25;2025-05-30;20;336.7603669149742
25;2025-05-30;21;247.57751128217728
25;2025-05-30;22;151.84684229838246
25;2025-05-30;23;22.769966285254476
25;2025-05-31;0;7.000746820462119
25;2025-05-31;1;0.0
25;2025-05-31;2;0.0
25;2025-05-31;3;0.0
25;2025-05-31;4;0.0
25;2025-05-31;5;2.04976915049315
25;2025-05-31;6;86.03996301396708
25;2025-05-31;7;159.9320021006265
25;2025-05-31;8;302.4291577394887
25;2025-05-31;9;304.3651099706718
25;2025-05-31;10;286.8932039202198
25;2025-05-31;11;390.12930143662993
25;2025-05-31;12;413.85885679536074
25;2025-05-31;13;520.7450822824815
25;2025-05-31;14;530.8500921450172
25;2025-05-31;15;550.9303695358569
25;2025-05-31;16;505.3344437305018
25;2025-05-31;17;436.5199628245764
25;2025-05-31;18;442.90785943789825
25;2025-05-31;19;408.1899735915749
25;2025-05-31;20;299.01536126578765
25;2025-05-31;21;251.18649192943806
25;2025-05-31;22;153.2249853350827
25;2025-05-31;23;48.901455049401136
25;2025-06-01;0;14.058106373300834
25;2025-06-01;1;0.0
25;2025-06-01;2;0.0
25;2025-06-01;3;0.0
25;2025-06-01;4;0.0
25;2025-06-01;5;2.8602796123658925
25;2025-06-01;6;63.35781571967791
25;2025-06-01;7;114.61155992505647
25;2025-06-01;8;196.75659756367088
25;2025-06-01;9;225.36838577595972
25;2025-06-01;10;232.64822231346176
25;2025-06-01;11;299.85532464645064
25;2025-06-01;12;332.8688638043395
25;2025-06-01;13;413.85368320788587
25;2025-06-01;14;445.955371659693
25;2025-06-01;15;458.0458737327192
25;2025-06-01;16;411.97543002767986
25;2025-06-01;17;379.90274894586776
25;2025-06-01;18;377.62391726165765
25;2025-06-01;19;329.03230041966674
25;2025-06-01;20;249.4989088687742
25;2025-06-01;21;202.79058713241824
25;2025-06-01;22;128.77488606889065
25;2025-06-01;23;37.990246758726684
25;2025-06-02;0;7.427022781370251
25;2025-06-02;1;0.0
25;2025-06-02;2;0.0
25;2025-06-02;3;0.0
25;2025-06-02;4;0.0
25;2025-06-02;5;3.411669171066228
25;2025-06-02;6;152.8408544040901
25;2025-06-02;7;490.4840553357101
25;2025-06-02;8;866.2850228711486
25;2025-06-02;9;465.1463295558357
25;2025-06-02;10;374.90803601055535
25;2025-06-02;11;396.0758407227788
25;2025-06-02;12;391.13625885317913
25;2025-06-02;13;482.1839844309908
25;2025-06-02;14;425.49998528398294
25;2025-06-02;15;483.54641555548466
25;2025-06-02;16;594.5275353499767
25;2025-06-02;17;650.1894897872487
25;2025-06-02;18;737.5956667622154
25;2025-06-02;19;468.85919474819076
25;2025-06-02;20;334.7379102371839
25;2025-06-02;21;232.6070981260092
25;2025-06-02;22;122.99930582004137
25;2025-06-02;23;16.289661405308443
25;2025-06-03;0;1.9811454669089206
25;2025-06-03;1;0.0
25;2025-06-03;2;0.0
25;2025-06-03;3;0.0
25;2025-06-03;4;0.0
25;2025-06-03;5;4.345336779910722
25;2025-06-03;6;156.43187391418462
25;2025-06-03;7;496.6226457357981
25;2025-06-03;8;860.1881350786336
25;2025-06-03;9;501.22339556296333
25;2025-06-03;10;411.73917362140185
25;2025-06-03;11;434.60904236283324
25;2025-06-03;12;389.7305856640533
25;2025-06-03;13;459.8448311328644
25;2025-06-03;14;425.39270439807456
25;2025-06-03;15;500.4577976296648
25;2025-06-03;16;561.2099444316297
25;2025-06-03;17;636.118180549556
25;2025-06-03;18;716.0739778746033
25;2025-06-03;19;495.9256862307142
25;2025-06-03;20;346.2234636927738
25;2025-06-03;21;231.73175265290132
25;2025-06-03;22;131.74316833637312
25;2025-06-03;23;18.66462743722875
25;2025-06-04;0;3.188728561390181
25;2025-06-04;1;0.0
25;2025-06-04;2;0.0
25;2025-06-04;3;0.0
25;2025-06-04;4;0.0
25;2025-06-04;5;4.420852498302305
25;2025-06-04;6;160.61650081139032
25;2025-06-04;7;506.97272314873805
25;2025-06-04;8;882.2907998501561
25;2025-06-04;9;496.6934316884217
25;2025-06-04;10;398.98398738559524
25;2025-06-04;11;429.4454766408822
25;2025-06-04;12;430.8073051859025
25;2025-06-04;13;512.3723581670887
25;2025-06-04;14;468.4290717976853
25;2025-06-04;15;527.3115930851231
25;2025-06-04;16;581.964336725094
25;2025-06-04;17;650.8474119503676
25;2025-06-04;18;715.7898963290477
25;2025-06-04;19;474.45345854836273
25;2025-06-04;20;367.5950121519237
25;2025-06-04;21;242.50366584158627
25;2025-06-04;22;143.61364850336147
25;2025-06-04;23;14.857894509724971
25;2025-06-05;0;2.0367839910465193
25;2025-06-05;1;0.0
25;2025-06-05;2;0.0
25;2025-06-05;3;0.0
25;2025-06-05;4;0.0
25;2025-06-05;5;4.5522055053598
25;2025-06-05;6;158.42317185415823
25;2025-06-05;7;488.0702064933169
25;2025-06-05;8;901.9541826765071
25;2025-06-05;9;483.58873457499067
25;2025-06-05;10;409.50209811442033
25;2025-06-05;11;423.3399658907263
25;2025-06-05;12;415.35840065556397
25;2025-06-05;13;496.6737669273317
25;2025-06-05;14;464.2899963974809
25;2025-06-05;15;512.6217528770144
25;2025-06-05;16;604.5135502685462
25;2025-06-05;17;692.3159311074647
25;2025-06-05;18;735.1626662648137
25;2025-06-05;19;483.96388971977296
25;2025-06-05;20;355.4188540502481
25;2025-06-05;21;253.88268490111955
25;2025-06-05;22;144.07867388025554
25;2025-06-05;23;19.365133981368736
25;2025-06-06;0;3.3616310947570422
25;2025-06-06;1;0.0
25;2025-06-06;2;0.0
25;2025-06-06;3;0.0
25;2025-06-06;4;0.0
25;2025-06-06;5;4.5709987745546155
25;2025-06-06;6;151.79341214578483
25;2025-06-06;7;486.41002907072925
25;2025-06-06;8;840.3191155702666
25;2025-06-06;9;487.41198701271276
25;2025-06-06;10;385.84777603436646
25;2025-06-06;11;434.4390419572498
25;2025-06-06;12;429.18350816470763
25;2025-06-06;13;493.4190386709128
25;2025-06-06;14;492.2354445012137
25;2025-06-06;15;568.3493140568854
25;2025-06-06;16;620.5445656522088
25;2025-06-06;17;651.464259563206
25;2025-06-06;18;582.8725512327337
25;2025-06-06;19;421.23780445591194
25;2025-06-06;20;332.46351136261353
25;2025-06-06;21;244.61389224278997
25;2025-06-06;22;150.29857889839968
25;2025-06-06;23;22.431502353699663
25;2025-06-07;0;6.749576320725765
25;2025-06-07;1;0.0
25;2025-06-07;2;0.0
25;2025-06-07;3;0.0
25;2025-06-07;4;0.0
25;2025-06-07;5;2.4453178171438816
25;2025-06-07;6;83.99802262774816
25;2025-06-07;7;154.6239829121883
25;2025-06-07;8;292.0399102436364
25;2025-06-07;9;294.63054437733217
25;2025-06-07;10;275.4025253185846
25;2025-06-07;11;370.1240570322448
25;2025-06-07;12;394.61153683292093
25;2025-06-07;13;495.37899267379044
25;2025-06-07;14;504.79717258407305
25;2025-06-07;15;522.0858740058659
25;2025-06-07;16;479.8067812803374
25;2025-06-07;17;414.6427227592021
25;2025-06-07;18;419.4952192230036
25;2025-06-07;19;388.29387059564067
25;2025-06-07;20;285.20017589469506
25;2025-06-07;21;239.31791016959946
25;2025-06-07;22;146.12672293643664
25;2025-06-07;23;46.894373388088084
25;2025-06-08;0;13.76081678948908
25;2025-06-08;1;0.0
25;2025-06-08;2;0.0
25;2025-06-08;3;0.0
25;2025-06-08;4;0.0
25;2025-06-08;5;3.122062443236503
25;2025-06-08;6;66.54673379011105
25;2025-06-08;7;122.44617601356028
25;2025-06-08;8;197.1862063840303
25;2025-06-08;9;220.30581200787304
25;2025-06-08;10;226.1444238775902
25;2025-06-08;11;288.7894515104783
25;2025-06-08;12;321.85036214722095
25;2025-06-08;13;398.9247540115915
25;2025-06-08;14;429.9038060451004
25;2025-06-08;15;440.1091504818785
25;2025-06-08;16;395.70175305569137
25;2025-06-08;17;364.6969056331423
25;2025-06-08;18;361.9254438520448
25;2025-06-08;19;317.36784165688715
25;2025-06-08;20;242.31126671679152
25;2025-06-08;21;196.89531270181686
25;2025-06-08;22;125.51612613048064
25;2025-06-08;23;36.91973570376004
25;2025-06-09;0;7.8581710884073495
25;2025-06-09;1;0.0
25;2025-06-09;2;0.0
25;2025-06-09;3;0.0
25;2025-06-09;4;0.0
25;2025-06-09;5;3.584638263004285
25;2025-06-09;6;152.17641734975768
25;2025-06-09;7;487.63863769094894
25;2025-06-09;8;862.6728854477011
25;2025-06-09;9;465.62347092618836
25;2025-06-09;10;374.8419422510467
25;2025-06-09;11;395.23254145223586
25;2025-06-09;12;390.5902954273761
25;2025-06-09;13;480.3937103271061
25;2025-06-09;14;422.37683283736806
25;2025-06-09;15;477.6789499514846
25;2025-06-09;16;588.7938782892652
25;2025-06-09;17;643.1496069670159
25;2025-06-09;18;732.162086456932
25;2025-06-09;19;465.72731253871166
25;2025-06-09;20;334.25494250982626
25;2025-06-09;21;231.80489777480602
25;2025-06-09;22;122.37576315978225
25;2025-06-09;23;16.342496941134492
25;2025-06-10;0;1.6451456765488084
25;2025-06-10;1;0.0
25;2025-06-10;2;0.0
25;2025-06-10;3;0.0
25;2025-06-10;4;0.0
25;2025-06-10;5;4.083002300529613
25;2025-06-10;6;156.28901092583033
25;2025-06-10;7;499.46888495595203
25;2025-06-10;8;864.2269533141134
25;2025-06-10;9;499.67585910291234
25;2025-06-10;10;411.92313172836026
25;2025-06-10;11;435.6797132736659
25;2025-06-10;12;391.40596190080345
25;2025-06-10;13;463.8120146982491
25;2025-06-10;14;430.3279466188869
25;2025-06-10;15;508.1533125008772
25;2025-06-10;16;569.4370465712458
25;2025-06-10;17;643.3636284960759
25;2025-06-10;18;720.321917707581
25;2025-06-10;19;495.7531496091964
25;2025-06-10;20;346.4961068127757
25;2025-06-10;21;232.3143897824645
25;2025-06-10;22;133.1172861864649
25;2025-06-10;23;18.746716243727292
25;2025-06-11;0;3.1029771845615493
25;2025-06-11;1;0.0
25;2025-06-11;2;0.0
25;2025-06-11;3;0.0
25;2025-06-11;4;0.0
25;2025-06-11;5;4.442502481461668
25;2025-06-11;6;157.9666315953612
25;2025-06-11;7;497.9422529089592
25;2025-06-11;8;866.7056216344531
25;2025-06-11;9;489.94779537822376
25;2025-06-11;10;393.85881396128326
25;2025-06-11;11;423.8112446797136
25;2025-06-11;12;425.4672446565452
25;2025-06-11;13;504.78490026149007
25;2025-06-11;14;461.03885653216344
25;2025-06-11;15;516.9025496598392
25;2025-06-11;16;569.4911538404231
25;2025-06-11;17;635.375757469078
25;2025-06-11;18;699.1739839421489
25;2025-06-11;19;464.46017601851753
25;2025-06-11;20;360.8822314738032
25;2025-06-11;21;237.4759750886307
25;2025-06-11;22;140.46086622305126
25;2025-06-11;23;14.683225542190156
25;2025-06-12;0;9.858213223702883
25;2025-06-12;1;0.0
25;2025-06-12;2;0.0
25;2025-06-12;3;0.0
25;2025-06-12;4;0.0
25;2025-06-12;5;1.984858652305649
25;2025-06-12;6;65.24323517218087
25;2025-06-12;7;119.3742702816061
25;2025-06-12;8;210.03076374900792
25;2025-06-12;9;226.8228057645485
25;2025-06-12;10;228.37042141688232
25;2025-06-12;11;302.36370862888066
25;2025-06-12;12;335.8046552389424
25;2025-06-12;13;421.6446463929956
25;2025-06-12;14;443.9506552511549
25;2025-06-12;15;459.2539162193218
25;2025-06-12;16;420.8334402295159
25;2025-06-12;17;376.9433629843203
25;2025-06-12;18;381.2031738211434
25;2025-06-12;19;344.12906706666104
25;2025-06-12;20;254.66781610013402
25;2025-06-12;21;208.45287305789708
25;2025-06-12;22;132.24525648514475
25;2025-06-12;23;41.57042474990541
25;2025-06-13;0;9.492155171115057
25;2025-06-13;1;0.0
25;2025-06-13;2;0.0
25;2025-06-13;3;0.0
25;2025-06-13;4;0.0
25;2025-06-13;5;2.366630423010967
25;2025-06-13;6;69.1462274375999
25;2025-06-13;7;128.27068203337313
25;2025-06-13;8;210.81486938405425
25;2025-06-13;9;221.81041850246447
25;2025-06-13;10;217.2203658206484
25;2025-06-13;11;284.6395825367788
25;2025-06-13;12;318.3475580061584
25;2025-06-13;13;402.12502753961064
25;2025-06-13;14;422.88397909453477
25;2025-06-13;15;436.1531079582584
25;2025-06-13;16;400.01985347253077
25;2025-06-13;17;358.5218339035796
25;2025-06-13;18;361.81470084669917
25;2025-06-13;19;329.37325944088025
25;2025-06-13;20;244.24624306099665
25;2025-06-13;21;199.57635170675582
25;2025-06-13;22;126.90539509499911
25;2025-06-13;23;39.97718943228175
25;2025-06-14;0;6.529952121564712
25;2025-06-14;1;0.0
25;2025-06-14;2;0.0
25;2025-06-14;3;0.0
25;2025-06-14;4;0.0
25;2025-06-14;5;2.4948301582674466
25;2025-06-14;6;83.21896015923708
25;2025-06-14;7;153.465866943058
25;2025-06-14;8;292.43453108094866
25;2025-06-14;9;291.68981035660005
25;2025-06-14;10;272.05856499824654
25;2025-06-14;11;364.6950123228146
25;2025-06-14;12;388.9400339416814
25;2025-06-14;13;488.22409504307734
25;2025-06-14;14;497.1506307534704
25;2025-06-14;15;513.2369844068388
25;2025-06-14;16;472.50472198340196
25;2025-06-14;17;406.83401181696627
25;2025-06-14;18;408.21330862710624
25;2025-06-14;19;378.19733552477635
25;2025-06-14;20;278.1588918255144
25;2025-06-14;21;231.825336124478
25;2025-06-14;22;141.49700645410624
25;2025-06-14;23;45.26542746386488
25;2025-06-15;0;13.47464772576144
25;2025-06-15;1;0.0
25;2025-06-15;2;0.0
25;2025-06-15;3;0.0
25;2025-06-15;4;0.0
25;2025-06-15;5;3.109884464973824
25;2025-06-15;6;66.44928276819022
25;2025-06-15;7;122.48718948567615
25;2025-06-15;8;197.6045103235059
25;2025-06-15;9;219.02381817651877
25;2025-06-15;10;224.5402985353085
25;2025-06-15;11;285.8157745992477
25;2025-06-15;12;318.81004480745673
25;2025-06-15;13;395.1986663633952
25;2025-06-15;14;425.0667146248105
25;2025-06-15;15;434.4983739265992
25;2025-06-15;16;391.19537960340847
25;2025-06-15;17;358.8459935496089
25;2025-06-15;18;354.0373718394392
25;2025-06-15;19;309.81990163085334
25;2025-06-15;20;236.07247674422138
25;2025-06-15;21;191.1003704038894
25;2025-06-15;22;121.61269475691103
25;2025-06-15;23;35.44922942497419
25;2025-06-16;0;7.775753615868409
25;2025-06-16;1;0.0
25;2025-06-16;2;0.0
25;2025-06-16;3;0.0
25;2025-06-16;4;0.0
25;2025-06-16;5;3.39808983868607
25;2025-06-16;6;150.39707433517157
25;2025-06-16;7;482.60223745988105
25;2025-06-16;8;853.169652889124
25;2025-06-16;9;461.0338433809654
25;2025-06-16;10;372.90971982859355
25;2025-06-16;11;393.3631301967063
25;2025-06-16;12;389.6172936761195
25;2025-06-16;13;478.0691305395227
25;2025-06-16;14;420.8998262236968
25;2025-06-16;15;474.63533057672134
25;2025-06-16;16;584.012691465987
25;2025-06-16;17;638.2005667542306
25;2025-06-16;18;725.3808214170829
25;2025-06-16;19;460.4696369293728
25;2025-06-16;20;331.6165830815176
25;2025-06-16;21;229.578456933675
25;2025-06-16;22;121.42492490164982
25;2025-06-16;23;16.304273174511263
25;2025-06-17;0;1.762074971308086
25;2025-06-17;1;0.0
25;2025-06-17;2;0.0
25;2025-06-17;3;0.0
25;2025-06-17;4;0.0
25;2025-06-17;5;4.642229154780887
25;2025-06-17;6;153.8775663679079
25;2025-06-17;7;489.85623554538773
25;2025-06-17;8;841.4330458755044
25;2025-06-17;9;495.4786876351453
25;2025-06-17;10;406.4356800955975
25;2025-06-17;11;427.6103005173552
25;2025-06-17;12;383.760933168013
25;2025-06-17;13;446.33272337451774
25;2025-06-17;14;411.88184695296525
25;2025-06-17;15;484.29104883565856
25;2025-06-17;16;542.8442279668936
25;2025-06-17;17;614.4263055170873
25;2025-06-17;18;691.2458272875076
25;2025-06-17;19;479.32292099036226
25;2025-06-17;20;337.3646932137898
25;2025-06-17;21;224.83295034785738
25;2025-06-17;22;128.1082627354123
25;2025-06-17;23;18.527651557286955
25;2025-06-18;0;3.045419287957891
25;2025-06-18;1;0.0
25;2025-06-18;2;0.0
25;2025-06-18;3;0.0
25;2025-06-18;4;0.0
25;2025-06-18;5;4.736439880575066
25;2025-06-18;6;155.6693129685642
25;2025-06-18;7;489.7552381322869
25;2025-06-18;8;846.8237151638452
25;2025-06-18;9;484.57953720503554
25;2025-06-18;10;386.40706060015805
25;2025-06-18;11;414.18855530876215
25;2025-06-18;12;415.17838709826447
25;2025-06-18;13;487.6906833269094
25;2025-06-18;14;444.1380118287412
25;2025-06-18;15;497.83610198670596
25;2025-06-18;16;548.476841183796
25;2025-06-18;17;612.4344950245209
25;2025-06-18;18;674.2882321500604
25;2025-06-18;19;449.9486204550616
25;2025-06-18;20;350.62082402618466
25;2025-06-18;21;229.96510481152802
25;2025-06-18;22;136.85113691766136
25;2025-06-18;23;14.418387444363054
25;2025-06-19;0;1.4707319456610486
25;2025-06-19;1;0.0
25;2025-06-19;2;0.0
25;2025-06-19;3;0.0
25;2025-06-19;4;0.0
25;2025-06-19;5;4.503277921010021
25;2025-06-19;6;153.06863262540668
25;2025-06-19;7;471.9180604105215
25;2025-06-19;8;874.3606195774396
25;2025-06-19;9;471.11941111451927
25;2025-06-19;10;397.8938744413422
25;2025-06-19;11;410.92052944234763
25;2025-06-19;12;403.9428026310457
25;2025-06-19;13;480.75555090721735
25;2025-06-19;14;447.93893558192235
25;2025-06-19;15;492.6955451323387
25;2025-06-19;16;579.5229542118327
25;2025-06-19;17;660.7243638335405
25;2025-06-19;18;701.6135805364007
25;2025-06-19;19;462.93117439479806
25;2025-06-19;20;341.4787665241684
25;2025-06-19;21;242.1265961963088
25;2025-06-19;22;136.6830420554237
25;2025-06-19;23;18.306871407814736
25;2025-06-20;0;2.70981554387756
25;2025-06-20;1;0.0
25;2025-06-20;2;0.0
25;2025-06-20;3;0.0
25;2025-06-20;4;0.0
25;2025-06-20;5;4.833805686683572
25;2025-06-20;6;149.52683076416022
25;2025-06-20;7;477.5026933019533
25;2025-06-20;8;821.9622209323953
25;2025-06-20;9;480.9334059753196
25;2025-06-20;10;377.33203995473315
25;2025-06-20;11;423.7838582987921
25;2025-06-20;12;418.75064955942486
25;2025-06-20;13;479.5797668344925
25;2025-06-20;14;476.957646501636
25;2025-06-20;15;548.8148627140389
25;2025-06-20;16;600.7653796751661
25;2025-06-20;17;626.2591901709908
25;2025-06-20;18;554.3267498078312
25;2025-06-20;19;401.24139311185684
25;2025-06-20;20;318.2555284028516
25;2025-06-20;21;232.41123695701603
25;2025-06-20;22;143.26056470869767
25;2025-06-20;23;19.53340612126648
25;2025-06-21;0;6.589375692671217
25;2025-06-21;1;0.0
25;2025-06-21;2;0.0
25;2025-06-21;3;0.0
25;2025-06-21;4;0.0
25;2025-06-21;5;2.119639779872837
25;2025-06-21;6;84.28829344996566
25;2025-06-21;7;157.9007714731025
25;2025-06-21;8;302.9783418182047
25;2025-06-21;9;299.8486599422305
25;2025-06-21;10;282.20861032438006
25;2025-06-21;11;381.65194206739704
25;2025-06-21;12;405.59056921502986
25;2025-06-21;13;509.0397566636551
25;2025-06-21;14;517.8519743149964
25;2025-06-21;15;535.0111714684558
25;2025-06-21;16;492.6019123214928
25;2025-06-21;17;423.25129257601964
25;2025-06-21;18;424.1697114598567
25;2025-06-21;19;390.9386592238541
25;2025-06-21;20;288.6653472858918
25;2025-06-21;21;241.2442754444134
25;2025-06-21;22;147.16556371065644
25;2025-06-21;23;46.97074264577543
25;2025-06-22;0;13.560491118723762
25;2025-06-22;1;0.0
25;2025-06-22;2;0.0
25;2025-06-22;3;0.0
25;2025-06-22;4;0.0
25;2025-06-22;5;3.1916770163640114
25;2025-06-22;6;67.26136525586404
25;2025-06-22;7;123.72390750248684
25;2025-06-22;8;201.38316271662018
25;2025-06-22;9;221.91164257298976
25;2025-06-22;10;227.18130080808936
25;2025-06-22;11;289.09816501945966
25;2025-06-22;12;322.4614292750289
25;2025-06-22;13;398.67670438438154
25;2025-06-22;14;428.7493799196896
25;2025-06-22;15;437.5394287755051
25;2025-06-22;16;393.8746310350514
25;2025-06-22;17;361.19969682244744
25;2025-06-22;18;355.37131921806
25;2025-06-22;19;311.3813605526786
25;2025-06-22;20;238.08220112352916
25;2025-06-22;21;192.174284801164
25;2025-06-22;22;122.54495089613094
25;2025-06-22;23;35.760683746281586
25;2025-06-23;0;7.397113068962037
25;2025-06-23;1;0.0
25;2025-06-23;2;0.0
25;2025-06-23;3;0.0
25;2025-06-23;4;0.0
25;2025-06-23;5;3.462185258083973
25;2025-06-23;6;150.5009014027209
25;2025-06-23;7;484.6684297425894
25;2025-06-23;8;854.9328420095312
25;2025-06-23;9;460.78288589572696
25;2025-06-23;10;372.2097553343257
25;2025-06-23;11;393.17800035658854
25;2025-06-23;12;389.98676935565175
25;2025-06-23;13;479.7493876153286
25;2025-06-23;14;423.27797232076796
25;2025-06-23;15;478.25558900776923
25;2025-06-23;16;587.4008218102008
25;2025-06-23;17;639.8799567989091
25;2025-06-23;18;721.8875218904589
25;2025-06-23;19;457.18906646630296
25;2025-06-23;20;329.786018404423
25;2025-06-23;21;228.53942405735785
25;2025-06-23;22;121.85178477791979
25;2025-06-23;23;16.22873348004815
25;2025-06-24;0;1.6056633893103982
25;2025-06-24;1;0.0
25;2025-06-24;2;0.0
25;2025-06-24;3;0.0
25;2025-06-24;4;0.0
25;2025-06-24;5;4.194846120917859
25;2025-06-24;6;153.05199016688533
25;2025-06-24;7;488.7221492092176
25;2025-06-24;8;844.5647907857506
25;2025-06-24;9;492.83812890975054
25;2025-06-24;10;404.9674157563486
25;2025-06-24;11;428.1873815862369
25;2025-06-24;12;385.5215723028367
25;2025-06-24;13;454.4729319227158
25;2025-06-24;14;421.1701993439592
25;2025-06-24;15;494.2193953620859
25;2025-06-24;16;550.7344888165957
25;2025-06-24;17;623.4088079061152
25;2025-06-24;18;696.5735840373527
25;2025-06-24;19;480.6505484163322
25;2025-06-24;20;339.33749468040185
25;2025-06-24;21;226.6282553172453
25;2025-06-24;22;129.74150097091592
25;2025-06-24;23;18.531152208462625
25;2025-06-25;0;3.0504846375431383
25;2025-06-25;1;0.0
25;2025-06-25;2;0.0
25;2025-06-25;3;0.0
25;2025-06-25;4;0.0
25;2025-06-25;5;4.580506406178772
25;2025-06-25;6;154.15087816351172
25;2025-06-25;7;486.75110957813365
25;2025-06-25;8;844.8525726079486
25;2025-06-25;9;479.5351403438416
25;2025-06-25;10;384.1723324725732
25;2025-06-25;11;413.89771078387633
25;2025-06-25;12;416.42263288783
25;2025-06-25;13;493.86706593817587
25;2025-06-25;14;451.5522049266596
25;2025-06-25;15;505.4061612492274
25;2025-06-25;16;554.223682511165
25;2025-06-25;17;618.2009349184425
25;2025-06-25;18;675.7385232538584
25;2025-06-25;19;448.7349566447987
25;2025-06-25;20;351.9701833701023
25;2025-06-25;21;231.17193489895675
25;2025-06-25;22;137.6037015270805
25;2025-06-25;23;14.433890870733968
25;2025-06-26;0;1.514832854417627
25;2025-06-26;1;0.0
25;2025-06-26;2;0.0
25;2025-06-26;3;0.0
25;2025-06-26;4;0.0
25;2025-06-26;5;4.938965958806051
25;2025-06-26;6;154.1194256736049
25;2025-06-26;7;476.0412842941549
25;2025-06-26;8;871.5447144647542
25;2025-06-26;9;475.9307312138244
25;2025-06-26;10;399.3380354002909
25;2025-06-26;11;412.3234420952541
25;2025-06-26;12;404.744265861666
25;2025-06-26;13;479.7170140736216
25;2025-06-26;14;447.7772819911235
25;2025-06-26;15;490.42759780671895
25;2025-06-26;16;575.2111250558751
25;2025-06-26;17;655.9629724195684
25;2025-06-26;18;695.356726800823
25;2025-06-26;19;461.5286191561323
25;2025-06-26;20;342.16039283642033
25;2025-06-26;21;242.27114841701285
25;2025-06-26;22;137.85003397298436
25;2025-06-26;23;19.02534758247969
25;2025-06-27;0;2.761662454811536
25;2025-06-27;1;0.0
25;2025-06-27;2;0.0
25;2025-06-27;3;0.0
25;2025-06-27;4;0.0
25;2025-06-27;5;4.411377472368168
25;2025-06-27;6;147.95586969038197
25;2025-06-27;7;473.7104940704577
25;2025-06-27;8;816.5506753855789
25;2025-06-27;9;471.5824783112951
25;2025-06-27;10;375.47690119912284
25;2025-06-27;11;425.19392027807896
25;2025-06-27;12;422.5459035977513
25;2025-06-27;13;487.74453812457466
25;2025-06-27;14;487.17472241547614
25;2025-06-27;15;563.2091707860767
25;2025-06-27;16;613.9387863453173
25;2025-06-27;17;638.9402227202302
25;2025-06-27;18;565.2216211332216
25;2025-06-27;19;406.2163214185182
25;2025-06-27;20;323.71819960451046
25;2025-06-27;21;236.6060658208005
25;2025-06-27;22;145.4162917078337
25;2025-06-27;23;19.979849876227654
25;2025-06-28;0;6.707578933852396
25;2025-06-28;1;0.0
25;2025-06-28;2;0.0
25;2025-06-28;3;0.0
25;2025-06-28;4;0.0
25;2025-06-28;5;1.991742704062461
25;2025-06-28;6;84.00291082837322
25;2025-06-28;7;156.69274485061482
25;2025-06-28;8;298.3618672824546
25;2025-06-28;9;294.64780346343616
25;2025-06-28;10;279.4305225335813
25;2025-06-28;11;382.9264691322642
25;2025-06-28;12;409.3098167451029
25;2025-06-28;13;515.6842902954683
25;2025-06-28;14;525.5205247235008
25;2025-06-28;15;544.9706158296885
25;2025-06-28;16;501.93864541427115
25;2025-06-28;17;431.54619908471165
25;2025-06-28;18;433.6067149039542
25;2025-06-28;19;397.47993146315855
25;2025-06-28;20;294.11103801759464
25;2025-06-28;21;245.78658288885913
25;2025-06-28;22;150.66662851300157
25;2025-06-28;23;48.64240941167074
25;2025-06-29;0;13.3811258276724
25;2025-06-29;1;0.0
25;2025-06-29;2;0.0
25;2025-06-29;3;0.0
25;2025-06-29;4;0.0
25;2025-06-29;5;3.1007331348043023
25;2025-06-29;6;65.78789805333474
25;2025-06-29;7;120.38987350786842
25;2025-06-29;8;193.55948737276975
25;2025-06-29;9;213.3202431483003
25;2025-06-29;10;219.68886099896488
25;2025-06-29;11;282.2661033904917
25;2025-06-29;12;316.5870135122028
25;2025-06-29;13;392.51201592797065
25;2025-06-29;14;422.4006317181475
25;2025-06-29;15;432.9352137459048
25;2025-06-29;16;389.95728786390384
25;2025-06-29;17;358.4335070055245
25;2025-06-29;18;354.6625864049097
25;2025-06-29;19;310.5256267558425
25;2025-06-29;20;238.2021667147618
25;2025-06-29;21;191.77235915221326
25;2025-06-29;22;122.62393792889317
25;2025-06-29;23;36.59681681705765
25;2025-06-30;0;7.11236305644043
25;2025-06-30;1;0.0
25;2025-06-30;2;0.0
25;2025-06-30;3;0.0
25;2025-06-30;4;0.0
25;2025-06-30;5;3.7750017603071315
25;2025-06-30;6;145.5009254869381
25;2025-06-30;7;464.50142878691713
25;2025-06-30;8;815.3637662771748
25;2025-06-30;9;443.1918178129746
25;2025-06-30;10;356.91996225069136
25;2025-06-30;11;376.9515802399977
25;2025-06-30;12;372.8221336205852
25;2025-06-30;13;453.0468314059659
25;2025-06-30;14;398.9297726514371
25;2025-06-30;15;450.63658764045726
25;2025-06-30;16;552.5714237898285
25;2025-06-30;17;602.2118615130337
25;2025-06-30;18;682.2490189267985
25;2025-06-30;19;436.89818561596155
25;2025-06-30;20;316.94334882429484
25;2025-06-30;21;216.2338163003282
25;2025-06-30;22;115.12074635308801
25;2025-06-30;23;15.389643544458938
25;2025-07-01;0;1.6317313523015828
25;2025-07-01;1;0.0
25;2025-07-01;2;0.0
25;2025-07-01;3;0.0
25;2025-07-01;4;0.0
25;2025-07-01;5;4.616214283970829
25;2025-07-01;6;150.48964132543648
25;2025-07-01;7;476.2129087346416
25;2025-07-01;8;818.6627773288494
25;2025-07-01;9;479.4074829155561
25;2025-07-01;10;393.2897401282766
25;2025-07-01;11;415.7452834762349
25;2025-07-01;12;373.4451915952592
25;2025-07-01;13;432.5501024224815
25;2025-07-01;14;402.05856119520337
25;2025-07-01;15;475.7264516601538
25;2025-07-01;16;530.912349446136
25;2025-07-01;17;601.1001103492387
25;2025-07-01;18;672.3377563848866
25;2025-07-01;19;468.2170799365181
25;2025-07-01;20;330.1280403967156
25;2025-07-01;21;217.9143315089812
25;2025-07-01;22;124.76720732427057
25;2025-07-01;23;17.91816028335196
25;2025-07-02;0;3.063178185972798
25;2025-07-02;1;0.0
25;2025-07-02;2;0.0
25;2025-07-02;3;0.0
25;2025-07-02;4;0.0
25;2025-07-02;5;2.809517748748876
25;2025-07-02;6;147.45625510787443
25;2025-07-02;7;471.266694399908
25;2025-07-02;8;824.2367504125739
25;2025-07-02;9;463.07311809833095
25;2025-07-02;10;370.8679597477591
25;2025-07-02;11;400.78125181441357
25;2025-07-02;12;403.57744774771743
25;2025-07-02;13;482.8986190168348
25;2025-07-02;14;443.7800758942242
25;2025-07-02;15;500.946730653945
25;2025-07-02;16;547.5458234322703
25;2025-07-02;17;610.2112941249907
25;2025-07-02;18;668.5405856997816
25;2025-07-02;19;447.1521408417876
25;2025-07-02;20;350.203794303772
25;2025-07-02;21;229.6149996000528
25;2025-07-02;22;135.910872819191
25;2025-07-02;23;14.240581179765071
25;2025-07-03;0;2.0221385009108115
25;2025-07-03;1;0.0
25;2025-07-03;2;0.0
25;2025-07-03;3;0.0
25;2025-07-03;4;0.0
25;2025-07-03;5;3.4282216262341043
25;2025-07-03;6;143.73996164474306
25;2025-07-03;7;456.2350077067034
25;2025-07-03;8;849.6576000639025
25;2025-07-03;9;452.16773138771407
25;2025-07-03;10;381.9621713979035
25;2025-07-03;11;396.6067583892658
25;2025-07-03;12;390.53961912155376
25;2025-07-03;13;474.77367646736786
25;2025-07-03;14;446.29863742199814
25;2025-07-03;15;506.4081748255469
25;2025-07-03;16;592.4182024369733
25;2025-07-03;17;674.4964168497286
25;2025-07-03;18;712.2677932224473
25;2025-07-03;19;479.55209699091597
25;2025-07-03;20;360.77085459998654
25;2025-07-03;21;259.57585205308624
25;2025-07-03;22;140.73319931016323
25;2025-07-03;23;19.155771070124686
25;2025-07-04;0;3.30457006047069
25;2025-07-04;1;0.0
25;2025-07-04;2;0.0
25;2025-07-04;3;0.0
25;2025-07-04;4;0.0
25;2025-07-04;5;2.8757156552442558
25;2025-07-04;6;138.0736535251466
25;2025-07-04;7;456.04999246359876
25;2025-07-04;8;796.0238894993329
25;2025-07-04;9;455.00943415762697
25;2025-07-04;10;360.49925745187295
25;2025-07-04;11;408.2498717811761
25;2025-07-04;12;405.58559998048196
25;2025-07-04;13;477.24721960194336
25;2025-07-04;14;478.4496062081819
25;2025-07-04;15;565.3650816679276
25;2025-07-04;16;618.1815410980051
25;2025-07-04;17;642.9300109616279
25;2025-07-04;18;571.7300157322737
25;2025-07-04;19;420.2064703127869
25;2025-07-04;20;337.74243969183897
25;2025-07-04;21;250.86429907398784
25;2025-07-04;22;146.90762939942647
25;2025-07-04;23;22.039147079974214
25;2025-07-05;0;6.711089418980204
25;2025-07-05;1;0.0
25;2025-07-05;2;0.0
25;2025-07-05;3;0.0
25;2025-07-05;4;0.0
25;2025-07-05;5;1.3178960851758292
25;2025-07-05;6;76.4762746619447
25;2025-07-05;7;145.37686911624843
25;2025-07-05;8;285.5576796793863
25;2025-07-05;9;280.9769124771615
25;2025-07-05;10;268.491223184579
25;2025-07-05;11;370.8048575361987
25;2025-07-05;12;397.5808215923113
25;2025-07-05;13;508.15744849786745
25;2025-07-05;14;519.9970457968775
25;2025-07-05;15;550.126111985564
25;2025-07-05;16;508.6497773330844
25;2025-07-05;17;438.06807139596054
25;2025-07-05;18;439.56967722249465
25;2025-07-05;19;406.3661148298256
25;2025-07-05;20;303.06495509259395
25;2025-07-05;21;255.16084378262866
25;2025-07-05;22;150.07401537614098
25;2025-07-05;23;48.338010502362174
25;2025-07-06;0;13.81153637645302
25;2025-07-06;1;0.0
25;2025-07-06;2;0.0
25;2025-07-06;3;0.0
25;2025-07-06;4;0.0
25;2025-07-06;5;2.210041699806689
25;2025-07-06;6;55.98114878477341
25;2025-07-06;7;102.91499348796947
25;2025-07-06;8;183.9165116873935
25;2025-07-06;9;207.48740476824767
25;2025-07-06;10;218.8853801004435
25;2025-07-06;11;286.0454571994113
25;2025-07-06;12;321.3779476510125
25;2025-07-06;13;404.83615899488984
25;2025-07-06;14;438.1658079385186
25;2025-07-06;15;459.1576201390516
25;2025-07-06;16;415.8880694501221
25;2025-07-06;17;382.51162770009637
25;2025-07-06;18;378.9343236108531
25;2025-07-06;19;331.75134334989843
25;2025-07-06;20;256.36715348062285
25;2025-07-06;21;208.91785773485972
25;2025-07-06;22;128.3131871567049
25;2025-07-06;23;37.75488137665542
25;2025-07-07;0;7.779262336269575
25;2025-07-07;1;0.0
25;2025-07-07;2;0.0
25;2025-07-07;3;0.0
25;2025-07-07;4;0.0
25;2025-07-07;5;2.0190098675345367
25;2025-07-07;6;138.7230601817248
25;2025-07-07;7;463.663943452431
25;2025-07-07;8;826.4660640277152
25;2025-07-07;9;438.53920192269413
25;2025-07-07;10;353.2143676808137
25;2025-07-07;11;374.797531254707
25;2025-07-07;12;372.7365021097015
25;2025-07-07;13;467.6533322361496
25;2025-07-07;14;414.2674862921829
25;2025-07-07;15;483.76179357092457
25;2025-07-07;16;592.2110399568096
25;2025-07-07;17;643.2444672730279
25;2025-07-07;18;723.1748252018542
25;2025-07-07;19;467.1708537948001
25;2025-07-07;20;342.5536251429778
25;2025-07-07;21;240.10525936644612
25;2025-07-07;22;120.82396315780213
25;2025-07-07;23;16.1265054319112
25;2025-07-08;0;2.0129971152702795
25;2025-07-08;1;0.0
25;2025-07-08;2;0.0
25;2025-07-08;3;0.0
25;2025-07-08;4;0.0
25;2025-07-08;5;2.796167856784105
25;2025-07-08;6;142.29612919150145
25;2025-07-08;7;470.5201985271349
25;2025-07-08;8;818.4847563920767
25;2025-07-08;9;472.406828378137
25;2025-07-08;10;385.5979023328031
25;2025-07-08;11;409.6110156322153
25;2025-07-08;12;368.1270748252231
25;2025-07-08;13;442.8025359412784
25;2025-07-08;14;412.3150821617744
25;2025-07-08;15;501.6580369196126
25;2025-07-08;16;557.9376026761331
25;2025-07-08;17;629.5198089623249
25;2025-07-08;18;698.8975336700323
25;2025-07-08;19;489.40490222403923
25;2025-07-08;20;351.3996690199928
25;2025-07-08;21;238.1008439166576
25;2025-07-08;22;128.6195357384363
25;2025-07-08;23;18.57038784324615
25;2025-07-09;0;3.625860615990784
25;2025-07-09;1;0.0
25;2025-07-09;2;0.0
25;2025-07-09;3;0.0
25;2025-07-09;4;0.0
25;2025-07-09;5;2.825986554598148
25;2025-07-09;6;146.50961133805063
25;2025-07-09;7;479.62212759644746
25;2025-07-09;8;839.1554660736774
25;2025-07-09;9;468.42525573579684
25;2025-07-09;10;375.41115818589765
25;2025-07-09;11;406.95393801704176
25;2025-07-09;12;410.4660073034022
25;2025-07-09;13;496.7985441720494
25;2025-07-09;14;457.1346074251211
25;2025-07-09;15;528.7439065738911
25;2025-07-09;16;578.3563434104694
25;2025-07-09;17;643.958614429898
25;2025-07-09;18;702.2190591151824
25;2025-07-09;19;475.2302230681757
25;2025-07-09;20;377.0626162775991
25;2025-07-09;21;252.3158842784125
25;2025-07-09;22;142.796330849185
25;2025-07-09;23;15.007978831726344
25;2025-07-10;0;2.030203912248624
25;2025-07-10;1;0.0
25;2025-07-10;2;0.0
25;2025-07-10;3;0.0
25;2025-07-10;4;0.0
25;2025-07-10;5;3.357788132750075
25;2025-07-10;6;142.94060345342814
25;2025-07-10;7;455.4061921464066
25;2025-07-10;8;847.01725291513
25;2025-07-10;9;449.3491132193541
25;2025-07-10;10;379.6251808523407
25;2025-07-10;11;394.37509837784864
25;2025-07-10;12;389.05308440174076
25;2025-07-10;13;474.1761358252494
25;2025-07-10;14;446.1848995606518
25;2025-07-10;15;506.7485723325649
25;2025-07-10;16;593.6703789224118
25;2025-07-10;17;674.8101501713033
25;2025-07-10;18;710.4473570046736
25;2025-07-10;19;477.8060616248015
25;2025-07-10;20;360.01520435329735
25;2025-07-10;21;259.25963707092103
25;2025-07-10;22;140.74920393526588
25;2025-07-10;23;19.148912176919687
25;2025-07-11;0;3.306381614950781
25;2025-07-11;1;0.0
25;2025-07-11;2;0.0
25;2025-07-11;3;0.0
25;2025-07-11;4;0.0
25;2025-07-11;5;2.7524501138159074
25;2025-07-11;6;137.10118838535942
25;2025-07-11;7;454.64199348407374
25;2025-07-11;8;791.2116463402381
25;2025-07-11;9;451.509690808049
25;2025-07-11;10;358.7928456209527
25;2025-07-11;11;407.1234979385516
25;2025-07-11;12;405.54699063287035
25;2025-07-11;13;478.2463647721766
25;2025-07-11;14;480.13763185719864
25;2025-07-11;15;567.562811471028
25;2025-07-11;16;620.3838232841501
25;2025-07-11;17;644.7211545277348
25;2025-07-11;18;572.6600644924983
25;2025-07-11;19;420.22759294761556
25;2025-07-11;20;338.3868663731323
25;2025-07-11;21;251.38613556401012
25;2025-07-11;22;147.37181098262835
25;2025-07-11;23;22.18336373702459
25;2025-07-12;0;6.644548287315052
25;2025-07-12;1;0.0
25;2025-07-12;2;0.0
25;2025-07-12;3;0.0
25;2025-07-12;4;0.0
25;2025-07-12;5;1.4426953330556478
25;2025-07-12;6;75.05933730979896
25;2025-07-12;7;142.0249554766886
25;2025-07-12;8;277.79499711616864
25;2025-07-12;9;275.1336802573718
25;2025-07-12;10;261.4169992235471
25;2025-07-12;11;360.0970113044676
25;2025-07-12;12;385.9885931563781
25;2025-07-12;13;492.0277733223346
25;2025-07-12;14;503.01922471933494
25;2025-07-12;15;531.3527964911393
25;2025-07-12;16;491.87159342808036
25;2025-07-12;17;425.2673650032982
25;2025-07-12;18;425.5487614186153
25;2025-07-12;19;394.2351499290776
25;2025-07-12;20;296.01468328255487
25;2025-07-12;21;249.52975508973506
25;2025-07-12;22;146.81079624304869
25;2025-07-12;23;47.04445883603704
25;2025-07-13;0;13.116087866498933
25;2025-07-13;1;0.0
25;2025-07-13;2;0.0
25;2025-07-13;3;0.0
25;2025-07-13;4;0.0
25;2025-07-13;5;2.2562041778312327
25;2025-07-13;6;58.148786793617354
25;2025-07-13;7;108.53749103847449
25;2025-07-13;8;179.0911981730764
25;2025-07-13;9;197.86620209184628
25;2025-07-13;10;206.0167512117534
25;2025-07-13;11;266.36571319042355
25;2025-07-13;12;300.18675458759725
25;2025-07-13;13;376.90015161771277
25;2025-07-13;14;407.4839089560288
25;2025-07-13;15;426.85647461862277
25;2025-07-13;16;387.05439615629524
25;2025-07-13;17;356.8177483712192
25;2025-07-13;18;351.50777904771934
25;2025-07-13;19;309.5639921341628
25;2025-07-13;20;240.2941054969344
25;2025-07-13;21;195.2369055584901
25;2025-07-13;22;120.27538555161935
25;2025-07-13;23;35.62535424570359
25;2025-07-14;0;7.500110496655599
25;2025-07-14;1;0.0
25;2025-07-14;2;0.0
25;2025-07-14;3;0.0
25;2025-07-14;4;0.0
25;2025-07-14;5;2.2551298542179956
25;2025-07-14;6;134.5478443379313
25;2025-07-14;7;448.65625046786295
25;2025-07-14;8;792.5690261958299
25;2025-07-14;9;428.78982777495645
25;2025-07-14;10;344.0673081578309
25;2025-07-14;11;364.0568740619588
25;2025-07-14;12;360.7531681768362
25;2025-07-14;13;445.55418921959074
25;2025-07-14;14;393.95993681991905
25;2025-07-14;15;458.46176922243274
25;2025-07-14;16;559.7479427596572
25;2025-07-14;17;609.5175581076765
25;2025-07-14;18;688.2062227145348
25;2025-07-14;19;446.36147048804094
25;2025-07-14;20;328.5427945800302
25;2025-07-14;21;228.79685739464838
25;2025-07-14;22;115.36808233540023
25;2025-07-14;23;15.87237687124515
25;2025-07-15;0;1.9932106286434261
25;2025-07-15;1;0.0
25;2025-07-15;2;0.0
25;2025-07-15;3;0.0
25;2025-07-15;4;0.0
25;2025-07-15;5;2.871432703276185
25;2025-07-15;6;139.4339825148203
25;2025-07-15;7;461.5083490487436
25;2025-07-15;8;795.3447546401028
25;2025-07-15;9;464.3656810011737
25;2025-07-15;10;378.8976727362524
25;2025-07-15;11;401.6866808761087
25;2025-07-15;12;360.23991882611074
25;2025-07-15;13;426.50440046324684
25;2025-07-15;14;396.9595244801897
25;2025-07-15;15;483.76229800236723
25;2025-07-15;16;537.3335162349381
25;2025-07-15;17;607.2557065361755
25;2025-07-15;18;675.097282098734
25;2025-07-15;19;474.77210111248985
25;2025-07-15;20;341.86188131686896
25;2025-07-15;21;230.68576430815847
25;2025-07-15;22;125.32813749799469
25;2025-07-15;23;18.36856886702258
25;2025-07-16;0;3.5155150387207454
25;2025-07-16;1;0.0
25;2025-07-16;2;0.0
25;2025-07-16;3;0.0
25;2025-07-16;4;0.0
25;2025-07-16;5;2.854720263342722
25;2025-07-16;6;142.22686990973912
25;2025-07-16;7;464.9074117201633
25;2025-07-16;8;813.0862849807528
25;2025-07-16;9;455.68163894782754
25;2025-07-16;10;364.1276686022253
25;2025-07-16;11;394.59432922208964
25;2025-07-16;12;398.089213304075
25;2025-07-16;13;480.93178440658687
25;2025-07-16;14;442.21452797133975
25;2025-07-16;15;510.9061983565882
25;2025-07-16;16;558.4605257270348
25;2025-07-16;17;621.3517685538789
25;2025-07-16;18;676.7260788417608
25;2025-07-16;19;458.567394423251
25;2025-07-16;20;365.2866803775495
25;2025-07-16;21;244.0972742193915
25;2025-07-16;22;138.01088956080997
25;2025-07-16;23;14.584939549839843
25;2025-07-17;0;1.9971951852017193
25;2025-07-17;1;0.0
25;2025-07-17;2;0.0
25;2025-07-17;3;0.0
25;2025-07-17;4;0.0
25;2025-07-17;5;3.487191125805888
25;2025-07-17;6;141.12225952203352
25;2025-07-17;7;448.2867794390997
25;2025-07-17;8;834.243262699405
25;2025-07-17;9;445.0204735895925
25;2025-07-17;10;374.0091089405999
25;2025-07-17;11;388.28629263445214
25;2025-07-17;12;382.7535488028152
25;2025-07-17;13;465.456278083401
25;2025-07-17;14;437.3721974196484
25;2025-07-17;15;495.69126852582326
25;2025-07-17;16;579.8174696708679
25;2025-07-17;17;659.1708410630835
25;2025-07-17;18;693.8700977487256
25;2025-07-17;19;467.6433376779489
25;2025-07-17;20;353.9130944109932
25;2025-07-17;21;254.49280349429552
25;2025-07-17;22;137.94365236385428
25;2025-07-17;23;18.777234719429103
25;2025-07-18;0;3.3108459332902362
25;2025-07-18;1;0.0
25;2025-07-18;2;0.0
25;2025-07-18;3;0.0
25;2025-07-18;4;0.0
25;2025-07-18;5;2.8546449736842185
25;2025-07-18;6;136.61429935121282
25;2025-07-18;7;452.35067623459884
25;2025-07-18;8;786.7575413138815
25;2025-07-18;9;450.5621854390324
25;2025-07-18;10;357.44746604894704
25;2025-07-18;11;405.1491893399899
25;2025-07-18;12;403.5253636883434
25;2025-07-18;13;474.74615384239235
25;2025-07-18;14;476.28442090176156
25;2025-07-18;15;562.4793480784831
25;2025-07-18;16;615.133246092947
25;2025-07-18;17;640.2700183752894
25;2025-07-18;18;567.5553531217267
25;2025-07-18;19;416.86519217760554
25;2025-07-18;20;336.676361549994
25;2025-07-18;21;249.94328661881343
25;2025-07-18;22;146.54604468235573
25;2025-07-18;23;22.158652179365333
25;2025-07-19;0;6.565437059407911
25;2025-07-19;1;0.0
25;2025-07-19;2;0.0
25;2025-07-19;3;0.0
25;2025-07-19;4;0.0
25;2025-07-19;5;1.5358497612794497
25;2025-07-19;6;74.22935332654743
25;2025-07-19;7;140.29285014389853
25;2025-07-19;8;273.4808725701722
25;2025-07-19;9;272.5871226233251
25;2025-07-19;10;257.8497803419774
25;2025-07-19;11;354.21620380963935
25;2025-07-19;12;379.7640502574559
25;2025-07-19;13;482.9256293257994
25;2025-07-19;14;493.1623980571886
25;2025-07-19;15;520.1347945012662
25;2025-07-19;16;482.8950618747259
25;2025-07-19;17;419.1598814606977
25;2025-07-19;18;416.9115040310136
25;2025-07-19;19;385.52942069682524
25;2025-07-19;20;290.1486930940104
25;2025-07-19;21;244.43216506059298
25;2025-07-19;22;143.49791545490743
25;2025-07-19;23;46.364308570859805
25;2025-07-20;0;13.225710184922775
25;2025-07-20;1;0.0
25;2025-07-20;2;0.0
25;2025-07-20;3;0.0
25;2025-07-20;4;0.0
25;2025-07-20;5;2.3299014895640706
25;2025-07-20;6;58.61285649919247
25;2025-07-20;7;109.03863548470721
25;2025-07-20;8;179.38512561267243
25;2025-07-20;9;200.39443482065872
25;2025-07-20;10;208.1313231847911
25;2025-07-20;11;268.6476419701339
25;2025-07-20;12;302.92224460234956
25;2025-07-20;13;379.06494585762306
25;2025-07-20;14;409.4376345439236
25;2025-07-20;15;428.0695532636225
25;2025-07-20;16;388.5396822912644
25;2025-07-20;17;359.38705028511345
25;2025-07-20;18;352.593166126107
25;2025-07-20;19;310.37865440907683
25;2025-07-20;20;241.8260621031118
25;2025-07-20;21;196.41111512342798
25;2025-07-20;22;121.00356917938326
25;2025-07-20;23;35.9496689454769
25;2025-07-21;0;7.508264362607093
25;2025-07-21;1;0.0
25;2025-07-21;2;0.0
25;2025-07-21;3;0.0
25;2025-07-21;4;0.0
25;2025-07-21;5;2.2552239826778413
25;2025-07-21;6;133.70606788229634
25;2025-07-21;7;446.0434516385135
25;2025-07-21;8;786.6788724915359
25;2025-07-21;9;424.78797310369094
25;2025-07-21;10;340.2961671866589
25;2025-07-21;11;359.8236995122245
25;2025-07-21;12;356.5742909586832
25;2025-07-21;13;440.51217619803606
25;2025-07-21;14;389.9405815297546
25;2025-07-21;15;454.3939959879368
25;2025-07-21;16;555.3514451156317
25;2025-07-21;17;606.2456061518635
25;2025-07-21;18;683.215045732782
25;2025-07-21;19;442.86443481372567
25;2025-07-21;20;326.2624859590904
25;2025-07-21;21;227.2451854301881
25;2025-07-21;22;114.6269092161242
25;2025-07-21;23;15.828418221800076
25;2025-07-22;0;1.9903038384672813
25;2025-07-22;1;0.0
25;2025-07-22;2;0.0
25;2025-07-22;3;0.0
25;2025-07-22;4;0.0
25;2025-07-22;5;2.8338656148227397
25;2025-07-22;6;138.13786737760705
25;2025-07-22;7;458.3632574479701
25;2025-07-22;8;789.7587466620689
25;2025-07-22;9;460.501173401744
25;2025-07-22;10;375.92633413566267
25;2025-07-22;11;398.68671463094927
25;2025-07-22;12;357.831619660441
25;2025-07-22;13;423.2926316447698
25;2025-07-22;14;394.20025436731265
25;2025-07-22;15;480.5510166650686
25;2025-07-22;16;533.2191089752399
25;2025-07-22;17;603.1559973414405
25;2025-07-22;18;670.3583153919667
25;2025-07-22;19;471.0497492401612
25;2025-07-22;20;339.82436940663865
25;2025-07-22;21;229.31379326886622
25;2025-07-22;22;124.60734762923096
25;2025-07-22;23;18.306027730820944
25;2025-07-23;0;3.463698772368603
25;2025-07-23;1;0.0
25;2025-07-23;2;0.0
25;2025-07-23;3;0.0
25;2025-07-23;4;0.0
25;2025-07-23;5;2.861297078289345
25;2025-07-23;6;139.3753537274837
25;2025-07-23;7;456.13431573911396
25;2025-07-23;8;798.0072196293137
25;2025-07-23;9;447.92068251267267
25;2025-07-23;10;357.1377193056404
25;2025-07-23;11;386.7616305839508
25;2025-07-23;12;390.28183766661044
25;2025-07-23;13;471.2375122110117
25;2025-07-23;14;433.0378984645847
25;2025-07-23;15;499.74906726667166
25;2025-07-23;16;546.0476459118859
25;2025-07-23;17;608.3606637611696
25;2025-07-23;18;663.1694972984698
25;2025-07-23;19;449.4713350225746
25;2025-07-23;20;358.6667394646857
25;2025-07-23;21;239.5235559624637
25;2025-07-23;22;135.3170167730883
25;2025-07-23;23;14.283038283784604
25;2025-07-24;0;2.0094734517877786
25;2025-07-24;1;0.0
25;2025-07-24;2;0.0
25;2025-07-24;3;0.0
25;2025-07-24;4;0.0
25;2025-07-24;5;3.442289194309998
25;2025-07-24;6;140.36117887708906
25;2025-07-24;7;446.7288487611904
25;2025-07-24;8;831.0497488371677
25;2025-07-24;9;443.04204164870276
25;2025-07-24;10;373.20393479864356
25;2025-07-24;11;387.404127989227
25;2025-07-24;12;382.309375654306
25;2025-07-24;13;464.0079456548583
25;2025-07-24;14;436.1611730122652
25;2025-07-24;15;497.603831016109
25;2025-07-24;16;578.3992376244003
25;2025-07-24;17;658.5105321880261
25;2025-07-24;18;693.659033732835
25;2025-07-24;19;467.01639200480895
25;2025-07-24;20;353.3204704875458
25;2025-07-24;21;253.66555522926618
25;2025-07-24;22;137.67926641957933
25;2025-07-24;23;19.034659095632975
25;2025-07-25;0;3.299337594601357
25;2025-07-25;1;0.0
25;2025-07-25;2;0.0
25;2025-07-25;3;0.0
25;2025-07-25;4;0.0
25;2025-07-25;5;2.9080972068910125
25;2025-07-25;6;135.9014520194979
25;2025-07-25;7;450.0125395371351
25;2025-07-25;8;783.7199778584861
25;2025-07-25;9;449.1270689338657
25;2025-07-25;10;354.7558470502328
25;2025-07-25;11;401.6284145611694
25;2025-07-25;12;400.11959875385514
25;2025-07-25;13;471.14615348490975
25;2025-07-25;14;472.2508257029692
25;2025-07-25;15;559.7251979520589
25;2025-07-25;16;609.9945031193591
25;2025-07-25;17;634.2296970148479
25;2025-07-25;18;562.4222891403754
25;2025-07-25;19;412.8902380348932
25;2025-07-25;20;333.46261330407117
25;2025-07-25;21;247.021548181103
25;2025-07-25;22;144.9661337213646
25;2025-07-25;23;21.967558906742646
25;2025-07-26;0;6.730280911455305
25;2025-07-26;1;0.0
25;2025-07-26;2;0.0
25;2025-07-26;3;0.0
25;2025-07-26;4;0.0
25;2025-07-26;5;1.4051355265475771
25;2025-07-26;6;74.81244557395269
25;2025-07-26;7;142.3257718436015
25;2025-07-26;8;278.8657033355029
25;2025-07-26;9;276.64251990469927
25;2025-07-26;10;263.10910276234495
25;2025-07-26;11;362.2120059685401
25;2025-07-26;12;389.2340017486697
25;2025-07-26;13;496.0773465620874
25;2025-07-26;14;507.08560282748124
25;2025-07-26;15;537.1580088427982
25;2025-07-26;16;496.92844643913554
25;2025-07-26;17;430.0911686008818
25;2025-07-26;18;429.566257372972
25;2025-07-26;19;396.23266002607704
25;2025-07-26;20;297.6943040606958
25;2025-07-26;21;250.87117033477858
25;2025-07-26;22;148.1522376174781
25;2025-07-26;23;47.74195674756524
25;2025-07-27;0;13.78433823702952
25;2025-07-27;1;0.0
25;2025-07-27;2;0.0
25;2025-07-27;3;0.0
25;2025-07-27;4;0.0
25;2025-07-27;5;2.187596539022712
25;2025-07-27;6;54.239428387767546
25;2025-07-27;7;100.33186419485976
25;2025-07-27;8;179.49673581631092
25;2025-07-27;9;204.0201131040119
25;2025-07-27;10;214.86069275475413
25;2025-07-27;11;280.4983694220124
25;2025-07-27;12;316.26066995150313
25;2025-07-27;13;398.02404703556857
25;2025-07-27;14;430.70680113215474
25;2025-07-27;15;452.2966104251406
25;2025-07-27;16;409.9586592830299
25;2025-07-27;17;377.9282516018313
25;2025-07-27;18;372.6099678555222
25;2025-07-27;19;325.4933479667543
25;2025-07-27;20;253.38027689343568
25;2025-07-27;21;206.5583778339181
25;2025-07-27;22;127.46300299099565
25;2025-07-27;23;37.48339437318903
25;2025-07-28;0;7.804054469284187
25;2025-07-28;1;0.0
25;2025-07-28;2;0.0
25;2025-07-28;3;0.0
25;2025-07-28;4;0.0
25;2025-07-28;5;2.0087112938448675
25;2025-07-28;6;136.88615245351332
25;2025-07-28;7;459.9954480387983
25;2025-07-28;8;818.3880779062704
25;2025-07-28;9;433.7708675005605
25;2025-07-28;10;349.47806165180407
25;2025-07-28;11;371.2810603192928
25;2025-07-28;12;370.0993607902104
25;2025-07-28;13;463.36540509146823
25;2025-07-28;14;411.034986725263
25;2025-07-28;15;483.46155011509893
25;2025-07-28;16;586.3522916147067
25;2025-07-28;17;637.9384618215381
25;2025-07-28;18;715.5752170227829
25;2025-07-28;19;460.838327405807
25;2025-07-28;20;339.5738895140325
25;2025-07-28;21;237.65993860410262
25;2025-07-28;22;119.79994280499943
25;2025-07-28;23;15.507272071131208
26;2025-05-29;0;37.04360341919531
26;2025-05-29;1;0.0
26;2025-05-29;2;0.0
26;2025-05-29;3;0.0
26;2025-05-29;4;0.0
26;2025-05-29;5;62.519577831577536
26;2025-05-29;6;554.3141021328552
26;2025-05-29;7;1140.9442363745347
26;2025-05-29;8;2227.982180162163
26;2025-05-29;9;1526.877191173353
26;2025-05-29;10;1302.1973968473176
26;2025-05-29;11;1226.8502930821987
26;2025-05-29;12;1242.2755555113554
26;2025-05-29;13;1233.8460759546335
26;2025-05-29;14;1240.4493213823034
26;2025-05-29;15;1321.5375557663874
26;2025-05-29;16;1571.3243067101628
26;2025-05-29;17;1746.4564971488353
26;2025-05-29;18;1933.8104785286644
26;2025-05-29;19;1389.4003579015164
26;2025-05-29;20;880.8791595984051
26;2025-05-29;21;579.401326979679
26;2025-05-29;22;324.1794296868087
26;2025-05-29;23;159.0084312716296
26;2025-05-30;0;39.715898752014326
26;2025-05-30;1;0.0
26;2025-05-30;2;0.0
26;2025-05-30;3;0.0
26;2025-05-30;4;0.0
26;2025-05-30;5;59.58111261514543
26;2025-05-30;6;535.4386279094385
26;2025-05-30;7;1090.3720226327268
26;2025-05-30;8;2111.538321883556
26;2025-05-30;9;1474.344896535309
26;2025-05-30;10;1284.186574432175
26;2025-05-30;11;1197.0151024265983
26;2025-05-30;12;1247.08030188706
26;2025-05-30;13;1285.9356922016186
26;2025-05-30;14;1269.9922455007168
26;2025-05-30;15;1409.626923394796
26;2025-05-30;16;1652.953646070188
26;2025-05-30;17;1695.1476129972104
26;2025-05-30;18;1483.2232806160077
26;2025-05-30;19;1187.927514063756
26;2025-05-30;20;840.8241182363474
26;2025-05-30;21;540.7558262402795
26;2025-05-30;22;331.10711497992077
26;2025-05-30;23;188.04532306627354
26;2025-05-31;0;50.23252134223114
26;2025-05-31;1;0.0
26;2025-05-31;2;0.0
26;2025-05-31;3;0.0
26;2025-05-31;4;0.0
26;2025-05-31;5;37.725664653414825
26;2025-05-31;6;285.8830724858084
26;2025-05-31;7;373.4312396419964
26;2025-05-31;8;597.226702114684
26;2025-05-31;9;715.1473812234452
26;2025-05-31;10;847.7955704920472
26;2025-05-31;11;964.2216076470597
26;2025-05-31;12;1034.7312056895844
26;2025-05-31;13;1015.5206737887759
26;2025-05-31;14;1009.5758727037808
26;2025-05-31;15;910.9212097912448
26;2025-05-31;16;929.0196268978071
26;2025-05-31;17;892.9407399892134
26;2025-05-31;18;861.2534650802731
26;2025-05-31;19;814.412735580633
26;2025-05-31;20;594.734402994379
26;2025-05-31;21;429.3572933333698
26;2025-05-31;22;266.33315716858925
26;2025-05-31;23;157.57417623946571
26;2025-06-01;0;47.51504070119935
26;2025-06-01;1;0.0
26;2025-06-01;2;0.0
26;2025-06-01;3;0.0
26;2025-06-01;4;0.0
26;2025-06-01;5;29.815918826069954
26;2025-06-01;6;172.62212512925464
26;2025-06-01;7;259.69243463978285
26;2025-06-01;8;402.9956093112029
26;2025-06-01;9;534.8748299949336
26;2025-06-01;10;627.6580485328675
26;2025-06-01;11;746.3353912602415
26;2025-06-01;12;784.6813831781162
26;2025-06-01;13;800.8678782162958
26;2025-06-01;14;798.7657067015218
26;2025-06-01;15;721.8981444051101
26;2025-06-01;16;726.8097421061017
26;2025-06-01;17;711.2768466515981
26;2025-06-01;18;690.5585226106632
26;2025-06-01;19;599.1418649313352
26;2025-06-01;20;450.6242440020418
26;2025-06-01;21;338.54180678193944
26;2025-06-01;22;220.17095563461737
26;2025-06-01;23;112.0817505422408
26;2025-06-02;0;29.558087543196635
26;2025-06-02;1;0.0
26;2025-06-02;2;0.0
26;2025-06-02;3;0.0
26;2025-06-02;4;0.0
26;2025-06-02;5;60.641643183528245
26;2025-06-02;6;536.1008154536784
26;2025-06-02;7;1057.1768215341315
26;2025-06-02;8;2124.7217733113853
26;2025-06-02;9;1452.6919933233712
26;2025-06-02;10;1242.2659968071778
26;2025-06-02;11;1120.6029693486314
26;2025-06-02;12;1164.9005897681473
26;2025-06-02;13;1196.3308414928028
26;2025-06-02;14;1172.6422698023393
26;2025-06-02;15;1244.1900948727582
26;2025-06-02;16;1451.350065572417
26;2025-06-02;17;1613.8597920348213
26;2025-06-02;18;1824.2860738322306
26;2025-06-02;19;1310.9260255449385
26;2025-06-02;20;824.5647597676148
26;2025-06-02;21;507.4479291002501
26;2025-06-02;22;283.84390344719003
26;2025-06-02;23;111.35311749436576
26;2025-06-03;0;32.814387963987116
26;2025-06-03;1;0.0
26;2025-06-03;2;0.0
26;2025-06-03;3;0.0
26;2025-06-03;4;0.0
26;2025-06-03;5;66.02589232009564
26;2025-06-03;6;542.2181938942751
26;2025-06-03;7;1102.5872968812614
26;2025-06-03;8;2164.0209537962037
26;2025-06-03;9;1499.8963749273832
26;2025-06-03;10;1264.3057208284454
26;2025-06-03;11;1145.4805277239986
26;2025-06-03;12;1192.9477534341436
26;2025-06-03;13;1212.847965676032
26;2025-06-03;14;1216.5040309923334
26;2025-06-03;15;1242.4723800815323
26;2025-06-03;16;1484.2657614786237
26;2025-06-03;17;1676.7915290656404
26;2025-06-03;18;1812.8327525241475
26;2025-06-03;19;1331.3413808094288
26;2025-06-03;20;848.1554343123302
26;2025-06-03;21;526.1538629188188
26;2025-06-03;22;297.955601706469
26;2025-06-03;23;131.54485065619252
26;2025-06-04;0;30.928463239875537
26;2025-06-04;1;0.0
26;2025-06-04;2;0.0
26;2025-06-04;3;0.0
26;2025-06-04;4;0.0
26;2025-06-04;5;64.1955583944272
26;2025-06-04;6;537.8228666467801
26;2025-06-04;7;1088.4718938847243
26;2025-06-04;8;2155.6762781937737
26;2025-06-04;9;1526.4855719453274
26;2025-06-04;10;1307.641874260882
26;2025-06-04;11;1175.748735505967
26;2025-06-04;12;1227.380882997529
26;2025-06-04;13;1246.2318136637523
26;2025-06-04;14;1270.2015408486193
26;2025-06-04;15;1292.7517306781426
26;2025-06-04;16;1510.9188538554922
26;2025-06-04;17;1663.1737570500463
26;2025-06-04;18;1835.3263897053725
26;2025-06-04;19;1334.7631641182625
26;2025-06-04;20;862.3041340153422
26;2025-06-04;21;554.8998999165683
26;2025-06-04;22;321.7628060825674
26;2025-06-04;23;145.50025187866214
26;2025-06-05;0;36.22200013413762
26;2025-06-05;1;0.0
26;2025-06-05;2;0.0
26;2025-06-05;3;0.0
26;2025-06-05;4;0.0
26;2025-06-05;5;61.41215419778856
26;2025-06-05;6;542.9657371115039
26;2025-06-05;7;1113.3749066526398
26;2025-06-05;8;2168.375194316508
26;2025-06-05;9;1492.2118812148274
26;2025-06-05;10;1273.2525888969515
26;2025-06-05;11;1200.0821019025811
26;2025-06-05;12;1218.457935092053
26;2025-06-05;13;1214.3360073980004
26;2025-06-05;14;1220.3718558228607
26;2025-06-05;15;1295.7095378566014
26;2025-06-05;16;1544.386526253216
26;2025-06-05;17;1712.3398929373175
26;2025-06-05;18;1888.4228876095501
26;2025-06-05;19;1351.1106129287489
26;2025-06-05;20;858.14716327105
26;2025-06-05;21;565.2088962985114
26;2025-06-05;22;314.59375908654863
26;2025-06-05;23;153.35202651152983
26;2025-06-06;0;38.81440121214169
26;2025-06-06;1;0.0
26;2025-06-06;2;0.0
26;2025-06-06;3;0.0
26;2025-06-06;4;0.0
26;2025-06-06;5;58.42307435297579
26;2025-06-06;6;521.4130168244599
26;2025-06-06;7;1060.182791661967
26;2025-06-06;8;2051.7109411359384
26;2025-06-06;9;1438.2494298797492
26;2025-06-06;10;1250.6171570443373
26;2025-06-06;11;1166.2468985880444
26;2025-06-06;12;1216.933020467393
26;2025-06-06;13;1255.027368088915
26;2025-06-06;14;1239.4032571090984
26;2025-06-06;15;1373.4400982140874
26;2025-06-06;16;1611.6559315037966
26;2025-06-06;17;1652.0665470974386
26;2025-06-06;18;1442.6200321312124
26;2025-06-06;19;1155.651970939469
26;2025-06-06;20;821.7831319820403
26;2025-06-06;21;528.4518024647887
26;2025-06-06;22;324.12580899034253
26;2025-06-06;23;184.3636977998292
26;2025-06-07;0;47.87889047627474
26;2025-06-07;1;0.0
26;2025-06-07;2;0.0
26;2025-06-07;3;0.0
26;2025-06-07;4;0.0
26;2025-06-07;5;37.11354153056965
26;2025-06-07;6;273.0824631740562
26;2025-06-07;7;356.6747827993215
26;2025-06-07;8;571.6272867860368
26;2025-06-07;9;682.2674389544313
26;2025-06-07;10;806.5420557902396
26;2025-06-07;11;910.1548417749818
26;2025-06-07;12;981.910891979253
26;2025-06-07;13;961.6117894979427
26;2025-06-07;14;956.7259785792048
26;2025-06-07;15;862.2354488180712
26;2025-06-07;16;880.2361188832834
26;2025-06-07;17;846.7792569608076
26;2025-06-07;18;815.0790155603855
26;2025-06-07;19;769.9243134313309
26;2025-06-07;20;563.4642616207708
26;2025-06-07;21;406.5245937477155
26;2025-06-07;22;252.5207719847204
26;2025-06-07;23;149.11476622466319
26;2025-06-08;0;46.14951889954121
26;2025-06-08;1;0.0
26;2025-06-08;2;0.0
26;2025-06-08;3;0.0
26;2025-06-08;4;0.0
26;2025-06-08;5;30.01319098670242
26;2025-06-08;6;172.98962931082528
26;2025-06-08;7;268.75897835070384
26;2025-06-08;8;397.518708033406
26;2025-06-08;9;511.68947340962694
26;2025-06-08;10;599.6601920852122
26;2025-06-08;11;709.5486181875326
26;2025-06-08;12;746.661987162358
26;2025-06-08;13;760.6023893096208
26;2025-06-08;14;759.6193074500711
26;2025-06-08;15;686.2704186682988
26;2025-06-08;16;690.8694180745297
26;2025-06-08;17;676.0813828949144
26;2025-06-08;18;656.3950588005869
26;2025-06-08;19;571.9837495290808
26;2025-06-08;20;433.78753325563844
26;2025-06-08;21;325.6027815804939
26;2025-06-08;22;212.52592972472948
26;2025-06-08;23;110.01645674565124
26;2025-06-09;0;31.792216902292232
26;2025-06-09;1;0.0
26;2025-06-09;2;0.0
26;2025-06-09;3;0.0
26;2025-06-09;4;0.0
26;2025-06-09;5;60.08542284163949
26;2025-06-09;6;521.5466380340479
26;2025-06-09;7;1030.0161249228804
26;2025-06-09;8;2070.5088111822124
26;2025-06-09;9;1417.0504321987737
26;2025-06-09;10;1211.3512517687018
26;2025-06-09;11;1093.2199959303884
26;2025-06-09;12;1136.3047248054613
26;2025-06-09;13;1163.2854607363568
26;2025-06-09;14;1138.5722840625203
26;2025-06-09;15;1208.5735653642123
26;2025-06-09;16;1408.1675512621512
26;2025-06-09;17;1569.7461748523742
26;2025-06-09;18;1770.0376215886072
26;2025-06-09;19;1270.6610531283131
26;2025-06-09;20;806.901592332031
26;2025-06-09;21;496.6647240073769
26;2025-06-09;22;277.24491896347524
26;2025-06-09;23;112.9617423624476
26;2025-06-10;0;30.37513585276232
26;2025-06-10;1;0.0
26;2025-06-10;2;0.0
26;2025-06-10;3;0.0
26;2025-06-10;4;0.0
26;2025-06-10;5;66.00271160777757
26;2025-06-10;6;542.2959136032616
26;2025-06-10;7;1108.382872356296
26;2025-06-10;8;2175.8162505766104
26;2025-06-10;9;1499.5372171065842
26;2025-06-10;10;1263.4331918846515
26;2025-06-10;11;1145.1464965350324
26;2025-06-10;12;1193.2437733468123
26;2025-06-10;13;1216.674357047384
26;2025-06-10;14;1222.4956785412505
26;2025-06-10;15;1252.5163742126056
26;2025-06-10;16;1491.8284215730444
26;2025-06-10;17;1677.4343627118951
26;2025-06-10;18;1809.3598733601152
26;2025-06-10;19;1325.8906074956963
26;2025-06-10;20;843.4312012149635
26;2025-06-10;21;523.6942958659699
26;2025-06-10;22;299.20806477192605
26;2025-06-10;23;130.96330403097522
26;2025-06-11;0;30.648973398741482
26;2025-06-11;1;0.0
26;2025-06-11;2;0.0
26;2025-06-11;3;0.0
26;2025-06-11;4;0.0
26;2025-06-11;5;64.15956487104506
26;2025-06-11;6;529.5281226904699
26;2025-06-11;7;1073.646388662333
26;2025-06-11;8;2125.4520050561123
26;2025-06-11;9;1504.9897958381607
26;2025-06-11;10;1289.7502008214742
26;2025-06-11;11;1160.7202708262953
26;2025-06-11;12;1211.8942862991405
26;2025-06-11;13;1228.0663699672346
26;2025-06-11;14;1251.8221642493481
26;2025-06-11;15;1274.7749276626105
26;2025-06-11;16;1484.1807503166883
26;2025-06-11;17;1633.4890615635456
26;2025-06-11;18;1793.101219545709
26;2025-06-11;19;1303.1872706092358
26;2025-06-11;20;844.093871985132
26;2025-06-11;21;541.9912369311344
26;2025-06-11;22;314.7030803882748
26;2025-06-11;23;142.65064700480085
26;2025-06-12;0;43.53473424860793
26;2025-06-12;1;0.0
26;2025-06-12;2;0.0
26;2025-06-12;3;0.0
26;2025-06-12;4;0.0
26;2025-06-12;5;31.835284110499227
26;2025-06-12;6;202.19902514303715
26;2025-06-12;7;277.4766939574415
26;2025-06-12;8;417.7336076061147
26;2025-06-12;9;520.1869342052321
26;2025-06-12;10;621.3677117109162
26;2025-06-12;11;716.7923012088347
26;2025-06-12;12;786.3181767892956
26;2025-06-12;13;796.4795371122143
26;2025-06-12;14;800.3399378203446
26;2025-06-12;15;727.9845934606808
26;2025-06-12;16;737.8900827891191
26;2025-06-12;17;723.0306202814978
26;2025-06-12;18;708.1980117882983
26;2025-06-12;19;640.1554518906989
26;2025-06-12;20;470.03218160355647
26;2025-06-12;21;342.2933348207633
26;2025-06-12;22;224.92533171321483
26;2025-06-12;23;122.04273328867879
26;2025-06-13;0;41.408567165493
26;2025-06-13;1;0.0
26;2025-06-13;2;0.0
26;2025-06-13;3;0.0
26;2025-06-13;4;0.0
26;2025-06-13;5;31.555377443860774
26;2025-06-13;6;199.8068184011872
26;2025-06-13;7;284.7820717388396
26;2025-06-13;8;412.5581597922369
26;2025-06-13;9;499.7235062743117
26;2025-06-13;10;587.5846813884486
26;2025-06-13;11;672.5328558024294
26;2025-06-13;12;738.7739364320644
26;2025-06-13;13;752.7183356019532
26;2025-06-13;14;756.2121992940154
26;2025-06-13;15;686.2524242860825
26;2025-06-13;16;697.1353425163663
26;2025-06-13;17;679.944642991087
26;2025-06-13;18;664.5234043747491
26;2025-06-13;19;605.488284680401
26;2025-06-13;20;445.47348257906566
26;2025-06-13;21;323.9181480953419
26;2025-06-13;22;213.89468134187197
26;2025-06-13;23;115.36463388674397
26;2025-06-14;0;45.75677435779784
26;2025-06-14;1;0.0
26;2025-06-14;2;0.0
26;2025-06-14;3;0.0
26;2025-06-14;4;0.0
26;2025-06-14;5;35.832256023399324
26;2025-06-14;6;265.7603169577909
26;2025-06-14;7;348.50200812755395
26;2025-06-14;8;564.6768683691373
26;2025-06-14;9;665.6858025421
26;2025-06-14;10;786.6134462835291
26;2025-06-14;11;887.3446500608081
26;2025-06-14;12;958.0038801269241
26;2025-06-14;13;938.2834902421403
26;2025-06-14;14;933.6277256817275
26;2025-06-14;15;840.9399291262839
26;2025-06-14;16;857.8961249783836
26;2025-06-14;17;821.5992327885648
26;2025-06-14;18;782.6115806662522
26;2025-06-14;19;739.1211712590327
26;2025-06-14;20;541.8277886391857
26;2025-06-14;21;389.86043627023423
26;2025-06-14;22;241.60572255587988
26;2025-06-14;23;140.85096481910048
26;2025-06-15;0;44.361482621946024
26;2025-06-15;1;0.0
26;2025-06-15;2;0.0
26;2025-06-15;3;0.0
26;2025-06-15;4;0.0
26;2025-06-15;5;29.918602836809967
26;2025-06-15;6;171.9615909741276
26;2025-06-15;7;267.83595888426623
26;2025-06-15;8;396.6718891218907
26;2025-06-15;9;506.12884483343896
26;2025-06-15;10;593.3953969612636
26;2025-06-15;11;700.7140724260428
26;2025-06-15;12;738.3474039295627
26;2025-06-15;13;752.2506261793955
26;2025-06-15;14;750.8087345022097
26;2025-06-15;15;677.6491416936656
26;2025-06-15;16;681.1257414326018
26;2025-06-15;17;663.6651049991323
26;2025-06-15;18;638.0383880417511
26;2025-06-15;19;553.3572959221295
26;2025-06-15;20;417.64578322196746
26;2025-06-15;21;312.3197426500996
26;2025-06-15;22;207.36970196236652
26;2025-06-15;23;103.44187303954874
26;2025-06-16;0;31.92691735510706
26;2025-06-16;1;0.0
26;2025-06-16;2;0.0
26;2025-06-16;3;0.0
26;2025-06-16;4;0.0
26;2025-06-16;5;59.01598739214144
26;2025-06-16;6;520.599857090803
26;2025-06-16;7;1032.6740194222643
26;2025-06-16;8;2074.2127216179324
26;2025-06-16;9;1414.8288619651598
26;2025-06-16;10;1210.2200767044528
26;2025-06-16;11;1092.7439493212864
26;2025-06-16;12;1137.661025361173
26;2025-06-16;13;1167.2261658851571
26;2025-06-16;14;1145.8487849615058
26;2025-06-16;15;1217.7102173908902
26;2025-06-16;16;1415.0612720301442
26;2025-06-16;17;1573.778378184388
26;2025-06-16;18;1767.4789051345076
26;2025-06-16;19;1266.6006501615761
26;2025-06-16;20;804.7194665838168
26;2025-06-16;21;493.8471270952708
26;2025-06-16;22;275.4732463689211
26;2025-06-16;23;113.57225844648924
26;2025-06-17;0;30.47507519796786
26;2025-06-17;1;0.0
26;2025-06-17;2;0.0
26;2025-06-17;3;0.0
26;2025-06-17;4;0.0
26;2025-06-17;5;63.310185005133505
26;2025-06-17;6;512.869322443586
26;2025-06-17;7;1052.9344831992832
26;2025-06-17;8;2048.6403143250946
26;2025-06-17;9;1419.7922033943605
26;2025-06-17;10;1190.0191714558891
26;2025-06-17;11;1074.7776871530496
26;2025-06-17;12;1118.1481363594448
26;2025-06-17;13;1133.0038403818025
26;2025-06-17;14;1137.8681671169131
26;2025-06-17;15;1162.1162415682284
26;2025-06-17;16;1389.6183409906043
26;2025-06-17;17;1565.03053179402
26;2025-06-17;18;1682.8909402076451
26;2025-06-17;19;1234.5703409680475
26;2025-06-17;20;789.8948683698623
26;2025-06-17;21;488.0993357073738
26;2025-06-17;22;276.81664511836493
26;2025-06-17;23;123.32930226207442
26;2025-06-18;0;29.68963198886474
26;2025-06-18;1;0.0
26;2025-06-18;2;0.0
26;2025-06-18;3;0.0
26;2025-06-18;4;0.0
26;2025-06-18;5;61.23270742783014
26;2025-06-18;6;507.19331647061597
26;2025-06-18;7;1036.853657323219
26;2025-06-18;8;2037.428155881978
26;2025-06-18;9;1444.3148911527692
26;2025-06-18;10;1229.9252430076062
26;2025-06-18;11;1102.8925717281866
26;2025-06-18;12;1149.8855022970604
26;2025-06-18;13;1161.7609518494355
26;2025-06-18;14;1185.0514337811142
26;2025-06-18;15;1205.22073732954
26;2025-06-18;16;1408.2761017863122
26;2025-06-18;17;1548.7392759647635
26;2025-06-18;18;1697.4623255602332
26;2025-06-18;19;1236.280223818423
26;2025-06-18;20;800.944102149896
26;2025-06-18;21;513.3565165617194
26;2025-06-18;22;299.4446746097143
26;2025-06-18;23;135.26045375486765
26;2025-06-19;0;32.62240037778855
26;2025-06-19;1;0.0
26;2025-06-19;2;0.0
26;2025-06-19;3;0.0
26;2025-06-19;4;0.0
26;2025-06-19;5;58.57246489120354
26;2025-06-19;6;519.9605764807188
26;2025-06-19;7;1075.1000276421737
26;2025-06-19;8;2098.4795363620333
26;2025-06-19;9;1437.7155371207477
26;2025-06-19;10;1224.1066708612152
26;2025-06-19;11;1153.302500333974
26;2025-06-19;12;1170.7606384354622
26;2025-06-19;13;1163.9940007270775
26;2025-06-19;14;1168.841177527606
26;2025-06-19;15;1240.7023482731095
26;2025-06-19;16;1476.6151477212056
26;2025-06-19;17;1633.2451904142547
26;2025-06-19;18;1785.9212016138567
26;2025-06-19;19;1277.1084407404346
26;2025-06-19;20;813.1315366446097
26;2025-06-19;21;533.2001593257851
26;2025-06-19;22;299.0094019690166
26;2025-06-19;23;143.14206288249733
26;2025-06-20;0;33.609907276418724
26;2025-06-20;1;0.0
26;2025-06-20;2;0.0
26;2025-06-20;3;0.0
26;2025-06-20;4;0.0
26;2025-06-20;5;56.18085799440246
26;2025-06-20;6;498.9453736248846
26;2025-06-20;7;1023.9738797968706
26;2025-06-20;8;1974.6636340857413
26;2025-06-20;9;1376.5943087422845
26;2025-06-20;10;1191.105006933588
26;2025-06-20;11;1109.0173797778152
26;2025-06-20;12;1155.3853988726328
26;2025-06-20;13;1187.2675663334858
26;2025-06-20;14;1172.171009982546
26;2025-06-20;15;1297.032187482424
26;2025-06-20;16;1523.5057461567626
26;2025-06-20;17;1555.1218194212247
26;2025-06-20;18;1336.1343063700385
26;2025-06-20;19;1067.7388505302074
26;2025-06-20;20;760.3926857448512
26;2025-06-20;21;487.5199053623028
26;2025-06-20;22;300.36222126460586
26;2025-06-20;23;162.12481789116168
26;2025-06-21;0;47.018057981997714
26;2025-06-21;1;0.0
26;2025-06-21;2;0.0
26;2025-06-21;3;0.0
26;2025-06-21;4;0.0
26;2025-06-21;5;36.03950420692314
26;2025-06-21;6;274.576949395372
26;2025-06-21;7;364.2237574318119
26;2025-06-21;8;591.9197543869564
26;2025-06-21;9;691.8360727514505
26;2025-06-21;10;818.3426078831201
26;2025-06-21;11;929.7516131027635
26;2025-06-21;12;999.7142293352383
26;2025-06-21;13;981.4490769203094
26;2025-06-21;14;975.8087974274749
26;2025-06-21;15;879.6222619516743
26;2025-06-21;16;896.3516775507455
26;2025-06-21;17;854.7848088419821
26;2025-06-21;18;811.6815674960835
26;2025-06-21;19;767.67470162351
26;2025-06-21;20;565.8604964541596
26;2025-06-21;21;407.6852256865477
26;2025-06-21;22;252.9028124965108
26;2025-06-21;23;147.88727268382587
26;2025-06-22;0;44.18934055238199
26;2025-06-22;1;0.0
26;2025-06-22;2;0.0
26;2025-06-22;3;0.0
26;2025-06-22;4;0.0
26;2025-06-22;5;29.924657615024202
26;2025-06-22;6;172.38732351495003
26;2025-06-22;7;269.467159800019
26;2025-06-22;8;403.0532766906741
26;2025-06-22;9;509.38449848867384
26;2025-06-22;10;595.6999183539413
26;2025-06-22;11;703.5532814290868
26;2025-06-22;12;741.4228530811117
26;2025-06-22;13;754.1176031755047
26;2025-06-22;14;752.082501288769
26;2025-06-22;15;678.244725746013
26;2025-06-22;16;682.0136921422461
26;2025-06-22;17;664.2969992034693
26;2025-06-22;18;635.7684662507193
26;2025-06-22;19;552.3449401188557
26;2025-06-22;20;419.03757747611013
26;2025-06-22;21;313.46806919623873
26;2025-06-22;22;208.00419485497463
26;2025-06-22;23;103.72258156201505
26;2025-06-23;0;29.24743434259249
26;2025-06-23;1;0.0
26;2025-06-23;2;0.0
26;2025-06-23;3;0.0
26;2025-06-23;4;0.0
26;2025-06-23;5;58.747316770524364
26;2025-06-23;6;518.4407883093331
26;2025-06-23;7;1033.6593685368175
26;2025-06-23;8;2075.7648110841774
26;2025-06-23;9;1412.1860700017223
26;2025-06-23;10;1207.8474437704895
26;2025-06-23;11;1090.9402803902726
26;2025-06-23;12;1136.0043007429585
26;2025-06-23;13;1167.2316179953084
26;2025-06-23;14;1146.9202350268174
26;2025-06-23;15;1217.9325010297916
26;2025-06-23;16;1413.319768627102
26;2025-06-23;17;1565.893855384555
26;2025-06-23;18;1755.1270658909102
26;2025-06-23;19;1255.358910311816
26;2025-06-23;20;795.4744016429734
26;2025-06-23;21;487.4423711708382
26;2025-06-23;22;275.39186054796767
26;2025-06-23;23;109.2353683042264
26;2025-06-24;0;29.69329212389438
26;2025-06-24;1;0.0
26;2025-06-24;2;0.0
26;2025-06-24;3;0.0
26;2025-06-24;4;0.0
26;2025-06-24;5;65.03644658558704
26;2025-06-24;6;522.4876725790646
26;2025-06-24;7;1073.259936637951
26;2025-06-24;8;2105.6304772860767
26;2025-06-24;9;1448.5114101181694
26;2025-06-24;10;1219.0375103545273
26;2025-06-24;11;1104.5362683237695
26;2025-06-24;12;1151.652927745833
26;2025-06-24;13;1172.6751689219846
26;2025-06-24;14;1178.097675783922
26;2025-06-24;15;1203.7290184033009
26;2025-06-24;16;1434.4198960707513
26;2025-06-24;17;1611.2819763823825
26;2025-06-24;18;1723.986032320564
26;2025-06-24;19;1262.6242361714344
26;2025-06-24;20;809.0425729821006
26;2025-06-24;21;500.51734683925247
26;2025-06-24;22;285.9259036658848
26;2025-06-24;23;125.39283620396589
26;2025-06-25;0;30.356927898837835
26;2025-06-25;1;0.0
26;2025-06-25;2;0.0
26;2025-06-25;3;0.0
26;2025-06-25;4;0.0
26;2025-06-25;5;63.14703607453403
26;2025-06-25;6;514.5172983406027
26;2025-06-25;7;1050.871632557341
26;2025-06-25;8;2080.4821014668314
26;2025-06-25;9;1466.2592577606292
26;2025-06-25;10;1254.9254016402379
26;2025-06-25;11;1129.2171926674177
26;2025-06-25;12;1180.377207160479
26;2025-06-25;13;1196.8304808647613
26;2025-06-25;14;1221.0009162069125
26;2025-06-25;15;1241.2157715192184
26;2025-06-25;16;1445.8929392726204
26;2025-06-25;17;1587.3719342311892
26;2025-06-25;18;1732.875958255322
26;2025-06-25;19;1258.886852077595
26;2025-06-25;20;820.17360568472
26;2025-06-25;21;526.2899144007683
26;2025-06-25;22;306.87970008152354
26;2025-06-25;23;139.80904030815105
26;2025-06-26;0;31.733162663330774
26;2025-06-26;1;0.0
26;2025-06-26;2;0.0
26;2025-06-26;3;0.0
26;2025-06-26;4;0.0
26;2025-06-26;5;59.720166823036166
26;2025-06-26;6;507.83509975087185
26;2025-06-26;7;1056.6435547428082
26;2025-06-26;8;2040.995295658271
26;2025-06-26;9;1403.776156596326
26;2025-06-26;10;1191.8411695365403
26;2025-06-26;11;1121.0287151104242
26;2025-06-26;12;1137.3132915800093
26;2025-06-26;13;1128.7405902301543
26;2025-06-26;14;1135.661788247054
26;2025-06-26;15;1199.704731477755
26;2025-06-26;16;1427.7335738555262
26;2025-06-26;17;1575.9355479384792
26;2025-06-26;18;1721.696487517595
26;2025-06-26;19;1233.3784618343443
26;2025-06-26;20;786.6460943436973
26;2025-06-26;21;515.6636908835
26;2025-06-26;22;290.30711103530336
26;2025-06-26;23;140.29866166631945
26;2025-06-27;0;35.18930917250192
26;2025-06-27;1;0.0
26;2025-06-27;2;0.0
26;2025-06-27;3;0.0
26;2025-06-27;4;0.0
26;2025-06-27;5;58.50908291866318
26;2025-06-27;6;514.1661877237515
26;2025-06-27;7;1045.8815601368292
26;2025-06-27;8;2025.3266383334435
26;2025-06-27;9;1410.0667991942705
26;2025-06-27;10;1232.9422073181008
26;2025-06-27;11;1155.6049435586679
26;2025-06-27;12;1209.3130578340624
26;2025-06-27;13;1249.0989304643876
26;2025-06-27;14;1235.9240573534935
26;2025-06-27;15;1372.5614842862979
26;2025-06-27;16;1600.5152305759648
26;2025-06-27;17;1628.1910625405135
26;2025-06-27;18;1403.9358373409113
26;2025-06-27;19;1117.7974755651744
26;2025-06-27;20;800.386776585219
26;2025-06-27;21;510.3721974537914
26;2025-06-27;22;315.269012322317
26;2025-06-27;23;173.51660125845413
26;2025-06-28;0;47.42751593764757
26;2025-06-28;1;0.0
26;2025-06-28;2;0.0
26;2025-06-28;3;0.0
26;2025-06-28;4;0.0
26;2025-06-28;5;37.08371012621953
26;2025-06-28;6;274.87693704488004
26;2025-06-28;7;361.94376952406265
26;2025-06-28;8;582.4806932333722
26;2025-06-28;9;681.4709469617591
26;2025-06-28;10;812.11616109753
26;2025-06-28;11;930.5516181881103
26;2025-06-28;12;1005.7766426159794
26;2025-06-28;13;987.2504207070891
26;2025-06-28;14;982.6133070795292
26;2025-06-28;15;887.9847511754942
26;2025-06-28;16;905.2984973419352
26;2025-06-28;17;865.4426016117059
26;2025-06-28;18;823.9888422426366
26;2025-06-28;19;773.8317495130348
26;2025-06-28;20;570.963164386518
26;2025-06-28;21;409.9601598216284
26;2025-06-28;22;256.58403259595485
26;2025-06-28;23;151.77849723794446
26;2025-06-29;0;43.70379419126
26;2025-06-29;1;0.0
26;2025-06-29;2;0.0
26;2025-06-29;3;0.0
26;2025-06-29;4;0.0
26;2025-06-29;5;29.99842614677865
26;2025-06-29;6;169.74417284889137
26;2025-06-29;7;263.2776889656111
26;2025-06-29;8;387.28200123825843
26;2025-06-29;9;492.1682821713078
26;2025-06-29;10;577.8456623866473
26;2025-06-29;11;688.2063144706635
26;2025-06-29;12;728.7775938251924
26;2025-06-29;13;742.1426456973053
26;2025-06-29;14;741.311182088674
26;2025-06-29;15;669.8753601263951
26;2025-06-29;16;674.2296720308711
26;2025-06-29;17;657.2612338920122
26;2025-06-29;18;631.8817393018837
26;2025-06-29;19;549.699094978228
26;2025-06-29;20;419.05848917699757
26;2025-06-29;21;312.9917893628786
26;2025-06-29;22;205.57538999240035
26;2025-06-29;23;105.36535018243197
26;2025-06-30;0;26.62745749063167
26;2025-06-30;1;0.0
26;2025-06-30;2;0.0
26;2025-06-30;3;0.0
26;2025-06-30;4;0.0
26;2025-06-30;5;57.388183356205786
26;2025-06-30;6;490.87834335276386
26;2025-06-30;7;976.3210892832958
26;2025-06-30;8;1955.3125463705219
26;2025-06-30;9;1326.6294544864288
26;2025-06-30;10;1130.6963357493073
26;2025-06-30;11;1021.3828097827462
26;2025-06-30;12;1062.1252161502746
26;2025-06-30;13;1084.6114973517467
26;2025-06-30;14;1065.6825626648133
26;2025-06-30;15;1133.6695541361414
26;2025-06-30;16;1316.4525165315367
26;2025-06-30;17;1459.9964896698284
26;2025-06-30;18;1633.187950672167
26;2025-06-30;19;1174.0439036793498
26;2025-06-30;20;748.5934700066155
26;2025-06-30;21;456.27014777733075
26;2025-06-30;22;255.22000286821736
26;2025-06-30;23;100.44427112042115
26;2025-07-01;0;26.739003600646804
26;2025-07-01;1;0.0
26;2025-07-01;2;0.0
26;2025-07-01;3;0.0
26;2025-07-01;4;0.0
26;2025-07-01;5;62.741559042186566
26;2025-07-01;6;504.10815779115734
26;2025-07-01;7;1031.6341337038994
26;2025-07-01;8;2021.8682154411817
26;2025-07-01;9;1378.114959564935
26;2025-07-01;10;1153.7370265485358
26;2025-07-01;11;1044.8724472626159
26;2025-07-01;12;1088.2387302735622
26;2025-07-01;13;1115.0850005948328
26;2025-07-01;14;1123.7152419076424
26;2025-07-01;15;1157.0843242465464
26;2025-07-01;16;1381.4580621279956
26;2025-07-01;17;1547.747554387656
26;2025-07-01;18;1655.034579991971
26;2025-07-01;19;1220.280836541523
26;2025-07-01;20;776.622732448908
26;2025-07-01;21;477.0757770739783
26;2025-07-01;22;271.0837623981545
26;2025-07-01;23;119.03686075779329
26;2025-07-02;0;30.217657010811195
26;2025-07-02;1;0.0
26;2025-07-02;2;0.0
26;2025-07-02;3;0.0
26;2025-07-02;4;0.0
26;2025-07-02;5;56.09372033284627
26;2025-07-02;6;497.1667607734968
26;2025-07-02;7;1017.9080187444202
26;2025-07-02;8;2035.120986859052
26;2025-07-02;9;1412.078082534987
26;2025-07-02;10;1207.0198793881168
26;2025-07-02;11;1086.8903371425881
26;2025-07-02;12;1138.6891233718625
26;2025-07-02;13;1185.2313652092469
26;2025-07-02;14;1212.364406666996
26;2025-07-02;15;1247.6070802711545
26;2025-07-02;16;1450.9593742447487
26;2025-07-02;17;1588.578745549458
26;2025-07-02;18;1734.2913956493371
26;2025-07-02;19;1268.2998965382756
26;2025-07-02;20;822.0535278643542
26;2025-07-02;21;526.426594530757
26;2025-07-02;22;306.24750932204915
26;2025-07-02;23;137.74004730310708
26;2025-07-03;0;35.19174852846763
26;2025-07-03;1;0.0
26;2025-07-03;2;0.0
26;2025-07-03;3;0.0
26;2025-07-03;4;0.0
26;2025-07-03;5;41.41569232291519
26;2025-07-03;6;493.0039696860773
26;2025-07-03;7;1035.834001575066
26;2025-07-03;8;2048.539436110189
26;2025-07-03;9;1376.584354810155
26;2025-07-03;10;1171.5800990423397
26;2025-07-03;11;1107.2032569684397
26;2025-07-03;12;1127.5290645457667
26;2025-07-03;13;1163.380942786297
26;2025-07-03;14;1175.0009603168437
26;2025-07-03;15;1292.4092566111585
26;2025-07-03;16;1529.7233379460222
26;2025-07-03;17;1685.3769361225206
26;2025-07-03;18;1840.080284786019
26;2025-07-03;19;1335.7854937798916
26;2025-07-03;20;867.5394518261174
26;2025-07-03;21;579.2728719069794
26;2025-07-03;22;307.09684036177543
26;2025-07-03;23;152.2195063931257
26;2025-07-04;0;36.9442128925235
26;2025-07-04;1;0.0
26;2025-07-04;2;0.0
26;2025-07-04;3;0.0
26;2025-07-04;4;0.0
26;2025-07-04;5;39.67878449949181
26;2025-07-04;6;475.34032127550233
26;2025-07-04;7;980.0930370016902
26;2025-07-04;8;1929.3596076716872
26;2025-07-04;9;1320.5446531177931
26;2025-07-04;10;1154.9194846303167
26;2025-07-04;11;1079.6016439265197
26;2025-07-04;12;1132.5172499277828
26;2025-07-04;13;1207.8789063529975
26;2025-07-04;14;1198.67742594207
26;2025-07-04;15;1370.1505453757695
26;2025-07-04;16;1600.673453987264
26;2025-07-04;17;1629.063642096046
26;2025-07-04;18;1415.0660293562282
26;2025-07-04;19;1144.9250690854801
26;2025-07-04;20;827.0673999768073
26;2025-07-04;21;540.5604338515848
26;2025-07-04;22;313.2334609501257
26;2025-07-04;23;179.65673450937868
26;2025-07-05;0;47.39903868274465
26;2025-07-05;1;0.0
26;2025-07-05;2;0.0
26;2025-07-05;3;0.0
26;2025-07-05;4;0.0
26;2025-07-05;5;25.690753715785338
26;2025-07-05;6;257.9591476302021
26;2025-07-05;7;338.861824199899
26;2025-07-05;8;554.0541158579654
26;2025-07-05;9;642.0222833477781
26;2025-07-05;10;773.9973112030348
26;2025-07-05;11;891.7950036062446
26;2025-07-05;12;966.3077814674346
26;2025-07-05;13;974.8042119632532
26;2025-07-05;14;973.904244651146
26;2025-07-05;15;907.6947359051464
26;2025-07-05;16;928.4813253285157
26;2025-07-05;17;889.150472705745
26;2025-07-05;18;846.7426432364823
26;2025-07-05;19;801.2121653822227
26;2025-07-05;20;591.6406074320181
26;2025-07-05;21;430.7601070794991
26;2025-07-05;22;256.398322067018
26;2025-07-05;23;151.22916862594167
26;2025-07-06;0;45.21336139575253
26;2025-07-06;1;0.0
26;2025-07-06;2;0.0
26;2025-07-06;3;0.0
26;2025-07-06;4;0.0
26;2025-07-06;5;20.03816384584661
26;2025-07-06;6;152.94892021798375
26;2025-07-06;7;231.2923342470643
26;2025-07-06;8;365.18109120332997
26;2025-07-06;9;477.55353110386386
26;2025-07-06;10;570.0858103258959
26;2025-07-06;11;689.4402676150739
26;2025-07-06;12;731.7345619390859
26;2025-07-06;13;767.8222558555024
26;2025-07-06;14;771.0250378648454
26;2025-07-06;15;719.4991319306646
26;2025-07-06;16;725.8966632717286
26;2025-07-06;17;707.8612104927229
26;2025-07-06;18;678.6928542305958
26;2025-07-06;19;593.5836032774668
26;2025-07-06;20;453.3998633606475
26;2025-07-06;21;343.59370531860327
26;2025-07-06;22;215.3383901132202
26;2025-07-06;23;109.55944028695609
26;2025-07-07;0;31.53394042868051
26;2025-07-07;1;0.0
26;2025-07-07;2;0.0
26;2025-07-07;3;0.0
26;2025-07-07;4;0.0
26;2025-07-07;5;41.29399843111247
26;2025-07-07;6;484.14137716107217
26;2025-07-07;7;979.877534045404
26;2025-07-07;8;1998.235679645139
26;2025-07-07;9;1340.4928400470676
26;2025-07-07;10;1144.2621195017562
26;2025-07-07;11;1034.7630793179985
26;2025-07-07;12;1081.2173527430414
26;2025-07-07;13;1143.8270628395635
26;2025-07-07;14;1126.560462303254
26;2025-07-07;15;1237.866617673748
26;2025-07-07;16;1428.9506022669127
26;2025-07-07;17;1578.9996131258436
26;2025-07-07;18;1761.9068565009634
26;2025-07-07;19;1281.1425522191394
26;2025-07-07;20;829.5605483037359
26;2025-07-07;21;520.9315787325688
26;2025-07-07;22;274.8979099705831
26;2025-07-07;23;112.44517473124208
26;2025-07-08;0;31.625446864061843
26;2025-07-08;1;0.0
26;2025-07-08;2;0.0
26;2025-07-08;3;0.0
26;2025-07-08;4;0.0
26;2025-07-08;5;46.35589045044779
26;2025-07-08;6;487.9700636275295
26;2025-07-08;7;1017.1070583094918
26;2025-07-08;8;2021.0544402999162
26;2025-07-08;9;1375.2072996850095
26;2025-07-08;10;1152.1485711777816
26;2025-07-08;11;1044.706177686896
26;2025-07-08;12;1093.8031936982786
26;2025-07-08;13;1147.6422906284156
26;2025-07-08;14;1155.7095033560524
26;2025-07-08;15;1223.1543155235772
26;2025-07-08;16;1452.8942912160937
26;2025-07-08;17;1624.1742467768531
26;2025-07-08;18;1737.5128658744284
26;2025-07-08;19;1289.2895625416313
26;2025-07-08;20;839.4127063959604
26;2025-07-08;21;529.4712160079692
26;2025-07-08;22;282.75107128922747
26;2025-07-08;23;129.37028274726754
26;2025-07-09;0;32.93261717443806
26;2025-07-09;1;0.0
26;2025-07-09;2;0.0
26;2025-07-09;3;0.0
26;2025-07-09;4;0.0
26;2025-07-09;5;44.55323802568129
26;2025-07-09;6;487.81200435480844
26;2025-07-09;7;1011.337128218712
26;2025-07-09;8;2035.527096747792
26;2025-07-09;9;1416.5840183774862
26;2025-07-09;10;1213.0602906592271
26;2025-07-09;11;1092.7630742730178
26;2025-07-09;12;1147.0724177963764
26;2025-07-09;13;1197.5780008191377
26;2025-07-09;14;1225.3510301787965
26;2025-07-09;15;1290.030396285319
26;2025-07-09;16;1494.7068057898382
26;2025-07-09;17;1633.8742069678747
26;2025-07-09;18;1788.782053556357
26;2025-07-09;19;1320.5459991557204
26;2025-07-09;20;874.3952575163663
26;2025-07-09;21;570.8792234441664
26;2025-07-09;22;313.4794961292836
26;2025-07-09;23;147.38425020309063
26;2025-07-10;0;35.35381058524132
26;2025-07-10;1;0.0
26;2025-07-10;2;0.0
26;2025-07-10;3;0.0
26;2025-07-10;4;0.0
26;2025-07-10;5;41.534583645778355
26;2025-07-10;6;492.6068962257698
26;2025-07-10;7;1035.4054374759437
26;2025-07-10;8;2044.587600691049
26;2025-07-10;9;1381.473775207277
26;2025-07-10;10;1177.6050951585084
26;2025-07-10;11;1114.3056878534671
26;2025-07-10;12;1136.5845090777589
26;2025-07-10;13;1165.938234584024
26;2025-07-10;14;1178.3457214248301
26;2025-07-10;15;1294.9251357597705
26;2025-07-10;16;1526.413118517271
26;2025-07-10;17;1682.0464154472627
26;2025-07-10;18;1842.0801736056287
26;2025-07-10;19;1338.3559426840338
26;2025-07-10;20;871.8045827523085
26;2025-07-10;21;581.4481672870052
26;2025-07-10;22;308.7669116686049
26;2025-07-10;23;153.40792275827334
26;2025-07-11;0;37.49835562995737
26;2025-07-11;1;0.0
26;2025-07-11;2;0.0
26;2025-07-11;3;0.0
26;2025-07-11;4;0.0
26;2025-07-11;5;39.80426905117372
26;2025-07-11;6;480.19904516767673
26;2025-07-11;7;990.3665123165525
26;2025-07-11;8;1944.4978035033632
26;2025-07-11;9;1336.7491711942994
26;2025-07-11;10;1170.9477782952522
26;2025-07-11;11;1096.110595699794
26;2025-07-11;12;1150.8043100679067
26;2025-07-11;13;1226.140601515671
26;2025-07-11;14;1218.0993892630577
26;2025-07-11;15;1391.500111876464
26;2025-07-11;16;1618.385228117926
26;2025-07-11;17;1646.6913006166278
26;2025-07-11;18;1436.2380535740035
26;2025-07-11;19;1162.991491232166
26;2025-07-11;20;842.1439360601803
26;2025-07-11;21;549.6218646182722
26;2025-07-11;22;318.87410188032356
26;2025-07-11;23;183.9925287730985
26;2025-07-12;0;47.01700142324796
26;2025-07-12;1;0.0
26;2025-07-12;2;0.0
26;2025-07-12;3;0.0
26;2025-07-12;4;0.0
26;2025-07-12;5;25.32093060794243
26;2025-07-12;6;251.62479896911725
26;2025-07-12;7;328.9851414935004
26;2025-07-12;8;534.0875931124917
26;2025-07-12;9;627.6795533576949
26;2025-07-12;10;754.9037304935041
26;2025-07-12;11;870.2958931548972
26;2025-07-12;12;944.0645629465148
26;2025-07-12;13;949.6706440567257
26;2025-07-12;14;949.2990580465164
26;2025-07-12;15;884.513862329487
26;2025-07-12;16;903.0479313446195
26;2025-07-12;17;864.0525638488266
26;2025-07-12;18;822.1544488130166
26;2025-07-12;19;781.5609414145856
26;2025-07-12;20;582.2756299755818
26;2025-07-12;21;423.97861765173013
26;2025-07-12;22;251.99893149097676
26;2025-07-12;23;149.40236826272695
26;2025-07-13;0;43.66658899505414
26;2025-07-13;1;0.0
26;2025-07-13;2;0.0
26;2025-07-13;3;0.0
26;2025-07-13;4;0.0
26;2025-07-13;5;21.109843199271975
26;2025-07-13;6;154.68120629115487
26;2025-07-13;7;240.9417587402475
26;2025-07-13;8;357.7321427643784
26;2025-07-13;9;459.00024871392486
26;2025-07-13;10;544.9957360270481
26;2025-07-13;11;654.1793401705195
26;2025-07-13;12;694.088626933254
26;2025-07-13;13;723.7297842824676
26;2025-07-13;14;725.8567640130855
26;2025-07-13;15;676.4557173773464
26;2025-07-13;16;682.7156415945949
26;2025-07-13;17;666.2414486309624
26;2025-07-13;18;637.9640901814081
26;2025-07-13;19;561.2995190844865
26;2025-07-13;20;431.52791039099054
26;2025-07-13;21;325.290608611751
26;2025-07-13;22;204.10719246815574
26;2025-07-13;23;107.01849180683814
26;2025-07-14;0;30.0166789129849
26;2025-07-14;1;0.0
26;2025-07-14;2;0.0
26;2025-07-14;3;0.0
26;2025-07-14;4;0.0
26;2025-07-14;5;40.427031450609
26;2025-07-14;6;461.44027340827745
26;2025-07-14;7;937.6138511931317
26;2025-07-14;8;1892.508186573409
26;2025-07-14;9;1278.8545101436703
26;2025-07-14;10;1085.2965719089864
26;2025-07-14;11;978.7287546586347
26;2025-07-14;12;1019.360273033041
26;2025-07-14;13;1069.480850366525
26;2025-07-14;14;1053.4515780543416
26;2025-07-14;15;1156.2360356641236
26;2025-07-14;16;1335.5742206212724
26;2025-07-14;17;1482.1381816366275
26;2025-07-14;18;1653.2518222215808
26;2025-07-14;19;1203.3019312629199
26;2025-07-14;20;780.6718848940745
26;2025-07-14;21;486.97474890881085
26;2025-07-14;22;257.18683227148756
26;2025-07-14;23;105.93962219159944
26;2025-07-15;0;30.936003195714108
26;2025-07-15;1;0.0
26;2025-07-15;2;0.0
26;2025-07-15;3;0.0
26;2025-07-15;4;0.0
26;2025-07-15;5;46.328248528627824
26;2025-07-15;6;476.46112400361017
26;2025-07-15;7;998.2975362005006
26;2025-07-15;8;1963.2879728383446
26;2025-07-15;9;1343.7048350080631
26;2025-07-15;10;1120.8143705521297
26;2025-07-15;11;1013.9753214319777
26;2025-07-15;12;1058.4436763861881
26;2025-07-15;13;1104.2331880918955
26;2025-07-15;14;1113.5041067911047
26;2025-07-15;15;1178.177213276821
26;2025-07-15;16;1399.1328074128853
26;2025-07-15;17;1568.2141775226662
26;2025-07-15;18;1677.9052453438048
26;2025-07-15;19;1248.3987005198449
26;2025-07-15;20;814.3753726792588
26;2025-07-15;21;511.67916150958445
26;2025-07-15;22;275.0693842676616
26;2025-07-15;23;126.4730205072575
26;2025-07-16;0;32.65525523946454
26;2025-07-16;1;0.0
26;2025-07-16;2;0.0
26;2025-07-16;3;0.0
26;2025-07-16;4;0.0
26;2025-07-16;5;44.48073903501515
26;2025-07-16;6;479.6729045282808
26;2025-07-16;7;995.6389680289473
26;2025-07-16;8;2002.6513639468403
26;2025-07-16;9;1389.8308224066266
26;2025-07-16;10;1188.2851916741643
26;2025-07-16;11;1070.2733655138713
26;2025-07-16;12;1123.4901553001127
26;2025-07-16;13;1175.982490101529
26;2025-07-16;14;1203.2259425437792
26;2025-07-16;15;1266.3991823684694
26;2025-07-16;16;1467.5832548441767
26;2025-07-16;17;1606.9124846970426
26;2025-07-16;18;1754.668415642056
26;2025-07-16;19;1294.9533387222912
26;2025-07-16;20;860.5684909846814
26;2025-07-16;21;561.3704192402653
26;2025-07-16;22;307.90702130798735
26;2025-07-16;23;144.7342330313025
26;2025-07-17;0;34.62857945497761
26;2025-07-17;1;0.0
26;2025-07-17;2;0.0
26;2025-07-17;3;0.0
26;2025-07-17;4;0.0
26;2025-07-17;5;41.028336745587126
26;2025-07-17;6;481.03468119283536
26;2025-07-17;7;1012.5791675793121
26;2025-07-17;8;2001.6360946258533
26;2025-07-17;9;1347.2981787127733
26;2025-07-17;10;1146.5283812142347
26;2025-07-17;11;1084.5394877566173
26;2025-07-17;12;1105.884876401074
26;2025-07-17;13;1137.5895215541807
26;2025-07-17;14;1149.04035401706
26;2025-07-17;15;1261.7503022002443
26;2025-07-17;16;1488.8561896040405
26;2025-07-17;17;1641.1958807232427
26;2025-07-17;18;1792.8286948312616
26;2025-07-17;19;1302.5659808432233
26;2025-07-17;20;851.3318675823813
26;2025-07-17;21;567.6286857852399
26;2025-07-17;22;301.04387066103334
26;2025-07-17;23;148.75432362315553
26;2025-07-18;0;37.539723267088796
26;2025-07-18;1;0.0
26;2025-07-18;2;0.0
26;2025-07-18;3;0.0
26;2025-07-18;4;0.0
26;2025-07-18;5;39.823948229195
26;2025-07-18;6;477.29657368724975
26;2025-07-18;7;985.8208339289451
26;2025-07-18;8;1935.6172287301338
26;2025-07-18;9;1329.1144348757598
26;2025-07-18;10;1162.840581981787
26;2025-07-18;11;1087.970269753353
26;2025-07-18;12;1142.964638807312
26;2025-07-18;13;1217.587150465214
26;2025-07-18;14;1209.4297615915093
26;2025-07-18;15;1381.4495096687942
26;2025-07-18;16;1608.5125059606262
26;2025-07-18;17;1637.144415541577
26;2025-07-18;18;1425.032136615357
26;2025-07-18;19;1154.0838447920692
26;2025-07-18;20;837.3640075824021
26;2025-07-18;21;546.4614477946117
26;2025-07-18;22;317.11201813629845
26;2025-07-18;23;183.49499517705783
26;2025-07-19;0;46.66007972261312
26;2025-07-19;1;0.0
26;2025-07-19;2;0.0
26;2025-07-19;3;0.0
26;2025-07-19;4;0.0
26;2025-07-19;5;25.157900640633407
26;2025-07-19;6;248.8647541825296
26;2025-07-19;7;325.70992021818523
26;2025-07-19;8;528.9788157581861
26;2025-07-19;9;620.3097101342375
26;2025-07-19;10;745.4698902982166
26;2025-07-19;11;859.4599524374321
26;2025-07-19;12;932.7410842531291
26;2025-07-19;13;940.0675337566903
26;2025-07-19;14;939.0912897592405
26;2025-07-19;15;873.603543761688
26;2025-07-19;16;892.3068047795778
26;2025-07-19;17;853.2663551283829
26;2025-07-19;18;810.7053320292982
26;2025-07-19;19;769.6263629745387
26;2025-07-19;20;574.5988205683027
26;2025-07-19;21;417.86398373048326
26;2025-07-19;22;247.72654898456327
26;2025-07-19;23;148.2597292005928
26;2025-07-20;0;43.96440289504059
26;2025-07-20;1;0.0
26;2025-07-20;2;0.0
26;2025-07-20;3;0.0
26;2025-07-20;4;0.0
26;2025-07-20;5;21.232236838330785
26;2025-07-20;6;155.1370316538791
26;2025-07-20;7;242.627684578316
26;2025-07-20;8;360.82807641388075
26;2025-07-20;9;460.6947469177003
26;2025-07-20;10;546.2881028471643
26;2025-07-20;11;655.4164610411325
26;2025-07-20;12;696.058617555311
26;2025-07-20;13;725.558169172818
26;2025-07-20;14;727.5345745537998
26;2025-07-20;15;677.7354443648254
26;2025-07-20;16;685.481337854564
26;2025-07-20;17;668.957817882676
26;2025-07-20;18;638.5320895395705
26;2025-07-20;19;561.478842295855
26;2025-07-20;20;432.47150527038036
26;2025-07-20;21;326.1443748415928
26;2025-07-20;22;204.6875854886619
26;2025-07-20;23;107.59779864344213
26;2025-07-21;0;29.601497992213716
26;2025-07-21;1;0.0
26;2025-07-21;2;0.0
26;2025-07-21;3;0.0
26;2025-07-21;4;0.0
26;2025-07-21;5;39.718450831851726
26;2025-07-21;6;452.8989669681565
26;2025-07-21;7;921.4172040975933
26;2025-07-21;8;1857.452598310163
26;2025-07-21;9;1253.3873375185804
26;2025-07-21;10;1063.141854216947
26;2025-07-21;11;958.3659555070408
26;2025-07-21;12;999.090392461729
26;2025-07-21;13;1047.479869391143
26;2025-07-21;14;1032.824006396058
26;2025-07-21;15;1133.6856703011172
26;2025-07-21;16;1309.885409609607
26;2025-07-21;17;1455.6797708760064
26;2025-07-21;18;1622.7481512159252
26;2025-07-21;19;1179.6368679496063
26;2025-07-21;20;766.1565241064567
26;2025-07-21;21;477.594197472824
26;2025-07-21;22;251.91164253809035
26;2025-07-21;23;104.36125489904767
26;2025-07-22;0;30.93912035928821
26;2025-07-22;1;0.0
26;2025-07-22;2;0.0
26;2025-07-22;3;0.0
26;2025-07-22;4;0.0
26;2025-07-22;5;46.1371827336351
26;2025-07-22;6;473.49718719191804
26;2025-07-22;7;994.2682287455295
26;2025-07-22;8;1954.8248340638497
26;2025-07-22;9;1336.2140422616953
26;2025-07-22;10;1114.538315285593
26;2025-07-22;11;1008.2591887896663
26;2025-07-22;12;1053.288549326098
26;2025-07-22;13;1098.6650809763119
26;2025-07-22;14;1108.4368122474357
26;2025-07-22;15;1173.0502975252875
26;2025-07-22;16;1393.0704143076055
26;2025-07-22;17;1562.2146321607975
26;2025-07-22;18;1671.3824341146385
26;2025-07-22;19;1242.725698562569
26;2025-07-22;20;811.8198870223509
26;2025-07-22;21;510.08237805495605
26;2025-07-22;22;274.27522658555046
26;2025-07-22;23;126.3986170128205
26;2025-07-23;0;32.3830154276781
26;2025-07-23;1;0.0
26;2025-07-23;2;0.0
26;2025-07-23;3;0.0
26;2025-07-23;4;0.0
26;2025-07-23;5;43.97950422356324
26;2025-07-23;6;472.99453285234597
26;2025-07-23;7;983.1935494738743
26;2025-07-23;8;1975.2490992130488
26;2025-07-23;9;1371.9384118957419
26;2025-07-23;10;1170.2851251367624
26;2025-07-23;11;1052.8052513040348
26;2025-07-23;12;1104.8876268779236
26;2025-07-23;13;1155.6054334719493
26;2025-07-23;14;1181.9896084326465
26;2025-07-23;15;1243.368576076957
26;2025-07-23;16;1443.1650691000054
26;2025-07-23;17;1582.0755337155342
26;2025-07-23;18;1727.3298236570236
26;2025-07-23;19;1275.946161604992
26;2025-07-23;20;844.2548239281057
26;2025-07-23;21;548.7671137860068
26;2025-07-23;22;303.2083768895052
26;2025-07-23;23;141.7892419619745
26;2025-07-24;0;34.587217932941186
26;2025-07-24;1;0.0
26;2025-07-24;2;0.0
26;2025-07-24;3;0.0
26;2025-07-24;4;0.0
26;2025-07-24;5;41.038010251495635
26;2025-07-24;6;479.88834122611814
26;2025-07-24;7;1012.1703137056265
26;2025-07-24;8;2000.2942544940206
26;2025-07-24;9;1344.5383014896433
26;2025-07-24;10;1143.396081676105
26;2025-07-24;11;1080.9169925378642
26;2025-07-24;12;1102.731108257861
26;2025-07-24;13;1134.0390494659096
26;2025-07-24;14;1145.7033477248638
26;2025-07-24;15;1266.8565116035938
26;2025-07-24;16;1486.5289992079117
26;2025-07-24;17;1640.1752836344558
26;2025-07-24;18;1791.3161448047867
26;2025-07-24;19;1300.5261180237176
26;2025-07-24;20;846.004987806557
26;2025-07-24;21;562.4521905170639
26;2025-07-24;22;300.8385174992178
26;2025-07-24;23;150.4527389780954
26;2025-07-25;0;36.74042144553172
26;2025-07-25;1;0.0
26;2025-07-25;2;0.0
26;2025-07-25;3;0.0
26;2025-07-25;4;0.0
26;2025-07-25;5;39.253819959753656
26;2025-07-25;6;465.1474873363927
26;2025-07-25;7;963.1405555179044
26;2025-07-25;8;1892.5019139384322
26;2025-07-25;9;1297.3933571856865
26;2025-07-25;10;1133.7131173124467
26;2025-07-25;11;1059.8883646913891
26;2025-07-25;12;1113.3177095693832
26;2025-07-25;13;1184.2664752082983
26;2025-07-25;14;1175.879051644621
26;2025-07-25;15;1349.4588891619105
26;2025-07-25;16;1566.4284491532112
26;2025-07-25;17;1595.8013360160994
26;2025-07-25;18;1387.7927807459096
26;2025-07-25;19;1122.2803325410014
26;2025-07-25;20;810.7258654482953
26;2025-07-25;21;525.8555269507171
26;2025-07-25;22;306.95937625530433
26;2025-07-25;23;178.46276930652198
26;2025-07-26;0;47.71762470559531
26;2025-07-26;1;0.0
26;2025-07-26;2;0.0
26;2025-07-26;3;0.0
26;2025-07-26;4;0.0
26;2025-07-26;5;25.614792652162794
26;2025-07-26;6;252.38136379913794
26;2025-07-26;7;331.20918620188604
26;2025-07-26;8;539.0179281033687
26;2025-07-26;9;630.1945582704527
26;2025-07-26;10;759.8028318530671
26;2025-07-26;11;876.4225667386503
26;2025-07-26;12;952.5906043651021
26;2025-07-26;13;961.3137020888802
26;2025-07-26;14;961.1067252758144
26;2025-07-26;15;898.9507684173783
26;2025-07-26;16;914.7672981901378
26;2025-07-26;17;874.1476187638175
26;2025-07-26;18;833.0188700457279
26;2025-07-26;19;789.1019991642665
26;2025-07-26;20;585.8691486792693
26;2025-07-26;21;425.08677007617916
26;2025-07-26;22;254.8246667588745
26;2025-07-26;23;153.37044877299144
26;2025-07-27;0;46.25822182325141
26;2025-07-27;1;0.0
26;2025-07-27;2;0.0
26;2025-07-27;3;0.0
26;2025-07-27;4;0.0
26;2025-07-27;5;19.31500083063404
26;2025-07-27;6;149.5927949550191
26;2025-07-27;7;228.5925276751076
26;2025-07-27;8;363.76048548990707
26;2025-07-27;9;474.4873306094245
26;2025-07-27;10;568.3058056301402
26;2025-07-27;11;688.2009494138078
26;2025-07-27;12;732.934407914832
26;2025-07-27;13;769.1961848567311
26;2025-07-27;14;773.3242191743291
26;2025-07-27;15;725.0803152988724
26;2025-07-27;16;728.7117788539
26;2025-07-27;17;710.3023455563076
26;2025-07-27;18;680.9038260647069
26;2025-07-27;19;594.2184017333432
26;2025-07-27;20;455.67830784501115
26;2025-07-27;21;344.0213614335885
26;2025-07-27;22;217.03994615699577
26;2025-07-27;23;114.1326663627039
26;2025-07-28;0;31.297959197295302
26;2025-07-28;1;0.0
26;2025-07-28;2;0.0
26;2025-07-28;3;0.0
26;2025-07-28;4;0.0
26;2025-07-28;5;41.03286494618705
26;2025-07-28;6;475.8066462262668
26;2025-07-28;7;966.9340940370687
26;2025-07-28;8;1967.632987078578
26;2025-07-28;9;1321.3907327210263
26;2025-07-28;10;1126.4432651374336
26;2025-07-28;11;1018.9224965121207
26;2025-07-28;12;1066.3796817384903
26;2025-07-28;13;1125.6753794506672
26;2025-07-28;14;1109.1308149261783
26;2025-07-28;15;1225.6785428377573
26;2025-07-28;16;1403.5807020269406
26;2025-07-28;17;1552.4603083455315
26;2025-07-28;18;1731.6338524726011
26;2025-07-28;19;1257.822593234716
26;2025-07-28;20;814.4184586714272
26;2025-07-28;21;509.3899344702269
26;2025-07-28;22;271.32686408976303
26;2025-07-28;23;110.34595857055714
28;2025-05-29;0;2.0073611117702668
28;2025-05-29;1;0.0
28;2025-05-29;2;0.0
28;2025-05-29;3;0.0
28;2025-05-29;4;0.0
28;2025-05-29;5;61.31644554676046
28;2025-05-29;6;285.6539751754353
28;2025-05-29;7;779.5320466889332
28;2025-05-29;8;1223.1193782035953
28;2025-05-29;9;885.8212083497726
28;2025-05-29;10;690.077303713143
28;2025-05-29;11;648.077463939796
28;2025-05-29;12;746.5046871257975
28;2025-05-29;13;748.9909726573193
28;2025-05-29;14;692.4909139845761
28;2025-05-29;15;691.3241195222345
28;2025-05-29;16;829.8236121202267
28;2025-05-29;17;971.5801364043641
28;2025-05-29;18;975.4710910052784
28;2025-05-29;19;765.7350526343189
28;2025-05-29;20;566.1952424087623
28;2025-05-29;21;375.18541224822286
28;2025-05-29;22;171.48969276001282
28;2025-05-29;23;25.058447031866766
28;2025-05-30;0;3.3964100138975235
28;2025-05-30;1;0.0
28;2025-05-30;2;0.0
28;2025-05-30;3;0.0
28;2025-05-30;4;0.0
28;2025-05-30;5;54.82850495934956
28;2025-05-30;6;270.56278405841294
28;2025-05-30;7;767.6894859308792
28;2025-05-30;8;1176.5614219278432
28;2025-05-30;9;876.8275779451812
28;2025-05-30;10;676.1302133672334
28;2025-05-30;11;662.1758853748927
28;2025-05-30;12;745.7191818792319
28;2025-05-30;13;722.4280811817416
28;2025-05-30;14;716.1185469317961
28;2025-05-30;15;734.3070738209299
28;2025-05-30;16;874.0356652438029
28;2025-05-30;17;976.2131480096757
28;2025-05-30;18;831.6590423496789
28;2025-05-30;19;663.2600403572512
28;2025-05-30;20;531.1053735581432
28;2025-05-30;21;356.00161708562973
28;2025-05-30;22;173.3706977838322
28;2025-05-30;23;24.333732165191073
28;2025-05-31;0;2.4124952203413725
28;2025-05-31;1;0.0
28;2025-05-31;2;0.0
28;2025-05-31;3;0.0
28;2025-05-31;4;0.0
28;2025-05-31;5;27.11867291410933
28;2025-05-31;6;124.01450413985886
28;2025-05-31;7;226.60628302190338
28;2025-05-31;8;390.77784941907976
28;2025-05-31;9;477.74989151663704
28;2025-05-31;10;476.5429635572103
28;2025-05-31;11;524.6287121512415
28;2025-05-31;12;587.7531712507914
28;2025-05-31;13;605.8252275211474
28;2025-05-31;14;599.2650671586026
28;2025-05-31;15;571.687626093983
28;2025-05-31;16;530.9614727036746
28;2025-05-31;17;558.1687046545458
28;2025-05-31;18;501.3604054300047
28;2025-05-31;19;463.67230455590504
28;2025-05-31;20;380.5563436685431
28;2025-05-31;21;314.751710973777
28;2025-05-31;22;166.32079231149393
28;2025-05-31;23;35.59840799028865
28;2025-06-01;0;6.614255955399036
28;2025-06-01;1;0.0
28;2025-06-01;2;0.0
28;2025-06-01;3;0.0
28;2025-06-01;4;0.0
28;2025-06-01;5;22.50251481312153
28;2025-06-01;6;93.46574376543686
28;2025-06-01;7;157.95014761521816
28;2025-06-01;8;248.9111448105064
28;2025-06-01;9;349.7432609686917
28;2025-06-01;10;375.5043238803194
28;2025-06-01;11;412.3185705473966
28;2025-06-01;12;459.25421849942063
28;2025-06-01;13;498.157341922059
28;2025-06-01;14;490.14156966128866
28;2025-06-01;15;459.19298637471456
28;2025-06-01;16;447.55333684272887
28;2025-06-01;17;434.29401909593315
28;2025-06-01;18;403.5248870043092
28;2025-06-01;19;369.3459090713807
28;2025-06-01;20;321.3612134301951
28;2025-06-01;21;257.877155861443
28;2025-06-01;22;129.56117957055022
28;2025-06-01;23;23.006490160305777
28;2025-06-02;0;1.1413368736425435
28;2025-06-02;1;0.0
28;2025-06-02;2;0.0
28;2025-06-02;3;0.0
28;2025-06-02;4;0.0
28;2025-06-02;5;57.5176451760739
28;2025-06-02;6;281.60562386355366
28;2025-06-02;7;763.4376887870944
28;2025-06-02;8;1168.4782151784984
28;2025-06-02;9;855.5297650899381
28;2025-06-02;10;622.4043150816694
28;2025-06-02;11;601.9047001328654
28;2025-06-02;12;682.403707367204
28;2025-06-02;13;716.701937537101
28;2025-06-02;14;645.7654202532875
28;2025-06-02;15;656.4635217688651
28;2025-06-02;16;823.6444910072607
28;2025-06-02;17;920.1232963603322
28;2025-06-02;18;937.939400129753
28;2025-06-02;19;737.7350294304736
28;2025-06-02;20;534.667636586169
28;2025-06-02;21;329.15525068461966
28;2025-06-02;22;142.97215926219582
28;2025-06-02;23;16.9842759620861
28;2025-06-03;0;1.1483806441314872
28;2025-06-03;1;0.0
28;2025-06-03;2;0.0
28;2025-06-03;3;0.0
28;2025-06-03;4;0.0
28;2025-06-03;5;55.369405016553124
28;2025-06-03;6;279.8028401561034
28;2025-06-03;7;769.351579617901
28;2025-06-03;8;1153.424466629027
28;2025-06-03;9;895.3989059911477
28;2025-06-03;10;694.4083059105624
28;2025-06-03;11;635.1747454110762
28;2025-06-03;12;718.3651967522801
28;2025-06-03;13;753.1211722573073
28;2025-06-03;14;685.4262915069705
28;2025-06-03;15;663.9967218319185
28;2025-06-03;16;815.7094829894364
28;2025-06-03;17;925.7635588570422
28;2025-06-03;18;925.3143075647936
28;2025-06-03;19;737.2402085500077
28;2025-06-03;20;555.9738228656884
28;2025-06-03;21;348.2762563345624
28;2025-06-03;22;152.05260802734568
28;2025-06-03;23;21.55058978409759
28;2025-06-04;0;1.1540432984862545
28;2025-06-04;1;0.0
28;2025-06-04;2;0.0
28;2025-06-04;3;0.0
28;2025-06-04;4;0.0
28;2025-06-04;5;62.93767891185228
28;2025-06-04;6;283.32321871071565
28;2025-06-04;7;775.739959619526
28;2025-06-04;8;1198.8272693901636
28;2025-06-04;9;881.815897389014
28;2025-06-04;10;675.0817058997427
28;2025-06-04;11;667.3462227192645
28;2025-06-04;12;741.1327163804115
28;2025-06-04;13;762.5319423609295
28;2025-06-04;14;690.9721815712619
28;2025-06-04;15;718.0934349602818
28;2025-06-04;16;851.048772222046
28;2025-06-04;17;946.4071745552112
28;2025-06-04;18;947.028271780737
28;2025-06-04;19;747.4791511361078
28;2025-06-04;20;559.6622059565468
28;2025-06-04;21;371.5268446745438
28;2025-06-04;22;174.89351872760295
28;2025-06-04;23;21.80705736391763
28;2025-06-05;0;1.9169150822485634
28;2025-06-05;1;0.0
28;2025-06-05;2;0.0
28;2025-06-05;3;0.0
28;2025-06-05;4;0.0
28;2025-06-05;5;61.69602384402458
28;2025-06-05;6;286.4830980027106
28;2025-06-05;7;778.3201853116552
28;2025-06-05;8;1217.3654101771453
28;2025-06-05;9;889.5091374026722
28;2025-06-05;10;692.7550083774504
28;2025-06-05;11;649.9899657071617
28;2025-06-05;12;751.0521836273138
28;2025-06-05;13;756.4043090980751
28;2025-06-05;14;698.0069079989228
28;2025-06-05;15;693.4660196711947
28;2025-06-05;16;838.3031223414293
28;2025-06-05;17;978.1874824817934
28;2025-06-05;18;979.4040655798105
28;2025-06-05;19;764.0236187526496
28;2025-06-05;20;568.0815527496121
28;2025-06-05;21;377.02766986615325
28;2025-06-05;22;171.40815446077616
28;2025-06-05;23;25.462431028451583
28;2025-06-06;0;3.280808287459279
28;2025-06-06;1;0.0
28;2025-06-06;2;0.0
28;2025-06-06;3;0.0
28;2025-06-06;4;0.0
28;2025-06-06;5;53.70386365127119
28;2025-06-06;6;263.59187475365997
28;2025-06-06;7;746.2760822483715
28;2025-06-06;8;1142.216474851929
28;2025-06-06;9;856.6478842718543
28;2025-06-06;10;660.1177100313968
28;2025-06-06;11;646.3537771143178
28;2025-06-06;12;729.872055537752
28;2025-06-06;13;708.3030443492547
28;2025-06-06;14;701.591578015182
28;2025-06-06;15;716.7253200352195
28;2025-06-06;16;855.6307697896862
28;2025-06-06;17;953.9774514016249
28;2025-06-06;18;816.3934782967158
28;2025-06-06;19;651.0644987262667
28;2025-06-06;20;522.1972640034833
28;2025-06-06;21;349.80803973480477
28;2025-06-06;22;170.57592317459296
28;2025-06-06;23;24.26881059964465
28;2025-06-07;0;2.3291420969400773
28;2025-06-07;1;0.0
28;2025-06-07;2;0.0
28;2025-06-07;3;0.0
28;2025-06-07;4;0.0
28;2025-06-07;5;27.712214661327817
28;2025-06-07;6;122.68850787539623
28;2025-06-07;7;221.14975802663002
28;2025-06-07;8;379.8470482728956
28;2025-06-07;9;463.45683234549296
28;2025-06-07;10;460.6644973688102
28;2025-06-07;11;502.65018213148335
28;2025-06-07;12;566.1490993224314
28;2025-06-07;13;582.5163591699651
28;2025-06-07;14;576.2773933334561
28;2025-06-07;15;548.9193952805208
28;2025-06-07;16;511.0503086074251
28;2025-06-07;17;536.505963073643
28;2025-06-07;18;479.3077310234281
28;2025-06-07;19;443.87688950805614
28;2025-06-07;20;365.8197496252203
28;2025-06-07;21;302.52887502010435
28;2025-06-07;22;159.9257860966797
28;2025-06-07;23;34.37189726048759
28;2025-06-08;0;6.418060450582333
28;2025-06-08;1;0.0
28;2025-06-08;2;0.0
28;2025-06-08;3;0.0
28;2025-06-08;4;0.0
28;2025-06-08;5;23.05476748115101
28;2025-06-08;6;97.29018374465733
28;2025-06-08;7;166.5160076678224
28;2025-06-08;8;247.66187553146028
28;2025-06-08;9;337.14404379327124
28;2025-06-08;10;361.6478940715924
28;2025-06-08;11;395.026869639287
28;2025-06-08;12;441.9602639470665
28;2025-06-08;13;478.8681381303601
28;2025-06-08;14;471.6465145558478
28;2025-06-08;15;441.80000770746983
28;2025-06-08;16;430.1464294596401
28;2025-06-08;17;417.28154460739717
28;2025-06-08;18;386.8854755076468
28;2025-06-08;19;354.7061654915485
28;2025-06-08;20;310.7279025106047
28;2025-06-08;21;249.4637454518384
28;2025-06-08;22;126.03052754455933
28;2025-06-08;23;22.229024770144477
28;2025-06-09;0;1.7080551983925578
28;2025-06-09;1;0.0
28;2025-06-09;2;0.0
28;2025-06-09;3;0.0
28;2025-06-09;4;0.0
28;2025-06-09;5;57.231546102430954
28;2025-06-09;6;277.7676253454962
28;2025-06-09;7;754.5372007247115
28;2025-06-09;8;1157.0260119645156
28;2025-06-09;9;844.9659641422643
28;2025-06-09;10;617.7567521201354
28;2025-06-09;11;597.828209242469
28;2025-06-09;12;675.6187734084582
28;2025-06-09;13;707.4362305342465
28;2025-06-09;14;636.8135891977977
28;2025-06-09;15;646.960212842762
28;2025-06-09;16;810.2178522127672
28;2025-06-09;17;903.3267594427418
28;2025-06-09;18;920.837845167194
28;2025-06-09;19;723.8467734175692
28;2025-06-09;20;528.1260338512155
28;2025-06-09;21;325.2341720625466
28;2025-06-09;22;141.12485521892097
28;2025-06-09;23;16.68986742707505
28;2025-06-10;0;0.5653241260107996
28;2025-06-10;1;0.0
28;2025-06-10;2;0.0
28;2025-06-10;3;0.0
28;2025-06-10;4;0.0
28;2025-06-10;5;54.717199537536416
28;2025-06-10;6;276.86300365660696
28;2025-06-10;7;767.0348818887943
28;2025-06-10;8;1152.2939047353839
28;2025-06-10;9;888.2828358749557
28;2025-06-10;10;686.5490157132845
28;2025-06-10;11;627.6908572894215
28;2025-06-10;12;712.0365234116166
28;2025-06-10;13;750.4264998934091
28;2025-06-10;14;684.3375960294514
28;2025-06-10;15;666.3291240066455
28;2025-06-10;16;818.2736756541182
28;2025-06-10;17;924.9712924518655
28;2025-06-10;18;922.0169629628185
28;2025-06-10;19;731.3338214990827
28;2025-06-10;20;552.2815001531666
28;2025-06-10;21;346.482784172086
28;2025-06-10;22;151.6680108628312
28;2025-06-10;23;21.344349450308535
28;2025-06-11;0;1.0758944300170237
28;2025-06-11;1;0.0
28;2025-06-11;2;0.0
28;2025-06-11;3;0.0
28;2025-06-11;4;0.0
28;2025-06-11;5;61.9616689347109
28;2025-06-11;6;278.6630878338569
28;2025-06-11;7;764.670823126273
28;2025-06-11;8;1182.6514096392352
28;2025-06-11;9;867.7563811430867
28;2025-06-11;10;666.380189264325
28;2025-06-11;11;659.9699200932682
28;2025-06-11;12;733.4145283916612
28;2025-06-11;13;754.1589662722865
28;2025-06-11;14;684.3446211363897
28;2025-06-11;15;710.9242070393464
28;2025-06-11;16;836.7584224365803
28;2025-06-11;17;927.3611535305055
28;2025-06-11;18;927.9338678812269
28;2025-06-11;19;732.8304966658318
28;2025-06-11;20;550.6627745868668
28;2025-06-11;21;365.4297770022849
28;2025-06-11;22;172.44781331402226
28;2025-06-11;23;21.442386505384516
28;2025-06-12;0;4.174253838524483
28;2025-06-12;1;0.0
28;2025-06-12;2;0.0
28;2025-06-12;3;0.0
28;2025-06-12;4;0.0
28;2025-06-12;5;23.56021111061366
28;2025-06-12;6;94.31193789475341
28;2025-06-12;7;167.4704385986775
28;2025-06-12;8;266.1992211735312
28;2025-06-12;9;354.4007218626308
28;2025-06-12;10;368.21070215006296
28;2025-06-12;11;405.87927398049055
28;2025-06-12;12;468.77959554063665
28;2025-06-12;13;497.0896595437209
28;2025-06-12;14;494.4975677910154
28;2025-06-12;15;470.0947516269965
28;2025-06-12;16;449.1845817668505
28;2025-06-12;17;457.1282880500652
28;2025-06-12;18;420.0846495510099
28;2025-06-12;19;387.25314264662416
28;2025-06-12;20;325.0140237949063
28;2025-06-12;21;263.40990709157927
28;2025-06-12;22;138.77314371001103
28;2025-06-12;23;28.856406915740642
28;2025-06-13;0;3.970955218273332
28;2025-06-13;1;0.0
28;2025-06-13;2;0.0
28;2025-06-13;3;0.0
28;2025-06-13;4;0.0
28;2025-06-13;5;23.982838138067933
28;2025-06-13;6;98.49140436365371
28;2025-06-13;7;175.50253283838458
28;2025-06-13;8;262.01191189053753
28;2025-06-13;9;339.74851176772233
28;2025-06-13;10;346.79388759097645
28;2025-06-13;11;378.6144618143782
28;2025-06-13;12;440.5680216426355
28;2025-06-13;13;470.1268636936681
28;2025-06-13;14;467.0561838572208
28;2025-06-13;15;443.02668061089105
28;2025-06-13;16;424.18962356645795
28;2025-06-13;17;430.1206802112231
28;2025-06-13;18;393.9564311211328
28;2025-06-13;19;365.4130356715474
28;2025-06-13;20;307.597286329266
28;2025-06-13;21;249.016034603271
28;2025-06-13;22;131.7187316814222
28;2025-06-13;23;27.39141438542305
28;2025-06-14;0;2.2838378288217642
28;2025-06-14;1;0.0
28;2025-06-14;2;0.0
28;2025-06-14;3;0.0
28;2025-06-14;4;0.0
28;2025-06-14;5;27.361750355589265
28;2025-06-14;6;121.02571461642384
28;2025-06-14;7;218.3373397528781
28;2025-06-14;8;377.7725508351996
28;2025-06-14;9;457.82582748755374
28;2025-06-14;10;454.0304765598821
28;2025-06-14;11;494.66536846118623
28;2025-06-14;12;557.3796513101961
28;2025-06-14;13;573.1401812825676
28;2025-06-14;14;566.6036911935853
28;2025-06-14;15;538.6565418038055
28;2025-06-14;16;502.9190827801855
28;2025-06-14;17;526.9767728421082
28;2025-06-14;18;465.0111155988356
28;2025-06-14;19;431.146401828465
28;2025-06-14;20;356.4224939542164
28;2025-06-14;21;293.0169458666394
28;2025-06-14;22;154.3882194451051
28;2025-06-14;23;32.65405937119858
28;2025-06-15;0;6.301770436826123
28;2025-06-15;1;0.0
28;2025-06-15;2;0.0
28;2025-06-15;3;0.0
28;2025-06-15;4;0.0
28;2025-06-15;5;23.27408177656467
28;2025-06-15;6;97.43846065847745
28;2025-06-15;7;166.97658927785778
28;2025-06-15;8;246.80467830220317
28;2025-06-15;9;334.8497438246753
28;2025-06-15;10;358.32240023900556
28;2025-06-15;11;390.69985597803895
28;2025-06-15;12;437.3075114752548
28;2025-06-15;13;473.3155145458357
28;2025-06-15;14;465.7379938490144
28;2025-06-15;15;436.2187117559994
28;2025-06-15;16;424.6938763683591
28;2025-06-15;17;412.32194165602345
28;2025-06-15;18;377.6916393087223
28;2025-06-15;19;345.6603088694068
28;2025-06-15;20;303.5644939417298
28;2025-06-15;21;243.2359655485376
28;2025-06-15;22;122.33596641238836
28;2025-06-15;23;20.73171644132085
28;2025-06-16;0;1.7246202566385878
28;2025-06-16;1;0.0
28;2025-06-16;2;0.0
28;2025-06-16;3;0.0
28;2025-06-16;4;0.0
28;2025-06-16;5;56.3624104041435
28;2025-06-16;6;275.6685809340765
28;2025-06-16;7;752.2074467044281
28;2025-06-16;8;1150.7912922390733
28;2025-06-16;9;839.9778560050871
28;2025-06-16;10;613.7120776185286
28;2025-06-16;11;594.404664865749
28;2025-06-16;12;673.1036981594746
28;2025-06-16;13;705.9194093860083
28;2025-06-16;14;637.3153659496377
28;2025-06-16;15;648.6511253052807
28;2025-06-16;16;810.2119536790398
28;2025-06-16;17;903.6013641547082
28;2025-06-16;18;914.999307641238
28;2025-06-16;19;718.7736073209335
28;2025-06-16;20;526.0156240872765
28;2025-06-16;21;324.34349683597156
28;2025-06-16;22;141.08705139590296
28;2025-06-16;23;16.701776259225362
28;2025-06-17;0;0.8238807763739578
28;2025-06-17;1;0.0
28;2025-06-17;2;0.0
28;2025-06-17;3;0.0
28;2025-06-17;4;0.0
28;2025-06-17;5;53.35867483950722
28;2025-06-17;6;266.2576990480397
28;2025-06-17;7;735.1130260305194
28;2025-06-17;8;1095.993394181834
28;2025-06-17;9;848.4733149929561
28;2025-06-17;10;656.5725689111007
28;2025-06-17;11;599.6523290595442
28;2025-06-17;12;677.2789035039975
28;2025-06-17;13;706.0784350100107
28;2025-06-17;14;643.2619113109095
28;2025-06-17;15;623.4055976315376
28;2025-06-17;16;762.9622015578061
28;2025-06-17;17;865.2979395456033
28;2025-06-17;18;859.1579335017752
28;2025-06-17;19;682.8553681463106
28;2025-06-17;20;519.5623763940521
28;2025-06-17;21;325.21878310353486
28;2025-06-17;22;141.99105151141492
28;2025-06-17;23;20.074104189460314
28;2025-06-18;0;1.0423769819593542
28;2025-06-18;1;0.0
28;2025-06-18;2;0.0
28;2025-06-18;3;0.0
28;2025-06-18;4;0.0
28;2025-06-18;5;60.085605478629546
28;2025-06-18;6;271.0735354470461
28;2025-06-18;7;744.5557327214901
28;2025-06-18;8;1144.403092658024
28;2025-06-18;9;839.5284585978588
28;2025-06-18;10;645.6554328418968
28;2025-06-18;11;638.0683190376153
28;2025-06-18;12;706.0114493047223
28;2025-06-18;13;720.7157580054427
28;2025-06-18;14;654.0239877101212
28;2025-06-18;15;678.848497523431
28;2025-06-18;16;797.8151051366289
28;2025-06-18;17;886.5335506247784
28;2025-06-18;18;884.1536230477752
28;2025-06-18;19;698.6358042595066
28;2025-06-18;20;527.1392569083038
28;2025-06-18;21;349.261385043209
28;2025-06-18;22;165.37582741805517
28;2025-06-18;23;20.507035919907118
28;2025-06-19;0;1.1232195919921149
28;2025-06-19;1;0.0
28;2025-06-19;2;0.0
28;2025-06-19;3;0.0
28;2025-06-19;4;0.0
28;2025-06-19;5;58.251488343694234
28;2025-06-19;6;272.03122408189734
28;2025-06-19;7;745.112025373617
28;2025-06-19;8;1170.2413556947413
28;2025-06-19;9;846.8947039043294
28;2025-06-19;10;661.0797065057227
28;2025-06-19;11;622.4348715061449
28;2025-06-19;12;718.9509001479328
28;2025-06-19;13;723.038012355508
28;2025-06-19;14;668.6539752837795
28;2025-06-19;15;665.2292936895083
28;2025-06-19;16;794.5041923402854
28;2025-06-19;17;921.8185487202854
28;2025-06-19;18;919.45609832383
28;2025-06-19;19;717.6323216978737
28;2025-06-19;20;537.9382495588834
28;2025-06-19;21;355.4178996352189
28;2025-06-19;22;161.51162377057514
28;2025-06-19;23;23.472586553801044
28;2025-06-20;0;2.4895761995649215
28;2025-06-20;1;0.0
28;2025-06-20;2;0.0
28;2025-06-20;3;0.0
28;2025-06-20;4;0.0
28;2025-06-20;5;52.50476302121304
28;2025-06-20;6;256.67188407492813
28;2025-06-20;7;728.5515496310218
28;2025-06-20;8;1111.2135740297467
28;2025-06-20;9;829.1842543605413
28;2025-06-20;10;637.5927166166096
28;2025-06-20;11;625.0399424537583
28;2025-06-20;12;704.2977696033564
28;2025-06-20;13;678.488264048002
28;2025-06-20;14;672.9338034948363
28;2025-06-20;15;688.0589958759083
28;2025-06-20;16;815.4360380158349
28;2025-06-20;17;910.4153151258222
28;2025-06-20;18;764.5394154827886
28;2025-06-20;19;608.0394240288306
28;2025-06-20;20;493.21934459151976
28;2025-06-20;21;328.2272380950845
28;2025-06-20;22;160.5212801716184
28;2025-06-20;23;19.588805442564468
28;2025-06-21;0;2.259986958947449
28;2025-06-21;1;0.0
28;2025-06-21;2;0.0
28;2025-06-21;3;0.0
28;2025-06-21;4;0.0
28;2025-06-21;5;26.470937211644493
28;2025-06-21;6;120.37170858388711
28;2025-06-21;7;222.53928064874825
28;2025-06-21;8;388.5405298281587
28;2025-06-21;9;466.21456160019954
28;2025-06-21;10;463.69096864211804
28;2025-06-21;11;509.5195696492116
28;2025-06-21;12;571.8203955917124
28;2025-06-21;13;588.9227293625154
28;2025-06-21;14;582.2374695772351
28;2025-06-21;15;554.4021732759211
28;2025-06-21;16;516.1130390107246
28;2025-06-21;17;540.051429236831
28;2025-06-21;18;476.8899809502878
28;2025-06-21;19;441.25317077926115
28;2025-06-21;20;366.4825920619133
28;2025-06-21;21;301.93218921136724
28;2025-06-21;22;158.79371557715072
28;2025-06-21;23;33.44667466617675
28;2025-06-22;0;6.294061251095466
28;2025-06-22;1;0.0
28;2025-06-22;2;0.0
28;2025-06-22;3;0.0
28;2025-06-22;4;0.0
28;2025-06-22;5;22.978381930343417
28;2025-06-22;6;97.18535287683547
28;2025-06-22;7;166.56039154629417
28;2025-06-22;8;249.05658795294167
28;2025-06-22;9;334.65496787097317
28;2025-06-22;10;357.83062145607477
28;2025-06-22;11;390.4533316415316
28;2025-06-22;12;437.06187488894625
28;2025-06-22;13;472.0814893455736
28;2025-06-22;14;464.64823232468643
28;2025-06-22;15;434.9420516586139
28;2025-06-22;16;423.089176351186
28;2025-06-22;17;410.7232785486128
28;2025-06-22;18;375.1223165209252
28;2025-06-22;19;343.74866607363924
28;2025-06-22;20;302.74780009260724
28;2025-06-22;21;241.88266729212248
28;2025-06-22;22;122.04412768003107
28;2025-06-22;23;20.687274404092605
28;2025-06-23;0;1.129059392063791
28;2025-06-23;1;0.0
28;2025-06-23;2;0.0
28;2025-06-23;3;0.0
28;2025-06-23;4;0.0
28;2025-06-23;5;56.136751407767946
28;2025-06-23;6;273.93914986407987
28;2025-06-23;7;751.2400165218362
28;2025-06-23;8;1150.915852868972
28;2025-06-23;9;836.5091738871982
28;2025-06-23;10;609.2392879694287
28;2025-06-23;11;590.6862635772717
28;2025-06-23;12;670.7755521077896
28;2025-06-23;13;704.5889342226818
28;2025-06-23;14;637.2175499656137
28;2025-06-23;15;649.6072754873828
28;2025-06-23;16;808.2106273705513
28;2025-06-23;17;899.4548317999144
28;2025-06-23;18;908.2388533112503
28;2025-06-23;19;710.78775513561
28;2025-06-23;20;521.3107159778924
28;2025-06-23;21;321.01184356125873
28;2025-06-23;22;140.24666714008754
28;2025-06-23;23;16.481019315574628
28;2025-06-24;0;0.5228659357150363
28;2025-06-24;1;0.0
28;2025-06-24;2;0.0
28;2025-06-24;3;0.0
28;2025-06-24;4;0.0
28;2025-06-24;5;54.29043737931971
28;2025-06-24;6;270.8169496751718
28;2025-06-24;7;752.5043130319451
28;2025-06-24;8;1130.159773839317
28;2025-06-24;9;869.168976690685
28;2025-06-24;10;673.1914655113859
28;2025-06-24;11;617.5408507273502
28;2025-06-24;12;700.4151552389105
28;2025-06-24;13;734.8125453316443
28;2025-06-24;14;671.4233887997821
28;2025-06-24;15;652.8421391644907
28;2025-06-24;16;794.6548979913406
28;2025-06-24;17;897.7630827279684
28;2025-06-24;18;885.9141704073077
28;2025-06-24;19;703.4106540469097
28;2025-06-24;20;537.422535278298
28;2025-06-24;21;337.37695693931107
28;2025-06-24;22;147.88185261082364
28;2025-06-24;23;20.67390320107275
28;2025-06-25;0;1.0563538958239946
28;2025-06-25;1;0.0
28;2025-06-25;2;0.0
28;2025-06-25;3;0.0
28;2025-06-25;4;0.0
28;2025-06-25;5;61.38630492205392
28;2025-06-25;6;272.4771373754163
28;2025-06-25;7;751.732717025448
28;2025-06-25;8;1161.6465008882542
28;2025-06-25;9;849.0742788947887
28;2025-06-25;10;652.5728211271994
28;2025-06-25;11;648.0856305990536
28;2025-06-25;12;720.6622262475753
28;2025-06-25;13;738.9606582503984
28;2025-06-25;14;672.4058624410977
28;2025-06-25;15;699.0815549101349
28;2025-06-25;16;817.5607707119273
28;2025-06-25;17;906.0213439918189
28;2025-06-25;18;897.0741221499386
28;2025-06-25;19;708.2772291070415
28;2025-06-25;20;538.1436419049726
28;2025-06-25;21;357.02166903745876
28;2025-06-25;22;169.0280134650588
28;2025-06-25;23;20.871292268527746
28;2025-06-26;0;1.1302617264089616
28;2025-06-26;1;0.0
28;2025-06-26;2;0.0
28;2025-06-26;3;0.0
28;2025-06-26;4;0.0
28;2025-06-26;5;59.36699599955229
28;2025-06-26;6;270.83398278555387
28;2025-06-26;7;739.6610615867728
28;2025-06-26;8;1149.1096093721146
28;2025-06-26;9;836.348740592924
28;2025-06-26;10;653.4340128851127
28;2025-06-26;11;614.336287705823
28;2025-06-26;12;707.8238296561942
28;2025-06-26;13;708.78255615519
28;2025-06-26;14;656.1160451861251
28;2025-06-26;15;649.1257883949181
28;2025-06-26;16;775.3464377504208
28;2025-06-26;17;902.4455493288783
28;2025-06-26;18;895.5673556715217
28;2025-06-26;19;699.4591644938117
28;2025-06-26;20;526.6470623230714
28;2025-06-26;21;347.7969429674989
28;2025-06-26;22;158.33094930285324
28;2025-06-26;23;23.565991080702275
28;2025-06-27;0;2.6756020280683086
28;2025-06-27;1;0.0
28;2025-06-27;2;0.0
28;2025-06-27;3;0.0
28;2025-06-27;4;0.0
28;2025-06-27;5;53.60488892939584
28;2025-06-27;6;259.77097147321365
28;2025-06-27;7;741.3346431676862
28;2025-06-27;8;1131.3473620996915
28;2025-06-27;9;841.4149569691779
28;2025-06-27;10;649.488342904091
28;2025-06-27;11;639.3878516211723
28;2025-06-27;12;723.6658963208413
28;2025-06-27;13;701.6478620951826
28;2025-06-27;14;697.8680320111773
28;2025-06-27;15;718.2603286500214
28;2025-06-27;16;846.6106980322554
28;2025-06-27;17;944.0650421811879
28;2025-06-27;18;795.0148952601613
28;2025-06-27;19;628.9575420236615
28;2025-06-27;20;512.1996384603981
28;2025-06-27;21;340.90403886612694
28;2025-06-27;22;166.04074224261694
28;2025-06-27;23;20.78318815529233
28;2025-06-28;0;2.301991177380599
28;2025-06-28;1;0.0
28;2025-06-28;2;0.0
28;2025-06-28;3;0.0
28;2025-06-28;4;0.0
28;2025-06-28;5;27.029736505424097
28;2025-06-28;6;120.92409101222938
28;2025-06-28;7;223.39589734099567
28;2025-06-28;8;384.69142122507117
28;2025-06-28;9;463.9568877084206
28;2025-06-28;10;462.13520812005913
28;2025-06-28;11;511.48827225335464
28;2025-06-28;12;577.169669713819
28;2025-06-28;13;595.1386384237273
28;2025-06-28;14;588.7841385190977
28;2025-06-28;15;561.6219124517211
28;2025-06-28;16;524.0229972842844
28;2025-06-28;17;548.2063291431004
28;2025-06-28;18;484.61750594622
28;2025-06-28;19;446.1176068898305
28;2025-06-28;20;371.22391240624177
28;2025-06-28;21;305.49109571874993
28;2025-06-28;22;161.48212380448632
28;2025-06-28;23;34.907349945966644
28;2025-06-29;0;6.277112195623218
28;2025-06-29;1;0.0
28;2025-06-29;2;0.0
28;2025-06-29;3;0.0
28;2025-06-29;4;0.0
28;2025-06-29;5;23.237957990418884
28;2025-06-29;6;96.12903982440255
28;2025-06-29;7;164.86362693993198
28;2025-06-29;8;242.7059574809797
28;2025-06-29;9;327.52639623451466
28;2025-06-29;10;350.9239960426311
28;2025-06-29;11;385.2700516890519
28;2025-06-29;12;433.7741484281861
28;2025-06-29;13;469.3563944567277
28;2025-06-29;14;461.94548692055866
28;2025-06-29;15;433.168040145983
28;2025-06-29;16;421.9505052823536
28;2025-06-29;17;408.6672988937099
28;2025-06-29;18;375.38062910748295
28;2025-06-29;19;344.23729331998766
28;2025-06-29;20;304.1220606048864
28;2025-06-29;21;242.5012199818028
28;2025-06-29;22;122.2918958346873
28;2025-06-29;23;21.818399326035287
28;2025-06-30;0;1.0289303488588701
28;2025-06-30;1;0.0
28;2025-06-30;2;0.0
28;2025-06-30;3;0.0
28;2025-06-30;4;0.0
28;2025-06-30;5;55.31832200046789
28;2025-06-30;6;266.2082081664001
28;2025-06-30;7;723.2131294032027
28;2025-06-30;8;1106.926383030714
28;2025-06-30;9;804.0927771658381
28;2025-06-30;10;586.7399837125499
28;2025-06-30;11;568.3127839234489
28;2025-06-30;12;642.6923184269283
28;2025-06-30;13;667.6853403072209
28;2025-06-30;14;602.6166107058918
28;2025-06-30;15;614.4773036664601
28;2025-06-30;16;763.0782353962768
28;2025-06-30;17;849.7537325074485
28;2025-06-30;18;858.0063476718408
28;2025-06-30;19;677.0027686691323
28;2025-06-30;20;499.3597125434642
28;2025-06-30;21;303.52144186494036
28;2025-06-30;22;132.12191967471404
28;2025-06-30;23;15.167057454025528
28;2025-07-01;0;0.5163909566571114
28;2025-07-01;1;0.0
28;2025-07-01;2;0.0
28;2025-07-01;3;0.0
28;2025-07-01;4;0.0
28;2025-07-01;5;53.90193692896156
28;2025-07-01;6;265.3117676260372
28;2025-07-01;7;731.5283606928657
28;2025-07-01;8;1096.1311241255803
28;2025-07-01;9;835.8651762365611
28;2025-07-01;10;645.9705672195605
28;2025-07-01;11;591.2624329958587
28;2025-07-01;12;668.649954309969
28;2025-07-01;13;703.9852510069069
28;2025-07-01;14;642.6749384036598
28;2025-07-01;15;628.3084797861064
28;2025-07-01;16;765.5153614471005
28;2025-07-01;17;865.215426123865
28;2025-07-01;18;856.4201769077144
28;2025-07-01;19;683.8749231645745
28;2025-07-01;20;517.282478496219
28;2025-07-01;21;320.55709444605486
28;2025-07-01;22;140.06764762318943
28;2025-07-01;23;19.521676102510654
28;2025-07-02;0;1.1286325792524474
28;2025-07-02;1;0.0
28;2025-07-02;2;0.0
28;2025-07-02;3;0.0
28;2025-07-02;4;0.0
28;2025-07-02;5;57.162390250033866
28;2025-07-02;6;263.56137424254666
28;2025-07-02;7;736.6309165151265
28;2025-07-02;8;1142.2299095006279
28;2025-07-02;9;822.9306612347118
28;2025-07-02;10;631.5463355612003
28;2025-07-02;11;627.2430627109338
28;2025-07-02;12;697.7850973714435
28;2025-07-02;13;732.6501900606295
28;2025-07-02;14;666.3496254445793
28;2025-07-02;15;699.7544516653522
28;2025-07-02;16;818.1328700953015
28;2025-07-02;17;906.0510898470666
28;2025-07-02;18;900.6117225363392
28;2025-07-02;19;715.7081824329614
28;2025-07-02;20;539.1662077743014
28;2025-07-02;21;356.67983301278196
28;2025-07-02;22;168.9198122939149
28;2025-07-02;23;20.88981465322248
28;2025-07-03;0;2.0717733490259627
28;2025-07-03;1;0.0
28;2025-07-03;2;0.0
28;2025-07-03;3;0.0
28;2025-07-03;4;0.0
28;2025-07-03;5;50.61463856694307
28;2025-07-03;6;265.7694940210042
28;2025-07-03;7;745.1873356112104
28;2025-07-03;8;1166.5370244400692
28;2025-07-03;9;838.8616908634825
28;2025-07-03;10;647.4814106223669
28;2025-07-03;11;608.4468044027481
28;2025-07-03;12;705.8025482227365
28;2025-07-03;13;733.7427157447028
28;2025-07-03;14;679.3474392597143
28;2025-07-03;15;701.3017583742924
28;2025-07-03;16;836.8548566990942
28;2025-07-03;17;970.736532835321
28;2025-07-03;18;960.960382451008
28;2025-07-03;19;763.9944089308176
28;2025-07-03;20;578.1985063718289
28;2025-07-03;21;387.5112684991626
28;2025-07-03;22;169.33793482272503
28;2025-07-03;23;25.28179272552748
28;2025-07-04;0;3.367281334810402
28;2025-07-04;1;0.0
28;2025-07-04;2;0.0
28;2025-07-04;3;0.0
28;2025-07-04;4;0.0
28;2025-07-04;5;43.345356600001736
28;2025-07-04;6;244.43315880849366
28;2025-07-04;7;714.2314512418104
28;2025-07-04;8;1096.8498033900535
28;2025-07-04;9;805.08523122803
28;2025-07-04;10;618.7142282803629
28;2025-07-04;11;607.5411378288668
28;2025-07-04;12;689.4028236569638
28;2025-07-04;13;690.8816756636841
28;2025-07-04;14;686.9998367543908
28;2025-07-04;15;728.2212142110855
28;2025-07-04;16;862.3226649014302
28;2025-07-04;17;953.5017560333459
28;2025-07-04;18;807.7527032224964
28;2025-07-04;19;653.6539988676799
28;2025-07-04;20;531.0371025231691
28;2025-07-04;21;360.2221562647851
28;2025-07-04;22;167.62181602452836
28;2025-07-04;23;23.861715146056383
28;2025-07-05;0;2.3290538300565258
28;2025-07-05;1;0.0
28;2025-07-05;2;0.0
28;2025-07-05;3;0.0
28;2025-07-05;4;0.0
28;2025-07-05;5;20.300745237454123
28;2025-07-05;6;111.52483006906058
28;2025-07-05;7;210.22069535310038
28;2025-07-05;8;368.2724689658952
28;2025-07-05;9;442.1303319499492
28;2025-07-05;10;442.5113886084587
28;2025-07-05;11;491.5513381776442
28;2025-07-05;12;557.0867635814047
28;2025-07-05;13;591.6919625068872
28;2025-07-05;14;585.7116623387135
28;2025-07-05;15;573.3336848024826
28;2025-07-05;16;539.8927778094919
28;2025-07-05;17;561.7765843384434
28;2025-07-05;18;497.1008440053992
28;2025-07-05;19;462.39694312314396
28;2025-07-05;20;383.45832074321345
28;2025-07-05;21;317.7922854513006
28;2025-07-05;22;161.43808384018428
28;2025-07-05;23;34.86342771543936
28;2025-07-06;0;6.512124736552465
28;2025-07-06;1;0.0
28;2025-07-06;2;0.0
28;2025-07-06;3;0.0
28;2025-07-06;4;0.0
28;2025-07-06;5;16.873423494479503
28;2025-07-06;6;83.79257622978722
28;2025-07-06;7;144.7243688879287
28;2025-07-06;8;231.09895660311238
28;2025-07-06;9;321.2663616943204
28;2025-07-06;10;348.47607482082446
28;2025-07-06;11;387.4015641338408
28;2025-07-06;12;436.5594444793896
28;2025-07-06;13;487.70926516058967
28;2025-07-06;14;481.1272679859884
28;2025-07-06;15;464.1144624284351
28;2025-07-06;16;455.49689423235236
28;2025-07-06;17;439.12131711897837
28;2025-07-06;18;404.0926293148425
28;2025-07-06;19;372.80347766224793
28;2025-07-06;20;327.8934072442653
28;2025-07-06;21;264.1152515106262
28;2025-07-06;22;128.63876377663348
28;2025-07-06;23;22.641346503624135
28;2025-07-07;0;1.9114509354608908
28;2025-07-07;1;0.0
28;2025-07-07;2;0.0
28;2025-07-07;3;0.0
28;2025-07-07;4;0.0
28;2025-07-07;5;47.07410261227935
28;2025-07-07;6;261.40889348773476
28;2025-07-07;7;734.5524314135582
28;2025-07-07;8;1127.8766885132172
28;2025-07-07;9;814.5897050544182
28;2025-07-07;10;587.018656328278
28;2025-07-07;11;568.921856463097
28;2025-07-07;12;645.623277365788
28;2025-07-07;13;697.9446406050027
28;2025-07-07;14;630.5606704834477
28;2025-07-07;15;667.797185442962
28;2025-07-07;16;824.9001332568757
28;2025-07-07;17;914.3920011025162
28;2025-07-07;18;922.8132335138454
28;2025-07-07;19;738.8181396104226
28;2025-07-07;20;547.3742341732429
28;2025-07-07;21;341.8647381275552
28;2025-07-07;22;141.06137512769635
28;2025-07-07;23;17.047339934202785
28;2025-07-08;0;1.3024328152434035
28;2025-07-08;1;0.0
28;2025-07-08;2;0.0
28;2025-07-08;3;0.0
28;2025-07-08;4;0.0
28;2025-07-08;5;44.04431076087714
28;2025-07-08;6;256.71639785442585
28;2025-07-08;7;734.6917811123059
28;2025-07-08;8;1106.4412124053954
28;2025-07-08;9;844.9733329536257
28;2025-07-08;10;647.6718522960523
28;2025-07-08;11;593.083695700509
28;2025-07-08;12;673.6435148468997
28;2025-07-08;13;726.0521319953116
28;2025-07-08;14;663.1438727385045
28;2025-07-08;15;670.0297479728047
28;2025-07-08;16;811.213761729577
28;2025-07-08;17;914.3294424425724
28;2025-07-08;18;901.0753946064269
28;2025-07-08;19;725.9249771637872
28;2025-07-08;20;557.7932839958812
28;2025-07-08;21;354.91971906579073
28;2025-07-08;22;147.00296158144906
28;2025-07-08;23;21.07928261069523
28;2025-07-09;0;1.9376588719687577
28;2025-07-09;1;0.0
28;2025-07-09;2;0.0
28;2025-07-09;3;0.0
28;2025-07-09;4;0.0
28;2025-07-09;5;51.82861040956134
28;2025-07-09;6;261.729948743817
28;2025-07-09;7;742.5210826944419
28;2025-07-09;8;1148.602525578289
28;2025-07-09;9;834.3206890406916
28;2025-07-09;10;635.9842058317448
28;2025-07-09;11;631.414679733442
28;2025-07-09;12;702.914762854793
28;2025-07-09;13;741.9250776558608
28;2025-07-09;14;674.5526480379301
28;2025-07-09;15;727.3414196110276
28;2025-07-09;16;849.7391635863053
28;2025-07-09;17;939.7717598090237
28;2025-07-09;18;931.2588778573925
28;2025-07-09;19;749.3046435936687
28;2025-07-09;20;571.5338319962655
28;2025-07-09;21;383.7330053191356
28;2025-07-09;22;173.90907359877934
28;2025-07-09;23;21.869317202729086
28;2025-07-10;0;2.07204994979839
28;2025-07-10;1;0.0
28;2025-07-10;2;0.0
28;2025-07-10;3;0.0
28;2025-07-10;4;0.0
28;2025-07-10;5;50.71455474814752
28;2025-07-10;6;265.26722798171625
28;2025-07-10;7;745.0296613577663
28;2025-07-10;8;1165.504047869258
28;2025-07-10;9;840.7334583652191
28;2025-07-10;10;649.71675471217
28;2025-07-10;11;610.6091405169432
28;2025-07-10;12;709.2086748159634
28;2025-07-10;13;734.1885167378784
28;2025-07-10;14;679.7379288797824
28;2025-07-10;15;700.9527807612997
28;2025-07-10;16;836.1455207357164
28;2025-07-10;17;968.7261577195079
28;2025-07-10;18;960.3597517855665
28;2025-07-10;19;763.7378221122489
28;2025-07-10;20;578.8933035063214
28;2025-07-10;21;387.68612127986137
28;2025-07-10;22;169.58089625320702
28;2025-07-10;23;25.431798006272004
28;2025-07-11;0;3.377004256104132
28;2025-07-11;1;0.0
28;2025-07-11;2;0.0
28;2025-07-11;3;0.0
28;2025-07-11;4;0.0
28;2025-07-11;5;43.04937958447489
28;2025-07-11;6;243.43901915906724
28;2025-07-11;7;714.3049785490134
28;2025-07-11;8;1095.4287892507864
28;2025-07-11;9;806.5299883341341
28;2025-07-11;10;621.1235266718522
28;2025-07-11;11;610.268895583816
28;2025-07-11;12;693.2565528527072
28;2025-07-11;13;694.2295093922073
28;2025-07-11;14;690.7062552359384
28;2025-07-11;15;731.5451022273066
28;2025-07-11;16;864.8537892689617
28;2025-07-11;17;956.9075574291934
28;2025-07-11;18;813.1240028157508
28;2025-07-11;19;657.1481686943782
28;2025-07-11;20;534.509860935825
28;2025-07-11;21;362.3239398555728
28;2025-07-11;22;168.82922911126894
28;2025-07-11;23;24.200972689340745
28;2025-07-12;0;2.248470899571382
28;2025-07-12;1;0.0
28;2025-07-12;2;0.0
28;2025-07-12;3;0.0
28;2025-07-12;4;0.0
28;2025-07-12;5;19.896455684529094
28;2025-07-12;6;109.15903261357916
28;2025-07-12;7;204.991397788891
28;2025-07-12;8;359.2081001651617
28;2025-07-12;9;433.62068257341963
28;2025-07-12;10;433.926803212446
28;2025-07-12;11;481.95753287009904
28;2025-07-12;12;546.7843208039956
28;2025-07-12;13;578.6213827623878
28;2025-07-12;14;572.527864437912
28;2025-07-12;15;559.4888230158251
28;2025-07-12;16;526.4181171035225
28;2025-07-12;17;546.0617801748798
28;2025-07-12;18;483.8228263930105
28;2025-07-12;19;451.23331838005345
28;2025-07-12;20;375.9912144541939
28;2025-07-12;21;311.96615906267675
28;2025-07-12;22;159.33872514230376
28;2025-07-12;23;34.15391901038164
28;2025-07-13;0;6.293610163794611
28;2025-07-13;1;0.0
28;2025-07-13;2;0.0
28;2025-07-13;3;0.0
28;2025-07-13;4;0.0
28;2025-07-13;5;17.9529064072441
28;2025-07-13;6;88.27413601884733
28;2025-07-13;7;153.55596162375252
28;2025-07-13;8;229.17095710227557
28;2025-07-13;9;312.12065582785385
28;2025-07-13;10;338.1435246258353
28;2025-07-13;11;372.7270469396019
28;2025-07-13;12;421.4662703545365
28;2025-07-13;13;467.76371497302137
28;2025-07-13;14;460.71234776117274
28;2025-07-13;15;443.6874826281386
28;2025-07-13;16;435.19102924413073
28;2025-07-13;17;420.2839812704475
28;2025-07-13;18;386.45391797133834
28;2025-07-13;19;356.7495686991524
28;2025-07-13;20;314.9787682409936
28;2025-07-13;21;252.96880324507384
28;2025-07-13;22;123.61230269562827
28;2025-07-13;23;21.925151688512287
28;2025-07-14;0;1.782851856274013
28;2025-07-14;1;0.0
28;2025-07-14;2;0.0
28;2025-07-14;3;0.0
28;2025-07-14;4;0.0
28;2025-07-14;5;45.91491999965091
28;2025-07-14;6;252.94950362589464
28;2025-07-14;7;709.4960973681427
28;2025-07-14;8;1082.3034371625654
28;2025-07-14;9;784.2605828680497
28;2025-07-14;10;566.3443643348319
28;2025-07-14;11;548.118038738769
28;2025-07-14;12;619.5028959777538
28;2025-07-14;13;664.2958597585275
28;2025-07-14;14;599.8464552674347
28;2025-07-14;15;633.8880091005584
28;2025-07-14;16;781.648841458589
28;2025-07-14;17;865.3475952159131
28;2025-07-14;18;873.6416882683079
28;2025-07-14;19;700.4329076666315
28;2025-07-14;20;520.7822341948081
28;2025-07-14;21;324.0318987022612
28;2025-07-14;22;133.76440975809294
28;2025-07-14;23;16.253726914025336
28;2025-07-15;0;1.2327137813813418
28;2025-07-15;1;0.0
28;2025-07-15;2;0.0
28;2025-07-15;3;0.0
28;2025-07-15;4;0.0
28;2025-07-15;5;43.96013404147782
28;2025-07-15;6;250.0980251175862
28;2025-07-15;7;712.7563849207213
28;2025-07-15;8;1063.6883054257871
28;2025-07-15;9;816.929144016082
28;2025-07-15;10;626.4984596152619
28;2025-07-15;11;572.48762826559
28;2025-07-15;12;647.640597371598
28;2025-07-15;13;693.7455788502612
28;2025-07-15;14;632.935651900316
28;2025-07-15;15;637.3241713835853
28;2025-07-15;16;772.6123645392523
28;2025-07-15;17;871.05618312752
28;2025-07-15;18;858.3296045089375
28;2025-07-15;19;693.3678348685264
28;2025-07-15;20;534.4440945689639
28;2025-07-15;21;338.77767326912465
28;2025-07-15;22;140.94239423253993
28;2025-07-15;23;20.325268478617918
28;2025-07-16;0;1.8691127644234424
28;2025-07-16;1;0.0
28;2025-07-16;2;0.0
28;2025-07-16;3;0.0
28;2025-07-16;4;0.0
28;2025-07-16;5;51.33737970152322
28;2025-07-16;6;258.5638084677306
28;2025-07-16;7;733.6885081509156
28;2025-07-16;8;1134.2995054244918
28;2025-07-16;9;821.3768423738256
28;2025-07-16;10;625.8333735264455
28;2025-07-16;11;621.8511589118954
28;2025-07-16;12;692.6578729657349
28;2025-07-16;13;733.3588746010856
28;2025-07-16;14;666.6747746056182
28;2025-07-16;15;718.1761421566509
28;2025-07-16;16;838.7242693612876
28;2025-07-16;17;926.2537542250325
28;2025-07-16;18;914.7463664726229
28;2025-07-16;19;736.1771325089178
28;2025-07-16;20;564.0789663870005
28;2025-07-16;21;378.7869228729221
28;2025-07-16;22;171.55434015285516
28;2025-07-16;23;21.54056610189189
28;2025-07-17;0;1.9658137093145092
28;2025-07-17;1;0.0
28;2025-07-17;2;0.0
28;2025-07-17;3;0.0
28;2025-07-17;4;0.0
28;2025-07-17;5;49.58068175392283
28;2025-07-17;6;257.7258782734496
28;2025-07-17;7;723.8667974190641
28;2025-07-17;8;1133.7042084699456
28;2025-07-17;9;814.0822756293455
28;2025-07-17;10;630.0422967706022
28;2025-07-17;11;592.8740215210396
28;2025-07-17;12;687.3255284420133
28;2025-07-17;13;712.6029635690212
28;2025-07-17;14;659.7478781121836
28;2025-07-17;15;679.8813946387019
28;2025-07-17;16;808.3703790105084
28;2025-07-17;17;936.1329415208777
28;2025-07-17;18;926.9284640051146
28;2025-07-17;19;737.4223932176619
28;2025-07-17;20;561.6293246405498
28;2025-07-17;21;376.0786927789301
28;2025-07-17;22;164.38479439640165
28;2025-07-17;23;24.623913530135177
28;2025-07-18;0;3.398887848706016
28;2025-07-18;1;0.0
28;2025-07-18;2;0.0
28;2025-07-18;3;0.0
28;2025-07-18;4;0.0
28;2025-07-18;5;43.12079725349167
28;2025-07-18;6;243.19319467489598
28;2025-07-18;7;714.4946692168462
28;2025-07-18;8;1095.5267443225418
28;2025-07-18;9;805.2224914922192
28;2025-07-18;10;619.3235985691721
28;2025-07-18;11;608.5801554704361
28;2025-07-18;12;691.9093481263322
28;2025-07-18;13;693.0119505755777
28;2025-07-18;14;689.6760814894416
28;2025-07-18;15;730.8039300801354
28;2025-07-18;16;863.9853105973432
28;2025-07-18;17;955.3808838175794
28;2025-07-18;18;809.0569623398043
28;2025-07-18;19;654.2957874604629
28;2025-07-18;20;533.7880379697938
28;2025-07-18;21;361.8665119375343
28;2025-07-18;22;168.63105600395005
28;2025-07-18;23;24.18035257827998
28;2025-07-19;0;2.2273448640162226
28;2025-07-19;1;0.0
28;2025-07-19;2;0.0
28;2025-07-19;3;0.0
28;2025-07-19;4;0.0
28;2025-07-19;5;19.73644628499516
28;2025-07-19;6;108.29810411841054
28;2025-07-19;7;203.41870328345058
28;2025-07-19;8;356.6506309946609
28;2025-07-19;9;429.41687425013043
28;2025-07-19;10;428.9494137075786
28;2025-07-19;11;475.96603815991733
28;2025-07-19;12;540.229581362547
28;2025-07-19;13;573.0079549812058
28;2025-07-19;14;566.3379684574878
28;2025-07-19;15;552.2894715402692
28;2025-07-19;16;521.1281967946109
28;2025-07-19;17;540.5289901907452
28;2025-07-19;18;478.1002733515302
28;2025-07-19;19;445.13482204072085
28;2025-07-19;20;371.4548085842132
28;2025-07-19;21;307.969644647905
28;2025-07-19;22;156.82882213298728
28;2025-07-19;23;33.883499762455266
28;2025-07-20;0;6.288547633011193
28;2025-07-20;1;0.0
28;2025-07-20;2;0.0
28;2025-07-20;3;0.0
28;2025-07-20;4;0.0
28;2025-07-20;5;17.947349573307754
28;2025-07-20;6;88.01788614455863
28;2025-07-20;7;153.5443798916366
28;2025-07-20;8;229.99259507285973
28;2025-07-20;9;311.70262665529225
28;2025-07-20;10;337.4393087404115
28;2025-07-20;11;371.5468613902881
28;2025-07-20;12;420.7483052878705
28;2025-07-20;13;466.95626305079514
28;2025-07-20;14;459.54696090947834
28;2025-07-20;15;441.9209525241422
28;2025-07-20;16;435.0734156778972
28;2025-07-20;17;419.6963802188614
28;2025-07-20;18;385.250514392769
28;2025-07-20;19;355.32541532870766
28;2025-07-20;20;314.111867150732
28;2025-07-20;21;252.3824137605239
28;2025-07-20;22;123.2972300928262
28;2025-07-20;23;21.863703513059114
28;2025-07-21;0;1.8241856606679874
28;2025-07-21;1;0.0
28;2025-07-21;2;0.0
28;2025-07-21;3;0.0
28;2025-07-21;4;0.0
28;2025-07-21;5;45.096540225724866
28;2025-07-21;6;248.23491146460597
28;2025-07-21;7;697.0659659046765
28;2025-07-21;8;1061.4650351138744
28;2025-07-21;9;767.721778398105
28;2025-07-21;10;553.1841595595338
28;2025-07-21;11;534.9366320137054
28;2025-07-21;12;605.259123446413
28;2025-07-21;13;648.9034537937391
28;2025-07-21;14;586.6134097871995
28;2025-07-21;15;620.7789210531115
28;2025-07-21;16;766.6436506072922
28;2025-07-21;17;851.2693838993789
28;2025-07-21;18;856.6988150349991
28;2025-07-21;19;686.5941118687917
28;2025-07-21;20;511.304902333266
28;2025-07-21;21;318.3857008966719
28;2025-07-21;22;131.73629419369757
28;2025-07-21;23;16.02732874620127
28;2025-07-22;0;1.2690708361621283
28;2025-07-22;1;0.0
28;2025-07-22;2;0.0
28;2025-07-22;3;0.0
28;2025-07-22;4;0.0
28;2025-07-22;5;44.00926970216669
28;2025-07-22;6;249.79313780407574
28;2025-07-22;7;714.4255109317835
28;2025-07-22;8;1065.4681921815545
28;2025-07-22;9;815.9399658190268
28;2025-07-22;10;625.7320246891857
28;2025-07-22;11;572.1509056549746
28;2025-07-22;12;647.8080272769243
28;2025-07-22;13;693.8898535472863
28;2025-07-22;14;633.9475052414494
28;2025-07-22;15;639.7136663074034
28;2025-07-22;16;774.3119202171943
28;2025-07-22;17;874.2440615577718
28;2025-07-22;18;859.714635807388
28;2025-07-22;19;693.4074231024381
28;2025-07-22;20;535.5868250291154
28;2025-07-22;21;339.6887950637719
28;2025-07-22;22;141.39916243621752
28;2025-07-22;23;20.398997598835628
28;2025-07-23;0;1.8618801401139065
28;2025-07-23;1;0.0
28;2025-07-23;2;0.0
28;2025-07-23;3;0.0
28;2025-07-23;4;0.0
28;2025-07-23;5;50.16641964323566
28;2025-07-23;6;253.50805925927745
28;2025-07-23;7;721.9001805901721
28;2025-07-23;8;1117.0701957880642
28;2025-07-23;9;807.4036662981474
28;2025-07-23;10;616.0773946863512
28;2025-07-23;11;612.2017351868557
28;2025-07-23;12;680.9222667389083
28;2025-07-23;13;719.481793567192
28;2025-07-23;14;654.2040571021857
28;2025-07-23;15;705.0841170785087
28;2025-07-23;16;822.2386140402016
28;2025-07-23;17;909.7587310524327
28;2025-07-23;18;897.9560091038835
28;2025-07-23;19;722.1147959867383
28;2025-07-23;20;554.5301771585914
28;2025-07-23;21;372.34599122198233
28;2025-07-23;22;168.6422917930837
28;2025-07-23;23;21.194134325379157
28;2025-07-24;0;2.040708867200957
28;2025-07-24;1;0.0
28;2025-07-24;2;0.0
28;2025-07-24;3;0.0
28;2025-07-24;4;0.0
28;2025-07-24;5;50.23249541912683
28;2025-07-24;6;260.49766696090694
28;2025-07-24;7;734.1155987704535
28;2025-07-24;8;1149.1151733951758
28;2025-07-24;9;822.4638850910942
28;2025-07-24;10;635.2981244657666
28;2025-07-24;11;597.9045534771385
28;2025-07-24;12;694.8574368259244
28;2025-07-24;13;720.755008682346
28;2025-07-24;14;668.1131056412444
28;2025-07-24;15;694.9211579833103
28;2025-07-24;16;819.8328207120633
28;2025-07-24;17;950.184912437018
28;2025-07-24;18;939.3411046152328
28;2025-07-24;19;746.5199175150797
28;2025-07-24;20;568.829941428079
28;2025-07-24;21;380.60278884919364
28;2025-07-24;22;166.55033709683477
28;2025-07-24;23;25.152004878383455
28;2025-07-25;0;3.35459922277414
28;2025-07-25;1;0.0
28;2025-07-25;2;0.0
28;2025-07-25;3;0.0
28;2025-07-25;4;0.0
28;2025-07-25;5;43.015649413790726
28;2025-07-25;6;240.5073957691306
28;2025-07-25;7;706.5578537556277
28;2025-07-25;8;1083.9522234416727
28;2025-07-25;9;795.3092733712181
28;2025-07-25;10;611.4968275204404
28;2025-07-25;11;600.79970674778
28;2025-07-25;12;682.974359593059
28;2025-07-25;13;683.2242921647967
28;2025-07-25;14;679.7710004435755
28;2025-07-25;15;723.7781598519255
28;2025-07-25;16;851.573461850126
28;2025-07-25;17;940.943832640241
28;2025-07-25;18;796.0605071561762
28;2025-07-25;19;643.4984151553522
28;2025-07-25;20;525.5838085400467
28;2025-07-25;21;355.72387798835507
28;2025-07-25;22;165.79978308925325
28;2025-07-25;23;23.785488913153493
28;2025-07-26;0;2.296278510116557
28;2025-07-26;1;0.0
28;2025-07-26;2;0.0
28;2025-07-26;3;0.0
28;2025-07-26;4;0.0
28;2025-07-26;5;20.16858201211516
28;2025-07-26;6;109.34360632901172
28;2025-07-26;7;207.02793120289869
28;2025-07-26;8;363.4644548694003
28;2025-07-26;9;435.37094865061306
28;2025-07-26;10;435.62636582166886
28;2025-07-26;11;483.5583726071689
28;2025-07-26;12;549.860113490021
28;2025-07-26;13;584.6566015473841
28;2025-07-26;14;578.4750427767303
28;2025-07-26;15;567.5433387690775
28;2025-07-26;16;534.7618694577297
28;2025-07-26;17;554.1098587040335
28;2025-07-26;18;490.23371036042516
28;2025-07-26;19;455.47798830312576
28;2025-07-26;20;379.3409241026608
28;2025-07-26;21;314.6255982745332
28;2025-07-26;22;161.06976028602764
28;2025-07-26;23;34.706974698987246
28;2025-07-27;0;6.582058391420764
28;2025-07-27;1;0.0
28;2025-07-27;2;0.0
28;2025-07-27;3;0.0
28;2025-07-27;4;0.0
28;2025-07-27;5;16.461447414997863
28;2025-07-27;6;82.35946159027705
28;2025-07-27;7;143.63506798484718
28;2025-07-27;8;230.75778083526635
28;2025-07-27;9;320.90651385239073
28;2025-07-27;10;347.88702622747417
28;2025-07-27;11;386.4029919352172
28;2025-07-27;12;437.15980835901945
28;2025-07-27;13;489.6487317078678
28;2025-07-27;14;482.89113315960697
28;2025-07-27;15;466.98949477920917
28;2025-07-27;16;459.6231106729376
28;2025-07-27;17;441.273947359779
28;2025-07-27;18;405.76175748859
28;2025-07-27;19;373.89184925708025
28;2025-07-27;20;329.9768355305749
28;2025-07-27;21;265.84707512210946
28;2025-07-27;22;130.3828793056594
28;2025-07-27;23;22.923754202553994
28;2025-07-28;0;1.9262664793057227
28;2025-07-28;1;0.0
28;2025-07-28;2;0.0
28;2025-07-28;3;0.0
28;2025-07-28;4;0.0
28;2025-07-28;5;46.666444856819076
28;2025-07-28;6;257.1111376935629
28;2025-07-28;7;728.0238712543953
28;2025-07-28;8;1117.3704419036603
28;2025-07-28;9;802.8650014910943
28;2025-07-28;10;578.6161476116006
28;2025-07-28;11;561.3361996537348
28;2025-07-28;12;638.4488204911353
28;2025-07-28;13;689.7606992057315
28;2025-07-28;14;624.1240654811356
28;2025-07-28;15;666.7186856558887
28;2025-07-28;16;816.221083712737
28;2025-07-28;17;904.339147451044
28;2025-07-28;18;910.0266309511454
28;2025-07-28;19;726.4999383881225
28;2025-07-28;20;540.7390999103332
28;2025-07-28;21;337.471716101678
28;2025-07-28;22;139.40142626050843
28;2025-07-28;23;16.458983146750448
50;2025-05-29;0;46.98952983753087
50;2025-05-29;1;0.0
50;2025-05-29;2;0.0
50;2025-05-29;3;0.0
50;2025-05-29;4;0.0
50;2025-05-29;5;66.68168997477844
50;2025-05-29;6;584.8970434116466
50;2025-05-29;7;1782.5107827826373
50;2025-05-29;8;2629.0047465573125
50;2025-05-29;9;2166.043557781004
50;2025-05-29;10;1667.2190435026723
50;2025-05-29;11;1591.0198688957332
50;2025-05-29;12;1482.7032962195817
50;2025-05-29;13;1480.7967083128128
50;2025-05-29;14;1416.6722502094833
50;2025-05-29;15;1590.446966899935
50;2025-05-29;16;1739.6690398730798
50;2025-05-29;17;2279.7769162122704
50;2025-05-29;18;2384.930311590274
50;2025-05-29;19;1580.9318959773084
50;2025-05-29;20;1049.2059169063702
50;2025-05-29;21;742.4125732059188
50;2025-05-29;22;372.2548340042297
50;2025-05-29;23;176.5500220535081
50;2025-05-30;0;51.04672399731919
50;2025-05-30;1;0.0
50;2025-05-30;2;0.0
50;2025-05-30;3;0.0
50;2025-05-30;4;0.0
50;2025-05-30;5;59.956031181032564
50;2025-05-30;6;573.4056811119876
50;2025-05-30;7;1715.051053582671
50;2025-05-30;8;2534.9138017750874
50;2025-05-30;9;2082.5103490979754
50;2025-05-30;10;1633.5022248015907
50;2025-05-30;11;1625.6962997046523
50;2025-05-30;12;1553.5388655714482
50;2025-05-30;13;1527.9509043704688
50;2025-05-30;14;1474.1776448178985
50;2025-05-30;15;1776.0067110841615
50;2025-05-30;16;1943.6540913732379
50;2025-05-30;17;2096.690047713481
50;2025-05-30;18;1800.0152273513372
50;2025-05-30;19;1327.3765054645623
50;2025-05-30;20;945.4588864659552
50;2025-05-30;21;662.9711121651706
50;2025-05-30;22;385.9069975069243
50;2025-05-30;23;215.32155425555644
50;2025-05-31;0;65.55798801366703
50;2025-05-31;1;0.0
50;2025-05-31;2;0.0
50;2025-05-31;3;0.0
50;2025-05-31;4;0.0
50;2025-05-31;5;23.775061495560763
50;2025-05-31;6;203.12440970079612
50;2025-05-31;7;413.22139197817984
50;2025-05-31;8;616.6593342813294
50;2025-05-31;9;691.8731615304271
50;2025-05-31;10;650.7806787111729
50;2025-05-31;11;815.6632715000133
50;2025-05-31;12;836.4586006929528
50;2025-05-31;13;879.0046651847626
50;2025-05-31;14;861.4164634149511
50;2025-05-31;15;830.8258333177578
50;2025-05-31;16;793.7551163270402
50;2025-05-31;17;785.1189094444883
50;2025-05-31;18;739.7724902648329
50;2025-05-31;19;701.3142679263735
50;2025-05-31;20;542.8397938898372
50;2025-05-31;21;441.1151857585736
50;2025-05-31;22;255.65128207705772
50;2025-05-31;23;165.68867896117933
50;2025-06-01;0;54.78658280430112
50;2025-06-01;1;0.0
50;2025-06-01;2;0.0
50;2025-06-01;3;0.0
50;2025-06-01;4;0.0
50;2025-06-01;5;21.498379192706444
50;2025-06-01;6;149.98817806271626
50;2025-06-01;7;268.24929329163746
50;2025-06-01;8;390.46350801591063
50;2025-06-01;9;483.37224934521146
50;2025-06-01;10;521.0578185389463
50;2025-06-01;11;632.832150829394
50;2025-06-01;12;676.3745628934881
50;2025-06-01;13;722.8405600107795
50;2025-06-01;14;750.2412444228139
50;2025-06-01;15;684.4054881718166
50;2025-06-01;16;668.9870398829028
50;2025-06-01;17;668.050104537157
50;2025-06-01;18;634.3329146038969
50;2025-06-01;19;579.3270778055373
50;2025-06-01;20;477.4928971897733
50;2025-06-01;21;379.39055549580485
50;2025-06-01;22;220.64615994596676
50;2025-06-01;23;125.40072303004501
50;2025-06-02;0;41.701208518322005
50;2025-06-02;1;0.0
50;2025-06-02;2;0.0
50;2025-06-02;3;0.0
50;2025-06-02;4;0.0
50;2025-06-02;5;55.55248946593996
50;2025-06-02;6;545.5270992183231
50;2025-06-02;7;1704.2474093596707
50;2025-06-02;8;2557.315217986532
50;2025-06-02;9;2087.108352824201
50;2025-06-02;10;1592.0153204676976
50;2025-06-02;11;1486.314392934687
50;2025-06-02;12;1384.091344528622
50;2025-06-02;13;1421.8986108144286
50;2025-06-02;14;1370.3813303138877
50;2025-06-02;15;1529.1916345717714
50;2025-06-02;16;1621.0800409628243
50;2025-06-02;17;2192.9648503360822
50;2025-06-02;18;2340.443045222586
50;2025-06-02;19;1541.677350120869
50;2025-06-02;20;974.1471093355069
50;2025-06-02;21;649.093225680526
50;2025-06-02;22;319.85602122576336
50;2025-06-02;23;138.72398357369474
50;2025-06-03;0;43.857320289586795
50;2025-06-03;1;0.0
50;2025-06-03;2;0.0
50;2025-06-03;3;0.0
50;2025-06-03;4;0.0
50;2025-06-03;5;55.725252223877504
50;2025-06-03;6;595.9693580552075
50;2025-06-03;7;1767.1607958239747
50;2025-06-03;8;2544.4679498178566
50;2025-06-03;9;2110.563623279014
50;2025-06-03;10;1615.8333334488157
50;2025-06-03;11;1550.0680878274036
50;2025-06-03;12;1450.4266414986218
50;2025-06-03;13;1484.927822562846
50;2025-06-03;14;1434.6877059104015
50;2025-06-03;15;1533.4812827737132
50;2025-06-03;16;1647.3567581565487
50;2025-06-03;17;2237.9071592486575
50;2025-06-03;18;2358.116120450921
50;2025-06-03;19;1489.747339691455
50;2025-06-03;20;1009.7937214745521
50;2025-06-03;21;668.2128376394949
50;2025-06-03;22;342.0635594502418
50;2025-06-03;23;152.18034249361665
50;2025-06-04;0;40.77925335968324
50;2025-06-04;1;0.0
50;2025-06-04;2;0.0
50;2025-06-04;3;0.0
50;2025-06-04;4;0.0
50;2025-06-04;5;60.83076622733925
50;2025-06-04;6;584.733357070234
50;2025-06-04;7;1785.8907280842554
50;2025-06-04;8;2642.8137239803473
50;2025-06-04;9;2190.459551994214
50;2025-06-04;10;1614.7871379332655
50;2025-06-04;11;1578.1510851554212
50;2025-06-04;12;1463.580816119705
50;2025-06-04;13;1539.72229420363
50;2025-06-04;14;1478.0997490914242
50;2025-06-04;15;1628.1595987920978
50;2025-06-04;16;1760.6464253677887
50;2025-06-04;17;2253.843160162063
50;2025-06-04;18;2282.3235199647243
50;2025-06-04;19;1587.5368672498735
50;2025-06-04;20;1013.2588496646034
50;2025-06-04;21;712.4913926741347
50;2025-06-04;22;381.33954025581136
50;2025-06-04;23;171.20429620893862
50;2025-06-05;0;46.91201129415842
50;2025-06-05;1;0.0
50;2025-06-05;2;0.0
50;2025-06-05;3;0.0
50;2025-06-05;4;0.0
50;2025-06-05;5;66.99325744255822
50;2025-06-05;6;583.8007263322485
50;2025-06-05;7;1777.1089417299493
50;2025-06-05;8;2618.5829914889778
50;2025-06-05;9;2166.1897991508376
50;2025-06-05;10;1667.0127472799722
50;2025-06-05;11;1589.2075461389722
50;2025-06-05;12;1485.4474970896713
50;2025-06-05;13;1483.9028331183194
50;2025-06-05;14;1416.392319850048
50;2025-06-05;15;1586.0117575030113
50;2025-06-05;16;1748.0325077316481
50;2025-06-05;17;2285.6165424306328
50;2025-06-05;18;2374.1696161033287
50;2025-06-05;19;1556.991902791768
50;2025-06-05;20;1039.2141045129188
50;2025-06-05;21;734.8906271681215
50;2025-06-05;22;367.0306122033149
50;2025-06-05;23;172.58714836338095
50;2025-06-06;0;50.76907601620909
50;2025-06-06;1;0.0
50;2025-06-06;2;0.0
50;2025-06-06;3;0.0
50;2025-06-06;4;0.0
50;2025-06-06;5;59.56177505039881
50;2025-06-06;6;566.5195720003014
50;2025-06-06;7;1694.9746544948828
50;2025-06-06;8;2502.5343629465924
50;2025-06-06;9;2063.3163952282594
50;2025-06-06;10;1616.9249068243873
50;2025-06-06;11;1609.4649416393854
50;2025-06-06;12;1541.232646397439
50;2025-06-06;13;1515.4259221969141
50;2025-06-06;14;1461.8430549333405
50;2025-06-06;15;1758.5754289267863
50;2025-06-06;16;1929.5243798306924
50;2025-06-06;17;2084.2878326586506
50;2025-06-06;18;1784.2579306281168
50;2025-06-06;19;1312.9429697454498
50;2025-06-06;20;939.2307503600643
50;2025-06-06;21;659.045315686128
50;2025-06-06;22;384.14549096773817
50;2025-06-06;23;214.57858335368317
50;2025-06-07;0;62.35378377523902
50;2025-06-07;1;0.0
50;2025-06-07;2;0.0
50;2025-06-07;3;0.0
50;2025-06-07;4;0.0
50;2025-06-07;5;24.209121848503518
50;2025-06-07;6;195.89693934501258
50;2025-06-07;7;393.92804305699707
50;2025-06-07;8;586.4112477358804
50;2025-06-07;9;657.9222295301033
50;2025-06-07;10;617.2135322880306
50;2025-06-07;11;767.4187447984708
50;2025-06-07;12;791.6798596026158
50;2025-06-07;13;832.3007082753572
50;2025-06-07;14;815.396115916815
50;2025-06-07;15;785.9366521059917
50;2025-06-07;16;751.4453419442895
50;2025-06-07;17;742.2559968841081
50;2025-06-07;18;696.1733080659834
50;2025-06-07;19;661.5057959339528
50;2025-06-07;20;514.0774306861092
50;2025-06-07;21;417.3404213886326
50;2025-06-07;22;242.16765615754218
50;2025-06-07;23;156.8749226415047
50;2025-06-08;0;53.96791702685263
50;2025-06-08;1;0.0
50;2025-06-08;2;0.0
50;2025-06-08;3;0.0
50;2025-06-08;4;0.0
50;2025-06-08;5;22.429605534944827
50;2025-06-08;6;155.94679178747953
50;2025-06-08;7;282.1603779504877
50;2025-06-08;8;391.34960962288653
50;2025-06-08;9;470.9702035027429
50;2025-06-08;10;507.83749950766514
50;2025-06-08;11;612.8188103234764
50;2025-06-08;12;658.7721443584059
50;2025-06-08;13;702.1611242758821
50;2025-06-08;14;728.6669135370132
50;2025-06-08;15;664.3287365746621
50;2025-06-08;16;648.3720090831782
50;2025-06-08;17;647.0320779434444
50;2025-06-08;18;610.9641011976373
50;2025-06-08;19;558.6262704957944
50;2025-06-08;20;463.444852013025
50;2025-06-08;21;367.82350180787455
50;2025-06-08;22;215.32774314782998
50;2025-06-08;23;124.80164819730831
50;2025-06-09;0;44.37087617229487
50;2025-06-09;1;0.0
50;2025-06-09;2;0.0
50;2025-06-09;3;0.0
50;2025-06-09;4;0.0
50;2025-06-09;5;55.28730539881313
50;2025-06-09;6;534.5455384955089
50;2025-06-09;7;1669.1501333499996
50;2025-06-09;8;2509.2810335319828
50;2025-06-09;9;2047.804987663752
50;2025-06-09;10;1560.9573878430251
50;2025-06-09;11;1455.9356445216984
50;2025-06-09;12;1357.2025371601387
50;2025-06-09;13;1395.9552419123847
50;2025-06-09;14;1341.5514940264384
50;2025-06-09;15;1491.4309516132948
50;2025-06-09;16;1584.9403689595467
50;2025-06-09;17;2135.730856221967
50;2025-06-09;18;2285.1048325053707
50;2025-06-09;19;1507.1026777450834
50;2025-06-09;20;956.4478786513776
50;2025-06-09;21;637.5722459033591
50;2025-06-09;22;315.07860332949133
50;2025-06-09;23;141.33525111162587
50;2025-06-10;0;40.8511862938508
50;2025-06-10;1;0.0
50;2025-06-10;2;0.0
50;2025-06-10;3;0.0
50;2025-06-10;4;0.0
50;2025-06-10;5;56.234066531133905
50;2025-06-10;6;601.6609894352756
50;2025-06-10;7;1791.413393577624
50;2025-06-10;8;2583.98235811376
50;2025-06-10;9;2135.9941119484183
50;2025-06-10;10;1634.3599209466836
50;2025-06-10;11;1566.4293102186687
50;2025-06-10;12;1467.4244184813558
50;2025-06-10;13;1505.2614978491324
50;2025-06-10;14;1453.8632282910487
50;2025-06-10;15;1556.0711963835083
50;2025-06-10;16;1678.5315487222736
50;2025-06-10;17;2270.511968486373
50;2025-06-10;18;2378.8187370403466
50;2025-06-10;19;1490.502143641931
50;2025-06-10;20;1009.513468249439
50;2025-06-10;21;666.5969517680268
50;2025-06-10;22;343.7930158190999
50;2025-06-10;23;152.839772471955
50;2025-06-11;0;40.65392359078837
50;2025-06-11;1;0.0
50;2025-06-11;2;0.0
50;2025-06-11;3;0.0
50;2025-06-11;4;0.0
50;2025-06-11;5;60.680135335158674
50;2025-06-11;6;576.8567097429499
50;2025-06-11;7;1762.306747766033
50;2025-06-11;8;2611.1876318295826
50;2025-06-11;9;2162.826885451057
50;2025-06-11;10;1595.642869856359
50;2025-06-11;11;1558.667306270283
50;2025-06-11;12;1446.840747241405
50;2025-06-11;13;1522.3110571965972
50;2025-06-11;14;1460.3240337270809
50;2025-06-11;15;1603.8308695408364
50;2025-06-11;16;1732.843417596489
50;2025-06-11;17;2211.5394168223775
50;2025-06-11;18;2235.9213352096676
50;2025-06-11;19;1555.6672252138846
50;2025-06-11;20;992.3426351965638
50;2025-06-11;21;696.5796253061831
50;2025-06-11;22;373.9053896200842
50;2025-06-11;23;168.1725424937961
50;2025-06-12;0;56.02864778079792
50;2025-06-12;1;0.0
50;2025-06-12;2;0.0
50;2025-06-12;3;0.0
50;2025-06-12;4;0.0
50;2025-06-12;5;22.098400089548505
50;2025-06-12;6;158.37375586729894
50;2025-06-12;7;300.17512891411127
50;2025-06-12;8;421.66969505720886
50;2025-06-12;9;506.6066832591502
50;2025-06-12;10;512.1276117483355
50;2025-06-12;11;632.7050107640223
50;2025-06-12;12;682.2905643666084
50;2025-06-12;13;735.7003614165742
50;2025-06-12;14;747.593851060543
50;2025-06-12;15;707.2610389349636
50;2025-06-12;16;688.20319678019
50;2025-06-12;17;684.8063928070806
50;2025-06-12;18;651.1193196120246
50;2025-06-12;19;607.0833599001762
50;2025-06-12;20;479.91884028624656
50;2025-06-12;21;381.6902083076516
50;2025-06-12;22;228.15232967196772
50;2025-06-12;23;137.11914811417086
50;2025-06-13;0;53.309812744163736
50;2025-06-13;1;0.0
50;2025-06-13;2;0.0
50;2025-06-13;3;0.0
50;2025-06-13;4;0.0
50;2025-06-13;5;22.712541814251693
50;2025-06-13;6;163.0376718910584
50;2025-06-13;7;310.1086276922381
50;2025-06-13;8;415.5917507960031
50;2025-06-13;9;486.0076620547025
50;2025-06-13;10;489.0996647258726
50;2025-06-13;11;598.2739347998414
50;2025-06-13;12;648.4015465700546
50;2025-06-13;13;699.0674546638031
50;2025-06-13;14;708.876981248834
50;2025-06-13;15;669.5663098846794
50;2025-06-13;16;651.6655015777961
50;2025-06-13;17;646.3222317138758
50;2025-06-13;18;611.3465495783109
50;2025-06-13;19;573.8277462815378
50;2025-06-13;20;454.8830239107864
50;2025-06-13;21;361.0445222387074
50;2025-06-13;22;216.9197543874538
50;2025-06-13;23;130.19813406734812
50;2025-06-14;0;60.57473329995829
50;2025-06-14;1;0.0
50;2025-06-14;2;0.0
50;2025-06-14;3;0.0
50;2025-06-14;4;0.0
50;2025-06-14;5;23.77056038008906
50;2025-06-14;6;192.71850002653863
50;2025-06-14;7;388.2026872525065
50;2025-06-14;8;581.0083458591876
50;2025-06-14;9;647.3982957718574
50;2025-06-14;10;606.8300435124596
50;2025-06-14;11;753.9444273803228
50;2025-06-14;12;778.2836921874929
50;2025-06-14;13;818.0888064035523
50;2025-06-14;14;801.5419032880474
50;2025-06-14;15;772.1843221895217
50;2025-06-14;16;738.619320133776
50;2025-06-14;17;727.354140040372
50;2025-06-14;18;674.2582103821519
50;2025-06-14;19;641.522952507119
50;2025-06-14;20;500.8394137688401
50;2025-06-14;21;406.2204255398109
50;2025-06-14;22;234.68060559096716
50;2025-06-14;23;150.3991523166742
50;2025-06-15;0;52.39830883500542
50;2025-06-15;1;0.0
50;2025-06-15;2;0.0
50;2025-06-15;3;0.0
50;2025-06-15;4;0.0
50;2025-06-15;5;23.024759527705783
50;2025-06-15;6;155.91465053025286
50;2025-06-15;7;282.41095144641304
50;2025-06-15;8;391.2778536084239
50;2025-06-15;9;467.28943236238695
50;2025-06-15;10;503.5184789319847
50;2025-06-15;11;606.5643822848251
50;2025-06-15;12;652.4723857531228
50;2025-06-15;13;695.0474647277993
50;2025-06-15;14;720.4997237646733
50;2025-06-15;15;656.7774338253089
50;2025-06-15;16;640.7480294926611
50;2025-06-15;17;637.9403146289765
50;2025-06-15;18;597.1260097323268
50;2025-06-15;19;545.6052131362596
50;2025-06-15;20;453.1373884067713
50;2025-06-15;21;358.76456089089345
50;2025-06-15;22;210.2410914481929
50;2025-06-15;23;118.91694786152976
50;2025-06-16;0;44.63152623521957
50;2025-06-16;1;0.0
50;2025-06-16;2;0.0
50;2025-06-16;3;0.0
50;2025-06-16;4;0.0
50;2025-06-16;5;54.335686233594174
50;2025-06-16;6;535.1087035544659
50;2025-06-16;7;1677.0590949495322
50;2025-06-16;8;2521.713817094032
50;2025-06-16;9;2057.0246358669874
50;2025-06-16;10;1569.6334735999208
50;2025-06-16;11;1463.1913803969267
50;2025-06-16;12;1366.0337687188223
50;2025-06-16;13;1404.9504862679962
50;2025-06-16;14;1351.3991706266534
50;2025-06-16;15;1499.9061552048033
50;2025-06-16;16;1597.5137375548752
50;2025-06-16;17;2149.288575959269
50;2025-06-16;18;2289.7591741148144
50;2025-06-16;19;1505.2476632352395
50;2025-06-16;20;954.4357573585453
50;2025-06-16;21;634.5397246142352
50;2025-06-16;22;311.639780554225
50;2025-06-16;23;142.28752122783308
50;2025-06-17;0;40.924999451293935
50;2025-06-17;1;0.0
50;2025-06-17;2;0.0
50;2025-06-17;3;0.0
50;2025-06-17;4;0.0
50;2025-06-17;5;54.849166863046094
50;2025-06-17;6;569.1342201633018
50;2025-06-17;7;1691.958042171309
50;2025-06-17;8;2427.1002996559077
50;2025-06-17;9;2005.798173272122
50;2025-06-17;10;1537.3407597107707
50;2025-06-17;11;1468.9235135494773
50;2025-06-17;12;1375.8042776051088
50;2025-06-17;13;1408.7918545688735
50;2025-06-17;14;1358.3558620340027
50;2025-06-17;15;1448.8906034937559
50;2025-06-17;16;1564.3329192070544
50;2025-06-17;17;2105.8439537713703
50;2025-06-17;18;2213.684487181737
50;2025-06-17;19;1396.9600351008662
50;2025-06-17;20;950.0949310756375
50;2025-06-17;21;626.1283512853965
50;2025-06-17;22;319.83648847717416
50;2025-06-17;23;145.08934471724092
50;2025-06-18;0;39.02268761501624
50;2025-06-18;1;0.0
50;2025-06-18;2;0.0
50;2025-06-18;3;0.0
50;2025-06-18;4;0.0
50;2025-06-18;5;59.43387102427478
50;2025-06-18;6;553.8721959656573
50;2025-06-18;7;1690.1241230031085
50;2025-06-18;8;2489.635931990142
50;2025-06-18;9;2057.7301848511515
50;2025-06-18;10;1518.1069497267404
50;2025-06-18;11;1478.3483049493773
50;2025-06-18;12;1371.379568406819
50;2025-06-18;13;1441.5206199895924
50;2025-06-18;14;1381.496640158585
50;2025-06-18;15;1515.4479861109232
50;2025-06-18;16;1640.7660592143504
50;2025-06-18;17;2088.8843172284896
50;2025-06-18;18;2112.1973611241865
50;2025-06-18;19;1472.4802683074718
50;2025-06-18;20;939.3599007982523
50;2025-06-18;21;657.3537553135882
50;2025-06-18;22;353.41773308573613
50;2025-06-18;23;159.74941605552323
50;2025-06-19;0;42.06141078020002
50;2025-06-19;1;0.0
50;2025-06-19;2;0.0
50;2025-06-19;3;0.0
50;2025-06-19;4;0.0
50;2025-06-19;5;63.42653206179966
50;2025-06-19;6;557.7669634266081
50;2025-06-19;7;1703.8451327987896
50;2025-06-19;8;2517.3715503354424
50;2025-06-19;9;2076.428685329668
50;2025-06-19;10;1596.6922014272857
50;2025-06-19;11;1522.2254649237575
50;2025-06-19;12;1424.8816768505212
50;2025-06-19;13;1425.4582012249812
50;2025-06-19;14;1359.6612961307246
50;2025-06-19;15;1517.4921643132939
50;2025-06-19;16;1671.669726194793
50;2025-06-19;17;2168.792584825974
50;2025-06-19;18;2242.5491444915524
50;2025-06-19;19;1475.0707086063587
50;2025-06-19;20;987.8006437086655
50;2025-06-19;21;696.3373206703463
50;2025-06-19;22;347.4094916608013
50;2025-06-19;23;161.60679817059503
50;2025-06-20;0;44.19306219456638
50;2025-06-20;1;0.0
50;2025-06-20;2;0.0
50;2025-06-20;3;0.0
50;2025-06-20;4;0.0
50;2025-06-20;5;58.80203467980583
50;2025-06-20;6;549.1630147866468
50;2025-06-20;7;1640.3957704791144
50;2025-06-20;8;2410.2112810028475
50;2025-06-20;9;1980.5639433259184
50;2025-06-20;10;1552.4044862165274
50;2025-06-20;11;1544.1815544807014
50;2025-06-20;12;1479.3004759122814
50;2025-06-20;13;1453.0988643146684
50;2025-06-20;14;1400.4382623403158
50;2025-06-20;15;1678.656822261531
50;2025-06-20;16;1840.0813479410024
50;2025-06-20;17;1981.9661193876
50;2025-06-20;18;1669.44222474985
50;2025-06-20;19;1224.9975495849935
50;2025-06-20;20;882.1665752849392
50;2025-06-20;21;615.25493261634
50;2025-06-20;22;357.5951993012834
50;2025-06-20;23;190.21580870184314
50;2025-06-21;0;61.971434375987634
50;2025-06-21;1;0.0
50;2025-06-21;2;0.0
50;2025-06-21;3;0.0
50;2025-06-21;4;0.0
50;2025-06-21;5;22.965272993802564
50;2025-06-21;6;194.92246529088607
50;2025-06-21;7;400.13233913839747
50;2025-06-21;8;602.6084578208186
50;2025-06-21;9;666.563256178133
50;2025-06-21;10;625.8370412789359
50;2025-06-21;11;783.6340064594073
50;2025-06-21;12;805.355834257079
50;2025-06-21;13;845.9305280703765
50;2025-06-21;14;829.1120756588715
50;2025-06-21;15;799.0358266073144
50;2025-06-21;16;763.3829476350165
50;2025-06-21;17;749.6549148902923
50;2025-06-21;18;693.5896991511413
50;2025-06-21;19;658.7744042536299
50;2025-06-21;20;516.5973816418486
50;2025-06-21;21;419.79030735747773
50;2025-06-21;22;242.55772404279355
50;2025-06-21;23;155.9619405210106
50;2025-06-22;0;51.91708480119962
50;2025-06-22;1;0.0
50;2025-06-22;2;0.0
50;2025-06-22;3;0.0
50;2025-06-22;4;0.0
50;2025-06-22;5;22.66669422641513
50;2025-06-22;6;155.74565612980808
50;2025-06-22;7;282.1108139451099
50;2025-06-22;8;393.54861095065587
50;2025-06-22;9;468.0931224586662
50;2025-06-22;10;503.2162187951012
50;2025-06-22;11;606.3272627940121
50;2025-06-22;12;652.1714436040638
50;2025-06-22;13;693.3175742153328
50;2025-06-22;14;718.8555278701303
50;2025-06-22;15;654.5582082950766
50;2025-06-22;16;638.5568267685868
50;2025-06-22;17;636.0206408318272
50;2025-06-22;18;591.9923739828216
50;2025-06-22;19;541.9249116205551
50;2025-06-22;20;452.34226136590974
50;2025-06-22;21;358.1718374618398
50;2025-06-22;22;209.6901508945305
50;2025-06-22;23;118.73763977472518
50;2025-06-23;0;41.26676362407409
50;2025-06-23;1;0.0
50;2025-06-23;2;0.0
50;2025-06-23;3;0.0
50;2025-06-23;4;0.0
50;2025-06-23;5;54.45044345640103
50;2025-06-23;6;532.0592733433901
50;2025-06-23;7;1669.6423186819256
50;2025-06-23;8;2510.329061623758
50;2025-06-23;9;2049.7536707715685
50;2025-06-23;10;1564.7546429125196
50;2025-06-23;11;1459.267460073072
50;2025-06-23;12;1363.5670613558032
50;2025-06-23;13;1403.4950623094733
50;2025-06-23;14;1350.347286757063
50;2025-06-23;15;1495.0036772981994
50;2025-06-23;16;1590.890004233932
50;2025-06-23;17;2137.0839428463396
50;2025-06-23;18;2269.1100449459136
50;2025-06-23;19;1488.2859985033297
50;2025-06-23;20;944.3959393451416
50;2025-06-23;21;625.9710698556484
50;2025-06-23;22;310.36022550917556
50;2025-06-23;23;137.10067178710747
50;2025-06-24;0;39.38942057820397
50;2025-06-24;1;0.0
50;2025-06-24;2;0.0
50;2025-06-24;3;0.0
50;2025-06-24;4;0.0
50;2025-06-24;5;54.735757786633215
50;2025-06-24;6;575.4704038412078
50;2025-06-24;7;1714.8465265742484
50;2025-06-24;8;2475.4228205019685
50;2025-06-24;9;2049.4036106173053
50;2025-06-24;10;1569.1375704677803
50;2025-06-24;11;1504.3038430601473
50;2025-06-24;12;1412.479735690652
50;2025-06-24;13;1451.2622425925022
50;2025-06-24;14;1400.6345835501113
50;2025-06-24;15;1487.7442403135071
50;2025-06-24;16;1604.1222826674577
50;2025-06-24;17;2157.6173217295404
50;2025-06-24;18;2254.6806057630165
50;2025-06-24;19;1417.509869317268
50;2025-06-24;20;967.5419893445385
50;2025-06-24;21;637.9806518094617
50;2025-06-24;22;327.77460119938075
50;2025-06-24;23;147.42937516796488
50;2025-06-25;0;39.63929926439866
50;2025-06-25;1;0.0
50;2025-06-25;2;0.0
50;2025-06-25;3;0.0
50;2025-06-25;4;0.0
50;2025-06-25;5;60.515728844284666
50;2025-06-25;6;561.352307075863
50;2025-06-25;7;1718.6799052298861
50;2025-06-25;8;2549.182700546403
50;2025-06-25;9;2108.49063059045
50;2025-06-25;10;1555.1753086020276
50;2025-06-25;11;1519.83243963117
50;2025-06-25;12;1413.9859830222076
50;2025-06-25;13;1490.4913240801793
50;2025-06-25;14;1429.5663989234272
50;2025-06-25;15;1562.6699736359503
50;2025-06-25;16;1689.8851679583863
50;2025-06-25;17;2143.3226603836392
50;2025-06-25;18;2156.2828428420653
50;2025-06-25;19;1500.7939522911838
50;2025-06-25;20;963.3285964889467
50;2025-06-25;21;675.3596222533959
50;2025-06-25;22;362.6071882107599
50;2025-06-25;23;164.81584508868846
50;2025-06-26;0;40.591335483430754
50;2025-06-26;1;0.0
50;2025-06-26;2;0.0
50;2025-06-26;3;0.0
50;2025-06-26;4;0.0
50;2025-06-26;5;65.46871447297292
50;2025-06-26;6;547.5097511167066
50;2025-06-26;7;1673.2708027976992
50;2025-06-26;8;2453.141984091638
50;2025-06-26;9;2023.8387283384313
50;2025-06-26;10;1563.9797574522827
50;2025-06-26;11;1489.3105295804526
50;2025-06-26;12;1395.583963910296
50;2025-06-26;13;1398.8802456521094
50;2025-06-26;14;1334.6432332556735
50;2025-06-26;15;1478.151253190879
50;2025-06-26;16;1627.3000713853617
50;2025-06-26;17;2103.735727072599
50;2025-06-26;18;2172.9916026021924
50;2025-06-26;19;1430.464118254983
50;2025-06-26;20;960.592945633398
50;2025-06-26;21;676.3701100111905
50;2025-06-26;22;338.2156160100968
50;2025-06-26;23;158.85254217150168
50;2025-06-27;0;45.54336399305834
50;2025-06-27;1;0.0
50;2025-06-27;2;0.0
50;2025-06-27;3;0.0
50;2025-06-27;4;0.0
50;2025-06-27;5;59.57610081214128
50;2025-06-27;6;556.6129595086071
50;2025-06-27;7;1672.4459476812485
50;2025-06-27;8;2458.488907576279
50;2025-06-27;9;2027.6319841491154
50;2025-06-27;10;1596.48868640531
50;2025-06-27;11;1590.8472250342984
50;2025-06-27;12;1528.8770352077509
50;2025-06-27;13;1503.6601847276797
50;2025-06-27;14;1451.4639879899128
50;2025-06-27;15;1736.6946807168506
50;2025-06-27;16;1900.2487826863016
50;2025-06-27;17;2040.588664443083
50;2025-06-27;18;1723.9486203263687
50;2025-06-27;19;1260.3245481633417
50;2025-06-27;20;909.6246605673886
50;2025-06-27;21;634.8041493793396
50;2025-06-27;22;370.50532328061945
50;2025-06-27;23;200.2347081812831
50;2025-06-28;0;62.55072518711236
50;2025-06-28;1;0.0
50;2025-06-28;2;0.0
50;2025-06-28;3;0.0
50;2025-06-28;4;0.0
50;2025-06-28;5;23.595282954023503
50;2025-06-28;6;195.5497402672986
50;2025-06-28;7;403.1092048375954
50;2025-06-28;8;602.5113315381741
50;2025-06-28;9;664.3065929074876
50;2025-06-28;10;624.5341527726173
50;2025-06-28;11;786.9420297470534
50;2025-06-28;12;812.7885191109423
50;2025-06-28;13;855.4317876800803
50;2025-06-28;14;839.0341463270047
50;2025-06-28;15;806.9125458600655
50;2025-06-28;16;771.9793719629646
50;2025-06-28;17;757.1610638681354
50;2025-06-28;18;700.663502053653
50;2025-06-28;19;662.864158424903
50;2025-06-28;20;519.93687843957
50;2025-06-28;21;422.739117027958
50;2025-06-28;22;246.2522681690288
50;2025-06-28;23;159.89294657424637
50;2025-06-29;0;51.398105087050624
50;2025-06-29;1;0.0
50;2025-06-29;2;0.0
50;2025-06-29;3;0.0
50;2025-06-29;4;0.0
50;2025-06-29;5;22.69007677778845
50;2025-06-29;6;152.66590521861474
50;2025-06-29;7;278.4036104525508
50;2025-06-29;8;384.27411397377625
50;2025-06-29;9;454.9587093723251
50;2025-06-29;10;490.61528429017676
50;2025-06-29;11;594.5601716926924
50;2025-06-29;12;643.0999286713691
50;2025-06-29;13;684.4586677921488
50;2025-06-29;14;709.8878993968158
50;2025-06-29;15;644.8005461253351
50;2025-06-29;16;629.069542571534
50;2025-06-29;17;626.7985439927631
50;2025-06-29;18;585.5786394991419
50;2025-06-29;19;535.2975059466035
50;2025-06-29;20;447.60631973535067
50;2025-06-29;21;354.8790574951569
50;2025-06-29;22;208.2695443159866
50;2025-06-29;23;120.11509758873612
50;2025-06-30;0;37.121714985375036
50;2025-06-30;1;0.0
50;2025-06-30;2;0.0
50;2025-06-30;3;0.0
50;2025-06-30;4;0.0
50;2025-06-30;5;53.841159382003625
50;2025-06-30;6;506.0581549895012
50;2025-06-30;7;1577.4006438569395
50;2025-06-30;8;2362.9838722475433
50;2025-06-30;9;1920.9784562260324
50;2025-06-30;10;1469.8042379075118
50;2025-06-30;11;1367.9958498462634
50;2025-06-30;12;1277.5404903588692
50;2025-06-30;13;1315.6058819575999
50;2025-06-30;14;1265.627497071422
50;2025-06-30;15;1395.1853069364415
50;2025-06-30;16;1480.8766553498879
50;2025-06-30;17;1982.2366969440263
50;2025-06-30;18;2108.9362989151077
50;2025-06-30;19;1391.193221281014
50;2025-06-30;20;885.6257129773503
50;2025-06-30;21;587.1046084546024
50;2025-06-30;22;287.52644645090027
50;2025-06-30;23;127.58459345430816
50;2025-07-01;0;36.16432820154293
50;2025-07-01;1;0.0
50;2025-07-01;2;0.0
50;2025-07-01;3;0.0
50;2025-07-01;4;0.0
50;2025-07-01;5;55.01337334340639
50;2025-07-01;6;559.1931782846697
50;2025-07-01;7;1659.0552364961086
50;2025-07-01;8;2384.356648432162
50;2025-07-01;9;1967.7017070518662
50;2025-07-01;10;1512.1464362821532
50;2025-07-01;11;1446.2842672316492
50;2025-07-01;12;1357.4577636694014
50;2025-07-01;13;1393.7809336333007
50;2025-07-01;14;1344.8751522215011
50;2025-07-01;15;1432.9571085983828
50;2025-07-01;16;1546.8270382613982
50;2025-07-01;17;2073.1197818781507
50;2025-07-01;18;2174.283625761849
50;2025-07-01;19;1377.5675115709623
50;2025-07-01;20;930.0389055081403
50;2025-07-01;21;611.8908799908713
50;2025-07-01;22;311.72763000361573
50;2025-07-01;23;140.4216186299714
50;2025-07-02;0;39.27574635765974
50;2025-07-02;1;0.0
50;2025-07-02;2;0.0
50;2025-07-02;3;0.0
50;2025-07-02;4;0.0
50;2025-07-02;5;51.176353825462186
50;2025-07-02;6;537.0305195341639
50;2025-07-02;7;1673.4908921302995
50;2025-07-02;8;2483.8597238897737
50;2025-07-02;9;2052.553599586973
50;2025-07-02;10;1517.7454989517125
50;2025-07-02;11;1483.4364297036373
50;2025-07-02;12;1381.7470396663416
50;2025-07-02;13;1474.210222721797
50;2025-07-02;14;1414.9935344434016
50;2025-07-02;15;1556.2358371581417
50;2025-07-02;16;1680.6312750876984
50;2025-07-02;17;2127.334515647155
50;2025-07-02;18;2147.0505233133817
50;2025-07-02;19;1501.9112487684354
50;2025-07-02;20;954.9468216124196
50;2025-07-02;21;669.6603304642417
50;2025-07-02;22;360.58878582692324
50;2025-07-02;23;162.9627862678737
50;2025-07-03;0;45.52346073088357
50;2025-07-03;1;0.0
50;2025-07-03;2;0.0
50;2025-07-03;3;0.0
50;2025-07-03;4;0.0
50;2025-07-03;5;42.38276297037969
50;2025-07-03;6;528.5880171879076
50;2025-07-03;7;1676.6444238938636
50;2025-07-03;8;2481.5184047072253
50;2025-07-03;9;2041.9541716056317
50;2025-07-03;10;1574.9332427162312
50;2025-07-03;11;1501.477962334504
50;2025-07-03;12;1408.129451530942
50;2025-07-03;13;1440.220876656956
50;2025-07-03;14;1376.038275297322
50;2025-07-03;15;1581.6175015437784
50;2025-07-03;16;1742.565645115545
50;2025-07-03;17;2246.2087165981684
50;2025-07-03;18;2318.0201661067567
50;2025-07-03;19;1547.2913841610537
50;2025-07-03;20;1050.094098901739
50;2025-07-03;21;755.6634167513448
50;2025-07-03;22;358.8682359566023
50;2025-07-03;23;172.5584872189373
50;2025-07-04;0;48.440154973818466
50;2025-07-04;1;0.0
50;2025-07-04;2;0.0
50;2025-07-04;3;0.0
50;2025-07-04;4;0.0
50;2025-07-04;5;36.49011734672185
50;2025-07-04;6;514.7176485385414
50;2025-07-04;7;1597.8566815704512
50;2025-07-04;8;2373.8144729309747
50;2025-07-04;9;1938.2996242916433
50;2025-07-04;10;1530.1729552889576
50;2025-07-04;11;1525.289737638579
50;2025-07-04;12;1467.1875619568968
50;2025-07-04;13;1473.5856428598677
50;2025-07-04;14;1423.4529353408138
50;2025-07-04;15;1753.4128682610078
50;2025-07-04;16;1922.8502269602625
50;2025-07-04;17;2056.134398409059
50;2025-07-04;18;1751.2294415735225
50;2025-07-04;19;1303.2850391903416
50;2025-07-04;20;945.3696673641936
50;2025-07-04;21;675.2459051994199
50;2025-07-04;22;371.5138198975054
50;2025-07-04;23;209.69429588044892
50;2025-07-05;0;62.09845416346646
50;2025-07-05;1;0.0
50;2025-07-05;2;0.0
50;2025-07-05;3;0.0
50;2025-07-05;4;0.0
50;2025-07-05;5;13.404551673801734
50;2025-07-05;6;179.4836769860956
50;2025-07-05;7;379.12067708415475
50;2025-07-05;8;574.2485196397504
50;2025-07-05;9;635.092633506418
50;2025-07-05;10;601.8664158280089
50;2025-07-05;11;763.0197533257476
50;2025-07-05;12;790.0672317505484
50;2025-07-05;13;846.0114314547559
50;2025-07-05;14;830.3583668180985
50;2025-07-05;15;820.6552762200041
50;2025-07-05;16;789.6842232389394
50;2025-07-05;17;773.5861965294196
50;2025-07-05;18;716.6642731265521
50;2025-07-05;19;681.4039061765643
50;2025-07-05;20;533.9458912449512
50;2025-07-05;21;437.4475262010582
50;2025-07-05;22;244.41064035911805
50;2025-07-05;23;158.57847150790164
50;2025-07-06;0;52.56749134131525
50;2025-07-06;1;0.0
50;2025-07-06;2;0.0
50;2025-07-06;3;0.0
50;2025-07-06;4;0.0
50;2025-07-06;5;12.617765088100654
50;2025-07-06;6;132.0118709394502
50;2025-07-06;7;243.59761812396937
50;2025-07-06;8;361.245782433158
50;2025-07-06;9;442.64485751132645
50;2025-07-06;10;485.0616291142876
50;2025-07-06;11;595.9064130797943
50;2025-07-06;12;643.8651641894608
50;2025-07-06;13;699.0915444284431
50;2025-07-06;14;727.403668404801
50;2025-07-06;15;679.8937537581126
50;2025-07-06;16;668.152843098519
50;2025-07-06;17;665.0145416748571
50;2025-07-06;18;624.8629271326915
50;2025-07-06;19;571.0747307210142
50;2025-07-06;20;475.84771822640937
50;2025-07-06;21;381.59001433703435
50;2025-07-06;22;215.1111711816548
50;2025-07-06;23;122.91551642816472
50;2025-07-07;0;43.741541098248646
50;2025-07-07;1;0.0
50;2025-07-07;2;0.0
50;2025-07-07;3;0.0
50;2025-07-07;4;0.0
50;2025-07-07;5;32.23729313931609
50;2025-07-07;6;490.1720636538772
50;2025-07-07;7;1604.047587451218
50;2025-07-07;8;2429.4588664194143
50;2025-07-07;9;1973.2297263336236
50;2025-07-07;10;1506.1945196941736
50;2025-07-07;11;1403.7932445472925
50;2025-07-07;12;1314.48694392361
50;2025-07-07;13;1382.1530772850397
50;2025-07-07;14;1329.0669535170346
50;2025-07-07;15;1514.7934511760404
50;2025-07-07;16;1610.035149422556
50;2025-07-07;17;2140.0784580891464
50;2025-07-07;18;2269.845857585156
50;2025-07-07;19;1515.9569169940548
50;2025-07-07;20;977.3643377782735
50;2025-07-07;21;664.0210318123608
50;2025-07-07;22;309.1335076078305
50;2025-07-07;23;140.25135596463343
50;2025-07-08;0;42.29824063334409
50;2025-07-08;1;0.0
50;2025-07-08;2;0.0
50;2025-07-08;3;0.0
50;2025-07-08;4;0.0
50;2025-07-08;5;31.354517141085594
50;2025-07-08;6;535.8811334615689
50;2025-07-08;7;1655.647280552959
50;2025-07-08;8;2399.6078024863036
50;2025-07-08;9;1980.6382331161717
50;2025-07-08;10;1511.8704533355651
50;2025-07-08;11;1449.456596893628
50;2025-07-08;12;1362.0258388435177
50;2025-07-08;13;1430.1321351558665
50;2025-07-08;14;1381.0553517361313
50;2025-07-08;15;1515.926124573702
50;2025-07-08;16;1632.417788293381
50;2025-07-08;17;2171.8313416124743
50;2025-07-08;18;2273.0562701241333
50;2025-07-08;19;1456.002525857621
50;2025-07-08;20;1002.8259908903549
50;2025-07-08;21;675.6751037604929
50;2025-07-08;22;327.25686203962596
50;2025-07-08;23;152.09477883962222
50;2025-07-09;0;43.24544073208207
50;2025-07-09;1;0.0
50;2025-07-09;2;0.0
50;2025-07-09;3;0.0
50;2025-07-09;4;0.0
50;2025-07-09;5;36.25203117102093
50;2025-07-09;6;527.4630621853996
50;2025-07-09;7;1684.3776204656192
50;2025-07-09;8;2507.635405356434
50;2025-07-09;9;2068.3268249642365
50;2025-07-09;10;1530.6512410487012
50;2025-07-09;11;1497.4702939313952
50;2025-07-09;12;1395.8621777318078
50;2025-07-09;13;1502.0422171926334
50;2025-07-09;14;1442.1991542198452
50;2025-07-09;15;1626.8055032578097
50;2025-07-09;16;1756.2148702898035
50;2025-07-09;17;2215.534057069992
50;2025-07-09;18;2239.1874262513243
50;2025-07-09;19;1579.4752404955868
50;2025-07-09;20;1025.2770844854242
50;2025-07-09;21;732.9576838688017
50;2025-07-09;22;372.9272867378884
50;2025-07-09;23;174.7576430978202
50;2025-07-10;0;56.19971987580381
50;2025-07-10;1;0.0
50;2025-07-10;2;0.0
50;2025-07-10;3;0.0
50;2025-07-10;4;0.0
50;2025-07-10;5;51.759704707441585
50;2025-07-10;6;646.8337257310717
50;2025-07-10;7;2066.439685972773
50;2025-07-10;8;3067.6451493772643
50;2025-07-10;9;2510.2334367429535
50;2025-07-10;10;1943.8907535633812
50;2025-07-10;11;1855.2069503055936
50;2025-07-10;12;1742.6179583788705
50;2025-07-10;13;1775.8019117024583
50;2025-07-10;14;1698.1664238886246
50;2025-07-10;15;1952.0670546964648
50;2025-07-10;16;2140.7009735352976
50;2025-07-10;17;2765.9070957234053
50;2025-07-10;18;2863.297550191448
50;2025-07-10;19;1904.6745491452548
50;2025-07-10;20;1295.257390090511
50;2025-07-10;21;932.191984324611
50;2025-07-10;22;443.1156329123469
50;2025-07-10;23;213.20913405301815
50;2025-07-11;0;60.34519486408965
50;2025-07-11;1;0.0
50;2025-07-11;2;0.0
50;2025-07-11;3;0.0
50;2025-07-11;4;0.0
50;2025-07-11;5;43.83756217839512
50;2025-07-11;6;635.5006548821034
50;2025-07-11;7;1988.038495890656
50;2025-07-11;8;2960.522257425376
50;2025-07-11;9;2407.6978849636334
50;2025-07-11;10;1909.5956697444449
50;2025-07-11;11;1904.7297898036934
50;2025-07-11;12;1835.3114563513016
50;2025-07-11;13;1837.5897948730053
50;2025-07-11;14;1776.4238108640345
50;2025-07-11;15;2187.285893169099
50;2025-07-11;16;2389.8373244150007
50;2025-07-11;17;2560.98871452844
50;2025-07-11;18;2195.230624637574
50;2025-07-11;19;1626.1836118670954
50;2025-07-11;20;1180.3909585464912
50;2025-07-11;21;843.019802315072
50;2025-07-11;22;464.2734933611654
50;2025-07-11;23;263.3747940695616
50;2025-07-12;0;75.3677977491233
50;2025-07-12;1;0.0
50;2025-07-12;2;0.0
50;2025-07-12;3;0.0
50;2025-07-12;4;0.0
50;2025-07-12;5;16.012458043605065
50;2025-07-12;6;214.00752890711618
50;2025-07-12;7;450.9692368090632
50;2025-07-12;8;677.5433499415312
50;2025-07-12;9;756.2439346511928
50;2025-07-12;10;716.8321210216701
50;2025-07-12;11;910.4814827277316
50;2025-07-12;12;944.8640152757889
50;2025-07-12;13;1012.0299487881109
50;2025-07-12;14;994.1335924483707
50;2025-07-12;15;983.0754336164556
50;2025-07-12;16;948.3245080553261
50;2025-07-12;17;933.6026350332404
50;2025-07-12;18;857.7075098373273
50;2025-07-12;19;813.6458005932736
50;2025-07-12;20;642.4334159641485
50;2025-07-12;21;527.124402363856
50;2025-07-12;22;294.6354740215125
50;2025-07-12;23;192.423911366963
50;2025-07-13;0;62.27754217686463
50;2025-07-13;1;0.0
50;2025-07-13;2;0.0
50;2025-07-13;3;0.0
50;2025-07-13;4;0.0
50;2025-07-13;5;17.359390176541787
50;2025-07-13;6;167.51191496543808
50;2025-07-13;7;309.6664523266081
50;2025-07-13;8;429.15669856203624
50;2025-07-13;9;518.2950752864788
50;2025-07-13;10;566.485155233431
50;2025-07-13;11;690.6160199572992
50;2025-07-13;12;750.725056297764
50;2025-07-13;13;814.9264423780985
50;2025-07-13;14;846.1836632373994
50;2025-07-13;15;789.8565571609557
50;2025-07-13;16;778.390240695322
50;2025-07-13;17;776.1279321255756
50;2025-07-13;18;723.2866983265643
50;2025-07-13;19;662.4152922132516
50;2025-07-13;20;554.2932241634744
50;2025-07-13;21;443.4993857440702
50;2025-07-13;22;250.48366161577934
50;2025-07-13;23;147.1637839322031
50;2025-07-14;0;50.90265526018015
50;2025-07-14;1;0.0
50;2025-07-14;2;0.0
50;2025-07-14;3;0.0
50;2025-07-14;4;0.0
50;2025-07-14;5;39.5055681415676
50;2025-07-14;6;572.6627472796198
50;2025-07-14;7;1875.3836072727977
50;2025-07-14;8;2821.8868048790578
50;2025-07-14;9;2288.347763038366
50;2025-07-14;10;1750.138373770467
50;2025-07-14;11;1630.7510441084028
50;2025-07-14;12;1524.8901751339863
50;2025-07-14;13;1602.5546027100459
50;2025-07-14;14;1542.7713149331316
50;2025-07-14;15;1759.776487131181
50;2025-07-14;16;1860.043947858394
50;2025-07-14;17;2468.2422617143097
50;2025-07-14;18;2616.630921249137
50;2025-07-14;19;1749.6301551047136
50;2025-07-14;20;1133.0582123283684
50;2025-07-14;21;769.0276928961036
50;2025-07-14;22;356.8931640940323
50;2025-07-14;23;163.179293652121
50;2025-07-15;0;50.53867787285999
50;2025-07-15;1;0.0
50;2025-07-15;2;0.0
50;2025-07-15;3;0.0
50;2025-07-15;4;0.0
50;2025-07-15;5;40.55496220456631
50;2025-07-15;6;641.593822070216
50;2025-07-15;7;1989.2750504086653
50;2025-07-15;8;2865.3888035081836
50;2025-07-15;9;2357.1891082816464
50;2025-07-15;10;1806.6932238621214
50;2025-07-15;11;1730.9708398004427
50;2025-07-15;12;1625.0210753326678
50;2025-07-15;13;1699.7939891207134
50;2025-07-15;14;1642.9136959099933
50;2025-07-15;15;1806.2620826905038
50;2025-07-15;16;1935.124819320377
50;2025-07-15;17;2574.5435985878544
50;2025-07-15;18;2694.5349164205845
50;2025-07-15;19;1728.5869042607796
50;2025-07-15;20;1195.793855639557
50;2025-07-15;21;805.2890777715572
50;2025-07-15;22;390.183848563378
50;2025-07-15;23;181.51163833982608
50;2025-07-16;0;52.46090708904369
50;2025-07-16;1;0.0
50;2025-07-16;2;0.0
50;2025-07-16;3;0.0
50;2025-07-16;4;0.0
50;2025-07-16;5;44.16292710232578
50;2025-07-16;6;634.0813627112799
50;2025-07-16;7;2038.1753284319134
50;2025-07-16;8;3047.467897224985
50;2025-07-16;9;2494.0422922356147
50;2025-07-16;10;1851.0448915426366
50;2025-07-16;11;1812.8216859908173
50;2025-07-16;12;1691.8798949644895
50;2025-07-16;13;1814.2552188974141
50;2025-07-16;14;1743.0873028690935
50;2025-07-16;15;1968.2317333835504
50;2025-07-16;16;2119.144365325397
50;2025-07-16;17;2677.5890616775014
50;2025-07-16;18;2704.334443336369
50;2025-07-16;19;1899.6126901597263
50;2025-07-16;20;1237.09010620269
50;2025-07-16;21;885.6917365560181
50;2025-07-16;22;450.33093950234763
50;2025-07-16;23;209.97739908498826
50;2025-07-17;0;54.84422500060181
50;2025-07-17;1;0.0
50;2025-07-17;2;0.0
50;2025-07-17;3;0.0
50;2025-07-17;4;0.0
50;2025-07-17;5;51.18483345331758
50;2025-07-17;6;630.2648251670037
50;2025-07-17;7;2012.6638767111972
50;2025-07-17;8;2988.933822556145
50;2025-07-17;9;2444.2948109226936
50;2025-07-17;10;1891.3529170300853
50;2025-07-17;11;1806.1681290971696
50;2025-07-17;12;1697.4855323720358
50;2025-07-17;13;1729.8569389274712
50;2025-07-17;14;1654.1562677354925
50;2025-07-17;15;1900.3789128369435
50;2025-07-17;16;2082.673220950315
50;2025-07-17;17;2684.665851911402
50;2025-07-17;18;2773.2873670922722
50;2025-07-17;19;1846.6920908518055
50;2025-07-17;20;1260.902458244927
50;2025-07-17;21;907.3913608504402
50;2025-07-17;22;431.10104676534826
50;2025-07-17;23;206.94098470634177
50;2025-07-18;0;60.25313731020796
50;2025-07-18;1;0.0
50;2025-07-18;2;0.0
50;2025-07-18;3;0.0
50;2025-07-18;4;0.0
50;2025-07-18;5;43.847643639572226
50;2025-07-18;6;630.4307581177286
50;2025-07-18;7;1974.5481319542819
50;2025-07-18;8;2942.5604635320897
50;2025-07-18;9;2389.4198123255633
50;2025-07-18;10;1893.400399415912
50;2025-07-18;11;1887.6324243189447
50;2025-07-18;12;1819.5493607446522
50;2025-07-18;13;1822.4009431831232
50;2025-07-18;14;1761.0022220827022
50;2025-07-18;15;2167.76110719004
50;2025-07-18;16;2373.3112567097423
50;2025-07-18;17;2539.337731235114
50;2025-07-18;18;2170.108800197424
50;2025-07-18;19;1608.0325734252883
50;2025-07-18;20;1169.4868389993935
50;2025-07-18;21;835.5014080391871
50;2025-07-18;22;460.1819180034033
50;2025-07-18;23;261.8285940503108
50;2025-07-19;0;74.97678356036491
50;2025-07-19;1;0.0
50;2025-07-19;2;0.0
50;2025-07-19;3;0.0
50;2025-07-19;4;0.0
50;2025-07-19;5;15.985150232423518
50;2025-07-19;6;212.2411743282604
50;2025-07-19;7;447.8185541307526
50;2025-07-19;8;673.913217909656
50;2025-07-19;9;751.4248796798292
50;2025-07-19;10;711.2695052417321
50;2025-07-19;11;902.0417051102036
50;2025-07-19;12;936.6226231708306
50;2025-07-19;13;1002.3435598280987
50;2025-07-19;14;983.6991989497092
50;2025-07-19;15;971.1171761317366
50;2025-07-19;16;939.2197142224936
50;2025-07-19;17;924.4878361843689
50;2025-07-19;18;848.5667043441331
50;2025-07-19;19;803.8760056238004
50;2025-07-19;20;635.3497432338745
50;2025-07-19;21;521.0724290430669
50;2025-07-19;22;290.76052943632783
50;2025-07-19;23;191.22313264673517
50;2025-07-20;0;63.238848735199824
50;2025-07-20;1;0.0
50;2025-07-20;2;0.0
50;2025-07-20;3;0.0
50;2025-07-20;4;0.0
50;2025-07-20;5;17.631065368022924
50;2025-07-20;6;169.4781432365084
50;2025-07-20;7;314.05624834312573
50;2025-07-20;8;436.5045977993143
50;2025-07-20;9;525.3849043467828
50;2025-07-20;10;573.1824577671061
50;2025-07-20;11;697.7653907520023
50;2025-07-20;12;759.1059420868778
50;2025-07-20;13;824.0556768191047
50;2025-07-20;14;854.9241428614383
50;2025-07-20;15;796.7904900401227
50;2025-07-20;16;788.5785445818294
50;2025-07-20;17;785.4869384359156
50;2025-07-20;18;730.1907267696224
50;2025-07-20;19;668.4571378555004
50;2025-07-20;20;560.0280594953806
50;2025-07-20;21;448.27516961866957
50;2025-07-20;22;253.17809981479238
50;2025-07-20;23;149.19602360977456
50;2025-07-21;0;50.58251159869468
50;2025-07-21;1;0.0
50;2025-07-21;2;0.0
50;2025-07-21;3;0.0
50;2025-07-21;4;0.0
50;2025-07-21;5;39.16198570143631
50;2025-07-21;6;566.5063648356168
50;2025-07-21;7;1856.4475925537022
50;2025-07-21;8;2794.058436418827
50;2025-07-21;9;2260.382351891678
50;2025-07-21;10;1727.0479780028015
50;2025-07-21;11;1606.5802877835022
50;2025-07-21;12;1502.0548697512181
50;2025-07-21;13;1576.1050355022958
50;2025-07-21;14;1517.5065534786427
50;2025-07-21;15;1730.8044227575015
50;2025-07-21;16;1834.7131674976686
50;2025-07-21;17;2441.4722228110427
50;2025-07-21;18;2586.544544894253
50;2025-07-21;19;1724.9695089014012
50;2025-07-21;20;1116.2722924050472
50;2025-07-21;21;756.6972067374343
50;2025-07-21;22;349.5845717835957
50;2025-07-21;23;161.60114500881366
50;2025-07-22;0;50.71890795068384
50;2025-07-22;1;0.0
50;2025-07-22;2;0.0
50;2025-07-22;3;0.0
50;2025-07-22;4;0.0
50;2025-07-22;5;40.54752051774373
50;2025-07-22;6;640.1304894662503
50;2025-07-22;7;1990.0630796859177
50;2025-07-22;8;2868.5007914757707
50;2025-07-22;9;2353.911467924531
50;2025-07-22;10;1803.9025605850443
50;2025-07-22;11;1727.5987163099112
50;2025-07-22;12;1622.7908777093057
50;2025-07-22;13;1697.2100808099167
50;2025-07-22;14;1640.4060240914473
50;2025-07-22;15;1803.5566692746888
50;2025-07-22;16;1934.7573886317375
50;2025-07-22;17;2573.3944817891893
50;2025-07-22;18;2691.220842184568
50;2025-07-22;19;1725.0241990845811
50;2025-07-22;20;1194.6283845711941
50;2025-07-22;21;804.699116389691
50;2025-07-22;22;389.88374507032137
50;2025-07-22;23;181.77493712865896
50;2025-07-23;0;51.79788982618291
50;2025-07-23;1;0.0
50;2025-07-23;2;0.0
50;2025-07-23;3;0.0
50;2025-07-23;4;0.0
50;2025-07-23;5;42.61728356792157
50;2025-07-23;6;622.3624715251558
50;2025-07-23;7;2005.5921700342624
50;2025-07-23;8;3001.871329613182
50;2025-07-23;9;2453.42943112195
50;2025-07-23;10;1819.9041380852536
50;2025-07-23;11;1781.02281698353
50;2025-07-23;12;1662.876030118227
50;2025-07-23;13;1782.4832355668746
50;2025-07-23;14;1711.6301905011355
50;2025-07-23;15;1931.3647860300705
50;2025-07-23;16;2082.774187589353
50;2025-07-23;17;2630.0904913301592
50;2025-07-23;18;2655.54713682823
50;2025-07-23;19;1865.3018784631483
50;2025-07-23;20;1208.7598502986896
50;2025-07-23;21;863.1987067177995
50;2025-07-23;22;442.5732875780685
50;2025-07-23;23;206.19526521956595
50;2025-07-24;0;55.02929694926749
50;2025-07-24;1;0.0
50;2025-07-24;2;0.0
50;2025-07-24;3;0.0
50;2025-07-24;4;0.0
50;2025-07-24;5;51.39398586348297
50;2025-07-24;6;631.629027830373
50;2025-07-24;7;2022.3824761088258
50;2025-07-24;8;3005.820627228046
50;2025-07-24;9;2451.850210404494
50;2025-07-24;10;1896.767992767614
50;2025-07-24;11;1810.0953885355375
50;2025-07-24;12;1702.101360968411
50;2025-07-24;13;1734.3449830108839
50;2025-07-24;14;1658.1777590824313
50;2025-07-24;15;1918.6598464874505
50;2025-07-24;16;2091.65697171871
50;2025-07-24;17;2696.3900957339456
50;2025-07-24;18;2784.8212673301123
50;2025-07-24;19;1853.1016330425362
50;2025-07-24;20;1258.654044858893
50;2025-07-24;21;903.9942027381933
50;2025-07-24;22;433.20936754378164
50;2025-07-24;23;210.0356594025139
50;2025-07-25;0;59.33629301484288
50;2025-07-25;1;0.0
50;2025-07-25;2;0.0
50;2025-07-25;3;0.0
50;2025-07-25;4;0.0
50;2025-07-25;5;43.92597828498418
50;2025-07-25;6;618.9753607115797
50;2025-07-25;7;1940.1543055208344
50;2025-07-25;8;2892.7264401111443
50;2025-07-25;9;2344.2022917907375
50;2025-07-25;10;1856.2913026217775
50;2025-07-25;11;1850.7700542578873
50;2025-07-25;12;1785.3962339784844
50;2025-07-25;13;1789.049285215852
50;2025-07-25;14;1728.6976713581817
50;2025-07-25;15;2137.746541966404
50;2025-07-25;16;2330.503543119512
50;2025-07-25;17;2488.750531825678
50;2025-07-25;18;2124.6538958528445
50;2025-07-25;19;1573.6878303810122
50;2025-07-25;20;1139.4488254111027
50;2025-07-25;21;809.4166848812893
50;2025-07-25;22;449.1240258089764
50;2025-07-25;23;257.02927707721796
50;2025-07-26;0;76.96526788190627
50;2025-07-26;1;0.0
50;2025-07-26;2;0.0
50;2025-07-26;3;0.0
50;2025-07-26;4;0.0
50;2025-07-26;5;16.161085068652042
50;2025-07-26;6;215.69652126140164
50;2025-07-26;7;457.51482830837176
50;2025-07-26;8;688.4476871772857
50;2025-07-26;9;766.4513816865385
50;2025-07-26;10;726.6100391864948
50;2025-07-26;11;922.5031377181908
50;2025-07-26;12;959.3271392371023
50;2025-07-26;13;1028.906101752948
50;2025-07-26;14;1010.5565819491901
50;2025-07-26;15;1003.000997766396
50;2025-07-26;16;966.7436618117345
50;2025-07-26;17;948.4376432409491
50;2025-07-26;18;871.0981828034054
50;2025-07-26;19;824.4347583427824
50;2025-07-26;20;648.4505904118259
50;2025-07-26;21;530.5706608569893
50;2025-07-26;22;298.695894957031
50;2025-07-26;23;197.70133729961736
50;2025-07-27;0;66.54704874030277
50;2025-07-27;1;0.0
50;2025-07-27;2;0.0
50;2025-07-27;3;0.0
50;2025-07-27;4;0.0
50;2025-07-27;5;14.724815127346098
50;2025-07-27;6;160.2921031720928
50;2025-07-27;7;298.58982897261546
50;2025-07-27;8;443.5861729038736
50;2025-07-27;9;546.2622825538001
50;2025-07-27;10;598.2169728784665
50;2025-07-27;11;734.5317174049114
50;2025-07-27;12;797.0566898291527
50;2025-07-27;13;866.9360767642215
50;2025-07-27;14;901.6729676259363
50;2025-07-27;15;845.1301045097159
50;2025-07-27;16;834.8106780697237
50;2025-07-27;17;830.9600484477044
50;2025-07-27;18;775.1856059275265
50;2025-07-27;19;705.3000908136537
50;2025-07-27;20;588.7049839484694
50;2025-07-27;21;471.60460367981034
50;2025-07-27;22;267.8694117748996
50;2025-07-27;23;157.56315207113482
50;2025-07-28;0;53.649814000958
50;2025-07-28;1;0.0
50;2025-07-28;2;0.0
50;2025-07-28;3;0.0
50;2025-07-28;4;0.0
50;2025-07-28;5;39.06702190277957
50;2025-07-28;6;592.5333990794747
50;2025-07-28;7;1957.7814124200183
50;2025-07-28;8;2971.290400544608
50;2025-07-28;9;2396.2128588730193
50;2025-07-28;10;1832.8583348649722
50;2025-07-28;11;1710.0242160112261
50;2025-07-28;12;1605.02553625508
50;2025-07-28;13;1682.4808831119572
50;2025-07-28;14;1619.7194284845068
50;2025-07-28;15;1860.4125709827726
50;2025-07-28;16;1957.8126803312907
50;2025-07-28;17;2604.5345285949365
50;2025-07-28;18;2758.956155033089
50;2025-07-28;19;1834.8531173133806
50;2025-07-28;20;1182.370510741398
50;2025-07-28;21;801.0261885683869
50;2025-07-28;22;376.86308183946323
50;2025-07-28;23;169.70411394721862
