route;date;hour;prediction
1;2025-05-15;0;10.107366277914139
1;2025-05-15;1;0.0
1;2025-05-15;2;0.0
1;2025-05-15;3;0.0
1;2025-05-15;4;0.0
1;2025-05-15;5;87.84858973285739
1;2025-05-15;6;589.6692263925993
1;2025-05-15;7;1499.258024589705
1;2025-05-15;8;1978.7685394730881
1;2025-05-15;9;1480.9956811244888
1;2025-05-15;10;1399.428775074622
1;2025-05-15;11;1341.5504079222333
1;2025-05-15;12;1359.2475205274832
1;2025-05-15;13;1333.2387142963346
1;2025-05-15;14;1315.547025743238
1;2025-05-15;15;1432.863836040219
1;2025-05-15;16;1508.9702457639937
1;2025-05-15;17;1777.5243568915466
1;2025-05-15;18;1799.068093761301
1;2025-05-15;19;1386.4225327677436
1;2025-05-15;20;941.1136487065822
1;2025-05-15;21;541.7641914165373
1;2025-05-15;22;283.92681512792973
1;2025-05-15;23;61.2961739491826
1;2025-05-16;0;6.791724664730701
1;2025-05-16;1;0.0
1;2025-05-16;2;0.0
1;2025-05-16;3;0.0
1;2025-05-16;4;0.0
1;2025-05-16;5;87.99751919141357
1;2025-05-16;6;543.8819048805949
1;2025-05-16;7;1482.3140545305355
1;2025-05-16;8;1866.5483433352701
1;2025-05-16;9;1450.341031555744
1;2025-05-16;10;1357.5467107707566
1;2025-05-16;11;1379.7070636912679
1;2025-05-16;12;1334.1506392836018
1;2025-05-16;13;1340.2216160947828
1;2025-05-16;14;1304.9121060321495
1;2025-05-16;15;1472.9273989857454
1;2025-05-16;16;1535.0721730427972
1;2025-05-16;17;1698.3986131274664
1;2025-05-16;18;1561.100924607238
1;2025-05-16;19;1194.478806952301
1;2025-05-16;20;875.5951208053168
1;2025-05-16;21;528.5832849730064
1;2025-05-16;22;289.90286946143954
1;2025-05-16;23;65.03853223381023
1;2025-05-17;0;8.31696862002567
1;2025-05-17;1;0.0
1;2025-05-17;2;0.0
1;2025-05-17;3;0.0
1;2025-05-17;4;0.0
1;2025-05-17;5;33.89944329058141
1;2025-05-17;6;187.81851473452815
1;2025-05-17;7;357.5151801392718
1;2025-05-17;8;513.2008944183311
1;2025-05-17;9;733.7016812803333
1;2025-05-17;10;782.9873906597234
1;2025-05-17;11;775.2559698388877
1;2025-05-17;12;903.219471422668
1;2025-05-17;13;882.5277724424402
1;2025-05-17;14;859.8791804783671
1;2025-05-17;15;783.6385245379695
1;2025-05-17;16;733.6755288242784
1;2025-05-17;17;685.1656008695518
1;2025-05-17;18;670.468439142425
1;2025-05-17;19;630.0064669425851
1;2025-05-17;20;472.4209449860979
1;2025-05-17;21;329.1926781100425
1;2025-05-17;22;180.67175120058016
1;2025-05-17;23;39.1090632629425
1;2025-05-18;0;4.051847080688132
1;2025-05-18;1;0.0
1;2025-05-18;2;0.0
1;2025-05-18;3;0.0
1;2025-05-18;4;0.0
1;2025-05-18;5;27.030269292123663
1;2025-05-18;6;151.15800490504702
1;2025-05-18;7;266.9631847937331
1;2025-05-18;8;379.15311747561304
1;2025-05-18;9;580.3819269846706
1;2025-05-18;10;661.0178590849539
1;2025-05-18;11;668.0021471026512
1;2025-05-18;12;753.6940778464073
1;2025-05-18;13;760.7840073414181
1;2025-05-18;14;715.0418428394053
1;2025-05-18;15;667.5003149476971
1;2025-05-18;16;634.4114358088764
1;2025-05-18;17;603.1958688634469
1;2025-05-18;18;576.9940165669229
1;2025-05-18;19;502.87013398103574
1;2025-05-18;20;380.4611236993199
1;2025-05-18;21;275.99386518270455
1;2025-05-18;22;130.25083830822547
1;2025-05-18;23;32.382362164589225
1;2025-05-19;0;2.5674595628953187
1;2025-05-19;1;0.0
1;2025-05-19;2;0.0
1;2025-05-19;3;0.0
1;2025-05-19;4;0.0
1;2025-05-19;5;91.10452791371901
1;2025-05-19;6;557.1476742195971
1;2025-05-19;7;1421.0873640505874
1;2025-05-19;8;1833.5461511356461
1;2025-05-19;9;1394.1024398352372
1;2025-05-19;10;1227.7467583436326
1;2025-05-19;11;1235.297773238766
1;2025-05-19;12;1247.5571868849102
1;2025-05-19;13;1228.2192218210112
1;2025-05-19;14;1209.6223047267467
1;2025-05-19;15;1344.4414789439334
1;2025-05-19;16;1424.699542645445
1;2025-05-19;17;1703.9933595212528
1;2025-05-19;18;1750.8180759900956
1;2025-05-19;19;1375.0183688240024
1;2025-05-19;20;890.1319741634129
1;2025-05-19;21;485.0389573858472
1;2025-05-19;22;242.65395752263947
1;2025-05-19;23;44.98287462424608
1;2025-05-20;0;5.060291786564672
1;2025-05-20;1;0.0
1;2025-05-20;2;0.0
1;2025-05-20;3;0.0
1;2025-05-20;4;0.0
1;2025-05-20;5;88.4558913496304
1;2025-05-20;6;554.8718805873455
1;2025-05-20;7;1492.3958545899582
1;2025-05-20;8;1878.6794427318935
1;2025-05-20;9;1476.5766329293128
1;2025-05-20;10;1328.0424715645283
1;2025-05-20;11;1301.8596351858757
1;2025-05-20;12;1268.9793854923091
1;2025-05-20;13;1287.8295020522237
1;2025-05-20;14;1233.630363117692
1;2025-05-20;15;1348.1603956667982
1;2025-05-20;16;1392.2143680116756
1;2025-05-20;17;1670.4893259526903
1;2025-05-20;18;1737.0635763269643
1;2025-05-20;19;1397.1089118744308
1;2025-05-20;20;936.6868012078619
1;2025-05-20;21;483.47895739842846
1;2025-05-20;22;264.7473746795784
1;2025-05-20;23;49.63161128013515
1;2025-05-21;0;5.979697009197922
1;2025-05-21;1;0.0
1;2025-05-21;2;0.0
1;2025-05-21;3;0.0
1;2025-05-21;4;0.0
1;2025-05-21;5;87.21321253175708
1;2025-05-21;6;539.6941074392721
1;2025-05-21;7;1467.718693471046
1;2025-05-21;8;1936.1567386409126
1;2025-05-21;9;1460.7382858255933
1;2025-05-21;10;1309.8347367840797
1;2025-05-21;11;1277.023359256426
1;2025-05-21;12;1288.1823831012612
1;2025-05-21;13;1306.3798738777807
1;2025-05-21;14;1278.225872498314
1;2025-05-21;15;1395.1589053490225
1;2025-05-21;16;1460.9838571878117
1;2025-05-21;17;1704.0393426960627
1;2025-05-21;18;1735.9919967625433
1;2025-05-21;19;1367.1379046900763
1;2025-05-21;20;917.9001375227194
1;2025-05-21;21;525.244696222705
1;2025-05-21;22;273.96705457568567
1;2025-05-21;23;49.740221089849854
1;2025-05-22;0;10.358707755389919
1;2025-05-22;1;0.0
1;2025-05-22;2;0.0
1;2025-05-22;3;0.0
1;2025-05-22;4;0.0
1;2025-05-22;5;87.66721591004332
1;2025-05-22;6;586.7566286556134
1;2025-05-22;7;1502.5960828917139
1;2025-05-22;8;1957.5222569577786
1;2025-05-22;9;1480.0769019400254
1;2025-05-22;10;1395.5357532691723
1;2025-05-22;11;1335.4728395688303
1;2025-05-22;12;1352.6279034185634
1;2025-05-22;13;1324.03516896873
1;2025-05-22;14;1303.7349927355249
1;2025-05-22;15;1413.4545075566257
1;2025-05-22;16;1486.4331729362077
1;2025-05-22;17;1750.9014366688145
1;2025-05-22;18;1783.5887834505581
1;2025-05-22;19;1381.7687374861557
1;2025-05-22;20;940.2069616621928
1;2025-05-22;21;540.313050119131
1;2025-05-22;22;281.4026310651084
1;2025-05-22;23;61.73055288831523
1;2025-05-23;0;6.856651621647858
1;2025-05-23;1;0.0
1;2025-05-23;2;0.0
1;2025-05-23;3;0.0
1;2025-05-23;4;0.0
1;2025-05-23;5;87.72436275645117
1;2025-05-23;6;542.2675143588008
1;2025-05-23;7;1483.819189105785
1;2025-05-23;8;1849.1200332242188
1;2025-05-23;9;1449.50055315951
1;2025-05-23;10;1355.7466196036153
1;2025-05-23;11;1377.1184224173876
1;2025-05-23;12;1331.9553901275303
1;2025-05-23;13;1335.2766482203676
1;2025-05-23;14;1299.484991500206
1;2025-05-23;15;1464.1301508907554
1;2025-05-23;16;1519.976399151608
1;2025-05-23;17;1684.8882710892726
1;2025-05-23;18;1557.2618182378478
1;2025-05-23;19;1196.849080667224
1;2025-05-23;20;880.3160398546563
1;2025-05-23;21;530.9536871340218
1;2025-05-23;22;290.3446234543582
1;2025-05-23;23;66.36820092581642
1;2025-05-24;0;8.395749770593497
1;2025-05-24;1;0.0
1;2025-05-24;2;0.0
1;2025-05-24;3;0.0
1;2025-05-24;4;0.0
1;2025-05-24;5;34.18208487727455
1;2025-05-24;6;188.70540258005124
1;2025-05-24;7;357.58796687644144
1;2025-05-24;8;508.06841937186687
1;2025-05-24;9;736.4553855323597
1;2025-05-24;10;786.2982829857209
1;2025-05-24;11;777.627882619008
1;2025-05-24;12;905.454649968448
1;2025-05-24;13;883.0323923415042
1;2025-05-24;14;859.586962377258
1;2025-05-24;15;781.5696060926372
1;2025-05-24;16;728.9519667004683
1;2025-05-24;17;680.5007356151023
1;2025-05-24;18;671.3040161081464
1;2025-05-24;19;634.0594547816052
1;2025-05-24;20;477.98444860634396
1;2025-05-24;21;332.46788665933843
1;2025-05-24;22;182.53941427449047
1;2025-05-24;23;40.32100550216056
1;2025-05-25;0;4.1937160565634475
1;2025-05-25;1;0.0
1;2025-05-25;2;0.0
1;2025-05-25;3;0.0
1;2025-05-25;4;0.0
1;2025-05-25;5;27.56843692622907
1;2025-05-25;6;154.25473383171894
1;2025-05-25;7;270.00421823381123
1;2025-05-25;8;380.8481621788038
1;2025-05-25;9;591.5268723732743
1;2025-05-25;10;677.8590593608894
1;2025-05-25;11;684.69863420729
1;2025-05-25;12;772.7274682616321
1;2025-05-25;13;780.6507687447888
1;2025-05-25;14;733.5821874366102
1;2025-05-25;15;685.0011127929467
1;2025-05-25;16;649.4215418904548
1;2025-05-25;17;615.1994800149811
1;2025-05-25;18;589.8249224641957
1;2025-05-25;19;515.2541374494762
1;2025-05-25;20;394.61042677990145
1;2025-05-25;21;287.28174825060194
1;2025-05-25;22;136.52953709042802
1;2025-05-25;23;33.95750433369038
1;2025-05-26;0;2.8348789106088077
1;2025-05-26;1;0.0
1;2025-05-26;2;0.0
1;2025-05-26;3;0.0
1;2025-05-26;4;0.0
1;2025-05-26;5;92.42421267830115
1;2025-05-26;6;567.2709890252331
1;2025-05-26;7;1455.2044143248709
1;2025-05-26;8;1864.5945121215377
1;2025-05-26;9;1423.824799497837
1;2025-05-26;10;1251.5232853637176
1;2025-05-26;11;1257.4437490897303
1;2025-05-26;12;1269.3783050593543
1;2025-05-26;13;1252.599319320065
1;2025-05-26;14;1231.13568591172
1;2025-05-26;15;1363.1057833290133
1;2025-05-26;16;1442.1582584027337
1;2025-05-26;17;1713.7428112210828
1;2025-05-26;18;1771.623203999845
1;2025-05-26;19;1397.7470451408885
1;2025-05-26;20;911.8848194338088
1;2025-05-26;21;496.81962727885275
1;2025-05-26;22;247.78670969724146
1;2025-05-26;23;46.39002476049331
1;2025-05-27;0;5.415963603344133
1;2025-05-27;1;0.0
1;2025-05-27;2;0.0
1;2025-05-27;3;0.0
1;2025-05-27;4;0.0
1;2025-05-27;5;90.88332400403417
1;2025-05-27;6;572.8593644085673
1;2025-05-27;7;1538.7814927327254
1;2025-05-27;8;1934.3877215760594
1;2025-05-27;9;1527.0345615675556
1;2025-05-27;10;1374.349147415137
1;2025-05-27;11;1346.7903020776482
1;2025-05-27;12;1313.629270341116
1;2025-05-27;13;1337.462176552051
1;2025-05-27;14;1279.2100227121366
1;2025-05-27;15;1396.772995146245
1;2025-05-27;16;1439.3667797667576
1;2025-05-27;17;1703.7601901727817
1;2025-05-27;18;1779.280656087041
1;2025-05-27;19;1434.1786742971858
1;2025-05-27;20;976.552818941813
1;2025-05-27;21;506.54556670934903
1;2025-05-27;22;279.2326072828458
1;2025-05-27;23;51.88140431025305
1;2025-05-28;0;6.277245801747361
1;2025-05-28;1;0.0
1;2025-05-28;2;0.0
1;2025-05-28;3;0.0
1;2025-05-28;4;0.0
1;2025-05-28;5;89.4943263082023
1;2025-05-28;6;556.4458952975008
1;2025-05-28;7;1508.0999470714423
1;2025-05-28;8;1987.2218670345405
1;2025-05-28;9;1504.110228273437
1;2025-05-28;10;1347.147700299087
1;2025-05-28;11;1311.5779349838344
1;2025-05-28;12;1324.360021321377
1;2025-05-28;13;1345.999477830475
1;2025-05-28;14;1316.0980955176105
1;2025-05-28;15;1434.9067891764605
1;2025-05-28;16;1500.707697092274
1;2025-05-28;17;1740.433804167842
1;2025-05-28;18;1780.694407612324
1;2025-05-28;19;1401.178375522691
1;2025-05-28;20;950.2833839271378
1;2025-05-28;21;544.8859681051581
1;2025-05-28;22;283.80905545810725
1;2025-05-28;23;51.70976765160907
1;2025-05-29;0;10.39311346831417
1;2025-05-29;1;0.0
1;2025-05-29;2;0.0
1;2025-05-29;3;0.0
1;2025-05-29;4;0.0
1;2025-05-29;5;87.14679369704055
1;2025-05-29;6;582.0258729055331
1;2025-05-29;7;1489.9719820301636
1;2025-05-29;8;1944.122605202738
1;2025-05-29;9;1473.8780516747202
1;2025-05-29;10;1381.9301083897499
1;2025-05-29;11;1318.9829073939031
1;2025-05-29;12;1336.0395128785226
1;2025-05-29;13;1312.1607426770497
1;2025-05-29;14;1290.450860485715
1;2025-05-29;15;1397.5627005631368
1;2025-05-29;16;1475.6773577694698
1;2025-05-29;17;1729.4546519125497
1;2025-05-29;18;1765.7923529438165
1;2025-05-29;19;1371.2516765708197
1;2025-05-29;20;936.2793851522158
1;2025-05-29;21;538.1101520338411
1;2025-05-29;22;280.4571741409609
1;2025-05-29;23;62.1745590591084
1;2025-05-30;0;6.872237544739194
1;2025-05-30;1;0.0
1;2025-05-30;2;0.0
1;2025-05-30;3;0.0
1;2025-05-30;4;0.0
1;2025-05-30;5;87.79308066173074
1;2025-05-30;6;539.9085686033065
1;2025-05-30;7;1477.8748082670481
1;2025-05-30;8;1845.0671633240222
1;2025-05-30;9;1448.623797744032
1;2025-05-30;10;1348.8227021737198
1;2025-05-30;11;1367.8459768031605
1;2025-05-30;12;1322.625248643717
1;2025-05-30;13;1325.7042943786041
1;2025-05-30;14;1288.8569662951932
1;2025-05-30;15;1450.6113867328331
1;2025-05-30;16;1507.9464852295082
1;2025-05-30;17;1667.3004548352176
1;2025-05-30;18;1540.1462757509098
1;2025-05-30;19;1185.273961966031
1;2025-05-30;20;875.3551186650739
1;2025-05-30;21;527.3285793177021
1;2025-05-30;22;288.61718953390744
1;2025-05-30;23;66.08197911500159
1;2025-05-31;0;8.422016801973925
1;2025-05-31;1;0.0
1;2025-05-31;2;0.0
1;2025-05-31;3;0.0
1;2025-05-31;4;0.0
1;2025-05-31;5;34.25492363245321
1;2025-05-31;6;187.7001873597597
1;2025-05-31;7;353.8572316378682
1;2025-05-31;8;496.20864756051964
1;2025-05-31;9;734.9005309684474
1;2025-05-31;10;785.4374813000197
1;2025-05-31;11;778.0585755512647
1;2025-05-31;12;905.6155004183224
1;2025-05-31;13;879.3863788375445
1;2025-05-31;14;857.3180460123888
1;2025-05-31;15;779.6099033191192
1;2025-05-31;16;717.7695717481351
1;2025-05-31;17;675.0448834146254
1;2025-05-31;18;671.2761689440972
1;2025-05-31;19;629.8839381655703
1;2025-05-31;20;481.34432795193163
1;2025-05-31;21;333.8370728273753
1;2025-05-31;22;183.5454357174579
1;2025-05-31;23;40.52082653259471
1;2025-06-01;0;4.1491296792475865
1;2025-06-01;1;0.0
1;2025-06-01;2;0.0
1;2025-06-01;3;0.0
1;2025-06-01;4;0.0
1;2025-06-01;5;27.36405120094988
1;2025-06-01;6;152.2552872301574
1;2025-06-01;7;268.56262497286036
1;2025-06-01;8;378.0150709123498
1;2025-06-01;9;586.9451140216786
1;2025-06-01;10;670.1841071852537
1;2025-06-01;11;678.1192389247028
1;2025-06-01;12;764.7784131099081
1;2025-06-01;13;768.0150731892145
1;2025-06-01;14;722.6589506114495
1;2025-06-01;15;674.8305936872198
1;2025-06-01;16;631.4674067073337
1;2025-06-01;17;603.3249094187734
1;2025-06-01;18;580.0293699860379
1;2025-06-01;19;503.3825386760519
1;2025-06-01;20;390.1472607284627
1;2025-06-01;21;283.0790983764264
1;2025-06-01;22;134.748657853053
1;2025-06-01;23;33.27773550209203
1;2025-06-02;0;2.3990832290409143
1;2025-06-02;1;0.0
1;2025-06-02;2;0.0
1;2025-06-02;3;0.0
1;2025-06-02;4;0.0
1;2025-06-02;5;90.86885310214667
1;2025-06-02;6;555.9140413811228
1;2025-06-02;7;1430.223291766134
1;2025-06-02;8;1839.2685878926413
1;2025-06-02;9;1400.1114994133923
1;2025-06-02;10;1239.3924846063128
1;2025-06-02;11;1244.5730943167516
1;2025-06-02;12;1263.5043179907461
1;2025-06-02;13;1256.1805431639318
1;2025-06-02;14;1232.9152958032382
1;2025-06-02;15;1356.0074427670436
1;2025-06-02;16;1445.9441079173025
1;2025-06-02;17;1696.7567587410358
1;2025-06-02;18;1771.868503114703
1;2025-06-02;19;1384.6635806193835
1;2025-06-02;20;905.7157853589661
1;2025-06-02;21;493.14523399566485
1;2025-06-02;22;247.04658138104173
1;2025-06-02;23;45.96919777755224
1;2025-06-03;0;5.007157059330426
1;2025-06-03;1;0.0
1;2025-06-03;2;0.0
1;2025-06-03;3;0.0
1;2025-06-03;4;0.0
1;2025-06-03;5;88.2561190120447
1;2025-06-03;6;553.4734566883559
1;2025-06-03;7;1488.5598200423383
1;2025-06-03;8;1872.248350979637
1;2025-06-03;9;1482.0490468736848
1;2025-06-03;10;1340.698518944791
1;2025-06-03;11;1312.1931168146157
1;2025-06-03;12;1285.9374560209467
1;2025-06-03;13;1316.894315110791
1;2025-06-03;14;1257.4274767815643
1;2025-06-03;15;1364.23679311744
1;2025-06-03;16;1417.4221541145444
1;2025-06-03;17;1661.7310166784869
1;2025-06-03;18;1748.5002228210496
1;2025-06-03;19;1399.6632689483504
1;2025-06-03;20;958.1975542195084
1;2025-06-03;21;496.95648699672483
1;2025-06-03;22;274.02601497133674
1;2025-06-03;23;51.181377072895415
1;2025-06-04;0;5.885304229309631
1;2025-06-04;1;0.0
1;2025-06-04;2;0.0
1;2025-06-04;3;0.0
1;2025-06-04;4;0.0
1;2025-06-04;5;88.02152046571312
1;2025-06-04;6;546.4907710121263
1;2025-06-04;7;1485.782292054959
1;2025-06-04;8;1961.718460998801
1;2025-06-04;9;1479.9239698179806
1;2025-06-04;10;1335.8089396653454
1;2025-06-04;11;1299.9204746444104
1;2025-06-04;12;1319.8157201861386
1;2025-06-04;13;1351.4738850872573
1;2025-06-04;14;1320.2287533425917
1;2025-06-04;15;1431.2190918229433
1;2025-06-04;16;1508.8807930777084
1;2025-06-04;17;1729.7219342537696
1;2025-06-04;18;1784.1254910815974
1;2025-06-04;19;1391.3267804256516
1;2025-06-04;20;946.724047964205
1;2025-06-04;21;542.8138469387213
1;2025-06-04;22;283.1401137561493
1;2025-06-04;23;51.149646768675716
1;2025-06-05;0;10.047857794658196
1;2025-06-05;1;0.0
1;2025-06-05;2;0.0
1;2025-06-05;3;0.0
1;2025-06-05;4;0.0
1;2025-06-05;5;86.68524548337982
1;2025-06-05;6;575.9195649545065
1;2025-06-05;7;1478.940211246304
1;2025-06-05;8;1934.24028803668
1;2025-06-05;9;1458.6235043542065
1;2025-06-05;10;1380.6109888478413
1;2025-06-05;11;1317.344994101396
1;2025-06-05;12;1341.7762868358745
1;2025-06-05;13;1325.707635032204
1;2025-06-05;14;1302.7035159584957
1;2025-06-05;15;1404.3198245022627
1;2025-06-05;16;1491.7104987840034
1;2025-06-05;17;1730.4779785801848
1;2025-06-05;18;1784.7416764622249
1;2025-06-05;19;1371.4959979063628
1;2025-06-05;20;939.9606313785858
1;2025-06-05;21;540.6149264204322
1;2025-06-05;22;281.5199015747751
1;2025-06-05;23;62.35106538489178
1;2025-06-06;0;6.506689050306779
1;2025-06-06;1;0.0
1;2025-06-06;2;0.0
1;2025-06-06;3;0.0
1;2025-06-06;4;0.0
1;2025-06-06;5;87.14397890304087
1;2025-06-06;6;531.5332678186855
1;2025-06-06;7;1459.182512334682
1;2025-06-06;8;1825.5253810654608
1;2025-06-06;9;1430.2131294172668
1;2025-06-06;10;1342.4527412404536
1;2025-06-06;11;1361.7770707078532
1;2025-06-06;12;1322.2385006147629
1;2025-06-06;13;1327.2983114863928
1;2025-06-06;14;1289.5294804368411
1;2025-06-06;15;1445.2798831775438
1;2025-06-06;16;1505.6300875865834
1;2025-06-06;17;1657.3015379565668
1;2025-06-06;18;1543.2128888315115
1;2025-06-06;19;1180.9904254782841
1;2025-06-06;20;873.3022275959288
1;2025-06-06;21;526.2303357984489
1;2025-06-06;22;287.79738272018267
1;2025-06-06;23;65.93197260089642
1;2025-06-07;0;8.123428048986636
1;2025-06-07;1;0.0
1;2025-06-07;2;0.0
1;2025-06-07;3;0.0
1;2025-06-07;4;0.0
1;2025-06-07;5;33.47643757173377
1;2025-06-07;6;181.5987408378163
1;2025-06-07;7;341.88057582468684
1;2025-06-07;8;476.9969233916994
1;2025-06-07;9;703.734426811277
1;2025-06-07;10;748.1623909016348
1;2025-06-07;11;740.338512328986
1;2025-06-07;12;856.6089250024833
1;2025-06-07;13;830.7683327415335
1;2025-06-07;14;808.6314464655306
1;2025-06-07;15;734.4057391161425
1;2025-06-07;16;682.2967180169637
1;2025-06-07;17;643.0054149603172
1;2025-06-07;18;642.3928562006116
1;2025-06-07;19;603.9216071451465
1;2025-06-07;20;458.11870865544665
1;2025-06-07;21;315.95805831607146
1;2025-06-07;22;173.31771430184642
1;2025-06-07;23;38.7636463302708
1;2025-06-08;0;4.122197836869801
1;2025-06-08;1;0.0
1;2025-06-08;2;0.0
1;2025-06-08;3;0.0
1;2025-06-08;4;0.0
1;2025-06-08;5;27.23905501534979
1;2025-06-08;6;153.38936038562758
1;2025-06-08;7;271.06959292935403
1;2025-06-08;8;371.05721088652206
1;2025-06-08;9;566.5115158777355
1;2025-06-08;10;644.202313901025
1;2025-06-08;11;651.065325521085
1;2025-06-08;12;729.5372832987176
1;2025-06-08;13;730.7291661009095
1;2025-06-08;14;686.8773390431212
1;2025-06-08;15;642.0908206275881
1;2025-06-08;16;604.3199358620205
1;2025-06-08;17;581.3092250376291
1;2025-06-08;18;563.7086190460991
1;2025-06-08;19;490.2316838447522
1;2025-06-08;20;377.683971411015
1;2025-06-08;21;272.8331436353021
1;2025-06-08;22;129.5493539848592
1;2025-06-08;23;32.61061947743042
1;2025-06-09;0;2.4651968456971023
1;2025-06-09;1;0.0
1;2025-06-09;2;0.0
1;2025-06-09;3;0.0
1;2025-06-09;4;0.0
1;2025-06-09;5;90.24232341791901
1;2025-06-09;6;545.580065231475
1;2025-06-09;7;1404.9204734183354
1;2025-06-09;8;1805.9580976538632
1;2025-06-09;9;1377.4221306515437
1;2025-06-09;10;1216.5554851295997
1;2025-06-09;11;1220.210021128145
1;2025-06-09;12;1238.3135044156693
1;2025-06-09;13;1228.2354057900498
1;2025-06-09;14;1205.118623287271
1;2025-06-09;15;1326.4084014251516
1;2025-06-09;16;1414.3644196055786
1;2025-06-09;17;1664.6059334471315
1;2025-06-09;18;1734.027878833619
1;2025-06-09;19;1355.8718799834437
1;2025-06-09;20;891.5964742478346
1;2025-06-09;21;485.60442775725426
1;2025-06-09;22;242.47060774059145
1;2025-06-09;23;45.31760937061961
1;2025-06-10;0;5.116774938890872
1;2025-06-10;1;0.0
1;2025-06-10;2;0.0
1;2025-06-10;3;0.0
1;2025-06-10;4;0.0
1;2025-06-10;5;89.84047978160521
1;2025-06-10;6;560.7879650445469
1;2025-06-10;7;1513.5029279158484
1;2025-06-10;8;1905.4087560165249
1;2025-06-10;9;1494.3319198443032
1;2025-06-10;10;1355.1215624163613
1;2025-06-10;11;1327.2369529730365
1;2025-06-10;12;1301.6320426014263
1;2025-06-10;13;1336.3634311522835
1;2025-06-10;14;1278.7963585690293
1;2025-06-10;15;1390.4865551712487
1;2025-06-10;16;1441.93848447345
1;2025-06-10;17;1684.0870055971725
1;2025-06-10;18;1772.5362061705373
1;2025-06-10;19;1414.880273075903
1;2025-06-10;20;964.8180012530621
1;2025-06-10;21;497.22422540777586
1;2025-06-10;22;276.93600382931743
1;2025-06-10;23;51.51804031710729
1;2025-06-11;0;5.843833008225099
1;2025-06-11;1;0.0
1;2025-06-11;2;0.0
1;2025-06-11;3;0.0
1;2025-06-11;4;0.0
1;2025-06-11;5;87.71325703230869
1;2025-06-11;6;542.2957915197542
1;2025-06-11;7;1471.850398004412
1;2025-06-11;8;1945.0885953049233
1;2025-06-11;9;1465.5408713057564
1;2025-06-11;10;1321.0179482667324
1;2025-06-11;11;1284.8004615414466
1;2025-06-11;12;1304.0397922795241
1;2025-06-11;13;1332.21653101615
1;2025-06-11;14;1301.201685611361
1;2025-06-11;15;1407.8725049130464
1;2025-06-11;16;1483.062483035882
1;2025-06-11;17;1701.639627705741
1;2025-06-11;18;1746.1774529261904
1;2025-06-11;19;1362.060852425757
1;2025-06-11;20;926.9012581180227
1;2025-06-11;21;528.739103258396
1;2025-06-11;22;278.9135907418088
1;2025-06-11;23;50.61049270634777
1;2025-06-12;0;6.00432506017761
1;2025-06-12;1;0.0
1;2025-06-12;2;0.0
1;2025-06-12;3;0.0
1;2025-06-12;4;0.0
1;2025-06-12;5;29.53686969300985
1;2025-06-12;6;159.31194878323294
1;2025-06-12;7;286.53581121379693
1;2025-06-12;8;383.9942752041371
1;2025-06-12;9;589.3200440057376
1;2025-06-12;10;654.4603336209767
1;2025-06-12;11;638.390526454539
1;2025-06-12;12;759.1702758009767
1;2025-06-12;13;760.3090568340425
1;2025-06-12;14;734.9294837343771
1;2025-06-12;15;679.586634370148
1;2025-06-12;16;638.2184669353621
1;2025-06-12;17;608.7524915959814
1;2025-06-12;18;598.3284279961858
1;2025-06-12;19;542.4745029037024
1;2025-06-12;20;418.58114817738516
1;2025-06-12;21;300.0365923562356
1;2025-06-12;22;157.98343085286416
1;2025-06-12;23;39.51626751973589
1;2025-06-13;0;5.829221751828526
1;2025-06-13;1;0.0
1;2025-06-13;2;0.0
1;2025-06-13;3;0.0
1;2025-06-13;4;0.0
1;2025-06-13;5;28.542278916281706
1;2025-06-13;6;159.06811501942713
1;2025-06-13;7;285.6295630215257
1;2025-06-13;8;373.99611022419265
1;2025-06-13;9;568.6667787649367
1;2025-06-13;10;627.3555331168266
1;2025-06-13;11;608.322100773535
1;2025-06-13;12;719.15586057723
1;2025-06-13;13;715.3735147304833
1;2025-06-13;14;690.0843695016897
1;2025-06-13;15;636.1765893621749
1;2025-06-13;16;602.1194952865474
1;2025-06-13;17;579.454146607128
1;2025-06-13;18;571.2319501878483
1;2025-06-13;19;520.129739756867
1;2025-06-13;20;397.54176931061045
1;2025-06-13;21;285.343062674222
1;2025-06-13;22;149.86622691556613
1;2025-06-13;23;37.836611334488666
1;2025-06-14;0;8.025577078624442
1;2025-06-14;1;0.0
1;2025-06-14;2;0.0
1;2025-06-14;3;0.0
1;2025-06-14;4;0.0
1;2025-06-14;5;32.56923892809088
1;2025-06-14;6;179.2774106971761
1;2025-06-14;7;338.5706086026148
1;2025-06-14;8;472.08339646829586
1;2025-06-14;9;694.9755360801707
1;2025-06-14;10;737.0901104862487
1;2025-06-14;11;727.309436726131
1;2025-06-14;12;841.3965876020483
1;2025-06-14;13;814.5851775234171
1;2025-06-14;14;792.705051569449
1;2025-06-14;15;718.1786415161787
1;2025-06-14;16;668.3321758768961
1;2025-06-14;17;630.2743346209443
1;2025-06-14;18;624.688742100775
1;2025-06-14;19;587.5044581551074
1;2025-06-14;20;446.0783626631005
1;2025-06-14;21;306.277857861726
1;2025-06-14;22;169.17396679361033
1;2025-06-14;23;37.77675716827278
1;2025-06-15;0;4.125469140633028
1;2025-06-15;1;0.0
1;2025-06-15;2;0.0
1;2025-06-15;3;0.0
1;2025-06-15;4;0.0
1;2025-06-15;5;26.319171380693945
1;2025-06-15;6;152.18104671029192
1;2025-06-15;7;270.76921992030526
1;2025-06-15;8;370.6205748782704
1;2025-06-15;9;562.8133333081175
1;2025-06-15;10;638.4686623808043
1;2025-06-15;11;644.5293512102362
1;2025-06-15;12;722.2856869627766
1;2025-06-15;13;722.8419295982089
1;2025-06-15;14;679.3458094240293
1;2025-06-15;15;633.4521762105003
1;2025-06-15;16;597.9515779096662
1;2025-06-15;17;575.3566999596196
1;2025-06-15;18;554.0628475141639
1;2025-06-15;19;481.3076856223699
1;2025-06-15;20;370.1116338564714
1;2025-06-15;21;266.01305341165613
1;2025-06-15;22;126.5683238834522
1;2025-06-15;23;32.16723743828675
1;2025-06-16;0;2.546866349668611
1;2025-06-16;1;0.0
1;2025-06-16;2;0.0
1;2025-06-16;3;0.0
1;2025-06-16;4;0.0
1;2025-06-16;5;89.02103895953857
1;2025-06-16;6;546.4661532988506
1;2025-06-16;7;1417.0687313604637
1;2025-06-16;8;1823.2606585886115
1;2025-06-16;9;1382.8771404613062
1;2025-06-16;10;1222.593496868272
1;2025-06-16;11;1226.7273331930267
1;2025-06-16;12;1245.681863715995
1;2025-06-16;13;1236.4687880069434
1;2025-06-16;14;1215.18502606391
1;2025-06-16;15;1340.4349778007945
1;2025-06-16;16;1426.9522242993685
1;2025-06-16;17;1678.4385620874064
1;2025-06-16;18;1745.8135702067361
1;2025-06-16;19;1362.438571407221
1;2025-06-16;20;893.8717826440541
1;2025-06-16;21;484.497755001701
1;2025-06-16;22;244.27052708191835
1;2025-06-16;23;45.91241190511218
1;2025-06-17;0;4.920420048272213
1;2025-06-17;1;0.0
1;2025-06-17;2;0.0
1;2025-06-17;3;0.0
1;2025-06-17;4;0.0
1;2025-06-17;5;85.70904700395948
1;2025-06-17;6;531.5951127748989
1;2025-06-17;7;1436.439985415103
1;2025-06-17;8;1805.8295154916425
1;2025-06-17;9;1423.4627699094085
1;2025-06-17;10;1280.183267934218
1;2025-06-17;11;1248.7057723510036
1;2025-06-17;12;1221.5367779549717
1;2025-06-17;13;1246.2746866181178
1;2025-06-17;14;1188.0926218542309
1;2025-06-17;15;1288.7713937586198
1;2025-06-17;16;1342.4858437581295
1;2025-06-17;17;1580.1541690833944
1;2025-06-17;18;1662.934597107805
1;2025-06-17;19;1333.0841161064734
1;2025-06-17;20;905.4388550541091
1;2025-06-17;21;464.1625950695053
1;2025-06-17;22;257.45325627568036
1;2025-06-17;23;48.630125956518214
1;2025-06-18;0;5.721286691166775
1;2025-06-18;1;0.0
1;2025-06-18;2;0.0
1;2025-06-18;3;0.0
1;2025-06-18;4;0.0
1;2025-06-18;5;84.06877174675847
1;2025-06-18;6;518.934703184918
1;2025-06-18;7;1418.424637830767
1;2025-06-18;8;1873.5787638318193
1;2025-06-18;9;1409.7710359015437
1;2025-06-18;10;1262.70241872311
1;2025-06-18;11;1227.2147655751378
1;2025-06-18;12;1241.358432455102
1;2025-06-18;13;1263.3736160578742
1;2025-06-18;14;1231.0653088545341
1;2025-06-18;15;1332.7568068894052
1;2025-06-18;16;1408.9938535177284
1;2025-06-18;17;1624.8714428512217
1;2025-06-18;18;1673.7802945397507
1;2025-06-18;19;1311.2623804369066
1;2025-06-18;20;885.9496205972908
1;2025-06-18;21;502.77842562338515
1;2025-06-18;22;265.1211952371074
1;2025-06-18;23;48.20796773428792
1;2025-06-19;0;9.850031447217905
1;2025-06-19;1;0.0
1;2025-06-19;2;0.0
1;2025-06-19;3;0.0
1;2025-06-19;4;0.0
1;2025-06-19;5;83.0331254382252
1;2025-06-19;6;553.8622856349414
1;2025-06-19;7;1431.0085815391049
1;2025-06-19;8;1879.416465813062
1;2025-06-19;9;1412.408740579267
1;2025-06-19;10;1333.0012496404397
1;2025-06-19;11;1269.4289672960301
1;2025-06-19;12;1294.237723814361
1;2025-06-19;13;1273.680697469801
1;2025-06-19;14;1251.2992782706592
1;2025-06-19;15;1345.6093191341133
1;2025-06-19;16;1431.5960509425224
1;2025-06-19;17;1659.976826194833
1;2025-06-19;18;1697.3723863465111
1;2025-06-19;19;1307.2027240632906
1;2025-06-19;20;895.2509010590627
1;2025-06-19;21;509.21932375708934
1;2025-06-19;22;266.44346727390473
1;2025-06-19;23;59.40969038819382
1;2025-06-20;0;6.362011523342273
1;2025-06-20;1;0.0
1;2025-06-20;2;0.0
1;2025-06-20;3;0.0
1;2025-06-20;4;0.0
1;2025-06-20;5;83.58059778916474
1;2025-06-20;6;518.3196268649679
1;2025-06-20;7;1416.885696916805
1;2025-06-20;8;1770.4306358331412
1;2025-06-20;9;1378.7500920408536
1;2025-06-20;10;1288.1624654597135
1;2025-06-20;11;1304.4501300833845
1;2025-06-20;12;1264.4820383367799
1;2025-06-20;13;1264.5050609833977
1;2025-06-20;14;1225.8355125359615
1;2025-06-20;15;1371.864980900235
1;2025-06-20;16;1434.7689322176693
1;2025-06-20;17;1577.4805510573765
1;2025-06-20;18;1462.7769273208723
1;2025-06-20;19;1122.8018143790855
1;2025-06-20;20;823.8301096367995
1;2025-06-20;21;491.05328537135847
1;2025-06-20;22;270.9692127193147
1;2025-06-20;23;62.07343813429422
1;2025-06-21;0;8.286979275323054
1;2025-06-21;1;0.0
1;2025-06-21;2;0.0
1;2025-06-21;3;0.0
1;2025-06-21;4;0.0
1;2025-06-21;5;32.479144969890434
1;2025-06-21;6;181.35513004359183
1;2025-06-21;7;348.7434365202871
1;2025-06-21;8;493.52138580515907
1;2025-06-21;9;715.9496293645217
1;2025-06-21;10;764.3048307676908
1;2025-06-21;11;756.0437349198533
1;2025-06-21;12;882.0973653638704
1;2025-06-21;13;856.5902613384857
1;2025-06-21;14;835.3296904053379
1;2025-06-21;15;758.9186337856468
1;2025-06-21;16;700.7508559026455
1;2025-06-21;17;654.9875092498196
1;2025-06-21;18;641.2003154510239
1;2025-06-21;19;601.5838591407842
1;2025-06-21;20;463.48855639736485
1;2025-06-21;21;320.11181636137735
1;2025-06-21;22;177.1354328020131
1;2025-06-21;23;38.98929806683131
1;2025-06-22;0;4.1376602041768304
1;2025-06-22;1;0.0
1;2025-06-22;2;0.0
1;2025-06-22;3;0.0
1;2025-06-22;4;0.0
1;2025-06-22;5;26.431400937874997
1;2025-06-22;6;152.3741475014736
1;2025-06-22;7;272.3668425125095
1;2025-06-22;8;373.79132530451335
1;2025-06-22;9;564.220950297428
1;2025-06-22;10;639.4554042246423
1;2025-06-22;11;645.2024296391553
1;2025-06-22;12;723.2527949950932
1;2025-06-22;13;723.2239480685935
1;2025-06-22;14;680.3075685744197
1;2025-06-22;15;634.2456334208646
1;2025-06-22;16;599.1197153886299
1;2025-06-22;17;576.4885163095068
1;2025-06-22;18;551.0034703336723
1;2025-06-22;19;478.81377930455096
1;2025-06-22;20;369.92562704377576
1;2025-06-22;21;265.9404429516578
1;2025-06-22;22;126.5501234033003
1;2025-06-22;23;32.16113903708542
1;2025-06-23;0;2.55278980038641
1;2025-06-23;1;0.0
1;2025-06-23;2;0.0
1;2025-06-23;3;0.0
1;2025-06-23;4;0.0
1;2025-06-23;5;89.32063131559528
1;2025-06-23;6;546.0984487643
1;2025-06-23;7;1418.7839791387523
1;2025-06-23;8;1823.9022905871166
1;2025-06-23;9;1381.2402645850273
1;2025-06-23;10;1221.34257179332
1;2025-06-23;11;1226.4338476603496
1;2025-06-23;12;1245.970393134353
1;2025-06-23;13;1236.777384307031
1;2025-06-23;14;1216.396070464657
1;2025-06-23;15;1341.7901332519036
1;2025-06-23;16;1425.4857173855148
1;2025-06-23;17;1673.9098116045789
1;2025-06-23;18;1734.0620117057188
1;2025-06-23;19;1354.3393598612815
1;2025-06-23;20;892.3159103778488
1;2025-06-23;21;482.88874798747366
1;2025-06-23;22;244.59843430222622
1;2025-06-23;23;46.01689693959555
1;2025-06-24;0;5.0180698554560115
1;2025-06-24;1;0.0
1;2025-06-24;2;0.0
1;2025-06-24;3;0.0
1;2025-06-24;4;0.0
1;2025-06-24;5;88.91910633607483
1;2025-06-24;6;541.9382787796724
1;2025-06-24;7;1465.311958773139
1;2025-06-24;8;1843.209329983124
1;2025-06-24;9;1446.928510687671
1;2025-06-24;10;1308.033267672079
1;2025-06-24;11;1279.5373097602505
1;2025-06-24;12;1255.6489146292465
1;2025-06-24;13;1285.596746797716
1;2025-06-24;14;1229.4588107427635
1;2025-06-24;15;1336.600427223711
1;2025-06-24;16;1389.0637152308639
1;2025-06-24;17;1622.2560662095952
1;2025-06-24;18;1691.0277697454571
1;2025-06-24;19;1355.1529274378458
1;2025-06-24;20;928.1325370349842
1;2025-06-24;21;476.5995109440739
1;2025-06-24;22;265.02875063071076
1;2025-06-24;23;49.352311881239515
1;2025-06-25;0;5.813566264332472
1;2025-06-25;1;0.0
1;2025-06-25;2;0.0
1;2025-06-25;3;0.0
1;2025-06-25;4;0.0
1;2025-06-25;5;88.17203293268159
1;2025-06-25;6;531.8027485901134
1;2025-06-25;7;1448.7963035664268
1;2025-06-25;8;1909.0950866612593
1;2025-06-25;9;1435.5994438739845
1;2025-06-25;10;1291.4602459640587
1;2025-06-25;11;1257.7494631749719
1;2025-06-25;12;1277.353537664531
1;2025-06-25;13;1304.406065222499
1;2025-06-25;14;1275.1639623597364
1;2025-06-25;15;1384.4789688262822
1;2025-06-25;16;1457.654528332922
1;2025-06-25;17;1667.8043590364011
1;2025-06-25;18;1698.1728266735754
1;2025-06-25;19;1327.849233831504
1;2025-06-25;20;909.7033035094814
1;2025-06-25;21;517.6907998385163
1;2025-06-25;22;272.88166489608227
1;2025-06-25;23;49.03870099318813
1;2025-06-26;0;9.60834414839384
1;2025-06-26;1;0.0
1;2025-06-26;2;0.0
1;2025-06-26;3;0.0
1;2025-06-26;4;0.0
1;2025-06-26;5;85.35246134421163
1;2025-06-26;6;550.2437223823334
1;2025-06-26;7;1415.4939146028219
1;2025-06-26;8;1845.1520862459147
1;2025-06-26;9;1388.3989947202658
1;2025-06-26;10;1304.055064219243
1;2025-06-26;11;1244.64363750936
1;2025-06-26;12;1268.0168494381148
1;2025-06-26;13;1247.4721543245191
1;2025-06-26;14;1224.1357572509019
1;2025-06-26;15;1317.4955983200882
1;2025-06-26;16;1399.1254410065048
1;2025-06-26;17;1621.8543120936683
1;2025-06-26;18;1658.8179749465562
1;2025-06-26;19;1280.8967462122232
1;2025-06-26;20;877.637638778265
1;2025-06-26;21;499.3748718538425
1;2025-06-26;22;262.08636165898326
1;2025-06-26;23;57.955464873042416
1;2025-06-27;0;6.569626108783173
1;2025-06-27;1;0.0
1;2025-06-27;2;0.0
1;2025-06-27;3;0.0
1;2025-06-27;4;0.0
1;2025-06-27;5;87.66984474048652
1;2025-06-27;6;530.8192867847675
1;2025-06-27;7;1454.9982817725372
1;2025-06-27;8;1812.770380024845
1;2025-06-27;9;1411.153910751623
1;2025-06-27;10;1333.9760857647427
1;2025-06-27;11;1355.2869463523389
1;2025-06-27;12;1319.9821044205546
1;2025-06-27;13;1324.9649820285517
1;2025-06-27;14;1290.8554412514904
1;2025-06-27;15;1445.018242145882
1;2025-06-27;16;1497.3903453092748
1;2025-06-27;17;1638.7604941260329
1;2025-06-27;18;1507.4168769984744
1;2025-06-27;19;1153.680589737657
1;2025-06-27;20;862.8407513704926
1;2025-06-27;21;517.2095093879464
1;2025-06-27;22;285.0838436478891
1;2025-06-27;23;66.20262956374114
1;2025-06-28;0;8.417832135922417
1;2025-06-28;1;0.0
1;2025-06-28;2;0.0
1;2025-06-28;3;0.0
1;2025-06-28;4;0.0
1;2025-06-28;5;33.90942979358804
1;2025-06-28;6;182.35528883196034
1;2025-06-28;7;349.98214531611217
1;2025-06-28;8;491.6815962163481
1;2025-06-28;9;715.5017069502919
1;2025-06-28;10;762.8306452108543
1;2025-06-28;11;761.3116819572417
1;2025-06-28;12;889.9556015043396
1;2025-06-28;13;866.0430694482604
1;2025-06-28;14;845.8631846177548
1;2025-06-28;15;772.731191628735
1;2025-06-28;16;713.0365379081034
1;2025-06-28;17;664.7898964045239
1;2025-06-28;18;650.5124589606583
1;2025-06-28;19;609.8106605984394
1;2025-06-28;20;471.80768169672444
1;2025-06-28;21;326.7957259730226
1;2025-06-28;22;181.14010066058404
1;2025-06-28;23;41.08104856933712
1;2025-06-29;0;4.139211059672016
1;2025-06-29;1;0.0
1;2025-06-29;2;0.0
1;2025-06-29;3;0.0
1;2025-06-29;4;0.0
1;2025-06-29;5;26.904318502113522
1;2025-06-29;6;150.4339991619276
1;2025-06-29;7;268.45040496288885
1;2025-06-29;8;364.97114604200533
1;2025-06-29;9;553.2333555533768
1;2025-06-29;10;626.0468635529728
1;2025-06-29;11;637.5751109658346
1;2025-06-29;12;715.8671907423284
1;2025-06-29;13;717.823255095717
1;2025-06-29;14;675.7870031924748
1;2025-06-29;15;633.8110784228818
1;2025-06-29;16;596.7738148183689
1;2025-06-29;17;572.3387500744793
1;2025-06-29;18;548.7100182186166
1;2025-06-29;19;477.1349462967325
1;2025-06-29;20;370.7040659095745
1;2025-06-29;21;266.80245803853313
1;2025-06-29;22;127.89100658827066
1;2025-06-29;23;33.7940054461866
1;2025-06-30;0;2.1636623716687033
1;2025-06-30;1;0.0
1;2025-06-30;2;0.0
1;2025-06-30;3;0.0
1;2025-06-30;4;0.0
1;2025-06-30;5;87.35152148825108
1;2025-06-30;6;522.9216986734643
1;2025-06-30;7;1350.4463631378271
1;2025-06-30;8;1731.06790676952
1;2025-06-30;9;1319.0237325784965
1;2025-06-30;10;1159.4761221182837
1;2025-06-30;11;1160.6518421580035
1;2025-06-30;12;1176.9249207896405
1;2025-06-30;13;1163.181806995753
1;2025-06-30;14;1140.0002885518368
1;2025-06-30;15;1247.5104084533264
1;2025-06-30;16;1329.3388068655622
1;2025-06-30;17;1563.1836710467173
1;2025-06-30;18;1617.7762883105975
1;2025-06-30;19;1269.5988543262383
1;2025-06-30;20;839.7686868894621
1;2025-06-30;21;452.8316086765184
1;2025-06-30;22;229.63294423651024
1;2025-06-30;23;44.113162631532425
1;2025-07-01;0;4.603827814027439
1;2025-07-01;1;0.0
1;2025-07-01;2;0.0
1;2025-07-01;3;0.0
1;2025-07-01;4;0.0
1;2025-07-01;5;85.27907483019592
1;2025-07-01;6;522.8790152673557
1;2025-07-01;7;1416.2738492363428
1;2025-07-01;8;1774.91542050413
1;2025-07-01;9;1398.614414734433
1;2025-07-01;10;1260.6533106717868
1;2025-07-01;11;1231.5375164635425
1;2025-07-01;12;1206.1751373816676
1;2025-07-01;13;1234.3084055048594
1;2025-07-01;14;1187.9716277288758
1;2025-07-01;15;1293.000294635901
1;2025-07-01;16;1339.9863795421797
1;2025-07-01;17;1569.7393566099236
1;2025-07-01;18;1635.9009736860119
1;2025-07-01;19;1319.1926382210586
1;2025-07-01;20;897.9915782626167
1;2025-07-01;21;460.79457170288276
1;2025-07-01;22;253.2639584704662
1;2025-07-01;23;48.255623125188265
1;2025-07-02;0;5.775296920866014
1;2025-07-02;1;0.0
1;2025-07-02;2;0.0
1;2025-07-02;3;0.0
1;2025-07-02;4;0.0
1;2025-07-02;5;85.13108413590592
1;2025-07-02;6;515.4936579632182
1;2025-07-02;7;1404.273175864732
1;2025-07-02;8;1860.035339869977
1;2025-07-02;9;1387.5688592351662
1;2025-07-02;10;1251.6706310688278
1;2025-07-02;11;1219.180237719866
1;2025-07-02;12;1239.390617742928
1;2025-07-02;13;1293.4235057790293
1;2025-07-02;14;1273.640802915618
1;2025-07-02;15;1400.1575366273769
1;2025-07-02;16;1462.7362706620336
1;2025-07-02;17;1668.6755101835638
1;2025-07-02;18;1697.3687669786623
1;2025-07-02;19;1339.3337857323231
1;2025-07-02;20;914.858135115436
1;2025-07-02;21;523.8223150523518
1;2025-07-02;22;271.7533998961738
1;2025-07-02;23;49.80637446818834
1;2025-07-03;0;10.002522046999633
1;2025-07-03;1;0.0
1;2025-07-03;2;0.0
1;2025-07-03;3;0.0
1;2025-07-03;4;0.0
1;2025-07-03;5;84.69950931524016
1;2025-07-03;6;556.288799031164
1;2025-07-03;7;1424.9587865509889
1;2025-07-03;8;1866.0527299430328
1;2025-07-03;9;1392.51706526416
1;2025-07-03;10;1320.8871215241356
1;2025-07-03;11;1261.3929629773202
1;2025-07-03;12;1288.7498134989291
1;2025-07-03;13;1296.4734679791293
1;2025-07-03;14;1285.2148258703792
1;2025-07-03;15;1403.7633482119961
1;2025-07-03;16;1473.2897191033921
1;2025-07-03;17;1703.0196590622718
1;2025-07-03;18;1733.0816240054414
1;2025-07-03;19;1341.9377804901897
1;2025-07-03;20;928.9271474788611
1;2025-07-03;21;534.7449182783505
1;2025-07-03;22;274.88143179413214
1;2025-07-03;23;61.25508755343185
1;2025-07-04;0;6.575499983993769
1;2025-07-04;1;0.0
1;2025-07-04;2;0.0
1;2025-07-04;3;0.0
1;2025-07-04;4;0.0
1;2025-07-04;5;84.70656888801827
1;2025-07-04;6;513.6999293300239
1;2025-07-04;7;1403.026734135672
1;2025-07-04;8;1754.079809996149
1;2025-07-04;9;1354.4712991765666
1;2025-07-04;10;1281.7846442243003
1;2025-07-04;11;1301.8974504103644
1;2025-07-04;12;1267.043558585547
1;2025-07-04;13;1300.3083941799553
1;2025-07-04;14;1274.896095669218
1;2025-07-04;15;1446.6860604885546
1;2025-07-04;16;1493.743288298275
1;2025-07-04;17;1632.530195791087
1;2025-07-04;18;1505.144083098488
1;2025-07-04;19;1161.1889140687406
1;2025-07-04;20;863.6640319475305
1;2025-07-04;21;520.8295137376836
1;2025-07-04;22;281.7966908925955
1;2025-07-04;23;65.45242419311569
1;2025-07-05;0;8.411396707134706
1;2025-07-05;1;0.0
1;2025-07-05;2;0.0
1;2025-07-05;3;0.0
1;2025-07-05;4;0.0
1;2025-07-05;5;32.862452440748655
1;2025-07-05;6;178.7752485876117
1;2025-07-05;7;334.9996128834041
1;2025-07-05;8;474.4648473179017
1;2025-07-05;9;695.146800989031
1;2025-07-05;10;743.7781143325328
1;2025-07-05;11;742.643025279014
1;2025-07-05;12;871.2410421691137
1;2025-07-05;13;861.6832474481375
1;2025-07-05;14;846.0554182758588
1;2025-07-05;15;785.2126712278691
1;2025-07-05;16;722.6853644068232
1;2025-07-05;17;673.424378992625
1;2025-07-05;18;659.7644886138215
1;2025-07-05;19;619.5568370668741
1;2025-07-05;20;476.4206545337777
1;2025-07-05;21;330.54934865175665
1;2025-07-05;22;180.89889386661403
1;2025-07-05;23;41.13562477596078
1;2025-07-06;0;4.22899842949383
1;2025-07-06;1;0.0
1;2025-07-06;2;0.0
1;2025-07-06;3;0.0
1;2025-07-06;4;0.0
1;2025-07-06;5;26.693167047454395
1;2025-07-06;6;147.04098810952388
1;2025-07-06;7;256.4210248627225
1;2025-07-06;8;361.5521200022314
1;2025-07-06;9;556.5808293359887
1;2025-07-06;10;637.0686162356546
1;2025-07-06;11;650.3334716855112
1;2025-07-06;12;738.0153934963039
1;2025-07-06;13;754.583897151922
1;2025-07-06;14;715.8943527433369
1;2025-07-06;15;682.0774458586412
1;2025-07-06;16;635.6010237922394
1;2025-07-06;17;603.9422484709305
1;2025-07-06;18;575.5686967900973
1;2025-07-06;19;500.69075075454435
1;2025-07-06;20;390.5905297680266
1;2025-07-06;21;283.29819443272845
1;2025-07-06;22;134.6594308940254
1;2025-07-06;23;35.09378971798446
1;2025-07-07;0;2.5129344015943245
1;2025-07-07;1;0.0
1;2025-07-07;2;0.0
1;2025-07-07;3;0.0
1;2025-07-07;4;0.0
1;2025-07-07;5;89.48143943741803
1;2025-07-07;6;539.3139856618781
1;2025-07-07;7;1387.010437432091
1;2025-07-07;8;1781.8925190454595
1;2025-07-07;9;1342.0862672646922
1;2025-07-07;10;1190.6056905400376
1;2025-07-07;11;1197.7912571158072
1;2025-07-07;12;1218.122848587222
1;2025-07-07;13;1233.2470161819222
1;2025-07-07;14;1221.6119466473756
1;2025-07-07;15;1359.6859243949393
1;2025-07-07;16;1429.184545489879
1;2025-07-07;17;1675.7805689707634
1;2025-07-07;18;1729.955908726699
1;2025-07-07;19;1361.2588215993333
1;2025-07-07;20;903.3578606144035
1;2025-07-07;21;492.78617049565537
1;2025-07-07;22;244.5244586235167
1;2025-07-07;23;47.18853792522627
1;2025-07-08;0;5.059092420818303
1;2025-07-08;1;0.0
1;2025-07-08;2;0.0
1;2025-07-08;3;0.0
1;2025-07-08;4;0.0
1;2025-07-08;5;86.27225575045514
1;2025-07-08;6;530.4549361865488
1;2025-07-08;7;1428.291593255965
1;2025-07-08;8;1797.5288139682252
1;2025-07-08;9;1404.732926767304
1;2025-07-08;10;1272.5780553251784
1;2025-07-08;11;1246.3318477619273
1;2025-07-08;12;1223.7653255233515
1;2025-07-08;13;1279.6793685418843
1;2025-07-08;14;1233.6368544229736
1;2025-07-08;15;1355.8883147149136
1;2025-07-08;16;1393.9493201911241
1;2025-07-08;17;1626.9006191576304
1;2025-07-08;18;1694.24429445143
1;2025-07-08;19;1366.2063379320407
1;2025-07-08;20;941.5140128782516
1;2025-07-08;21;487.36473214103296
1;2025-07-08;22;265.3226907105245
1;2025-07-08;23;50.64942874477454
1;2025-07-09;0;5.964277417784451
1;2025-07-09;1;0.0
1;2025-07-09;2;0.0
1;2025-07-09;3;0.0
1;2025-07-09;4;0.0
1;2025-07-09;5;87.12137213406069
1;2025-07-09;6;530.6367206006013
1;2025-07-09;7;1440.7452661933044
1;2025-07-09;8;1900.4935793741029
1;2025-07-09;9;1421.4345088910973
1;2025-07-09;10;1284.8068024239187
1;2025-07-09;11;1252.6495496644152
1;2025-07-09;12;1274.0533222348668
1;2025-07-09;13;1327.564911930997
1;2025-07-09;14;1308.8152729978656
1;2025-07-09;15;1437.5889919729543
1;2025-07-09;16;1491.4109229373767
1;2025-07-09;17;1706.010157898931
1;2025-07-09;18;1743.3173459262025
1;2025-07-09;19;1371.4963571827384
1;2025-07-09;20;945.7757199533922
1;2025-07-09;21;542.3106196352064
1;2025-07-09;22;280.5266451155144
1;2025-07-09;23;51.672326331298336
1;2025-07-10;0;10.089671164478982
1;2025-07-10;1;0.0
1;2025-07-10;2;0.0
1;2025-07-10;3;0.0
1;2025-07-10;4;0.0
1;2025-07-10;5;85.41399280713324
1;2025-07-10;6;559.2189314940128
1;2025-07-10;7;1432.8140585381918
1;2025-07-10;8;1870.2139125391345
1;2025-07-10;9;1400.4770941593474
1;2025-07-10;10;1329.7667657348306
1;2025-07-10;11;1271.7466037307831
1;2025-07-10;12;1300.3482299974175
1;2025-07-10;13;1306.5950661930165
1;2025-07-10;14;1296.3212784867274
1;2025-07-10;15;1415.3810315346332
1;2025-07-10;16;1478.2002014626719
1;2025-07-10;17;1708.812329932259
1;2025-07-10;18;1742.1453598103608
1;2025-07-10;19;1349.6116845545835
1;2025-07-10;20;938.4077230941414
1;2025-07-10;21;539.7540019550304
1;2025-07-10;22;277.6727012994186
1;2025-07-10;23;62.27226935085929
1;2025-07-11;0;6.659887692381317
1;2025-07-11;1;0.0
1;2025-07-11;2;0.0
1;2025-07-11;3;0.0
1;2025-07-11;4;0.0
1;2025-07-11;5;86.04051290389395
1;2025-07-11;6;521.6356628986845
1;2025-07-11;7;1424.7120992334808
1;2025-07-11;8;1774.5954128591186
1;2025-07-11;9;1373.0921702565297
1;2025-07-11;10;1302.2376346199544
1;2025-07-11;11;1325.3514384798013
1;2025-07-11;12;1291.7283075116861
1;2025-07-11;13;1325.216423994013
1;2025-07-11;14;1301.124507193703
1;2025-07-11;15;1476.4139504420077
1;2025-07-11;16;1516.7375465786151
1;2025-07-11;17;1656.106946114472
1;2025-07-11;18;1527.903938742184
1;2025-07-11;19;1179.6524211281226
1;2025-07-11;20;881.4092327668322
1;2025-07-11;21;530.9183148253628
1;2025-07-11;22;287.27188467408735
1;2025-07-11;23;67.08941695141564
1;2025-07-12;0;8.29041689080929
1;2025-07-12;1;0.0
1;2025-07-12;2;0.0
1;2025-07-12;3;0.0
1;2025-07-12;4;0.0
1;2025-07-12;5;32.177726803855755
1;2025-07-12;6;174.704789319616
1;2025-07-12;7;327.8240536094599
1;2025-07-12;8;460.90135451811784
1;2025-07-12;9;679.1977710182223
1;2025-07-12;10;724.8912592218776
1;2025-07-12;11;723.8197846627766
1;2025-07-12;12;850.0252423919716
1;2025-07-12;13;840.1120566963367
1;2025-07-12;14;825.1596035944378
1;2025-07-12;15;765.6559205503333
1;2025-07-12;16;705.5440295659344
1;2025-07-12;17;659.252824857523
1;2025-07-12;18;645.3810563869401
1;2025-07-12;19;606.5325795427227
1;2025-07-12;20;467.1487455931828
1;2025-07-12;21;323.28142524145903
1;2025-07-12;22;176.46119247115936
1;2025-07-12;23;40.525966377385885
1;2025-07-13;0;4.151224146547186
1;2025-07-13;1;0.0
1;2025-07-13;2;0.0
1;2025-07-13;3;0.0
1;2025-07-13;4;0.0
1;2025-07-13;5;26.32044998106916
1;2025-07-13;6;146.07257034023496
1;2025-07-13;7;255.70204476980803
1;2025-07-13;8;346.27725811822114
1;2025-07-13;9;529.8296003110534
1;2025-07-13;10;600.8288851517956
1;2025-07-13;11;612.2718065692965
1;2025-07-13;12;690.1184659486319
1;2025-07-13;13;702.3088723180898
1;2025-07-13;14;666.5186374422676
1;2025-07-13;15;635.2897016978851
1;2025-07-13;16;595.6923909102162
1;2025-07-13;17;570.9585415962338
1;2025-07-13;18;547.4278317027176
1;2025-07-13;19;478.3133169672593
1;2025-07-13;20;369.84076886670977
1;2025-07-13;21;266.49662505452784
1;2025-07-13;22;126.77815674072525
1;2025-07-13;23;33.5798749019384
1;2025-07-14;0;2.4837352108989177
1;2025-07-14;1;0.0
1;2025-07-14;2;0.0
1;2025-07-14;3;0.0
1;2025-07-14;4;0.0
1;2025-07-14;5;86.85419736130079
1;2025-07-14;6;514.773151126766
1;2025-07-14;7;1324.1403029553771
1;2025-07-14;8;1695.1176153287702
1;2025-07-14;9;1283.9393294853414
1;2025-07-14;10;1128.000631966133
1;2025-07-14;11;1132.3771946553911
1;2025-07-14;12;1149.089929428109
1;2025-07-14;13;1154.6913399875648
1;2025-07-14;14;1142.596141333225
1;2025-07-14;15;1268.6542247307304
1;2025-07-14;16;1337.2789452934346
1;2025-07-14;17;1575.3795328310223
1;2025-07-14;18;1624.588377011401
1;2025-07-14;19;1282.4673920071414
1;2025-07-14;20;849.1588171450151
1;2025-07-14;21;460.2281628960586
1;2025-07-14;22;230.82611862190737
1;2025-07-14;23;44.92718050569309
5;2025-05-15;0;0.0
5;2025-05-15;1;0.0
5;2025-05-15;2;0.0
5;2025-05-15;3;0.0
5;2025-05-15;4;0.0
5;2025-05-15;5;0.0
5;2025-05-15;6;0.0
5;2025-05-15;7;0.0
5;2025-05-15;8;0.0
5;2025-05-15;9;0.0
5;2025-05-15;10;0.0
5;2025-05-15;11;0.0
5;2025-05-15;12;0.0
5;2025-05-15;13;0.0
5;2025-05-15;14;0.0
5;2025-05-15;15;0.0
5;2025-05-15;16;0.0
5;2025-05-15;17;0.0
5;2025-05-15;18;0.0
5;2025-05-15;19;0.0
5;2025-05-15;20;0.0
5;2025-05-15;21;0.0
5;2025-05-15;22;0.0
5;2025-05-15;23;0.0
5;2025-05-16;0;0.0
5;2025-05-16;1;0.0
5;2025-05-16;2;0.0
5;2025-05-16;3;0.0
5;2025-05-16;4;0.0
5;2025-05-16;5;0.0
5;2025-05-16;6;0.0
5;2025-05-16;7;0.0
5;2025-05-16;8;0.0
5;2025-05-16;9;0.0
5;2025-05-16;10;0.0
5;2025-05-16;11;0.0
5;2025-05-16;12;0.0
5;2025-05-16;13;0.0
5;2025-05-16;14;0.0
5;2025-05-16;15;0.0
5;2025-05-16;16;0.0
5;2025-05-16;17;0.0
5;2025-05-16;18;0.0
5;2025-05-16;19;0.0
5;2025-05-16;20;0.0
5;2025-05-16;21;0.0
5;2025-05-16;22;0.0
5;2025-05-16;23;0.0
5;2025-05-17;0;0.0
5;2025-05-17;1;0.0
5;2025-05-17;2;0.0
5;2025-05-17;3;0.0
5;2025-05-17;4;0.0
5;2025-05-17;5;0.0
5;2025-05-17;6;0.0
5;2025-05-17;7;0.0
5;2025-05-17;8;0.0
5;2025-05-17;9;0.0
5;2025-05-17;10;0.0
5;2025-05-17;11;0.0
5;2025-05-17;12;0.0
5;2025-05-17;13;0.0
5;2025-05-17;14;0.0
5;2025-05-17;15;0.0
5;2025-05-17;16;0.0
5;2025-05-17;17;0.0
5;2025-05-17;18;0.0
5;2025-05-17;19;0.0
5;2025-05-17;20;0.0
5;2025-05-17;21;0.0
5;2025-05-17;22;0.0
5;2025-05-17;23;0.0
5;2025-05-18;0;0.0
5;2025-05-18;1;0.0
5;2025-05-18;2;0.0
5;2025-05-18;3;0.0
5;2025-05-18;4;0.0
5;2025-05-18;5;0.0
5;2025-05-18;6;0.0
5;2025-05-18;7;0.0
5;2025-05-18;8;0.0
5;2025-05-18;9;0.0
5;2025-05-18;10;0.0
5;2025-05-18;11;0.0
5;2025-05-18;12;0.0
5;2025-05-18;13;0.0
5;2025-05-18;14;0.0
5;2025-05-18;15;0.0
5;2025-05-18;16;0.0
5;2025-05-18;17;0.0
5;2025-05-18;18;0.0
5;2025-05-18;19;0.0
5;2025-05-18;20;0.0
5;2025-05-18;21;0.0
5;2025-05-18;22;0.0
5;2025-05-18;23;0.0
5;2025-05-19;0;0.0
5;2025-05-19;1;0.0
5;2025-05-19;2;0.0
5;2025-05-19;3;0.0
5;2025-05-19;4;0.0
5;2025-05-19;5;0.0
5;2025-05-19;6;0.0
5;2025-05-19;7;0.0
5;2025-05-19;8;0.0
5;2025-05-19;9;0.0
5;2025-05-19;10;0.0
5;2025-05-19;11;0.0
5;2025-05-19;12;0.0
5;2025-05-19;13;0.0
5;2025-05-19;14;0.0
5;2025-05-19;15;0.0
5;2025-05-19;16;0.0
5;2025-05-19;17;0.0
5;2025-05-19;18;0.0
5;2025-05-19;19;0.0
5;2025-05-19;20;0.0
5;2025-05-19;21;0.0
5;2025-05-19;22;0.0
5;2025-05-19;23;0.0
5;2025-05-20;0;0.0
5;2025-05-20;1;0.0
5;2025-05-20;2;0.0
5;2025-05-20;3;0.0
5;2025-05-20;4;0.0
5;2025-05-20;5;0.0
5;2025-05-20;6;0.0
5;2025-05-20;7;0.0
5;2025-05-20;8;0.0
5;2025-05-20;9;0.0
5;2025-05-20;10;0.0
5;2025-05-20;11;0.0
5;2025-05-20;12;0.0
5;2025-05-20;13;0.0
5;2025-05-20;14;0.0
5;2025-05-20;15;0.0
5;2025-05-20;16;0.0
5;2025-05-20;17;0.0
5;2025-05-20;18;0.0
5;2025-05-20;19;0.0
5;2025-05-20;20;0.0
5;2025-05-20;21;0.0
5;2025-05-20;22;0.0
5;2025-05-20;23;0.0
5;2025-05-21;0;0.0
5;2025-05-21;1;0.0
5;2025-05-21;2;0.0
5;2025-05-21;3;0.0
5;2025-05-21;4;0.0
5;2025-05-21;5;0.0
5;2025-05-21;6;0.0
5;2025-05-21;7;0.0
5;2025-05-21;8;0.0
5;2025-05-21;9;0.0
5;2025-05-21;10;0.0
5;2025-05-21;11;0.0
5;2025-05-21;12;0.0
5;2025-05-21;13;0.0
5;2025-05-21;14;0.0
5;2025-05-21;15;0.0
5;2025-05-21;16;0.0
5;2025-05-21;17;0.0
5;2025-05-21;18;0.0
5;2025-05-21;19;0.0
5;2025-05-21;20;0.0
5;2025-05-21;21;0.0
5;2025-05-21;22;0.0
5;2025-05-21;23;0.0
5;2025-05-22;0;0.0
5;2025-05-22;1;0.0
5;2025-05-22;2;0.0
5;2025-05-22;3;0.0
5;2025-05-22;4;0.0
5;2025-05-22;5;0.0
5;2025-05-22;6;0.0
5;2025-05-22;7;0.0
5;2025-05-22;8;0.0
5;2025-05-22;9;0.0
5;2025-05-22;10;0.0
5;2025-05-22;11;0.0
5;2025-05-22;12;0.0
5;2025-05-22;13;0.0
5;2025-05-22;14;0.0
5;2025-05-22;15;0.0
5;2025-05-22;16;0.0
5;2025-05-22;17;0.0
5;2025-05-22;18;0.0
5;2025-05-22;19;0.0
5;2025-05-22;20;0.0
5;2025-05-22;21;0.0
5;2025-05-22;22;0.0
5;2025-05-22;23;0.0
5;2025-05-23;0;0.0
5;2025-05-23;1;0.0
5;2025-05-23;2;0.0
5;2025-05-23;3;0.0
5;2025-05-23;4;0.0
5;2025-05-23;5;0.0
5;2025-05-23;6;0.0
5;2025-05-23;7;0.0
5;2025-05-23;8;0.0
5;2025-05-23;9;0.0
5;2025-05-23;10;0.0
5;2025-05-23;11;0.0
5;2025-05-23;12;0.0
5;2025-05-23;13;0.0
5;2025-05-23;14;0.0
5;2025-05-23;15;0.0
5;2025-05-23;16;0.0
5;2025-05-23;17;0.0
5;2025-05-23;18;0.0
5;2025-05-23;19;0.0
5;2025-05-23;20;0.0
5;2025-05-23;21;0.0
5;2025-05-23;22;0.0
5;2025-05-23;23;0.0
5;2025-05-24;0;0.0
5;2025-05-24;1;0.0
5;2025-05-24;2;0.0
5;2025-05-24;3;0.0
5;2025-05-24;4;0.0
5;2025-05-24;5;0.0
5;2025-05-24;6;0.0
5;2025-05-24;7;0.0
5;2025-05-24;8;0.0
5;2025-05-24;9;0.0
5;2025-05-24;10;0.0
5;2025-05-24;11;0.0
5;2025-05-24;12;0.0
5;2025-05-24;13;0.0
5;2025-05-24;14;0.0
5;2025-05-24;15;0.0
5;2025-05-24;16;0.0
5;2025-05-24;17;0.0
5;2025-05-24;18;0.0
5;2025-05-24;19;0.0
5;2025-05-24;20;0.0
5;2025-05-24;21;0.0
5;2025-05-24;22;0.0
5;2025-05-24;23;0.0
5;2025-05-25;0;0.0
5;2025-05-25;1;0.0
5;2025-05-25;2;0.0
5;2025-05-25;3;0.0
5;2025-05-25;4;0.0
5;2025-05-25;5;0.0
5;2025-05-25;6;0.0
5;2025-05-25;7;0.0
5;2025-05-25;8;0.0
5;2025-05-25;9;0.0
5;2025-05-25;10;0.0
5;2025-05-25;11;0.0
5;2025-05-25;12;0.0
5;2025-05-25;13;0.0
5;2025-05-25;14;0.0
5;2025-05-25;15;0.0
5;2025-05-25;16;0.0
5;2025-05-25;17;0.0
5;2025-05-25;18;0.0
5;2025-05-25;19;0.0
5;2025-05-25;20;0.0
5;2025-05-25;21;0.0
5;2025-05-25;22;0.0
5;2025-05-25;23;0.0
5;2025-05-26;0;0.0
5;2025-05-26;1;0.0
5;2025-05-26;2;0.0
5;2025-05-26;3;0.0
5;2025-05-26;4;0.0
5;2025-05-26;5;0.0
5;2025-05-26;6;0.0
5;2025-05-26;7;0.0
5;2025-05-26;8;0.0
5;2025-05-26;9;0.0
5;2025-05-26;10;0.0
5;2025-05-26;11;0.0
5;2025-05-26;12;0.0
5;2025-05-26;13;0.0
5;2025-05-26;14;0.0
5;2025-05-26;15;0.0
5;2025-05-26;16;0.0
5;2025-05-26;17;0.0
5;2025-05-26;18;0.0
5;2025-05-26;19;0.0
5;2025-05-26;20;0.0
5;2025-05-26;21;0.0
5;2025-05-26;22;0.0
5;2025-05-26;23;0.0
5;2025-05-27;0;0.0
5;2025-05-27;1;0.0
5;2025-05-27;2;0.0
5;2025-05-27;3;0.0
5;2025-05-27;4;0.0
5;2025-05-27;5;0.0
5;2025-05-27;6;0.0
5;2025-05-27;7;0.0
5;2025-05-27;8;0.0
5;2025-05-27;9;0.0
5;2025-05-27;10;0.0
5;2025-05-27;11;0.0
5;2025-05-27;12;0.0
5;2025-05-27;13;0.0
5;2025-05-27;14;0.0
5;2025-05-27;15;0.0
5;2025-05-27;16;0.0
5;2025-05-27;17;0.0
5;2025-05-27;18;0.0
5;2025-05-27;19;0.0
5;2025-05-27;20;0.0
5;2025-05-27;21;0.0
5;2025-05-27;22;0.0
5;2025-05-27;23;0.0
5;2025-05-28;0;0.0
5;2025-05-28;1;0.0
5;2025-05-28;2;0.0
5;2025-05-28;3;0.0
5;2025-05-28;4;0.0
5;2025-05-28;5;0.0
5;2025-05-28;6;0.0
5;2025-05-28;7;0.0
5;2025-05-28;8;0.0
5;2025-05-28;9;0.0
5;2025-05-28;10;0.0
5;2025-05-28;11;0.0
5;2025-05-28;12;0.0
5;2025-05-28;13;0.0
5;2025-05-28;14;0.0
5;2025-05-28;15;0.0
5;2025-05-28;16;0.0
5;2025-05-28;17;0.0
5;2025-05-28;18;0.0
5;2025-05-28;19;0.0
5;2025-05-28;20;0.0
5;2025-05-28;21;0.0
5;2025-05-28;22;0.0
5;2025-05-28;23;0.0
5;2025-05-29;0;0.0
5;2025-05-29;1;0.0
5;2025-05-29;2;0.0
5;2025-05-29;3;0.0
5;2025-05-29;4;0.0
5;2025-05-29;5;0.0
5;2025-05-29;6;0.0
5;2025-05-29;7;0.0
5;2025-05-29;8;0.0
5;2025-05-29;9;0.0
5;2025-05-29;10;0.0
5;2025-05-29;11;0.0
5;2025-05-29;12;0.0
5;2025-05-29;13;0.0
5;2025-05-29;14;0.0
5;2025-05-29;15;0.0
5;2025-05-29;16;0.0
5;2025-05-29;17;0.0
5;2025-05-29;18;0.0
5;2025-05-29;19;0.0
5;2025-05-29;20;0.0
5;2025-05-29;21;0.0
5;2025-05-29;22;0.0
5;2025-05-29;23;0.0
5;2025-05-30;0;0.0
5;2025-05-30;1;0.0
5;2025-05-30;2;0.0
5;2025-05-30;3;0.0
5;2025-05-30;4;0.0
5;2025-05-30;5;0.0
5;2025-05-30;6;0.0
5;2025-05-30;7;0.0
5;2025-05-30;8;0.0
5;2025-05-30;9;0.0
5;2025-05-30;10;0.0
5;2025-05-30;11;0.0
5;2025-05-30;12;0.0
5;2025-05-30;13;0.0
5;2025-05-30;14;0.0
5;2025-05-30;15;0.0
5;2025-05-30;16;0.0
5;2025-05-30;17;0.0
5;2025-05-30;18;0.0
5;2025-05-30;19;0.0
5;2025-05-30;20;0.0
5;2025-05-30;21;0.0
5;2025-05-30;22;0.0
5;2025-05-30;23;0.0
5;2025-05-31;0;0.0
5;2025-05-31;1;0.0
5;2025-05-31;2;0.0
5;2025-05-31;3;0.0
5;2025-05-31;4;0.0
5;2025-05-31;5;0.0
5;2025-05-31;6;0.0
5;2025-05-31;7;0.0
5;2025-05-31;8;0.0
5;2025-05-31;9;0.0
5;2025-05-31;10;0.0
5;2025-05-31;11;0.0
5;2025-05-31;12;0.0
5;2025-05-31;13;0.0
5;2025-05-31;14;0.0
5;2025-05-31;15;0.0
5;2025-05-31;16;0.0
5;2025-05-31;17;0.0
5;2025-05-31;18;0.0
5;2025-05-31;19;0.0
5;2025-05-31;20;0.0
5;2025-05-31;21;0.0
5;2025-05-31;22;0.0
5;2025-05-31;23;0.0
5;2025-06-01;0;0.0
5;2025-06-01;1;0.0
5;2025-06-01;2;0.0
5;2025-06-01;3;0.0
5;2025-06-01;4;0.0
5;2025-06-01;5;0.0
5;2025-06-01;6;0.0
5;2025-06-01;7;0.0
5;2025-06-01;8;0.0
5;2025-06-01;9;0.0
5;2025-06-01;10;0.0
5;2025-06-01;11;0.0
5;2025-06-01;12;0.0
5;2025-06-01;13;0.0
5;2025-06-01;14;0.0
5;2025-06-01;15;0.0
5;2025-06-01;16;0.0
5;2025-06-01;17;0.0
5;2025-06-01;18;0.0
5;2025-06-01;19;0.0
5;2025-06-01;20;0.0
5;2025-06-01;21;0.0
5;2025-06-01;22;0.0
5;2025-06-01;23;0.0
5;2025-06-02;0;0.0
5;2025-06-02;1;0.0
5;2025-06-02;2;0.0
5;2025-06-02;3;0.0
5;2025-06-02;4;0.0
5;2025-06-02;5;0.0
5;2025-06-02;6;0.0
5;2025-06-02;7;0.0
5;2025-06-02;8;0.0
5;2025-06-02;9;0.0
5;2025-06-02;10;0.0
5;2025-06-02;11;0.0
5;2025-06-02;12;0.0
5;2025-06-02;13;0.0
5;2025-06-02;14;0.0
5;2025-06-02;15;0.0
5;2025-06-02;16;0.0
5;2025-06-02;17;0.0
5;2025-06-02;18;0.0
5;2025-06-02;19;0.0
5;2025-06-02;20;0.0
5;2025-06-02;21;0.0
5;2025-06-02;22;0.0
5;2025-06-02;23;0.0
5;2025-06-03;0;0.0
5;2025-06-03;1;0.0
5;2025-06-03;2;0.0
5;2025-06-03;3;0.0
5;2025-06-03;4;0.0
5;2025-06-03;5;0.0
5;2025-06-03;6;0.0
5;2025-06-03;7;0.0
5;2025-06-03;8;0.0
5;2025-06-03;9;0.0
5;2025-06-03;10;0.0
5;2025-06-03;11;0.0
5;2025-06-03;12;0.0
5;2025-06-03;13;0.0
5;2025-06-03;14;0.0
5;2025-06-03;15;0.0
5;2025-06-03;16;0.0
5;2025-06-03;17;0.0
5;2025-06-03;18;0.0
5;2025-06-03;19;0.0
5;2025-06-03;20;0.0
5;2025-06-03;21;0.0
5;2025-06-03;22;0.0
5;2025-06-03;23;0.0
5;2025-06-04;0;0.0
5;2025-06-04;1;0.0
5;2025-06-04;2;0.0
5;2025-06-04;3;0.0
5;2025-06-04;4;0.0
5;2025-06-04;5;0.0
5;2025-06-04;6;0.0
5;2025-06-04;7;0.0
5;2025-06-04;8;0.0
5;2025-06-04;9;0.0
5;2025-06-04;10;0.0
5;2025-06-04;11;0.0
5;2025-06-04;12;0.0
5;2025-06-04;13;0.0
5;2025-06-04;14;0.0
5;2025-06-04;15;0.0
5;2025-06-04;16;0.0
5;2025-06-04;17;0.0
5;2025-06-04;18;0.0
5;2025-06-04;19;0.0
5;2025-06-04;20;0.0
5;2025-06-04;21;0.0
5;2025-06-04;22;0.0
5;2025-06-04;23;0.0
5;2025-06-05;0;0.0
5;2025-06-05;1;0.0
5;2025-06-05;2;0.0
5;2025-06-05;3;0.0
5;2025-06-05;4;0.0
5;2025-06-05;5;0.0
5;2025-06-05;6;0.0
5;2025-06-05;7;0.0
5;2025-06-05;8;0.0
5;2025-06-05;9;0.0
5;2025-06-05;10;0.0
5;2025-06-05;11;0.0
5;2025-06-05;12;0.0
5;2025-06-05;13;0.0
5;2025-06-05;14;0.0
5;2025-06-05;15;0.0
5;2025-06-05;16;0.0
5;2025-06-05;17;0.0
5;2025-06-05;18;0.0
5;2025-06-05;19;0.0
5;2025-06-05;20;0.0
5;2025-06-05;21;0.0
5;2025-06-05;22;0.0
5;2025-06-05;23;0.0
5;2025-06-06;0;0.0
5;2025-06-06;1;0.0
5;2025-06-06;2;0.0
5;2025-06-06;3;0.0
5;2025-06-06;4;0.0
5;2025-06-06;5;0.0
5;2025-06-06;6;0.0
5;2025-06-06;7;0.0
5;2025-06-06;8;0.0
5;2025-06-06;9;0.0
5;2025-06-06;10;0.0
5;2025-06-06;11;0.0
5;2025-06-06;12;0.0
5;2025-06-06;13;0.0
5;2025-06-06;14;0.0
5;2025-06-06;15;0.0
5;2025-06-06;16;0.0
5;2025-06-06;17;0.0
5;2025-06-06;18;0.0
5;2025-06-06;19;0.0
5;2025-06-06;20;0.0
5;2025-06-06;21;0.0
5;2025-06-06;22;0.0
5;2025-06-06;23;0.0
5;2025-06-07;0;0.0
5;2025-06-07;1;0.0
5;2025-06-07;2;0.0
5;2025-06-07;3;0.0
5;2025-06-07;4;0.0
5;2025-06-07;5;0.0
5;2025-06-07;6;0.0
5;2025-06-07;7;0.0
5;2025-06-07;8;0.0
5;2025-06-07;9;0.0
5;2025-06-07;10;0.0
5;2025-06-07;11;0.0
5;2025-06-07;12;0.0
5;2025-06-07;13;0.0
5;2025-06-07;14;0.0
5;2025-06-07;15;0.0
5;2025-06-07;16;0.0
5;2025-06-07;17;0.0
5;2025-06-07;18;0.0
5;2025-06-07;19;0.0
5;2025-06-07;20;0.0
5;2025-06-07;21;0.0
5;2025-06-07;22;0.0
5;2025-06-07;23;0.0
5;2025-06-08;0;0.0
5;2025-06-08;1;0.0
5;2025-06-08;2;0.0
5;2025-06-08;3;0.0
5;2025-06-08;4;0.0
5;2025-06-08;5;0.0
5;2025-06-08;6;0.0
5;2025-06-08;7;0.0
5;2025-06-08;8;0.0
5;2025-06-08;9;0.0
5;2025-06-08;10;0.0
5;2025-06-08;11;0.0
5;2025-06-08;12;0.0
5;2025-06-08;13;0.0
5;2025-06-08;14;0.0
5;2025-06-08;15;0.0
5;2025-06-08;16;0.0
5;2025-06-08;17;0.0
5;2025-06-08;18;0.0
5;2025-06-08;19;0.0
5;2025-06-08;20;0.0
5;2025-06-08;21;0.0
5;2025-06-08;22;0.0
5;2025-06-08;23;0.0
5;2025-06-09;0;0.0
5;2025-06-09;1;0.0
5;2025-06-09;2;0.0
5;2025-06-09;3;0.0
5;2025-06-09;4;0.0
5;2025-06-09;5;0.0
5;2025-06-09;6;0.0
5;2025-06-09;7;0.0
5;2025-06-09;8;0.0
5;2025-06-09;9;0.0
5;2025-06-09;10;0.0
5;2025-06-09;11;0.0
5;2025-06-09;12;0.0
5;2025-06-09;13;0.0
5;2025-06-09;14;0.0
5;2025-06-09;15;0.0
5;2025-06-09;16;0.0
5;2025-06-09;17;0.0
5;2025-06-09;18;0.0
5;2025-06-09;19;0.0
5;2025-06-09;20;0.0
5;2025-06-09;21;0.0
5;2025-06-09;22;0.0
5;2025-06-09;23;0.0
5;2025-06-10;0;0.0
5;2025-06-10;1;0.0
5;2025-06-10;2;0.0
5;2025-06-10;3;0.0
5;2025-06-10;4;0.0
5;2025-06-10;5;0.0
5;2025-06-10;6;0.0
5;2025-06-10;7;0.0
5;2025-06-10;8;0.0
5;2025-06-10;9;0.0
5;2025-06-10;10;0.0
5;2025-06-10;11;0.0
5;2025-06-10;12;0.0
5;2025-06-10;13;0.0
5;2025-06-10;14;0.0
5;2025-06-10;15;0.0
5;2025-06-10;16;0.0
5;2025-06-10;17;0.0
5;2025-06-10;18;0.0
5;2025-06-10;19;0.0
5;2025-06-10;20;0.0
5;2025-06-10;21;0.0
5;2025-06-10;22;0.0
5;2025-06-10;23;0.0
5;2025-06-11;0;0.0
5;2025-06-11;1;0.0
5;2025-06-11;2;0.0
5;2025-06-11;3;0.0
5;2025-06-11;4;0.0
5;2025-06-11;5;0.0
5;2025-06-11;6;0.0
5;2025-06-11;7;0.0
5;2025-06-11;8;0.0
5;2025-06-11;9;0.0
5;2025-06-11;10;0.0
5;2025-06-11;11;0.0
5;2025-06-11;12;0.0
5;2025-06-11;13;0.0
5;2025-06-11;14;0.0
5;2025-06-11;15;0.0
5;2025-06-11;16;0.0
5;2025-06-11;17;0.0
5;2025-06-11;18;0.0
5;2025-06-11;19;0.0
5;2025-06-11;20;0.0
5;2025-06-11;21;0.0
5;2025-06-11;22;0.0
5;2025-06-11;23;0.0
5;2025-06-12;0;0.0
5;2025-06-12;1;0.0
5;2025-06-12;2;0.0
5;2025-06-12;3;0.0
5;2025-06-12;4;0.0
5;2025-06-12;5;0.0
5;2025-06-12;6;0.0
5;2025-06-12;7;0.0
5;2025-06-12;8;0.0
5;2025-06-12;9;0.0
5;2025-06-12;10;0.0
5;2025-06-12;11;0.0
5;2025-06-12;12;0.0
5;2025-06-12;13;0.0
5;2025-06-12;14;0.0
5;2025-06-12;15;0.0
5;2025-06-12;16;0.0
5;2025-06-12;17;0.0
5;2025-06-12;18;0.0
5;2025-06-12;19;0.0
5;2025-06-12;20;0.0
5;2025-06-12;21;0.0
5;2025-06-12;22;0.0
5;2025-06-12;23;0.0
5;2025-06-13;0;0.0
5;2025-06-13;1;0.0
5;2025-06-13;2;0.0
5;2025-06-13;3;0.0
5;2025-06-13;4;0.0
5;2025-06-13;5;0.0
5;2025-06-13;6;0.0
5;2025-06-13;7;0.0
5;2025-06-13;8;0.0
5;2025-06-13;9;0.0
5;2025-06-13;10;0.0
5;2025-06-13;11;0.0
5;2025-06-13;12;0.0
5;2025-06-13;13;0.0
5;2025-06-13;14;0.0
5;2025-06-13;15;0.0
5;2025-06-13;16;0.0
5;2025-06-13;17;0.0
5;2025-06-13;18;0.0
5;2025-06-13;19;0.0
5;2025-06-13;20;0.0
5;2025-06-13;21;0.0
5;2025-06-13;22;0.0
5;2025-06-13;23;0.0
5;2025-06-14;0;0.0
5;2025-06-14;1;0.0
5;2025-06-14;2;0.0
5;2025-06-14;3;0.0
5;2025-06-14;4;0.0
5;2025-06-14;5;0.0
5;2025-06-14;6;0.0
5;2025-06-14;7;0.0
5;2025-06-14;8;0.0
5;2025-06-14;9;0.0
5;2025-06-14;10;0.0
5;2025-06-14;11;0.0
5;2025-06-14;12;0.0
5;2025-06-14;13;0.0
5;2025-06-14;14;0.0
5;2025-06-14;15;0.0
5;2025-06-14;16;0.0
5;2025-06-14;17;0.0
5;2025-06-14;18;0.0
5;2025-06-14;19;0.0
5;2025-06-14;20;0.0
5;2025-06-14;21;0.0
5;2025-06-14;22;0.0
5;2025-06-14;23;0.0
5;2025-06-15;0;0.0
5;2025-06-15;1;0.0
5;2025-06-15;2;0.0
5;2025-06-15;3;0.0
5;2025-06-15;4;0.0
5;2025-06-15;5;0.0
5;2025-06-15;6;0.0
5;2025-06-15;7;0.0
5;2025-06-15;8;0.0
5;2025-06-15;9;0.0
5;2025-06-15;10;0.0
5;2025-06-15;11;0.0
5;2025-06-15;12;0.0
5;2025-06-15;13;0.0
5;2025-06-15;14;0.0
5;2025-06-15;15;0.0
5;2025-06-15;16;0.0
5;2025-06-15;17;0.0
5;2025-06-15;18;0.0
5;2025-06-15;19;0.0
5;2025-06-15;20;0.0
5;2025-06-15;21;0.0
5;2025-06-15;22;0.0
5;2025-06-15;23;0.0
5;2025-06-16;0;0.0
5;2025-06-16;1;0.0
5;2025-06-16;2;0.0
5;2025-06-16;3;0.0
5;2025-06-16;4;0.0
5;2025-06-16;5;0.0
5;2025-06-16;6;0.0
5;2025-06-16;7;0.0
5;2025-06-16;8;0.0
5;2025-06-16;9;0.0
5;2025-06-16;10;0.0
5;2025-06-16;11;0.0
5;2025-06-16;12;0.0
5;2025-06-16;13;0.0
5;2025-06-16;14;0.0
5;2025-06-16;15;0.0
5;2025-06-16;16;0.0
5;2025-06-16;17;0.0
5;2025-06-16;18;0.0
5;2025-06-16;19;0.0
5;2025-06-16;20;0.0
5;2025-06-16;21;0.0
5;2025-06-16;22;0.0
5;2025-06-16;23;0.0
5;2025-06-17;0;0.0
5;2025-06-17;1;0.0
5;2025-06-17;2;0.0
5;2025-06-17;3;0.0
5;2025-06-17;4;0.0
5;2025-06-17;5;0.0
5;2025-06-17;6;0.0
5;2025-06-17;7;0.0
5;2025-06-17;8;0.0
5;2025-06-17;9;0.0
5;2025-06-17;10;0.0
5;2025-06-17;11;0.0
5;2025-06-17;12;0.0
5;2025-06-17;13;0.0
5;2025-06-17;14;0.0
5;2025-06-17;15;0.0
5;2025-06-17;16;0.0
5;2025-06-17;17;0.0
5;2025-06-17;18;0.0
5;2025-06-17;19;0.0
5;2025-06-17;20;0.0
5;2025-06-17;21;0.0
5;2025-06-17;22;0.0
5;2025-06-17;23;0.0
5;2025-06-18;0;0.0
5;2025-06-18;1;0.0
5;2025-06-18;2;0.0
5;2025-06-18;3;0.0
5;2025-06-18;4;0.0
5;2025-06-18;5;0.0
5;2025-06-18;6;0.0
5;2025-06-18;7;0.0
5;2025-06-18;8;0.0
5;2025-06-18;9;0.0
5;2025-06-18;10;0.0
5;2025-06-18;11;0.0
5;2025-06-18;12;0.0
5;2025-06-18;13;0.0
5;2025-06-18;14;0.0
5;2025-06-18;15;0.0
5;2025-06-18;16;0.0
5;2025-06-18;17;0.0
5;2025-06-18;18;0.0
5;2025-06-18;19;0.0
5;2025-06-18;20;0.0
5;2025-06-18;21;0.0
5;2025-06-18;22;0.0
5;2025-06-18;23;0.0
5;2025-06-19;0;0.0
5;2025-06-19;1;0.0
5;2025-06-19;2;0.0
5;2025-06-19;3;0.0
5;2025-06-19;4;0.0
5;2025-06-19;5;0.0
5;2025-06-19;6;0.0
5;2025-06-19;7;0.0
5;2025-06-19;8;0.0
5;2025-06-19;9;0.0
5;2025-06-19;10;0.0
5;2025-06-19;11;0.0
5;2025-06-19;12;0.0
5;2025-06-19;13;0.0
5;2025-06-19;14;0.0
5;2025-06-19;15;0.0
5;2025-06-19;16;0.0
5;2025-06-19;17;0.0
5;2025-06-19;18;0.0
5;2025-06-19;19;0.0
5;2025-06-19;20;0.0
5;2025-06-19;21;0.0
5;2025-06-19;22;0.0
5;2025-06-19;23;0.0
5;2025-06-20;0;0.0
5;2025-06-20;1;0.0
5;2025-06-20;2;0.0
5;2025-06-20;3;0.0
5;2025-06-20;4;0.0
5;2025-06-20;5;0.0
5;2025-06-20;6;0.0
5;2025-06-20;7;0.0
5;2025-06-20;8;0.0
5;2025-06-20;9;0.0
5;2025-06-20;10;0.0
5;2025-06-20;11;0.0
5;2025-06-20;12;0.0
5;2025-06-20;13;0.0
5;2025-06-20;14;0.0
5;2025-06-20;15;0.0
5;2025-06-20;16;0.0
5;2025-06-20;17;0.0
5;2025-06-20;18;0.0
5;2025-06-20;19;0.0
5;2025-06-20;20;0.0
5;2025-06-20;21;0.0
5;2025-06-20;22;0.0
5;2025-06-20;23;0.0
5;2025-06-21;0;0.0
5;2025-06-21;1;0.0
5;2025-06-21;2;0.0
5;2025-06-21;3;0.0
5;2025-06-21;4;0.0
5;2025-06-21;5;0.0
5;2025-06-21;6;0.0
5;2025-06-21;7;0.0
5;2025-06-21;8;0.0
5;2025-06-21;9;0.0
5;2025-06-21;10;0.0
5;2025-06-21;11;0.0
5;2025-06-21;12;0.0
5;2025-06-21;13;0.0
5;2025-06-21;14;0.0
5;2025-06-21;15;0.0
5;2025-06-21;16;0.0
5;2025-06-21;17;0.0
5;2025-06-21;18;0.0
5;2025-06-21;19;0.0
5;2025-06-21;20;0.0
5;2025-06-21;21;0.0
5;2025-06-21;22;0.0
5;2025-06-21;23;0.0
5;2025-06-22;0;0.0
5;2025-06-22;1;0.0
5;2025-06-22;2;0.0
5;2025-06-22;3;0.0
5;2025-06-22;4;0.0
5;2025-06-22;5;0.0
5;2025-06-22;6;0.0
5;2025-06-22;7;0.0
5;2025-06-22;8;0.0
5;2025-06-22;9;0.0
5;2025-06-22;10;0.0
5;2025-06-22;11;0.0
5;2025-06-22;12;0.0
5;2025-06-22;13;0.0
5;2025-06-22;14;0.0
5;2025-06-22;15;0.0
5;2025-06-22;16;0.0
5;2025-06-22;17;0.0
5;2025-06-22;18;0.0
5;2025-06-22;19;0.0
5;2025-06-22;20;0.0
5;2025-06-22;21;0.0
5;2025-06-22;22;0.0
5;2025-06-22;23;0.0
5;2025-06-23;0;0.0
5;2025-06-23;1;0.0
5;2025-06-23;2;0.0
5;2025-06-23;3;0.0
5;2025-06-23;4;0.0
5;2025-06-23;5;0.0
5;2025-06-23;6;0.0
5;2025-06-23;7;0.0
5;2025-06-23;8;0.0
5;2025-06-23;9;0.0
5;2025-06-23;10;0.0
5;2025-06-23;11;0.0
5;2025-06-23;12;0.0
5;2025-06-23;13;0.0
5;2025-06-23;14;0.0
5;2025-06-23;15;0.0
5;2025-06-23;16;0.0
5;2025-06-23;17;0.0
5;2025-06-23;18;0.0
5;2025-06-23;19;0.0
5;2025-06-23;20;0.0
5;2025-06-23;21;0.0
5;2025-06-23;22;0.0
5;2025-06-23;23;0.0
5;2025-06-24;0;0.0
5;2025-06-24;1;0.0
5;2025-06-24;2;0.0
5;2025-06-24;3;0.0
5;2025-06-24;4;0.0
5;2025-06-24;5;0.0
5;2025-06-24;6;0.0
5;2025-06-24;7;0.0
5;2025-06-24;8;0.0
5;2025-06-24;9;0.0
5;2025-06-24;10;0.0
5;2025-06-24;11;0.0
5;2025-06-24;12;0.0
5;2025-06-24;13;0.0
5;2025-06-24;14;0.0
5;2025-06-24;15;0.0
5;2025-06-24;16;0.0
5;2025-06-24;17;0.0
5;2025-06-24;18;0.0
5;2025-06-24;19;0.0
5;2025-06-24;20;0.0
5;2025-06-24;21;0.0
5;2025-06-24;22;0.0
5;2025-06-24;23;0.0
5;2025-06-25;0;0.0
5;2025-06-25;1;0.0
5;2025-06-25;2;0.0
5;2025-06-25;3;0.0
5;2025-06-25;4;0.0
5;2025-06-25;5;0.0
5;2025-06-25;6;0.0
5;2025-06-25;7;0.0
5;2025-06-25;8;0.0
5;2025-06-25;9;0.0
5;2025-06-25;10;0.0
5;2025-06-25;11;0.0
5;2025-06-25;12;0.0
5;2025-06-25;13;0.0
5;2025-06-25;14;0.0
5;2025-06-25;15;0.0
5;2025-06-25;16;0.0
5;2025-06-25;17;0.0
5;2025-06-25;18;0.0
5;2025-06-25;19;0.0
5;2025-06-25;20;0.0
5;2025-06-25;21;0.0
5;2025-06-25;22;0.0
5;2025-06-25;23;0.0
5;2025-06-26;0;0.0
5;2025-06-26;1;0.0
5;2025-06-26;2;0.0
5;2025-06-26;3;0.0
5;2025-06-26;4;0.0
5;2025-06-26;5;0.0
5;2025-06-26;6;0.0
5;2025-06-26;7;0.0
5;2025-06-26;8;0.0
5;2025-06-26;9;0.0
5;2025-06-26;10;0.0
5;2025-06-26;11;0.0
5;2025-06-26;12;0.0
5;2025-06-26;13;0.0
5;2025-06-26;14;0.0
5;2025-06-26;15;0.0
5;2025-06-26;16;0.0
5;2025-06-26;17;0.0
5;2025-06-26;18;0.0
5;2025-06-26;19;0.0
5;2025-06-26;20;0.0
5;2025-06-26;21;0.0
5;2025-06-26;22;0.0
5;2025-06-26;23;0.0
5;2025-06-27;0;0.0
5;2025-06-27;1;0.0
5;2025-06-27;2;0.0
5;2025-06-27;3;0.0
5;2025-06-27;4;0.0
5;2025-06-27;5;0.0
5;2025-06-27;6;0.0
5;2025-06-27;7;0.0
5;2025-06-27;8;0.0
5;2025-06-27;9;0.0
5;2025-06-27;10;0.0
5;2025-06-27;11;0.0
5;2025-06-27;12;0.0
5;2025-06-27;13;0.0
5;2025-06-27;14;0.0
5;2025-06-27;15;0.0
5;2025-06-27;16;0.0
5;2025-06-27;17;0.0
5;2025-06-27;18;0.0
5;2025-06-27;19;0.0
5;2025-06-27;20;0.0
5;2025-06-27;21;0.0
5;2025-06-27;22;0.0
5;2025-06-27;23;0.0
5;2025-06-28;0;0.0
5;2025-06-28;1;0.0
5;2025-06-28;2;0.0
5;2025-06-28;3;0.0
5;2025-06-28;4;0.0
5;2025-06-28;5;0.0
5;2025-06-28;6;0.0
5;2025-06-28;7;0.0
5;2025-06-28;8;0.0
5;2025-06-28;9;0.0
5;2025-06-28;10;0.0
5;2025-06-28;11;0.0
5;2025-06-28;12;0.0
5;2025-06-28;13;0.0
5;2025-06-28;14;0.0
5;2025-06-28;15;0.0
5;2025-06-28;16;0.0
5;2025-06-28;17;0.0
5;2025-06-28;18;0.0
5;2025-06-28;19;0.0
5;2025-06-28;20;0.0
5;2025-06-28;21;0.0
5;2025-06-28;22;0.0
5;2025-06-28;23;0.0
5;2025-06-29;0;0.0
5;2025-06-29;1;0.0
5;2025-06-29;2;0.0
5;2025-06-29;3;0.0
5;2025-06-29;4;0.0
5;2025-06-29;5;0.0
5;2025-06-29;6;0.0
5;2025-06-29;7;0.0
5;2025-06-29;8;0.0
5;2025-06-29;9;0.0
5;2025-06-29;10;0.0
5;2025-06-29;11;0.0
5;2025-06-29;12;0.0
5;2025-06-29;13;0.0
5;2025-06-29;14;0.0
5;2025-06-29;15;0.0
5;2025-06-29;16;0.0
5;2025-06-29;17;0.0
5;2025-06-29;18;0.0
5;2025-06-29;19;0.0
5;2025-06-29;20;0.0
5;2025-06-29;21;0.0
5;2025-06-29;22;0.0
5;2025-06-29;23;0.0
5;2025-06-30;0;0.0
5;2025-06-30;1;0.0
5;2025-06-30;2;0.0
5;2025-06-30;3;0.0
5;2025-06-30;4;0.0
5;2025-06-30;5;0.0
5;2025-06-30;6;0.0
5;2025-06-30;7;0.0
5;2025-06-30;8;0.0
5;2025-06-30;9;0.0
5;2025-06-30;10;0.0
5;2025-06-30;11;0.0
5;2025-06-30;12;0.0
5;2025-06-30;13;0.0
5;2025-06-30;14;0.0
5;2025-06-30;15;0.0
5;2025-06-30;16;0.0
5;2025-06-30;17;0.0
5;2025-06-30;18;0.0
5;2025-06-30;19;0.0
5;2025-06-30;20;0.0
5;2025-06-30;21;0.0
5;2025-06-30;22;0.0
5;2025-06-30;23;0.0
5;2025-07-01;0;0.0
5;2025-07-01;1;0.0
5;2025-07-01;2;0.0
5;2025-07-01;3;0.0
5;2025-07-01;4;0.0
5;2025-07-01;5;0.0
5;2025-07-01;6;0.0
5;2025-07-01;7;0.0
5;2025-07-01;8;0.0
5;2025-07-01;9;0.0
5;2025-07-01;10;0.0
5;2025-07-01;11;0.0
5;2025-07-01;12;0.0
5;2025-07-01;13;0.0
5;2025-07-01;14;0.0
5;2025-07-01;15;0.0
5;2025-07-01;16;0.0
5;2025-07-01;17;0.0
5;2025-07-01;18;0.0
5;2025-07-01;19;0.0
5;2025-07-01;20;0.0
5;2025-07-01;21;0.0
5;2025-07-01;22;0.0
5;2025-07-01;23;0.0
5;2025-07-02;0;0.0
5;2025-07-02;1;0.0
5;2025-07-02;2;0.0
5;2025-07-02;3;0.0
5;2025-07-02;4;0.0
5;2025-07-02;5;0.0
5;2025-07-02;6;0.0
5;2025-07-02;7;0.0
5;2025-07-02;8;0.0
5;2025-07-02;9;0.0
5;2025-07-02;10;0.0
5;2025-07-02;11;0.0
5;2025-07-02;12;0.0
5;2025-07-02;13;0.0
5;2025-07-02;14;0.0
5;2025-07-02;15;0.0
5;2025-07-02;16;0.0
5;2025-07-02;17;0.0
5;2025-07-02;18;0.0
5;2025-07-02;19;0.0
5;2025-07-02;20;0.0
5;2025-07-02;21;0.0
5;2025-07-02;22;0.0
5;2025-07-02;23;0.0
5;2025-07-03;0;0.0
5;2025-07-03;1;0.0
5;2025-07-03;2;0.0
5;2025-07-03;3;0.0
5;2025-07-03;4;0.0
5;2025-07-03;5;0.0
5;2025-07-03;6;0.0
5;2025-07-03;7;0.0
5;2025-07-03;8;0.0
5;2025-07-03;9;0.0
5;2025-07-03;10;0.0
5;2025-07-03;11;0.0
5;2025-07-03;12;0.0
5;2025-07-03;13;0.0
5;2025-07-03;14;0.0
5;2025-07-03;15;0.0
5;2025-07-03;16;0.0
5;2025-07-03;17;0.0
5;2025-07-03;18;0.0
5;2025-07-03;19;0.0
5;2025-07-03;20;0.0
5;2025-07-03;21;0.0
5;2025-07-03;22;0.0
5;2025-07-03;23;0.0
5;2025-07-04;0;0.0
5;2025-07-04;1;0.0
5;2025-07-04;2;0.0
5;2025-07-04;3;0.0
5;2025-07-04;4;0.0
5;2025-07-04;5;0.0
5;2025-07-04;6;0.0
5;2025-07-04;7;0.0
5;2025-07-04;8;0.0
5;2025-07-04;9;0.0
5;2025-07-04;10;0.0
5;2025-07-04;11;0.0
5;2025-07-04;12;0.0
5;2025-07-04;13;0.0
5;2025-07-04;14;0.0
5;2025-07-04;15;0.0
5;2025-07-04;16;0.0
5;2025-07-04;17;0.0
5;2025-07-04;18;0.0
5;2025-07-04;19;0.0
5;2025-07-04;20;0.0
5;2025-07-04;21;0.0
5;2025-07-04;22;0.0
5;2025-07-04;23;0.0
5;2025-07-05;0;0.0
5;2025-07-05;1;0.0
5;2025-07-05;2;0.0
5;2025-07-05;3;0.0
5;2025-07-05;4;0.0
5;2025-07-05;5;0.0
5;2025-07-05;6;0.0
5;2025-07-05;7;0.0
5;2025-07-05;8;0.0
5;2025-07-05;9;0.0
5;2025-07-05;10;0.0
5;2025-07-05;11;0.0
5;2025-07-05;12;0.0
5;2025-07-05;13;0.0
5;2025-07-05;14;0.0
5;2025-07-05;15;0.0
5;2025-07-05;16;0.0
5;2025-07-05;17;0.0
5;2025-07-05;18;0.0
5;2025-07-05;19;0.0
5;2025-07-05;20;0.0
5;2025-07-05;21;0.0
5;2025-07-05;22;0.0
5;2025-07-05;23;0.0
5;2025-07-06;0;0.0
5;2025-07-06;1;0.0
5;2025-07-06;2;0.0
5;2025-07-06;3;0.0
5;2025-07-06;4;0.0
5;2025-07-06;5;0.0
5;2025-07-06;6;0.0
5;2025-07-06;7;0.0
5;2025-07-06;8;0.0
5;2025-07-06;9;0.0
5;2025-07-06;10;0.0
5;2025-07-06;11;0.0
5;2025-07-06;12;0.0
5;2025-07-06;13;0.0
5;2025-07-06;14;0.0
5;2025-07-06;15;0.0
5;2025-07-06;16;0.0
5;2025-07-06;17;0.0
5;2025-07-06;18;0.0
5;2025-07-06;19;0.0
5;2025-07-06;20;0.0
5;2025-07-06;21;0.0
5;2025-07-06;22;0.0
5;2025-07-06;23;0.0
5;2025-07-07;0;0.0
5;2025-07-07;1;0.0
5;2025-07-07;2;0.0
5;2025-07-07;3;0.0
5;2025-07-07;4;0.0
5;2025-07-07;5;0.0
5;2025-07-07;6;0.0
5;2025-07-07;7;0.0
5;2025-07-07;8;0.0
5;2025-07-07;9;0.0
5;2025-07-07;10;0.0
5;2025-07-07;11;0.0
5;2025-07-07;12;0.0
5;2025-07-07;13;0.0
5;2025-07-07;14;0.0
5;2025-07-07;15;0.0
5;2025-07-07;16;0.0
5;2025-07-07;17;0.0
5;2025-07-07;18;0.0
5;2025-07-07;19;0.0
5;2025-07-07;20;0.0
5;2025-07-07;21;0.0
5;2025-07-07;22;0.0
5;2025-07-07;23;0.0
5;2025-07-08;0;0.0
5;2025-07-08;1;0.0
5;2025-07-08;2;0.0
5;2025-07-08;3;0.0
5;2025-07-08;4;0.0
5;2025-07-08;5;0.0
5;2025-07-08;6;0.0
5;2025-07-08;7;0.0
5;2025-07-08;8;0.0
5;2025-07-08;9;0.0
5;2025-07-08;10;0.0
5;2025-07-08;11;0.0
5;2025-07-08;12;0.0
5;2025-07-08;13;0.0
5;2025-07-08;14;0.0
5;2025-07-08;15;0.0
5;2025-07-08;16;0.0
5;2025-07-08;17;0.0
5;2025-07-08;18;0.0
5;2025-07-08;19;0.0
5;2025-07-08;20;0.0
5;2025-07-08;21;0.0
5;2025-07-08;22;0.0
5;2025-07-08;23;0.0
5;2025-07-09;0;0.0
5;2025-07-09;1;0.0
5;2025-07-09;2;0.0
5;2025-07-09;3;0.0
5;2025-07-09;4;0.0
5;2025-07-09;5;0.0
5;2025-07-09;6;0.0
5;2025-07-09;7;0.0
5;2025-07-09;8;0.0
5;2025-07-09;9;0.0
5;2025-07-09;10;0.0
5;2025-07-09;11;0.0
5;2025-07-09;12;0.0
5;2025-07-09;13;0.0
5;2025-07-09;14;0.0
5;2025-07-09;15;0.0
5;2025-07-09;16;0.0
5;2025-07-09;17;0.0
5;2025-07-09;18;0.0
5;2025-07-09;19;0.0
5;2025-07-09;20;0.0
5;2025-07-09;21;0.0
5;2025-07-09;22;0.0
5;2025-07-09;23;0.0
5;2025-07-10;0;0.0
5;2025-07-10;1;0.0
5;2025-07-10;2;0.0
5;2025-07-10;3;0.0
5;2025-07-10;4;0.0
5;2025-07-10;5;0.0
5;2025-07-10;6;0.0
5;2025-07-10;7;0.0
5;2025-07-10;8;0.0
5;2025-07-10;9;0.0
5;2025-07-10;10;0.0
5;2025-07-10;11;0.0
5;2025-07-10;12;0.0
5;2025-07-10;13;0.0
5;2025-07-10;14;0.0
5;2025-07-10;15;0.0
5;2025-07-10;16;0.0
5;2025-07-10;17;0.0
5;2025-07-10;18;0.0
5;2025-07-10;19;0.0
5;2025-07-10;20;0.0
5;2025-07-10;21;0.0
5;2025-07-10;22;0.0
5;2025-07-10;23;0.0
5;2025-07-11;0;0.0
5;2025-07-11;1;0.0
5;2025-07-11;2;0.0
5;2025-07-11;3;0.0
5;2025-07-11;4;0.0
5;2025-07-11;5;0.0
5;2025-07-11;6;0.0
5;2025-07-11;7;0.0
5;2025-07-11;8;0.0
5;2025-07-11;9;0.0
5;2025-07-11;10;0.0
5;2025-07-11;11;0.0
5;2025-07-11;12;0.0
5;2025-07-11;13;0.0
5;2025-07-11;14;0.0
5;2025-07-11;15;0.0
5;2025-07-11;16;0.0
5;2025-07-11;17;0.0
5;2025-07-11;18;0.0
5;2025-07-11;19;0.0
5;2025-07-11;20;0.0
5;2025-07-11;21;0.0
5;2025-07-11;22;0.0
5;2025-07-11;23;0.0
5;2025-07-12;0;0.0
5;2025-07-12;1;0.0
5;2025-07-12;2;0.0
5;2025-07-12;3;0.0
5;2025-07-12;4;0.0
5;2025-07-12;5;0.0
5;2025-07-12;6;0.0
5;2025-07-12;7;0.0
5;2025-07-12;8;0.0
5;2025-07-12;9;0.0
5;2025-07-12;10;0.0
5;2025-07-12;11;0.0
5;2025-07-12;12;0.0
5;2025-07-12;13;0.0
5;2025-07-12;14;0.0
5;2025-07-12;15;0.0
5;2025-07-12;16;0.0
5;2025-07-12;17;0.0
5;2025-07-12;18;0.0
5;2025-07-12;19;0.0
5;2025-07-12;20;0.0
5;2025-07-12;21;0.0
5;2025-07-12;22;0.0
5;2025-07-12;23;0.0
5;2025-07-13;0;0.0
5;2025-07-13;1;0.0
5;2025-07-13;2;0.0
5;2025-07-13;3;0.0
5;2025-07-13;4;0.0
5;2025-07-13;5;0.0
5;2025-07-13;6;0.0
5;2025-07-13;7;0.0
5;2025-07-13;8;0.0
5;2025-07-13;9;0.0
5;2025-07-13;10;0.0
5;2025-07-13;11;0.0
5;2025-07-13;12;0.0
5;2025-07-13;13;0.0
5;2025-07-13;14;0.0
5;2025-07-13;15;0.0
5;2025-07-13;16;0.0
5;2025-07-13;17;0.0
5;2025-07-13;18;0.0
5;2025-07-13;19;0.0
5;2025-07-13;20;0.0
5;2025-07-13;21;0.0
5;2025-07-13;22;0.0
5;2025-07-13;23;0.0
5;2025-07-14;0;0.0
5;2025-07-14;1;0.0
5;2025-07-14;2;0.0
5;2025-07-14;3;0.0
5;2025-07-14;4;0.0
5;2025-07-14;5;0.0
5;2025-07-14;6;0.0
5;2025-07-14;7;0.0
5;2025-07-14;8;0.0
5;2025-07-14;9;0.0
5;2025-07-14;10;0.0
5;2025-07-14;11;0.0
5;2025-07-14;12;0.0
5;2025-07-14;13;0.0
5;2025-07-14;14;0.0
5;2025-07-14;15;0.0
5;2025-07-14;16;0.0
5;2025-07-14;17;0.0
5;2025-07-14;18;0.0
5;2025-07-14;19;0.0
5;2025-07-14;20;0.0
5;2025-07-14;21;0.0
5;2025-07-14;22;0.0
5;2025-07-14;23;0.0
7;2025-05-15;0;70.38014766480825
7;2025-05-15;1;0.0
7;2025-05-15;2;0.0
7;2025-05-15;3;0.0
7;2025-05-15;4;0.0
7;2025-05-15;5;133.23573199041508
7;2025-05-15;6;851.5706207102502
7;2025-05-15;7;1840.6873750503564
7;2025-05-15;8;2782.1515125775786
7;2025-05-15;9;1992.8888952805783
7;2025-05-15;10;1757.9093158673518
7;2025-05-15;11;1674.5638616846434
7;2025-05-15;12;1712.0097943515332
7;2025-05-15;13;1704.8215262715999
7;2025-05-15;14;1800.4069459050834
7;2025-05-15;15;1954.9631777642146
7;2025-05-15;16;2106.0888198013004
7;2025-05-15;17;2592.4361260712885
7;2025-05-15;18;2740.1578546572982
7;2025-05-15;19;1904.1709318461526
7;2025-05-15;20;1330.9122851745017
7;2025-05-15;21;796.8075695274867
7;2025-05-15;22;404.6009985427333
7;2025-05-15;23;222.31335120528138
7;2025-05-16;0;68.45742939349793
7;2025-05-16;1;0.0
7;2025-05-16;2;0.0
7;2025-05-16;3;0.0
7;2025-05-16;4;0.0
7;2025-05-16;5;121.09133269746314
7;2025-05-16;6;774.5735898377168
7;2025-05-16;7;1759.1478219283204
7;2025-05-16;8;2523.9464530339965
7;2025-05-16;9;1927.191437327065
7;2025-05-16;10;1666.4836998835276
7;2025-05-16;11;1672.7716382458543
7;2025-05-16;12;1733.4798718528846
7;2025-05-16;13;1787.6760423380215
7;2025-05-16;14;1894.8373390247625
7;2025-05-16;15;2030.7919798265916
7;2025-05-16;16;2205.8674068832524
7;2025-05-16;17;2391.5566039508594
7;2025-05-16;18;2210.265112584821
7;2025-05-16;19;1705.836040757947
7;2025-05-16;20;1246.2916580015285
7;2025-05-16;21;765.5795056812049
7;2025-05-16;22;463.5483241354193
7;2025-05-16;23;240.75891987691946
7;2025-05-17;0;114.47572860308446
7;2025-05-17;1;0.0
7;2025-05-17;2;0.0
7;2025-05-17;3;0.0
7;2025-05-17;4;0.0
7;2025-05-17;5;48.764864997214914
7;2025-05-17;6;366.4409573717186
7;2025-05-17;7;555.8112799655964
7;2025-05-17;8;883.0414581948199
7;2025-05-17;9;952.8318300071667
7;2025-05-17;10;1057.5819541256294
7;2025-05-17;11;1242.1803604339307
7;2025-05-17;12;1372.337165374312
7;2025-05-17;13;1457.9429836836089
7;2025-05-17;14;1520.975320931897
7;2025-05-17;15;1421.61669205657
7;2025-05-17;16;1301.0459519014587
7;2025-05-17;17;1286.8528744694256
7;2025-05-17;18;1201.4287860659908
7;2025-05-17;19;1164.7423818517764
7;2025-05-17;20;927.4095940869895
7;2025-05-17;21;711.6706395495282
7;2025-05-17;22;395.64691490877226
7;2025-05-17;23;231.80492966788157
7;2025-05-18;0;103.87697871815762
7;2025-05-18;1;0.0
7;2025-05-18;2;0.0
7;2025-05-18;3;0.0
7;2025-05-18;4;0.0
7;2025-05-18;5;35.98228375938618
7;2025-05-18;6;250.32409851959386
7;2025-05-18;7;377.1344858451673
7;2025-05-18;8;569.5146897598208
7;2025-05-18;9;698.5851295263942
7;2025-05-18;10;787.1482431745001
7;2025-05-18;11;957.530897778729
7;2025-05-18;12;1071.8181617444989
7;2025-05-18;13;1152.432242327652
7;2025-05-18;14;1235.0034996257696
7;2025-05-18;15;1152.6959815993025
7;2025-05-18;16;1077.0146781216142
7;2025-05-18;17;1078.7798132355267
7;2025-05-18;18;987.8249127220668
7;2025-05-18;19;894.574928144317
7;2025-05-18;20;736.4640085129092
7;2025-05-18;21;566.2490158204029
7;2025-05-18;22;325.2912936344194
7;2025-05-18;23;184.69667492995595
7;2025-05-19;0;73.34691861438914
7;2025-05-19;1;0.0
7;2025-05-19;2;0.0
7;2025-05-19;3;0.0
7;2025-05-19;4;0.0
7;2025-05-19;5;133.09867524909197
7;2025-05-19;6;810.6472170012009
7;2025-05-19;7;1772.9905398253313
7;2025-05-19;8;2592.662603454274
7;2025-05-19;9;1916.4394572417775
7;2025-05-19;10;1619.5078174270702
7;2025-05-19;11;1512.6234495282984
7;2025-05-19;12;1576.7921759994815
7;2025-05-19;13;1584.035840357908
7;2025-05-19;14;1662.1209939884125
7;2025-05-19;15;1832.1618173407355
7;2025-05-19;16;1918.589955715011
7;2025-05-19;17;2386.921441719608
7;2025-05-19;18;2621.228586210419
7;2025-05-19;19;1848.0667658801326
7;2025-05-19;20;1282.6105790819743
7;2025-05-19;21;697.2168322693531
7;2025-05-19;22;365.6245364309935
7;2025-05-19;23;200.9286812974882
7;2025-05-20;0;55.77267688892458
7;2025-05-20;1;0.0
7;2025-05-20;2;0.0
7;2025-05-20;3;0.0
7;2025-05-20;4;0.0
7;2025-05-20;5;130.220882075673
7;2025-05-20;6;806.20109929184
7;2025-05-20;7;1800.8933021507703
7;2025-05-20;8;2600.376743156122
7;2025-05-20;9;1965.0550259905701
7;2025-05-20;10;1720.598150016293
7;2025-05-20;11;1581.5378277785114
7;2025-05-20;12;1621.69570335905
7;2025-05-20;13;1653.5546239056678
7;2025-05-20;14;1728.8822243926722
7;2025-05-20;15;1896.6818152248873
7;2025-05-20;16;1969.667682622837
7;2025-05-20;17;2417.1911810115407
7;2025-05-20;18;2617.2552084296112
7;2025-05-20;19;1915.1654338246763
7;2025-05-20;20;1280.629736754005
7;2025-05-20;21;719.0229116589069
7;2025-05-20;22;360.9722910444998
7;2025-05-20;23;193.877943010332
7;2025-05-21;0;63.11273045822527
7;2025-05-21;1;0.0
7;2025-05-21;2;0.0
7;2025-05-21;3;0.0
7;2025-05-21;4;0.0
7;2025-05-21;5;134.6657126389632
7;2025-05-21;6;825.1026425774936
7;2025-05-21;7;1810.2762313708472
7;2025-05-21;8;2660.8485827764976
7;2025-05-21;9;2001.1057926049057
7;2025-05-21;10;1709.9046822340606
7;2025-05-21;11;1574.8436075037566
7;2025-05-21;12;1648.6637226624484
7;2025-05-21;13;1657.5322646226255
7;2025-05-21;14;1758.7577127396557
7;2025-05-21;15;1946.5338735031287
7;2025-05-21;16;1991.0326068069535
7;2025-05-21;17;2492.5846446235264
7;2025-05-21;18;2553.7633283568157
7;2025-05-21;19;1890.7442159510588
7;2025-05-21;20;1303.3838081557146
7;2025-05-21;21;759.5258794823769
7;2025-05-21;22;406.91417460773306
7;2025-05-21;23;225.84053694411682
7;2025-05-22;0;72.39009199527653
7;2025-05-22;1;0.0
7;2025-05-22;2;0.0
7;2025-05-22;3;0.0
7;2025-05-22;4;0.0
7;2025-05-22;5;133.83613361952473
7;2025-05-22;6;851.1573264329253
7;2025-05-22;7;1854.9774090155142
7;2025-05-22;8;2767.6909156551183
7;2025-05-22;9;2000.2720762687468
7;2025-05-22;10;1751.086909954121
7;2025-05-22;11;1652.51354854949
7;2025-05-22;12;1692.2372170245865
7;2025-05-22;13;1693.6824485041543
7;2025-05-22;14;1785.7181797220242
7;2025-05-22;15;1934.3607006008497
7;2025-05-22;16;2084.8042751195962
7;2025-05-22;17;2573.8970548349243
7;2025-05-22;18;2730.287038015641
7;2025-05-22;19;1906.1055532699743
7;2025-05-22;20;1336.1626965146897
7;2025-05-22;21;798.2320359131215
7;2025-05-22;22;403.4103993766241
7;2025-05-22;23;223.75893701403356
7;2025-05-23;0;69.02596051632523
7;2025-05-23;1;0.0
7;2025-05-23;2;0.0
7;2025-05-23;3;0.0
7;2025-05-23;4;0.0
7;2025-05-23;5;122.75335716734676
7;2025-05-23;6;779.6604182781649
7;2025-05-23;7;1775.5265888646356
7;2025-05-23;8;2528.436915799146
7;2025-05-23;9;1943.390039225907
7;2025-05-23;10;1672.5385097721007
7;2025-05-23;11;1667.826524615366
7;2025-05-23;12;1732.124307748616
7;2025-05-23;13;1797.1609851189257
7;2025-05-23;14;1903.920650892012
7;2025-05-23;15;2036.0667177424748
7;2025-05-23;16;2201.1430755139913
7;2025-05-23;17;2387.832755014796
7;2025-05-23;18;2215.9486898752057
7;2025-05-23;19;1717.7425046869726
7;2025-05-23;20;1262.5130101525313
7;2025-05-23;21;774.4208535322266
7;2025-05-23;22;465.32483558189176
7;2025-05-23;23;244.36803479329126
7;2025-05-24;0;115.32036707884157
7;2025-05-24;1;0.0
7;2025-05-24;2;0.0
7;2025-05-24;3;0.0
7;2025-05-24;4;0.0
7;2025-05-24;5;49.87856538245203
7;2025-05-24;6;368.4664688094124
7;2025-05-24;7;557.8767191781326
7;2025-05-24;8;882.7453487853838
7;2025-05-24;9;958.9619975113346
7;2025-05-24;10;1067.027529450894
7;2025-05-24;11;1251.6282616984727
7;2025-05-24;12;1382.0713126821845
7;2025-05-24;13;1463.823187020168
7;2025-05-24;14;1525.9581831502717
7;2025-05-24;15;1423.2089128747216
7;2025-05-24;16;1296.4415718392027
7;2025-05-24;17;1282.967393036945
7;2025-05-24;18;1203.673185019039
7;2025-05-24;19;1170.8316817235836
7;2025-05-24;20;936.3009681407913
7;2025-05-24;21;716.9369663097522
7;2025-05-24;22;399.4432353279172
7;2025-05-24;23;235.3694178790238
7;2025-05-25;0;107.55671770663446
7;2025-05-25;1;0.0
7;2025-05-25;2;0.0
7;2025-05-25;3;0.0
7;2025-05-25;4;0.0
7;2025-05-25;5;37.632450236041244
7;2025-05-25;6;258.177305122496
7;2025-05-25;7;386.35335054888276
7;2025-05-25;8;581.1877696422273
7;2025-05-25;9;718.4423734799446
7;2025-05-25;10;814.8223019608432
7;2025-05-25;11;990.0460410087451
7;2025-05-25;12;1107.3116498754193
7;2025-05-25;13;1188.6440035519126
7;2025-05-25;14;1272.5521294863065
7;2025-05-25;15;1186.5147159971707
7;2025-05-25;16;1103.0297913345053
7;2025-05-25;17;1101.1480484954586
7;2025-05-25;18;1010.2230294198598
7;2025-05-25;19;919.6755286094105
7;2025-05-25;20;764.3546726925711
7;2025-05-25;21;588.6810335095927
7;2025-05-25;22;339.5592543354636
7;2025-05-25;23;190.5703150062835
7;2025-05-26;0;75.28497978296747
7;2025-05-26;1;0.0
7;2025-05-26;2;0.0
7;2025-05-26;3;0.0
7;2025-05-26;4;0.0
7;2025-05-26;5;137.1704477556448
7;2025-05-26;6;830.7095163329509
7;2025-05-26;7;1830.561419568944
7;2025-05-26;8;2663.4144654168504
7;2025-05-26;9;1970.8909463032946
7;2025-05-26;10;1652.6630517980261
7;2025-05-26;11;1538.3847359941333
7;2025-05-26;12;1601.6483606123622
7;2025-05-26;13;1612.2919222565274
7;2025-05-26;14;1689.297978780771
7;2025-05-26;15;1858.9584404157786
7;2025-05-26;16;1938.0830601507714
7;2025-05-26;17;2412.665202168722
7;2025-05-26;18;2652.411824849305
7;2025-05-26;19;1879.6596209478644
7;2025-05-26;20;1315.0443129797616
7;2025-05-26;21;717.1095945366337
7;2025-05-26;22;376.928515140409
7;2025-05-26;23;203.21329714312657
7;2025-05-27;0;58.11992391261956
7;2025-05-27;1;0.0
7;2025-05-27;2;0.0
7;2025-05-27;3;0.0
7;2025-05-27;4;0.0
7;2025-05-27;5;136.31718724424005
7;2025-05-27;6;837.4310120168764
7;2025-05-27;7;1866.4496150670307
7;2025-05-27;8;2695.1070708362467
7;2025-05-27;9;2035.4544528263018
7;2025-05-27;10;1777.7644839665402
7;2025-05-27;11;1633.2013241086393
7;2025-05-27;12;1675.0441451179868
7;2025-05-27;13;1700.6477773127492
7;2025-05-27;14;1780.1244575874036
7;2025-05-27;15;1960.7543139875686
7;2025-05-27;16;2022.2825262909057
7;2025-05-27;17;2469.3101109576687
7;2025-05-27;18;2674.2446635299393
7;2025-05-27;19;1961.4334682810277
7;2025-05-27;20;1332.0081964068627
7;2025-05-27;21;755.3924174562728
7;2025-05-27;22;384.98615818742735
7;2025-05-27;23;199.81585502114325
7;2025-05-28;0;64.86350907152202
7;2025-05-28;1;0.0
7;2025-05-28;2;0.0
7;2025-05-28;3;0.0
7;2025-05-28;4;0.0
7;2025-05-28;5;140.5948572238918
7;2025-05-28;6;856.8610951163241
7;2025-05-28;7;1873.2278304158003
7;2025-05-28;8;2755.7892503313055
7;2025-05-28;9;2071.162567995503
7;2025-05-28;10;1764.9874318262046
7;2025-05-28;11;1623.0734051629306
7;2025-05-28;12;1700.5401657236814
7;2025-05-28;13;1697.4909670717373
7;2025-05-28;14;1803.733497692725
7;2025-05-28;15;1999.465376984857
7;2025-05-28;16;2033.9586113694231
7;2025-05-28;17;2550.901410505181
7;2025-05-28;18;2610.5814706877622
7;2025-05-28;19;1934.3503547686828
7;2025-05-28;20;1346.3957768382033
7;2025-05-28;21;786.2589313295584
7;2025-05-28;22;421.6149233062781
7;2025-05-28;23;231.80153348248973
7;2025-05-29;0;72.23509889459062
7;2025-05-29;1;0.0
7;2025-05-29;2;0.0
7;2025-05-29;3;0.0
7;2025-05-29;4;0.0
7;2025-05-29;5;133.68864124958677
7;2025-05-29;6;846.055619574686
7;2025-05-29;7;1847.4830826902644
7;2025-05-29;8;2758.9634097827225
7;2025-05-29;9;1997.5334580538192
7;2025-05-29;10;1737.9263419351582
7;2025-05-29;11;1635.9283789786368
7;2025-05-29;12;1672.5804683091242
7;2025-05-29;13;1668.377825241771
7;2025-05-29;14;1758.3943975929096
7;2025-05-29;15;1906.5267904874206
7;2025-05-29;16;2058.660382224137
7;2025-05-29;17;2555.0987751954826
7;2025-05-29;18;2698.3377425837652
7;2025-05-29;19;1885.2399152438138
7;2025-05-29;20;1327.4430069843897
7;2025-05-29;21;793.6221358831287
7;2025-05-29;22;401.80272150639325
7;2025-05-29;23;224.8699561253071
7;2025-05-30;0;68.93374697243061
7;2025-05-30;1;0.0
7;2025-05-30;2;0.0
7;2025-05-30;3;0.0
7;2025-05-30;4;0.0
7;2025-05-30;5;122.9368379280944
7;2025-05-30;6;776.6036831154345
7;2025-05-30;7;1770.208325731769
7;2025-05-30;8;2526.566461463325
7;2025-05-30;9;1947.3753064709122
7;2025-05-30;10;1666.0941522043954
7;2025-05-30;11;1656.0509405851917
7;2025-05-30;12;1714.625575068975
7;2025-05-30;13;1776.3185183475325
7;2025-05-30;14;1879.486436277458
7;2025-05-30;15;2007.2617861530853
7;2025-05-30;16;2176.124207182253
7;2025-05-30;17;2361.2469534273278
7;2025-05-30;18;2192.1463150495642
7;2025-05-30;19;1703.8041872408453
7;2025-05-30;20;1254.1820351082042
7;2025-05-30;21;768.1797049646773
7;2025-05-30;22;462.01862135910164
7;2025-05-30;23;243.41702933141454
7;2025-05-31;0;113.61729324609715
7;2025-05-31;1;0.0
7;2025-05-31;2;0.0
7;2025-05-31;3;0.0
7;2025-05-31;4;0.0
7;2025-05-31;5;49.1652944338944
7;2025-05-31;6;362.09908075581825
7;2025-05-31;7;543.2955453746148
7;2025-05-31;8;846.9814564883338
7;2025-05-31;9;947.5886521894957
7;2025-05-31;10;1049.1596966653824
7;2025-05-31;11;1231.0121930673504
7;2025-05-31;12;1358.5092758157086
7;2025-05-31;13;1437.0180794545772
7;2025-05-31;14;1496.1792507585933
7;2025-05-31;15;1389.8283799335895
7;2025-05-31;16;1266.3325004806582
7;2025-05-31;17;1255.696627944688
7;2025-05-31;18;1184.7504053080033
7;2025-05-31;19;1154.346694655606
7;2025-05-31;20;925.2163202842114
7;2025-05-31;21;706.4275529534412
7;2025-05-31;22;393.9349237140091
7;2025-05-31;23;231.8940861320508
7;2025-06-01;0;104.56921140050366
7;2025-06-01;1;0.0
7;2025-06-01;2;0.0
7;2025-06-01;3;0.0
7;2025-06-01;4;0.0
7;2025-06-01;5;36.616591991731475
7;2025-06-01;6;249.57953687757762
7;2025-06-01;7;375.49844575422304
7;2025-06-01;8;564.0707947429802
7;2025-06-01;9;702.3659173916026
7;2025-06-01;10;790.4572231361988
7;2025-06-01;11;961.1190154376305
7;2025-06-01;12;1075.1744024046711
7;2025-06-01;13;1154.4652428446796
7;2025-06-01;14;1234.417905674385
7;2025-06-01;15;1147.1794731171542
7;2025-06-01;16;1069.320606420674
7;2025-06-01;17;1064.793319067844
7;2025-06-01;18;980.3652893753285
7;2025-06-01;19;891.6038668266631
7;2025-06-01;20;743.1900957078153
7;2025-06-01;21;571.6658287582627
7;2025-06-01;22;329.2793653089305
7;2025-06-01;23;184.93449656536552
7;2025-06-02;0;73.67189770307822
7;2025-06-02;1;0.0
7;2025-06-02;2;0.0
7;2025-06-02;3;0.0
7;2025-06-02;4;0.0
7;2025-06-02;5;133.90716256786908
7;2025-06-02;6;802.2080188730685
7;2025-06-02;7;1776.4808049541493
7;2025-06-02;8;2577.7014427560407
7;2025-06-02;9;1922.1071477682153
7;2025-06-02;10;1613.1911289644127
7;2025-06-02;11;1500.9035043124527
7;2025-06-02;12;1566.2762353178546
7;2025-06-02;13;1573.4310625696871
7;2025-06-02;14;1647.798179185088
7;2025-06-02;15;1807.6660015480593
7;2025-06-02;16;1885.6015371921653
7;2025-06-02;17;2358.706181258519
7;2025-06-02;18;2600.901130624664
7;2025-06-02;19;1838.7006178807947
7;2025-06-02;20;1290.2006589948728
7;2025-06-02;21;702.5997642745618
7;2025-06-02;22;370.24493569129606
7;2025-06-02;23;199.75416011249882
7;2025-06-03;0;56.294875852593165
7;2025-06-03;1;0.0
7;2025-06-03;2;0.0
7;2025-06-03;3;0.0
7;2025-06-03;4;0.0
7;2025-06-03;5;131.24475509738642
7;2025-06-03;6;799.0999780906773
7;2025-06-03;7;1793.7087260113426
7;2025-06-03;8;2581.0742971563645
7;2025-06-03;9;1966.6990111131836
7;2025-06-03;10;1721.7595142466037
7;2025-06-03;11;1582.1391183708906
7;2025-06-03;12;1626.436888474124
7;2025-06-03;13;1644.5000337202544
7;2025-06-03;14;1720.23368010472
7;2025-06-03;15;1888.7636248515232
7;2025-06-03;16;1947.974419257118
7;2025-06-03;17;2395.1016316353353
7;2025-06-03;18;2593.1056949670847
7;2025-06-03;19;1896.8103468747931
7;2025-06-03;20;1295.8122885022835
7;2025-06-03;21;732.397436844836
7;2025-06-03;22;373.08668029278886
7;2025-06-03;23;197.24680662701692
7;2025-06-04;0;63.83905745902662
7;2025-06-04;1;0.0
7;2025-06-04;2;0.0
7;2025-06-04;3;0.0
7;2025-06-04;4;0.0
7;2025-06-04;5;137.6706039879541
7;2025-06-04;6;830.022550551108
7;2025-06-04;7;1828.1957121894984
7;2025-06-04;8;2681.6376297357974
7;2025-06-04;9;2028.198071665974
7;2025-06-04;10;1731.407080414886
7;2025-06-04;11;1591.7511943447732
7;2025-06-04;12;1672.0116746538956
7;2025-06-04;13;1667.1124587918903
7;2025-06-04;14;1769.8918826371969
7;2025-06-04;15;1955.0497493614175
7;2025-06-04;16;1991.0491032498512
7;2025-06-04;17;2503.3726118348036
7;2025-06-04;18;2568.960731669231
7;2025-06-04;19;1898.0797007168972
7;2025-06-04;20;1326.65916728483
7;2025-06-04;21;773.7143998270495
7;2025-06-04;22;415.4802361636209
7;2025-06-04;23;228.42612302487987
7;2025-06-05;0;71.74057837906118
7;2025-06-05;1;0.0
7;2025-06-05;2;0.0
7;2025-06-05;3;0.0
7;2025-06-05;4;0.0
7;2025-06-05;5;132.3519491452961
7;2025-06-05;6;828.8490303357713
7;2025-06-05;7;1815.7375920319923
7;2025-06-05;8;2704.094167731318
7;2025-06-05;9;1971.5163630312402
7;2025-06-05;10;1719.2553797176342
7;2025-06-05;11;1618.8326101662801
7;2025-06-05;12;1660.1076639225012
7;2025-06-05;13;1654.6873585868848
7;2025-06-05;14;1741.6914671031182
7;2025-06-05;15;1880.2060501022522
7;2025-06-05;16;2032.116171108224
7;2025-06-05;17;2523.167135688348
7;2025-06-05;18;2670.2890480910432
7;2025-06-05;19;1862.0036040351633
7;2025-06-05;20;1318.0059732561826
7;2025-06-05;21;787.2313182970281
7;2025-06-05;22;398.87476614865375
7;2025-06-05;23;223.40793721547118
7;2025-06-06;0;67.80397683917599
7;2025-06-06;1;0.0
7;2025-06-06;2;0.0
7;2025-06-06;3;0.0
7;2025-06-06;4;0.0
7;2025-06-06;5;120.385916452526
7;2025-06-06;6;752.5789609255739
7;2025-06-06;7;1731.430156777954
7;2025-06-06;8;2463.4704877315858
7;2025-06-06;9;1907.963413076423
7;2025-06-06;10;1636.1326687069147
7;2025-06-06;11;1627.445891469803
7;2025-06-06;12;1689.1181641874887
7;2025-06-06;13;1747.3796562551033
7;2025-06-06;14;1848.709824581215
7;2025-06-06;15;1970.274643829342
7;2025-06-06;16;2134.1789914735555
7;2025-06-06;17;2321.086849737162
7;2025-06-06;18;2157.545587022876
7;2025-06-06;19;1671.104059003167
7;2025-06-06;20;1237.2806025446953
7;2025-06-06;21;757.4489781308066
7;2025-06-06;22;455.8181309638903
7;2025-06-06;23;241.37316794551725
7;2025-06-07;0;108.7690433964969
7;2025-06-07;1;0.0
7;2025-06-07;2;0.0
7;2025-06-07;3;0.0
7;2025-06-07;4;0.0
7;2025-06-07;5;48.08460667058828
7;2025-06-07;6;345.2318295714978
7;2025-06-07;7;518.9525331560496
7;2025-06-07;8;805.6219587698404
7;2025-06-07;9;900.830979889135
7;2025-06-07;10;998.384525665016
7;2025-06-07;11;1173.2817208650117
7;2025-06-07;12;1287.9981449326665
7;2025-06-07;13;1361.9699150949386
7;2025-06-07;14;1419.2751956732782
7;2025-06-07;15;1318.8965065650575
7;2025-06-07;16;1208.3178291004983
7;2025-06-07;17;1197.9062876520875
7;2025-06-07;18;1130.5570986541225
7;2025-06-07;19;1100.5079675271886
7;2025-06-07;20;880.2864302888136
7;2025-06-07;21;669.0999726492325
7;2025-06-07;22;372.9098848889895
7;2025-06-07;23;222.03102774305412
7;2025-06-08;0;100.47399341588392
7;2025-06-08;1;0.0
7;2025-06-08;2;0.0
7;2025-06-08;3;0.0
7;2025-06-08;4;0.0
7;2025-06-08;5;35.93859729048269
7;2025-06-08;6;250.5149452413818
7;2025-06-08;7;379.5206162828432
7;2025-06-08;8;549.187774886423
7;2025-06-08;9;676.627783053829
7;2025-06-08;10;761.1077214219563
7;2025-06-08;11;925.4160346219256
7;2025-06-08;12;1028.7165405236024
7;2025-06-08;13;1100.880665705628
7;2025-06-08;14;1178.0794582586109
7;2025-06-08;15;1093.9070241053328
7;2025-06-08;16;1025.555705209137
7;2025-06-08;17;1025.5958727712418
7;2025-06-08;18;946.9771248203866
7;2025-06-08;19;862.6519409138564
7;2025-06-08;20;715.8453285663361
7;2025-06-08;21;548.5516968976854
7;2025-06-08;22;316.0539497012509
7;2025-06-08;23;181.01593754115288
7;2025-06-09;0;72.83638726528054
7;2025-06-09;1;0.0
7;2025-06-09;2;0.0
7;2025-06-09;3;0.0
7;2025-06-09;4;0.0
7;2025-06-09;5;131.18622184637857
7;2025-06-09;6;784.423155073304
7;2025-06-09;7;1747.2543361986945
7;2025-06-09;8;2534.9802142233993
7;2025-06-09;9;1889.696827701575
7;2025-06-09;10;1584.0812373227468
7;2025-06-09;11;1473.5576028369967
7;2025-06-09;12;1538.4282574843864
7;2025-06-09;13;1543.3275171058626
7;2025-06-09;14;1616.6539447334794
7;2025-06-09;15;1774.1646420240322
7;2025-06-09;16;1851.0905589828158
7;2025-06-09;17;2317.608117862298
7;2025-06-09;18;2544.988646928128
7;2025-06-09;19;1798.2534767205216
7;2025-06-09;20;1269.361481699883
7;2025-06-09;21;689.838555214129
7;2025-06-09;22;362.39246603125946
7;2025-06-09;23;199.50737528116923
7;2025-06-10;0;57.314680079907326
7;2025-06-10;1;0.0
7;2025-06-10;2;0.0
7;2025-06-10;3;0.0
7;2025-06-10;4;0.0
7;2025-06-10;5;132.5046158514964
7;2025-06-10;6;806.3884782901832
7;2025-06-10;7;1818.2235032255996
7;2025-06-10;8;2617.420275118039
7;2025-06-10;9;1983.464215453907
7;2025-06-10;10;1736.5295369025548
7;2025-06-10;11;1595.7681680680776
7;2025-06-10;12;1642.0661581501067
7;2025-06-10;13;1665.760136918413
7;2025-06-10;14;1743.7963496051523
7;2025-06-10;15;1916.2772216040498
7;2025-06-10;16;1975.835324005077
7;2025-06-10;17;2415.5215347946923
7;2025-06-10;18;2614.3190135712366
7;2025-06-10;19;1910.5470171161808
7;2025-06-10;20;1296.0427850196106
7;2025-06-10;21;728.2414742144141
7;2025-06-10;22;375.9636801434701
7;2025-06-10;23;196.93249853953913
7;2025-06-11;0;63.513122337086614
7;2025-06-11;1;0.0
7;2025-06-11;2;0.0
7;2025-06-11;3;0.0
7;2025-06-11;4;0.0
7;2025-06-11;5;135.775468502862
7;2025-06-11;6;823.4662642638484
7;2025-06-11;7;1815.3101887016458
7;2025-06-11;8;2656.609794468642
7;2025-06-11;9;2011.5268853645775
7;2025-06-11;10;1717.778625038915
7;2025-06-11;11;1580.9726327324806
7;2025-06-11;12;1661.1242795449743
7;2025-06-11;13;1653.5116353671187
7;2025-06-11;14;1756.169184760663
7;2025-06-11;15;1936.1491912375516
7;2025-06-11;16;1966.664633768026
7;2025-06-11;17;2473.544007674641
7;2025-06-11;18;2525.2583233171927
7;2025-06-11;19;1864.0675704136752
7;2025-06-11;20;1298.3215702467946
7;2025-06-11;21;751.4592791407651
7;2025-06-11;22;410.1504547524702
7;2025-06-11;23;226.77799912115708
7;2025-06-12;0;100.34589263803
7;2025-06-12;1;0.0
7;2025-06-12;2;0.0
7;2025-06-12;3;0.0
7;2025-06-12;4;0.0
7;2025-06-12;5;38.12967714249534
7;2025-06-12;6;273.80369825864045
7;2025-06-12;7;409.0743016194141
7;2025-06-12;8;597.4765404854345
7;2025-06-12;9;705.5413335196309
7;2025-06-12;10;796.2368687256424
7;2025-06-12;11;936.67225032687
7;2025-06-12;12;1079.2212603852358
7;2025-06-12;13;1161.5955937792796
7;2025-06-12;14;1232.976324370097
7;2025-06-12;15;1150.0967103296884
7;2025-06-12;16;1071.2955298054887
7;2025-06-12;17;1064.0068367786325
7;2025-06-12;18;999.1815618824619
7;2025-06-12;19;946.2405619181361
7;2025-06-12;20;773.6552784304331
7;2025-06-12;21;596.3268075491385
7;2025-06-12;22;347.78445957497536
7;2025-06-12;23;198.2495629742105
7;2025-06-13;0;94.73640671784312
7;2025-06-13;1;0.0
7;2025-06-13;2;0.0
7;2025-06-13;3;0.0
7;2025-06-13;4;0.0
7;2025-06-13;5;38.22548985170208
7;2025-06-13;6;273.8311792371905
7;2025-06-13;7;408.51341786724026
7;2025-06-13;8;577.8464867996258
7;2025-06-13;9;675.1164317693613
7;2025-06-13;10;761.9564405267603
7;2025-06-13;11;891.0016528255326
7;2025-06-13;12;1022.3210542347992
7;2025-06-13;13;1096.960007126086
7;2025-06-13;14;1163.6029814145331
7;2025-06-13;15;1080.7669988050184
7;2025-06-13;16;1013.8361447059466
7;2025-06-13;17;1009.1226211557437
7;2025-06-13;18;949.0584912419656
7;2025-06-13;19;901.7522165536113
7;2025-06-13;20;731.1186149801571
7;2025-06-13;21;564.7498643016746
7;2025-06-13;22;327.7690824610324
7;2025-06-13;23;188.81293271454965
7;2025-06-14;0;106.70601513164287
7;2025-06-14;1;0.0
7;2025-06-14;2;0.0
7;2025-06-14;3;0.0
7;2025-06-14;4;0.0
7;2025-06-14;5;48.09507850380497
7;2025-06-14;6;340.5870883975633
7;2025-06-14;7;513.3812980016812
7;2025-06-14;8;794.5495214164414
7;2025-06-14;9;888.3223489124039
7;2025-06-14;10;983.8720553028525
7;2025-06-14;11;1152.6885871639238
7;2025-06-14;12;1266.1372008873236
7;2025-06-14;13;1338.0566060235524
7;2025-06-14;14;1393.9076198975636
7;2025-06-14;15;1292.640709699952
7;2025-06-14;16;1184.989362169129
7;2025-06-14;17;1170.0137975032067
7;2025-06-14;18;1095.8598591946948
7;2025-06-14;19;1067.1120845211863
7;2025-06-14;20;852.9597764109708
7;2025-06-14;21;646.6543583273616
7;2025-06-14;22;363.46714711499556
7;2025-06-14;23;216.05713175632695
7;2025-06-15;0;98.56776999524249
7;2025-06-15;1;0.0
7;2025-06-15;2;0.0
7;2025-06-15;3;0.0
7;2025-06-15;4;0.0
7;2025-06-15;5;35.28907750298271
7;2025-06-15;6;247.80821810890976
7;2025-06-15;7;378.67894691945594
7;2025-06-15;8;547.9855795229214
7;2025-06-15;9;670.1854617500837
7;2025-06-15;10;754.980289156619
7;2025-06-15;11;916.415637154761
7;2025-06-15;12;1019.0269443101317
7;2025-06-15;13;1090.3403250870929
7;2025-06-15;14;1166.1739349580653
7;2025-06-15;15;1078.9651381760154
7;2025-06-15;16;1012.9288032483626
7;2025-06-15;17;1008.8223451452077
7;2025-06-15;18;926.9118912317632
7;2025-06-15;19;843.5821515751624
7;2025-06-15;20;697.4386540509573
7;2025-06-15;21;532.4011555592947
7;2025-06-15;22;308.4041389204757
7;2025-06-15;23;177.8675673169438
7;2025-06-16;0;73.40115943286138
7;2025-06-16;1;0.0
7;2025-06-16;2;0.0
7;2025-06-16;3;0.0
7;2025-06-16;4;0.0
7;2025-06-16;5;131.19605455396584
7;2025-06-16;6;785.0738173653051
7;2025-06-16;7;1756.5762416298521
7;2025-06-16;8;2543.8033856950497
7;2025-06-16;9;1893.9382691526819
7;2025-06-16;10;1589.1789462818376
7;2025-06-16;11;1479.206481507392
7;2025-06-16;12;1545.6296010633655
7;2025-06-16;13;1551.1684992840446
7;2025-06-16;14;1626.2004120788206
7;2025-06-16;15;1785.9634591452364
7;2025-06-16;16;1859.2985577071108
7;2025-06-16;17;2324.8415485483465
7;2025-06-16;18;2548.000414357445
7;2025-06-16;19;1798.0105212660942
7;2025-06-16;20;1265.131676173084
7;2025-06-16;21;682.7594618320524
7;2025-06-16;22;362.87177479611614
7;2025-06-16;23;200.34274198847444
7;2025-06-17;0;54.63254915525856
7;2025-06-17;1;0.0
7;2025-06-17;2;0.0
7;2025-06-17;3;0.0
7;2025-06-17;4;0.0
7;2025-06-17;5;126.76403688595195
7;2025-06-17;6;758.7440298657725
7;2025-06-17;7;1709.7815939347433
7;2025-06-17;8;2453.8828154391435
7;2025-06-17;9;1870.3723212702307
7;2025-06-17;10;1629.3448111715343
7;2025-06-17;11;1491.8361172436348
7;2025-06-17;12;1530.5491767598057
7;2025-06-17;13;1548.515800884783
7;2025-06-17;14;1617.2799845954
7;2025-06-17;15;1771.4163261123363
7;2025-06-17;16;1836.7317907063052
7;2025-06-17;17;2264.0800039704563
7;2025-06-17;18;2438.7908264234793
7;2025-06-17;19;1789.58574750757
7;2025-06-17;20;1211.2445777850644
7;2025-06-17;21;674.9599948129891
7;2025-06-17;22;346.01034924742316
7;2025-06-17;23;186.8470978089327
7;2025-06-18;0;60.90021957649177
7;2025-06-18;1;0.0
7;2025-06-18;2;0.0
7;2025-06-18;3;0.0
7;2025-06-18;4;0.0
7;2025-06-18;5;130.0274653932997
7;2025-06-18;6;781.0458671413967
7;2025-06-18;7;1733.42794641999
7;2025-06-18;8;2535.9329048228246
7;2025-06-18;9;1919.320839347702
7;2025-06-18;10;1631.2382154597265
7;2025-06-18;11;1500.2003918743294
7;2025-06-18;12;1570.3484027615987
7;2025-06-18;13;1564.3372345997468
7;2025-06-18;14;1658.468300089859
7;2025-06-18;15;1827.8823087171959
7;2025-06-18;16;1867.7200067900772
7;2025-06-18;17;2360.368599936649
7;2025-06-18;18;2408.643776440827
7;2025-06-18;19;1784.1582465802965
7;2025-06-18;20;1234.3446350266568
7;2025-06-18;21;710.4863405113985
7;2025-06-18;22;387.1071453544047
7;2025-06-18;23;216.05399393379952
7;2025-06-19;0;68.95321851451556
7;2025-06-19;1;0.0
7;2025-06-19;2;0.0
7;2025-06-19;3;0.0
7;2025-06-19;4;0.0
7;2025-06-19;5;125.7970865625376
7;2025-06-19;6;787.8684635073073
7;2025-06-19;7;1741.1212922629143
7;2025-06-19;8;2600.2063638714353
7;2025-06-19;9;1886.925062410383
7;2025-06-19;10;1650.2010544811983
7;2025-06-19;11;1555.039299363138
7;2025-06-19;12;1596.8698988098822
7;2025-06-19;13;1587.846936290961
7;2025-06-19;14;1672.3294554116387
7;2025-06-19;15;1801.9416778519278
7;2025-06-19;16;1949.127227597994
7;2025-06-19;17;2409.452682822177
7;2025-06-19;18;2526.499660849002
7;2025-06-19;19;1757.8715099893716
7;2025-06-19;20;1238.5963755696764
7;2025-06-19;21;731.2645958060984
7;2025-06-19;22;374.11285503624924
7;2025-06-19;23;215.0229088350847
7;2025-06-20;0;63.72754366711546
7;2025-06-20;1;0.0
7;2025-06-20;2;0.0
7;2025-06-20;3;0.0
7;2025-06-20;4;0.0
7;2025-06-20;5;115.25496805905092
7;2025-06-20;6;729.2886149997557
7;2025-06-20;7;1670.3936952584938
7;2025-06-20;8;2365.8131083836906
7;2025-06-20;9;1828.5476098126908
7;2025-06-20;10;1568.533088135335
7;2025-06-20;11;1561.3718985145242
7;2025-06-20;12;1619.000926013401
7;2025-06-20;13;1668.9519274315808
7;2025-06-20;14;1765.7561792460824
7;2025-06-20;15;1877.982976499568
7;2025-06-20;16;2039.4285917915524
7;2025-06-20;17;2209.0325302309075
7;2025-06-20;18;2039.4699733015027
7;2025-06-20;19;1581.0299006889918
7;2025-06-20;20;1160.193926038814
7;2025-06-20;21;701.7167088000156
7;2025-06-20;22;428.1688572268181
7;2025-06-20;23;226.84921026776988
7;2025-06-21;0;109.72535371412937
7;2025-06-21;1;0.0
7;2025-06-21;2;0.0
7;2025-06-21;3;0.0
7;2025-06-21;4;0.0
7;2025-06-21;5;47.54957978002549
7;2025-06-21;6;348.85922476787346
7;2025-06-21;7;534.0867784933752
7;2025-06-21;8;834.3656338353786
7;2025-06-21;9;921.7524146359033
7;2025-06-21;10;1022.8962267304298
7;2025-06-21;11;1198.571214701407
7;2025-06-21;12;1326.350416480157
7;2025-06-21;13;1403.8391903807476
7;2025-06-21;14;1461.449279360661
7;2025-06-21;15;1353.9154370597473
7;2025-06-21;16;1234.1669785163153
7;2025-06-21;17;1211.8862947318382
7;2025-06-21;18;1127.8278401778525
7;2025-06-21;19;1098.5615812379297
7;2025-06-21;20;887.9435896561488
7;2025-06-21;21;676.4769852957487
7;2025-06-21;22;380.8168248984466
7;2025-06-21;23;225.00206156112455
7;2025-06-22;0;98.23218964896807
7;2025-06-22;1;0.0
7;2025-06-22;2;0.0
7;2025-06-22;3;0.0
7;2025-06-22;4;0.0
7;2025-06-22;5;35.32411808643114
7;2025-06-22;6;248.4107140739726
7;2025-06-22;7;381.17375857133334
7;2025-06-22;8;552.9441061964756
7;2025-06-22;9;675.4781111424472
7;2025-06-22;10;759.3347861511052
7;2025-06-22;11;920.5883798348644
7;2025-06-22;12;1023.8240521237869
7;2025-06-22;13;1094.143020013331
7;2025-06-22;14;1169.3641594495762
7;2025-06-22;15;1080.571501920303
7;2025-06-22;16;1014.2521261650886
7;2025-06-22;17;1008.0989472010438
7;2025-06-22;18;922.6639132622166
7;2025-06-22;19;841.4712608696012
7;2025-06-22;20;698.9275077504984
7;2025-06-22;21;533.4159764305714
7;2025-06-22;22;309.0707011104521
7;2025-06-22;23;178.71763150639413
7;2025-06-23;0;73.37273245178437
7;2025-06-23;1;0.0
7;2025-06-23;2;0.0
7;2025-06-23;3;0.0
7;2025-06-23;4;0.0
7;2025-06-23;5;131.77934523038493
7;2025-06-23;6;782.8355375986773
7;2025-06-23;7;1757.1464058242345
7;2025-06-23;8;2545.0618186933248
7;2025-06-23;9;1890.7047427223993
7;2025-06-23;10;1587.571697525947
7;2025-06-23;11;1478.1469645300608
7;2025-06-23;12;1545.6723929184022
7;2025-06-23;13;1552.9528883741164
7;2025-06-23;14;1628.0457864742834
7;2025-06-23;15;1787.4804418446558
7;2025-06-23;16;1858.5070215164722
7;2025-06-23;17;2313.6981069410094
7;2025-06-23;18;2533.061117963713
7;2025-06-23;19;1787.9840791711556
7;2025-06-23;20;1259.3601539017725
7;2025-06-23;21;679.7245664233121
7;2025-06-23;22;363.0222440869793
7;2025-06-23;23;197.5518243006645
7;2025-06-24;0;55.39011912992464
7;2025-06-24;1;0.0
7;2025-06-24;2;0.0
7;2025-06-24;3;0.0
7;2025-06-24;4;0.0
7;2025-06-24;5;128.78909501170284
7;2025-06-24;6;773.4775657683767
7;2025-06-24;7;1754.0841168439138
7;2025-06-24;8;2520.6330541769244
7;2025-06-24;9;1908.128643322671
7;2025-06-24;10;1671.1009770122027
7;2025-06-24;11;1535.371245849385
7;2025-06-24;12;1582.5411476944146
7;2025-06-24;13;1603.0969923245486
7;2025-06-24;14;1679.0313865066812
7;2025-06-24;15;1846.9625271771324
7;2025-06-24;16;1907.0813546597105
7;2025-06-24;17;2328.1919279926824
7;2025-06-24;18;2494.582533025723
7;2025-06-24;19;1823.131547321889
7;2025-06-24;20;1242.1302809291803
7;2025-06-24;21;694.4141626001756
7;2025-06-24;22;355.812752789588
7;2025-06-24;23;190.21934918270404
7;2025-06-25;0;62.33225010878189
7;2025-06-25;1;0.0
7;2025-06-25;2;0.0
7;2025-06-25;3;0.0
7;2025-06-25;4;0.0
7;2025-06-25;5;134.0416599950981
7;2025-06-25;6;800.6243949248652
7;2025-06-25;7;1775.9222760638404
7;2025-06-25;8;2597.991252930431
7;2025-06-25;9;1957.7440740744942
7;2025-06-25;10;1670.9133726715233
7;2025-06-25;11;1537.3572636683698
7;2025-06-25;12;1617.8168978300544
7;2025-06-25;13;1613.5446289652932
7;2025-06-25;14;1715.2098652621003
7;2025-06-25;15;1898.0049595904213
7;2025-06-25;16;1931.5996859481686
7;2025-06-25;17;2414.3750863054283
7;2025-06-25;18;2447.166524088895
7;2025-06-25;19;1807.8958135125504
7;2025-06-25;20;1265.1150595416045
7;2025-06-25;21;731.018251677466
7;2025-06-25;22;397.2650098411626
7;2025-06-25;23;220.2381136699016
7;2025-06-26;0;67.4382244652633
7;2025-06-26;1;0.0
7;2025-06-26;2;0.0
7;2025-06-26;3;0.0
7;2025-06-26;4;0.0
7;2025-06-26;5;125.37501659848199
7;2025-06-26;6;778.5065445340109
7;2025-06-26;7;1714.255712312734
7;2025-06-26;8;2547.1352975208474
7;2025-06-26;9;1849.7458211829025
7;2025-06-26;10;1609.3812167818314
7;2025-06-26;11;1517.592465128331
7;2025-06-26;12;1557.838626992956
7;2025-06-26;13;1556.570174267562
7;2025-06-26;14;1636.8392493901383
7;2025-06-26;15;1763.4595902376311
7;2025-06-26;16;1908.6328296896513
7;2025-06-26;17;2359.311961066744
7;2025-06-26;18;2471.6918248464335
7;2025-06-26;19;1725.2776868541678
7;2025-06-26;20;1213.7700541007553
7;2025-06-26;21;716.1896664080593
7;2025-06-26;22;367.0784636974271
7;2025-06-26;23;209.50459713330008
7;2025-06-27;0;67.04579313421104
7;2025-06-27;1;0.0
7;2025-06-27;2;0.0
7;2025-06-27;3;0.0
7;2025-06-27;4;0.0
7;2025-06-27;5;120.19711404827946
7;2025-06-27;6;747.2058820111829
7;2025-06-27;7;1719.6761898124414
7;2025-06-27;8;2438.9340237003325
7;2025-06-27;9;1878.7053666906577
7;2025-06-27;10;1627.3338153751452
7;2025-06-27;11;1623.113505842665
7;2025-06-27;12;1692.1384393734668
7;2025-06-27;13;1752.6997279599332
7;2025-06-27;14;1856.5861331947215
7;2025-06-27;15;1972.9035900822334
7;2025-06-27;16;2124.9475712579965
7;2025-06-27;17;2287.139154153476
7;2025-06-27;18;2104.067167982931
7;2025-06-27;19;1627.9168033533865
7;2025-06-27;20;1215.5394393482215
7;2025-06-27;21;738.7064709958835
7;2025-06-27;22;448.28616623020685
7;2025-06-27;23;238.16397054881028
7;2025-06-28;0;111.32437334290802
7;2025-06-28;1;0.0
7;2025-06-28;2;0.0
7;2025-06-28;3;0.0
7;2025-06-28;4;0.0
7;2025-06-28;5;48.40881653162468
7;2025-06-28;6;347.71385874284715
7;2025-06-28;7;532.1833210365319
7;2025-06-28;8;833.1179225346799
7;2025-06-28;9;912.3606593387592
7;2025-06-28;10;1013.6099257422034
7;2025-06-28;11;1207.381390070243
7;2025-06-28;12;1338.4721027025844
7;2025-06-28;13;1416.255041389924
7;2025-06-28;14;1475.1243957483907
7;2025-06-28;15;1370.8598066656064
7;2025-06-28;16;1249.6540505580551
7;2025-06-28;17;1226.6832522410782
7;2025-06-28;18;1141.937338960737
7;2025-06-28;19;1109.194841932798
7;2025-06-28;20;901.8758277502164
7;2025-06-28;21;688.0030414075566
7;2025-06-28;22;386.98017538569695
7;2025-06-28;23;229.30502265922357
7;2025-06-29;0;97.43898057430752
7;2025-06-29;1;0.0
7;2025-06-29;2;0.0
7;2025-06-29;3;0.0
7;2025-06-29;4;0.0
7;2025-06-29;5;35.41666028402979
7;2025-06-29;6;243.74419469872896
7;2025-06-29;7;372.9416913144917
7;2025-06-29;8;537.4335877141702
7;2025-06-29;9;654.2007204796507
7;2025-06-29;10;734.7580482247694
7;2025-06-29;11;906.9710970796906
7;2025-06-29;12;1010.243839279477
7;2025-06-29;13;1081.4044366421297
7;2025-06-29;14;1157.241504452125
7;2025-06-29;15;1074.0158184855875
7;2025-06-29;16;1006.3620910830865
7;2025-06-29;17;1001.3502687079391
7;2025-06-29;18;918.0485167398015
7;2025-06-29;19;835.6140678414679
7;2025-06-29;20;697.7345458409004
7;2025-06-29;21;532.4468151014444
7;2025-06-29;22;310.0057495333362
7;2025-06-29;23;180.9061455894659
7;2025-06-30;0;68.72076620163621
7;2025-06-30;1;0.0
7;2025-06-30;2;0.0
7;2025-06-30;3;0.0
7;2025-06-30;4;0.0
7;2025-06-30;5;126.26220691259289
7;2025-06-30;6;744.685084270785
7;2025-06-30;7;1661.182116538213
7;2025-06-30;8;2399.3809672461916
7;2025-06-30;9;1788.6371545707075
7;2025-06-30;10;1497.0860831234897
7;2025-06-30;11;1390.3144748944796
7;2025-06-30;12;1449.911632989527
7;2025-06-30;13;1453.5270883525566
7;2025-06-30;14;1523.648172678692
7;2025-06-30;15;1663.2770895349704
7;2025-06-30;16;1738.556369122714
7;2025-06-30;17;2166.35222796036
7;2025-06-30;18;2359.5991157312865
7;2025-06-30;19;1674.1913003876841
7;2025-06-30;20;1182.4502671263824
7;2025-06-30;21;632.5506726295087
7;2025-06-30;22;337.3133143881894
7;2025-06-30;23;190.5556587279085
7;2025-07-01;0;53.496415921528765
7;2025-07-01;1;0.0
7;2025-07-01;2;0.0
7;2025-07-01;3;0.0
7;2025-07-01;4;0.0
7;2025-07-01;5;125.27009434094985
7;2025-07-01;6;743.3644410546135
7;2025-07-01;7;1683.0301727421581
7;2025-07-01;8;2409.886188260689
7;2025-07-01;9;1829.6614889909904
7;2025-07-01;10;1598.354221640027
7;2025-07-01;11;1464.9735528079873
7;2025-07-01;12;1505.2061516311842
7;2025-07-01;13;1534.024460917952
7;2025-07-01;14;1612.9816639536339
7;2025-07-01;15;1772.1565565457995
7;2025-07-01;16;1831.0347410823438
7;2025-07-01;17;2238.661826046774
7;2025-07-01;18;2397.091664978481
7;2025-07-01;19;1770.1126426744618
7;2025-07-01;20;1196.2178548910474
7;2025-07-01;21;666.3721106279265
7;2025-07-01;22;337.88825409753304
7;2025-07-01;23;184.09135887123807
7;2025-07-02;0;61.71355700068556
7;2025-07-02;1;0.0
7;2025-07-02;2;0.0
7;2025-07-02;3;0.0
7;2025-07-02;4;0.0
7;2025-07-02;5;131.30100384561945
7;2025-07-02;6;774.4347813652145
7;2025-07-02;7;1711.262317223685
7;2025-07-02;8;2524.223048893383
7;2025-07-02;9;1882.6754624513753
7;2025-07-02;10;1611.282421282804
7;2025-07-02;11;1478.9249370184561
7;2025-07-02;12;1560.1310310309261
7;2025-07-02;13;1594.6235383785775
7;2025-07-02;14;1704.7493811866298
7;2025-07-02;15;1907.887740589025
7;2025-07-02;16;1934.3931944640735
7;2025-07-02;17;2410.2306561777123
7;2025-07-02;18;2440.9720020292593
7;2025-07-02;19;1818.9584935456612
7;2025-07-02;20;1268.9037217161983
7;2025-07-02;21;738.5305043210735
7;2025-07-02;22;396.84684637396674
7;2025-07-02;23;222.9138069503735
7;2025-07-03;0;70.53922106967102
7;2025-07-03;1;0.0
7;2025-07-03;2;0.0
7;2025-07-03;3;0.0
7;2025-07-03;4;0.0
7;2025-07-03;5;128.35256231635597
7;2025-07-03;6;793.5634661259373
7;2025-07-03;7;1735.5141310741237
7;2025-07-03;8;2598.5081341558107
7;2025-07-03;9;1862.2149626393707
7;2025-07-03;10;1632.439583875434
7;2025-07-03;11;1536.3219716594206
7;2025-07-03;12;1582.9643523811685
7;2025-07-03;13;1615.6680432439061
7;2025-07-03;14;1711.8747577206389
7;2025-07-03;15;1871.3350921979545
7;2025-07-03;16;2006.8829379056776
7;2025-07-03;17;2469.089720494906
7;2025-07-03;18;2583.3624624202434
7;2025-07-03;19;1810.2572602153928
7;2025-07-03;20;1284.85018803799
7;2025-07-03;21;766.7461185283134
7;2025-07-03;22;385.51644691774186
7;2025-07-03;23;217.2228514277213
7;2025-07-04;0;66.17024084260792
7;2025-07-04;1;0.0
7;2025-07-04;2;0.0
7;2025-07-04;3;0.0
7;2025-07-04;4;0.0
7;2025-07-04;5;117.19961035929303
7;2025-07-04;6;721.6987687494385
7;2025-07-04;7;1649.524448048343
7;2025-07-04;8;2356.2033167268555
7;2025-07-04;9;1792.7814389925575
7;2025-07-04;10;1553.502260644539
7;2025-07-04;11;1545.8794272232303
7;2025-07-04;12;1612.8113992317108
7;2025-07-04;13;1708.9491033205993
7;2025-07-04;14;1819.39135468844
7;2025-07-04;15;1961.1565314925242
7;2025-07-04;16;2108.8373231578644
7;2025-07-04;17;2273.9165304183985
7;2025-07-04;18;2100.0302572598166
7;2025-07-04;19;1633.1086948469251
7;2025-07-04;20;1211.9394794700866
7;2025-07-04;21;741.9918459806537
7;2025-07-04;22;443.5339469893478
7;2025-07-04;23;234.38023459544826
7;2025-07-05;0;111.20128818892161
7;2025-07-05;1;0.0
7;2025-07-05;2;0.0
7;2025-07-05;3;0.0
7;2025-07-05;4;0.0
7;2025-07-05;5;48.01813593843558
7;2025-07-05;6;342.18648822031935
7;2025-07-05;7;507.9663468364231
7;2025-07-05;8;804.3753814730492
7;2025-07-05;9;878.7267555306607
7;2025-07-05;10;985.3086144504407
7;2025-07-05;11;1177.7695673711646
7;2025-07-05;12;1308.7465042310937
7;2025-07-05;13;1409.0836668472657
7;2025-07-05;14;1474.0875995681695
7;2025-07-05;15;1387.7058028701238
7;2025-07-05;16;1261.2462493178525
7;2025-07-05;17;1240.245651789596
7;2025-07-05;18;1158.7355274000056
7;2025-07-05;19;1125.337437485542
7;2025-07-05;20;910.0674939991723
7;2025-07-05;21;694.7875406273106
7;2025-07-05;22;387.83003634996794
7;2025-07-05;23;230.84109879435118
7;2025-07-06;0;102.0456567149053
7;2025-07-06;1;0.0
7;2025-07-06;2;0.0
7;2025-07-06;3;0.0
7;2025-07-06;4;0.0
7;2025-07-06;5;35.62285005339136
7;2025-07-06;6;238.48934033550057
7;2025-07-06;7;354.0289415346234
7;2025-07-06;8;531.9599463298541
7;2025-07-06;9;653.8300874978409
7;2025-07-06;10;743.6753905241494
7;2025-07-06;11;922.9259197829335
7;2025-07-06;12;1038.5016774801006
7;2025-07-06;13;1133.2334099378575
7;2025-07-06;14;1217.31454907495
7;2025-07-06;15;1143.9861129285678
7;2025-07-06;16;1061.5607055312826
7;2025-07-06;17;1051.8305821700947
7;2025-07-06;18;960.7370018339395
7;2025-07-06;19;874.6136453494976
7;2025-07-06;20;733.8678049402183
7;2025-07-06;21;563.5949282069785
7;2025-07-06;22;326.24036706370043
7;2025-07-06;23;188.40898931149735
7;2025-07-07;0;73.19130562112923
7;2025-07-07;1;0.0
7;2025-07-07;2;0.0
7;2025-07-07;3;0.0
7;2025-07-07;4;0.0
7;2025-07-07;5;130.862780013279
7;2025-07-07;6;768.4139670209015
7;2025-07-07;7;1707.3718861948037
7;2025-07-07;8;2484.7563327884664
7;2025-07-07;9;1821.1258618544334
7;2025-07-07;10;1535.0897206806906
7;2025-07-07;11;1427.6486404707168
7;2025-07-07;12;1496.4828026380176
7;2025-07-07;13;1543.3640476402654
7;2025-07-07;14;1627.882430007959
7;2025-07-07;15;1805.488232305589
7;2025-07-07;16;1868.5571374674894
7;2025-07-07;17;2313.1236869519107
7;2025-07-07;18;2524.7411356785597
7;2025-07-07;19;1796.944054084043
7;2025-07-07;20;1269.9470360595462
7;2025-07-07;21;692.107620540885
7;2025-07-07;22;363.79265189666273
7;2025-07-07;23;199.26332491411532
7;2025-07-08;0;55.51019180289562
7;2025-07-08;1;0.0
7;2025-07-08;2;0.0
7;2025-07-08;3;0.0
7;2025-07-08;4;0.0
7;2025-07-08;5;127.04291004470977
7;2025-07-08;6;757.6532717723887
7;2025-07-08;7;1706.4103603522715
7;2025-07-08;8;2464.039036964293
7;2025-07-08;9;1845.4037551372178
7;2025-07-08;10;1620.4991415049985
7;2025-07-08;11;1486.7900299847056
7;2025-07-08;12;1532.6447563338686
7;2025-07-08;13;1592.2896682080527
7;2025-07-08;14;1678.0915131669885
7;2025-07-08;15;1863.949414227951
7;2025-07-08;16;1915.659348737267
7;2025-07-08;17;2329.117541369812
7;2025-07-08;18;2493.3115979685
7;2025-07-08;19;1837.441784954617
7;2025-07-08;20;1257.9323994298466
7;2025-07-08;21;706.9447939273339
7;2025-07-08;22;356.3553743372121
7;2025-07-08;23;193.27180942934433
7;2025-07-09;0;63.50349510881813
7;2025-07-09;1;0.0
7;2025-07-09;2;0.0
7;2025-07-09;3;0.0
7;2025-07-09;4;0.0
7;2025-07-09;5;135.09728317053612
7;2025-07-09;6;798.2522131029707
7;2025-07-09;7;1757.5511033491298
7;2025-07-09;8;2582.5539098968693
7;2025-07-09;9;1927.798890312633
7;2025-07-09;10;1649.986179996695
7;2025-07-09;11;1515.8933475143938
7;2025-07-09;12;1599.1868947881549
7;2025-07-09;13;1635.7557324463294
7;2025-07-09;14;1748.805207073129
7;2025-07-09;15;1953.7548259975756
7;2025-07-09;16;1973.9592260434636
7;2025-07-09;17;2456.9779999688453
7;2025-07-09;18;2498.0884756761557
7;2025-07-09;19;1859.4724086974743
7;2025-07-09;20;1307.4633443705343
7;2025-07-09;21;761.6093618375901
7;2025-07-09;22;407.55196723499773
7;2025-07-09;23;225.2009113931503
7;2025-07-10;0;34.24040919998983
7;2025-07-10;1;0.0
7;2025-07-10;2;0.0
7;2025-07-10;3;0.0
7;2025-07-10;4;0.0
7;2025-07-10;5;62.45198414817004
7;2025-07-10;6;383.75716594624976
7;2025-07-10;7;840.6870447192813
7;2025-07-10;8;1266.9979854184971
7;2025-07-10;9;903.9121626281274
7;2025-07-10;10;791.8204373696847
7;2025-07-10;11;741.433161971119
7;2025-07-10;12;763.637576179449
7;2025-07-10;13;779.359404522068
7;2025-07-10;14;823.2285695846135
7;2025-07-10;15;895.5290890939514
7;2025-07-10;16;966.277158016833
7;2025-07-10;17;1185.2736890194342
7;2025-07-10;18;1255.0144545315184
7;2025-07-10;19;881.2571697831133
7;2025-07-10;20;622.4946962660301
7;2025-07-10;21;370.7261842798526
7;2025-07-10;22;186.29761064255382
7;2025-07-10;23;105.1182139814133
7;2025-07-11;0;32.45084902656787
7;2025-07-11;1;0.0
7;2025-07-11;2;0.0
7;2025-07-11;3;0.0
7;2025-07-11;4;0.0
7;2025-07-11;5;57.63470587991425
7;2025-07-11;6;353.17270673648284
7;2025-07-11;7;806.734146454432
7;2025-07-11;8;1157.5520762883589
7;2025-07-11;9;878.5848251709385
7;2025-07-11;10;760.8328871550227
7;2025-07-11;11;754.072367448963
7;2025-07-11;12;786.7137289960137
7;2025-07-11;13;834.522205227927
7;2025-07-11;14;886.2125334099816
7;2025-07-11;15;950.8250150935239
7;2025-07-11;16;1026.308237544329
7;2025-07-11;17;1100.424278465097
7;2025-07-11;18;1029.9338805557124
7;2025-07-11;19;803.4165285752263
7;2025-07-11;20;593.6153879160943
7;2025-07-11;21;362.1597116518338
7;2025-07-11;22;216.25963333003247
7;2025-07-11;23;115.42385450311058
7;2025-07-12;0;52.23703806013403
7;2025-07-12;1;0.0
7;2025-07-12;2;0.0
7;2025-07-12;3;0.0
7;2025-07-12;4;0.0
7;2025-07-12;5;22.507423827117645
7;2025-07-12;6;160.56762835039194
7;2025-07-12;7;237.22819717107012
7;2025-07-12;8;375.5302578309406
7;2025-07-12;9;413.8505083106454
7;2025-07-12;10;462.5991615628679
7;2025-07-12;11;552.0303629847706
7;2025-07-12;12;614.057286983637
7;2025-07-12;13;662.5561684267979
7;2025-07-12;14;692.116903182836
7;2025-07-12;15;649.0490313089533
7;2025-07-12;16;589.3634294560328
7;2025-07-12;17;570.9733663748123
7;2025-07-12;18;540.0026560262845
7;2025-07-12;19;528.4997908251275
7;2025-07-12;20;426.2019323697426
7;2025-07-12;21;323.7506430427394
7;2025-07-12;22;180.19235562821586
7;2025-07-12;23;107.98885578038838
7;2025-07-13;0;46.46469615839959
7;2025-07-13;1;0.0
7;2025-07-13;2;0.0
7;2025-07-13;3;0.0
7;2025-07-13;4;0.0
7;2025-07-13;5;17.294197286587803
7;2025-07-13;6;114.6884771761478
7;2025-07-13;7;171.4642045851434
7;2025-07-13;8;250.53384846070918
7;2025-07-13;9;303.20420874574984
7;2025-07-13;10;341.93281951745917
7;2025-07-13;11;422.71315242347407
7;2025-07-13;12;472.28967198918167
7;2025-07-13;13;512.7933860700922
7;2025-07-13;14;550.0620032975808
7;2025-07-13;15;514.3216585076897
7;2025-07-13;16;480.00352173564573
7;2025-07-13;17;472.8555152451202
7;2025-07-13;18;438.22508623980764
7;2025-07-13;19;401.50021732906544
7;2025-07-13;20;333.26692444113405
7;2025-07-13;21;254.29414503402506
7;2025-07-13;22;147.2585079509698
7;2025-07-13;23;86.47611411588842
7;2025-07-14;0;33.5280981519236
7;2025-07-14;1;0.0
7;2025-07-14;2;0.0
7;2025-07-14;3;0.0
7;2025-07-14;4;0.0
7;2025-07-14;5;61.122888614992355
7;2025-07-14;6;354.72402984417414
7;2025-07-14;7;788.5304201409122
7;2025-07-14;8;1150.8968592442247
7;2025-07-14;9;845.2279670415855
7;2025-07-14;10;705.7835912494347
7;2025-07-14;11;652.2648993893878
7;2025-07-14;12;681.170696404356
7;2025-07-14;13;697.8498429706526
7;2025-07-14;14;733.4029616029618
7;2025-07-14;15;808.2970358887953
7;2025-07-14;16;845.8100478188062
7;2025-07-14;17;1048.056245771063
7;2025-07-14;18;1152.4941757388324
7;2025-07-14;19;824.1851211605349
7;2025-07-14;20;577.6801357715469
7;2025-07-14;21;310.87881600458434
7;2025-07-14;22;164.21716630475578
7;2025-07-14;23;93.33299908271053
11;2025-05-15;0;77.2175548232259
11;2025-05-15;1;0.0
11;2025-05-15;2;0.0
11;2025-05-15;3;0.0
11;2025-05-15;4;0.0
11;2025-05-15;5;310.0066288865278
11;2025-05-15;6;1418.226680777826
11;2025-05-15;7;2489.6042622711116
11;2025-05-15;8;3193.7317735881697
11;2025-05-15;9;2570.8541944947874
11;2025-05-15;10;1968.1217229593603
11;2025-05-15;11;1963.3381138274926
11;2025-05-15;12;2001.8384514709066
11;2025-05-15;13;2120.8007189535056
11;2025-05-15;14;2080.097378203721
11;2025-05-15;15;2244.812630977928
11;2025-05-15;16;2454.8462951099664
11;2025-05-15;17;3011.67563626633
11;2025-05-15;18;3087.342496316449
11;2025-05-15;19;2376.783065752781
11;2025-05-15;20;1647.8331386186264
11;2025-05-15;21;1050.1647433737785
11;2025-05-15;22;544.9230103694623
11;2025-05-15;23;273.1441903815987
11;2025-05-16;0;77.50118161505058
11;2025-05-16;1;0.0
11;2025-05-16;2;0.0
11;2025-05-16;3;0.0
11;2025-05-16;4;0.0
11;2025-05-16;5;289.3055429505996
11;2025-05-16;6;1352.2932996420159
11;2025-05-16;7;2281.94548251609
11;2025-05-16;8;3031.0152610663695
11;2025-05-16;9;2400.7188112162316
11;2025-05-16;10;1972.3982468256747
11;2025-05-16;11;1931.6918446247591
11;2025-05-16;12;1957.2416152786063
11;2025-05-16;13;2048.200382568021
11;2025-05-16;14;2048.3195572163886
11;2025-05-16;15;2322.2886783701315
11;2025-05-16;16;2534.050786899134
11;2025-05-16;17;2870.7834978425394
11;2025-05-16;18;2532.050536585461
11;2025-05-16;19;2101.376091002796
11;2025-05-16;20;1556.4248854846583
11;2025-05-16;21;987.9355794282388
11;2025-05-16;22;549.9375288027027
11;2025-05-16;23;289.3949503600478
11;2025-05-17;0;106.2254174367786
11;2025-05-17;1;0.0
11;2025-05-17;2;0.0
11;2025-05-17;3;0.0
11;2025-05-17;4;0.0
11;2025-05-17;5;178.23241024917223
11;2025-05-17;6;756.8660645830572
11;2025-05-17;7;725.977685174283
11;2025-05-17;8;1008.0947691398846
11;2025-05-17;9;1135.3952819253054
11;2025-05-17;10;1197.2391020883133
11;2025-05-17;11;1582.2020964156702
11;2025-05-17;12;1679.3722948990783
11;2025-05-17;13;1657.7290076539966
11;2025-05-17;14;1655.3686256982203
11;2025-05-17;15;1655.3474897640158
11;2025-05-17;16;1659.7207741768368
11;2025-05-17;17;1675.9212261901962
11;2025-05-17;18;1490.2987120859739
11;2025-05-17;19;1396.8726737880997
11;2025-05-17;20;1141.6462229489598
11;2025-05-17;21;812.5039946682805
11;2025-05-17;22;458.4416168531079
11;2025-05-17;23;299.5214361613971
11;2025-05-18;0;96.09090863941891
11;2025-05-18;1;0.0
11;2025-05-18;2;0.0
11;2025-05-18;3;0.0
11;2025-05-18;4;0.0
11;2025-05-18;5;123.8777789594217
11;2025-05-18;6;538.6407129807544
11;2025-05-18;7;529.4041533372299
11;2025-05-18;8;676.4695010203812
11;2025-05-18;9;863.4047009298118
11;2025-05-18;10;979.3816656793178
11;2025-05-18;11;1305.9193184900225
11;2025-05-18;12;1435.2731334465611
11;2025-05-18;13;1406.6761539471704
11;2025-05-18;14;1442.775092738748
11;2025-05-18;15;1450.2630341311108
11;2025-05-18;16;1384.3039192624215
11;2025-05-18;17;1453.4911070756573
11;2025-05-18;18;1266.4748183185714
11;2025-05-18;19;1098.413722871685
11;2025-05-18;20;936.5633500859399
11;2025-05-18;21;676.2355741604779
11;2025-05-18;22;366.18960267037113
11;2025-05-18;23;241.9027021325801
11;2025-05-19;0;74.42074198066712
11;2025-05-19;1;0.0
11;2025-05-19;2;0.0
11;2025-05-19;3;0.0
11;2025-05-19;4;0.0
11;2025-05-19;5;283.5018970894955
11;2025-05-19;6;1398.0776206522905
11;2025-05-19;7;2279.7742137339173
11;2025-05-19;8;3023.2774240600015
11;2025-05-19;9;2389.4796116450457
11;2025-05-19;10;1778.9210052023914
11;2025-05-19;11;1794.2605725779367
11;2025-05-19;12;1713.1843932876961
11;2025-05-19;13;1858.8181023868362
11;2025-05-19;14;1818.0918920978215
11;2025-05-19;15;1974.7255463361969
11;2025-05-19;16;2230.68718522048
11;2025-05-19;17;2811.687243474589
11;2025-05-19;18;2974.1647575983493
11;2025-05-19;19;2327.162438898071
11;2025-05-19;20;1579.7320319513274
11;2025-05-19;21;933.7602420199489
11;2025-05-19;22;483.55388705061114
11;2025-05-19;23;231.92700253644813
11;2025-05-20;0;69.0900337698674
11;2025-05-20;1;0.0
11;2025-05-20;2;0.0
11;2025-05-20;3;0.0
11;2025-05-20;4;0.0
11;2025-05-20;5;282.23401899924545
11;2025-05-20;6;1412.8714703320866
11;2025-05-20;7;2357.86390094413
11;2025-05-20;8;3084.138737380503
11;2025-05-20;9;2434.8637689571715
11;2025-05-20;10;1818.0020466139922
11;2025-05-20;11;1810.4072226328603
11;2025-05-20;12;1785.2839985898058
11;2025-05-20;13;1914.7669048168714
11;2025-05-20;14;1925.2746912637676
11;2025-05-20;15;2047.8369741688455
11;2025-05-20;16;2302.9559996989065
11;2025-05-20;17;2920.0848124245767
11;2025-05-20;18;3000.7025541810053
11;2025-05-20;19;2321.594909783414
11;2025-05-20;20;1575.0431867783911
11;2025-05-20;21;986.9803444307954
11;2025-05-20;22;488.24931362560835
11;2025-05-20;23;248.28225517087998
11;2025-05-21;0;71.2149913338516
11;2025-05-21;1;0.0
11;2025-05-21;2;0.0
11;2025-05-21;3;0.0
11;2025-05-21;4;0.0
11;2025-05-21;5;291.191664379503
11;2025-05-21;6;1392.7993998570241
11;2025-05-21;7;2409.102558615159
11;2025-05-21;8;3150.6668227791597
11;2025-05-21;9;2424.1953596698904
11;2025-05-21;10;1891.860999356121
11;2025-05-21;11;1834.1185375316213
11;2025-05-21;12;1863.6520809506994
11;2025-05-21;13;1997.1449731788632
11;2025-05-21;14;1917.3217924061785
11;2025-05-21;15;2104.924204961176
11;2025-05-21;16;2262.3513981782526
11;2025-05-21;17;2823.0230984204654
11;2025-05-21;18;2920.3648210941947
11;2025-05-21;19;2328.881121144348
11;2025-05-21;20;1652.820228225191
11;2025-05-21;21;994.8671503626377
11;2025-05-21;22;514.2038062886261
11;2025-05-21;23;273.39750747507196
11;2025-05-22;0;78.48090591665522
11;2025-05-22;1;0.0
11;2025-05-22;2;0.0
11;2025-05-22;3;0.0
11;2025-05-22;4;0.0
11;2025-05-22;5;308.1752950628347
11;2025-05-22;6;1405.7142272252388
11;2025-05-22;7;2496.6767375781187
11;2025-05-22;8;3176.483560296985
11;2025-05-22;9;2561.5818975660495
11;2025-05-22;10;1943.432153293547
11;2025-05-22;11;1932.6220329119174
11;2025-05-22;12;1976.9120351717045
11;2025-05-22;13;2097.482992217452
11;2025-05-22;14;2051.6478681468307
11;2025-05-22;15;2207.848970041967
11;2025-05-22;16;2424.9390486022185
11;2025-05-22;17;2977.626920369241
11;2025-05-22;18;3051.141347554821
11;2025-05-22;19;2353.2385347692098
11;2025-05-22;20;1640.6945778611782
11;2025-05-22;21;1046.2350900747829
11;2025-05-22;22;538.5645840954683
11;2025-05-22;23;271.3223259157459
11;2025-05-23;0;77.77287987942861
11;2025-05-23;1;0.0
11;2025-05-23;2;0.0
11;2025-05-23;3;0.0
11;2025-05-23;4;0.0
11;2025-05-23;5;289.7336937201734
11;2025-05-23;6;1352.1822351338046
11;2025-05-23;7;2294.1312450109085
11;2025-05-23;8;3035.6598137899746
11;2025-05-23;9;2407.948474831855
11;2025-05-23;10;1961.4884157385814
11;2025-05-23;11;1919.8940439234473
11;2025-05-23;12;1952.1877455629378
11;2025-05-23;13;2054.2777468498684
11;2025-05-23;14;2053.4282190876893
11;2025-05-23;15;2322.9945350178114
11;2025-05-23;16;2525.421424114221
11;2025-05-23;17;2860.4223863025013
11;2025-05-23;18;2534.3812434471847
11;2025-05-23;19;2107.7492446373617
11;2025-05-23;20;1569.4962732548713
11;2025-05-23;21;995.7148381200141
11;2025-05-23;22;554.4950926782637
11;2025-05-23;23;293.37719898287907
11;2025-05-24;0;106.59857360386583
11;2025-05-24;1;0.0
11;2025-05-24;2;0.0
11;2025-05-24;3;0.0
11;2025-05-24;4;0.0
11;2025-05-24;5;178.58390562373683
11;2025-05-24;6;755.6018999032794
11;2025-05-24;7;724.3394248885181
11;2025-05-24;8;998.3822161266762
11;2025-05-24;9;1133.5396817756323
11;2025-05-24;10;1201.0000133998526
11;2025-05-24;11;1585.3142402526692
11;2025-05-24;12;1682.5269914828814
11;2025-05-24;13;1655.4969400834998
11;2025-05-24;14;1652.8967615724487
11;2025-05-24;15;1650.252146930515
11;2025-05-24;16;1646.6939881860594
11;2025-05-24;17;1667.9419615776164
11;2025-05-24;18;1493.9813528347004
11;2025-05-24;19;1401.9516689943534
11;2025-05-24;20;1151.0963133526986
11;2025-05-24;21;818.5349059682176
11;2025-05-24;22;463.800958998096
11;2025-05-24;23;303.9524600797894
11;2025-05-25;0;99.66792071984139
11;2025-05-25;1;0.0
11;2025-05-25;2;0.0
11;2025-05-25;3;0.0
11;2025-05-25;4;0.0
11;2025-05-25;5;127.41407556953291
11;2025-05-25;6;551.8144125680808
11;2025-05-25;7;537.7174680444243
11;2025-05-25;8;686.0513618935722
11;2025-05-25;9;882.3447673376098
11;2025-05-25;10;1013.5781011510653
11;2025-05-25;11;1350.805494741471
11;2025-05-25;12;1485.1900150218016
11;2025-05-25;13;1453.8517538638325
11;2025-05-25;14;1491.012661922403
11;2025-05-25;15;1498.1221185687284
11;2025-05-25;16;1422.343060961458
11;2025-05-25;17;1493.4803266388699
11;2025-05-25;18;1306.9863427238815
11;2025-05-25;19;1132.8974949677593
11;2025-05-25;20;975.9231116907583
11;2025-05-25;21;706.9807864990676
11;2025-05-25;22;385.2941040169802
11;2025-05-25;23;250.4667905024204
11;2025-05-26;0;76.53920203899023
11;2025-05-26;1;0.0
11;2025-05-26;2;0.0
11;2025-05-26;3;0.0
11;2025-05-26;4;0.0
11;2025-05-26;5;290.32784796946714
11;2025-05-26;6;1427.0934421438433
11;2025-05-26;7;2361.052963583109
11;2025-05-26;8;3123.9801262139854
11;2025-05-26;9;2453.308910472302
11;2025-05-26;10;1824.5829797373628
11;2025-05-26;11;1837.249004399378
11;2025-05-26;12;1756.359403503238
11;2025-05-26;13;1907.6213526458268
11;2025-05-26;14;1862.917648481614
11;2025-05-26;15;2018.1746913055717
11;2025-05-26;16;2273.111549189234
11;2025-05-26;17;2857.02713549423
11;2025-05-26;18;3029.0763052315824
11;2025-05-26;19;2376.081572638226
11;2025-05-26;20;1630.6233141738117
11;2025-05-26;21;969.5860217810987
11;2025-05-26;22;500.56399258619524
11;2025-05-26;23;234.52346915408623
11;2025-05-27;0;71.98112827853842
11;2025-05-27;1;0.0
11;2025-05-27;2;0.0
11;2025-05-27;3;0.0
11;2025-05-27;4;0.0
11;2025-05-27;5;290.9304131787976
11;2025-05-27;6;1452.9554255933772
11;2025-05-27;7;2444.0397587677153
11;2025-05-27;8;3214.5946249815697
11;2025-05-27;9;2507.0632338579726
11;2025-05-27;10;1883.95999093718
11;2025-05-27;11;1875.2210894819477
11;2025-05-27;12;1856.370035600598
11;2025-05-27;13;2001.9854491534475
11;2025-05-27;14;2009.6954609491777
11;2025-05-27;15;2137.5198029536014
11;2025-05-27;16;2382.517741156382
11;2025-05-27;17;2990.9205649386536
11;2025-05-27;18;3090.657207905206
11;2025-05-27;19;2391.9165641778236
11;2025-05-27;20;1650.524271195838
11;2025-05-27;21;1045.2771423537388
11;2025-05-27;22;523.8857165677873
11;2025-05-27;23;257.82785964133444
11;2025-05-28;0;73.33345756103756
11;2025-05-28;1;0.0
11;2025-05-28;2;0.0
11;2025-05-28;3;0.0
11;2025-05-28;4;0.0
11;2025-05-28;5;299.90202487580825
11;2025-05-28;6;1433.2152971087849
11;2025-05-28;7;2489.2771693495456
11;2025-05-28;8;3277.1211321351443
11;2025-05-28;9;2499.4358493386317
11;2025-05-28;10;1961.8252295382244
11;2025-05-28;11;1900.2243675922628
11;2025-05-28;12;1936.6733153000569
11;2025-05-28;13;2082.145650444643
11;2025-05-28;14;1995.615977395929
11;2025-05-28;15;2180.1082171264134
11;2025-05-28;16;2329.7612613775445
11;2025-05-28;17;2896.8683500634106
11;2025-05-28;18;3008.3012791676874
11;2025-05-28;19;2395.0186342913153
11;2025-05-28;20;1718.1463114440994
11;2025-05-28;21;1037.294371605975
11;2025-05-28;22;538.9968991885136
11;2025-05-28;23;283.7187536939971
11;2025-05-29;0;77.3469433119179
11;2025-05-29;1;0.0
11;2025-05-29;2;0.0
11;2025-05-29;3;0.0
11;2025-05-29;4;0.0
11;2025-05-29;5;302.5737165669337
11;2025-05-29;6;1379.761313944587
11;2025-05-29;7;2457.0342489288255
11;2025-05-29;8;3144.537245184504
11;2025-05-29;9;2521.5103210632087
11;2025-05-29;10;1917.8917359621314
11;2025-05-29;11;1902.7216945501846
11;2025-05-29;12;1948.210118987076
11;2025-05-29;13;2063.7078147879297
11;2025-05-29;14;2014.65406589332
11;2025-05-29;15;2162.0550337439936
11;2025-05-29;16;2382.8386380084903
11;2025-05-29;17;2925.3981654095905
11;2025-05-29;18;2995.3456392662624
11;2025-05-29;19;2310.026393729858
11;2025-05-29;20;1619.2015115777774
11;2025-05-29;21;1033.9830802318643
11;2025-05-29;22;531.9298776333585
11;2025-05-29;23;270.24939588639506
11;2025-05-30;0;77.19798800213465
11;2025-05-30;1;0.0
11;2025-05-30;2;0.0
11;2025-05-30;3;0.0
11;2025-05-30;4;0.0
11;2025-05-30;5;286.81185386711496
11;2025-05-30;6;1337.595291029962
11;2025-05-30;7;2276.9107815939506
11;2025-05-30;8;3024.2819615530802
11;2025-05-30;9;2386.0060855522333
11;2025-05-30;10;1943.612490657827
11;2025-05-30;11;1901.940413849343
11;2025-05-30;12;1930.513908988819
11;2025-05-30;13;2028.2262939151015
11;2025-05-30;14;2023.621037813537
11;2025-05-30;15;2285.217447684066
11;2025-05-30;16;2493.1465318011988
11;2025-05-30;17;2821.369700035747
11;2025-05-30;18;2495.988347815265
11;2025-05-30;19;2078.5149154516253
11;2025-05-30;20;1551.4488232697206
11;2025-05-30;21;983.4986146971194
11;2025-05-30;22;548.0675623997264
11;2025-05-30;23;290.85348453745934
11;2025-05-31;0;105.53770574448478
11;2025-05-31;1;0.0
11;2025-05-31;2;0.0
11;2025-05-31;3;0.0
11;2025-05-31;4;0.0
11;2025-05-31;5;176.4845509962713
11;2025-05-31;6;744.093460560412
11;2025-05-31;7;708.284745100314
11;2025-05-31;8;959.9666184486573
11;2025-05-31;9;1119.6511145073537
11;2025-05-31;10;1184.4700867196318
11;2025-05-31;11;1568.5642077899865
11;2025-05-31;12;1663.2755012940725
11;2025-05-31;13;1631.007990355575
11;2025-05-31;14;1629.2969423367676
11;2025-05-31;15;1624.921946878815
11;2025-05-31;16;1612.3457917415872
11;2025-05-31;17;1643.7567689667344
11;2025-05-31;18;1472.831366596633
11;2025-05-31;19;1382.6454797765148
11;2025-05-31;20;1142.8595935294843
11;2025-05-31;21;810.9815218725427
11;2025-05-31;22;459.13185065736155
11;2025-05-31;23;300.2593473312743
11;2025-06-01;0;97.79625249688306
11;2025-06-01;1;0.0
11;2025-06-01;2;0.0
11;2025-06-01;3;0.0
11;2025-06-01;4;0.0
11;2025-06-01;5;124.84712459801045
11;2025-06-01;6;539.0643486817985
11;2025-06-01;7;530.2913193396176
11;2025-06-01;8;669.1147655265386
11;2025-06-01;9;866.9415392014188
11;2025-06-01;10;985.7185998834859
11;2025-06-01;11;1317.6253743940804
11;2025-06-01;12;1446.8463301555564
11;2025-06-01;13;1413.9850870389591
11;2025-06-01;14;1451.8676668731848
11;2025-06-01;15;1459.787771497964
11;2025-06-01;16;1382.450199881893
11;2025-06-01;17;1462.239902811617
11;2025-06-01;18;1281.3999684739354
11;2025-06-01;19;1109.696964580642
11;2025-06-01;20;957.6323911140435
11;2025-06-01;21;691.909811170753
11;2025-06-01;22;376.75576914502415
11;2025-06-01;23;245.2624703379248
11;2025-06-02;0;76.26278064605808
11;2025-06-02;1;0.0
11;2025-06-02;2;0.0
11;2025-06-02;3;0.0
11;2025-06-02;4;0.0
11;2025-06-02;5;288.3022637360748
11;2025-06-02;6;1404.5817441468862
11;2025-06-02;7;2330.2096932481745
11;2025-06-02;8;3066.7850017294704
11;2025-06-02;9;2431.0606377162358
11;2025-06-02;10;1810.602632760037
11;2025-06-02;11;1821.7073092446012
11;2025-06-02;12;1743.7825211182098
11;2025-06-02;13;1892.3689881589187
11;2025-06-02;14;1845.826799033338
11;2025-06-02;15;1990.1433435112604
11;2025-06-02;16;2238.8765535727725
11;2025-06-02;17;2816.232380518388
11;2025-06-02;18;3002.9982364604557
11;2025-06-02;19;2358.6299309830265
11;2025-06-02;20;1624.869394722914
11;2025-06-02;21;962.5968458926508
11;2025-06-02;22;498.82169397970483
11;2025-06-02;23;234.6532930691355
11;2025-06-03;0;70.28648263632988
11;2025-06-03;1;0.0
11;2025-06-03;2;0.0
11;2025-06-03;3;0.0
11;2025-06-03;4;0.0
11;2025-06-03;5;283.4581990506449
11;2025-06-03;6;1402.364315149874
11;2025-06-03;7;2363.8936004969064
11;2025-06-03;8;3089.9853632054337
11;2025-06-03;9;2451.2021322917994
11;2025-06-03;10;1840.6575366806337
11;2025-06-03;11;1830.7557829719492
11;2025-06-03;12;1815.428561074641
11;2025-06-03;13;1949.7563721958968
11;2025-06-03;14;1952.808507726107
11;2025-06-03;15;2063.8665154068003
11;2025-06-03;16;2299.1396366306562
11;2025-06-03;17;2898.4851375868584
11;2025-06-03;18;2997.754128627675
11;2025-06-03;19;2325.5823904876042
11;2025-06-03;20;1618.6682522608999
11;2025-06-03;21;1019.3568288943725
11;2025-06-03;22;508.8323684860678
11;2025-06-03;23;255.7685171458965
11;2025-06-04;0;73.33701822276598
11;2025-06-04;1;0.0
11;2025-06-04;2;0.0
11;2025-06-04;3;0.0
11;2025-06-04;4;0.0
11;2025-06-04;5;297.12309051822933
11;2025-06-04;6;1408.0041765884002
11;2025-06-04;7;2456.1974282281353
11;2025-06-04;8;3210.097983504481
11;2025-06-04;9;2481.7007309670284
11;2025-06-04;10;1945.5495334420996
11;2025-06-04;11;1884.7192899086883
11;2025-06-04;12;1924.4651722101398
11;2025-06-04;13;2066.390847302164
11;2025-06-04;14;1978.9883221822317
11;2025-06-04;15;2152.2820296701516
11;2025-06-04;16;2294.658116473327
11;2025-06-04;17;2858.3064725100057
11;2025-06-04;18;2980.0001823914454
11;2025-06-04;19;2376.320795616282
11;2025-06-04;20;1713.051909339344
11;2025-06-04;21;1030.7623822949708
11;2025-06-04;22;536.3658918903565
11;2025-06-04;23;283.1228524034092
11;2025-06-05;0;77.93750647303692
11;2025-06-05;1;0.0
11;2025-06-05;2;0.0
11;2025-06-05;3;0.0
11;2025-06-05;4;0.0
11;2025-06-05;5;303.8650304337141
11;2025-06-05;6;1372.6754812360036
11;2025-06-05;7;2442.8997292827253
11;2025-06-05;8;3092.6560406902145
11;2025-06-05;9;2517.769278424741
11;2025-06-05;10;1911.831234378938
11;2025-06-05;11;1897.1010150075317
11;2025-06-05;12;1945.572113673638
11;2025-06-05;13;2061.513269563702
11;2025-06-05;14;2012.0326454004294
11;2025-06-05;15;2150.8924912212588
11;2025-06-05;16;2364.5847788109522
11;2025-06-05;17;2906.2419474030476
11;2025-06-05;18;2992.8815904766807
11;2025-06-05;19;2312.6146944678903
11;2025-06-05;20;1630.1285120325558
11;2025-06-05;21;1037.9701101472622
11;2025-06-05;22;536.6583322542372
11;2025-06-05;23;273.18599390472735
11;2025-06-06;0;76.76671547621655
11;2025-06-06;1;0.0
11;2025-06-06;2;0.0
11;2025-06-06;3;0.0
11;2025-06-06;4;0.0
11;2025-06-06;5;285.9689394071589
11;2025-06-06;6;1313.8857362853942
11;2025-06-06;7;2244.764612868924
11;2025-06-06;8;2953.070335820308
11;2025-06-06;9;2365.014455633246
11;2025-06-06;10;1921.6259021282299
11;2025-06-06;11;1881.2949562529793
11;2025-06-06;12;1910.910540421086
11;2025-06-06;13;2005.1761682963747
11;2025-06-06;14;2000.7722508219017
11;2025-06-06;15;2253.3804087564777
11;2025-06-06;16;2450.234419524015
11;2025-06-06;17;2784.255893936158
11;2025-06-06;18;2469.2302161138396
11;2025-06-06;19;2059.451243044149
11;2025-06-06;20;1547.4523677062175
11;2025-06-06;21;978.4717748600522
11;2025-06-06;22;546.2945006434543
11;2025-06-06;23;291.52289031231
11;2025-06-07;0;100.58447884693942
11;2025-06-07;1;0.0
11;2025-06-07;2;0.0
11;2025-06-07;3;0.0
11;2025-06-07;4;0.0
11;2025-06-07;5;166.71807443935074
11;2025-06-07;6;706.6046095711295
11;2025-06-07;7;674.3967623971021
11;2025-06-07;8;912.4777247600865
11;2025-06-07;9;1061.2107103287594
11;2025-06-07;10;1122.2965155982417
11;2025-06-07;11;1485.2562237364068
11;2025-06-07;12;1569.312589332088
11;2025-06-07;13;1538.9846544753518
11;2025-06-07;14;1535.2034186166898
11;2025-06-07;15;1530.4977622808779
11;2025-06-07;16;1533.6402956446746
11;2025-06-07;17;1565.1902326262248
11;2025-06-07;18;1406.4980102419004
11;2025-06-07;19;1317.7459163311032
11;2025-06-07;20;1083.1667838450235
11;2025-06-07;21;764.9437725093425
11;2025-06-07;22;432.0516784720314
11;2025-06-07;23;286.2138149359208
11;2025-06-08;0;93.83114832335686
11;2025-06-08;1;0.0
11;2025-06-08;2;0.0
11;2025-06-08;3;0.0
11;2025-06-08;4;0.0
11;2025-06-08;5;119.44994392760546
11;2025-06-08;6;528.1997182494633
11;2025-06-08;7;530.5021239972584
11;2025-06-08;8;649.2147189345106
11;2025-06-08;9;828.4549056413414
11;2025-06-08;10;940.9183675699376
11;2025-06-08;11;1257.1675134562215
11;2025-06-08;12;1373.598408458413
11;2025-06-08;13;1338.6682587957393
11;2025-06-08;14;1374.0779990842066
11;2025-06-08;15;1382.2792565943435
11;2025-06-08;16;1318.554972416921
11;2025-06-08;17;1401.4691727729987
11;2025-06-08;18;1236.83184351537
11;2025-06-08;19;1072.788317148876
11;2025-06-08;20;920.3515624235479
11;2025-06-08;21;662.8622295818684
11;2025-06-08;22;361.2833350053296
11;2025-06-08;23;239.0865778973703
11;2025-06-09;0;74.70619964422843
11;2025-06-09;1;0.0
11;2025-06-09;2;0.0
11;2025-06-09;3;0.0
11;2025-06-09;4;0.0
11;2025-06-09;5;281.56208650603867
11;2025-06-09;6;1361.009897795459
11;2025-06-09;7;2267.028022672309
11;2025-06-09;8;2986.093594115142
11;2025-06-09;9;2363.5331895805048
11;2025-06-09;10;1757.916255394136
11;2025-06-09;11;1767.616617290314
11;2025-06-09;12;1692.6487590206393
11;2025-06-09;13;1835.4670262940754
11;2025-06-09;14;1790.2703049722336
11;2025-06-09;15;1931.1018873835055
11;2025-06-09;16;2175.9668808962924
11;2025-06-09;17;2737.9115610053277
11;2025-06-09;18;2906.5898707075085
11;2025-06-09;19;2281.8266460615823
11;2025-06-09;20;1581.4461581274409
11;2025-06-09;21;935.7221567127482
11;2025-06-09;22;483.3235384950658
11;2025-06-09;23;232.2866341351415
11;2025-06-10;0;71.48143896710371
11;2025-06-10;1;0.0
11;2025-06-10;2;0.0
11;2025-06-10;3;0.0
11;2025-06-10;4;0.0
11;2025-06-10;5;287.63482058516337
11;2025-06-10;6;1415.5961875157468
11;2025-06-10;7;2398.78476909392
11;2025-06-10;8;3138.7326963488695
11;2025-06-10;9;2471.606316178909
11;2025-06-10;10;1855.0366435025649
11;2025-06-10;11;1844.347325382785
11;2025-06-10;12;1828.9182788529629
11;2025-06-10;13;1970.244052857966
11;2025-06-10;14;1974.968886362971
11;2025-06-10;15;2090.7311208003775
11;2025-06-10;16;2329.748221096776
11;2025-06-10;17;2921.420451377273
11;2025-06-10;18;3023.3560103694654
11;2025-06-10;19;2341.946304640878
11;2025-06-10;20;1621.5810306584776
11;2025-06-10;21;1019.5955312188146
11;2025-06-10;22;515.1791849715056
11;2025-06-10;23;255.8942980274125
11;2025-06-11;0;72.19609307170856
11;2025-06-11;1;0.0
11;2025-06-11;2;0.0
11;2025-06-11;3;0.0
11;2025-06-11;4;0.0
11;2025-06-11;5;292.5807924986366
11;2025-06-11;6;1381.9201254396482
11;2025-06-11;7;2411.133509613804
11;2025-06-11;8;3150.2940722910153
11;2025-06-11;9;2437.2681723128335
11;2025-06-11;10;1910.94834131468
11;2025-06-11;11;1851.325146385056
11;2025-06-11;12;1889.861875768383
11;2025-06-11;13;2026.3862054643123
11;2025-06-11;14;1940.582631545442
11;2025-06-11;15;2105.7824583804613
11;2025-06-11;16;2243.474089124491
11;2025-06-11;17;2791.086175824733
11;2025-06-11;18;2889.316919943307
11;2025-06-11;19;2305.715849401401
11;2025-06-11;20;1664.871873295516
11;2025-06-11;21;998.1384093491268
11;2025-06-11;22;522.496473102783
11;2025-06-11;23;277.06093417774355
11;2025-06-12;0;95.15407739534606
11;2025-06-12;1;0.0
11;2025-06-12;2;0.0
11;2025-06-12;3;0.0
11;2025-06-12;4;0.0
11;2025-06-12;5;140.74960288053097
11;2025-06-12;6;588.6691974932345
11;2025-06-12;7;564.4282004594795
11;2025-06-12;8;710.9354546085654
11;2025-06-12;9;872.0350997044407
11;2025-06-12;10;950.2204122990031
11;2025-06-12;11;1241.4413749830671
11;2025-06-12;12;1399.0544613338884
11;2025-06-12;13;1399.1728007985394
11;2025-06-12;14;1427.6323698440792
11;2025-06-12;15;1433.715384478379
11;2025-06-12;16;1405.9054442473953
11;2025-06-12;17;1454.9555190538167
11;2025-06-12;18;1302.5224040078103
11;2025-06-12;19;1182.9792179148096
11;2025-06-12;20;1005.1420349493899
11;2025-06-12;21;726.5292168432234
11;2025-06-12;22;408.45148703352214
11;2025-06-12;23;265.6892230245663
11;2025-06-13;0;90.24435402069722
11;2025-06-13;1;0.0
11;2025-06-13;2;0.0
11;2025-06-13;3;0.0
11;2025-06-13;4;0.0
11;2025-06-13;5;133.3974625808301
11;2025-06-13;6;573.654164219487
11;2025-06-13;7;559.1845320302359
11;2025-06-13;8;685.574619441034
11;2025-06-13;9;831.4598580020591
11;2025-06-13;10;892.8673425396241
11;2025-06-13;11;1164.0481004957041
11;2025-06-13;12;1309.848405864153
11;2025-06-13;13;1320.6753771700714
11;2025-06-13;14;1345.9448986830316
11;2025-06-13;15;1348.9364208353259
11;2025-06-13;16;1332.43152059527
11;2025-06-13;17;1386.851548352147
11;2025-06-13;18;1246.2293166496106
11;2025-06-13;19;1134.568547808323
11;2025-06-13;20;956.0296038043882
11;2025-06-13;21;692.4705733972328
11;2025-06-13;22;388.4327087483103
11;2025-06-13;23;253.93240577654632
11;2025-06-14;0;98.81778484283936
11;2025-06-14;1;0.0
11;2025-06-14;2;0.0
11;2025-06-14;3;0.0
11;2025-06-14;4;0.0
11;2025-06-14;5;163.2457940638679
11;2025-06-14;6;694.3289843907169
11;2025-06-14;7;667.2298179028296
11;2025-06-14;8;903.1218869153151
11;2025-06-14;9;1049.138858314315
11;2025-06-14;10;1109.2430970222995
11;2025-06-14;11;1462.3068784776337
11;2025-06-14;12;1546.268202455473
11;2025-06-14;13;1515.2827072447776
11;2025-06-14;14;1511.00574685923
11;2025-06-14;15;1503.075989521703
11;2025-06-14;16;1507.8597280187607
11;2025-06-14;17;1532.835096940632
11;2025-06-14;18;1367.8662731605486
11;2025-06-14;19;1282.730241248615
11;2025-06-14;20;1056.8160826897702
11;2025-06-14;21;744.3318842894281
11;2025-06-14;22;422.10054723540384
11;2025-06-14;23;279.3659499251896
11;2025-06-15;0;91.64166154085271
11;2025-06-15;1;0.0
11;2025-06-15;2;0.0
11;2025-06-15;3;0.0
11;2025-06-15;4;0.0
11;2025-06-15;5;116.42231419171836
11;2025-06-15;6;519.7854980124141
11;2025-06-15;7;526.3592289430478
11;2025-06-15;8;645.3784339323814
11;2025-06-15;9;819.990677948897
11;2025-06-15;10;933.600518226378
11;2025-06-15;11;1245.1770622345691
11;2025-06-15;12;1361.5546432241758
11;2025-06-15;13;1326.8739832121553
11;2025-06-15;14;1361.1780995256388
11;2025-06-15;15;1363.839958469891
11;2025-06-15;16;1302.574067679528
11;2025-06-15;17;1377.6907292354445
11;2025-06-15;18;1209.0920423578016
11;2025-06-15;19;1049.1072937583328
11;2025-06-15;20;901.6995681099053
11;2025-06-15;21;647.2623921288399
11;2025-06-15;22;352.8233706839746
11;2025-06-15;23;234.87375659826216
11;2025-06-16;0;75.45055992168355
11;2025-06-16;1;0.0
11;2025-06-16;2;0.0
11;2025-06-16;3;0.0
11;2025-06-16;4;0.0
11;2025-06-16;5;281.3449445495721
11;2025-06-16;6;1362.6726173238599
11;2025-06-16;7;2282.0278322727263
11;2025-06-16;8;3002.6253303391823
11;2025-06-16;9;2374.905411920645
11;2025-06-16;10;1767.0281380945528
11;2025-06-16;11;1777.335117554217
11;2025-06-16;12;1702.9630809974274
11;2025-06-16;13;1847.4146985754085
11;2025-06-16;14;1803.6649165097142
11;2025-06-16;15;1947.5147705219933
11;2025-06-16;16;2189.328090687352
11;2025-06-16;17;2751.0947731546485
11;2025-06-16;18;2915.321630313906
11;2025-06-16;19;2287.3045123993425
11;2025-06-16;20;1585.7073177532893
11;2025-06-16;21;935.3800465326856
11;2025-06-16;22;485.4025849396954
11;2025-06-16;23;233.8725153686953
11;2025-06-17;0;67.20684185264926
11;2025-06-17;1;0.0
11;2025-06-17;2;0.0
11;2025-06-17;3;0.0
11;2025-06-17;4;0.0
11;2025-06-17;5;266.05468739533524
11;2025-06-17;6;1314.718116786067
11;2025-06-17;7;2233.387057295114
11;2025-06-17;8;2917.6306801698556
11;2025-06-17;9;2311.4572038611186
11;2025-06-17;10;1731.6695589758783
11;2025-06-17;11;1715.3197321669322
11;2025-06-17;12;1696.5873305163498
11;2025-06-17;13;1805.7869062107725
11;2025-06-17;14;1808.5096928321964
11;2025-06-17;15;1914.9389532906082
11;2025-06-17;16;2149.8829576512308
11;2025-06-17;17;2720.413830865373
11;2025-06-17;18;2806.961826460255
11;2025-06-17;19;2180.8336809716866
11;2025-06-17;20;1509.716624785147
11;2025-06-17;21;944.479957575887
11;2025-06-17;22;472.16621007879155
11;2025-06-17;23;241.8892669430988
11;2025-06-18;0;68.72924149529015
11;2025-06-18;1;0.0
11;2025-06-18;2;0.0
11;2025-06-18;3;0.0
11;2025-06-18;4;0.0
11;2025-06-18;5;274.13158306362664
11;2025-06-18;6;1304.8700405712007
11;2025-06-18;7;2289.782172845971
11;2025-06-18;8;2992.0125323288835
11;2025-06-18;9;2313.8665834347366
11;2025-06-18;10;1805.705612983632
11;2025-06-18;11;1748.751847283608
11;2025-06-18;12;1781.4591219013355
11;2025-06-18;13;1899.7156148277104
11;2025-06-18;14;1817.647420128971
11;2025-06-18;15;1978.8293523257653
11;2025-06-18;16;2123.0033972122937
11;2025-06-18;17;2653.4024853739834
11;2025-06-18;18;2748.3278082153283
11;2025-06-18;19;2198.9521013435606
11;2025-06-18;20;1580.0587555578475
11;2025-06-18;21;944.4408782208127
11;2025-06-18;22;493.4480684431219
11;2025-06-18;23;263.92529905726826
11;2025-06-19;0;74.35078855561852
11;2025-06-19;1;0.0
11;2025-06-19;2;0.0
11;2025-06-19;3;0.0
11;2025-06-19;4;0.0
11;2025-06-19;5;287.5982949371562
11;2025-06-19;6;1305.7391661352365
11;2025-06-19;7;2332.6892267073754
11;2025-06-19;8;2959.6388131860394
11;2025-06-19;9;2402.9701429357865
11;2025-06-19;10;1827.7635493492326
11;2025-06-19;11;1815.6158090285958
11;2025-06-19;12;1862.8619757056042
11;2025-06-19;13;1969.340234559238
11;2025-06-19;14;1922.759256223097
11;2025-06-19;15;2051.2947068642184
11;2025-06-19;16;2257.4061390574516
11;2025-06-19;17;2760.3933827360493
11;2025-06-19;18;2808.6499288129653
11;2025-06-19;19;2174.618551374506
11;2025-06-19;20;1536.6791438779564
11;2025-06-19;21;972.1923655301202
11;2025-06-19;22;501.43679580451027
11;2025-06-19;23;260.6382272579947
11;2025-06-20;0;72.05468343449166
11;2025-06-20;1;0.0
11;2025-06-20;2;0.0
11;2025-06-20;3;0.0
11;2025-06-20;4;0.0
11;2025-06-20;5;269.77210958318915
11;2025-06-20;6;1260.3503026544604
11;2025-06-20;7;2157.9511205674567
11;2025-06-20;8;2828.988605066992
11;2025-06-20;9;2258.9699036093098
11;2025-06-20;10;1836.47039043625
11;2025-06-20;11;1798.5994470822939
11;2025-06-20;12;1828.116004567571
11;2025-06-20;13;1911.8465953854652
11;2025-06-20;14;1904.683931835
11;2025-06-20;15;2142.2479041600736
11;2025-06-20;16;2336.088862041682
11;2025-06-20;17;2647.279044457906
11;2025-06-20;18;2332.8561805872005
11;2025-06-20;19;1950.1085499771868
11;2025-06-20;20;1455.9333405898524
11;2025-06-20;21;912.6215793408514
11;2025-06-20;22;513.3856849690603
11;2025-06-20;23;274.1624767455892
11;2025-06-21;0;101.145950832148
11;2025-06-21;1;0.0
11;2025-06-21;2;0.0
11;2025-06-21;3;0.0
11;2025-06-21;4;0.0
11;2025-06-21;5;169.30929742873963
11;2025-06-21;6;713.437025095412
11;2025-06-21;7;692.7408438386174
11;2025-06-21;8;946.8025725831054
11;2025-06-21;9;1088.6989284354315
11;2025-06-21;10;1154.4739713273414
11;2025-06-21;11;1524.6997889723302
11;2025-06-21;12;1622.4248106874934
11;2025-06-21;13;1594.2348970895018
11;2025-06-21;14;1591.213113098308
11;2025-06-21;15;1580.0947059509283
11;2025-06-21;16;1571.4002875722274
11;2025-06-21;17;1581.894183318558
11;2025-06-21;18;1399.0104830980986
11;2025-06-21;19;1313.5257566280707
11;2025-06-21;20;1097.8523669869414
11;2025-06-21;21;776.5754102038737
11;2025-06-21;22;441.33447148621764
11;2025-06-21;23;291.0181450452753
11;2025-06-22;0;90.52601214318994
11;2025-06-22;1;0.0
11;2025-06-22;2;0.0
11;2025-06-22;3;0.0
11;2025-06-22;4;0.0
11;2025-06-22;5;116.54301342274101
11;2025-06-22;6;519.0998831306372
11;2025-06-22;7;528.1107064167584
11;2025-06-22;8;651.5486725267936
11;2025-06-22;9;823.8337666672185
11;2025-06-22;10;935.8480655684484
11;2025-06-22;11;1245.9250775864275
11;2025-06-22;12;1362.5819404374806
11;2025-06-22;13;1327.2325267049187
11;2025-06-22;14;1361.7763767022616
11;2025-06-22;15;1362.3712060667672
11;2025-06-22;16;1301.6018297831256
11;2025-06-22;17;1372.027873125715
11;2025-06-22;18;1197.5240177055505
11;2025-06-22;19;1041.290299715963
11;2025-06-22;20;898.3592424925619
11;2025-06-22;21;644.4738238489015
11;2025-06-22;22;351.620133895761
11;2025-06-22;23;234.96606317336096
11;2025-06-23;0;75.37081429293649
11;2025-06-23;1;0.0
11;2025-06-23;2;0.0
11;2025-06-23;3;0.0
11;2025-06-23;4;0.0
11;2025-06-23;5;282.0100514745335
11;2025-06-23;6;1361.4573669088895
11;2025-06-23;7;2289.743813568281
11;2025-06-23;8;3011.6531699910483
11;2025-06-23;9;2374.6149287816643
11;2025-06-23;10;1769.3867182657254
11;2025-06-23;11;1781.7064159109036
11;2025-06-23;12;1709.359805354145
11;2025-06-23;13;1857.1101326550208
11;2025-06-23;14;1814.3915385942958
11;2025-06-23;15;1959.9935654426522
11;2025-06-23;16;2197.673843269361
11;2025-06-23;17;2746.392514709095
11;2025-06-23;18;2903.3505122956544
11;2025-06-23;19;2278.2671595262964
11;2025-06-23;20;1581.920551179031
11;2025-06-23;21;933.7561499984445
11;2025-06-23;22;487.74852788947385
11;2025-06-23;23;230.71239483601286
11;2025-06-24;0;68.566777021183
11;2025-06-24;1;0.0
11;2025-06-24;2;0.0
11;2025-06-24;3;0.0
11;2025-06-24;4;0.0
11;2025-06-24;5;278.29570462275353
11;2025-06-24;6;1355.0522183429734
11;2025-06-24;7;2302.562311920071
11;2025-06-24;8;3004.808351431874
11;2025-06-24;9;2365.461062813337
11;2025-06-24;10;1778.888820001539
11;2025-06-24;11;1772.409145640575
11;2025-06-24;12;1761.3709354239443
11;2025-06-24;13;1895.260418604347
11;2025-06-24;14;1901.2224106590656
11;2025-06-24;15;2014.8768167993926
11;2025-06-24;16;2243.2464760598477
11;2025-06-24;17;2801.662855996041
11;2025-06-24;18;2863.200623575025
11;2025-06-24;19;2222.163007264274
11;2025-06-24;20;1550.5536586417004
11;2025-06-24;21;972.7927018803334
11;2025-06-24;22;488.34346031546613
11;2025-06-24;23;246.34368775333564
11;2025-06-25;0;70.1606092215987
11;2025-06-25;1;0.0
11;2025-06-25;2;0.0
11;2025-06-25;3;0.0
11;2025-06-25;4;0.0
11;2025-06-25;5;286.8306040220201
11;2025-06-25;6;1340.4440311669587
11;2025-06-25;7;2350.711312131083
11;2025-06-25;8;3071.404349573744
11;2025-06-25;9;2360.4306117584874
11;2025-06-25;10;1851.1361327497207
11;2025-06-25;11;1796.14591350539
11;2025-06-25;12;1837.7922083151502
11;2025-06-25;13;1975.4356733777495
11;2025-06-25;14;1893.9928538459505
11;2025-06-25;15;2062.9703003997647
11;2025-06-25;16;2199.9374417967624
11;2025-06-25;17;2716.8212823066024
11;2025-06-25;18;2787.9956908466174
11;2025-06-25;19;2225.669015592911
11;2025-06-25;20;1618.216730620643
11;2025-06-25;21;970.1720841066137
11;2025-06-25;22;507.65977386847806
11;2025-06-25;23;268.819346718895
11;2025-06-26;0;72.7323465218706
11;2025-06-26;1;0.0
11;2025-06-26;2;0.0
11;2025-06-26;3;0.0
11;2025-06-26;4;0.0
11;2025-06-26;5;284.71195722973374
11;2025-06-26;6;1281.6141211113784
11;2025-06-26;7;2295.0066140619556
11;2025-06-26;8;2904.697869855533
11;2025-06-26;9;2353.2189248042882
11;2025-06-26;10;1780.96652902592
11;2025-06-26;11;1767.490447462329
11;2025-06-26;12;1814.806257901306
11;2025-06-26;13;1913.3022898843997
11;2025-06-26;14;1867.2175773757685
11;2025-06-26;15;1999.4995540086727
11;2025-06-26;16;2208.1183316498755
11;2025-06-26;17;2705.853791574006
11;2025-06-26;18;2754.6686328604465
11;2025-06-26;19;2133.0445878409537
11;2025-06-26;20;1503.3005957917237
11;2025-06-26;21;951.7712126895851
11;2025-06-26;22;491.9771930367196
11;2025-06-26;23;254.89134545361833
11;2025-06-27;0;76.38354038896428
11;2025-06-27;1;0.0
11;2025-06-27;2;0.0
11;2025-06-27;3;0.0
11;2025-06-27;4;0.0
11;2025-06-27;5;286.8914546844794
11;2025-06-27;6;1308.4308424960543
11;2025-06-27;7;2237.0337066744023
11;2025-06-27;8;2939.6793468616797
11;2025-06-27;9;2326.916573886897
11;2025-06-27;10;1908.33581873179
11;2025-06-27;11;1876.5852987033836
11;2025-06-27;12;1914.0432931273422
11;2025-06-27;13;2010.5905080844627
11;2025-06-27;14;2010.8843882031392
11;2025-06-27;15;2269.1012655130726
11;2025-06-27;16;2455.1478634244318
11;2025-06-27;17;2761.075347557143
11;2025-06-27;18;2422.975985775498
11;2025-06-27;19;2018.6819784561862
11;2025-06-27;20;1530.9116474384496
11;2025-06-27;21;964.639547552374
11;2025-06-27;22;541.9624339020656
11;2025-06-27;23;290.48103418793556
11;2025-06-28;0;102.89721409557826
11;2025-06-28;1;0.0
11;2025-06-28;2;0.0
11;2025-06-28;3;0.0
11;2025-06-28;4;0.0
11;2025-06-28;5;173.69433136986476
11;2025-06-28;6;720.3519275693452
11;2025-06-28;7;686.7177634856033
11;2025-06-28;8;935.1717769730129
11;2025-06-28;9;1074.4293164587534
11;2025-06-28;10;1154.6498927920734
11;2025-06-28;11;1539.8479121002474
11;2025-06-28;12;1641.7915787218367
11;2025-06-28;13;1614.6943078593224
11;2025-06-28;14;1613.0786081671317
11;2025-06-28;15;1608.5065852812163
11;2025-06-28;16;1598.382229800989
11;2025-06-28;17;1605.8947626590586
11;2025-06-28;18;1422.1326437837697
11;2025-06-28;19;1333.8760908042882
11;2025-06-28;20;1118.749016158481
11;2025-06-28;21;792.8727438201754
11;2025-06-28;22;451.6560715516621
11;2025-06-28;23;298.7821915296944
11;2025-06-29;0;89.80109493131425
11;2025-06-29;1;0.0
11;2025-06-29;2;0.0
11;2025-06-29;3;0.0
11;2025-06-29;4;0.0
11;2025-06-29;5;117.18484824389475
11;2025-06-29;6;512.3495459991076
11;2025-06-29;7;512.4542397208147
11;2025-06-29;8;627.5389786064305
11;2025-06-29;9;793.8322637775409
11;2025-06-29;10;912.6236732596651
11;2025-06-29;11;1226.7333759460726
11;2025-06-29;12;1343.620494357923
11;2025-06-29;13;1310.5158092590711
11;2025-06-29;14;1344.6162813782812
11;2025-06-29;15;1357.9862406715008
11;2025-06-29;16;1296.9837975773207
11;2025-06-29;17;1368.2794019579767
11;2025-06-29;18;1199.135387761472
11;2025-06-29;19;1042.060639085393
11;2025-06-29;20;901.7645805996067
11;2025-06-29;21;644.8491081781692
11;2025-06-29;22;353.368483376355
11;2025-06-29;23;237.8373921010912
11;2025-06-30;0;70.2692402533836
11;2025-06-30;1;0.0
11;2025-06-30;2;0.0
11;2025-06-30;3;0.0
11;2025-06-30;4;0.0
11;2025-06-30;5;263.8896656404262
11;2025-06-30;6;1273.8787801652088
11;2025-06-30;7;2129.0528281046845
11;2025-06-30;8;2807.2612036815704
11;2025-06-30;9;2216.145499465203
11;2025-06-30;10;1651.591430776567
11;2025-06-30;11;1660.6536066834362
11;2025-06-30;12;1589.259832236568
11;2025-06-30;13;1716.4694265144944
11;2025-06-30;14;1672.4553323230516
11;2025-06-30;15;1814.8933704552048
11;2025-06-30;16;2049.7196118406923
11;2025-06-30;17;2572.2439518287456
11;2025-06-30;18;2715.2681027732583
11;2025-06-30;19;2137.997111750033
11;2025-06-30;20;1483.0939042111065
11;2025-06-30;21;864.3009680487714
11;2025-06-30;22;451.6308110784971
11;2025-06-30;23;221.6676758661754
11;2025-07-01;0;65.92219972419306
11;2025-07-01;1;0.0
11;2025-07-01;2;0.0
11;2025-07-01;3;0.0
11;2025-07-01;4;0.0
11;2025-07-01;5;262.44072055007183
11;2025-07-01;6;1287.8868233230842
11;2025-07-01;7;2190.3257593379694
11;2025-07-01;8;2864.1250832623346
11;2025-07-01;9;2253.395164484412
11;2025-07-01;10;1692.7006087610866
11;2025-07-01;11;1682.5527882930246
11;2025-07-01;12;1666.7894132875094
11;2025-07-01;13;1786.624797235733
11;2025-07-01;14;1807.8673277318303
11;2025-07-01;15;1932.3960610011168
11;2025-07-01;16;2159.2295321734864
11;2025-07-01;17;2711.1205470806235
11;2025-07-01;18;2774.113769803916
11;2025-07-01;19;2163.796381985335
11;2025-07-01;20;1488.909225025609
11;2025-07-01;21;928.9545299953068
11;2025-07-01;22;463.0418685606786
11;2025-07-01;23;238.9852517075435
11;2025-07-02;0;69.82039920476967
11;2025-07-02;1;0.0
11;2025-07-02;2;0.0
11;2025-07-02;3;0.0
11;2025-07-02;4;0.0
11;2025-07-02;5;279.8673889254877
11;2025-07-02;6;1308.6647364244757
11;2025-07-02;7;2270.376920627201
11;2025-07-02;8;2986.942345731254
11;2025-07-02;9;2270.648492290151
11;2025-07-02;10;1777.0369119763768
11;2025-07-02;11;1725.7790536752557
11;2025-07-02;12;1766.1548089529726
11;2025-07-02;13;1948.1384599578519
11;2025-07-02;14;1882.133397582764
11;2025-07-02;15;2089.01649209275
11;2025-07-02;16;2215.8416780793495
11;2025-07-02;17;2732.581346919973
11;2025-07-02;18;2804.204788621198
11;2025-07-02;19;2255.5047140206652
11;2025-07-02;20;1627.8516366187962
11;2025-07-02;21;980.9695746400132
11;2025-07-02;22;508.0589750334234
11;2025-07-02;23;272.86302447021205
11;2025-07-03;0;76.07807815830253
11;2025-07-03;1;0.0
11;2025-07-03;2;0.0
11;2025-07-03;3;0.0
11;2025-07-03;4;0.0
11;2025-07-03;5;293.1808511991444
11;2025-07-03;6;1310.425657730355
11;2025-07-03;7;2319.3357803624885
11;2025-07-03;8;2958.1715620806617
11;2025-07-03;9;2362.1048721329316
11;2025-07-03;10;1794.5779044520466
11;2025-07-03;11;1785.6376494821511
11;2025-07-03;12;1839.1780095083577
11;2025-07-03;13;1999.6477014722523
11;2025-07-03;14;1968.9762916646896
11;2025-07-03;15;2142.583511914784
11;2025-07-03;16;2336.1949694984364
11;2025-07-03;17;2841.7527228948975
11;2025-07-03;18;2886.005168964778
11;2025-07-03;19;2240.284957452418
11;2025-07-03;20;1589.9090060324893
11;2025-07-03;21;1013.627509829369
11;2025-07-03;22;515.7747291397936
11;2025-07-03;23;264.59505959523545
11;2025-07-04;0;74.85773092958965
11;2025-07-04;1;0.0
11;2025-07-04;2;0.0
11;2025-07-04;3;0.0
11;2025-07-04;4;0.0
11;2025-07-04;5;277.1358666568193
11;2025-07-04;6;1259.934219653599
11;2025-07-04;7;2135.783386113829
11;2025-07-04;8;2827.2204686958
11;2025-07-04;9;2212.382500951664
11;2025-07-04;10;1813.1777038757791
11;2025-07-04;11;1779.6774455177656
11;2025-07-04;12;1816.3534876892609
11;2025-07-04;13;1956.3126138621346
11;2025-07-04;14;1969.7027719813946
11;2025-07-04;15;2253.736229279882
11;2025-07-04;16;2432.7509812928383
11;2025-07-04;17;2741.1614117478216
11;2025-07-04;18;2409.2797348432478
11;2025-07-04;19;2013.5367212387928
11;2025-07-04;20;1520.9299812822385
11;2025-07-04;21;964.4709594710282
11;2025-07-04;22;533.0006815897444
11;2025-07-04;23;284.0241719064454
11;2025-07-05;0;102.7482744231122
11;2025-07-05;1;0.0
11;2025-07-05;2;0.0
11;2025-07-05;3;0.0
11;2025-07-05;4;0.0
11;2025-07-05;5;170.8284698658965
11;2025-07-05;6;709.1416085638223
11;2025-07-05;7;654.5790325888172
11;2025-07-05;8;901.250959582303
11;2025-07-05;9;1033.0070026164276
11;2025-07-05;10;1122.6748981259066
11;2025-07-05;11;1505.6088336440307
11;2025-07-05;12;1608.2609901631754
11;2025-07-05;13;1610.6195286537397
11;2025-07-05;14;1618.2021696356433
11;2025-07-05;15;1630.4284229989844
11;2025-07-05;16;1613.519956414299
11;2025-07-05;17;1622.534920128553
11;2025-07-05;18;1444.117275392552
11;2025-07-05;19;1356.4276319384785
11;2025-07-05;20;1129.0305581882312
11;2025-07-05;21;801.3192986136974
11;2025-07-05;22;452.69298570612057
11;2025-07-05;23;300.68435393788513
11;2025-07-06;0;93.89427502692462
11;2025-07-06;1;0.0
11;2025-07-06;2;0.0
11;2025-07-06;3;0.0
11;2025-07-06;4;0.0
11;2025-07-06;5;120.91480898404394
11;2025-07-06;6;513.8795275973619
11;2025-07-06;7;491.23806132431537
11;2025-07-06;8;621.0199188420947
11;2025-07-06;9;794.4934794910473
11;2025-07-06;10;926.6554250390334
11;2025-07-06;11;1253.667395792733
11;2025-07-06;12;1384.8169162116765
11;2025-07-06;13;1378.4987712479697
11;2025-07-06;14;1423.0990235910554
11;2025-07-06;15;1451.0838712761974
11;2025-07-06;16;1372.6797102730334
11;2025-07-06;17;1438.10266957263
11;2025-07-06;18;1254.0533583159095
11;2025-07-06;19;1090.4554316926856
11;2025-07-06;20;946.930968812333
11;2025-07-06;21;681.0606474913202
11;2025-07-06;22;370.90635589241845
11;2025-07-06;23;247.7589515726168
11;2025-07-07;0;75.3385298263407
11;2025-07-07;1;0.0
11;2025-07-07;2;0.0
11;2025-07-07;3;0.0
11;2025-07-07;4;0.0
11;2025-07-07;5;279.6901419245993
11;2025-07-07;6;1338.9754236875551
11;2025-07-07;7;2218.9368192159145
11;2025-07-07;8;2933.215507840336
11;2025-07-07;9;2279.863437847576
11;2025-07-07;10;1700.384905437123
11;2025-07-07;11;1717.4125587648477
11;2025-07-07;12;1648.1765997035027
11;2025-07-07;13;1841.8722965874545
11;2025-07-07;14;1815.1007795803598
11;2025-07-07;15;2001.6471103463093
11;2025-07-07;16;2225.6043070055666
11;2025-07-07;17;2770.9140721685926
11;2025-07-07;18;2925.0395051873884
11;2025-07-07;19;2308.5056039771607
11;2025-07-07;20;1606.1771592803557
11;2025-07-07;21;949.3219207199692
11;2025-07-07;22;488.54739449565
11;2025-07-07;23;233.72060971562348
11;2025-07-08;0;68.8638975295245
11;2025-07-08;1;0.0
11;2025-07-08;2;0.0
11;2025-07-08;3;0.0
11;2025-07-08;4;0.0
11;2025-07-08;5;272.6703927592124
11;2025-07-08;6;1328.073288463348
11;2025-07-08;7;2232.4882595902804
11;2025-07-08;8;2936.9904935938116
11;2025-07-08;9;2276.026618138002
11;2025-07-08;10;1712.0177792244879
11;2025-07-08;11;1709.7509038060366
11;2025-07-08;12;1697.5625328120368
11;2025-07-08;13;1876.4527973339868
11;2025-07-08;14;1898.6902125755187
11;2025-07-08;15;2042.8734858932485
11;2025-07-08;16;2258.7591369334946
11;2025-07-08;17;2819.7650409739354
11;2025-07-08;18;2888.3983678697136
11;2025-07-08;19;2249.328979559045
11;2025-07-08;20;1573.1514531258404
11;2025-07-08;21;988.9227314245234
11;2025-07-08;22;489.01153058902037
11;2025-07-08;23;250.7999346980145
11;2025-07-09;0;72.4464886414606
11;2025-07-09;1;0.0
11;2025-07-09;2;0.0
11;2025-07-09;3;0.0
11;2025-07-09;4;0.0
11;2025-07-09;5;289.7297429330466
11;2025-07-09;6;1350.0506774671694
11;2025-07-09;7;2349.482855168195
11;2025-07-09;8;3088.019737923436
11;2025-07-09;9;2341.809539882724
11;2025-07-09;10;1838.0600711687898
11;2025-07-09;11;1785.0621041798072
11;2025-07-09;12;1828.7912833267944
11;2025-07-09;13;2017.4787265394293
11;2025-07-09;14;1950.6301593710436
11;2025-07-09;15;2157.183967121429
11;2025-07-09;16;2278.4615984090087
11;2025-07-09;17;2807.1578316842197
11;2025-07-09;18;2901.3802767706575
11;2025-07-09;19;2322.709991097589
11;2025-07-09;20;1688.217662293087
11;2025-07-09;21;1016.8588655429276
11;2025-07-09;22;525.2671600703911
11;2025-07-09;23;278.686070401653
11;2025-07-10;0;77.00325219947669
11;2025-07-10;1;0.0
11;2025-07-10;2;0.0
11;2025-07-10;3;0.0
11;2025-07-10;4;0.0
11;2025-07-10;5;296.0564038653789
11;2025-07-10;6;1319.1563512007176
11;2025-07-10;7;2340.6214024716382
11;2025-07-10;8;2983.3615037724394
11;2025-07-10;9;2381.482845523693
11;2025-07-10;10;1812.0450077265682
11;2025-07-10;11;1803.7465230896205
11;2025-07-10;12;1859.3843037100128
11;2025-07-10;13;2018.919584378179
11;2025-07-10;14;1988.331060609513
11;2025-07-10;15;2161.81279373464
11;2025-07-10;16;2351.4296323410663
11;2025-07-10;17;2859.4446333481956
11;2025-07-10;18;2913.6504695916665
11;2025-07-10;19;2259.4776919860265
11;2025-07-10;20;1605.9896078925503
11;2025-07-10;21;1022.772566033939
11;2025-07-10;22;522.3967976065151
11;2025-07-10;23;267.81635896635146
11;2025-07-11;0;76.61720819362411
11;2025-07-11;1;0.0
11;2025-07-11;2;0.0
11;2025-07-11;3;0.0
11;2025-07-11;4;0.0
11;2025-07-11;5;282.6446909290202
11;2025-07-11;6;1282.3973692702216
11;2025-07-11;7;2177.6998726946495
11;2025-07-11;8;2877.8361548836983
11;2025-07-11;9;2251.1847484514547
11;2025-07-11;10;1849.4685102343296
11;2025-07-11;11;1817.6448748821042
11;2025-07-11;12;1856.8306864248461
11;2025-07-11;13;1997.5709321978784
11;2025-07-11;14;2013.0800686836856
11;2025-07-11;15;2302.6663585100073
11;2025-07-11;16;2474.8397029891316
11;2025-07-11;17;2784.20629036809
11;2025-07-11;18;2454.7457451113505
11;2025-07-11;19;2051.197960071012
11;2025-07-11;20;1551.8632480186775
11;2025-07-11;21;981.4095955218986
11;2025-07-11;22;543.2701631602858
11;2025-07-11;23;292.4608182958223
11;2025-07-12;0;99.66998731129199
11;2025-07-12;1;0.0
11;2025-07-12;2;0.0
11;2025-07-12;3;0.0
11;2025-07-12;4;0.0
11;2025-07-12;5;164.94669802628874
11;2025-07-12;6;684.8457822895741
11;2025-07-12;7;632.5350428342838
11;2025-07-12;8;869.3946170467361
11;2025-07-12;9;1000.3196416313494
11;2025-07-12;10;1083.9675317462638
11;2025-07-12;11;1452.204854344826
11;2025-07-12;12;1552.2658935910545
11;2025-07-12;13;1553.1458338641955
11;2025-07-12;14;1559.8819659023961
11;2025-07-12;15;1569.6826529694622
11;2025-07-12;16;1558.430077232143
11;2025-07-12;17;1569.698714003658
11;2025-07-12;18;1398.609647920934
11;2025-07-12;19;1312.71223052338
11;2025-07-12;20;1092.5129507239774
11;2025-07-12;21;773.7572367068897
11;2025-07-12;22;435.61526773400885
11;2025-07-12;23;289.77687106002986
11;2025-07-13;0;88.41239053151804
11;2025-07-13;1;0.0
11;2025-07-13;2;0.0
11;2025-07-13;3;0.0
11;2025-07-13;4;0.0
11;2025-07-13;5;114.25669726663321
11;2025-07-13;6;495.0291333521351
11;2025-07-13;7;482.81334639588255
11;2025-07-13;8;588.9730519861594
11;2025-07-13;9;751.6434999695134
11;2025-07-13;10;870.8531153164533
11;2025-07-13;11;1176.3344314427159
11;2025-07-13;12;1293.391213882121
11;2025-07-13;13;1279.7370361805995
11;2025-07-13;14;1322.2322882922251
11;2025-07-13;15;1347.4431448387704
11;2025-07-13;16;1283.4886264171996
11;2025-07-13;17;1353.7638902510753
11;2025-07-13;18;1190.7870188157444
11;2025-07-13;19;1036.2782341829738
11;2025-07-13;20;890.9459160949107
11;2025-07-13;21;637.3034164675576
11;2025-07-13;22;348.07133380797313
11;2025-07-13;23;235.12501448043338
11;2025-07-14;0;70.72542749980647
11;2025-07-14;1;0.0
11;2025-07-14;2;0.0
11;2025-07-14;3;0.0
11;2025-07-14;4;0.0
11;2025-07-14;5;262.27911382803063
11;2025-07-14;6;1253.7814643241254
11;2025-07-14;7;2086.5139640800676
11;2025-07-14;8;2760.1254529902367
11;2025-07-14;9;2153.1005680682133
11;2025-07-14;10;1597.4940351701875
11;2025-07-14;11;1609.0576114879473
11;2025-07-14;12;1540.5005945588912
11;2025-07-14;13;1703.4806014677597
11;2025-07-14;14;1676.840290846026
11;2025-07-14;15;1842.7439782633498
11;2025-07-14;16;2065.5084423812923
11;2025-07-14;17;2588.232263799201
11;2025-07-14;18;2729.546260215783
11;2025-07-14;19;2156.048423976579
11;2025-07-14;20;1498.1251395269996
11;2025-07-14;21;878.6885333695104
11;2025-07-14;22;454.71342500802217
11;2025-07-14;23;224.7149341052961
12;2025-05-15;0;57.18044624559205
12;2025-05-15;1;0.0
12;2025-05-15;2;0.0
12;2025-05-15;3;0.0
12;2025-05-15;4;0.0
12;2025-05-15;5;293.16811955592664
12;2025-05-15;6;1455.2816284909227
12;2025-05-15;7;2706.1216651516534
12;2025-05-15;8;3642.2314862798194
12;2025-05-15;9;2574.9462675748655
12;2025-05-15;10;2143.565339834572
12;2025-05-15;11;2188.3068932896977
12;2025-05-15;12;2173.543270592734
12;2025-05-15;13;2110.417398430379
12;2025-05-15;14;2153.135780299248
12;2025-05-15;15;2361.2495338556055
12;2025-05-15;16;2826.2360580615536
12;2025-05-15;17;3090.077446968512
12;2025-05-15;18;3091.2195770747003
12;2025-05-15;19;2575.200734412653
12;2025-05-15;20;1705.3427523672065
12;2025-05-15;21;986.7277085064795
12;2025-05-15;22;571.0693287055847
12;2025-05-15;23;290.44098480079447
12;2025-05-16;0;59.96714273382473
12;2025-05-16;1;0.0
12;2025-05-16;2;0.0
12;2025-05-16;3;0.0
12;2025-05-16;4;0.0
12;2025-05-16;5;294.4556712863621
12;2025-05-16;6;1443.7505715891843
12;2025-05-16;7;2682.9299555203042
12;2025-05-16;8;3474.5024491781414
12;2025-05-16;9;2386.6617316826632
12;2025-05-16;10;2019.0177992489917
12;2025-05-16;11;2109.6687396460247
12;2025-05-16;12;2136.444732110365
12;2025-05-16;13;2063.0489536473374
12;2025-05-16;14;2139.671991630268
12;2025-05-16;15;2460.3729595648374
12;2025-05-16;16;2851.1807067102936
12;2025-05-16;17;2969.317282903413
12;2025-05-16;18;2629.8450749688727
12;2025-05-16;19;2266.121517070357
12;2025-05-16;20;1676.6582126007938
12;2025-05-16;21;980.7309227725275
12;2025-05-16;22;604.9220179023243
12;2025-05-16;23;308.82257773630715
12;2025-05-17;0;91.67563871747124
12;2025-05-17;1;0.0
12;2025-05-17;2;0.0
12;2025-05-17;3;0.0
12;2025-05-17;4;0.0
12;2025-05-17;5;198.30214334966325
12;2025-05-17;6;838.3833385952275
12;2025-05-17;7;899.2725725731011
12;2025-05-17;8;1052.4143220521473
12;2025-05-17;9;1178.9519866563714
12;2025-05-17;10;1311.530921424799
12;2025-05-17;11;1473.2180001385914
12;2025-05-17;12;1487.3315062565816
12;2025-05-17;13;1668.8262043905888
12;2025-05-17;14;1576.2808994381794
12;2025-05-17;15;1506.2976276156637
12;2025-05-17;16;1530.3250625598557
12;2025-05-17;17;1524.174394856343
12;2025-05-17;18;1403.6355727053015
12;2025-05-17;19;1411.9236207974582
12;2025-05-17;20;1043.6487136768133
12;2025-05-17;21;731.2744092117266
12;2025-05-17;22;460.79689288893894
12;2025-05-17;23;287.2655222757089
12;2025-05-18;0;84.59492665694691
12;2025-05-18;1;0.0
12;2025-05-18;2;0.0
12;2025-05-18;3;0.0
12;2025-05-18;4;0.0
12;2025-05-18;5;148.20666942351312
12;2025-05-18;6;585.1843385642517
12;2025-05-18;7;629.7278711176725
12;2025-05-18;8;755.7281073079082
12;2025-05-18;9;926.0377514739637
12;2025-05-18;10;1097.336665262806
12;2025-05-18;11;1210.8644812297193
12;2025-05-18;12;1259.3583717586
12;2025-05-18;13;1403.1201923060269
12;2025-05-18;14;1387.2843591495102
12;2025-05-18;15;1240.8432473499374
12;2025-05-18;16;1333.161536475512
12;2025-05-18;17;1386.6359172365546
12;2025-05-18;18;1196.957677785209
12;2025-05-18;19;1044.3073745748366
12;2025-05-18;20;811.178146760639
12;2025-05-18;21;611.9698486531945
12;2025-05-18;22;397.07821242832404
12;2025-05-18;23;225.94537918348738
12;2025-05-19;0;63.72574578270661
12;2025-05-19;1;0.0
12;2025-05-19;2;0.0
12;2025-05-19;3;0.0
12;2025-05-19;4;0.0
12;2025-05-19;5;293.21117231328515
12;2025-05-19;6;1415.879038745224
12;2025-05-19;7;2599.369975872153
12;2025-05-19;8;3435.8437511866478
12;2025-05-19;9;2435.93114630968
12;2025-05-19;10;1918.9637262863691
12;2025-05-19;11;1857.9386482535072
12;2025-05-19;12;1914.5574604996445
12;2025-05-19;13;1864.830737960819
12;2025-05-19;14;1878.5202144814632
12;2025-05-19;15;2169.3867011226203
12;2025-05-19;16;2586.200252616195
12;2025-05-19;17;2917.337496602876
12;2025-05-19;18;2993.236574648654
12;2025-05-19;19;2453.2754280944655
12;2025-05-19;20;1626.2032552127703
12;2025-05-19;21;866.4789158592421
12;2025-05-19;22;469.27054684811435
12;2025-05-19;23;252.02391094517563
12;2025-05-20;0;47.596300218634106
12;2025-05-20;1;0.0
12;2025-05-20;2;0.0
12;2025-05-20;3;0.0
12;2025-05-20;4;0.0
12;2025-05-20;5;296.38413669482736
12;2025-05-20;6;1450.9019428244812
12;2025-05-20;7;2719.5422217641144
12;2025-05-20;8;3605.1095346062866
12;2025-05-20;9;2533.5397467063185
12;2025-05-20;10;2042.1299403173678
12;2025-05-20;11;1985.3210540950472
12;2025-05-20;12;1974.612338328996
12;2025-05-20;13;1959.807696988686
12;2025-05-20;14;1938.8623672241117
12;2025-05-20;15;2155.1124157706045
12;2025-05-20;16;2601.5782724816563
12;2025-05-20;17;2954.215760163842
12;2025-05-20;18;2989.849982110082
12;2025-05-20;19;2516.235747120705
12;2025-05-20;20;1649.1360898978378
12;2025-05-20;21;884.7944947681665
12;2025-05-20;22;517.8228448834515
12;2025-05-20;23;245.8963812669123
12;2025-05-21;0;56.03462678269121
12;2025-05-21;1;0.0
12;2025-05-21;2;0.0
12;2025-05-21;3;0.0
12;2025-05-21;4;0.0
12;2025-05-21;5;297.0264554598102
12;2025-05-21;6;1437.6567095107714
12;2025-05-21;7;2661.9647793189415
12;2025-05-21;8;3496.2602290896034
12;2025-05-21;9;2513.824376412077
12;2025-05-21;10;2036.1064975206923
12;2025-05-21;11;2033.9330265897663
12;2025-05-21;12;2007.0523852608176
12;2025-05-21;13;2035.5620718599216
12;2025-05-21;14;2038.6998380917487
12;2025-05-21;15;2251.785093625557
12;2025-05-21;16;2684.5752850868075
12;2025-05-21;17;2945.1049215528637
12;2025-05-21;18;2931.7787756689813
12;2025-05-21;19;2440.9217371266786
12;2025-05-21;20;1641.2633685926041
12;2025-05-21;21;969.4097112990542
12;2025-05-21;22;585.4672114629035
12;2025-05-21;23;279.46027430552425
12;2025-05-22;0;61.32345039935038
12;2025-05-22;1;0.0
12;2025-05-22;2;0.0
12;2025-05-22;3;0.0
12;2025-05-22;4;0.0
12;2025-05-22;5;293.44141178584056
12;2025-05-22;6;1448.8814575367023
12;2025-05-22;7;2726.1953772326215
12;2025-05-22;8;3635.589555149762
12;2025-05-22;9;2571.7330610034046
12;2025-05-22;10;2126.8447990488366
12;2025-05-22;11;2156.0832712173824
12;2025-05-22;12;2150.560354094696
12;2025-05-22;13;2096.2319028434686
12;2025-05-22;14;2136.51121911288
12;2025-05-22;15;2340.7779542943317
12;2025-05-22;16;2806.712329247618
12;2025-05-22;17;3073.0853778720625
12;2025-05-22;18;3080.5280471090164
12;2025-05-22;19;2570.281721197358
12;2025-05-22;20;1705.4210114308682
12;2025-05-22;21;986.3573289012909
12;2025-05-22;22;568.5002442992405
12;2025-05-22;23;290.781128102705
12;2025-05-23;0;60.405800517546425
12;2025-05-23;1;0.0
12;2025-05-23;2;0.0
12;2025-05-23;3;0.0
12;2025-05-23;4;0.0
12;2025-05-23;5;295.3732132985527
12;2025-05-23;6;1446.489666535934
12;2025-05-23;7;2701.7926629696512
12;2025-05-23;8;3480.892477133115
12;2025-05-23;9;2396.5540997236467
12;2025-05-23;10;2014.9391113616207
12;2025-05-23;11;2096.4199956812245
12;2025-05-23;12;2133.085625173515
12;2025-05-23;13;2071.4117921327097
12;2025-05-23;14;2147.7895402433446
12;2025-05-23;15;2465.1246459023346
12;2025-05-23;16;2850.892001125535
12;2025-05-23;17;2969.455594989574
12;2025-05-23;18;2640.217127527576
12;2025-05-23;19;2278.8872041283175
12;2025-05-23;20;1691.5802755922955
12;2025-05-23;21;989.1471520701061
12;2025-05-23;22;609.8918345398938
12;2025-05-23;23;312.949194685506
12;2025-05-24;0;92.84563210670991
12;2025-05-24;1;0.0
12;2025-05-24;2;0.0
12;2025-05-24;3;0.0
12;2025-05-24;4;0.0
12;2025-05-24;5;199.6491580975076
12;2025-05-24;6;841.9211409802306
12;2025-05-24;7;904.0735980451464
12;2025-05-24;8;1052.9012136677447
12;2025-05-24;9;1183.372256298073
12;2025-05-24;10;1322.421912740323
12;2025-05-24;11;1485.0204690989885
12;2025-05-24;12;1498.9672857922028
12;2025-05-24;13;1675.923464528616
12;2025-05-24;14;1583.3187584759262
12;2025-05-24;15;1511.516454212777
12;2025-05-24;16;1526.1017125960223
12;2025-05-24;17;1525.0878533265516
12;2025-05-24;18;1412.8437140378132
12;2025-05-24;19;1422.6788251781295
12;2025-05-24;20;1056.6045059491557
12;2025-05-24;21;739.4298012228151
12;2025-05-24;22;466.29220090655076
12;2025-05-24;23;291.73371899974507
12;2025-05-25;0;88.44789756135076
12;2025-05-25;1;0.0
12;2025-05-25;2;0.0
12;2025-05-25;3;0.0
12;2025-05-25;4;0.0
12;2025-05-25;5;153.20517850674048
12;2025-05-25;6;602.6890799694193
12;2025-05-25;7;645.1425010011919
12;2025-05-25;8;770.3264099204356
12;2025-05-25;9;950.9978357853823
12;2025-05-25;10;1141.608053554442
12;2025-05-25;11;1258.7168992567972
12;2025-05-25;12;1309.646546179447
12;2025-05-25;13;1455.6079083621662
12;2025-05-25;14;1438.9105404332406
12;2025-05-25;15;1284.218567100817
12;2025-05-25;16;1372.9050979918422
12;2025-05-25;17;1429.8096329673099
12;2025-05-25;18;1241.0798680520797
12;2025-05-25;19;1081.7493322096022
12;2025-05-25;20;849.410925333226
12;2025-05-25;21;641.6029094486167
12;2025-05-25;22;417.6985039062232
12;2025-05-25;23;235.94144587314727
12;2025-05-26;0;66.70522704808653
12;2025-05-26;1;0.0
12;2025-05-26;2;0.0
12;2025-05-26;3;0.0
12;2025-05-26;4;0.0
12;2025-05-26;5;301.307973571216
12;2025-05-26;6;1448.878795862523
12;2025-05-26;7;2688.9731831190084
12;2025-05-26;8;3542.2561461982536
12;2025-05-26;9;2499.581679607602
12;2025-05-26;10;1970.0928296034876
12;2025-05-26;11;1904.7204835524674
12;2025-05-26;12;1966.0401677335926
12;2025-05-26;13;1917.1735473645801
12;2025-05-26;14;1930.8666968915704
12;2025-05-26;15;2225.3426156289906
12;2025-05-26;16;2639.6956830756035
12;2025-05-26;17;2968.2156397693702
12;2025-05-26;18;3063.4336943770995
12;2025-05-26;19;2518.31618370886
12;2025-05-26;20;1681.4561735636494
12;2025-05-26;21;896.9950687060973
12;2025-05-26;22;484.95709885867296
12;2025-05-26;23;256.26009727116457
12;2025-05-27;0;49.96793974364132
12;2025-05-27;1;0.0
12;2025-05-27;2;0.0
12;2025-05-27;3;0.0
12;2025-05-27;4;0.0
12;2025-05-27;5;305.48414870248314
12;2025-05-27;6;1492.49659896601
12;2025-05-27;7;2817.201026726533
12;2025-05-27;8;3734.062160454033
12;2025-05-27;9;2595.299683877479
12;2025-05-27;10;2107.414686087424
12;2025-05-27;11;2051.586634043674
12;2025-05-27;12;2049.619563473629
12;2025-05-27;13;2040.0199355574273
12;2025-05-27;14;2022.941653821466
12;2025-05-27;15;2244.8639299071747
12;2025-05-27;16;2688.4865462657344
12;2025-05-27;17;3032.835121170207
12;2025-05-27;18;3073.489742881767
12;2025-05-27;19;2583.9394471757787
12;2025-05-27;20;1719.9365398426298
12;2025-05-27;21;926.4626024915335
12;2025-05-27;22;543.736467418061
12;2025-05-27;23;255.13294372653357
12;2025-05-28;0;57.681223999648765
12;2025-05-28;1;0.0
12;2025-05-28;2;0.0
12;2025-05-28;3;0.0
12;2025-05-28;4;0.0
12;2025-05-28;5;304.31622159640403
12;2025-05-28;6;1476.883807619508
12;2025-05-28;7;2741.2505054637113
12;2025-05-28;8;3602.3040862114026
12;2025-05-28;9;2567.758376741887
12;2025-05-28;10;2091.419057701608
12;2025-05-28;11;2090.7881315969926
12;2025-05-28;12;2073.0109785200925
12;2025-05-28;13;2106.2106299531943
12;2025-05-28;14;2114.2758672010386
12;2025-05-28;15;2323.509653424504
12;2025-05-28;16;2752.8970760066672
12;2025-05-28;17;3015.8459783470216
12;2025-05-28;18;3011.9688356000042
12;2025-05-28;19;2501.1154498928554
12;2025-05-28;20;1698.52836764501
12;2025-05-28;21;1004.0023847763982
12;2025-05-28;22;605.5397407061323
12;2025-05-28;23;289.428329677613
12;2025-05-29;0;60.30323733898814
12;2025-05-29;1;0.0
12;2025-05-29;2;0.0
12;2025-05-29;3;0.0
12;2025-05-29;4;0.0
12;2025-05-29;5;289.47893214986107
12;2025-05-29;6;1430.4309227543793
12;2025-05-29;7;2698.5599113376365
12;2025-05-29;8;3611.4507445282698
12;2025-05-29;9;2538.5153807050137
12;2025-05-29;10;2107.4875380683584
12;2025-05-29;11;2132.0450038859926
12;2025-05-29;12;2127.7751576044
12;2025-05-29;13;2067.9515351475466
12;2025-05-29;14;2105.7665950173896
12;2025-05-29;15;2303.9143364761726
12;2025-05-29;16;2768.760577779985
12;2025-05-29;17;3039.6010286834967
12;2025-05-29;18;3043.0369166117353
12;2025-05-29;19;2537.6997855130166
12;2025-05-29;20;1691.9609911134744
12;2025-05-29;21;979.1018893760634
12;2025-05-29;22;564.3512356529018
12;2025-05-29;23;292.40714105326174
12;2025-05-30;0;60.05557013251066
12;2025-05-30;1;0.0
12;2025-05-30;2;0.0
12;2025-05-30;3;0.0
12;2025-05-30;4;0.0
12;2025-05-30;5;293.1807241135672
12;2025-05-30;6;1434.8915835387288
12;2025-05-30;7;2687.2481885452526
12;2025-05-30;8;3474.3892505485433
12;2025-05-30;9;2376.247211564436
12;2025-05-30;10;2005.169145296532
12;2025-05-30;11;2084.0830004057
12;2025-05-30;12;2117.9286404410486
12;2025-05-30;13;2054.084415748719
12;2025-05-30;14;2125.7380857733847
12;2025-05-30;15;2434.425309806804
12;2025-05-30;16;2826.0259675335087
12;2025-05-30;17;2939.3132335429914
12;2025-05-30;18;2612.2210316139226
12;2025-05-30;19;2256.6534736268823
12;2025-05-30;20;1678.6560795284206
12;2025-05-30;21;980.5647929948955
12;2025-05-30;22;605.2727660458049
12;2025-05-30;23;311.4059987406198
12;2025-05-31;0;91.83515910991159
12;2025-05-31;1;0.0
12;2025-05-31;2;0.0
12;2025-05-31;3;0.0
12;2025-05-31;4;0.0
12;2025-05-31;5;198.155028145252
12;2025-05-31;6;833.2262089738995
12;2025-05-31;7;891.1213252201584
12;2025-05-31;8;1020.5278359749523
12;2025-05-31;9;1179.4214504725658
12;2025-05-31;10;1313.8754005811422
12;2025-05-31;11;1476.5545324268833
12;2025-05-31;12;1488.6550125132385
12;2025-05-31;13;1658.2730787935284
12;2025-05-31;14;1564.9942199817176
12;2025-05-31;15;1486.8128722650185
12;2025-05-31;16;1497.7658398023884
12;2025-05-31;17;1504.1819985353836
12;2025-05-31;18;1394.923252454782
12;2025-05-31;19;1408.0285861242069
12;2025-05-31;20;1052.1278218573152
12;2025-05-31;21;734.183894103975
12;2025-05-31;22;463.30177020006647
12;2025-05-31;23;289.9031443882244
12;2025-06-01;0;86.3397285260115
12;2025-06-01;1;0.0
12;2025-06-01;2;0.0
12;2025-06-01;3;0.0
12;2025-06-01;4;0.0
12;2025-06-01;5;150.0211670246647
12;2025-06-01;6;588.7973566154155
12;2025-06-01;7;635.7630209498138
12;2025-06-01;8;750.5620415818019
12;2025-06-01;9;936.0144044337135
12;2025-06-01;10;1111.504517466918
12;2025-06-01;11;1228.242872198583
12;2025-06-01;12;1275.5230863818115
12;2025-06-01;13;1415.3033050214692
12;2025-06-01;14;1400.542290503442
12;2025-06-01;15;1251.223419881088
12;2025-06-01;16;1332.0984310660133
12;2025-06-01;17;1395.7927847348878
12;2025-06-01;18;1209.4094641455567
12;2025-06-01;19;1055.466718549195
12;2025-06-01;20;832.9049527679036
12;2025-06-01;21;627.43599917145
12;2025-06-01;22;407.95294206234405
12;2025-06-01;23;231.07313854149191
12;2025-06-02;0;66.1571074015801
12;2025-06-02;1;0.0
12;2025-06-02;2;0.0
12;2025-06-02;3;0.0
12;2025-06-02;4;0.0
12;2025-06-02;5;299.39239383339657
12;2025-06-02;6;1428.4988510524527
12;2025-06-02;7;2652.8940461333914
12;2025-06-02;8;3471.9864679913617
12;2025-06-02;9;2474.246655594263
12;2025-06-02;10;1957.035360827648
12;2025-06-02;11;1892.584687583639
12;2025-06-02;12;1956.678132523285
12;2025-06-02;13;1906.0936389498538
12;2025-06-02;14;1917.3724069653667
12;2025-06-02;15;2199.0416740351857
12;2025-06-02;16;2603.2295243804774
12;2025-06-02;17;2929.466451648939
12;2025-06-02;18;3037.077886199088
12;2025-06-02;19;2499.58707766939
12;2025-06-02;20;1679.4135145178652
12;2025-06-02;21;893.4797635718512
12;2025-06-02;22;484.1672156307736
12;2025-06-02;23;256.6542480276174
12;2025-06-03;0;48.89739917661366
12;2025-06-03;1;0.0
12;2025-06-03;2;0.0
12;2025-06-03;3;0.0
12;2025-06-03;4;0.0
12;2025-06-03;5;299.7333415397761
12;2025-06-03;6;1453.6612397456256
12;2025-06-03;7;2743.8578701826564
12;2025-06-03;8;3607.951275618042
12;2025-06-03;9;2552.210289853365
12;2025-06-03;10;2072.4081096629247
12;2025-06-03;11;2016.8159682872874
12;2025-06-03;12;2018.65507285174
12;2025-06-03;13;2002.7702435762144
12;2025-06-03;14;1983.7168894387978
12;2025-06-03;15;2189.5222902292835
12;2025-06-03;16;2612.9808180844448
12;2025-06-03;17;2957.477253547043
12;2025-06-03;18;2999.668721518057
12;2025-06-03;19;2528.983783201689
12;2025-06-03;20;1700.2023606342373
12;2025-06-03;21;913.5514920482528
12;2025-06-03;22;537.0815056562805
12;2025-06-03;23;256.65131901537154
12;2025-06-04;0;57.46784955191864
12;2025-06-04;1;0.0
12;2025-06-04;2;0.0
12;2025-06-04;3;0.0
12;2025-06-04;4;0.0
12;2025-06-04;5;302.1676076005967
12;2025-06-04;6;1456.3965398523953
12;2025-06-04;7;2709.7496849499394
12;2025-06-04;8;3529.192994212261
12;2025-06-04;9;2554.4706106887243
12;2025-06-04;10;2076.5488987675812
12;2025-06-04;11;2077.8435618017465
12;2025-06-04;12;2063.935618404881
12;2025-06-04;13;2094.7059856872165
12;2025-06-04;14;2102.237288876265
12;2025-06-04;15;2302.380806239499
12;2025-06-04;16;2717.2703953572454
12;2025-06-04;17;2981.886840989749
12;2025-06-04;18;2985.506107678356
12;2025-06-04;19;2485.3047599663787
12;2025-06-04;20;1700.3429259860663
12;2025-06-04;21;1002.1888144726624
12;2025-06-04;22;604.769551752461
12;2025-06-04;23;289.637070489757
12;2025-06-05;0;61.24015121684273
12;2025-06-05;1;0.0
12;2025-06-05;2;0.0
12;2025-06-05;3;0.0
12;2025-06-05;4;0.0
12;2025-06-05;5;291.78145433316024
12;2025-06-05;6;1427.3139671948034
12;2025-06-05;7;2692.064040475209
12;2025-06-05;8;3565.7160049892345
12;2025-06-05;9;2540.529547592697
12;2025-06-05;10;2106.2900027096616
12;2025-06-05;11;2133.7798530634855
12;2025-06-05;12;2131.730446304754
12;2025-06-05;13;2072.628964191399
12;2025-06-05;14;2111.711221950555
12;2025-06-05;15;2304.5662886114087
12;2025-06-05;16;2756.101916113367
12;2025-06-05;17;3027.580948680924
12;2025-06-05;18;3041.4125347820636
12;2025-06-05;19;2541.720609138333
12;2025-06-05;20;1707.5821975039908
12;2025-06-05;21;985.9865916857991
12;2025-06-05;22;568.4317779358414
12;2025-06-05;23;294.2377722622882
12;2025-06-06;0;59.87272281264323
12;2025-06-06;1;0.0
12;2025-06-06;2;0.0
12;2025-06-06;3;0.0
12;2025-06-06;4;0.0
12;2025-06-06;5;293.15047357146227
12;2025-06-06;6;1415.082182637837
12;2025-06-06;7;2656.55904369615
12;2025-06-06;8;3398.45030876096
12;2025-06-06;9;2358.921966050081
12;2025-06-06;10;1988.899014153321
12;2025-06-06;11;2068.6461906537334
12;2025-06-06;12;2103.344195280852
12;2025-06-06;13;2034.9226688409756
12;2025-06-06;14;2108.827819347225
12;2025-06-06;15;2412.4729305458986
12;2025-06-06;16;2782.105353418886
12;2025-06-06;17;2909.2079301998465
12;2025-06-06;18;2586.461273286821
12;2025-06-06;19;2238.1710175215285
12;2025-06-06;20;1679.2897147293568
12;2025-06-06;21;979.0746703431596
12;2025-06-06;22;604.0842978715867
12;2025-06-06;23;312.6969976566697
12;2025-06-07;0;86.85934277684254
12;2025-06-07;1;0.0
12;2025-06-07;2;0.0
12;2025-06-07;3;0.0
12;2025-06-07;4;0.0
12;2025-06-07;5;187.3801309800615
12;2025-06-07;6;785.203732327058
12;2025-06-07;7;845.5684834249271
12;2025-06-07;8;968.7400786320222
12;2025-06-07;9;1114.8132864809472
12;2025-06-07;10;1238.645057197297
12;2025-06-07;11;1391.0464220556332
12;2025-06-07;12;1402.1859450921402
12;2025-06-07;13;1562.1106554347034
12;2025-06-07;14;1472.2282725729167
12;2025-06-07;15;1398.3388075146763
12;2025-06-07;16;1414.9670610964495
12;2025-06-07;17;1422.9704472405192
12;2025-06-07;18;1323.579248250488
12;2025-06-07;19;1332.404618508793
12;2025-06-07;20;990.3791207628053
12;2025-06-07;21;688.9997201978933
12;2025-06-07;22;434.7496801515281
12;2025-06-07;23;273.210598759377
12;2025-06-08;0;82.37902147343378
12;2025-06-08;1;0.0
12;2025-06-08;2;0.0
12;2025-06-08;3;0.0
12;2025-06-08;4;0.0
12;2025-06-08;5;144.04402919637556
12;2025-06-08;6;573.8514665004144
12;2025-06-08;7;631.9775392054892
12;2025-06-08;8;729.5859142779865
12;2025-06-08;9;896.6443890032197
12;2025-06-08;10;1060.6483545106216
12;2025-06-08;11;1170.6278852747466
12;2025-06-08;12;1213.4870564344583
12;2025-06-08;13;1344.1539041027368
12;2025-06-08;14;1328.745384759146
12;2025-06-08;15;1185.7584212921347
12;2025-06-08;16;1266.9616356066995
12;2025-06-08;17;1334.6514027366507
12;2025-06-08;18;1162.6198802525014
12;2025-06-08;19;1015.6430977529344
12;2025-06-08;20;796.7337889722942
12;2025-06-08;21;599.1063029862621
12;2025-06-08;22;390.4172396409737
12;2025-06-08;23;222.95244191509133
12;2025-06-09;0;64.71289912809749
12;2025-06-09;1;0.0
12;2025-06-09;2;0.0
12;2025-06-09;3;0.0
12;2025-06-09;4;0.0
12;2025-06-09;5;294.10877430574646
12;2025-06-09;6;1393.1122448040628
12;2025-06-09;7;2596.875221726351
12;2025-06-09;8;3400.224093755683
12;2025-06-09;9;2417.275675118598
12;2025-06-09;10;1911.1178844496549
12;2025-06-09;11;1845.0492907945854
12;2025-06-09;12;1908.7628996461294
12;2025-06-09;13;1859.809962458959
12;2025-06-09;14;1871.5375614234886
12;2025-06-09;15;2148.002592506121
12;2025-06-09;16;2546.585008380277
12;2025-06-09;17;2864.0646310378834
12;2025-06-09;18;2956.5735109382895
12;2025-06-09;19;2431.4652125487155
12;2025-06-09;20;1641.3522057209761
12;2025-06-09;21;873.8194390743072
12;2025-06-09;22;473.9185146907465
12;2025-06-09;23;256.0120086831163
12;2025-06-10;0;49.80279157657381
12;2025-06-10;1;0.0
12;2025-06-10;2;0.0
12;2025-06-10;3;0.0
12;2025-06-10;4;0.0
12;2025-06-10;5;303.6250983851116
12;2025-06-10;6;1463.8214847606978
12;2025-06-10;7;2777.284452914877
12;2025-06-10;8;3655.081523824539
12;2025-06-10;9;2568.2648260922415
12;2025-06-10;10;2082.185966459123
12;2025-06-10;11;2028.0367064675252
12;2025-06-10;12;2030.2454570287696
12;2025-06-10;13;2021.208290997694
12;2025-06-10;14;2003.7237834113807
12;2025-06-10;15;2215.78120682205
12;2025-06-10;16;2645.5555754853262
12;2025-06-10;17;2978.377694203579
12;2025-06-10;18;3019.126055499865
12;2025-06-10;19;2542.8041607468954
12;2025-06-10;20;1702.167863392054
12;2025-06-10;21;909.7055209071762
12;2025-06-10;22;538.5247841496537
12;2025-06-10;23;254.9870518761814
12;2025-06-11;0;56.648962396878744
12;2025-06-11;1;0.0
12;2025-06-11;2;0.0
12;2025-06-11;3;0.0
12;2025-06-11;4;0.0
12;2025-06-11;5;298.2993934687367
12;2025-06-11;6;1432.0307922855204
12;2025-06-11;7;2664.4983752189037
12;2025-06-11;8;3470.6786912127236
12;2025-06-11;9;2514.1757067232666
12;2025-06-11;10;2042.288988256977
12;2025-06-11;11;2043.3584939369825
12;2025-06-11;12;2029.589771541716
12;2025-06-11;13;2058.9677037982347
12;2025-06-11;14;2066.734928792931
12;2025-06-11;15;2257.9643854446804
12;2025-06-11;16;2663.021602733553
12;2025-06-11;17;2915.5989073162527
12;2025-06-11;18;2897.1758368221745
12;2025-06-11;19;2414.8807765723177
12;2025-06-11;20;1654.4773561652223
12;2025-06-11;21;971.6084326525511
12;2025-06-11;22;592.346253296278
12;2025-06-11;23;284.53660277348115
12;2025-06-12;0;83.78974945108473
12;2025-06-12;1;0.0
12;2025-06-12;2;0.0
12;2025-06-12;3;0.0
12;2025-06-12;4;0.0
12;2025-06-12;5;162.93281092474228
12;2025-06-12;6;652.9017461689459
12;2025-06-12;7;696.326171872254
12;2025-06-12;8;770.8822614928968
12;2025-06-12;9;928.8173214649762
12;2025-06-12;10;1065.9468287841319
12;2025-06-12;11;1171.585802003587
12;2025-06-12;12;1252.259592878992
12;2025-06-12;13;1415.1054886299619
12;2025-06-12;14;1374.8290808176248
12;2025-06-12;15;1275.5064196723367
12;2025-06-12;16;1325.2113391528683
12;2025-06-12;17;1364.60340893915
12;2025-06-12;18;1228.189185390259
12;2025-06-12;19;1161.4343218102604
12;2025-06-12;20;901.9098623983127
12;2025-06-12;21;660.5144843465198
12;2025-06-12;22;429.4315383545493
12;2025-06-12;23;253.1816552302243
12;2025-06-13;0;78.76484269068268
12;2025-06-13;1;0.0
12;2025-06-13;2;0.0
12;2025-06-13;3;0.0
12;2025-06-13;4;0.0
12;2025-06-13;5;154.41660091886118
12;2025-06-13;6;630.0915293023859
12;2025-06-13;7;682.7131730429358
12;2025-06-13;8;745.8539147221511
12;2025-06-13;9;884.1258252140135
12;2025-06-13;10;999.3268534091044
12;2025-06-13;11;1092.93398547595
12;2025-06-13;12;1169.9367708895988
12;2025-06-13;13;1334.8495737782318
12;2025-06-13;14;1294.3313219638694
12;2025-06-13;15;1196.7430447707975
12;2025-06-13;16;1247.1094113584038
12;2025-06-13;17;1292.282074003374
12;2025-06-13;18;1169.226991697516
12;2025-06-13;19;1107.1070476379107
12;2025-06-13;20;850.3463677689288
12;2025-06-13;21;625.4738706038647
12;2025-06-13;22;405.0469810613073
12;2025-06-13;23;239.30096714044504
12;2025-06-14;0;85.59045943868618
12;2025-06-14;1;0.0
12;2025-06-14;2;0.0
12;2025-06-14;3;0.0
12;2025-06-14;4;0.0
12;2025-06-14;5;183.71154970255958
12;2025-06-14;6;773.0209263802215
12;2025-06-14;7;836.8322614402721
12;2025-06-14;8;960.6598805199634
12;2025-06-14;9;1104.0083243247118
12;2025-06-14;10;1226.7454574379542
12;2025-06-14;11;1373.7445821430515
12;2025-06-14;12;1386.2317795378594
12;2025-06-14;13;1542.6240898623428
12;2025-06-14;14;1453.6619612656773
12;2025-06-14;15;1378.049421590365
12;2025-06-14;16;1396.0009525207251
12;2025-06-14;17;1398.8807237316346
12;2025-06-14;18;1293.2971880178734
12;2025-06-14;19;1301.867457791398
12;2025-06-14;20;968.282972637621
12;2025-06-14;21;672.1455640678599
12;2025-06-14;22;426.39819397228064
12;2025-06-14;23;267.64623442968013
12;2025-06-15;0;80.37804727720817
12;2025-06-15;1;0.0
12;2025-06-15;2;0.0
12;2025-06-15;3;0.0
12;2025-06-15;4;0.0
12;2025-06-15;5;140.77742724082992
12;2025-06-15;6;564.8408751462748
12;2025-06-15;7;626.7436062654484
12;2025-06-15;8;726.1136682994196
12;2025-06-15;9;887.2633362256815
12;2025-06-15;10;1051.4229653607263
12;2025-06-15;11;1159.7411502467362
12;2025-06-15;12;1203.2792059773062
12;2025-06-15;13;1332.602668894614
12;2025-06-15;14;1316.9095810824442
12;2025-06-15;15;1171.2609166980542
12;2025-06-15;16;1252.4763529802517
12;2025-06-15;17;1312.815010749276
12;2025-06-15;18;1137.3298729694448
12;2025-06-15;19;993.4723143489223
12;2025-06-15;20;777.8845636224039
12;2025-06-15;21;583.6596804347262
12;2025-06-15;22;381.291146566017
12;2025-06-15;23;219.12626910685202
12;2025-06-16;0;65.63648402710331
12;2025-06-16;1;0.0
12;2025-06-16;2;0.0
12;2025-06-16;3;0.0
12;2025-06-16;4;0.0
12;2025-06-16;5;293.34940913125956
12;2025-06-16;6;1397.4560729010427
12;2025-06-16;7;2618.753601784343
12;2025-06-16;8;3427.948455688045
12;2025-06-16;9;2434.4859576877916
12;2025-06-16;10;1922.642701927602
12;2025-06-16;11;1859.140405804529
12;2025-06-16;12;1924.2242414055145
12;2025-06-16;13;1875.7945239506034
12;2025-06-16;14;1891.0037638770664
12;2025-06-16;15;2173.0923967966764
12;2025-06-16;16;2568.4921504517865
12;2025-06-16;17;2887.5410401448144
12;2025-06-16;18;2974.7354735864965
12;2025-06-16;19;2444.7325513853684
12;2025-06-16;20;1649.1419311555746
12;2025-06-16;21;873.8759337722902
12;2025-06-16;22;477.2934768107415
12;2025-06-16;23;257.61621636153177
12;2025-06-17;0;47.870737656839125
12;2025-06-17;1;0.0
12;2025-06-17;2;0.0
12;2025-06-17;3;0.0
12;2025-06-17;4;0.0
12;2025-06-17;5;286.4569971587059
12;2025-06-17;6;1378.3866834576088
12;2025-06-17;7;2620.9228705568203
12;2025-06-17;8;3443.714318254334
12;2025-06-17;9;2435.6052892315834
12;2025-06-17;10;1965.205775382382
12;2025-06-17;11;1905.017847175962
12;2025-06-17;12;1899.0502690189749
12;2025-06-17;13;1876.5055705966697
12;2025-06-17;14;1853.5172141184553
12;2025-06-17;15;2055.88522018681
12;2025-06-17;16;2466.4021984540977
12;2025-06-17;17;2797.5176659637
12;2025-06-17;18;2830.858481654056
12;2025-06-17;19;2390.360483577073
12;2025-06-17;20;1595.6481501597034
12;2025-06-17;21;851.6986346604783
12;2025-06-17;22;505.2247297438788
12;2025-06-17;23;242.37644241354934
12;2025-06-18;0;54.5641483232846
12;2025-06-18;1;0.0
12;2025-06-18;2;0.0
12;2025-06-18;3;0.0
12;2025-06-18;4;0.0
12;2025-06-18;5;284.5143407603316
12;2025-06-18;6;1365.7018191025945
12;2025-06-18;7;2561.841362334851
12;2025-06-18;8;3335.615243419491
12;2025-06-18;9;2416.2921170733052
12;2025-06-18;10;1955.021486325588
12;2025-06-18;11;1952.6671390541646
12;2025-06-18;12;1929.5056149038876
12;2025-06-18;13;1949.284695294748
12;2025-06-18;14;1950.4495735764108
12;2025-06-18;15;2144.404018813094
12;2025-06-18;16;2544.0575242154177
12;2025-06-18;17;2799.675119831982
12;2025-06-18;18;2784.090398966563
12;2025-06-18;19;2325.1170891997044
12;2025-06-18;20;1582.9541251877704
12;2025-06-18;21;928.5674987649609
12;2025-06-18;22;566.522202095816
12;2025-06-18;23;271.30091457986805
12;2025-06-19;0;58.07106326720343
12;2025-06-19;1;0.0
12;2025-06-19;2;0.0
12;2025-06-19;3;0.0
12;2025-06-19;4;0.0
12;2025-06-19;5;277.9125572396762
12;2025-06-19;6;1361.2656815003465
12;2025-06-19;7;2579.4727666017525
12;2025-06-19;8;3428.9705553388535
12;2025-06-19;9;2438.2006509074617
12;2025-06-19;10;2030.0817201581037
12;2025-06-19;11;2055.5891732695263
12;2025-06-19;12;2052.5974228528944
12;2025-06-19;13;1995.2988961530973
12;2025-06-19;14;2033.438303231405
12;2025-06-19;15;2213.5194385067653
12;2025-06-19;16;2651.209745012801
12;2025-06-19;17;2891.604345174373
12;2025-06-19;18;2868.842472559093
12;2025-06-19;19;2404.0303083039407
12;2025-06-19;20;1615.4157459064902
12;2025-06-19;21;928.088243123764
12;2025-06-19;22;538.6354931240868
12;2025-06-19;23;281.3849752665518
12;2025-06-20;0;55.85925048034474
12;2025-06-20;1;0.0
12;2025-06-20;2;0.0
12;2025-06-20;3;0.0
12;2025-06-20;4;0.0
12;2025-06-20;5;277.03836037726916
12;2025-06-20;6;1354.3487882483669
12;2025-06-20;7;2549.769245899787
12;2025-06-20;8;3251.3986805166096
12;2025-06-20;9;2254.112785957081
12;2025-06-20;10;1894.417182104027
12;2025-06-20;11;1969.952275500557
12;2025-06-20;12;2000.5524861248916
12;2025-06-20;13;1934.9367902918202
12;2025-06-20;14;2003.440160486661
12;2025-06-20;15;2289.845783077806
12;2025-06-20;16;2643.999810184229
12;2025-06-20;17;2753.8784756403634
12;2025-06-20;18;2435.276630412508
12;2025-06-20;19;2115.395995285582
12;2025-06-20;20;1577.8927642254403
12;2025-06-20;21;915.2710996160033
12;2025-06-20;22;570.9445824370692
12;2025-06-20;23;291.37408068517277
12;2025-06-21;0;87.84965900028553
12;2025-06-21;1;0.0
12;2025-06-21;2;0.0
12;2025-06-21;3;0.0
12;2025-06-21;4;0.0
12;2025-06-21;5;190.14630433294985
12;2025-06-21;6;799.3971224106315
12;2025-06-21;7;869.0686077505743
12;2025-06-21;8;1002.6464471744144
12;2025-06-21;9;1146.0182761800654
12;2025-06-21;10;1279.8672940782446
12;2025-06-21;11;1436.512807445809
12;2025-06-21;12;1453.8562575011701
12;2025-06-21;13;1621.4880120369007
12;2025-06-21;14;1530.1555884360444
12;2025-06-21;15;1448.57399685256
12;2025-06-21;16;1462.0598005982413
12;2025-06-21;17;1450.8427819956823
12;2025-06-21;18;1327.393752103397
12;2025-06-21;19;1340.2103354411126
12;2025-06-21;20;1010.8147132477533
12;2025-06-21;21;703.5073783273523
12;2025-06-21;22;446.8487810799854
12;2025-06-21;23;280.5012163411192
12;2025-06-22;0;79.48353191776008
12;2025-06-22;1;0.0
12;2025-06-22;2;0.0
12;2025-06-22;3;0.0
12;2025-06-22;4;0.0
12;2025-06-22;5;141.14001093744608
12;2025-06-22;6;564.8690735209113
12;2025-06-22;7;628.8283917654983
12;2025-06-22;8;731.397090669763
12;2025-06-22;9;891.9215756265753
12;2025-06-22;10;1055.2849458278101
12;2025-06-22;11;1163.4788846957088
12;2025-06-22;12;1207.7229231709548
12;2025-06-22;13;1336.5482239158118
12;2025-06-22;14;1321.40759686618
12;2025-06-22;15;1173.9579663692505
12;2025-06-22;16;1254.333914966116
12;2025-06-22;17;1309.8074261966235
12;2025-06-22;18;1127.090232712128
12;2025-06-22;19;986.8994099451002
12;2025-06-22;20;776.8579083496215
12;2025-06-22;21;582.8202079174525
12;2025-06-22;22;380.94382521051773
12;2025-06-22;23;219.60965123430427
12;2025-06-23;0;66.06537026010403
12;2025-06-23;1;0.0
12;2025-06-23;2;0.0
12;2025-06-23;3;0.0
12;2025-06-23;4;0.0
12;2025-06-23;5;293.8788795188094
12;2025-06-23;6;1395.3180271584924
12;2025-06-23;7;2622.522820519198
12;2025-06-23;8;3433.8238575886744
12;2025-06-23;9;2432.2034201697143
12;2025-06-23;10;1924.6534929180282
12;2025-06-23;11;1863.6823581720337
12;2025-06-23;12;1931.5365587681038
12;2025-06-23;13;1886.0970059918773
12;2025-06-23;14;1901.9602483934673
12;2025-06-23;15;2185.8547573370297
12;2025-06-23;16;2577.9890392043535
12;2025-06-23;17;2881.877876018625
12;2025-06-23;18;2956.1147619947546
12;2025-06-23;19;2430.572814943455
12;2025-06-23;20;1645.7264811248642
12;2025-06-23;21;871.193699795255
12;2025-06-23;22;476.79148336220953
12;2025-06-23;23;253.6030724320287
12;2025-06-24;0;48.25410689240628
12;2025-06-24;1;0.0
12;2025-06-24;2;0.0
12;2025-06-24;3;0.0
12;2025-06-24;4;0.0
12;2025-06-24;5;297.02261334161085
12;2025-06-24;6;1414.229571868243
12;2025-06-24;7;2685.7647004565342
12;2025-06-24;8;3531.937083029823
12;2025-06-24;9;2476.7055388525505
12;2025-06-24;10;2013.0177410163787
12;2025-06-24;11;1960.8593855120162
12;2025-06-24;12;1965.7458653290264
12;2025-06-24;13;1958.4001513667426
12;2025-06-24;14;1944.2942516262278
12;2025-06-24;15;2153.073136537533
12;2025-06-24;16;2569.17642557274
12;2025-06-24;17;2878.327251889422
12;2025-06-24;18;2883.902021549892
12;2025-06-24;19;2434.05886157674
12;2025-06-24;20;1637.019304810346
12;2025-06-24;21;873.0417529470343
12;2025-06-24;22;516.2759633747482
12;2025-06-24;23;246.58916847695738
12;2025-06-25;0;56.01521572162629
12;2025-06-25;1;0.0
12;2025-06-25;2;0.0
12;2025-06-25;3;0.0
12;2025-06-25;4;0.0
12;2025-06-25;5;297.7373644019809
12;2025-06-25;6;1409.2416034647617
12;2025-06-25;7;2636.9541978160096
12;2025-06-25;8;3435.0851796033785
12;2025-06-25;9;2470.9803763433465
12;2025-06-25;10;2013.7028880587227
12;2025-06-25;11;2015.0630604444805
12;2025-06-25;12;2002.6726872658328
12;2025-06-25;13;2036.6425578350145
12;2025-06-25;14;2046.8047896802354
12;2025-06-25;15;2245.3957769210447
12;2025-06-25;16;2649.9037024402787
12;2025-06-25;17;2881.0660074556695
12;2025-06-25;18;2836.3797394475114
12;2025-06-25;19;2364.743634397997
12;2025-06-25;20;1628.413509354706
12;2025-06-25;21;955.8029890952618
12;2025-06-25;22;581.4493954646659
12;2025-06-25;23;278.77701603190934
12;2025-06-26;0;56.5888903778129
12;2025-06-26;1;0.0
12;2025-06-26;2;0.0
12;2025-06-26;3;0.0
12;2025-06-26;4;0.0
12;2025-06-26;5;277.0615114572638
12;2025-06-26;6;1337.909081528428
12;2025-06-26;7;2539.718957597811
12;2025-06-26;8;3362.046210244879
12;2025-06-26;9;2390.1288012432256
12;2025-06-26;10;1975.2103910444566
12;2025-06-26;11;1997.7971010756232
12;2025-06-26;12;1993.5005671731406
12;2025-06-26;13;1933.8207424569964
12;2025-06-26;14;1963.6571046220624
12;2025-06-26;15;2149.243620538288
12;2025-06-26;16;2581.1156469385505
12;2025-06-26;17;2822.373387781676
12;2025-06-26;18;2804.8067749935867
12;2025-06-26;19;2350.47783736431
12;2025-06-26;20;1577.4548244326566
12;2025-06-26;21;906.653252243178
12;2025-06-26;22;526.9401184706203
12;2025-06-26;23;273.4823273036617
12;2025-06-27;0;60.13037737720239
12;2025-06-27;1;0.0
12;2025-06-27;2;0.0
12;2025-06-27;3;0.0
12;2025-06-27;4;0.0
12;2025-06-27;5;294.5167903306527
12;2025-06-27;6;1408.3178063648925
12;2025-06-27;7;2657.3502744978123
12;2025-06-27;8;3396.508230977131
12;2025-06-27;9;2332.3848939808504
12;2025-06-27;10;1983.9010409853324
12;2025-06-27;11;2068.6076768705434
12;2025-06-27;12;2111.5887798137837
12;2025-06-27;13;2050.426310621485
12;2025-06-27;14;2129.3848020544638
12;2025-06-27;15;2431.1072624993885
12;2025-06-27;16;2791.063005834175
12;2025-06-27;17;2888.533702592248
12;2025-06-27;18;2544.5959216840865
12;2025-06-27;19;2202.468760523655
12;2025-06-27;20;1667.478136706356
12;2025-06-27;21;969.3179443193897
12;2025-06-27;22;601.8839420602371
12;2025-06-27;23;310.1746825729711
12;2025-06-28;0;90.03871266207165
12;2025-06-28;1;0.0
12;2025-06-28;2;0.0
12;2025-06-28;3;0.0
12;2025-06-28;4;0.0
12;2025-06-28;5;195.33669113097204
12;2025-06-28;6;809.5483627123215
12;2025-06-28;7;876.108949933103
12;2025-06-28;8;1004.6187558651727
12;2025-06-28;9;1142.1802372049788
12;2025-06-28;10;1278.4144983901451
12;2025-06-28;11;1456.8869211303145
12;2025-06-28;12;1476.2481552746854
12;2025-06-28;13;1647.7622060439157
12;2025-06-28;14;1556.7546670415177
12;2025-06-28;15;1477.0375580934096
12;2025-06-28;16;1489.546968682689
12;2025-06-28;17;1476.6537169162884
12;2025-06-28;18;1354.7048333246935
12;2025-06-28;19;1366.2181999596064
12;2025-06-28;20;1034.640456763303
12;2025-06-28;21;720.8628171851125
12;2025-06-28;22;457.15238906720833
12;2025-06-28;23;288.19297386408033
12;2025-06-29;0;79.09564070969289
12;2025-06-29;1;0.0
12;2025-06-29;2;0.0
12;2025-06-29;3;0.0
12;2025-06-29;4;0.0
12;2025-06-29;5;142.06466259826803
12;2025-06-29;6;559.7376001971356
12;2025-06-29;7;620.21387180837
12;2025-06-29;8;714.9042069509005
12;2025-06-29;9;869.124886034481
12;2025-06-29;10;1030.345501230981
12;2025-06-29;11;1153.065702947184
12;2025-06-29;12;1198.3638986947185
12;2025-06-29;13;1327.5386793638047
12;2025-06-29;14;1312.4338600772599
12;2025-06-29;15;1169.0152626497372
12;2025-06-29;16;1247.6424571709395
12;2025-06-29;17;1303.7589270074675
12;2025-06-29;18;1126.141048110895
12;2025-06-29;19;984.5357349566272
12;2025-06-29;20;779.8940328400565
12;2025-06-29;21;584.9635456643281
12;2025-06-29;22;383.9217262113161
12;2025-06-29;23;223.223530346625
12;2025-06-30;0;60.53680156293075
12;2025-06-30;1;0.0
12;2025-06-30;2;0.0
12;2025-06-30;3;0.0
12;2025-06-30;4;0.0
12;2025-06-30;5;277.2694909856001
12;2025-06-30;6;1310.0719681752669
12;2025-06-30;7;2460.527044717362
12;2025-06-30;8;3220.589922680103
12;2025-06-30;9;2291.2193124315795
12;2025-06-30;10;1807.2692927926053
12;2025-06-30;11;1739.8661481650634
12;2025-06-30;12;1794.5991974137992
12;2025-06-30;13;1745.0912336217011
12;2025-06-30;14;1755.7239639440172
12;2025-06-30;15;2006.884344699413
12;2025-06-30;16;2382.5308243507416
12;2025-06-30;17;2682.4126771993224
12;2025-06-30;18;2750.561116354409
12;2025-06-30;19;2264.8278193454644
12;2025-06-30;20;1536.0371194571126
12;2025-06-30;21;810.9096952139828
12;2025-06-30;22;444.5862695449622
12;2025-06-30;23;243.30388210154416
12;2025-07-01;0;46.86141490230363
12;2025-07-01;1;0.0
12;2025-07-01;2;0.0
12;2025-07-01;3;0.0
12;2025-07-01;4;0.0
12;2025-07-01;5;283.12922525227157
12;2025-07-01;6;1351.7996966284848
12;2025-07-01;7;2583.8008242486703
12;2025-07-01;8;3394.1970330112636
12;2025-07-01;9;2389.14457102822
12;2025-07-01;10;1932.478019404985
12;2025-07-01;11;1873.771560804532
12;2025-07-01;12;1869.790935613591
12;2025-07-01;13;1861.574931889832
12;2025-07-01;14;1858.2736205788449
12;2025-07-01;15;2069.423958233083
12;2025-07-01;16;2470.7208347707865
12;2025-07-01;17;2790.3428702586243
12;2025-07-01;18;2800.9374061219864
12;2025-07-01;19;2371.370772629168
12;2025-07-01;20;1580.4355131887046
12;2025-07-01;21;843.2588888275495
12;2025-07-01;22;496.65067139509335
12;2025-07-01;23;239.47101003783214
12;2025-07-02;0;55.69312974749286
12;2025-07-02;1;0.0
12;2025-07-02;2;0.0
12;2025-07-02;3;0.0
12;2025-07-02;4;0.0
12;2025-07-02;5;289.7015381569035
12;2025-07-02;6;1370.983311288106
12;2025-07-02;7;2555.534471279048
12;2025-07-02;8;3349.012016124285
12;2025-07-02;9;2381.7575942223175
12;2025-07-02;10;1940.8909693861797
12;2025-07-02;11;1940.2511379510406
12;2025-07-02;12;1927.7591431260316
12;2025-07-02;13;2011.4853013764252
12;2025-07-02;14;2036.7364851467482
12;2025-07-02;15;2263.3212425379697
12;2025-07-02;16;2656.0219468016176
12;2025-07-02;17;2891.1386240517404
12;2025-07-02;18;2847.5511288644866
12;2025-07-02;19;2388.0010747664537
12;2025-07-02;20;1637.7812520082111
12;2025-07-02;21;967.4027673068625
12;2025-07-02;22;581.4933726181471
12;2025-07-02;23;281.8320389053977
12;2025-07-03;0;59.45179083912785
12;2025-07-03;1;0.0
12;2025-07-03;2;0.0
12;2025-07-03;3;0.0
12;2025-07-03;4;0.0
12;2025-07-03;5;282.4715009411548
12;2025-07-03;6;1364.5082091103677
12;2025-07-03;7;2572.682430866851
12;2025-07-03;8;3426.6911330986313
12;2025-07-03;9;2395.9195978838015
12;2025-07-03;10;1993.8056939509759
12;2025-07-03;11;2021.275112558898
12;2025-07-03;12;2028.1503831623277
12;2025-07-03;13;2025.0354672300873
12;2025-07-03;14;2082.0676368165614
12;2025-07-03;15;2303.819878386508
12;2025-07-03;16;2727.6554406779087
12;2025-07-03;17;2970.60988639459
12;2025-07-03;18;2946.0713905993366
12;2025-07-03;19;2470.890769189611
12;2025-07-03;20;1669.7098445047823
12;2025-07-03;21;966.2896994763937
12;2025-07-03;22;550.0150882257225
12;2025-07-03;23;285.2405492658116
12;2025-07-04;0;58.47598127240157
12;2025-07-04;1;0.0
12;2025-07-04;2;0.0
12;2025-07-04;3;0.0
12;2025-07-04;4;0.0
12;2025-07-04;5;284.72133166221727
12;2025-07-04;6;1360.1412162780641
12;2025-07-04;7;2548.933432068504
12;2025-07-04;8;3272.05745388864
12;2025-07-04;9;2218.3730459913177
12;2025-07-04;10;1888.8809217998319
12;2025-07-04;11;1967.3682435280016
12;2025-07-04;12;2010.2119516616258
12;2025-07-04;13;2001.3175256281454
12;2025-07-04;14;2093.198078382773
12;2025-07-04;15;2423.699770349809
12;2025-07-04;16;2765.0441074805995
12;2025-07-04;17;2866.774915407016
12;2025-07-04;18;2530.6051093077685
12;2025-07-04;19;2196.093417088673
12;2025-07-04;20;1652.9680900789504
12;2025-07-04;21;966.084387453318
12;2025-07-04;22;590.6157250884557
12;2025-07-04;23;304.1280365241287
12;2025-07-05;0;90.11188118311247
12;2025-07-05;1;0.0
12;2025-07-05;2;0.0
12;2025-07-05;3;0.0
12;2025-07-05;4;0.0
12;2025-07-05;5;192.7981769282419
12;2025-07-05;6;799.5877524717731
12;2025-07-05;7;847.4352412149308
12;2025-07-05;8;974.9195858369626
12;2025-07-05;9;1104.376464239763
12;2025-07-05;10;1247.9452252297333
12;2025-07-05;11;1425.1844007822078
12;2025-07-05;12;1445.081091237958
12;2025-07-05;13;1644.4012613849877
12;2025-07-05;14;1562.8705137145985
12;2025-07-05;15;1503.238650900195
12;2025-07-05;16;1508.5665210906238
12;2025-07-05;17;1499.2908613811328
12;2025-07-05;18;1379.664465510461
12;2025-07-05;19;1389.25768840296
12;2025-07-05;20;1046.8608225055887
12;2025-07-05;21;730.4289897657027
12;2025-07-05;22;458.907111363657
12;2025-07-05;23;290.5364991211023
12;2025-07-06;0;83.36775088748387
12;2025-07-06;1;0.0
12;2025-07-06;2;0.0
12;2025-07-06;3;0.0
12;2025-07-06;4;0.0
12;2025-07-06;5;146.62394059812058
12;2025-07-06;6;565.4524113041082
12;2025-07-06;7;603.0277217106149
12;2025-07-06;8;711.2063842218354
12;2025-07-06;9;872.5625613644484
12;2025-07-06;10;1053.862922544684
12;2025-07-06;11;1183.322456593488
12;2025-07-06;12;1235.5035348128113
12;2025-07-06;13;1398.085513733347
12;2025-07-06;14;1391.527542885709
12;2025-07-06;15;1256.1877247143318
12;2025-07-06;16;1328.5500633907077
12;2025-07-06;17;1377.2473468755345
12;2025-07-06;18;1185.745891008998
12;2025-07-06;19;1037.698334786213
12;2025-07-06;20;825.9321825096315
12;2025-07-06;21;622.0874623905428
12;2025-07-06;22;404.73641530421105
12;2025-07-06;23;234.82734286792083
12;2025-07-07;0;66.27708633419729
12;2025-07-07;1;0.0
12;2025-07-07;2;0.0
12;2025-07-07;3;0.0
12;2025-07-07;4;0.0
12;2025-07-07;5;292.8333807716756
12;2025-07-07;6;1377.040888330698
12;2025-07-07;7;2563.8966287841813
12;2025-07-07;8;3371.390414843533
12;2025-07-07;9;2353.563936955212
12;2025-07-07;10;1869.9584594809023
12;2025-07-07;11;1808.7398794408455
12;2025-07-07;12;1878.2791846812686
12;2025-07-07;13;1883.479047837332
12;2025-07-07;14;1914.9307205771256
12;2025-07-07;15;2222.5335162094107
12;2025-07-07;16;2596.8741175502546
12;2025-07-07;17;2901.911725335276
12;2025-07-07;18;2981.988538558066
12;2025-07-07;19;2459.9172127214842
12;2025-07-07;20;1667.5167353719794
12;2025-07-07;21;889.2656383559679
12;2025-07-07;22;478.95792315531446
12;2025-07-07;23;257.60644120078115
12;2025-07-08;0;48.64048384629065
12;2025-07-08;1;0.0
12;2025-07-08;2;0.0
12;2025-07-08;3;0.0
12;2025-07-08;4;0.0
12;2025-07-08;5;291.53178303777497
12;2025-07-08;6;1388.7580115748815
12;2025-07-08;7;2623.4916592146055
12;2025-07-08;8;3470.615839581672
12;2025-07-08;9;2401.296532362
12;2025-07-08;10;1955.4546178077203
12;2025-07-08;11;1901.6176343677403
12;2025-07-08;12;1904.5969357766708
12;2025-07-08;13;1947.1379470673623
12;2025-07-08;14;1948.7232798567597
12;2025-07-08;15;2182.894860752557
12;2025-07-08;16;2588.2212522274185
12;2025-07-08;17;2905.565112523558
12;2025-07-08;18;2913.747286713022
12;2025-07-08;19;2462.984536310837
12;2025-07-08;20;1659.7536471339295
12;2025-07-08;21;892.6718198185997
12;2025-07-08;22;520.4265601445641
12;2025-07-08;23;251.42922726480685
12;2025-07-09;0;57.333603125836426
12;2025-07-09;1;0.0
12;2025-07-09;2;0.0
12;2025-07-09;3;0.0
12;2025-07-09;4;0.0
12;2025-07-09;5;297.07963017877535
12;2025-07-09;6;1404.5348987883685
12;2025-07-09;7;2623.7115755691802
12;2025-07-09;8;3431.6187308547264
12;2025-07-09;9;2433.9446290371243
12;2025-07-09;10;1984.0233545712777
12;2025-07-09;11;1986.6516178724567
12;2025-07-09;12;1979.3840218311257
12;2025-07-09;13;2064.555148247715
12;2025-07-09;14;2092.421440950854
12;2025-07-09;15;2322.9218811586197
12;2025-07-09;16;2712.7034118549836
12;2025-07-09;17;2953.990023995641
12;2025-07-09;18;2927.6950326029155
12;2025-07-09;19;2443.403459828747
12;2025-07-09;20;1684.609791949416
12;2025-07-09;21;994.7172298666228
12;2025-07-09;22;595.5613607206055
12;2025-07-09;23;285.5839476252673
12;2025-07-10;0;60.63024953695975
12;2025-07-10;1;0.0
12;2025-07-10;2;0.0
12;2025-07-10;3;0.0
12;2025-07-10;4;0.0
12;2025-07-10;5;285.00401220630107
12;2025-07-10;6;1372.4192647142631
12;2025-07-10;7;2593.732603073423
12;2025-07-10;8;3455.509270430966
12;2025-07-10;9;2411.7837977339486
12;2025-07-10;10;2012.1362779255742
12;2025-07-10;11;2040.2374495228496
12;2025-07-10;12;2049.9362200492824
12;2025-07-10;13;2045.6294188283814
12;2025-07-10;14;2102.989410552851
12;2025-07-10;15;2323.7547473450313
12;2025-07-10;16;2748.550985986599
12;2025-07-10;17;2989.4731795464513
12;2025-07-10;18;2976.1939883235364
12;2025-07-10;19;2492.1882076537213
12;2025-07-10;20;1687.3995173062244
12;2025-07-10;21;976.1122798249176
12;2025-07-10;22;556.0154708772468
12;2025-07-10;23;287.81530012732276
12;2025-07-11;0;60.45141661137041
12;2025-07-11;1;0.0
12;2025-07-11;2;0.0
12;2025-07-11;3;0.0
12;2025-07-11;4;0.0
12;2025-07-11;5;290.9906066730394
12;2025-07-11;6;1385.1620315721611
12;2025-07-11;7;2601.443528988408
12;2025-07-11;8;3338.6217539566405
12;2025-07-11;9;2260.729287461593
12;2025-07-11;10;1928.3791749709715
12;2025-07-11;11;2012.2842180533576
12;2025-07-11;12;2059.631273923468
12;2025-07-11;13;2051.059507334463
12;2025-07-11;14;2145.031809243016
12;2025-07-11;15;2479.8780896965545
12;2025-07-11;16;2825.3734369110716
12;2025-07-11;17;2922.391082550075
12;2025-07-11;18;2586.6726291790073
12;2025-07-11;19;2243.425845355301
12;2025-07-11;20;1692.2793023055012
12;2025-07-11;21;987.5737503321909
12;2025-07-11;22;603.6373001065488
12;2025-07-11;23;313.3286534898819
12;2025-07-12;0;87.23895050298076
12;2025-07-12;1;0.0
12;2025-07-12;2;0.0
12;2025-07-12;3;0.0
12;2025-07-12;4;0.0
12;2025-07-12;5;186.51218984152376
12;2025-07-12;6;772.866917171898
12;2025-07-12;7;820.3420641586104
12;2025-07-12;8;943.0135520465595
12;2025-07-12;9;1070.2904109839515
12;2025-07-12;10;1206.4161922385363
12;2025-07-12;11;1376.9924943665021
12;2025-07-12;12;1396.7540220813928
12;2025-07-12;13;1587.1267753445368
12;2025-07-12;14;1508.2615188099194
12;2025-07-12;15;1449.4878057875326
12;2025-07-12;16;1456.5090913872764
12;2025-07-12;17;1450.6532224016532
12;2025-07-12;18;1336.5858668074216
12;2025-07-12;19;1344.2084914633958
12;2025-07-12;20;1012.4115233137378
12;2025-07-12;21;704.2024592715353
12;2025-07-12;22;441.3380158228472
12;2025-07-12;23;280.58139802313315
12;2025-07-13;0;78.3522736906942
12;2025-07-13;1;0.0
12;2025-07-13;2;0.0
12;2025-07-13;3;0.0
12;2025-07-13;4;0.0
12;2025-07-13;5;139.44668245753417
12;2025-07-13;6;544.4236013212358
12;2025-07-13;7;591.0656683103125
12;2025-07-13;8;678.4585118841485
12;2025-07-13;9;828.8599204778752
12;2025-07-13;10;992.6183102501652
12;2025-07-13;11;1112.3926491550935
12;2025-07-13;12;1159.1234262165701
12;2025-07-13;13;1302.374610156743
12;2025-07-13;14;1296.9965298038485
12;2025-07-13;15;1169.1144773098893
12;2025-07-13;16;1238.837902546771
12;2025-07-13;17;1297.2766698138275
12;2025-07-13;18;1125.4945035273536
12;2025-07-13;19;985.0781581944334
12;2025-07-13;20;776.4737466517852
12;2025-07-13;21;582.1417852836094
12;2025-07-13;22;380.19446396149607
12;2025-07-13;23;221.9577912748644
12;2025-07-14;0;61.68728847505396
12;2025-07-14;1;0.0
12;2025-07-14;2;0.0
12;2025-07-14;3;0.0
12;2025-07-14;4;0.0
12;2025-07-14;5;277.232195925641
12;2025-07-14;6;1296.9193434145623
12;2025-07-14;7;2421.6826201653203
12;2025-07-14;8;3183.2124766924726
12;2025-07-14;9;2232.1927499028284
12;2025-07-14;10;1762.821025248237
12;2025-07-14;11;1698.0029246768677
12;2025-07-14;12;1756.247760166006
12;2025-07-14;13;1745.118067257556
12;2025-07-14;14;1772.569570649804
12;2025-07-14;15;2053.6516863259517
12;2025-07-14;16;2419.5170563678
12;2025-07-14;17;2714.85883702549
12;2025-07-14;18;2787.1286683888366
12;2025-07-14;19;2300.883868366735
12;2025-07-14;20;1554.6925283342925
12;2025-07-14;21;824.4551879456617
12;2025-07-14;22;449.1907920967328
12;2025-07-14;23;247.80727390978984
17;2025-05-15;0;124.94669533157608
17;2025-05-15;1;0.0
17;2025-05-15;2;0.0
17;2025-05-15;3;0.0
17;2025-05-15;4;0.0
17;2025-05-15;5;243.9855338138377
17;2025-05-15;6;1525.845862838191
17;2025-05-15;7;3851.387413399248
17;2025-05-15;8;5352.852342186783
17;2025-05-15;9;3819.661208618278
17;2025-05-15;10;3056.887797693686
17;2025-05-15;11;2983.9959950214534
17;2025-05-15;12;3053.3970897769386
17;2025-05-15;13;3076.672439986848
17;2025-05-15;14;3135.5755648672057
17;2025-05-15;15;3209.120782874848
17;2025-05-15;16;3730.2769813007553
17;2025-05-15;17;4434.393241380656
17;2025-05-15;18;4824.290710254116
17;2025-05-15;19;3533.586177898448
17;2025-05-15;20;2501.84537269317
17;2025-05-15;21;1615.185923131859
17;2025-05-15;22;874.9478189017013
17;2025-05-15;23;397.3588340739175
17;2025-05-16;0;130.79155377050273
17;2025-05-16;1;0.0
17;2025-05-16;2;0.0
17;2025-05-16;3;0.0
17;2025-05-16;4;0.0
17;2025-05-16;5;225.9324487022968
17;2025-05-16;6;1396.3365289549797
17;2025-05-16;7;3654.9478338050303
17;2025-05-16;8;4944.4511252836055
17;2025-05-16;9;3561.0766127060197
17;2025-05-16;10;2956.3897348847895
17;2025-05-16;11;2906.9822633983767
17;2025-05-16;12;3010.1140417246033
17;2025-05-16;13;3047.2453640533477
17;2025-05-16;14;3080.8352049559417
17;2025-05-16;15;3382.0069898689053
17;2025-05-16;16;3928.789823080092
17;2025-05-16;17;4199.88125240642
17;2025-05-16;18;4033.217263520034
17;2025-05-16;19;3063.9965841429776
17;2025-05-16;20;2300.0708195492366
17;2025-05-16;21;1531.4645106508076
17;2025-05-16;22;869.2953749311991
17;2025-05-16;23;418.7982164061616
17;2025-05-17;0;199.37744503515898
17;2025-05-17;1;0.0
17;2025-05-17;2;0.0
17;2025-05-17;3;0.0
17;2025-05-17;4;0.0
17;2025-05-17;5;92.03656907482853
17;2025-05-17;6;537.3155095660316
17;2025-05-17;7;1073.1125263866104
17;2025-05-17;8;1687.8760227007315
17;2025-05-17;9;1986.4504680331197
17;2025-05-17;10;2227.9323875385603
17;2025-05-17;11;2680.3987875671537
17;2025-05-17;12;2990.9580364010067
17;2025-05-17;13;3102.3241304882135
17;2025-05-17;14;3111.528362065391
17;2025-05-17;15;3116.998984998855
17;2025-05-17;16;3033.2446895380963
17;2025-05-17;17;3013.7796271891248
17;2025-05-17;18;2787.566531820956
17;2025-05-17;19;2405.676634483558
17;2025-05-17;20;1938.414438652705
17;2025-05-17;21;1434.5034560681966
17;2025-05-17;22;856.9965615938066
17;2025-05-17;23;419.88165440436217
17;2025-05-18;0;162.6986292075517
17;2025-05-18;1;0.0
17;2025-05-18;2;0.0
17;2025-05-18;3;0.0
17;2025-05-18;4;0.0
17;2025-05-18;5;71.5947999335458
17;2025-05-18;6;422.41042657131777
17;2025-05-18;7;757.5954167110854
17;2025-05-18;8;1193.942953830377
17;2025-05-18;9;1542.8265552554321
17;2025-05-18;10;1812.250362045585
17;2025-05-18;11;2240.0490286047025
17;2025-05-18;12;2560.8717106198083
17;2025-05-18;13;2715.3211170926756
17;2025-05-18;14;2736.7106565303884
17;2025-05-18;15;2675.6951042874807
17;2025-05-18;16;2641.8023637372467
17;2025-05-18;17;2523.806308170666
17;2025-05-18;18;2321.9061212437346
17;2025-05-18;19;1935.6846667958584
17;2025-05-18;20;1573.1558083555647
17;2025-05-18;21;1146.3204393721307
17;2025-05-18;22;698.5211417303622
17;2025-05-18;23;304.1860091640723
17;2025-05-19;0;92.62264834973965
17;2025-05-19;1;0.0
17;2025-05-19;2;0.0
17;2025-05-19;3;0.0
17;2025-05-19;4;0.0
17;2025-05-19;5;222.30446022688875
17;2025-05-19;6;1422.914547239693
17;2025-05-19;7;3639.3680880095826
17;2025-05-19;8;4969.852954136926
17;2025-05-19;9;3522.585325911511
17;2025-05-19;10;2716.942390586393
17;2025-05-19;11;2643.093979271753
17;2025-05-19;12;2694.7525967281445
17;2025-05-19;13;2723.9956625134746
17;2025-05-19;14;2689.56492131732
17;2025-05-19;15;2914.709135721583
17;2025-05-19;16;3364.1958005856877
17;2025-05-19;17;4146.971136500316
17;2025-05-19;18;4579.052696156967
17;2025-05-19;19;3341.214291603216
17;2025-05-19;20;2295.974222399347
17;2025-05-19;21;1387.7279261797676
17;2025-05-19;22;739.0970304210587
17;2025-05-19;23;315.9032188996522
17;2025-05-20;0;104.24772212550587
17;2025-05-20;1;0.0
17;2025-05-20;2;0.0
17;2025-05-20;3;0.0
17;2025-05-20;4;0.0
17;2025-05-20;5;233.08866090441438
17;2025-05-20;6;1469.1789095735462
17;2025-05-20;7;3820.962275530813
17;2025-05-20;8;5140.897887053457
17;2025-05-20;9;3679.456257250025
17;2025-05-20;10;2865.9809963450016
17;2025-05-20;11;2749.5611454668388
17;2025-05-20;12;2746.28512067895
17;2025-05-20;13;2771.607219816814
17;2025-05-20;14;2830.9491410848595
17;2025-05-20;15;2903.5588554038627
17;2025-05-20;16;3452.0417430366797
17;2025-05-20;17;4224.346139917049
17;2025-05-20;18;4587.181565773046
17;2025-05-20;19;3390.7905060899557
17;2025-05-20;20;2349.2479898395186
17;2025-05-20;21;1431.7022648151883
17;2025-05-20;22;775.6200104167103
17;2025-05-20;23;351.7744183433619
17;2025-05-21;0;118.87766453260807
17;2025-05-21;1;0.0
17;2025-05-21;2;0.0
17;2025-05-21;3;0.0
17;2025-05-21;4;0.0
17;2025-05-21;5;234.7303139501086
17;2025-05-21;6;1449.8435136058913
17;2025-05-21;7;3748.3030276099335
17;2025-05-21;8;5059.092681064127
17;2025-05-21;9;3679.614410257471
17;2025-05-21;10;2885.1494073830163
17;2025-05-21;11;2750.699117056547
17;2025-05-21;12;2802.5441597766303
17;2025-05-21;13;2855.256072412376
17;2025-05-21;14;2919.6565981171307
17;2025-05-21;15;3060.287852044335
17;2025-05-21;16;3492.1823945369715
17;2025-05-21;17;4186.591211245061
17;2025-05-21;18;4501.329480311368
17;2025-05-21;19;3381.5751244474573
17;2025-05-21;20;2384.3735908056588
17;2025-05-21;21;1565.1019715718392
17;2025-05-21;22;858.8285739923554
17;2025-05-21;23;399.40969442249263
17;2025-05-22;0;127.76500008889771
17;2025-05-22;1;0.0
17;2025-05-22;2;0.0
17;2025-05-22;3;0.0
17;2025-05-22;4;0.0
17;2025-05-22;5;244.16867711519092
17;2025-05-22;6;1521.2723712468865
17;2025-05-22;7;3892.8359261692212
17;2025-05-22;8;5356.615639471127
17;2025-05-22;9;3822.4658323903686
17;2025-05-22;10;3011.4340146280156
17;2025-05-22;11;2929.6317313324253
17;2025-05-22;12;3004.575070511818
17;2025-05-22;13;3049.1251937911793
17;2025-05-22;14;3101.288701622482
17;2025-05-22;15;3167.1062255695197
17;2025-05-22;16;3688.6613445296075
17;2025-05-22;17;4389.63164071595
17;2025-05-22;18;4787.847402778983
17;2025-05-22;19;3517.853574127113
17;2025-05-22;20;2502.607786165115
17;2025-05-22;21;1614.54204741693
17;2025-05-22;22;871.9571604235061
17;2025-05-22;23;397.03491089019764
17;2025-05-23;0;132.0063267864203
17;2025-05-23;1;0.0
17;2025-05-23;2;0.0
17;2025-05-23;3;0.0
17;2025-05-23;4;0.0
17;2025-05-23;5;227.67741372000216
17;2025-05-23;6;1403.4854804714537
17;2025-05-23;7;3697.915373165068
17;2025-05-23;8;4978.53442387104
17;2025-05-23;9;3586.579207953817
17;2025-05-23;10;2938.5993717360516
17;2025-05-23;11;2886.3869062554877
17;2025-05-23;12;2998.2254008710024
17;2025-05-23;13;3062.909910155995
17;2025-05-23;14;3096.2081773660375
17;2025-05-23;15;3393.733848999669
17;2025-05-23;16;3929.8634531174375
17;2025-05-23;17;4202.999920005679
17;2025-05-23;18;4054.6691133317545
17;2025-05-23;19;3087.803421856378
17;2025-05-23;20;2328.381512591017
17;2025-05-23;21;1548.002100959744
17;2025-05-23;22;877.4807678066679
17;2025-05-23;23;424.8772831078258
17;2025-05-24;0;200.97486793845587
17;2025-05-24;1;0.0
17;2025-05-24;2;0.0
17;2025-05-24;3;0.0
17;2025-05-24;4;0.0
17;2025-05-24;5;92.66732576421205
17;2025-05-24;6;539.1944918137378
17;2025-05-24;7;1080.2529734700015
17;2025-05-24;8;1684.4194123840252
17;2025-05-24;9;1990.282876550961
17;2025-05-24;10;2241.1533724304863
17;2025-05-24;11;2697.5461279892943
17;2025-05-24;12;3007.0336098746147
17;2025-05-24;13;3106.719946107335
17;2025-05-24;14;3120.0528608390623
17;2025-05-24;15;3128.89616838436
17;2025-05-24;16;3018.6235464129536
17;2025-05-24;17;3014.5308262235394
17;2025-05-24;18;2796.374464901779
17;2025-05-24;19;2417.239528905203
17;2025-05-24;20;1958.6637669442653
17;2025-05-24;21;1447.406288248199
17;2025-05-24;22;864.3156599964607
17;2025-05-24;23;425.98294116894783
17;2025-05-25;0;170.23676726951157
17;2025-05-25;1;0.0
17;2025-05-25;2;0.0
17;2025-05-25;3;0.0
17;2025-05-25;4;0.0
17;2025-05-25;5;75.25446410221863
17;2025-05-25;6;438.746767006607
17;2025-05-25;7;785.6165359049614
17;2025-05-25;8;1226.1592783354708
17;2025-05-25;9;1597.1692265891757
17;2025-05-25;10;1893.3202935799459
17;2025-05-25;11;2342.3923985600577
17;2025-05-25;12;2675.6007228914777
17;2025-05-25;13;2826.8606421121044
17;2025-05-25;14;2850.966155341677
17;2025-05-25;15;2792.547255121963
17;2025-05-25;16;2731.462090621248
17;2025-05-25;17;2616.8722089170324
17;2025-05-25;18;2403.8667502290523
17;2025-05-25;19;2007.4336488717327
17;2025-05-25;20;1652.3869154205424
17;2025-05-25;21;1205.2606433062592
17;2025-05-25;22;735.8123198831868
17;2025-05-25;23;319.4570979136514
17;2025-05-26;0;96.04527521458226
17;2025-05-26;1;0.0
17;2025-05-26;2;0.0
17;2025-05-26;3;0.0
17;2025-05-26;4;0.0
17;2025-05-26;5;230.16972085717936
17;2025-05-26;6;1458.9091603532843
17;2025-05-26;7;3788.370141274209
17;2025-05-26;8;5166.332797678371
17;2025-05-26;9;3631.2000285756585
17;2025-05-26;10;2799.9444169320523
17;2025-05-26;11;2720.8807332358865
17;2025-05-26;12;2775.571429437892
17;2025-05-26;13;2812.5945241692834
17;2025-05-26;14;2774.8200978506275
17;2025-05-26;15;3001.3167258379026
17;2025-05-26;16;3451.158970208614
17;2025-05-26;17;4245.2930530255435
17;2025-05-26;18;4707.653769541455
17;2025-05-26;19;3443.741985437327
17;2025-05-26;20;2382.982091844201
17;2025-05-26;21;1445.3102288757534
17;2025-05-26;22;767.7804537001394
17;2025-05-26;23;322.38241777391363
17;2025-05-27;0;109.3386314442069
17;2025-05-27;1;0.0
17;2025-05-27;2;0.0
17;2025-05-27;3;0.0
17;2025-05-27;4;0.0
17;2025-05-27;5;244.6383562500924
17;2025-05-27;6;1524.7093622250277
17;2025-05-27;7;4019.751821068975
17;2025-05-27;8;5423.5875192924395
17;2025-05-27;9;3826.764169619981
17;2025-05-27;10;3004.5909164754557
17;2025-05-27;11;2883.3173412039605
17;2025-05-27;12;2889.8946612364425
17;2025-05-27;13;2934.1669400977808
17;2025-05-27;14;2995.520345092932
17;2025-05-27;15;3059.299484783263
17;2025-05-27;16;3602.628718880645
17;2025-05-27;17;4378.491498267426
17;2025-05-27;18;4774.492805821183
17;2025-05-27;19;3529.8795645550326
17;2025-05-27;20;2483.3288533517157
17;2025-05-27;21;1524.355637158971
17;2025-05-27;22;828.3670389083293
17;2025-05-27;23;368.20196769143627
17;2025-05-28;0;122.58424964926897
17;2025-05-28;1;0.0
17;2025-05-28;2;0.0
17;2025-05-28;3;0.0
17;2025-05-28;4;0.0
17;2025-05-28;5;244.19517724709863
17;2025-05-28;6;1495.5641089139008
17;2025-05-28;7;3899.173824929908
17;2025-05-28;8;5289.159059041085
17;2025-05-28;9;3804.486592050135
17;2025-05-28;10;3006.6755183539126
17;2025-05-28;11;2864.5551625396743
17;2025-05-28;12;2930.8587333937585
17;2025-05-28;13;3001.596264619203
17;2025-05-28;14;3068.5078417533805
17;2025-05-28;15;3191.821819203471
17;2025-05-28;16;3617.7573884175526
17;2025-05-28;17;4318.2785299217485
17;2025-05-28;18;4668.1143326412375
17;2025-05-28;19;3507.2248401416387
17;2025-05-28;20;2487.8714830035838
17;2025-05-28;21;1630.6892404702621
17;2025-05-28;22;893.001429802268
17;2025-05-28;23;417.12380204766134
17;2025-05-29;0;125.64158974025415
17;2025-05-29;1;0.0
17;2025-05-29;2;0.0
17;2025-05-29;3;0.0
17;2025-05-29;4;0.0
17;2025-05-29;5;240.13527170442882
17;2025-05-29;6;1492.1935758602972
17;2025-05-29;7;3821.0709643226246
17;2025-05-29;8;5267.388857967455
17;2025-05-29;9;3735.6301867827897
17;2025-05-29;10;2959.4527436412054
17;2025-05-29;11;2872.6221607978177
17;2025-05-29;12;2947.274917670455
17;2025-05-29;13;2986.4480749302547
17;2025-05-29;14;3032.7380916025068
17;2025-05-29;15;3088.2904808853164
17;2025-05-29;16;3610.5635884599674
17;2025-05-29;17;4299.4901301009795
17;2025-05-29;18;4679.709008792374
17;2025-05-29;19;3444.989631327013
17;2025-05-29;20;2459.8081310511216
17;2025-05-29;21;1586.9534231804232
17;2025-05-29;22;856.0888848439375
17;2025-05-29;23;396.4227841966053
17;2025-05-30;0;130.87793637918793
17;2025-05-30;1;0.0
17;2025-05-30;2;0.0
17;2025-05-30;3;0.0
17;2025-05-30;4;0.0
17;2025-05-30;5;226.16170697512214
17;2025-05-30;6;1389.5507979532335
17;2025-05-30;7;3664.873107166949
17;2025-05-30;8;4940.003191344773
17;2025-05-30;9;3532.655075663173
17;2025-05-30;10;2904.9355693080433
17;2025-05-30;11;2856.6101028977764
17;2025-05-30;12;2961.90646062463
17;2025-05-30;13;3019.1490148798694
17;2025-05-30;14;3050.20814228568
17;2025-05-30;15;3341.3117980155794
17;2025-05-30;16;3866.901224135605
17;2025-05-30;17;4136.412486271445
17;2025-05-30;18;3984.4064338612056
17;2025-05-30;19;3041.2520907152375
17;2025-05-30;20;2302.6234271811973
17;2025-05-30;21;1529.2147685279272
17;2025-05-30;22;867.6277773247524
17;2025-05-30;23;421.26311100075606
17;2025-05-31;0;197.3557087368961
17;2025-05-31;1;0.0
17;2025-05-31;2;0.0
17;2025-05-31;3;0.0
17;2025-05-31;4;0.0
17;2025-05-31;5;91.15861656124554
17;2025-05-31;6;527.8623331406814
17;2025-05-31;7;1045.5193161919592
17;2025-05-31;8;1606.1782909268059
17;2025-05-31;9;1956.7734773660745
17;2025-05-31;10;2196.305106018276
17;2025-05-31;11;2652.980731769485
17;2025-05-31;12;2957.01691040244
17;2025-05-31;13;3044.6904383543706
17;2025-05-31;14;3054.916541012979
17;2025-05-31;15;3053.243531349806
17;2025-05-31;16;2939.012757942694
17;2025-05-31;17;2950.33768109669
17;2025-05-31;18;2741.9629315626526
17;2025-05-31;19;2371.017839317202
17;2025-05-31;20;1932.0716724432866
17;2025-05-31;21;1424.181621986526
17;2025-05-31;22;850.6253485310782
17;2025-05-31;23;419.4709892441198
17;2025-06-01;0;164.21416207947493
17;2025-06-01;1;0.0
17;2025-06-01;2;0.0
17;2025-06-01;3;0.0
17;2025-06-01;4;0.0
17;2025-06-01;5;72.78970519221969
17;2025-06-01;6;420.84120925788477
17;2025-06-01;7;756.1343697472489
17;2025-06-01;8;1175.070834878596
17;2025-06-01;9;1543.968450070824
17;2025-06-01;10;1814.7118788594566
17;2025-06-01;11;2254.0297284354033
17;2025-06-01;12;2576.1013731652747
17;2025-06-01;13;2720.231751162679
17;2025-06-01;14;2741.7967056368216
17;2025-06-01;15;2679.9559873522726
17;2025-06-01;16;2624.6467299256024
17;2025-06-01;17;2517.188167660459
17;2025-06-01;18;2312.304363367364
17;2025-06-01;19;1930.2592529671015
17;2025-06-01;20;1592.042266408057
17;2025-06-01;21;1159.193680992008
17;2025-06-01;22;709.4177481116658
17;2025-06-01;23;308.5199944948633
17;2025-06-02;0;94.7255702575833
17;2025-06-02;1;0.0
17;2025-06-02;2;0.0
17;2025-06-02;3;0.0
17;2025-06-02;4;0.0
17;2025-06-02;5;227.76341739120363
17;2025-06-02;6;1433.0591041446742
17;2025-06-02;7;3698.3259293827823
17;2025-06-02;8;5014.223305662248
17;2025-06-02;9;3574.848989481021
17;2025-06-02;10;2774.6656838152485
17;2025-06-02;11;2696.1712227750054
17;2025-06-02;12;2757.1063000801287
17;2025-06-02;13;2777.202392206173
17;2025-06-02;14;2731.8129366585918
17;2025-06-02;15;2929.8354132106047
17;2025-06-02;16;3365.26302788929
17;2025-06-02;17;4166.16331306314
17;2025-06-02;18;4642.30786347397
17;2025-06-02;19;3399.579436539182
17;2025-06-02;20;2363.489136708669
17;2025-06-02;21;1427.7617704343647
17;2025-06-02;22;760.605197728388
17;2025-06-02;23;321.1340496494173
17;2025-06-03;0;105.40105609390068
17;2025-06-03;1;0.0
17;2025-06-03;2;0.0
17;2025-06-03;3;0.0
17;2025-06-03;4;0.0
17;2025-06-03;5;235.45312265356318
17;2025-06-03;6;1457.1319708978856
17;2025-06-03;7;3810.188647056396
17;2025-06-03;8;5096.976828837103
17;2025-06-03;9;3674.999503001075
17;2025-06-03;10;2892.2639807530963
17;2025-06-03;11;2777.9215229613
17;2025-06-03;12;2792.8889437992552
17;2025-06-03;13;2813.86341648523
17;2025-06-03;14;2865.1838637663063
17;2025-06-03;15;2901.198065023698
17;2025-06-03;16;3412.641854425372
17;2025-06-03;17;4189.511580450948
17;2025-06-03;18;4566.337486274295
17;2025-06-03;19;3378.467922527731
17;2025-06-03;20;2398.1487352095974
17;2025-06-03;21;1464.322223579722
17;2025-06-03;22;794.2263199543831
17;2025-06-03;23;361.9849621797706
17;2025-06-04;0;121.43631261360214
17;2025-06-04;1;0.0
17;2025-06-04;2;0.0
17;2025-06-04;3;0.0
17;2025-06-04;4;0.0
17;2025-06-04;5;241.66446719152984
17;2025-06-04;6;1467.6359545077678
17;2025-06-04;7;3806.1440367606265
17;2025-06-04;8;5124.7471057075545
17;2025-06-04;9;3754.431781631723
17;2025-06-04;10;2974.8601228547777
17;2025-06-04;11;2837.4684826613448
17;2025-06-04;12;2911.202176570394
17;2025-06-04;13;2963.440214411376
17;2025-06-04;14;3024.3489301639447
17;2025-06-04;15;3125.8442499675857
17;2025-06-04;16;3534.1361500446214
17;2025-06-04;17;4253.7071261166975
17;2025-06-04;18;4606.842503630778
17;2025-06-04;19;3458.0814464074488
17;2025-06-04;20;2469.2494119911
17;2025-06-04;21;1613.0958918570884
17;2025-06-04;22;885.8486210585922
17;2025-06-04;23;415.56943105055984
17;2025-06-05;0;126.22834700025538
17;2025-06-05;1;0.0
17;2025-06-05;2;0.0
17;2025-06-05;3;0.0
17;2025-06-05;4;0.0
17;2025-06-05;5;240.40902199606444
17;2025-06-05;6;1483.1562332803746
17;2025-06-05;7;3780.648457706854
17;2025-06-05;8;5167.355756644954
17;2025-06-05;9;3729.4948648941845
17;2025-06-05;10;2963.0336032385085
17;2025-06-05;11;2881.0480424834495
17;2025-06-05;12;2965.380509201208
17;2025-06-05;13;2987.899938866546
17;2025-06-05;14;3031.979395773123
17;2025-06-05;15;3070.811848424096
17;2025-06-05;16;3574.805767407447
17;2025-06-05;17;4293.797855495978
17;2025-06-05;18;4685.827215312762
17;2025-06-05;19;3444.061632923843
17;2025-06-05;20;2478.4652069723293
17;2025-06-05;21;1594.539455820162
17;2025-06-05;22;862.3742105896674
17;2025-06-05;23;398.6363312884332
17;2025-06-06;0;128.49841122898601
17;2025-06-06;1;0.0
17;2025-06-06;2;0.0
17;2025-06-06;3;0.0
17;2025-06-06;4;0.0
17;2025-06-06;5;221.8781588992657
17;2025-06-06;6;1356.698436356294
17;2025-06-06;7;3559.4756803600308
17;2025-06-06;8;4764.516928272327
17;2025-06-06;9;3471.215753997715
17;2025-06-06;10;2858.717066850273
17;2025-06-06;11;2810.7423914099095
17;2025-06-06;12;2923.727421537749
17;2025-06-06;13;2970.6916376825425
17;2025-06-06;14;2993.8658200060654
17;2025-06-06;15;3255.777722709337
17;2025-06-06;16;3774.9758069379295
17;2025-06-06;17;4060.187282848511
17;2025-06-06;18;3920.7454852353403
17;2025-06-06;19;2989.6993329207435
17;2025-06-06;20;2276.6621168791635
17;2025-06-06;21;1508.0047036440023
17;2025-06-06;22;857.0679522153247
17;2025-06-06;23;419.07027952138037
17;2025-06-07;0;187.37921269401215
17;2025-06-07;1;0.0
17;2025-06-07;2;0.0
17;2025-06-07;3;0.0
17;2025-06-07;4;0.0
17;2025-06-07;5;89.65905969672741
17;2025-06-07;6;517.6324381916991
17;2025-06-07;7;1010.0954764426605
17;2025-06-07;8;1530.9918157802106
17;2025-06-07;9;1856.5318541070735
17;2025-06-07;10;2076.342999858808
17;2025-06-07;11;2507.091368089521
17;2025-06-07;12;2778.3717326202996
17;2025-06-07;13;2864.276443625597
17;2025-06-07;14;2869.9583894059538
17;2025-06-07;15;2865.943892789225
17;2025-06-07;16;2787.7740540943455
17;2025-06-07;17;2792.745845736912
17;2025-06-07;18;2602.082380784552
17;2025-06-07;19;2250.894054018623
17;2025-06-07;20;1823.2311770785682
17;2025-06-07;21;1339.8636724786265
17;2025-06-07;22;800.4711955223596
17;2025-06-07;23;396.44518476585415
17;2025-06-08;0;156.77098033321568
17;2025-06-08;1;0.0
17;2025-06-08;2;0.0
17;2025-06-08;3;0.0
17;2025-06-08;4;0.0
17;2025-06-08;5;72.04112056609976
17;2025-06-08;6;430.86989210246776
17;2025-06-08;7;775.0944279418861
17;2025-06-08;8;1150.0158770775531
17;2025-06-08;9;1482.5472142850772
17;2025-06-08;10;1733.9462384360547
17;2025-06-08;11;2150.2895236908917
17;2025-06-08;12;2441.9220616505663
17;2025-06-08;13;2576.987382432219
17;2025-06-08;14;2593.003197153828
17;2025-06-08;15;2532.439380096911
17;2025-06-08;16;2504.1690940069725
17;2025-06-08;17;2408.2833220584866
17;2025-06-08;18;2225.9737922680624
17;2025-06-08;19;1860.3381135818108
17;2025-06-08;20;1525.8016122302242
17;2025-06-08;21;1109.8047016553376
17;2025-06-08;22;679.0477833353189
17;2025-06-08;23;297.5368561829909
17;2025-06-09;0;93.1541828393086
17;2025-06-09;1;0.0
17;2025-06-09;2;0.0
17;2025-06-09;3;0.0
17;2025-06-09;4;0.0
17;2025-06-09;5;220.71747608786592
17;2025-06-09;6;1384.8384748910976
17;2025-06-09;7;3580.8092214747903
17;2025-06-09;8;4852.752587723877
17;2025-06-09;9;3450.110857410485
17;2025-06-09;10;2675.903031559602
17;2025-06-09;11;2599.5246459147
17;2025-06-09;12;2659.752602596795
17;2025-06-09;13;2679.484282513369
17;2025-06-09;14;2637.663473866444
17;2025-06-09;15;2833.15070509237
17;2025-06-09;16;3258.807077627696
17;2025-06-09;17;4034.6795175657317
17;2025-06-09;18;4469.574941414729
17;2025-06-09;19;3269.9096941133976
17;2025-06-09;20;2286.9864671958476
17;2025-06-09;21;1380.0645563663288
17;2025-06-09;22;733.1126285393419
17;2025-06-09;23;316.51813334954784
17;2025-06-10;0;107.67426590806917
17;2025-06-10;1;0.0
17;2025-06-10;2;0.0
17;2025-06-10;3;0.0
17;2025-06-10;4;0.0
17;2025-06-10;5;239.35118083720238
17;2025-06-10;6;1480.7062644819996
17;2025-06-10;7;3899.8623064853637
17;2025-06-10;8;5230.592188292883
17;2025-06-10;9;3739.164327812561
17;2025-06-10;10;2944.9738017724376
17;2025-06-10;11;2829.054311581584
17;2025-06-10;12;2845.3540729719143
17;2025-06-10;13;2875.281922115174
17;2025-06-10;14;2932.8109438171114
17;2025-06-10;15;2980.146710426636
17;2025-06-10;16;3498.366826038342
17;2025-06-10;17;4273.528041482907
17;2025-06-10;18;4660.245326205461
17;2025-06-10;19;3441.911130094168
17;2025-06-10;20;2433.8835280425174
17;2025-06-10;21;1484.9347855952524
17;2025-06-10;22;813.6060745631726
17;2025-06-10;23;364.6225799635338
17;2025-06-11;0;119.58755976421983
17;2025-06-11;1;0.0
17;2025-06-11;2;0.0
17;2025-06-11;3;0.0
17;2025-06-11;4;0.0
17;2025-06-11;5;235.96517620230043
17;2025-06-11;6;1434.3522348058987
17;2025-06-11;7;3717.1264947530312
17;2025-06-11;8;5002.125883758516
17;2025-06-11;9;3665.2119848868083
17;2025-06-11;10;2903.17400333446
17;2025-06-11;11;2768.937392014204
17;2025-06-11;12;2841.5919133286034
17;2025-06-11;13;2892.503183461177
17;2025-06-11;14;2953.7804498864525
17;2025-06-11;15;3047.836623768725
17;2025-06-11;16;3443.724309171522
17;2025-06-11;17;4137.274688103906
17;2025-06-11;18;4450.291624773883
17;2025-06-11;19;3342.990468134851
17;2025-06-11;20;2392.582757829199
17;2025-06-11;21;1560.777414214811
17;2025-06-11;22;863.1952937489561
17;2025-06-11;23;406.43683748248975
17;2025-06-12;0;170.32374025187622
17;2025-06-12;1;0.0
17;2025-06-12;2;0.0
17;2025-06-12;3;0.0
17;2025-06-12;4;0.0
17;2025-06-12;5;76.34897728058488
17;2025-06-12;6;420.90208217056033
17;2025-06-12;7;819.733792898576
17;2025-06-12;8;1226.6204354537613
17;2025-06-12;9;1541.3176105836255
17;2025-06-12;10;1749.2828388684416
17;2025-06-12;11;2112.393857886025
17;2025-06-12;12;2495.0708151191484
17;2025-06-12;13;2640.163204014455
17;2025-06-12;14;2678.8442353799237
17;2025-06-12;15;2674.8977626630976
17;2025-06-12;16;2633.9444999934954
17;2025-06-12;17;2560.832583654096
17;2025-06-12;18;2379.29373196417
17;2025-06-12;19;2042.5243370520384
17;2025-06-12;20;1689.27801622055
17;2025-06-12;21;1252.293075033569
17;2025-06-12;22;762.8312508875308
17;2025-06-12;23;355.0052634399548
17;2025-06-13;0;161.0392613771292
17;2025-06-13;1;0.0
17;2025-06-13;2;0.0
17;2025-06-13;3;0.0
17;2025-06-13;4;0.0
17;2025-06-13;5;77.5386475650024
17;2025-06-13;6;438.05719310317045
17;2025-06-13;7;836.8395294156123
17;2025-06-13;8;1194.471628277893
17;2025-06-13;9;1478.4422791952593
17;2025-06-13;10;1646.284891072543
17;2025-06-13;11;1980.186620363329
17;2025-06-13;12;2332.2958770613714
17;2025-06-13;13;2489.5278060714963
17;2025-06-13;14;2518.6666691552236
17;2025-06-13;15;2509.0068445396755
17;2025-06-13;16;2489.5735546519436
17;2025-06-13;17;2428.6599580315533
17;2025-06-13;18;2274.8164902337885
17;2025-06-13;19;1959.648429896771
17;2025-06-13;20;1605.4688979976916
17;2025-06-13;21;1195.7454326976729
17;2025-06-13;22;727.0557778673565
17;2025-06-13;23;337.3035667792626
17;2025-06-14;0;184.8321229747562
17;2025-06-14;1;0.0
17;2025-06-14;2;0.0
17;2025-06-14;3;0.0
17;2025-06-14;4;0.0
17;2025-06-14;5;90.08196966531796
17;2025-06-14;6;516.9240753195388
17;2025-06-14;7;1005.6738544203911
17;2025-06-14;8;1520.1743415960154
17;2025-06-14;9;1840.3001824858384
17;2025-06-14;10;2055.296264747648
17;2025-06-14;11;2473.1762057386586
17;2025-06-14;12;2741.746565828914
17;2025-06-14;13;2824.3964449605473
17;2025-06-14;14;2829.839727573355
17;2025-06-14;15;2821.8206059083373
17;2025-06-14;16;2746.3157944878976
17;2025-06-14;17;2741.6728709700383
17;2025-06-14;18;2539.031954316954
17;2025-06-14;19;2199.343375665192
17;2025-06-14;20;1786.100117768974
17;2025-06-14;21;1311.0871002137692
17;2025-06-14;22;788.0489508377746
17;2025-06-14;23;387.6189443386179
17;2025-06-15;0;152.99271453550568
17;2025-06-15;1;0.0
17;2025-06-15;2;0.0
17;2025-06-15;3;0.0
17;2025-06-15;4;0.0
17;2025-06-15;5;71.08060323599737
17;2025-06-15;6;427.5400766513859
17;2025-06-15;7;772.6381928269539
17;2025-06-15;8;1145.3069814165658
17;2025-06-15;9;1466.6592143535763
17;2025-06-15;10;1715.9926563986776
17;2025-06-15;11;2125.016361512858
17;2025-06-15;12;2413.220270203231
17;2025-06-15;13;2548.3012523206635
17;2025-06-15;14;2563.5150059674324
17;2025-06-15;15;2495.9727794585683
17;2025-06-15;16;2470.482590296668
17;2025-06-15;17;2367.283814946731
17;2025-06-15;18;2177.3183360389553
17;2025-06-15;19;1820.8784363997668
17;2025-06-15;20;1493.0307447890705
17;2025-06-15;21;1083.8236804465432
17;2025-06-15;22;665.506250160031
17;2025-06-15;23;291.96366106780783
17;2025-06-16;0;94.10171982791394
17;2025-06-16;1;0.0
17;2025-06-16;2;0.0
17;2025-06-16;3;0.0
17;2025-06-16;4;0.0
17;2025-06-16;5;223.11048902999542
17;2025-06-16;6;1388.1220027220672
17;2025-06-16;7;3613.0697283981335
17;2025-06-16;8;4898.972492499949
17;2025-06-16;9;3474.908706945692
17;2025-06-16;10;2697.044225021275
17;2025-06-16;11;2619.9754182272372
17;2025-06-16;12;2682.3871158223715
17;2025-06-16;13;2705.9363507350004
17;2025-06-16;14;2667.149328469275
17;2025-06-16;15;2866.7233545969193
17;2025-06-16;16;3290.0420200123053
17;2025-06-16;17;4061.044278063452
17;2025-06-16;18;4498.245269553005
17;2025-06-16;19;3290.245059073342
17;2025-06-16;20;2300.4381808336566
17;2025-06-16;21;1384.6615423915116
17;2025-06-16;22;738.9465229486727
17;2025-06-16;23;318.6245759878185
17;2025-06-17;0;100.49221060290124
17;2025-06-17;1;0.0
17;2025-06-17;2;0.0
17;2025-06-17;3;0.0
17;2025-06-17;4;0.0
17;2025-06-17;5;226.55220333769302
17;2025-06-17;6;1373.081320725798
17;2025-06-17;7;3596.529853119087
17;2025-06-17;8;4801.762108931008
17;2025-06-17;9;3460.8379795128335
17;2025-06-17;10;2711.7244444919124
17;2025-06-17;11;2594.639398797337
17;2025-06-17;12;2598.0922665486723
17;2025-06-17;13;2598.1266118465014
17;2025-06-17;14;2643.752191798215
17;2025-06-17;15;2693.6014065450913
17;2025-06-17;16;3196.5172885462944
17;2025-06-17;17;3918.1993946151
17;2025-06-17;18;4255.652304594549
17;2025-06-17;19;3157.828800294228
17;2025-06-17;20;2230.3149350612134
17;2025-06-17;21;1355.2393492181195
17;2025-06-17;22;737.7720842135257
17;2025-06-17;23;338.2518517320706
17;2025-06-18;0;113.62038717321798
17;2025-06-18;1;0.0
17;2025-06-18;2;0.0
17;2025-06-18;3;0.0
17;2025-06-18;4;0.0
17;2025-06-18;5;227.29534193828994
17;2025-06-18;6;1363.2790048413008
17;2025-06-18;7;3533.168672478921
17;2025-06-18;8;4740.098477703654
17;2025-06-18;9;3474.3732165788388
17;2025-06-18;10;2733.538377781969
17;2025-06-18;11;2606.839852758867
17;2025-06-18;12;2661.498699447609
17;2025-06-18;13;2696.2569251225923
17;2025-06-18;14;2748.366756600694
17;2025-06-18;15;2855.4494457433548
17;2025-06-18;16;3258.0336759881366
17;2025-06-18;17;3917.8756028677644
17;2025-06-18;18;4211.981981861734
17;2025-06-18;19;3175.298856487434
17;2025-06-18;20;2262.0116281260307
17;2025-06-18;21;1476.5241259782624
17;2025-06-18;22;817.3270194484496
17;2025-06-18;23;381.8726600737151
17;2025-06-19;0;119.24939351124351
17;2025-06-19;1;0.0
17;2025-06-19;2;0.0
17;2025-06-19;3;0.0
17;2025-06-19;4;0.0
17;2025-06-19;5;227.0985953251946
17;2025-06-19;6;1401.583876403774
17;2025-06-19;7;3566.606725921418
17;2025-06-19;8;4870.357412701307
17;2025-06-19;9;3507.2301210261767
17;2025-06-19;10;2786.824479055734
17;2025-06-19;11;2710.923095116699
17;2025-06-19;12;2795.114056145513
17;2025-06-19;13;2825.3070162971103
17;2025-06-19;14;2870.394443766738
17;2025-06-19;15;2901.6063977937183
17;2025-06-19;16;3388.3758033089043
17;2025-06-19;17;4031.536567607819
17;2025-06-19;18;4346.983023362596
17;2025-06-19;19;3202.7702572342
17;2025-06-19;20;2310.3222931776127
17;2025-06-19;21;1485.0568179220381
17;2025-06-19;22;808.2806055311412
17;2025-06-19;23;375.5518506741002
17;2025-06-20;0;120.99420588023932
17;2025-06-20;1;0.0
17;2025-06-20;2;0.0
17;2025-06-20;3;0.0
17;2025-06-20;4;0.0
17;2025-06-20;5;214.79163713137496
17;2025-06-20;6;1315.4962104728193
17;2025-06-20;7;3435.171269679644
17;2025-06-20;8;4571.612870453259
17;2025-06-20;9;3322.0873143995586
17;2025-06-20;10;2722.7308200743782
17;2025-06-20;11;2677.8501266463377
17;2025-06-20;12;2778.3886001890655
17;2025-06-20;13;2828.1618407859887
17;2025-06-20;14;2849.7608932459625
17;2025-06-20;15;3097.288531062499
17;2025-06-20;16;3604.763946922788
17;2025-06-20;17;3852.2606580640086
17;2025-06-20;18;3702.3184994015755
17;2025-06-20;19;2835.1592393869178
17;2025-06-20;20;2148.1841103733636
17;2025-06-20;21;1421.025300073322
17;2025-06-20;22;817.2477546366581
17;2025-06-20;23;391.0608283690362
17;2025-06-21;0;188.82988197125638
17;2025-06-21;1;0.0
17;2025-06-21;2;0.0
17;2025-06-21;3;0.0
17;2025-06-21;4;0.0
17;2025-06-21;5;88.21813742387852
17;2025-06-21;6;513.2075017487318
17;2025-06-21;7;1026.9976570230667
17;2025-06-21;8;1580.7988227634714
17;2025-06-21;9;1894.2785494955344
17;2025-06-21;10;2127.4652022516375
17;2025-06-21;11;2563.9269330583093
17;2025-06-21;12;2867.723234341108
17;2025-06-21;13;2961.5483482148043
17;2025-06-21;14;2968.839240703906
17;2025-06-21;15;2956.241697300573
17;2025-06-21;16;2857.875033535168
17;2025-06-21;17;2833.4394995191087
17;2025-06-21;18;2597.639703062896
17;2025-06-21;19;2246.2123805664087
17;2025-06-21;20;1849.277657617764
17;2025-06-21;21;1362.0297573771131
17;2025-06-21;22;819.5038870325777
17;2025-06-21;23;403.2317707322479
17;2025-06-22;0;151.07423979525865
17;2025-06-22;1;0.0
17;2025-06-22;2;0.0
17;2025-06-22;3;0.0
17;2025-06-22;4;0.0
17;2025-06-22;5;71.24418051775815
17;2025-06-22;6;427.4482544114202
17;2025-06-22;7;774.5093099571034
17;2025-06-22;8;1152.8185203851472
17;2025-06-22;9;1470.8819095338406
17;2025-06-22;10;1718.5866800655938
17;2025-06-22;11;2125.844228990244
17;2025-06-22;12;2414.938933015905
17;2025-06-22;13;2549.336492434345
17;2025-06-22;14;2565.8320108278513
17;2025-06-22;15;2495.4741808964864
17;2025-06-22;16;2470.0669926325363
17;2025-06-22;17;2359.9140311273813
17;2025-06-22;18;2160.1993634150513
17;2025-06-22;19;1809.169225182934
17;2025-06-22;20;1488.8621660706713
17;2025-06-22;21;1080.3301597504183
17;2025-06-22;22;664.4258187552366
17;2025-06-22;23;291.9568329148193
17;2025-06-23;0;93.67427118919062
17;2025-06-23;1;0.0
17;2025-06-23;2;0.0
17;2025-06-23;3;0.0
17;2025-06-23;4;0.0
17;2025-06-23;5;223.7904959887177
17;2025-06-23;6;1390.4414979338171
17;2025-06-23;7;3632.09276067914
17;2025-06-23;8;4930.449947466193
17;2025-06-23;9;3482.949423449283
17;2025-06-23;10;2707.7404283782726
17;2025-06-23;11;2634.534512519207
17;2025-06-23;12;2701.0846746422553
17;2025-06-23;13;2732.1457239657975
17;2025-06-23;14;2695.503817173306
17;2025-06-23;15;2900.7822588724293
17;2025-06-23;16;3319.7412294918777
17;2025-06-23;17;4067.5272708416496
17;2025-06-23;18;4490.570556850373
17;2025-06-23;19;3284.4821636323672
17;2025-06-23;20;2302.335028442413
17;2025-06-23;21;1388.170955286143
17;2025-06-23;22;744.6811304683781
17;2025-06-23;23;313.9053134804236
17;2025-06-24;0;102.82702448440426
17;2025-06-24;1;0.0
17;2025-06-24;2;0.0
17;2025-06-24;3;0.0
17;2025-06-24;4;0.0
17;2025-06-24;5;233.23065897611673
17;2025-06-24;6;1411.0043652319637
17;2025-06-24;7;3704.5345131460936
17;2025-06-24;8;4952.617996597064
17;2025-06-24;9;3534.2831379027134
17;2025-06-24;10;2786.8845336539953
17;2025-06-24;11;2680.2295636556814
17;2025-06-24;12;2704.5842009347957
17;2025-06-24;13;2740.2891739806764
17;2025-06-24;14;2797.771179833308
17;2025-06-24;15;2846.4907784823326
17;2025-06-24;16;3345.259773583987
17;2025-06-24;17;4051.1682435696002
17;2025-06-24;18;4362.458854299402
17;2025-06-24;19;3228.943206197523
17;2025-06-24;20;2300.578856197383
17;2025-06-24;21;1401.5436384621526
17;2025-06-24;22;764.2255008566608
17;2025-06-24;23;348.42609125713057
17;2025-06-25;0;116.56205730621042
17;2025-06-25;1;0.0
17;2025-06-25;2;0.0
17;2025-06-25;3;0.0
17;2025-06-25;4;0.0
17;2025-06-25;5;235.18023314234432
17;2025-06-25;6;1397.702648504546
17;2025-06-25;7;3627.8278357559684
17;2025-06-25;8;4872.357364774794
17;2025-06-25;9;3543.1715906376153
17;2025-06-25;10;2806.4480976782106
17;2025-06-25;11;2683.7537675042026
17;2025-06-25;12;2761.815085167007
17;2025-06-25;13;2824.3785435943537
17;2025-06-25;14;2888.17700161553
17;2025-06-25;15;2994.2128767134277
17;2025-06-25;16;3386.8454662880877
17;2025-06-25;17;4029.676027085219
17;2025-06-25;18;4292.658758012722
17;2025-06-25;19;3225.783555312822
17;2025-06-25;20;2324.2842323996756
17;2025-06-25;21;1518.3777142631807
17;2025-06-25;22;840.9475782404272
17;2025-06-25;23;393.7890635136743
17;2025-06-26;0;117.00618131282866
17;2025-06-26;1;0.0
17;2025-06-26;2;0.0
17;2025-06-26;3;0.0
17;2025-06-26;4;0.0
17;2025-06-26;5;230.69409936969254
17;2025-06-26;6;1383.9270079805037
17;2025-06-26;7;3519.757022819682
17;2025-06-26;8;4791.373352080704
17;2025-06-26;9;3446.981369292991
17;2025-06-26;10;2720.1989562332346
17;2025-06-26;11;2643.7038242399653
17;2025-06-26;12;2719.9962211451284
17;2025-06-26;13;2737.4424470314157
17;2025-06-26;14;2775.1247252781477
17;2025-06-26;15;2827.3507494623946
17;2025-06-26;16;3316.061532138636
17;2025-06-26;17;3948.706492661887
17;2025-06-26;18;4259.011164365394
17;2025-06-26;19;3142.6900265249187
17;2025-06-26;20;2262.0913159896554
17;2025-06-26;21;1454.1453007722916
17;2025-06-26;22;792.5294290692955
17;2025-06-26;23;366.64244504672087
17;2025-06-27;0;128.05713466997398
17;2025-06-27;1;0.0
17;2025-06-27;2;0.0
17;2025-06-27;3;0.0
17;2025-06-27;4;0.0
17;2025-06-27;5;226.7356436422915
17;2025-06-27;6;1359.4134660681136
17;2025-06-27;7;3562.2807570295627
17;2025-06-27;8;4766.987627984561
17;2025-06-27;9;3426.002671328193
17;2025-06-27;10;2845.4613456936963
17;2025-06-27;11;2809.964286533781
17;2025-06-27;12;2935.3636674250693
17;2025-06-27;13;2997.5090009794512
17;2025-06-27;14;3030.581124337941
17;2025-06-27;15;3305.835040187858
17;2025-06-27;16;3811.349346555685
17;2025-06-27;17;4048.2809851053025
17;2025-06-27;18;3873.968415707479
17;2025-06-27;19;2952.197168288464
17;2025-06-27;20;2269.8465634276135
17;2025-06-27;21;1502.024321176569
17;2025-06-27;22;857.7718044490284
17;2025-06-27;23;416.73714641991273
17;2025-06-28;0;193.55744701057594
17;2025-06-28;1;0.0
17;2025-06-28;2;0.0
17;2025-06-28;3;0.0
17;2025-06-28;4;0.0
17;2025-06-28;5;92.761165244286
17;2025-06-28;6;520.4757758367434
17;2025-06-28;7;1026.1205695753742
17;2025-06-28;8;1570.0973529892804
17;2025-06-28;9;1883.1762941340462
17;2025-06-28;10;2121.900040722921
17;2025-06-28;11;2608.373796444066
17;2025-06-28;12;2922.8346354590594
17;2025-06-28;13;3019.602282597076
17;2025-06-28;14;3029.42933730275
17;2025-06-28;15;3027.3388223169827
17;2025-06-28;16;2924.5923631823357
17;2025-06-28;17;2896.980548130788
17;2025-06-28;18;2658.875817453778
17;2025-06-28;19;2298.030050406014
17;2025-06-28;20;1897.9716440732586
17;2025-06-28;21;1398.1778890370622
17;2025-06-28;22;840.5782698559015
17;2025-06-28;23;417.9469315353738
17;2025-06-29;0;150.06445059816247
17;2025-06-29;1;0.0
17;2025-06-29;2;0.0
17;2025-06-29;3;0.0
17;2025-06-29;4;0.0
17;2025-06-29;5;72.2608810636369
17;2025-06-29;6;420.73764618794496
17;2025-06-29;7;753.1527179898386
17;2025-06-29;8;1112.921169896038
17;2025-06-29;9;1421.0506134110292
17;2025-06-29;10;1662.4150992213183
17;2025-06-29;11;2097.3658056658683
17;2025-06-29;12;2385.739261343432
17;2025-06-29;13;2518.881300189365
17;2025-06-29;14;2534.72504456931
17;2025-06-29;15;2486.753666210677
17;2025-06-29;16;2458.4018329567534
17;2025-06-29;17;2354.7875605374784
17;2025-06-29;18;2165.6060913420374
17;2025-06-29;19;1813.859604453487
17;2025-06-29;20;1499.5598998684777
17;2025-06-29;21;1081.2224606719678
17;2025-06-29;22;665.6583673603648
17;2025-06-29;23;298.900650278543
17;2025-06-30;0;86.50803248700885
17;2025-06-30;1;0.0
17;2025-06-30;2;0.0
17;2025-06-30;3;0.0
17;2025-06-30;4;0.0
17;2025-06-30;5;211.83262474005346
17;2025-06-30;6;1296.0005805661572
17;2025-06-30;7;3340.4165707918855
17;2025-06-30;8;4528.749687853617
17;2025-06-30;9;3212.270944950945
17;2025-06-30;10;2488.0713661794553
17;2025-06-30;11;2415.853818295793
17;2025-06-30;12;2464.8556487004876
17;2025-06-30;13;2485.4809165013494
17;2025-06-30;14;2447.6639425437747
17;2025-06-30;15;2651.359685834079
17;2025-06-30;16;3063.028673486555
17;2025-06-30;17;3762.049689304948
17;2025-06-30;18;4136.981386999574
17;2025-06-30;19;3042.2844948052207
17;2025-06-30;20;2131.4896293460847
17;2025-06-30;21;1270.1164285264206
17;2025-06-30;22;681.3171302997785
17;2025-06-30;23;297.72287799322805
17;2025-07-01;0;98.4629669356994
17;2025-07-01;1;0.0
17;2025-07-01;2;0.0
17;2025-07-01;3;0.0
17;2025-07-01;4;0.0
17;2025-07-01;5;223.02268949107227
17;2025-07-01;6;1345.290838102147
17;2025-07-01;7;3524.195505256925
17;2025-07-01;8;4716.954463637274
17;2025-07-01;9;3372.594870877315
17;2025-07-01;10;2649.170349094894
17;2025-07-01;11;2540.2912816510766
17;2025-07-01;12;2546.534437370563
17;2025-07-01;13;2569.1127509703288
17;2025-07-01;14;2640.5535867678145
17;2025-07-01;15;2721.383679219433
17;2025-07-01;16;3216.802526696738
17;2025-07-01;17;3907.8224775944664
17;2025-07-01;18;4206.601931357056
17;2025-07-01;19;3135.2337366966485
17;2025-07-01;20;2201.9669093193615
17;2025-07-01;21;1336.1434841469563
17;2025-07-01;22;724.6509725232036
17;2025-07-01;23;332.72302369637646
17;2025-07-02;0;115.6636818912423
17;2025-07-02;1;0.0
17;2025-07-02;2;0.0
17;2025-07-02;3;0.0
17;2025-07-02;4;0.0
17;2025-07-02;5;226.23776460581584
17;2025-07-02;6;1358.620053439238
17;2025-07-02;7;3505.221406991959
17;2025-07-02;8;4744.683536749233
17;2025-07-02;9;3406.023481051683
17;2025-07-02;10;2692.57411819401
17;2025-07-02;11;2573.072923698818
17;2025-07-02;12;2650.3601680465235
17;2025-07-02;13;2778.671522028968
17;2025-07-02;14;2861.072774732821
17;2025-07-02;15;3022.2118756176314
17;2025-07-02;16;3402.614605665029
17;2025-07-02;17;4046.3653137217416
17;2025-07-02;18;4308.691912282889
17;2025-07-02;19;3263.3137191976584
17;2025-07-02;20;2336.013820287421
17;2025-07-02;21;1532.753060932701
17;2025-07-02;22;838.2553276547335
17;2025-07-02;23;396.0905752291404
17;2025-07-03;0;122.57866361777761
17;2025-07-03;1;0.0
17;2025-07-03;2;0.0
17;2025-07-03;3;0.0
17;2025-07-03;4;0.0
17;2025-07-03;5;231.1016130779596
17;2025-07-03;6;1406.743281837711
17;2025-07-03;7;3558.5774534667617
17;2025-07-03;8;4900.2435420076945
17;2025-07-03;9;3465.4967479440293
17;2025-07-03;10;2755.8720192711544
17;2025-07-03;11;2683.5195459322103
17;2025-07-03;12;2776.125335212082
17;2025-07-03;13;2880.7698589928054
17;2025-07-03;14;2948.9712886920097
17;2025-07-03;15;3045.0036504850723
17;2025-07-03;16;3521.678737444999
17;2025-07-03;17;4176.455008099294
17;2025-07-03;18;4491.8753876782885
17;2025-07-03;19;3318.3516052959003
17;2025-07-03;20;2398.2869863826245
17;2025-07-03;21;1546.9240291801748
17;2025-07-03;22;827.8382358839631
17;2025-07-03;23;383.9396817570133
17;2025-07-04;0;124.83180359701824
17;2025-07-04;1;0.0
17;2025-07-04;2;0.0
17;2025-07-04;3;0.0
17;2025-07-04;4;0.0
17;2025-07-04;5;215.36142299871773
17;2025-07-04;6;1297.169649834204
17;2025-07-04;7;3385.377648201803
17;2025-07-04;8;4546.898204696825
17;2025-07-04;9;3232.094002385094
17;2025-07-04;10;2677.354984511176
17;2025-07-04;11;2640.049700901698
17;2025-07-04;12;2759.9734851918397
17;2025-07-04;13;2886.0808727679487
17;2025-07-04;14;2938.7281156352356
17;2025-07-04;15;3254.9149985384997
17;2025-07-04;16;3738.5090566458343
17;2025-07-04;17;3986.9981719503107
17;2025-07-04;18;3807.88641159053
17;2025-07-04;19;2918.1773288165205
17;2025-07-04;20;2232.5325171156555
17;2025-07-04;21;1483.9303763607716
17;2025-07-04;22;835.8593252384915
17;2025-07-04;23;405.64771454920486
17;2025-07-05;0;193.5334038014949
17;2025-07-05;1;0.0
17;2025-07-05;2;0.0
17;2025-07-05;3;0.0
17;2025-07-05;4;0.0
17;2025-07-05;5;88.75653353634522
17;2025-07-05;6;507.0722759940522
17;2025-07-05;7;974.5232050325847
17;2025-07-05;8;1513.465061071492
17;2025-07-05;9;1813.1882261184153
17;2025-07-05;10;2066.488045426062
17;2025-07-05;11;2551.991589600936
17;2025-07-05;12;2867.2259930815044
17;2025-07-05;13;3016.15639610496
17;2025-07-05;14;3043.057855524464
17;2025-07-05;15;3071.7848993067128
17;2025-07-05;16;2955.3564736583166
17;2025-07-05;17;2927.894080389643
17;2025-07-05;18;2695.826476068297
17;2025-07-05;19;2338.4842504387375
17;2025-07-05;20;1917.9552498764365
17;2025-07-05;21;1414.2440486442601
17;2025-07-05;22;843.0077585342328
17;2025-07-05;23;421.7664396676287
17;2025-07-06;0;158.0206445448514
17;2025-07-06;1;0.0
17;2025-07-06;2;0.0
17;2025-07-06;3;0.0
17;2025-07-06;4;0.0
17;2025-07-06;5;70.3416000391827
17;2025-07-06;6;401.69686522375696
17;2025-07-06;7;702.0238395893346
17;2025-07-06;8;1097.0859537233682
17;2025-07-06;9;1421.606335006108
17;2025-07-06;10;1693.3244897845193
17;2025-07-06;11;2149.042738398881
17;2025-07-06;12;2470.200023572156
17;2025-07-06;13;2653.5237442557354
17;2025-07-06;14;2688.7177391567816
17;2025-07-06;15;2665.447065963215
17;2025-07-06;16;2605.151798980163
17;2025-07-06;17;2488.3512488331507
17;2025-07-06;18;2275.010013834868
17;2025-07-06;19;1908.25691735087
17;2025-07-06;20;1583.3596253230348
17;2025-07-06;21;1145.8594255825574
17;2025-07-06;22;700.0051823090153
17;2025-07-06;23;314.9461376404026
17;2025-07-07;0;93.83101226587979
17;2025-07-07;1;0.0
17;2025-07-07;2;0.0
17;2025-07-07;3;0.0
17;2025-07-07;4;0.0
17;2025-07-07;5;221.20500876444095
17;2025-07-07;6;1367.2812830184698
17;2025-07-07;7;3516.3768077964833
17;2025-07-07;8;4804.076574634628
17;2025-07-07;9;3346.655716776929
17;2025-07-07;10;2606.665455942153
17;2025-07-07;11;2540.120430683728
17;2025-07-07;12;2608.2786022225614
17;2025-07-07;13;2709.0181538244924
17;2025-07-07;14;2694.96068080247
17;2025-07-07;15;2965.16655315959
17;2025-07-07;16;3369.1603188854815
17;2025-07-07;17;4116.606422217585
17;2025-07-07;18;4532.215634044939
17;2025-07-07;19;3335.4144961694683
17;2025-07-07;20;2338.336383083564
17;2025-07-07;21;1410.174691051384
17;2025-07-07;22;746.1596944240335
17;2025-07-07;23;318.6807838619394
17;2025-07-08;0;103.55207593857835
17;2025-07-08;1;0.0
17;2025-07-08;2;0.0
17;2025-07-08;3;0.0
17;2025-07-08;4;0.0
17;2025-07-08;5;226.84871207051089
17;2025-07-08;6;1384.5638875197733
17;2025-07-08;7;3596.0261109310522
17;2025-07-08;8;4850.253104755535
17;2025-07-08;9;3417.0803977499063
17;2025-07-08;10;2694.084139194605
17;2025-07-08;11;2590.08874453064
17;2025-07-08;12;2609.781496687572
17;2025-07-08;13;2712.9809531490437
17;2025-07-08;14;2789.8049084020686
17;2025-07-08;15;2882.996790896952
17;2025-07-08;16;3375.958525379886
17;2025-07-08;17;4086.824385160183
17;2025-07-08;18;4397.402489064452
17;2025-07-08;19;3270.614119641974
17;2025-07-08;20;2330.013449605608
17;2025-07-08;21;1423.415009603425
17;2025-07-08;22;764.3159355471691
17;2025-07-08;23;353.04475002951403
17;2025-07-09;0;119.94633896326734
17;2025-07-09;1;0.0
17;2025-07-09;2;0.0
17;2025-07-09;3;0.0
17;2025-07-09;4;0.0
17;2025-07-09;5;235.2284886705358
17;2025-07-09;6;1406.2452262558893
17;2025-07-09;7;3646.260190899003
17;2025-07-09;8;4935.2482125815895
17;2025-07-09;9;3536.089359971062
17;2025-07-09;10;2802.882862954384
17;2025-07-09;11;2678.1140473166333
17;2025-07-09;12;2759.317129666776
17;2025-07-09;13;2891.736219739154
17;2025-07-09;14;2980.004456063061
17;2025-07-09;15;3137.945063824483
17;2025-07-09;16;3517.700890285967
17;2025-07-09;17;4184.025491618587
17;2025-07-09;18;4482.231903392983
17;2025-07-09;19;3378.394013296961
17;2025-07-09;20;2429.1907835191414
17;2025-07-09;21;1589.866425996192
17;2025-07-09;22;867.7849298537362
17;2025-07-09;23;407.40403873286675
17;2025-07-10;0;124.24276981875369
17;2025-07-10;1;0.0
17;2025-07-10;2;0.0
17;2025-07-10;3;0.0
17;2025-07-10;4;0.0
17;2025-07-10;5;233.8931791210937
17;2025-07-10;6;1419.8645511527338
17;2025-07-10;7;3600.656984300772
17;2025-07-10;8;4957.106065384629
17;2025-07-10;9;3502.601840952275
17;2025-07-10;10;2789.667748509407
17;2025-07-10;11;2717.752054641155
17;2025-07-10;12;2814.5920517797194
17;2025-07-10;13;2919.6744710184876
17;2025-07-10;14;2989.3143229618304
17;2025-07-10;15;3084.1738961405354
17;2025-07-10;16;3560.335006971103
17;2025-07-10;17;4215.256608716241
17;2025-07-10;18;4547.587945364395
17;2025-07-10;19;3356.7216508304755
17;2025-07-10;20;2429.2152500181624
17;2025-07-10;21;1564.911202374817
17;2025-07-10;22;839.1618316956271
17;2025-07-10;23;388.115289799844
17;2025-07-11;0;128.50650876937954
17;2025-07-11;1;0.0
17;2025-07-11;2;0.0
17;2025-07-11;3;0.0
17;2025-07-11;4;0.0
17;2025-07-11;5;221.2318943297309
17;2025-07-11;6;1327.7726483507367
17;2025-07-11;7;3476.7258186132112
17;2025-07-11;8;4671.002929914159
17;2025-07-11;9;3316.2871668387916
17;2025-07-11;10;2754.372337050653
17;2025-07-11;11;2719.1033772836095
17;2025-07-11;12;2845.6790825662288
17;2025-07-11;13;2973.198969910269
17;2025-07-11;14;3029.5233581496464
17;2025-07-11;15;3354.1784377594668
17;2025-07-11;16;3839.537807942712
17;2025-07-11;17;4085.9412390496586
17;2025-07-11;18;3912.2402980328407
17;2025-07-11;19;2996.6227550907806
17;2025-07-11;20;2295.855394032735
17;2025-07-11;21;1521.8726294515407
17;2025-07-11;22;857.4836841060178
17;2025-07-11;23;420.13371098535333
17;2025-07-12;0;185.69410898536637
17;2025-07-12;1;0.0
17;2025-07-12;2;0.0
17;2025-07-12;3;0.0
17;2025-07-12;4;0.0
17;2025-07-12;5;84.94695405329254
17;2025-07-12;6;486.6284719811736
17;2025-07-12;7;934.257735776868
17;2025-07-12;8;1445.2611963706547
17;2025-07-12;9;1736.9669457700393
17;2025-07-12;10;1976.8108209975835
17;2025-07-12;11;2442.2662464711084
17;2025-07-12;12;2747.3742149508525
17;2025-07-12;13;2888.069332629283
17;2025-07-12;14;2913.949301912454
17;2025-07-12;15;2940.116329167302
17;2025-07-12;16;2830.883847667847
17;2025-07-12;17;2806.0540510374676
17;2025-07-12;18;2586.2083075941764
17;2025-07-12;19;2242.886230258977
17;2025-07-12;20;1841.1151472127049
17;2025-07-12;21;1355.0271725994062
17;2025-07-12;22;804.4700960647067
17;2025-07-12;23;402.9475243308498
17;2025-07-13;0;148.3786974818437
17;2025-07-13;1;0.0
17;2025-07-13;2;0.0
17;2025-07-13;3;0.0
17;2025-07-13;4;0.0
17;2025-07-13;5;70.63212506458291
17;2025-07-13;6;406.4091352770697
17;2025-07-13;7;708.360200700537
17;2025-07-13;8;1050.9228294372438
17;2025-07-13;9;1350.5938867590544
17;2025-07-13;10;1594.1500021063266
17;2025-07-13;11;2019.0693686682448
17;2025-07-13;12;2304.58130642888
17;2025-07-13;13;2464.520500429412
17;2025-07-13;14;2497.5304266419316
17;2025-07-13;15;2474.6854279000254
17;2025-07-13;16;2432.3980759446777
17;2025-07-13;17;2335.4347147423205
17;2025-07-13;18;2154.305115212089
17;2025-07-13;19;1810.1799145495704
17;2025-07-13;20;1488.2430517699759
17;2025-07-13;21;1072.8730533249316
17;2025-07-13;22;658.1919669264003
17;2025-07-13;23;297.4598740512541
17;2025-07-14;0;88.1716952060082
17;2025-07-14;1;0.0
17;2025-07-14;2;0.0
17;2025-07-14;3;0.0
17;2025-07-14;4;0.0
17;2025-07-14;5;210.97523354525498
17;2025-07-14;6;1279.38964050557
17;2025-07-14;7;3283.1304350686464
17;2025-07-14;8;4470.01657444267
17;2025-07-14;9;3135.0718378096003
17;2025-07-14;10;2423.973996090227
17;2025-07-14;11;2355.332824431749
17;2025-07-14;12;2406.4707370030237
17;2025-07-14;13;2477.1313664200416
17;2025-07-14;14;2463.700750464559
17;2025-07-14;15;2705.635418274118
17;2025-07-14;16;3102.617442407355
17;2025-07-14;17;3808.6247207925308
17;2025-07-14;18;4185.491147855468
17;2025-07-14;19;3087.8849117659893
17;2025-07-14;20;2162.491905030827
17;2025-07-14;21;1294.3654845420538
17;2025-07-14;22;688.1391753058183
17;2025-07-14;23;303.9107877852129
25;2025-05-15;0;1.3853467199477631
25;2025-05-15;1;0.0
25;2025-05-15;2;0.0
25;2025-05-15;3;0.0
25;2025-05-15;4;0.0
25;2025-05-15;5;4.98995005563227
25;2025-05-15;6;162.7276489295452
25;2025-05-15;7;501.313211465483
25;2025-05-15;8;935.2715670132591
25;2025-05-15;9;480.0855101086543
25;2025-05-15;10;407.5815827099484
25;2025-05-15;11;418.5444966611283
25;2025-05-15;12;410.25247581911003
25;2025-05-15;13;487.6850524862222
25;2025-05-15;14;455.6488714287994
25;2025-05-15;15;499.7349705753496
25;2025-05-15;16;619.8755300351136
25;2025-05-15;17;705.1817664438373
25;2025-05-15;18;730.0442369818232
25;2025-05-15;19;470.4563031424738
25;2025-05-15;20;340.5621982060909
25;2025-05-15;21;233.722286654831
25;2025-05-15;22;130.66716830589831
25;2025-05-15;23;16.42208249553785
25;2025-05-16;0;2.5765359721182204
25;2025-05-16;1;0.0
25;2025-05-16;2;0.0
25;2025-05-16;3;0.0
25;2025-05-16;4;0.0
25;2025-05-16;5;4.26127524616879
25;2025-05-16;6;150.40273983889156
25;2025-05-16;7;483.52151486916523
25;2025-05-16;8;839.0393458375946
25;2025-05-16;9;472.90978193177153
25;2025-05-16;10;377.53335983952525
25;2025-05-16;11;430.9751131746235
25;2025-05-16;12;426.98852365243215
25;2025-05-16;13;486.72907897165874
25;2025-05-16;14;488.0664983681527
25;2025-05-16;15;556.7799639514803
25;2025-05-16;16;624.744809693409
25;2025-05-16;17;634.2768934880194
25;2025-05-16;18;562.3960904529813
25;2025-05-16;19;393.689286552823
25;2025-05-16;20;306.5036787025861
25;2025-05-16;21;218.0741014167333
25;2025-05-16;22;137.48858153525995
25;2025-05-16;23;22.766510985122515
25;2025-05-17;0;5.636792531202436
25;2025-05-17;1;0.0
25;2025-05-17;2;0.0
25;2025-05-17;3;0.0
25;2025-05-17;4;0.0
25;2025-05-17;5;1.728986548855472
25;2025-05-17;6;75.73528332805284
25;2025-05-17;7;149.42690982837755
25;2025-05-17;8;288.70440448563244
25;2025-05-17;9;277.786248869016
25;2025-05-17;10;270.9564839189588
25;2025-05-17;11;376.1046063148168
25;2025-05-17;12;396.162246304507
25;2025-05-17;13;483.969213646693
25;2025-05-17;14;490.9128417166635
25;2025-05-17;15;519.943400525633
25;2025-05-17;16;475.68213719658286
25;2025-05-17;17;407.1657316309566
25;2025-05-17;18;409.3558534151219
25;2025-05-17;19;372.8747258948446
25;2025-05-17;20;274.1711793823718
25;2025-05-17;21;215.02454201605087
25;2025-05-17;22;131.64660612601955
25;2025-05-17;23;42.38461377026179
25;2025-05-18;0;12.46294607947809
25;2025-05-18;1;0.0
25;2025-05-18;2;0.0
25;2025-05-18;3;0.0
25;2025-05-18;4;0.0
25;2025-05-18;5;2.810478985305398
25;2025-05-18;6;56.29060764134765
25;2025-05-18;7;107.92491028824017
25;2025-05-18;8;188.23890734237463
25;2025-05-18;9;200.949803700598
25;2025-05-18;10;218.30404871662762
25;2025-05-18;11;288.86467059806137
25;2025-05-18;12;314.36059340421207
25;2025-05-18;13;382.5751028774932
25;2025-05-18;14;415.23595799843645
25;2025-05-18;15;426.79522300750057
25;2025-05-18;16;379.3112947386728
25;2025-05-18;17;349.49892294011465
25;2025-05-18;18;349.8786279523099
25;2025-05-18;19;299.1740535225897
25;2025-05-18;20;223.955402261841
25;2025-05-18;21;176.47531389453795
25;2025-05-18;22;112.11919695954879
25;2025-05-18;23;32.51066783366282
25;2025-05-19;0;6.561700303203636
25;2025-05-19;1;0.0
25;2025-05-19;2;0.0
25;2025-05-19;3;0.0
25;2025-05-19;4;0.0
25;2025-05-19;5;3.5961541752759936
25;2025-05-19;6;151.06137258887892
25;2025-05-19;7;493.84944491763827
25;2025-05-19;8;861.6242727497333
25;2025-05-19;9;452.5644037926541
25;2025-05-19;10;362.44735186708
25;2025-05-19;11;381.4904976503819
25;2025-05-19;12;379.3368816273097
25;2025-05-19;13;463.832513664046
25;2025-05-19;14;412.6376311278101
25;2025-05-19;15;461.1205692193024
25;2025-05-19;16;581.1843952252956
25;2025-05-19;17;637.942861824949
25;2025-05-19;18;698.8633198946104
25;2025-05-19;19;445.0847516127827
25;2025-05-19;20;311.5587633187773
25;2025-05-19;21;205.5171814984956
25;2025-05-19;22;108.3764827810084
25;2025-05-19;23;13.639464262652336
25;2025-05-20;0;1.325569423145514
25;2025-05-20;1;0.0
25;2025-05-20;2;0.0
25;2025-05-20;3;0.0
25;2025-05-20;4;0.0
25;2025-05-20;5;4.496770231233473
25;2025-05-20;6;156.27469278422612
25;2025-05-20;7;503.94987520071976
25;2025-05-20;8;870.668559329072
25;2025-05-20;9;499.61254545898623
25;2025-05-20;10;403.44257268732633
25;2025-05-20;11;425.966544793744
25;2025-05-20;12;382.62214105991575
25;2025-05-20;13;448.8684626944149
25;2025-05-20;14;419.87271495922687
25;2025-05-20;15;492.2691186965976
25;2025-05-20;16;567.8166061304738
25;2025-05-20;17;632.1868257245279
25;2025-05-20;18;696.2462246660148
25;2025-05-20;19;475.2410918532527
25;2025-05-20;20;325.5059905222059
25;2025-05-20;21;208.1383594950061
25;2025-05-20;22;115.40488850956513
25;2025-05-20;23;15.676527994408092
25;2025-05-21;0;2.905966648826131
25;2025-05-21;1;0.0
25;2025-05-21;2;0.0
25;2025-05-21;3;0.0
25;2025-05-21;4;0.0
25;2025-05-21;5;4.7290088966813135
25;2025-05-21;6;162.3425353656151
25;2025-05-21;7;515.9976457795062
25;2025-05-21;8;890.5502119384258
25;2025-05-21;9;493.04324958060295
25;2025-05-21;10;392.73492240341534
25;2025-05-21;11;416.3278256543683
25;2025-05-21;12;415.3650366171959
25;2025-05-21;13;496.5515225289483
25;2025-05-21;14;452.1711754618653
25;2025-05-21;15;515.0882611084828
25;2025-05-21;16;572.3947598734878
25;2025-05-21;17;621.7793514619851
25;2025-05-21;18;672.584166548394
25;2025-05-21;19;451.65386375544426
25;2025-05-21;20;348.6785956572092
25;2025-05-21;21;219.01550409281185
25;2025-05-21;22;126.75648291805257
25;2025-05-21;23;9.970514248451599
25;2025-05-22;0;1.7445456400602646
25;2025-05-22;1;0.0
25;2025-05-22;2;0.0
25;2025-05-22;3;0.0
25;2025-05-22;4;0.0
25;2025-05-22;5;5.1667877364034
25;2025-05-22;6;165.84523941995906
25;2025-05-22;7;516.0648652020891
25;2025-05-22;8;945.4674425314543
25;2025-05-22;9;487.45057939467347
25;2025-05-22;10;409.7803193593518
25;2025-05-22;11;421.645383166089
25;2025-05-22;12;414.32557659901977
25;2025-05-22;13;494.512356725773
25;2025-05-22;14;463.60315088385846
25;2025-05-22;15;510.3589466153552
25;2025-05-22;16;626.2613539479154
25;2025-05-22;17;715.604072249221
25;2025-05-22;18;744.0898445418981
25;2025-05-22;19;481.96515901547036
25;2025-05-22;20;351.28853657118907
25;2025-05-22;21;240.57700339583033
25;2025-05-22;22;134.4215304978014
25;2025-05-22;23;17.320029148292782
25;2025-05-23;0;2.7225575635647736
25;2025-05-23;1;0.0
25;2025-05-23;2;0.0
25;2025-05-23;3;0.0
25;2025-05-23;4;0.0
25;2025-05-23;5;4.411008276434192
25;2025-05-23;6;154.1704786299622
25;2025-05-23;7;497.410966615937
25;2025-05-23;8;853.2039790998504
25;2025-05-23;9;483.89443693595956
25;2025-05-23;10;381.76004243654916
25;2025-05-23;11;437.1329085374848
25;2025-05-23;12;434.48398602179304
25;2025-05-23;13;498.63965956766384
25;2025-05-23;14;501.3004877882165
25;2025-05-23;15;572.3934357005623
25;2025-05-23;16;636.5404638711088
25;2025-05-23;17;648.7285328369499
25;2025-05-23;18;578.8387173267372
25;2025-05-23;19;406.9986486838304
25;2025-05-23;20;318.6546612187577
25;2025-05-23;21;225.94092705311056
25;2025-05-23;22;142.26295906476247
25;2025-05-23;23;24.14338067767137
25;2025-05-24;0;5.74367706578568
25;2025-05-24;1;0.0
25;2025-05-24;2;0.0
25;2025-05-24;3;0.0
25;2025-05-24;4;0.0
25;2025-05-24;5;1.9024307636924804
25;2025-05-24;6;76.6159509519823
25;2025-05-24;7;149.92455995664562
25;2025-05-24;8;286.72892480555265
25;2025-05-24;9;281.32751591420674
25;2025-05-24;10;274.34612067366334
25;2025-05-24;11;379.68695973019805
25;2025-05-24;12;399.9610489054326
25;2025-05-24;13;486.6358424175108
25;2025-05-24;14;492.8849189839266
25;2025-05-24;15;520.8448361124864
25;2025-05-24;16;476.6939094432637
25;2025-05-24;17;410.5009160692113
25;2025-05-24;18;410.942859774526
25;2025-05-24;19;375.0286840676306
25;2025-05-24;20;277.82666585395407
25;2025-05-24;21;217.53967025177144
25;2025-05-24;22;133.2793460487934
25;2025-05-24;23;43.477982230213215
25;2025-05-25;0;12.887707796132249
25;2025-05-25;1;0.0
25;2025-05-25;2;0.0
25;2025-05-25;3;0.0
25;2025-05-25;4;0.0
25;2025-05-25;5;2.932449935597588
25;2025-05-25;6;57.848946612637576
25;2025-05-25;7;109.36556362305456
25;2025-05-25;8;188.16269087239863
25;2025-05-25;9;205.6761882890337
25;2025-05-25;10;224.95418003681988
25;2025-05-25;11;297.43363027911784
25;2025-05-25;12;323.966746056852
25;2025-05-25;13;393.2960506490456
25;2025-05-25;14;426.3443690363828
25;2025-05-25;15;438.07006062822677
25;2025-05-25;16;389.99613268053963
25;2025-05-25;17;361.5799852685359
25;2025-05-25;18;357.766814149417
25;2025-05-25;19;305.36669450541723
25;2025-05-25;20;231.67561497565558
25;2025-05-25;21;182.9092140084519
25;2025-05-25;22;116.37190350215567
25;2025-05-25;23;33.86400431407036
25;2025-05-26;0;7.076258278834129
25;2025-05-26;1;0.0
25;2025-05-26;2;0.0
25;2025-05-26;3;0.0
25;2025-05-26;4;0.0
25;2025-05-26;5;3.641626546337731
25;2025-05-26;6;155.54731780006767
25;2025-05-26;7;511.3200675408294
25;2025-05-26;8;879.5981013869805
25;2025-05-26;9;461.8095933693106
25;2025-05-26;10;369.1797476533173
25;2025-05-26;11;389.4849249289732
25;2025-05-26;12;387.9280670757033
25;2025-05-26;13;477.3418578493747
25;2025-05-26;14;426.5281764152587
25;2025-05-26;15;478.5821622266949
25;2025-05-26;16;599.4391544009868
25;2025-05-26;17;662.8264179451835
25;2025-05-26;18;727.0800946061811
25;2025-05-26;19;464.26681592017485
25;2025-05-26;20;327.63509569738517
25;2025-05-26;21;216.29443450845625
25;2025-05-26;22;113.4758629854299
25;2025-05-26;23;14.780317556055927
25;2025-05-27;0;1.6298220337878393
25;2025-05-27;1;0.0
25;2025-05-27;2;0.0
25;2025-05-27;3;0.0
25;2025-05-27;4;0.0
25;2025-05-27;5;4.69835429458684
25;2025-05-27;6;163.9723679665589
25;2025-05-27;7;529.434231561663
25;2025-05-27;8;906.2098206876533
25;2025-05-27;9;513.2600708974257
25;2025-05-27;10;417.28773837631957
25;2025-05-27;11;441.5679380102973
25;2025-05-27;12;397.4835923980835
25;2025-05-27;13;470.8785203376721
25;2025-05-27;14;442.09323692877433
25;2025-05-27;15;522.8662713835852
25;2025-05-27;16;598.133725964753
25;2025-05-27;17;666.906380275882
25;2025-05-27;18;731.3988302409332
25;2025-05-27;19;498.4701214498149
25;2025-05-27;20;346.5777946060307
25;2025-05-27;21;222.51364994694956
25;2025-05-27;22;123.57935483919421
25;2025-05-27;23;17.25346804729108
25;2025-05-28;0;3.142711689285126
25;2025-05-28;1;0.0
25;2025-05-28;2;0.0
25;2025-05-28;3;0.0
25;2025-05-28;4;0.0
25;2025-05-28;5;4.800575487984042
25;2025-05-28;6;166.22933725656827
25;2025-05-28;7;528.4134138390093
25;2025-05-28;8;908.4424733571103
25;2025-05-28;9;497.0037780539415
25;2025-05-28;10;398.68922947580705
25;2025-05-28;11;423.1115152657238
25;2025-05-28;12;423.9222304164349
25;2025-05-28;13;510.9100536429396
25;2025-05-28;14;466.5253935399588
25;2025-05-28;15;532.5802284036592
25;2025-05-28;16;587.8462004469408
25;2025-05-28;17;639.8872517073742
25;2025-05-28;18;693.4429830303687
25;2025-05-28;19;464.906099804099
25;2025-05-28;20;360.7243404339008
25;2025-05-28;21;226.6605052557946
25;2025-05-28;22;131.16769027979697
25;2025-05-28;23;10.965841198502986
25;2025-05-29;0;1.78898882553337
25;2025-05-29;1;0.0
25;2025-05-29;2;0.0
25;2025-05-29;3;0.0
25;2025-05-29;4;0.0
25;2025-05-29;5;5.342107555281787
25;2025-05-29;6;165.05706230444108
25;2025-05-29;7;512.9193272571229
25;2025-05-29;8;939.0031042307919
25;2025-05-29;9;482.4806945424772
25;2025-05-29;10;406.40662567794385
25;2025-05-29;11;417.4432118147427
25;2025-05-29;12;409.27854443187744
25;2025-05-29;13;488.08943522690595
25;2025-05-29;14;457.7497572058469
25;2025-05-29;15;504.4191495114924
25;2025-05-29;16;615.9163567814994
25;2025-05-29;17;705.0418421182981
25;2025-05-29;18;737.6905974017866
25;2025-05-29;19;479.99250208098067
25;2025-05-29;20;351.01349322390513
25;2025-05-29;21;239.86294671956182
25;2025-05-29;22;133.64373420165728
25;2025-05-29;23;17.531550123691652
25;2025-05-30;0;2.8078075287574102
25;2025-05-30;1;0.0
25;2025-05-30;2;0.0
25;2025-05-30;3;0.0
25;2025-05-30;4;0.0
25;2025-05-30;5;4.6387770927380645
25;2025-05-30;6;154.1792232198054
25;2025-05-30;7;496.50985748129716
25;2025-05-30;8;850.9165221201566
25;2025-05-30;9;480.0533529367307
25;2025-05-30;10;378.5553382614067
25;2025-05-30;11;433.5820177003769
25;2025-05-30;12;429.49649833453134
25;2025-05-30;13;492.30765123623246
25;2025-05-30;14;494.9202589825238
25;2025-05-30;15;565.5311698569913
25;2025-05-30;16;627.9477584623698
25;2025-05-30;17;640.2714680595757
25;2025-05-30;18;571.3407176947092
25;2025-05-30;19;403.22371353457345
25;2025-05-30;20;316.9939581153325
25;2025-05-30;21;224.3420308029095
25;2025-05-30;22;141.4064747950262
25;2025-05-30;23;24.125498319037884
25;2025-05-31;0;5.676212597948567
25;2025-05-31;1;0.0
25;2025-05-31;2;0.0
25;2025-05-31;3;0.0
25;2025-05-31;4;0.0
25;2025-05-31;5;1.9000504053398213
25;2025-05-31;6;75.60196254110849
25;2025-05-31;7;148.01049940986587
25;2025-05-31;8;281.15862927155325
25;2025-05-31;9;276.15319822834186
25;2025-05-31;10;269.0518319738876
25;2025-05-31;11;374.0991831420259
25;2025-05-31;12;393.4506360737514
25;2025-05-31;13;479.278382168035
25;2025-05-31;14;486.13149678151785
25;2025-05-31;15;514.1785607474926
25;2025-05-31;16;467.1116592739794
25;2025-05-31;17;399.4243192722868
25;2025-05-31;18;404.6342953671807
25;2025-05-31;19;368.8224378786269
25;2025-05-31;20;275.33404536970687
25;2025-05-31;21;215.05812868794493
25;2025-05-31;22;131.6731266112796
25;2025-05-31;23;42.76249761055821
25;2025-06-01;0;12.49440822969147
25;2025-06-01;1;0.0
25;2025-06-01;2;0.0
25;2025-06-01;3;0.0
25;2025-06-01;4;0.0
25;2025-06-01;5;2.9259252985193767
25;2025-06-01;6;56.313402645600405
25;2025-06-01;7;108.03793023988015
25;2025-06-01;8;185.57597473536939
25;2025-06-01;9;200.31887078568894
25;2025-06-01;10;216.50273306486372
25;2025-06-01;11;287.17003871187325
25;2025-06-01;12;311.99495587587097
25;2025-06-01;13;378.67663778637575
25;2025-06-01;14;410.9263967434556
25;2025-06-01;15;422.633094347436
25;2025-06-01;16;374.04970919544996
25;2025-06-01;17;345.93363296816983
25;2025-06-01;18;344.3372981640547
25;2025-06-01;19;293.8538226238186
25;2025-06-01;20;224.10183434917604
25;2025-06-01;21;176.4759217102104
25;2025-06-01;22;112.2595150088581
25;2025-06-01;23;32.545448969932394
25;2025-06-02;0;6.909226038202924
25;2025-06-02;1;0.0
25;2025-06-02;2;0.0
25;2025-06-02;3;0.0
25;2025-06-02;4;0.0
25;2025-06-02;5;3.7061316948138634
25;2025-06-02;6;152.75022285489274
25;2025-06-02;7;503.79036740179686
25;2025-06-02;8;871.04468689718
25;2025-06-02;9;453.4166457500987
25;2025-06-02;10;364.0973634180866
25;2025-06-02;11;383.36320544144417
25;2025-06-02;12;381.1400577164512
25;2025-06-02;13;467.093310018743
25;2025-06-02;14;416.580516060456
25;2025-06-02;15;466.79636073124334
25;2025-06-02;16;583.6266173472957
25;2025-06-02;17;642.144448368051
25;2025-06-02;18;705.1895599575987
25;2025-06-02;19;448.3173412107859
25;2025-06-02;20;318.9209513548751
25;2025-06-02;21;210.2073885323485
25;2025-06-02;22;110.6642878092001
25;2025-06-02;23;14.163578965840351
25;2025-06-03;0;1.4899832129989696
25;2025-06-03;1;0.0
25;2025-06-03;2;0.0
25;2025-06-03;3;0.0
25;2025-06-03;4;0.0
25;2025-06-03;5;4.662091297419373
25;2025-06-03;6;156.9615718988114
25;2025-06-03;7;506.83001664373495
25;2025-06-03;8;872.1987697836967
25;2025-06-03;9;495.15125847444233
25;2025-06-03;10;402.9051697217292
25;2025-06-03;11;425.29524736114246
25;2025-06-03;12;382.9483647335171
25;2025-06-03;13;451.5651762857158
25;2025-06-03;14;422.40368480121913
25;2025-06-03;15;496.6711144383221
25;2025-06-03;16;567.5610874820752
25;2025-06-03;17;628.4831320575552
25;2025-06-03;18;694.123900869328
25;2025-06-03;19;472.38915811330435
25;2025-06-03;20;331.25527377313983
25;2025-06-03;21;212.0859512482504
25;2025-06-03;22;117.56971748249744
25;2025-06-03;23;16.182450209909526
25;2025-06-04;0;3.1054116997436063
25;2025-06-04;1;0.0
25;2025-06-04;2;0.0
25;2025-06-04;3;0.0
25;2025-06-04;4;0.0
25;2025-06-04;5;4.838612701255442
25;2025-06-04;6;164.6377084907367
25;2025-06-04;7;523.9021438385046
25;2025-06-04;8;901.6914953527157
25;2025-06-04;9;493.08393768771674
25;2025-06-04;10;395.4851958635795
25;2025-06-04;11;419.29533831859
25;2025-06-04;12;420.0725664743981
25;2025-06-04;13;505.6539025270255
25;2025-06-04;14;461.36153449286167
25;2025-06-04;15;526.0641451869644
25;2025-06-04;16;580.4681489674253
25;2025-06-04;17;630.0844744014037
25;2025-06-04;18;682.2546821666232
25;2025-06-04;19;455.25701156669925
25;2025-06-04;20;356.56556405217725
25;2025-06-04;21;223.7428491359474
25;2025-06-04;22;129.72331845964283
25;2025-06-04;23;10.660751892872955
25;2025-06-05;0;1.7422238906728058
25;2025-06-05;1;0.0
25;2025-06-05;2;0.0
25;2025-06-05;3;0.0
25;2025-06-05;4;0.0
25;2025-06-05;5;5.226425240717616
25;2025-06-05;6;161.7621347344375
25;2025-06-05;7;504.64791323198205
25;2025-06-05;8;927.3925404946115
25;2025-06-05;9;474.50331791509825
25;2025-06-05;10;401.1025306376547
25;2025-06-05;11;411.5841465318577
25;2025-06-05;12;403.93414131265
25;2025-06-05;13;481.03370443009817
25;2025-06-05;14;450.41858414510904
25;2025-06-05;15;494.88745330074215
25;2025-06-05;16;604.5210591526882
25;2025-06-05;17;688.1713400454585
25;2025-06-05;18;721.6181159708742
25;2025-06-05;19;466.7178551267532
25;2025-06-05;20;344.3605025165557
25;2025-06-05;21;235.16189876380446
25;2025-06-05;22;131.47120205914732
25;2025-06-05;23;17.331400110929607
25;2025-06-06;0;2.7272603495480845
25;2025-06-06;1;0.0
25;2025-06-06;2;0.0
25;2025-06-06;3;0.0
25;2025-06-06;4;0.0
25;2025-06-06;5;4.449558699873112
25;2025-06-06;6;149.90926698961096
25;2025-06-06;7;484.5081681632679
25;2025-06-06;8;831.7111671102433
25;2025-06-06;9;468.145735050074
25;2025-06-06;10;370.4229762552949
25;2025-06-06;11;424.689598841135
25;2025-06-06;12;421.0432660480904
25;2025-06-06;13;481.5702932726666
25;2025-06-06;14;484.5578674171152
25;2025-06-06;15;553.4731288756386
25;2025-06-06;16;610.9963795921566
25;2025-06-06;17;622.9700189905275
25;2025-06-06;18;558.6995657759576
25;2025-06-06;19;393.74949284700176
25;2025-06-06;20;311.06004303503903
25;2025-06-06;21;219.9118913051503
25;2025-06-06;22;138.8233253839831
25;2025-06-06;23;23.794712765733056
25;2025-06-07;0;5.4126466600369625
25;2025-06-07;1;0.0
25;2025-06-07;2;0.0
25;2025-06-07;3;0.0
25;2025-06-07;4;0.0
25;2025-06-07;5;2.4319135831717027
25;2025-06-07;6;73.64142291363714
25;2025-06-07;7;143.56994022202724
25;2025-06-07;8;268.9143509706246
25;2025-06-07;9;263.95005242876005
25;2025-06-07;10;255.21943731435618
25;2025-06-07;11;354.0975408405533
25;2025-06-07;12;371.1942853899421
25;2025-06-07;13;451.011478448605
25;2025-06-07;14;457.2870006619635
25;2025-06-07;15;483.28479149907287
25;2025-06-07;16;440.1804363070911
25;2025-06-07;17;376.83939436511537
25;2025-06-07;18;381.9997025482988
25;2025-06-07;19;349.52120279691974
25;2025-06-07;20;259.95459604919586
25;2025-06-07;21;202.3642399857539
25;2025-06-07;22;123.96952041938542
25;2025-06-07;23;40.64912322141246
25;2025-06-08;0;11.976957613548471
25;2025-06-08;1;0.0
25;2025-06-08;2;0.0
25;2025-06-08;3;0.0
25;2025-06-08;4;0.0
25;2025-06-08;5;3.3281657370528483
25;2025-06-08;6;58.111226370443134
25;2025-06-08;7;111.90195336814077
25;2025-06-08;8;183.58868664399157
25;2025-06-08;9;195.55241722306954
25;2025-06-08;10;209.82422264990876
25;2025-06-08;11;277.56999552000013
25;2025-06-08;12;300.53635554864206
25;2025-06-08;13;363.83983803091746
25;2025-06-08;14;394.4601441994274
25;2025-06-08;15;405.15774041189997
25;2025-06-08;16;359.4531914009141
25;2025-06-08;17;332.89136519687645
25;2025-06-08;18;331.47711229713946
25;2025-06-08;19;283.9373410013878
25;2025-06-08;20;216.26941254470734
25;2025-06-08;21;169.98870106080312
25;2025-06-08;22;108.50755423037972
25;2025-06-08;23;31.658065927656015
25;2025-06-09;0;6.771668124260842
25;2025-06-09;1;0.0
25;2025-06-09;2;0.0
25;2025-06-09;3;0.0
25;2025-06-09;4;0.0
25;2025-06-09;5;3.7332689722668655
25;2025-06-09;6;150.1535031563608
25;2025-06-09;7;495.52840363612484
25;2025-06-09;8;857.2498654143833
25;2025-06-09;9;447.0994345459902
25;2025-06-09;10;358.5914612056639
25;2025-06-09;11;377.4275878531892
25;2025-06-09;12;375.2778924315767
25;2025-06-09;13;459.75023558462067
25;2025-06-09;14;409.94724310905394
25;2025-06-09;15;458.8429316954182
25;2025-06-09;16;572.8164105165002
25;2025-06-09;17;628.4799077121096
25;2025-06-09;18;690.8652953560618
25;2025-06-09;19;440.07987668426676
25;2025-06-09;20;314.90645297995803
25;2025-06-09;21;207.44713040392372
25;2025-06-09;22;108.98221316233216
25;2025-06-09;23;14.056839354986874
25;2025-06-10;0;1.5226950080163382
25;2025-06-10;1;0.0
25;2025-06-10;2;0.0
25;2025-06-10;3;0.0
25;2025-06-10;4;0.0
25;2025-06-10;5;4.542878567887749
25;2025-06-10;6;158.80524262454037
25;2025-06-10;7;516.1799372426831
25;2025-06-10;8;887.6006805774075
25;2025-06-10;9;499.07577178694885
25;2025-06-10;10;407.41049293454023
25;2025-06-10;11;431.13146242941684
25;2025-06-10;12;388.73468966112574
25;2025-06-10;13;459.7786674639002
25;2025-06-10;14;431.64105033252883
25;2025-06-10;15;509.61103261527353
25;2025-06-10;16;580.3882017692923
25;2025-06-10;17;641.7045343020382
25;2025-06-10;18;705.3451065369791
25;2025-06-10;19;478.2788752524692
25;2025-06-10;20;334.62374316430714
25;2025-06-10;21;213.76350681404926
25;2025-06-10;22;119.86362950361102
25;2025-06-10;23;16.529808787923784
25;2025-06-11;0;3.024212473681427
25;2025-06-11;1;0.0
25;2025-06-11;2;0.0
25;2025-06-11;3;0.0
25;2025-06-11;4;0.0
25;2025-06-11;5;4.7723374351699235
25;2025-06-11;6;162.23852997660487
25;2025-06-11;7;514.5397516368213
25;2025-06-11;8;884.883953392012
25;2025-06-11;9;485.4373275225404
25;2025-06-11;10;389.7604691402786
25;2025-06-11;11;413.48032691318326
25;2025-06-11;12;414.47771456975624
25;2025-06-11;13;497.7454017437762
25;2025-06-11;14;454.3399215326284
25;2025-06-11;15;516.3010270683724
25;2025-06-11;16;567.5208061453595
25;2025-06-11;17;614.6647205648728
25;2025-06-11;18;664.9961667437816
25;2025-06-11;19;443.85373895694886
25;2025-06-11;20;348.1556539200218
25;2025-06-11;21;217.77638184502112
25;2025-06-11;22;127.20991222299742
25;2025-06-11;23;10.37941491075562
25;2025-06-12;0;8.944594560481207
25;2025-06-12;1;0.0
25;2025-06-12;2;0.0
25;2025-06-12;3;0.0
25;2025-06-12;4;0.0
25;2025-06-12;5;1.9821699102820278
25;2025-06-12;6;57.814413803191115
25;2025-06-12;7;113.09267009525229
25;2025-06-12;8;199.03929028655898
25;2025-06-12;9;205.08075282848188
25;2025-06-12;10;210.17944238221088
25;2025-06-12;11;284.0401159105694
25;2025-06-12;12;317.90451933620295
25;2025-06-12;13;386.32801243230915
25;2025-06-12;14;407.60385286015014
25;2025-06-12;15;428.4640222615782
25;2025-06-12;16;387.5690200402462
25;2025-06-12;17;345.57713674213744
25;2025-06-12;18;348.53358167772615
25;2025-06-12;19;310.2199423810159
25;2025-06-12;20;236.98651821568646
25;2025-06-12;21;186.96862510551813
25;2025-06-12;22;117.81850603185693
25;2025-06-12;23;37.31164366824034
25;2025-06-13;0;8.338141283991646
25;2025-06-13;1;0.0
25;2025-06-13;2;0.0
25;2025-06-13;3;0.0
25;2025-06-13;4;0.0
25;2025-06-13;5;2.6047130763036765
25;2025-06-13;6;59.860990032922516
25;2025-06-13;7;116.08780939324885
25;2025-06-13;8;194.1233889098124
25;2025-06-13;9;197.46957638868642
25;2025-06-13;10;197.04143753166983
25;2025-06-13;11;265.42959767692486
25;2025-06-13;12;297.0784198399273
25;2025-06-13;13;363.9013930003763
25;2025-06-13;14;382.74103994606867
25;2025-06-13;15;400.71391114367873
25;2025-06-13;16;363.5042443266163
25;2025-06-13;17;325.62671927666963
25;2025-06-13;18;328.2834528301837
25;2025-06-13;19;294.01771774600684
25;2025-06-13;20;223.20277404609732
25;2025-06-13;21;176.82534218631133
25;2025-06-13;22;111.43029897277206
25;2025-06-13;23;35.38222503547496
25;2025-06-14;0;5.316271182535514
25;2025-06-14;1;0.0
25;2025-06-14;2;0.0
25;2025-06-14;3;0.0
25;2025-06-14;4;0.0
25;2025-06-14;5;2.591944396115144
25;2025-06-14;6;73.45211240407525
25;2025-06-14;7;142.83287268284278
25;2025-06-14;8;266.49378830755495
25;2025-06-14;9;261.0149674212249
25;2025-06-14;10;251.93092729819108
25;2025-06-14;11;348.5797518437868
25;2025-06-14;12;365.49367909601506
25;2025-06-14;13;443.63506441350023
25;2025-06-14;14;449.39546485377684
25;2025-06-14;15;473.5905630296896
25;2025-06-14;16;432.14601416191283
25;2025-06-14;17;369.10599431254934
25;2025-06-14;18;371.745312395992
25;2025-06-14;19;340.7592832043048
25;2025-06-14;20;253.68828500402623
25;2025-06-14;21;197.30127219031192
25;2025-06-14;22;121.73132080797876
25;2025-06-14;23;39.83425042478195
25;2025-06-15;0;11.667518163229683
25;2025-06-15;1;0.0
25;2025-06-15;2;0.0
25;2025-06-15;3;0.0
25;2025-06-15;4;0.0
25;2025-06-15;5;3.294267859581639
25;2025-06-15;6;58.11006865119999
25;2025-06-15;7;111.49054317657365
25;2025-06-15;8;182.8366818139553
25;2025-06-15;9;193.91610151712163
25;2025-06-15;10;208.33974552195104
25;2025-06-15;11;274.8901549424455
25;2025-06-15;12;297.7899639177249
25;2025-06-15;13;360.4527281126567
25;2025-06-15;14;390.4496391237375
25;2025-06-15;15;399.35840799709683
25;2025-06-15;16;354.80050486744756
25;2025-06-15;17;327.2688210859497
25;2025-06-15;18;325.2068289629363
25;2025-06-15;19;278.7742423214013
25;2025-06-15;20;211.93893067721768
25;2025-06-15;21;166.37342748311903
25;2025-06-15;22;106.7502978234471
25;2025-06-15;23;31.191003830494843
25;2025-06-16;0;6.747163988475101
25;2025-06-16;1;0.0
25;2025-06-16;2;0.0
25;2025-06-16;3;0.0
25;2025-06-16;4;0.0
25;2025-06-16;5;3.6839338654030374
25;2025-06-16;6;149.53401268963873
25;2025-06-16;7;493.0415212190832
25;2025-06-16;8;851.5134087501767
25;2025-06-16;9;445.86796641384274
25;2025-06-16;10;358.41175535094004
25;2025-06-16;11;377.2942579888296
25;2025-06-16;12;375.8495626788675
25;2025-06-16;13;459.4240159308874
25;2025-06-16;14;409.6152352605819
25;2025-06-16;15;457.5034567312174
25;2025-06-16;16;570.617358185978
25;2025-06-16;17;626.8730254912874
25;2025-06-16;18;688.639749431592
25;2025-06-16;19;438.0359606043545
25;2025-06-16;20;313.2918594817497
25;2025-06-16;21;205.68432256281926
25;2025-06-16;22;108.7889102765226
25;2025-06-16;23;14.077821985294246
25;2025-06-17;0;1.44901624402468
25;2025-06-17;1;0.0
25;2025-06-17;2;0.0
25;2025-06-17;3;0.0
25;2025-06-17;4;0.0
25;2025-06-17;5;4.999876035417806
25;2025-06-17;6;149.29362621207525
25;2025-06-17;7;483.8757504857623
25;2025-06-17;8;829.002645797054
25;2025-06-17;9;474.1901387918232
25;2025-06-17;10;383.5496068491939
25;2025-06-17;11;404.6747504754795
25;2025-06-17;12;363.17145629675105
25;2025-06-17;13;423.9511069301841
25;2025-06-17;14;396.7866464678872
25;2025-06-17;15;466.063356012288
25;2025-06-17;16;534.7926283065322
25;2025-06-17;17;592.7493986278737
25;2025-06-17;18;654.0669346122374
25;2025-06-17;19;446.9411916963707
25;2025-06-17;20;312.19977883371655
25;2025-06-17;21;198.7602380376989
25;2025-06-17;22;111.38273320971267
25;2025-06-17;23;15.571275837819591
25;2025-06-18;0;2.890589966436698
25;2025-06-18;1;0.0
25;2025-06-18;2;0.0
25;2025-06-18;3;0.0
25;2025-06-18;4;0.0
25;2025-06-18;5;5.02316539580899
25;2025-06-18;6;155.07172403960817
25;2025-06-18;7;494.3095104865382
25;2025-06-18;8;848.0934989848138
25;2025-06-18;9;468.48368297423144
25;2025-06-18;10;372.70094030089
25;2025-06-18;11;395.0380190888852
25;2025-06-18;12;393.6745026124497
25;2025-06-18;13;469.1852916853629
25;2025-06-18;14;427.739184390666
25;2025-06-18;15;486.3730961307099
25;2025-06-18;16;538.3042233083974
25;2025-06-18;17;585.3016662811099
25;2025-06-18;18;634.335683654399
25;2025-06-18;19;426.3180936034714
25;2025-06-18;20;332.90477656914754
25;2025-06-18;21;208.00125573169285
25;2025-06-18;22;121.9457086811344
25;2025-06-18;23;9.883239448549023
25;2025-06-19;0;1.564230084886116
25;2025-06-19;1;0.0
25;2025-06-19;2;0.0
25;2025-06-19;3;0.0
25;2025-06-19;4;0.0
25;2025-06-19;5;5.108114185649216
25;2025-06-19;6;155.52851521877722
25;2025-06-19;7;483.69286110235925
25;2025-06-19;8;889.2293569095948
25;2025-06-19;9;457.46359164790044
25;2025-06-19;10;386.2998334452868
25;2025-06-19;11;395.9638203883035
25;2025-06-19;12;389.1086153841189
25;2025-06-19;13;462.83532412114715
25;2025-06-19;14;432.9314438380585
25;2025-06-19;15;472.39353251329277
25;2025-06-19;16;577.7541382923446
25;2025-06-19;17;652.0040400194787
25;2025-06-19;18;681.799627127712
25;2025-06-19;19;442.8542269141253
25;2025-06-19;20;327.57224546267645
25;2025-06-19;21;223.025795039073
25;2025-06-19;22;125.42937813863182
25;2025-06-19;23;16.148525015517833
25;2025-06-20;0;2.4530997285228793
25;2025-06-20;1;0.0
25;2025-06-20;2;0.0
25;2025-06-20;3;0.0
25;2025-06-20;4;0.0
25;2025-06-20;5;4.888581412929041
25;2025-06-20;6;147.93348712221078
25;2025-06-20;7;474.3814471604858
25;2025-06-20;8;808.74839430627
25;2025-06-20;9;459.11369911048337
25;2025-06-20;10;361.69284161653087
25;2025-06-20;11;414.0707588607157
25;2025-06-20;12;409.74654225600744
25;2025-06-20;13;466.28759025617296
25;2025-06-20;14;468.2794804263897
25;2025-06-20;15;531.7081723080917
25;2025-06-20;16;589.5945285554023
25;2025-06-20;17;597.815502526121
25;2025-06-20;18;531.6971222587572
25;2025-06-20;19;377.2309463295453
25;2025-06-20;20;297.38225847373036
25;2025-06-20;21;209.67270486413318
25;2025-06-20;22;134.6077492692458
25;2025-06-20;23;22.741244738249392
25;2025-06-21;0;5.21341682775666
25;2025-06-21;1;0.0
25;2025-06-21;2;0.0
25;2025-06-21;3;0.0
25;2025-06-21;4;0.0
25;2025-06-21;5;1.9746128965676555
25;2025-06-21;6;74.71878824555452
25;2025-06-21;7;146.954594861954
25;2025-06-21;8;278.4594655030741
25;2025-06-21;9;271.7050257305161
25;2025-06-21;10;264.22341552392857
25;2025-06-21;11;365.14102082163134
25;2025-06-21;12;384.87510493428636
25;2025-06-21;13;467.7191462451606
25;2025-06-21;14;473.56144018717293
25;2025-06-21;15;498.18553073955127
25;2025-06-21;16;454.14089891600713
25;2025-06-21;17;386.61116764266853
25;2025-06-21;18;386.98565416770646
25;2025-06-21;19;353.029806230929
25;2025-06-21;20;265.63613318707075
25;2025-06-21;21;207.19610900761282
25;2025-06-21;22;127.86499138822197
25;2025-06-21;23;41.704890092210164
25;2025-06-22;0;11.615081677484067
25;2025-06-22;1;0.0
25;2025-06-22;2;0.0
25;2025-06-22;3;0.0
25;2025-06-22;4;0.0
25;2025-06-22;5;3.375760446741135
25;2025-06-22;6;58.64057444553106
25;2025-06-22;7;112.73303548589797
25;2025-06-22;8;185.27915637988178
25;2025-06-22;9;196.43785805110937
25;2025-06-22;10;210.48406406596285
25;2025-06-22;11;277.084385538387
25;2025-06-22;12;300.1495869330164
25;2025-06-22;13;362.4701746524267
25;2025-06-22;14;392.35048754041827
25;2025-06-22;15;400.827607893772
25;2025-06-22;16;356.1253582014711
25;2025-06-22;17;328.7420593063964
25;2025-06-22;18;325.5994161300386
25;2025-06-22;19;279.2987425973467
25;2025-06-22;20;213.13510320482595
25;2025-06-22;21;167.2713835165113
25;2025-06-22;22;107.3498959614781
25;2025-06-22;23;31.405643961486412
25;2025-06-23;0;6.8195082561356415
25;2025-06-23;1;0.0
25;2025-06-23;2;0.0
25;2025-06-23;3;0.0
25;2025-06-23;4;0.0
25;2025-06-23;5;3.679529140324627
25;2025-06-23;6;149.0527025896314
25;2025-06-23;7;493.2760193609409
25;2025-06-23;8;850.7425586606836
25;2025-06-23;9;444.0333572143065
25;2025-06-23;10;357.16863260442653
25;2025-06-23;11;376.5230676945174
25;2025-06-23;12;375.5088282503767
25;2025-06-23;13;459.3467624110357
25;2025-06-23;14;410.271725219294
25;2025-06-23;15;459.48544411044577
25;2025-06-23;16;572.3307013411043
25;2025-06-23;17;628.9192524122059
25;2025-06-23;18;685.1715758328254
25;2025-06-23;19;434.7934868620523
25;2025-06-23;20;312.17470337739996
25;2025-06-23;21;205.10601346076817
25;2025-06-23;22;108.9619372274758
25;2025-06-23;23;14.016765429404884
25;2025-06-24;0;1.4685823921649725
25;2025-06-24;1;0.0
25;2025-06-24;2;0.0
25;2025-06-24;3;0.0
25;2025-06-24;4;0.0
25;2025-06-24;5;4.565748610671201
25;2025-06-24;6;152.08744900247257
25;2025-06-24;7;494.3524523610082
25;2025-06-24;8;848.2663994935135
25;2025-06-24;9;480.80367238617555
25;2025-06-24;10;391.4842157992033
25;2025-06-24;11;413.7631676087503
25;2025-06-24;12;373.6256600181823
25;2025-06-24;13;440.38910658231976
25;2025-06-24;14;413.0258054773679
25;2025-06-24;15;486.6561056334032
25;2025-06-24;16;553.5726658499138
25;2025-06-24;17;611.3070450484188
25;2025-06-24;18;667.8249262672971
25;2025-06-24;19;454.6802797483925
25;2025-06-24;20;320.37405914710234
25;2025-06-24;21;204.23039301102546
25;2025-06-24;22;114.41254925279159
25;2025-06-24;23;15.54140480005998
25;2025-06-25;0;2.969404768109719
25;2025-06-25;1;0.0
25;2025-06-25;2;0.0
25;2025-06-25;3;0.0
25;2025-06-25;4;0.0
25;2025-06-25;5;4.7327621255291294
25;2025-06-25;6;157.22853291369975
25;2025-06-25;7;501.48601714492537
25;2025-06-25;8;860.1752098819111
25;2025-06-25;9;470.80512516824314
25;2025-06-25;10;377.33091767296037
25;2025-06-25;11;401.0047923760301
25;2025-06-25;12;402.5332908580262
25;2025-06-25;13;483.4209584145396
25;2025-06-25;14;441.6921052398711
25;2025-06-25;15;503.757169822061
25;2025-06-25;16;553.1570119372169
25;2025-06-25;17;599.0840266812878
25;2025-06-25;18;643.1124564619768
25;2025-06-25;19;429.3601963793116
25;2025-06-25;20;339.2857693046999
25;2025-06-25;21;212.24819917386236
25;2025-06-25;22;124.01516522465158
25;2025-06-25;23;9.705352116809253
25;2025-06-26;0;1.5823196614371362
25;2025-06-26;1;0.0
25;2025-06-26;2;0.0
25;2025-06-26;3;0.0
25;2025-06-26;4;0.0
25;2025-06-26;5;5.468003063264584
25;2025-06-26;6;152.62707141347394
25;2025-06-26;7;476.1135028272039
25;2025-06-26;8;868.8510335536408
25;2025-06-26;9;449.4909106979909
25;2025-06-26;10;376.2583104863935
25;2025-06-26;11;386.58920093467634
25;2025-06-26;12;378.9764882024441
25;2025-06-26;13;447.50792361504625
25;2025-06-26;14;419.6653970970625
25;2025-06-26;15;460.4686339066717
25;2025-06-26;16;561.2807546448928
25;2025-06-26;17;637.5272937746828
25;2025-06-26;18;666.3281238658026
25;2025-06-26;19;434.34437931452214
25;2025-06-26;20;321.1064148747945
25;2025-06-26;21;218.4519799794944
25;2025-06-26;22;123.28525618019033
25;2025-06-26;23;15.848781538470101
25;2025-06-27;0;2.7837763455376487
25;2025-06-27;1;0.0
25;2025-06-27;2;0.0
25;2025-06-27;3;0.0
25;2025-06-27;4;0.0
25;2025-06-27;5;4.340644985090056
25;2025-06-27;6;149.33358415184654
25;2025-06-27;7;481.28115252972594
25;2025-06-27;8;824.9440860124537
25;2025-06-27;9;459.51492769544905
25;2025-06-27;10;367.66278963123085
25;2025-06-27;11;423.6219088198964
25;2025-06-27;12;422.3611509155838
25;2025-06-27;13;483.3203668342451
25;2025-06-27;14;487.35962892581983
25;2025-06-27;15;556.8285616549215
25;2025-06-27;16;613.0182891007748
25;2025-06-27;17;622.2471873852878
25;2025-06-27;18;551.4912184043819
25;2025-06-27;19;386.7386317806297
25;2025-06-27;20;309.4912233094655
25;2025-06-27;21;218.65439291223765
25;2025-06-27;22;139.32868800766158
25;2025-06-27;23;24.01443660610957
25;2025-06-28;0;5.362035169036092
25;2025-06-28;1;0.0
25;2025-06-28;2;0.0
25;2025-06-28;3;0.0
25;2025-06-28;4;0.0
25;2025-06-28;5;1.8448706399961123
25;2025-06-28;6;74.08809003704741
25;2025-06-28;7;144.6373589074538
25;2025-06-28;8;275.0933594545786
25;2025-06-28;9;265.68920062710436
25;2025-06-28;10;262.09014689219276
25;2025-06-28;11;366.8301335664074
25;2025-06-28;12;387.5873373577291
25;2025-06-28;13;472.73331853846076
25;2025-06-28;14;479.560443535167
25;2025-06-28;15;507.10236790780584
25;2025-06-28;16;462.24964915218516
25;2025-06-28;17;393.47099818596143
25;2025-06-28;18;394.60086124116833
25;2025-06-28;19;358.7654623583511
25;2025-06-28;20;270.8619934799224
25;2025-06-28;21;211.44431438266895
25;2025-06-28;22;130.4611398960713
25;2025-06-28;23;43.142861927943855
25;2025-06-29;0;11.495651073394589
25;2025-06-29;1;0.0
25;2025-06-29;2;0.0
25;2025-06-29;3;0.0
25;2025-06-29;4;0.0
25;2025-06-29;5;3.292103665576913
25;2025-06-29;6;57.278302456426374
25;2025-06-29;7;109.40959648720538
25;2025-06-29;8;179.4915413911222
25;2025-06-29;9;188.8917818246062
25;2025-06-29;10;204.9398122058177
25;2025-06-29;11;272.7875984919395
25;2025-06-29;12;296.0100207653829
25;2025-06-29;13;358.7956883022455
25;2025-06-29;14;388.9291100736608
25;2025-06-29;15;400.2484626583406
25;2025-06-29;16;355.75378174506034
25;2025-06-29;17;328.5905461819448
25;2025-06-29;18;326.2664102041696
25;2025-06-29;19;279.69445967948
25;2025-06-29;20;214.53285460931423
25;2025-06-29;21;167.2688860507761
25;2025-06-29;22;107.70631966567447
25;2025-06-29;23;32.27075122054562
25;2025-06-30;0;6.311375093629207
25;2025-06-30;1;0.0
25;2025-06-30;2;0.0
25;2025-06-30;3;0.0
25;2025-06-30;4;0.0
25;2025-06-30;5;4.112854665822121
25;2025-06-30;6;141.95031128103204
25;2025-06-30;7;464.91328756137887
25;2025-06-30;8;800.7164445751052
25;2025-06-30;9;421.0266682309176
25;2025-06-30;10;335.9872333854616
25;2025-06-30;11;354.824122749696
25;2025-06-30;12;351.5586095599027
25;2025-06-30;13;427.62199449265694
25;2025-06-30;14;381.4654814034533
25;2025-06-30;15;426.6812715609051
25;2025-06-30;16;532.6160169140037
25;2025-06-30;17;585.0085110837927
25;2025-06-30;18;638.9656924781511
25;2025-06-30;19;409.0580355962337
25;2025-06-30;20;295.08388203292907
25;2025-06-30;21;192.0035659071946
25;2025-06-30;22;102.7362803292123
25;2025-06-30;23;13.656722967368806
25;2025-07-01;0;1.393831850191149
25;2025-07-01;1;0.0
25;2025-07-01;2;0.0
25;2025-07-01;3;0.0
25;2025-07-01;4;0.0
25;2025-07-01;5;4.983296690533338
25;2025-07-01;6;146.407447661845
25;2025-07-01;7;474.312415488255
25;2025-07-01;8;812.0292928400584
25;2025-07-01;9;461.55586677216337
25;2025-07-01;10;374.0075484181323
25;2025-07-01;11;396.4621033167767
25;2025-07-01;12;355.81003727962263
25;2025-07-01;13;416.60735693348556
25;2025-07-01;14;393.5495485940061
25;2025-07-01;15;464.97564168268224
25;2025-07-01;16;529.5821929109061
25;2025-07-01;17;588.4083547842263
25;2025-07-01;18;643.7292610724094
25;2025-07-01;19;442.5682087816739
25;2025-07-01;20;309.07476764484113
25;2025-07-01;21;196.75337729518614
25;2025-07-01;22;110.1579532196559
25;2025-07-01;23;15.605645182994671
25;2025-07-02;0;3.001769147393042
25;2025-07-02;1;0.0
25;2025-07-02;2;0.0
25;2025-07-02;3;0.0
25;2025-07-02;4;0.0
25;2025-07-02;5;4.665406463577646
25;2025-07-02;6;152.9466895985749
25;2025-07-02;7;484.91811302844934
25;2025-07-02;8;840.3707270368332
25;2025-07-02;9;452.95535976173403
25;2025-07-02;10;363.17360014058437
25;2025-07-02;11;387.2239324882229
25;2025-07-02;12;388.8627348989187
25;2025-07-02;13;475.4283617235994
25;2025-07-02;14;437.55673844026677
25;2025-07-02;15;506.074792955801
25;2025-07-02;16;551.5588110566514
25;2025-07-02;17;597.3983687661339
25;2025-07-02;18;641.8813316560768
25;2025-07-02;19;433.6901105767155
25;2025-07-02;20;341.2324656923638
25;2025-07-02;21;214.49027050726778
25;2025-07-02;22;123.87812528531018
25;2025-07-02;23;9.993272881301401
25;2025-07-03;0;1.699784403230167
25;2025-07-03;1;0.0
25;2025-07-03;2;0.0
25;2025-07-03;3;0.0
25;2025-07-03;4;0.0
25;2025-07-03;5;5.107356729197848
25;2025-07-03;6;154.36235493824068
25;2025-07-03;7;476.41617955642704
25;2025-07-03;8;881.6544731914256
25;2025-07-03;9;444.836488010315
25;2025-07-03;10;377.8358336578151
25;2025-07-03;11;389.8692280410612
25;2025-07-03;12;384.28932448077546
25;2025-07-03;13;464.67792975554516
25;2025-07-03;14;439.43619044009245
25;2025-07-03;15;490.0989614160112
25;2025-07-03;16;588.7699123590195
25;2025-07-03;17;670.6012474300411
25;2025-07-03;18;698.6332815631217
25;2025-07-03;19;455.69538257340764
25;2025-07-03;20;338.77359250023756
25;2025-07-03;21;231.54126580170092
25;2025-07-03;22;127.98633364299155
25;2025-07-03;23;16.58776768219065
25;2025-07-04;0;2.729999164693713
25;2025-07-04;1;0.0
25;2025-07-04;2;0.0
25;2025-07-04;3;0.0
25;2025-07-04;4;0.0
25;2025-07-04;5;4.331714691380965
25;2025-07-04;6;143.1637523592382
25;2025-07-04;7;459.1851246924655
25;2025-07-04;8;793.2310921952669
25;2025-07-04;9;437.0748524760436
25;2025-07-04;10;348.8794188265555
25;2025-07-04;11;402.5088584336621
25;2025-07-04;12;401.08398034420725
25;2025-07-04;13;467.2484059414803
25;2025-07-04;14;473.8513430552896
25;2025-07-04;15;547.6680704696353
25;2025-07-04;16;600.1786634071942
25;2025-07-04;17;610.1303538879164
25;2025-07-04;18;542.9908232383402
25;2025-07-04;19;385.9398545894503
25;2025-07-04;20;306.21552184354334
25;2025-07-04;21;216.97098341641637
25;2025-07-04;22;136.06002305557985
25;2025-07-04;23;23.412447745046762
25;2025-07-05;0;5.36498583900382
25;2025-07-05;1;0.0
25;2025-07-05;2;0.0
25;2025-07-05;3;0.0
25;2025-07-05;4;0.0
25;2025-07-05;5;1.8169372310343257
25;2025-07-05;6;72.6890865436765
25;2025-07-05;7;137.35869239996237
25;2025-07-05;8;266.3990657775826
25;2025-07-05;9;256.4382898799847
25;2025-07-05;10;255.5119371342102
25;2025-07-05;11;359.76362776006613
25;2025-07-05;12;380.796442972343
25;2025-07-05;13;470.54481795500135
25;2025-07-05;14;479.5494576514624
25;2025-07-05;15;510.8542993371578
25;2025-07-05;16;464.076294856785
25;2025-07-05;17;395.80114298780654
25;2025-07-05;18;397.5453267693258
25;2025-07-05;19;362.93948990295917
25;2025-07-05;20;272.8907351463107
25;2025-07-05;21;213.057886754405
25;2025-07-05;22;130.2443148683368
25;2025-07-05;23;43.10928984247347
25;2025-07-06;0;12.016264562641863
25;2025-07-06;1;0.0
25;2025-07-06;2;0.0
25;2025-07-06;3;0.0
25;2025-07-06;4;0.0
25;2025-07-06;5;2.8325290905248037
25;2025-07-06;6;54.10611467043449
25;2025-07-06;7;100.78478650825235
25;2025-07-06;8;175.1714768740166
25;2025-07-06;9;185.92621288763763
25;2025-07-06;10;206.05136103810494
25;2025-07-06;11;276.2379838847941
25;2025-07-06;12;301.7851082404561
25;2025-07-06;13;371.2945582275066
25;2025-07-06;14;404.5001285546339
25;2025-07-06;15;419.43382390139874
25;2025-07-06;16;371.34238040904586
25;2025-07-06;17;342.62474943895734
25;2025-07-06;18;339.87805106892074
25;2025-07-06;19;290.8361906527484
25;2025-07-06;20;223.81773053295802
25;2025-07-06;21;175.09949283225205
25;2025-07-06;22;111.34267799819735
25;2025-07-06;23;33.27417290322272
25;2025-07-07;0;6.853064529149187
25;2025-07-07;1;0.0
25;2025-07-07;2;0.0
25;2025-07-07;3;0.0
25;2025-07-07;4;0.0
25;2025-07-07;5;3.5956926584313837
25;2025-07-07;6;145.9748032160217
25;2025-07-07;7;476.54331579372575
25;2025-07-07;8;829.6006421450356
25;2025-07-07;9;425.5793372545127
25;2025-07-07;10;343.86517616014703
25;2025-07-07;11;364.09361720982173
25;2025-07-07;12;363.4964459374846
25;2025-07-07;13;452.90265113729015
25;2025-07-07;14;407.98204006573803
25;2025-07-07;15;464.8584885219151
25;2025-07-07;16;572.9895238952299
25;2025-07-07;17;630.2539908074401
25;2025-07-07;18;686.1910386221937
25;2025-07-07;19;440.29823054443995
25;2025-07-07;20;317.26753880314595
25;2025-07-07;21;208.26944675709404
25;2025-07-07;22;109.0976834418233
25;2025-07-07;23;14.53356173763824
25;2025-07-08;0;1.5172956006279374
25;2025-07-08;1;0.0
25;2025-07-08;2;0.0
25;2025-07-08;3;0.0
25;2025-07-08;4;0.0
25;2025-07-08;5;4.464550649670886
25;2025-07-08;6;148.28685285290703
25;2025-07-08;7;476.51463978685854
25;2025-07-08;8;825.9929001513553
25;2025-07-08;9;461.5253723026229
25;2025-07-08;10;377.0649887069274
25;2025-07-08;11;400.354455758929
25;2025-07-08;12;360.54820642864684
25;2025-07-08;13;432.8293397082117
25;2025-07-08;14;409.609930100074
25;2025-07-08;15;489.2798904231155
25;2025-07-08;16;552.5155004067686
25;2025-07-08;17;611.6099498302732
25;2025-07-08;18;666.3346444750842
25;2025-07-08;19;457.19988205821835
25;2025-07-08;20;323.31676449181816
25;2025-07-08;21;207.30448457085313
25;2025-07-08;22;114.57596641210557
25;2025-07-08;23;15.960951550058763
25;2025-07-09;0;3.1443499634795433
25;2025-07-09;1;0.0
25;2025-07-09;2;0.0
25;2025-07-09;3;0.0
25;2025-07-09;4;0.0
25;2025-07-09;5;4.768272575596745
25;2025-07-09;6;158.7303425873984
25;2025-07-09;7;502.87642665861443
25;2025-07-09;8;868.6512424937964
25;2025-07-09;9;467.3427244455504
25;2025-07-09;10;375.7675436714223
25;2025-07-09;11;400.6876047366445
25;2025-07-09;12;402.94408072607376
25;2025-07-09;13;493.41239780464025
25;2025-07-09;14;454.7292156515589
25;2025-07-09;15;525.8942880900444
25;2025-07-09;16;573.231552557935
25;2025-07-09;17;621.5941359903362
25;2025-07-09;18;668.0559190703243
25;2025-07-09;19;449.5699247610501
25;2025-07-09;20;355.1806871348625
25;2025-07-09;21;223.3547659432094
25;2025-07-09;22;128.5479667008873
25;2025-07-09;23;10.653466031992007
25;2025-07-10;0;1.7671184921901877
25;2025-07-10;1;0.0
25;2025-07-10;2;0.0
25;2025-07-10;3;0.0
25;2025-07-10;4;0.0
25;2025-07-10;5;5.075751375907581
25;2025-07-10;6;154.96333233910013
25;2025-07-10;7;479.8806050171811
25;2025-07-10;8;887.8916251752262
25;2025-07-10;9;446.2963420575693
25;2025-07-10;10;379.5547772284225
25;2025-07-10;11;391.6112662449476
25;2025-07-10;12;386.6706764290561
25;2025-07-10;13;468.69255725330794
25;2025-07-10;14;443.42003646761634
25;2025-07-10;15;494.5421183934144
25;2025-07-10;16;595.40485037346
25;2025-07-10;17;676.7004768619137
25;2025-07-10;18;704.1315753485501
25;2025-07-10;19;458.90031226303665
25;2025-07-10;20;341.5424709677907
25;2025-07-10;21;233.48330840178113
25;2025-07-10;22;129.30096546806303
25;2025-07-10;23;16.861897791573952
25;2025-07-11;0;2.828803050514847
25;2025-07-11;1;0.0
25;2025-07-11;2;0.0
25;2025-07-11;3;0.0
25;2025-07-11;4;0.0
25;2025-07-11;5;4.285906319374766
25;2025-07-11;6;145.96264707210406
25;2025-07-11;7;469.25661862962954
25;2025-07-11;8;809.4969051974415
25;2025-07-11;9;445.20248044315025
25;2025-07-11;10;356.8202792018557
25;2025-07-11;11;412.11682830158054
25;2025-07-11;12;411.8374033947648
25;2025-07-11;13;480.26905118938885
25;2025-07-11;14;487.33230777775566
25;2025-07-11;15;562.8172477536068
25;2025-07-11;16;617.5872648686902
25;2025-07-11;17;627.3256490121473
25;2025-07-11;18;558.2761349441256
25;2025-07-11;19;395.54445483284235
25;2025-07-11;20;314.2106758305489
25;2025-07-11;21;222.3532442048189
25;2025-07-11;22;139.4451609125606
25;2025-07-11;23;24.218897122696724
25;2025-07-12;0;5.160152607783614
25;2025-07-12;1;0.0
25;2025-07-12;2;0.0
25;2025-07-12;3;0.0
25;2025-07-12;4;0.0
25;2025-07-12;5;1.8714969999448472
25;2025-07-12;6;70.59148097806998
25;2025-07-12;7;133.61411081360058
25;2025-07-12;8;257.9031237238966
25;2025-07-12;9;249.50940587272862
25;2025-07-12;10;246.8993749176416
25;2025-07-12;11;346.77009435783145
25;2025-07-12;12;367.3467963816446
25;2025-07-12;13;453.46360438811007
25;2025-07-12;14;461.4716401822426
25;2025-07-12;15;490.66213213616436
25;2025-07-12;16;447.97443844154816
25;2025-07-12;17;382.36076327219394
25;2025-07-12;18;381.99198993075686
25;2025-07-12;19;349.4904216339032
25;2025-07-12;20;263.3871453459267
25;2025-07-12;21;205.3673354313741
25;2025-07-12;22;125.17652450919189
25;2025-07-12;23;41.61090706175725
25;2025-07-13;0;11.273343589953889
25;2025-07-13;1;0.0
25;2025-07-13;2;0.0
25;2025-07-13;3;0.0
25;2025-07-13;4;0.0
25;2025-07-13;5;3.3163265955127783
25;2025-07-13;6;55.12736274129118
25;2025-07-13;7;102.97137970203852
25;2025-07-13;8;169.99504048090338
25;2025-07-13;9;179.05867186599576
25;2025-07-13;10;195.49686038040542
25;2025-07-13;11;261.2848066683553
25;2025-07-13;12;284.5574723714093
25;2025-07-13;13;348.9230244837497
25;2025-07-13;14;379.6973856282823
25;2025-07-13;15;393.18160706190747
25;2025-07-13;16;350.13062543217245
25;2025-07-13;17;324.4382467050598
25;2025-07-13;18;320.3964120814892
25;2025-07-13;19;274.85584263316593
25;2025-07-13;20;210.59307088348618
25;2025-07-13;21;164.44242123394693
25;2025-07-13;22;105.23927827308843
25;2025-07-13;23;31.551932702203857
25;2025-07-14;0;6.44504344805861
25;2025-07-14;1;0.0
25;2025-07-14;2;0.0
25;2025-07-14;3;0.0
25;2025-07-14;4;0.0
25;2025-07-14;5;4.099837208317692
25;2025-07-14;6;139.4968992865936
25;2025-07-14;7;454.86702256815835
25;2025-07-14;8;787.5759000670744
25;2025-07-14;9;410.60443411172304
25;2025-07-14;10;328.04690624748025
25;2025-07-14;11;347.23567656152704
25;2025-07-14;12;344.8336544103546
25;2025-07-14;13;426.41134955306734
25;2025-07-14;14;383.37769102924346
25;2025-07-14;15;433.9897118657368
25;2025-07-14;16;536.8063397412719
25;2025-07-14;17;589.3096151920299
25;2025-07-14;18;643.8021259472532
25;2025-07-14;19;415.6587563060764
25;2025-07-14;20;299.59879664268055
25;2025-07-14;21;195.533021873423
25;2025-07-14;22;103.5779875397516
25;2025-07-14;23;13.97649205858566
26;2025-05-15;0;33.23837660820617
26;2025-05-15;1;0.0
26;2025-05-15;2;0.0
26;2025-05-15;3;0.0
26;2025-05-15;4;0.0
26;2025-05-15;5;58.59474274158681
26;2025-05-15;6;560.3865334706585
26;2025-05-15;7;1158.8236654806753
26;2025-05-15;8;2249.4173029935077
26;2025-05-15;9;1512.4469351982334
26;2025-05-15;10;1286.127176741523
26;2025-05-15;11;1220.8072660678138
26;2025-05-15;12;1238.2822838306388
26;2025-05-15;13;1226.8946297195282
26;2025-05-15;14;1235.1759180453141
26;2025-05-15;15;1362.0816221514356
26;2025-05-15;16;1589.2082242243246
26;2025-05-15;17;1708.5437376771872
26;2025-05-15;18;1879.8427866695229
26;2025-05-15;19;1338.3264098636132
26;2025-05-15;20;831.6496033272567
26;2025-05-15;21;520.7568714733593
26;2025-05-15;22;274.48965479816604
26;2025-05-15;23;140.58990110659778
26;2025-05-16;0;34.347935489056866
26;2025-05-16;1;0.0
26;2025-05-16;2;0.0
26;2025-05-16;3;0.0
26;2025-05-16;4;0.0
26;2025-05-16;5;55.02782619950479
26;2025-05-16;6;537.7031013236303
26;2025-05-16;7;1111.808633643524
26;2025-05-16;8;2130.5818593999447
26;2025-05-16;9;1468.5375096077878
26;2025-05-16;10;1278.0220330353227
26;2025-05-16;11;1196.6586192081786
26;2025-05-16;12;1243.0308433292978
26;2025-05-16;13;1277.7861755891768
26;2025-05-16;14;1259.9975815924795
26;2025-05-16;15;1427.8893082900659
26;2025-05-16;16;1652.4017631781342
26;2025-05-16;17;1657.3451868026427
26;2025-05-16;18;1423.8639937727348
26;2025-05-16;19;1106.6161009857108
26;2025-05-16;20;789.6194269830223
26;2025-05-16;21;490.86364686799976
26;2025-05-16;22;287.9328432627757
26;2025-05-16;23;164.39528227715556
26;2025-05-17;0;42.02001710147373
26;2025-05-17;1;0.0
26;2025-05-17;2;0.0
26;2025-05-17;3;0.0
26;2025-05-17;4;0.0
26;2025-05-17;5;34.30589254756522
26;2025-05-17;6;289.75732825581883
26;2025-05-17;7;381.04898736542486
26;2025-05-17;8;643.6434095571165
26;2025-05-17;9;713.8349704891809
26;2025-05-17;10;839.4355528441108
26;2025-05-17;11;967.6253589262965
26;2025-05-17;12;1051.5884495200266
26;2025-05-17;13;1029.8013866046572
26;2025-05-17;14;1025.0469586520308
26;2025-05-17;15;936.2250024089853
26;2025-05-17;16;946.7049852685939
26;2025-05-17;17;887.2276979029789
26;2025-05-17;18;843.4651936318182
26;2025-05-17;19;780.7159836967113
26;2025-05-17;20;551.8978810308549
26;2025-05-17;21;391.75628692329576
26;2025-05-17;22;234.27440013642985
26;2025-05-17;23;138.84125382106203
26;2025-05-18;0;44.08490609483921
26;2025-05-18;1;0.0
26;2025-05-18;2;0.0
26;2025-05-18;3;0.0
26;2025-05-18;4;0.0
26;2025-05-18;5;27.914326650089322
26;2025-05-18;6;182.935877150798
26;2025-05-18;7;263.53848715723996
26;2025-05-18;8;420.42345877128855
26;2025-05-18;9;529.9821339325019
26;2025-05-18;10;614.8456303835784
26;2025-05-18;11;744.6296670338858
26;2025-05-18;12;788.0480883619682
26;2025-05-18;13;806.9716266747033
26;2025-05-18;14;810.4161967512201
26;2025-05-18;15;742.4857223125399
26;2025-05-18;16;737.9110760903544
26;2025-05-18;17;701.4070198884842
26;2025-05-18;18;671.3327299816408
26;2025-05-18;19;574.0395070744798
26;2025-05-18;20;420.3350516464794
26;2025-05-18;21;308.23707636513427
26;2025-05-18;22;198.92137760817087
26;2025-05-18;23;99.10511684634503
26;2025-05-19;0;28.94092516075097
26;2025-05-19;1;0.0
26;2025-05-19;2;0.0
26;2025-05-19;3;0.0
26;2025-05-19;4;0.0
26;2025-05-19;5;55.867804865833605
26;2025-05-19;6;536.535751550054
26;2025-05-19;7;1072.2061171417238
26;2025-05-19;8;2150.677234337475
26;2025-05-19;9;1431.8225016047245
26;2025-05-19;10;1242.0872480575194
26;2025-05-19;11;1115.6746150537779
26;2025-05-19;12;1162.130343356703
26;2025-05-19;13;1178.8864593400153
26;2025-05-19;14;1165.1311201950225
26;2025-05-19;15;1268.722836628001
26;2025-05-19;16;1452.8541355985676
26;2025-05-19;17;1586.0343745990026
26;2025-05-19;18;1774.2090967534023
26;2025-05-19;19;1271.7709233487817
26;2025-05-19;20;774.0338480516671
26;2025-05-19;21;459.7358840566433
26;2025-05-19;22;244.33632742666742
26;2025-05-19;23;102.03800628910682
26;2025-05-20;0;27.05127281916463
26;2025-05-20;1;0.0
26;2025-05-20;2;0.0
26;2025-05-20;3;0.0
26;2025-05-20;4;0.0
26;2025-05-20;5;62.13595532966387
26;2025-05-20;6;543.3365424050949
26;2025-05-20;7;1134.596834054964
26;2025-05-20;8;2205.863100350168
26;2025-05-20;9;1499.1046600443285
26;2025-05-20;10;1283.7721312757435
26;2025-05-20;11;1158.656673757032
26;2025-05-20;12;1196.2571138193707
26;2025-05-20;13;1199.0461175079759
26;2025-05-20;14;1207.0539866857966
26;2025-05-20;15;1262.5181746114326
26;2025-05-20;16;1489.7279618456362
26;2025-05-20;17;1651.617659368012
26;2025-05-20;18;1761.1584556405112
26;2025-05-20;19;1298.374845957772
26;2025-05-20;20;805.2166357274814
26;2025-05-20;21;476.41938645743994
26;2025-05-20;22;253.50600969441194
26;2025-05-20;23;119.66342891288798
26;2025-05-21;0;30.82224941856144
26;2025-05-21;1;0.0
26;2025-05-21;2;0.0
26;2025-05-21;3;0.0
26;2025-05-21;4;0.0
26;2025-05-21;5;60.193490460951494
26;2025-05-21;6;536.1973167939393
26;2025-05-21;7;1110.8785365497624
26;2025-05-21;8;2190.513442982267
26;2025-05-21;9;1509.3996199903934
26;2025-05-21;10;1307.4897938633087
26;2025-05-21;11;1167.3302067890882
26;2025-05-21;12;1220.1853305908435
26;2025-05-21;13;1222.6265561703563
26;2025-05-21;14;1249.5839676578262
26;2025-05-21;15;1310.73381357697
26;2025-05-21;16;1509.7869282326906
26;2025-05-21;17;1620.9875158359769
26;2025-05-21;18;1759.125534859425
26;2025-05-21;19;1282.773933830937
26;2025-05-21;20;815.7850279943395
26;2025-05-21;21;504.75209313141943
26;2025-05-21;22;267.0243796542178
26;2025-05-21;23;131.17004908668457
26;2025-05-22;0;35.024675510932916
26;2025-05-22;1;0.0
26;2025-05-22;2;0.0
26;2025-05-22;3;0.0
26;2025-05-22;4;0.0
26;2025-05-22;5;58.67431100570392
26;2025-05-22;6;559.4200048844509
26;2025-05-22;7;1167.8888960516756
26;2025-05-22;8;2245.4806196561753
26;2025-05-22;9;1514.7360339851894
26;2025-05-22;10;1287.7931468586676
26;2025-05-22;11;1221.7085963089453
26;2025-05-22;12;1239.0779852443075
26;2025-05-22;13;1226.4916759312978
26;2025-05-22;14;1234.547136764235
26;2025-05-22;15;1358.3830343777768
26;2025-05-22;16;1577.5919295519125
26;2025-05-22;17;1697.0006172482354
26;2025-05-22;18;1882.4908404924718
26;2025-05-22;19;1344.4171315368028
26;2025-05-22;20;838.3454905180388
26;2025-05-22;21;523.8705517485173
26;2025-05-22;22;274.6779387828019
26;2025-05-22;23;141.8770608596023
26;2025-05-23;0;34.662453574819345
26;2025-05-23;1;0.0
26;2025-05-23;2;0.0
26;2025-05-23;3;0.0
26;2025-05-23;4;0.0
26;2025-05-23;5;55.7264123005943
26;2025-05-23;6;540.2755829204594
26;2025-05-23;7;1121.9254354058867
26;2025-05-23;8;2137.6918000166766
26;2025-05-23;9;1477.9304314079163
26;2025-05-23;10;1288.18885361413
26;2025-05-23;11;1206.9053371392108
26;2025-05-23;12;1254.7011501515362
26;2025-05-23;13;1288.5664540236214
26;2025-05-23;14;1271.0561713102832
26;2025-05-23;15;1437.3511228412272
26;2025-05-23;16;1654.4473074936413
26;2025-05-23;17;1660.3006327725147
26;2025-05-23;18;1437.1186597383194
26;2025-05-23;19;1118.3499810846429
26;2025-05-23;20;802.4939352278374
26;2025-05-23;21;498.29263807143946
26;2025-05-23;22;289.4098626781637
26;2025-05-23;23;166.93038893297813
26;2025-05-24;0;42.49353793958325
26;2025-05-24;1;0.0
26;2025-05-24;2;0.0
26;2025-05-24;3;0.0
26;2025-05-24;4;0.0
26;2025-05-24;5;34.943926659470065
26;2025-05-24;6;290.1912208795297
26;2025-05-24;7;380.7982524439664
26;2025-05-24;8;639.3046652649241
26;2025-05-24;9;715.0812997738517
26;2025-05-24;10;844.2320325620578
26;2025-05-24;11;972.9593640430984
26;2025-05-24;12;1057.6982751297649
26;2025-05-24;13;1033.7992087128132
26;2025-05-24;14;1029.1822055872508
26;2025-05-24;15;938.9170525131185
26;2025-05-24;16;945.0075449281088
26;2025-05-24;17;887.2767614184401
26;2025-05-24;18;847.6926654192832
26;2025-05-24;19;785.4196976620951
26;2025-05-24;20;560.2209653921253
26;2025-05-24;21;397.375746467977
26;2025-05-24;22;238.010904249798
26;2025-05-24;23;141.23700677006102
26;2025-05-25;0;45.50839037446454
26;2025-05-25;1;0.0
26;2025-05-25;2;0.0
26;2025-05-25;3;0.0
26;2025-05-25;4;0.0
26;2025-05-25;5;28.7024740453412
26;2025-05-25;6;186.44810399543925
26;2025-05-25;7;266.32899620228454
26;2025-05-25;8;422.9789228506161
26;2025-05-25;9;539.735248681195
26;2025-05-25;10;630.8630171326979
26;2025-05-25;11;763.6408381651768
26;2025-05-25;12;808.0261647851041
26;2025-05-25;13;827.2454312402094
26;2025-05-25;14;830.5585526709649
26;2025-05-25;15;760.6905046982245
26;2025-05-25;16;753.392595908165
26;2025-05-25;17;715.6539115814359
26;2025-05-25;18;686.6386252315972
26;2025-05-25;19;587.941634251116
26;2025-05-25;20;435.9161039894576
26;2025-05-25;21;320.4024430685913
26;2025-05-25;22;206.8451694301525
26;2025-05-25;23;102.0653855829098
26;2025-05-26;0;29.87686535363803
26;2025-05-26;1;0.0
26;2025-05-26;2;0.0
26;2025-05-26;3;0.0
26;2025-05-26;4;0.0
26;2025-05-26;5;57.17665451126203
26;2025-05-26;6;542.3313817263349
26;2025-05-26;7;1099.0164023827526
26;2025-05-26;8;2185.447697016383
26;2025-05-26;9;1457.0098509492336
26;2025-05-26;10;1264.3473044680286
26;2025-05-26;11;1135.5967689012052
26;2025-05-26;12;1181.951966687253
26;2025-05-26;13;1199.2113472972242
26;2025-05-26;14;1185.058482604334
26;2025-05-26;15;1288.4795647144224
26;2025-05-26;16;1465.1102215391222
26;2025-05-26;17;1598.2099922052757
26;2025-05-26;18;1802.1499318723615
26;2025-05-26;19;1295.6759631040666
26;2025-05-26;20;795.1255770982466
26;2025-05-26;21;473.73925101920884
26;2025-05-26;22;251.725628008159
26;2025-05-26;23;103.00841857804147
26;2025-05-27;0;28.00986370495187
26;2025-05-27;1;0.0
26;2025-05-27;2;0.0
26;2025-05-27;3;0.0
26;2025-05-27;4;0.0
26;2025-05-27;5;64.5555572884722
26;2025-05-27;6;557.1411797961343
26;2025-05-27;7;1166.7462713896928
26;2025-05-27;8;2260.9287044201164
26;2025-05-27;9;1537.7540667177477
26;2025-05-27;10;1319.0420497988584
26;2025-05-27;11;1190.7511249078248
26;2025-05-27;12;1231.0554725944985
26;2025-05-27;13;1235.9656435061002
26;2025-05-27;14;1245.0611320034632
26;2025-05-27;15;1304.8403449768848
26;2025-05-27;16;1525.0092467736372
26;2025-05-27;17;1682.5994769292656
26;2025-05-27;18;1803.2995814880483
26;2025-05-27;19;1329.8452588456967
26;2025-05-27;20;839.9257712985565
26;2025-05-27;21;500.96317001042985
26;2025-05-27;22;270.1128375338852
26;2025-05-27;23;123.63806573344655
26;2025-05-28;0;31.49018639441464
26;2025-05-28;1;0.0
26;2025-05-28;2;0.0
26;2025-05-28;3;0.0
26;2025-05-28;4;0.0
26;2025-05-28;5;62.695700061802334
26;2025-05-28;6;551.611012494121
26;2025-05-28;7;1140.6726185365192
26;2025-05-28;8;2238.8491472982673
26;2025-05-28;9;1547.1558832119804
26;2025-05-28;10;1340.4196901177793
26;2025-05-28;11;1196.3532899515121
26;2025-05-28;12;1251.6662448624645
26;2025-05-28;13;1253.4280752986042
26;2025-05-28;14;1281.5022512953096
26;2025-05-28;15;1343.6270274313006
26;2025-05-28;16;1536.6838922355769
26;2025-05-28;17;1649.402737482695
26;2025-05-28;18;1799.1435801576508
26;2025-05-28;19;1311.2643769571291
26;2025-05-28;20;843.8683716325659
26;2025-05-28;21;522.083076533758
26;2025-05-28;22;277.22992155616674
26;2025-05-28;23;135.3929884783066
26;2025-05-29;0;34.680905322124886
26;2025-05-29;1;0.0
26;2025-05-29;2;0.0
26;2025-05-29;3;0.0
26;2025-05-29;4;0.0
26;2025-05-29;5;58.7969900997259
26;2025-05-29;6;554.2456994400427
26;2025-05-29;7;1155.6242326069655
26;2025-05-29;8;2220.917971259901
26;2025-05-29;9;1504.609310055565
26;2025-05-29;10;1273.1356388823258
26;2025-05-29;11;1204.9278593234644
26;2025-05-29;12;1221.0645174220933
26;2025-05-29;13;1207.3814649452283
26;2025-05-29;14;1214.1944224432823
26;2025-05-29;15;1335.0984364016192
26;2025-05-29;16;1553.984650630106
26;2025-05-29;17;1675.8936698499824
26;2025-05-29;18;1856.9530020705502
26;2025-05-29;19;1329.0499243636154
26;2025-05-29;20;833.0890611766665
26;2025-05-29;21;520.5427612949427
26;2025-05-29;22;272.1024996354257
26;2025-05-29;23;141.5765614209053
26;2025-05-30;0;34.53417395897414
26;2025-05-30;1;0.0
26;2025-05-30;2;0.0
26;2025-05-30;3;0.0
26;2025-05-30;4;0.0
26;2025-05-30;5;55.82615021609575
26;2025-05-30;6;536.046444683335
26;2025-05-30;7;1113.6099599011973
26;2025-05-30;8;2120.6350532534816
26;2025-05-30;9;1469.3323390048054
26;2025-05-30;10;1274.9635635048799
26;2025-05-30;11;1193.5291702223724
26;2025-05-30;12;1237.4641012991963
26;2025-05-30;13;1269.9032224879138
26;2025-05-30;14;1251.5149100541655
26;2025-05-30;15;1414.3682793977891
26;2025-05-30;16;1630.4682513311527
26;2025-05-30;17;1636.0341638576413
26;2025-05-30;18;1417.25662900435
26;2025-05-30;19;1106.6747952563858
26;2025-05-30;20;795.5206787731142
26;2025-05-30;21;493.1463205811513
26;2025-05-30;22;286.71582910174453
26;2025-05-30;23;165.91492235721552
26;2025-05-31;0;42.004769590088905
26;2025-05-31;1;0.0
26;2025-05-31;2;0.0
26;2025-05-31;3;0.0
26;2025-05-31;4;0.0
26;2025-05-31;5;34.52575545879013
26;2025-05-31;6;286.12520579061675
26;2025-05-31;7;372.9994127799059
26;2025-05-31;8;614.4836136674774
26;2025-05-31;9;703.5209234019158
26;2025-05-31;10;829.2180012872738
26;2025-05-31;11;958.7560478763171
26;2025-05-31;12;1041.0783902773233
26;2025-05-31;13;1016.643614250961
26;2025-05-31;14;1014.0880961315709
26;2025-05-31;15;926.7668091788639
26;2025-05-31;16;925.9533039391829
26;2025-05-31;17;873.5487067655547
26;2025-05-31;18;836.9958784183481
26;2025-05-31;19;777.3180409352992
26;2025-05-31;20;557.0855646523086
26;2025-05-31;21;394.1941474550172
26;2025-05-31;22;236.0071705334155
26;2025-05-31;23;139.72124111324524
26;2025-06-01;0;44.338080576291446
26;2025-06-01;1;0.0
26;2025-06-01;2;0.0
26;2025-06-01;3;0.0
26;2025-06-01;4;0.0
26;2025-06-01;5;28.1803691718845
26;2025-06-01;6;181.93589461720586
26;2025-06-01;7;261.816782746426
26;2025-06-01;8;410.07028425927524
26;2025-06-01;9;526.0867697352136
26;2025-06-01;10;611.1845959287514
26;2025-06-01;11;742.931650474349
26;2025-06-01;12;785.1649414168437
26;2025-06-01;13;803.2590478395734
26;2025-06-01;14;808.300055977555
26;2025-06-01;15;742.5234903377512
26;2025-06-01;16;729.1296702304417
26;2025-06-01;17;694.0420958045843
26;2025-06-01;18;665.4834398671351
26;2025-06-01;19;571.3794414761176
26;2025-06-01;20;425.2522815432128
26;2025-06-01;21;311.66926451764016
26;2025-06-01;22;201.09325043223413
26;2025-06-01;23;99.53735378399713
26;2025-06-02;0;29.24842059157544
26;2025-06-02;1;0.0
26;2025-06-02;2;0.0
26;2025-06-02;3;0.0
26;2025-06-02;4;0.0
26;2025-06-02;5;56.413465106537686
26;2025-06-02;6;530.9208192086562
26;2025-06-02;7;1074.0596105551017
26;2025-06-02;8;2135.435265344996
26;2025-06-02;9;1432.0162487828732
26;2025-06-02;10;1241.2136952234848
26;2025-06-02;11;1113.5892155782096
26;2025-06-02;12;1161.5879052503026
26;2025-06-02;13;1178.8494861873137
26;2025-06-02;14;1163.0816528731934
26;2025-06-02;15;1260.8057375715011
26;2025-06-02;16;1441.3575178252097
26;2025-06-02;17;1572.1024340026406
26;2025-06-02;18;1766.4209750513783
26;2025-06-02;19;1268.841793297062
26;2025-06-02;20;780.3946306769946
26;2025-06-02;21;464.4353277387031
26;2025-06-02;22;247.72419865195474
26;2025-06-02;23;101.55605018508055
26;2025-06-03;0;27.334736826386866
26;2025-06-03;1;0.0
26;2025-06-03;2;0.0
26;2025-06-03;3;0.0
26;2025-06-03;4;0.0
26;2025-06-03;5;62.41415231537664
26;2025-06-03;6;538.5974392923774
26;2025-06-03;7;1123.2235636998425
26;2025-06-03;8;2173.43571114338
26;2025-06-03;9;1488.44550664921
26;2025-06-03;10;1276.4208239671825
26;2025-06-03;11;1151.422808324614
26;2025-06-03;12;1192.7514716342685
26;2025-06-03;13;1196.6149311789727
26;2025-06-03;14;1203.5659073016168
26;2025-06-03;15;1257.2517713529937
26;2025-06-03;16;1476.4671186742307
26;2025-06-03;17;1631.2947140497806
26;2025-06-03;18;1740.2902455301369
26;2025-06-03;19;1283.0900305649816
26;2025-06-03;20;813.9947350659409
26;2025-06-03;21;483.8126591458118
26;2025-06-03;22;259.94964987975055
26;2025-06-03;23;121.0973981576588
26;2025-06-04;0;30.77044747875898
26;2025-06-04;1;0.0
26;2025-06-04;2;0.0
26;2025-06-04;3;0.0
26;2025-06-04;4;0.0
26;2025-06-04;5;61.27009488477225
26;2025-06-04;6;537.6452661253841
26;2025-06-04;7;1111.2055828310422
26;2025-06-04;8;2179.755370043913
26;2025-06-04;9;1509.7800453329965
26;2025-06-04;10;1310.2659046251806
26;2025-06-04;11;1169.4374740596354
26;2025-06-04;12;1226.6750724863737
26;2025-06-04;13;1230.2912217841956
26;2025-06-04;14;1257.658416740143
26;2025-06-04;15;1317.177691933864
26;2025-06-04;16;1510.5142779730977
26;2025-06-04;17;1620.2610350068126
26;2025-06-04;18;1761.3284876042703
26;2025-06-04;19;1281.2135722689834
26;2025-06-04;20;827.5147608426064
26;2025-06-04;21;511.8830598166355
26;2025-06-04;22;272.5790778959454
26;2025-06-04;23;132.90207957085397
26;2025-06-05;0;34.357914047624426
26;2025-06-05;1;0.0
26;2025-06-05;2;0.0
26;2025-06-05;3;0.0
26;2025-06-05;4;0.0
26;2025-06-05;5;58.30792900790486
26;2025-06-05;6;544.7442179181123
26;2025-06-05;7;1135.5806613148652
26;2025-06-05;8;2179.732812118761
26;2025-06-05;9;1481.344679313386
26;2025-06-05;10;1256.8365866303402
26;2025-06-05;11;1190.3700083854112
26;2025-06-05;12;1209.8234652575534
26;2025-06-05;13;1197.4527823245908
26;2025-06-05;14;1203.9712222370435
26;2025-06-05;15;1320.9904275483555
26;2025-06-05;16;1539.3091655829326
26;2025-06-05;17;1658.3101468055497
26;2025-06-05;18;1833.500312426619
26;2025-06-05;19;1309.7367894907725
26;2025-06-05;20;825.2845415505291
26;2025-06-05;21;515.6720676779876
26;2025-06-05;22;270.5245997600323
26;2025-06-05;23;140.30521387367776
26;2025-06-06;0;34.00922658206065
26;2025-06-06;1;0.0
26;2025-06-06;2;0.0
26;2025-06-06;3;0.0
26;2025-06-06;4;0.0
26;2025-06-06;5;55.02707977477735
26;2025-06-06;6;525.3729654557189
26;2025-06-06;7;1090.7786949106226
26;2025-06-06;8;2076.710504898482
26;2025-06-06;9;1442.684166885858
26;2025-06-06;10;1254.26928437497
26;2025-06-06;11;1174.5185550381057
26;2025-06-06;12;1219.9124925853528
26;2025-06-06;13;1250.393882797815
26;2025-06-06;14;1232.2452916198508
26;2025-06-06;15;1390.62702666438
26;2025-06-06;16;1602.9891982090085
26;2025-06-06;17;1611.1934652196855
26;2025-06-06;18;1394.0718517496177
26;2025-06-06;19;1085.9446179802762
26;2025-06-06;20;784.8737947991814
26;2025-06-06;21;486.4042265481565
26;2025-06-06;22;283.1318052463252
26;2025-06-06;23;164.12012904826452
26;2025-06-07;0;40.19969409787093
26;2025-06-07;1;0.0
26;2025-06-07;2;0.0
26;2025-06-07;3;0.0
26;2025-06-07;4;0.0
26;2025-06-07;5;34.09039781968743
26;2025-06-07;6;275.42148530502106
26;2025-06-07;7;359.98676394923575
26;2025-06-07;8;590.506484747144
26;2025-06-07;9;675.5580262716737
26;2025-06-07;10;793.9688400166428
26;2025-06-07;11;917.5552931036663
26;2025-06-07;12;991.5956404892561
26;2025-06-07;13;967.0868920491504
26;2025-06-07;14;963.272126203771
26;2025-06-07;15;878.9225331316511
26;2025-06-07;16;884.9335698552052
26;2025-06-07;17;835.368371264007
26;2025-06-07;18;804.2810745215148
26;2025-06-07;19;747.0428052119041
26;2025-06-07;20;532.0421914207368
26;2025-06-07;21;374.6216748190296
26;2025-06-07;22;223.3831864381104
26;2025-06-07;23;133.6496758629358
26;2025-06-08;0;42.58644328223374
26;2025-06-08;1;0.0
26;2025-06-08;2;0.0
26;2025-06-08;3;0.0
26;2025-06-08;4;0.0
26;2025-06-08;5;28.13101899522266
26;2025-06-08;6;182.1756602936033
26;2025-06-08;7;265.5738969308895
26;2025-06-08;8;401.42930741423606
26;2025-06-08;9;508.7005488549594
26;2025-06-08;10;590.0485364647171
26;2025-06-08;11;717.4080385990694
26;2025-06-08;12;753.8424167954945
26;2025-06-08;13;768.8809620984096
26;2025-06-08;14;773.043003907071
26;2025-06-08;15;709.2481300230008
26;2025-06-08;16;700.5658839324929
26;2025-06-08;17;668.9046624337585
26;2025-06-08;18;644.1882790116833
26;2025-06-08;19;553.5220504735682
26;2025-06-08;20;411.21398919523847
26;2025-06-08;21;300.7491175268924
26;2025-06-08;22;193.9269514969812
26;2025-06-08;23;97.2571505244201
26;2025-06-09;0;28.977920668751146
26;2025-06-09;1;0.0
26;2025-06-09;2;0.0
26;2025-06-09;3;0.0
26;2025-06-09;4;0.0
26;2025-06-09;5;55.48715131059399
26;2025-06-09;6;522.2490947217568
26;2025-06-09;7;1055.7834953736922
26;2025-06-09;8;2096.841962319643
26;2025-06-09;9;1407.3193659261165
26;2025-06-09;10;1219.3721295977548
26;2025-06-09;11;1093.9022416752923
26;2025-06-09;12;1141.4385867686337
26;2025-06-09;13;1157.0328269825577
26;2025-06-09;14;1142.1424218945567
26;2025-06-09;15;1238.277663376087
26;2025-06-09;16;1414.0627761478768
26;2025-06-09;17;1544.5563975203897
26;2025-06-09;18;1731.5005792728034
26;2025-06-09;19;1243.7915084115998
26;2025-06-09;20;769.984229982129
26;2025-06-09;21;457.037327238805
26;2025-06-09;22;242.5965977201276
26;2025-06-09;23;101.38056014104171
26;2025-06-10;0;27.389219649573953
26;2025-06-10;1;0.0
26;2025-06-10;2;0.0
26;2025-06-10;3;0.0
26;2025-06-10;4;0.0
26;2025-06-10;5;63.45594511838257
26;2025-06-10;6;542.0880879403364
26;2025-06-10;7;1137.1601438110429
26;2025-06-10;8;2200.8413051197376
26;2025-06-10;9;1498.204684217143
26;2025-06-10;10;1286.7238321149882
26;2025-06-10;11;1161.7691922888532
26;2025-06-10;12;1204.5659509340912
26;2025-06-10;13;1211.1459770794625
26;2025-06-10;14;1220.1757522590951
26;2025-06-10;15;1278.033221449496
26;2025-06-10;16;1496.4689916849625
26;2025-06-10;17;1646.622076569507
26;2025-06-10;18;1751.5679110013803
26;2025-06-10;19;1289.9464611340497
26;2025-06-10;20;815.8330213531923
26;2025-06-10;21;484.0074986303095
26;2025-06-10;22;264.18397934435984
26;2025-06-10;23;121.5016673241698
26;2025-06-11;0;30.690696630175644
26;2025-06-11;1;0.0
26;2025-06-11;2;0.0
26;2025-06-11;3;0.0
26;2025-06-11;4;0.0
26;2025-06-11;5;60.62581008311477
26;2025-06-11;6;533.3038145614721
26;2025-06-11;7;1101.4624045034902
26;2025-06-11;8;2155.6613638660524
26;2025-06-11;9;1494.9347796707461
26;2025-06-11;10;1297.7704287158388
26;2025-06-11;11;1159.024565157147
26;2025-06-11;12;1215.8480491507557
26;2025-06-11;13;1217.2304760917355
26;2025-06-11;14;1244.314636359981
26;2025-06-11;15;1300.4085156126048
26;2025-06-11;16;1488.2916596825432
26;2025-06-11;17;1596.1484960238154
26;2025-06-11;18;1728.3012908031296
26;2025-06-11;19;1257.4041683537666
26;2025-06-11;20;811.8787891686054
26;2025-06-11;21;500.4270563545289
26;2025-06-11;22;268.1165037906944
26;2025-06-11;23;131.1344983182924
26;2025-06-12;0;39.55096470453292
26;2025-06-12;1;0.0
26;2025-06-12;2;0.0
26;2025-06-12;3;0.0
26;2025-06-12;4;0.0
26;2025-06-12;5;28.997804423066537
26;2025-06-12;6;208.9964066700099
26;2025-06-12;7;280.96214360029074
26;2025-06-12;8;426.47601906911086
26;2025-06-12;9;515.1234352873059
26;2025-06-12;10;612.0803480907191
26;2025-06-12;11;708.93659594869
26;2025-06-12;12;787.1160917630609
26;2025-06-12;13;798.0884880880603
26;2025-06-12;14;806.3802788436169
26;2025-06-12;15;742.4570442271508
26;2025-06-12;16;736.2604064736493
26;2025-06-12;17;703.4694384986246
26;2025-06-12;18;679.076763491348
26;2025-06-12;19;614.0608032183898
26;2025-06-12;20;450.3086327725731
26;2025-06-12;21;326.85217588091496
26;2025-06-12;22;207.51561463596335
26;2025-06-12;23;112.12286301085125
26;2025-06-13;0;37.30673442350897
26;2025-06-13;1;0.0
26;2025-06-13;2;0.0
26;2025-06-13;3;0.0
26;2025-06-13;4;0.0
26;2025-06-13;5;28.715717579734235
26;2025-06-13;6;207.23902857399224
26;2025-06-13;7;282.5907091924313
26;2025-06-13;8;416.41847543078546
26;2025-06-13;9;497.70060468922594
26;2025-06-13;10;582.6151608408834
26;2025-06-13;11;672.1930830577751
26;2025-06-13;12;743.2837370305859
26;2025-06-13;13;755.5194813886778
26;2025-06-13;14;761.9737851617667
26;2025-06-13;15;699.2444087956326
26;2025-06-13;16;697.8283124707325
26;2025-06-13;17;667.4599878791278
26;2025-06-13;18;645.152923763034
26;2025-06-13;19;586.5573660027144
26;2025-06-13;20;427.2816178523473
26;2025-06-13;21;311.36865255130635
26;2025-06-13;22;196.80976781125185
26;2025-06-13;23;106.94810832532076
26;2025-06-14;0;39.29883120443239
26;2025-06-14;1;0.0
26;2025-06-14;2;0.0
26;2025-06-14;3;0.0
26;2025-06-14;4;0.0
26;2025-06-14;5;33.630559179829916
26;2025-06-14;6;270.165959993554
26;2025-06-14;7;354.4904548897889
26;2025-06-14;8;579.7239813632896
26;2025-06-14;9;663.8114428219129
26;2025-06-14;10;779.0227848782029
26;2025-06-14;11;897.5562911982852
26;2025-06-14;12;970.5342645641997
26;2025-06-14;13;945.8458684272177
26;2025-06-14;14;941.6994192680569
26;2025-06-14;15;857.369288679037
26;2025-06-14;16;863.9068417694016
26;2025-06-14;17;812.0072629256907
26;2025-06-14;18;777.1878516801156
26;2025-06-14;19;723.9562142415994
26;2025-06-14;20;516.128233076467
26;2025-06-14;21;362.32393822666563
26;2025-06-14;22;217.553553405735
26;2025-06-14;23;130.31249326372935
26;2025-06-15;0;41.55306695240568
26;2025-06-15;1;0.0
26;2025-06-15;2;0.0
26;2025-06-15;3;0.0
26;2025-06-15;4;0.0
26;2025-06-15;5;27.52721822279647
26;2025-06-15;6;179.68143742583612
26;2025-06-15;7;263.68560373261045
26;2025-06-15;8;398.45459434901795
26;2025-06-15;9;502.4436322404269
26;2025-06-15;10;582.3987372813763
26;2025-06-15;11;707.4302996618094
26;2025-06-15;12;743.9892015081371
26;2025-06-15;13;759.0162451023261
26;2025-06-15;14;762.8395046215741
26;2025-06-15;15;698.315366708026
26;2025-06-15;16;690.556231640972
26;2025-06-15;17;656.505414076203
26;2025-06-15;18;630.1450959833693
26;2025-06-15;19;541.8906290377081
26;2025-06-15;20;401.8737636317995
26;2025-06-15;21;292.8569766203302
26;2025-06-15;22;189.56206865779734
26;2025-06-15;23;95.86230637785151
26;2025-06-16;0;28.996810464295155
26;2025-06-16;1;0.0
26;2025-06-16;2;0.0
26;2025-06-16;3;0.0
26;2025-06-16;4;0.0
26;2025-06-16;5;55.208709823394955
26;2025-06-16;6;519.6389684877352
26;2025-06-16;7;1057.154194901511
26;2025-06-16;8;2098.6704950105723
26;2025-06-16;9;1405.6353448248783
26;2025-06-16;10;1219.0992072402603
26;2025-06-16;11;1093.878077594231
26;2025-06-16;12;1142.8636512063067
26;2025-06-16;13;1160.2114598069186
26;2025-06-16;14;1146.0849333018039
26;2025-06-16;15;1243.4011690108723
26;2025-06-16;16;1419.543597605697
26;2025-06-16;17;1546.9208866843692
26;2025-06-16;18;1728.6695458727659
26;2025-06-16;19;1240.1687919232645
26;2025-06-16;20;766.6880152470576
26;2025-06-16;21;453.70752192206044
26;2025-06-16;22;242.48001811809317
26;2025-06-16;23;102.14222607193767
26;2025-06-17;0;26.626668537491163
26;2025-06-17;1;0.0
26;2025-06-17;2;0.0
26;2025-06-17;3;0.0
26;2025-06-17;4;0.0
26;2025-06-17;5;61.515875443022296
26;2025-06-17;6;514.3571883986838
26;2025-06-17;7;1079.8468053746526
26;2025-06-17;8;2080.240985504899
26;2025-06-17;9;1425.2221255648997
26;2025-06-17;10;1216.3070162768413
26;2025-06-17;11;1094.2464354752965
26;2025-06-17;12;1130.5441330155195
26;2025-06-17;13;1131.3578184376422
26;2025-06-17;14;1135.8606898285238
26;2025-06-17;15;1184.7489696723942
26;2025-06-17;16;1398.8123900594294
26;2025-06-17;17;1545.890819583618
26;2025-06-17;18;1642.8884410294295
26;2025-06-17;19;1217.8497004024298
26;2025-06-17;20;767.2412158212562
26;2025-06-17;21;452.56541156140145
26;2025-06-17;22;243.827173616518
26;2025-06-17;23;115.54712780174432
26;2025-06-18;0;29.4301844036114
26;2025-06-18;1;0.0
26;2025-06-18;2;0.0
26;2025-06-18;3;0.0
26;2025-06-18;4;0.0
26;2025-06-18;5;58.90690879187261
26;2025-06-18;6;506.9770386544656
26;2025-06-18;7;1056.8962742680887
26;2025-06-18;8;2064.248927705025
26;2025-06-18;9;1431.446877062819
26;2025-06-18;10;1234.443516855004
26;2025-06-18;11;1100.8221700480658
26;2025-06-18;12;1151.0048941190776
26;2025-06-18;13;1149.6980699534784
26;2025-06-18;14;1172.325041889429
26;2025-06-18;15;1224.6449817064495
26;2025-06-18;16;1413.2921519905617
26;2025-06-18;17;1519.2750152524536
26;2025-06-18;18;1647.0983360325213
26;2025-06-18;19;1206.3793249081446
26;2025-06-18;20;772.8517395361321
26;2025-06-18;21;475.5368208771631
26;2025-06-18;22;254.12381176581954
26;2025-06-18;23;125.54849987740602
26;2025-06-19;0;32.82846928350658
26;2025-06-19;1;0.0
26;2025-06-19;2;0.0
26;2025-06-19;3;0.0
26;2025-06-19;4;0.0
26;2025-06-19;5;56.40740093415317
26;2025-06-19;6;522.9570296602739
26;2025-06-19;7;1094.0869456582104
26;2025-06-19;8;2103.685396535692
26;2025-06-19;9;1426.8889109019367
26;2025-06-19;10;1210.347883490886
26;2025-06-19;11;1144.99296112626
26;2025-06-19;12;1164.3302590379312
26;2025-06-19;13;1151.041585659034
26;2025-06-19;14;1156.2861188444604
26;2025-06-19;15;1264.809043842708
26;2025-06-19;16;1479.655566739615
26;2025-06-19;17;1585.1067882222392
26;2025-06-19;18;1737.8315375819866
26;2025-06-19;19;1245.1880735891434
26;2025-06-19;20;784.183144773297
26;2025-06-19;21;487.17054932136614
26;2025-06-19;22;255.60050886607974
26;2025-06-19;23;135.54379017595318
26;2025-06-20;0;31.8823671556299
26;2025-06-20;1;0.0
26;2025-06-20;2;0.0
26;2025-06-20;3;0.0
26;2025-06-20;4;0.0
26;2025-06-20;5;53.62252701194737
26;2025-06-20;6;507.5509835875872
26;2025-06-20;7;1055.6750991662034
26;2025-06-20;8;1995.8329987668144
26;2025-06-20;9;1383.8057519609156
26;2025-06-20;10;1198.1515234864194
26;2025-06-20;11;1121.126808290537
26;2025-06-20;12;1162.8607104536572
26;2025-06-20;13;1189.5968317632658
26;2025-06-20;14;1168.7342685231627
26;2025-06-20;15;1315.3839875525812
26;2025-06-20;16;1525.4544623125257
26;2025-06-20;17;1524.9151364797854
26;2025-06-20;18;1310.872692082516
26;2025-06-20;19;1026.8137749319114
26;2025-06-20;20;736.7800676484719
26;2025-06-20;21;453.50925583965545
26;2025-06-20;22;266.01989100792116
26;2025-06-20;23;154.75711164548
26;2025-06-21;0;39.96943682257711
26;2025-06-21;1;0.0
26;2025-06-21;2;0.0
26;2025-06-21;3;0.0
26;2025-06-21;4;0.0
26;2025-06-21;5;33.35457730192101
26;2025-06-21;6;276.2468468089255
26;2025-06-21;7;366.1660571874832
26;2025-06-21;8;604.4036754163728
26;2025-06-21;9;684.7025841143052
26;2025-06-21;10;804.9797859973435
26;2025-06-21;11;928.60213838844
26;2025-06-21;12;1011.1373302694606
26;2025-06-21;13;988.5890770925141
26;2025-06-21;14;985.2901165257443
26;2025-06-21;15;898.1814517866716
26;2025-06-21;16;900.0573793543886
26;2025-06-21;17;841.4659600220966
26;2025-06-21;18;796.6582087929855
26;2025-06-21;19;741.1064802973395
26;2025-06-21;20;534.5494172001895
26;2025-06-21;21;376.73459278801363
26;2025-06-21;22;226.93818783962934
26;2025-06-21;23;135.79761895856643
26;2025-06-22;0;41.22215599249692
26;2025-06-22;1;0.0
26;2025-06-22;2;0.0
26;2025-06-22;3;0.0
26;2025-06-22;4;0.0
26;2025-06-22;5;27.67233591601881
26;2025-06-22;6;179.94489480754783
26;2025-06-22;7;265.19724771347126
26;2025-06-22;8;402.0029956135212
26;2025-06-22;9;505.0407258433992
26;2025-06-22;10;583.725541758107
26;2025-06-22;11;707.9119563258764
26;2025-06-22;12;744.5829071268969
26;2025-06-22;13;758.8460710864039
26;2025-06-22;14;762.8726644553284
26;2025-06-22;15;697.5026408718637
26;2025-06-22;16;690.7740377271323
26;2025-06-22;17;656.4303032560683
26;2025-06-22;18;625.4316587367653
26;2025-06-22;19;538.4274100278351
26;2025-06-22;20;400.9733710330139
26;2025-06-22;21;292.2098167046122
26;2025-06-22;22;189.24514095151915
26;2025-06-22;23;95.93906468457504
26;2025-06-23;0;29.050330651637797
26;2025-06-23;1;0.0
26;2025-06-23;2;0.0
26;2025-06-23;3;0.0
26;2025-06-23;4;0.0
26;2025-06-23;5;55.446945258022
26;2025-06-23;6;517.9253451969945
26;2025-06-23;7;1059.4213302589803
26;2025-06-23;8;2099.5512526845846
26;2025-06-23;9;1401.6732663088778
26;2025-06-23;10;1215.5326743885598
26;2025-06-23;11;1090.8936883602642
26;2025-06-23;12;1140.279752302929
26;2025-06-23;13;1159.2056588793093
26;2025-06-23;14;1145.87653845584
26;2025-06-23;15;1244.9734927181098
26;2025-06-23;16;1419.6354427007102
26;2025-06-23;17;1541.333864804746
26;2025-06-23;18;1716.3862649825835
26;2025-06-23;19;1231.8729235282738
26;2025-06-23;20;761.7144975394569
26;2025-06-23;21;451.36015703811773
26;2025-06-23;22;243.4256578657368
26;2025-06-23;23;100.70172930122888
26;2025-06-24;0;26.861141841228623
26;2025-06-24;1;0.0
26;2025-06-24;2;0.0
26;2025-06-24;3;0.0
26;2025-06-24;4;0.0
26;2025-06-24;5;63.03431299313988
26;2025-06-24;6;524.3779969563359
26;2025-06-24;7;1099.7706114707817
26;2025-06-24;8;2121.812543380329
26;2025-06-24;9;1443.6404086383561
26;2025-06-24;10;1238.5326419032945
26;2025-06-24;11;1116.2245737715623
26;2025-06-24;12;1158.684527790935
26;2025-06-24;13;1164.756491568639
26;2025-06-24;14;1172.7768789811878
26;2025-06-24;15;1228.2541141431298
26;2025-06-24;16;1444.1731244050595
26;2025-06-24;17;1584.5594808651963
26;2025-06-24;18;1673.5080094246996
26;2025-06-24;19;1236.3731555217005
26;2025-06-24;20;782.9998374477472
26;2025-06-24;21;462.88668855823914
26;2025-06-24;22;250.62801261477966
26;2025-06-24;23;117.4015814337069
26;2025-06-25;0;30.209272533716835
26;2025-06-25;1;0.0
26;2025-06-25;2;0.0
26;2025-06-25;3;0.0
26;2025-06-25;4;0.0
26;2025-06-25;5;60.95946617346857
26;2025-06-25;6;520.3274980002767
26;2025-06-25;7;1078.9936619660289
26;2025-06-25;8;2107.5012420999647
26;2025-06-25;9;1454.4403058739517
26;2025-06-25;10;1260.5966716193673
26;2025-06-25;11;1124.3619155318352
26;2025-06-25;12;1180.796286788005
26;2025-06-25;13;1183.9090146059527
26;2025-06-25;14;1210.6738905566506
26;2025-06-25;15;1269.2348570966506
26;2025-06-25;16;1458.098958270065
26;2025-06-25;17;1557.5689249980014
26;2025-06-25;18;1675.62610879028
26;2025-06-25;19;1220.9396265202267
26;2025-06-25;20;791.0127822430694
26;2025-06-25;21;487.2079151757106
26;2025-06-25;22;260.42706995066897
26;2025-06-25;23;127.57028638451828
26;2025-06-26;0;32.12999157552225
26;2025-06-26;1;0.0
26;2025-06-26;2;0.0
26;2025-06-26;3;0.0
26;2025-06-26;4;0.0
26;2025-06-26;5;57.62906629217288
26;2025-06-26;6;514.5997937765495
26;2025-06-26;7;1079.960014197016
26;2025-06-26;8;2062.216144872103
26;2025-06-26;9;1398.1834119688626
26;2025-06-26;10;1178.4405316651973
26;2025-06-26;11;1114.9866487242723
26;2025-06-26;12;1132.0638443484308
26;2025-06-26;13;1118.1581368757888
26;2025-06-26;14;1121.4441647731542
26;2025-06-26;15;1228.2933978725723
26;2025-06-26;16;1439.4107712594878
26;2025-06-26;17;1546.784477655734
26;2025-06-26;18;1696.3637246295652
26;2025-06-26;19;1217.8483652039772
26;2025-06-26;20;764.8454872166106
26;2025-06-26;21;475.58095615426237
26;2025-06-26;22;249.89869273603597
26;2025-06-26;23;131.89563219451273
26;2025-06-27;0;34.284112339163606
26;2025-06-27;1;0.0
26;2025-06-27;2;0.0
26;2025-06-27;3;0.0
26;2025-06-27;4;0.0
26;2025-06-27;5;56.2880771478129
26;2025-06-27;6;521.4311759831313
26;2025-06-27;7;1079.7893774382374
26;2025-06-27;8;2053.7981938711323
26;2025-06-27;9;1415.3757615725913
26;2025-06-27;10;1239.255561401834
26;2025-06-27;11;1164.0682123019456
26;2025-06-27;12;1213.8923050039373
26;2025-06-27;13;1246.8821672042195
26;2025-06-27;14;1230.6216899923315
26;2025-06-27;15;1389.567914398307
26;2025-06-27;16;1596.6903571927128
26;2025-06-27;17;1591.3903542954874
26;2025-06-27;18;1361.0920126114793
26;2025-06-27;19;1060.009549500477
26;2025-06-27;20;773.4148459073767
26;2025-06-27;21;477.2019183173337
26;2025-06-27;22;280.11152213117697
26;2025-06-27;23;164.11003187917493
26;2025-06-28;0;40.85850613842941
26;2025-06-28;1;0.0
26;2025-06-28;2;0.0
26;2025-06-28;3;0.0
26;2025-06-28;4;0.0
26;2025-06-28;5;34.954748597532
26;2025-06-28;6;278.0557824945529
26;2025-06-28;7;364.6154628000544
26;2025-06-28;8;600.415289351592
26;2025-06-28;9;675.7360464435553
26;2025-06-28;10;795.0337801344137
26;2025-06-28;11;933.0250644971817
26;2025-06-28;12;1017.5100633154779
26;2025-06-28;13;995.6801842114473
26;2025-06-28;14;993.5496392962765
26;2025-06-28;15;912.5083258286356
26;2025-06-28;16;914.407311856017
26;2025-06-28;17;855.8993944004458
26;2025-06-28;18;809.4039036747924
26;2025-06-28;19;751.336089843023
26;2025-06-28;20;544.3322396497778
26;2025-06-28;21;384.6020164680575
26;2025-06-28;22;232.0238927817843
26;2025-06-28;23;139.31797725012828
26;2025-06-29;0;40.94220991638966
26;2025-06-29;1;0.0
26;2025-06-29;2;0.0
26;2025-06-29;3;0.0
26;2025-06-29;4;0.0
26;2025-06-29;5;27.685682316181193
26;2025-06-29;6;177.31246844930135
26;2025-06-29;7;258.330162512298
26;2025-06-29;8;389.2375593324017
26;2025-06-29;9;488.23618742639087
26;2025-06-29;10;563.8311336113762
26;2025-06-29;11;696.390779830882
26;2025-06-29;12;733.5658712323434
26;2025-06-29;13;749.2632041915741
26;2025-06-29;14;753.303459910607
26;2025-06-29;15;693.7958253559301
26;2025-06-29;16;686.9770370361688
26;2025-06-29;17;653.1152313512957
26;2025-06-29;18;623.8560827747634
26;2025-06-29;19;536.6821522903658
26;2025-06-29;20;401.4086037908695
26;2025-06-29;21;292.8798797099584
26;2025-06-29;22;190.4659595811406
26;2025-06-29;23;97.83685890277579
26;2025-06-30;0;27.089578930734174
26;2025-06-30;1;0.0
26;2025-06-30;2;0.0
26;2025-06-30;3;0.0
26;2025-06-30;4;0.0
26;2025-06-30;5;54.06078378622162
26;2025-06-30;6;494.0660577277944
26;2025-06-30;7;1001.4029042759244
26;2025-06-30;8;1980.2542399557733
26;2025-06-30;9;1326.4830632209528
26;2025-06-30;10;1144.3968723778707
26;2025-06-30;11;1025.9317634284732
26;2025-06-30;12;1068.3169229900352
26;2025-06-30;13;1081.5057072570644
26;2025-06-30;14;1065.737234882583
26;2025-06-30;15;1155.8319512932771
26;2025-06-30;16;1325.531487925759
26;2025-06-30;17;1443.7025318061608
26;2025-06-30;18;1605.428644221574
26;2025-06-30;19;1160.123525215031
26;2025-06-30;20;718.9542417396929
26;2025-06-30;21;422.9305985146914
26;2025-06-30;22;227.26042055777492
26;2025-06-30;23;97.75128930203302
26;2025-07-01;0;25.945349880602535
26;2025-07-01;1;0.0
26;2025-07-01;2;0.0
26;2025-07-01;3;0.0
26;2025-07-01;4;0.0
26;2025-07-01;5;60.356199610607995
26;2025-07-01;6;501.555274613593
26;2025-07-01;7;1054.5636572060707
26;2025-07-01;8;2033.4938612604387
26;2025-07-01;9;1385.7892334730163
26;2025-07-01;10;1183.4238065020402
26;2025-07-01;11;1066.052082690363
26;2025-07-01;12;1102.2858009157808
26;2025-07-01;13;1108.2915101785393
26;2025-07-01;14;1123.23505558545
26;2025-07-01;15;1184.2854538180993
26;2025-07-01;16;1392.5025525594892
26;2025-07-01;17;1532.8800198696952
26;2025-07-01;18;1616.564562757676
26;2025-07-01;19;1204.8397547128347
26;2025-07-01;20;755.5550793017355
26;2025-07-01;21;445.31168775558194
26;2025-07-01;22;238.60992327307375
26;2025-07-01;23;114.44915846748111
26;2025-07-02;0;30.04895648665387
26;2025-07-02;1;0.0
26;2025-07-02;2;0.0
26;2025-07-02;3;0.0
26;2025-07-02;4;0.0
26;2025-07-02;5;58.28817087499347
26;2025-07-02;6;503.96808992167297
26;2025-07-02;7;1034.4287742285264
26;2025-07-02;8;2053.912259729495
26;2025-07-02;9;1399.676476269477
26;2025-07-02;10;1214.5439125221108
26;2025-07-02;11;1081.7889490880889
26;2025-07-02;12;1138.0943369489933
26;2025-07-02;13;1168.8417002957885
26;2025-07-02;14;1203.7864448794544
26;2025-07-02;15;1284.967382943399
26;2025-07-02;16;1466.7086900339223
26;2025-07-02;17;1564.5906286273994
26;2025-07-02;18;1681.608394208338
26;2025-07-02;19;1237.8582899614855
26;2025-07-02;20;796.2350915386007
26;2025-07-02;21;492.4957549879473
26;2025-07-02;22;259.1618694321043
26;2025-07-02;23;128.0464418940415
26;2025-07-03;0;33.67361883674285
26;2025-07-03;1;0.0
26;2025-07-03;2;0.0
26;2025-07-03;3;0.0
26;2025-07-03;4;0.0
26;2025-07-03;5;56.16025804028848
26;2025-07-03;6;521.3151273849224
26;2025-07-03;7;1076.3202607538647
26;2025-07-03;8;2088.7865643910036
26;2025-07-03;9;1395.706892774231
26;2025-07-03;10;1185.1798349919475
26;2025-07-03;11;1122.8876494964634
26;2025-07-03;12;1145.4980917663834
26;2025-07-03;13;1161.238088005844
26;2025-07-03;14;1177.436360390282
26;2025-07-03;15;1312.8464511086395
26;2025-07-03;16;1517.3051646709919
26;2025-07-03;17;1628.0495228780223
26;2025-07-03;18;1780.301060499694
26;2025-07-03;19;1280.291512260585
26;2025-07-03;20;811.3036440333827
26;2025-07-03;21;507.56256111665834
26;2025-07-03;22;261.3933815646262
26;2025-07-03;23;136.82670725132098
26;2025-07-04;0;33.50718314863393
26;2025-07-04;1;0.0
26;2025-07-04;2;0.0
26;2025-07-04;3;0.0
26;2025-07-04;4;0.0
26;2025-07-04;5;52.897833746291944
26;2025-07-04;6;501.00798183685885
26;2025-07-04;7;1028.2099712345134
26;2025-07-04;8;1980.2610134299612
26;2025-07-04;9;1348.2798317243742
26;2025-07-04;10;1181.3616731212921
26;2025-07-04;11;1107.2516064203028
26;2025-07-04;12;1155.9371377009247
26;2025-07-04;13;1216.0900759827962
26;2025-07-04;14;1208.1745156618613
26;2025-07-04;15;1382.0382095206812
26;2025-07-04;16;1578.8698051804222
26;2025-07-04;17;1573.896832596824
26;2025-07-04;18;1356.4148096210613
26;2025-07-04;19;1063.3705126807895
26;2025-07-04;20;770.5526014168526
26;2025-07-04;21;478.4110515591279
26;2025-07-04;22;275.01193402524507
26;2025-07-04;23;159.7888474765458
26;2025-07-05;0;40.806671611149795
26;2025-07-05;1;0.0
26;2025-07-05;2;0.0
26;2025-07-05;3;0.0
26;2025-07-05;4;0.0
26;2025-07-05;5;33.65329486115953
26;2025-07-05;6;272.9212017315277
26;2025-07-05;7;348.1256348177573
26;2025-07-05;8;580.9816554698691
26;2025-07-05;9;651.4228027949157
26;2025-07-05;10;772.4868531299479
26;2025-07-05;11;909.5013966046728
26;2025-07-05;12;993.418575480843
26;2025-07-05;13;988.6417776815115
26;2025-07-05;14;992.5411619988674
26;2025-07-05;15;925.3342617381727
26;2025-07-05;16;922.5884958290376
26;2025-07-05;17;865.8928538065645
26;2025-07-05;18;822.062084987577
26;2025-07-05;19;763.3569166846125
26;2025-07-05;20;548.978226381186
26;2025-07-05;21;388.128121764242
26;2025-07-05;22;231.32321105234132
26;2025-07-05;23;139.0563095706705
26;2025-07-06;0;42.940434090651074
26;2025-07-06;1;0.0
26;2025-07-06;2;0.0
26;2025-07-06;3;0.0
26;2025-07-06;4;0.0
26;2025-07-06;5;27.297573696921788
26;2025-07-06;6;174.03153038863582
26;2025-07-06;7;244.9105892499137
26;2025-07-06;8;384.4099840545596
26;2025-07-06;9;487.5609337173978
26;2025-07-06;10;569.801321282954
26;2025-07-06;11;706.9099262525435
26;2025-07-06;12;750.7606236320767
26;2025-07-06;13;782.0753435588397
26;2025-07-06;14;791.8223065940729
26;2025-07-06;15;739.6547278668659
26;2025-07-06;16;724.7940938732813
26;2025-07-06;17;687.8781968134019
26;2025-07-06;18;653.586879116551
26;2025-07-06;19;561.828388022325
26;2025-07-06;20;421.2310058691746
26;2025-07-06;21;308.4931986615271
26;2025-07-06;22;198.30224721039895
26;2025-07-06;23;101.0588841872601
26;2025-07-07;0;29.03438636178323
26;2025-07-07;1;0.0
26;2025-07-07;2;0.0
26;2025-07-07;3;0.0
26;2025-07-07;4;0.0
26;2025-07-07;5;54.43665441252593
26;2025-07-07;6;507.40818548684376
26;2025-07-07;7;1018.9984008857589
26;2025-07-07;8;2045.0751716473335
26;2025-07-07;9;1346.4007770851217
26;2025-07-07;10;1171.5564585944148
26;2025-07-07;11;1051.4710042640618
26;2025-07-07;12;1100.7918612047383
26;2025-07-07;13;1144.9138704352617
26;2025-07-07;14;1140.9488435254502
26;2025-07-07;15;1257.5126971827221
26;2025-07-07;16;1421.0168533401966
26;2025-07-07;17;1545.6078003013517
26;2025-07-07;18;1719.9243153682432
26;2025-07-07;19;1242.73935339005
26;2025-07-07;20;771.738507691066
26;2025-07-07;21;460.17551314289767
26;2025-07-07;22;243.70326823819119
26;2025-07-07;23;102.30092139433559
26;2025-07-08;0;26.848277093080412
26;2025-07-08;1;0.0
26;2025-07-08;2;0.0
26;2025-07-08;3;0.0
26;2025-07-08;4;0.0
26;2025-07-08;5;60.19102561169117
26;2025-07-08;6;510.31867034346214
26;2025-07-08;7;1056.1716048719518
26;2025-07-08;8;2067.784669855305
26;2025-07-08;9;1390.2472368779524
26;2025-07-08;10;1195.4232987347864
26;2025-07-08;11;1077.9759849717775
26;2025-07-08;12;1118.9111274284141
26;2025-07-08;13;1149.8028260301237
26;2025-07-08;14;1166.371703467279
26;2025-07-08;15;1238.4061214919507
26;2025-07-08;16;1442.7594036402293
26;2025-07-08;17;1584.0071415564064
26;2025-07-08;18;1675.346867248376
26;2025-07-08;19;1245.2121600722285
26;2025-07-08;20;792.8414587006295
26;2025-07-08;21;470.32276177823064
26;2025-07-08;22;249.90761837929483
26;2025-07-08;23;118.68545188153966
26;2025-07-09;0;30.54506039082508
26;2025-07-09;1;0.0
26;2025-07-09;2;0.0
26;2025-07-09;3;0.0
26;2025-07-09;4;0.0
26;2025-07-09;5;59.62494739756174
26;2025-07-09;6;516.1125460120005
26;2025-07-09;7;1059.3152018982278
26;2025-07-09;8;2094.89164479458
26;2025-07-09;9;1429.7706009776725
26;2025-07-09;10;1243.9831261869203
26;2025-07-09;11;1110.8006518617665
26;2025-07-09;12;1169.6343183100412
26;2025-07-09;13;1199.7395442949492
26;2025-07-09;14;1237.2450877981673
26;2025-07-09;15;1316.5205738698833
26;2025-07-09;16;1491.4913291679704
26;2025-07-09;17;1593.7292323518222
26;2025-07-09;18;1721.1214797188386
26;2025-07-09;19;1262.238778347286
26;2025-07-09;20;820.8412381892075
26;2025-07-09;21;507.6580306053928
26;2025-07-09;22;267.19987885047976
26;2025-07-09;23;131.65054252496512
26;2025-07-10;0;34.132843161173156
26;2025-07-10;1;0.0
26;2025-07-10;2;0.0
26;2025-07-10;3;0.0
26;2025-07-10;4;0.0
26;2025-07-10;5;56.83673994130099
26;2025-07-10;6;522.9033769328503
26;2025-07-10;7;1080.8956605745118
26;2025-07-10;8;2093.908929677267
26;2025-07-10;9;1401.1493906728024
26;2025-07-10;10;1190.92527262246
26;2025-07-10;11;1130.1404607390396
26;2025-07-10;12;1153.8893475491072
26;2025-07-10;13;1168.958656903217
26;2025-07-10;14;1186.2654126158197
26;2025-07-10;15;1322.1054753845187
26;2025-07-10;16;1520.6230724872203
26;2025-07-10;17;1629.0259046945548
26;2025-07-10;18;1785.07247571866
26;2025-07-10;19;1285.5107643078452
26;2025-07-10;20;817.125849313182
26;2025-07-10;21;510.3768010917896
26;2025-07-10;22;264.0798184915273
26;2025-07-10;23;138.47346237025346
26;2025-07-11;0;34.34895845038022
26;2025-07-11;1;0.0
26;2025-07-11;2;0.0
26;2025-07-11;3;0.0
26;2025-07-11;4;0.0
26;2025-07-11;5;54.161890689692356
26;2025-07-11;6;508.36952763225213
26;2025-07-11;7;1044.4428390566345
26;2025-07-11;8;2007.1906560807279
26;2025-07-11;9;1369.0789314014303
26;2025-07-11;10;1200.7174437373392
26;2025-07-11;11;1127.265911652175
26;2025-07-11;12;1178.0902082549767
26;2025-07-11;13;1239.5236292791192
26;2025-07-11;14;1232.950274579407
26;2025-07-11;15;1410.1054360375788
26;2025-07-11;16;1603.7003504266768
26;2025-07-11;17;1596.4525637643865
26;2025-07-11;18;1378.9102070224612
26;2025-07-11;19;1081.9315804469438
26;2025-07-11;20;785.7922715179561
26;2025-07-11;21;486.51642375825884
26;2025-07-11;22;280.3659472423057
26;2025-07-11;23;164.58590923452545
26;2025-07-12;0;39.66961118632642
26;2025-07-12;1;0.0
26;2025-07-12;2;0.0
26;2025-07-12;3;0.0
26;2025-07-12;4;0.0
26;2025-07-12;5;32.50161951564901
26;2025-07-12;6;265.040208927456
26;2025-07-12;7;337.1708730457585
26;2025-07-12;8;559.9397235639169
26;2025-07-12;9;632.1638929581193
26;2025-07-12;10;749.7104158536911
26;2025-07-12;11;883.6863932485564
26;2025-07-12;12;966.8380121489334
26;2025-07-12;13;962.2607086042628
26;2025-07-12;14;966.8395370312348
26;2025-07-12;15;901.5995268201123
26;2025-07-12;16;897.9283042740868
26;2025-07-12;17;841.6257667794648
26;2025-07-12;18;798.192519232851
26;2025-07-12;19;742.4320286433324
26;2025-07-12;20;536.4020338232626
26;2025-07-12;21;378.6404257761411
26;2025-07-12;22;224.6915064104977
26;2025-07-12;23;135.17240583649274
26;2025-07-13;0;40.588530043759626
26;2025-07-13;1;0.0
26;2025-07-13;2;0.0
26;2025-07-13;3;0.0
26;2025-07-13;4;0.0
26;2025-07-13;5;27.09312914606467
26;2025-07-13;6;172.27731408614983
26;2025-07-13;7;245.15302180277948
26;2025-07-13;8;369.26167453144853
26;2025-07-13;9;465.95725678832946
26;2025-07-13;10;541.5546939529861
26;2025-07-13;11;672.1245649057873
26;2025-07-13;12;709.8265486954367
26;2025-07-13;13;735.585113061795
26;2025-07-13;14;745.4510914050148
26;2025-07-13;15;696.0828395231831
26;2025-07-13;16;684.9759061393272
26;2025-07-13;17;651.7424330240603
26;2025-07-13;18;620.7101021634725
26;2025-07-13;19;535.6163729309592
26;2025-07-13;20;399.83564710329574
26;2025-07-13;21;291.8239674268001
26;2025-07-13;22;188.39217086433243
26;2025-07-13;23;96.9736088031604
26;2025-07-14;0;27.564990315719523
26;2025-07-14;1;0.0
26;2025-07-14;2;0.0
26;2025-07-14;3;0.0
26;2025-07-14;4;0.0
26;2025-07-14;5;53.477207176976776
26;2025-07-14;6;485.5248055367523
26;2025-07-14;7;975.563707669254
26;2025-07-14;8;1945.1276103390219
26;2025-07-14;9;1291.697480186242
26;2025-07-14;10;1114.571781172236
26;2025-07-14;11;1000.2470650212513
26;2025-07-14;12;1043.2371061882195
26;2025-07-14;13;1075.7115481369892
26;2025-07-14;14;1070.4647089307682
26;2025-07-14;15;1175.5442239117774
26;2025-07-14;16;1331.9670890893249
26;2025-07-14;17;1451.073139371551
26;2025-07-14;18;1611.859967862239
26;2025-07-14;19;1170.7118162781724
26;2025-07-14;20;727.3924341184539
26;2025-07-14;21;429.2273153522814
26;2025-07-14;22;228.58880717505804
26;2025-07-14;23;98.86414374710436
28;2025-05-15;0;1.3702968395719535
28;2025-05-15;1;0.0
28;2025-05-15;2;0.0
28;2025-05-15;3;0.0
28;2025-05-15;4;0.0
28;2025-05-15;5;62.48667697604235
28;2025-05-15;6;286.7044117231562
28;2025-05-15;7;772.0992792032305
28;2025-05-15;8;1211.869640925076
28;2025-05-15;9;852.7133979212736
28;2025-05-15;10;671.623316953539
28;2025-05-15;11;611.6271810748885
28;2025-05-15;12;716.5036372763989
28;2025-05-15;13;719.8332587963014
28;2025-05-15;14;661.9783376053906
28;2025-05-15;15;678.7986693654229
28;2025-05-15;16;801.8709647536141
28;2025-05-15;17;948.962887965695
28;2025-05-15;18;920.7695409571927
28;2025-05-15;19;709.7615265579527
28;2025-05-15;20;526.312785795475
28;2025-05-15;21;340.84619490797235
28;2025-05-15;22;152.57062616265097
28;2025-05-15;23;21.16325290756579
28;2025-05-16;0;1.1943592166796027
28;2025-05-16;1;0.0
28;2025-05-16;2;0.0
28;2025-05-16;3;0.0
28;2025-05-16;4;0.0
28;2025-05-16;5;49.74536459398394
28;2025-05-16;6;258.55064014419645
28;2025-05-16;7;737.5264384394015
28;2025-05-16;8;1124.8203412712112
28;2025-05-16;9;819.8059628460214
28;2025-05-16;10;641.541292764449
28;2025-05-16;11;618.9689679954176
28;2025-05-16;12;712.5271220387217
28;2025-05-16;13;689.2770448933522
28;2025-05-16;14;672.8437592409934
28;2025-05-16;15;715.0195491589129
28;2025-05-16;16;841.4932119991981
28;2025-05-16;17;942.7768676617226
28;2025-05-16;18;793.4219968767096
28;2025-05-16;19;620.0986369812175
28;2025-05-16;20;490.39373907613935
28;2025-05-16;21;323.5436839824104
28;2025-05-16;22;156.01640045661878
28;2025-05-16;23;20.789793064006368
28;2025-05-17;0;2.0169050808893427
28;2025-05-17;1;0.0
28;2025-05-17;2;0.0
28;2025-05-17;3;0.0
28;2025-05-17;4;0.0
28;2025-05-17;5;26.75018992041018
28;2025-05-17;6;113.4304431269066
28;2025-05-17;7;214.93035210020687
28;2025-05-17;8;378.81687748462036
28;2025-05-17;9;443.0881460629874
28;2025-05-17;10;442.88468841122824
28;2025-05-17;11;498.3382947894729
28;2025-05-17;12;557.521116884869
28;2025-05-17;13;556.6956152287556
28;2025-05-17;14;554.782208749778
28;2025-05-17;15;551.6798568142744
28;2025-05-17;16;504.9705125866377
28;2025-05-17;17;531.2925750200641
28;2025-05-17;18;464.32708583908743
28;2025-05-17;19;414.113030722184
28;2025-05-17;20;337.7562299560983
28;2025-05-17;21;273.6316003802633
28;2025-05-17;22;141.10378881122148
28;2025-05-17;23;26.829299213594027
28;2025-05-18;0;5.2734737743103395
28;2025-05-18;1;0.0
28;2025-05-18;2;0.0
28;2025-05-18;3;0.0
28;2025-05-18;4;0.0
28;2025-05-18;5;21.935853161203873
28;2025-05-18;6;88.15597955482923
28;2025-05-18;7;150.35861010809236
28;2025-05-18;8;235.90555896114273
28;2025-05-18;9;320.4967833416571
28;2025-05-18;10;337.8096556633986
28;2025-05-18;11;379.89658204656155
28;2025-05-18;12;428.75555304809643
28;2025-05-18;13;460.17215525582793
28;2025-05-18;14;451.09285142179493
28;2025-05-18;15;432.52597595335817
28;2025-05-18;16;419.6383214469826
28;2025-05-18;17;405.1064830521491
28;2025-05-18;18;371.55585224722046
28;2025-05-18;19;332.1237177342894
28;2025-05-18;20;287.90795235463577
28;2025-05-18;21;226.6059464872689
28;2025-05-18;22;107.29431526886596
28;2025-05-18;23;15.992565904467732
28;2025-05-19;0;1.2974012963545354
28;2025-05-19;1;0.0
28;2025-05-19;2;0.0
28;2025-05-19;3;0.0
28;2025-05-19;4;0.0
28;2025-05-19;5;54.848832339801675
28;2025-05-19;6;273.02234834746304
28;2025-05-19;7;750.2297304514677
28;2025-05-19;8;1148.1418630371668
28;2025-05-19;9;815.9434698577055
28;2025-05-19;10;584.9026077371597
28;2025-05-19;11;564.4154131873415
28;2025-05-19;12;636.7095110620471
28;2025-05-19;13;664.5354810244983
28;2025-05-19;14;615.3721488864919
28;2025-05-19;15;643.2713151564067
28;2025-05-19;16;799.1991067796378
28;2025-05-19;17;875.6646627163834
28;2025-05-19;18;882.7382858300937
28;2025-05-19;19;699.9846445055991
28;2025-05-19;20;499.1484243949602
28;2025-05-19;21;299.99178831563205
28;2025-05-19;22;124.41836028706729
28;2025-05-19;23;17.398390944854416
28;2025-05-20;0;0.7243392845959808
28;2025-05-20;1;0.0
28;2025-05-20;2;0.0
28;2025-05-20;3;0.0
28;2025-05-20;4;0.0
28;2025-05-20;5;55.260848872608136
28;2025-05-20;6;273.9762992224492
28;2025-05-20;7;766.1416271538554
28;2025-05-20;8;1129.9184729317187
28;2025-05-20;9;862.0496824029592
28;2025-05-20;10;665.8315513649304
28;2025-05-20;11;597.7560484452442
28;2025-05-20;12;678.5888062443332
28;2025-05-20;13;706.1250720085228
28;2025-05-20;14;654.2673875786377
28;2025-05-20;15;633.3492879203255
28;2025-05-20;16;787.9085510951859
28;2025-05-20;17;876.9983887035366
28;2025-05-20;18;871.7321004860341
28;2025-05-20;19;698.6155941966001
28;2025-05-20;20;511.47973204423783
28;2025-05-20;21;306.02821716119604
28;2025-05-20;22;125.52892741374951
28;2025-05-20;23;21.52641067883502
28;2025-05-21;0;1.4484719234565004
28;2025-05-21;1;0.0
28;2025-05-21;2;0.0
28;2025-05-21;3;0.0
28;2025-05-21;4;0.0
28;2025-05-21;5;60.82463060563329
28;2025-05-21;6;273.7911791216177
28;2025-05-21;7;754.3721910224667
28;2025-05-21;8;1150.0078045616483
28;2025-05-21;9;823.7113503116038
28;2025-05-21;10;631.572696981977
28;2025-05-21;11;626.375577203584
28;2025-05-21;12;689.8825443930225
28;2025-05-21;13;709.4253665274118
28;2025-05-21;14;646.0412317331286
28;2025-05-21;15;685.4597527651631
28;2025-05-21;16;808.697443896346
28;2025-05-21;17;888.7895475829205
28;2025-05-21;18;883.0858507564319
28;2025-05-21;19;696.926073390435
28;2025-05-21;20;510.2392897158089
28;2025-05-21;21;343.0505333511983
28;2025-05-21;22;154.71882769945015
28;2025-05-21;23;17.86078604809209
28;2025-05-22;0;1.574313945341047
28;2025-05-22;1;0.0
28;2025-05-22;2;0.0
28;2025-05-22;3;0.0
28;2025-05-22;4;0.0
28;2025-05-22;5;62.8904331145976
28;2025-05-22;6;288.0791838535922
28;2025-05-22;7;786.9047515490669
28;2025-05-22;8;1216.087716089736
28;2025-05-22;9;857.3609452851732
28;2025-05-22;10;670.3346233488459
28;2025-05-22;11;606.8473374750251
28;2025-05-22;12;713.9172964619122
28;2025-05-22;13;723.3831251020312
28;2025-05-22;14;666.18997100211
28;2025-05-22;15;684.0332666421342
28;2025-05-22;16;802.1580263917615
28;2025-05-22;17;949.137773432562
28;2025-05-22;18;927.6300687165217
28;2025-05-22;19;717.7136741390682
28;2025-05-22;20;534.9898727381753
28;2025-05-22;21;346.16363238334384
28;2025-05-22;22;153.8167944675402
28;2025-05-22;23;21.79103869645669
28;2025-05-23;0;1.2745778712062477
28;2025-05-23;1;0.0
28;2025-05-23;2;0.0
28;2025-05-23;3;0.0
28;2025-05-23;4;0.0
28;2025-05-23;5;50.29993427000983
28;2025-05-23;6;260.594826359521
28;2025-05-23;7;750.0804591440246
28;2025-05-23;8;1130.2838714270579
28;2025-05-23;9;825.7062621493822
28;2025-05-23;10;641.4354051618142
28;2025-05-23;11;617.2325136184677
28;2025-05-23;12;713.3953172556203
28;2025-05-23;13;695.5565906230468
28;2025-05-23;14;680.7759240920362
28;2025-05-23;15;725.2714523226239
28;2025-05-23;16;844.8457706039205
28;2025-05-23;17;949.3518017662277
28;2025-05-23;18;804.3441367432049
28;2025-05-23;19;630.0188291531406
28;2025-05-23;20;499.99381960347387
28;2025-05-23;21;329.113716519341
28;2025-05-23;22;158.61039522748018
28;2025-05-23;23;21.806277566749067
28;2025-05-24;0;2.0599562118317385
28;2025-05-24;1;0.0
28;2025-05-24;2;0.0
28;2025-05-24;3;0.0
28;2025-05-24;4;0.0
28;2025-05-24;5;27.053956540607253
28;2025-05-24;6;113.84832461018476
28;2025-05-24;7;215.20190877873597
28;2025-05-24;8;376.713401975845
28;2025-05-24;9;444.93177398330545
28;2025-05-24;10;445.725248742899
28;2025-05-24;11;501.26283681525615
28;2025-05-24;12;561.0067595688236
28;2025-05-24;13;559.6085971259455
28;2025-05-24;14;557.6673914764765
28;2025-05-24;15;554.4290730336387
28;2025-05-24;16;506.30324162835734
28;2025-05-24;17;533.72003177141
28;2025-05-24;18;468.4777534745072
28;2025-05-24;19;418.6828099134992
28;2025-05-24;20;341.8995507143532
28;2025-05-24;21;276.3552388930783
28;2025-05-24;22;142.870715234754
28;2025-05-24;23;27.780353333888876
28;2025-05-25;0;5.442546114476821
28;2025-05-25;1;0.0
28;2025-05-25;2;0.0
28;2025-05-25;3;0.0
28;2025-05-25;4;0.0
28;2025-05-25;5;22.677472559277568
28;2025-05-25;6;90.25920572612914
28;2025-05-25;7;153.06109864695148
28;2025-05-25;8;238.12985318182808
28;2025-05-25;9;327.7504021951463
28;2025-05-25;10;347.49625822439316
28;2025-05-25;11;390.7062176806021
28;2025-05-25;12;440.9873010729423
28;2025-05-25;13;473.0292443251508
28;2025-05-25;14;463.525517554084
28;2025-05-25;15;444.79823276663745
28;2025-05-25;16;430.3827213142654
28;2025-05-25;17;415.352148887427
28;2025-05-25;18;379.6796869567088
28;2025-05-25;19;339.8235760018372
28;2025-05-25;20;297.5393134209646
28;2025-05-25;21;234.27683244117145
28;2025-05-25;22;111.72939953242673
28;2025-05-25;23;16.818255033963275
28;2025-05-26;0;1.5322439221862278
28;2025-05-26;1;0.0
28;2025-05-26;2;0.0
28;2025-05-26;3;0.0
28;2025-05-26;4;0.0
28;2025-05-26;5;55.90482318251503
28;2025-05-26;6;277.15013668241363
28;2025-05-26;7;771.3048152735653
28;2025-05-26;8;1166.2897311462268
28;2025-05-26;9;827.8636743423277
28;2025-05-26;10;590.9437514010674
28;2025-05-26;11;570.4041184344685
28;2025-05-26;12;643.894353982699
28;2025-05-26;13;674.494513251351
28;2025-05-26;14;625.8568273902733
28;2025-05-26;15;656.1133053260022
28;2025-05-26;16;806.6591656543537
28;2025-05-26;17;884.6335981446621
28;2025-05-26;18;897.1088934684051
28;2025-05-26;19;713.1288461180345
28;2025-05-26;20;512.2835968444106
28;2025-05-26;21;307.9146414367532
28;2025-05-26;22;127.1811736502809
28;2025-05-26;23;18.132930031897878
28;2025-05-27;0;1.0328150001393992
28;2025-05-27;1;0.0
28;2025-05-27;2;0.0
28;2025-05-27;3;0.0
28;2025-05-27;4;0.0
28;2025-05-27;5;57.19321081570315
28;2025-05-27;6;282.4402504043376
28;2025-05-27;7;794.0220250233415
28;2025-05-27;8;1162.4887595016035
28;2025-05-27;9;880.6333756987939
28;2025-05-27;10;679.4209338769376
28;2025-05-27;11;610.7057221870235
28;2025-05-27;12;694.7500784621586
28;2025-05-27;13;725.5716223478812
28;2025-05-27;14;673.2297657354802
28;2025-05-27;15;657.6224051397887
28;2025-05-27;16;807.5554000335162
28;2025-05-27;17;895.9768019234737
28;2025-05-27;18;891.1913429441597
28;2025-05-27;19;714.3529624003548
28;2025-05-27;20;530.957961219686
28;2025-05-27;21;318.414116192302
28;2025-05-27;22;131.5579929545142
28;2025-05-27;23;22.71558348733139
28;2025-05-28;0;1.6712102862418137
28;2025-05-28;1;0.0
28;2025-05-28;2;0.0
28;2025-05-28;3;0.0
28;2025-05-28;4;0.0
28;2025-05-28;5;62.66102241309098
28;2025-05-28;6;281.5548336455061
28;2025-05-28;7;774.5277904550348
28;2025-05-28;8;1173.5543159937051
28;2025-05-28;9;840.1734450286283
28;2025-05-28;10;641.529163635147
28;2025-05-28;11;635.9852194317364
28;2025-05-28;12;702.9148065984398
28;2025-05-28;13;722.8298796867257
28;2025-05-28;14;658.0479521738023
28;2025-05-28;15;700.5275237245355
28;2025-05-28;16;822.249233982926
28;2025-05-28;17;907.7416085952673
28;2025-05-28;18;899.9749965338358
28;2025-05-28;19;708.5773478620135
28;2025-05-28;20;522.4863823691621
28;2025-05-28;21;350.8533229419544
28;2025-05-28;22;158.55646920266895
28;2025-05-28;23;18.726975871779803
28;2025-05-29;0;1.6334712196875867
28;2025-05-29;1;0.0
28;2025-05-29;2;0.0
28;2025-05-29;3;0.0
28;2025-05-29;4;0.0
28;2025-05-29;5;62.812987587230985
28;2025-05-29;6;285.82430485632113
28;2025-05-29;7;780.5874787804366
28;2025-05-29;8;1207.758618262355
28;2025-05-29;9;849.4757564428969
28;2025-05-29;10;665.3939820955628
28;2025-05-29;11;601.8255586813036
28;2025-05-29;12;707.2253777522991
28;2025-05-29;13;715.6288281179009
28;2025-05-29;14;659.0269896896712
28;2025-05-29;15;677.2182616801952
28;2025-05-29;16;790.3955909528684
28;2025-05-29;17;935.8058397181587
28;2025-05-29;18;918.9716213764672
28;2025-05-29;19;713.2779905219815
28;2025-05-29;20;532.89319953078
28;2025-05-29;21;344.03425839670297
28;2025-05-29;22;152.8567298380836
28;2025-05-29;23;22.02731653446969
28;2025-05-30;0;1.3618097501314828
28;2025-05-30;1;0.0
28;2025-05-30;2;0.0
28;2025-05-30;3;0.0
28;2025-05-30;4;0.0
28;2025-05-30;5;50.63118878090074
28;2025-05-30;6;261.1298510237147
28;2025-05-30;7;751.2294403094422
28;2025-05-30;8;1133.1384203484783
28;2025-05-30;9;826.935999693869
28;2025-05-30;10;642.1823173822868
28;2025-05-30;11;616.8868109188024
28;2025-05-30;12;710.3479043419434
28;2025-05-30;13;690.7217875479727
28;2025-05-30;14;675.6749979869014
28;2025-05-30;15;719.7170189913097
28;2025-05-30;16;836.5173051885408
28;2025-05-30;17;940.5103969637821
28;2025-05-30;18;797.696608572107
28;2025-05-30;19;626.5987415103632
28;2025-05-30;20;499.56310909322764
28;2025-05-30;21;328.2326367422643
28;2025-05-30;22;158.30220343243994
28;2025-05-30;23;21.870361414979616
28;2025-05-31;0;2.020493103289475
28;2025-05-31;1;0.0
28;2025-05-31;2;0.0
28;2025-05-31;3;0.0
28;2025-05-31;4;0.0
28;2025-05-31;5;26.95004724336316
28;2025-05-31;6;112.6354455426847
28;2025-05-31;7;211.1646538684405
28;2025-05-31;8;366.6591870873448
28;2025-05-31;9;442.0679296180904
28;2025-05-31;10;443.63614986913785
28;2025-05-31;11;499.31651505341745
28;2025-05-31;12;558.7277089237048
28;2025-05-31;13;557.3222690105189
28;2025-05-31;14;555.2811276767529
28;2025-05-31;15;550.4602030432876
28;2025-05-31;16;500.2990284025093
28;2025-05-31;17;525.6100328470961
28;2025-05-31;18;466.178587388137
28;2025-05-31;19;414.924635258149
28;2025-05-31;20;342.0884803328272
28;2025-05-31;21;275.6338959203583
28;2025-05-31;22;142.58101213546644
28;2025-05-31;23;27.639804021456083
28;2025-06-01;0;5.276869157651973
28;2025-06-01;1;0.0
28;2025-06-01;2;0.0
28;2025-06-01;3;0.0
28;2025-06-01;4;0.0
28;2025-06-01;5;22.177974386961647
28;2025-06-01;6;87.86482495228206
28;2025-06-01;7;149.21953635556207
28;2025-06-01;8;231.87769386290987
28;2025-06-01;9;320.70625036463525
28;2025-06-01;10;338.5776065289282
28;2025-06-01;11;380.6656374047557
28;2025-06-01;12;429.47109141436056
28;2025-06-01;13;460.6087196791234
28;2025-06-01;14;451.0305303469456
28;2025-06-01;15;431.1856192271622
28;2025-06-01;16;416.3512257715473
28;2025-06-01;17;399.8238558276822
28;2025-06-01;18;368.89970024003446
28;2025-06-01;19;329.17355211229483
28;2025-06-01;20;290.2060488335635
28;2025-06-01;21;227.95601166684287
28;2025-06-01;22;108.45447026288534
28;2025-06-01;23;16.19237325464655
28;2025-06-02;0;1.4209894949064705
28;2025-06-02;1;0.0
28;2025-06-02;2;0.0
28;2025-06-02;3;0.0
28;2025-06-02;4;0.0
28;2025-06-02;5;55.66828328950078
28;2025-06-02;6;273.8096505630374
28;2025-06-02;7;756.8780184888872
28;2025-06-02;8;1141.0008290509027
28;2025-06-02;9;820.3806923851284
28;2025-06-02;10;586.7292265949059
28;2025-06-02;11;564.8910177078283
28;2025-06-02;12;639.1770365199129
28;2025-06-02;13;669.0735379806817
28;2025-06-02;14;618.0772289985564
28;2025-06-02;15;641.0308383367309
28;2025-06-02;16;795.4724810350856
28;2025-06-02;17;871.046974093776
28;2025-06-02;18;884.2369386595869
28;2025-06-02;19;700.8794235276526
28;2025-06-02;20;507.8193603421028
28;2025-06-02;21;304.4125190283919
28;2025-06-02;22;126.04118187166944
28;2025-06-02;23;18.311569657777326
28;2025-06-03;0;0.8614145893811312
28;2025-06-03;1;0.0
28;2025-06-03;2;0.0
28;2025-06-03;3;0.0
28;2025-06-03;4;0.0
28;2025-06-03;5;55.916328768834546
28;2025-06-03;6;273.7541987325495
28;2025-06-03;7;764.0446968986032
28;2025-06-03;8;1114.6521321797613
28;2025-06-03;9;859.5604997570958
28;2025-06-03;10;665.4443217296629
28;2025-06-03;11;597.3525530009651
28;2025-06-03;12;681.5108280255447
28;2025-06-03;13;710.0541764096846
28;2025-06-03;14;656.4563851570742
28;2025-06-03;15;634.4066364724953
28;2025-06-03;16;783.1799819040422
28;2025-06-03;17;869.0140254832716
28;2025-06-03;18;866.1925781706587
28;2025-06-03;19;692.3137430830311
28;2025-06-03;20;520.0793293144889
28;2025-06-03;21;311.0571560119016
28;2025-06-03;22;128.6227713274177
28;2025-06-03;23;22.548184893088056
28;2025-06-04;0;1.5536227174297905
28;2025-06-04;1;0.0
28;2025-06-04;2;0.0
28;2025-06-04;3;0.0
28;2025-06-04;4;0.0
28;2025-06-04;5;61.71409173273001
28;2025-06-04;6;275.74591537582944
28;2025-06-04;7;755.4597798395903
28;2025-06-04;8;1141.351349062236
28;2025-06-04;9;825.1859312900523
28;2025-06-04;10;631.0665576057525
28;2025-06-04;11;624.8841941156459
28;2025-06-04;12;693.0102577468249
28;2025-06-04;13;714.5919073528353
28;2025-06-04;14;649.2908215972133
28;2025-06-04;15;685.8290009359398
28;2025-06-04;16;809.9285009308489
28;2025-06-04;17;890.1957323460053
28;2025-06-04;18;886.388691290867
28;2025-06-04;19;694.7720371152827
28;2025-06-04;20;516.4664968387074
28;2025-06-04;21;346.1651927097562
28;2025-06-04;22;156.49557104526048
28;2025-06-04;23;18.676776845616224
28;2025-06-05;0;1.511534903996573
28;2025-06-05;1;0.0
28;2025-06-05;2;0.0
28;2025-06-05;3;0.0
28;2025-06-05;4;0.0
28;2025-06-05;5;62.26141908263898
28;2025-06-05;6;281.6703047866832
28;2025-06-05;7;765.9676358765435
28;2025-06-05;8;1180.7922875117717
28;2025-06-05;9;840.6899993846057
28;2025-06-05;10;659.0627553689417
28;2025-06-05;11;594.9239866969065
28;2025-06-05;12;701.6144389509413
28;2025-06-05;13;711.032586500646
28;2025-06-05;14;652.5852632186721
28;2025-06-05;15;664.8822121977844
28;2025-06-05;16;784.105684810834
28;2025-06-05;17;926.2408382230808
28;2025-06-05;18;910.7757242583092
28;2025-06-05;19;702.5764826113225
28;2025-06-05;20;529.0106402730707
28;2025-06-05;21;341.0237944159559
28;2025-06-05;22;151.65329774733377
28;2025-06-05;23;22.462257833515807
28;2025-06-06;0;1.2533806529186986
28;2025-06-06;1;0.0
28;2025-06-06;2;0.0
28;2025-06-06;3;0.0
28;2025-06-06;4;0.0
28;2025-06-06;5;49.43108200900485
28;2025-06-06;6;253.83505250612134
28;2025-06-06;7;727.6517879148132
28;2025-06-06;8;1095.2107696553512
28;2025-06-06;9;807.5876353630543
28;2025-06-06;10;629.2049995673924
28;2025-06-06;11;603.0392042286985
28;2025-06-06;12;696.144132688895
28;2025-06-06;13;676.8016911885233
28;2025-06-06;14;660.4801972713143
28;2025-06-06;15;698.7866123290601
28;2025-06-06;16;815.0962007842613
28;2025-06-06;17;915.9023038192504
28;2025-06-06;18;782.0195494423403
28;2025-06-06;19;614.2642977223622
28;2025-06-06;20;490.83033635222176
28;2025-06-06;21;321.7719988759084
28;2025-06-06;22;155.20170384646215
28;2025-06-06;23;21.955962528417345
28;2025-06-07;0;1.9317137989727229
28;2025-06-07;1;0.0
28;2025-06-07;2;0.0
28;2025-06-07;3;0.0
28;2025-06-07;4;0.0
28;2025-06-07;5;26.75328677580285
28;2025-06-07;6;110.52861576521946
28;2025-06-07;7;205.3739019523179
28;2025-06-07;8;352.99432499367083
28;2025-06-07;9;425.4245948055527
28;2025-06-07;10;425.73576821208826
28;2025-06-07;11;479.2498397319893
28;2025-06-07;12;533.0260888451255
28;2025-06-07;13;531.165564767444
28;2025-06-07;14;528.4153961714494
28;2025-06-07;15;523.4184460012564
28;2025-06-07;16;479.5502977592218
28;2025-06-07;17;502.8460238639102
28;2025-06-07;18;446.44213773396245
28;2025-06-07;19;398.4250493522645
28;2025-06-07;20;327.10641396766096
28;2025-06-07;21;262.91010219270936
28;2025-06-07;22;135.70113909674427
28;2025-06-07;23;26.584380829970357
28;2025-06-08;0;5.1547758565384445
28;2025-06-08;1;0.0
28;2025-06-08;2;0.0
28;2025-06-08;3;0.0
28;2025-06-08;4;0.0
28;2025-06-08;5;22.151171557261662
28;2025-06-08;6;89.99933566917962
28;2025-06-08;7;152.95132811571622
28;2025-06-08;8;229.73581690169055
28;2025-06-08;9;312.0996999019287
28;2025-06-08;10;328.9377655255919
28;2025-06-08;11;369.91119318381493
28;2025-06-08;12;414.49555224976916
28;2025-06-08;13;443.6696673848869
28;2025-06-08;14;434.1504065448437
28;2025-06-08;15;415.5015696394871
28;2025-06-08;16;403.7783679461222
28;2025-06-08;17;388.11457819172404
28;2025-06-08;18;358.76569382346827
28;2025-06-08;19;320.75423588955266
28;2025-06-08;20;281.7194562981132
28;2025-06-08;21;221.0010307880099
28;2025-06-08;22;105.40741730072793
28;2025-06-08;23;15.871130488795925
28;2025-06-09;0;1.397529963106898
28;2025-06-09;1;0.0
28;2025-06-09;2;0.0
28;2025-06-09;3;0.0
28;2025-06-09;4;0.0
28;2025-06-09;5;54.744706898541295
28;2025-06-09;6;268.2914360880925
28;2025-06-09;7;743.620984435343
28;2025-06-09;8;1122.77549708581
28;2025-06-09;9;805.8472261559066
28;2025-06-09;10;577.2039365095643
28;2025-06-09;11;555.109532303137
28;2025-06-09;12;628.239001918468
28;2025-06-09;13;656.9151403126357
28;2025-06-09;14;606.995798577014
28;2025-06-09;15;630.3654829736886
28;2025-06-09;16;781.015473058079
28;2025-06-09;17;854.3729084003293
28;2025-06-09;18;865.3035378141341
28;2025-06-09;19;686.0475707135256
28;2025-06-09;20;499.35280922007644
28;2025-06-09;21;299.3140195446812
28;2025-06-09;22;123.68005527335424
28;2025-06-09;23;17.90606543915863
28;2025-06-10;0;0.899152390233626
28;2025-06-10;1;0.0
28;2025-06-10;2;0.0
28;2025-06-10;3;0.0
28;2025-06-10;4;0.0
28;2025-06-10;5;55.63735842496577
28;2025-06-10;6;273.19332210946675
28;2025-06-10;7;768.1821798958852
28;2025-06-10;8;1121.3662594719146
28;2025-06-10;9;855.9439178907016
28;2025-06-10;10;662.2487905613975
28;2025-06-10;11;595.1830369435513
28;2025-06-10;12;679.9342489191815
28;2025-06-10;13;711.6381045177739
28;2025-06-10;14;659.6204660930059
28;2025-06-10;15;640.000542057344
28;2025-06-10;16;788.6491606535212
28;2025-06-10;17;870.3251415605234
28;2025-06-10;18;867.5879948272996
28;2025-06-10;19;691.8186965587545
28;2025-06-10;20;518.3529053550781
28;2025-06-10;21;309.3348493920144
28;2025-06-10;22;128.3510397548531
28;2025-06-10;23;22.460873974855836
28;2025-06-11;0;1.4770465424017356
28;2025-06-11;1;0.0
28;2025-06-11;2;0.0
28;2025-06-11;3;0.0
28;2025-06-11;4;0.0
28;2025-06-11;5;60.95720756060276
28;2025-06-11;6;273.27644981547684
28;2025-06-11;7;747.6778070963653
28;2025-06-11;8;1130.037001844084
28;2025-06-11;9;816.5930713210012
28;2025-06-11;10;625.9846908937534
28;2025-06-11;11;620.6651495976099
28;2025-06-11;12;688.6993163449345
28;2025-06-11;13;709.2128456200649
28;2025-06-11;14;644.8362110506821
28;2025-06-11;15;679.4087158310617
28;2025-06-11;16;799.5975999375304
28;2025-06-11;17;876.8196252982683
28;2025-06-11;18;869.0267607826147
28;2025-06-11;19;681.6834789516618
28;2025-06-11;20;508.5790278945533
28;2025-06-11;21;340.21477252444095
28;2025-06-11;22;154.77814721685218
28;2025-06-11;23;18.40355062481487
28;2025-06-12;0;3.586391220506303
28;2025-06-12;1;0.0
28;2025-06-12;2;0.0
28;2025-06-12;3;0.0
28;2025-06-12;4;0.0
28;2025-06-12;5;22.502220810845884
28;2025-06-12;6;87.85782666333
28;2025-06-12;7;159.23804205100217
28;2025-06-12;8;249.66155408912985
28;2025-06-12;9;326.63279183860027
28;2025-06-12;10;334.7417394425253
28;2025-06-12;11;371.64733613623093
28;2025-06-12;12;436.015219720902
28;2025-06-12;13;453.5366354685529
28;2025-06-12;14;451.72383877402075
28;2025-06-12;15;442.39952946460596
28;2025-06-12;16;415.00218144812146
28;2025-06-12;17;420.0255610093986
28;2025-06-12;18;381.6257857245119
28;2025-06-12;19;342.4194994877595
28;2025-06-12;20;293.7010857800619
28;2025-06-12;21;235.7931251367807
28;2025-06-12;22;118.92503078149264
28;2025-06-12;23;22.755077014873315
28;2025-06-13;0;3.436157027245891
28;2025-06-13;1;0.0
28;2025-06-13;2;0.0
28;2025-06-13;3;0.0
28;2025-06-13;4;0.0
28;2025-06-13;5;22.643278560709845
28;2025-06-13;6;90.45452684351278
28;2025-06-13;7;161.48884136635897
28;2025-06-13;8;244.74947407411202
28;2025-06-13;9;316.3289760183633
28;2025-06-13;10;319.82559803882833
28;2025-06-13;11;353.3289567524039
28;2025-06-13;12;412.77022002980095
28;2025-06-13;13;431.4944222394395
28;2025-06-13;14;428.6998418145692
28;2025-06-13;15;418.33560862294377
28;2025-06-13;16;395.5829821592459
28;2025-06-13;17;400.67724533805233
28;2025-06-13;18;364.3110266102766
28;2025-06-13;19;329.061046941818
28;2025-06-13;20;280.2085508322358
28;2025-06-13;21;226.0268894378997
28;2025-06-13;22;113.73033627617608
28;2025-06-13;23;21.792552743635348
28;2025-06-14;0;1.8807392720848024
28;2025-06-14;1;0.0
28;2025-06-14;2;0.0
28;2025-06-14;3;0.0
28;2025-06-14;4;0.0
28;2025-06-14;5;26.51027834672199
28;2025-06-14;6;109.82713533990199
28;2025-06-14;7;203.1697730579668
28;2025-06-14;8;348.2220757107872
28;2025-06-14;9;420.1946230024686
28;2025-06-14;10;419.7050910594348
28;2025-06-14;11;470.7583587986779
28;2025-06-14;12;523.7709153364934
28;2025-06-14;13;521.1085776295099
28;2025-06-14;14;517.9035058478524
28;2025-06-14;15;511.1901505794382
28;2025-06-14;16;469.7738747957885
28;2025-06-14;17;491.56731757181177
28;2025-06-14;18;432.33231455819197
28;2025-06-14;19;386.4610723550629
28;2025-06-14;20;318.687477334797
28;2025-06-14;21;256.03443439783655
28;2025-06-14;22;132.79878124776857
28;2025-06-14;23;25.871736500972233
28;2025-06-15;0;5.0914869448457925
28;2025-06-15;1;0.0
28;2025-06-15;2;0.0
28;2025-06-15;3;0.0
28;2025-06-15;4;0.0
28;2025-06-15;5;21.68489883923516
28;2025-06-15;6;89.22476271190536
28;2025-06-15;7;152.15697367101745
28;2025-06-15;8;228.54860811721684
28;2025-06-15;9;309.3972705994985
28;2025-06-15;10;326.2701787520082
28;2025-06-15;11;366.5013655460332
28;2025-06-15;12;410.8929681299318
28;2025-06-15;13;439.58956635397556
28;2025-06-15;14;429.9529888358155
28;2025-06-15;15;409.5687707363736
28;2025-06-15;16;398.8327200705645
28;2025-06-15;17;382.35776228414255
28;2025-06-15;18;351.55099688363373
28;2025-06-15;19;314.32626372825126
28;2025-06-15;20;276.6216762283653
28;2025-06-15;21;216.78955222922576
28;2025-06-15;22;103.49200917161824
28;2025-06-15;23;15.548682323472613
28;2025-06-16;0;1.4057735622454253
28;2025-06-16;1;0.0
28;2025-06-16;2;0.0
28;2025-06-16;3;0.0
28;2025-06-16;4;0.0
28;2025-06-16;5;54.433485320384385
28;2025-06-16;6;267.6544124605842
28;2025-06-16;7;745.9870273338774
28;2025-06-16;8;1125.0847837027145
28;2025-06-16;9;805.4167951741226
28;2025-06-16;10;576.1741698159794
28;2025-06-16;11;555.1467371061933
28;2025-06-16;12;629.2051343263224
28;2025-06-16;13;658.6750502578038
28;2025-06-16;14;609.3942449907204
28;2025-06-16;15;634.1544945559106
28;2025-06-16;16;785.8512390316009
28;2025-06-16;17;859.5193389474541
28;2025-06-16;18;864.6758493957716
28;2025-06-16;19;684.1107060151314
28;2025-06-16;20;498.6307714169934
28;2025-06-16;21;298.39401264311647
28;2025-06-16;22;123.98954263672556
28;2025-06-16;23;17.969693625341968
28;2025-06-17;0;0.8051380328697532
28;2025-06-17;1;0.0
28;2025-06-17;2;0.0
28;2025-06-17;3;0.0
28;2025-06-17;4;0.0
28;2025-06-17;5;54.79396787299622
28;2025-06-17;6;264.5769493797153
28;2025-06-17;7;740.5084744983324
28;2025-06-17;8;1079.486374987244
28;2025-06-17;9;831.2417472807381
28;2025-06-17;10;641.2317226866112
28;2025-06-17;11;574.5154594111559
28;2025-06-17;12;652.9860641610271
28;2025-06-17;13;677.8556462345173
28;2025-06-17;14;626.229375236827
28;2025-06-17;15;604.7703987000307
28;2025-06-17;16;750.7397065054834
28;2025-06-17;17;829.3884137687783
28;2025-06-17;18;823.8206352294969
28;2025-06-17;19;661.20392287043
28;2025-06-17;20;495.22428178223646
28;2025-06-17;21;294.8345118168692
28;2025-06-17;22;121.70400672401938
28;2025-06-17;23;21.45565518465552
28;2025-06-18;0;1.4389676301653849
28;2025-06-18;1;0.0
28;2025-06-18;2;0.0
28;2025-06-18;3;0.0
28;2025-06-18;4;0.0
28;2025-06-18;5;59.782346391761195
28;2025-06-18;6;264.9093092990345
28;2025-06-18;7;730.1410806261853
28;2025-06-18;8;1103.5067827602124
28;2025-06-18;9;797.5571116623537
28;2025-06-18;10;609.8115265391194
28;2025-06-18;11;604.129706078116
28;2025-06-18;12;665.6020961980414
28;2025-06-18;13;682.166746203782
28;2025-06-18;14;619.1338017693225
28;2025-06-18;15;653.0373287704635
28;2025-06-18;16;772.8037225307967
28;2025-06-18;17;847.0602275102606
28;2025-06-18;18;840.7979268412646
28;2025-06-18;19;663.6950982270757
28;2025-06-18;20;493.013468397272
28;2025-06-18;21;329.4989224091779
28;2025-06-18;22;149.89321072159885
28;2025-06-18;23;17.643877017798257
28;2025-06-19;0;1.374717626607925
28;2025-06-19;1;0.0
28;2025-06-19;2;0.0
28;2025-06-19;3;0.0
28;2025-06-19;4;0.0
28;2025-06-19;5;59.64989647630347
28;2025-06-19;6;270.0953652901211
28;2025-06-19;7;741.422995887676
28;2025-06-19;8;1149.9711607133468
28;2025-06-19;9;812.4899346820663
28;2025-06-19;10;640.3715396882344
28;2025-06-19;11;578.7443409746604
28;2025-06-19;12;681.6482659458957
28;2025-06-19;13;690.6932228084759
28;2025-06-19;14;634.9313545660953
28;2025-06-19;15;645.5711068952903
28;2025-06-19;16;758.4413755958624
28;2025-06-19;17;886.0499268108094
28;2025-06-19;18;866.0286575649349
28;2025-06-19;19;670.6409718823694
28;2025-06-19;20;507.28452366829436
28;2025-06-19;21;326.4741937147478
28;2025-06-19;22;145.31913186122875
28;2025-06-19;23;20.977252859846665
28;2025-06-20;0;1.1433785895718116
28;2025-06-20;1;0.0
28;2025-06-20;2;0.0
28;2025-06-20;3;0.0
28;2025-06-20;4;0.0
28;2025-06-20;5;48.37344546488827
28;2025-06-20;6;249.8496729682698
28;2025-06-20;7;713.7187790856451
28;2025-06-20;8;1072.515303766671
28;2025-06-20;9;787.1954415922266
28;2025-06-20;10;611.6941733464603
28;2025-06-20;11;586.8403981172428
28;2025-06-20;12;675.0671101327462
28;2025-06-20;13;654.6193224772451
28;2025-06-20;14;637.3854994495885
28;2025-06-20;15;672.5182046105613
28;2025-06-20;16;786.6442872695911
28;2025-06-20;17;876.927330375815
28;2025-06-20;18;743.4714121062398
28;2025-06-20;19;587.104324319075
28;2025-06-20;20;468.85704598262794
28;2025-06-20;21;306.75695754289967
28;2025-06-20;22;149.6002445927599
28;2025-06-20;23;20.56883336494053
28;2025-06-21;0;1.955805050991001
28;2025-06-21;1;0.0
28;2025-06-21;2;0.0
28;2025-06-21;3;0.0
28;2025-06-21;4;0.0
28;2025-06-21;5;26.028190968741146
28;2025-06-21;6;110.2029299672925
28;2025-06-21;7;208.77125140686414
28;2025-06-21;8;362.82535831088506
28;2025-06-21;9;431.62087498056303
28;2025-06-21;10;433.2496832070449
28;2025-06-21;11;486.7179440665533
28;2025-06-21;12;546.1571359890675
28;2025-06-21;13;545.1194465308567
28;2025-06-21;14;542.7760675544537
28;2025-06-21;15;535.9141941316107
28;2025-06-21;16;489.37740947164554
28;2025-06-21;17;510.3280164503431
28;2025-06-21;18;444.9271634185053
28;2025-06-21;19;395.9083994983089
28;2025-06-21;20;330.76783290817343
28;2025-06-21;21;266.68254731691866
28;2025-06-21;22;138.55152716639168
28;2025-06-21;23;26.705445735146995
28;2025-06-22;0;5.123424264678153
28;2025-06-22;1;0.0
28;2025-06-22;2;0.0
28;2025-06-22;3;0.0
28;2025-06-22;4;0.0
28;2025-06-22;5;21.732316356714726
28;2025-06-22;6;89.47921666986753
28;2025-06-22;7;153.535913607052
28;2025-06-22;8;231.06920937389197
28;2025-06-22;9;311.3146744780265
28;2025-06-22;10;327.8104832494796
28;2025-06-22;11;367.9257729762986
28;2025-06-22;12;412.4949367235033
28;2025-06-22;13;440.74088177039107
28;2025-06-22;14;431.4274626637877
28;2025-06-22;15;410.76814987851844
28;2025-06-22;16;399.99967207233897
28;2025-06-22;17;383.5895044769654
28;2025-06-22;18;350.5720412263522
28;2025-06-22;19;313.7505875445042
28;2025-06-22;20;277.24178977616975
28;2025-06-22;21;217.23410974493956
28;2025-06-22;22;103.85670855123875
28;2025-06-22;23;15.575277318009473
28;2025-06-23;0;1.427086118490614
28;2025-06-23;1;0.0
28;2025-06-23;2;0.0
28;2025-06-23;3;0.0
28;2025-06-23;4;0.0
28;2025-06-23;5;54.51161655673498
28;2025-06-23;6;267.17220628916806
28;2025-06-23;7;748.1009583041491
28;2025-06-23;8;1127.8836354693349
28;2025-06-23;9;803.077041302659
28;2025-06-23;10;574.4101108708984
28;2025-06-23;11;553.9796946273118
28;2025-06-23;12;628.1905373450373
28;2025-06-23;13;658.4561455324338
28;2025-06-23;14;610.2564991703925
28;2025-06-23;15;636.3412244394473
28;2025-06-23;16;786.4038368284239
28;2025-06-23;17;857.941064652387
28;2025-06-23;18;860.0001557457025
28;2025-06-23;19;680.4044291310518
28;2025-06-23;20;497.8962375160147
28;2025-06-23;21;297.92865779122235
28;2025-06-23;22;124.26193344477377
28;2025-06-23;23;17.90257259198296
28;2025-06-24;0;0.8385754173142854
28;2025-06-24;1;0.0
28;2025-06-24;2;0.0
28;2025-06-24;3;0.0
28;2025-06-24;4;0.0
28;2025-06-24;5;55.240677116848154
28;2025-06-24;6;265.99435620110125
28;2025-06-24;7;749.8658615869534
28;2025-06-24;8;1095.6479221941613
28;2025-06-24;9;833.9152957393799
28;2025-06-24;10;646.1827106788794
28;2025-06-24;11;580.7184680646985
28;2025-06-24;12;664.1844994494766
28;2025-06-24;13;693.6751562886459
28;2025-06-24;14;643.4487244842683
28;2025-06-24;15;625.4129941076887
28;2025-06-24;16;770.3393812934848
28;2025-06-24;17;848.3623714268557
28;2025-06-24;18;834.6724338257201
28;2025-06-24;19;666.9602453633146
28;2025-06-24;20;503.876481936245
28;2025-06-24;21;300.6927721033627
28;2025-06-24;22;124.09742945310194
28;2025-06-24;23;21.2669701920127
28;2025-06-25;0;1.4761577634467762
28;2025-06-25;1;0.0
28;2025-06-25;2;0.0
28;2025-06-25;3;0.0
28;2025-06-25;4;0.0
28;2025-06-25;5;61.14138854982241
28;2025-06-25;6;269.00356938071684
28;2025-06-25;7;739.9659985256546
28;2025-06-25;8;1116.5051389597204
28;2025-06-25;9;801.2339480139929
28;2025-06-25;10;614.9036391466952
28;2025-06-25;11;610.3270045768419
28;2025-06-25;12;677.0799232679494
28;2025-06-25;13;697.5409700001023
28;2025-06-25;14;635.4186408194455
28;2025-06-25;15;673.6585354659464
28;2025-06-25;16;792.643282565572
28;2025-06-25;17;866.7900429613551
28;2025-06-25;18;848.7482126827904
28;2025-06-25;19;665.7631857130375
28;2025-06-25;20;500.5432755538071
28;2025-06-25;21;335.14486241348595
28;2025-06-25;22;152.00422853779264
28;2025-06-25;23;17.337641018761275
28;2025-06-26;0;1.3750437880281026
28;2025-06-26;1;0.0
28;2025-06-26;2;0.0
28;2025-06-26;3;0.0
28;2025-06-26;4;0.0
28;2025-06-26;5;61.18181870076296
28;2025-06-26;6;270.74165043119496
28;2025-06-26;7;738.465188813816
28;2025-06-26;8;1136.799426370469
28;2025-06-26;9;806.200379373437
28;2025-06-26;10;632.0340072538806
28;2025-06-26;11;571.8200378962522
28;2025-06-26;12;672.3999395930691
28;2025-06-26;13;678.9945891544974
28;2025-06-26;14;623.65500821911
28;2025-06-26;15;635.1525848430906
28;2025-06-26;16;747.6079178119778
28;2025-06-26;17;875.5411830355499
28;2025-06-26;18;852.4076343457982
28;2025-06-26;19;661.7745249738105
28;2025-06-26;20;501.1681448794287
28;2025-06-26;21;322.3438829586736
28;2025-06-26;22;143.82445492635418
28;2025-06-26;23;20.420204893949283
28;2025-06-27;0;1.2713079754640793
28;2025-06-27;1;0.0
28;2025-06-27;2;0.0
28;2025-06-27;3;0.0
28;2025-06-27;4;0.0
28;2025-06-27;5;49.64746962232278
28;2025-06-27;6;252.56624244893243
28;2025-06-27;7;723.6089748612541
28;2025-06-27;8;1087.5240366157211
28;2025-06-27;9;790.0697312181813
28;2025-06-27;10;619.736182653256
28;2025-06-27;11;595.5806929523415
28;2025-06-27;12;690.0271201840835
28;2025-06-27;13;672.7606884335147
28;2025-06-27;14;658.7112692071909
28;2025-06-27;15;699.7494067620764
28;2025-06-27;16;812.8934489646786
28;2025-06-27;17;906.3681921681409
28;2025-06-27;18;764.4509578167341
28;2025-06-27;19;599.3638928189584
28;2025-06-27;20;485.2895446634161
28;2025-06-27;21;318.2424208574307
28;2025-06-27;22;154.23080551673797
28;2025-06-27;23;21.657823428810172
28;2025-06-28;0;2.004718899032968
28;2025-06-28;1;0.0
28;2025-06-28;2;0.0
28;2025-06-28;3;0.0
28;2025-06-28;4;0.0
28;2025-06-28;5;26.934585889415544
28;2025-06-28;6;110.60335153223807
28;2025-06-28;7;207.87636792035545
28;2025-06-28;8;359.2416527930829
28;2025-06-28;9;426.15076606751086
28;2025-06-28;10;428.6707692690816
28;2025-06-28;11;488.96881463745825
28;2025-06-28;12;549.7959483639447
28;2025-06-28;13;549.927415699977
28;2025-06-28;14;548.2392640158171
28;2025-06-28;15;543.9818073419949
28;2025-06-28;16;497.5758037921065
28;2025-06-28;17;518.6123450843347
28;2025-06-28;18;452.30297477224536
28;2025-06-28;19;401.6879295618786
28;2025-06-28;20;336.16430921540336
28;2025-06-28;21;271.0806902871137
28;2025-06-28;22;140.78531338949233
28;2025-06-28;23;27.862778143291923
28;2025-06-29;0;5.121775399236148
28;2025-06-29;1;0.0
28;2025-06-29;2;0.0
28;2025-06-29;3;0.0
28;2025-06-29;4;0.0
28;2025-06-29;5;22.013428511498468
28;2025-06-29;6;88.39071645220669
28;2025-06-29;7;150.3003579309983
28;2025-06-29;8;223.606900044511
28;2025-06-29;9;301.69819518412163
28;2025-06-29;10;318.32877151976777
28;2025-06-29;11;363.1312350884795
28;2025-06-29;12;407.8317231026858
28;2025-06-29;13;436.85841947653677
28;2025-06-29;14;427.82962799871336
28;2025-06-29;15;409.70941074061216
28;2025-06-29;16;398.47757268497435
28;2025-06-29;17;382.32265012223615
28;2025-06-29;18;350.4035352479339
28;2025-06-29;19;313.2642302520267
28;2025-06-29;20;278.1460326694656
28;2025-06-29;21;217.57378180913378
28;2025-06-29;22;104.32417699258335
28;2025-06-29;23;16.580194651520344
28;2025-06-30;0;1.2187796546864602
28;2025-06-30;1;0.0
28;2025-06-30;2;0.0
28;2025-06-30;3;0.0
28;2025-06-30;4;0.0
28;2025-06-30;5;53.51987706868644
28;2025-06-30;6;258.5323500379778
28;2025-06-30;7;714.8571507352892
28;2025-06-30;8;1078.5821779635658
28;2025-06-30;9;772.8061600154172
28;2025-06-30;10;553.073025453699
28;2025-06-30;11;530.8430962895789
28;2025-06-30;12;598.3268872982205
28;2025-06-30;13;623.2169978612676
28;2025-06-30;14;574.9058751973344
28;2025-06-30;15;595.6774165417959
28;2025-06-30;16;740.638014236288
28;2025-06-30;17;807.2316712722613
28;2025-06-30;18;810.1758790801757
28;2025-06-30;19;645.0476612431885
28;2025-06-30;20;473.8228684367025
28;2025-06-30;21;282.23935941510973
28;2025-06-30;22;118.05999527398563
28;2025-06-30;23;17.313013256294276
28;2025-07-01;0;0.7206271916517439
28;2025-07-01;1;0.0
28;2025-07-01;2;0.0
28;2025-07-01;3;0.0
28;2025-07-01;4;0.0
28;2025-07-01;5;54.17684184973224
28;2025-07-01;6;259.70861051240183
28;2025-07-01;7;728.132607083642
28;2025-07-01;8;1064.499480929448
28;2025-07-01;9;813.5154481058133
28;2025-07-01;10;628.4889697390046
28;2025-07-01;11;562.8610179073144
28;2025-07-01;12;640.5866021579375
28;2025-07-01;13;668.5465161015063
28;2025-07-01;14;624.0046394583748
28;2025-07-01;15;608.1797751033953
28;2025-07-01;16;749.5245079179405
28;2025-07-01;17;825.2744461335319
28;2025-07-01;18;815.6420345337292
28;2025-07-01;19;657.1730577494686
28;2025-07-01;20;491.0000889714845
28;2025-07-01;21;292.11492557434565
28;2025-07-01;22;120.24934641616852
28;2025-07-01;23;21.233243688233408
28;2025-07-02;0;1.537403351959798
28;2025-07-02;1;0.0
28;2025-07-02;2;0.0
28;2025-07-02;3;0.0
28;2025-07-02;4;0.0
28;2025-07-02;5;59.491837937550805
28;2025-07-02;6;261.02067855980147
28;2025-07-02;7;716.9650924427331
28;2025-07-02;8;1092.5150445548045
28;2025-07-02;9;774.3099190457026
28;2025-07-02;10;593.2606191353856
28;2025-07-02;11;587.7269229070586
28;2025-07-02;12;653.3222412304028
28;2025-07-02;13;689.2609480520283
28;2025-07-02;14;632.4195349493294
28;2025-07-02;15;681.3293620923135
28;2025-07-02;16;795.9045966596279
28;2025-07-02;17;867.2008720802139
28;2025-07-02;18;853.8139245543995
28;2025-07-02;19;676.2490420006645
28;2025-07-02;20;504.5098913927157
28;2025-07-02;21;338.3543768496006
28;2025-07-02;22;152.24737947436628
28;2025-07-02;23;17.93395229790915
28;2025-07-03;0;1.605312274328117
28;2025-07-03;1;0.0
28;2025-07-03;2;0.0
28;2025-07-03;3;0.0
28;2025-07-03;4;0.0
28;2025-07-03;5;61.1992928090951
28;2025-07-03;6;273.79538018090705
28;2025-07-03;7;739.1082479616366
28;2025-07-03;8;1149.0947191631944
28;2025-07-03;9;802.6833663916655
28;2025-07-03;10;629.1882935856605
28;2025-07-03;11;567.3388585943538
28;2025-07-03;12;673.1257934095961
28;2025-07-03;13;698.5736848842594
28;2025-07-03;14;648.2748219060418
28;2025-07-03;15;674.4820245888438
28;2025-07-03;16;783.282761169303
28;2025-07-03;17;917.1127612172855
28;2025-07-03;18;894.1197393878776
28;2025-07-03;19;695.4225554320514
28;2025-07-03;20;526.7279829201416
28;2025-07-03;21;339.7148969870733
28;2025-07-03;22;149.38944449753703
28;2025-07-03;23;21.584700277740275
28;2025-07-04;0;1.3397423405624078
28;2025-07-04;1;0.0
28;2025-07-04;2;0.0
28;2025-07-04;3;0.0
28;2025-07-04;4;0.0
28;2025-07-04;5;48.72568065812706
28;2025-07-04;6;246.6404643711656
28;2025-07-04;7;703.6907319814798
28;2025-07-04;8;1065.2649540223426
28;2025-07-04;9;767.3214798208929
28;2025-07-04;10;600.1229817567296
28;2025-07-04;11;575.0216515244879
28;2025-07-04;12;668.1112172078665
28;2025-07-04;13;666.5640178755588
28;2025-07-04;14;657.219954132679
28;2025-07-04;15;708.679623749319
28;2025-07-04;16;817.463883867232
28;2025-07-04;17;910.4502335481113
28;2025-07-04;18;771.4858384273318
28;2025-07-04;19;609.3526881995219
28;2025-07-04;20;489.25435635252427
28;2025-07-04;21;321.50964184362016
28;2025-07-04;22;153.60961931533055
28;2025-07-04;23;21.65210022938335
28;2025-07-05;0;2.017853258297143
28;2025-07-05;1;0.0
28;2025-07-05;2;0.0
28;2025-07-05;3;0.0
28;2025-07-05;4;0.0
28;2025-07-05;5;26.32832052390978
28;2025-07-05;6;108.33325074831856
28;2025-07-05;7;198.3673501784931
28;2025-07-05;8;349.3670090240002
28;2025-07-05;9;413.46970188203386
28;2025-07-05;10;418.2252622824945
28;2025-07-05;11;478.24076171706224
28;2025-07-05;12;539.0113390043389
28;2025-07-05;13;548.8032840767737
28;2025-07-05;14;550.1820236873477
28;2025-07-05;15;551.4817309497527
28;2025-07-05;16;503.1525843562832
28;2025-07-05;17;523.5577834162696
28;2025-07-05;18;459.4522074500318
28;2025-07-05;19;409.2296668840197
28;2025-07-05;20;339.2135806992212
28;2025-07-05;21;273.2300348344611
28;2025-07-05;22;140.66876408971302
28;2025-07-05;23;27.89812523893741
28;2025-07-06;0;5.275650632463002
28;2025-07-06;1;0.0
28;2025-07-06;2;0.0
28;2025-07-06;3;0.0
28;2025-07-06;4;0.0
28;2025-07-06;5;21.686141727245122
28;2025-07-06;6;84.53788250937734
28;2025-07-06;7;140.50078158885609
28;2025-07-06;8;220.10674868835264
28;2025-07-06;9;299.99045953860383
28;2025-07-06;10;319.83583796600044
28;2025-07-06;11;366.01633749573006
28;2025-07-06;12;415.4520891079346
28;2025-07-06;13;454.39228762166033
28;2025-07-06;14;448.1694388438367
28;2025-07-06;15;434.3732937429035
28;2025-07-06;16;418.4302175560957
28;2025-07-06;17;399.8665603336815
28;2025-07-06;18;365.67292963668797
28;2025-07-06;19;326.3426978491139
28;2025-07-06;20;289.7145302064911
28;2025-07-06;21;227.15823946849866
28;2025-07-06;22;108.11285695965248
28;2025-07-06;23;17.098355509594207
28;2025-07-07;0;1.5327485751307945
28;2025-07-07;1;0.0
28;2025-07-07;2;0.0
28;2025-07-07;3;0.0
28;2025-07-07;4;0.0
28;2025-07-07;5;54.92518043801485
28;2025-07-07;6;266.25198303048376
28;2025-07-07;7;733.3238299472896
28;2025-07-07;8;1114.1473964565787
28;2025-07-07;9;783.6678045329794
28;2025-07-07;10;559.4654789012284
28;2025-07-07;11;538.8170763227495
28;2025-07-07;12;612.1826921419046
28;2025-07-07;13;657.1939197966528
28;2025-07-07;14;614.1208736347172
28;2025-07-07;15;651.2119778117851
28;2025-07-07;16;796.0196823721615
28;2025-07-07;17;868.1306371951626
28;2025-07-07;18;871.4802110662627
28;2025-07-07;19;694.0834677392709
28;2025-07-07;20;507.47871776540376
28;2025-07-07;21;304.6637286369177
28;2025-07-07;22;125.49278867236922
28;2025-07-07;23;18.709736691070567
28;2025-07-08;0;0.9398293757357081
28;2025-07-08;1;0.0
28;2025-07-08;2;0.0
28;2025-07-08;3;0.0
28;2025-07-08;4;0.0
28;2025-07-08;5;54.567909481912565
28;2025-07-08;6;263.29212078854107
28;2025-07-08;7;734.3399279036028
28;2025-07-08;8;1082.7623470060394
28;2025-07-08;9;815.5700798373794
28;2025-07-08;10;631.9803327215602
28;2025-07-08;11;566.2852386300415
28;2025-07-08;12;648.2394043035385
28;2025-07-08;13;693.0985214578602
28;2025-07-08;14;647.9455392854858
28;2025-07-08;15;640.4383744651032
28;2025-07-08;16;780.8862148787401
28;2025-07-08;17;858.5593683157335
28;2025-07-08;18;848.7887723006615
28;2025-07-08;19;682.583804089893
28;2025-07-08;20;515.0462147231534
28;2025-07-08;21;308.3762017687916
28;2025-07-08;22;125.97296637602406
28;2025-07-08;23;22.101797553595233
28;2025-07-09;0;1.654854453190932
28;2025-07-09;1;0.0
28;2025-07-09;2;0.0
28;2025-07-09;3;0.0
28;2025-07-09;4;0.0
28;2025-07-09;5;60.80026376975232
28;2025-07-09;6;267.7740713438965
28;2025-07-09;7;733.1580749462357
28;2025-07-09;8;1111.5092570823374
28;2025-07-09;9;788.0567443111086
28;2025-07-09;10;602.1568071560836
28;2025-07-09;11;597.2080317325176
28;2025-07-09;12;665.0526965333605
28;2025-07-09;13;701.8019114639426
28;2025-07-09;14;644.9836750432096
28;2025-07-09;15;695.4211397794622
28;2025-07-09;16;808.9478748451171
28;2025-07-09;17;884.5983818800541
28;2025-07-09;18;873.6933164475709
28;2025-07-09;19;689.4766349276663
28;2025-07-09;20;516.1775823770988
28;2025-07-09;21;345.77689544893974
28;2025-07-09;22;155.58981522474238
28;2025-07-09;23;18.5485124333254
28;2025-07-10;0;1.6183736897644092
28;2025-07-10;1;0.0
28;2025-07-10;2;0.0
28;2025-07-10;3;0.0
28;2025-07-10;4;0.0
28;2025-07-10;5;61.26924688688062
28;2025-07-10;6;273.35295058359685
28;2025-07-10;7;739.88833286655
28;2025-07-10;8;1149.7097801961058
28;2025-07-10;9;801.7273051523804
28;2025-07-10;10;628.5025520489486
28;2025-07-10;11;566.706085752923
28;2025-07-10;12;672.9208629655541
28;2025-07-10;13;698.8499152744184
28;2025-07-10;14;648.7897443817565
28;2025-07-10;15;674.9487424414626
28;2025-07-10;16;783.1584315648979
28;2025-07-10;17;914.9595241853465
28;2025-07-10;18;894.0762778744659
28;2025-07-10;19;695.2643775902454
28;2025-07-10;20;527.0363473646661
28;2025-07-10;21;339.6217786240734
28;2025-07-10;22;149.6831195253871
28;2025-07-10;23;21.73679567556298
28;2025-07-11;0;1.3498813700139491
28;2025-07-11;1;0.0
28;2025-07-11;2;0.0
28;2025-07-11;3;0.0
28;2025-07-11;4;0.0
28;2025-07-11;5;48.70797609483759
28;2025-07-11;6;246.475324251751
28;2025-07-11;7;704.094876839164
28;2025-07-11;8;1063.1745722921305
28;2025-07-11;9;765.82898105513
28;2025-07-11;10;598.6607834360163
28;2025-07-11;11;574.4854116786369
28;2025-07-11;12;668.6640824042097
28;2025-07-11;13;668.0475885865836
28;2025-07-11;14;659.1760868587309
28;2025-07-11;15;710.6399781920802
28;2025-07-11;16;819.4538257893242
28;2025-07-11;17;911.897862320784
28;2025-07-11;18;774.1783509402225
28;2025-07-11;19;611.1677757840863
28;2025-07-11;20;490.8239117808038
28;2025-07-11;21;321.98224224010573
28;2025-07-11;22;154.02730698160846
28;2025-07-11;23;21.923165459323663
28;2025-07-12;0;1.9419087148180627
28;2025-07-12;1;0.0
28;2025-07-12;2;0.0
28;2025-07-12;3;0.0
28;2025-07-12;4;0.0
28;2025-07-12;5;25.678241821204608
28;2025-07-12;6;105.47303952051719
28;2025-07-12;7;193.29410676130954
28;2025-07-12;8;339.75850847328456
28;2025-07-12;9;403.19300800615963
28;2025-07-12;10;407.0561536356621
28;2025-07-12;11;465.55514594386136
28;2025-07-12;12;525.4360613491122
28;2025-07-12;13;535.1385725475698
28;2025-07-12;14;536.1545993139191
28;2025-07-12;15;536.5902685905587
28;2025-07-12;16;490.9037311661783
28;2025-07-12;17;508.6692677182375
28;2025-07-12;18;445.662322888037
28;2025-07-12;19;397.96775768279485
28;2025-07-12;20;330.37884420042286
28;2025-07-12;21;265.6790889485493
28;2025-07-12;22;136.3982133452298
28;2025-07-12;23;27.2212788454182
28;2025-07-13;0;5.0371430832412365
28;2025-07-13;1;0.0
28;2025-07-13;2;0.0
28;2025-07-13;3;0.0
28;2025-07-13;4;0.0
28;2025-07-13;5;21.710584211607895
28;2025-07-13;6;85.60700122053629
28;2025-07-13;7;141.99128399679427
28;2025-07-13;8;212.4795831137164
28;2025-07-13;9;288.2899150932445
28;2025-07-13;10;305.0128926197215
28;2025-07-13;11;348.42955562732084
28;2025-07-13;12;392.9282295250513
28;2025-07-13;13;428.0078041094183
28;2025-07-13;14;421.8288643222574
28;2025-07-13;15;407.9592792421313
28;2025-07-13;16;396.9426533995098
28;2025-07-13;17;379.6262384610293
28;2025-07-13;18;347.0867838495677
28;2025-07-13;19;311.1835247242899
28;2025-07-13;20;274.47496655139025
28;2025-07-13;21;214.62759571298852
28;2025-07-13;22;102.52294284786396
28;2025-07-13;23;16.29220500485182
28;2025-07-14;0;1.371540481397446
28;2025-07-14;1;0.0
28;2025-07-14;2;0.0
28;2025-07-14;3;0.0
28;2025-07-14;4;0.0
28;2025-07-14;5;53.43354176886305
28;2025-07-14;6;254.41172609083208
28;2025-07-14;7;700.4752907730015
28;2025-07-14;8;1062.4810175141665
28;2025-07-14;9;752.1988780924186
28;2025-07-14;10;535.5682719229751
28;2025-07-14;11;514.9186444881472
28;2025-07-14;12;582.1927390604233
28;2025-07-14;13;620.4332821066239
28;2025-07-14;14;578.4809177367756
28;2025-07-14;15;610.4249072898149
28;2025-07-14;16;750.1113961834552
28;2025-07-14;17;814.5091771561089
28;2025-07-14;18;816.1252951413985
28;2025-07-14;19;653.0962633476638
28;2025-07-14;20;478.3642878417146
28;2025-07-14;21;285.9624015869393
28;2025-07-14;22;118.44013263665619
28;2025-07-14;23;17.567063779391525
50;2025-05-15;0;42.5096071177388
50;2025-05-15;1;0.0
50;2025-05-15;2;0.0
50;2025-05-15;3;0.0
50;2025-05-15;4;0.0
50;2025-05-15;5;68.62108194618457
50;2025-05-15;6;596.6249087249978
50;2025-05-15;7;1786.6749426844217
50;2025-05-15;8;2660.029396800525
50;2025-05-15;9;2158.7041387087693
50;2025-05-15;10;1654.574360309291
50;2025-05-15;11;1586.0578314737295
50;2025-05-15;12;1516.2745821675057
50;2025-05-15;13;1498.900831437773
50;2025-05-15;14;1465.9030194409456
50;2025-05-15;15;1688.8877935512137
50;2025-05-15;16;1812.221400238943
50;2025-05-15;17;2328.9121263385605
50;2025-05-15;18;2397.901090550536
50;2025-05-15;19;1558.9332449087594
50;2025-05-15;20;1008.939648165642
50;2025-05-15;21;690.848702730729
50;2025-05-15;22;334.07511098149234
50;2025-05-15;23;162.79052870946137
50;2025-05-16;0;46.73847645961897
50;2025-05-16;1;0.0
50;2025-05-16;2;0.0
50;2025-05-16;3;0.0
50;2025-05-16;4;0.0
50;2025-05-16;5;59.28686110100497
50;2025-05-16;6;579.9938162798777
50;2025-05-16;7;1731.0679394634585
50;2025-05-16;8;2533.3143961211135
50;2025-05-16;9;2046.791625797615
50;2025-05-16;10;1627.3604218466585
50;2025-05-16;11;1626.6227856166004
50;2025-05-16;12;1576.042575329503
50;2025-05-16;13;1545.580886701573
50;2025-05-16;14;1504.825400063595
50;2025-05-16;15;1850.3930610400034
50;2025-05-16;16;1991.265901841981
50;2025-05-16;17;2102.0591475606284
50;2025-05-16;18;1788.3258381399448
50;2025-05-16;19;1294.7434507564203
50;2025-05-16;20;916.7481120940172
50;2025-05-16;21;634.5504895023955
50;2025-05-16;22;366.2466328895555
50;2025-05-16;23;197.68705464724871
50;2025-05-17;0;59.789701845397175
50;2025-05-17;1;0.0
50;2025-05-17;2;0.0
50;2025-05-17;3;0.0
50;2025-05-17;4;0.0
50;2025-05-17;5;23.47479321691268
50;2025-05-17;6;198.61948111623903
50;2025-05-17;7;407.2193853077515
50;2025-05-17;8;627.5080367488424
50;2025-05-17;9;667.5909136888729
50;2025-05-17;10;637.6605215657557
50;2025-05-17;11;804.3593433879637
50;2025-05-17;12;835.05672407299
50;2025-05-17;13;887.3417012262229
50;2025-05-17;14;872.0896647539556
50;2025-05-17;15;847.9662622098115
50;2025-05-17;16;804.2687156984944
50;2025-05-17;17;786.4608167524694
50;2025-05-17;18;740.3628443922823
50;2025-05-17;19;692.1190388808569
50;2025-05-17;20;522.3056652192756
50;2025-05-17;21;417.70561436982314
50;2025-05-17;22;237.9044476554809
50;2025-05-17;23;153.5722294308675
50;2025-05-18;0;52.06970158062228
50;2025-05-18;1;0.0
50;2025-05-18;2;0.0
50;2025-05-18;3;0.0
50;2025-05-18;4;0.0
50;2025-05-18;5;22.30116877184456
50;2025-05-18;6;151.20079683127418
50;2025-05-18;7;270.8259340193105
50;2025-05-18;8;403.1357859390254
50;2025-05-18;9;473.9812966551855
50;2025-05-18;10;503.1567892106313
50;2025-05-18;11;626.3203478608891
50;2025-05-18;12;680.2028408191555
50;2025-05-18;13;726.0946981082704
50;2025-05-18;14;753.567060958632
50;2025-05-18;15;703.0915046965023
50;2025-05-18;16;672.9378092888167
50;2025-05-18;17;666.3735937079739
50;2025-05-18;18;625.9025094784708
50;2025-05-18;19;566.6546012813656
50;2025-05-18;20;461.2889762481483
50;2025-05-18;21;355.79202228764365
50;2025-05-18;22;204.52300432477728
50;2025-05-18;23;116.60155053374615
50;2025-05-19;0;40.83953683993209
50;2025-05-19;1;0.0
50;2025-05-19;2;0.0
50;2025-05-19;3;0.0
50;2025-05-19;4;0.0
50;2025-05-19;5;55.49359690617959
50;2025-05-19;6;543.0232451463401
50;2025-05-19;7;1683.4974571243388
50;2025-05-19;8;2547.1175376126357
50;2025-05-19;9;1998.10784512776
50;2025-05-19;10;1524.664133010007
50;2025-05-19;11;1446.6769226543975
50;2025-05-19;12;1352.8072616984118
50;2025-05-19;13;1409.4327825895684
50;2025-05-19;14;1370.225933342771
50;2025-05-19;15;1563.293523713225
50;2025-05-19;16;1618.561247194702
50;2025-05-19;17;2177.3981362161007
50;2025-05-19;18;2332.165081188624
50;2025-05-19;19;1537.8876214377697
50;2025-05-19;20;937.9999054179108
50;2025-05-19;21;609.2387870013623
50;2025-05-19;22;286.31199792614393
50;2025-05-19;23;129.4229357440562
50;2025-05-20;0;38.54201115748891
50;2025-05-20;1;0.0
50;2025-05-20;2;0.0
50;2025-05-20;3;0.0
50;2025-05-20;4;0.0
50;2025-05-20;5;55.03134845825755
50;2025-05-20;6;596.297312018035
50;2025-05-20;7;1772.1835025500936
50;2025-05-20;8;2544.37511670237
50;2025-05-20;9;2054.203075438045
50;2025-05-20;10;1585.595626244099
50;2025-05-20;11;1543.3478009140326
50;2025-05-20;12;1446.1682273111396
50;2025-05-20;13;1465.1436094221012
50;2025-05-20;14;1434.129316652075
50;2025-05-20;15;1586.6263931408494
50;2025-05-20;16;1657.9614549794137
50;2025-05-20;17;2246.194938440936
50;2025-05-20;18;2333.636660965893
50;2025-05-20;19;1472.528046933443
50;2025-05-20;20;970.3730604157643
50;2025-05-20;21;630.8298651518633
50;2025-05-20;22;308.26477157148577
50;2025-05-20;23;141.74496982403446
50;2025-05-21;0;40.34260873227895
50;2025-05-21;1;0.0
50;2025-05-21;2;0.0
50;2025-05-21;3;0.0
50;2025-05-21;4;0.0
50;2025-05-21;5;59.955388503419016
50;2025-05-21;6;577.3991978867002
50;2025-05-21;7;1751.8889629769137
50;2025-05-21;8;2599.9347465109404
50;2025-05-21;9;2090.5114594087863
50;2025-05-21;10;1568.0430409871847
50;2025-05-21;11;1516.6635380198882
50;2025-05-21;12;1432.8476022953923
50;2025-05-21;13;1502.2638899333406
50;2025-05-21;14;1464.0420684854994
50;2025-05-21;15;1643.7068243659487
50;2025-05-21;16;1743.5405357045033
50;2025-05-21;17;2195.56634237332
50;2025-05-21;18;2176.677944334993
50;2025-05-21;19;1543.87218586931
50;2025-05-21;20;951.2503528184886
50;2025-05-21;21;666.2260855326215
50;2025-05-21;22;331.4877207266374
50;2025-05-21;23;156.8257567577914
50;2025-05-22;0;45.09094566738075
50;2025-05-22;1;0.0
50;2025-05-22;2;0.0
50;2025-05-22;3;0.0
50;2025-05-22;4;0.0
50;2025-05-22;5;68.49828410062943
50;2025-05-22;6;591.0161267864893
50;2025-05-22;7;1789.53219527957
50;2025-05-22;8;2636.49517202839
50;2025-05-22;9;2142.7052029373363
50;2025-05-22;10;1643.3339254070318
50;2025-05-22;11;1574.550408843253
50;2025-05-22;12;1503.8392293774998
50;2025-05-22;13;1482.0171640734407
50;2025-05-22;14;1449.7527400097065
50;2025-05-22;15;1668.5842152751984
50;2025-05-22;16;1777.1311685949863
50;2025-05-22;17;2288.863828968228
50;2025-05-22;18;2375.8759260190627
50;2025-05-22;19;1551.1608712071898
50;2025-05-22;20;1007.4604160385225
50;2025-05-22;21;688.0385391760626
50;2025-05-22;22;331.6846936918905
50;2025-05-22;23;162.71393639081884
50;2025-05-23;0;46.93077117778658
50;2025-05-23;1;0.0
50;2025-05-23;2;0.0
50;2025-05-23;3;0.0
50;2025-05-23;4;0.0
50;2025-05-23;5;59.769409192620444
50;2025-05-23;6;580.2918846601493
50;2025-05-23;7;1740.3965093620227
50;2025-05-23;8;2527.3463872590537
50;2025-05-23;9;2048.53120408572
50;2025-05-23;10;1629.2220472040985
50;2025-05-23;11;1627.9197462939933
50;2025-05-23;12;1576.9387278649192
50;2025-05-23;13;1543.8324858959409
50;2025-05-23;14;1503.126637645533
50;2025-05-23;15;1845.679207969329
50;2025-05-23;16;1976.6498311248074
50;2025-05-23;17;2085.4407818122927
50;2025-05-23;18;1785.3853318219144
50;2025-05-23;19;1298.5220428806342
50;2025-05-23;20;924.2488476078281
50;2025-05-23;21;638.23680611166
50;2025-05-23;22;367.40976623290027
50;2025-05-23;23;199.68787222617453
50;2025-05-24;0;59.81833609626452
50;2025-05-24;1;0.0
50;2025-05-24;2;0.0
50;2025-05-24;3;0.0
50;2025-05-24;4;0.0
50;2025-05-24;5;23.614538627759103
50;2025-05-24;6;197.68739074959313
50;2025-05-24;7;406.28026004708653
50;2025-05-24;8;622.0635030928408
50;2025-05-24;9;667.3089407802909
50;2025-05-24;10;639.2394469862214
50;2025-05-24;11;804.7628569857159
50;2025-05-24;12;835.3120359291551
50;2025-05-24;13;883.6003893453744
50;2025-05-24;14;867.2309547777882
50;2025-05-24;15;840.7790122659062
50;2025-05-24;16;793.7512601638675
50;2025-05-24;17;777.6649109454391
50;2025-05-24;18;735.1438248632007
50;2025-05-24;19;688.9170501064526
50;2025-05-24;20;523.3037937245126
50;2025-05-24;21;417.50266007761024
50;2025-05-24;22;238.57274894983672
50;2025-05-24;23;154.95921408471287
50;2025-05-25;0;53.521355229805806
50;2025-05-25;1;0.0
50;2025-05-25;2;0.0
50;2025-05-25;3;0.0
50;2025-05-25;4;0.0
50;2025-05-25;5;22.969254020112714
50;2025-05-25;6;153.87970739673247
50;2025-05-25;7;275.41285622085184
50;2025-05-25;8;406.8862623333042
50;2025-05-25;9;481.5115020060729
50;2025-05-25;10;514.8602811258736
50;2025-05-25;11;639.6644012956051
50;2025-05-25;12;694.9076884821122
50;2025-05-25;13;741.1938573009392
50;2025-05-25;14;768.6414064567375
50;2025-05-25;15;716.7305630158655
50;2025-05-25;16;684.4860021475495
50;2025-05-25;17;677.8151991194277
50;2025-05-25;18;638.8473988437646
50;2025-05-25;19;579.0851605026712
50;2025-05-25;20;475.0800091112752
50;2025-05-25;21;366.81996171623723
50;2025-05-25;22;212.1748726333628
50;2025-05-25;23;119.75725048826487
50;2025-05-26;0;42.10092379061382
50;2025-05-26;1;0.0
50;2025-05-26;2;0.0
50;2025-05-26;3;0.0
50;2025-05-26;4;0.0
50;2025-05-26;5;56.76262840152188
50;2025-05-26;6;552.5223795639696
50;2025-05-26;7;1733.3657289197079
50;2025-05-26;8;2599.9485294655397
50;2025-05-26;9;2037.9863667682334
50;2025-05-26;10;1552.3785648429011
50;2025-05-26;11;1468.7331922430212
50;2025-05-26;12;1370.3931349926988
50;2025-05-26;13;1425.9341610432498
50;2025-05-26;14;1383.5296741966488
50;2025-05-26;15;1576.5550476254311
50;2025-05-26;16;1627.7186493872437
50;2025-05-26;17;2190.3028611340865
50;2025-05-26;18;2352.467947125233
50;2025-05-26;19;1556.3794708216683
50;2025-05-26;20;958.55757485397
50;2025-05-26;21;622.1347845367948
50;2025-05-26;22;291.543410059562
50;2025-05-26;23;130.80041010620232
50;2025-05-27;0;40.066863989080716
50;2025-05-27;1;0.0
50;2025-05-27;2;0.0
50;2025-05-27;3;0.0
50;2025-05-27;4;0.0
50;2025-05-27;5;57.872027795712796
50;2025-05-27;6;617.5969844280412
50;2025-05-27;7;1837.8916312123729
50;2025-05-27;8;2627.210750288007
50;2025-05-27;9;2119.278707618008
50;2025-05-27;10;1631.6319932463966
50;2025-05-27;11;1582.15168650092
50;2025-05-27;12;1479.727658524319
50;2025-05-27;13;1500.6032078360058
50;2025-05-27;14;1465.5538739338854
50;2025-05-27;15;1623.3323300916868
50;2025-05-27;16;1697.5217653313275
50;2025-05-27;17;2292.4188105286594
50;2025-05-27;18;2377.386656693204
50;2025-05-27;19;1502.338804746476
50;2025-05-27;20;1007.6560005716758
50;2025-05-27;21;655.923865840092
50;2025-05-27;22;323.6403635742723
50;2025-05-27;23;146.59873453287062
50;2025-05-28;0;41.27951728020034
50;2025-05-28;1;0.0
50;2025-05-28;2;0.0
50;2025-05-28;3;0.0
50;2025-05-28;4;0.0
50;2025-05-28;5;62.85913957696067
50;2025-05-28;6;598.7666614792058
50;2025-05-28;7;1814.932885559067
50;2025-05-28;8;2683.4591851967543
50;2025-05-28;9;2156.5326745272423
50;2025-05-28;10;1612.8239523554055
50;2025-05-28;11;1554.9213539790426
50;2025-05-28;12;1468.2040333739794
50;2025-05-28;13;1539.1041990920066
50;2025-05-28;14;1497.695997004687
50;2025-05-28;15;1680.963560996324
50;2025-05-28;16;1781.7497484652124
50;2025-05-28;17;2240.1084721718007
50;2025-05-28;18;2218.413745666395
50;2025-05-28;19;1576.4168340992392
50;2025-05-28;20;982.1411127675528
50;2025-05-28;21;687.385554895033
50;2025-05-28;22;343.6513491755725
50;2025-05-28;23;162.81570474834194
50;2025-05-29;0;44.94262666299198
50;2025-05-29;1;0.0
50;2025-05-29;2;0.0
50;2025-05-29;3;0.0
50;2025-05-29;4;0.0
50;2025-05-29;5;68.71442384806392
50;2025-05-29;6;587.9967969647328
50;2025-05-29;7;1773.510286525243
50;2025-05-29;8;2618.7777958045044
50;2025-05-29;9;2125.4419424876633
50;2025-05-29;10;1624.7242773223288
50;2025-05-29;11;1552.4270808216677
50;2025-05-29;12;1480.1669546820144
50;2025-05-29;13;1461.899619702418
50;2025-05-29;14;1429.0333351513955
50;2025-05-29;15;1645.9643882761598
50;2025-05-29;16;1754.5050042316793
50;2025-05-29;17;2253.239369306572
50;2025-05-29;18;2344.138028600247
50;2025-05-29;19;1538.1060587471634
50;2025-05-29;20;1003.3007305207992
50;2025-05-29;21;684.406002346695
50;2025-05-29;22;329.24564761089925
50;2025-05-29;23;162.85552271497698
50;2025-05-30;0;46.98482157656776
50;2025-05-30;1;0.0
50;2025-05-30;2;0.0
50;2025-05-30;3;0.0
50;2025-05-30;4;0.0
50;2025-05-30;5;60.02439564070063
50;2025-05-30;6;579.7482115227415
50;2025-05-30;7;1734.7928520451228
50;2025-05-30;8;2521.0965885759306
50;2025-05-30;9;2042.4912348700848
50;2025-05-30;10;1617.8881497255945
50;2025-05-30;11;1611.3043531994508
50;2025-05-30;12;1558.8596019229087
50;2025-05-30;13;1527.9774716543736
50;2025-05-30;14;1485.1004409575855
50;2025-05-30;15;1821.7611401852341
50;2025-05-30;16;1957.1089166244062
50;2025-05-30;17;2056.546128470676
50;2025-05-30;18;1763.6149569679883
50;2025-05-30;19;1289.5114303203468
50;2025-05-30;20;919.3169897860075
50;2025-05-30;21;633.3870994454242
50;2025-05-30;22;364.9289392284146
50;2025-05-30;23;199.22440020993656
50;2025-05-31;0;60.240744388370175
50;2025-05-31;1;0.0
50;2025-05-31;2;0.0
50;2025-05-31;3;0.0
50;2025-05-31;4;0.0
50;2025-05-31;5;24.223000548663478
50;2025-05-31;6;199.6386800329483
50;2025-05-31;7;406.04057610339305
50;2025-05-31;8;612.366007709733
50;2025-05-31;9;671.982778584247
50;2025-05-31;10;640.115691336719
50;2025-05-31;11;808.2190108777281
50;2025-05-31;12;838.4492614383178
50;2025-05-31;13;885.2388428377847
50;2025-05-31;14;869.8158857180615
50;2025-05-31;15;843.4902994303405
50;2025-05-31;16;789.5951496400297
50;2025-05-31;17;775.8138632461144
50;2025-05-31;18;734.9525056522075
50;2025-05-31;19;688.5143083459709
50;2025-05-31;20;529.3403259361896
50;2025-05-31;21;420.8026361861687
50;2025-05-31;22;240.29401054181545
50;2025-05-31;23;155.81278223689193
50;2025-06-01;0;52.51853279583452
50;2025-06-01;1;0.0
50;2025-06-01;2;0.0
50;2025-06-01;3;0.0
50;2025-06-01;4;0.0
50;2025-06-01;5;22.925301065496733
50;2025-06-01;6;151.99153801591115
50;2025-06-01;7;271.2582434448444
50;2025-06-01;8;399.9724922853892
50;2025-06-01;9;477.7612959314988
50;2025-06-01;10;505.57470051813584
50;2025-06-01;11;628.9834353539538
50;2025-06-01;12;683.5521788711206
50;2025-06-01;13;728.0002715424787
50;2025-06-01;14;753.9243494341233
50;2025-06-01;15;700.8337342862167
50;2025-06-01;16;668.1563482361529
50;2025-06-01;17;659.0151832952095
50;2025-06-01;18;620.0692251152088
50;2025-06-01;19;562.0571135806535
50;2025-06-01;20;466.2808899837959
50;2025-06-01;21;359.3463371125946
50;2025-06-01;22;207.43460714774642
50;2025-06-01;23;117.37517030828354
50;2025-06-02;0;41.81693468527208
50;2025-06-02;1;0.0
50;2025-06-02;2;0.0
50;2025-06-02;3;0.0
50;2025-06-02;4;0.0
50;2025-06-02;5;57.75568243747411
50;2025-06-02;6;552.8018883815406
50;2025-06-02;7;1725.7355472209072
50;2025-06-02;8;2588.130363745091
50;2025-06-02;9;2042.5889724716576
50;2025-06-02;10;1551.051147786202
50;2025-06-02;11;1460.9261556165504
50;2025-06-02;12;1364.6088849956118
50;2025-06-02;13;1419.846727966253
50;2025-06-02;14;1369.316288690225
50;2025-06-02;15;1549.3341354179277
50;2025-06-02;16;1624.974384093975
50;2025-06-02;17;2178.8281422108166
50;2025-06-02;18;2322.9856375290533
50;2025-06-02;19;1530.8640523387353
50;2025-06-02;20;948.1951474661256
50;2025-06-02;21;614.1546586808565
50;2025-06-02;22;288.5211127724614
50;2025-06-02;23;130.164300319637
50;2025-06-03;0;39.36848795763566
50;2025-06-03;1;0.0
50;2025-06-03;2;0.0
50;2025-06-03;3;0.0
50;2025-06-03;4;0.0
50;2025-06-03;5;56.85866075252185
50;2025-06-03;6;605.5934989670975
50;2025-06-03;7;1790.836860751444
50;2025-06-03;8;2566.910498415475
50;2025-06-03;9;2084.6976405119904
50;2025-06-03;10;1602.6450056133417
50;2025-06-03;11;1548.6974819506827
50;2025-06-03;12;1451.3134452367476
50;2025-06-03;13;1470.6090788658266
50;2025-06-03;14;1428.0707097716308
50;2025-06-03;15;1569.2784606891726
50;2025-06-03;16;1661.379533825535
50;2025-06-03;17;2234.122935302483
50;2025-06-03;18;2306.5671023410305
50;2025-06-03;19;1451.4789643856693
50;2025-06-03;20;981.6027329503461
50;2025-06-03;21;638.0341905779248
50;2025-06-03;22;313.52096728307026
50;2025-06-03;23;143.78284064367648
50;2025-06-04;0;40.87854011559614
50;2025-06-04;1;0.0
50;2025-06-04;2;0.0
50;2025-06-04;3;0.0
50;2025-06-04;4;0.0
50;2025-06-04;5;62.43628013554007
50;2025-06-04;6;594.6117416004229
50;2025-06-04;7;1800.9258127214644
50;2025-06-04;8;2662.271332859256
50;2025-06-04;9;2150.1503491462563
50;2025-06-04;10;1607.0061328342663
50;2025-06-04;11;1544.9727107224335
50;2025-06-04;12;1463.0690839724564
50;2025-06-04;13;1535.4637684586373
50;2025-06-04;14;1488.008725982093
50;2025-06-04;15;1660.4003863840044
50;2025-06-04;16;1782.8504297789866
50;2025-06-04;17;2232.887617870414
50;2025-06-04;18;2195.6347193674746
50;2025-06-04;19;1549.9073917738274
50;2025-06-04;20;972.603567744831
50;2025-06-04;21;680.5498418564937
50;2025-06-04;22;340.6594518298273
50;2025-06-04;23;161.8829850413059
50;2025-06-05;0;44.890246933827214
50;2025-06-05;1;0.0
50;2025-06-05;2;0.0
50;2025-06-05;3;0.0
50;2025-06-05;4;0.0
50;2025-06-05;5;69.63640501096359
50;2025-06-05;6;588.2419747111364
50;2025-06-05;7;1775.111204052743
50;2025-06-05;8;2616.6135032332204
50;2025-06-05;9;2134.756622223626
50;2025-06-05;10;1632.130744624902
50;2025-06-05;11;1554.8531268389424
50;2025-06-05;12;1486.3370435495158
50;2025-06-05;13;1469.5543026281437
50;2025-06-05;14;1429.0610648908314
50;2025-06-05;15;1634.0487434156794
50;2025-06-05;16;1766.8844527121328
50;2025-06-05;17;2258.1667575126376
50;2025-06-05;18;2334.9391765246487
50;2025-06-05;19;1520.22030413494
50;2025-06-05;20;999.6712308516444
50;2025-06-05;21;681.8413013376348
50;2025-06-05;22;328.9425996800811
50;2025-06-05;23;163.53887968870887
50;2025-06-06;0;46.65351111019186
50;2025-06-06;1;0.0
50;2025-06-06;2;0.0
50;2025-06-06;3;0.0
50;2025-06-06;4;0.0
50;2025-06-06;5;60.05112340289662
50;2025-06-06;6;573.4228694646386
50;2025-06-06;7;1714.2596520438517
50;2025-06-06;8;2485.8324102698025
50;2025-06-06;9;2025.3063858050346
50;2025-06-06;10;1605.7751276519468
50;2025-06-06;11;1598.253996380212
50;2025-06-06;12;1548.907790390419
50;2025-06-06;13;1516.6513903422358
50;2025-06-06;14;1472.376567614927
50;2025-06-06;15;1801.2757038723325
50;2025-06-06;16;1941.2454824258634
50;2025-06-06;17;2044.2213446798692
50;2025-06-06;18;1748.2219981443534
50;2025-06-06;19;1274.6022471832714
50;2025-06-06;20;913.370131088644
50;2025-06-06;21;628.743018889073
50;2025-06-06;22;362.7270023815827
50;2025-06-06;23;199.10841693867894
50;2025-06-07;0;57.342066141306795
50;2025-06-07;1;0.0
50;2025-06-07;2;0.0
50;2025-06-07;3;0.0
50;2025-06-07;4;0.0
50;2025-06-07;5;24.321936961316922
50;2025-06-07;6;192.52971371416814
50;2025-06-07;7;389.9763834980975
50;2025-06-07;8;581.0193191845833
50;2025-06-07;9;639.4587350838708
50;2025-06-07;10;608.4202832074475
50;2025-06-07;11;768.2525788825395
50;2025-06-07;12;792.1485440783939
50;2025-06-07;13;836.1380042609728
50;2025-06-07;14;820.650638807441
50;2025-06-07;15;795.6039905935158
50;2025-06-07;16;750.3773496744132
50;2025-06-07;17;738.1311935074787
50;2025-06-07;18;700.2158137777628
50;2025-06-07;19;656.6961700898089
50;2025-06-07;20;502.9092322437366
50;2025-06-07;21;398.3972572510705
50;2025-06-07;22;227.05839150764717
50;2025-06-07;23;148.59803818213697
50;2025-06-08;0;50.79858712540576
50;2025-06-08;1;0.0
50;2025-06-08;2;0.0
50;2025-06-08;3;0.0
50;2025-06-08;4;0.0
50;2025-06-08;5;23.111055041156128
50;2025-06-08;6;154.12348232822328
50;2025-06-08;7;276.1689939057432
50;2025-06-08;8;393.06916429959654
50;2025-06-08;9;464.4731918610687
50;2025-06-08;10;491.6378251350552
50;2025-06-08;11;611.395405715374
50;2025-06-08;12;659.8633398380654
50;2025-06-08;13;700.5161728177058
50;2025-06-08;14;725.0781529408316
50;2025-06-08;15;673.5415416849831
50;2025-06-08;16;645.0738782262963
50;2025-06-08;17;639.9978567066194
50;2025-06-08;18;602.9541634088492
50;2025-06-08;19;546.247863494614
50;2025-06-08;20;452.6719666711337
50;2025-06-08;21;347.75442436467273
50;2025-06-08;22;201.05303968002852
50;2025-06-08;23;115.20708393047502
50;2025-06-09;0;41.28054342565291
50;2025-06-09;1;0.0
50;2025-06-09;2;0.0
50;2025-06-09;3;0.0
50;2025-06-09;4;0.0
50;2025-06-09;5;56.652266220519884
50;2025-06-09;6;541.1279891122273
50;2025-06-09;7;1687.1162367032748
50;2025-06-09;8;2539.225480927352
50;2025-06-09;9;2002.2184310286966
50;2025-06-09;10;1522.576294111936
50;2025-06-09;11;1433.411654337966
50;2025-06-09;12;1340.2538930873939
50;2025-06-09;13;1393.688910101346
50;2025-06-09;14;1343.148069668097
50;2025-06-09;15;1516.6486186087363
50;2025-06-09;16;1589.9552244870558
50;2025-06-09;17;2127.600717036839
50;2025-06-09;18;2273.4284694385738
50;2025-06-09;19;1497.713839583612
50;2025-06-09;20;932.2551039621358
50;2025-06-09;21;603.594427779105
50;2025-06-09;22;282.05128913939484
50;2025-06-09;23;129.01192524312285
50;2025-06-10;0;39.550965533138374
50;2025-06-10;1;0.0
50;2025-06-10;2;0.0
50;2025-06-10;3;0.0
50;2025-06-10;4;0.0
50;2025-06-10;5;57.57820970042896
50;2025-06-10;6;611.092924930078
50;2025-06-10;7;1820.561173435812
50;2025-06-10;8;2606.832109727596
50;2025-06-10;9;2109.333056793337
50;2025-06-10;10;1622.0448609285531
50;2025-06-10;11;1566.5591938574598
50;2025-06-10;12;1469.4012167280152
50;2025-06-10;13;1491.3796916990223
50;2025-06-10;14;1447.968327179966
50;2025-06-10;15;1591.4538922268575
50;2025-06-10;16;1692.21873676329
50;2025-06-10;17;2267.069389144073
50;2025-06-10;18;2326.148114944488
50;2025-06-10;19;1457.9825504132764
50;2025-06-10;20;978.1856739448476
50;2025-06-10;21;631.7876259310601
50;2025-06-10;22;315.1955492241026
50;2025-06-10;23;144.85987118821
50;2025-06-11;0;40.67086093219652
50;2025-06-11;1;0.0
50;2025-06-11;2;0.0
50;2025-06-11;3;0.0
50;2025-06-11;4;0.0
50;2025-06-11;5;62.15313095016921
50;2025-06-11;6;588.257933489472
50;2025-06-11;7;1772.857228319744
50;2025-06-11;8;2627.6933243899903
50;2025-06-11;9;2120.4163427726116
50;2025-06-11;10;1586.5655449631404
50;2025-06-11;11;1524.9950334479693
50;2025-06-11;12;1444.7178064405443
50;2025-06-11;13;1515.0610685347688
50;2025-06-11;14;1467.4334481685648
50;2025-06-11;15;1631.0809608558154
50;2025-06-11;16;1751.403391654046
50;2025-06-11;17;2188.079680525974
50;2025-06-11;18;2148.8757753048894
50;2025-06-11;19;1516.423876017786
50;2025-06-11;20;943.9593869184334
50;2025-06-11;21;656.5598216148234
50;2025-06-11;22;331.9752128498948
50;2025-06-11;23;158.85887939104532
50;2025-06-12;0;52.79165385711805
50;2025-06-12;1;0.0
50;2025-06-12;2;0.0
50;2025-06-12;3;0.0
50;2025-06-12;4;0.0
50;2025-06-12;5;22.081845625947388
50;2025-06-12;6;157.4354027655545
50;2025-06-12;7;301.3243038290622
50;2025-06-12;8;428.1725944744634
50;2025-06-12;9;497.42204340059305
50;2025-06-12;10;503.5216047595574
50;2025-06-12;11;623.9602432196777
50;2025-06-12;12;686.0386001713541
50;2025-06-12;13;738.1536992443669
50;2025-06-12;14;749.6907482965619
50;2025-06-12;15;716.2497474783634
50;2025-06-12;16;682.6559303006877
50;2025-06-12;17;668.5375087532466
50;2025-06-12;18;634.4348846999243
50;2025-06-12;19;588.6715671953459
50;2025-06-12;20;471.3247452923523
50;2025-06-12;21;370.69546283320744
50;2025-06-12;22;218.73431600195568
50;2025-06-12;23;131.51825660290024
50;2025-06-13;0;49.96202524874871
50;2025-06-13;1;0.0
50;2025-06-13;2;0.0
50;2025-06-13;3;0.0
50;2025-06-13;4;0.0
50;2025-06-13;5;22.482595158129513
50;2025-06-13;6;159.2788021338942
50;2025-06-13;7;302.0068569279846
50;2025-06-13;8;414.1429105546099
50;2025-06-13;9;478.25760048990753
50;2025-06-13;10;483.6313674409641
50;2025-06-13;11;595.6409829589054
50;2025-06-13;12;651.4527646301515
50;2025-06-13;13;699.2629851776734
50;2025-06-13;14;709.0406486977447
50;2025-06-13;15;675.3511408435961
50;2025-06-13;16;647.205181644687
50;2025-06-13;17;636.2785958731367
50;2025-06-13;18;603.1113113241208
50;2025-06-13;19;562.20438327741
50;2025-06-13;20;447.4144622206724
50;2025-06-13;21;352.9952172314237
50;2025-06-13;22;207.702590412922
50;2025-06-13;23;125.77237204910128
50;2025-06-14;0;56.08567787952069
50;2025-06-14;1;0.0
50;2025-06-14;2;0.0
50;2025-06-14;3;0.0
50;2025-06-14;4;0.0
50;2025-06-14;5;23.87321380567004
50;2025-06-14;6;189.68865009906546
50;2025-06-14;7;383.3007327403377
50;2025-06-14;8;571.7931434830145
50;2025-06-14;9;629.4139200736666
50;2025-06-14;10;599.1958405086853
50;2025-06-14;11;753.5687493846262
50;2025-06-14;12;777.8724692211513
50;2025-06-14;13;819.518042944133
50;2025-06-14;14;803.4669009407538
50;2025-06-14;15;776.115612332337
50;2025-06-14;16;734.3533756543786
50;2025-06-14;17;719.8846113583284
50;2025-06-14;18;676.7458799252177
50;2025-06-14;19;634.4969028662092
50;2025-06-14;20;485.45210131079523
50;2025-06-14;21;383.97652395445925
50;2025-06-14;22;220.80126762745897
50;2025-06-14;23;145.0947519622621
50;2025-06-15;0;49.82013384777792
50;2025-06-15;1;0.0
50;2025-06-15;2;0.0
50;2025-06-15;3;0.0
50;2025-06-15;4;0.0
50;2025-06-15;5;22.448677461362376
50;2025-06-15;6;153.44610641947384
50;2025-06-15;7;275.2188394090846
50;2025-06-15;8;391.65050842621315
50;2025-06-15;9;460.91103973266854
50;2025-06-15;10;488.2991475821003
50;2025-06-15;11;606.5515970936161
50;2025-06-15;12;654.9318330215203
50;2025-06-15;13;695.3716818528712
50;2025-06-15;14;719.5003858382446
50;2025-06-15;15;666.0548299046214
50;2025-06-15;16;638.8554058598452
50;2025-06-15;17;630.2441682230142
50;2025-06-15;18;589.9213818221606
50;2025-06-15;19;535.0059701053713
50;2025-06-15;20;442.1175758005876
50;2025-06-15;21;338.50262394492404
50;2025-06-15;22;197.10343847651075
50;2025-06-15;23;114.1143360558734
50;2025-06-16;0;41.51435289233117
50;2025-06-16;1;0.0
50;2025-06-16;2;0.0
50;2025-06-16;3;0.0
50;2025-06-16;4;0.0
50;2025-06-16;5;56.170139472559015
50;2025-06-16;6;541.9091225953905
50;2025-06-16;7;1695.583450155503
50;2025-06-16;8;2551.489571410493
50;2025-06-16;9;2012.0491532289611
50;2025-06-16;10;1529.7841568269196
50;2025-06-16;11;1439.883178233265
50;2025-06-16;12;1347.9922704206851
50;2025-06-16;13;1402.2442994225432
50;2025-06-16;14;1351.1463318964416
50;2025-06-16;15;1524.975268991545
50;2025-06-16;16;1602.6386428730789
50;2025-06-16;17;2141.3910436352535
50;2025-06-16;18;2277.2070380969612
50;2025-06-16;19;1497.5108667421505
50;2025-06-16;20;927.1875618261685
50;2025-06-16;21;596.9863723671226
50;2025-06-16;22;282.7644633714593
50;2025-06-16;23;130.3933254194269
50;2025-06-17;0;38.17240210381013
50;2025-06-17;1;0.0
50;2025-06-17;2;0.0
50;2025-06-17;3;0.0
50;2025-06-17;4;0.0
50;2025-06-17;5;56.9583329632713
50;2025-06-17;6;575.2807732235353
50;2025-06-17;7;1707.9100249028684
50;2025-06-17;8;2439.0031440739776
50;2025-06-17;9;1978.2589797394492
50;2025-06-17;10;1520.3886668455661
50;2025-06-17;11;1464.4019419725898
50;2025-06-17;12;1374.3515013962842
50;2025-06-17;13;1393.1108731341706
50;2025-06-17;14;1349.7393518600588
50;2025-06-17;15;1479.2527755110257
50;2025-06-17;16;1574.8362016562596
50;2025-06-17;17;2110.32122326848
50;2025-06-17;18;2175.9974413877158
50;2025-06-17;19;1374.3205256157548
50;2025-06-17;20;917.0332410251268
50;2025-06-17;21;590.9475177139292
50;2025-06-17;22;293.5069402250735
50;2025-06-17;23;137.42340851028035
50;2025-06-18;0;39.00066608541537
50;2025-06-18;1;0.0
50;2025-06-18;2;0.0
50;2025-06-18;3;0.0
50;2025-06-18;4;0.0
50;2025-06-18;5;60.565502326022205
50;2025-06-18;6;562.7373268661847
50;2025-06-18;7;1704.842467292931
50;2025-06-18;8;2520.670408195381
50;2025-06-18;9;2030.3843638897363
50;2025-06-18;10;1519.2147527208565
50;2025-06-18;11;1461.2666581065628
50;2025-06-18;12;1382.0627795487476
50;2025-06-18;13;1446.50351811766
50;2025-06-18;14;1398.1788413130066
50;2025-06-18;15;1555.1224011594736
50;2025-06-18;16;1673.507909586118
50;2025-06-18;17;2089.603593291852
50;2025-06-18;18;2059.3466465564525
50;2025-06-18;19;1459.9835022272414
50;2025-06-18;20;903.5364274770272
50;2025-06-18;21;626.5742598425188
50;2025-06-18;22;316.09580896996874
50;2025-06-18;23;152.53322519356794
50;2025-06-19;0;42.78730929678929
50;2025-06-19;1;0.0
50;2025-06-19;2;0.0
50;2025-06-19;3;0.0
50;2025-06-19;4;0.0
50;2025-06-19;5;66.67386635207811
50;2025-06-19;6;562.5983757817366
50;2025-06-19;7;1696.926031847153
50;2025-06-19;8;2512.308696452019
50;2025-06-19;9;2046.2081464770956
50;2025-06-19;10;1567.8794174335926
50;2025-06-19;11;1496.18658974093
50;2025-06-19;12;1435.1251638711856
50;2025-06-19;13;1418.9425588150712
50;2025-06-19;14;1380.3155751220847
50;2025-06-19;15;1570.981606835317
50;2025-06-19;16;1695.295863653715
50;2025-06-19;17;2144.827575202524
50;2025-06-19;18;2205.6550088547547
50;2025-06-19;19;1437.3259450707242
50;2025-06-19;20;939.4051450633667
50;2025-06-19;21;635.1379649569035
50;2025-06-19;22;307.33725189213663
50;2025-06-19;23;156.86776937092606
50;2025-06-20;0;43.52437411691899
50;2025-06-20;1;0.0
50;2025-06-20;2;0.0
50;2025-06-20;3;0.0
50;2025-06-20;4;0.0
50;2025-06-20;5;58.10686362145457
50;2025-06-20;6;554.317408297964
50;2025-06-20;7;1654.620194524871
50;2025-06-20;8;2384.864098449163
50;2025-06-20;9;1938.2088990254733
50;2025-06-20;10;1539.458402413251
50;2025-06-20;11;1534.3547955681966
50;2025-06-20;12;1488.8725240965275
50;2025-06-20;13;1455.6617741276318
50;2025-06-20;14;1410.8297025011207
50;2025-06-20;15;1720.6637268988445
50;2025-06-20;16;1853.3633994582747
50;2025-06-20;17;1940.4473292088123
50;2025-06-20;18;1646.2531152822964
50;2025-06-20;19;1201.3514058646217
50;2025-06-20;20;852.8274966878446
50;2025-06-20;21;582.2769284319991
50;2025-06-20;22;340.1185743188754
50;2025-06-20;23;188.28330688214226
50;2025-06-21;0;57.705975753420276
50;2025-06-21;1;0.0
50;2025-06-21;2;0.0
50;2025-06-21;3;0.0
50;2025-06-21;4;0.0
50;2025-06-21;5;22.89942178221356
50;2025-06-21;6;192.72094417136455
50;2025-06-21;7;394.89014978352463
50;2025-06-21;8;599.5148508729465
50;2025-06-21;9;651.3357661781845
50;2025-06-21;10;622.5459656990281
50;2025-06-21;11;784.2813732923648
50;2025-06-21;12;816.5721025018695
50;2025-06-21;13;861.9624948218751
50;2025-06-21;14;846.1994480048822
50;2025-06-21;15;816.6448370996015
50;2025-06-21;16;767.7951327409573
50;2025-06-21;17;747.1526864929913
50;2025-06-21;18;696.8673778912557
50;2025-06-21;19;652.5812648559458
50;2025-06-21;20;505.4090315087477
50;2025-06-21;21;401.34923744524247
50;2025-06-21;22;231.39070203376062
50;2025-06-21;23;151.36654594218516
50;2025-06-22;0;49.4476347626308
50;2025-06-22;1;0.0
50;2025-06-22;2;0.0
50;2025-06-22;3;0.0
50;2025-06-22;4;0.0
50;2025-06-22;5;22.35547336537185
50;2025-06-22;6;153.26299955092105
50;2025-06-22;7;275.73233117527025
50;2025-06-22;8;392.99993796249123
50;2025-06-22;9;461.8005102321274
50;2025-06-22;10;488.48676848028344
50;2025-06-22;11;606.1483797370757
50;2025-06-22;12;654.6542476451164
50;2025-06-22;13;694.1353109231109
50;2025-06-22;14;718.6052176235646
50;2025-06-22;15;664.5312664763032
50;2025-06-22;16;637.6107849989116
50;2025-06-22;17;628.7414955132356
50;2025-06-22;18;584.5407975157191
50;2025-06-22;19;530.8324249459472
50;2025-06-22;20;440.94237934276345
50;2025-06-22;21;337.57724872287326
50;2025-06-22;22;196.60370411937603
50;2025-06-22;23;114.1294064446034
50;2025-06-23;0;41.45004549150467
50;2025-06-23;1;0.0
50;2025-06-23;2;0.0
50;2025-06-23;3;0.0
50;2025-06-23;4;0.0
50;2025-06-23;5;55.95333345612269
50;2025-06-23;6;540.0127815222827
50;2025-06-23;7;1696.3007665919827
50;2025-06-23;8;2545.4952642899584
50;2025-06-23;9;2006.2644083164946
50;2025-06-23;10;1525.2397707154164
50;2025-06-23;11;1435.8295618100924
50;2025-06-23;12;1345.6151759627132
50;2025-06-23;13;1401.058732452138
50;2025-06-23;14;1350.0262801384017
50;2025-06-23;15;1523.030339849397
50;2025-06-23;16;1601.648001545289
50;2025-06-23;17;2133.205657287922
50;2025-06-23;18;2261.593177124379
50;2025-06-23;19;1487.8825836907224
50;2025-06-23;20;922.2342362707228
50;2025-06-23;21;592.8620186120196
50;2025-06-23;22;281.7746695531083
50;2025-06-23;23;128.87340305861306
50;2025-06-24;0;38.45656008376418
50;2025-06-24;1;0.0
50;2025-06-24;2;0.0
50;2025-06-24;3;0.0
50;2025-06-24;4;0.0
50;2025-06-24;5;58.420206268547375
50;2025-06-24;6;588.0969267088951
50;2025-06-24;7;1746.1621112194734
50;2025-06-24;8;2504.008001328909
50;2025-06-24;9;2025.9943203524667
50;2025-06-24;10;1560.8817580239368
50;2025-06-24;11;1509.819586826143
50;2025-06-24;12;1420.1241399246646
50;2025-06-24;13;1442.642609420774
50;2025-06-24;14;1400.4225233161742
50;2025-06-24;15;1535.7283600430583
50;2025-06-24;16;1632.2810408928945
50;2025-06-24;17;2167.7127203785467
50;2025-06-24;18;2219.208010879131
50;2025-06-24;19;1393.9660570200763
50;2025-06-24;20;937.9217103955382
50;2025-06-24;21;604.4280080285453
50;2025-06-24;22;299.9669892655334
50;2025-06-24;23;140.02288506682086
50;2025-06-25;0;39.94364440182848
50;2025-06-25;1;0.0
50;2025-06-25;2;0.0
50;2025-06-25;3;0.0
50;2025-06-25;4;0.0
50;2025-06-25;5;63.34312072920626
50;2025-06-25;6;574.0097891042608
50;2025-06-25;7;1731.5611564586688
50;2025-06-25;8;2566.7064183636953
50;2025-06-25;9;2065.0972539394156
50;2025-06-25;10;1547.1078128406052
50;2025-06-25;11;1487.8221683662782
50;2025-06-25;12;1412.5782019595372
50;2025-06-25;13;1481.7979294489428
50;2025-06-25;14;1435.3718540983732
50;2025-06-25;15;1598.1267324659357
50;2025-06-25;16;1716.294737023747
50;2025-06-25;17;2129.4055220476675
50;2025-06-25;18;2081.160416049678
50;2025-06-25;19;1469.936229116108
50;2025-06-25;20;919.765227534974
50;2025-06-25;21;638.8939441443621
50;2025-06-25;22;321.8514055067621
50;2025-06-25;23;154.60616127283478
50;2025-06-26;0;41.99664521273711
50;2025-06-26;1;0.0
50;2025-06-26;2;0.0
50;2025-06-26;3;0.0
50;2025-06-26;4;0.0
50;2025-06-26;5;69.47597654343244
50;2025-06-26;6;558.4426404636874
50;2025-06-26;7;1678.342992240037
50;2025-06-26;8;2467.582239380986
50;2025-06-26;9;2004.7942980046969
50;2025-06-26;10;1537.2312783030898
50;2025-06-26;11;1467.4483686633025
50;2025-06-26;12;1408.1543434253808
50;2025-06-26;13;1392.6784978454764
50;2025-06-26;14;1352.938745544695
50;2025-06-26;15;1542.521370227753
50;2025-06-26;16;1666.875579118313
50;2025-06-26;17;2108.9761898854013
50;2025-06-26;18;2171.1391035309025
50;2025-06-26;19;1418.0928042484074
50;2025-06-26;20;925.609569384623
50;2025-06-26;21;625.7517277943361
50;2025-06-26;22;303.78293459960713
50;2025-06-26;23;153.93776630007733
50;2025-06-27;0;46.411752317510306
50;2025-06-27;1;0.0
50;2025-06-27;2;0.0
50;2025-06-27;3;0.0
50;2025-06-27;4;0.0
50;2025-06-27;5;61.00119899960073
50;2025-06-27;6;567.7028274091188
50;2025-06-27;7;1699.7979320990262
50;2025-06-27;8;2452.8523452555282
50;2025-06-27;9;1989.2762249403677
50;2025-06-27;10;1592.7000414809786
50;2025-06-27;11;1587.0094999637552
50;2025-06-27;12;1545.4572868978585
50;2025-06-27;13;1514.2973367994127
50;2025-06-27;14;1471.7345579383757
50;2025-06-27;15;1791.1342027075998
50;2025-06-27;16;1927.8678404733755
50;2025-06-27;17;2014.6519054401847
50;2025-06-27;18;1702.0352251726877
50;2025-06-27;19;1237.3740209072553
50;2025-06-27;20;893.2146631024038
50;2025-06-27;21;611.3583144288936
50;2025-06-27;22;357.00941944105966
50;2025-06-27;23;198.39877639149796
50;2025-06-28;0;57.99305857454594
50;2025-06-28;1;0.0
50;2025-06-28;2;0.0
50;2025-06-28;3;0.0
50;2025-06-28;4;0.0
50;2025-06-28;5;24.208372767404434
50;2025-06-28;6;191.57443873467957
50;2025-06-28;7;392.90634154769765
50;2025-06-28;8;590.069412245172
50;2025-06-28;9;637.2480239800166
50;2025-06-28;10;609.5262173401495
50;2025-06-28;11;780.7263868151006
50;2025-06-28;12;814.0140518948863
50;2025-06-28;13;861.2859924321037
50;2025-06-28;14;846.2875497460034
50;2025-06-28;15;818.7715470603521
50;2025-06-28;16;770.865588794013
50;2025-06-28;17;747.8015877357996
50;2025-06-28;18;695.7521634335942
50;2025-06-28;19;651.3424123961606
50;2025-06-28;20;507.6672915224601
50;2025-06-28;21;403.6440570521494
50;2025-06-28;22;232.9985589264639
50;2025-06-28;23;152.84251868722862
50;2025-06-29;0;49.15185378671712
50;2025-06-29;1;0.0
50;2025-06-29;2;0.0
50;2025-06-29;3;0.0
50;2025-06-29;4;0.0
50;2025-06-29;5;23.001947285879936
50;2025-06-29;6;151.00211155664985
50;2025-06-29;7;271.1125202446668
50;2025-06-29;8;383.1875064883134
50;2025-06-29;9;447.5808423553384
50;2025-06-29;10;474.8917333562648
50;2025-06-29;11;599.472425636354
50;2025-06-29;12;648.3903282126339
50;2025-06-29;13;688.7471375441783
50;2025-06-29;14;712.9976541907263
50;2025-06-29;15;661.3246458187634
50;2025-06-29;16;634.5042419810587
50;2025-06-29;17;626.0799769055113
50;2025-06-29;18;583.6357145194404
50;2025-06-29;19;528.6540352100227
50;2025-06-29;20;441.1206226884111
50;2025-06-29;21;337.8502565803476
50;2025-06-29;22;197.69278738285772
50;2025-06-29;23;115.7508289781639
50;2025-06-30;0;38.431517446408414
50;2025-06-30;1;0.0
50;2025-06-30;2;0.0
50;2025-06-30;3;0.0
50;2025-06-30;4;0.0
50;2025-06-30;5;55.582133848025265
50;2025-06-30;6;511.59593823859444
50;2025-06-30;7;1588.995065307227
50;2025-06-30;8;2379.5446169049173
50;2025-06-30;9;1873.6660220004137
50;2025-06-30;10;1429.5253714793294
50;2025-06-30;11;1343.4421875013168
50;2025-06-30;12;1260.470969973003
50;2025-06-30;13;1312.297422511726
50;2025-06-30;14;1262.6778825366966
50;2025-06-30;15;1415.2384621162278
50;2025-06-30;16;1488.273780346069
50;2025-06-30;17;1977.1645029595124
50;2025-06-30;18;2097.859627268932
50;2025-06-30;19;1386.8606900679124
50;2025-06-30;20;862.9140177282387
50;2025-06-30;21;552.8204172435226
50;2025-06-30;22;263.38720108241876
50;2025-06-30;23;123.7267739037597
50;2025-07-01;0;37.1496596962446
50;2025-07-01;1;0.0
50;2025-07-01;2;0.0
50;2025-07-01;3;0.0
50;2025-07-01;4;0.0
50;2025-07-01;5;55.82063880678823
50;2025-07-01;6;561.0165615127937
50;2025-07-01;7;1669.9319689959268
50;2025-07-01;8;2388.354794887229
50;2025-07-01;9;1933.616635675468
50;2025-07-01;10;1491.433342484366
50;2025-07-01;11;1437.0163107560716
50;2025-07-01;12;1351.4029960018192
50;2025-07-01;13;1376.1617688956298
50;2025-07-01;14;1345.4519588016894
50;2025-07-01;15;1477.6803659544871
50;2025-07-01;16;1570.18949268376
50;2025-07-01;17;2087.363856561507
50;2025-07-01;18;2141.0294088446226
50;2025-07-01;19;1363.9465516047171
50;2025-07-01;20;906.7921356794521
50;2025-07-01;21;583.74305725725
50;2025-07-01;22;287.02471258878734
50;2025-07-01;23;136.49370721744964
50;2025-07-02;0;39.87177756289809
50;2025-07-02;1;0.0
50;2025-07-02;2;0.0
50;2025-07-02;3;0.0
50;2025-07-02;4;0.0
50;2025-07-02;5;60.105661122806644
50;2025-07-02;6;556.4092277136895
50;2025-07-02;7;1680.0588705177802
50;2025-07-02;8;2495.483101667778
50;2025-07-02;9;1992.5754797494437
50;2025-07-02;10;1495.2516958378633
50;2025-07-02;11;1436.4827844228312
50;2025-07-02;12;1363.8223617046906
50;2025-07-02;13;1468.5388995155272
50;2025-07-02;14;1434.7959041407867
50;2025-07-02;15;1617.2449477940374
50;2025-07-02;16;1724.6151399580363
50;2025-07-02;17;2134.217971154806
50;2025-07-02;18;2088.3971400810537
50;2025-07-02;19;1491.9825116165925
50;2025-07-02;20;931.7035737478551
50;2025-07-02;21;648.3828040462554
50;2025-07-02;22;321.4241710449071
50;2025-07-02;23;155.4466957062271
50;2025-07-03;0;44.05752414568607
50;2025-07-03;1;0.0
50;2025-07-03;2;0.0
50;2025-07-03;3;0.0
50;2025-07-03;4;0.0
50;2025-07-03;5;67.19312308235382
50;2025-07-03;6;562.7600845274114
50;2025-07-03;7;1684.0180277577817
50;2025-07-03;8;2495.7542841314826
50;2025-07-03;9;2013.7162635013904
50;2025-07-03;10;1550.4414730870817
50;2025-07-03;11;1477.6214869273656
50;2025-07-03;12;1418.1588538586789
50;2025-07-03;13;1437.9647736779089
50;2025-07-03;14;1412.2057131082224
50;2025-07-03;15;1633.8323965712505
50;2025-07-03;16;1746.5412410400227
50;2025-07-03;17;2206.0934960060004
50;2025-07-03;18;2268.1707376014137
50;2025-07-03;19;1492.6647746201797
50;2025-07-03;20;982.3071890578046
50;2025-07-03;21;667.9471292776359
50;2025-07-03;22;318.1804611239852
50;2025-07-03;23;159.15252526087997
50;2025-07-04;0;45.701532007505435
50;2025-07-04;1;0.0
50;2025-07-04;2;0.0
50;2025-07-04;3;0.0
50;2025-07-04;4;0.0
50;2025-07-04;5;57.6117481357917
50;2025-07-04;6;546.976996980634
50;2025-07-04;7;1632.1279485417047
50;2025-07-04;8;2371.1392184423676
50;2025-07-04;9;1901.6671417389107
50;2025-07-04;10;1525.6257044322635
50;2025-07-04;11;1519.6099500982104
50;2025-07-04;12;1481.0546727366536
50;2025-07-04;13;1488.1493608392022
50;2025-07-04;14;1457.287861642727
50;2025-07-04;15;1795.1368430790294
50;2025-07-04;16;1918.7998455130019
50;2025-07-04;17;2000.9508624503774
50;2025-07-04;18;1705.5832364014796
50;2025-07-04;19;1254.3820032730575
50;2025-07-04;20;898.1121595721158
50;2025-07-04;21;615.9169764655842
50;2025-07-04;22;352.31767170766216
50;2025-07-04;23;194.43962177165184
50;2025-07-05;0;57.98982469949058
50;2025-07-05;1;0.0
50;2025-07-05;2;0.0
50;2025-07-05;3;0.0
50;2025-07-05;4;0.0
50;2025-07-05;5;23.046883116701345
50;2025-07-05;6;187.45289133036042
50;2025-07-05;7;376.0558649177044
50;2025-07-05;8;570.2442705502583
50;2025-07-05;9;614.3719349665422
50;2025-07-05;10;593.2724716533924
50;2025-07-05;11;763.54667382983
50;2025-07-05;12;797.350960681963
50;2025-07-05;13;859.1884201981711
50;2025-07-05;14;849.0863150959694
50;2025-07-05;15;831.5556736523527
50;2025-07-05;16;780.2454513774189
50;2025-07-05;17;757.5866026225392
50;2025-07-05;18;708.4264752667201
50;2025-07-05;19;664.1078606319497
50;2025-07-05;20;513.0846762028946
50;2025-07-05;21;407.67476946599777
50;2025-07-05;22;232.70530095459117
50;2025-07-05;23;152.85256193976045
50;2025-07-06;0;50.98819268279132
50;2025-07-06;1;0.0
50;2025-07-06;2;0.0
50;2025-07-06;3;0.0
50;2025-07-06;4;0.0
50;2025-07-06;5;22.06091431989237
50;2025-07-06;6;144.73888306062696
50;2025-07-06;7;254.24885947751426
50;2025-07-06;8;375.4024592734981
50;2025-07-06;9;440.46803450635986
50;2025-07-06;10;474.51236856192537
50;2025-07-06;11;601.8682593900423
50;2025-07-06;12;657.8487240867025
50;2025-07-06;13;713.6133646557945
50;2025-07-06;14;743.2202066532316
50;2025-07-06;15;697.9952522487281
50;2025-07-06;16;664.6769915468794
50;2025-07-06;17;653.2620198769632
50;2025-07-06;18;609.1042106064197
50;2025-07-06;19;550.7817486625947
50;2025-07-06;20;458.8372653379597
50;2025-07-06;21;353.0409836161079
50;2025-07-06;22;204.29834204535211
50;2025-07-06;23;118.35386246817599
50;2025-07-07;0;41.458109407557714
50;2025-07-07;1;0.0
50;2025-07-07;2;0.0
50;2025-07-07;3;0.0
50;2025-07-07;4;0.0
50;2025-07-07;5;55.66079711535925
50;2025-07-07;6;530.537527166985
50;2025-07-07;7;1642.7433273811089
50;2025-07-07;8;2482.4871395357104
50;2025-07-07;9;1937.4331120440906
50;2025-07-07;10;1480.7209756911147
50;2025-07-07;11;1392.4718666772965
50;2025-07-07;12;1306.86317214724
50;2025-07-07;13;1399.1394604844277
50;2025-07-07;14;1359.6792986790247
50;2025-07-07;15;1548.5536214278043
50;2025-07-07;16;1613.3294902332045
50;2025-07-07;17;2133.563004609121
50;2025-07-07;18;2264.566701150371
50;2025-07-07;19;1507.637309838257
50;2025-07-07;20;939.1295408496001
50;2025-07-07;21;606.8912322227571
50;2025-07-07;22;283.4537675287389
50;2025-07-07;23;130.92192784335612
50;2025-07-08;0;38.74925041570351
50;2025-07-08;1;0.0
50;2025-07-08;2;0.0
50;2025-07-08;3;0.0
50;2025-07-08;4;0.0
50;2025-07-08;5;55.08332081328453
50;2025-07-08;6;573.6030337219066
50;2025-07-08;7;1692.0936927208447
50;2025-07-08;8;2439.0087567469272
50;2025-07-08;9;1956.8248500800119
50;2025-07-08;10;1511.94136199648
50;2025-07-08;11;1459.7988100062344
50;2025-07-08;12;1373.5138767818491
50;2025-07-08;13;1433.4177636456254
50;2025-07-08;14;1403.3423595061454
50;2025-07-08;15;1556.1390963498814
50;2025-07-08;16;1639.350673016817
50;2025-07-08;17;2168.6695619698767
50;2025-07-08;18;2228.9170735525413
50;2025-07-08;19;1421.1107167909058
50;2025-07-08;20;957.3741988664935
50;2025-07-08;21;619.8545874684075
50;2025-07-08;22;303.00867313911573
50;2025-07-08;23;142.4655226507453
50;2025-07-09;0;40.58266644081776
50;2025-07-09;1;0.0
50;2025-07-09;2;0.0
50;2025-07-09;3;0.0
50;2025-07-09;4;0.0
50;2025-07-09;5;61.03736393866093
50;2025-07-09;6;571.4017574043644
50;2025-07-09;7;1724.8550237401855
50;2025-07-09;8;2553.9965675640933
50;2025-07-09;9;2038.882848630098
50;2025-07-09;10;1532.8563419106567
50;2025-07-09;11;1473.759957242226
50;2025-07-09;12;1400.9894483605399
50;2025-07-09;13;1507.0546059062754
50;2025-07-09;14;1473.7309494018186
50;2025-07-09;15;1659.15098093885
50;2025-07-09;16;1761.0161336739043
50;2025-07-09;17;2185.3236480660516
50;2025-07-09;18;2150.136774697427
50;2025-07-09;19;1533.6640861240517
50;2025-07-09;20;965.2129273630492
50;2025-07-09;21;672.2842567808119
50;2025-07-09;22;333.9183482540816
50;2025-07-09;23;160.14495612401618
50;2025-07-10;0;54.82865152065663
50;2025-07-10;1;0.0
50;2025-07-10;2;0.0
50;2025-07-10;3;0.0
50;2025-07-10;4;0.0
50;2025-07-10;5;82.54331577927576
50;2025-07-10;6;691.9721555401758
50;2025-07-10;7;2083.3663420177727
50;2025-07-10;8;3096.11376625285
50;2025-07-10;9;2487.747484407899
50;2025-07-10;10;1923.3857608389098
50;2025-07-10;11;1834.125683847285
50;2025-07-10;12;1762.8785147996227
50;2025-07-10;13;1780.6745367184574
50;2025-07-10;14;1749.3402560983843
50;2025-07-10;15;2022.019107312164
50;2025-07-10;16;2153.538007735931
50;2025-07-10;17;2728.0049761522823
50;2025-07-10;18;2818.6571878548402
50;2025-07-10;19;1849.2867799601029
50;2025-07-10;20;1219.1499013214348
50;2025-07-10;21;828.8834224415089
50;2025-07-10;22;395.87541906134805
50;2025-07-10;23;197.9430269174691
50;2025-07-11;0;57.292125851751884
50;2025-07-11;1;0.0
50;2025-07-11;2;0.0
50;2025-07-11;3;0.0
50;2025-07-11;4;0.0
50;2025-07-11;5;71.05500917589666
50;2025-07-11;6;677.2606497332031
50;2025-07-11;7;2037.3387860613625
50;2025-07-11;8;2971.1563429062007
50;2025-07-11;9;2368.7867247598642
50;2025-07-11;10;1910.9307555250473
50;2025-07-11;11;1904.9027186342087
50;2025-07-11;12;1860.231658709883
50;2025-07-11;13;1863.1373649119705
50;2025-07-11;14;1825.6561869969637
50;2025-07-11;15;2247.196217659497
50;2025-07-11;16;2394.3705415562035
50;2025-07-11;17;2502.1710104603885
50;2025-07-11;18;2148.5618332763224
50;2025-07-11;19;1571.0647597551738
50;2025-07-11;20;1125.8597827304916
50;2025-07-11;21;771.8970020127683
50;2025-07-11;22;442.2208144849798
50;2025-07-11;23;245.21310377274307
50;2025-07-12;0;70.1162264251507
50;2025-07-12;1;0.0
50;2025-07-12;2;0.0
50;2025-07-12;3;0.0
50;2025-07-12;4;0.0
50;2025-07-12;5;27.767783223624118
50;2025-07-12;6;224.90727787132084
50;2025-07-12;7;451.4462958632448
50;2025-07-12;8;677.73338348334
50;2025-07-12;9;738.4052267149821
50;2025-07-12;10;712.2750732332464
50;2025-07-12;11;918.2954978370359
50;2025-07-12;12;960.6640360542308
50;2025-07-12;13;1034.8313045724126
50;2025-07-12;14;1024.1684994093353
50;2025-07-12;15;1004.6538099115292
50;2025-07-12;16;944.4818648997546
50;2025-07-12;17;922.7934275350908
50;2025-07-12;18;854.4364808052978
50;2025-07-12;19;799.2251929968743
50;2025-07-12;20;618.7085716359902
50;2025-07-12;21;490.62216000008164
50;2025-07-12;22;279.2315572310473
50;2025-07-12;23;184.6960969750494
50;2025-07-13;0;59.55574103598194
50;2025-07-13;1;0.0
50;2025-07-13;2;0.0
50;2025-07-13;3;0.0
50;2025-07-13;4;0.0
50;2025-07-13;5;27.37722894305412
50;2025-07-13;6;178.15565676923683
50;2025-07-13;7;312.66080183049445
50;2025-07-13;8;441.3594237322401
50;2025-07-13;9;520.0446361583643
50;2025-07-13;10;556.2474764146657
50;2025-07-13;11;705.1714719383191
50;2025-07-13;12;766.4408165743835
50;2025-07-13;13;827.5354709001613
50;2025-07-13;14;862.5781123363724
50;2025-07-13;15;809.2426514899915
50;2025-07-13;16;777.4390288812666
50;2025-07-13;17;768.9010291422999
50;2025-07-13;18;714.2492985373133
50;2025-07-13;19;646.0104960913798
50;2025-07-13;20;535.747786180032
50;2025-07-13;21;410.5072074655606
50;2025-07-13;22;238.66831822403017
50;2025-07-13;23;140.16946161376984
50;2025-07-14;0;48.10414791601073
50;2025-07-14;1;0.0
50;2025-07-14;2;0.0
50;2025-07-14;3;0.0
50;2025-07-14;4;0.0
50;2025-07-14;5;67.18201950759666
50;2025-07-14;6;616.989769201595
50;2025-07-14;7;1912.9926591924595
50;2025-07-14;8;2883.405163000203
50;2025-07-14;9;2249.2598744786646
50;2025-07-14;10;1716.1668228376404
50;2025-07-14;11;1615.5844797298105
50;2025-07-14;12;1516.426331253051
50;2025-07-14;13;1612.2798008884156
50;2025-07-14;14;1569.0180010974475
50;2025-07-14;15;1786.4105344499735
50;2025-07-14;16;1855.7989840009423
50;2025-07-14;17;2457.258691192612
50;2025-07-14;18;2607.6038315568885
50;2025-07-14;19;1736.9518302179183
50;2025-07-14;20;1081.0693854885799
50;2025-07-14;21;695.6167617628464
50;2025-07-14;22;328.42879600818264
50;2025-07-14;23;154.25808025760688
